pose_id,record_position,smiles,parsed,status,pb_pass,n_failed,n_missing,failed_checks,missing_checks,mol_pred_loaded,mol_cond_loaded,sanitization,inchi_convertible,all_atoms_connected,no_radicals,bond_lengths,bond_angles,internal_steric_clash,aromatic_ring_flatness,non-aromatic_ring_non-flatness,double_bond_flatness,internal_energy,protein-ligand_maximum_distance,minimum_distance_to_protein,minimum_distance_to_organic_cofactors,minimum_distance_to_inorganic_cofactors,minimum_distance_to_waters,volume_overlap_with_protein,volume_overlap_with_organic_cofactors,volume_overlap_with_inorganic_cofactors,volume_overlap_with_waters
pose000000,0,COC1CCN(c2nccc(Nc3cc4c(ccn4C4CCCC4)cn3)n2)CC1,True,pass,True,0,0,,,True,True,True,True,True,True,True,True,True,True,True,True,True,True,True,True,True,True,True,True,True,True
pose000001,1,CC(=CC(=O)c1ccc(Nc2ncc(F)c(-c3cnc(C)n3C(C)C)n2)cc1)C(C)C,True,pass,True,0,0,,,True,True,True,True,True,True,True,True,True,True,True,True,True,True,True,True,True,True,True,True,True,True
pose000002,2,COc1ccccc1C(=O)Nc1ccc(N2CCCN(C)CC2)cc1,True,pass,True,0,0,,,True,True,True,True,True,True,True,True,True,True,True,True,True,True,True,True,True,True,True,True,True,True
pose000003,3,Oc1cccc(N2CCN(Cc3ccccc3F)CC2)c1,True,pass,True,0,0,,,True,True,True,True,True,True,True,True,True,True,True,True,True,True,True,True,True,True,True,True,True,True
pose000004,4,CN(C)S(=O)(=O)c1ccc(Nc2cc(N[C@H]3CC[C@H](N)CC3)nc3c(Br)cnn23)cc1Cl,True,pass,True,0,0,,,True,True,True,True,True,True,True,True,True,True,True,True,True,True,True,True,True,True,True,True,True,True
pose000005,5,N[C@H](C=Nc1nnc(-c2ccc(N3CCNCC3)cc2)s1)Cc1cccc(Cl)c1,True,pass,True,0,0,,,True,True,True,True,True,True,True,True,True,True,True,True,True,True,True,True,True,True,True,True,True,True
pose000006,6,COCCNS(=O)(=O)c1ccc(Nc2nccc(-c3cnc(C)n3C(C)C)n2)cc1,True,pass,True,0,0,,,True,True,True,True,True,True,True,True,True,True,True,True,True,True,True,True,True,True,True,True,True,True
pose000007,7,O=C(O)c1ccc2[nH]c(O)c(Nc3ccccc3F)c2c1,True,pass,True,0,0,,,True,True,True,True,True,True,True,True,True,True,True,True,True,True,True,True,True,True,True,True,True,True
pose000008,8,CC(=CC=CCNC(=O)c1ccc(Nc2ncc(F)c(-c3cnc(C)n3C(C)C)n2)cc1F)NSF,True,pass,True,0,0,,,True,True,True,True,True,True,True,True,True,True,True,True,True,True,True,True,True,True,True,True,True,True
pose000009,9,CC(C)C(=O)c1ccc(-c2ccc(S(N)(=O)=O)cc2)nc1,True,pass,True,0,0,,,True,True,True,True,True,True,True,True,True,True,True,True,True,True,True,True,True,True,True,True,True,True
pose000010,10,Oc1ccc(N2CCC(O)CC2)cc1-c1ccc(N2CCNCC2)cc1,True,pass,True,0,0,,,True,True,True,True,True,True,True,True,True,True,True,True,True,True,True,True,True,True,True,True,True,True
pose000011,11,COC[C@H](Nc1nc(Nc2ccc(S(C)(=N)=O)cc2)ncc1Br)[C@H](C)O,True,pass,True,0,0,,,True,True,True,True,True,True,True,True,True,True,True,True,True,True,True,True,True,True,True,True,True,True
pose000012,12,Cc1nc2c(F)cc(-c3nc(NCc4ccc(O)c(O)c4)ncc3F)cc2n1C1CC1,True,pass,True,0,0,,,True,True,True,True,True,True,True,True,True,True,True,True,True,True,True,True,True,True,True,True,True,True
pose000013,13,CC(C)CC(=O)c1ccc(-c2ccc(S(N)(=O)=O)cc2)cc1,True,pass,True,0,0,,,True,True,True,True,True,True,True,True,True,True,True,True,True,True,True,True,True,True,True,True,True,True
pose000014,14,CCC(C)=CNC(=O)C(=O)c1ccc(Nc2ncc(F)c(-c3cnc(C)n3C(C)C)n2)cc1F,True,pass,True,0,0,,,True,True,True,True,True,True,True,True,True,True,True,True,True,True,True,True,True,True,True,True,True,True
pose000015,15,Cc1ncc(-c2ccnc(Nc3ccc(S(=O)(=O)NCCCOC(C)C)cc3)n2)n1C,True,pass,True,0,0,,,True,True,True,True,True,True,True,True,True,True,True,True,True,True,True,True,True,True,True,True,True,True
pose000016,16,CC(C)Cc1ccc(Oc2ccc(S(N)(=O)=O)cc2)cc1,True,pass,True,0,0,,,True,True,True,True,True,True,True,True,True,True,True,True,True,True,True,True,True,True,True,True,True,True
pose000017,17,CC(C)c1cc(-c2ccc(-c3ccc(S(N)(=O)=O)cc3)cc2)n[nH]1,True,pass,True,0,0,,,True,True,True,True,True,True,True,True,True,True,True,True,True,True,True,True,True,True,True,True,True,True
pose000018,18,CC(CO)Sc1nc(Nc2ccc(S(C)(=N)=O)cc2)ncc1Br,True,pass,True,0,0,,,True,True,True,True,True,True,True,True,True,True,True,True,True,True,True,True,True,True,True,True,True,True
pose000019,19,Cc1ccccc1C(=O)Nc1ccc(NC(=O)C(F)(F)F)cc1,True,pass,True,0,0,,,True,True,True,True,True,True,True,True,True,True,True,True,True,True,True,True,True,True,True,True,True,True
pose000020,20,CC(=O)NC(=O)Nc1ncc(F)c(-c2cnc(C)n2C(C)C)n1,True,pass,True,0,0,,,True,True,True,True,True,True,True,True,True,True,True,True,True,True,True,True,True,True,True,True,True,True
pose000021,21,CC(C)c1ccc(CNc2ccc(S(N)(=O)=O)cc2)cc1,True,pass,True,0,0,,,True,True,True,True,True,True,True,True,True,True,True,True,True,True,True,True,True,True,True,True,True,True
pose000022,22,CC(C)Nc1nccc(-c2ccc(S(N)(=O)=O)cc2)n1,True,pass,True,0,0,,,True,True,True,True,True,True,True,True,True,True,True,True,True,True,True,True,True,True,True,True,True,True
pose000023,23,CS(=N)(=O)Cc1cccc(Nc2ncc(F)c(NCc3cccnc3)n2)c1,True,pass,True,0,0,,,True,True,True,True,True,True,True,True,True,True,True,True,True,True,True,True,True,True,True,True,True,True
pose000024,24,C=C(c1ccc(C(=O)NC)cc1)c1ccc(S(N)(=O)=O)cc1,True,pass,True,0,0,,,True,True,True,True,True,True,True,True,True,True,True,True,True,True,True,True,True,True,True,True,True,True
pose000025,25,CC(=O)Nc1ccc(N(C)CCN(C)C(=O)OC(C)(C)C)nn1,True,pass,True,0,0,,,True,True,True,True,True,True,True,True,True,True,True,True,True,True,True,True,True,True,True,True,True,True
pose000026,26,O=C(Nc1ccccc1)c1ccc(C(=O)NC2CCCC2)cc1,True,pass,True,0,0,,,True,True,True,True,True,True,True,True,True,True,True,True,True,True,True,True,True,True,True,True,True,True
pose000027,27,O=C(Cc1ccc(OC(F)(F)F)cc1)Nc1cc(C2CC2)[nH]n1,True,pass,True,0,0,,,True,True,True,True,True,True,True,True,True,True,True,True,True,True,True,True,True,True,True,True,True,True
pose000028,28,C=C(C)CNC(=O)C(=O)c1ccc(Nc2ccc(Nc3ncc(F)c(-c4cnc(C)n4C(C)C)n3)cc2)cc1,True,pass,True,0,0,,,True,True,True,True,True,True,True,True,True,True,True,True,True,True,True,True,True,True,True,True,True,True
pose000029,29,c1nc2nc(OCC3CCCC3)nc(OC3CCCC3)c2[nH]1,True,pass,True,0,0,,,True,True,True,True,True,True,True,True,True,True,True,True,True,True,True,True,True,True,True,True,True,True
pose000030,30,O=C(O)N1CCc2cnc(NCc3cccc(Cl)c3)nc2C1,True,pass,True,0,0,,,True,True,True,True,True,True,True,True,True,True,True,True,True,True,True,True,True,True,True,True,True,True
pose000031,31,CC(C)n1cnc2c(NCc3ccccc3)nc(NCCO)nc21,True,pass,True,0,0,,,True,True,True,True,True,True,True,True,True,True,True,True,True,True,True,True,True,True,True,True,True,True
pose000032,32,CCN(CC)c1cnc(Nc2cnn(C)c2)nc1NCCCNC(=O)C1CCC1,True,pass,True,0,0,,,True,True,True,True,True,True,True,True,True,True,True,True,True,True,True,True,True,True,True,True,True,True
pose000033,33,CN=S(C)(=O)c1ccc(Nc2ncc(Br)c(N[C@H](C)[C@H](C)O)n2)cc1OC,True,pass,True,0,0,,,True,True,True,True,True,True,True,True,True,True,True,True,True,True,True,True,True,True,True,True,True,True
pose000034,34,CC(O)C(=O)N1CCN(c2ccc(C(=O)N3CCCC3)cc2)CC1,True,pass,True,0,0,,,True,True,True,True,True,True,True,True,True,True,True,True,True,True,True,True,True,True,True,True,True,True
pose000035,35,C=C(C)CN[C@@H](C)CCNC(=O)c1ccc(Nc2ncc(F)c(-c3cnc(C)n3C(C)C)n2)cc1,True,pass,True,0,0,,,True,True,True,True,True,True,True,True,True,True,True,True,True,True,True,True,True,True,True,True,True,True
pose000036,36,c1cc(-c2cc(C3CC3)[nH]n2)c2cc(C3CCNCC3)[nH]c2n1,True,pass,True,0,0,,,True,True,True,True,True,True,True,True,True,True,True,True,True,True,True,True,True,True,True,True,True,True
pose000037,37,CC(C)c1cnn2c(NCC(F)(F)F)cc(NC[C@H]3CCNC[C@@H]3O)nc12,True,pass,True,0,0,,,True,True,True,True,True,True,True,True,True,True,True,True,True,True,True,True,True,True,True,True,True,True
pose000038,38,Cn1nc(C(N)=O)c2c1-c1nc(Nc3ccccc3)ncc1CC2,True,pass,True,0,0,,,True,True,True,True,True,True,True,True,True,True,True,True,True,True,True,True,True,True,True,True,True,True
pose000039,39,CC(C)c1cnn2c(NCC(=O)C(C)c3ccccc3)nc(N3CCC[C@@H]3CO)nc12,True,pass,True,0,0,,,True,True,True,True,True,True,True,True,True,True,True,True,True,True,True,True,True,True,True,True,True,True
pose000040,40,C=C(C)c1ccc(NNC(=O)c2ccc(Nc3ncc(F)c(-c4cnc(C)n4C(C)C)n3)cc2F)cc1F,True,pass,True,0,0,,,True,True,True,True,True,True,True,True,True,True,True,True,True,True,True,True,True,True,True,True,True,True
pose000041,41,CC(=O)Nc1ccc(-c2ccc(CN3CCOCC3)cc2)cc1C,True,pass,True,0,0,,,True,True,True,True,True,True,True,True,True,True,True,True,True,True,True,True,True,True,True,True,True,True
pose000042,42,NC(=O)Nc1ccc(C(=O)N2CCN(c3ccccc3)CC2)cc1,True,pass,True,0,0,,,True,True,True,True,True,True,True,True,True,True,True,True,True,True,True,True,True,True,True,True,True,True
pose000043,43,CN(C)c1ccc(NC(=O)c2ccccc2)c(C(=O)N2CCC2)c1,True,pass,True,0,0,,,True,True,True,True,True,True,True,True,True,True,True,True,True,True,True,True,True,True,True,True,True,True
pose000044,44,Cc1cccc(C(=O)NC(=O)c2ccc(C(C)C)cc2)c1,True,pass,True,0,0,,,True,True,True,True,True,True,True,True,True,True,True,True,True,True,True,True,True,True,True,True,True,True
pose000045,45,CC(=O)Nc1ccc(CNc2nc(Nc3ccc4c(n3)CCN(C(C)C)C4)ncc2F)cc1,True,pass,True,0,0,,,True,True,True,True,True,True,True,True,True,True,True,True,True,True,True,True,True,True,True,True,True,True
pose000046,46,Cc1[nH]nc2ccc(-c3cncc(Nc4ncc5cc(C(=O)N(C)C)n(C6CCCC6)c5n4)n3)cc12,True,pass,True,0,0,,,True,True,True,True,True,True,True,True,True,True,True,True,True,True,True,True,True,True,True,True,True,True
pose000047,47,CC(C)NC(=O)N(C)CCN(C)c1ccc(C(C)C)cc1,True,pass,True,0,0,,,True,True,True,True,True,True,True,True,True,True,True,True,True,True,True,True,True,True,True,True,True,True
pose000048,48,CC(C)C=c1cc(-c2ccc[nH]2)c2c(O)[nH]c3ccc(F)c1c32,True,pass,True,0,0,,,True,True,True,True,True,True,True,True,True,True,True,True,True,True,True,True,True,True,True,True,True,True
pose000049,49,COc1ccc(CC(=O)Nc2ccc(N3CCCC3)cc2)cc1,True,pass,True,0,0,,,True,True,True,True,True,True,True,True,True,True,True,True,True,True,True,True,True,True,True,True,True,True
pose000050,50,CC(=O)Nc1ncc(F)c(-c2cnc(C)n2C(C)C)n1,True,pass,True,0,0,,,True,True,True,True,True,True,True,True,True,True,True,True,True,True,True,True,True,True,True,True,True,True
pose000051,51,O=C(Nc1ccc(F)cc1)c1[nH]ncc1NC(=O)c1c(F)cccc1F,True,pass,True,0,0,,,True,True,True,True,True,True,True,True,True,True,True,True,True,True,True,True,True,True,True,True,True,True
pose000052,52,CC(=O)Nc1ccc(-c2ccc(N3CCOCC3)cc2)cc1,True,pass,True,0,0,,,True,True,True,True,True,True,True,True,True,True,True,True,True,True,True,True,True,True,True,True,True,True
pose000053,53,CCCc1cccc(Nc2ccc(N3CCN(CC4CCS4)CC3)cn2)c1,True,pass,True,0,0,,,True,True,True,True,True,True,True,True,True,True,True,True,True,True,True,True,True,True,True,True,True,True
pose000054,54,C=CC(=O)Nc1cccc(C(=O)N2CCCC(Nc3ncc(SCc4ncc(C(C)(C)C)o4)s3)C2)c1,True,pass,True,0,0,,,True,True,True,True,True,True,True,True,True,True,True,True,True,True,True,True,True,True,True,True,True,True
pose000055,55,CCNc1nc(OC)c(F)c(-c2cnc(C)n2C(C)C)n1,True,pass,True,0,0,,,True,True,True,True,True,True,True,True,True,True,True,True,True,True,True,True,True,True,True,True,True,True
pose000056,56,Nc1ccc(-c2cc(Nc3ccc(S(N)(=O)=O)cc3)[nH]n2)cc1,True,pass,True,0,0,,,True,True,True,True,True,True,True,True,True,True,True,True,True,True,True,True,True,True,True,True,True,True
pose000057,57,CC(=O)Nc1ccc(C(C)C(=O)NNc2ccc(S(N)(=O)=O)cc2)cc1,True,pass,True,0,0,,,True,True,True,True,True,True,True,True,True,True,True,True,True,True,True,True,True,True,True,True,True,True
pose000058,58,O=C(NN1CCN(C(=O)c2ccccc2)CC1)c1ccccc1,True,pass,True,0,0,,,True,True,True,True,True,True,True,True,True,True,True,True,True,True,True,True,True,True,True,True,True,True
pose000059,59,CN(C)Cc1c(O)cc(O)c2c(=O)cc(Sc3ccccc3N)oc12,True,pass,True,0,0,,,True,True,True,True,True,True,True,True,True,True,True,True,True,True,True,True,True,True,True,True,True,True
pose000060,60,C=C(C)c1ccc(NNc2ccc(Nc3ncc(F)c(-c4cnc(C)n4C(C)C)n3)cc2)cc1F,True,pass,True,0,0,,,True,True,True,True,True,True,True,True,True,True,True,True,True,True,True,True,True,True,True,True,True,True
pose000061,61,c1nc2nc(C3CCOCC3)nc(OCC3CCCCC3)c2[nH]1,True,pass,True,0,0,,,True,True,True,True,True,True,True,True,True,True,True,True,True,True,True,True,True,True,True,True,True,True
pose000062,62,CCN1CC=C(NC(=O)c2ccc(N3CCCC3=O)cc2)CC1,True,pass,True,0,0,,,True,True,True,True,True,True,True,True,True,True,True,True,True,True,True,True,True,True,True,True,True,True
pose000063,63,Cc1ncc(-c2ccnc(NC(=O)CC(C)C)n2)n1C(C)C,True,pass,True,0,0,,,True,True,True,True,True,True,True,True,True,True,True,True,True,True,True,True,True,True,True,True,True,True
pose000064,64,COc1ccc(CC(=O)c2c(N)nc3ccc(C(=O)c4ccccc4)cn23)cc1O,True,pass,True,0,0,,,True,True,True,True,True,True,True,True,True,True,True,True,True,True,True,True,True,True,True,True,True,True
pose000065,65,c1cc2c(-c3ccnc(Nc4ccc5c(n4)CCNC5)n3)c[nH]c2cn1,True,pass,True,0,0,,,True,True,True,True,True,True,True,True,True,True,True,True,True,True,True,True,True,True,True,True,True,True
pose000066,66,CN1CCN(c2cccc(C(=O)Nc3ccc(F)cc3)c2)CC1,True,pass,True,0,0,,,True,True,True,True,True,True,True,True,True,True,True,True,True,True,True,True,True,True,True,True,True,True
pose000067,67,NC(=O)c1ccc(CCN2CCN(C(=O)c3ccccc3)CC2)cc1,True,pass,True,0,0,,,True,True,True,True,True,True,True,True,True,True,True,True,True,True,True,True,True,True,True,True,True,True
pose000068,68,Cc1cc(C(C)C)ccc1Nc1ccc(S(N)(=O)=O)cc1,True,pass,True,0,0,,,True,True,True,True,True,True,True,True,True,True,True,True,True,True,True,True,True,True,True,True,True,True
pose000069,69,Nc1nc2ccc(NC(=O)CCNC(=O)C3CCC3)cn2c1Cc1ccccc1,True,pass,True,0,0,,,True,True,True,True,True,True,True,True,True,True,True,True,True,True,True,True,True,True,True,True,True,True
pose000070,70,C=C(C)c1ccc(NC(=O)c2ccc(Nc3ncc(F)c(-c4cnc(C)n4C(C)C)n3)cc2F)cc1F,True,pass,True,0,0,,,True,True,True,True,True,True,True,True,True,True,True,True,True,True,True,True,True,True,True,True,True,True
pose000071,71,CN(C)[C@@H]1CCN(C(=O)c2ccc(NNC[C@@H](N)Cc3ccc(C(F)(F)F)cc3)cc2)C1,True,pass,True,0,0,,,True,True,True,True,True,True,True,True,True,True,True,True,True,True,True,True,True,True,True,True,True,True
pose000072,72,Cc1ccc(F)c(Nc2cc(Nc3ccc(OCC(O)CN(C)C)cc3)ncn2)c1,True,pass,True,0,0,,,True,True,True,True,True,True,True,True,True,True,True,True,True,True,True,True,True,True,True,True,True,True
pose000073,73,O=[N+]([O-])c1ccc(Nc2nccc(-c3cnn4ncccc34)n2)cc1,True,pass,True,0,0,,,True,True,True,True,True,True,True,True,True,True,True,True,True,True,True,True,True,True,True,True,True,True
pose000074,74,CCC(=O)Nc1ccc(-c2ccc(NC(C)=O)cc2)cc1,True,pass,True,0,0,,,True,True,True,True,True,True,True,True,True,True,True,True,True,True,True,True,True,True,True,True,True,True
pose000075,75,O=C(NC1CCCC1)c1ccc(Cc2ccccc2)cc1,True,pass,True,0,0,,,True,True,True,True,True,True,True,True,True,True,True,True,True,True,True,True,True,True,True,True,True,True
pose000076,76,CCN(CC)C1CCN(C2CCN(c3ccc(Nc4ncc5cc6n(c5n4)C4(CCCCC4)CNC6=O)nc3)CC2)C1,True,pass,True,0,0,,,True,True,True,True,True,True,True,True,True,True,True,True,True,True,True,True,True,True,True,True,True,True
pose000077,77,Cc1ncc(-c2nc(NC(=S)N(C)C)ncc2F)n1C(C)C,True,pass,True,0,0,,,True,True,True,True,True,True,True,True,True,True,True,True,True,True,True,True,True,True,True,True,True,True
pose000078,78,Cc1ncc(-c2nc(Nc3ccc(C(=O)Nc4ccc(C(=O)S)c(F)c4)c(F)c3)ncc2F)n1C(C)C,True,pass,True,0,0,,,True,True,True,True,True,True,True,True,True,True,True,True,True,True,True,True,True,True,True,True,True,True
pose000079,79,O=C(O)c1ccc2[nH]c(O)c(C=c3[nH]cc4c3=CCOC4=O)c2c1,True,pass,True,0,0,,,True,True,True,True,True,True,True,True,True,True,True,True,True,True,True,True,True,True,True,True,True,True
pose000080,80,COc1cc(C(C)C)ccc1NC(=O)c1ccccc1,True,pass,True,0,0,,,True,True,True,True,True,True,True,True,True,True,True,True,True,True,True,True,True,True,True,True,True,True
pose000081,81,CCCC(=O)Nc1ncc(F)c(-c2cnc(C)n2C(C)C)n1,True,pass,True,0,0,,,True,True,True,True,True,True,True,True,True,True,True,True,True,True,True,True,True,True,True,True,True,True
pose000082,82,CC(=O)C1CCc2nc(Nc3ncc(F)c(C(=O)c4cccs4)n3)ccc2C1,True,pass,True,0,0,,,True,True,True,True,True,True,True,True,True,True,True,True,True,True,True,True,True,True,True,True,True,True
pose000083,83,CC(=O)N1CCC(NC(=O)c2ccc(N(C)C)cc2)CC1,True,pass,True,0,0,,,True,True,True,True,True,True,True,True,True,True,True,True,True,True,True,True,True,True,True,True,True,True
pose000084,84,O=C(c1ccc2ccccc2c1)c1cn(-c2ccccc2)nc1C1=Nn2c(n[nH]c2=S)SC1,True,pass,True,0,0,,,True,True,True,True,True,True,True,True,True,True,True,True,True,True,True,True,True,True,True,True,True,True
pose000085,85,COc1ccccc1Nc1ccc(N2CCN(C)CC2)nc1,True,pass,True,0,0,,,True,True,True,True,True,True,True,True,True,True,True,True,True,True,True,True,True,True,True,True,True,True
pose000086,86,CC(C)N1CCN(c2ccc(Nc3ncc4cc5n(c4n3)C3(CCCCC3)CNC5=O)nc2)C[C@H]1C,True,pass,True,0,0,,,True,True,True,True,True,True,True,True,True,True,True,True,True,True,True,True,True,True,True,True,True,True
pose000087,87,CC(C)(N)CN1CCc2nc(-c3cc(C4CCCNC4)nc(N)n3)ccc2C1,True,pass,True,0,0,,,True,True,True,True,True,True,True,True,True,True,True,True,True,True,True,True,True,True,True,True,True,True
pose000088,88,C#CCN1CCCC1CN1CCc2nc(Nc3ncc(F)c(-c4cc(F)c5nc(C)n(C(C)C)c5c4)n3)ccc2C1,True,pass,True,0,0,,,True,True,True,True,True,True,True,True,True,True,True,True,True,True,True,True,True,True,True,True,True,True
pose000089,89,CC(C)=CN(C)N(C)C(=O)C(=O)c1ccc(Nc2ncc(F)c(-c3cnc(C)n3C(C)C)n2)cc1F,True,pass,True,0,0,,,True,True,True,True,True,True,True,True,True,True,True,True,True,True,True,True,True,True,True,True,True,True
pose000090,90,CCS(=N)(=O)c1ccc(Nc2ncc(Br)c(N[C@@H](C)[C@H](C)O)n2)cc1,True,pass,True,0,0,,,True,True,True,True,True,True,True,True,True,True,True,True,True,True,True,True,True,True,True,True,True,True
pose000091,91,O=S(=O)(NCCc1c[nH]cn1)c1ccc(N=Cc2c(O)[nH]c3ccc4ncsc4c23)cc1,True,pass,True,0,0,,,True,True,True,True,True,True,True,True,True,True,True,True,True,True,True,True,True,True,True,True,True,True
pose000092,92,CC(C)NC(=O)c1ccc(-c2cccc3c2OCCC3)nc1,True,pass,True,0,0,,,True,True,True,True,True,True,True,True,True,True,True,True,True,True,True,True,True,True,True,True,True,True
pose000093,93,CN1CCN(Cc2ccc(NC(=O)c3[nH]ncc3Nc3ncnc4[nH]ccc34)cc2)CC1,True,pass,True,0,0,,,True,True,True,True,True,True,True,True,True,True,True,True,True,True,True,True,True,True,True,True,True,True
pose000094,94,COC(=O)Nc1ccc(Cc2ccc(OC)cc2)cc1,True,pass,True,0,0,,,True,True,True,True,True,True,True,True,True,True,True,True,True,True,True,True,True,True,True,True,True,True
pose000095,95,Cc1ncc(-c2nc(Nc3ccc(C(=O)NC4CCN(C)CC4)c(F)c3)ncc2F)n1C(C)C,True,pass,True,0,0,,,True,True,True,True,True,True,True,True,True,True,True,True,True,True,True,True,True,True,True,True,True,True
pose000096,96,CN1CCCN(c2ccc(NC(=O)c3cccnc3)cc2)CC1,True,pass,True,0,0,,,True,True,True,True,True,True,True,True,True,True,True,True,True,True,True,True,True,True,True,True,True,True
pose000097,97,C=C(NC(=O)Cc1ccccc1)c1ccc(C(C)(C)C)cc1,True,pass,True,0,0,,,True,True,True,True,True,True,True,True,True,True,True,True,True,True,True,True,True,True,True,True,True,True
pose000098,98,CC(=C[C@@H](C)CN[C@@H]1CCN(C(=O)c2ccc(Nc3ncc(F)c(-c4cnc(C)n4C(C)C)n3)cc2)C1)CS,True,pass,True,0,0,,,True,True,True,True,True,True,True,True,True,True,True,True,True,True,True,True,True,True,True,True,True,True
pose000099,99,N[C@H](CNc1ncc(S(=O)(=O)O)s1)Cc1ccc(C(F)(F)F)cc1,True,pass,True,0,0,,,True,True,True,True,True,True,True,True,True,True,True,True,True,True,True,True,True,True,True,True,True,True
pose000100,100,Cn1cnc(S(=O)(=O)N2CCC(Nc3ncc(C#N)c(-c4cnn(CC(F)(F)F)c4)n3)CC2)c1,True,pass,True,0,0,,,True,True,True,True,True,True,True,True,True,True,True,True,True,True,True,True,True,True,True,True,True,True
pose000101,101,CC(=O)c1c(C)c2cnc(Nc3ccc(-c4csc(C(N)=O)c4)cn3)nc2n(C2CCCC2)c1=O,True,pass,True,0,0,,,True,True,True,True,True,True,True,True,True,True,True,True,True,True,True,True,True,True,True,True,True,True
pose000102,102,N[C@H]1CC[C@H](Nc2cc(NC3=CCN(C4CCC(C(=O)O)CC4)CC3)n3ncnc3n2)CC1,True,pass,True,0,0,,,True,True,True,True,True,True,True,True,True,True,True,True,True,True,True,True,True,True,True,True,True,True
pose000103,103,CN1CCN(c2ccc(NC(=O)c3ccccc3)cc2)CC1,True,pass,True,0,0,,,True,True,True,True,True,True,True,True,True,True,True,True,True,True,True,True,True,True,True,True,True,True
pose000104,104,CNS(=O)(=O)c1ccc(Nc2ncc3c(n2)N(c2cc(F)ccc2Cl)C(=O)C32CC2)cc1,True,pass,True,0,0,,,True,True,True,True,True,True,True,True,True,True,True,True,True,True,True,True,True,True,True,True,True,True
pose000105,105,CC(=O)Nc1ccc(CNc2nc(NC(CO)CO)nc3c(C(C)C)cnn23)cc1,True,pass,True,0,0,,,True,True,True,True,True,True,True,True,True,True,True,True,True,True,True,True,True,True,True,True,True,True
pose000106,106,CCNC(=O)c1ccc(Nc2ncc(F)c(-c3ncc(F)c(-c4cnc(C)n4C(C)C)n3)n2)cc1F,True,pass,True,0,0,,,True,True,True,True,True,True,True,True,True,True,True,True,True,True,True,True,True,True,True,True,True,True
pose000107,107,COc1ccc(CC(=O)Nc2ccc(OC)cc2)cc1,True,pass,True,0,0,,,True,True,True,True,True,True,True,True,True,True,True,True,True,True,True,True,True,True,True,True,True,True
pose000108,108,OC1CCC(c2[nH]ncc2-c2ccnc(NC3CCCC3)n2)CC1,True,pass,True,0,0,,,True,True,True,True,True,True,True,True,True,True,True,True,True,True,True,True,True,True,True,True,True,True
pose000109,109,CC(=NCN)c1ccc(Nc2nccc(-c3cnc(C)n3C(C)C)n2)cc1,True,pass,True,0,0,,,True,True,True,True,True,True,True,True,True,True,True,True,True,True,True,True,True,True,True,True,True,True
pose000110,110,Cc1ncc(-c2nc(NC(=O)C3CC3)ncc2F)n1C(C)C,True,pass,True,0,0,,,True,True,True,True,True,True,True,True,True,True,True,True,True,True,True,True,True,True,True,True,True,True
pose000111,111,COc1cccc(F)c1C(=O)Nc1c[nH]nc1C(=O)N[C@@H]1CCN(C)[C@H]1CO,True,pass,True,0,0,,,True,True,True,True,True,True,True,True,True,True,True,True,True,True,True,True,True,True,True,True,True,True
pose000112,112,O=C(Nc1[nH]nc2cc(-c3cccs3)ccc12)C(=O)NC1CCCC1,True,pass,True,0,0,,,True,True,True,True,True,True,True,True,True,True,True,True,True,True,True,True,True,True,True,True,True,True
pose000113,113,Cc1ncc(-c2nc(C3CNCC(C)C3)ncc2F)n1C(C)C,True,pass,True,0,0,,,True,True,True,True,True,True,True,True,True,True,True,True,True,True,True,True,True,True,True,True,True,True
pose000114,114,Cn1cc(C2=C(c3coc4ccccc34)C(=O)NC2=O)c2cccc(CO)c21,True,pass,True,0,0,,,True,True,True,True,True,True,True,True,True,True,True,True,True,True,True,True,True,True,True,True,True,True
pose000115,115,C=C(C)n1c(SC(=O)c2ccc(Nc3ncc(F)c(-c4cnc(C)n4C(C)C)n3)cc2)cnc1NC,True,pass,True,0,0,,,True,True,True,True,True,True,True,True,True,True,True,True,True,True,True,True,True,True,True,True,True,True
pose000116,116,CC(O)C(=O)N1CCN(c2ccc(OC3CCCC3)cc2)CC1,True,pass,True,0,0,,,True,True,True,True,True,True,True,True,True,True,True,True,True,True,True,True,True,True,True,True,True,True
pose000117,117,O=C(Nc1c[nH]nc1-c1nc2cc(CN3CCOCC3)ccc2[nH]1)NC1CCCCC1,True,pass,True,0,0,,,True,True,True,True,True,True,True,True,True,True,True,True,True,True,True,True,True,True,True,True,True,True
pose000118,118,O=C(NCc1ccccc1)NC(=O)c1ccc(N2CCCCC2=O)cc1,True,pass,True,0,0,,,True,True,True,True,True,True,True,True,True,True,True,True,True,True,True,True,True,True,True,True,True,True
pose000119,119,Cc1ncc(-c2nc(-c3nc(Nc4ccc(C(=O)NCC(C)C)c(F)c4)ncc3F)ncc2F)n1C(C)C,True,pass,True,0,0,,,True,True,True,True,True,True,True,True,True,True,True,True,True,True,True,True,True,True,True,True,True,True
pose000120,120,C=C(C)[CH]C(=O)c1ccc(C(=O)c2ccc(Nc3ncc(F)c(-c4cnc(C)n4C(C)C)n3)cc2F)cc1,True,fail,False,1,0,no_radicals,,True,True,True,True,True,False,True,True,True,True,True,True,True,True,True,True,True,True,True,True,True,True
pose000121,121,CC(=O)Nc1cc(-c2ccc(S(N)(=O)=O)cc2)ccn1,True,pass,True,0,0,,,True,True,True,True,True,True,True,True,True,True,True,True,True,True,True,True,True,True,True,True,True,True
pose000122,122,CCc1cnn2c(NCc3ccc[n+]([O-])c3)cc(N3CCCC[C@H]3CC(N)=O)nc12,True,pass,True,0,0,,,True,True,True,True,True,True,True,True,True,True,True,True,True,True,True,True,True,True,True,True,True,True
pose000123,123,Cc1ncc(-c2nc(Nc3nc(Nc4ccc(C(=O)NSF)c(F)c4)ncc3F)ncc2F)n1C(C)C,True,pass,True,0,0,,,True,True,True,True,True,True,True,True,True,True,True,True,True,True,True,True,True,True,True,True,True,True
pose000124,124,O=C(Cc1ccc(Cl)cc1)Nc1ccc(N2CCCC2)nc1,True,pass,True,0,0,,,True,True,True,True,True,True,True,True,True,True,True,True,True,True,True,True,True,True,True,True,True,True
pose000125,125,C=C(C)NCC(=O)c1ccc(Nc2ncc(F)c(-c3ncc(F)c(-c4cnc(C)n4C(C)C)n3)n2)cc1F,True,pass,True,0,0,,,True,True,True,True,True,True,True,True,True,True,True,True,True,True,True,True,True,True,True,True,True,True
pose000126,126,OC1CCN(c2ccc(Cc3ccccc3)cc2)CC1,True,pass,True,0,0,,,True,True,True,True,True,True,True,True,True,True,True,True,True,True,True,True,True,True,True,True,True,True
pose000127,127,O=C(Nc1ccc(N2CCOCCC2=O)cc1)c1ccccc1,True,pass,True,0,0,,,True,True,True,True,True,True,True,True,True,True,True,True,True,True,True,True,True,True,True,True,True,True
pose000128,128,O=C(NCN1CCCCC1)N1CCc2nc(CN3CCCCC3)ccc2N1,True,pass,True,0,0,,,True,True,True,True,True,True,True,True,True,True,True,True,True,True,True,True,True,True,True,True,True,True
pose000129,129,N=C(N)NS(=O)(=O)c1ccc(N=Cc2c(O)[nH]c3ccc4ncsc4c23)cc1,True,pass,True,0,0,,,True,True,True,True,True,True,True,True,True,True,True,True,True,True,True,True,True,True,True,True,True,True
pose000130,130,CS(=O)(=O)c1ccc(C(=O)Nc2ccc(F)cc2)cc1,True,pass,True,0,0,,,True,True,True,True,True,True,True,True,True,True,True,True,True,True,True,True,True,True,True,True,True,True
pose000131,131,Cc1ncc(-c2ccnc(Nc3ccc(-c4ccccc4)cc3)n2)n1C(C)C,True,pass,True,0,0,,,True,True,True,True,True,True,True,True,True,True,True,True,True,True,True,True,True,True,True,True,True,True
pose000132,132,CC(C)NCc1ccc(Cc2ccc(S(N)(=O)=O)cc2)cc1,True,pass,True,0,0,,,True,True,True,True,True,True,True,True,True,True,True,True,True,True,True,True,True,True,True,True,True,True
pose000133,133,CC(C)S(=O)(=O)c1ccc(Oc2ccc(S(N)(=O)=O)cc2)cc1,True,pass,True,0,0,,,True,True,True,True,True,True,True,True,True,True,True,True,True,True,True,True,True,True,True,True,True,True
pose000134,134,CNc1ccc(N2CCN(C(=O)c3ccccc3)CC2)c(C)c1,True,pass,True,0,0,,,True,True,True,True,True,True,True,True,True,True,True,True,True,True,True,True,True,True,True,True,True,True
pose000135,135,O=C(Nc1cccc2c1C(=O)c1c(-c3ccc(C(=O)N4CCNCC4)s3)n[nH]c1-2)NN1CCOCC1,True,pass,True,0,0,,,True,True,True,True,True,True,True,True,True,True,True,True,True,True,True,True,True,True,True,True,True,True
pose000136,136,CN1CCN(c2ccc(NC(=O)Cc3ccccc3)cc2)CC1,True,pass,True,0,0,,,True,True,True,True,True,True,True,True,True,True,True,True,True,True,True,True,True,True,True,True,True,True
pose000137,137,CC(C)NCc1ccc(-c2ccc(S(N)(=O)=O)cc2)cc1,True,fail,False,1,0,internal_energy,,True,True,True,True,True,True,True,True,True,True,True,True,False,True,True,True,True,True,True,True,True,True
pose000138,138,CN(C)CC(=O)N1CCc2nc(NCc3cccc(Cl)c3)ccc2C1,True,pass,True,0,0,,,True,True,True,True,True,True,True,True,True,True,True,True,True,True,True,True,True,True,True,True,True,True
pose000139,139,Cc1cc(C)c(CNc2nc(N[C@@H](C)[C@@H](C)O)nc3c2ncn3C(C)C)cn1,True,pass,True,0,0,,,True,True,True,True,True,True,True,True,True,True,True,True,True,True,True,True,True,True,True,True,True,True
pose000140,140,CN(C)CCNS(=O)(=O)c1ccc(Nc2nccc(-c3cnc4cccnn34)n2)cc1,True,pass,True,0,0,,,True,True,True,True,True,True,True,True,True,True,True,True,True,True,True,True,True,True,True,True,True,True
pose000141,141,CN(C)C(=O)N1CCc2nc(NCc3ccccc3)ccc2C1,True,pass,True,0,0,,,True,True,True,True,True,True,True,True,True,True,True,True,True,True,True,True,True,True,True,True,True,True
pose000142,142,CC(C)CC(=O)NC1CC=C(c2ncc(F)c(-c3cccc4c3OCC4)n2)C1,True,pass,True,0,0,,,True,True,True,True,True,True,True,True,True,True,True,True,True,True,True,True,True,True,True,True,True,True
pose000143,143,O=C(Cc1ccncc1)Nc1ccc(N2CCCC2)cc1,True,pass,True,0,0,,,True,True,True,True,True,True,True,True,True,True,True,True,True,True,True,True,True,True,True,True,True,True
pose000144,144,O=C(Nc1ccc(N2CCOCC2)cc1)c1ccc(F)cc1,True,pass,True,0,0,,,True,True,True,True,True,True,True,True,True,True,True,True,True,True,True,True,True,True,True,True,True,True
pose000145,145,CN(CCN(C)c1ccccc1Cl)NC(=O)c1ccccc1,True,pass,True,0,0,,,True,True,True,True,True,True,True,True,True,True,True,True,True,True,True,True,True,True,True,True,True,True
pose000146,146,Cc1nc2c(F)cc(-c3nc(Nc4ccc5c(n4)CCN(CC(=O)O)C5)ncc3F)cc2n1C(C)C,True,pass,True,0,0,,,True,True,True,True,True,True,True,True,True,True,True,True,True,True,True,True,True,True,True,True,True,True
pose000147,147,Cc1ncc(-c2nc(Nc3ccc([SH](=O)CO)cc3)ncc2F)n1C(C)C,True,fail,False,1,1,no_radicals,internal_energy,True,True,True,True,True,False,True,True,True,True,True,True,,True,True,True,True,True,True,True,True,True
pose000148,148,CSCNC(=S)c1ccc(NC(=O)c2ccc(Nc3ncc(F)c(-c4cnc(C)n4C(C)C)n3)cc2F)cc1,True,pass,True,0,0,,,True,True,True,True,True,True,True,True,True,True,True,True,True,True,True,True,True,True,True,True,True,True
pose000149,149,CC(=CC(=CN)c1ccc(Nc2nccc(-c3cnc(C)n3C(C)C)n2)cc1)C(=O)SN,True,pass,True,0,0,,,True,True,True,True,True,True,True,True,True,True,True,True,True,True,True,True,True,True,True,True,True,True
pose000150,150,Cc1nc2c(F)cc(-c3nc(NCCN)ncc3F)cc2n1C1CCC(C)CCN1,True,pass,True,0,0,,,True,True,True,True,True,True,True,True,True,True,True,True,True,True,True,True,True,True,True,True,True,True
pose000151,151,O=S1(=O)CCCN1C1CCN(c2nccc(Nc3ccc(NCO)cc3)n2)CC1,True,pass,True,0,0,,,True,True,True,True,True,True,True,True,True,True,True,True,True,True,True,True,True,True,True,True,True,True
pose000152,152,c1nc2nc(C3CC3)nc(OCC3CCCCC3)c2[nH]1,True,pass,True,0,0,,,True,True,True,True,True,True,True,True,True,True,True,True,True,True,True,True,True,True,True,True,True,True
pose000153,153,C=C(C)NCSN(C)C(=O)c1ccc(Nc2ncc(F)c(-c3cnc(C)n3C(C)C)n2)cc1F,True,pass,True,0,0,,,True,True,True,True,True,True,True,True,True,True,True,True,True,True,True,True,True,True,True,True,True,True
pose000154,154,CC(=O)NC1CCC(c2nc3c(-n4c(O)ccc4O)ccnc3[nH]2)C1,True,pass,True,0,0,,,True,True,True,True,True,True,True,True,True,True,True,True,True,True,True,True,True,True,True,True,True,True
pose000155,155,C=C(C)C(=O)c1ccc(Nc2ncc(F)c(-c3cnc(C)n3C(C)C)n2)cc1F,True,pass,True,0,0,,,True,True,True,True,True,True,True,True,True,True,True,True,True,True,True,True,True,True,True,True,True,True
pose000156,156,O=C(Nc1cn[nH]c1C(=O)NC1CCNCC1)c1ccccc1,True,pass,True,0,0,,,True,True,True,True,True,True,True,True,True,True,True,True,True,True,True,True,True,True,True,True,True,True
pose000157,157,CCc1ccc(Nc2nccc(-c3cnc(C)n3C(C)C)n2)cc1,True,pass,True,0,0,,,True,True,True,True,True,True,True,True,True,True,True,True,True,True,True,True,True,True,True,True,True,True
pose000158,158,O=C(Nc1ccccc1Cl)c1ccc(Nc2nc(Nc3ccc(O)cc3)ncc2F)cc1,True,pass,True,0,0,,,True,True,True,True,True,True,True,True,True,True,True,True,True,True,True,True,True,True,True,True,True,True
pose000159,159,Cc1cc(N2CCCC2=O)c2oc(-c3ccc(O)c(O)c3)c(O)c(=O)c2c1,True,pass,True,0,0,,,True,True,True,True,True,True,True,True,True,True,True,True,True,True,True,True,True,True,True,True,True,True
pose000160,160,CN1CCN(C(=O)c2cccc(Nc3cccnc3)c2)CC1,True,pass,True,0,0,,,True,True,True,True,True,True,True,True,True,True,True,True,True,True,True,True,True,True,True,True,True,True
pose000161,161,O=S(=O)(c1ccc(F)cc1)N1CCC(Nc2ccccc2)CC1,True,pass,True,0,0,,,True,True,True,True,True,True,True,True,True,True,True,True,True,True,True,True,True,True,True,True,True,True
pose000162,162,C[C@@H]1CN(c2ccc(Nc3ccc(N4CCN(C(=O)CO)CC4)cc3)nc2)C[C@H](C)N1C[C@@H](C)O,True,pass,True,0,0,,,True,True,True,True,True,True,True,True,True,True,True,True,True,True,True,True,True,True,True,True,True,True
pose000163,163,COc1ccc(Cc2cccc(N3CCC(O)CC3)c2)cc1,True,pass,True,0,0,,,True,True,True,True,True,True,True,True,True,True,True,True,True,True,True,True,True,True,True,True,True,True
pose000164,164,CCC(=O)NC(=O)c1ncc(F)c(-c2cnc(C)n2C(C)C)n1,True,pass,True,0,0,,,True,True,True,True,True,True,True,True,True,True,True,True,True,True,True,True,True,True,True,True,True,True
pose000165,165,CC(C)(C)C(=O)Nc1n[nH]c2c1CN(C(=O)O[C@H](CCO)c1ccccc1)C2(C)C,True,pass,True,0,0,,,True,True,True,True,True,True,True,True,True,True,True,True,True,True,True,True,True,True,True,True,True,True
pose000166,166,CCC(=O)Nc1ccc(-c2ccc(N3CCN(C)CC3)cc2)cc1,True,pass,True,0,0,,,True,True,True,True,True,True,True,True,True,True,True,True,True,True,True,True,True,True,True,True,True,True
pose000167,167,CCOC(=O)N=S(=O)(CC)c1ccc(Nc2ncc(Br)c(NC(C)(C)C)n2)cc1,True,pass,True,0,0,,,True,True,True,True,True,True,True,True,True,True,True,True,True,True,True,True,True,True,True,True,True,True
pose000168,168,CC(C)C(=O)N1CCCc2nc(NCc3ccccc3)ccc2C1,True,pass,True,0,0,,,True,True,True,True,True,True,True,True,True,True,True,True,True,True,True,True,True,True,True,True,True,True
pose000169,169,O=C(Nc1ccccc1)c1ccc(CN2CCCCCC2)cc1,True,pass,True,0,0,,,True,True,True,True,True,True,True,True,True,True,True,True,True,True,True,True,True,True,True,True,True,True
pose000170,170,COc1ccc(-c2nn(-c3ccccc3)cc2C(=O)NC(=S)Nc2ccc(Cl)cc2)cc1,True,pass,True,0,0,,,True,True,True,True,True,True,True,True,True,True,True,True,True,True,True,True,True,True,True,True,True,True
pose000171,171,COc1cc[nH]c1C=C1C(=O)Nc2ccc(F)c(C#C[C@@H]3CCCN3)c21,True,pass,True,0,0,,,True,True,True,True,True,True,True,True,True,True,True,True,True,True,True,True,True,True,True,True,True,True
pose000172,172,CC(C)(C)c1nccc(-c2ccc(S(N)(=O)=O)cc2)n1,True,pass,True,0,0,,,True,True,True,True,True,True,True,True,True,True,True,True,True,True,True,True,True,True,True,True,True,True
pose000173,173,CC(C)CNc1ccc2c(n1)CCN(C(=O)c1cccc(F)c1)C2,True,pass,True,0,0,,,True,True,True,True,True,True,True,True,True,True,True,True,True,True,True,True,True,True,True,True,True,True
pose000174,174,CC(c1ccc(Nc2ccc(N3CCN(C)CC3)cc2)cc1O)N(C)C,True,pass,True,0,0,,,True,True,True,True,True,True,True,True,True,True,True,True,True,True,True,True,True,True,True,True,True,True
pose000175,175,O=C(Nc1ccccc1)c1ccc(CN2CCCCC2)nc1,True,pass,True,0,0,,,True,True,True,True,True,True,True,True,True,True,True,True,True,True,True,True,True,True,True,True,True,True
pose000176,176,CC(=C[C@@H](C)CNCC(=O)c1ccc(Nc2ncc(F)c(-c3cnc(C)n3C(C)C)n2)cc1)CS,True,pass,True,0,0,,,True,True,True,True,True,True,True,True,True,True,True,True,True,True,True,True,True,True,True,True,True,True
pose000177,177,CCN1CC=C(NC(=O)c2cccc3c2OCCC3)CC1,True,pass,True,0,0,,,True,True,True,True,True,True,True,True,True,True,True,True,True,True,True,True,True,True,True,True,True,True
pose000178,178,CC(c1ccc(S(C)(=O)=O)cc1)c1ccc(S(N)(=O)=O)cc1,True,pass,True,0,0,,,True,True,True,True,True,True,True,True,True,True,True,True,True,True,True,True,True,True,True,True,True,True
pose000179,179,N[C@@H]1CCCN(CCC=Cc2ccnc(N[C@H]3CC[C@H](NC4CCOCC4)CC3)n2)C1,True,pass,True,0,0,,,True,True,True,True,True,True,True,True,True,True,True,True,True,True,True,True,True,True,True,True,True,True
pose000180,180,CN(C)c1ccc(Nc2nccc(NC(=O)N=Nc3ccc(S(C)(=O)=O)cc3)n2)cc1,True,pass,True,0,0,,,True,True,True,True,True,True,True,True,True,True,True,True,True,True,True,True,True,True,True,True,True,True
pose000181,181,COc1cc(Nc2ncc(Br)c(O[C@H](C)[C@H](C)O)n2)ccc1S(C)(=N)=O,True,pass,True,0,0,,,True,True,True,True,True,True,True,True,True,True,True,True,True,True,True,True,True,True,True,True,True,True
pose000182,182,CC(C)c1cnn2c(NCc3ccc(NC(=O)CCCCCCO)cc3)nc(OC3CCN(C)CC3)nc12,True,pass,True,0,0,,,True,True,True,True,True,True,True,True,True,True,True,True,True,True,True,True,True,True,True,True,True,True
pose000183,183,CN1CCN(c2ccc(Nc3cccc(F)c3)cc2)CC1,True,pass,True,0,0,,,True,True,True,True,True,True,True,True,True,True,True,True,True,True,True,True,True,True,True,True,True,True
pose000184,184,Cc1ncc(-c2nc(Nc3cccc(F)c3)ncc2F)n1C(C)C,True,pass,True,0,0,,,True,True,True,True,True,True,True,True,True,True,True,True,True,True,True,True,True,True,True,True,True,True
pose000185,185,COc1ccc(-c2ccc(NC(=O)N(C)C)cc2)cc1,True,pass,True,0,0,,,True,True,True,True,True,True,True,True,True,True,True,True,True,True,True,True,True,True,True,True,True,True
pose000186,186,Cc1ncc(-c2nc(Nc3ccc(C(=O)NCNCC[C@H](C)N(C)C)c(F)c3)ncc2F)n1C(C)C,True,fail,False,1,0,internal_energy,,True,True,True,True,True,True,True,True,True,True,True,True,False,True,True,True,True,True,True,True,True,True
pose000187,187,CC(C)CNc1ncc2c(n1)-c1c(c(C(N)=O)nn1C)CC2,True,pass,True,0,0,,,True,True,True,True,True,True,True,True,True,True,True,True,True,True,True,True,True,True,True,True,True,True
pose000188,188,Cc1ncc(-c2ccnc(Nc3cccc(F)c3)n2)n1C(C)C,True,pass,True,0,0,,,True,True,True,True,True,True,True,True,True,True,True,True,True,True,True,True,True,True,True,True,True,True
pose000189,189,C=C(C)SC(=O)CS[C@@H]1CCN(C(=O)c2ccc(Nc3ncc(F)c(-c4cnc(C)n4C(C)C)n3)cc2)C1,True,pass,True,0,0,,,True,True,True,True,True,True,True,True,True,True,True,True,True,True,True,True,True,True,True,True,True,True
pose000190,190,NS(=O)(=O)c1ccc(-c2ccc(CC3CC3)cn2)cc1,True,pass,True,0,0,,,True,True,True,True,True,True,True,True,True,True,True,True,True,True,True,True,True,True,True,True,True,True
pose000191,191,CCC[C@H]1CCCCN1c1cc(NCc2ccc[n+]([O-])c2)n2ncc(CC)c2n1,True,pass,True,0,0,,,True,True,True,True,True,True,True,True,True,True,True,True,True,True,True,True,True,True,True,True,True,True
pose000192,192,CC(O)C(=O)N1CCN(c2ccc(Nc3nccc(-c4cncn4C(=O)O)n3)cc2)CC1,True,pass,True,0,0,,,True,True,True,True,True,True,True,True,True,True,True,True,True,True,True,True,True,True,True,True,True,True
pose000193,193,O=C(Cc1cccc(Br)c1)Nc1[nH]nc2ccc(N3CCCS3(=O)=O)cc12,True,pass,True,0,0,,,True,True,True,True,True,True,True,True,True,True,True,True,True,True,True,True,True,True,True,True,True,True
pose000194,194,CCC(=O)Nc1ccc(-c2ccc(S(N)(=O)=O)cc2)cc1,True,pass,True,0,0,,,True,True,True,True,True,True,True,True,True,True,True,True,True,True,True,True,True,True,True,True,True,True
pose000195,195,FC(F)(F)c1cnc(Nc2ccc3[nH]cnc3c2)nc1Nc1ccccc1Cl,True,pass,True,0,0,,,True,True,True,True,True,True,True,True,True,True,True,True,True,True,True,True,True,True,True,True,True,True
pose000196,196,COc1cc(CS(C)(=N)=O)cc(Nc2ncc(F)c(-c3ccc(F)cc3OC)n2)c1,True,pass,True,0,0,,,True,True,True,True,True,True,True,True,True,True,True,True,True,True,True,True,True,True,True,True,True,True
pose000197,197,N#Cc1ccc(-c2nc(NCc3cccnc3)ncc2CF)cc1,True,pass,True,0,0,,,True,True,True,True,True,True,True,True,True,True,True,True,True,True,True,True,True,True,True,True,True,True
pose000198,198,COc1cc(N2CCN(C(C)=O)CC2)ccc1Nc1ncc(OC)c(-c2cnc3ccccn23)n1,True,pass,True,0,0,,,True,True,True,True,True,True,True,True,True,True,True,True,True,True,True,True,True,True,True,True,True,True
pose000199,199,CC(C)=Cc1ccc(Nc2ccc(Nc3ncc(F)c(-c4cnc(C)n4C(C)C)n3)cc2)cc1F,True,pass,True,0,0,,,True,True,True,True,True,True,True,True,True,True,True,True,True,True,True,True,True,True,True,True,True,True
pose000200,200,CCC(=O)c1ccc(C(C)=Cc2ccc(Nc3ncc(F)c(-c4cnc(C)n4C(C)C)n3)cc2F)cc1,True,pass,True,0,0,,,True,True,True,True,True,True,True,True,True,True,True,True,True,True,True,True,True,True,True,True,True,True
pose000201,201,Cc1ncc(-c2ccnc(Nc3ccc(C(=O)N(C)C)cc3)n2)n1C(C)C,True,pass,True,0,0,,,True,True,True,True,True,True,True,True,True,True,True,True,True,True,True,True,True,True,True,True,True,True
pose000202,202,CC(C)c1nc(N2CCN(C(=O)C3CC3)CC2)c2[nH]cnc2n1,True,pass,True,0,0,,,True,True,True,True,True,True,True,True,True,True,True,True,True,True,True,True,True,True,True,True,True,True
pose000203,203,O=C(c1cccc(NCc2ccccc2)n1)N1CCCC1,True,pass,True,0,0,,,True,True,True,True,True,True,True,True,True,True,True,True,True,True,True,True,True,True,True,True,True,True
pose000204,204,NC(=O)Oc1ccc(-c2ccc(S(N)(=O)=O)cc2)cc1,True,pass,True,0,0,,,True,True,True,True,True,True,True,True,True,True,True,True,True,True,True,True,True,True,True,True,True,True
pose000205,205,CC(C)(C)c1ccc(NC(=O)Cc2ccccn2)cc1,True,pass,True,0,0,,,True,True,True,True,True,True,True,True,True,True,True,True,True,True,True,True,True,True,True,True,True,True
pose000206,206,O=C(Nc1cn[nH]c1CC1CCCOCC1)c1c(F)cccc1F,True,pass,True,0,0,,,True,True,True,True,True,True,True,True,True,True,True,True,True,True,True,True,True,True,True,True,True,True
pose000207,207,CC(=C[C@@H](C)CCNC(=O)c1ccc(Nc2ncc(F)c(-c3cnc(C)n3C(C)C)n2)cc1)CS,True,pass,True,0,0,,,True,True,True,True,True,True,True,True,True,True,True,True,True,True,True,True,True,True,True,True,True,True
pose000208,208,O=C(NCc1ccc(N2CCCC2=O)cc1)c1ccccc1,True,pass,True,0,0,,,True,True,True,True,True,True,True,True,True,True,True,True,True,True,True,True,True,True,True,True,True,True
pose000209,209,COc1cc(F)ccc1-c1ccnc(NC(=O)C2CCC[C@@H](NC(C)=O)C2)c1,True,pass,True,0,0,,,True,True,True,True,True,True,True,True,True,True,True,True,True,True,True,True,True,True,True,True,True,True
pose000210,210,N[C@H](CNc1ncc(-c2nccs2)s1)Cc1ccc(C(F)(F)F)cc1,True,pass,True,0,0,,,True,True,True,True,True,True,True,True,True,True,True,True,True,True,True,True,True,True,True,True,True,True
pose000211,211,CN(CCNc1ccccc1C(N)=O)c1ccccc1Cl,True,pass,True,0,0,,,True,True,True,True,True,True,True,True,True,True,True,True,True,True,True,True,True,True,True,True,True,True
pose000212,212,O=C(O)C1CCC(N2CC=C(c3ccccc3)CC2)CC1,True,pass,True,0,0,,,True,True,True,True,True,True,True,True,True,True,True,True,True,True,True,True,True,True,True,True,True,True
pose000213,213,Cc1ncc(-c2ccnc(Nc3ccc(Cc4ccc(C(N)=O)cc4)cc3)n2)n1C(C)C,True,pass,True,0,0,,,True,True,True,True,True,True,True,True,True,True,True,True,True,True,True,True,True,True,True,True,True,True
pose000214,214,COc1ccc(-c2[nH]nc3c2C(=O)c2c(NC(=O)CN4CCN(C(=N)N)CC4)cccc2-3)cc1,True,pass,True,0,0,,,True,True,True,True,True,True,True,True,True,True,True,True,True,True,True,True,True,True,True,True,True,True
pose000215,215,Cc1ncc(-c2nc(Nc3ccc(C(=O)Nc4c(Br)nc(C)n4C(C)C)c(F)c3)ncc2F)n1C(C)C,True,pass,True,0,0,,,True,True,True,True,True,True,True,True,True,True,True,True,True,True,True,True,True,True,True,True,True,True
pose000216,216,C=CC(=O)Nc1cccc(C(=O)N2CC(c3ccc(N4CCN(C)CC4)cc3)CCCO2)c1,True,pass,True,0,0,,,True,True,True,True,True,True,True,True,True,True,True,True,True,True,True,True,True,True,True,True,True,True
pose000217,217,CC(C)=CC[C@@H]1CCN(C(=O)c2ccc(Nc3ncc(F)c(-c4cnc(C)n4C(C)C)n3)cc2)C1,True,pass,True,0,0,,,True,True,True,True,True,True,True,True,True,True,True,True,True,True,True,True,True,True,True,True,True,True
pose000218,218,CNS(=O)(=O)c1ccc(N2CCN(c3ccc(/C=C4\SC(=N)NC4=O)o3)CC2)cc1,True,pass,True,0,0,,,True,True,True,True,True,True,True,True,True,True,True,True,True,True,True,True,True,True,True,True,True,True
pose000219,219,CCCC(O)CCOC(C(=O)NC(C)=O)c1ccc(Nc2ncc(F)c(-c3cnc(C)n3C(C)C)n2)cc1,True,pass,True,0,0,,,True,True,True,True,True,True,True,True,True,True,True,True,True,True,True,True,True,True,True,True,True,True
pose000220,220,CC(c1ccc(S(N)(=O)=O)cc1)c1ccc(S(N)(=O)=O)cc1,True,pass,True,0,0,,,True,True,True,True,True,True,True,True,True,True,True,True,True,True,True,True,True,True,True,True,True,True
pose000221,221,C=C(c1ccc(S(C)(=O)=O)cc1)c1ccc(S(N)(=O)=O)cc1,True,pass,True,0,0,,,True,True,True,True,True,True,True,True,True,True,True,True,True,True,True,True,True,True,True,True,True,True
pose000222,222,CC(C)c1ccc(C(=O)NC(=O)Cc2ccccc2)cc1,True,pass,True,0,0,,,True,True,True,True,True,True,True,True,True,True,True,True,True,True,True,True,True,True,True,True,True,True
pose000223,223,CC(=Cc1cccc2[nH]c(O)c(N=Nc3ccc(S(N)(=O)=O)cc3)c12)CN,True,pass,True,0,0,,,True,True,True,True,True,True,True,True,True,True,True,True,True,True,True,True,True,True,True,True,True,True
pose000224,224,O=C(c1ccccc1)N1CCN(C(O)c2ccccc2)CC1,True,pass,True,0,0,,,True,True,True,True,True,True,True,True,True,True,True,True,True,True,True,True,True,True,True,True,True,True
pose000225,225,CCC(C)Oc1ccc(-c2ccc(S(N)(=O)=O)cc2)cc1,True,pass,True,0,0,,,True,True,True,True,True,True,True,True,True,True,True,True,True,True,True,True,True,True,True,True,True,True
pose000226,226,CC[C@@H](C)Oc1nc(Nc2ccc(S(N)(=O)=O)cc2)nc(N)c1C=O,True,pass,True,0,0,,,True,True,True,True,True,True,True,True,True,True,True,True,True,True,True,True,True,True,True,True,True,True
pose000227,227,Cc1ncc(-c2nc(N[C@@H](C)CO)ncc2F)n1C(C)C,True,pass,True,0,0,,,True,True,True,True,True,True,True,True,True,True,True,True,True,True,True,True,True,True,True,True,True,True
pose000228,228,CC(C)(N)CNNC(=O)c1oc2ccccc2c1CN1CCN(c2ccccc2)CC1,True,pass,True,0,0,,,True,True,True,True,True,True,True,True,True,True,True,True,True,True,True,True,True,True,True,True,True,True
pose000229,229,Cc1ccc(-c2ccc(N3CCCC3)cc2C(=O)O)cc1,True,pass,True,0,0,,,True,True,True,True,True,True,True,True,True,True,True,True,True,True,True,True,True,True,True,True,True,True
pose000230,230,CC(C)=CSC(=O)C(=O)c1ccc(Nc2ncc(F)c(-c3cnc(C)n3C(C)C)n2)cc1,True,pass,True,0,0,,,True,True,True,True,True,True,True,True,True,True,True,True,True,True,True,True,True,True,True,True,True,True
pose000231,231,CC(C)(C)Cc1cc(-c2ccc(S(N)(=O)=O)cc2)ccn1,True,pass,True,0,0,,,True,True,True,True,True,True,True,True,True,True,True,True,True,True,True,True,True,True,True,True,True,True
pose000232,232,C=CCCNCNC(=O)c1ccc(Nc2ncc(F)c(-c3cnc(C)n3C(C)C)n2)cc1F,True,pass,True,0,0,,,True,True,True,True,True,True,True,True,True,True,True,True,True,True,True,True,True,True,True,True,True,True
pose000233,233,COc1ccc(-c2ccc(N3CCCCC3=O)cc2)cc1O,True,pass,True,0,0,,,True,True,True,True,True,True,True,True,True,True,True,True,True,True,True,True,True,True,True,True,True,True
pose000234,234,CC(C)Nc1ncc(F)c(-c2ccc(S(N)(=O)=O)cc2)n1,True,pass,True,0,0,,,True,True,True,True,True,True,True,True,True,True,True,True,True,True,True,True,True,True,True,True,True,True
pose000235,235,CC(=CC(=O)c1ccc(Nc2ncc(F)c(-c3cnc(C)n3C(C)C)n2)cc1F)NSF,True,pass,True,0,0,,,True,True,True,True,True,True,True,True,True,True,True,True,True,True,True,True,True,True,True,True,True,True
pose000236,236,Cc1ncc(-c2cnc(NC(=O)OC(C)C)s2)n1C(C)C,True,pass,True,0,0,,,True,True,True,True,True,True,True,True,True,True,True,True,True,True,True,True,True,True,True,True,True,True
pose000237,237,Cc1ncc(-c2nc(NC(C)C)ncc2F)n1C(C)C,True,pass,True,0,0,,,True,True,True,True,True,True,True,True,True,True,True,True,True,True,True,True,True,True,True,True,True,True
pose000238,238,CN1CCN(c2ccc(Nc3ccc(F)cc3)cn2)CC1,True,pass,True,0,0,,,True,True,True,True,True,True,True,True,True,True,True,True,True,True,True,True,True,True,True,True,True,True
pose000239,239,CCN(C)C(=O)NCc1ncc(F)c(-c2cnc(C)n2C(C)C)n1,True,pass,True,0,0,,,True,True,True,True,True,True,True,True,True,True,True,True,True,True,True,True,True,True,True,True,True,True
pose000240,240,NC(=O)c1ccc(-c2ccc(N3CCCCC3)cc2)cc1,True,pass,True,0,0,,,True,True,True,True,True,True,True,True,True,True,True,True,True,True,True,True,True,True,True,True,True,True
pose000241,241,CC(C)CS(=O)(=O)c1ccc(-c2ccc(S(N)(=O)=O)cn2)cc1,True,pass,True,0,0,,,True,True,True,True,True,True,True,True,True,True,True,True,True,True,True,True,True,True,True,True,True,True
pose000242,242,O=C(Oc1ccc(Nc2ccccc2)cc1)N1CCCC1,True,pass,True,0,0,,,True,True,True,True,True,True,True,True,True,True,True,True,True,True,True,True,True,True,True,True,True,True
pose000243,243,O=C(Cc1ccccc1)NC(=O)c1cccc2c1OCCC2,True,pass,True,0,0,,,True,True,True,True,True,True,True,True,True,True,True,True,True,True,True,True,True,True,True,True,True,True
pose000244,244,CNCNc1nc(NCc2cccc(C(F)(F)F)c2)c2ncn(C(C)C3CC3)c2n1,True,pass,True,0,0,,,True,True,True,True,True,True,True,True,True,True,True,True,True,True,True,True,True,True,True,True,True,True
pose000245,245,O=C(c1ccccc1)N1CC=C(c2ccc(N3CCCCC3=O)cc2)CC1,True,pass,True,0,0,,,True,True,True,True,True,True,True,True,True,True,True,True,True,True,True,True,True,True,True,True,True,True
pose000246,246,O=C(c1ccc(CN2CCCCCC2)cc1)N1CCC(O)CC1,True,pass,True,0,0,,,True,True,True,True,True,True,True,True,True,True,True,True,True,True,True,True,True,True,True,True,True,True
pose000247,247,O=Nc1c(-c2c(O)[nH]c3ccc([N+](=O)[O-])cc23)[nH]c2ccc(O)cc12,True,pass,True,0,0,,,True,True,True,True,True,True,True,True,True,True,True,True,True,True,True,True,True,True,True,True,True,True
pose000248,248,CC(C)N1CCN(C(=O)c2ccc(OC(C)(C)C)cc2)CC1,True,pass,True,0,0,,,True,True,True,True,True,True,True,True,True,True,True,True,True,True,True,True,True,True,True,True,True,True
pose000249,249,CN(C)C/C=C/C(=O)Nc1ccc(S(=O)(=O)N2CCCC(Nc3ncc(SCc4ncc(C(C)(C)C)o4)s3)C2)cc1,True,pass,True,0,0,,,True,True,True,True,True,True,True,True,True,True,True,True,True,True,True,True,True,True,True,True,True,True
pose000250,250,CC(C)C(=O)N1CCN(C(=O)c2ccc(C(C)C)cc2)CC1,True,pass,True,0,0,,,True,True,True,True,True,True,True,True,True,True,True,True,True,True,True,True,True,True,True,True,True,True
pose000251,251,COc1ccc2[nH]c(O)c(C=c3[nH]cc4c3=CCNC4=O)c2c1,True,pass,True,0,0,,,True,True,True,True,True,True,True,True,True,True,True,True,True,True,True,True,True,True,True,True,True,True
pose000252,252,CC(C)N1CCc2cnc(Nc3ccc(N4CC=NCC4)cn3)nc2C1,True,pass,True,0,0,,,True,True,True,True,True,True,True,True,True,True,True,True,True,True,True,True,True,True,True,True,True,True
pose000253,253,CNc1ccc(C(C)c2ccc(S(N)(=O)=O)cc2)cc1,True,pass,True,0,0,,,True,True,True,True,True,True,True,True,True,True,True,True,True,True,True,True,True,True,True,True,True,True
pose000254,254,CC(C(=O)NC(=O)Nc1cc(C2CC2)[nH]n1)c1ccc(N2CCCC2=O)cc1,True,pass,True,0,0,,,True,True,True,True,True,True,True,True,True,True,True,True,True,True,True,True,True,True,True,True,True,True
pose000255,255,C1=C/COCc2cc(ccc2OCCN2CCCC2)Nc2nccc(n2)-c2ccc(s2)COC/1,True,pass,True,0,0,,,True,True,True,True,True,True,True,True,True,True,True,True,True,True,True,True,True,True,True,True,True,True
pose000256,256,NCc1ccc(-c2ccc(CN3CCOCC3)cc2)cc1,True,pass,True,0,0,,,True,True,True,True,True,True,True,True,True,True,True,True,True,True,True,True,True,True,True,True,True,True
pose000257,257,CC(C)C(=O)N1CCc2cnc(Nc3ccnn3C)nc2C1,True,pass,True,0,0,,,True,True,True,True,True,True,True,True,True,True,True,True,True,True,True,True,True,True,True,True,True,True
pose000258,258,Cc1cc(OC(C)C)ccc1-c1ccc(S(N)(=O)=O)cc1,True,pass,True,0,0,,,True,True,True,True,True,True,True,True,True,True,True,True,True,True,True,True,True,True,True,True,True,True
pose000259,259,C[C@H](O)[C@@H](C)Nc1nc2nc(c1Br)-c1cc(C3CCCC3)ccc1N2,True,fail,False,1,1,aromatic_ring_flatness,internal_energy,True,True,True,True,True,True,True,True,True,False,True,True,,True,True,True,True,True,True,True,True,True
pose000260,260,COc1ccc(-c2ccc(NC(=O)C3CCC3)cc2)cc1,True,pass,True,0,0,,,True,True,True,True,True,True,True,True,True,True,True,True,True,True,True,True,True,True,True,True,True,True
pose000261,261,NS(=O)(=O)c1ccc(N=Nc2c(O)[nH]c3ccc(C(=O)NCc4ccncc4)cc23)cc1,True,pass,True,0,0,,,True,True,True,True,True,True,True,True,True,True,True,True,True,True,True,True,True,True,True,True,True,True
pose000262,262,O=c1[nH]c(O)c(C=Nc2ccc(CN3CCOCC3)cc2)c2ccccc12,True,pass,True,0,0,,,True,True,True,True,True,True,True,True,True,True,True,True,True,True,True,True,True,True,True,True,True,True
pose000263,263,NC(=O)c1ccc(N2CCC(c3ccccc3)CC2)cc1,True,pass,True,0,0,,,True,True,True,True,True,True,True,True,True,True,True,True,True,True,True,True,True,True,True,True,True,True
pose000264,264,NC(=O)c1ccccc1N1CCN(c2ccccc2Cl)CC1,True,pass,True,0,0,,,True,True,True,True,True,True,True,True,True,True,True,True,True,True,True,True,True,True,True,True,True,True
pose000265,265,CC(F)(F)c1ccc(-c2ccc(S(N)(=O)=O)cc2)cc1,True,pass,True,0,0,,,True,True,True,True,True,True,True,True,True,True,True,True,True,True,True,True,True,True,True,True,True,True
pose000266,266,CC(=O)Nc1ccc(Nc2ncc(F)c(-c3cnc(C)n3C(C)C)n2)cc1,True,pass,True,0,0,,,True,True,True,True,True,True,True,True,True,True,True,True,True,True,True,True,True,True,True,True,True,True
pose000267,267,CCSc1nn2c(COc3ccc(Cl)cc3)nnc2s1,True,pass,True,0,0,,,True,True,True,True,True,True,True,True,True,True,True,True,True,True,True,True,True,True,True,True,True,True
pose000268,268,O=S(=O)(c1ccccc1)N1CCC(Nc2ccccc2)CC1,True,pass,True,0,0,,,True,True,True,True,True,True,True,True,True,True,True,True,True,True,True,True,True,True,True,True,True,True
pose000269,269,NS(=O)(=O)c1ccc(N=Nc2c(O)[nH]c3ccc4ncsc4c23)cc1,True,pass,True,0,0,,,True,True,True,True,True,True,True,True,True,True,True,True,True,True,True,True,True,True,True,True,True,True
pose000270,270,Cc1ncc(-c2nc(NC(=O)c3ccccc3)ncc2F)n1C(C)C,True,pass,True,0,0,,,True,True,True,True,True,True,True,True,True,True,True,True,True,True,True,True,True,True,True,True,True,True
pose000271,271,O=C(c1ccccc1)N1CCN(Nc2ccccc2Cl)CC1,True,pass,True,0,0,,,True,True,True,True,True,True,True,True,True,True,True,True,True,True,True,True,True,True,True,True,True,True
pose000272,272,CC(C)NC(=O)N1CCc2cnc(Nc3ccc(N4CC=NCC4)cn3)nc2C1,True,pass,True,0,0,,,True,True,True,True,True,True,True,True,True,True,True,True,True,True,True,True,True,True,True,True,True,True
pose000273,273,N#Cc1ccc2c(=O)[nH]c(O)c(C=Nc3ccc(CN4CCCCC4)cc3)c2c1,True,pass,True,0,0,,,True,True,True,True,True,True,True,True,True,True,True,True,True,True,True,True,True,True,True,True,True,True
pose000274,274,CCc1nc(NC(C)=O)nc(-c2cnc(C)n2C(C)C)c1F,True,pass,True,0,0,,,True,True,True,True,True,True,True,True,True,True,True,True,True,True,True,True,True,True,True,True,True,True
pose000275,275,CN1C=CN(C(=O)Nc2cccc(Cc3ccccc3)n2)CC1,True,pass,True,0,0,,,True,True,True,True,True,True,True,True,True,True,True,True,True,True,True,True,True,True,True,True,True,True
pose000276,276,NCCCCNC(=O)c1ccc(Nc2nc(N[C@H]3CC[C@H](N)CC3)nc3c2ncn3C2CCCC2)cc1,True,pass,True,0,0,,,True,True,True,True,True,True,True,True,True,True,True,True,True,True,True,True,True,True,True,True,True,True
pose000277,277,CNc1nccc(-n2ccc3ccc(C#N)cc32)n1,True,pass,True,0,0,,,True,True,True,True,True,True,True,True,True,True,True,True,True,True,True,True,True,True,True,True,True,True
pose000278,278,NC(=O)c1ccc(-c2ccc(CN3CCCCC3)cc2)cc1,True,pass,True,0,0,,,True,True,True,True,True,True,True,True,True,True,True,True,True,True,True,True,True,True,True,True,True,True
pose000279,279,CC(=O)Nc1ccc(-c2ccc(S(N)(=O)=O)cc2)cc1,True,pass,True,0,0,,,True,True,True,True,True,True,True,True,True,True,True,True,True,True,True,True,True,True,True,True,True,True
pose000280,280,CCc1ccc(C(C)c2ccc(S(N)(=O)=O)cc2)cc1,True,pass,True,0,0,,,True,True,True,True,True,True,True,True,True,True,True,True,True,True,True,True,True,True,True,True,True,True
pose000281,281,O=C(NC1CCNCC1)c1[nH]ncc1Nc1c(F)cccc1F,True,pass,True,0,0,,,True,True,True,True,True,True,True,True,True,True,True,True,True,True,True,True,True,True,True,True,True,True
pose000282,282,CC(C)c1ccc2c(N=Nc3ccc(S(N)(=O)=O)cc3)c(O)[nH]c2c1,True,pass,True,0,0,,,True,True,True,True,True,True,True,True,True,True,True,True,True,True,True,True,True,True,True,True,True,True
pose000283,283,CN(C)CCNS(=O)(=O)c1ccc(Nc2cccc(-c3cnc4ccccn34)c2)cc1,True,pass,True,0,0,,,True,True,True,True,True,True,True,True,True,True,True,True,True,True,True,True,True,True,True,True,True,True
pose000284,284,COc1ccc(-c2ocnc2C(=O)NCc2ccncc2)cn1,True,pass,True,0,0,,,True,True,True,True,True,True,True,True,True,True,True,True,True,True,True,True,True,True,True,True,True,True
pose000285,285,COc1ccc(C(=O)NC(=O)Cc2ccccc2)cc1,True,pass,True,0,0,,,True,True,True,True,True,True,True,True,True,True,True,True,True,True,True,True,True,True,True,True,True,True
pose000286,286,CC(C)S(=O)(=O)c1ccc(Nc2ccc(S(N)(=O)=O)cc2)cc1,True,pass,True,0,0,,,True,True,True,True,True,True,True,True,True,True,True,True,True,True,True,True,True,True,True,True,True,True
pose000287,287,CC(=O)N1CCC(c2ccc(NC(=O)C3CCC3)cc2)CC1,True,pass,True,0,0,,,True,True,True,True,True,True,True,True,True,True,True,True,True,True,True,True,True,True,True,True,True,True
pose000288,288,Cc1ncc(-c2nc(Nc3ccc(C(=O)N(C)C)cc3)ncc2F)n1C(C)C,True,pass,True,0,0,,,True,True,True,True,True,True,True,True,True,True,True,True,True,True,True,True,True,True,True,True,True,True
pose000289,289,COc1ccc2cc(-c3[nH]nc4cccnc34)[nH]c2c1,True,pass,True,0,0,,,True,True,True,True,True,True,True,True,True,True,True,True,True,True,True,True,True,True,True,True,True,True
pose000290,290,COCc1ncc(-c2nc(N[C@H]3CC[C@H](N)CC3)ncc2Br)n1C(C)C,True,pass,True,0,0,,,True,True,True,True,True,True,True,True,True,True,True,True,True,True,True,True,True,True,True,True,True,True
pose000291,291,CC(C)c1ccc(Nc2ccc(S(N)(=O)=O)cc2)cc1,True,pass,True,0,0,,,True,True,True,True,True,True,True,True,True,True,True,True,True,True,True,True,True,True,True,True,True,True
pose000292,292,CCC(Cc1ccc(Nc2ncc(F)c(-c3ccc(F)cc3OC)n2)nc1)C(=O)CN,True,pass,True,0,0,,,True,True,True,True,True,True,True,True,True,True,True,True,True,True,True,True,True,True,True,True,True,True
pose000293,293,COc1cc(F)ccc1-c1nc2c(NCN3CC(O)C3)c(Br)cnc2[nH]1,True,pass,True,0,0,,,True,True,True,True,True,True,True,True,True,True,True,True,True,True,True,True,True,True,True,True,True,True
pose000294,294,OC1CCN(c2ccccc2CCc2ccccc2)CC1,True,pass,True,0,0,,,True,True,True,True,True,True,True,True,True,True,True,True,True,True,True,True,True,True,True,True,True,True
pose000295,295,CC(C)C(=O)Nc1nc(OCC2CCCC2)c2[nH]cnc2n1,True,pass,True,0,0,,,True,True,True,True,True,True,True,True,True,True,True,True,True,True,True,True,True,True,True,True,True,True
pose000296,296,CNS(=O)(=O)CCOc1c(Br)cnc2[nH]c(-c3ccc(OC)cc3)nc12,True,pass,True,0,0,,,True,True,True,True,True,True,True,True,True,True,True,True,True,True,True,True,True,True,True,True,True,True
pose000297,297,Cc1ncc(-c2nc(Nc3ccc(NC#N)cc3)ncc2F)n1-c1ncc(F)c(-c2cnc(C)n2C(C)C)n1,True,pass,True,0,0,,,True,True,True,True,True,True,True,True,True,True,True,True,True,True,True,True,True,True,True,True,True,True
pose000298,298,Cc1ncc(-c2nc(NC(=O)C(C)O)ncc2F)n1C(C)C,True,pass,True,0,0,,,True,True,True,True,True,True,True,True,True,True,True,True,True,True,True,True,True,True,True,True,True,True
pose000299,299,CC(=CC(=O)SN[C@@H]1CCN(C(=O)c2ccc(Nc3ncc(F)c(-c4cnc(C)n4C(C)C)n3)cc2)C1)CO,True,pass,True,0,0,,,True,True,True,True,True,True,True,True,True,True,True,True,True,True,True,True,True,True,True,True,True,True
pose000300,300,CC(=O)N[SH](O)(SO)c1ccc(Nc2ncc(F)c(-c3ncc(F)c(-c4cnc(C)n4C(C)C)n3)n2)cc1N,True,fail,False,2,1,no_radicals|bond_angles,internal_energy,True,True,True,True,True,False,True,False,True,True,True,True,,True,True,True,True,True,True,True,True,True
pose000301,301,CN1CCN(c2ccc(NC(=O)Nc3ccccc3)cc2)CC1,True,pass,True,0,0,,,True,True,True,True,True,True,True,True,True,True,True,True,True,True,True,True,True,True,True,True,True,True
pose000302,302,CNC(=O)c1ccc(-c2ccc(S(N)(=O)=O)cc2)cc1,True,pass,True,0,0,,,True,True,True,True,True,True,True,True,True,True,True,True,True,True,True,True,True,True,True,True,True,True
pose000303,303,CC(=O)CC(=C(N)O)c1ccc(Nc2ncc(F)c(-c3cnc(C)n3C(C)C)n2)cc1,True,pass,True,0,0,,,True,True,True,True,True,True,True,True,True,True,True,True,True,True,True,True,True,True,True,True,True,True
pose000304,304,CC(=O)Nc1ccc(N2CCN(c3ccccc3)CC2)cc1,True,pass,True,0,0,,,True,True,True,True,True,True,True,True,True,True,True,True,True,True,True,True,True,True,True,True,True,True
pose000305,305,CC(=Nc1ccc(S(N)(=O)=O)cc1)c1ccc(C(C)C)cc1,True,pass,True,0,0,,,True,True,True,True,True,True,True,True,True,True,True,True,True,True,True,True,True,True,True,True,True,True
pose000306,306,COc1ccccc1Nc1ccnc(Nc2ccc(OCN3CCN(C)CC3)cc2)n1,True,pass,True,0,0,,,True,True,True,True,True,True,True,True,True,True,True,True,True,True,True,True,True,True,True,True,True,True
pose000307,307,CN(C)CCN(C)c1ccc(N2CCCCC2=O)cc1O,True,pass,True,0,0,,,True,True,True,True,True,True,True,True,True,True,True,True,True,True,True,True,True,True,True,True,True,True
pose000308,308,Cc1ncc(-c2ccnc(Nc3ccc(C(N)=O)cc3)n2)n1-c1nccc(-c2cnc(C)n2C(C)C)n1,True,pass,True,0,0,,,True,True,True,True,True,True,True,True,True,True,True,True,True,True,True,True,True,True,True,True,True,True
pose000309,309,CN1CCC(c2c(O)cc(O)c3c2O/C(=C\c2ccccc2)C3=O)CC1,True,pass,True,0,0,,,True,True,True,True,True,True,True,True,True,True,True,True,True,True,True,True,True,True,True,True,True,True
pose000310,310,C[C@@H](O)[C@@H](C)Oc1nc(Nc2ccc(S(=O)(=O)CCO)cc2)ncc1C(F)(F)F,True,pass,True,0,0,,,True,True,True,True,True,True,True,True,True,True,True,True,True,True,True,True,True,True,True,True,True,True
pose000311,311,Nc1nc(Nc2ccc(S(N)(=O)=O)cc2)nn1C(=O)c1c(F)cccc1F,True,pass,True,0,0,,,True,True,True,True,True,True,True,True,True,True,True,True,True,True,True,True,True,True,True,True,True,True
pose000312,312,CC(C)CNc1nc2c(cc1Cl)CN(C(=O)CN(C)C)CC2,True,pass,True,0,0,,,True,True,True,True,True,True,True,True,True,True,True,True,True,True,True,True,True,True,True,True,True,True
pose000313,313,CNNc1ccc(C)c(Nc2ccc3c(n2)CCN(C(=O)CN(C)C)C3)n1,True,pass,True,0,0,,,True,True,True,True,True,True,True,True,True,True,True,True,True,True,True,True,True,True,True,True,True,True
pose000314,314,Cc1ncc(-c2nc(NC(=O)NCC(C)C)ncc2F)n1C(C)C,True,pass,True,0,0,,,True,True,True,True,True,True,True,True,True,True,True,True,True,True,True,True,True,True,True,True,True,True
pose000315,315,CC(C)(CO)CNC(=O)c1ccc2[nH]c(O)c(N=Nc3ccc(S(N)(=O)=O)cc3)c2c1,True,pass,True,0,0,,,True,True,True,True,True,True,True,True,True,True,True,True,True,True,True,True,True,True,True,True,True,True
pose000316,316,CC(C)c1cnn2c(NCc3ccccc3)cc(N[C@@H](CO)[C@@H](O)CO)nc12,True,pass,True,0,0,,,True,True,True,True,True,True,True,True,True,True,True,True,True,True,True,True,True,True,True,True,True,True
pose000317,317,Cc1ncc(-c2nc(Nc3ccc(C(=O)NC(=O)C(=O)C(C)C)c(F)c3)ncc2F)n1C(C)C,True,pass,True,0,0,,,True,True,True,True,True,True,True,True,True,True,True,True,True,True,True,True,True,True,True,True,True,True
pose000318,318,C=C(C)n1c(C(=O)c2ccc(Nc3ncc(F)c(-c4cnc(C)n4C(C)C)n3)cc2)cnc1NC,True,pass,True,0,0,,,True,True,True,True,True,True,True,True,True,True,True,True,True,True,True,True,True,True,True,True,True,True
pose000319,319,CC(C)[C@H](CO)Nc1nc(Nc2ccc(C(=O)O)c(Cl)c2)c2ncn(C(C)C)c2n1,True,pass,True,0,0,,,True,True,True,True,True,True,True,True,True,True,True,True,True,True,True,True,True,True,True,True,True,True
pose000320,320,O=C(O)N1CCN(C(=O)c2ccc(CCc3ccccc3)cc2)CC1,True,pass,True,0,0,,,True,True,True,True,True,True,True,True,True,True,True,True,True,True,True,True,True,True,True,True,True,True
pose000321,321,CN1CCN(c2cccc(NC(=O)Nc3ccccc3)c2)CC1,True,pass,True,0,0,,,True,True,True,True,True,True,True,True,True,True,True,True,True,True,True,True,True,True,True,True,True,True
pose000322,322,COc1ccccc1CNC(=O)Cc1ccc(F)cc1,True,pass,True,0,0,,,True,True,True,True,True,True,True,True,True,True,True,True,True,True,True,True,True,True,True,True,True,True
pose000323,323,Cc1ncc(-c2nc(NC(=O)C(C)C)ncc2F)n1C(C)C,True,pass,True,0,0,,,True,True,True,True,True,True,True,True,True,True,True,True,True,True,True,True,True,True,True,True,True,True
pose000324,324,Nc1nc2ccc(C(=O)c3ccccc3OC(F)(F)F)cn2c1N1CCCC1,True,pass,True,0,0,,,True,True,True,True,True,True,True,True,True,True,True,True,True,True,True,True,True,True,True,True,True,True
pose000325,325,NCCC=c1cc(-c2ccc[nH]2)c2c(O)[nH]c3ccc(F)c1c32,True,pass,True,0,0,,,True,True,True,True,True,True,True,True,True,True,True,True,True,True,True,True,True,True,True,True,True,True
pose000326,326,CC(=CSC(=O)c1ccc(Nc2ncc(F)c(-c3cnc(C)n3C(C)C)n2)cc1F)SC(C)C,True,pass,True,0,0,,,True,True,True,True,True,True,True,True,True,True,True,True,True,True,True,True,True,True,True,True,True,True
pose000327,327,NS(=O)(=O)c1ccc(Nc2ccc(C3CC3)cc2)cc1,True,pass,True,0,0,,,True,True,True,True,True,True,True,True,True,True,True,True,True,True,True,True,True,True,True,True,True,True
pose000328,328,Cc1nc2c(F)cc(-c3nc(Nc4ccc5c(n4)CCN(C(=O)CCN(C)C)C5)ncc3F)cc2n1C(C)(C)C,True,pass,True,0,0,,,True,True,True,True,True,True,True,True,True,True,True,True,True,True,True,True,True,True,True,True,True,True
pose000329,329,COc1ccccc1Nc1cc2[nH]c(-c3cn[nH]c3)cc2cn1,True,pass,True,0,0,,,True,True,True,True,True,True,True,True,True,True,True,True,True,True,True,True,True,True,True,True,True,True
pose000330,330,C=CC(=O)Nc1ccc(OC(=O)N2CCCC(Nc3ncc(SCc4ncc(C(C)(C)C)o4)s3)C2)cc1,True,pass,True,0,0,,,True,True,True,True,True,True,True,True,True,True,True,True,True,True,True,True,True,True,True,True,True,True
pose000331,331,CCCCNc1ncc(F)c(-c2cnc(C)n2C(C)C)n1,True,pass,True,0,0,,,True,True,True,True,True,True,True,True,True,True,True,True,True,True,True,True,True,True,True,True,True,True
pose000332,332,O=C(Nc1ccc(N2CCOCC2)cc1)c1ccccc1,True,pass,True,0,0,,,True,True,True,True,True,True,True,True,True,True,True,True,True,True,True,True,True,True,True,True,True,True
pose000333,333,CNc1ccc(N2CCCN(C(=O)c3ccc(C)nc3)CC2)cc1,True,pass,True,0,0,,,True,True,True,True,True,True,True,True,True,True,True,True,True,True,True,True,True,True,True,True,True,True
pose000334,334,CCC(C)Nc1ncc(F)c(-c2cnc(C)n2C(C)C)n1,True,pass,True,0,0,,,True,True,True,True,True,True,True,True,True,True,True,True,True,True,True,True,True,True,True,True,True,True
pose000335,335,c1nc2nc(C3CCCCC3)nc(OCC3CCCCC3)c2[nH]1,True,pass,True,0,0,,,True,True,True,True,True,True,True,True,True,True,True,True,True,True,True,True,True,True,True,True,True,True
pose000336,336,Cc1ncc(C(=O)Nc2ncc(F)c(C(C)C)n2)n1C(C)C,True,pass,True,0,0,,,True,True,True,True,True,True,True,True,True,True,True,True,True,True,True,True,True,True,True,True,True,True
pose000337,337,O=C1CCCCN1c1ccc(NCc2ccccc2)cc1,True,pass,True,0,0,,,True,True,True,True,True,True,True,True,True,True,True,True,True,True,True,True,True,True,True,True,True,True
pose000338,338,NC(=O)c1ccc2[nH]c(O)c(N=Nc3ccc(S(N)(=O)=O)cc3)c2c1,True,pass,True,0,0,,,True,True,True,True,True,True,True,True,True,True,True,True,True,True,True,True,True,True,True,True,True,True
pose000339,339,CC(C)c1cccc(CC(=O)Nc2ccc(S(N)(=O)=O)cc2)c1,True,fail,False,1,0,internal_energy,,True,True,True,True,True,True,True,True,True,True,True,True,False,True,True,True,True,True,True,True,True,True
pose000340,340,Cc1ncc(-c2nc(Nc3ccc(C(=O)N4CCCN(C)CC4)cc3)ncc2F)n1C(C)C,True,pass,True,0,0,,,True,True,True,True,True,True,True,True,True,True,True,True,True,True,True,True,True,True,True,True,True,True
pose000341,341,CC(C)(C)c1ccc(Oc2ccc(S(N)(=O)=O)cc2)cc1,True,pass,True,0,0,,,True,True,True,True,True,True,True,True,True,True,True,True,True,True,True,True,True,True,True,True,True,True
pose000342,342,CC(c1ccc(C2CC2)cc1)c1ccc(S(N)(=O)=O)cc1,True,pass,True,0,0,,,True,True,True,True,True,True,True,True,True,True,True,True,True,True,True,True,True,True,True,True,True,True
pose000343,343,CCN(C)CCNc1ncc(F)c(-c2cnc(C)n2C(C)C)n1,True,pass,True,0,0,,,True,True,True,True,True,True,True,True,True,True,True,True,True,True,True,True,True,True,True,True,True,True
pose000344,344,CC(C)CC(=O)c1ccc2[nH]c(O)c(C=Nc3ccc(S(N)(=O)=O)cc3)c2c1,True,pass,True,0,0,,,True,True,True,True,True,True,True,True,True,True,True,True,True,True,True,True,True,True,True,True,True,True
pose000345,345,O=C(Nc1cn[nH]c1CC1CCCCC1)c1c(F)cccc1F,True,pass,True,0,0,,,True,True,True,True,True,True,True,True,True,True,True,True,True,True,True,True,True,True,True,True,True,True
pose000346,346,COCCNS(=O)(=O)c1ccc(Nc2nccc(-c3cnc(C)n3C)n2)cc1,True,pass,True,0,0,,,True,True,True,True,True,True,True,True,True,True,True,True,True,True,True,True,True,True,True,True,True,True
pose000347,347,O=C(Cc1ccccc1)NC(=O)c1cccc2c1CCCC2,True,pass,True,0,0,,,True,True,True,True,True,True,True,True,True,True,True,True,True,True,True,True,True,True,True,True,True,True
pose000348,348,C[C@@H](O)[C@@H](C)Nc1nc(Nc2ccc(S(=N)(=O)CCO)cc2)ncc1Br,True,pass,True,0,0,,,True,True,True,True,True,True,True,True,True,True,True,True,True,True,True,True,True,True,True,True,True,True
pose000349,349,C=C(C)c1ccc(C(=O)c2ccc(Nc3ncc(F)c(-c4cnc(C)n4C(C)C)n3)cc2)cc1,True,pass,True,0,0,,,True,True,True,True,True,True,True,True,True,True,True,True,True,True,True,True,True,True,True,True,True,True
pose000350,350,CN(CCN(C)c1ccccc1Cl)C(=O)Oc1ccccc1C(N)=O,True,pass,True,0,0,,,True,True,True,True,True,True,True,True,True,True,True,True,True,True,True,True,True,True,True,True,True,True
pose000351,351,CC(C)NC(=O)c1ccc2c(n1)CCN(C(=O)c1ccccc1)C2,True,pass,True,0,0,,,True,True,True,True,True,True,True,True,True,True,True,True,True,True,True,True,True,True,True,True,True,True
pose000352,352,NC(=O)c1ccc(N2CCN(c3ccccc3)CC2)cc1,True,pass,True,0,0,,,True,True,True,True,True,True,True,True,True,True,True,True,True,True,True,True,True,True,True,True,True,True
pose000353,353,CCCc1ccc(Nc2ccc(S(N)(=O)=O)cc2)cc1,True,pass,True,0,0,,,True,True,True,True,True,True,True,True,True,True,True,True,True,True,True,True,True,True,True,True,True,True
pose000354,354,N#CCC=c1cc(-c2ccc[nH]2)c2c(O)[nH]c3ccc(F)c1c32,True,pass,True,0,0,,,True,True,True,True,True,True,True,True,True,True,True,True,True,True,True,True,True,True,True,True,True,True
pose000355,355,COc1cc(N2CCN(C)CC2)ccc1Nc1ccccc1,True,pass,True,0,0,,,True,True,True,True,True,True,True,True,True,True,True,True,True,True,True,True,True,True,True,True,True,True
pose000356,356,CC(O)=CC(=O)c1ccc(Nc2ccc(Nc3ncc(F)c(-c4cnc(C)n4C(C)C)n3)cc2)cc1,True,pass,True,0,0,,,True,True,True,True,True,True,True,True,True,True,True,True,True,True,True,True,True,True,True,True,True,True
pose000357,357,CN1CCN(C(=O)N2CCC(Nc3ncc(Cl)c(-c4c[nH]c5ccccc45)n3)CC2)CC1,True,pass,True,0,0,,,True,True,True,True,True,True,True,True,True,True,True,True,True,True,True,True,True,True,True,True,True,True
pose000358,358,Cc1ncc(-c2ccnc(Nc3ccc(-c4ccc(Nc5ccc(C(N)=O)cc5)cc4)cc3)n2)n1C(C)C,True,pass,True,0,0,,,True,True,True,True,True,True,True,True,True,True,True,True,True,True,True,True,True,True,True,True,True,True
pose000359,359,O=C1NC(=O)C(c2coc3cc(CO)ccc23)=C1c1cccnc1,True,pass,True,0,0,,,True,True,True,True,True,True,True,True,True,True,True,True,True,True,True,True,True,True,True,True,True,True
pose000360,360,O=C(Cc1ccccc1)NCc1ccc(N2CC=CC2=O)cc1,True,pass,True,0,0,,,True,True,True,True,True,True,True,True,True,True,True,True,True,True,True,True,True,True,True,True,True,True
pose000361,361,CC(=O)NC(=O)c1ccc(Nc2ncc(F)c(-c3cnc(C)n3C(C)C)n2)cc1F,True,pass,True,0,0,,,True,True,True,True,True,True,True,True,True,True,True,True,True,True,True,True,True,True,True,True,True,True
pose000362,362,Cc1ccccc1C(=O)Nc1ccc(C(=O)N(C)C)cn1,True,pass,True,0,0,,,True,True,True,True,True,True,True,True,True,True,True,True,True,True,True,True,True,True,True,True,True,True
pose000363,363,CC(=O)N1CCC(c2ccc(CNc3ccccc3)cc2)CC1,True,pass,True,0,0,,,True,True,True,True,True,True,True,True,True,True,True,True,True,True,True,True,True,True,True,True,True,True
pose000364,364,C[C@H](CO)Nc1nc(Nc2ccc(S(N)(=O)=O)cc2)ncc1Br,True,pass,True,0,0,,,True,True,True,True,True,True,True,True,True,True,True,True,True,True,True,True,True,True,True,True,True,True
pose000365,365,C=NC(F)NC(=O)c1ccc(Nc2ncc(F)c(-c3cnc(C)n3C(C)C)n2)cc1F,True,fail,False,1,0,internal_energy,,True,True,True,True,True,True,True,True,True,True,True,True,False,True,True,True,True,True,True,True,True,True
pose000366,366,CC(C)Cc1ccc(Nc2ccc(S(N)(=O)=O)cc2)cc1,True,pass,True,0,0,,,True,True,True,True,True,True,True,True,True,True,True,True,True,True,True,True,True,True,True,True,True,True
pose000367,367,O=C(Cc1ccccc1)NC(=O)Cc1cccc(Cl)c1F,True,pass,True,0,0,,,True,True,True,True,True,True,True,True,True,True,True,True,True,True,True,True,True,True,True,True,True,True
pose000368,368,O=C1CCCCN1c1ccc(Nc2ccccc2)cc1,True,pass,True,0,0,,,True,True,True,True,True,True,True,True,True,True,True,True,True,True,True,True,True,True,True,True,True,True
pose000369,369,COc1ccc(N(C)c2ccc(NC(C)=O)cc2)cc1,True,pass,True,0,0,,,True,True,True,True,True,True,True,True,True,True,True,True,True,True,True,True,True,True,True,True,True,True
pose000370,370,CCN(CC)C1CCN(c2ccc(Nc3ncc4cc5n(c4n3)C3(CCCCC3)CNC5=O)nc2)C1,True,pass,True,0,0,,,True,True,True,True,True,True,True,True,True,True,True,True,True,True,True,True,True,True,True,True,True,True
pose000371,371,O=C(Nc1ccccc1Cl)N1CCN(C(=O)c2cccnc2)CC1,True,pass,True,0,0,,,True,True,True,True,True,True,True,True,True,True,True,True,True,True,True,True,True,True,True,True,True,True
pose000372,372,CCCC(=O)Nc1ccc(C(=O)Nc2ccc(F)cc2OC)cc1,True,pass,True,0,0,,,True,True,True,True,True,True,True,True,True,True,True,True,True,True,True,True,True,True,True,True,True,True
pose000373,373,CC(C)Cc1ccc(-c2ccc(S(N)(=O)=O)cc2)cc1,True,pass,True,0,0,,,True,True,True,True,True,True,True,True,True,True,True,True,True,True,True,True,True,True,True,True,True,True
pose000374,374,CC(=O)Cc1ccc(-c2ccc(S(N)(=O)=O)cc2)cc1,True,pass,True,0,0,,,True,True,True,True,True,True,True,True,True,True,True,True,True,True,True,True,True,True,True,True,True,True
pose000375,375,NS(=O)(=O)c1ccc(N=Cc2c(=O)[nH]c3ccc4[nH]cccc4c23)cc1,True,pass,True,0,0,,,True,True,True,True,True,True,True,True,True,True,True,True,True,True,True,True,True,True,True,True,True,True
pose000376,376,O=C1Nc2ccc(F)c3c(S[C@H]4CCNC4)cc(-c4ccc[nH]4)c1c23,True,pass,True,0,0,,,True,True,True,True,True,True,True,True,True,True,True,True,True,True,True,True,True,True,True,True,True,True
pose000377,377,CC(C)c1cc(C(C)c2ccc(S(N)(=O)=O)cc2)ccn1,True,pass,True,0,0,,,True,True,True,True,True,True,True,True,True,True,True,True,True,True,True,True,True,True,True,True,True,True
pose000378,378,Cc1ncc(-c2nc(Nc3ccc(C=CCc4ccc(C(=O)C(C)C)cc4)c(F)c3)ncc2F)n1C(C)C,True,pass,True,0,0,,,True,True,True,True,True,True,True,True,True,True,True,True,True,True,True,True,True,True,True,True,True,True
pose000379,379,O=C(C1CCC1)N1CCc2nc(Nc3ccccc3)ccc2C1,True,pass,True,0,0,,,True,True,True,True,True,True,True,True,True,True,True,True,True,True,True,True,True,True,True,True,True,True
pose000380,380,Cc1ncc(-c2nc(Nc3ccc(C(CC[CH]C(C)C)C(O)C(=O)NON)cc3)ncc2F)n1C(C)C,True,fail,False,1,0,no_radicals,,True,True,True,True,True,False,True,True,True,True,True,True,True,True,True,True,True,True,True,True,True,True
pose000381,381,CC(C)(C)n1nc(-c2cccc3ccccc23)c2c(N)ncnc21,True,pass,True,0,0,,,True,True,True,True,True,True,True,True,True,True,True,True,True,True,True,True,True,True,True,True,True,True
pose000382,382,O=c1[nH]cc(-c2ccc(N3CCOCC3)cc2)c2sc(-c3cn[nH]c3)cc12,True,pass,True,0,0,,,True,True,True,True,True,True,True,True,True,True,True,True,True,True,True,True,True,True,True,True,True,True
pose000383,383,CCN1CCN(c2cc3c(-c4ccc(C(=O)N5CCCC5)cc4OC)ccnc3[nH]2)CC1,True,pass,True,0,0,,,True,True,True,True,True,True,True,True,True,True,True,True,True,True,True,True,True,True,True,True,True,True
pose000384,384,CCNC(=O)Nc1cc(-c2cnc(C)n2C(C)C)c(F)cn1,True,pass,True,0,0,,,True,True,True,True,True,True,True,True,True,True,True,True,True,True,True,True,True,True,True,True,True,True
pose000385,385,CC(c1ccc(C(N)=O)cc1)c1ccc(S(N)(=O)=O)cc1,True,pass,True,0,0,,,True,True,True,True,True,True,True,True,True,True,True,True,True,True,True,True,True,True,True,True,True,True
pose000386,386,CC(C)c1ccc(C(=O)Nc2cccc(N3CCN(C)CC3)c2)cc1,True,pass,True,0,0,,,True,True,True,True,True,True,True,True,True,True,True,True,True,True,True,True,True,True,True,True,True,True
pose000387,387,CC(=O)c1ccc(Nc2ncc(F)c(-c3cnc(C)n3C(C)C)n2)cc1F,True,pass,True,0,0,,,True,True,True,True,True,True,True,True,True,True,True,True,True,True,True,True,True,True,True,True,True,True
pose000388,388,CN(C)c1ccc(C(=O)NC(=O)Cc2ccccc2)cc1,True,pass,True,0,0,,,True,True,True,True,True,True,True,True,True,True,True,True,True,True,True,True,True,True,True,True,True,True
pose000389,389,CNS(=O)(=O)c1ccc2[nH]c(O)c(C=c3[nH]cc4c3=CCOC4=O)c2c1,True,pass,True,0,0,,,True,True,True,True,True,True,True,True,True,True,True,True,True,True,True,True,True,True,True,True,True,True
pose000390,390,CC[C@@H](NC(=O)N1CCc2cnc(NC3CCOCC3)nc2C1)c1ccc(C#N)c(Cl)c1,True,pass,True,0,0,,,True,True,True,True,True,True,True,True,True,True,True,True,True,True,True,True,True,True,True,True,True,True
pose000391,391,O=C(c1ccccc1)N1CCCN(c2ccccc2)CC1,True,pass,True,0,0,,,True,True,True,True,True,True,True,True,True,True,True,True,True,True,True,True,True,True,True,True,True,True
pose000392,392,CC(C)Cc1nccc(-c2ccc(S(N)(=O)=O)cc2)n1,True,pass,True,0,0,,,True,True,True,True,True,True,True,True,True,True,True,True,True,True,True,True,True,True,True,True,True,True
pose000393,393,O=C(O)c1cc(C(F)(F)F)ccc1NNc1ccc(N2CCNCC2)cn1,True,pass,True,0,0,,,True,True,True,True,True,True,True,True,True,True,True,True,True,True,True,True,True,True,True,True,True,True
pose000394,394,CNC(=O)c1ccc(Nc2ncc(F)c(-c3cnc(C)n3C(C)C)n2)cc1F,True,pass,True,0,0,,,True,True,True,True,True,True,True,True,True,True,True,True,True,True,True,True,True,True,True,True,True,True
pose000395,395,Nc1cc(-c2c[nH]c3ccccc23)nn1-c1nc(Nc2ccc(Cl)cc2)nc(N2CCOCC2)n1,True,pass,True,0,0,,,True,True,True,True,True,True,True,True,True,True,True,True,True,True,True,True,True,True,True,True,True,True
pose000396,396,CC(=CC(C)C)N(C)C(=O)c1ccc(Nc2ncc(F)c(-c3cnc(C)n3C(C)C)n2)cc1F,True,pass,True,0,0,,,True,True,True,True,True,True,True,True,True,True,True,True,True,True,True,True,True,True,True,True,True,True
pose000397,397,O=C1CCN(C(=O)c2ccc(CNc3ccccc3)cc2)CC1,True,pass,True,0,0,,,True,True,True,True,True,True,True,True,True,True,True,True,True,True,True,True,True,True,True,True,True,True
pose000398,398,Cc1ncc(-c2nc(NC3CC3)ncc2F)n1C(C)C,True,pass,True,0,0,,,True,True,True,True,True,True,True,True,True,True,True,True,True,True,True,True,True,True,True,True,True,True
pose000399,399,Nc1c[nH]nc1C(=O)Nc1ccc(F)cc1,True,pass,True,0,0,,,True,True,True,True,True,True,True,True,True,True,True,True,True,True,True,True,True,True,True,True,True,True
pose000400,400,CS(=O)(=O)c1ccc(-c2ccc(S(C)(=O)=O)cc2)cc1,True,pass,True,0,0,,,True,True,True,True,True,True,True,True,True,True,True,True,True,True,True,True,True,True,True,True,True,True
pose000401,401,Cc1ncc(-c2nc(Nc3cccnc3)ncc2F)n1C(C)C,True,pass,True,0,0,,,True,True,True,True,True,True,True,True,True,True,True,True,True,True,True,True,True,True,True,True,True,True
pose000402,402,CN1CCN(c2ccc(NCc3ccccc3)cc2)CC1,True,pass,True,0,0,,,True,True,True,True,True,True,True,True,True,True,True,True,True,True,True,True,True,True,True,True,True,True
pose000403,403,CN=C(N)SCCCN1C(=O)C2=C(C1=O)n1ccc3cccc(c31)C1Cc3ccccc3N21,True,pass,True,0,0,,,True,True,True,True,True,True,True,True,True,True,True,True,True,True,True,True,True,True,True,True,True,True
pose000404,404,CCN(CC)CCNc1cc(-c2ccc[nH]2)c2c3c(ccc(F)c13)NC2=O,True,pass,True,0,0,,,True,True,True,True,True,True,True,True,True,True,True,True,True,True,True,True,True,True,True,True,True,True
pose000405,405,CCCNc1ncc(F)c(-c2cnc(C)n2C(C)C)n1,True,pass,True,0,0,,,True,True,True,True,True,True,True,True,True,True,True,True,True,True,True,True,True,True,True,True,True,True
pose000406,406,NS(=O)(=O)c1ccc(-c2ccc(N3C=CCC3)cc2)cc1,True,pass,True,0,0,,,True,True,True,True,True,True,True,True,True,True,True,True,True,True,True,True,True,True,True,True,True,True
pose000407,407,CN1CCN(c2cc(NCc3cccnc3)n3nccc3n2)CC1,True,pass,True,0,0,,,True,True,True,True,True,True,True,True,True,True,True,True,True,True,True,True,True,True,True,True,True,True
pose000408,408,O=C(Cc1ccccc1)Nc1ccc(N2CCCC2)cc1,True,pass,True,0,0,,,True,True,True,True,True,True,True,True,True,True,True,True,True,True,True,True,True,True,True,True,True,True
pose000409,409,CC(=O)Nc1ccc(CNc2nc(CS(C)(=O)=O)nc3c(C(C)C)cnn23)cc1,True,pass,True,0,0,,,True,True,True,True,True,True,True,True,True,True,True,True,True,True,True,True,True,True,True,True,True,True
pose000410,410,CC(C)=Cc1ccc(-c2ccc(Nc3ncc(F)c(-c4cnc(C)n4C(C)C)n3)cc2)cc1F,True,pass,True,0,0,,,True,True,True,True,True,True,True,True,True,True,True,True,True,True,True,True,True,True,True,True,True,True
pose000411,411,CC(C)c1ccc(C(=O)N2CCN(C(=O)NC(=O)Cc3ccccc3)CC2)cc1,True,pass,True,0,0,,,True,True,True,True,True,True,True,True,True,True,True,True,True,True,True,True,True,True,True,True,True,True
pose000412,412,CC(C)(C)c1cnc(CSc2cnc(N[C@H]3CC[C@H](O)CC3)s2)o1,True,pass,True,0,0,,,True,True,True,True,True,True,True,True,True,True,True,True,True,True,True,True,True,True,True,True,True,True
pose000413,413,NCCCn1nc(C(N)=O)c2c1-c1nc(Nc3ccccc3)ncc1CC2,True,pass,True,0,0,,,True,True,True,True,True,True,True,True,True,True,True,True,True,True,True,True,True,True,True,True,True,True
pose000414,414,CN(C)CC(=O)N1CCC(Nc2ncc(Cl)c(-c3c[nH]c4ccccc34)n2)CC1,True,pass,True,0,0,,,True,True,True,True,True,True,True,True,True,True,True,True,True,True,True,True,True,True,True,True,True,True
pose000415,415,CCC(=O)Nc1ccc(NC(=O)c2ccccc2)cc1,True,pass,True,0,0,,,True,True,True,True,True,True,True,True,True,True,True,True,True,True,True,True,True,True,True,True,True,True
pose000416,416,C=C(C)[C@@H](CBr)CCSC(=O)c1ccc(Nc2ncc(F)c(-c3cnc(C)n3C(C)C)n2)cc1,True,pass,True,0,0,,,True,True,True,True,True,True,True,True,True,True,True,True,True,True,True,True,True,True,True,True,True,True
pose000417,417,CC(C)S(=O)(=O)c1ccc(Cc2ccc(S(N)(=O)=O)cc2)cc1,True,pass,True,0,0,,,True,True,True,True,True,True,True,True,True,True,True,True,True,True,True,True,True,True,True,True,True,True
pose000418,418,CCCCc1ccc(Oc2ccc(S(N)(=O)=O)cc2)cc1,True,pass,True,0,0,,,True,True,True,True,True,True,True,True,True,True,True,True,True,True,True,True,True,True,True,True,True,True
pose000419,419,NS(=O)(=O)c1ccc(Cc2ccc(C(F)(F)F)cc2)cc1,True,pass,True,0,0,,,True,True,True,True,True,True,True,True,True,True,True,True,True,True,True,True,True,True,True,True,True,True
pose000420,420,O=C(Nc1ccccc1)c1ccc(C(=O)N2CCCCC2)cc1,True,pass,True,0,0,,,True,True,True,True,True,True,True,True,True,True,True,True,True,True,True,True,True,True,True,True,True,True
pose000421,421,COc1cc(N2CCCC2)ccc1Nc1ccccc1,True,pass,True,0,0,,,True,True,True,True,True,True,True,True,True,True,True,True,True,True,True,True,True,True,True,True,True,True
pose000422,422,COc1ccc(-c2ccc(C(=O)N3CCCC3)cc2)cc1O,True,pass,True,0,0,,,True,True,True,True,True,True,True,True,True,True,True,True,True,True,True,True,True,True,True,True,True,True
pose000423,423,COc1cccc(CC(=O)NC(=O)c2ccccc2)c1,True,pass,True,0,0,,,True,True,True,True,True,True,True,True,True,True,True,True,True,True,True,True,True,True,True,True,True,True
pose000424,424,CC(C)Nc1ccc(-c2ccc(S(N)(=O)=O)cc2)nc1,True,fail,False,1,0,internal_energy,,True,True,True,True,True,True,True,True,True,True,True,True,False,True,True,True,True,True,True,True,True,True
pose000425,425,Cc1ncc(-c2nc(Nc3ccc(C(=O)N4CC[C@@H](N(C)C)C4)cc3)ncc2F)n1C(C)C,True,pass,True,0,0,,,True,True,True,True,True,True,True,True,True,True,True,True,True,True,True,True,True,True,True,True,True,True
pose000426,426,Cc1ncc(-c2nc(-c3nc(Nc4ccc([SH](O)(SO)C(N)=O)c(N)c4)ncc3F)ncc2F)n1C(C)C,True,fail,False,1,1,no_radicals,internal_energy,True,True,True,True,True,False,True,True,True,True,True,True,,True,True,True,True,True,True,True,True,True
pose000427,427,NS(=O)(=O)c1ccc(N=Cc2c(O)[nH]c3ccc4ncsc4c23)cc1,True,pass,True,0,0,,,True,True,True,True,True,True,True,True,True,True,True,True,True,True,True,True,True,True,True,True,True,True
pose000428,428,CC(C)c1ccc(N2CCN(c3ccc(S(N)(=O)=O)cc3)CC2)cc1,True,pass,True,0,0,,,True,True,True,True,True,True,True,True,True,True,True,True,True,True,True,True,True,True,True,True,True,True
pose000429,429,C=C(C)CNC(=S)N(C)C(=O)N(C)C(=O)c1ccc(Nc2ncc(F)c(-c3cnc(C)n3C(C)C)n2)cc1,True,pass,True,0,0,,,True,True,True,True,True,True,True,True,True,True,True,True,True,True,True,True,True,True,True,True,True,True
pose000430,430,Cc1ncc(C(=O)NCc2cccc(F)c2)n1C(C)C,True,pass,True,0,0,,,True,True,True,True,True,True,True,True,True,True,True,True,True,True,True,True,True,True,True,True,True,True
pose000431,431,CCCCOc1c(C(=O)c2c(F)cc(C)cc2F)ccc2[nH]ncc12,True,pass,True,0,0,,,True,True,True,True,True,True,True,True,True,True,True,True,True,True,True,True,True,True,True,True,True,True
pose000432,432,CCC(=O)NCc1ccc(N2Cc3ccccc3C2=O)cc1,True,pass,True,0,0,,,True,True,True,True,True,True,True,True,True,True,True,True,True,True,True,True,True,True,True,True,True,True
pose000433,433,CC(C)(O)CSc1nc(Nc2ccc(S(C)(=N)=O)cc2)ncc1Br,True,pass,True,0,0,,,True,True,True,True,True,True,True,True,True,True,True,True,True,True,True,True,True,True,True,True,True,True
pose000434,434,O=C(O)c1ccc2[nH]c(O)c(C=c3[nH]cc4c3=CCNC4=O)c2c1,True,pass,True,0,0,,,True,True,True,True,True,True,True,True,True,True,True,True,True,True,True,True,True,True,True,True,True,True
pose000435,435,CC(=O)NC1CCC(N2CC=C(c3ccccc3)CC2)CC1,True,pass,True,0,0,,,True,True,True,True,True,True,True,True,True,True,True,True,True,True,True,True,True,True,True,True,True,True
pose000436,436,NS(=O)(=O)c1ccc(-c2cccc(C(F)(F)F)c2)cc1,True,pass,True,0,0,,,True,True,True,True,True,True,True,True,True,True,True,True,True,True,True,True,True,True,True,True,True,True
pose000437,437,CCCNC(=O)c1ccc(C(C)c2ccc(S(N)(=O)=O)cc2)cc1,True,pass,True,0,0,,,True,True,True,True,True,True,True,True,True,True,True,True,True,True,True,True,True,True,True,True,True,True
pose000438,438,CC1(C)CN(c2ccc(Nc3ncc4cc5n(c4n3)C3(CCCCC3)CNC5=O)nc2)CCN1,True,pass,True,0,0,,,True,True,True,True,True,True,True,True,True,True,True,True,True,True,True,True,True,True,True,True,True,True
pose000439,439,O=C(O)c1ccc(CN2CC=C(c3ccccc3)CC2)cc1,True,pass,True,0,0,,,True,True,True,True,True,True,True,True,True,True,True,True,True,True,True,True,True,True,True,True,True,True
pose000440,440,CC(=O)NC(=O)Nc1ncc(C(C)C)c(-c2cnc(C)n2C(C)C)n1,True,pass,True,0,0,,,True,True,True,True,True,True,True,True,True,True,True,True,True,True,True,True,True,True,True,True,True,True
pose000441,441,NS(=O)(=O)c1ccc(Nc2nccc(-c3cnc4ccccn34)n2)cc1,True,pass,True,0,0,,,True,True,True,True,True,True,True,True,True,True,True,True,True,True,True,True,True,True,True,True,True,True
pose000442,442,COc1cccc(NC(=O)c2ccc(N3CCN(C)CC3)cc2)c1,True,pass,True,0,0,,,True,True,True,True,True,True,True,True,True,True,True,True,True,True,True,True,True,True,True,True,True,True
pose000443,443,COc1ccc(Nc2cc(Nc3ccccc3N[C@@H](C)CO)ncn2)cc1,True,pass,True,0,0,,,True,True,True,True,True,True,True,True,True,True,True,True,True,True,True,True,True,True,True,True,True,True
pose000444,444,CC(=O)Nc1ccc(Cc2ccc(N3CCCC3)cc2)cc1,True,pass,True,0,0,,,True,True,True,True,True,True,True,True,True,True,True,True,True,True,True,True,True,True,True,True,True,True
pose000445,445,O=C(NN1CC=NCC1)c1ccc(-c2cccc3c2OCCC3)cc1,True,pass,True,0,0,,,True,True,True,True,True,True,True,True,True,True,True,True,True,True,True,True,True,True,True,True,True,True
pose000446,446,Cc1ncc(-c2nc(Nc3ccc(C(=O)Nc4ccc(C(=O)C(C)C)c(F)c4)c(F)c3)ncc2F)n1C(C)C,True,pass,True,0,0,,,True,True,True,True,True,True,True,True,True,True,True,True,True,True,True,True,True,True,True,True,True,True
pose000447,447,CC(=O)Nc1ccc(Cc2ccc(N3CCOCC3)cc2)cc1C,True,pass,True,0,0,,,True,True,True,True,True,True,True,True,True,True,True,True,True,True,True,True,True,True,True,True,True,True
pose000448,448,N[C@H]1CC[C@H](Nc2nc(Nc3ccccc3)c3ncn(C4CCCC4)c3n2)CC1,True,pass,True,0,0,,,True,True,True,True,True,True,True,True,True,True,True,True,True,True,True,True,True,True,True,True,True,True
pose000449,449,Nc1nc2ccc(C(=O)c3c(Cl)cccc3Cl)cn2c1C(=O)c1c(F)cccc1F,True,pass,True,0,0,,,True,True,True,True,True,True,True,True,True,True,True,True,True,True,True,True,True,True,True,True,True,True
pose000450,450,COc1ccc(NN2CCN(c3ccc(N4CCCC4)cc3)CC2)cc1,True,pass,True,0,0,,,True,True,True,True,True,True,True,True,True,True,True,True,True,True,True,True,True,True,True,True,True,True
pose000451,451,C=C(C)SC(=O)c1ccc(Nc2ncc(F)c(-c3cnc(C)n3C(C)C)n2)cc1,True,pass,True,0,0,,,True,True,True,True,True,True,True,True,True,True,True,True,True,True,True,True,True,True,True,True,True,True
pose000452,452,COc1ccccc1-c1nc(Nc2ccc(CN(C)C(=O)NCCO)c(C)n2)ncc1F,True,pass,True,0,0,,,True,True,True,True,True,True,True,True,True,True,True,True,True,True,True,True,True,True,True,True,True,True
pose000453,453,Cc1cccc(Nc2nccc(C(=O)Nc3ncc(C(C)C)s3)n2)c1,True,pass,True,0,0,,,True,True,True,True,True,True,True,True,True,True,True,True,True,True,True,True,True,True,True,True,True,True
pose000454,454,CCCc1ccc(Oc2ccc(S(N)(=O)=O)cc2)cc1,True,pass,True,0,0,,,True,True,True,True,True,True,True,True,True,True,True,True,True,True,True,True,True,True,True,True,True,True
pose000455,455,C=C(C)c1ccc(Nc2ccc(S(N)(=O)=O)cc2)cc1,True,pass,True,0,0,,,True,True,True,True,True,True,True,True,True,True,True,True,True,True,True,True,True,True,True,True,True,True
pose000456,456,COc1cc(Nc2ncc(Br)c(N[C@H](C)[C@@H](C)O)n2)ccc1S(C)(=N)=O,True,pass,True,0,0,,,True,True,True,True,True,True,True,True,True,True,True,True,True,True,True,True,True,True,True,True,True,True
pose000457,457,CC(C)N1CCN(Cc2ccc(N3CCC(O)CC3)cc2)CC1,True,pass,True,0,0,,,True,True,True,True,True,True,True,True,True,True,True,True,True,True,True,True,True,True,True,True,True,True
pose000458,458,Cc1ncc(-c2ccnc(Nc3ccc(C(N)=O)cc3)n2)n1C(C)C,True,pass,True,0,0,,,True,True,True,True,True,True,True,True,True,True,True,True,True,True,True,True,True,True,True,True,True,True
pose000459,459,CNC(=O)c1nn(C)c2c1C(C)(C)Cc1cnc(Nc3ccc(OC4CCN(C)CC4)cc3)nc1-2,True,pass,True,0,0,,,True,True,True,True,True,True,True,True,True,True,True,True,True,True,True,True,True,True,True,True,True,True
pose000460,460,CCC(C)c1ccc(C(C)c2ccc(S(N)(=O)=O)cc2)cc1,True,pass,True,0,0,,,True,True,True,True,True,True,True,True,True,True,True,True,True,True,True,True,True,True,True,True,True,True
pose000461,461,NC(=O)c1ccccc1CN1CCN(C(=O)c2ccccc2)CC1,True,pass,True,0,0,,,True,True,True,True,True,True,True,True,True,True,True,True,True,True,True,True,True,True,True,True,True,True
pose000462,462,C=C(C)S(=O)(=O)c1ccc(-c2ccc(/C=C3\SC(=O)NC3=O)o2)cc1C,True,pass,True,0,0,,,True,True,True,True,True,True,True,True,True,True,True,True,True,True,True,True,True,True,True,True,True,True
pose000463,463,COc1ccc(C=CNC(=O)N2CCc3cnc(Nc4ccnn4C)nc3C2)cn1,True,pass,True,0,0,,,True,True,True,True,True,True,True,True,True,True,True,True,True,True,True,True,True,True,True,True,True,True
pose000464,464,C=C(C)[C@H](CCSC(=O)c1ccc(Nc2ncc(F)c(-c3cnc(C)n3C(C)C)n2)cc1)CNC(C)C,True,pass,True,0,0,,,True,True,True,True,True,True,True,True,True,True,True,True,True,True,True,True,True,True,True,True,True,True
pose000465,465,COC[C@@H](Nc1nc(Nc2ccc(S(C)(=N)=O)cc2)ncc1Br)[C@@H](C)O,True,pass,True,0,0,,,True,True,True,True,True,True,True,True,True,True,True,True,True,True,True,True,True,True,True,True,True,True
pose000466,466,CN(CCO)Cc1ccc(Nc2cc(OC3CCCCC3)nc3ncnn23)nc1,True,pass,True,0,0,,,True,True,True,True,True,True,True,True,True,True,True,True,True,True,True,True,True,True,True,True,True,True
pose000467,467,CN1CCN(CCOc2cc(OC3CCOCC3)c3c(Nc4c(Cl)ccc5c4OCO5)ncnc3c2)CC1,True,pass,True,0,0,,,True,True,True,True,True,True,True,True,True,True,True,True,True,True,True,True,True,True,True,True,True,True
pose000468,468,Cc1nc2c(F)cc(-c3nc(Nc4ccc5c(n4)CCN(CCN(C)C(=N)N)C5)ncc3F)cc2n1C(C)C,True,pass,True,0,0,,,True,True,True,True,True,True,True,True,True,True,True,True,True,True,True,True,True,True,True,True,True,True
pose000469,469,CN=S(C)(=O)c1ccc(Nc2ncc(Br)c(N[C@H](C)[C@H](C)O)n2)cc1,True,pass,True,0,0,,,True,True,True,True,True,True,True,True,True,True,True,True,True,True,True,True,True,True,True,True,True,True
pose000470,470,C=C(C)NC(=O)C(=O)c1ccc(Nc2ncc(F)c(-c3cnc(C)n3C(C)C)n2)cc1F,True,pass,True,0,0,,,True,True,True,True,True,True,True,True,True,True,True,True,True,True,True,True,True,True,True,True,True,True
pose000471,471,Cc1ncc(C(=O)c2ccc(S(N)(=O)=O)cc2)n1C(C)C,True,pass,True,0,0,,,True,True,True,True,True,True,True,True,True,True,True,True,True,True,True,True,True,True,True,True,True,True
pose000472,472,CN(C)CC(O)COc1ccc(Nc2nccc(N(CCCC(F)(F)F)c3cc(Cl)ccc3Cl)n2)cc1,True,pass,True,0,0,,,True,True,True,True,True,True,True,True,True,True,True,True,True,True,True,True,True,True,True,True,True,True
pose000473,473,CC(C)c1c2cc(-c3nc(Nc4ccc(N5CCNCC5)cn4)ncc3F)ccc2nn1C,True,pass,True,0,0,,,True,True,True,True,True,True,True,True,True,True,True,True,True,True,True,True,True,True,True,True,True,True
pose000474,474,COC[C@H](Nc1nc(N2CCN(C)CNC2)ncc1Br)[C@H](C)O,True,pass,True,0,0,,,True,True,True,True,True,True,True,True,True,True,True,True,True,True,True,True,True,True,True,True,True,True
pose000475,475,CC(=CNC(=O)C(=O)c1ccc(Nc2ncc(F)c(-c3cnc(C)n3C(C)C)n2)cc1F)NS,True,pass,True,0,0,,,True,True,True,True,True,True,True,True,True,True,True,True,True,True,True,True,True,True,True,True,True,True
pose000476,476,Nc1c(S(=O)(=O)O)cc(Nc2ccc(Cl)cc2)c2c1C(=O)c1ccccc1C2=O,True,pass,True,0,0,,,True,True,True,True,True,True,True,True,True,True,True,True,True,True,True,True,True,True,True,True,True,True
pose000477,477,COc1cccc(-c2cccc(N3CCNCC3)c2)c1,True,pass,True,0,0,,,True,True,True,True,True,True,True,True,True,True,True,True,True,True,True,True,True,True,True,True,True,True
pose000478,478,CC(C)c1c2cc(-c3ccnc(Nc4ccc5c(N6CCN(C)CC6)ncnc5c4)n3)ccc2nn1C,True,pass,True,0,0,,,True,True,True,True,True,True,True,True,True,True,True,True,True,True,True,True,True,True,True,True,True,True
pose000479,479,C=C(C)SC(=O)C(O)CSC(=O)c1ccc(Nc2ncc(F)c(-c3cnc(C)n3C(C)C)n2)cc1,True,pass,True,0,0,,,True,True,True,True,True,True,True,True,True,True,True,True,True,True,True,True,True,True,True,True,True,True
pose000480,480,CC(C)Cc1ccc(C(C)c2ccc(S(N)(=O)=O)cc2)cc1,True,pass,True,0,0,,,True,True,True,True,True,True,True,True,True,True,True,True,True,True,True,True,True,True,True,True,True,True
pose000481,481,O=C(CCc1ccccc1)NC(=O)N1CC=C(c2ccccc2)CC1,True,pass,True,0,0,,,True,True,True,True,True,True,True,True,True,True,True,True,True,True,True,True,True,True,True,True,True,True
pose000482,482,Cc1cc(-c2ccc(S(N)(=O)=O)cc2)ccc1C(C)(C)C,True,pass,True,0,0,,,True,True,True,True,True,True,True,True,True,True,True,True,True,True,True,True,True,True,True,True,True,True
pose000483,483,CCc1ccc(Nc2nccc(-c3ccc(S(N)(=O)=O)cc3)n2)cc1,True,pass,True,0,0,,,True,True,True,True,True,True,True,True,True,True,True,True,True,True,True,True,True,True,True,True,True,True
pose000484,484,O=C1NCC2(CCCCC2)n2c1cc1cnc(Nc3ccc(N4CCC(N5CCOCC5)CC4)cn3)nc12,True,pass,True,0,0,,,True,True,True,True,True,True,True,True,True,True,True,True,True,True,True,True,True,True,True,True,True,True
pose000485,485,Cc1ncc(-c2nc(Nc3ccc(C(NC(C)C)C(=O)C(=O)C(C)C)cc3)ncc2F)n1C(C)C,True,pass,True,0,0,,,True,True,True,True,True,True,True,True,True,True,True,True,True,True,True,True,True,True,True,True,True,True
pose000486,486,CN(C)CC(O)COc1ccc(Nc2nccc(Nc3ccc(C#N)cc3)n2)cc1,True,pass,True,0,0,,,True,True,True,True,True,True,True,True,True,True,True,True,True,True,True,True,True,True,True,True,True,True
pose000487,487,CC(=O)CC(C)c1ccc(-c2ccc(S(N)(=O)=O)cc2)cc1,True,pass,True,0,0,,,True,True,True,True,True,True,True,True,True,True,True,True,True,True,True,True,True,True,True,True,True,True
pose000488,488,CC(=O)N1CC=C(NC(=O)c2ccc(N3CCCCC3=O)cc2)CC1,True,pass,True,0,0,,,True,True,True,True,True,True,True,True,True,True,True,True,True,True,True,True,True,True,True,True,True,True
pose000489,489,C=C(C(=O)Nc1ncc(F)c(-c2cnc(C)n2C(C)C)n1)C(C)C,True,pass,True,0,0,,,True,True,True,True,True,True,True,True,True,True,True,True,True,True,True,True,True,True,True,True,True,True
pose000490,490,c1ncc(-c2cc3cnc(Nc4ccc(CN5CCNCC5)cn4)nc3n2C2CCCC2)o1,True,pass,True,0,0,,,True,True,True,True,True,True,True,True,True,True,True,True,True,True,True,True,True,True,True,True,True,True
pose000491,491,C=C(C)Nc1ncc(F)c(-c2cnc(C)n2C(C)C)n1,True,pass,True,0,0,,,True,True,True,True,True,True,True,True,True,True,True,True,True,True,True,True,True,True,True,True,True,True
pose000492,492,O=C(Nc1ccc(N2CCCC2)cc1)c1ccccc1,True,pass,True,0,0,,,True,True,True,True,True,True,True,True,True,True,True,True,True,True,True,True,True,True,True,True,True,True
pose000493,493,O=C(Nc1ccccc1)c1nc(Nc2ccc3c(n2)CCNC3)ncc1F,True,pass,True,0,0,,,True,True,True,True,True,True,True,True,True,True,True,True,True,True,True,True,True,True,True,True,True,True
pose000494,494,CC(=O)NCCC(C)Nc1ncc(F)c(-c2cnc(C)n2C(C)C)n1,True,pass,True,0,0,,,True,True,True,True,True,True,True,True,True,True,True,True,True,True,True,True,True,True,True,True,True,True
pose000495,495,O=C(NCc1cccc2c1OCCC2)Nc1ccc(N2CCCC2=O)cc1,True,pass,True,0,0,,,True,True,True,True,True,True,True,True,True,True,True,True,True,True,True,True,True,True,True,True,True,True
pose000496,496,CCN(CC)CCNC(=O)c1cccc(Nc2nccc(-c3cnn4ncccc34)n2)c1,True,pass,True,0,0,,,True,True,True,True,True,True,True,True,True,True,True,True,True,True,True,True,True,True,True,True,True,True
pose000497,497,Cc1ncc(-c2nc(NN3C=COCC3)ncc2F)n1C(C)C,True,pass,True,0,0,,,True,True,True,True,True,True,True,True,True,True,True,True,True,True,True,True,True,True,True,True,True,True
pose000498,498,CN1CCN(c2cccc(Nc3ccccc3)c2)CC1,True,pass,True,0,0,,,True,True,True,True,True,True,True,True,True,True,True,True,True,True,True,True,True,True,True,True,True,True
pose000499,499,NC(=O)N1CCN(C(=O)Oc2ccc(Oc3ccccc3)cc2)CC1,True,pass,True,0,0,,,True,True,True,True,True,True,True,True,True,True,True,True,True,True,True,True,True,True,True,True,True,True
pose000500,500,COc1ccc(-c2cc(N3CCN(C)CC3)ccc2O)cc1,True,pass,True,0,0,,,True,True,True,True,True,True,True,True,True,True,True,True,True,True,True,True,True,True,True,True,True,True
pose000501,501,CC(C)c1cnc(NC(=O)NC(=O)Cc2ccccc2)s1,True,pass,True,0,0,,,True,True,True,True,True,True,True,True,True,True,True,True,True,True,True,True,True,True,True,True,True,True
pose000502,502,CNC(=O)c1ccc(Nc2nccc(-c3cnc(C)n3C(C)C)n2)cc1,True,pass,True,0,0,,,True,True,True,True,True,True,True,True,True,True,True,True,True,True,True,True,True,True,True,True,True,True
pose000503,503,Cc1ncc(Nc2ccc(S(N)(=O)=O)cc2)n1C(C)C,True,pass,True,0,0,,,True,True,True,True,True,True,True,True,True,True,True,True,True,True,True,True,True,True,True,True,True,True
pose000504,504,OCc1ccc(-c2ccc(N3CCOCC3)cc2Cl)cc1,True,pass,True,0,0,,,True,True,True,True,True,True,True,True,True,True,True,True,True,True,True,True,True,True,True,True,True,True
pose000505,505,CC(=Cc1ccc(Nc2ncc(F)c(-c3cnc(C)n3C(C)C)n2)cc1F)C(=O)C(O)=C=O,True,pass,True,0,0,,,True,True,True,True,True,True,True,True,True,True,True,True,True,True,True,True,True,True,True,True,True,True
pose000506,506,COc1ccc(Nc2nccc(-c3cnc(C)n3C(C)C)n2)cc1,True,pass,True,0,0,,,True,True,True,True,True,True,True,True,True,True,True,True,True,True,True,True,True,True,True,True,True,True
pose000507,507,Cc1ncc(-c2ccnc(Nc3ccc(Cc4ccc(C(=O)C(C)C)cc4)cc3)n2)n1C(C)C,True,pass,True,0,0,,,True,True,True,True,True,True,True,True,True,True,True,True,True,True,True,True,True,True,True,True,True,True
pose000508,508,CC(C)(C)c1cnc(Sc2c(O)[nH]c3ccc(C(=O)O)cc23)o1,True,pass,True,0,0,,,True,True,True,True,True,True,True,True,True,True,True,True,True,True,True,True,True,True,True,True,True,True
pose000509,509,COc1ccccc1C(=O)Nc1cccc(N2CCN(C)CC2)c1,True,pass,True,0,0,,,True,True,True,True,True,True,True,True,True,True,True,True,True,True,True,True,True,True,True,True,True,True
pose000510,510,CC(C)C(=O)c1ccc(-c2ccc(S(N)(=O)=O)cc2)cc1,True,pass,True,0,0,,,True,True,True,True,True,True,True,True,True,True,True,True,True,True,True,True,True,True,True,True,True,True
pose000511,511,Cc1ncc(-c2cccc(NC(=O)C(C)C)c2)n1C(C)C,True,pass,True,0,0,,,True,True,True,True,True,True,True,True,True,True,True,True,True,True,True,True,True,True,True,True,True,True
pose000512,512,O=C1NC(=O)C(c2cnc3ccccn23)=C1c1cn2c3c(cccc13)CN(C(=O)N1CCOCC1)CC2,True,pass,True,0,0,,,True,True,True,True,True,True,True,True,True,True,True,True,True,True,True,True,True,True,True,True,True,True
pose000513,513,C=C(C)c1ccc(C(C)c2ccc(S(N)(=O)=O)cc2)cc1,True,pass,True,0,0,,,True,True,True,True,True,True,True,True,True,True,True,True,True,True,True,True,True,True,True,True,True,True
pose000514,514,CCC(C(=O)C(=O)c1cnc(C)n1C(C)C)c1ccc(Nc2ncc(F)c(-c3cnc(C)n3C(C)C)n2)cc1,True,pass,True,0,0,,,True,True,True,True,True,True,True,True,True,True,True,True,True,True,True,True,True,True,True,True,True,True
pose000515,515,CCN1CCN(C(=O)Nc2cccc(-c3ccccc3)n2)CC1,True,pass,True,0,0,,,True,True,True,True,True,True,True,True,True,True,True,True,True,True,True,True,True,True,True,True,True,True
pose000516,516,C[C@@H](Nc1nc(Nc2ccc(S(=N)(=O)CC3CC3)cc2)ncc1Br)C(C)(C)O,True,pass,True,0,0,,,True,True,True,True,True,True,True,True,True,True,True,True,True,True,True,True,True,True,True,True,True,True
pose000517,517,CCCN(C)[C@H]1CCN(C(=O)c2ccc(Nc3nccc(-c4cnc(C)n4C(C)C)n3)cc2)C1,True,pass,True,0,0,,,True,True,True,True,True,True,True,True,True,True,True,True,True,True,True,True,True,True,True,True,True,True
pose000518,518,NS(=O)(=O)c1ccc(-c2ccc(Nc3nccc(-c4cnc5ccccn45)n3)cc2)cc1,True,pass,True,0,0,,,True,True,True,True,True,True,True,True,True,True,True,True,True,True,True,True,True,True,True,True,True,True
pose000519,519,CCC(=O)Nc1ncc(F)c(-c2cnc(C)n2C(C)C)n1,True,pass,True,0,0,,,True,True,True,True,True,True,True,True,True,True,True,True,True,True,True,True,True,True,True,True,True,True
pose000520,520,Cc1ncc(-c2nc(NC(C)(C)O)ncc2F)n1C(C)C,True,pass,True,0,0,,,True,True,True,True,True,True,True,True,True,True,True,True,True,True,True,True,True,True,True,True,True,True
pose000521,521,CC(NC(=O)c1ccc(N2CCN(C)CC2)cc1)C(=O)NSc1cc(C2CC2)[nH]n1,True,pass,True,0,0,,,True,True,True,True,True,True,True,True,True,True,True,True,True,True,True,True,True,True,True,True,True,True
pose000522,522,Cc1ncc(-c2nc(Nc3ccc(C#N)cc3)ncc2F)n1C(C)C,True,pass,True,0,0,,,True,True,True,True,True,True,True,True,True,True,True,True,True,True,True,True,True,True,True,True,True,True
pose000523,523,O=C(NC1=CCN(C(=O)c2ccccc2)CC1)c1ccc(N2CCCC2=O)cc1,True,pass,True,0,0,,,True,True,True,True,True,True,True,True,True,True,True,True,True,True,True,True,True,True,True,True,True,True
pose000524,524,CCNC(=O)N1CCC(c2ncc3c(n2)-c2c(c(C(=O)NC)nn2C)C(C)(C)C3)CC1,True,pass,True,0,0,,,True,True,True,True,True,True,True,True,True,True,True,True,True,True,True,True,True,True,True,True,True,True
pose000525,525,C=C(C)[C@@H](C)[C@@H](C)[SH](C)C(=O)C(=O)c1ccc(Nc2ncc(F)c(-c3cnc(C)n3C(C)C)n2)cc1F,True,pass,True,0,0,,,True,True,True,True,True,True,True,True,True,True,True,True,True,True,True,True,True,True,True,True,True,True
pose000526,526,CC(C)c1ccc(Oc2ccc(S(N)(=O)=O)cc2)cc1,True,pass,True,0,0,,,True,True,True,True,True,True,True,True,True,True,True,True,True,True,True,True,True,True,True,True,True,True
pose000527,527,CC(=O)NS(=O)(=O)c1ccc(-c2ccccc2)c(C)c1,True,pass,True,0,0,,,True,True,True,True,True,True,True,True,True,True,True,True,True,True,True,True,True,True,True,True,True,True
pose000528,528,CC(C)C(=O)c1ccc(Nc2ccc(S(N)(=O)=O)cc2)cc1,True,pass,True,0,0,,,True,True,True,True,True,True,True,True,True,True,True,True,True,True,True,True,True,True,True,True,True,True
pose000529,529,C[C@H](O)[C@@H](C)Nc1nc(Nc2ccc(S(=N)(=O)CCO)cc2)ncc1Br,True,pass,True,0,0,,,True,True,True,True,True,True,True,True,True,True,True,True,True,True,True,True,True,True,True,True,True,True
pose000530,530,CC(C)c1c2cc(-c3ccnc(N[C@H]4CC[C@H](NCCN(C)C)CC4)n3)ccc2nn1C,True,pass,True,0,0,,,True,True,True,True,True,True,True,True,True,True,True,True,True,True,True,True,True,True,True,True,True,True
pose000531,531,CC(C)(O)Cn1cc(-c2nc(NC3CCN(S(=O)(=O)C4CC4)CC3)ncc2C(F)(F)F)cn1,True,pass,True,0,0,,,True,True,True,True,True,True,True,True,True,True,True,True,True,True,True,True,True,True,True,True,True,True
pose000532,532,Cc1nc2ccccn2c1-c1ccnc(N)n1,True,pass,True,0,0,,,True,True,True,True,True,True,True,True,True,True,True,True,True,True,True,True,True,True,True,True,True,True
pose000533,533,Cc1ncc(-c2ccnc(Nc3ccccc3)n2)n1C(C)C,True,pass,True,0,0,,,True,True,True,True,True,True,True,True,True,True,True,True,True,True,True,True,True,True,True,True,True,True
pose000534,534,CC(=Nc1ccc(S(N)(=O)=O)cc1)c1c(O)[nH]c2ccc(-c3cnco3)cc12,True,pass,True,0,0,,,True,True,True,True,True,True,True,True,True,True,True,True,True,True,True,True,True,True,True,True,True,True
pose000535,535,Cc1cc(-c2ccc(S(N)(=O)=O)cc2)ccc1N1CCCC1,True,pass,True,0,0,,,True,True,True,True,True,True,True,True,True,True,True,True,True,True,True,True,True,True,True,True,True,True
pose000536,536,Cc1cc(N(C)C)ccc1NC(=O)c1ccccc1C,True,pass,True,0,0,,,True,True,True,True,True,True,True,True,True,True,True,True,True,True,True,True,True,True,True,True,True,True
pose000537,537,O=C(Nc1ccccc1)c1ccc(CN2CCCCC2)cc1,True,pass,True,0,0,,,True,True,True,True,True,True,True,True,True,True,True,True,True,True,True,True,True,True,True,True,True,True
pose000538,538,Cc1nc2c(F)cc(-c3nc(Nc4ccc5c(n4)CCN(C(=O)O)C5)ncc3F)cc2n1C(C)C,True,pass,True,0,0,,,True,True,True,True,True,True,True,True,True,True,True,True,True,True,True,True,True,True,True,True,True,True
pose000539,539,O=C(c1nc(OC2CCCC2)c2[nH]cnc2n1)N1CCCC1,True,pass,True,0,0,,,True,True,True,True,True,True,True,True,True,True,True,True,True,True,True,True,True,True,True,True,True,True
pose000540,540,Cc1ncc(-c2ccnc(Nc3ccc(C(=O)O)cc3)n2)n1C(C)C,True,pass,True,0,0,,,True,True,True,True,True,True,True,True,True,True,True,True,True,True,True,True,True,True,True,True,True,True
pose000541,541,CN1CCN(c2cc3cnc(Nc4ccc(C(=O)N(C)C)cc4Cl)cc3n2C(=O)OC(C)(C)C)CC1,True,pass,True,0,0,,,True,True,True,True,True,True,True,True,True,True,True,True,True,True,True,True,True,True,True,True,True,True
pose000542,542,Cc1ncc(-c2nc(NC(=O)C(=O)C(C)C)ncc2F)n1C(C)C,True,pass,True,0,0,,,True,True,True,True,True,True,True,True,True,True,True,True,True,True,True,True,True,True,True,True,True,True
pose000543,543,Cc1c(C(=O)NCCc2ccc(F)cc2)[nH]c2cc(F)ccc12,True,pass,True,0,0,,,True,True,True,True,True,True,True,True,True,True,True,True,True,True,True,True,True,True,True,True,True,True
pose000544,544,CC(O)C(C)Sc1nc(Nc2ccc(S(C)(=N)=O)cc2)ncc1Br,True,pass,True,0,0,,,True,True,True,True,True,True,True,True,True,True,True,True,True,True,True,True,True,True,True,True,True,True
pose000545,545,CC(=O)Nc1ccc(NC(=O)c2ccc(C(C)C)cc2)cc1,True,pass,True,0,0,,,True,True,True,True,True,True,True,True,True,True,True,True,True,True,True,True,True,True,True,True,True,True
pose000546,546,O=C(O)c1cc(Br)ccc1NCCc1c[nH]c2ccccc12,True,pass,True,0,0,,,True,True,True,True,True,True,True,True,True,True,True,True,True,True,True,True,True,True,True,True,True,True
pose000547,547,COCCOCCOCCOCCNS(=O)(=O)c1ccc(N=Cc2c(O)[nH]c3ccc4ncsc4c23)cc1,True,pass,True,0,0,,,True,True,True,True,True,True,True,True,True,True,True,True,True,True,True,True,True,True,True,True,True,True
pose000548,548,CCN1CCN(C(=O)Nc2ccc(-c3cccc(C)c3)cc2)CC1,True,pass,True,0,0,,,True,True,True,True,True,True,True,True,True,True,True,True,True,True,True,True,True,True,True,True,True,True
pose000549,549,CC(C)NCc1cccc(-c2ccc(S(N)(=O)=O)cc2)c1,True,pass,True,0,0,,,True,True,True,True,True,True,True,True,True,True,True,True,True,True,True,True,True,True,True,True,True,True
pose000550,550,O=C(NCc1cccc2c1OCCC2)c1ccc(N2CCCCC2=O)cc1,True,pass,True,0,0,,,True,True,True,True,True,True,True,True,True,True,True,True,True,True,True,True,True,True,True,True,True,True
pose000551,551,COC(C)(C)n1nc(NCc2ccc(N3CCN(C)CC3)cc2)c2c(N)ncnc21,True,pass,True,0,0,,,True,True,True,True,True,True,True,True,True,True,True,True,True,True,True,True,True,True,True,True,True,True
pose000552,552,CNS(=O)(=O)Cc1ccc(N=Cc2c(O)[nH]c3ccc4ncsc4c23)cc1,True,pass,True,0,0,,,True,True,True,True,True,True,True,True,True,True,True,True,True,True,True,True,True,True,True,True,True,True
pose000553,553,CC(C)Cc1nc(Nc2ccc(S(N)(=O)=O)cc2)ncc1F,True,pass,True,0,0,,,True,True,True,True,True,True,True,True,True,True,True,True,True,True,True,True,True,True,True,True,True,True
pose000554,554,COc1ccc(N2CCC(O)CC2)c(-c2ccccc2)c1,True,pass,True,0,0,,,True,True,True,True,True,True,True,True,True,True,True,True,True,True,True,True,True,True,True,True,True,True
pose000555,555,Nc1c(S(=O)(=O)O)cc(Nc2ccccc2)c2c1C(=O)c1ccccc1C2=O,True,pass,True,0,0,,,True,True,True,True,True,True,True,True,True,True,True,True,True,True,True,True,True,True,True,True,True,True
pose000556,556,CC(C)c1ccc(Nc2nccc(-c3ccc(S(N)(=O)=O)cc3)n2)cc1,True,pass,True,0,0,,,True,True,True,True,True,True,True,True,True,True,True,True,True,True,True,True,True,True,True,True,True,True
pose000557,557,CNc1ncc(CCNC(=O)c2ccc(Nc3ncc(F)c(-c4cnc(C)n4C(C)C)n3)cc2F)n1[C@@H](C)O,True,pass,True,0,0,,,True,True,True,True,True,True,True,True,True,True,True,True,True,True,True,True,True,True,True,True,True,True
pose000558,558,CS(=O)(=O)c1ccc(-c2ccc(S(N)(=O)=O)cc2)cc1,True,pass,True,0,0,,,True,True,True,True,True,True,True,True,True,True,True,True,True,True,True,True,True,True,True,True,True,True
pose000559,559,CC(C)C=Cc1ccc(-c2ccc(S(N)(=O)=O)cc2)nc1,True,pass,True,0,0,,,True,True,True,True,True,True,True,True,True,True,True,True,True,True,True,True,True,True,True,True,True,True
pose000560,560,O=C1C=CCN1c1ccc(NCc2ccccc2)cc1,True,pass,True,0,0,,,True,True,True,True,True,True,True,True,True,True,True,True,True,True,True,True,True,True,True,True,True,True
pose000561,561,CC(=O)C(F)(F)CNC(=O)c1ccc(Nc2ncc(F)c(-c3cnc(C)n3C(C)C)n2)cc1F,True,pass,True,0,0,,,True,True,True,True,True,True,True,True,True,True,True,True,True,True,True,True,True,True,True,True,True,True
pose000562,562,CCC(CC)Nc1ncc(F)c(-c2cnc(C)n2C(C)C)n1,True,pass,True,0,0,,,True,True,True,True,True,True,True,True,True,True,True,True,True,True,True,True,True,True,True,True,True,True
pose000563,563,C=C(c1ccc(-c2ccc(S(N)(=O)=O)cc2)cc1)C(C)C,True,pass,True,0,0,,,True,True,True,True,True,True,True,True,True,True,True,True,True,True,True,True,True,True,True,True,True,True
pose000564,564,COc1cc[nH]c1C=C1C(=O)Nc2ccc(F)c(C#C[C@@H](O)[C@@H](N)[C@@H](C)O)c21,True,pass,True,0,0,,,True,True,True,True,True,True,True,True,True,True,True,True,True,True,True,True,True,True,True,True,True,True
pose000565,565,CN(C)C/C=C/C(=O)Nc1ccc(C(=O)Nc2ncc(SCc3ncc(C(C)(C)C)o3)s2)cc1,True,pass,True,0,0,,,True,True,True,True,True,True,True,True,True,True,True,True,True,True,True,True,True,True,True,True,True,True
pose000566,566,Cc1ncc(CCNC(=O)c2c(F)cccc2F)n1C(C)C,True,pass,True,0,0,,,True,True,True,True,True,True,True,True,True,True,True,True,True,True,True,True,True,True,True,True,True,True
pose000567,567,CN(C)CC(O)COc1ccc(Nc2cc(Nc3cc(C(F)(F)F)ccc3F)ncn2)cc1,True,pass,True,0,0,,,True,True,True,True,True,True,True,True,True,True,True,True,True,True,True,True,True,True,True,True,True,True
pose000568,568,O=C(c1ccc(NNC2CCOCC2)nc1)N1CCN(CSC2CC2)CC1,True,pass,True,0,0,,,True,True,True,True,True,True,True,True,True,True,True,True,True,True,True,True,True,True,True,True,True,True
pose000569,569,O=C(c1ccccc1)N1CCCc2nc(NN3CC=NCC3)ccc2C1,True,pass,True,0,0,,,True,True,True,True,True,True,True,True,True,True,True,True,True,True,True,True,True,True,True,True,True,True
pose000570,570,CC(C)COc1nc(N2CCN(C(C)C)CC2)nc2nc[nH]c12,True,pass,True,0,0,,,True,True,True,True,True,True,True,True,True,True,True,True,True,True,True,True,True,True,True,True,True,True
pose000571,571,CC(=O)Nc1ccc(-c2ccc(N3CCN(C)CC3)cc2)cc1,True,pass,True,0,0,,,True,True,True,True,True,True,True,True,True,True,True,True,True,True,True,True,True,True,True,True,True,True
pose000572,572,CN(c1ccc(Nc2cccc3c2OCCC3)cc1)N1CC=CC1=O,True,pass,True,0,0,,,True,True,True,True,True,True,True,True,True,True,True,True,True,True,True,True,True,True,True,True,True,True
pose000573,573,Cc1[nH]nc2ccc(-c3cncc(NC(CO)c4ccccc4)n3)cc12,True,pass,True,0,0,,,True,True,True,True,True,True,True,True,True,True,True,True,True,True,True,True,True,True,True,True,True,True
pose000574,574,CC(C)NC(=O)c1ccc(-c2ccc(S(N)(=O)=O)cc2)nc1,True,pass,True,0,0,,,True,True,True,True,True,True,True,True,True,True,True,True,True,True,True,True,True,True,True,True,True,True
pose000575,575,CN(CCN(C)C(=O)[C@H]1CC[C@H](N)CC1)c1ccccc1Cl,True,pass,True,0,0,,,True,True,True,True,True,True,True,True,True,True,True,True,True,True,True,True,True,True,True,True,True,True
pose000576,576,NC(=O)c1nn(CCC(=O)O)c2c1CCc1cnc(Nc3ccccc3)nc1-2,True,pass,True,0,0,,,True,True,True,True,True,True,True,True,True,True,True,True,True,True,True,True,True,True,True,True,True,True
pose000577,577,CC(C)OC(C)c1ccc(-c2ccc(S(N)(=O)=O)cc2)cc1,True,pass,True,0,0,,,True,True,True,True,True,True,True,True,True,True,True,True,True,True,True,True,True,True,True,True,True,True
pose000578,578,O=C(Nc1cn[nH]c1C(=O)N1CCCC1)c1c(F)cccc1F,True,pass,True,0,0,,,True,True,True,True,True,True,True,True,True,True,True,True,True,True,True,True,True,True,True,True,True,True
pose000579,579,CCCCc1ccc(-c2ccc(S(N)(=O)=O)cc2)cc1,True,pass,True,0,0,,,True,True,True,True,True,True,True,True,True,True,True,True,True,True,True,True,True,True,True,True,True,True
pose000580,580,COCCOCCOCCOCCN(C)S(=O)(=O)c1ccc(N=Cc2c(O)[nH]c3ccc4ncsc4c23)cc1,True,pass,True,0,0,,,True,True,True,True,True,True,True,True,True,True,True,True,True,True,True,True,True,True,True,True,True,True
pose000581,581,CCC1=S(Br)C=NC(Nc2ccc(Nc3ncc(F)c(-c4cnc(C)n4C(C)C)n3)cc2)=N1,True,pass,True,0,0,,,True,True,True,True,True,True,True,True,True,True,True,True,True,True,True,True,True,True,True,True,True,True
pose000582,582,NS(=O)(=O)Cc1ccc(N=Cc2c(O)[nH]c3ccc4ncsc4c23)cc1,True,pass,True,0,0,,,True,True,True,True,True,True,True,True,True,True,True,True,True,True,True,True,True,True,True,True,True,True
pose000583,583,CN(C)C(=O)Nc1ccc(NC(=O)c2cccnc2)cc1,True,pass,True,0,0,,,True,True,True,True,True,True,True,True,True,True,True,True,True,True,True,True,True,True,True,True,True,True
pose000584,584,CCC(C)Cc1ccc(-c2ccc(S(N)(=O)=O)cc2)cc1,True,pass,True,0,0,,,True,True,True,True,True,True,True,True,True,True,True,True,True,True,True,True,True,True,True,True,True,True
pose000585,585,O=C(c1ccc(NCc2ccccc2F)cc1)N1CCCC1,True,pass,True,0,0,,,True,True,True,True,True,True,True,True,True,True,True,True,True,True,True,True,True,True,True,True,True,True
pose000586,586,Cc1ccc(C(=O)N2CCN(Cc3ccc(C(N)=O)cc3)CC2)cn1,True,pass,True,0,0,,,True,True,True,True,True,True,True,True,True,True,True,True,True,True,True,True,True,True,True,True,True,True
pose000587,587,CC(=O)N1CCC(Nc2ccc(-c3cnc(C)n3C(C)C)cc2F)CC1,True,pass,True,0,0,,,True,True,True,True,True,True,True,True,True,True,True,True,True,True,True,True,True,True,True,True,True,True
pose000588,588,CC=C(Nc1ncc(F)c(-c2cnc(C)n2C(C)C)n1)C(C)C,True,pass,True,0,0,,,True,True,True,True,True,True,True,True,True,True,True,True,True,True,True,True,True,True,True,True,True,True
pose000589,589,CN1CCN(c2cccc(S(=O)(=O)Nc3ccccc3)c2)CC1,True,pass,True,0,0,,,True,True,True,True,True,True,True,True,True,True,True,True,True,True,True,True,True,True,True,True,True,True
pose000590,590,CC(C)c1cnc(CN2CNc3ccccc3C2=O)s1,True,pass,True,0,0,,,True,True,True,True,True,True,True,True,True,True,True,True,True,True,True,True,True,True,True,True,True,True
pose000591,591,Cc1ncc(-c2cnc(NC(=O)N(C)C)s2)n1C(C)C,True,pass,True,0,0,,,True,True,True,True,True,True,True,True,True,True,True,True,True,True,True,True,True,True,True,True,True,True
pose000592,592,COc1cc(-c2ccc3c(-c4nc5c(N6CCN(C)CC6)cccc5[nH]4)[nH]nc3c2)ccc1O,True,pass,True,0,0,,,True,True,True,True,True,True,True,True,True,True,True,True,True,True,True,True,True,True,True,True,True,True
pose000593,593,O=C(NCCc1ccc(F)cc1)c1ccc(CN2CCCCS2)cc1,True,pass,True,0,0,,,True,True,True,True,True,True,True,True,True,True,True,True,True,True,True,True,True,True,True,True,True,True
pose000594,594,CCCS(=O)(=O)c1ccc(Nc2nccc(-c3cnc(C)n3C(C)C)n2)cc1,True,pass,True,0,0,,,True,True,True,True,True,True,True,True,True,True,True,True,True,True,True,True,True,True,True,True,True,True
pose000595,595,C=C(C)NCNC(=O)c1ccc(Nc2ncc(F)c(-c3cnc(C)n3C(C)C)n2)cc1F,True,pass,True,0,0,,,True,True,True,True,True,True,True,True,True,True,True,True,True,True,True,True,True,True,True,True,True,True
pose000596,596,Cc1c(Nc2ncc(Cl)c(-c3cnc4ccccn34)n2)cnn1C1CCNCC1,True,pass,True,0,0,,,True,True,True,True,True,True,True,True,True,True,True,True,True,True,True,True,True,True,True,True,True,True
pose000597,597,CC(C)Cc1ccc(-c2ccc(S(N)(=O)=O)cn2)cc1,True,pass,True,0,0,,,True,True,True,True,True,True,True,True,True,True,True,True,True,True,True,True,True,True,True,True,True,True
pose000598,598,CNS(=O)(=O)c1ccc(-c2cccc3c2OCCC3)cc1,True,pass,True,0,0,,,True,True,True,True,True,True,True,True,True,True,True,True,True,True,True,True,True,True,True,True,True,True
pose000599,599,CC(C)c1cnc(NN2CCN(C(=O)c3ccccc3)CC2)s1,True,pass,True,0,0,,,True,True,True,True,True,True,True,True,True,True,True,True,True,True,True,True,True,True,True,True,True,True
pose000600,600,CC(C)c1ccc(Nc2ccc(N3CCCC3=O)cc2)cc1,True,pass,True,0,0,,,True,True,True,True,True,True,True,True,True,True,True,True,True,True,True,True,True,True,True,True,True,True
pose000601,601,CC(=O)Nc1cccc(CNc2nc(OC3CCN(C)CC3)nc3c(C(C)C)cnn23)c1,True,pass,True,0,0,,,True,True,True,True,True,True,True,True,True,True,True,True,True,True,True,True,True,True,True,True,True,True
pose000602,602,Cc1ccc(C(=O)N2CCN(NCc3ccccc3)CC2)cn1,True,pass,True,0,0,,,True,True,True,True,True,True,True,True,True,True,True,True,True,True,True,True,True,True,True,True,True,True
pose000603,603,C=C(C)SC(=O)C(=O)c1ccc(Nc2ncc(F)c(-c3cnc(C)n3C(C)C)n2)cc1,True,pass,True,0,0,,,True,True,True,True,True,True,True,True,True,True,True,True,True,True,True,True,True,True,True,True,True,True
pose000604,604,Cc1nc2c(F)cc(-c3nc(Nc4ccc5c(n4)CCN[C@H]5C)ncc3F)cc2n1C(C)(C)C,True,pass,True,0,0,,,True,True,True,True,True,True,True,True,True,True,True,True,True,True,True,True,True,True,True,True,True,True
pose000605,605,CC(C)COc1cc(Nc2ccc(S(=O)(=O)N(C)C)cc2)n2ncc(N3CCN(C)CC3)c2n1,True,pass,True,0,0,,,True,True,True,True,True,True,True,True,True,True,True,True,True,True,True,True,True,True,True,True,True,True
pose000606,606,CC(C)c1ccc(Cc2ccc(S(N)(=O)=O)cc2)cc1,True,pass,True,0,0,,,True,True,True,True,True,True,True,True,True,True,True,True,True,True,True,True,True,True,True,True,True,True
pose000607,607,CN(C)S(=O)(=O)c1ccc(Nc2cc3[nH]c(-c4cn[nH]c4)cc3cn2)cc1,True,pass,True,0,0,,,True,True,True,True,True,True,True,True,True,True,True,True,True,True,True,True,True,True,True,True,True,True
pose000608,608,COc1ccc2[nH]c(O)c(C=c3[nH]cc4c3=CCOC4=O)c2c1,True,pass,True,0,0,,,True,True,True,True,True,True,True,True,True,True,True,True,True,True,True,True,True,True,True,True,True,True
pose000609,609,CC(C)c1ncc(F)c(-c2ccc(S(N)(=O)=O)cc2)n1,True,pass,True,0,0,,,True,True,True,True,True,True,True,True,True,True,True,True,True,True,True,True,True,True,True,True,True,True
pose000610,610,O=C(O)N1CCN(C(=O)c2ccc(Oc3ccccc3)cc2)CC1,True,pass,True,0,0,,,True,True,True,True,True,True,True,True,True,True,True,True,True,True,True,True,True,True,True,True,True,True
pose000611,611,Cc1ncc(-c2nc(Nc3ccc(C(=O)NSF)c(F)c3)ncc2F)n1C(C)C,True,pass,True,0,0,,,True,True,True,True,True,True,True,True,True,True,True,True,True,True,True,True,True,True,True,True,True,True
pose000612,612,Cc1nc2c(F)cc(-c3nc(Nc4ccc5c(n4)CCN(CC(N)=NO)C5)ncc3F)cc2n1C(C)C,True,pass,True,0,0,,,True,True,True,True,True,True,True,True,True,True,True,True,True,True,True,True,True,True,True,True,True,True
pose000613,613,CN1CCN(c2ccc(NC(=O)c3cccc(F)c3)cc2)CC1,True,pass,True,0,0,,,True,True,True,True,True,True,True,True,True,True,True,True,True,True,True,True,True,True,True,True,True,True
pose000614,614,O=C(Nc1[nH]nc2nc(-c3ccc(O)cc3)c(Br)cc12)C1CC1,True,pass,True,0,0,,,True,True,True,True,True,True,True,True,True,True,True,True,True,True,True,True,True,True,True,True,True,True
pose000615,615,Cc1ccc(NC(=S)NC(=O)c2cn(-c3ccccc3)nc2-c2ccc(C)cc2)cc1,True,pass,True,0,0,,,True,True,True,True,True,True,True,True,True,True,True,True,True,True,True,True,True,True,True,True,True,True
pose000616,616,Cc1ncc(-c2nc(Nc3ccc(C(=O)C(C)C)c(O)c3)ncc2F)n1C(C)C,True,pass,True,0,0,,,True,True,True,True,True,True,True,True,True,True,True,True,True,True,True,True,True,True,True,True,True,True
pose000617,617,COCCCNS(=O)(=O)c1ccc(Nc2nccc(-c3cnc4ccccn34)n2)cc1,True,pass,True,0,0,,,True,True,True,True,True,True,True,True,True,True,True,True,True,True,True,True,True,True,True,True,True,True
pose000618,618,NS(=O)(=O)c1ccc(-c2ccc(S(N)(=O)=O)cc2)cc1,True,pass,True,0,0,,,True,True,True,True,True,True,True,True,True,True,True,True,True,True,True,True,True,True,True,True,True,True
pose000619,619,C=C(C)C(=O)C(=O)c1ccc(C(=O)c2ccc(Nc3ncc(F)c(-c4cnc(C)n4C(C)C)n3)cc2)cn1,True,pass,True,0,0,,,True,True,True,True,True,True,True,True,True,True,True,True,True,True,True,True,True,True,True,True,True,True
pose000620,620,CC(=O)Nc1ccc(-c2ccc(N3CCCC3)cc2)cc1,True,pass,True,0,0,,,True,True,True,True,True,True,True,True,True,True,True,True,True,True,True,True,True,True,True,True,True,True
pose000621,621,Cc1ncc(-c2nc(NC(=O)N(C)C)ncc2F)n1C(C)C,True,pass,True,0,0,,,True,True,True,True,True,True,True,True,True,True,True,True,True,True,True,True,True,True,True,True,True,True
pose000622,622,C[C@@H]1C[C@H]2CN1CCn1[nH]c3c(cccc3c1=O)-c1nc3c(cccc3[nH]c1=O)O2,True,pass,True,0,0,,,True,True,True,True,True,True,True,True,True,True,True,True,True,True,True,True,True,True,True,True,True,True
pose000623,623,Cc1cc(Nc2ncc(Br)c(N[C@H](C)C(C)(C)O)n2)ccc1S(C)(=N)=O,True,pass,True,0,0,,,True,True,True,True,True,True,True,True,True,True,True,True,True,True,True,True,True,True,True,True,True,True
pose000624,624,CN(C)CC(O)COc1ccc(Nc2ncc(Br)c(Nc3ccccc3)n2)cc1,True,pass,True,0,0,,,True,True,True,True,True,True,True,True,True,True,True,True,True,True,True,True,True,True,True,True,True,True
pose000625,625,CC(=O)Nc1ccc(-c2ccc(CN3CCOCC3)o2)cc1,True,pass,True,0,0,,,True,True,True,True,True,True,True,True,True,True,True,True,True,True,True,True,True,True,True,True,True,True
pose000626,626,N[C@H]1CC[C@H](Nc2cc(Nc3ccc(S(=O)(=O)c4ccccc4)cc3)n3ncc(Br)c3n2)CC1,True,pass,True,0,0,,,True,True,True,True,True,True,True,True,True,True,True,True,True,True,True,True,True,True,True,True,True,True
pose000627,627,Nc1nc(Nc2ccc(S(N)(=O)=O)cc2)nc(OCC2CCCCC2)c1N=O,True,pass,True,0,0,,,True,True,True,True,True,True,True,True,True,True,True,True,True,True,True,True,True,True,True,True,True,True
pose000628,628,CNNc1n[nH]c2c1CN(C(=O)O[C@H](CN(C)C)c1ccccc1)C2(C)C,True,pass,True,0,0,,,True,True,True,True,True,True,True,True,True,True,True,True,True,True,True,True,True,True,True,True,True,True
pose000629,629,CN[SH](C)(CO)C(=O)c1ccc(Nc2ncc(F)c(-c3cnc(C)n3C(C)C)n2)cc1F,True,fail,False,1,1,no_radicals,internal_energy,True,True,True,True,True,False,True,True,True,True,True,True,,True,True,True,True,True,True,True,True,True
pose000630,630,Cc1ncc(-c2nc(NC(C)(C)F)ncc2F)n1C(C)C,True,pass,True,0,0,,,True,True,True,True,True,True,True,True,True,True,True,True,True,True,True,True,True,True,True,True,True,True
pose000631,631,C=C(C)c1ccc(Nc2ncc(C(C)C)c(-c3ncc(F)c(-c4cnc(C)n4C(C)C)n3)n2)cc1,True,pass,True,0,0,,,True,True,True,True,True,True,True,True,True,True,True,True,True,True,True,True,True,True,True,True,True,True
pose000632,632,CNCNc1cncc(-c2ccc3n[nH]c(NC(=O)c4ccccc4)c3c2)c1,True,pass,True,0,0,,,True,True,True,True,True,True,True,True,True,True,True,True,True,True,True,True,True,True,True,True,True,True
pose000633,633,CN1CCN(c2ccc(NC(=O)c3ccncc3)cc2)CC1,True,pass,True,0,0,,,True,True,True,True,True,True,True,True,True,True,True,True,True,True,True,True,True,True,True,True,True,True
pose000634,634,COc1ccc(NC(=O)c2ccc(OC)cc2Cl)cc1,True,pass,True,0,0,,,True,True,True,True,True,True,True,True,True,True,True,True,True,True,True,True,True,True,True,True,True,True
pose000635,635,COc1ccc(C(=O)NC(=O)Cc2ccc(C(C)C)cc2)cc1,True,pass,True,0,0,,,True,True,True,True,True,True,True,True,True,True,True,True,True,True,True,True,True,True,True,True,True,True
pose000636,636,NS(=O)(=O)c1ccc(-c2ccc(-c3ccc(S(N)(=O)=O)cc3)cc2)cc1,True,pass,True,0,0,,,True,True,True,True,True,True,True,True,True,True,True,True,True,True,True,True,True,True,True,True,True,True
pose000637,637,CC(N)=CCC(=O)c1ccc(Nc2ncc(F)c(-c3cnc(C)n3C(C)C)n2)cc1,True,pass,True,0,0,,,True,True,True,True,True,True,True,True,True,True,True,True,True,True,True,True,True,True,True,True,True,True
pose000638,638,CN1CCN(c2ccc(Nc3ccccc3)cc2)CC1,True,pass,True,0,0,,,True,True,True,True,True,True,True,True,True,True,True,True,True,True,True,True,True,True,True,True,True,True
pose000639,639,COCc1cc(C(=O)Nc2cc(C3CC[C@@H](OC(=O)NC(C)C)C3)[nH]n2)n(C)n1,True,pass,True,0,0,,,True,True,True,True,True,True,True,True,True,True,True,True,True,True,True,True,True,True,True,True,True,True
pose000640,640,COc1ccc(NC(=O)c2ccc(N3CCCC3=O)cc2)cc1,True,pass,True,0,0,,,True,True,True,True,True,True,True,True,True,True,True,True,True,True,True,True,True,True,True,True,True,True
pose000641,641,CC(=O)N1CCC(c2ccc(NC(=O)c3ccccc3)cc2)CC1,True,pass,True,0,0,,,True,True,True,True,True,True,True,True,True,True,True,True,True,True,True,True,True,True,True,True,True,True
pose000642,642,NS(=O)(=O)c1ccc(N=Cc2c(O)[nH]c3ccc(-c4cnco4)cc23)cc1,True,pass,True,0,0,,,True,True,True,True,True,True,True,True,True,True,True,True,True,True,True,True,True,True,True,True,True,True
pose000643,643,OC1CCN(c2ccnc(N[C@H]3CCC[C@H](NC4CCOCC4)CC3)n2)CC1,True,pass,True,0,0,,,True,True,True,True,True,True,True,True,True,True,True,True,True,True,True,True,True,True,True,True,True,True
pose000644,644,CN1CCN(c2ccc(Nc3ncc4c(n3)-c3c(c(C(N)=O)nn3C)CC4)cc2)CC1,True,pass,True,0,0,,,True,True,True,True,True,True,True,True,True,True,True,True,True,True,True,True,True,True,True,True,True,True
pose000645,645,CCc1cnn2c(NCc3ccc[n+]([O-])c3)cc(N3CCCC[C@H]3CCc3ccc[n+]([O-])c3)nc12,True,pass,True,0,0,,,True,True,True,True,True,True,True,True,True,True,True,True,True,True,True,True,True,True,True,True,True,True
pose000646,646,COc1ccc(N2CCC(O)CC2)c(Cc2ccccc2)c1,True,pass,True,0,0,,,True,True,True,True,True,True,True,True,True,True,True,True,True,True,True,True,True,True,True,True,True,True
pose000647,647,CC(=CC(=O)c1ccc(Nc2ncc(F)c(-c3cnc(C)n3C(C)C)n2)cc1F)NC(C)C,True,pass,True,0,0,,,True,True,True,True,True,True,True,True,True,True,True,True,True,True,True,True,True,True,True,True,True,True
pose000648,648,O=C(Nc1ccccc1)c1ccc(N2CCCCC2)cc1,True,pass,True,0,0,,,True,True,True,True,True,True,True,True,True,True,True,True,True,True,True,True,True,True,True,True,True,True
pose000649,649,CN(CCN(C)c1ccccc1Cl)C(=O)Nc1cccnc1,True,pass,True,0,0,,,True,True,True,True,True,True,True,True,True,True,True,True,True,True,True,True,True,True,True,True,True,True
pose000650,650,Cc1ncc(-c2ccnc(Nc3ccc(CO)cc3)n2)n1C(C)C,True,pass,True,0,0,,,True,True,True,True,True,True,True,True,True,True,True,True,True,True,True,True,True,True,True,True,True,True
pose000651,651,CCCNC(=O)Nc1ncc(F)c(-c2cnc(C)n2C(C)C)n1,True,pass,True,0,0,,,True,True,True,True,True,True,True,True,True,True,True,True,True,True,True,True,True,True,True,True,True,True
pose000652,652,CC(=O)Nc1ccc(N(C)C(=O)c2ccccc2)cc1,True,pass,True,0,0,,,True,True,True,True,True,True,True,True,True,True,True,True,True,True,True,True,True,True,True,True,True,True
pose000653,653,CC(C)(C)Nc1nc(C(F)(F)F)nc2ccc(-c3cccc(N)c3)cc12,True,pass,True,0,0,,,True,True,True,True,True,True,True,True,True,True,True,True,True,True,True,True,True,True,True,True,True,True
pose000654,654,CN[C@H]1CCN(C(=O)c2ccc(Nc3nccc(-c4cnc(C)n4C(C)C)n3)cc2)C1,True,pass,True,0,0,,,True,True,True,True,True,True,True,True,True,True,True,True,True,True,True,True,True,True,True,True,True,True
pose000655,655,c1ccc(Cc2nnc3sc(SSc4nn5c(Cc6ccccc6)nnc5s4)nn23)cc1,True,pass,True,0,0,,,True,True,True,True,True,True,True,True,True,True,True,True,True,True,True,True,True,True,True,True,True,True
pose000656,656,Cc1ncc(-c2ccnc(Nc3ccc(C(=O)C(N)=O)cc3)n2)n1C(C)C,True,pass,True,0,0,,,True,True,True,True,True,True,True,True,True,True,True,True,True,True,True,True,True,True,True,True,True,True
pose000657,657,CNC(=O)c1nn(C)c2c1C(C)(C)Cc1cnc(Nc3cccc(CN4CCOCC4)c3)nc1-2,True,pass,True,0,0,,,True,True,True,True,True,True,True,True,True,True,True,True,True,True,True,True,True,True,True,True,True,True
pose000658,658,CC(=O)Nc1ccc(Cc2ccc3c(n2)CCN(C(C)=O)C3)cc1,True,pass,True,0,0,,,True,True,True,True,True,True,True,True,True,True,True,True,True,True,True,True,True,True,True,True,True,True
pose000659,659,CCCN(c1cc(C)cc2c(=O)c(O)c(Cc3cc(C)nc(C)c3)oc12)[SH](=O)=O,True,pass,True,0,0,,,True,True,True,True,True,True,True,True,True,True,True,True,True,True,True,True,True,True,True,True,True,True
pose000660,660,CN(CCc1ccc(N2CC=C(C(N)=O)CC2)cc1)C(=O)OC(C)(C)C,True,pass,True,0,0,,,True,True,True,True,True,True,True,True,True,True,True,True,True,True,True,True,True,True,True,True,True,True
pose000661,661,CC(C)S(=O)(=O)c1ccc(-c2ccc(CO)cc2)cc1,True,pass,True,0,0,,,True,True,True,True,True,True,True,True,True,True,True,True,True,True,True,True,True,True,True,True,True,True
pose000662,662,O=C(Cc1ccc(Cc2cccs2)cc1)Nc1cc(C2CC2)[nH]n1,True,pass,True,0,0,,,True,True,True,True,True,True,True,True,True,True,True,True,True,True,True,True,True,True,True,True,True,True
pose000663,663,Nc1ccc(CC(=O)Nc2[nH]nc3ccc(C4CCCC4)cc23)cc1,True,pass,True,0,0,,,True,True,True,True,True,True,True,True,True,True,True,True,True,True,True,True,True,True,True,True,True,True
pose000664,664,C=C(c1ccc(C(C)C)cc1)c1ccc(S(N)(=O)=O)cc1,True,pass,True,0,0,,,True,True,True,True,True,True,True,True,True,True,True,True,True,True,True,True,True,True,True,True,True,True
pose000665,665,CN(C)c1ccc(Nc2ccc(N3CCCC3=O)cc2)cc1,True,pass,True,0,0,,,True,True,True,True,True,True,True,True,True,True,True,True,True,True,True,True,True,True,True,True,True,True
pose000666,666,CC(C)Oc1cccc2[nH]c(O)c(N=Nc3ccc(S(N)(=O)=O)cc3)c12,True,pass,True,0,0,,,True,True,True,True,True,True,True,True,True,True,True,True,True,True,True,True,True,True,True,True,True,True
pose000667,667,COC(=O)N1CCc2nc(Nc3ncc(F)c(-c4cc(F)c5nc(C)n(C(C)C)c5c4)n3)ccc2C1,True,pass,True,0,0,,,True,True,True,True,True,True,True,True,True,True,True,True,True,True,True,True,True,True,True,True,True,True
pose000668,668,Cc1ncc(-c2cc(NC(C)C)ncc2F)n1C(C)C,True,pass,True,0,0,,,True,True,True,True,True,True,True,True,True,True,True,True,True,True,True,True,True,True,True,True,True,True
pose000669,669,CC(C)S(=O)(=O)Cc1ccc(-c2ccc(S(N)(=O)=O)cc2)cc1,True,pass,True,0,0,,,True,True,True,True,True,True,True,True,True,True,True,True,True,True,True,True,True,True,True,True,True,True
pose000670,670,CC(=O)NC1CN(c2ccc(Nc3ncc(F)c(-c4cnc(C)n4C(C)C)n3)cc2)C1,True,pass,True,0,0,,,True,True,True,True,True,True,True,True,True,True,True,True,True,True,True,True,True,True,True,True,True,True
pose000671,671,C[C@H](Nc1nc(Nc2ccc(S(=N)(=O)CCO)cc2)ncc1Br)C(C)(C)O,True,pass,True,0,0,,,True,True,True,True,True,True,True,True,True,True,True,True,True,True,True,True,True,True,True,True,True,True
pose000672,672,C=C(C)C(=O)c1ccc(Cc2ccc(Nc3ncc(F)c(-c4cnc(C)n4C(C)C)n3)cc2)cc1,True,pass,True,0,0,,,True,True,True,True,True,True,True,True,True,True,True,True,True,True,True,True,True,True,True,True,True,True
pose000673,673,Cc1ncc(Nc2ccc(S(C)(=O)=O)cc2)n1C(C)C,True,pass,True,0,0,,,True,True,True,True,True,True,True,True,True,True,True,True,True,True,True,True,True,True,True,True,True,True
pose000674,674,O=C(c1ccccc1)N1CCc2nc(NC3=CCC3)ccc2C1,True,pass,True,0,0,,,True,True,True,True,True,True,True,True,True,True,True,True,True,True,True,True,True,True,True,True,True,True
pose000675,675,COc1ccc(C(=O)Nc2ccc(C(C)C)cc2)cc1,True,pass,True,0,0,,,True,True,True,True,True,True,True,True,True,True,True,True,True,True,True,True,True,True,True,True,True,True
pose000676,676,O=C(N[C@H]1CC[C@H](NC2CCOCC2)CC1)N1CCc2nc(CN3CCCCC3)ccc2C1,True,pass,True,0,0,,,True,True,True,True,True,True,True,True,True,True,True,True,True,True,True,True,True,True,True,True,True,True
pose000677,677,CNC(=O)c1nn(C)c2c1C(C)(C)Cc1cnc(Nc3cccc(N4CCOCC4)c3)nc1-2,True,pass,True,0,0,,,True,True,True,True,True,True,True,True,True,True,True,True,True,True,True,True,True,True,True,True,True,True
pose000678,678,CN(C)Cc1ccc(C(=O)Nc2cccc3c2OCCC3)cc1,True,pass,True,0,0,,,True,True,True,True,True,True,True,True,True,True,True,True,True,True,True,True,True,True,True,True,True,True
pose000679,679,CN1CCN(c2ccc(C(=O)Nc3ccccc3)c(Cl)c2)CC1,True,pass,True,0,0,,,True,True,True,True,True,True,True,True,True,True,True,True,True,True,True,True,True,True,True,True,True,True
pose000680,680,Cc1ncc(-c2nc(Nc3ccccc3)ncc2F)n1C(C)C,True,pass,True,0,0,,,True,True,True,True,True,True,True,True,True,True,True,True,True,True,True,True,True,True,True,True,True,True
pose000681,681,Cc1ccc(-c2ccc(C(=O)N3CCN(C(=O)C(C)C)CC3)cc2)cc1,True,pass,True,0,0,,,True,True,True,True,True,True,True,True,True,True,True,True,True,True,True,True,True,True,True,True,True,True
pose000682,682,O=C1CCCN1c1ccc(Nc2cccc3c2OCCCC3)cc1,True,pass,True,0,0,,,True,True,True,True,True,True,True,True,True,True,True,True,True,True,True,True,True,True,True,True,True,True
pose000683,683,CN1CCN(c2cccc(Nc3ncc4c(n3)-c3c(c(C(N)=O)nn3C)CC4)c2)CC1,True,pass,True,0,0,,,True,True,True,True,True,True,True,True,True,True,True,True,True,True,True,True,True,True,True,True,True,True
pose000684,684,CC(=O)Nc1ncc(-c2ccc(N3CCCC3)cc2)cc1C,True,pass,True,0,0,,,True,True,True,True,True,True,True,True,True,True,True,True,True,True,True,True,True,True,True,True,True,True
pose000685,685,CC(C)N1CCN(c2ccc(-c3ccc(S(N)(=O)=O)cc3)cc2)CC1,True,pass,True,0,0,,,True,True,True,True,True,True,True,True,True,True,True,True,True,True,True,True,True,True,True,True,True,True
pose000686,686,CC(C)(C)c1ccc(-c2ccc(S(N)(=O)=O)cc2)nc1,True,pass,True,0,0,,,True,True,True,True,True,True,True,True,True,True,True,True,True,True,True,True,True,True,True,True,True,True
pose000687,687,CCOP(=O)(OCC)N(C)CCN1CCc2nc(Nc3ncc(F)c(-c4cc(F)c5nc(C)n(C(C)C)c5c4)n3)ccc2C1,True,pass,True,0,0,,,True,True,True,True,True,True,True,True,True,True,True,True,True,True,True,True,True,True,True,True,True,True
pose000688,688,NC(=O)c1ccc(-c2ccc(N3CCC(=O)CC3)cc2)cc1,True,pass,True,0,0,,,True,True,True,True,True,True,True,True,True,True,True,True,True,True,True,True,True,True,True,True,True,True
pose000689,689,Cn1nc(C(=O)Nc2ccccc2)c2c1-c1nc(Nc3ccccc3)ncc1CC2,True,pass,True,0,0,,,True,True,True,True,True,True,True,True,True,True,True,True,True,True,True,True,True,True,True,True,True,True
pose000690,690,O=C(Nc1ccccn1)c1ccc(N2CCCC2)cc1,True,pass,True,0,0,,,True,True,True,True,True,True,True,True,True,True,True,True,True,True,True,True,True,True,True,True,True,True
pose000691,691,Cc1ccc(CC(=O)Nc2[nH]nc3ccc(N4CCCS4(=O)=O)cc23)cc1,True,pass,True,0,0,,,True,True,True,True,True,True,True,True,True,True,True,True,True,True,True,True,True,True,True,True,True,True
pose000692,692,Clc1cccc(Nc2nccc(-c3ccnc(N4CCOCC4)c3)n2)c1,True,pass,True,0,0,,,True,True,True,True,True,True,True,True,True,True,True,True,True,True,True,True,True,True,True,True,True,True
pose000693,693,CC(C)c1cnn2c(NCc3ccccc3)cc(N[C@@H](CO)[C@H](O)CO)nc12,True,pass,True,0,0,,,True,True,True,True,True,True,True,True,True,True,True,True,True,True,True,True,True,True,True,True,True,True
pose000694,694,N[C@H](CNc1cc(-c2ccc3cnccc3c2)no1)Cc1ccc(C(F)(F)F)cc1,True,pass,True,0,0,,,True,True,True,True,True,True,True,True,True,True,True,True,True,True,True,True,True,True,True,True,True,True
pose000695,695,CC(=O)Nc1ccc(Nc2ncc(F)c(-c3cnc(C)n3C(C)C)n2)cn1,True,pass,True,0,0,,,True,True,True,True,True,True,True,True,True,True,True,True,True,True,True,True,True,True,True,True,True,True
pose000696,696,CSC(C)=Cc1cccc2[nH]c(O)c(N=Nc3ccc(-c4ccc(S(N)(=O)=O)cc4)cc3)c12,True,pass,True,0,0,,,True,True,True,True,True,True,True,True,True,True,True,True,True,True,True,True,True,True,True,True,True,True
pose000697,697,C[C@H](Nc1nc(Nc2ccc(S(C)(=N)=O)cc2)ncc1Br)C(C)(C)O,True,pass,True,0,0,,,True,True,True,True,True,True,True,True,True,True,True,True,True,True,True,True,True,True,True,True,True,True
pose000698,698,CN(C)CCNS(=O)(=O)c1ccc(Nc2nccc(-c3cnc4ccccn34)n2)cc1,True,pass,True,0,0,,,True,True,True,True,True,True,True,True,True,True,True,True,True,True,True,True,True,True,True,True,True,True
pose000699,699,CCN(C)C(=S)Nc1ncc(F)c(-c2cnc(C)n2C(C)C)n1,True,pass,True,0,0,,,True,True,True,True,True,True,True,True,True,True,True,True,True,True,True,True,True,True,True,True,True,True
pose000700,700,CCN(C(C)=O)c1ccc(-c2ccc(NC(C)=O)cc2)cc1,True,pass,True,0,0,,,True,True,True,True,True,True,True,True,True,True,True,True,True,True,True,True,True,True,True,True,True,True
pose000701,701,CN1C/C=C/COCc2ccc(o2)-c2ccnc(n2)Nc2ccc(OCCN3CCCC3)c(c2)C1,True,pass,True,0,0,,,True,True,True,True,True,True,True,True,True,True,True,True,True,True,True,True,True,True,True,True,True,True
pose000702,702,O=C(c1nc(C2CCCCC2)nc2nc[nH]c12)N1CCCC1,True,pass,True,0,0,,,True,True,True,True,True,True,True,True,True,True,True,True,True,True,True,True,True,True,True,True,True,True
pose000703,703,CC(C)Oc1ccc(-c2ccc(S(N)(=O)=O)cc2)cc1,True,pass,True,0,0,,,True,True,True,True,True,True,True,True,True,True,True,True,True,True,True,True,True,True,True,True,True,True
pose000704,704,CC(=NCN)c1ccc(Cc2ccc(Nc3nccc(-c4cnc(C)n4C(C)C)n3)cc2)cc1,True,pass,True,0,0,,,True,True,True,True,True,True,True,True,True,True,True,True,True,True,True,True,True,True,True,True,True,True
pose000705,705,O=S(=O)(c1ccccc1)N1CCC(Nc2ccc(F)cc2)CC1,True,pass,True,0,0,,,True,True,True,True,True,True,True,True,True,True,True,True,True,True,True,True,True,True,True,True,True,True
pose000706,706,NC(=O)NC(=O)CC(=O)Nc1[nH]nc2ccc(N3CCCCC3=O)cc12,True,pass,True,0,0,,,True,True,True,True,True,True,True,True,True,True,True,True,True,True,True,True,True,True,True,True,True,True
pose000707,707,Cc1ncc(-c2nc(Nc3ccc(C(N)=O)cc3)ncc2F)n1C(C)C,True,pass,True,0,0,,,True,True,True,True,True,True,True,True,True,True,True,True,True,True,True,True,True,True,True,True,True,True
pose000708,708,CC(=O)C(=O)c1ccc(Nc2ncc(F)c(-c3cnc(C)n3C(C)C)n2)cc1,True,pass,True,0,0,,,True,True,True,True,True,True,True,True,True,True,True,True,True,True,True,True,True,True,True,True,True,True
pose000709,709,COCCNc1cc(Nc2ccc(OCC(O)CN(C)C)cc2)ncn1,True,pass,True,0,0,,,True,True,True,True,True,True,True,True,True,True,True,True,True,True,True,True,True,True,True,True,True,True
pose000710,710,O=C(NC1CCCC1)c1ccc(Nc2cn[nH]c2C(=O)NC2CCNCC2)cc1,True,pass,True,0,0,,,True,True,True,True,True,True,True,True,True,True,True,True,True,True,True,True,True,True,True,True,True,True
pose000711,711,NS(=O)(=O)c1ccc(-c2ccc(N3CCCC3)cc2)cc1,True,pass,True,0,0,,,True,True,True,True,True,True,True,True,True,True,True,True,True,True,True,True,True,True,True,True,True,True
pose000712,712,CC(C)NC(=O)c1ccc2c(n1)CCN(C(=O)C1CCC1)C2,True,pass,True,0,0,,,True,True,True,True,True,True,True,True,True,True,True,True,True,True,True,True,True,True,True,True,True,True
pose000713,713,OC1CCN(c2cccc(Cc3ccc(F)cc3)c2)CC1,True,pass,True,0,0,,,True,True,True,True,True,True,True,True,True,True,True,True,True,True,True,True,True,True,True,True,True,True
pose000714,714,CC(=O)c1ccc(Nc2ncc(F)c(-c3cnc(C)n3C(C)C)n2)cc1,True,pass,True,0,0,,,True,True,True,True,True,True,True,True,True,True,True,True,True,True,True,True,True,True,True,True,True,True
pose000715,715,Cc1ncc(-c2nc(Nc3ccc(N4CCOCC4)cc3)ncc2F)n1C(C)C,True,pass,True,0,0,,,True,True,True,True,True,True,True,True,True,True,True,True,True,True,True,True,True,True,True,True,True,True
pose000716,716,CN1CCN(c2cccc(C(=O)Nc3cccnc3)c2)CC1,True,pass,True,0,0,,,True,True,True,True,True,True,True,True,True,True,True,True,True,True,True,True,True,True,True,True,True,True
pose000717,717,C=C(C)N(C)C(=O)c1ccc(Nc2ncc(F)c(-c3cnc(C)n3C(C)C)n2)cc1F,True,pass,True,0,0,,,True,True,True,True,True,True,True,True,True,True,True,True,True,True,True,True,True,True,True,True,True,True
pose000718,718,NCCCCNC(=O)c1ccc(CNc2nc(N[C@H]3CC[C@H](N)CC3)nc3c2ncn3C2CCCC2)cc1,True,pass,True,0,0,,,True,True,True,True,True,True,True,True,True,True,True,True,True,True,True,True,True,True,True,True,True,True
pose000719,719,Nc1nc2ccc(C(=O)c3ccc(Br)cc3C(=O)O)cn2c1N1CCCC1,True,pass,True,0,0,,,True,True,True,True,True,True,True,True,True,True,True,True,True,True,True,True,True,True,True,True,True,True
pose000720,720,CC(=Cc1ccc(Nc2ncc(F)c(-c3cnc(C)n3C(C)C)n2)cc1F)CS,True,pass,True,0,0,,,True,True,True,True,True,True,True,True,True,True,True,True,True,True,True,True,True,True,True,True,True,True
pose000721,721,Cc1cc(Nc2ncc(Br)c(N[C@H](C)[C@H](C)O)n2)ccc1S(C)(=N)=O,True,pass,True,0,0,,,True,True,True,True,True,True,True,True,True,True,True,True,True,True,True,True,True,True,True,True,True,True
pose000722,722,C1=C(c2cc(NCc3ccc(N4CCCNCC4)cn3)ccn2)CC1,True,pass,True,0,0,,,True,True,True,True,True,True,True,True,True,True,True,True,True,True,True,True,True,True,True,True,True,True
pose000723,723,C=CC(=O)Nc1ccc(C(=O)N2CCCC(Nc3ncc(C=Cc4ncc(C(C)(C)C)o4)s3)C2)cc1,True,pass,True,0,0,,,True,True,True,True,True,True,True,True,True,True,True,True,True,True,True,True,True,True,True,True,True,True
pose000724,724,NS(=O)(=O)c1ccc(-c2ccc(-c3ccccc3)cc2)cc1,True,pass,True,0,0,,,True,True,True,True,True,True,True,True,True,True,True,True,True,True,True,True,True,True,True,True,True,True
pose000725,725,Cc1ncc(-c2ccnc(NC(=O)C(C)C)n2)n1C(C)C,True,pass,True,0,0,,,True,True,True,True,True,True,True,True,True,True,True,True,True,True,True,True,True,True,True,True,True,True
pose000726,726,CC(C)N(C)c1ccc(-c2ccc(S(N)(=O)=O)cc2)cc1,True,pass,True,0,0,,,True,True,True,True,True,True,True,True,True,True,True,True,True,True,True,True,True,True,True,True,True,True
pose000727,727,CC(=O)N1CC=C(Nc2cccc3c2OCCCC3)CC1,True,pass,True,0,0,,,True,True,True,True,True,True,True,True,True,True,True,True,True,True,True,True,True,True,True,True,True,True
pose000728,728,CCn1c(-c2ccnc(Nc3ccc(S(=O)(=O)NCCOC)cc3)n2)cnc1C,True,pass,True,0,0,,,True,True,True,True,True,True,True,True,True,True,True,True,True,True,True,True,True,True,True,True,True,True
pose000729,729,CCNC(=O)c1ccc(Nc2ncc(F)c(-c3cnc(C)n3C(C)C)n2)cc1SC,True,pass,True,0,0,,,True,True,True,True,True,True,True,True,True,True,True,True,True,True,True,True,True,True,True,True,True,True
pose000730,730,Cc1cc(S(=O)(=O)N(C)C)ccc1Nc1ccccc1,True,pass,True,0,0,,,True,True,True,True,True,True,True,True,True,True,True,True,True,True,True,True,True,True,True,True,True,True
pose000731,731,Cc1c(N[C@H]2CCCNC2)nc2ccnn2c1-c1ccc(O)c(Br)c1,True,pass,True,0,0,,,True,True,True,True,True,True,True,True,True,True,True,True,True,True,True,True,True,True,True,True,True,True
pose000732,732,O=C(Nc1ccccn1)Nc1cccc2c1[C@H]1CCCN1C2=O,True,pass,True,0,0,,,True,True,True,True,True,True,True,True,True,True,True,True,True,True,True,True,True,True,True,True,True,True
pose000733,733,Cc1ncc(-c2ccnc(Nc3ccc(Cl)cc3)n2)n1C(C)C,True,pass,True,0,0,,,True,True,True,True,True,True,True,True,True,True,True,True,True,True,True,True,True,True,True,True,True,True
pose000734,734,NS(=O)(=O)c1ccc(-c2ccnc(N3CCCC3)n2)cc1,True,pass,True,0,0,,,True,True,True,True,True,True,True,True,True,True,True,True,True,True,True,True,True,True,True,True,True,True
pose000735,735,O=C(c1ccc(NCCc2ccccc2)cc1)N1CCCC1,True,pass,True,0,0,,,True,True,True,True,True,True,True,True,True,True,True,True,True,True,True,True,True,True,True,True,True,True
pose000736,736,NC(=O)c1ccc(-c2ccc(N3CCOCC3)cc2)cc1,True,pass,True,0,0,,,True,True,True,True,True,True,True,True,True,True,True,True,True,True,True,True,True,True,True,True,True,True
pose000737,737,CCN1CCC(c2ccc(Nc3ncc(F)c(-c4cc(F)c5nc6n(c5c4)C(C)(C)CC6)n3)nc2)CC1,True,pass,True,0,0,,,True,True,True,True,True,True,True,True,True,True,True,True,True,True,True,True,True,True,True,True,True,True
pose000738,738,CC(C)c1cccc(CC(=O)Cc2ccc(S(N)(=O)=O)cc2)c1,True,pass,True,0,0,,,True,True,True,True,True,True,True,True,True,True,True,True,True,True,True,True,True,True,True,True,True,True
pose000739,739,Cc1ncc(-c2nc(CC(=O)NC(C)C)ncc2F)n1C(C)C,True,pass,True,0,0,,,True,True,True,True,True,True,True,True,True,True,True,True,True,True,True,True,True,True,True,True,True,True
pose000740,740,O=C1NC(=O)C(n2c(O)ccc2O)=C1c1coc2cc(CO)ccc12,True,pass,True,0,0,,,True,True,True,True,True,True,True,True,True,True,True,True,True,True,True,True,True,True,True,True,True,True
pose000741,741,Nc1ncnc2occ(-c3ccc(NC4CCC(C5CCNCC5)C4)cc3)c12,True,pass,True,0,0,,,True,True,True,True,True,True,True,True,True,True,True,True,True,True,True,True,True,True,True,True,True,True
pose000742,742,CN(C)C(=O)c1ccc(NC(=O)c2ccccc2)nc1,True,pass,True,0,0,,,True,True,True,True,True,True,True,True,True,True,True,True,True,True,True,True,True,True,True,True,True,True
pose000743,743,CC(=CNC=CC(=O)c1ccc(Nc2ncc(F)c(-c3cnc(C)n3C(C)C)n2)cc1F)NSF,True,pass,True,0,0,,,True,True,True,True,True,True,True,True,True,True,True,True,True,True,True,True,True,True,True,True,True,True
pose000744,744,Cc1ncc(-c2ccnc(Nc3ccc(C(=O)N(C)C)c(F)c3)n2)n1C(C)C,True,pass,True,0,0,,,True,True,True,True,True,True,True,True,True,True,True,True,True,True,True,True,True,True,True,True,True,True
pose000745,745,CCCc1ccc(-c2ccc(S(N)(=O)=O)cc2)cc1F,True,pass,True,0,0,,,True,True,True,True,True,True,True,True,True,True,True,True,True,True,True,True,True,True,True,True,True,True
pose000746,746,C=C(C)N[C@@H]1CCN(C(=O)c2ccc(Nc3ncc(F)c(-c4cnc(C)n4C(C)C)n3)cc2)C1,True,pass,True,0,0,,,True,True,True,True,True,True,True,True,True,True,True,True,True,True,True,True,True,True,True,True,True,True
pose000747,747,COc1ccc(-c2ccc(C(=O)N3CCC(O)CC3)cc2)cc1,True,fail,False,1,0,internal_energy,,True,True,True,True,True,True,True,True,True,True,True,True,False,True,True,True,True,True,True,True,True,True
pose000748,748,Cc1cc(S(=O)(=O)NC2CC2)ccc1Cc1ccccc1,True,pass,True,0,0,,,True,True,True,True,True,True,True,True,True,True,True,True,True,True,True,True,True,True,True,True,True,True
pose000749,749,NC(=O)c1ccc(Nc2nc(N)c(N=O)c(OCC3CCCCC3)n2)cc1,True,pass,True,0,0,,,True,True,True,True,True,True,True,True,True,True,True,True,True,True,True,True,True,True,True,True,True,True
pose000750,750,CC(C)=CNc1ccc(CC(=O)c2ccc(Nc3ncc(F)c(-c4cnc(C)n4C(C)C)n3)cc2)cc1,True,pass,True,0,0,,,True,True,True,True,True,True,True,True,True,True,True,True,True,True,True,True,True,True,True,True,True,True
pose000751,751,O=C(Nc1[nH]nc2nc(-c3cccc(O)c3)ccc12)C1CC1,True,pass,True,0,0,,,True,True,True,True,True,True,True,True,True,True,True,True,True,True,True,True,True,True,True,True,True,True
pose000752,752,CCN(c1ccc(-c2ccc(S(N)(=O)=O)cc2)nc1)C(C)C,True,pass,True,0,0,,,True,True,True,True,True,True,True,True,True,True,True,True,True,True,True,True,True,True,True,True,True,True
pose000753,753,COc1ccc(N2CCN(c3ccccc3)CCNC2)cc1,True,pass,True,0,0,,,True,True,True,True,True,True,True,True,True,True,True,True,True,True,True,True,True,True,True,True,True,True
pose000754,754,Cc1ncc(-c2ccnc(-c3ccnc(Nc4ccc(C(N)=O)cc4)n3)n2)n1C(C)C,True,pass,True,0,0,,,True,True,True,True,True,True,True,True,True,True,True,True,True,True,True,True,True,True,True,True,True,True
pose000755,755,CCOC(=O)c1cnn2c(-c3ccc(Cl)cc3)nc(NCc3ccccc3)nc12,True,pass,True,0,0,,,True,True,True,True,True,True,True,True,True,True,True,True,True,True,True,True,True,True,True,True,True,True
pose000756,756,O=C1C(c2[nH]c3ccccc3c2O)=Nc2ccccc21,True,pass,True,0,0,,,True,True,True,True,True,True,True,True,True,True,True,True,True,True,True,True,True,True,True,True,True,True
pose000757,757,NC(=O)c1ccc(OC(=O)N2CCN(c3ccccc3)CC2)cc1,True,pass,True,0,0,,,True,True,True,True,True,True,True,True,True,True,True,True,True,True,True,True,True,True,True,True,True,True
pose000758,758,CC(C)c1[nH]nc2c(NCc3ccc(-c4ccccn4)cc3)nc(C(C)(C)O)nc12,True,pass,True,0,0,,,True,True,True,True,True,True,True,True,True,True,True,True,True,True,True,True,True,True,True,True,True,True
pose000759,759,C=C(C)n1c(CC(=O)c2ccc(Nc3ncc(F)c(-c4cnc(C)n4C(C)C)n3)cc2F)cnc1C,True,pass,True,0,0,,,True,True,True,True,True,True,True,True,True,True,True,True,True,True,True,True,True,True,True,True,True,True
pose000760,760,CCN(CCCc1ccc(Nc2ncc(C(F)(F)F)c(OC3CCCCC3)n2)cc1)C(C)=O,True,pass,True,0,0,,,True,True,True,True,True,True,True,True,True,True,True,True,True,True,True,True,True,True,True,True,True,True
pose000761,761,CN(C(=O)c1ccc(C(N)=O)cc1)c1ccccc1Cl,True,pass,True,0,0,,,True,True,True,True,True,True,True,True,True,True,True,True,True,True,True,True,True,True,True,True,True,True
pose000762,762,Cc1ncc(-c2ccnc(Nc3cccnc3)n2)n1C(C)C,True,pass,True,0,0,,,True,True,True,True,True,True,True,True,True,True,True,True,True,True,True,True,True,True,True,True,True,True
pose000763,763,CN(C)S(=O)(=O)c1ccc(NC(=O)c2ncoc2-c2ccc(N3CCCC3=O)cc2)cc1,True,pass,True,0,0,,,True,True,True,True,True,True,True,True,True,True,True,True,True,True,True,True,True,True,True,True,True,True
pose000764,764,CC(C)Nc1ccc(-c2ccc(S(N)(=O)=O)cc2)cc1,True,pass,True,0,0,,,True,True,True,True,True,True,True,True,True,True,True,True,True,True,True,True,True,True,True,True,True,True
pose000765,765,CC(=CC(=N)c1ccc(Nc2ncc(F)c(-c3cnc(C)n3C(C)C)n2)cc1)C(=O)c1cnc(C)n1C(C)C,True,pass,True,0,0,,,True,True,True,True,True,True,True,True,True,True,True,True,True,True,True,True,True,True,True,True,True,True
pose000766,766,Cc1nc2c(F)cc(-c3nc(Nc4ccc5c(n4)CCN(C(=O)CN(C)C)C5)ncc3F)cc2n1C(C)C,True,pass,True,0,0,,,True,True,True,True,True,True,True,True,True,True,True,True,True,True,True,True,True,True,True,True,True,True
pose000767,767,CC(=O)Nc1ccc(Cc2ccc(C=C3CC(=O)NC(=N)S3)cc2)cc1,True,pass,True,0,0,,,True,True,True,True,True,True,True,True,True,True,True,True,True,True,True,True,True,True,True,True,True,True
pose000768,768,O=C(NC1CCCC1)c1ccc(CN2CCCCC2)cc1,True,pass,True,0,0,,,True,True,True,True,True,True,True,True,True,True,True,True,True,True,True,True,True,True,True,True,True,True
pose000769,769,NS(=O)(=O)c1ccc(OCc2c(F)cccc2F)cc1,True,pass,True,0,0,,,True,True,True,True,True,True,True,True,True,True,True,True,True,True,True,True,True,True,True,True,True,True
pose000770,770,C=C1N=C([C@H]2CC[C@H](N)CC2)C=C(Nc2ccc(F)c(Cl)c2)N1N,True,pass,True,0,0,,,True,True,True,True,True,True,True,True,True,True,True,True,True,True,True,True,True,True,True,True,True,True
pose000771,771,Cc1ncc(-c2nc(C(=O)NC(=O)N(C)C)ncc2F)n1C(C)C,True,pass,True,0,0,,,True,True,True,True,True,True,True,True,True,True,True,True,True,True,True,True,True,True,True,True,True,True
pose000772,772,CN1CCN(c2ccc(NCc3ccccc3F)cc2)CC1,True,pass,True,0,0,,,True,True,True,True,True,True,True,True,True,True,True,True,True,True,True,True,True,True,True,True,True,True
pose000773,773,Cc1ncc(-c2ccnc(Nc3ccc(C(=O)CN)cc3)n2)n1C(C)C,True,pass,True,0,0,,,True,True,True,True,True,True,True,True,True,True,True,True,True,True,True,True,True,True,True,True,True,True
pose000774,774,CCCc1ccc(Sc2ccc(S(N)(=O)=O)cc2)cc1,True,pass,True,0,0,,,True,True,True,True,True,True,True,True,True,True,True,True,True,True,True,True,True,True,True,True,True,True
pose000775,775,O=C(Cc1ccc(Br)cc1)Nc1[nH]nc2ccc(N3CCCS3(=O)=O)cc12,True,pass,True,0,0,,,True,True,True,True,True,True,True,True,True,True,True,True,True,True,True,True,True,True,True,True,True,True
pose000776,776,CCS(=N)(=O)c1ccc(Nc2ncc(Br)c(N[C@H](COC)[C@H](C)O)n2)cc1,True,pass,True,0,0,,,True,True,True,True,True,True,True,True,True,True,True,True,True,True,True,True,True,True,True,True,True,True
pose000777,777,CC(=O)Nc1nc(C)c(F)c(-c2cnc(C)n2C(C)C)n1,True,pass,True,0,0,,,True,True,True,True,True,True,True,True,True,True,True,True,True,True,True,True,True,True,True,True,True,True
pose000778,778,O=C(c1ccccc1)N1CCc2nc(NC3CC3)ccc2C1,True,pass,True,0,0,,,True,True,True,True,True,True,True,True,True,True,True,True,True,True,True,True,True,True,True,True,True,True
pose000779,779,COc1ccc(-c2nn(-c3ccccc3)cc2C(=O)NC(=S)Nc2ccc(C)cc2)cc1,True,pass,True,0,0,,,True,True,True,True,True,True,True,True,True,True,True,True,True,True,True,True,True,True,True,True,True,True
pose000780,780,Cc1c(N[C@H]2CCCNC2)nc2ccnn2c1Nc1ccc2c(cnn2C)c1,True,pass,True,0,0,,,True,True,True,True,True,True,True,True,True,True,True,True,True,True,True,True,True,True,True,True,True,True
pose000781,781,Cc1ncc(-c2ccc(NC(=O)CC(C)C)cc2)n1C(C)C,True,pass,True,0,0,,,True,True,True,True,True,True,True,True,True,True,True,True,True,True,True,True,True,True,True,True,True,True
pose000782,782,CC(C)=Cc1cccc2[nH]c(O)c(NNc3ccc(S(N)(=O)=O)cc3)c12,True,pass,True,0,0,,,True,True,True,True,True,True,True,True,True,True,True,True,True,True,True,True,True,True,True,True,True,True
pose000783,783,O=C(Nc1ccc(N2CCCCC2=O)cc1)c1ccccc1,True,pass,True,0,0,,,True,True,True,True,True,True,True,True,True,True,True,True,True,True,True,True,True,True,True,True,True,True
pose000784,784,Cc1ncc(-c2ccnc(Nc3nc(-c4ccnc(Nc5ccc(C(N)=O)cc5)n4)ncc3S)n2)n1C(C)C,True,pass,True,0,0,,,True,True,True,True,True,True,True,True,True,True,True,True,True,True,True,True,True,True,True,True,True,True
pose000785,785,NC(=O)C1CCC(N2CC=C(c3ccccc3)CC2)CC1,True,pass,True,0,0,,,True,True,True,True,True,True,True,True,True,True,True,True,True,True,True,True,True,True,True,True,True,True
pose000786,786,NS(=O)(=O)c1ccc(NC(=O)Cc2ccccc2)cc1,True,pass,True,0,0,,,True,True,True,True,True,True,True,True,True,True,True,True,True,True,True,True,True,True,True,True,True,True
