pose_id,record_position,smiles,parsed,status,pb_pass,n_failed,n_missing,failed_checks,missing_checks,mol_pred_loaded,mol_cond_loaded,sanitization,inchi_convertible,all_atoms_connected,no_radicals,bond_lengths,bond_angles,internal_steric_clash,aromatic_ring_flatness,non-aromatic_ring_non-flatness,double_bond_flatness,internal_energy,protein-ligand_maximum_distance,minimum_distance_to_protein,minimum_distance_to_organic_cofactors,minimum_distance_to_inorganic_cofactors,minimum_distance_to_waters,volume_overlap_with_protein,volume_overlap_with_organic_cofactors,volume_overlap_with_inorganic_cofactors,volume_overlap_with_waters
pose000000,0,N#Cc1cccc(Nc2nccc(-c3cnn4ncccc34)n2)c1,True,pass,True,0,0,,,True,True,True,True,True,True,True,True,True,True,True,True,True,True,True,True,True,True,True,True,True,True
pose000001,1,N=S(=O)(c1ccc2c(c1)N(c1ccc([N+](=O)[O-])cc1C(=O)O)CCN2)C1CC1,True,pass,True,0,0,,,True,True,True,True,True,True,True,True,True,True,True,True,True,True,True,True,True,True,True,True,True,True
pose000002,2,Clc1cccc(CN2CCCN(c3ccccc3)CCN2)c1,True,pass,True,0,0,,,True,True,True,True,True,True,True,True,True,True,True,True,True,True,True,True,True,True,True,True,True,True
pose000003,3,CC(S)S(=O)(=O)NSS(=O)(=O)S(=O)(=S)c1ccc(Nc2ncc(Br)c(N[C@H](C)[C@@H](C)O)n2)cc1,True,pass,True,0,0,,,True,True,True,True,True,True,True,True,True,True,True,True,True,True,True,True,True,True,True,True,True,True
pose000004,4,CNC(=O)c1ccc(-c2cccc(C(=O)N(C)C)c2)c(F)c1,True,pass,True,0,0,,,True,True,True,True,True,True,True,True,True,True,True,True,True,True,True,True,True,True,True,True,True,True
pose000005,5,CCN(CC)CCNC(=O)c1cccc(Nc2nccc(-c3cnn4ncccc34)n2)c1,True,pass,True,0,0,,,True,True,True,True,True,True,True,True,True,True,True,True,True,True,True,True,True,True,True,True,True,True
pose000006,6,CCOc1ccc(C(=O)Nc2ccc(OC)cc2)cc1,True,pass,True,0,0,,,True,True,True,True,True,True,True,True,True,True,True,True,True,True,True,True,True,True,True,True,True,True
pose000007,7,Cc1ncc(-c2nc(NC(=O)CN)ncc2F)n1C(C)C,True,pass,True,0,0,,,True,True,True,True,True,True,True,True,True,True,True,True,True,True,True,True,True,True,True,True,True,True
pose000008,8,O=C(Nc1ccc(C(=O)N2CCCC2)cc1Cl)c1ccccc1,True,pass,True,0,0,,,True,True,True,True,True,True,True,True,True,True,True,True,True,True,True,True,True,True,True,True,True,True
pose000009,9,O=C(c1ccccc1)N1CCN(Cc2ccc3c(n2)CCNC3)CC1,True,pass,True,0,0,,,True,True,True,True,True,True,True,True,True,True,True,True,True,True,True,True,True,True,True,True,True,True
pose000010,10,Cc1ncc(-c2nc(NCC3CC3)ncc2F)n1C(C)C,True,pass,True,0,0,,,True,True,True,True,True,True,True,True,True,True,True,True,True,True,True,True,True,True,True,True,True,True
pose000011,11,Nc1nccc(-n2cc(-c3ccc(Cl)cc3)c3cnccc32)n1,True,pass,True,0,0,,,True,True,True,True,True,True,True,True,True,True,True,True,True,True,True,True,True,True,True,True,True,True
pose000012,12,C[C@H](N)Oc1nc(Nc2ccc(NNc3ccc(S(=O)(=O)[SH](=O)O)cc3)cc2)ncc1C(F)(F)F,True,fail,False,1,1,no_radicals,internal_energy,True,True,True,True,True,False,True,True,True,True,True,True,,True,True,True,True,True,True,True,True,True
pose000013,13,O=C(NC1CCCC1)c1ccc(-c2nccc(-c3c[nH]c4cnccc34)n2)cc1,True,pass,True,0,0,,,True,True,True,True,True,True,True,True,True,True,True,True,True,True,True,True,True,True,True,True,True,True
pose000014,14,Cc1cnc(Nc2ccc(OCC(O)CN(C)C)cc2)nc1Nc1ccccc1,True,pass,True,0,0,,,True,True,True,True,True,True,True,True,True,True,True,True,True,True,True,True,True,True,True,True,True,True
pose000015,15,Cc1ncc(-c2ccnc(Nc3ccc(C(C)C)cc3)n2)n1C(C)C,True,pass,True,0,0,,,True,True,True,True,True,True,True,True,True,True,True,True,True,True,True,True,True,True,True,True,True,True
pose000016,16,Cc1ncc(-c2nc(Nc3ccc(C=O)c(F)c3)ncc2F)n1-c1ncc(F)c(-c2cnc(C)n2C(C)C)n1,True,pass,True,0,0,,,True,True,True,True,True,True,True,True,True,True,True,True,True,True,True,True,True,True,True,True,True,True
pose000017,17,C=CNC(=O)N1CCC(c2ccc(O)c(-c3cc(C)nc(N)n3)c2)CC1,True,pass,True,0,0,,,True,True,True,True,True,True,True,True,True,True,True,True,True,True,True,True,True,True,True,True,True,True
pose000018,18,Cc1cccc(Nc2ccc(N3CCOCC3)cc2)c1,True,pass,True,0,0,,,True,True,True,True,True,True,True,True,True,True,True,True,True,True,True,True,True,True,True,True,True,True
pose000019,19,O=C(O)Nc1ccc(-c2ccc(C(F)(F)F)cc2C(=O)O)nn1,True,pass,True,0,0,,,True,True,True,True,True,True,True,True,True,True,True,True,True,True,True,True,True,True,True,True,True,True
pose000020,20,Cc1nc2c(F)cc(-c3nc(Nc4ccc5c(n4)CCN(C[C@@H](O)CN(C)C)C5)ncc3F)cc2n1C1CC1,True,pass,True,0,0,,,True,True,True,True,True,True,True,True,True,True,True,True,True,True,True,True,True,True,True,True,True,True
pose000021,21,CC(=O)N1CCC(Nc2ncc3c(n2)CN(Nc2ccccc2Cl)CC3)CC1,True,pass,True,0,0,,,True,True,True,True,True,True,True,True,True,True,True,True,True,True,True,True,True,True,True,True,True,True
pose000022,22,CN1CCN(CCCCOc2c(OCc3ccc(C#N)cc3)cc(O)c3c(=O)cc(-c4ccccc4)oc23)CC1,True,pass,True,0,0,,,True,True,True,True,True,True,True,True,True,True,True,True,True,True,True,True,True,True,True,True,True,True
pose000023,23,CCNc1ncc2c(n1)CN(c1ccc(C(C)(C)C)cc1)CC2,True,pass,True,0,0,,,True,True,True,True,True,True,True,True,True,True,True,True,True,True,True,True,True,True,True,True,True,True
pose000024,24,O=C(Nc1ccccc1)N1CCN(Cc2ccccc2)CC1,True,pass,True,0,0,,,True,True,True,True,True,True,True,True,True,True,True,True,True,True,True,True,True,True,True,True,True,True
pose000025,25,CN1CCN(Cc2ccc(NC3CCCC3)cc2)CC1,True,pass,True,0,0,,,True,True,True,True,True,True,True,True,True,True,True,True,True,True,True,True,True,True,True,True,True,True
pose000026,26,COc1cc(C2=C(c3cn(COC(C)(C)C)c4ccccc34)CNC2=O)cc(CN(C)C)c1OC,True,pass,True,0,0,,,True,True,True,True,True,True,True,True,True,True,True,True,True,True,True,True,True,True,True,True,True,True
pose000027,27,CN(C)CC(O)COc1ccc(Nc2nccc(C3CCC(N)CC3)n2)cc1,True,pass,True,0,0,,,True,True,True,True,True,True,True,True,True,True,True,True,True,True,True,True,True,True,True,True,True,True
pose000028,28,Cc1cccc(C(=O)Nc2ccc(CN3CCCC3=O)cc2)c1C,True,pass,True,0,0,,,True,True,True,True,True,True,True,True,True,True,True,True,True,True,True,True,True,True,True,True,True,True
pose000029,29,COc1ccccc1Nc1ccc(N2CCN(C(C)=O)CC2)cc1,True,pass,True,0,0,,,True,True,True,True,True,True,True,True,True,True,True,True,True,True,True,True,True,True,True,True,True,True
pose000030,30,CC[C@H](Nc1nc(NCCOC)c2ncn(C(C)C)c2n1)C(=O)C(C)(C)C,True,pass,True,0,0,,,True,True,True,True,True,True,True,True,True,True,True,True,True,True,True,True,True,True,True,True,True,True
pose000031,31,CCc1cc(C)nc(-c2ccc(N3CCCNCC3)cc2)n1,True,pass,True,0,0,,,True,True,True,True,True,True,True,True,True,True,True,True,True,True,True,True,True,True,True,True,True,True
pose000032,32,CCC(=O)N1CCc2cnc(Nc3ccc(C(C)C)cc3)nc2C1,True,pass,True,0,0,,,True,True,True,True,True,True,True,True,True,True,True,True,True,True,True,True,True,True,True,True,True,True
pose000033,33,CC(=O)Nc1ccc(CNc2nc(NC3CCN(C)CC3)nc3c(C(C)C)cnn23)cc1,True,pass,True,0,0,,,True,True,True,True,True,True,True,True,True,True,True,True,True,True,True,True,True,True,True,True,True,True
pose000034,34,Cc1ncc(-c2nc(NC(=O)NN3CCC3)ncc2F)n1C(C)C,True,pass,True,0,0,,,True,True,True,True,True,True,True,True,True,True,True,True,True,True,True,True,True,True,True,True,True,True
pose000035,35,CCCc1ccc(-c2ccc(S(N)(=O)=O)cc2)cc1C,True,pass,True,0,0,,,True,True,True,True,True,True,True,True,True,True,True,True,True,True,True,True,True,True,True,True,True,True
pose000036,36,N=C1NC(=O)/C(=C/c2ccc(-c3ccc(S(N)(=O)=O)c(C(F)(F)F)c3)o2)S1,True,pass,True,0,0,,,True,True,True,True,True,True,True,True,True,True,True,True,True,True,True,True,True,True,True,True,True,True
pose000037,37,CN(C)c1cc(Cl)cc(Cc2ccc(C(N)=O)cc2)c1,True,pass,True,0,0,,,True,True,True,True,True,True,True,True,True,True,True,True,True,True,True,True,True,True,True,True,True,True
pose000038,38,O=C(c1ccccc1)N1CCN(c2ccccc2Cl)CC1,True,pass,True,0,0,,,True,True,True,True,True,True,True,True,True,True,True,True,True,True,True,True,True,True,True,True,True,True
pose000039,39,Cc1cc(CN2CCCCCC2)nc(CN2CCCNCC2)n1,True,pass,True,0,0,,,True,True,True,True,True,True,True,True,True,True,True,True,True,True,True,True,True,True,True,True,True,True
pose000040,40,CN(C)C(=O)c1cccc(Nc2cccc(C(=O)N3CCCC3)c2)c1,True,pass,True,0,0,,,True,True,True,True,True,True,True,True,True,True,True,True,True,True,True,True,True,True,True,True,True,True
pose000041,41,C=C(C)c1cccc(Cc2ccc(S(N)(=O)=O)cc2)c1,True,pass,True,0,0,,,True,True,True,True,True,True,True,True,True,True,True,True,True,True,True,True,True,True,True,True,True,True
pose000042,42,CCCN1CCc2cnc(Nc3ccc(C(C)C)cc3)nc2C1,True,pass,True,0,0,,,True,True,True,True,True,True,True,True,True,True,True,True,True,True,True,True,True,True,True,True,True,True
pose000043,43,C=C(CO)c1ccc(-c2ccc(S(N)(=O)=O)cc2)cc1,True,pass,True,0,0,,,True,True,True,True,True,True,True,True,True,True,True,True,True,True,True,True,True,True,True,True,True,True
pose000044,44,CN1CCCN(NC(=O)CCc2cn(C)c3ccc(Cl)cc23)CC1,True,pass,True,0,0,,,True,True,True,True,True,True,True,True,True,True,True,True,True,True,True,True,True,True,True,True,True,True
pose000045,45,CCC(C)[C@@H]1CNC(=O)c2cc3cnc(Nc4ccc(NC(C)=O)cn4)nc3n21,True,pass,True,0,0,,,True,True,True,True,True,True,True,True,True,True,True,True,True,True,True,True,True,True,True,True,True,True
pose000046,46,COS(=O)(=S)c1ccc(Nc2ncc(Br)c(N[C@H](C)S(C)(=N)=O)n2)cc1,True,pass,True,0,0,,,True,True,True,True,True,True,True,True,True,True,True,True,True,True,True,True,True,True,True,True,True,True
pose000047,47,Cc1ncc(-c2nc(NC(=O)C3CCC3)ncc2F)n1C(C)C,True,pass,True,0,0,,,True,True,True,True,True,True,True,True,True,True,True,True,True,True,True,True,True,True,True,True,True,True
pose000048,48,COc1cc(F)ccc1Nc1ccc(C(=O)N2CCCC2)cc1,True,pass,True,0,0,,,True,True,True,True,True,True,True,True,True,True,True,True,True,True,True,True,True,True,True,True,True,True
pose000049,49,CN1CCCN(c2ccc(-c3ccc(CCN)cc3)cc2)CC1,True,pass,True,0,0,,,True,True,True,True,True,True,True,True,True,True,True,True,True,True,True,True,True,True,True,True,True,True
pose000050,50,NS(=O)(=O)c1ccc(N=Nc2c(O)[nH]c3ccc(Cc4c(=O)[nH]c5ccc6[nH]cccc6c45)cc23)cc1,True,pass,True,0,0,,,True,True,True,True,True,True,True,True,True,True,True,True,True,True,True,True,True,True,True,True,True,True
pose000051,51,O=C(Cc1ccc(-c2ccncc2F)cc1)NC1CCCC1,True,pass,True,0,0,,,True,True,True,True,True,True,True,True,True,True,True,True,True,True,True,True,True,True,True,True,True,True
pose000052,52,CC(=O)Nc1ccc(NC(=O)c2ccc(F)cc2)cc1,True,pass,True,0,0,,,True,True,True,True,True,True,True,True,True,True,True,True,True,True,True,True,True,True,True,True,True,True
pose000053,53,CC(=O)Nc1ccc(C(C)C(=O)NCc2cccc3ccccc23)cc1,True,pass,True,0,0,,,True,True,True,True,True,True,True,True,True,True,True,True,True,True,True,True,True,True,True,True,True,True
pose000054,54,CN1CCN(C(=O)c2ccc(CCc3ccc(N)nc3)cc2)CC1,True,pass,True,0,0,,,True,True,True,True,True,True,True,True,True,True,True,True,True,True,True,True,True,True,True,True,True,True
pose000055,55,Cc1ncc(-c2ccnc(Nc3ccc(S(=O)(=S)S(=O)(=O)SS(C)(=N)=O)cc3)n2)n1C(C)C,True,pass,True,0,0,,,True,True,True,True,True,True,True,True,True,True,True,True,True,True,True,True,True,True,True,True,True,True
pose000056,56,CN(C)C(=O)c1ccc(-c2ccc(CC(=O)O)cc2)cc1,True,pass,True,0,0,,,True,True,True,True,True,True,True,True,True,True,True,True,True,True,True,True,True,True,True,True,True,True
pose000057,57,NC(C(=O)Nc1cc(C2CC2)[nH]n1)c1ccccc1,True,pass,True,0,0,,,True,True,True,True,True,True,True,True,True,True,True,True,True,True,True,True,True,True,True,True,True,True
pose000058,58,NC1CCC(Nc2nccc(-c3cn[nH]c3C(=O)c3c(F)cccc3F)n2)CC1,True,pass,True,0,0,,,True,True,True,True,True,True,True,True,True,True,True,True,True,True,True,True,True,True,True,True,True,True
pose000059,59,CC(C)S(=O)(=O)c1ccc(Nc2ncc(C(F)(F)F)c(O[C@H](C)[C@@H](C)O)n2)cc1,True,pass,True,0,0,,,True,True,True,True,True,True,True,True,True,True,True,True,True,True,True,True,True,True,True,True,True,True
pose000060,60,Cc1nc2c(F)cc(-c3nc(Nc4ncc5c(n4)CCN(C(=O)CN(C)C)C5)ncc3F)cc2n1C(C)C,True,pass,True,0,0,,,True,True,True,True,True,True,True,True,True,True,True,True,True,True,True,True,True,True,True,True,True,True
pose000061,61,Cc1ncc(NC(=O)Cc2cccc(F)c2)n1C(C)C,True,pass,True,0,0,,,True,True,True,True,True,True,True,True,True,True,True,True,True,True,True,True,True,True,True,True,True,True
pose000062,62,CN(C)CC(O)COc1ccc(Nc2ncc(Cl)c(Nc3ccccc3)n2)cc1,True,pass,True,0,0,,,True,True,True,True,True,True,True,True,True,True,True,True,True,True,True,True,True,True,True,True,True,True
pose000063,63,C=C(C)CC(=O)c1ccc(Nc2ncc(F)c(-c3cnc(C)n3C(C)C)n2)cc1,True,pass,True,0,0,,,True,True,True,True,True,True,True,True,True,True,True,True,True,True,True,True,True,True,True,True,True,True
pose000064,64,C[C@H](O[C@H](C)[C@@H](C)O[C@@H](C)O)S(=N)(=O)c1ccc(Nc2ncc(C(F)(F)F)c(O[C@H](C)[C@@H](C)O)n2)cc1,True,pass,True,0,0,,,True,True,True,True,True,True,True,True,True,True,True,True,True,True,True,True,True,True,True,True,True,True
pose000065,65,O=C(Cc1ccccc1)NCc1cccc(N2CCOCC2)c1,True,pass,True,0,0,,,True,True,True,True,True,True,True,True,True,True,True,True,True,True,True,True,True,True,True,True,True,True
pose000066,66,CC(C)OCc1nnc2sc(Cc3[nH]nc4[nH]c(=S)[nH]c(=S)c34)nn12,True,pass,True,0,0,,,True,True,True,True,True,True,True,True,True,True,True,True,True,True,True,True,True,True,True,True,True,True
pose000067,67,COc1ccc(C(=O)N(C)Cc2ccc(C(=O)O)cc2)cc1,True,pass,True,0,0,,,True,True,True,True,True,True,True,True,True,True,True,True,True,True,True,True,True,True,True,True,True,True
pose000068,68,CSC(=O)Nc1nccc(-c2ccc(S(N)(=O)=O)cc2)n1,True,pass,True,0,0,,,True,True,True,True,True,True,True,True,True,True,True,True,True,True,True,True,True,True,True,True,True,True
pose000069,69,C[C@H]([C@H](O)S)[C@@H](C)S(=O)(=O)[C@@H](C)OS(=O)(=O)c1ccc(Nc2ncc(C(F)(F)F)c(O[C@H](C)[C@H](O)S)n2)cc1,True,pass,True,0,0,,,True,True,True,True,True,True,True,True,True,True,True,True,True,True,True,True,True,True,True,True,True,True
pose000070,70,COCc1ccc(Nc2ccc(S(C)(=O)=O)cc2)cc1,True,pass,True,0,0,,,True,True,True,True,True,True,True,True,True,True,True,True,True,True,True,True,True,True,True,True,True,True
pose000071,71,CC(C1CC1)n1cnc2c(NCc3cccc(C(F)(F)F)c3)nc(NCC(N)=O)nc21,True,pass,True,0,0,,,True,True,True,True,True,True,True,True,True,True,True,True,True,True,True,True,True,True,True,True,True,True
pose000072,72,CCc1ccc(Nc2ncc3c(n2)CN(C2CC2)CC3)cc1,True,pass,True,0,0,,,True,True,True,True,True,True,True,True,True,True,True,True,True,True,True,True,True,True,True,True,True,True
pose000073,73,O=C1Cc2c(-c3ccc[nH]3)cc(NCCO)c3c(F)ccc(c23)N1,True,pass,True,0,0,,,True,True,True,True,True,True,True,True,True,True,True,True,True,True,True,True,True,True,True,True,True,True
pose000074,74,NOc1[nH]c2ccc(N=Cc3c(=O)[nH]c4ccc5[nH]cccc5c34)cc2c1N=Nc1ccc(S(N)(=O)=O)cc1,True,pass,True,0,0,,,True,True,True,True,True,True,True,True,True,True,True,True,True,True,True,True,True,True,True,True,True,True
pose000075,75,CN(C)C1CCN(c2ccc(Nc3ncc4cc5n(c4n3)C3(CCCCC3)CNC5=O)nn2)CC1,True,pass,True,0,0,,,True,True,True,True,True,True,True,True,True,True,True,True,True,True,True,True,True,True,True,True,True,True
pose000076,76,NS(=O)(=O)c1ccc(N=NN=Nc2ccc(-c3c(=O)[nH]c4ccc5[nH]cccc5c34)cc2)cc1,True,pass,True,0,0,,,True,True,True,True,True,True,True,True,True,True,True,True,True,True,True,True,True,True,True,True,True,True
pose000077,77,COc1cc(N2CCN(C)CC2)ccc1Nc1cc(-c2c[nH]c3cnccc23)ncn1,True,pass,True,0,0,,,True,True,True,True,True,True,True,True,True,True,True,True,True,True,True,True,True,True,True,True,True,True
pose000078,78,CC(C)(C)C(=O)Nc1ccc(Nc2ncc3cc4n(c3n2)C2(CCCCC2)CNC4=O)nc1,True,pass,True,0,0,,,True,True,True,True,True,True,True,True,True,True,True,True,True,True,True,True,True,True,True,True,True,True
pose000079,79,CC(C)CC(=O)Nc1[nH]nc2ccc(N3CCCS3(=O)=O)cc12,True,pass,True,0,0,,,True,True,True,True,True,True,True,True,True,True,True,True,True,True,True,True,True,True,True,True,True,True
pose000080,80,CC[C@H](CO)Nc1nc(NCc2ccc(NC(=O)C3CCOCC3)cc2)n2ncc(C(C)C)c2n1,True,pass,True,0,0,,,True,True,True,True,True,True,True,True,True,True,True,True,True,True,True,True,True,True,True,True,True,True
pose000081,81,CC(C)c1ccc(C(=O)Nc2ccc(S(N)(=O)=O)cc2)cc1,True,pass,True,0,0,,,True,True,True,True,True,True,True,True,True,True,True,True,True,True,True,True,True,True,True,True,True,True
pose000082,82,C=CC(=O)Nc1ccc(S(=O)(=O)N2CCC[C@@H](Nc3ncc(SCc4ncc(C(C)(C)C)o4)s3)C2)cc1,True,pass,True,0,0,,,True,True,True,True,True,True,True,True,True,True,True,True,True,True,True,True,True,True,True,True,True,True
pose000083,83,CC(C)c1c2cc(-c3nc(Nc4ccc(N5CCNCC5)cn4)ncc3F)ccc2nn1C,True,pass,True,0,0,,,True,True,True,True,True,True,True,True,True,True,True,True,True,True,True,True,True,True,True,True,True,True
pose000084,84,CN(C)C(=O)c1ccc(Nc2cccc(C(=O)N(C)C)c2)cc1,True,pass,True,0,0,,,True,True,True,True,True,True,True,True,True,True,True,True,True,True,True,True,True,True,True,True,True,True
pose000085,85,Oc1ccc(-c2nc(Nc3cccc(Cl)c3)nc3[nH]cnc23)cc1,True,pass,True,0,0,,,True,True,True,True,True,True,True,True,True,True,True,True,True,True,True,True,True,True,True,True,True,True
pose000086,86,c1ccc2[nH]c(-c3cc[nH]n3)nc2c1,True,pass,True,0,0,,,True,True,True,True,True,True,True,True,True,True,True,True,True,True,True,True,True,True,True,True,True,True
pose000087,87,CN(C)Cc1ccc(Nc2ncc3cc(C(=O)NC(C)(C)C)n(C4CCCC4)c3n2)nc1,True,pass,True,0,0,,,True,True,True,True,True,True,True,True,True,True,True,True,True,True,True,True,True,True,True,True,True,True
pose000088,88,NS(=O)(=O)c1ccc(Cc2ccc(C3=CCC3)cc2)cc1,True,pass,True,0,0,,,True,True,True,True,True,True,True,True,True,True,True,True,True,True,True,True,True,True,True,True,True,True
pose000089,89,C[C@@H](O)[C@@H](C)Oc1nc(Nc2ccc(S(=O)(=O)C(F)(F)[C@H](O)S)cc2)ncc1C(F)(F)F,True,pass,True,0,0,,,True,True,True,True,True,True,True,True,True,True,True,True,True,True,True,True,True,True,True,True,True,True
pose000090,90,Cc1nc2c(F)cc(-c3nc(Nc4ccc5c(n4)CCN(CCS(C)(=O)=NC#N)C5)ncc3F)cc2n1C(C)C,True,pass,True,0,0,,,True,True,True,True,True,True,True,True,True,True,True,True,True,True,True,True,True,True,True,True,True,True
pose000091,91,CN(C)C(=O)Nc1ccc(-c2ccc(N(C)C)cc2)cc1,True,pass,True,0,0,,,True,True,True,True,True,True,True,True,True,True,True,True,True,True,True,True,True,True,True,True,True,True
pose000092,92,C[C@@H]1CN(c2ccc(NC(=O)Nc3cc(C4CC4)[nH]n3)nc2)C[C@H](C)N1C[C@@H](C)O,True,pass,True,0,0,,,True,True,True,True,True,True,True,True,True,True,True,True,True,True,True,True,True,True,True,True,True,True
pose000093,93,CCC(=O)NCCCCn1nc(C(N)=O)c2c1-c1nc(Nc3ccccc3)ncc1CC2,True,pass,True,0,0,,,True,True,True,True,True,True,True,True,True,True,True,True,True,True,True,True,True,True,True,True,True,True
pose000094,94,CCOC(=O)n1cnc2c(NCc3cccc(O)c3)nc(NC(CO)C(C)C)nc21,True,pass,True,0,0,,,True,True,True,True,True,True,True,True,True,True,True,True,True,True,True,True,True,True,True,True,True,True
pose000095,95,Cc1ncc(-c2cn[nH]c2C(O)Sc2ccnc(Nc3ccc(C(N)=O)cc3)n2)n1C(C)C,True,pass,True,0,0,,,True,True,True,True,True,True,True,True,True,True,True,True,True,True,True,True,True,True,True,True,True,True
pose000096,96,Cc1ncc(Nc2ccc(N3CCOCC3)cc2)n1C(C)C,True,pass,True,0,0,,,True,True,True,True,True,True,True,True,True,True,True,True,True,True,True,True,True,True,True,True,True,True
pose000097,97,Cc1cccc(C(=O)Nc2ccc(N(C)C)cc2)c1C,True,pass,True,0,0,,,True,True,True,True,True,True,True,True,True,True,True,True,True,True,True,True,True,True,True,True,True,True
pose000098,98,NS(=O)(=O)c1ccc(Cc2ccc(C3CC3)cc2)nc1,True,pass,True,0,0,,,True,True,True,True,True,True,True,True,True,True,True,True,True,True,True,True,True,True,True,True,True,True
pose000099,99,Cc1ccc(NC(=O)Cc2ccccc2)c(OCC2CC2)c1,True,pass,True,0,0,,,True,True,True,True,True,True,True,True,True,True,True,True,True,True,True,True,True,True,True,True,True,True
pose000100,100,CC(=O)Nc1c[nH]nc1-c1nc2ccccc2[nH]1,True,pass,True,0,0,,,True,True,True,True,True,True,True,True,True,True,True,True,True,True,True,True,True,True,True,True,True,True
pose000101,101,COc1cc(F)ccc1C(=O)Nc1cc(C2CC[C@@H](OC(=O)N(C)C(C)C)C2)[nH]n1,True,pass,True,0,0,,,True,True,True,True,True,True,True,True,True,True,True,True,True,True,True,True,True,True,True,True,True,True
pose000102,102,CC(CO)Sc1nc(Nc2ccc(S(C)(=N)=O)cc2)ncc1Br,True,pass,True,0,0,,,True,True,True,True,True,True,True,True,True,True,True,True,True,True,True,True,True,True,True,True,True,True
pose000103,103,Cc1ncc(CN2CCCN(c3ccc(NC(C)(C)C)nc3)CC2)n1C(C)C,True,pass,True,0,0,,,True,True,True,True,True,True,True,True,True,True,True,True,True,True,True,True,True,True,True,True,True,True
pose000104,104,CC(=O)Nc1ccc(CCC(=O)Nc2ccccc2C)nc1,True,pass,True,0,0,,,True,True,True,True,True,True,True,True,True,True,True,True,True,True,True,True,True,True,True,True,True,True
pose000105,105,CCCCc1ccc(-c2ccc(S(N)(=O)=O)cc2)cc1,True,pass,True,0,0,,,True,True,True,True,True,True,True,True,True,True,True,True,True,True,True,True,True,True,True,True,True,True
pose000106,106,COc1ccnc(Nc2ccc(N3CCOCC3)cc2)n1,True,pass,True,0,0,,,True,True,True,True,True,True,True,True,True,True,True,True,True,True,True,True,True,True,True,True,True,True
pose000107,107,O=C(NN1CCN(c2ccccc2Cl)CC1)c1ccccc1,True,pass,True,0,0,,,True,True,True,True,True,True,True,True,True,True,True,True,True,True,True,True,True,True,True,True,True,True
pose000108,108,C=C(N=NN=Nc1c(O)[nH]c2ccc(C(=O)OC)cc12)N=Nc1ccc(S(N)(=O)=O)cc1,True,pass,True,0,0,,,True,True,True,True,True,True,True,True,True,True,True,True,True,True,True,True,True,True,True,True,True,True
pose000109,109,COc1ccc(CNC(=O)N(C)c2ccccc2)cc1,True,pass,True,0,0,,,True,True,True,True,True,True,True,True,True,True,True,True,True,True,True,True,True,True,True,True,True,True
pose000110,110,CC(C)C(C)Nc1cccc(-c2ccc(S(N)(=O)=O)cc2)c1,True,pass,True,0,0,,,True,True,True,True,True,True,True,True,True,True,True,True,True,True,True,True,True,True,True,True,True,True
pose000111,111,O=C(c1ccccc1F)N1CC=C(Oc2ccccc2)CC1,True,pass,True,0,0,,,True,True,True,True,True,True,True,True,True,True,True,True,True,True,True,True,True,True,True,True,True,True
pose000112,112,Cc1[nH]nc2ccc(-c3cncc(N[C@@H](CO)c4ccc(F)cc4)n3)cc12,True,pass,True,0,0,,,True,True,True,True,True,True,True,True,True,True,True,True,True,True,True,True,True,True,True,True,True,True
pose000113,113,CC(C)c1ccc(-c2ccc(S(N)(=O)=O)cc2)cc1F,True,pass,True,0,0,,,True,True,True,True,True,True,True,True,True,True,True,True,True,True,True,True,True,True,True,True,True,True
pose000114,114,C=C(C)c1ccc(CC(=O)c2ccc(Nc3ncc(F)c(-c4cnc(C)n4C(C)C)n3)cc2)cc1,True,pass,True,0,0,,,True,True,True,True,True,True,True,True,True,True,True,True,True,True,True,True,True,True,True,True,True,True
pose000115,115,CS(=O)(=O)N1CCC(Nc2ncc(C(F)(F)F)c(-c3cnn(-c4ccc(C#N)cc4Cl)c3)n2)CC1,True,pass,True,0,0,,,True,True,True,True,True,True,True,True,True,True,True,True,True,True,True,True,True,True,True,True,True,True
pose000116,116,CC(C)c1ccc(Nc2ncc3c(n2)CN(C2CC2)CC3)cc1,True,pass,True,0,0,,,True,True,True,True,True,True,True,True,True,True,True,True,True,True,True,True,True,True,True,True,True,True
pose000117,117,CC(C)Nc1ccc(C(C)c2ccc(S(N)(=O)=O)cc2)cc1,True,pass,True,0,0,,,True,True,True,True,True,True,True,True,True,True,True,True,True,True,True,True,True,True,True,True,True,True
pose000118,118,CS(=O)(=O)c1ccc(NC(=O)Cc2ccccc2)nc1,True,pass,True,0,0,,,True,True,True,True,True,True,True,True,True,True,True,True,True,True,True,True,True,True,True,True,True,True
pose000119,119,COc1ccc(CN=Cc2c(=O)[nH]c(O)c3cccc(Br)c23)cc1O,True,pass,True,0,0,,,True,True,True,True,True,True,True,True,True,True,True,True,True,True,True,True,True,True,True,True,True,True
pose000120,120,CO[C@@H](O)[C@@H](C)O[C@@H](C)OS(=O)(=O)c1ccc(Nc2ncc(C(F)(F)F)c(O[C@H](C)[C@@H](C)O)n2)cc1,True,pass,True,0,0,,,True,True,True,True,True,True,True,True,True,True,True,True,True,True,True,True,True,True,True,True,True,True
pose000121,121,O=C(Nc1cccc(Cl)c1)c1ccc(N2CCOCC2)cc1,True,pass,True,0,0,,,True,True,True,True,True,True,True,True,True,True,True,True,True,True,True,True,True,True,True,True,True,True
pose000122,122,Cc1ncc(-c2nc(NC(=O)NC(=O)CC(C)C)ncc2F)n1C(C)C,True,fail,False,1,0,internal_steric_clash,,True,True,True,True,True,True,True,True,False,True,True,True,True,True,True,True,True,True,True,True,True,True
pose000123,123,Cc1ccc(CN=Cc2c(=O)[nH]c(O)c3ccc(I)cc23)cc1O,True,pass,True,0,0,,,True,True,True,True,True,True,True,True,True,True,True,True,True,True,True,True,True,True,True,True,True,True
pose000124,124,COc1c(C)cccc1-c1ccc(NC(C)(C)C)nc1,True,pass,True,0,0,,,True,True,True,True,True,True,True,True,True,True,True,True,True,True,True,True,True,True,True,True,True,True
pose000125,125,CN(C)C(=O)c1cccc(NC(=O)Cc2ccccc2)c1,True,pass,True,0,0,,,True,True,True,True,True,True,True,True,True,True,True,True,True,True,True,True,True,True,True,True,True,True
pose000126,126,CC(C)c1c2cc(-c3ccnc(N[C@H]4CC[C@H](NC5CCOCC5)CC4)n3)ccc2nn1C,True,pass,True,0,0,,,True,True,True,True,True,True,True,True,True,True,True,True,True,True,True,True,True,True,True,True,True,True
pose000127,127,O=C(CN1CCN(Cc2ccc(F)cc2)CC1)Nc1ccccc1,True,pass,True,0,0,,,True,True,True,True,True,True,True,True,True,True,True,True,True,True,True,True,True,True,True,True,True,True
pose000128,128,CNC(=O)c1cccc(Nc2ccc(C(=O)N(C)C)cc2)c1,True,pass,True,0,0,,,True,True,True,True,True,True,True,True,True,True,True,True,True,True,True,True,True,True,True,True,True,True
pose000129,129,CCN(CC)C(=O)c1ccc(-c2ccc(O)cc2)cc1,True,pass,True,0,0,,,True,True,True,True,True,True,True,True,True,True,True,True,True,True,True,True,True,True,True,True,True,True
pose000130,130,NS(=O)(=O)c1ccc(N=Cc2c(=O)[nH]c3ccc4[nH]cccc4c23)cc1,True,pass,True,0,0,,,True,True,True,True,True,True,True,True,True,True,True,True,True,True,True,True,True,True,True,True,True,True
pose000131,131,C[C@H](O[C@H](C)[C@@H](C)O)[C@@H](C)Oc1nc(Nc2ccc(S(=O)(=O)[C@@H](C)O)cc2)ncc1C(F)(F)F,True,pass,True,0,0,,,True,True,True,True,True,True,True,True,True,True,True,True,True,True,True,True,True,True,True,True,True,True
pose000132,132,O=C(Nc1cncc(CC2CCCCC2)c1)c1oc2cccc(O)c2c(=O)c1O,True,pass,True,0,0,,,True,True,True,True,True,True,True,True,True,True,True,True,True,True,True,True,True,True,True,True,True,True
pose000133,133,NS(=O)(=O)c1ccc(N=Nc2c(O)[nH]c3ccc(C(=O)NCc4cccnc4)cc23)cc1,True,pass,True,0,0,,,True,True,True,True,True,True,True,True,True,True,True,True,True,True,True,True,True,True,True,True,True,True
pose000134,134,CC(C)CNC(=O)c1ccc(-c2ccc(S(N)(=O)=O)cn2)cc1,True,pass,True,0,0,,,True,True,True,True,True,True,True,True,True,True,True,True,True,True,True,True,True,True,True,True,True,True
pose000135,135,CC(C)c1nc(Nc2ccc(S(N)(=O)=O)cc2)ncc1F,True,pass,True,0,0,,,True,True,True,True,True,True,True,True,True,True,True,True,True,True,True,True,True,True,True,True,True,True
pose000136,136,CC(N=Nc1c(O)[nH]c2ccc(-c3cnco3)cc12)NNN=Nc1ccc(S(N)(=O)=O)cc1,True,pass,True,0,0,,,True,True,True,True,True,True,True,True,True,True,True,True,True,True,True,True,True,True,True,True,True,True
pose000137,137,COc1cc(F)ccc1-c1ccnc(NC(=O)C2CCC(NC(C)=O)C2)c1,True,pass,True,0,0,,,True,True,True,True,True,True,True,True,True,True,True,True,True,True,True,True,True,True,True,True,True,True
pose000138,138,CN1CCN(Nc2ccc(Nc3ccc(Nc4ncc5c(n4)-c4c(c(C(N)=O)nn4C)CC5)cc3)cc2)CC1,True,pass,True,0,0,,,True,True,True,True,True,True,True,True,True,True,True,True,True,True,True,True,True,True,True,True,True,True
pose000139,139,CC(C)n1nnc2ccc(-c3ccnc(Nc4cc(C(=O)N5CCCC5)ccn4)c3)cc21,True,pass,True,0,0,,,True,True,True,True,True,True,True,True,True,True,True,True,True,True,True,True,True,True,True,True,True,True
pose000140,140,O=C(COc1ccncc1)NC(=O)OCc1ccccc1,True,pass,True,0,0,,,True,True,True,True,True,True,True,True,True,True,True,True,True,True,True,True,True,True,True,True,True,True
pose000141,141,CNCc1nc2oc(-c3ccc(F)cc3OC)nc2c2c1ncn2C,True,pass,True,0,0,,,True,True,True,True,True,True,True,True,True,True,True,True,True,True,True,True,True,True,True,True,True,True
pose000142,142,C[C@H]1CNCC(C(=O)Nc2ncc(OSCc3ncc(C(C)(C)C)o3)s2)C1,True,pass,True,0,0,,,True,True,True,True,True,True,True,True,True,True,True,True,True,True,True,True,True,True,True,True,True,True
pose000143,143,CC(C)C(=O)c1ccc(-c2ccc(S(N)(=O)=O)cc2)cn1,True,pass,True,0,0,,,True,True,True,True,True,True,True,True,True,True,True,True,True,True,True,True,True,True,True,True,True,True
pose000144,144,Nc1nc(N)c(N=O)c(OCC2CCCCC2)n1,True,pass,True,0,0,,,True,True,True,True,True,True,True,True,True,True,True,True,True,True,True,True,True,True,True,True,True,True
pose000145,145,N#Cc1ccc(C(=O)N2CCc3cnc(NC4CCCCC4)nc3C2)cc1Cl,True,pass,True,0,0,,,True,True,True,True,True,True,True,True,True,True,True,True,True,True,True,True,True,True,True,True,True,True
pose000146,146,CCNCc1ccc(N2CCN(C(=O)c3ccccc3)CC2)cc1,True,pass,True,0,0,,,True,True,True,True,True,True,True,True,True,True,True,True,True,True,True,True,True,True,True,True,True,True
pose000147,147,CN1C/C=C/COCc2cncc(c2)-c2ccnc(n2)Nc2cccc(c2)C1,True,fail,False,3,0,bond_lengths|bond_angles|internal_energy,,True,True,True,True,True,True,False,False,True,True,True,True,False,True,True,True,True,True,True,True,True,True
pose000148,148,CC(C)N1CCc2cnc(NC(=O)c3c(F)cccc3F)nc2C1,True,pass,True,0,0,,,True,True,True,True,True,True,True,True,True,True,True,True,True,True,True,True,True,True,True,True,True,True
pose000149,149,CCn1c(-c2ccnc(Nc3ccc(S(C)(=O)=O)cc3)n2)cnc1C,True,pass,True,0,0,,,True,True,True,True,True,True,True,True,True,True,True,True,True,True,True,True,True,True,True,True,True,True
pose000150,150,CC(=O)N1CCC(n2ncc(Nc3ncc(Cl)c(-c4cnc5ccccn45)n3)c2C)CC1,True,pass,True,0,0,,,True,True,True,True,True,True,True,True,True,True,True,True,True,True,True,True,True,True,True,True,True,True
pose000151,151,O=C(Nc1ccccc1)c1cccc(N2CCCCNCC2)c1,True,pass,True,0,0,,,True,True,True,True,True,True,True,True,True,True,True,True,True,True,True,True,True,True,True,True,True,True
pose000152,152,CC(CN(C)C)N1CCc2nc(Nc3ncc(F)c(N[C@H]4CC[C@H](N)CC4)n3)ccc2C1,True,pass,True,0,0,,,True,True,True,True,True,True,True,True,True,True,True,True,True,True,True,True,True,True,True,True,True,True
pose000153,153,C=C(C)c1ccc(Cc2cc(C[C@H]3CC[C@H](N)CC3)cnn2)cc1,True,pass,True,0,0,,,True,True,True,True,True,True,True,True,True,True,True,True,True,True,True,True,True,True,True,True,True,True
pose000154,154,CN(C)S(=O)(=O)c1ccc(Nc2cc(N[C@H]3CC[C@H](N)CC3)nc3c(Cl)cnn23)cc1,True,pass,True,0,0,,,True,True,True,True,True,True,True,True,True,True,True,True,True,True,True,True,True,True,True,True,True,True
pose000155,155,O=C(Nc1ccc(N2CCNCC2)cc1)c1[nH]ncc1Nc1cc(Oc2ccccc2)ncn1,True,pass,True,0,0,,,True,True,True,True,True,True,True,True,True,True,True,True,True,True,True,True,True,True,True,True,True,True
pose000156,156,C[C@H](ON)Oc1nc(Nc2ccc(S(=O)(=O)C(F)F)cc2)ncc1C(F)(F)F,True,pass,True,0,0,,,True,True,True,True,True,True,True,True,True,True,True,True,True,True,True,True,True,True,True,True,True,True
pose000157,157,CC(C)CNc1ccc(-c2ccc(S(N)(=O)=O)cn2)cc1,True,pass,True,0,0,,,True,True,True,True,True,True,True,True,True,True,True,True,True,True,True,True,True,True,True,True,True,True
pose000158,158,C=C(C)C(=O)c1ccc(Nc2ncc(F)c(-c3cnc(C)n3C(C)C)n2)cc1,True,pass,True,0,0,,,True,True,True,True,True,True,True,True,True,True,True,True,True,True,True,True,True,True,True,True,True,True
pose000159,159,CN(C)CC(O)CNc1ccc(C(=O)OCCc2cccc(C(F)(F)F)c2)cn1,True,pass,True,0,0,,,True,True,True,True,True,True,True,True,True,True,True,True,True,True,True,True,True,True,True,True,True,True
pose000160,160,Cc1cccc(C(=O)Nc2ccc(N3CCOCC3)cc2)c1,True,pass,True,0,0,,,True,True,True,True,True,True,True,True,True,True,True,True,True,True,True,True,True,True,True,True,True,True
pose000161,161,CC(C)Cc1ccc(-c2ccc(S(N)(=O)=O)cc2)cn1,True,pass,True,0,0,,,True,True,True,True,True,True,True,True,True,True,True,True,True,True,True,True,True,True,True,True,True,True
pose000162,162,CC(=O)Nc1ccc(C(=O)Nc2ccc(Cl)cc2)cc1,True,pass,True,0,0,,,True,True,True,True,True,True,True,True,True,True,True,True,True,True,True,True,True,True,True,True,True,True
pose000163,163,CONc1ccc2oc(O)c(NNc3ccc4[nH]c(O)c(N=Nc5ccc(S(N)(=O)=O)cc5)c4c3)c2c1,True,pass,True,0,0,,,True,True,True,True,True,True,True,True,True,True,True,True,True,True,True,True,True,True,True,True,True,True
pose000164,164,NS(=O)(=O)c1ccc(N=NN=CN=NN=Cc2c(=O)[nH]c3ccc4[nH]cccc4c23)cc1,True,pass,True,0,0,,,True,True,True,True,True,True,True,True,True,True,True,True,True,True,True,True,True,True,True,True,True,True
pose000165,165,COc1ccc2c(=O)[nH]c(O)c(C=NCc3ccc(OC)c(O)c3)c2c1,True,pass,True,0,0,,,True,True,True,True,True,True,True,True,True,True,True,True,True,True,True,True,True,True,True,True,True,True
pose000166,166,O=C(Nc1ccc(CN2CCCCC2)cn1)c1ccccc1,True,pass,True,0,0,,,True,True,True,True,True,True,True,True,True,True,True,True,True,True,True,True,True,True,True,True,True,True
pose000167,167,CCCCc1ccc(-c2cccc(S(N)(=O)=O)c2)cc1,True,pass,True,0,0,,,True,True,True,True,True,True,True,True,True,True,True,True,True,True,True,True,True,True,True,True,True,True
pose000168,168,CC(C(=O)Nc1cc(C2CC2)[nH]n1)c1ccc(N2CCNC2=O)cc1,True,pass,True,0,0,,,True,True,True,True,True,True,True,True,True,True,True,True,True,True,True,True,True,True,True,True,True,True
pose000169,169,CC(=O)N1CCCc2nc(-c3ccc(S(N)(=O)=O)cc3)ccc2C1,True,pass,True,0,0,,,True,True,True,True,True,True,True,True,True,True,True,True,True,True,True,True,True,True,True,True,True,True
pose000170,170,CCCc1cccc(NCc2ccc(S(N)(=O)=O)cc2)c1,True,pass,True,0,0,,,True,True,True,True,True,True,True,True,True,True,True,True,True,True,True,True,True,True,True,True,True,True
pose000171,171,Cn1cc(-c2cnc3c(-c4csc(C(=O)N[C@@H]5CCCC[C@@H]5N)c4)cnn3c2)cn1,True,pass,True,0,0,,,True,True,True,True,True,True,True,True,True,True,True,True,True,True,True,True,True,True,True,True,True,True
pose000172,172,COc1cc2c(cc1F)C(c1ccccc1Cl)=Nc1c(C)n[nH]c1N2,True,pass,True,0,0,,,True,True,True,True,True,True,True,True,True,True,True,True,True,True,True,True,True,True,True,True,True,True
pose000173,173,NS(=O)(=O)c1ccc(N=NN=Nc2c(O)[nH]c3ccc(-c4ccc5[nH]c(O)c(-c6cnco6)c5c4)cc23)cc1,True,pass,True,0,0,,,True,True,True,True,True,True,True,True,True,True,True,True,True,True,True,True,True,True,True,True,True,True
pose000174,174,CCc1cc(C(=O)c2nc(N)nc(C(C)(C)C)n2)cc(OC)c1OC,True,pass,True,0,0,,,True,True,True,True,True,True,True,True,True,True,True,True,True,True,True,True,True,True,True,True,True,True
pose000175,175,CC(C)CNc1ncc2c(n1)-c1c(c(C(N)=O)nn1C)CC2,True,pass,True,0,0,,,True,True,True,True,True,True,True,True,True,True,True,True,True,True,True,True,True,True,True,True,True,True
pose000176,176,CC(=O)Nc1ccc(C(=O)N2CCN(c3ccccc3)CC2)cc1,True,pass,True,0,0,,,True,True,True,True,True,True,True,True,True,True,True,True,True,True,True,True,True,True,True,True,True,True
pose000177,177,COc1ccccc1NC(=O)c1ccc(F)cc1N(C)C,True,pass,True,0,0,,,True,True,True,True,True,True,True,True,True,True,True,True,True,True,True,True,True,True,True,True,True,True
pose000178,178,CC(=O)Nc1ccc(C(=O)c2ccc(Nc3ncc(F)c(-c4cnc(C)n4C(C)C)n3)cc2)cc1,True,pass,True,0,0,,,True,True,True,True,True,True,True,True,True,True,True,True,True,True,True,True,True,True,True,True,True,True
pose000179,179,COC(=CO)C(=O)c1ccc2[nH]c(O)c(N=Nc3ccc(S(N)(=O)=O)cc3)c2c1,True,pass,True,0,0,,,True,True,True,True,True,True,True,True,True,True,True,True,True,True,True,True,True,True,True,True,True,True
pose000180,180,O=C(Nc1[nH]nc2nc(-c3ccc(O)cc3)ccc12)C1CC1,True,pass,True,0,0,,,True,True,True,True,True,True,True,True,True,True,True,True,True,True,True,True,True,True,True,True,True,True
pose000181,181,Cc1cnc(OC2CCCCC2)nc1-c1cnc(Nc2ccccn2)s1,True,pass,True,0,0,,,True,True,True,True,True,True,True,True,True,True,True,True,True,True,True,True,True,True,True,True,True,True
pose000182,182,CCNC(=O)c1[nH]nc2ccc(N3CCCS3(=O)=O)cc12,True,pass,True,0,0,,,True,True,True,True,True,True,True,True,True,True,True,True,True,True,True,True,True,True,True,True,True,True
pose000183,183,CC(=O)N1CCCc2cnc(Nc3ccc(C(=O)O)cc3)nc2C1,True,pass,True,0,0,,,True,True,True,True,True,True,True,True,True,True,True,True,True,True,True,True,True,True,True,True,True,True
pose000184,184,CC(=O)NCCc1nc(Nc2ncc(F)c(NCN(C)C)n2)ccc1C,True,pass,True,0,0,,,True,True,True,True,True,True,True,True,True,True,True,True,True,True,True,True,True,True,True,True,True,True
pose000185,185,Cc1ncc(-c2nc(Nc3ccc(C(=O)O)cc3)ncc2F)n1C(C)C,True,pass,True,0,0,,,True,True,True,True,True,True,True,True,True,True,True,True,True,True,True,True,True,True,True,True,True,True
pose000186,186,Cc1ncc(-c2nc(NC(=O)N3CCc4cnc(NC5CCOCC5)nc4C3)ncc2F)n1C(C)C,True,pass,True,0,0,,,True,True,True,True,True,True,True,True,True,True,True,True,True,True,True,True,True,True,True,True,True,True
pose000187,187,CC(C)=Cc1cccc2[nH]c(O)c(N=Nc3ccc(S(N)(=O)=O)cc3)c12,True,pass,True,0,0,,,True,True,True,True,True,True,True,True,True,True,True,True,True,True,True,True,True,True,True,True,True,True
pose000188,188,Cc1ncc(-c2nc(Nc3ccccc3)ncc2F)n1C(C)C,True,pass,True,0,0,,,True,True,True,True,True,True,True,True,True,True,True,True,True,True,True,True,True,True,True,True,True,True
pose000189,189,COc1ccc(Nc2nccc(-c3cnc(C)n3C(C)C)n2)cc1,True,pass,True,0,0,,,True,True,True,True,True,True,True,True,True,True,True,True,True,True,True,True,True,True,True,True,True,True
pose000190,190,NS(=O)(=O)c1ccc(N=Nc2c(O)[nH]c3cccc(N=Nc4c(O)[nH]c5cccc([SH](N)(=O)O)c45)c23)cc1,True,unevaluable,False,0,1,,internal_energy,True,True,True,True,True,True,True,True,True,True,True,True,,True,True,True,True,True,True,True,True,True
pose000191,191,Cc1nc2c(F)cc(-c3nc(Nc4ccc5c(n4)CCN(C(=O)C(C)N(C)C)C5)ncc3F)cc2n1C(C)C,True,pass,True,0,0,,,True,True,True,True,True,True,True,True,True,True,True,True,True,True,True,True,True,True,True,True,True,True
pose000192,192,CC(=O)Nc1ccc(Nc2ncc3c(n2)N([C@@H]2CCC[C@@]2(C)O)C(=O)C32CC2)cc1,True,pass,True,0,0,,,True,True,True,True,True,True,True,True,True,True,True,True,True,True,True,True,True,True,True,True,True,True
pose000193,193,COc1cccc(C(C)C)c1CNC(=O)c1ccc2[nH]c(O)c(N=Nc3ccc(S(N)(=O)=O)cc3)c2c1,True,pass,True,0,0,,,True,True,True,True,True,True,True,True,True,True,True,True,True,True,True,True,True,True,True,True,True,True
pose000194,194,CC(C)=CNc1cccc(Nc2cccc(Nc3ncc4c(n3)-c3c(c(C(N)=O)nn3C)CC4)c2)c1,True,pass,True,0,0,,,True,True,True,True,True,True,True,True,True,True,True,True,True,True,True,True,True,True,True,True,True,True
pose000195,195,Cc1cc(S(N)(=O)=O)ccc1-c1ccc(C(F)F)cc1,True,pass,True,0,0,,,True,True,True,True,True,True,True,True,True,True,True,True,True,True,True,True,True,True,True,True,True,True
pose000196,196,O=C(Nc1ccccc1)C(=S)N1CCN(Nc2cc(C3CC3)[nH]n2)CC1,True,pass,True,0,0,,,True,True,True,True,True,True,True,True,True,True,True,True,True,True,True,True,True,True,True,True,True,True
pose000197,197,CCc1ccc(OCC(=O)Nc2ccccc2C)cc1,True,pass,True,0,0,,,True,True,True,True,True,True,True,True,True,True,True,True,True,True,True,True,True,True,True,True,True,True
pose000198,198,C=C(C)Nc1cccc(-c2ccc(S(N)(=O)=O)cc2)n1,True,pass,True,0,0,,,True,True,True,True,True,True,True,True,True,True,True,True,True,True,True,True,True,True,True,True,True,True
pose000199,199,CC(=O)N1CCC(n2cc(Nc3ncc(Cl)c(-c4cnc5ccccn45)n3)cn2)CC1,True,pass,True,0,0,,,True,True,True,True,True,True,True,True,True,True,True,True,True,True,True,True,True,True,True,True,True,True
pose000200,200,CN1CCN(C(=O)c2ccc(Nc3nc(Nc4ccc5c(n4)CCNC5)ncc3F)cc2)CC1,True,pass,True,0,0,,,True,True,True,True,True,True,True,True,True,True,True,True,True,True,True,True,True,True,True,True,True,True
pose000201,201,Clc1cccc(Nc2ccc(N3CCCOCC3)cc2)c1,True,pass,True,0,0,,,True,True,True,True,True,True,True,True,True,True,True,True,True,True,True,True,True,True,True,True,True,True
pose000202,202,COc1cccc(C=Cc2nccc(N3CCCNCC3)n2)c1,True,pass,True,0,0,,,True,True,True,True,True,True,True,True,True,True,True,True,True,True,True,True,True,True,True,True,True,True
pose000203,203,C[C@@H](O)[C@@H](C)Oc1nc(Nc2ccc(S(=O)(=O)CCO)cc2)ncc1C(F)(F)F,True,pass,True,0,0,,,True,True,True,True,True,True,True,True,True,True,True,True,True,True,True,True,True,True,True,True,True,True
pose000204,204,CCN1CCc2cnc(Nc3ccc(C(C)C)nc3)nc2C1,True,pass,True,0,0,,,True,True,True,True,True,True,True,True,True,True,True,True,True,True,True,True,True,True,True,True,True,True
pose000205,205,CC=Nc1ccc(-c2nc(Nc3ccc4c(n3)CCNC4)ncc2F)cc1F,True,pass,True,0,0,,,True,True,True,True,True,True,True,True,True,True,True,True,True,True,True,True,True,True,True,True,True,True
pose000206,206,CNc1nc2c(nc(-c3ccccc3)n2C)c2c1ncn2C,True,pass,True,0,0,,,True,True,True,True,True,True,True,True,True,True,True,True,True,True,True,True,True,True,True,True,True,True
pose000207,207,CCC(=O)Nc1ccc(CNc2nc(OC3CCN(C)CC3)nc3c(C(C)C)cnn23)cc1,True,pass,True,0,0,,,True,True,True,True,True,True,True,True,True,True,True,True,True,True,True,True,True,True,True,True,True,True
pose000208,208,NS(=O)(=O)c1ccc(Nc2ccc(C3CC3)c(F)c2)cc1,True,pass,True,0,0,,,True,True,True,True,True,True,True,True,True,True,True,True,True,True,True,True,True,True,True,True,True,True
pose000209,209,CC(C)=Cc1ccc(-c2ccc(S(N)(=O)=O)cc2)cc1,True,pass,True,0,0,,,True,True,True,True,True,True,True,True,True,True,True,True,True,True,True,True,True,True,True,True,True,True
pose000210,210,CC[C@H](Nc1nc(Nc2ccccc2)c2ncn(C(C)C)c2n1)[C@@H](C)O,True,pass,True,0,0,,,True,True,True,True,True,True,True,True,True,True,True,True,True,True,True,True,True,True,True,True,True,True
pose000211,211,O=C(NN1CCCC1=O)Oc1ccc(-c2cccs2)cc1,True,pass,True,0,0,,,True,True,True,True,True,True,True,True,True,True,True,True,True,True,True,True,True,True,True,True,True,True
pose000212,212,CNC(=O)c1nn(C)c(-c2ccnc(Nc3cccc(COF)c3)n2)c1C(C)C,True,pass,True,0,0,,,True,True,True,True,True,True,True,True,True,True,True,True,True,True,True,True,True,True,True,True,True,True
pose000213,213,CC(=O)Cc1ccc(C(=O)Nc2ccc(C)cc2)cc1,True,pass,True,0,0,,,True,True,True,True,True,True,True,True,True,True,True,True,True,True,True,True,True,True,True,True,True,True
pose000214,214,CN1CCN(c2ccc(NC(=O)Cc3ccccc3)cc2)CC1,True,pass,True,0,0,,,True,True,True,True,True,True,True,True,True,True,True,True,True,True,True,True,True,True,True,True,True,True
pose000215,215,CN[C@@H]1C[C@H]2O[C@@](C)([C@@H]1OC)n1c3ccccc3c3c4c(c5c6ccccc6n2c5c31)C(=O)NC4,True,pass,True,0,0,,,True,True,True,True,True,True,True,True,True,True,True,True,True,True,True,True,True,True,True,True,True,True
pose000216,216,Cc1ncc(-c2nc(Nc3ccc(C(=O)N4CC[C@@H](N(C)C)C4)cc3)ncc2F)n1C(C)C,True,pass,True,0,0,,,True,True,True,True,True,True,True,True,True,True,True,True,True,True,True,True,True,True,True,True,True,True
pose000217,217,O=C(Nc1ccc(Cl)c(C(F)(F)F)c1)N1CCN(c2nnc(Cc3ccccc3)c3ccccc23)CC1,True,pass,True,0,0,,,True,True,True,True,True,True,True,True,True,True,True,True,True,True,True,True,True,True,True,True,True,True
pose000218,218,COC=C(C)c1ccc2[nH]c(O)c(C=NON=Nc3ccc(S(N)(=O)=O)cc3)c2c1,True,pass,True,0,0,,,True,True,True,True,True,True,True,True,True,True,True,True,True,True,True,True,True,True,True,True,True,True
pose000219,219,CC(=O)N1CCc2cc(-c3ccc(NC(C)C)cn3)ccc2C1,True,pass,True,0,0,,,True,True,True,True,True,True,True,True,True,True,True,True,True,True,True,True,True,True,True,True,True,True
pose000220,220,NS(=O)(=O)c1ccc(N=Nc2ccc(N=NN=NN=Cc3c(=O)[nH]c4ccc5[nH]cccc5c34)cc2)cc1,True,pass,True,0,0,,,True,True,True,True,True,True,True,True,True,True,True,True,True,True,True,True,True,True,True,True,True,True
pose000221,221,COc1cccc(OC)c1C(=S)c1c(N)nc2ccc(C(=O)c3c(F)cccc3F)cn12,True,pass,True,0,0,,,True,True,True,True,True,True,True,True,True,True,True,True,True,True,True,True,True,True,True,True,True,True
pose000222,222,CN1CCN(c2cc(NCc3cccnc3)n3nccc3n2)CC1,True,pass,True,0,0,,,True,True,True,True,True,True,True,True,True,True,True,True,True,True,True,True,True,True,True,True,True,True
pose000223,223,CNc1nc2sc(-c3cccc(CNC(C)=O)c3)nc2c2c1ncn2C,True,pass,True,0,0,,,True,True,True,True,True,True,True,True,True,True,True,True,True,True,True,True,True,True,True,True,True,True
pose000224,224,NS(=O)(=O)c1ccc(-c2cccc(C(F)(F)F)c2)cc1,True,pass,True,0,0,,,True,True,True,True,True,True,True,True,True,True,True,True,True,True,True,True,True,True,True,True,True,True
pose000225,225,CCN(C(C)=O)c1cc(NCCNC(=O)OC(C)(C)C)c2c(F)ccc3c2c1C(=O)N3,True,pass,True,0,0,,,True,True,True,True,True,True,True,True,True,True,True,True,True,True,True,True,True,True,True,True,True,True
pose000226,226,CCCS(=O)(=O)c1ccc(Nc2nccc(-c3cnc(C)n3C(C)C)n2)cc1,True,pass,True,0,0,,,True,True,True,True,True,True,True,True,True,True,True,True,True,True,True,True,True,True,True,True,True,True
pose000227,227,O=C(c1ccccc1)N1CCc2cnc(NCC3CC3)nc2C1,True,pass,True,0,0,,,True,True,True,True,True,True,True,True,True,True,True,True,True,True,True,True,True,True,True,True,True,True
pose000228,228,NS(=O)(=O)c1ccc(C(=O)c2ccc(C(F)(F)F)cc2)cc1,True,pass,True,0,0,,,True,True,True,True,True,True,True,True,True,True,True,True,True,True,True,True,True,True,True,True,True,True
pose000229,229,COc1ccc(Cc2ccc(N3CCCN(C(=O)O)CC3)cc2)cc1,True,pass,True,0,0,,,True,True,True,True,True,True,True,True,True,True,True,True,True,True,True,True,True,True,True,True,True,True
pose000230,230,CNC(=O)c1cccc(Nc2cccc(C(=O)N(C)C)c2)c1,True,pass,True,0,0,,,True,True,True,True,True,True,True,True,True,True,True,True,True,True,True,True,True,True,True,True,True,True
pose000231,231,CC(=O)Nc1ccc(CNc2nc(O[C@H]3CCCNC3)nc3c(C(C)C)cnn23)cc1,True,pass,True,0,0,,,True,True,True,True,True,True,True,True,True,True,True,True,True,True,True,True,True,True,True,True,True,True
pose000232,232,NS(=O)(=O)c1ccc(N=Nc2c3[nH]c4ccc(N=Cc5c(O)[nH]c6ccc(-c7cnco7)cc56)c(o3)c24)cc1,True,fail,False,1,0,aromatic_ring_flatness,,True,True,True,True,True,True,True,True,True,False,True,True,True,True,True,True,True,True,True,True,True,True
pose000233,233,CN1CCN(C(=O)c2ccc(C(=O)NC3CCCC3)cc2)CC1,True,pass,True,0,0,,,True,True,True,True,True,True,True,True,True,True,True,True,True,True,True,True,True,True,True,True,True,True
pose000234,234,NS(=O)(=O)c1ccc(N=Nc2c(O)[nH]c3cccc([SH](N)(N)=O)c23)cc1,True,unevaluable,False,0,1,,internal_energy,True,True,True,True,True,True,True,True,True,True,True,True,,True,True,True,True,True,True,True,True,True
pose000235,235,NOc1nc(NC2CCCC2)cc(-c2cc(-c3ccccc3)ccc2O)n1,True,pass,True,0,0,,,True,True,True,True,True,True,True,True,True,True,True,True,True,True,True,True,True,True,True,True,True,True
pose000236,236,CC1CN(c2ccc(NCc3ccccc3S(C)(=O)=O)nc2)CCN1CC(C)(C)O,True,pass,True,0,0,,,True,True,True,True,True,True,True,True,True,True,True,True,True,True,True,True,True,True,True,True,True,True
pose000237,237,CNC=CC=CC(=O)C(=O)NC(=O)c1ccc(Nc2ncc(F)c(-c3cnc(C)n3C(C)C)n2)cc1F,True,pass,True,0,0,,,True,True,True,True,True,True,True,True,True,True,True,True,True,True,True,True,True,True,True,True,True,True
pose000238,238,CC(C)CC(=O)Nc1[nH]nc2c1CN(Nc1cccc(-c3cocn3)c1)C2(C)C,True,pass,True,0,0,,,True,True,True,True,True,True,True,True,True,True,True,True,True,True,True,True,True,True,True,True,True,True
pose000239,239,Cc1ncc(-c2nc(NC(=O)C(C)(C)C)ncc2F)n1C(C)C,True,pass,True,0,0,,,True,True,True,True,True,True,True,True,True,True,True,True,True,True,True,True,True,True,True,True,True,True
pose000240,240,CC(=O)Nc1ccc(-c2ccc(N3CCN(C)CC3)cn2)cc1,True,pass,True,0,0,,,True,True,True,True,True,True,True,True,True,True,True,True,True,True,True,True,True,True,True,True,True,True
pose000241,241,N#Cc1ccc(NC=c2[nH]cc3c2=CCNC3=O)c(C(=O)O)c1,True,pass,True,0,0,,,True,True,True,True,True,True,True,True,True,True,True,True,True,True,True,True,True,True,True,True,True,True
pose000242,242,C[C@H](OC(O)O)OS(=N)(=O)c1ccc(Nc2ncc(C(F)(F)F)c(O[C@H](C)[C@@H](C)O)n2)cc1,True,pass,True,0,0,,,True,True,True,True,True,True,True,True,True,True,True,True,True,True,True,True,True,True,True,True,True,True
pose000243,243,C=C(N)c1cnc(Nc2ncc3c(n2)-c2c(c(C(N)=O)nn2C)CC3)nc1N1CCN(C)CC1,True,pass,True,0,0,,,True,True,True,True,True,True,True,True,True,True,True,True,True,True,True,True,True,True,True,True,True,True
pose000244,244,C=C(C)Nc1ncc(F)c(-c2cnc(C)n2C(C)C)n1,True,pass,True,0,0,,,True,True,True,True,True,True,True,True,True,True,True,True,True,True,True,True,True,True,True,True,True,True
pose000245,245,COc1ccccc1NC(=O)N1CCN(Nc2ccccc2OC)CC1,True,pass,True,0,0,,,True,True,True,True,True,True,True,True,True,True,True,True,True,True,True,True,True,True,True,True,True,True
pose000246,246,CNC(=O)c1nn(C)c2c1C(C)(C)Cc1cnc(Nc3ccc(N4CCN(C)CC4)cc3)nc1-2,True,pass,True,0,0,,,True,True,True,True,True,True,True,True,True,True,True,True,True,True,True,True,True,True,True,True,True,True
pose000247,247,COc1cc(F)ccc1-c1ccnc(NC(=O)Nc2cccc(C[S@](C)(=N)=O)c2)c1,True,pass,True,0,0,,,True,True,True,True,True,True,True,True,True,True,True,True,True,True,True,True,True,True,True,True,True,True
pose000248,248,COC(=O)NCc1ccccc1NC(=O)c1cccc(F)c1,True,fail,False,1,0,internal_steric_clash,,True,True,True,True,True,True,True,True,False,True,True,True,True,True,True,True,True,True,True,True,True,True
pose000249,249,Cc1ncc(-c2nc(Nc3ccc(C(=O)N4CCCN(C)CC4)cc3)ncc2F)n1C(C)C,True,pass,True,0,0,,,True,True,True,True,True,True,True,True,True,True,True,True,True,True,True,True,True,True,True,True,True,True
pose000250,250,CNS(=O)(=O)c1ccc(-c2ccc(S(N)(=O)=O)cc2)cc1,True,pass,True,0,0,,,True,True,True,True,True,True,True,True,True,True,True,True,True,True,True,True,True,True,True,True,True,True
pose000251,251,O=S(=O)(NCCOCCO)c1ccc(N=Cc2c(O)[nH]c3ccc4ncsc4c23)cc1,True,pass,True,0,0,,,True,True,True,True,True,True,True,True,True,True,True,True,True,True,True,True,True,True,True,True,True,True
pose000252,252,CNC(=O)Nc1ccc(-c2cc(-c3ccnc(NN(C)C)n3)ccn2)cc1,True,pass,True,0,0,,,True,True,True,True,True,True,True,True,True,True,True,True,True,True,True,True,True,True,True,True,True,True
pose000253,253,NS(=O)(=O)c1ccc(N=Nc2c(O)[nH]c3ccc(C(=O)Cc4c(=O)[nH]c5ccc6[nH]cccc6c45)cc23)cc1,True,pass,True,0,0,,,True,True,True,True,True,True,True,True,True,True,True,True,True,True,True,True,True,True,True,True,True,True
pose000254,254,CCN(CCNC)c1ccc(Nc2ncc3c(n2)-c2c(c(OC)nn2C)CC3)cc1,True,pass,True,0,0,,,True,True,True,True,True,True,True,True,True,True,True,True,True,True,True,True,True,True,True,True,True,True
pose000255,255,Cc1c(N[C@H]2CCCNC2)nc2ccnn2c1Nc1ccc2c(cnn2C)c1,True,pass,True,0,0,,,True,True,True,True,True,True,True,True,True,True,True,True,True,True,True,True,True,True,True,True,True,True
pose000256,256,CC(C)NC(=O)N1CCCc2nc(-c3ccc(S(N)(=O)=O)cc3)ccc2C1,True,pass,True,0,0,,,True,True,True,True,True,True,True,True,True,True,True,True,True,True,True,True,True,True,True,True,True,True
pose000257,257,N[C@H]1CCN(c2c3cc(-c4ccnc(NC(=O)C5CC5)c4)ccc3nc3c2[nH]c2ccccc23)C1,True,pass,True,0,0,,,True,True,True,True,True,True,True,True,True,True,True,True,True,True,True,True,True,True,True,True,True,True
pose000258,258,CC(C)OC(=O)N1CCn2cc(C3=C(c4cnc5ccccn45)C(=O)NC3=O)c3cccc(c32)C1,True,pass,True,0,0,,,True,True,True,True,True,True,True,True,True,True,True,True,True,True,True,True,True,True,True,True,True,True
pose000259,259,Nc1ccc(CSC(=O)Nc2[nH]nc3ccc(S(N)(=O)=O)cc23)cc1,True,pass,True,0,0,,,True,True,True,True,True,True,True,True,True,True,True,True,True,True,True,True,True,True,True,True,True,True
pose000260,260,CC(C)c1cccc(Nc2ccc(S(N)(=O)=O)cc2)c1,True,pass,True,0,0,,,True,True,True,True,True,True,True,True,True,True,True,True,True,True,True,True,True,True,True,True,True,True
pose000261,261,O=C(Cc1ccc(Cc2cccs2)cc1)Nc1cc(C2CC2)[nH]n1,True,pass,True,0,0,,,True,True,True,True,True,True,True,True,True,True,True,True,True,True,True,True,True,True,True,True,True,True
pose000262,262,CN=C(N)SCCCn1c(=O)c2c(c1=O)n1c3ccccc3cc1c1cccc3ccn2c31,True,pass,True,0,0,,,True,True,True,True,True,True,True,True,True,True,True,True,True,True,True,True,True,True,True,True,True,True
pose000263,263,CC(=N)[C@@H](C)[C@@H](C)Oc1nc(Nc2ccc(S(=O)(=O)[C@@H](C)O)cc2)ncc1C(F)(F)F,True,pass,True,0,0,,,True,True,True,True,True,True,True,True,True,True,True,True,True,True,True,True,True,True,True,True,True,True
pose000264,264,Cc1nc2c(F)cc(-c3nn(C(C)(C)C)c4ncnc(N)c34)cc2n1C(C)C,True,pass,True,0,0,,,True,True,True,True,True,True,True,True,True,True,True,True,True,True,True,True,True,True,True,True,True,True
pose000265,265,Nc1cc(O)nc(Nc2ccc(C(=O)Cc3c(F)cccc3F)cc2)n1,True,pass,True,0,0,,,True,True,True,True,True,True,True,True,True,True,True,True,True,True,True,True,True,True,True,True,True,True
pose000266,266,CC(=O)Nc1ccc(-c2ccc(N3CCOCC3)cc2)cc1,True,pass,True,0,0,,,True,True,True,True,True,True,True,True,True,True,True,True,True,True,True,True,True,True,True,True,True,True
pose000267,267,COc1ccc(C(=O)Nc2ccc(N3CCOCC3)cc2)cc1,True,pass,True,0,0,,,True,True,True,True,True,True,True,True,True,True,True,True,True,True,True,True,True,True,True,True,True,True
pose000268,268,CC=C(C)c1cc(-c2ccc(S(N)(=O)=O)cc2)ccn1,True,fail,False,1,0,internal_energy,,True,True,True,True,True,True,True,True,True,True,True,True,False,True,True,True,True,True,True,True,True,True
pose000269,269,c1cc(NNc2ccc3c(n2)CCN(C[C@@H]2CNCCO2)C3)ncc1N1CCN(CC2CC2)CC1,True,pass,True,0,0,,,True,True,True,True,True,True,True,True,True,True,True,True,True,True,True,True,True,True,True,True,True,True
pose000270,270,CCCC(C)COc1nc(NC2CCN(C)C[C@@H]2O)nc2nc[nH]c12,True,pass,True,0,0,,,True,True,True,True,True,True,True,True,True,True,True,True,True,True,True,True,True,True,True,True,True,True
pose000271,271,O=C(c1ccccc1)N1CCN(CNc2ccccc2)CC1,True,pass,True,0,0,,,True,True,True,True,True,True,True,True,True,True,True,True,True,True,True,True,True,True,True,True,True,True
pose000272,272,C[C@H]([C@@H](C)O)S(=O)(=O)c1ccc(Nc2ncc(C(F)(F)F)c(O[C@H](C)C(O)O)n2)cc1,True,pass,True,0,0,,,True,True,True,True,True,True,True,True,True,True,True,True,True,True,True,True,True,True,True,True,True,True
pose000273,273,CC(C)N1CCN(c2ccc(-c3ccc(N4CCC(O)CC4)cc3)nc2)CC1,True,pass,True,0,0,,,True,True,True,True,True,True,True,True,True,True,True,True,True,True,True,True,True,True,True,True,True,True
pose000274,274,CC(C)(C)NC(=O)C1=Cc2cnc(NC(N)=O)nc2C1C1CCCC1,True,pass,True,0,0,,,True,True,True,True,True,True,True,True,True,True,True,True,True,True,True,True,True,True,True,True,True,True
pose000275,275,Cc1cc(CNC(=O)c2nn(C)c3c2CCc2cnc(Nc4ccc(N5CCN(C)CC5)cc4)nc2-3)ccn1,True,pass,True,0,0,,,True,True,True,True,True,True,True,True,True,True,True,True,True,True,True,True,True,True,True,True,True,True
pose000276,276,CC(=O)C(=O)C(=O)c1ccc(Nc2ncc(F)c(Nc3ncc(F)c(-c4cnc(C)n4C(C)C)n3)n2)cc1,True,pass,True,0,0,,,True,True,True,True,True,True,True,True,True,True,True,True,True,True,True,True,True,True,True,True,True,True
pose000277,277,COCc1ccc(NC(=O)N2CCN(c3ccc(F)cc3)CC2)cc1,True,pass,True,0,0,,,True,True,True,True,True,True,True,True,True,True,True,True,True,True,True,True,True,True,True,True,True,True
pose000278,278,OCCN1CCN(c2ccc(-c3cccc(F)c3)cc2)CC1,True,pass,True,0,0,,,True,True,True,True,True,True,True,True,True,True,True,True,True,True,True,True,True,True,True,True,True,True
pose000279,279,NS(=O)(=O)c1ccc(-c2ccc(S(N)(=O)=O)cc2)cc1,True,pass,True,0,0,,,True,True,True,True,True,True,True,True,True,True,True,True,True,True,True,True,True,True,True,True,True,True
pose000280,280,CN1CCN(c2ccc(NNNNc3ncc4c(n3)-c3c(c(C(N)=O)nn3C)CC4)cc2)CC1,True,pass,True,0,0,,,True,True,True,True,True,True,True,True,True,True,True,True,True,True,True,True,True,True,True,True,True,True
pose000281,281,NS(=O)(=O)c1ccc(NC(=O)c2c(F)cc(F)cc2F)cc1,True,pass,True,0,0,,,True,True,True,True,True,True,True,True,True,True,True,True,True,True,True,True,True,True,True,True,True,True
pose000282,282,C=C(Nc1nccc(-c2cnc(C)n2C(C)C)n1)c1ccnc(Nc2ccc(C(N)=O)cc2)n1,True,pass,True,0,0,,,True,True,True,True,True,True,True,True,True,True,True,True,True,True,True,True,True,True,True,True,True,True
pose000283,283,Cn1nc(C(N)=O)c2c1-c1nc(Nc3cccc(Nc4cccc(Nc5ccccc5)c4)c3)ncc1CC2,True,pass,True,0,0,,,True,True,True,True,True,True,True,True,True,True,True,True,True,True,True,True,True,True,True,True,True,True
pose000284,284,CC(C)NC(=O)O[C@@H]1CCC(c2cc(NC(=O)Cc3ccccc3S(C)(=O)=O)[nH]n2)C1,True,pass,True,0,0,,,True,True,True,True,True,True,True,True,True,True,True,True,True,True,True,True,True,True,True,True,True,True
pose000285,285,C[C@@H]1C[C@H]2CN1CCn1[nH]c3c(cccc3c1=O)-c1nc3c(cccc3[nH]c1=O)O2,True,pass,True,0,0,,,True,True,True,True,True,True,True,True,True,True,True,True,True,True,True,True,True,True,True,True,True,True
pose000286,286,C[C@@H](O)[C@@H](C)Oc1nc(-c2nc3c(N4CCN(C)CC4)cccc3[nH]2)ncc1C(F)(F)F,True,pass,True,0,0,,,True,True,True,True,True,True,True,True,True,True,True,True,True,True,True,True,True,True,True,True,True,True
pose000287,287,COC(=O)c1ccc2[nH]c(O)c(C=Nc3ccc(S(N)(=O)=O)cc3)c2c1,True,pass,True,0,0,,,True,True,True,True,True,True,True,True,True,True,True,True,True,True,True,True,True,True,True,True,True,True
pose000288,288,Cc1nc2c(F)cc(-c3nc(Nc4ccc5c(n4)CCN(CC=NO)C5)ncc3F)cc2n1C(C)C,True,pass,True,0,0,,,True,True,True,True,True,True,True,True,True,True,True,True,True,True,True,True,True,True,True,True,True,True
pose000289,289,O=C(Nc1ccccn1)c1ccc(CN2CCOCC2)cc1,True,pass,True,0,0,,,True,True,True,True,True,True,True,True,True,True,True,True,True,True,True,True,True,True,True,True,True,True
pose000290,290,CS(=N)(=O)Cc1cccc(C(=O)NC(=O)SCc2ccc(N)cc2)c1,True,fail,False,1,0,internal_energy,,True,True,True,True,True,True,True,True,True,True,True,True,False,True,True,True,True,True,True,True,True,True
pose000291,291,CN1CCN(c2ccc(CC(=O)NCc3ccccc3)cc2)CC1,True,pass,True,0,0,,,True,True,True,True,True,True,True,True,True,True,True,True,True,True,True,True,True,True,True,True,True,True
pose000292,292,CC(C)n1cc(-c2ccnc3[nH]c(C4CCN(CC(=O)N5CCCCC5)CC4)cc23)ccc1=O,True,pass,True,0,0,,,True,True,True,True,True,True,True,True,True,True,True,True,True,True,True,True,True,True,True,True,True,True
pose000293,293,CCN(C(C)=O)c1ccc(NC(=O)c2ccccc2)cc1,True,pass,True,0,0,,,True,True,True,True,True,True,True,True,True,True,True,True,True,True,True,True,True,True,True,True,True,True
pose000294,294,Cc1ccccc1NCc1ccc(N2CCOCC2)cc1,True,pass,True,0,0,,,True,True,True,True,True,True,True,True,True,True,True,True,True,True,True,True,True,True,True,True,True,True
pose000295,295,C=C(C)[SH]CC[C@H]1CCN(C(=O)c2ccc(Nc3ncc(F)c(-c4cnc(C)n4C(C)C)n3)cc2)C1,True,fail,False,1,1,no_radicals,internal_energy,True,True,True,True,True,False,True,True,True,True,True,True,,True,True,True,True,True,True,True,True,True
pose000296,296,COc1cc(F)ccc1-c1nc(Nc2cc(CS(C)(=N)=O)cc(C3CC3)c2)ncc1F,True,pass,True,0,0,,,True,True,True,True,True,True,True,True,True,True,True,True,True,True,True,True,True,True,True,True,True,True
pose000297,297,O=C(Cc1cccc(Cl)c1)NC(=O)c1ccc(N2CCCNCC2)cc1,True,pass,True,0,0,,,True,True,True,True,True,True,True,True,True,True,True,True,True,True,True,True,True,True,True,True,True,True
pose000298,298,CC(=O)Nc1ccc(-c2ccc3c(n2)CCN(C(=O)C(C)C)C3)cc1,True,pass,True,0,0,,,True,True,True,True,True,True,True,True,True,True,True,True,True,True,True,True,True,True,True,True,True,True
pose000299,299,O=C(Cc1ccccc1)Nc1c[nH]nc1C(=O)Nc1ccc(F)cc1,True,pass,True,0,0,,,True,True,True,True,True,True,True,True,True,True,True,True,True,True,True,True,True,True,True,True,True,True
pose000300,300,Cn1nc(C(N)=O)c2c1-c1nc(Nc3ccccc3F)ncc1CC2,True,pass,True,0,0,,,True,True,True,True,True,True,True,True,True,True,True,True,True,True,True,True,True,True,True,True,True,True
pose000301,301,C[C@@H]1CN(c2ccc(Nc3c[nH]c4ccccc34)nc2)C[C@H](C)N1C[C@@H](C)O,True,pass,True,0,0,,,True,True,True,True,True,True,True,True,True,True,True,True,True,True,True,True,True,True,True,True,True,True
pose000302,302,CNC(=O)c1nn(C)c2c1C(C)(C)Cc1cnc(Nc3ccc(CO)c(O)c3)nc1-2,True,pass,True,0,0,,,True,True,True,True,True,True,True,True,True,True,True,True,True,True,True,True,True,True,True,True,True,True
pose000303,303,NS(=O)(=O)c1ccc(-c2ccc(N=Nc3c(=O)[nH]c4ccc5[nH]cccc5c34)cc2)cc1,True,pass,True,0,0,,,True,True,True,True,True,True,True,True,True,True,True,True,True,True,True,True,True,True,True,True,True,True
pose000304,304,CN1CCCN(Nc2c(Cl)cnc3[nH]c(C4CCNCC4)cc23)CC1,True,pass,True,0,0,,,True,True,True,True,True,True,True,True,True,True,True,True,True,True,True,True,True,True,True,True,True,True
pose000305,305,CN1CCN(c2ccnc(Nc3ccc(S(N)(=O)=O)cc3)n2)CC1,True,pass,True,0,0,,,True,True,True,True,True,True,True,True,True,True,True,True,True,True,True,True,True,True,True,True,True,True
pose000306,306,CC1CNCC(C(=O)Nc2ncc(-c3ccc(N4CCNCC4)cn3)s2)C1,True,pass,True,0,0,,,True,True,True,True,True,True,True,True,True,True,True,True,True,True,True,True,True,True,True,True,True,True
pose000307,307,COc1cc(F)ccc1C(=O)NCCc1ccc(F)cc1,True,pass,True,0,0,,,True,True,True,True,True,True,True,True,True,True,True,True,True,True,True,True,True,True,True,True,True,True
pose000308,308,COC1CCN(c2nccc(Nc3cc4c(ccn4C(=O)c4c(F)cccc4Cl)cn3)n2)CC1,True,pass,True,0,0,,,True,True,True,True,True,True,True,True,True,True,True,True,True,True,True,True,True,True,True,True,True,True
pose000309,309,COc1ccccc1-c1ccc(N2CCNCC2)cc1,True,pass,True,0,0,,,True,True,True,True,True,True,True,True,True,True,True,True,True,True,True,True,True,True,True,True,True,True
pose000310,310,O=C(Nc1ccccc1)C1CCN(Cc2ccccn2)CC1,True,pass,True,0,0,,,True,True,True,True,True,True,True,True,True,True,True,True,True,True,True,True,True,True,True,True,True,True
pose000311,311,Cc1ccc(N(C)C(=O)c2ccc(C(=O)O)cc2)cc1,True,pass,True,0,0,,,True,True,True,True,True,True,True,True,True,True,True,True,True,True,True,True,True,True,True,True,True,True
pose000312,312,C=C(C)NNC(=O)C(C(=O)c1ccc(Nc2ncc(F)c(-c3cnc(C)n3C(C)C)n2)cc1F)=C(C)C,True,pass,True,0,0,,,True,True,True,True,True,True,True,True,True,True,True,True,True,True,True,True,True,True,True,True,True,True
pose000313,313,Cc1nccc(-c2ccc(N3CCCCCC3)nn2)c1CO,True,fail,False,1,0,internal_energy,,True,True,True,True,True,True,True,True,True,True,True,True,False,True,True,True,True,True,True,True,True,True
pose000314,314,c1ccc2c(c1)Cc1c(-c3ccncc3)n[nH]c1-2,True,pass,True,0,0,,,True,True,True,True,True,True,True,True,True,True,True,True,True,True,True,True,True,True,True,True,True,True
pose000315,315,NS(=O)(=O)c1ccc(Cc2ccc(C3COC3)cc2)cc1,True,pass,True,0,0,,,True,True,True,True,True,True,True,True,True,True,True,True,True,True,True,True,True,True,True,True,True,True
pose000316,316,CN1CCC(c2ccc(NCc3ccccc3)cc2)CC1,True,pass,True,0,0,,,True,True,True,True,True,True,True,True,True,True,True,True,True,True,True,True,True,True,True,True,True,True
pose000317,317,Cc1ncc(-c2nc(NC(C)C)ncc2F)n1C(C)C,True,pass,True,0,0,,,True,True,True,True,True,True,True,True,True,True,True,True,True,True,True,True,True,True,True,True,True,True
pose000318,318,CCNC(=O)c1ccc(C(=O)Nc2cccc(Cl)c2)nc1,True,pass,True,0,0,,,True,True,True,True,True,True,True,True,True,True,True,True,True,True,True,True,True,True,True,True,True,True
pose000319,319,CC1CN(C)CCN1Sc1ccc(Nc2ncc3c(n2)-c2c(c(C(N)=O)nn2C)CC3)cc1,True,pass,True,0,0,,,True,True,True,True,True,True,True,True,True,True,True,True,True,True,True,True,True,True,True,True,True,True
pose000320,320,Cc1cc(N2C(=O)CCCC2=O)c2oc(-c3ccc(O)c(O)c3)c(O)c(=O)c2c1,True,pass,True,0,0,,,True,True,True,True,True,True,True,True,True,True,True,True,True,True,True,True,True,True,True,True,True,True
pose000321,321,CC(=O)Nc1ccc(-c2ccc(S(=O)(=O)N(C)C)cc2)cc1,True,pass,True,0,0,,,True,True,True,True,True,True,True,True,True,True,True,True,True,True,True,True,True,True,True,True,True,True
pose000322,322,C=Cc1ccc(Nc2ccc(S(N)(=O)=O)cc2)cc1C,True,pass,True,0,0,,,True,True,True,True,True,True,True,True,True,True,True,True,True,True,True,True,True,True,True,True,True,True
pose000323,323,Cc1cc(C(=O)Nc2ccc(C(=O)N(C)C)c(C)c2)cc(C)n1,True,pass,True,0,0,,,True,True,True,True,True,True,True,True,True,True,True,True,True,True,True,True,True,True,True,True,True,True
pose000324,324,CC(C)=NCC(CCCC(C)C(=O)c1ccc(Nc2ncc(F)c(-c3cnc(C)n3C(C)C)n2)cc1)CNBr,True,pass,True,0,0,,,True,True,True,True,True,True,True,True,True,True,True,True,True,True,True,True,True,True,True,True,True,True
pose000325,325,CC(C)c1cnn2c(Nc3cccnc3)nc(NC3CCNCC3)nc12,True,pass,True,0,0,,,True,True,True,True,True,True,True,True,True,True,True,True,True,True,True,True,True,True,True,True,True,True
pose000326,326,CC(C)COC(=O)c1ccc2[nH]c(O)c(C=Nc3ccc(S(N)(=O)=O)cc3)c2c1,True,pass,True,0,0,,,True,True,True,True,True,True,True,True,True,True,True,True,True,True,True,True,True,True,True,True,True,True
pose000327,327,NS(=O)(=O)c1ccc(NC(=O)Cc2cccc(Cl)c2)cc1,True,pass,True,0,0,,,True,True,True,True,True,True,True,True,True,True,True,True,True,True,True,True,True,True,True,True,True,True
pose000328,328,CC(C)c1ncc2c(n1)CN(c1ccc(S(N)(=O)=O)cc1)CC2,True,pass,True,0,0,,,True,True,True,True,True,True,True,True,True,True,True,True,True,True,True,True,True,True,True,True,True,True
pose000329,329,CN1CCC(c2ccc(NCc3ccncc3)cc2)CC1,True,pass,True,0,0,,,True,True,True,True,True,True,True,True,True,True,True,True,True,True,True,True,True,True,True,True,True,True
pose000330,330,C[C@H](Nc1nc(Nc2ccc(S(C)(=N)=O)cc2)ncc1Br)C(C)(C)O,True,pass,True,0,0,,,True,True,True,True,True,True,True,True,True,True,True,True,True,True,True,True,True,True,True,True,True,True
pose000331,331,CN1CCCN(c2ccc(NC(=O)c3ccsc3)cc2)CC1,True,pass,True,0,0,,,True,True,True,True,True,True,True,True,True,True,True,True,True,True,True,True,True,True,True,True,True,True
pose000332,332,O=C(Cc1ccsc1)Nc1ccc(N2CCCCC2)cc1,True,pass,True,0,0,,,True,True,True,True,True,True,True,True,True,True,True,True,True,True,True,True,True,True,True,True,True,True
pose000333,333,NCCCn1nc(C(N)=O)c2c1-c1nc(Nc3ccccc3)ncc1CC2,True,pass,True,0,0,,,True,True,True,True,True,True,True,True,True,True,True,True,True,True,True,True,True,True,True,True,True,True
pose000334,334,O=C(c1ccccc1)N1CCCN(C(=O)c2ccccc2)CC1,True,pass,True,0,0,,,True,True,True,True,True,True,True,True,True,True,True,True,True,True,True,True,True,True,True,True,True,True
pose000335,335,C=C(C)CC(=O)CC(=O)c1ccc(Nc2ncc(F)c(-c3cnc(C)n3C(C)C)n2)cc1,True,pass,True,0,0,,,True,True,True,True,True,True,True,True,True,True,True,True,True,True,True,True,True,True,True,True,True,True
pose000336,336,COCCc1cccc(-c2ccc(S(N)(=O)=O)cc2)n1,True,pass,True,0,0,,,True,True,True,True,True,True,True,True,True,True,True,True,True,True,True,True,True,True,True,True,True,True
pose000337,337,Cc1ncc(C=Cc2ccc(S(N)(=O)=O)cc2)n1C(C)C,True,pass,True,0,0,,,True,True,True,True,True,True,True,True,True,True,True,True,True,True,True,True,True,True,True,True,True,True
pose000338,338,Cc1ccccc1NC(=O)CCc1ccc(C(=O)O)cc1,True,pass,True,0,0,,,True,True,True,True,True,True,True,True,True,True,True,True,True,True,True,True,True,True,True,True,True,True
pose000339,339,COc1ccc(Nc2ccc(N3CCOCC3)cc2)cc1F,True,pass,True,0,0,,,True,True,True,True,True,True,True,True,True,True,True,True,True,True,True,True,True,True,True,True,True,True
pose000340,340,CC(=O)NCc1ccc(NC(=O)c2ccc(C)cc2)cc1,True,pass,True,0,0,,,True,True,True,True,True,True,True,True,True,True,True,True,True,True,True,True,True,True,True,True,True,True
pose000341,341,CCc1cc(Nc2ccc(S(N)(=O)=O)cc2)ccc1C,True,pass,True,0,0,,,True,True,True,True,True,True,True,True,True,True,True,True,True,True,True,True,True,True,True,True,True,True
pose000342,342,NS(=O)(=O)c1ccc(-c2ccc(S(=O)(=O)CO)cc2)cc1,True,pass,True,0,0,,,True,True,True,True,True,True,True,True,True,True,True,True,True,True,True,True,True,True,True,True,True,True
pose000343,343,N[C@H](CNc1nnc(C2CCNCC2)s1)Cc1ccc(C(F)(F)F)cc1,True,pass,True,0,0,,,True,True,True,True,True,True,True,True,True,True,True,True,True,True,True,True,True,True,True,True,True,True
pose000344,344,C=C(C)c1cc(CC(=O)CC(=O)c2ccc(Nc3ncc(F)c(-c4cnc(C)n4C(C)C)n3)cc2)ccn1,True,pass,True,0,0,,,True,True,True,True,True,True,True,True,True,True,True,True,True,True,True,True,True,True,True,True,True,True
pose000345,345,O=C(Nc1ncc2c(n1)CN(C(=O)O)CCC2)c1ccccc1,True,pass,True,0,0,,,True,True,True,True,True,True,True,True,True,True,True,True,True,True,True,True,True,True,True,True,True,True
pose000346,346,O=C(CN1CCOCC1)Nc1ccccc1C1CCCCC1,True,pass,True,0,0,,,True,True,True,True,True,True,True,True,True,True,True,True,True,True,True,True,True,True,True,True,True,True
pose000347,347,CC(C)(C)NCc1ccc(-c2ccc(S(N)(=O)=O)cc2)nc1,True,pass,True,0,0,,,True,True,True,True,True,True,True,True,True,True,True,True,True,True,True,True,True,True,True,True,True,True
pose000348,348,CN(C)S(=O)(=O)c1ccc(Nc2cc3[nH]c(-c4cn[nH]c4)cc3cn2)cc1,True,pass,True,0,0,,,True,True,True,True,True,True,True,True,True,True,True,True,True,True,True,True,True,True,True,True,True,True
pose000349,349,O=C(Cc1ccc(Br)cc1)Nc1[nH]nc2ccc(N3CCCS3(=O)=O)cc12,True,pass,True,0,0,,,True,True,True,True,True,True,True,True,True,True,True,True,True,True,True,True,True,True,True,True,True,True
pose000350,350,O=C(Cc1ccccc1)Nc1cccc(N2CCCCC2)c1,True,pass,True,0,0,,,True,True,True,True,True,True,True,True,True,True,True,True,True,True,True,True,True,True,True,True,True,True
pose000351,351,CS(=O)(=O)c1ccc(Nc2ccc(S(N)(=O)=O)cc2)cc1,True,pass,True,0,0,,,True,True,True,True,True,True,True,True,True,True,True,True,True,True,True,True,True,True,True,True,True,True
pose000352,352,CCC(=O)c1ccc([C@H](C)c2ccc(S(N)(=O)=O)cc2)cc1,True,pass,True,0,0,,,True,True,True,True,True,True,True,True,True,True,True,True,True,True,True,True,True,True,True,True,True,True
pose000353,353,Cc1ccccc1N(C)CC(=O)NC(=O)c1ccccc1F,True,pass,True,0,0,,,True,True,True,True,True,True,True,True,True,True,True,True,True,True,True,True,True,True,True,True,True,True
pose000354,354,Cc1c(NC2CCCNC2)nc2ccnn2c1Nc1ccc(F)c(Cl)c1,True,pass,True,0,0,,,True,True,True,True,True,True,True,True,True,True,True,True,True,True,True,True,True,True,True,True,True,True
pose000355,355,Cc1cc(CNC(=O)c2ccsc2)ccc1C(=O)N1CCNCC1,True,pass,True,0,0,,,True,True,True,True,True,True,True,True,True,True,True,True,True,True,True,True,True,True,True,True,True,True
pose000356,356,C=C1N(C)C=C(O)N1c1cc(C)cc2c1OC(N(C)C(C)C)=C(O)C2,True,pass,True,0,0,,,True,True,True,True,True,True,True,True,True,True,True,True,True,True,True,True,True,True,True,True,True,True
pose000357,357,O=C(Cc1cccc(O)c1)Nc1[nH]nc2ccc(N3CCCS3(=O)=O)cc12,True,pass,True,0,0,,,True,True,True,True,True,True,True,True,True,True,True,True,True,True,True,True,True,True,True,True,True,True
pose000358,358,Cc1nnc(-c2cccc(-c3cnn4ccc(NCCN)nc34)c2)o1,True,pass,True,0,0,,,True,True,True,True,True,True,True,True,True,True,True,True,True,True,True,True,True,True,True,True,True,True
pose000359,359,CN(C)N1CCC(Nc2ccc(S(N)(=O)=O)cc2)CC1,True,pass,True,0,0,,,True,True,True,True,True,True,True,True,True,True,True,True,True,True,True,True,True,True,True,True,True,True
pose000360,360,CC[C@H](CO)Nc1nc(NCc2ccc(NC(=O)C3(F)CC3)cc2)n2ncc(C(C)C)c2n1,True,pass,True,0,0,,,True,True,True,True,True,True,True,True,True,True,True,True,True,True,True,True,True,True,True,True,True,True
pose000361,361,CNC(=O)c1ccc(Nc2nccc(-c3cnc(C)n3C(C)C)n2)cc1,True,pass,True,0,0,,,True,True,True,True,True,True,True,True,True,True,True,True,True,True,True,True,True,True,True,True,True,True
pose000362,362,CS(=O)(=O)c1ccc(NC(=O)NC(=O)c2cccc(Cl)c2)cc1,True,pass,True,0,0,,,True,True,True,True,True,True,True,True,True,True,True,True,True,True,True,True,True,True,True,True,True,True
pose000363,363,C[C@H](CO)Nc1nc(Nc2ccc(S(C)(=O)=NS(=O)(=O)CC[Si](C)(C)C)cc2)ncc1Br,True,pass,True,0,0,,,True,True,True,True,True,True,True,True,True,True,True,True,True,True,True,True,True,True,True,True,True,True
pose000364,364,C=CC(=O)Nc1ccc(OC(=O)N2CCCC(Nc3ncc(SCc4ncc(C(C)(C)C)o4)s3)C2)cc1,True,pass,True,0,0,,,True,True,True,True,True,True,True,True,True,True,True,True,True,True,True,True,True,True,True,True,True,True
pose000365,365,CO[C@@H](S)[C@@H](C)Oc1nc(Nc2ccc(S(=O)(=O)O[C@H](C)[C@@H](C)O)cc2)ncc1C(F)(F)F,True,pass,True,0,0,,,True,True,True,True,True,True,True,True,True,True,True,True,True,True,True,True,True,True,True,True,True,True
pose000366,366,O=C(Nc1ccc(C(=O)N2CCCC2)cc1)c1ccccc1F,True,pass,True,0,0,,,True,True,True,True,True,True,True,True,True,True,True,True,True,True,True,True,True,True,True,True,True,True
pose000367,367,Cn1cc(C2=C(c3cn(CC(O)CO)c4ccccc34)C(=O)NC2=O)c2ccccc21,True,pass,True,0,0,,,True,True,True,True,True,True,True,True,True,True,True,True,True,True,True,True,True,True,True,True,True,True
pose000368,368,O=C(c1ccccc1)N1CCN(Nc2ccccc2)CC1,True,pass,True,0,0,,,True,True,True,True,True,True,True,True,True,True,True,True,True,True,True,True,True,True,True,True,True,True
pose000369,369,CNCn1nc(C(N)=O)c2c1-c1nc(Nc3ccc(-c4cnc(C)n4C(C)C)cc3)ncc1CC2,True,pass,True,0,0,,,True,True,True,True,True,True,True,True,True,True,True,True,True,True,True,True,True,True,True,True,True,True
pose000370,370,NS(=O)(=O)Cc1ccc(-c2ccc(S(N)(=O)=O)cc2)cc1,True,pass,True,0,0,,,True,True,True,True,True,True,True,True,True,True,True,True,True,True,True,True,True,True,True,True,True,True
pose000371,371,CC(C)(C)n1cnc2c(NCc3ccccc3)nc(NC=CCO)nc21,True,pass,True,0,0,,,True,True,True,True,True,True,True,True,True,True,True,True,True,True,True,True,True,True,True,True,True,True
pose000372,372,CC(=O)C(=N)c1ccc(Nc2ncc(F)c(-c3ncc(F)c(-c4cnc(C)n4C(C)C)n3)n2)cc1C,True,pass,True,0,0,,,True,True,True,True,True,True,True,True,True,True,True,True,True,True,True,True,True,True,True,True,True,True
pose000373,373,COC(C(=O)N1Cc2[nH]nc(NC(=O)c3ccc(N4CCN(C)CC4)cc3)c2C1)c1ccccc1,True,pass,True,0,0,,,True,True,True,True,True,True,True,True,True,True,True,True,True,True,True,True,True,True,True,True,True,True
pose000374,374,CC(=O)Nc1cccc(Cc2ncc(-c3cc(C(=O)N4CCN(C(C)C)CC4)ccn3)s2)c1,True,pass,True,0,0,,,True,True,True,True,True,True,True,True,True,True,True,True,True,True,True,True,True,True,True,True,True,True
pose000375,375,O=C(OCC1CCCCC1)c1nc(OCC2CCCCC2)c2[nH]cnc2n1,True,pass,True,0,0,,,True,True,True,True,True,True,True,True,True,True,True,True,True,True,True,True,True,True,True,True,True,True
pose000376,376,CC(=O)Nc1ccc([C@@H](C)c2ccc(S(N)(=O)=O)cc2)cc1,True,pass,True,0,0,,,True,True,True,True,True,True,True,True,True,True,True,True,True,True,True,True,True,True,True,True,True,True
pose000377,377,CS(=O)(=O)c1cccc(-c2ccc(NC3CCCC3)cc2)c1,True,pass,True,0,0,,,True,True,True,True,True,True,True,True,True,True,True,True,True,True,True,True,True,True,True,True,True,True
pose000378,378,C=C(CCN(C)C)N1CCc2nc(Nc3ncc(F)c(-c4cc(F)c5nc(C)n(C6CC6)c5c4)n3)ccc2C1,True,pass,True,0,0,,,True,True,True,True,True,True,True,True,True,True,True,True,True,True,True,True,True,True,True,True,True,True
pose000379,379,CN1C/C=C/CCOc2cccc(c2)-c2ccnc(n2)Nc2cccc(c2)C1,True,fail,False,4,0,bond_lengths|bond_angles|double_bond_flatness|internal_energy,,True,True,True,True,True,True,False,False,True,True,True,False,False,True,True,True,True,True,True,True,True,True
pose000380,380,CNC(=O)c1ccc(Cc2ccc(NC3CC3)cc2)cc1,True,pass,True,0,0,,,True,True,True,True,True,True,True,True,True,True,True,True,True,True,True,True,True,True,True,True,True,True
pose000381,381,CCCC(=O)Nc1nc(Nc2ccc(N3CCN(C(C)=O)CC3)cc2OC)ncc1Br,True,pass,True,0,0,,,True,True,True,True,True,True,True,True,True,True,True,True,True,True,True,True,True,True,True,True,True,True
pose000382,382,CCNC(=O)c1ccc(-c2ccc(S(N)(=O)=O)cc2)cc1,True,pass,True,0,0,,,True,True,True,True,True,True,True,True,True,True,True,True,True,True,True,True,True,True,True,True,True,True
pose000383,383,CC(C)c1nccc(Nc2ccc(S(N)(=O)=O)cc2)n1,True,pass,True,0,0,,,True,True,True,True,True,True,True,True,True,True,True,True,True,True,True,True,True,True,True,True,True,True
pose000384,384,NS(=O)(=O)c1ccc(Nc2nccc(-c3cnc4ccccn34)n2)cc1,True,pass,True,0,0,,,True,True,True,True,True,True,True,True,True,True,True,True,True,True,True,True,True,True,True,True,True,True
pose000385,385,CCCc1ccc(-c2ccc(S(N)(=O)=O)cc2)cc1O,True,pass,True,0,0,,,True,True,True,True,True,True,True,True,True,True,True,True,True,True,True,True,True,True,True,True,True,True
pose000386,386,O=C(c1ccc(-c2ccccc2)cc1)N1CCCNCC1,True,pass,True,0,0,,,True,True,True,True,True,True,True,True,True,True,True,True,True,True,True,True,True,True,True,True,True,True
pose000387,387,COc1c(O)[nH]c2ccc(C(=O)SCNN=NN=Nc3ccc(S(N)(=O)=O)cc3)cc12,True,pass,True,0,0,,,True,True,True,True,True,True,True,True,True,True,True,True,True,True,True,True,True,True,True,True,True,True
pose000388,388,C[C@@H]1CN(c2ccc(Nc3ncc4cc5n(c4n3)C3(CCCCC3)CNC5=O)nc2)CCN1C,True,pass,True,0,0,,,True,True,True,True,True,True,True,True,True,True,True,True,True,True,True,True,True,True,True,True,True,True
pose000389,389,Nc1nc(Nc2ccc(S(N)(=O)=O)cc2)nc(OCC2CCCCC2)c1N=O,True,pass,True,0,0,,,True,True,True,True,True,True,True,True,True,True,True,True,True,True,True,True,True,True,True,True,True,True
pose000390,390,CC(C)c1ccc(Cc2ccc(S(N)(=O)=O)cc2)cc1,True,pass,True,0,0,,,True,True,True,True,True,True,True,True,True,True,True,True,True,True,True,True,True,True,True,True,True,True
pose000391,391,O=C(N=C1NNC2=CC=CC21)C1CC1,True,pass,True,0,0,,,True,True,True,True,True,True,True,True,True,True,True,True,True,True,True,True,True,True,True,True,True,True
pose000392,392,CC(C)(C)c1cc2cnc(Nc3ccc(N4CCCNCCC4)cn3)nc2n1C1CCCC1,True,pass,True,0,0,,,True,True,True,True,True,True,True,True,True,True,True,True,True,True,True,True,True,True,True,True,True,True
pose000393,393,O=C(Nc1ccc(-c2ccccc2)cc1)N1CCN(C2CC2)CC1,True,pass,True,0,0,,,True,True,True,True,True,True,True,True,True,True,True,True,True,True,True,True,True,True,True,True,True,True
pose000394,394,O=C(c1nc2c(OCC3CCNCC3)c(Br)cnc2[nH]1)c1cccs1,True,pass,True,0,0,,,True,True,True,True,True,True,True,True,True,True,True,True,True,True,True,True,True,True,True,True,True,True
pose000395,395,COCc1cccc(N2CCN(c3ccc(O)cc3)CC2)c1,True,pass,True,0,0,,,True,True,True,True,True,True,True,True,True,True,True,True,True,True,True,True,True,True,True,True,True,True
pose000396,396,NC(=O)c1nn(CCCNc2ccccc2)c2c1CCc1cnc(Nc3ccccc3)nc1-2,True,pass,True,0,0,,,True,True,True,True,True,True,True,True,True,True,True,True,True,True,True,True,True,True,True,True,True,True
pose000397,397,Cc1ncc(-c2ccnc(Nc3ccc(C(N)=O)cc3)n2)n1-c1ncc(N)c(-c2cnc(C)n2C(C)C)n1,True,pass,True,0,0,,,True,True,True,True,True,True,True,True,True,True,True,True,True,True,True,True,True,True,True,True,True,True
pose000398,398,O=C(Nc1ccc(C(=O)N2CCCCCC2)cc1)c1ccccc1,True,pass,True,0,0,,,True,True,True,True,True,True,True,True,True,True,True,True,True,True,True,True,True,True,True,True,True,True
pose000399,399,O=C(NC1CCNCC1)c1[nH]ncc1NC(=O)c1c(Cl)cccc1Cl,True,pass,True,0,0,,,True,True,True,True,True,True,True,True,True,True,True,True,True,True,True,True,True,True,True,True,True,True
pose000400,400,CN1C/C=C/CCOc2cc(ccn2)-c2ccnc(n2)Nc2cccc(c2)C1,True,fail,False,4,0,bond_lengths|bond_angles|double_bond_flatness|internal_energy,,True,True,True,True,True,True,False,False,True,True,True,False,False,True,True,True,True,True,True,True,True,True
pose000401,401,Cc1ncc(-c2nc(NC(C)(C)C(C)C)ncc2F)n1C(C)C,True,pass,True,0,0,,,True,True,True,True,True,True,True,True,True,True,True,True,True,True,True,True,True,True,True,True,True,True
pose000402,402,CN1CCN(c2ccc(NC(=O)c3ccccc3)cc2)CC1,True,pass,True,0,0,,,True,True,True,True,True,True,True,True,True,True,True,True,True,True,True,True,True,True,True,True,True,True
pose000403,403,COc1ccc(NC(=O)C2CCN(c3ccccc3)CC2)cc1,True,pass,True,0,0,,,True,True,True,True,True,True,True,True,True,True,True,True,True,True,True,True,True,True,True,True,True,True
pose000404,404,Cc1nc2c(F)cc(-c3nc(Nc4ccc5c(n4)CCN(CCC(N)NO)C5)ncc3F)cc2n1C(C)C,True,pass,True,0,0,,,True,True,True,True,True,True,True,True,True,True,True,True,True,True,True,True,True,True,True,True,True,True
pose000405,405,CCNC(=O)N1CCC(c2ccc3c(NNC)[nH]nc3n2)CC1,True,pass,True,0,0,,,True,True,True,True,True,True,True,True,True,True,True,True,True,True,True,True,True,True,True,True,True,True
pose000406,406,Cc1cc(Nc2ncc(Br)c(N[C@H](C)[C@H](C)O)n2)ccc1S(C)(=N)=O,True,pass,True,0,0,,,True,True,True,True,True,True,True,True,True,True,True,True,True,True,True,True,True,True,True,True,True,True
pose000407,407,Nc1nccc(-c2ccc(F)c(NC(=O)Nc3ccc(Cl)cc3)c2)n1,True,pass,True,0,0,,,True,True,True,True,True,True,True,True,True,True,True,True,True,True,True,True,True,True,True,True,True,True
pose000408,408,CC(C)(C)c1nccc(-c2ccc(S(N)(=O)=O)cc2)n1,True,pass,True,0,0,,,True,True,True,True,True,True,True,True,True,True,True,True,True,True,True,True,True,True,True,True,True,True
pose000409,409,CC(=O)C(=N)c1ccc(NC(=O)c2ccc(Nc3ncc(F)c(-c4cnc(C)n4C(C)C)n3)cc2C)cc1C,True,pass,True,0,0,,,True,True,True,True,True,True,True,True,True,True,True,True,True,True,True,True,True,True,True,True,True,True
pose000410,410,O=C(CN1CCN(C(=O)c2ccccc2)CC1)NC(=O)c1ccccc1,True,pass,True,0,0,,,True,True,True,True,True,True,True,True,True,True,True,True,True,True,True,True,True,True,True,True,True,True
pose000411,411,N[C@H]1CC[C@H](Nc2cc(-c3ccc(N4CCCC4)cc3)n3ncnc3n2)CC1,True,pass,True,0,0,,,True,True,True,True,True,True,True,True,True,True,True,True,True,True,True,True,True,True,True,True,True,True
pose000412,412,CN1CCC(OCc2ccc(Nc3ncc(F)c(-c4cc(F)c5nc6n(c5c4)C(C)(C)CC6)n3)nc2)CC1,True,pass,True,0,0,,,True,True,True,True,True,True,True,True,True,True,True,True,True,True,True,True,True,True,True,True,True,True
pose000413,413,CC(C)N1CCc2cnc(Nc3ccccc3Cl)nc2C1,True,pass,True,0,0,,,True,True,True,True,True,True,True,True,True,True,True,True,True,True,True,True,True,True,True,True,True,True
pose000414,414,CN1CCN(c2ccc(CCc3ccc(N)nc3)cc2)CC1,True,pass,True,0,0,,,True,True,True,True,True,True,True,True,True,True,True,True,True,True,True,True,True,True,True,True,True,True
pose000415,415,NS(=O)(=O)c1cncc(-c2nc(NCc3ccccn3)c3c(-c4ccccc4)cccc3n2)c1,True,pass,True,0,0,,,True,True,True,True,True,True,True,True,True,True,True,True,True,True,True,True,True,True,True,True,True,True
pose000416,416,CC(C)Cc1nc(Nc2ccc(S(N)(=O)=O)cc2)ncc1F,True,pass,True,0,0,,,True,True,True,True,True,True,True,True,True,True,True,True,True,True,True,True,True,True,True,True,True,True
pose000417,417,C[C@H](Nc1nc(Nc2ccc(S(=N)(=O)CCO)cc2)ncc1Br)C(C)(C)O,True,pass,True,0,0,,,True,True,True,True,True,True,True,True,True,True,True,True,True,True,True,True,True,True,True,True,True,True
pose000418,418,COc1ccc(C(=O)NC(=O)Oc2ccccc2F)cc1,True,pass,True,0,0,,,True,True,True,True,True,True,True,True,True,True,True,True,True,True,True,True,True,True,True,True,True,True
pose000419,419,CCOC(=O)N=S(C)(=O)Cc1cccc(Nc2ncc(F)c(-c3cccc4c3OCCC4)n2)c1,True,pass,True,0,0,,,True,True,True,True,True,True,True,True,True,True,True,True,True,True,True,True,True,True,True,True,True,True
pose000420,420,Cc1ccc(CNC(=O)NC(=O)c2cccc(F)c2)cc1,True,pass,True,0,0,,,True,True,True,True,True,True,True,True,True,True,True,True,True,True,True,True,True,True,True,True,True,True
pose000421,421,Cc1cc(CN2CCCCNCC2)nc(Cc2ccccc2)n1,True,pass,True,0,0,,,True,True,True,True,True,True,True,True,True,True,True,True,True,True,True,True,True,True,True,True,True,True
pose000422,422,CCc1c(C(=O)NCCc2ccc(N3CCOCC3)cc2)[nH]c2ccc(C)cc12,True,pass,True,0,0,,,True,True,True,True,True,True,True,True,True,True,True,True,True,True,True,True,True,True,True,True,True,True
pose000423,423,CONc1ccc2[nH]c(O)c(NNc3ccc4[nH]c(O)c(N=Nc5ccc(S(N)(=O)=O)cc5)c4c3)c2c1,True,pass,True,0,0,,,True,True,True,True,True,True,True,True,True,True,True,True,True,True,True,True,True,True,True,True,True,True
pose000424,424,C=C(C)[CH]C[CH][C@H]1CCN(C(=O)c2ccc(Nc3ncc(F)c(-c4cnc(C)n4C(C)C)n3)cc2)C1,True,fail,False,1,0,no_radicals,,True,True,True,True,True,False,True,True,True,True,True,True,True,True,True,True,True,True,True,True,True,True
pose000425,425,COc1ccc(CN(C)C(=O)c2ccc(CO)cc2)cc1,True,pass,True,0,0,,,True,True,True,True,True,True,True,True,True,True,True,True,True,True,True,True,True,True,True,True,True,True
pose000426,426,CNc1cc(-c2ccc(S(N)(=O)=O)cc2)ccc1C(=O)N(C)C,True,pass,True,0,0,,,True,True,True,True,True,True,True,True,True,True,True,True,True,True,True,True,True,True,True,True,True,True
pose000427,427,NC(=O)N1CCN(c2cccc(Oc3ccccc3)c2)CC1,True,pass,True,0,0,,,True,True,True,True,True,True,True,True,True,True,True,True,True,True,True,True,True,True,True,True,True,True
pose000428,428,CNC(=O)c1ccc(C(=O)Nc2cc(N3CCCCC3)ncn2)cc1,True,pass,True,0,0,,,True,True,True,True,True,True,True,True,True,True,True,True,True,True,True,True,True,True,True,True,True,True
pose000429,429,CCc1ccc(N=Nc2ccc(S(N)(=O)=O)cc2)cc1,True,pass,True,0,0,,,True,True,True,True,True,True,True,True,True,True,True,True,True,True,True,True,True,True,True,True,True,True
pose000430,430,C[C@H](O)[C@@H](C)Oc1nc(Nc2ccc(S(=N)(=O)[C@H](C)[C@@H](C)O)cc2)ncc1C(F)(F)F,True,pass,True,0,0,,,True,True,True,True,True,True,True,True,True,True,True,True,True,True,True,True,True,True,True,True,True,True
pose000431,431,CC(=O)C[C@H](c1ccc(Nc2ncc(F)c(-c3cnc(C)n3C(C)C)n2)cc1)C(C)C,True,pass,True,0,0,,,True,True,True,True,True,True,True,True,True,True,True,True,True,True,True,True,True,True,True,True,True,True
pose000432,432,Cc1ccccc1C(=O)Nc1ccc(N2CCOCC2)cc1,True,pass,True,0,0,,,True,True,True,True,True,True,True,True,True,True,True,True,True,True,True,True,True,True,True,True,True,True
pose000433,433,CN(C)CC(=O)N1CCc2nc(Nc3ncc(F)c(-c4ccccc4O[N+](=O)[O-])n3)ccc2C1,True,pass,True,0,0,,,True,True,True,True,True,True,True,True,True,True,True,True,True,True,True,True,True,True,True,True,True,True
pose000434,434,Cc1ccc(Nc2ccc(Nc3nccc(-c4cnc(C)n4C(C)C)n3)cc2)cc1,True,pass,True,0,0,,,True,True,True,True,True,True,True,True,True,True,True,True,True,True,True,True,True,True,True,True,True,True
pose000435,435,N=S(=O)(Nc1cc(-c2cccc(O)c2)[nH]n1)c1ccc(Nc2cc(-c3ccc(S(N)(=O)=O)cc3)[nH]n2)cc1,True,unevaluable,False,0,1,,internal_energy,True,True,True,True,True,True,True,True,True,True,True,True,,True,True,True,True,True,True,True,True,True
pose000436,436,CC=C(c1ccc2[nH]c(O)c(N=Nc3ccc(N=Nc4ccc(S(N)(=O)=O)cc4)cc3)c2c1)S(=N)(=O)COC,True,pass,True,0,0,,,True,True,True,True,True,True,True,True,True,True,True,True,True,True,True,True,True,True,True,True,True,True
pose000437,437,Cc1nc(-c2c(C)nn3c(Cc4cccc(O)c4)ccnc23)no1,True,pass,True,0,0,,,True,True,True,True,True,True,True,True,True,True,True,True,True,True,True,True,True,True,True,True,True,True
pose000438,438,O=C(Nc1cc(N2CCCSC2)ncn1)c1cccc(Cl)c1,True,pass,True,0,0,,,True,True,True,True,True,True,True,True,True,True,True,True,True,True,True,True,True,True,True,True,True,True
pose000439,439,COc1cc(-c2ccc(N3CCCCC3)cc2)cc(O)c1OC,True,pass,True,0,0,,,True,True,True,True,True,True,True,True,True,True,True,True,True,True,True,True,True,True,True,True,True,True
pose000440,440,C[C@H](CC(C)(C)O)S(=O)(=O)c1ccc(Nc2ncc(C(F)(F)F)c(O[C@H](C)C(C)(C)O)n2)cc1,True,pass,True,0,0,,,True,True,True,True,True,True,True,True,True,True,True,True,True,True,True,True,True,True,True,True,True,True
pose000441,441,O=C(Nc1ccccc1)N1CCN(C(=O)c2ccc(F)cc2)CC1,True,pass,True,0,0,,,True,True,True,True,True,True,True,True,True,True,True,True,True,True,True,True,True,True,True,True,True,True
pose000442,442,CC(C)(O)c1ccc(-c2ccc(S(N)(=O)=O)cc2)cc1,True,pass,True,0,0,,,True,True,True,True,True,True,True,True,True,True,True,True,True,True,True,True,True,True,True,True,True,True
pose000443,443,C=C(C)c1ccc(-c2ccc(S(N)(=O)=O)cc2F)cc1,True,pass,True,0,0,,,True,True,True,True,True,True,True,True,True,True,True,True,True,True,True,True,True,True,True,True,True,True
pose000444,444,c1ccc(Cc2nnc3sc(SSc4nn5c(Cc6ccccc6)nnc5s4)nn23)cc1,True,pass,True,0,0,,,True,True,True,True,True,True,True,True,True,True,True,True,True,True,True,True,True,True,True,True,True,True
pose000445,445,Cc1ncc(-c2nc(Nc3ccc(C(=O)CC(=O)CO)cc3)ncc2F)n1C(C)C,True,pass,True,0,0,,,True,True,True,True,True,True,True,True,True,True,True,True,True,True,True,True,True,True,True,True,True,True
pose000446,446,O=C(c1ccc(Cl)cc1)N1CCN(c2ccccc2)CC1,True,pass,True,0,0,,,True,True,True,True,True,True,True,True,True,True,True,True,True,True,True,True,True,True,True,True,True,True
pose000447,447,NS(=O)(=O)c1ccc(-c2ccc(C(F)F)c(O)c2)cc1,True,pass,True,0,0,,,True,True,True,True,True,True,True,True,True,True,True,True,True,True,True,True,True,True,True,True,True,True
pose000448,448,Oc1ccc(-c2cccc(N3CCC(OC(F)F)CC3)n2)cc1,True,pass,True,0,0,,,True,True,True,True,True,True,True,True,True,True,True,True,True,True,True,True,True,True,True,True,True,True
pose000449,449,Cc1ncc(-c2ccnc(NN3CCCN(C)CC3)n2)n1C(C)C,True,pass,True,0,0,,,True,True,True,True,True,True,True,True,True,True,True,True,True,True,True,True,True,True,True,True,True,True
pose000450,450,C1=C/COCc2cc(ccc2OCCN2CCCC2)Nc2nccc(n2)-c2csc(c2)COC/1,True,fail,False,4,0,bond_lengths|bond_angles|double_bond_flatness|internal_energy,,True,True,True,True,True,True,False,False,True,True,True,False,False,True,True,True,True,True,True,True,True,True
pose000451,451,CNC(=O)Nc1ncc(F)c(-c2cnc(C)n2C(C)C)n1,True,pass,True,0,0,,,True,True,True,True,True,True,True,True,True,True,True,True,True,True,True,True,True,True,True,True,True,True
pose000452,452,CN(C)CCN(C)c1cccc2[nH]c(N3CCc4cnc(Nc5ccnn5C)nc4C3)nc12,True,pass,True,0,0,,,True,True,True,True,True,True,True,True,True,True,True,True,True,True,True,True,True,True,True,True,True,True
pose000453,453,CC(=O)Nc1ccccc1-c1cc2cc(NC#N)ccc2[nH]1,True,pass,True,0,0,,,True,True,True,True,True,True,True,True,True,True,True,True,True,True,True,True,True,True,True,True,True,True
pose000454,454,Cc1ccc(NC(=O)Cc2ccc(N3CCOCC3)cc2)cc1,True,pass,True,0,0,,,True,True,True,True,True,True,True,True,True,True,True,True,True,True,True,True,True,True,True,True,True,True
pose000455,455,NS(=O)(=O)c1ccc(Cc2c(F)cc(F)cc2F)cc1,True,pass,True,0,0,,,True,True,True,True,True,True,True,True,True,True,True,True,True,True,True,True,True,True,True,True,True,True
pose000456,456,Cc1ncc(-c2ccnc(Nc3ccc(C(N)=O)cc3)n2)n1C(C)C,True,pass,True,0,0,,,True,True,True,True,True,True,True,True,True,True,True,True,True,True,True,True,True,True,True,True,True,True
pose000457,457,COc1ccc([C@H](C)c2ccc(S(N)(=O)=O)cc2)cc1,True,pass,True,0,0,,,True,True,True,True,True,True,True,True,True,True,True,True,True,True,True,True,True,True,True,True,True,True
pose000458,458,Cc1ccccc1Nc1ccc(N2CCCN(C)CC2)cc1,True,pass,True,0,0,,,True,True,True,True,True,True,True,True,True,True,True,True,True,True,True,True,True,True,True,True,True,True
pose000459,459,Cc1ncc(-c2ccnc(Nc3ccc(C(=O)N(C)C)c(F)c3)n2)n1C(C)C,True,pass,True,0,0,,,True,True,True,True,True,True,True,True,True,True,True,True,True,True,True,True,True,True,True,True,True,True
pose000460,460,O=C(O)c1cc(Cl)ccc1Nc1ccc2c(n1)CCN(C(=O)OCl)C2,True,pass,True,0,0,,,True,True,True,True,True,True,True,True,True,True,True,True,True,True,True,True,True,True,True,True,True,True
pose000461,461,O=C(NC(=S)Nc1ccc(Cl)cc1)c1cn(-c2ccccc2)nc1-c1ccc(Cl)cc1,True,pass,True,0,0,,,True,True,True,True,True,True,True,True,True,True,True,True,True,True,True,True,True,True,True,True,True,True
pose000462,462,NC(=O)n1cc(C(=O)NC(=S)Nc2ccc(Cl)cc2)c(-c2ccc(Cl)cc2)n1,True,pass,True,0,0,,,True,True,True,True,True,True,True,True,True,True,True,True,True,True,True,True,True,True,True,True,True,True
pose000463,463,Oc1ccc(N2CCC(O)CC2)cc1-c1nc(OCC2CCCCC2)c2[nH]cnc2n1,True,pass,True,0,0,,,True,True,True,True,True,True,True,True,True,True,True,True,True,True,True,True,True,True,True,True,True,True
pose000464,464,CN(C)CCNS(=O)(=O)c1ccc(Nc2cccc(-c3cnc4ccccn34)c2)cc1,True,pass,True,0,0,,,True,True,True,True,True,True,True,True,True,True,True,True,True,True,True,True,True,True,True,True,True,True
pose000465,465,CNC(=O)c1nn(C)c(-c2nc(Nc3cccc(S(N)(=O)=O)c3)ncc2C)c1C(C)C,True,pass,True,0,0,,,True,True,True,True,True,True,True,True,True,True,True,True,True,True,True,True,True,True,True,True,True,True
pose000466,466,COc1ccccc1-c1nc(C)cc(CN2CCCNCC2)n1,True,pass,True,0,0,,,True,True,True,True,True,True,True,True,True,True,True,True,True,True,True,True,True,True,True,True,True,True
pose000467,467,Cc1cc(Nc2cnc(C#N)c(N[C@@H](C)c3ccc(F)cn3)n2)[nH]n1,True,pass,True,0,0,,,True,True,True,True,True,True,True,True,True,True,True,True,True,True,True,True,True,True,True,True,True,True
pose000468,468,CN1CCN(c2cccc(-c3cccc(Nc4ncc5c(n4)-c4c(c(C(N)=O)nn4C)CC5)c3)c2)CC1,True,pass,True,0,0,,,True,True,True,True,True,True,True,True,True,True,True,True,True,True,True,True,True,True,True,True,True,True
pose000469,469,CN=S(C)(=O)c1ccc(Nc2ncc(Br)c(N[C@H](C)[C@H](C)O)n2)cc1,True,pass,True,0,0,,,True,True,True,True,True,True,True,True,True,True,True,True,True,True,True,True,True,True,True,True,True,True
pose000470,470,COc1cc(F)ccc1Nc1ncc2c(n1)N([C@@H]1CCC[C@@H](O)C1)C(=O)C21CC1,True,pass,True,0,0,,,True,True,True,True,True,True,True,True,True,True,True,True,True,True,True,True,True,True,True,True,True,True
pose000471,471,CNS(=O)(=O)c1ccc(-c2ccc(N3CCOCC3)cc2)cc1,True,pass,True,0,0,,,True,True,True,True,True,True,True,True,True,True,True,True,True,True,True,True,True,True,True,True,True,True
pose000472,472,CC(C)CCCc1nccc(-c2ccc(S(N)(=O)=O)cc2)n1,True,pass,True,0,0,,,True,True,True,True,True,True,True,True,True,True,True,True,True,True,True,True,True,True,True,True,True,True
pose000473,473,CN1CCN(c2ccc(Nc3ccc(N(C)C)cc3)cc2)CC1,True,pass,True,0,0,,,True,True,True,True,True,True,True,True,True,True,True,True,True,True,True,True,True,True,True,True,True,True
pose000474,474,CN(C)C(=O)c1ccc(-c2ccc(S(N)(=O)=O)cc2)cc1,True,pass,True,0,0,,,True,True,True,True,True,True,True,True,True,True,True,True,True,True,True,True,True,True,True,True,True,True
pose000475,475,Cc1ncc(-c2nc(NCC(=O)C3CC3)ncc2F)n1C(C)C,True,pass,True,0,0,,,True,True,True,True,True,True,True,True,True,True,True,True,True,True,True,True,True,True,True,True,True,True
pose000476,476,CS(=O)(=O)C(=O)NCc1cccc(-c2ccc(O)cc2)n1,True,pass,True,0,0,,,True,True,True,True,True,True,True,True,True,True,True,True,True,True,True,True,True,True,True,True,True,True
pose000477,477,CN(C)CCCS(=O)(=O)c1ccc(Nc2nccc(Nc3ccc(F)cc3)n2)cc1,True,pass,True,0,0,,,True,True,True,True,True,True,True,True,True,True,True,True,True,True,True,True,True,True,True,True,True,True
pose000478,478,C[C@@H](O[C@H](C)[C@@H](C)O)SS(=O)(=O)c1ccc(Nc2ncc(C(F)(F)F)c(O[C@H](C)[C@@H](C)O)n2)cc1,True,pass,True,0,0,,,True,True,True,True,True,True,True,True,True,True,True,True,True,True,True,True,True,True,True,True,True,True
pose000479,479,NS(=O)(=O)c1ccc(N=NSc2ccc(-c3c(=O)[nH]c4ccc5[nH]cccc5c34)cc2)cc1,True,pass,True,0,0,,,True,True,True,True,True,True,True,True,True,True,True,True,True,True,True,True,True,True,True,True,True,True
pose000480,480,COc1ccc(-c2cccc(N3CCCOCC3)c2)c(O)c1,True,pass,True,0,0,,,True,True,True,True,True,True,True,True,True,True,True,True,True,True,True,True,True,True,True,True,True,True
pose000481,481,C1=C/COCc2cncc(c2)-c2ccnc(n2)Nc2cccc(c2)COC/1,True,pass,True,0,0,,,True,True,True,True,True,True,True,True,True,True,True,True,True,True,True,True,True,True,True,True,True,True
pose000482,482,CC([C@@H](C)O)[C@@H](C)Oc1nc(Nc2ccc(S(=N)(=O)C(C)C)cc2)ncc1C(F)(F)F,True,pass,True,0,0,,,True,True,True,True,True,True,True,True,True,True,True,True,True,True,True,True,True,True,True,True,True,True
pose000483,483,CC(C)c1cccc(Cc2ccc(S(N)(=O)=O)cc2)c1,True,pass,True,0,0,,,True,True,True,True,True,True,True,True,True,True,True,True,True,True,True,True,True,True,True,True,True,True
pose000484,484,Cc1cc(N2CCN(C(=O)c3cccnc3)CC2)ccc1CN,True,pass,True,0,0,,,True,True,True,True,True,True,True,True,True,True,True,True,True,True,True,True,True,True,True,True,True,True
pose000485,485,Nc1ncccc1-c1nc2ccccc2[nH]1,True,pass,True,0,0,,,True,True,True,True,True,True,True,True,True,True,True,True,True,True,True,True,True,True,True,True,True,True
pose000486,486,CN(C)S(=O)(=O)c1ccc(Nc2ccc(F)cc2)cc1,True,pass,True,0,0,,,True,True,True,True,True,True,True,True,True,True,True,True,True,True,True,True,True,True,True,True,True,True
pose000487,487,CC(C)c1nc(N2CCN(C(C)C)CC2)c2[nH]cnc2n1,True,pass,True,0,0,,,True,True,True,True,True,True,True,True,True,True,True,True,True,True,True,True,True,True,True,True,True,True
pose000488,488,CN1CCN(c2ccc(NC(=O)NC(=O)c3ccsc3)cc2)CC1,True,pass,True,0,0,,,True,True,True,True,True,True,True,True,True,True,True,True,True,True,True,True,True,True,True,True,True,True
pose000489,489,CC(C)c1ccc(Cc2ccc(S(N)(=O)=O)cc2)cn1,True,pass,True,0,0,,,True,True,True,True,True,True,True,True,True,True,True,True,True,True,True,True,True,True,True,True,True,True
pose000490,490,COc1ccccc1-c1nccc(CC2CCC(N)CC2)n1,True,pass,True,0,0,,,True,True,True,True,True,True,True,True,True,True,True,True,True,True,True,True,True,True,True,True,True,True
pose000491,491,COCS(=O)(=O)c1ccc(NS(=O)(=S)c2ccc(Nc3ncc(Br)c(N[C@H](C)[C@@H](C)O)n3)cc2)cc1,True,pass,True,0,0,,,True,True,True,True,True,True,True,True,True,True,True,True,True,True,True,True,True,True,True,True,True,True
pose000492,492,Cc1ncc(-c2nc(Nc3ccc(C(=O)N4CC[C@H](N(C)C)C4)cc3)ncc2F)n1C(C)C,True,pass,True,0,0,,,True,True,True,True,True,True,True,True,True,True,True,True,True,True,True,True,True,True,True,True,True,True
pose000493,493,C=C(C)N(C)C(=O)c1ccc(Nc2ncc(F)c(-c3cnc(C)n3C(C)C)n2)cc1,True,pass,True,0,0,,,True,True,True,True,True,True,True,True,True,True,True,True,True,True,True,True,True,True,True,True,True,True
pose000494,494,NS(=O)(=O)c1ccc(Nc2cc(-c3ccc(Nc4cc(-c5cccc(O)c5)[nH]n4)cc3)[nH]n2)cc1,True,pass,True,0,0,,,True,True,True,True,True,True,True,True,True,True,True,True,True,True,True,True,True,True,True,True,True,True
pose000495,495,COc1c(C)cccc1Nc1ccc(C(F)(F)F)cc1C(=O)O,True,pass,True,0,0,,,True,True,True,True,True,True,True,True,True,True,True,True,True,True,True,True,True,True,True,True,True,True
pose000496,496,O=S(=O)(NCCO)c1ccc(N=Cc2c(O)[nH]c3ccc4ncsc4c23)cc1,True,pass,True,0,0,,,True,True,True,True,True,True,True,True,True,True,True,True,True,True,True,True,True,True,True,True,True,True
pose000497,497,CC(=O)C(=O)c1ccc(C(=O)c2ccc(Nc3ncc(F)c(-c4cnc(C)n4C(C)C)n3)cc2C)cc1C,True,pass,True,0,0,,,True,True,True,True,True,True,True,True,True,True,True,True,True,True,True,True,True,True,True,True,True,True
pose000498,498,Cc1ccccc1-c1ccc(C(=O)NCN2CCN(C)CC2)cc1,True,pass,True,0,0,,,True,True,True,True,True,True,True,True,True,True,True,True,True,True,True,True,True,True,True,True,True,True
pose000499,499,CCC(=O)c1cccc(-c2ccc(S(N)(=O)=O)cc2)c1,True,pass,True,0,0,,,True,True,True,True,True,True,True,True,True,True,True,True,True,True,True,True,True,True,True,True,True,True
pose000500,500,CC(=O)c1ccc(C(=O)C=Nc2ccc(Nc3ncc(F)c(-c4cnc(C)n4C(C)C)n3)cn2)cc1,True,pass,True,0,0,,,True,True,True,True,True,True,True,True,True,True,True,True,True,True,True,True,True,True,True,True,True,True
pose000501,501,O=C(NCc1ccccc1)c1ccc(CC(=O)N2CCCC2)cc1,True,pass,True,0,0,,,True,True,True,True,True,True,True,True,True,True,True,True,True,True,True,True,True,True,True,True,True,True
pose000502,502,CN1CCN(c2ccc(C(=O)Nc3cccc(Cl)c3)cc2)CC1,True,pass,True,0,0,,,True,True,True,True,True,True,True,True,True,True,True,True,True,True,True,True,True,True,True,True,True,True
pose000503,503,O=C(Cc1cccc(Cl)c1)NN1CCN(C(=O)c2ccsc2)CC1,True,pass,True,0,0,,,True,True,True,True,True,True,True,True,True,True,True,True,True,True,True,True,True,True,True,True,True,True
pose000504,504,O=C(CC1CC1)Nc1nccc(Nc2ccccc2Cl)n1,True,pass,True,0,0,,,True,True,True,True,True,True,True,True,True,True,True,True,True,True,True,True,True,True,True,True,True,True
pose000505,505,CC(C)=CC[C@H]1CCN(C(=O)c2ccc(Nc3ncc(F)c(-c4cnc(C)n4C(C)C)n3)cc2)C1,True,pass,True,0,0,,,True,True,True,True,True,True,True,True,True,True,True,True,True,True,True,True,True,True,True,True,True,True
pose000506,506,O=C(NC1CC1)c1ccc(C(=O)N2CCCCC2)cc1,True,pass,True,0,0,,,True,True,True,True,True,True,True,True,True,True,True,True,True,True,True,True,True,True,True,True,True,True
pose000507,507,C[C@@H](O)[C@@H](C)Nc1nc(Nc2ccc(S(=O)(=S)S(=O)(=O)Nc3ccc(S(=O)(=O)ON)cc3)cc2)ncc1Br,True,pass,True,0,0,,,True,True,True,True,True,True,True,True,True,True,True,True,True,True,True,True,True,True,True,True,True,True
pose000508,508,COc1ccc(NC(=O)C(=O)NC2CCN(c3ccccc3)CC2)cc1,True,pass,True,0,0,,,True,True,True,True,True,True,True,True,True,True,True,True,True,True,True,True,True,True,True,True,True,True
pose000509,509,O=C(c1cccc(N2CCCCNCC2)c1)N1CCN(C2CC2)CC1,True,pass,True,0,0,,,True,True,True,True,True,True,True,True,True,True,True,True,True,True,True,True,True,True,True,True,True,True
pose000510,510,CN1CCN(c2ccc(NC(=O)C3CCCC3)cc2)CC1,True,pass,True,0,0,,,True,True,True,True,True,True,True,True,True,True,True,True,True,True,True,True,True,True,True,True,True,True
pose000511,511,CC(C)c1ccc(Nc2ccc(S(N)(=O)=O)cc2)cc1F,True,pass,True,0,0,,,True,True,True,True,True,True,True,True,True,True,True,True,True,True,True,True,True,True,True,True,True,True
pose000512,512,O=C(NC(=O)c1ccsc1)c1ccc(N2CCCCC2)cc1,True,pass,True,0,0,,,True,True,True,True,True,True,True,True,True,True,True,True,True,True,True,True,True,True,True,True,True,True
pose000513,513,Cc1ncc(-c2nc(NC(=O)N(C)C)ncc2F)n1C(C)C,True,pass,True,0,0,,,True,True,True,True,True,True,True,True,True,True,True,True,True,True,True,True,True,True,True,True,True,True
pose000514,514,CC(=O)Nc1cccc(N2CCN(c3cccc(C)c3)CC2)c1,True,pass,True,0,0,,,True,True,True,True,True,True,True,True,True,True,True,True,True,True,True,True,True,True,True,True,True,True
pose000515,515,COc1ccc(Nc2ccc(S(=O)(=O)N(C)C)cc2)cc1,True,pass,True,0,0,,,True,True,True,True,True,True,True,True,True,True,True,True,True,True,True,True,True,True,True,True,True,True
pose000516,516,O=c1cc(-c2ccc(O)c(O)c2)oc2cc(O)cc(O)c12,True,pass,True,0,0,,,True,True,True,True,True,True,True,True,True,True,True,True,True,True,True,True,True,True,True,True,True,True
pose000517,517,COc1cc(N2CCOCC2)ccc1NC(=O)c1ccccc1,True,pass,True,0,0,,,True,True,True,True,True,True,True,True,True,True,True,True,True,True,True,True,True,True,True,True,True,True
pose000518,518,N[C@H]1CC[C@H](Nc2nc(Nc3ccccc3)c3ncn(C4CCCC4)c3n2)CC1,True,pass,True,0,0,,,True,True,True,True,True,True,True,True,True,True,True,True,True,True,True,True,True,True,True,True,True,True
pose000519,519,Cc1ncc(-c2ccnc(Nc3ccc(C(=O)NCCO)cc3)n2)n1C(C)C,True,pass,True,0,0,,,True,True,True,True,True,True,True,True,True,True,True,True,True,True,True,True,True,True,True,True,True,True
pose000520,520,CCc1ccc(-c2nccc(CC3CCC(N)CC3)n2)cn1,True,pass,True,0,0,,,True,True,True,True,True,True,True,True,True,True,True,True,True,True,True,True,True,True,True,True,True,True
pose000521,521,CC(=O)N1CCN(C(=O)Nc2ccc(Nc3ccc(Cl)cc3)cc2)CC1,True,pass,True,0,0,,,True,True,True,True,True,True,True,True,True,True,True,True,True,True,True,True,True,True,True,True,True,True
pose000522,522,Cc1ncc(-c2nc(Nc3ccc(Nc4ccc(C(=O)N[C@H](C)[C@@H](C)O)c(F)c4)cc3)ncc2F)n1C(C)C,True,pass,True,0,0,,,True,True,True,True,True,True,True,True,True,True,True,True,True,True,True,True,True,True,True,True,True,True
pose000523,523,NC(=O)c1ccc(N2CCN(c3ccccc3)CC2)cc1,True,pass,True,0,0,,,True,True,True,True,True,True,True,True,True,True,True,True,True,True,True,True,True,True,True,True,True,True
pose000524,524,Cc1ccccc1-c1n[nH]c2c1CN(N1CCCCC1)C2,True,pass,True,0,0,,,True,True,True,True,True,True,True,True,True,True,True,True,True,True,True,True,True,True,True,True,True,True
pose000525,525,Cc1ccc(NC(=O)c2ccc(S(=O)(=O)C3CC3)cc2)cc1,True,pass,True,0,0,,,True,True,True,True,True,True,True,True,True,True,True,True,True,True,True,True,True,True,True,True,True,True
pose000526,526,CC(=O)N1CCC(CNc2nccc3c2OCCC3)CC1,True,pass,True,0,0,,,True,True,True,True,True,True,True,True,True,True,True,True,True,True,True,True,True,True,True,True,True,True
pose000527,527,COC(=O)[C@@]1(Cc2ccc(O)c(CC=C(C)C)c2)OC(=O)C(=O)C1c1ccc(O)cc1,True,fail,False,1,0,minimum_distance_to_protein,,True,True,True,True,True,True,True,True,True,True,True,True,True,True,False,True,True,True,True,True,True,True
pose000528,528,CC(C)C1CCN(c2ccc(Nc3ncc4cc5n(c4n3)C3(CCCCC3)CNC5=O)nc2)CC1,True,pass,True,0,0,,,True,True,True,True,True,True,True,True,True,True,True,True,True,True,True,True,True,True,True,True,True,True
pose000529,529,CC(=O)N1CCN(c2ccc(C(=O)Nc3ccccc3F)cc2)CC1,True,pass,True,0,0,,,True,True,True,True,True,True,True,True,True,True,True,True,True,True,True,True,True,True,True,True,True,True
pose000530,530,Cc1cc(Nc2ccc(S(N)(=O)=O)cc2)ccc1C(C)C,True,pass,True,0,0,,,True,True,True,True,True,True,True,True,True,True,True,True,True,True,True,True,True,True,True,True,True,True
pose000531,531,Cc1cc(-c2ccc(S(N)(=O)=O)cc2)ccc1C1CC1,True,pass,True,0,0,,,True,True,True,True,True,True,True,True,True,True,True,True,True,True,True,True,True,True,True,True,True,True
pose000532,532,CS(=N)(=O)Cc1cccc(Nc2ncc(F)c(-c3cccc4c3OCCC4)n2)c1,True,pass,True,0,0,,,True,True,True,True,True,True,True,True,True,True,True,True,True,True,True,True,True,True,True,True,True,True
pose000533,533,NS(=O)(=O)c1ccc(-c2ccc(COC3CC3)cc2)cc1,True,pass,True,0,0,,,True,True,True,True,True,True,True,True,True,True,True,True,True,True,True,True,True,True,True,True,True,True
pose000534,534,COc1ccc(C(=O)NC(=O)Nc2ccccc2F)cc1,True,fail,False,1,0,internal_steric_clash,,True,True,True,True,True,True,True,True,False,True,True,True,True,True,True,True,True,True,True,True,True,True
pose000535,535,O=C(Nc1[nH]nc2cc(-c3ccc(O)cc3)ccc12)C1CC1,True,pass,True,0,0,,,True,True,True,True,True,True,True,True,True,True,True,True,True,True,True,True,True,True,True,True,True,True
pose000536,536,CCS(=O)(=O)c1ccc(-c2ccc(NC(C)=O)cc2)cc1,True,pass,True,0,0,,,True,True,True,True,True,True,True,True,True,True,True,True,True,True,True,True,True,True,True,True,True,True
pose000537,537,c1ccc(Nc2cccc(CN3CCOCC3)c2)cc1,True,pass,True,0,0,,,True,True,True,True,True,True,True,True,True,True,True,True,True,True,True,True,True,True,True,True,True,True
pose000538,538,OCc1ccc(-c2ccc(N3CCOCC3)cc2)cc1,True,pass,True,0,0,,,True,True,True,True,True,True,True,True,True,True,True,True,True,True,True,True,True,True,True,True,True,True
pose000539,539,CONc1ccc2[nH]c(O)c(N=Nc3ccc(S(N)(=O)=O)cc3)c2c1,True,pass,True,0,0,,,True,True,True,True,True,True,True,True,True,True,True,True,True,True,True,True,True,True,True,True,True,True
pose000540,540,COCC(=O)Nc1ccc(-c2ccc(F)c(Cl)c2)nc1,True,pass,True,0,0,,,True,True,True,True,True,True,True,True,True,True,True,True,True,True,True,True,True,True,True,True,True,True
pose000541,541,CN1CCN(c2ccc(NC(=O)c3ccccc3F)cc2)CC1,True,pass,True,0,0,,,True,True,True,True,True,True,True,True,True,True,True,True,True,True,True,True,True,True,True,True,True,True
pose000542,542,COCCOCCOCCOCCN(C)S(=O)(=O)c1ccc(N=Cc2c(O)[nH]c3ccc4ncsc4c23)cc1,True,pass,True,0,0,,,True,True,True,True,True,True,True,True,True,True,True,True,True,True,True,True,True,True,True,True,True,True
pose000543,543,NS(=O)(=O)c1ccc2[nH]c(O)c(N=NN3Cc4ccccc4C3=O)c2c1,True,pass,True,0,0,,,True,True,True,True,True,True,True,True,True,True,True,True,True,True,True,True,True,True,True,True,True,True
pose000544,544,CC(c1ccc(S(N)(=O)=O)cc1)c1ccnc(C(C)(C)C)c1,True,pass,True,0,0,,,True,True,True,True,True,True,True,True,True,True,True,True,True,True,True,True,True,True,True,True,True,True
pose000545,545,C=C(C)CC(=O)c1ccc(Nc2ncc(F)c(-c3ncc(F)c(-c4cnc(C)n4C(C)C)n3)n2)cc1,True,pass,True,0,0,,,True,True,True,True,True,True,True,True,True,True,True,True,True,True,True,True,True,True,True,True,True,True
pose000546,546,CN1CCN(c2ccc(Nc3ccccc3)cc2)CC1,True,pass,True,0,0,,,True,True,True,True,True,True,True,True,True,True,True,True,True,True,True,True,True,True,True,True,True,True
pose000547,547,COc1ccc(-c2ocnc2NOc2ccc3c(n2)CCNC3)cc1Cl,True,pass,True,0,0,,,True,True,True,True,True,True,True,True,True,True,True,True,True,True,True,True,True,True,True,True,True,True
pose000548,548,COc1ccc(C(=O)CC(=O)c2ccc3[nH]c(O)c(N=Nc4ccc(S(N)(=O)=O)cc4)c3c2)cc1,True,pass,True,0,0,,,True,True,True,True,True,True,True,True,True,True,True,True,True,True,True,True,True,True,True,True,True,True
pose000549,549,CC(C1CC1)n1cnc2c(NCc3cccc(C(F)(F)F)c3)nc(NCCC#N)nc21,True,pass,True,0,0,,,True,True,True,True,True,True,True,True,True,True,True,True,True,True,True,True,True,True,True,True,True,True
pose000550,550,O=C(Nc1ccc(CN2CCCC2=O)cc1)c1ccccc1,True,pass,True,0,0,,,True,True,True,True,True,True,True,True,True,True,True,True,True,True,True,True,True,True,True,True,True,True
pose000551,551,O=C(NC(=O)c1ccc(N2CCCC2=O)cc1)Nc1ccccc1,True,pass,True,0,0,,,True,True,True,True,True,True,True,True,True,True,True,True,True,True,True,True,True,True,True,True,True,True
pose000552,552,CCc1ccc(NC(=O)c2ccc(S(N)(=O)=O)cc2)cc1,True,pass,True,0,0,,,True,True,True,True,True,True,True,True,True,True,True,True,True,True,True,True,True,True,True,True,True,True
pose000553,553,O=C(Cc1ccc(N2CCOCC2)cc1)NCc1ccccc1,True,pass,True,0,0,,,True,True,True,True,True,True,True,True,True,True,True,True,True,True,True,True,True,True,True,True,True,True
pose000554,554,CN(C)c1ccccc1NC(=O)C1CCN(c2ccccc2)CC1,True,pass,True,0,0,,,True,True,True,True,True,True,True,True,True,True,True,True,True,True,True,True,True,True,True,True,True,True
pose000555,555,CNC(=O)c1ccc(C(=O)NCc2ccccc2F)cc1,True,pass,True,0,0,,,True,True,True,True,True,True,True,True,True,True,True,True,True,True,True,True,True,True,True,True,True,True
pose000556,556,CC(=O)N1CCc2nc(-c3ccc(C(N)=O)cc3)ccc2C1,True,pass,True,0,0,,,True,True,True,True,True,True,True,True,True,True,True,True,True,True,True,True,True,True,True,True,True,True
pose000557,557,Cc1ncc(-c2nc(Nc3ccc(N4CCOCC4)cc3)ncc2F)n1C(C)C,True,pass,True,0,0,,,True,True,True,True,True,True,True,True,True,True,True,True,True,True,True,True,True,True,True,True,True,True
pose000558,558,CN(C)C(=O)Cc1ccc(-c2ccc(S(N)(=O)=O)cc2)cc1,True,pass,True,0,0,,,True,True,True,True,True,True,True,True,True,True,True,True,True,True,True,True,True,True,True,True,True,True
pose000559,559,Cc1nc2c(F)cc(C[C@@H]3CNCCO3)cc2n1C1CCCC1,True,pass,True,0,0,,,True,True,True,True,True,True,True,True,True,True,True,True,True,True,True,True,True,True,True,True,True,True
pose000560,560,O=C(c1ccccc1)N1CCN(Cc2cccc(Cl)c2)CC1,True,pass,True,0,0,,,True,True,True,True,True,True,True,True,True,True,True,True,True,True,True,True,True,True,True,True,True,True
pose000561,561,CCOC(=O)N=S(C)(=O)Cc1cccc(Nc2ncc(F)c(-c3ccc(F)cc3OC)n2)c1,True,pass,True,0,0,,,True,True,True,True,True,True,True,True,True,True,True,True,True,True,True,True,True,True,True,True,True,True
pose000562,562,CC(C)(C)Oc1cccc(C(=O)N2CCN(C(=O)O)CC2)c1,True,pass,True,0,0,,,True,True,True,True,True,True,True,True,True,True,True,True,True,True,True,True,True,True,True,True,True,True
pose000563,563,C=C(C)C(=O)c1ccc(NC(=O)c2ccc(Nc3ncc(F)c(-c4cnc(C)n4C(C)C)n3)cc2F)cc1F,True,pass,True,0,0,,,True,True,True,True,True,True,True,True,True,True,True,True,True,True,True,True,True,True,True,True,True,True
pose000564,564,C(=Cc1nccc(CCN2CCCNCC2)n1)c1ccccc1,True,pass,True,0,0,,,True,True,True,True,True,True,True,True,True,True,True,True,True,True,True,True,True,True,True,True,True,True
pose000565,565,CC(=O)N1CCC(Cc2ccc(NC(=O)c3ccccc3)cc2)CC1,True,pass,True,0,0,,,True,True,True,True,True,True,True,True,True,True,True,True,True,True,True,True,True,True,True,True,True,True
pose000566,566,NS(=O)(=O)c1ccc(N=Nc2c(O)[nH]c3ccc4ncsc4c23)cc1,True,pass,True,0,0,,,True,True,True,True,True,True,True,True,True,True,True,True,True,True,True,True,True,True,True,True,True,True
pose000567,567,COC(=O)c1ccc2[nH]c(O)c(N=NN=NN=Nc3ccc(S(N)(=O)=O)cc3)c2c1,True,pass,True,0,0,,,True,True,True,True,True,True,True,True,True,True,True,True,True,True,True,True,True,True,True,True,True,True
pose000568,568,NC(=O)c1ccc2[nH]c(O)c(N=Nc3ccc(S(N)(=O)=O)cc3)c2c1,True,pass,True,0,0,,,True,True,True,True,True,True,True,True,True,True,True,True,True,True,True,True,True,True,True,True,True,True
pose000569,569,C[C@@H](Nc1nc(Nc2ccc(S(=O)(=O)[C@@H](C)O)cc2)ncc1Br)c1ncc(Br)c(N[C@H](C)[C@@H](C)O)n1,True,pass,True,0,0,,,True,True,True,True,True,True,True,True,True,True,True,True,True,True,True,True,True,True,True,True,True,True
pose000570,570,CCc1ccc(NC(=O)c2ccc(CC(C)=O)cc2)cc1,True,pass,True,0,0,,,True,True,True,True,True,True,True,True,True,True,True,True,True,True,True,True,True,True,True,True,True,True
pose000571,571,CN(C)CC(=O)NOc1ccc(Nc2nccc(Nc3cccc(Cl)c3)n2)cc1,True,pass,True,0,0,,,True,True,True,True,True,True,True,True,True,True,True,True,True,True,True,True,True,True,True,True,True,True
pose000572,572,C[C@H]([C@H](C)O)[C@@H](C)Oc1nc(Nc2ccc(S(=N)(=O)C3C=C3)cc2)ncc1C(F)(F)F,True,pass,True,0,0,,,True,True,True,True,True,True,True,True,True,True,True,True,True,True,True,True,True,True,True,True,True,True
pose000573,573,Nc1ccccc1NC(=O)/C=C/c1ccc(-c2ccc3ncnc(Nc4ccc(OCc5cccc(F)c5)c(Cl)c4)c3c2)cc1,True,pass,True,0,0,,,True,True,True,True,True,True,True,True,True,True,True,True,True,True,True,True,True,True,True,True,True,True
pose000574,574,Cc1ccccc1NC(=O)Cc1ccc(C(=O)O)cc1,True,pass,True,0,0,,,True,True,True,True,True,True,True,True,True,True,True,True,True,True,True,True,True,True,True,True,True,True
pose000575,575,NS(=O)(=O)c1ccc(-c2ccc(CN3CC3)cc2)cc1,True,pass,True,0,0,,,True,True,True,True,True,True,True,True,True,True,True,True,True,True,True,True,True,True,True,True,True,True
pose000576,576,C=C(Cc1ccc(S(N)(=O)=O)cc1)c1ccc(C(C)C)cc1,True,pass,True,0,0,,,True,True,True,True,True,True,True,True,True,True,True,True,True,True,True,True,True,True,True,True,True,True
pose000577,577,C=C(C=CCNc1ccc(-c2cc(C)nc(N)n2)cc1)N1CCN(C(C)=O)C(C)C1,True,pass,True,0,0,,,True,True,True,True,True,True,True,True,True,True,True,True,True,True,True,True,True,True,True,True,True,True
pose000578,578,C=CC(=O)Nc1ccc(C(=O)N2CCCC(Nc3ncc(CNCc4ncc(C(C)(C)C)o4)s3)C2)cc1,True,pass,True,0,0,,,True,True,True,True,True,True,True,True,True,True,True,True,True,True,True,True,True,True,True,True,True,True
pose000579,579,Cc1ncc(-c2nc(NCCC(C)C)ncc2F)n1C(C)C,True,pass,True,0,0,,,True,True,True,True,True,True,True,True,True,True,True,True,True,True,True,True,True,True,True,True,True,True
pose000580,580,O=C(CNC(=O)c1ccsc1)NC(=O)Cc1cccc(Cl)c1,True,pass,True,0,0,,,True,True,True,True,True,True,True,True,True,True,True,True,True,True,True,True,True,True,True,True,True,True
pose000581,581,COC(=O)c1ccc2[nH]c(O)c(N=NN=Nc3ccc(N=Nc4ccc(S(N)(=O)=O)cc4)cc3)c2c1,True,pass,True,0,0,,,True,True,True,True,True,True,True,True,True,True,True,True,True,True,True,True,True,True,True,True,True,True
pose000582,582,CC(C)(C)SC(=O)c1c(N)nc2ccc(C(=O)c3c(O)cccc3Cl)cn12,True,pass,True,0,0,,,True,True,True,True,True,True,True,True,True,True,True,True,True,True,True,True,True,True,True,True,True,True
pose000583,583,CC(=O)Nc1ccc(N=Cc2c(=O)[nH]c(O)c3cc(Br)ccc23)cc1,True,pass,True,0,0,,,True,True,True,True,True,True,True,True,True,True,True,True,True,True,True,True,True,True,True,True,True,True
pose000584,584,COc1cc(-c2ccc3c(-c4nc5c(N6CCN(C)CC6)cccc5[nH]4)[nH]nc3c2)ccc1O,True,pass,True,0,0,,,True,True,True,True,True,True,True,True,True,True,True,True,True,True,True,True,True,True,True,True,True,True
pose000585,585,C[C@@H](Oc1nc(Nc2ccc(Oc3ccc(S(=O)(=O)OS(C)(=N)=O)cc3)cc2)ncc1C(F)(F)F)[C@H](O)S,True,pass,True,0,0,,,True,True,True,True,True,True,True,True,True,True,True,True,True,True,True,True,True,True,True,True,True,True
pose000586,586,CCn1c(-c2ccnc(Nc3ccc(S(=O)(=O)NCCOC)cc3)n2)cnc1C,True,pass,True,0,0,,,True,True,True,True,True,True,True,True,True,True,True,True,True,True,True,True,True,True,True,True,True,True
pose000587,587,COc1cc(N2CCN(C(C)=O)CC2)ccc1Nc1ncc(C)c([C@H]2CC[C@H](N)CC2)n1,True,pass,True,0,0,,,True,True,True,True,True,True,True,True,True,True,True,True,True,True,True,True,True,True,True,True,True,True
pose000588,588,C[C@@H](Oc1cc(-c2cc(-c3cc(CN(C)C)cs3)cnc2N)ccc1C(N)=O)c1ccccc1C(F)(F)F,True,pass,True,0,0,,,True,True,True,True,True,True,True,True,True,True,True,True,True,True,True,True,True,True,True,True,True,True
pose000589,589,O=C1NC(=O)C(c2cnc3ccccn23)=C1c1cn2c3c(cc(F)cc13)CN(C(=O)N1CCCCC1)CC2,True,pass,True,0,0,,,True,True,True,True,True,True,True,True,True,True,True,True,True,True,True,True,True,True,True,True,True,True
pose000590,590,Cc1ncc(-c2ccnc(Nc3ccc(F)cc3)n2)n1C(C)C,True,pass,True,0,0,,,True,True,True,True,True,True,True,True,True,True,True,True,True,True,True,True,True,True,True,True,True,True
pose000591,591,CC(=O)N1CCN(c2ccc(-c3ccc(NC4CC4)cc3)cc2)CC1,True,pass,True,0,0,,,True,True,True,True,True,True,True,True,True,True,True,True,True,True,True,True,True,True,True,True,True,True
pose000592,592,Cc1ccc(C(=O)N2CCc3cnc(NC4CCOCC4)nc3C2)cc1,True,pass,True,0,0,,,True,True,True,True,True,True,True,True,True,True,True,True,True,True,True,True,True,True,True,True,True,True
pose000593,593,CCc1ccc(Nc2ccc(N3CCOCC3)cc2)cc1,True,pass,True,0,0,,,True,True,True,True,True,True,True,True,True,True,True,True,True,True,True,True,True,True,True,True,True,True
pose000594,594,Cc1ncc(-c2ccc(S(N)(=O)=O)cc2)n1C(C)C(C)C,True,pass,True,0,0,,,True,True,True,True,True,True,True,True,True,True,True,True,True,True,True,True,True,True,True,True,True,True
pose000595,595,CC(C)(C)CCN1CCN(c2ccc(Nc3ncc4cc5n(c4n3)C3(CCCC3)CNC5=O)nc2)CC1,True,pass,True,0,0,,,True,True,True,True,True,True,True,True,True,True,True,True,True,True,True,True,True,True,True,True,True,True
pose000596,596,C[C@H]1CC[C@@H](n2c3cnccc3c3cnc(Nc4ccc5c(n4)CCN(C(=O)CO)C5)nc32)CC1,True,pass,True,0,0,,,True,True,True,True,True,True,True,True,True,True,True,True,True,True,True,True,True,True,True,True,True,True
pose000597,597,CCN1CCN(C(=O)c2ccc(Nc3ccccc3)cc2)CC1,True,pass,True,0,0,,,True,True,True,True,True,True,True,True,True,True,True,True,True,True,True,True,True,True,True,True,True,True
pose000598,598,COc1cc(N2CCN(C)CC2)c(O)cc1-c1ccccc1,True,pass,True,0,0,,,True,True,True,True,True,True,True,True,True,True,True,True,True,True,True,True,True,True,True,True,True,True
pose000599,599,CN1CCC(NC(=O)c2ccc(Nc3ncc(F)c(-c4ccc(F)cn4)n3)cc2)NC1,True,pass,True,0,0,,,True,True,True,True,True,True,True,True,True,True,True,True,True,True,True,True,True,True,True,True,True,True
pose000600,600,C[C@@H](Oc1nc(Nc2ccc(S(=O)(=O)S(N)(=O)=O)cc2)ncc1C(F)(F)F)OC(F)O[C@H](C)[C@@H](C)O,True,pass,True,0,0,,,True,True,True,True,True,True,True,True,True,True,True,True,True,True,True,True,True,True,True,True,True,True
pose000601,601,CC(C)(C)S(=O)(=O)c1ccc(-c2ccc(S(N)(=O)=O)cc2)cc1,True,pass,True,0,0,,,True,True,True,True,True,True,True,True,True,True,True,True,True,True,True,True,True,True,True,True,True,True
pose000602,602,C=C(C)C(=O)C(=O)C(=O)c1ccc(Nc2ncc(F)c(-c3cnc(C)n3C(C)C)n2)cc1,True,pass,True,0,0,,,True,True,True,True,True,True,True,True,True,True,True,True,True,True,True,True,True,True,True,True,True,True
pose000603,603,CCN(CC)C1CCN(c2ccc(NC3CCNCC3)nc2)CC1,True,pass,True,0,0,,,True,True,True,True,True,True,True,True,True,True,True,True,True,True,True,True,True,True,True,True,True,True
pose000604,604,C[C@@H](O)[C@@H](C)Nc1nc(Nc2ccc(S(=O)(=S)Nc3ccc(S(=O)(=S)S(=O)(=O)ON)cc3)cc2)ncc1Br,True,pass,True,0,0,,,True,True,True,True,True,True,True,True,True,True,True,True,True,True,True,True,True,True,True,True,True,True
pose000605,605,CC(C)Cc1ccc(Nc2ccc(S(N)(=O)=O)cc2)cc1,True,pass,True,0,0,,,True,True,True,True,True,True,True,True,True,True,True,True,True,True,True,True,True,True,True,True,True,True
pose000606,606,COC(=O)NCc1ccc(-c2ccc(N3CCN(C)CC3)cc2)cc1,True,pass,True,0,0,,,True,True,True,True,True,True,True,True,True,True,True,True,True,True,True,True,True,True,True,True,True,True
pose000607,607,Nc1nccc(-c2cc(N3CCC(O)C3)ccc2O)n1,True,pass,True,0,0,,,True,True,True,True,True,True,True,True,True,True,True,True,True,True,True,True,True,True,True,True,True,True
pose000608,608,CC(=O)Nc1ccc(Nc2ncc(F)c(-c3cnc(C)n3C(C)C)n2)cc1,True,pass,True,0,0,,,True,True,True,True,True,True,True,True,True,True,True,True,True,True,True,True,True,True,True,True,True,True
pose000609,609,NS(=O)(=O)c1ccc(-c2cccc(S(N)(=O)=O)c2)cc1,True,pass,True,0,0,,,True,True,True,True,True,True,True,True,True,True,True,True,True,True,True,True,True,True,True,True,True,True
pose000610,610,CCCSc1ccc(-c2ccc(S(N)(=O)=O)cc2)cc1,True,pass,True,0,0,,,True,True,True,True,True,True,True,True,True,True,True,True,True,True,True,True,True,True,True,True,True,True
pose000611,611,CC(=O)c1ccc(NC(=O)C2CCN(C(C)=O)CC2)cc1,True,pass,True,0,0,,,True,True,True,True,True,True,True,True,True,True,True,True,True,True,True,True,True,True,True,True,True,True
pose000612,612,CC(C)NCc1ccc(-c2ccc(S(N)(=O)=O)cc2)cc1,True,fail,False,1,0,internal_energy,,True,True,True,True,True,True,True,True,True,True,True,True,False,True,True,True,True,True,True,True,True,True
pose000613,613,CCc1ccc(NC(=O)c2ccc(F)cc2OC)cc1,True,pass,True,0,0,,,True,True,True,True,True,True,True,True,True,True,True,True,True,True,True,True,True,True,True,True,True,True
pose000614,614,CNc1nccc(-n2ccc3ccc(C#N)cc32)n1,True,pass,True,0,0,,,True,True,True,True,True,True,True,True,True,True,True,True,True,True,True,True,True,True,True,True,True,True
pose000615,615,C[C@H]1CCC[C@@H]1N1C(=O)C2(CC2)c2cnc(Nc3ccc(S(=O)(=O)N[C@H]4CC[C@H](N)CC4)cc3)nc21,True,fail,False,1,0,minimum_distance_to_protein,,True,True,True,True,True,True,True,True,True,True,True,True,True,True,False,True,True,True,True,True,True,True
pose000616,616,CC(=O)N1Cc2[nH]nc(-c3ccc(N4CCCCC4)cc3)c2C1,True,pass,True,0,0,,,True,True,True,True,True,True,True,True,True,True,True,True,True,True,True,True,True,True,True,True,True,True
pose000617,617,COc1ccc(-c2ccc(N3CCCNCC3)cc2)cn1,True,pass,True,0,0,,,True,True,True,True,True,True,True,True,True,True,True,True,True,True,True,True,True,True,True,True,True,True
pose000618,618,Cn1cnc(S(=O)(=O)N2CCC(Nc3ncc(C(F)(F)F)c(Nc4cccc(Cl)c4)n3)CC2)c1,True,pass,True,0,0,,,True,True,True,True,True,True,True,True,True,True,True,True,True,True,True,True,True,True,True,True,True,True
pose000619,619,O=C(c1ccccc1)N1CCCN(c2ccc(Cl)cc2)CC1,True,pass,True,0,0,,,True,True,True,True,True,True,True,True,True,True,True,True,True,True,True,True,True,True,True,True,True,True
pose000620,620,O=C(O)c1ccc(N2CCN(c3ccccc3)CC2)cc1,True,pass,True,0,0,,,True,True,True,True,True,True,True,True,True,True,True,True,True,True,True,True,True,True,True,True,True,True
pose000621,621,CN(C)C(=O)c1cccc(-c2cccc(C(=O)N3CCCC3)c2)c1,True,pass,True,0,0,,,True,True,True,True,True,True,True,True,True,True,True,True,True,True,True,True,True,True,True,True,True,True
pose000622,622,Cc1ncc(Nc2ccc(C(N)=O)c(F)c2)n1C(C)C,True,pass,True,0,0,,,True,True,True,True,True,True,True,True,True,True,True,True,True,True,True,True,True,True,True,True,True,True
pose000623,623,CN1CC([C@@H](NC(=O)c2ccc3cnccc3c2)c2ccc(Cl)c(Cl)c2)C1,True,pass,True,0,0,,,True,True,True,True,True,True,True,True,True,True,True,True,True,True,True,True,True,True,True,True,True,True
pose000624,624,NS(=O)(=O)c1ccc(Nc2cc(-c3cccc(NC(=O)Nc4cc(C(F)(F)F)ccc4F)c3)[nH]n2)cc1,True,pass,True,0,0,,,True,True,True,True,True,True,True,True,True,True,True,True,True,True,True,True,True,True,True,True,True,True
pose000625,625,CNC(=O)c1ccc(-c2ccc(C(=O)N(C)C)cc2)c(Cl)c1,True,pass,True,0,0,,,True,True,True,True,True,True,True,True,True,True,True,True,True,True,True,True,True,True,True,True,True,True
pose000626,626,O=C(Nc1[nH]nc2ccc(N3CCCS3(=O)=O)cc12)N1CCCCC1,True,pass,True,0,0,,,True,True,True,True,True,True,True,True,True,True,True,True,True,True,True,True,True,True,True,True,True,True
pose000627,627,CC(O)C(C)Sc1nc(Nc2ccc(S(C)(=N)=O)cc2)ncc1Br,True,pass,True,0,0,,,True,True,True,True,True,True,True,True,True,True,True,True,True,True,True,True,True,True,True,True,True,True
pose000628,628,CNC(=O)c1ccc(-c2ccnc(CNC3CC3)c2)c(OC)c1,True,pass,True,0,0,,,True,True,True,True,True,True,True,True,True,True,True,True,True,True,True,True,True,True,True,True,True,True
pose000629,629,CC(=O)Nc1ccc(CNc2nc(N3CCC[C@H](O)C3)nc3c(C(C)C)cnn23)cc1,True,pass,True,0,0,,,True,True,True,True,True,True,True,True,True,True,True,True,True,True,True,True,True,True,True,True,True,True
pose000630,630,COCNc1ccc2[nH]c(O)c(N=NNNc3ccc(N=Nc4ccc(S(N)(=O)=O)cc4)cc3)c2c1,True,pass,True,0,0,,,True,True,True,True,True,True,True,True,True,True,True,True,True,True,True,True,True,True,True,True,True,True
pose000631,631,COc1ccccc1C1CCN(C(=O)c2ccccc2)CC1,True,pass,True,0,0,,,True,True,True,True,True,True,True,True,True,True,True,True,True,True,True,True,True,True,True,True,True,True
pose000632,632,Cc1ccc(NC(=O)c2ccc(S(N)(=O)=O)cc2)n1CC(C)C,True,pass,True,0,0,,,True,True,True,True,True,True,True,True,True,True,True,True,True,True,True,True,True,True,True,True,True,True
pose000633,633,COc1ccc(NC(=O)Nc2ccc(OC)cc2)cc1,True,pass,True,0,0,,,True,True,True,True,True,True,True,True,True,True,True,True,True,True,True,True,True,True,True,True,True,True
pose000634,634,C[C@@H](O)[C@@H](C)Oc1nc(Nc2ccc(S(=O)(=O)S)cc2)ncc1C(F)(F)F,True,pass,True,0,0,,,True,True,True,True,True,True,True,True,True,True,True,True,True,True,True,True,True,True,True,True,True,True
pose000635,635,Cc1ncc(NC(=O)c2c(F)cccc2F)n1C(C)C,True,pass,True,0,0,,,True,True,True,True,True,True,True,True,True,True,True,True,True,True,True,True,True,True,True,True,True,True
pose000636,636,COC(=O)CNC(=O)c1ccc2[nH]c(O)c(C=Nc3ccc(-c4ccc(S(N)(=O)=O)cc4)cc3)c2c1,True,pass,True,0,0,,,True,True,True,True,True,True,True,True,True,True,True,True,True,True,True,True,True,True,True,True,True,True
pose000637,637,C[C@@H](O)[C@@H](C)Oc1nc(Nc2ccc(S(=O)(=O)C(F)F)cc2)ncc1C(F)(F)S(N)(=O)=O,True,pass,True,0,0,,,True,True,True,True,True,True,True,True,True,True,True,True,True,True,True,True,True,True,True,True,True,True
pose000638,638,COc1c(O)[nH]c2ccc(C(=O)SCNN=NN=NN=Nc3ccc(S(N)(=O)=O)cc3)cc12,True,pass,True,0,0,,,True,True,True,True,True,True,True,True,True,True,True,True,True,True,True,True,True,True,True,True,True,True
pose000639,639,NS(=O)(=O)c1cccc(-c2ccc(C(F)(F)F)cn2)c1,True,pass,True,0,0,,,True,True,True,True,True,True,True,True,True,True,True,True,True,True,True,True,True,True,True,True,True,True
pose000640,640,N#Cc1cnn2c(Nc3ccc(F)c(Cl)c3)cc(N[C@H]3CC[C@H](N)CC3)nc12,True,pass,True,0,0,,,True,True,True,True,True,True,True,True,True,True,True,True,True,True,True,True,True,True,True,True,True,True
pose000641,641,Cc1ccc(N(CC#N)c2cc(Nc3ccc(OCC(O)CN(C)C)cc3)ncn2)c(Br)c1,True,pass,True,0,0,,,True,True,True,True,True,True,True,True,True,True,True,True,True,True,True,True,True,True,True,True,True,True
pose000642,642,C[C@@H](Oc1nc(Nc2ccc(S(=N)(=O)C3CC3)cc2)ncc1C(F)(F)F)O[C@H](C)[C@@H](C)O,True,pass,True,0,0,,,True,True,True,True,True,True,True,True,True,True,True,True,True,True,True,True,True,True,True,True,True,True
pose000643,643,O=C(NCN1CCN(C(=O)c2ccccc2)CC1)c1ccccc1,True,pass,True,0,0,,,True,True,True,True,True,True,True,True,True,True,True,True,True,True,True,True,True,True,True,True,True,True
pose000644,644,CN1CCCN(c2ccc(C[C@H]3CC[C@H](N)CC3)cc2)CC1,True,pass,True,0,0,,,True,True,True,True,True,True,True,True,True,True,True,True,True,True,True,True,True,True,True,True,True,True
pose000645,645,CC(C)n1cnc2c(NOCc3cccc(O)c3)nc(C(C)(C)C)nc21,True,pass,True,0,0,,,True,True,True,True,True,True,True,True,True,True,True,True,True,True,True,True,True,True,True,True,True,True
pose000646,646,Nc1nc(Nc2ccc(S(N)(=O)=O)cc2)nn1C(=O)c1c(F)cccc1F,True,pass,True,0,0,,,True,True,True,True,True,True,True,True,True,True,True,True,True,True,True,True,True,True,True,True,True,True
pose000647,647,CCOc1cc(F)ccc1-c1nc(Nc2cc(F)cc(CS(C)(=O)=NC#N)c2)ncc1F,True,pass,True,0,0,,,True,True,True,True,True,True,True,True,True,True,True,True,True,True,True,True,True,True,True,True,True,True
pose000648,648,COc1ccc(CN(C)/C=C2\C(=O)NC(=O)c3ccc(Br)cc32)cc1O,True,pass,True,0,0,,,True,True,True,True,True,True,True,True,True,True,True,True,True,True,True,True,True,True,True,True,True,True
pose000649,649,COC1CCN(c2nccc(Nc3cc(OCC4CCCCC4)cc(O)n3)n2)CC1,True,pass,True,0,0,,,True,True,True,True,True,True,True,True,True,True,True,True,True,True,True,True,True,True,True,True,True,True
pose000650,650,Cc1nnc2sc(SCc3ccccc3)nn12,True,pass,True,0,0,,,True,True,True,True,True,True,True,True,True,True,True,True,True,True,True,True,True,True,True,True,True,True
pose000651,651,COc1ccccc1N1CCN(C(=O)Nc2ccccc2)CC1,True,pass,True,0,0,,,True,True,True,True,True,True,True,True,True,True,True,True,True,True,True,True,True,True,True,True,True,True
pose000652,652,CC([C@H](C)O)[C@@H](C)Oc1nc(Nc2ccc(S(=N)(=O)C(F)(F)F)cc2)ncc1C(F)(F)F,True,pass,True,0,0,,,True,True,True,True,True,True,True,True,True,True,True,True,True,True,True,True,True,True,True,True,True,True
pose000653,653,O=C(Cc1ccc(-c2ccccc2)c(F)c1)Nc1cc(C2CC2)[nH]n1,True,pass,True,0,0,,,True,True,True,True,True,True,True,True,True,True,True,True,True,True,True,True,True,True,True,True,True,True
pose000654,654,CC(=O)N1CCC(Nc2ccc(S(N)(=O)=O)cc2)CC1,True,pass,True,0,0,,,True,True,True,True,True,True,True,True,True,True,True,True,True,True,True,True,True,True,True,True,True,True
pose000655,655,Cc1ccccc1NC(=O)CN(C)c1ccccc1C,True,pass,True,0,0,,,True,True,True,True,True,True,True,True,True,True,True,True,True,True,True,True,True,True,True,True,True,True
pose000656,656,CC(=O)N1CCC(Nc2ncc(F)c(-c3cnc(C)n3C(C)C)n2)CC1,True,pass,True,0,0,,,True,True,True,True,True,True,True,True,True,True,True,True,True,True,True,True,True,True,True,True,True,True
pose000657,657,COc1ccc(C(=O)NC(=O)Nc2ccccc2)cc1,True,pass,True,0,0,,,True,True,True,True,True,True,True,True,True,True,True,True,True,True,True,True,True,True,True,True,True,True
pose000658,658,O=C(Cc1ccccc1)NC1CCN(c2ccccc2)CC1,True,pass,True,0,0,,,True,True,True,True,True,True,True,True,True,True,True,True,True,True,True,True,True,True,True,True,True,True
pose000659,659,CC(=O)N1CCCc2cnc(Nc3ccc(N4CCCCC4=O)cc3)nc2C1,True,pass,True,0,0,,,True,True,True,True,True,True,True,True,True,True,True,True,True,True,True,True,True,True,True,True,True,True
pose000660,660,O=S(=O)(Nc1ccccc1)c1ccc(N=Cc2c(O)[nH]c3ccc4ncsc4c23)cc1,True,pass,True,0,0,,,True,True,True,True,True,True,True,True,True,True,True,True,True,True,True,True,True,True,True,True,True,True
pose000661,661,CC(C)C=c1cc(-c2ccc[nH]2)c2c(O)[nH]c3ccc(F)c1c32,True,pass,True,0,0,,,True,True,True,True,True,True,True,True,True,True,True,True,True,True,True,True,True,True,True,True,True,True
pose000662,662,CC(=O)N1CCCc2cnc(NC(=O)Nc3ccc(C)cc3)nc2C1,True,pass,True,0,0,,,True,True,True,True,True,True,True,True,True,True,True,True,True,True,True,True,True,True,True,True,True,True
pose000663,663,Cc1cc(N2CCN(C)CC2)ccc1NCc1ccccc1,True,pass,True,0,0,,,True,True,True,True,True,True,True,True,True,True,True,True,True,True,True,True,True,True,True,True,True,True
pose000664,664,NS(=O)(=O)c1ccc(SNN=NNc2ccc(N=Nc3c(O)[nH]c4ccc(S(N)(=O)=O)cc34)cc2)cc1,True,pass,True,0,0,,,True,True,True,True,True,True,True,True,True,True,True,True,True,True,True,True,True,True,True,True,True,True
pose000665,665,OC1CCN(c2ccc(N3CCN(c4ccc(Cl)cc4)CC3)cc2)CC1,True,pass,True,0,0,,,True,True,True,True,True,True,True,True,True,True,True,True,True,True,True,True,True,True,True,True,True,True
pose000666,666,Cc1ncc(-c2ccnc(Nc3ccc(-c4ccc(C(=O)C(C)C)cc4)cc3)n2)n1C(C)C,True,pass,True,0,0,,,True,True,True,True,True,True,True,True,True,True,True,True,True,True,True,True,True,True,True,True,True,True
pose000667,667,NS(=O)(=O)c1ccc(-c2ccc(C3CCCC3)cc2)cc1,True,pass,True,0,0,,,True,True,True,True,True,True,True,True,True,True,True,True,True,True,True,True,True,True,True,True,True,True
pose000668,668,CO[C@@]1(C)C(=O)C(O)C(C)=C2OC(=O)c3c(C)cc(O)c(C)c3O[C@@H]21,True,pass,True,0,0,,,True,True,True,True,True,True,True,True,True,True,True,True,True,True,True,True,True,True,True,True,True,True
pose000669,669,COc1cc(/C=C2\Oc3cc4occc4c(OC)c3C2=O)ccc1OCC(=O)Nc1ccccc1,True,pass,True,0,0,,,True,True,True,True,True,True,True,True,True,True,True,True,True,True,True,True,True,True,True,True,True,True
pose000670,670,COc1ccc2[nH]c(O)c(N=Nc3ccc(S(N)(=O)=O)cc3)c2c1,True,pass,True,0,0,,,True,True,True,True,True,True,True,True,True,True,True,True,True,True,True,True,True,True,True,True,True,True
pose000671,671,O=C(Nc1nccc(Nc2ccccc2Cl)n1)C1CC1,True,pass,True,0,0,,,True,True,True,True,True,True,True,True,True,True,True,True,True,True,True,True,True,True,True,True,True,True
pose000672,672,C[C@@H](Oc1nc(Nc2ccc(S(=O)(=O)S(N)(=O)=O)cc2)ncc1C(F)(F)F)C(O)NC(F)(F)F,True,pass,True,0,0,,,True,True,True,True,True,True,True,True,True,True,True,True,True,True,True,True,True,True,True,True,True,True
pose000673,673,COCc1cccc(S(N)(=O)=O)c1CNC(=O)c1ccc2[nH]c(O)c(N=Nc3ccc(S(N)(=O)=O)cc3)c2c1,True,pass,True,0,0,,,True,True,True,True,True,True,True,True,True,True,True,True,True,True,True,True,True,True,True,True,True,True
pose000674,674,Cc1ncc(-c2ccnc(Nc3ccc(Nc4ccc(S(=O)(=O)SS(C)(=N)=O)cc4)cc3)n2)n1C(C)C,True,pass,True,0,0,,,True,True,True,True,True,True,True,True,True,True,True,True,True,True,True,True,True,True,True,True,True,True
pose000675,675,CS(=O)(=O)N1CCC(Nc2ncc(C(F)(F)F)c(-c3cnn(-c4ccccc4F)c3)n2)CC1,True,pass,True,0,0,,,True,True,True,True,True,True,True,True,True,True,True,True,True,True,True,True,True,True,True,True,True,True
pose000676,676,O=C(c1ccccc1)N1CCN(c2ccccc2)CNC1,True,pass,True,0,0,,,True,True,True,True,True,True,True,True,True,True,True,True,True,True,True,True,True,True,True,True,True,True
pose000677,677,CCCC(CC)NC(=O)Nc1cc(N2CCCC[C@H]2CCO)nc2c(CC)cnn12,True,pass,True,0,0,,,True,True,True,True,True,True,True,True,True,True,True,True,True,True,True,True,True,True,True,True,True,True
pose000678,678,COc1ccc(NC(=O)c2ccc(S(N)(=O)=O)cc2)cc1,True,pass,True,0,0,,,True,True,True,True,True,True,True,True,True,True,True,True,True,True,True,True,True,True,True,True,True,True
pose000679,679,Cc1cccc(Nc2ccc(-c3ccc(Nc4ncc5c(n4)-c4c(c(C(N)=O)nn4C)CC5)cc3)cc2)c1,True,pass,True,0,0,,,True,True,True,True,True,True,True,True,True,True,True,True,True,True,True,True,True,True,True,True,True,True
pose000680,680,CC(C)Nc1cnc(OCl)c(Nc2ccc3c(n2)CCN(C(=O)CN(C)C)C3)c1,True,pass,True,0,0,,,True,True,True,True,True,True,True,True,True,True,True,True,True,True,True,True,True,True,True,True,True,True
pose000681,681,COc1ccc(-c2nc3c(NCCCNC(=O)C4CC(O)C4)c(Br)cnc3[nH]2)cc1,True,pass,True,0,0,,,True,True,True,True,True,True,True,True,True,True,True,True,True,True,True,True,True,True,True,True,True,True
pose000682,682,NS(=O)(=O)c1ccc(N=Nc2c(O)[nH]c3ccc(C(=O)NCCc4c[nH]cn4)cc23)cc1,True,pass,True,0,0,,,True,True,True,True,True,True,True,True,True,True,True,True,True,True,True,True,True,True,True,True,True,True
pose000683,683,CCCn1nc(C(N)=O)c2c1-c1nc(Nc3ccccc3)ncc1CC2,True,pass,True,0,0,,,True,True,True,True,True,True,True,True,True,True,True,True,True,True,True,True,True,True,True,True,True,True
pose000684,684,Cc1ncc(-c2ccnc(Nc3ccc(CO)cc3)n2)n1C(C)C,True,pass,True,0,0,,,True,True,True,True,True,True,True,True,True,True,True,True,True,True,True,True,True,True,True,True,True,True
pose000685,685,CCCn1c(C)nc2c(F)cc(-c3nc(N[C@H]4CCCNC4)ncc3F)cc21,True,pass,True,0,0,,,True,True,True,True,True,True,True,True,True,True,True,True,True,True,True,True,True,True,True,True,True,True
pose000686,686,CN(C)C(=O)c1cccc(-c2cnc(N)c(-c3ccnc(NC(=O)C(F)(F)F)n3)n2)c1,True,pass,True,0,0,,,True,True,True,True,True,True,True,True,True,True,True,True,True,True,True,True,True,True,True,True,True,True
pose000687,687,CC(C)C(F)(F)c1cnc(Nc2ccc(S(=O)(=O)O[C@H](C)[C@@H](C)O)cc2)nc1O[C@H](C)[C@@H](C)O,True,pass,True,0,0,,,True,True,True,True,True,True,True,True,True,True,True,True,True,True,True,True,True,True,True,True,True,True
pose000688,688,CCc1cnn2c(NCc3ccc[n+]([O-])c3)cc(C3CCCC[C@H]3CCO)nc12,True,pass,True,0,0,,,True,True,True,True,True,True,True,True,True,True,True,True,True,True,True,True,True,True,True,True,True,True
pose000689,689,COc1cc(F)ccc1-c1nc(Nc2cc(Br)cc(CS(C)(=O)=NC#N)c2)ncc1F,True,pass,True,0,0,,,True,True,True,True,True,True,True,True,True,True,True,True,True,True,True,True,True,True,True,True,True,True
pose000690,690,C[C@@H](NC(=O)N1CCc2cnc(N[C@H]3CCO[C@@H](CO)C3)nc2C1)c1ccc(Cl)c(Cl)c1,True,pass,True,0,0,,,True,True,True,True,True,True,True,True,True,True,True,True,True,True,True,True,True,True,True,True,True,True
pose000691,691,COc1ccccc1Nc1ccc(CN2CCOCC2)cc1,True,pass,True,0,0,,,True,True,True,True,True,True,True,True,True,True,True,True,True,True,True,True,True,True,True,True,True,True
pose000692,692,CCS(=N)(=O)c1ccc(Nc2ncc(Br)c(N[C@H](COC)[C@H](C)O)n2)cc1,True,pass,True,0,0,,,True,True,True,True,True,True,True,True,True,True,True,True,True,True,True,True,True,True,True,True,True,True
pose000693,693,CN(C)C(=O)c1ccc(CNC(=O)c2ccccc2)cc1,True,pass,True,0,0,,,True,True,True,True,True,True,True,True,True,True,True,True,True,True,True,True,True,True,True,True,True,True
pose000694,694,C=C(C)c1ccc(-c2ccc(S(N)(=O)=O)cc2Br)cc1,True,pass,True,0,0,,,True,True,True,True,True,True,True,True,True,True,True,True,True,True,True,True,True,True,True,True,True,True
pose000695,695,COS(=N)(=O)c1nc(Nc2ccc(S(=O)(=S)Nc3ncc(Br)c(N[C@H](C)[C@@H](C)O)n3)cc2)ncc1Br,True,pass,True,0,0,,,True,True,True,True,True,True,True,True,True,True,True,True,True,True,True,True,True,True,True,True,True,True
pose000696,696,NS(=O)(=O)c1ccc(-c2ccc(N=NSc3ccc(-c4c(=O)[nH]c5ccc6[nH]cccc6c45)cc3)cc2)cc1,True,pass,True,0,0,,,True,True,True,True,True,True,True,True,True,True,True,True,True,True,True,True,True,True,True,True,True,True
pose000697,697,CS(=O)(=O)c1ccc2[nH]c(O)c(N=Nc3ccc(S(N)(=O)=O)cc3)c2c1,True,pass,True,0,0,,,True,True,True,True,True,True,True,True,True,True,True,True,True,True,True,True,True,True,True,True,True,True
pose000698,698,COc1ccc(Nc2nc(N)c(N=O)c(OCC3CCCCC3)n2)cc1,True,pass,True,0,0,,,True,True,True,True,True,True,True,True,True,True,True,True,True,True,True,True,True,True,True,True,True,True
pose000699,699,O=C(Nc1ccc(N2CCCCC2)cc1)c1ccc(F)cc1,True,pass,True,0,0,,,True,True,True,True,True,True,True,True,True,True,True,True,True,True,True,True,True,True,True,True,True,True
pose000700,700,CCN(CC)c1nc(Nc2ccc(Cl)cc2)nc(C(C)(C)C)n1,True,pass,True,0,0,,,True,True,True,True,True,True,True,True,True,True,True,True,True,True,True,True,True,True,True,True,True,True
pose000701,701,Cc1ncc(-c2ccnc(C3CNCC(C)C3)n2)n1C(C)C,True,pass,True,0,0,,,True,True,True,True,True,True,True,True,True,True,True,True,True,True,True,True,True,True,True,True,True,True
pose000702,702,c1cc(-c2ccc(N3CCNCC3)s2)ccc1-c1ccc(N2CCNCC2)cn1,True,pass,True,0,0,,,True,True,True,True,True,True,True,True,True,True,True,True,True,True,True,True,True,True,True,True,True,True
pose000703,703,COc1ccc(C(=O)Nc2ccc(N3CCCOCC3)cc2)cc1,True,pass,True,0,0,,,True,True,True,True,True,True,True,True,True,True,True,True,True,True,True,True,True,True,True,True,True,True
pose000704,704,CNC(=O)c1ccc(C(=O)Nc2ccc(N3CCN(C(C)=O)CC3)cc2)cc1,True,pass,True,0,0,,,True,True,True,True,True,True,True,True,True,True,True,True,True,True,True,True,True,True,True,True,True,True
pose000705,705,COCOS(=N)(=O)Nc1ccc2[nH]c(O)c(N=Nc3ccc(C(=O)c4ccc(S(N)(=O)=O)cc4)cc3)c2c1,True,pass,True,0,0,,,True,True,True,True,True,True,True,True,True,True,True,True,True,True,True,True,True,True,True,True,True,True
pose000706,706,Oc1ccc(Cc2ccc(N3CCCNCC3)cc2)cc1,True,pass,True,0,0,,,True,True,True,True,True,True,True,True,True,True,True,True,True,True,True,True,True,True,True,True,True,True
pose000707,707,CC(C)S(=O)(=O)Cc1ccc(-c2ccc(S(N)(=O)=O)cc2)cc1,True,pass,True,0,0,,,True,True,True,True,True,True,True,True,True,True,True,True,True,True,True,True,True,True,True,True,True,True
pose000708,708,C[C@@H]([C@@H](C)S(=O)(=O)OOS(=O)(=O)c1ccc(Nc2ncc(C(F)(F)F)c(O[C@H](C)[C@@H](S)OS)n2)cc1)[C@@H](C)O,True,pass,True,0,0,,,True,True,True,True,True,True,True,True,True,True,True,True,True,True,True,True,True,True,True,True,True,True
pose000709,709,COC[C@@H](Nc1nc(Nc2ccc(S(C)(=N)=O)cc2)ncc1Br)[C@@H](C)O,True,pass,True,0,0,,,True,True,True,True,True,True,True,True,True,True,True,True,True,True,True,True,True,True,True,True,True,True
pose000710,710,O=C(Nc1ccccc1)N1CCN(c2ccc(F)cc2)CC1,True,pass,True,0,0,,,True,True,True,True,True,True,True,True,True,True,True,True,True,True,True,True,True,True,True,True,True,True
pose000711,711,CN1CCN(c2cccc(NCCc3ccccc3)c2)CC1,True,pass,True,0,0,,,True,True,True,True,True,True,True,True,True,True,True,True,True,True,True,True,True,True,True,True,True,True
pose000712,712,O=c1[nH]c(O)c(C=Nc2ccc(CN3CCOCC3)cc2)c2ccccc12,True,pass,True,0,0,,,True,True,True,True,True,True,True,True,True,True,True,True,True,True,True,True,True,True,True,True,True,True
pose000713,713,CCNC(=O)N1CCC[C@H](Nc2ncc(Cl)c(-c3c[nH]c4ccccc34)n2)C1,True,pass,True,0,0,,,True,True,True,True,True,True,True,True,True,True,True,True,True,True,True,True,True,True,True,True,True,True
pose000714,714,COc1ccc(-c2ccc(CN3CCCNCC3)cc2)cc1,True,pass,True,0,0,,,True,True,True,True,True,True,True,True,True,True,True,True,True,True,True,True,True,True,True,True,True,True
pose000715,715,COc1cc(Nc2ncc(Br)c(N[C@H](C)C(C)(C)O)n2)ccc1S(C)(=N)=O,True,pass,True,0,0,,,True,True,True,True,True,True,True,True,True,True,True,True,True,True,True,True,True,True,True,True,True,True
pose000716,716,C=C(Cc1ccc(S(N)(=O)=O)cc1)c1ccc(OC)cc1,True,pass,True,0,0,,,True,True,True,True,True,True,True,True,True,True,True,True,True,True,True,True,True,True,True,True,True,True
pose000717,717,CCN(CCNC)Cc1ccc(NC(=O)C2CCN(S(=O)(=O)c3cnn(C)c3)CC2)cc1,True,pass,True,0,0,,,True,True,True,True,True,True,True,True,True,True,True,True,True,True,True,True,True,True,True,True,True,True
pose000718,718,N#CCCN(c1ccnc(Nc2ccc(S(N)(=O)=O)cc2)n1)c1cc(Cl)ccc1Cl,True,pass,True,0,0,,,True,True,True,True,True,True,True,True,True,True,True,True,True,True,True,True,True,True,True,True,True,True
pose000719,719,CC([C@@H](C)Oc1nc(Nc2ccc(S(=N)(=O)[C@H](C)[C@H](C)O)cc2)ncc1C(F)(F)F)S(=N)(=O)C1CC1,True,pass,True,0,0,,,True,True,True,True,True,True,True,True,True,True,True,True,True,True,True,True,True,True,True,True,True,True
pose000720,720,CNC(=O)Oc1ccc2n[nH]c(Nc3ccc(Cl)cc3)c2c1,True,pass,True,0,0,,,True,True,True,True,True,True,True,True,True,True,True,True,True,True,True,True,True,True,True,True,True,True
pose000721,721,C=C(c1ccc(C(F)(F)F)cc1)c1ccc(S(N)(=O)=O)cc1,True,pass,True,0,0,,,True,True,True,True,True,True,True,True,True,True,True,True,True,True,True,True,True,True,True,True,True,True
pose000722,722,CC(=O)Oc1cc(C(=O)Nc2ccc(Cl)cc2)ccn1,True,pass,True,0,0,,,True,True,True,True,True,True,True,True,True,True,True,True,True,True,True,True,True,True,True,True,True,True
pose000723,723,COC(=O)c1ccc2[nH]c(O)c(NONN=Nc3ccc(S(N)(=O)=O)cc3)c2c1,True,pass,True,0,0,,,True,True,True,True,True,True,True,True,True,True,True,True,True,True,True,True,True,True,True,True,True,True
pose000724,724,CCc1ccc(C(=O)Nc2ccc(N3CCN(C(C)=O)CC3)cc2)cc1,True,pass,True,0,0,,,True,True,True,True,True,True,True,True,True,True,True,True,True,True,True,True,True,True,True,True,True,True
pose000725,725,CC(C)(C)OC(=O)Nc1nccc(Oc2ccccc2)n1,True,pass,True,0,0,,,True,True,True,True,True,True,True,True,True,True,True,True,True,True,True,True,True,True,True,True,True,True
pose000726,726,COc1ccccc1NC(=O)C1CCN(C(C)=O)CC1,True,pass,True,0,0,,,True,True,True,True,True,True,True,True,True,True,True,True,True,True,True,True,True,True,True,True,True,True
pose000727,727,CNC(=O)c1ccc(NC(=O)C2CCN(C(C)=O)CC2)cc1,True,pass,True,0,0,,,True,True,True,True,True,True,True,True,True,True,True,True,True,True,True,True,True,True,True,True,True,True
pose000728,728,CN1CCN(C(=O)c2ccc(Nc3ccccc3)c(F)c2)CC1,True,pass,True,0,0,,,True,True,True,True,True,True,True,True,True,True,True,True,True,True,True,True,True,True,True,True,True,True
pose000729,729,CN(C)C(=O)c1ccc(NC(=O)NC(=O)c2ccccc2)cc1,True,pass,True,0,0,,,True,True,True,True,True,True,True,True,True,True,True,True,True,True,True,True,True,True,True,True,True,True
pose000730,730,COc1cc(F)ccc1-c1cc(Nc2cnn(CCCCCC(O)=NO)c2)ncc1F,True,pass,True,0,0,,,True,True,True,True,True,True,True,True,True,True,True,True,True,True,True,True,True,True,True,True,True,True
pose000731,731,O=C(O)N1CCC[C@H](Nc2ncc(Cl)c(-c3c[nH]c4ccccc34)n2)C1,True,pass,True,0,0,,,True,True,True,True,True,True,True,True,True,True,True,True,True,True,True,True,True,True,True,True,True,True
pose000732,732,O=C(Cc1ccc(-c2ccccc2)cc1)Nc1cc(C2CC2)[nH]n1,True,pass,True,0,0,,,True,True,True,True,True,True,True,True,True,True,True,True,True,True,True,True,True,True,True,True,True,True
pose000733,733,NC(=O)c1cc(F)c(C(=O)c2c(N)nc3ccc(C(=O)c4c(Cl)cccc4Cl)cn23)c(F)c1,True,pass,True,0,0,,,True,True,True,True,True,True,True,True,True,True,True,True,True,True,True,True,True,True,True,True,True,True
pose000734,734,Cc1ncc(-c2nc(NC(=O)C3CC3)ncc2F)n1C(C)C,True,pass,True,0,0,,,True,True,True,True,True,True,True,True,True,True,True,True,True,True,True,True,True,True,True,True,True,True
pose000735,735,CC(=O)Nc1ccc(-c2cc(Cl)cc(N(C)C)c2)cc1,True,pass,True,0,0,,,True,True,True,True,True,True,True,True,True,True,True,True,True,True,True,True,True,True,True,True,True,True
pose000736,736,CN(C)Cc1ccc(-c2ccc(S(N)(=O)=O)cc2)cc1,True,pass,True,0,0,,,True,True,True,True,True,True,True,True,True,True,True,True,True,True,True,True,True,True,True,True,True,True
pose000737,737,COc1cc[nH]c1C=C1C(=O)Nc2ccc(F)c(C#C[C@@H]3CCCN3)c21,True,pass,True,0,0,,,True,True,True,True,True,True,True,True,True,True,True,True,True,True,True,True,True,True,True,True,True,True
pose000738,738,Cc1ncc(-c2nc(Nc3cnn(C)c3)ncc2F)n1C(C)C,True,pass,True,0,0,,,True,True,True,True,True,True,True,True,True,True,True,True,True,True,True,True,True,True,True,True,True,True
pose000739,739,CC(=Cn1nnc2ccc(-c3cnco3)cc21)c1ccc2[nH]c(O)c(N=Nc3ccc(S(N)(=O)=O)cc3)c2c1,True,pass,True,0,0,,,True,True,True,True,True,True,True,True,True,True,True,True,True,True,True,True,True,True,True,True,True,True
pose000740,740,N=C1NC(=O)/C(=C/c2ccc(-c3ccc(C(N)=O)cc3)o2)S1,True,pass,True,0,0,,,True,True,True,True,True,True,True,True,True,True,True,True,True,True,True,True,True,True,True,True,True,True
pose000741,741,Cc1ccccc1NC(=O)Cc1ccc(N2CCCNCC2)cc1,True,pass,True,0,0,,,True,True,True,True,True,True,True,True,True,True,True,True,True,True,True,True,True,True,True,True,True,True
pose000742,742,CNC(=O)c1ccc(C2=c3ccccc3=NC2=O)cc1,True,pass,True,0,0,,,True,True,True,True,True,True,True,True,True,True,True,True,True,True,True,True,True,True,True,True,True,True
pose000743,743,CC(C)=CNc1cccc(NNc2ccc(Nc3ncc(F)c(-c4cnc(C)n4C(C)C)n3)cc2)c1,True,pass,True,0,0,,,True,True,True,True,True,True,True,True,True,True,True,True,True,True,True,True,True,True,True,True,True,True
pose000744,744,Nc1nccc(-c2ccc(-c3cnc(NC4CCNCC4)s3)cc2)n1,True,pass,True,0,0,,,True,True,True,True,True,True,True,True,True,True,True,True,True,True,True,True,True,True,True,True,True,True
pose000745,745,C[C@@H](O)[C@@H](C)Nc1nc(Nc2ccc(Nc3ccc(S(=O)(=O)S(C)(=N)=O)cc3)cc2)ncc1Br,True,pass,True,0,0,,,True,True,True,True,True,True,True,True,True,True,True,True,True,True,True,True,True,True,True,True,True,True
pose000746,746,Cc1ccccc1NC(=O)CNc1ccc(N2CCCCC2)cc1,True,pass,True,0,0,,,True,True,True,True,True,True,True,True,True,True,True,True,True,True,True,True,True,True,True,True,True,True
pose000747,747,C=Cc1cc(F)c2n[nH]c(NC(=O)Cc3ccc(O)cc3)c2c1,True,pass,True,0,0,,,True,True,True,True,True,True,True,True,True,True,True,True,True,True,True,True,True,True,True,True,True,True
pose000748,748,CNS(=O)(=O)c1cccc(Nc2nccc(Cc3ccc(O)cc3)n2)c1,True,pass,True,0,0,,,True,True,True,True,True,True,True,True,True,True,True,True,True,True,True,True,True,True,True,True,True,True
pose000749,749,COS(=O)(=S)c1ccc(Nc2nccc(-c3cnc(C)n3C(C)C)n2)cc1,True,pass,True,0,0,,,True,True,True,True,True,True,True,True,True,True,True,True,True,True,True,True,True,True,True,True,True,True
pose000750,750,NC1CCC(C=Cc2nccc(-c3ccccc3)n2)CC1,True,pass,True,0,0,,,True,True,True,True,True,True,True,True,True,True,True,True,True,True,True,True,True,True,True,True,True,True
pose000751,751,Cc1ncc(-c2ccc(NC(=O)C(C)C)cc2)n1C(C)C,True,pass,True,0,0,,,True,True,True,True,True,True,True,True,True,True,True,True,True,True,True,True,True,True,True,True,True,True
pose000752,752,CN(CCN)C(=O)c1ccc(Nc2ncc3cc(NC(C)(C)C)n(C4CCCC4)c3n2)nc1,True,pass,True,0,0,,,True,True,True,True,True,True,True,True,True,True,True,True,True,True,True,True,True,True,True,True,True,True
pose000753,753,O=C(Nc1ccc(N2CCCCCC2)nc1)c1ccccc1,True,pass,True,0,0,,,True,True,True,True,True,True,True,True,True,True,True,True,True,True,True,True,True,True,True,True,True,True
pose000754,754,NS(=O)(=O)c1ccc(-c2ccc(CC3CCCCC3)cc2)cc1,True,pass,True,0,0,,,True,True,True,True,True,True,True,True,True,True,True,True,True,True,True,True,True,True,True,True,True,True
pose000755,755,CN1C/C=C/CCOc2cccc(c2)-c2nc(nc3[nH]cnc23)Nc2cccc(c2)C1,True,pass,True,0,0,,,True,True,True,True,True,True,True,True,True,True,True,True,True,True,True,True,True,True,True,True,True,True
pose000756,756,Cc1ncc(-c2ccnc(Nc3ccc(S(=O)(=O)NCCCOC(C)C)cc3)n2)n1C,True,pass,True,0,0,,,True,True,True,True,True,True,True,True,True,True,True,True,True,True,True,True,True,True,True,True,True,True
pose000757,757,CN1CCN(c2ccc(-c3ccc(C(=O)O)cc3)cc2)CC1,True,pass,True,0,0,,,True,True,True,True,True,True,True,True,True,True,True,True,True,True,True,True,True,True,True,True,True,True
pose000758,758,O=C(c1ccccc1)N1CC=C(Oc2ccccc2)CC1,True,pass,True,0,0,,,True,True,True,True,True,True,True,True,True,True,True,True,True,True,True,True,True,True,True,True,True,True
pose000759,759,CC(C)c1cnn2c(NCc3ccccc3-n3cccn3)nc(OC3CCCNC3)nc12,True,pass,True,0,0,,,True,True,True,True,True,True,True,True,True,True,True,True,True,True,True,True,True,True,True,True,True,True
pose000760,760,CC(C)(O)c1ccc(Cc2ccc(S(N)(=O)=O)cc2)cc1,True,pass,True,0,0,,,True,True,True,True,True,True,True,True,True,True,True,True,True,True,True,True,True,True,True,True,True,True
pose000761,761,O=C1NCC2(CCCC2)n2c1cc1cnc(Nc3ccc(N4CC=C(C(F)(F)F)CC4)cn3)nc12,True,pass,True,0,0,,,True,True,True,True,True,True,True,True,True,True,True,True,True,True,True,True,True,True,True,True,True,True
pose000762,762,CCCCc1ccc(Cc2ccc(S(N)(=O)=O)cc2)cc1,True,pass,True,0,0,,,True,True,True,True,True,True,True,True,True,True,True,True,True,True,True,True,True,True,True,True,True,True
pose000763,763,CC(=O)Nc1ccc(-c2ccc(N3CCN(C)CC3)cc2)cc1,True,pass,True,0,0,,,True,True,True,True,True,True,True,True,True,True,True,True,True,True,True,True,True,True,True,True,True,True
pose000764,764,CCc1cccc2[nH]c(O)c(N=Nc3ccc(S(N)(=O)=O)cc3)c12,True,pass,True,0,0,,,True,True,True,True,True,True,True,True,True,True,True,True,True,True,True,True,True,True,True,True,True,True
pose000765,765,CN1CCN(c2ccc(N=Cc3c(=O)[nH]c(O)c4ccc(-c5ccc(C=O)cc5)cc34)cc2)CC1,True,pass,True,0,0,,,True,True,True,True,True,True,True,True,True,True,True,True,True,True,True,True,True,True,True,True,True,True
pose000766,766,CNCC(O)COc1ccc(Nc2nccc(S(N)(=O)=O)n2)cc1,True,pass,True,0,0,,,True,True,True,True,True,True,True,True,True,True,True,True,True,True,True,True,True,True,True,True,True,True
pose000767,767,CCc1cnn2c(NNNCc3ccc[n+]([O-])c3)cc(N3CCCC[C@H]3CCO)nc12,True,pass,True,0,0,,,True,True,True,True,True,True,True,True,True,True,True,True,True,True,True,True,True,True,True,True,True,True
pose000768,768,CCN1CCC(COc2ccc(-c3cnc(NC(=O)C(C)CCNC)s3)nc2)CC1,True,pass,True,0,0,,,True,True,True,True,True,True,True,True,True,True,True,True,True,True,True,True,True,True,True,True,True,True
pose000769,769,CNC(=O)c1nn(C)c2c1C(C)(C)Cc1cnc(Nc3cccc(SCC4CC4)c3)nc1-2,True,pass,True,0,0,,,True,True,True,True,True,True,True,True,True,True,True,True,True,True,True,True,True,True,True,True,True,True
pose000770,770,COc1ccc(NSC(=O)N2CCc3cncnc3C2)cc1,True,pass,True,0,0,,,True,True,True,True,True,True,True,True,True,True,True,True,True,True,True,True,True,True,True,True,True,True
pose000771,771,CC(C)C(O)COc1ccc(Nc2cc(Nc3ccccc3Cl)ncn2)cc1,True,pass,True,0,0,,,True,True,True,True,True,True,True,True,True,True,True,True,True,True,True,True,True,True,True,True,True,True
pose000772,772,OC[C@H](Sc1cnc(NC2CCNCC2)s1)c1cccc(F)c1,True,pass,True,0,0,,,True,True,True,True,True,True,True,True,True,True,True,True,True,True,True,True,True,True,True,True,True,True
pose000773,773,CC(C)(C)NCc1ccc(-c2ccc(S(N)(=O)=O)cc2)cc1,True,pass,True,0,0,,,True,True,True,True,True,True,True,True,True,True,True,True,True,True,True,True,True,True,True,True,True,True
pose000774,774,O=C(Nc1ccc(CN2CCOCC2)cc1)c1c(F)cccc1F,True,pass,True,0,0,,,True,True,True,True,True,True,True,True,True,True,True,True,True,True,True,True,True,True,True,True,True,True
pose000775,775,CN1CCN(N=Nc2ccc(Nc3ncc4c(n3)-c3c(c(C(N)=O)nn3C)CC4)cc2)CC1,True,pass,True,0,0,,,True,True,True,True,True,True,True,True,True,True,True,True,True,True,True,True,True,True,True,True,True,True
pose000776,776,C[C@H](N)CN1CCc2nc(N3CCN(c4nnc(Cc5ccccc5)c5ccccc45)CC3)ccc2C1,True,pass,True,0,0,,,True,True,True,True,True,True,True,True,True,True,True,True,True,True,True,True,True,True,True,True,True,True
pose000777,777,Cc1cc(C2CCC(N)CC2)nc(CCc2ccccc2)n1,True,pass,True,0,0,,,True,True,True,True,True,True,True,True,True,True,True,True,True,True,True,True,True,True,True,True,True,True
pose000778,778,O=C(Nc1[nH]nc2nc(-c3ccc(O)cc3)c(Br)cc12)C1CC1,True,pass,True,0,0,,,True,True,True,True,True,True,True,True,True,True,True,True,True,True,True,True,True,True,True,True,True,True
pose000779,779,C[C@@H](O)[C@@H](C)Oc1nc(Nc2ccc(-c3ccc(S(=O)(=O)OS(C)(=N)=O)cc3)cc2)ncc1C(F)(F)F,True,pass,True,0,0,,,True,True,True,True,True,True,True,True,True,True,True,True,True,True,True,True,True,True,True,True,True,True
pose000780,780,NS(=O)(=O)c1ccc(Cc2ccc(C3CC3)cc2)cc1,True,pass,True,0,0,,,True,True,True,True,True,True,True,True,True,True,True,True,True,True,True,True,True,True,True,True,True,True
pose000781,781,CNC(=O)NCc1ccc(-c2cnc(C)n2C(C)C)cc1,True,pass,True,0,0,,,True,True,True,True,True,True,True,True,True,True,True,True,True,True,True,True,True,True,True,True,True,True
pose000782,782,O=C(O)c1ccc(-c2cccc(CN3CCOCC3)c2)cc1,True,pass,True,0,0,,,True,True,True,True,True,True,True,True,True,True,True,True,True,True,True,True,True,True,True,True,True,True
pose000783,783,COc1ccc(-c2nc(NC3CCN(C(=O)N4CCN(C)CC4)CC3)ncc2SCl)cc1O,True,pass,True,0,0,,,True,True,True,True,True,True,True,True,True,True,True,True,True,True,True,True,True,True,True,True,True,True
pose000784,784,CS(=O)(=O)N1CCC(Oc2ccc(CCNc3cc(C4CC4)[nH]n3)cc2)CC1,True,pass,True,0,0,,,True,True,True,True,True,True,True,True,True,True,True,True,True,True,True,True,True,True,True,True,True,True
pose000785,785,NS(=O)(=O)c1ccc(N=Nc2c(=O)[nH]c3ccc4[nH][nH]c(Cl)c4c23)cc1,True,pass,True,0,0,,,True,True,True,True,True,True,True,True,True,True,True,True,True,True,True,True,True,True,True,True,True,True
pose000786,786,COc1ccc(NC(=O)N2CCN(c3nnc(CC(C)(N)CBr)c4ccccc34)CC2)cc1,True,pass,True,0,0,,,True,True,True,True,True,True,True,True,True,True,True,True,True,True,True,True,True,True,True,True,True,True
pose000787,787,C=C(C=CCNc1ccc2[nH]ccc2c1C)N1CC[C@H](N(C)C)C1,True,pass,True,0,0,,,True,True,True,True,True,True,True,True,True,True,True,True,True,True,True,True,True,True,True,True,True,True
pose000788,788,N=S(=O)(OC1CC1)c1ccc(-c2c(O)[nH]c(=O)c3ccccc23)cc1,True,pass,True,0,0,,,True,True,True,True,True,True,True,True,True,True,True,True,True,True,True,True,True,True,True,True,True,True
pose000789,789,N[C@H]1CC[C@H](Nc2cc(Nc3ccc(F)c(Cl)c3)n3ncc(Cl)c3n2)CC1,True,pass,True,0,0,,,True,True,True,True,True,True,True,True,True,True,True,True,True,True,True,True,True,True,True,True,True,True
pose000790,790,CC(C)c1ccc(-c2ccc(NC(=O)N3CC=NCC3)cc2)cc1,True,pass,True,0,0,,,True,True,True,True,True,True,True,True,True,True,True,True,True,True,True,True,True,True,True,True,True,True
pose000791,791,COc1ccc(NC(=O)N2CCN(C(C)C)CC2)cc1,True,pass,True,0,0,,,True,True,True,True,True,True,True,True,True,True,True,True,True,True,True,True,True,True,True,True,True,True
pose000792,792,COC(=O)CNCNCOC(=O)c1ccc2[nH]c(O)c(C=Nc3ccc(S(N)(=O)=O)cc3)c2c1,True,fail,False,1,0,internal_steric_clash,,True,True,True,True,True,True,True,True,False,True,True,True,True,True,True,True,True,True,True,True,True,True
pose000793,793,C[C@@H](Oc1nc(Nc2ccc(Nc3ccc(S(=O)(=O)S)cc3)cc2)ncc1C(F)(F)F)[C@H](O)S,True,pass,True,0,0,,,True,True,True,True,True,True,True,True,True,True,True,True,True,True,True,True,True,True,True,True,True,True
pose000794,794,NS(=O)(=O)c1ccc(Cc2ccc(C(F)F)cc2)cc1,True,pass,True,0,0,,,True,True,True,True,True,True,True,True,True,True,True,True,True,True,True,True,True,True,True,True,True,True
pose000795,795,CC(C)c1cccc(CCNC(=O)c2ccc(S(N)(=O)=O)cc2)c1,True,pass,True,0,0,,,True,True,True,True,True,True,True,True,True,True,True,True,True,True,True,True,True,True,True,True,True,True
pose000796,796,C1=C/COCc2cc(ccc2OCCN2CCCC2)Nc2nccc(n2)-c2cncc(c2)COC/1,True,pass,True,0,0,,,True,True,True,True,True,True,True,True,True,True,True,True,True,True,True,True,True,True,True,True,True,True
pose000797,797,CNC(=O)c1nn(C)c2c1C(C)(C)Cc1cnc(C=Cc3ccc(C(F)(F)F)cc3)nc1-2,True,pass,True,0,0,,,True,True,True,True,True,True,True,True,True,True,True,True,True,True,True,True,True,True,True,True,True,True
pose000798,798,CC(C)c1ccc(Nc2ncc3c(n2)CN(C(=O)O)CCC3)cc1,True,pass,True,0,0,,,True,True,True,True,True,True,True,True,True,True,True,True,True,True,True,True,True,True,True,True,True,True
pose000799,799,CC1CCN(c2ccc(C(=O)Nc3ccsc3)cc2)CC1,True,pass,True,0,0,,,True,True,True,True,True,True,True,True,True,True,True,True,True,True,True,True,True,True,True,True,True,True
pose000800,800,CCCC(C)(C)c1ccc(-c2ccc(S(N)(=O)=O)cc2)cc1,True,pass,True,0,0,,,True,True,True,True,True,True,True,True,True,True,True,True,True,True,True,True,True,True,True,True,True,True
pose000801,801,Cc1nnc2sc(Cc3[nH]nc4[nH]c(=S)[nH]c(=S)c34)nn12,True,pass,True,0,0,,,True,True,True,True,True,True,True,True,True,True,True,True,True,True,True,True,True,True,True,True,True,True
pose000802,802,Cn1cc(Cc2ccc(C(=O)O)cc2)c2cc(Cl)ccc21,True,pass,True,0,0,,,True,True,True,True,True,True,True,True,True,True,True,True,True,True,True,True,True,True,True,True,True,True
pose000803,803,CC[C@H](CO)Nc1nc(NCc2ccccc2)c2ncc(C(C)C)n2n1,True,pass,True,0,0,,,True,True,True,True,True,True,True,True,True,True,True,True,True,True,True,True,True,True,True,True,True,True
pose000804,804,CN(C)CC(=O)c1ccc(O)c(-c2cc(NC3CCCC3)nc(N)n2)c1,True,pass,True,0,0,,,True,True,True,True,True,True,True,True,True,True,True,True,True,True,True,True,True,True,True,True,True,True
pose000805,805,CS(C)(C)c1ccc(Oc2ccc(S(N)(=O)=O)cc2)cc1,True,unevaluable,False,0,1,,internal_energy,True,True,True,True,True,True,True,True,True,True,True,True,,True,True,True,True,True,True,True,True,True
pose000806,806,CN(C)S(=O)(=O)c1ccc(Nc2cc(N[C@H]3CC[C@H](N)CC3)nc3c(C#N)cnn23)cc1,True,pass,True,0,0,,,True,True,True,True,True,True,True,True,True,True,True,True,True,True,True,True,True,True,True,True,True,True
pose000807,807,NS(=O)(=O)c1ccc(-c2ccc(N3CCCC3)cc2)cc1,True,pass,True,0,0,,,True,True,True,True,True,True,True,True,True,True,True,True,True,True,True,True,True,True,True,True,True,True
pose000808,808,CC1CCC(COc2nc(CN3CCCCC3)nc3nc[nH]c23)CC1,True,pass,True,0,0,,,True,True,True,True,True,True,True,True,True,True,True,True,True,True,True,True,True,True,True,True,True,True
pose000809,809,C[C@H](O)[C@@H](C)Oc1nc(Nc2ccc(Nc3ccc(S(=N)(=O)C4CC4)cc3)cc2)ncc1C(F)(F)F,True,pass,True,0,0,,,True,True,True,True,True,True,True,True,True,True,True,True,True,True,True,True,True,True,True,True,True,True
pose000810,810,N#Cc1cnc(NC2CCN(CCN3CCC[C@@H](N)C3)CC2)nc1-c1c[nH]c2cc(F)ccc12,True,pass,True,0,0,,,True,True,True,True,True,True,True,True,True,True,True,True,True,True,True,True,True,True,True,True,True,True
pose000811,811,C=C(C)c1ccc(Nc2ccc(Nc3ccc(Nc4nccc(-c5cnc(C)n5C(C)C)n4)cc3)cc2)cc1,True,pass,True,0,0,,,True,True,True,True,True,True,True,True,True,True,True,True,True,True,True,True,True,True,True,True,True,True
pose000812,812,CC(C)OC(=O)Nc1ccc(-c2ccc(S(N)(=O)=O)cc2)cc1,True,pass,True,0,0,,,True,True,True,True,True,True,True,True,True,True,True,True,True,True,True,True,True,True,True,True,True,True
pose000813,813,NS(=O)(=O)c1ccc(Nc2nccc(C3CC3)n2)cc1,True,pass,True,0,0,,,True,True,True,True,True,True,True,True,True,True,True,True,True,True,True,True,True,True,True,True,True,True
pose000814,814,Cc1nc2ccc(Nc3c(C)c(N[C@H]4CCCNC4)nc4ccnn34)cc2s1,True,pass,True,0,0,,,True,True,True,True,True,True,True,True,True,True,True,True,True,True,True,True,True,True,True,True,True,True
pose000815,815,Cc1ncc(-c2nc(NC3=CCN(C)CC3)ncc2F)n1C(C)C,True,pass,True,0,0,,,True,True,True,True,True,True,True,True,True,True,True,True,True,True,True,True,True,True,True,True,True,True
pose000816,816,CC(C)(C)Cc1ccc(-c2ccc(S(N)(=O)=O)cc2)cc1,True,pass,True,0,0,,,True,True,True,True,True,True,True,True,True,True,True,True,True,True,True,True,True,True,True,True,True,True
pose000817,817,O=C(Nc1[nH]nc2nc(-c3ccc(O)cc3)c(-c3ccccc3)cc12)C1CC1,True,pass,True,0,0,,,True,True,True,True,True,True,True,True,True,True,True,True,True,True,True,True,True,True,True,True,True,True
pose000818,818,CC(=CCCN1CCC[C@@H](N)C1)c1cc(N2C[C@H](O)[C@@H](O)C2)ccc1O,True,pass,True,0,0,,,True,True,True,True,True,True,True,True,True,True,True,True,True,True,True,True,True,True,True,True,True,True
pose000819,819,O=C(C1CCC1)N1CCN(c2ccc(N3CCC(O)CC3)cc2)CC1,True,pass,True,0,0,,,True,True,True,True,True,True,True,True,True,True,True,True,True,True,True,True,True,True,True,True,True,True
pose000820,820,NS[SH](=O)(CO)c1ccc(N=Nc2c(O)[nH]c3cccc(N=Nc4ccc(S(N)(=O)=O)cc4)c23)cc1,True,unevaluable,False,0,1,,internal_energy,True,True,True,True,True,True,True,True,True,True,True,True,,True,True,True,True,True,True,True,True,True
pose000821,821,O=C(Nc1ccccc1N1CCCOCC1)c1cccc(F)c1,True,pass,True,0,0,,,True,True,True,True,True,True,True,True,True,True,True,True,True,True,True,True,True,True,True,True,True,True
pose000822,822,COc1coc(CN=Cc2c(=O)[nH]c(O)c3ccc(Br)cc23)cc1=O,True,pass,True,0,0,,,True,True,True,True,True,True,True,True,True,True,True,True,True,True,True,True,True,True,True,True,True,True
pose000823,823,N=Nc1ccc(-c2cc(Nc3ccc(N=Nc4ccc(S(N)(=O)=O)cc4)cc3)n[nH]2)cc1,True,pass,True,0,0,,,True,True,True,True,True,True,True,True,True,True,True,True,True,True,True,True,True,True,True,True,True,True
pose000824,824,CCCC(=O)Nc1ccc(-c2ccc(C(=O)N(C)C)cc2)cc1,True,pass,True,0,0,,,True,True,True,True,True,True,True,True,True,True,True,True,True,True,True,True,True,True,True,True,True,True
pose000825,825,O=C(c1ccccc1)N1CCNN(c2ccccc2)CC1,True,pass,True,0,0,,,True,True,True,True,True,True,True,True,True,True,True,True,True,True,True,True,True,True,True,True,True,True
pose000826,826,CN(C)CC(O)COc1ccc(Nc2nccc(N(CC#N)c3cc(Cl)ccc3Cl)n2)cc1,True,pass,True,0,0,,,True,True,True,True,True,True,True,True,True,True,True,True,True,True,True,True,True,True,True,True,True,True
pose000827,827,COc1ccc(Nc2ccc3c(n2)CCN(C(=O)C(C)C)C3)cc1C,True,pass,True,0,0,,,True,True,True,True,True,True,True,True,True,True,True,True,True,True,True,True,True,True,True,True,True,True
pose000828,828,C=C(C)C(=O)c1ccc(NC(=O)c2ccc(Nc3ncc(F)c(-c4cnc(C)n4C(C)C)n3)cc2F)cc1,True,pass,True,0,0,,,True,True,True,True,True,True,True,True,True,True,True,True,True,True,True,True,True,True,True,True,True,True
pose000829,829,NS(=O)(=O)c1ccc(ON=Nc2c(O)[nH]c3ccc(-c4cnco4)cc23)cc1,True,pass,True,0,0,,,True,True,True,True,True,True,True,True,True,True,True,True,True,True,True,True,True,True,True,True,True,True
pose000830,830,NS(=O)(=O)c1ccc(Nc2ccc(C(F)(F)F)cc2)cc1,True,pass,True,0,0,,,True,True,True,True,True,True,True,True,True,True,True,True,True,True,True,True,True,True,True,True,True,True
pose000831,831,CC(=O)C(=O)CC(=O)c1ccc(Nc2ncc(F)c(-c3cnc(C)n3C(C)C)n2)cc1,True,pass,True,0,0,,,True,True,True,True,True,True,True,True,True,True,True,True,True,True,True,True,True,True,True,True,True,True
pose000832,832,CN(C)S(=O)(=O)c1ccc(Nc2cc(N[C@H]3CC[C@H](N)CC3)nc3c(C4CCCC4)cnn23)cc1,True,pass,True,0,0,,,True,True,True,True,True,True,True,True,True,True,True,True,True,True,True,True,True,True,True,True,True,True
pose000833,833,O=C(Cc1ccc(CN2CCOCC2)cc1)Nc1cccc(Cl)c1,True,pass,True,0,0,,,True,True,True,True,True,True,True,True,True,True,True,True,True,True,True,True,True,True,True,True,True,True
pose000834,834,N[C@H]1CC[C@H](Nc2nc(NCc3ccccc3)c3ncn(C4CCCC4)c3n2)CC1,True,pass,True,0,0,,,True,True,True,True,True,True,True,True,True,True,True,True,True,True,True,True,True,True,True,True,True,True
pose000835,835,CNc1ccc(Oc2ccc(C(=O)N(C)C)cc2)cc1,True,pass,True,0,0,,,True,True,True,True,True,True,True,True,True,True,True,True,True,True,True,True,True,True,True,True,True,True
pose000836,836,CC(=O)N1CCC(C(=O)Nc2ccc(CN3CCCCC3)cn2)CC1,True,pass,True,0,0,,,True,True,True,True,True,True,True,True,True,True,True,True,True,True,True,True,True,True,True,True,True,True
pose000837,837,O=C(Nc1ccccc1)c1ccc(CN2CCCCC2)cc1,True,pass,True,0,0,,,True,True,True,True,True,True,True,True,True,True,True,True,True,True,True,True,True,True,True,True,True,True
pose000838,838,CC(O)C(=O)N1CCN(c2c(N)nc3ccc(C(=O)c4c(F)cccc4F)cn23)CC1,True,pass,True,0,0,,,True,True,True,True,True,True,True,True,True,True,True,True,True,True,True,True,True,True,True,True,True,True
pose000839,839,C=CC(=O)Nc1ccc(O[C@@H]2CCC[C@@H](Nc3ncc(OC)s3)CO2)cc1,True,pass,True,0,0,,,True,True,True,True,True,True,True,True,True,True,True,True,True,True,True,True,True,True,True,True,True,True
pose000840,840,Clc1cccc(Nc2cccc(CN3CCOCC3)c2)c1,True,pass,True,0,0,,,True,True,True,True,True,True,True,True,True,True,True,True,True,True,True,True,True,True,True,True,True,True
pose000841,841,CN1CCN(c2ccc(NNNc3ncc4c(n3)-c3c(c(C(N)=O)nn3C)CC4)cc2)CC1,True,pass,True,0,0,,,True,True,True,True,True,True,True,True,True,True,True,True,True,True,True,True,True,True,True,True,True,True
pose000842,842,c1ccc(CNc2ccc(N3CCOCC3)cc2)cc1,True,pass,True,0,0,,,True,True,True,True,True,True,True,True,True,True,True,True,True,True,True,True,True,True,True,True,True,True
pose000843,843,O=C(Nc1cc(C2CC2)[nH]n1)c1cccc(C(F)(F)F)c1,True,pass,True,0,0,,,True,True,True,True,True,True,True,True,True,True,True,True,True,True,True,True,True,True,True,True,True,True
pose000844,844,Cc1ncc(-c2nc(Nc3ccc(C(=O)N(C)C)c(F)c3)ncc2F)n1C(C)C,True,pass,True,0,0,,,True,True,True,True,True,True,True,True,True,True,True,True,True,True,True,True,True,True,True,True,True,True
pose000845,845,Cc1ncc(-c2nc(Nc3cccnc3)ncc2F)n1C(C)C,True,pass,True,0,0,,,True,True,True,True,True,True,True,True,True,True,True,True,True,True,True,True,True,True,True,True,True,True
pose000846,846,COc1ccc(C(=O)Nc2cc(C3CC3)[nH]n2)cc1,True,pass,True,0,0,,,True,True,True,True,True,True,True,True,True,True,True,True,True,True,True,True,True,True,True,True,True,True
pose000847,847,CN1CCCN(c2ccc(-c3ccc(S(N)(=O)=O)cc3)cc2)CC1,True,pass,True,0,0,,,True,True,True,True,True,True,True,True,True,True,True,True,True,True,True,True,True,True,True,True,True,True
pose000848,848,CN(C)c1ccc(Nc2ncc3c(n2)-c2c(c(C(N)=O)nn2C)CC3)cc1,True,pass,True,0,0,,,True,True,True,True,True,True,True,True,True,True,True,True,True,True,True,True,True,True,True,True,True,True
pose000849,849,CNC(=O)Cc1ccc(-c2cccc(C(=O)N(C)C)c2)cc1,True,pass,True,0,0,,,True,True,True,True,True,True,True,True,True,True,True,True,True,True,True,True,True,True,True,True,True,True
pose000850,850,CC(C)=NC(=S)C(O)CCN(C)C(=O)C(=O)c1ccc(Nc2ncc(F)c(-c3cnc(C)n3C(C)C)n2)cc1,True,pass,True,0,0,,,True,True,True,True,True,True,True,True,True,True,True,True,True,True,True,True,True,True,True,True,True,True
pose000851,851,O=C(Nc1ccc(N2CCCOCC2)cc1)c1ccccc1,True,pass,True,0,0,,,True,True,True,True,True,True,True,True,True,True,True,True,True,True,True,True,True,True,True,True,True,True
pose000852,852,NS(=O)(=O)c1ccc(Oc2ccc(S(N)(=O)=O)cc2)cc1,True,pass,True,0,0,,,True,True,True,True,True,True,True,True,True,True,True,True,True,True,True,True,True,True,True,True,True,True
pose000853,853,COc1ccc(Nc2ncc(C#N)c(C(F)(F)F)n2)cc1,True,pass,True,0,0,,,True,True,True,True,True,True,True,True,True,True,True,True,True,True,True,True,True,True,True,True,True,True
pose000854,854,CC(C)c1ccc(N2CCC(Nc3ccc(S(N)(=O)=O)cc3)CC2)cc1,True,pass,True,0,0,,,True,True,True,True,True,True,True,True,True,True,True,True,True,True,True,True,True,True,True,True,True,True
pose000855,855,O=C(Nc1ccccc1)c1ccc(S(=O)(=O)C2CSC2)cc1,True,pass,True,0,0,,,True,True,True,True,True,True,True,True,True,True,True,True,True,True,True,True,True,True,True,True,True,True
pose000856,856,CC(O)Cc1ccc(Cc2ccc(S(N)(=O)=O)cc2)cc1,True,pass,True,0,0,,,True,True,True,True,True,True,True,True,True,True,True,True,True,True,True,True,True,True,True,True,True,True
pose000857,857,Cc1ncc(-c2nc(NC(=O)N(C)C(C)C)ncc2F)n1C(C)C,True,pass,True,0,0,,,True,True,True,True,True,True,True,True,True,True,True,True,True,True,True,True,True,True,True,True,True,True
pose000858,858,COc1cc(N2CCN(C(C)=O)CC2)ccc1Nc1ncc(C)c(-c2cnc3ccccn23)n1,True,pass,True,0,0,,,True,True,True,True,True,True,True,True,True,True,True,True,True,True,True,True,True,True,True,True,True,True
pose000859,859,FC(F)(F)c1cnc(Nc2ccc3[nH]cnc3c2)nc1Nc1ccccc1Cl,True,pass,True,0,0,,,True,True,True,True,True,True,True,True,True,True,True,True,True,True,True,True,True,True,True,True,True,True
pose000860,860,N[C@H]1CC[C@H](Nc2ncoc2NC(=O)c2c(Cl)cccc2Cl)CC1,True,pass,True,0,0,,,True,True,True,True,True,True,True,True,True,True,True,True,True,True,True,True,True,True,True,True,True,True
pose000861,861,Cc1nc2c(F)cc(-c3nc(Nc4ccc5c(n4)CCN(C[C@H]4CNCCO4)C5)ncc3F)cc2n1C(C)C,True,pass,True,0,0,,,True,True,True,True,True,True,True,True,True,True,True,True,True,True,True,True,True,True,True,True,True,True
pose000862,862,CCCCCNc1cc(C)cc2c(=O)c(O)c(S(=N)(=O)C3CC3)oc12,True,pass,True,0,0,,,True,True,True,True,True,True,True,True,True,True,True,True,True,True,True,True,True,True,True,True,True,True
pose000863,863,Cc1ncc(-c2ccnc(-c3ccnc(Nc4ccc(Nc5ccc(C(N)=O)cc5)cc4)n3)n2)n1C(C)C,True,pass,True,0,0,,,True,True,True,True,True,True,True,True,True,True,True,True,True,True,True,True,True,True,True,True,True,True
pose000864,864,C=C(N=Nc1ccc(N=Nc2c(O)[nH]c3ccc(C(=O)OC)cc23)cc1)N=Nc1ccc(S(N)(=O)=O)cc1,True,pass,True,0,0,,,True,True,True,True,True,True,True,True,True,True,True,True,True,True,True,True,True,True,True,True,True,True
pose000865,865,COCCNS(=O)(=O)c1ccc(Nc2nccc(-c3cnc(C)n3C(C)C)n2)cc1,True,pass,True,0,0,,,True,True,True,True,True,True,True,True,True,True,True,True,True,True,True,True,True,True,True,True,True,True
pose000866,866,CC(C)C(=O)N1CCc2cnc(NCC3CCCCC3)nc2C1,True,pass,True,0,0,,,True,True,True,True,True,True,True,True,True,True,True,True,True,True,True,True,True,True,True,True,True,True
pose000867,867,CC(=O)N1CCN(c2ccc(C(=O)NCc3ccccc3F)cc2)CC1,True,pass,True,0,0,,,True,True,True,True,True,True,True,True,True,True,True,True,True,True,True,True,True,True,True,True,True,True
pose000868,868,COc1cc(Nc2ncc(Br)c(N[C@H](C)[C@H](C)O)n2)ccc1S(C)(=N)=O,True,pass,True,0,0,,,True,True,True,True,True,True,True,True,True,True,True,True,True,True,True,True,True,True,True,True,True,True
pose000869,869,CO[C@H](S)[C@@H](C)O[C@@H](C)Oc1nc(Nc2ccc(S(=N)(=O)S)cc2)ncc1C(F)(F)F,True,fail,False,1,0,internal_energy,,True,True,True,True,True,True,True,True,True,True,True,True,False,True,True,True,True,True,True,True,True,True
pose000870,870,O=C(Nc1ccc(CC(=O)C(F)(F)F)cc1)N1CC=NCC1,True,pass,True,0,0,,,True,True,True,True,True,True,True,True,True,True,True,True,True,True,True,True,True,True,True,True,True,True
pose000871,871,CN(C(=O)c1ccc(-c2ccncc2)cc1)c1ccc(-c2ccnc(N)n2)o1,True,pass,True,0,0,,,True,True,True,True,True,True,True,True,True,True,True,True,True,True,True,True,True,True,True,True,True,True
pose000872,872,CCOc1cc(F)ccc1NC(=O)c1ccc(C)cc1,True,pass,True,0,0,,,True,True,True,True,True,True,True,True,True,True,True,True,True,True,True,True,True,True,True,True,True,True
pose000873,873,CN1CCN(N=S(C)(=O)Cc2cccc(Nc3ncc(C(C)(C)C)o3)c2)CC1,True,pass,True,0,0,,,True,True,True,True,True,True,True,True,True,True,True,True,True,True,True,True,True,True,True,True,True,True
pose000874,874,CN1CCC(Oc2ccc(Nc3ccccn3)cc2)CC1,True,pass,True,0,0,,,True,True,True,True,True,True,True,True,True,True,True,True,True,True,True,True,True,True,True,True,True,True
pose000875,875,CN(C)C(=O)c1cccc(C(=O)Nc2cccc(C(=O)N3CCCC3)c2)c1,True,pass,True,0,0,,,True,True,True,True,True,True,True,True,True,True,True,True,True,True,True,True,True,True,True,True,True,True
pose000876,876,C=C(C)CNNC(=O)CNNC(=O)c1ccc(Nc2ncc(F)c(-c3cnc(C)n3C(C)C)n2)cc1F,True,pass,True,0,0,,,True,True,True,True,True,True,True,True,True,True,True,True,True,True,True,True,True,True,True,True,True,True
pose000877,877,CNN1CCN(c2ccc(NC(=O)c3ccccc3)cc2)CC1,True,fail,False,1,0,internal_energy,,True,True,True,True,True,True,True,True,True,True,True,True,False,True,True,True,True,True,True,True,True,True
pose000878,878,CCC(=O)Nc1ccc(NC(=O)c2ccccc2)cc1,True,pass,True,0,0,,,True,True,True,True,True,True,True,True,True,True,True,True,True,True,True,True,True,True,True,True,True,True
pose000879,879,NS(=O)(=O)c1ccc(N=Nc2c(O)[nH]c3ccc(Sc4c(=O)[nH]c5ccc6[nH]cccc6c45)cc23)cc1,True,pass,True,0,0,,,True,True,True,True,True,True,True,True,True,True,True,True,True,True,True,True,True,True,True,True,True,True
pose000880,880,CCN1CCN(c2ccc(NC(=O)C3CCCC3)cc2)CC1,True,pass,True,0,0,,,True,True,True,True,True,True,True,True,True,True,True,True,True,True,True,True,True,True,True,True,True,True
pose000881,881,O=C1NCCc2[nH]c(-c3ccncc3)cc21,True,pass,True,0,0,,,True,True,True,True,True,True,True,True,True,True,True,True,True,True,True,True,True,True,True,True,True,True
pose000882,882,CC(=O)c1ccc(Nc2ncc(F)c(-c3cnc(C)n3C(C)C)n2)cc1,True,pass,True,0,0,,,True,True,True,True,True,True,True,True,True,True,True,True,True,True,True,True,True,True,True,True,True,True
pose000883,883,CC(C)c1cccc(F)c1C(=O)Nc1ccc(S(N)(=O)=O)cc1,True,pass,True,0,0,,,True,True,True,True,True,True,True,True,True,True,True,True,True,True,True,True,True,True,True,True,True,True
pose000884,884,Cc1ccc(CC(=O)c2ccc(S(N)(=O)=O)cc2)cc1F,True,pass,True,0,0,,,True,True,True,True,True,True,True,True,True,True,True,True,True,True,True,True,True,True,True,True,True,True
pose000885,885,CC(C)CNc1ccc(-c2ccc(S(N)(=O)=O)cc2)nc1,True,pass,True,0,0,,,True,True,True,True,True,True,True,True,True,True,True,True,True,True,True,True,True,True,True,True,True,True
pose000886,886,COCCNS(=O)(=O)c1ccc(Nc2nccc(-c3cnc(C)n3CC(C)C)n2)cc1,True,pass,True,0,0,,,True,True,True,True,True,True,True,True,True,True,True,True,True,True,True,True,True,True,True,True,True,True
pose000887,887,CC(=O)Nc1ccc(-c2ccc3c(c2)CCN(C(=O)C(C)C)C3)nc1,True,pass,True,0,0,,,True,True,True,True,True,True,True,True,True,True,True,True,True,True,True,True,True,True,True,True,True,True
pose000888,888,CC(=O)N1CCN(c2ccc(C(=O)Nc3ccccc3)cc2)CC1,True,pass,True,0,0,,,True,True,True,True,True,True,True,True,True,True,True,True,True,True,True,True,True,True,True,True,True,True
pose000889,889,COCCCNS(=O)(=O)c1ccc(Nc2nccc(-c3cnc4ccccn34)n2)cc1,True,pass,True,0,0,,,True,True,True,True,True,True,True,True,True,True,True,True,True,True,True,True,True,True,True,True,True,True
pose000890,890,COc1ccc(-c2ocnc2C(=O)Nc2ccc(N3CCN(C(=O)OC(C)(C)C)CC3)nn2)cc1Cl,True,pass,True,0,0,,,True,True,True,True,True,True,True,True,True,True,True,True,True,True,True,True,True,True,True,True,True,True
pose000891,891,CNC(=O)c1ccc(-c2ccc(N3CCOCC3)cc2Cl)cc1,True,pass,True,0,0,,,True,True,True,True,True,True,True,True,True,True,True,True,True,True,True,True,True,True,True,True,True,True
pose000892,892,COc1cccc(N2CCN(C(=O)Nc3ccc(F)cc3)CC2)c1,True,pass,True,0,0,,,True,True,True,True,True,True,True,True,True,True,True,True,True,True,True,True,True,True,True,True,True,True
pose000893,893,O=C(Nc1[nH]nc2nc(-c3ccc(O)c(Cl)c3)ccc12)C1CC1,True,pass,True,0,0,,,True,True,True,True,True,True,True,True,True,True,True,True,True,True,True,True,True,True,True,True,True,True
pose000894,894,Clc1cccc(Nc2ccc(N3CCOCC3)cc2)c1,True,pass,True,0,0,,,True,True,True,True,True,True,True,True,True,True,True,True,True,True,True,True,True,True,True,True,True,True
pose000895,895,COC(=O)Cc1ccc(-c2ccc(S(N)(=O)=O)cc2)cc1,True,pass,True,0,0,,,True,True,True,True,True,True,True,True,True,True,True,True,True,True,True,True,True,True,True,True,True,True
pose000896,896,O=C1c2ccccc2CN1Nc1ccc(N2CCCC2=O)cc1,True,pass,True,0,0,,,True,True,True,True,True,True,True,True,True,True,True,True,True,True,True,True,True,True,True,True,True,True
pose000897,897,O=C(c1ccc(Nc2ccc(F)cc2F)cc1)N1CCCC1,True,pass,True,0,0,,,True,True,True,True,True,True,True,True,True,True,True,True,True,True,True,True,True,True,True,True,True,True
pose000898,898,CC(C)c1ccc(NCc2ccc(S(N)(=O)=O)cc2)cc1,True,pass,True,0,0,,,True,True,True,True,True,True,True,True,True,True,True,True,True,True,True,True,True,True,True,True,True,True
pose000899,899,CNC(=O)c1ccc(Oc2cccc(C(=O)N(C)C)c2)cc1,True,pass,True,0,0,,,True,True,True,True,True,True,True,True,True,True,True,True,True,True,True,True,True,True,True,True,True,True
pose000900,900,NS(=O)(=O)c1ccc(N=Nc2c(O)[nH]c3cccc(Oc4ccccc4)c23)cc1,True,pass,True,0,0,,,True,True,True,True,True,True,True,True,True,True,True,True,True,True,True,True,True,True,True,True,True,True
pose000901,901,CCCC(=O)Nc1ncc(F)c(-c2cnc(C)n2C(C)C)n1,True,pass,True,0,0,,,True,True,True,True,True,True,True,True,True,True,True,True,True,True,True,True,True,True,True,True,True,True
pose000902,902,CC(C)N1CCN(c2ccc(C3CCNCC3)nc2)CC1,True,pass,True,0,0,,,True,True,True,True,True,True,True,True,True,True,True,True,True,True,True,True,True,True,True,True,True,True
pose000903,903,CN1CCN(Nc2ccc(Nc3ncc4c(n3)-c3c(c(C(N)=O)nn3C)CC4)cc2)C(O)C1,True,pass,True,0,0,,,True,True,True,True,True,True,True,True,True,True,True,True,True,True,True,True,True,True,True,True,True,True
pose000904,904,CC(C)(CO)CNC(=O)c1ccc2[nH]c(O)c(N=Nc3ccc(S(N)(=O)=O)cc3)c2c1,True,pass,True,0,0,,,True,True,True,True,True,True,True,True,True,True,True,True,True,True,True,True,True,True,True,True,True,True
pose000905,905,Cc1ccccc1NCCc1ccc(N2CCN(C)CC2)cn1,True,pass,True,0,0,,,True,True,True,True,True,True,True,True,True,True,True,True,True,True,True,True,True,True,True,True,True,True
pose000906,906,CC(C)(C)c1nc2c3cc[nH]c(=O)c3c3cc(F)ccc3c2[nH]1,True,pass,True,0,0,,,True,True,True,True,True,True,True,True,True,True,True,True,True,True,True,True,True,True,True,True,True,True
pose000907,907,COc1ccc(-c2ccc(C(=O)N(C)CC(=O)O)cc2)cc1,True,pass,True,0,0,,,True,True,True,True,True,True,True,True,True,True,True,True,True,True,True,True,True,True,True,True,True,True
pose000908,908,C[C@H](CO)Nc1nc(Nc2ccc(S(N)(=O)=O)cc2)ncc1Br,True,pass,True,0,0,,,True,True,True,True,True,True,True,True,True,True,True,True,True,True,True,True,True,True,True,True,True,True
pose000909,909,C[C@@H](O)[C@@H](C)Nc1nc(Nc2ccc(S(=O)(=S)c3ncc(Br)c(N[C@H](C)[C@@H](C)O)n3)cc2)ncc1Br,True,pass,True,0,0,,,True,True,True,True,True,True,True,True,True,True,True,True,True,True,True,True,True,True,True,True,True,True
pose000910,910,C[C@@H](O)S(=O)(=O)c1ccc(Nc2ncc(C(F)(F)F)c(O[C@H](C)S(=O)(=O)C(F)(F)[CH]S)n2)cc1,True,fail,False,1,0,no_radicals,,True,True,True,True,True,False,True,True,True,True,True,True,True,True,True,True,True,True,True,True,True,True
pose000911,911,CC(=O)C1C(=O)Cc2cc(-c3ncc4cc5n(c4n3)[C@H](CC(C)C)CNC5=O)ccc2C1C,True,pass,True,0,0,,,True,True,True,True,True,True,True,True,True,True,True,True,True,True,True,True,True,True,True,True,True,True
pose000912,912,CN1CCN(c2cccc(Nc3ncc4c(n3)-c3c(c(C(N)=O)nn3C)CC4)c2)CC1,True,pass,True,0,0,,,True,True,True,True,True,True,True,True,True,True,True,True,True,True,True,True,True,True,True,True,True,True
pose000913,913,NS(=O)(=O)Cc1ccc(N=Cc2c(O)[nH]c3ccc4ncsc4c23)cc1,True,pass,True,0,0,,,True,True,True,True,True,True,True,True,True,True,True,True,True,True,True,True,True,True,True,True,True,True
pose000914,914,COc1ccc(N(C)C(=O)NC(=O)c2ccccc2)cc1,True,pass,True,0,0,,,True,True,True,True,True,True,True,True,True,True,True,True,True,True,True,True,True,True,True,True,True,True
pose000915,915,CCS(=O)(=O)c1ccc(-c2cccc(S(N)(=O)=O)c2)cc1,True,pass,True,0,0,,,True,True,True,True,True,True,True,True,True,True,True,True,True,True,True,True,True,True,True,True,True,True
pose000916,916,NCCSc1cc(-c2ccc[nH]2)c2c3c(ccc(F)c13)NC2=O,True,pass,True,0,0,,,True,True,True,True,True,True,True,True,True,True,True,True,True,True,True,True,True,True,True,True,True,True
pose000917,917,COc1ccccc1N(C)CCN(C)C(=O)c1ccccc1,True,pass,True,0,0,,,True,True,True,True,True,True,True,True,True,True,True,True,True,True,True,True,True,True,True,True,True,True
pose000918,918,CNC(=O)c1ccc(Nc2nccc(-c3cnc(C)n3C3CCCC3)n2)cc1,True,pass,True,0,0,,,True,True,True,True,True,True,True,True,True,True,True,True,True,True,True,True,True,True,True,True,True,True
pose000919,919,N[C@@H](Cc1ccc(Cl)cc1)c1oc2cc(O)cc(O)c2c(=O)c1OF,True,pass,True,0,0,,,True,True,True,True,True,True,True,True,True,True,True,True,True,True,True,True,True,True,True,True,True,True
pose000920,920,O=S1(=O)CCCN1c1ccc2n[nH]c(NN3CCC3)c2c1,True,pass,True,0,0,,,True,True,True,True,True,True,True,True,True,True,True,True,True,True,True,True,True,True,True,True,True,True
pose000921,921,CC(C)NS(=O)(=O)c1ccc(-c2ccc(Cl)cc2)cc1,True,pass,True,0,0,,,True,True,True,True,True,True,True,True,True,True,True,True,True,True,True,True,True,True,True,True,True,True
pose000922,922,Cc1ncc(-c2nc(Nc3ccc(C(=O)c4ccccc4)cc3)ncc2F)n1C(C)C,True,pass,True,0,0,,,True,True,True,True,True,True,True,True,True,True,True,True,True,True,True,True,True,True,True,True,True,True
pose000923,923,C=C(C)c1cc(NC(=O)Cc2cccc(N3CCCNCCC3)c2)ccn1,True,pass,True,0,0,,,True,True,True,True,True,True,True,True,True,True,True,True,True,True,True,True,True,True,True,True,True,True
pose000924,924,O=C(Nc1ccnc(CN2CCCCC2)n1)c1ccccc1,True,pass,True,0,0,,,True,True,True,True,True,True,True,True,True,True,True,True,True,True,True,True,True,True,True,True,True,True
pose000925,925,COS(=O)(=S)c1ccc([C@@H](C)Nc2nc(Nc3ccc(S(=O)(=O)S[SH](C)(=N)O)cc3)ncc2Br)cc1,True,unevaluable,False,0,1,,internal_energy,True,True,True,True,True,True,True,True,True,True,True,True,,True,True,True,True,True,True,True,True,True
pose000926,926,CC(NN1CCN(C)CC1)c1ccc(Nc2ncc3c(n2)-c2c(c(C(N)=O)nn2C)CC3)cc1,True,pass,True,0,0,,,True,True,True,True,True,True,True,True,True,True,True,True,True,True,True,True,True,True,True,True,True,True
pose000927,927,COc1cc(NCCc2c[nH]c3ccccc23)c(C(=O)O)cc1[N+](=O)[O-],True,pass,True,0,0,,,True,True,True,True,True,True,True,True,True,True,True,True,True,True,True,True,True,True,True,True,True,True
pose000928,928,CN1CCCN(N2CCN(c3ccc(Nc4ncc5c(n4)-c4c(c(C(N)=O)nn4C)CC5)cc3)CC2)CC1,True,pass,True,0,0,,,True,True,True,True,True,True,True,True,True,True,True,True,True,True,True,True,True,True,True,True,True,True
pose000929,929,NS(=O)(=O)c1ccc(-c2ccc(C(=O)N3CCOCC3)cc2)cc1,True,fail,False,1,0,internal_energy,,True,True,True,True,True,True,True,True,True,True,True,True,False,True,True,True,True,True,True,True,True,True
pose000930,930,COc1cc(N2CCN(C)CC2)ccc1NC(=O)C(C)c1ccc(N2CCN(C)C2=O)cc1,True,pass,True,0,0,,,True,True,True,True,True,True,True,True,True,True,True,True,True,True,True,True,True,True,True,True,True,True
pose000931,931,Cc1cc(CN2CCCNCC2)nc(-c2ccc(F)cc2)n1,True,pass,True,0,0,,,True,True,True,True,True,True,True,True,True,True,True,True,True,True,True,True,True,True,True,True,True,True
pose000932,932,CC(C)(C)c1ccc(Cc2ccc(S(N)(=O)=O)cc2)cc1,True,pass,True,0,0,,,True,True,True,True,True,True,True,True,True,True,True,True,True,True,True,True,True,True,True,True,True,True
pose000933,933,CC(C)Nc1ccc(-c2ccc(S(N)(=O)=O)cn2)cc1,True,pass,True,0,0,,,True,True,True,True,True,True,True,True,True,True,True,True,True,True,True,True,True,True,True,True,True,True
pose000934,934,N#Cc1cnn2c(NC3CC3)cc(Nc3ccc(N4CCCCC4)cc3O)nc12,True,pass,True,0,0,,,True,True,True,True,True,True,True,True,True,True,True,True,True,True,True,True,True,True,True,True,True,True
pose000935,935,CONSN[C@@H](CN)Nc1ccc2[nH]c(O)c(N=Nc3ccc(-c4ccc(S(N)(=O)=O)cc4)cc3)c2c1,True,pass,True,0,0,,,True,True,True,True,True,True,True,True,True,True,True,True,True,True,True,True,True,True,True,True,True,True
pose000936,936,NS(=O)(=O)c1ccc(N2CCc3nc(C4CCCC4)ccc3C2)cc1,True,pass,True,0,0,,,True,True,True,True,True,True,True,True,True,True,True,True,True,True,True,True,True,True,True,True,True,True
pose000937,937,Cc1nc2c(F)cc(-c3nc(Nc4ccc5c(n4)CCN(C(=O)CCN(C)C)C5)ncc3F)cc2n1C1CC1,True,pass,True,0,0,,,True,True,True,True,True,True,True,True,True,True,True,True,True,True,True,True,True,True,True,True,True,True
pose000938,938,CC(C)=NC(=O)CC(CNBr)C(=O)c1ccc(Nc2ncc(F)c(-c3cnc(C)n3C(C)C)n2)cc1,True,pass,True,0,0,,,True,True,True,True,True,True,True,True,True,True,True,True,True,True,True,True,True,True,True,True,True,True
pose000939,939,Cc1cc(Nc2ncc(Br)c(N[C@@H](C)C(C)(C)O)n2)ccc1S(C)(=N)=O,True,pass,True,0,0,,,True,True,True,True,True,True,True,True,True,True,True,True,True,True,True,True,True,True,True,True,True,True
pose000940,940,O=[N+]([O-])c1ccc(Nc2nccc(-c3cnn4ncccc34)n2)cc1,True,pass,True,0,0,,,True,True,True,True,True,True,True,True,True,True,True,True,True,True,True,True,True,True,True,True,True,True
pose000941,941,CC(C)n1cnc2c(NCc3ccccc3O)nc(CC(C)(O)O)nc21,True,pass,True,0,0,,,True,True,True,True,True,True,True,True,True,True,True,True,True,True,True,True,True,True,True,True,True,True
pose000942,942,C(=Cc1nccc(N2CCCNCC2)n1)c1ccccc1,True,pass,True,0,0,,,True,True,True,True,True,True,True,True,True,True,True,True,True,True,True,True,True,True,True,True,True,True
pose000943,943,CCC(C)n1c(CCN2CCCC2)cc2cnc(Nc3ccc(CN4CCNCC4)cn3)nc21,True,pass,True,0,0,,,True,True,True,True,True,True,True,True,True,True,True,True,True,True,True,True,True,True,True,True,True,True
pose000944,944,CCN1CCN(c2ccc(Nc3ccc(N4CCOCC4)cc3)cc2)CC1,True,pass,True,0,0,,,True,True,True,True,True,True,True,True,True,True,True,True,True,True,True,True,True,True,True,True,True,True
pose000945,945,C[C@@H](Cc1ccc(S(C)(=O)=O)cc1)c1ccc(S(N)(=O)=O)cc1,True,pass,True,0,0,,,True,True,True,True,True,True,True,True,True,True,True,True,True,True,True,True,True,True,True,True,True,True
pose000946,946,NS(=O)(=O)c1ccc(N=Nc2c(O)[nH]c3ccc(-c4ccc5[nH]c(O)c(-c6cnco6)c5c4)cc23)cc1,True,pass,True,0,0,,,True,True,True,True,True,True,True,True,True,True,True,True,True,True,True,True,True,True,True,True,True,True
pose000947,947,CCN1CCc2cnc(Nc3ccc(S(C)(=O)=O)cc3)nc2C1,True,pass,True,0,0,,,True,True,True,True,True,True,True,True,True,True,True,True,True,True,True,True,True,True,True,True,True,True
pose000948,948,C=C(C)c1ccc(-c2cccc(N3CCCNCC3)n2)cc1,True,pass,True,0,0,,,True,True,True,True,True,True,True,True,True,True,True,True,True,True,True,True,True,True,True,True,True,True
pose000949,949,CNNC(=O)C(O)NNC(=O)c1ccc(Nc2ncc(F)c(-c3cnc(C)n3C(C)C)n2)cc1F,True,pass,True,0,0,,,True,True,True,True,True,True,True,True,True,True,True,True,True,True,True,True,True,True,True,True,True,True
pose000950,950,Cc1nc2c(F)cc(-c3nc(Nc4ccc5c(n4)CCN(CCN(C)C(=S)n4ccnc4)C5)ncc3F)cc2n1C(C)C,True,pass,True,0,0,,,True,True,True,True,True,True,True,True,True,True,True,True,True,True,True,True,True,True,True,True,True,True
pose000951,951,CNC(=O)c1ccc(Nc2ncc(F)c(-c3cnc(C)n3C(C)C)n2)cc1,True,pass,True,0,0,,,True,True,True,True,True,True,True,True,True,True,True,True,True,True,True,True,True,True,True,True,True,True
pose000952,952,O=C(Cc1ccccc1)Nc1cc(C2CC2)[nH]n1,True,pass,True,0,0,,,True,True,True,True,True,True,True,True,True,True,True,True,True,True,True,True,True,True,True,True,True,True
pose000953,953,CNc1c(C)cccc1-c1ccc(CN2CCN(C)CC2)cc1,True,pass,True,0,0,,,True,True,True,True,True,True,True,True,True,True,True,True,True,True,True,True,True,True,True,True,True,True
pose000954,954,COCCN1CCC(c2cc3c(-c4cnn(CC5CC5)c4)c(Cl)cnc3[nH]2)CC1,True,pass,True,0,0,,,True,True,True,True,True,True,True,True,True,True,True,True,True,True,True,True,True,True,True,True,True,True
pose000955,955,CC(=O)N1CCCN(c2ccc(NCc3ccccc3)cc2)CC1,True,pass,True,0,0,,,True,True,True,True,True,True,True,True,True,True,True,True,True,True,True,True,True,True,True,True,True,True
pose000956,956,O=C(CCO)N1CCCN(Cc2cccc(Cl)c2)CC1,True,pass,True,0,0,,,True,True,True,True,True,True,True,True,True,True,True,True,True,True,True,True,True,True,True,True,True,True
pose000957,957,Nc1ccc(-c2ccc(-c3ccc(S(N)(=O)=O)cc3)cc2)cc1,True,pass,True,0,0,,,True,True,True,True,True,True,True,True,True,True,True,True,True,True,True,True,True,True,True,True,True,True
pose000958,958,C[C@@H](O)[C@@H](C)Oc1nc(Nc2ccc(S(=O)(=O)O[C@H](C)[C@@H](C)O)cc2)ncc1C(F)(F)F,True,pass,True,0,0,,,True,True,True,True,True,True,True,True,True,True,True,True,True,True,True,True,True,True,True,True,True,True
pose000959,959,CN(CCS(=N)(=O)C1CC1)C(=O)c1cc(C2CCCCCC2)nc(N)n1,True,pass,True,0,0,,,True,True,True,True,True,True,True,True,True,True,True,True,True,True,True,True,True,True,True,True,True,True
pose000960,960,NC1CCC(Cc2ccnc(-c3ccccc3)n2)CC1,True,pass,True,0,0,,,True,True,True,True,True,True,True,True,True,True,True,True,True,True,True,True,True,True,True,True,True,True
pose000961,961,C=C(C)c1cc(Nc2ncc(F)c(-c3cnc(C)n3C(C)C)n2)ccc1C(C)C,True,pass,True,0,0,,,True,True,True,True,True,True,True,True,True,True,True,True,True,True,True,True,True,True,True,True,True,True
pose000962,962,O=C(NC(c1ccccc1)C1CCNCC1)c1ccc2cnccc2c1,True,pass,True,0,0,,,True,True,True,True,True,True,True,True,True,True,True,True,True,True,True,True,True,True,True,True,True,True
pose000963,963,COCCOCCOCCOCCNS(=O)(=O)c1ccc(N=Cc2c(O)[nH]c3ccc4ncsc4c23)cc1,True,pass,True,0,0,,,True,True,True,True,True,True,True,True,True,True,True,True,True,True,True,True,True,True,True,True,True,True
pose000964,964,CC(C)(C)S(=O)(=O)c1cccc(-c2ccc(S(N)(=O)=O)cc2)c1,True,pass,True,0,0,,,True,True,True,True,True,True,True,True,True,True,True,True,True,True,True,True,True,True,True,True,True,True
pose000965,965,O=C1Cc2cc(-c3ccc(CN4CCOCC4)cc3)ccc2N1,True,pass,True,0,0,,,True,True,True,True,True,True,True,True,True,True,True,True,True,True,True,True,True,True,True,True,True,True
pose000966,966,CC(C)=NC(=S)NNC(=O)c1ccc(Nc2ncc(F)c(-c3cnc(C)n3C(C)C)n2)cc1F,True,pass,True,0,0,,,True,True,True,True,True,True,True,True,True,True,True,True,True,True,True,True,True,True,True,True,True,True
pose000967,967,CS(=O)(=O)N1CCC(Nc2ncc(C(F)(F)F)c(-c3cnn(-c4ccccc4Cl)c3)n2)CC1,True,pass,True,0,0,,,True,True,True,True,True,True,True,True,True,True,True,True,True,True,True,True,True,True,True,True,True,True
pose000968,968,CN(C)C(=O)c1cccc(C(=O)Nc2ccc(N3CCCC3)cc2F)c1,True,pass,True,0,0,,,True,True,True,True,True,True,True,True,True,True,True,True,True,True,True,True,True,True,True,True,True,True
pose000969,969,NS(=O)(=O)c1ccc(-c2ccc(-c3ccc(N=Nc4c(=O)[nH]c5ccc6[nH]cccc6c45)cc3)cc2)cc1,True,pass,True,0,0,,,True,True,True,True,True,True,True,True,True,True,True,True,True,True,True,True,True,True,True,True,True,True
pose000970,970,CN1CCCN(c2ccc(Nc3ncc4c(n3)-c3c(c(C(N)=O)nn3C)CC4)cc2)N(O)CC1,True,pass,True,0,0,,,True,True,True,True,True,True,True,True,True,True,True,True,True,True,True,True,True,True,True,True,True,True
pose000971,971,CN1CCN(c2ccc(Nc3ccccn3)cc2)CC1,True,pass,True,0,0,,,True,True,True,True,True,True,True,True,True,True,True,True,True,True,True,True,True,True,True,True,True,True
pose000972,972,CCS(=O)(Cc1cc(F)cc(Nc2ncc(F)c(NCCN(C)C)n2)c1)=NC#N,True,pass,True,0,0,,,True,True,True,True,True,True,True,True,True,True,True,True,True,True,True,True,True,True,True,True,True,True
pose000973,973,C[C@@H](O)[C@@H](C)Oc1nc(Nc2ccc(S(=O)(=O)N=Nc3ccc(S(=O)(=O)ON)cc3)cc2)ncc1C(F)(F)F,True,pass,True,0,0,,,True,True,True,True,True,True,True,True,True,True,True,True,True,True,True,True,True,True,True,True,True,True
pose000974,974,CC[C@@H](Nc1nc(NCc2cccnc2)c2ncn(C(C)C)c2n1)N1CCN(C)CC1,True,pass,True,0,0,,,True,True,True,True,True,True,True,True,True,True,True,True,True,True,True,True,True,True,True,True,True,True
pose000975,975,CC(C)c1cnn2c(NCc3ccc(N)cc3)nc(OC3CCN(C)CC3)nc12,True,pass,True,0,0,,,True,True,True,True,True,True,True,True,True,True,True,True,True,True,True,True,True,True,True,True,True,True
pose000976,976,Cc1ccccc1Nc1ccc(N2CCC(C)CC2)cc1,True,pass,True,0,0,,,True,True,True,True,True,True,True,True,True,True,True,True,True,True,True,True,True,True,True,True,True,True
pose000977,977,CNC1CCN(C(=O)c2cc3c(=O)[nH]cc(NC4CCCC4)c3s2)CC1,True,pass,True,0,0,,,True,True,True,True,True,True,True,True,True,True,True,True,True,True,True,True,True,True,True,True,True,True
pose000978,978,COc1cccc(-c2cc(NC(=O)NC3CCN(C(=O)OC(C)(C)C)CC3)[nH]n2)c1,True,pass,True,0,0,,,True,True,True,True,True,True,True,True,True,True,True,True,True,True,True,True,True,True,True,True,True,True
pose000979,979,c1ccc(NN2CCCCC2)c(Nc2ccc3c(n2)CCNC3)c1,True,pass,True,0,0,,,True,True,True,True,True,True,True,True,True,True,True,True,True,True,True,True,True,True,True,True,True,True
pose000980,980,CN1CCN(c2ccc(Nc3nccc(-c4cnn5ncccc45)n3)cc2C(F)(F)F)CC1,True,pass,True,0,0,,,True,True,True,True,True,True,True,True,True,True,True,True,True,True,True,True,True,True,True,True,True,True
pose000981,981,C[C@@H](Nc1nc(Nc2ccc(S(C)(=N)=O)cc2)ncc1Br)C(C)(C)O,True,pass,True,0,0,,,True,True,True,True,True,True,True,True,True,True,True,True,True,True,True,True,True,True,True,True,True,True
pose000982,982,CC(=O)N1CCc2nc(Nc3ncc(F)c(-c4cc(F)c5nc(C)n(C(C)C)c5c4)n3)ccc2C1,True,pass,True,0,0,,,True,True,True,True,True,True,True,True,True,True,True,True,True,True,True,True,True,True,True,True,True,True
pose000983,983,Cc1ncc(-c2ccnc(Nc3ccc(S(C)(=O)=O)cc3)n2)n1C(C)C,True,pass,True,0,0,,,True,True,True,True,True,True,True,True,True,True,True,True,True,True,True,True,True,True,True,True,True,True
pose000984,984,CC(C)=NC(=O)C(=O)c1ccc(Nc2ncc(F)c(-c3cnc(C)n3C(C)C)n2)cc1,True,pass,True,0,0,,,True,True,True,True,True,True,True,True,True,True,True,True,True,True,True,True,True,True,True,True,True,True
pose000985,985,NS(=O)(=O)c1ccc(N=Nc2c(O)[nH]c3cccc(I)c23)cc1,True,pass,True,0,0,,,True,True,True,True,True,True,True,True,True,True,True,True,True,True,True,True,True,True,True,True,True,True
pose000986,986,NS(=O)(=O)c1ccc(Oc2cccc(S(N)(=O)=O)c2)cc1,True,pass,True,0,0,,,True,True,True,True,True,True,True,True,True,True,True,True,True,True,True,True,True,True,True,True,True,True
pose000987,987,C=C(C)C(=O)c1ccc(Nc2ccc(Nc3ncc(F)c(-c4cnc(C)n4C(C)C)n3)cc2)cc1,True,pass,True,0,0,,,True,True,True,True,True,True,True,True,True,True,True,True,True,True,True,True,True,True,True,True,True,True
pose000988,988,Cc1ccc(F)c(Nc2nccc(N3CCCC(C)CC3)n2)c1,True,pass,True,0,0,,,True,True,True,True,True,True,True,True,True,True,True,True,True,True,True,True,True,True,True,True,True,True
pose000989,989,CCc1ccc(CC(=O)Nc2ccc(S(N)(=O)=O)cc2)cc1,True,pass,True,0,0,,,True,True,True,True,True,True,True,True,True,True,True,True,True,True,True,True,True,True,True,True,True,True
pose000990,990,O=C(NN1CCCc2cnc(Nc3ccccc3)nc2C1)C1CCC1,True,pass,True,0,0,,,True,True,True,True,True,True,True,True,True,True,True,True,True,True,True,True,True,True,True,True,True,True
pose000991,991,CC(C)NC(=O)c1ccc(N2CCN(C)CC2)cc1Cl,True,pass,True,0,0,,,True,True,True,True,True,True,True,True,True,True,True,True,True,True,True,True,True,True,True,True,True,True
pose000992,992,CC(C)c1ccc(Oc2ccc(S(N)(=O)=O)cc2)cc1,True,pass,True,0,0,,,True,True,True,True,True,True,True,True,True,True,True,True,True,True,True,True,True,True,True,True,True,True
pose000993,993,O=C(Nc1ccccn1)N1CCN(C(=O)c2ccccc2)CC1,True,pass,True,0,0,,,True,True,True,True,True,True,True,True,True,True,True,True,True,True,True,True,True,True,True,True,True,True
pose000994,994,CON1CCCc2nc(-c3ccc(S(N)(=O)=O)cc3)ccc2C1,True,pass,True,0,0,,,True,True,True,True,True,True,True,True,True,True,True,True,True,True,True,True,True,True,True,True,True,True
pose000995,995,CC(C)=Nc1ccc(-c2ccc(S(N)(=O)=O)cc2)cc1,True,pass,True,0,0,,,True,True,True,True,True,True,True,True,True,True,True,True,True,True,True,True,True,True,True,True,True,True
pose000996,996,CC(C)N1CCN(c2ccc(Nc3ccc([N+](=O)[O-])cc3C(=O)O)nc2)CC1,True,pass,True,0,0,,,True,True,True,True,True,True,True,True,True,True,True,True,True,True,True,True,True,True,True,True,True,True
pose000997,997,Clc1cccc(Nc2ccc(CN3CCOCC3)cc2)c1,True,pass,True,0,0,,,True,True,True,True,True,True,True,True,True,True,True,True,True,True,True,True,True,True,True,True,True,True
pose000998,998,CC(=O)Nc1ccc(N2CCN(c3ccccc3)CC2)cc1,True,pass,True,0,0,,,True,True,True,True,True,True,True,True,True,True,True,True,True,True,True,True,True,True,True,True,True,True
pose000999,999,CN1CCN(c2ccc(NCCc3ccccc3)cc2)CC1,True,pass,True,0,0,,,True,True,True,True,True,True,True,True,True,True,True,True,True,True,True,True,True,True,True,True,True,True
pose001000,1000,CC(=O)c1cc(-c2ccc(Nc3ncc(F)c(-c4ncc(F)c(-c5cnc(C)n5C(C)C)n4)n3)cc2)ccn1,True,pass,True,0,0,,,True,True,True,True,True,True,True,True,True,True,True,True,True,True,True,True,True,True,True,True,True,True
pose001001,1001,CN(C)CCNS(=O)(=O)c1ccc(Nc2nccc(-c3cnc4ccccn34)n2)cc1,True,pass,True,0,0,,,True,True,True,True,True,True,True,True,True,True,True,True,True,True,True,True,True,True,True,True,True,True
pose001002,1002,CC(=Nc1ccc(S(N)(=O)=O)cc1)c1c(O)[nH]c2ccc(-c3cnco3)cc12,True,pass,True,0,0,,,True,True,True,True,True,True,True,True,True,True,True,True,True,True,True,True,True,True,True,True,True,True
pose001003,1003,O=C1CCCN1C(=O)Nc1ccc(Oc2ccccc2)cc1,True,pass,True,0,0,,,True,True,True,True,True,True,True,True,True,True,True,True,True,True,True,True,True,True,True,True,True,True
pose001004,1004,CC(C)CC(=O)Nc1[nH]nc2c1CN(C(=O)C1CCN(C)CC1)C2(C)C,True,pass,True,0,0,,,True,True,True,True,True,True,True,True,True,True,True,True,True,True,True,True,True,True,True,True,True,True
pose001005,1005,c1ncc(-c2cc3cnc(Nc4ccc(N5CCNCC5)cn4)nc3n2C2CCCC2)o1,True,pass,True,0,0,,,True,True,True,True,True,True,True,True,True,True,True,True,True,True,True,True,True,True,True,True,True,True
pose001006,1006,CN1CC=C(c2ccc(Nc3ccc(S(N)(=O)=O)cc3)cc2)CC1,True,pass,True,0,0,,,True,True,True,True,True,True,True,True,True,True,True,True,True,True,True,True,True,True,True,True,True,True
pose001007,1007,CNC(=O)c1ccc(CN2CCCN(C(C)=O)CC2)cc1,True,pass,True,0,0,,,True,True,True,True,True,True,True,True,True,True,True,True,True,True,True,True,True,True,True,True,True,True
pose001008,1008,CCN(CCO)C(=O)c1ccc(-c2ccccc2)cc1,True,pass,True,0,0,,,True,True,True,True,True,True,True,True,True,True,True,True,True,True,True,True,True,True,True,True,True,True
pose001009,1009,CN(C)CCN(C)c1ccc2cc1COC/C=C/COCc1cccc(c1)-c1ccnc(n1)N2,True,pass,True,0,0,,,True,True,True,True,True,True,True,True,True,True,True,True,True,True,True,True,True,True,True,True,True,True
pose001010,1010,c1nc2nc(COC3CCCCC3)nc(OCC3CC3)c2[nH]1,True,pass,True,0,0,,,True,True,True,True,True,True,True,True,True,True,True,True,True,True,True,True,True,True,True,True,True,True
pose001011,1011,CC[C@@H](C)Oc1nc(Nc2ccc(S(N)(=O)=O)cc2)nc(N)c1C=O,True,pass,True,0,0,,,True,True,True,True,True,True,True,True,True,True,True,True,True,True,True,True,True,True,True,True,True,True
pose001012,1012,NC(=O)c1ccc(CCc2ccc(S(N)(=O)=O)cc2)cc1,True,pass,True,0,0,,,True,True,True,True,True,True,True,True,True,True,True,True,True,True,True,True,True,True,True,True,True,True
pose001013,1013,CCCc1cc(NC(=O)c2ccc(Br)cc2)[nH]n1,True,pass,True,0,0,,,True,True,True,True,True,True,True,True,True,True,True,True,True,True,True,True,True,True,True,True,True,True
pose001014,1014,COc1c(C)cccc1N1CCN(c2cc[nH]c2)CC1,True,pass,True,0,0,,,True,True,True,True,True,True,True,True,True,True,True,True,True,True,True,True,True,True,True,True,True,True
pose001015,1015,COc1cc(CNc2cc(N3CCN(C)CC3)cc(C)n2)ccn1,True,pass,True,0,0,,,True,True,True,True,True,True,True,True,True,True,True,True,True,True,True,True,True,True,True,True,True,True
pose001016,1016,CNC(=O)Oc1cc(C(=O)Nc2ccc(Cl)cc2)ccn1,True,pass,True,0,0,,,True,True,True,True,True,True,True,True,True,True,True,True,True,True,True,True,True,True,True,True,True,True
pose001017,1017,O=C(c1ccc(Nc2ccc(F)cn2)cc1)N1CCCC1,True,pass,True,0,0,,,True,True,True,True,True,True,True,True,True,True,True,True,True,True,True,True,True,True,True,True,True,True
pose001018,1018,NS(=O)(=O)c1ccc(N=Cc2c(O)[nH]c3ccc4ncsc4c23)cc1,True,pass,True,0,0,,,True,True,True,True,True,True,True,True,True,True,True,True,True,True,True,True,True,True,True,True,True,True
pose001019,1019,Clc1cccc(NCc2ccc(N3CCOCC3)cc2)c1,True,pass,True,0,0,,,True,True,True,True,True,True,True,True,True,True,True,True,True,True,True,True,True,True,True,True,True,True
pose001020,1020,CN1CCN(Cc2ccc(-c3cnc4[nH]cc(-c5ccc6[nH]ccc6c5)c4c3)cc2)CC1,True,pass,True,0,0,,,True,True,True,True,True,True,True,True,True,True,True,True,True,True,True,True,True,True,True,True,True,True
pose001021,1021,O=C(C1CCCCC1)N1CCc2cnc(NC3CC3)nc2C1,True,pass,True,0,0,,,True,True,True,True,True,True,True,True,True,True,True,True,True,True,True,True,True,True,True,True,True,True
pose001022,1022,COc1cccc(NC(=O)N2CCN(Cc3ccccc3)CC2)c1,True,pass,True,0,0,,,True,True,True,True,True,True,True,True,True,True,True,True,True,True,True,True,True,True,True,True,True,True
pose001023,1023,O=C(C1CC1)N1CCc2cnc(Nc3ccc(C4CC4)cc3)nc2C1,True,pass,True,0,0,,,True,True,True,True,True,True,True,True,True,True,True,True,True,True,True,True,True,True,True,True,True,True
pose001024,1024,Cn1cc(S(=O)(=O)N2CCC(Nc3ncc4c(n3)N([C@@H]3CCC[C@@H](O)C3)C(=O)C43CC3)CC2)cn1,True,pass,True,0,0,,,True,True,True,True,True,True,True,True,True,True,True,True,True,True,True,True,True,True,True,True,True,True
pose001025,1025,O=C(Cc1ccc(-c2cccc(CO)c2)cc1)N1CCCCC1,True,pass,True,0,0,,,True,True,True,True,True,True,True,True,True,True,True,True,True,True,True,True,True,True,True,True,True,True
pose001026,1026,O=C(NC1CCN(C(=O)c2ccccc2)CC1)c1ccccc1,True,pass,True,0,0,,,True,True,True,True,True,True,True,True,True,True,True,True,True,True,True,True,True,True,True,True,True,True
pose001027,1027,CN(C)CCCN(C)S(=O)(=O)c1ccc(Nc2nccc(-c3cnc4ccccn34)n2)cc1,True,pass,True,0,0,,,True,True,True,True,True,True,True,True,True,True,True,True,True,True,True,True,True,True,True,True,True,True
pose001028,1028,CN(C)C(=O)c1cccc(-c2cnc(N)c(-c3nc4c(N5CCNCC5)cccc4[nH]3)n2)c1,True,pass,True,0,0,,,True,True,True,True,True,True,True,True,True,True,True,True,True,True,True,True,True,True,True,True,True,True
pose001029,1029,C[C@@H](Nc1nc(Nc2ccc(-c3ccc(S(=O)(=O)ON)cc3)cc2)ncc1Br)S(C)(=N)=O,True,pass,True,0,0,,,True,True,True,True,True,True,True,True,True,True,True,True,True,True,True,True,True,True,True,True,True,True
pose001030,1030,c1cc(N2CCc3cnc(NC4CC4)nc3C2)ccc1C1CC1,True,pass,True,0,0,,,True,True,True,True,True,True,True,True,True,True,True,True,True,True,True,True,True,True,True,True,True,True
pose001031,1031,CC(c1ccc(C(C)(C)C)cc1)c1ccc(S(N)(=O)=O)cc1,True,pass,True,0,0,,,True,True,True,True,True,True,True,True,True,True,True,True,True,True,True,True,True,True,True,True,True,True
pose001032,1032,COc1ccc(CC(=O)Nc2ccc(S(N)(=O)=O)cc2)cc1,True,pass,True,0,0,,,True,True,True,True,True,True,True,True,True,True,True,True,True,True,True,True,True,True,True,True,True,True
pose001033,1033,C=CC(=O)NCc1ccc(C(=O)N2CCCC(Nc3ncc(SCc4ncc(C(C)(C)C)o4)s3)C2)cc1,True,pass,True,0,0,,,True,True,True,True,True,True,True,True,True,True,True,True,True,True,True,True,True,True,True,True,True,True
pose001034,1034,CCNc1ccc(CC(=O)Nc2ccccc2C)cc1,True,pass,True,0,0,,,True,True,True,True,True,True,True,True,True,True,True,True,True,True,True,True,True,True,True,True,True,True
pose001035,1035,O=C1N=c2ccccc2=C1C(=O)NCc1ccccc1F,True,pass,True,0,0,,,True,True,True,True,True,True,True,True,True,True,True,True,True,True,True,True,True,True,True,True,True,True
pose001036,1036,COc1ccc2[nH]c(O)c(N=NC(=O)c3ccc(N=NN=NN=Nc4ccc(S(N)(=O)=O)cc4)cc3)c2c1,True,pass,True,0,0,,,True,True,True,True,True,True,True,True,True,True,True,True,True,True,True,True,True,True,True,True,True,True
pose001037,1037,COc1ccc(-c2ccc(N3CCOCC3)c(C)c2)c(O)c1,True,pass,True,0,0,,,True,True,True,True,True,True,True,True,True,True,True,True,True,True,True,True,True,True,True,True,True,True
pose001038,1038,Cc1ncc(-c2ccnc(Nc3ccc(S(=N)(=O)SS(C)(=N)=O)cc3)n2)n1C(C)C,True,pass,True,0,0,,,True,True,True,True,True,True,True,True,True,True,True,True,True,True,True,True,True,True,True,True,True,True
pose001039,1039,Cc1cc(C(C#N)c2ccc(Cl)cc2)c(Cl)cc1NC(=O)c1cc(I)cc(I)c1O,True,pass,True,0,0,,,True,True,True,True,True,True,True,True,True,True,True,True,True,True,True,True,True,True,True,True,True,True
pose001040,1040,CC(C)(C)Nc1nc(C(F)(F)F)nc2ccc(-c3cccnc3)cc12,True,pass,True,0,0,,,True,True,True,True,True,True,True,True,True,True,True,True,True,True,True,True,True,True,True,True,True,True
pose001041,1041,COc1ccc(CNC(=O)c2ccc(C(C)C)cc2)cc1,True,pass,True,0,0,,,True,True,True,True,True,True,True,True,True,True,True,True,True,True,True,True,True,True,True,True,True,True
pose001042,1042,Cn1nc(C(N)=O)c2c1-c1nc(Nc3ccc(N4CCN(SN)CC4)cc3)ncc1CC2,True,pass,True,0,0,,,True,True,True,True,True,True,True,True,True,True,True,True,True,True,True,True,True,True,True,True,True,True
pose001043,1043,CC(=O)N1CCCc2cnc(CNC(=O)c3ccccc3)nc2C1,True,pass,True,0,0,,,True,True,True,True,True,True,True,True,True,True,True,True,True,True,True,True,True,True,True,True,True,True
pose001044,1044,Fc1ccccc1-c1ccc(CN2CCNCC2)cc1,True,pass,True,0,0,,,True,True,True,True,True,True,True,True,True,True,True,True,True,True,True,True,True,True,True,True,True,True
pose001045,1045,Cc1ccccc1C(=O)Nc1ccc(N2CCCN(C)CC2)cc1,True,pass,True,0,0,,,True,True,True,True,True,True,True,True,True,True,True,True,True,True,True,True,True,True,True,True,True,True
pose001046,1046,Cc1cc(F)ccc1-c1ccc(C(=O)N2CCN(C)CC2)cc1C(=O)O,True,pass,True,0,0,,,True,True,True,True,True,True,True,True,True,True,True,True,True,True,True,True,True,True,True,True,True,True
pose001047,1047,C[C@@H](NC(=O)N1CCc2cnc(NC3CCOCC3)nc2C1)c1ccc(Cl)c(F)c1,True,pass,True,0,0,,,True,True,True,True,True,True,True,True,True,True,True,True,True,True,True,True,True,True,True,True,True,True
pose001048,1048,CNc1ncc2c(n1)CN(c1ccc(N3CCOCC3)cc1)CC2,True,pass,True,0,0,,,True,True,True,True,True,True,True,True,True,True,True,True,True,True,True,True,True,True,True,True,True,True
pose001049,1049,O=C(c1cccc(Nc2ccccc2)c1)N1CCN(C2CC2)CC1,True,pass,True,0,0,,,True,True,True,True,True,True,True,True,True,True,True,True,True,True,True,True,True,True,True,True,True,True
pose001050,1050,O=C(O)N1CCN(C(=O)c2ccc(NCc3cccc(Cl)c3)nc2)CC1,True,pass,True,0,0,,,True,True,True,True,True,True,True,True,True,True,True,True,True,True,True,True,True,True,True,True,True,True
pose001051,1051,O=C(c1ccccc1)N1CCN(C(=O)c2cccc(Cl)c2)CC1,True,pass,True,0,0,,,True,True,True,True,True,True,True,True,True,True,True,True,True,True,True,True,True,True,True,True,True,True
pose001052,1052,CN1CCN(c2ccc(Nc3nccc(-c4cnn5ncccc45)n3)cc2)CC1,True,pass,True,0,0,,,True,True,True,True,True,True,True,True,True,True,True,True,True,True,True,True,True,True,True,True,True,True
pose001053,1053,NS(=O)(=O)c1ccc(N=Nc2ccc(NOCc3c(O)[nH]c4ccc(-c5cnco5)cc34)cc2)cc1,True,pass,True,0,0,,,True,True,True,True,True,True,True,True,True,True,True,True,True,True,True,True,True,True,True,True,True,True
pose001054,1054,CCc1ccc(NC(=O)c2ccc(N(C)C)cc2)cc1,True,pass,True,0,0,,,True,True,True,True,True,True,True,True,True,True,True,True,True,True,True,True,True,True,True,True,True,True
pose001055,1055,CCNc1ccc2c(n1)CCCN(c1ccc(S(N)(=O)=O)cc1)C2,True,pass,True,0,0,,,True,True,True,True,True,True,True,True,True,True,True,True,True,True,True,True,True,True,True,True,True,True
pose001056,1056,CC(=O)Nc1nc(N2CCN(C(C)C)CC2)c2[nH]cnc2n1,True,pass,True,0,0,,,True,True,True,True,True,True,True,True,True,True,True,True,True,True,True,True,True,True,True,True,True,True
pose001057,1057,COc1ccccc1NC(=O)c1ccc(F)cc1N1CCOCC1,True,pass,True,0,0,,,True,True,True,True,True,True,True,True,True,True,True,True,True,True,True,True,True,True,True,True,True,True
pose001058,1058,CCCC(=O)Nc1[nH]nc2cc(Cl)c(-c3ccccc3)cc12,True,pass,True,0,0,,,True,True,True,True,True,True,True,True,True,True,True,True,True,True,True,True,True,True,True,True,True,True
pose001059,1059,C=C(C)NCCNC(=O)c1ccc(Nc2ncc(F)c(-c3cnc(C)n3C(C)C)n2)cc1F,True,pass,True,0,0,,,True,True,True,True,True,True,True,True,True,True,True,True,True,True,True,True,True,True,True,True,True,True
pose001060,1060,CN(C)C(=O)c1cccc(-c2cc(C(=O)N(C)C)ccc2O)c1,True,pass,True,0,0,,,True,True,True,True,True,True,True,True,True,True,True,True,True,True,True,True,True,True,True,True,True,True
pose001061,1061,CC(C)Cc1ccc(CCc2ccc(S(N)(=O)=O)cc2)cc1,True,pass,True,0,0,,,True,True,True,True,True,True,True,True,True,True,True,True,True,True,True,True,True,True,True,True,True,True
pose001062,1062,CC(C)(C)n1nc(-c2cccc3ccccc23)c2c(N)ncnc21,True,pass,True,0,0,,,True,True,True,True,True,True,True,True,True,True,True,True,True,True,True,True,True,True,True,True,True,True
pose001063,1063,CC(C)(C)c1cnc(Cc2ccc(S(N)(=O)=O)cc2)o1,True,pass,True,0,0,,,True,True,True,True,True,True,True,True,True,True,True,True,True,True,True,True,True,True,True,True,True,True
pose001064,1064,Nc1ncnc2occ(-c3ccc(NC(=O)Nc4cc(C(F)(F)F)ccc4F)cc3)c12,True,pass,True,0,0,,,True,True,True,True,True,True,True,True,True,True,True,True,True,True,True,True,True,True,True,True,True,True
pose001065,1065,Cc1ccccc1Nc1cc(Nc2ccc(Oc3ccc(S(N)(=O)=O)cc3)cc2)ncn1,True,pass,True,0,0,,,True,True,True,True,True,True,True,True,True,True,True,True,True,True,True,True,True,True,True,True,True,True
pose001066,1066,CN(C)CCNS(=O)(=O)c1ccc(-c2cccc(NC(=O)C3CCCCO3)n2)cc1,True,pass,True,0,0,,,True,True,True,True,True,True,True,True,True,True,True,True,True,True,True,True,True,True,True,True,True,True
pose001067,1067,Nc1nccc(-n2ccc3ccncc32)n1,True,pass,True,0,0,,,True,True,True,True,True,True,True,True,True,True,True,True,True,True,True,True,True,True,True,True,True,True
pose001068,1068,C=C(C)CNNC(=O)c1ccc(Nc2ncc(F)c(-c3cnc(C)n3C(C)C)n2)cc1F,True,pass,True,0,0,,,True,True,True,True,True,True,True,True,True,True,True,True,True,True,True,True,True,True,True,True,True,True
pose001069,1069,COc1cc(N(C)CCNC(C)=O)ccc1Nc1ccc2c(c1)CS(=O)(=O)C2,True,pass,True,0,0,,,True,True,True,True,True,True,True,True,True,True,True,True,True,True,True,True,True,True,True,True,True,True
pose001070,1070,O=C(Nc1ccc(N2CCCCC2)nc1)c1ccccc1,True,pass,True,0,0,,,True,True,True,True,True,True,True,True,True,True,True,True,True,True,True,True,True,True,True,True,True,True
pose001071,1071,COc1ccc(N(C)c2ccc(N3CCNCC3)cc2)cc1,True,pass,True,0,0,,,True,True,True,True,True,True,True,True,True,True,True,True,True,True,True,True,True,True,True,True,True,True
pose001072,1072,Cc1nc2c(F)cc(-c3nc(Nc4ccc5c(n4)CCN[C@H]5C)ncc3F)cc2n1C(C)(C)C,True,pass,True,0,0,,,True,True,True,True,True,True,True,True,True,True,True,True,True,True,True,True,True,True,True,True,True,True
pose001073,1073,C=C(C)n1c(-c2nc(NN3CCN(C)CC3)ncc2F)cnc1C,True,pass,True,0,0,,,True,True,True,True,True,True,True,True,True,True,True,True,True,True,True,True,True,True,True,True,True,True
pose001074,1074,CN(C)CC(O)COc1ccc(Nc2nccc(NC(N)=O)n2)cc1,True,pass,True,0,0,,,True,True,True,True,True,True,True,True,True,True,True,True,True,True,True,True,True,True,True,True,True,True
pose001075,1075,Cc1cc(NC(=O)c2ccccc2)ccc1CN1CCCCC1,True,pass,True,0,0,,,True,True,True,True,True,True,True,True,True,True,True,True,True,True,True,True,True,True,True,True,True,True
pose001076,1076,CC(C)c1ccc(-c2ccc(Nc3ncc4c(n3)-c3c(c(C(N)=O)nn3C)CC4)cc2)cc1,True,pass,True,0,0,,,True,True,True,True,True,True,True,True,True,True,True,True,True,True,True,True,True,True,True,True,True,True
pose001077,1077,Cc1ncc(-c2nc(Nc3ccc(C(=O)NN)cc3)ncc2F)n1C(C)C,True,pass,True,0,0,,,True,True,True,True,True,True,True,True,True,True,True,True,True,True,True,True,True,True,True,True,True,True
pose001078,1078,COc1nc(NC(=O)c2ccsc2)nc(C(C)(C)C)n1,True,pass,True,0,0,,,True,True,True,True,True,True,True,True,True,True,True,True,True,True,True,True,True,True,True,True,True,True
pose001079,1079,CN1CCN(Cc2ccc(NC(=O)c3[nH]ncc3Nc3ccncn3)cc2)CC1,True,pass,True,0,0,,,True,True,True,True,True,True,True,True,True,True,True,True,True,True,True,True,True,True,True,True,True,True
pose001080,1080,CN(C)C(=O)c1ccccc1-c1ccc(S(N)(=O)=O)cc1,True,pass,True,0,0,,,True,True,True,True,True,True,True,True,True,True,True,True,True,True,True,True,True,True,True,True,True,True
pose001081,1081,CNC(=O)c1nn(C)c2c1C(C)(C)Cc1cnc(Nc3cccc(CN4CCN(C)CC4)c3)nc1-2,True,pass,True,0,0,,,True,True,True,True,True,True,True,True,True,True,True,True,True,True,True,True,True,True,True,True,True,True
pose001082,1082,O=S(=O)(c1ccc(NCc2ccc(C(F)(F)F)cc2)cc1)C(F)(F)F,True,pass,True,0,0,,,True,True,True,True,True,True,True,True,True,True,True,True,True,True,True,True,True,True,True,True,True,True
pose001083,1083,CCc1ccc(-c2ccc(C(=O)N3CCCNCC3)cc2)cc1,True,pass,True,0,0,,,True,True,True,True,True,True,True,True,True,True,True,True,True,True,True,True,True,True,True,True,True,True
pose001084,1084,Cc1ncc(-c2nc(-c3nc(Nc4ccc(C(=O)NNCC(=O)O)c(F)c4)ncc3F)ncc2F)n1C(C)C,True,pass,True,0,0,,,True,True,True,True,True,True,True,True,True,True,True,True,True,True,True,True,True,True,True,True,True,True
pose001085,1085,Cc1ncc(-c2nc(Nc3ccc(C(=O)NCCN(C)C)c(F)c3)ncc2F)n1C(C)C,True,pass,True,0,0,,,True,True,True,True,True,True,True,True,True,True,True,True,True,True,True,True,True,True,True,True,True,True
pose001086,1086,CC(=O)Nc1ccc(C(=O)N2CCCN(C(=O)c3ccccc3)CC2)cc1,True,pass,True,0,0,,,True,True,True,True,True,True,True,True,True,True,True,True,True,True,True,True,True,True,True,True,True,True
pose001087,1087,C[C@H]1CNCC(C(=O)Nc2ncc(SCc3cc(N4CCOCC4)ccc3O)s2)C1,True,pass,True,0,0,,,True,True,True,True,True,True,True,True,True,True,True,True,True,True,True,True,True,True,True,True,True,True
pose001088,1088,Cc1nccc(-c2ccc(C(=O)N(C)C)c(Cl)c2)c1C#Cc1ccc(N)nc1,True,pass,True,0,0,,,True,True,True,True,True,True,True,True,True,True,True,True,True,True,True,True,True,True,True,True,True,True
pose001089,1089,CC[C@@H](Nc1nc(NCc2cccnc2)c2ncn(C(C)C)c2n1)C(O)C(C)(C)C,True,pass,True,0,0,,,True,True,True,True,True,True,True,True,True,True,True,True,True,True,True,True,True,True,True,True,True,True
pose001090,1090,C=C(C)c1cc(Nc2ncc(F)c(-c3cnc(C)n3C(C)C)n2)ccc1C(=O)CSC,True,pass,True,0,0,,,True,True,True,True,True,True,True,True,True,True,True,True,True,True,True,True,True,True,True,True,True,True
pose001091,1091,CN1CCN(c2ccc(Nc3ccncc3)cc2)CC1,True,pass,True,0,0,,,True,True,True,True,True,True,True,True,True,True,True,True,True,True,True,True,True,True,True,True,True,True
pose001092,1092,O=C(NN1CCN(c2ccc(Cl)cc2)CC1)c1ccccc1,True,pass,True,0,0,,,True,True,True,True,True,True,True,True,True,True,True,True,True,True,True,True,True,True,True,True,True,True
pose001093,1093,C[C@@H](Oc1nc(Nc2ccc(S(=O)(=O)S(N)(=O)=O)cc2)ncc1C(F)(F)F)OC(F)(F)[C@H](C)[C@@H](C)O,True,pass,True,0,0,,,True,True,True,True,True,True,True,True,True,True,True,True,True,True,True,True,True,True,True,True,True,True
pose001094,1094,Cc1ncc(-c2ccnc(Nc3ccc(Nc4ccccc4)cc3)n2)n1C(C)C,True,pass,True,0,0,,,True,True,True,True,True,True,True,True,True,True,True,True,True,True,True,True,True,True,True,True,True,True
pose001095,1095,O=C(Nc1[nH]nc2nc(-c3ccc(O)c(Br)c3)ccc12)C1CC1,True,pass,True,0,0,,,True,True,True,True,True,True,True,True,True,True,True,True,True,True,True,True,True,True,True,True,True,True
pose001096,1096,Cc1ncc(-c2nc(Nc3ccc(C(=O)N4CC[C@H](N[C@H](C)[C@H](C)O)C4)cc3)ncc2F)n1C(C)C,True,pass,True,0,0,,,True,True,True,True,True,True,True,True,True,True,True,True,True,True,True,True,True,True,True,True,True,True
pose001097,1097,CN1CCN(c2ccc(-c3ccc(O)cc3)cc2)CC1,True,pass,True,0,0,,,True,True,True,True,True,True,True,True,True,True,True,True,True,True,True,True,True,True,True,True,True,True
pose001098,1098,COc1ccc(-c2nn(-c3ccccc3)cc2C(=O)NC(=S)Nc2ccc(Cl)cc2)cc1,True,pass,True,0,0,,,True,True,True,True,True,True,True,True,True,True,True,True,True,True,True,True,True,True,True,True,True,True
pose001099,1099,CN1CCN(C(=O)c2ccc(CNc3cccc(Cl)c3)cc2)CC1,True,pass,True,0,0,,,True,True,True,True,True,True,True,True,True,True,True,True,True,True,True,True,True,True,True,True,True,True
pose001100,1100,NS(=O)(=O)c1ccc(N=NOc2c(=O)[nH]c3ccc4[nH]cccc4c23)cc1,True,pass,True,0,0,,,True,True,True,True,True,True,True,True,True,True,True,True,True,True,True,True,True,True,True,True,True,True
pose001101,1101,Cc1ccc(CC(=O)c2ccc(S(N)(=O)=O)cc2)cc1,True,pass,True,0,0,,,True,True,True,True,True,True,True,True,True,True,True,True,True,True,True,True,True,True,True,True,True,True
pose001102,1102,CN1CCN(c2ccc(NC(=O)Nc3ccccc3)cc2)CC1,True,pass,True,0,0,,,True,True,True,True,True,True,True,True,True,True,True,True,True,True,True,True,True,True,True,True,True,True
pose001103,1103,Cc1cc(Cc2ncc3c(n2)CN(C(=O)Nc2cc(C4CC4)[nH]n2)CC3)cc(C)n1,True,pass,True,0,0,,,True,True,True,True,True,True,True,True,True,True,True,True,True,True,True,True,True,True,True,True,True,True
pose001104,1104,Cc1cccc(NC(=O)c2ccc(N3CCCOCC3)cc2)c1,True,pass,True,0,0,,,True,True,True,True,True,True,True,True,True,True,True,True,True,True,True,True,True,True,True,True,True,True
pose001105,1105,O=C(Nc1ncc2c(n1)CN(N1CCCC1=O)CCC2)c1ccccc1,True,pass,True,0,0,,,True,True,True,True,True,True,True,True,True,True,True,True,True,True,True,True,True,True,True,True,True,True
pose001106,1106,CC1CN(c2ccc(Nc3ncc4cc5n(c4n3)C3(CCCC3)CNC5=O)nc2)CCN1CC1CC1,True,fail,False,1,0,internal_energy,,True,True,True,True,True,True,True,True,True,True,True,True,False,True,True,True,True,True,True,True,True,True
pose001107,1107,CN(C)C/C=C/C(=O)Nc1ccc(C(=O)Nc2ncc(SCc3ncc(C(C)(C)C)o3)s2)cc1,True,pass,True,0,0,,,True,True,True,True,True,True,True,True,True,True,True,True,True,True,True,True,True,True,True,True,True,True
pose001108,1108,COc1ccc(NC(=O)NCc2ccc(F)cc2)cc1,True,pass,True,0,0,,,True,True,True,True,True,True,True,True,True,True,True,True,True,True,True,True,True,True,True,True,True,True
pose001109,1109,COc1ccc(C(=O)Nc2ccc(C(=O)N(C)C)cc2)cc1,True,pass,True,0,0,,,True,True,True,True,True,True,True,True,True,True,True,True,True,True,True,True,True,True,True,True,True,True
pose001110,1110,C[C@H](S(=N)(=O)c1ccc(Nc2ncc(C(F)(F)F)c(O[C@H](C)[C@@H](C)O)n2)cc1)S(=N)(=O)C1CC1,True,pass,True,0,0,,,True,True,True,True,True,True,True,True,True,True,True,True,True,True,True,True,True,True,True,True,True,True
pose001111,1111,O=C(Nc1ccc(F)cc1)N1CCN(c2ccccc2)CC1,True,pass,True,0,0,,,True,True,True,True,True,True,True,True,True,True,True,True,True,True,True,True,True,True,True,True,True,True
pose001112,1112,CNc1cccc(C(=O)Nc2ccc(C(=O)N(C)C)cc2)c1,True,pass,True,0,0,,,True,True,True,True,True,True,True,True,True,True,True,True,True,True,True,True,True,True,True,True,True,True
pose001113,1113,Nc1[nH]c2ccc(-c3cnco3)cc2c1-c1ccc2[nH]c(O)c(N=NOc3ccc(S(N)(=O)=O)cc3)c2c1,True,pass,True,0,0,,,True,True,True,True,True,True,True,True,True,True,True,True,True,True,True,True,True,True,True,True,True,True
pose001114,1114,NS(=O)(=O)c1ccc(N=Nc2ccc(NNc3c(O)[nH]c4ccc(S(N)(=O)=O)c(S)c34)cc2)cc1,True,pass,True,0,0,,,True,True,True,True,True,True,True,True,True,True,True,True,True,True,True,True,True,True,True,True,True,True
pose001115,1115,Cc1cc(Nc2ncc(Br)c(N[C@H](C)C(C)(C)O)n2)ccc1S(C)(=N)=O,True,pass,True,0,0,,,True,True,True,True,True,True,True,True,True,True,True,True,True,True,True,True,True,True,True,True,True,True
pose001116,1116,CNC(C)c1ccc(-c2ccc(S(N)(=O)=O)cc2)cc1,True,pass,True,0,0,,,True,True,True,True,True,True,True,True,True,True,True,True,True,True,True,True,True,True,True,True,True,True
pose001117,1117,CC(C)Cc1ncc(F)c(-c2ccc(S(N)(=O)=O)cc2)n1,True,pass,True,0,0,,,True,True,True,True,True,True,True,True,True,True,True,True,True,True,True,True,True,True,True,True,True,True
pose001118,1118,Cc1ncc(-c2ccnc(NC3CCOCC3)n2)n1C(C)C,True,pass,True,0,0,,,True,True,True,True,True,True,True,True,True,True,True,True,True,True,True,True,True,True,True,True,True,True
pose001119,1119,Cc1ccc(CN(C)C(=O)c2ccc(N3CCNCC3)cc2)cc1,True,pass,True,0,0,,,True,True,True,True,True,True,True,True,True,True,True,True,True,True,True,True,True,True,True,True,True,True
pose001120,1120,Cc1ncc(-c2nc(Nc3ccc(C(=O)NC4CCN(C)CC4)c(F)c3)ncc2F)n1C(C)C,True,pass,True,0,0,,,True,True,True,True,True,True,True,True,True,True,True,True,True,True,True,True,True,True,True,True,True,True
pose001121,1121,O=C(Nc1ccc(Cl)cc1)c1ccc(N2CCOCC2)nc1,True,pass,True,0,0,,,True,True,True,True,True,True,True,True,True,True,True,True,True,True,True,True,True,True,True,True,True,True
pose001122,1122,CC(=C=C=CC(C)=Cc1cnco1)c1ccc2[nH]c(O)c(N=Nc3ccc(S(N)(=O)=O)cc3)c2c1,True,pass,True,0,0,,,True,True,True,True,True,True,True,True,True,True,True,True,True,True,True,True,True,True,True,True,True,True
pose001123,1123,CNCC(=O)c1nc(NCc2cc(C)nc(C)c2)c2ncn(C(C)C)c2n1,True,pass,True,0,0,,,True,True,True,True,True,True,True,True,True,True,True,True,True,True,True,True,True,True,True,True,True,True
pose001124,1124,CO[C@@H](O)[C@@H](C)O[C@@H](C)Oc1nc(Nc2ccc(S(=O)(=O)[C@H](C)[C@@H](C)O)cc2)ncc1C(F)(F)F,True,pass,True,0,0,,,True,True,True,True,True,True,True,True,True,True,True,True,True,True,True,True,True,True,True,True,True,True
pose001125,1125,Cc1cccc(Nc2nc(Nc3ccc4c(n3)CCNC4)ncc2F)c1,True,pass,True,0,0,,,True,True,True,True,True,True,True,True,True,True,True,True,True,True,True,True,True,True,True,True,True,True
pose001126,1126,CCC(=O)Nc1ccc(-c2ccc(N3CCN(C)CC3)cc2)nc1,True,pass,True,0,0,,,True,True,True,True,True,True,True,True,True,True,True,True,True,True,True,True,True,True,True,True,True,True
pose001127,1127,NS(=O)(=O)c1ccc(N2CCCc3ncccc3C2)cc1,True,pass,True,0,0,,,True,True,True,True,True,True,True,True,True,True,True,True,True,True,True,True,True,True,True,True,True,True
pose001128,1128,COCCNS(=O)(=O)S(=N)(=O)c1ccc(Nc2nccc(-c3cnc(C)n3C(C)C)n2)cc1,True,pass,True,0,0,,,True,True,True,True,True,True,True,True,True,True,True,True,True,True,True,True,True,True,True,True,True,True
pose001129,1129,NS(=O)(=O)c1cccc(Nc2nccc(-c3ccnc(NCCCO)c3)n2)c1,True,pass,True,0,0,,,True,True,True,True,True,True,True,True,True,True,True,True,True,True,True,True,True,True,True,True,True,True
pose001130,1130,Cc1cc(N2CCCS2(=O)=O)c2oc(-c3ccc(O)cc3)c(O)c(=O)c2c1,True,pass,True,0,0,,,True,True,True,True,True,True,True,True,True,True,True,True,True,True,True,True,True,True,True,True,True,True
pose001131,1131,Cc1nc2c(F)cc(-c3nc(Nc4ccc5c(n4)CCN(C(=O)O)C5)ncc3F)cc2n1C(C)C,True,pass,True,0,0,,,True,True,True,True,True,True,True,True,True,True,True,True,True,True,True,True,True,True,True,True,True,True
pose001132,1132,O=c1cc(-c2ccc(O)cc2Cl)oc2c(CC3CCCCC3)c(O)cc(O)c12,True,pass,True,0,0,,,True,True,True,True,True,True,True,True,True,True,True,True,True,True,True,True,True,True,True,True,True,True
pose001133,1133,CNC(=O)Nc1ccc(-c2cc(-c3ccnc(Nc4ccc(C)c(S(=O)(=O)NC)c4)n3)ccn2)cc1,True,pass,True,0,0,,,True,True,True,True,True,True,True,True,True,True,True,True,True,True,True,True,True,True,True,True,True,True
pose001134,1134,CCS(=N)(=O)c1ccc(Nc2ncc(Br)c(N[C@H](COC)[C@@H](C)O)n2)cc1,True,pass,True,0,0,,,True,True,True,True,True,True,True,True,True,True,True,True,True,True,True,True,True,True,True,True,True,True
pose001135,1135,C[C@H]1CN(c2ccc(Nc3ncc4cc5n(c4n3)C3(CCCCC3)CNC5=O)nc2)CCN1,True,pass,True,0,0,,,True,True,True,True,True,True,True,True,True,True,True,True,True,True,True,True,True,True,True,True,True,True
pose001136,1136,NS(=O)(=O)c1ccc(CCc2ccc(C(F)(F)F)cc2)cc1,True,pass,True,0,0,,,True,True,True,True,True,True,True,True,True,True,True,True,True,True,True,True,True,True,True,True,True,True
pose001137,1137,O=C(CC1CCCCC1)Nc1nc(CC2CC2)c2[nH]cnc2n1,True,pass,True,0,0,,,True,True,True,True,True,True,True,True,True,True,True,True,True,True,True,True,True,True,True,True,True,True
pose001138,1138,Cc1ccc(F)c(Nc2nccc(-c3ccc(S(N)(=O)=O)cc3)n2)c1,True,pass,True,0,0,,,True,True,True,True,True,True,True,True,True,True,True,True,True,True,True,True,True,True,True,True,True,True
pose001139,1139,C[C@@H](c1ccc(CS(N)(=O)=O)cc1)c1ccc(S(N)(=O)=O)cc1,True,pass,True,0,0,,,True,True,True,True,True,True,True,True,True,True,True,True,True,True,True,True,True,True,True,True,True,True
pose001140,1140,CCC(=O)Nc1c(C)c2cnc(Nc3ccc(N4CCNCC4)cc3)nc2n(C2CCCC2)c1=O,True,pass,True,0,0,,,True,True,True,True,True,True,True,True,True,True,True,True,True,True,True,True,True,True,True,True,True,True
pose001141,1141,C[C@H]([C@@H](C)O)[C@@H](C)NOc1nc(S(=O)(=S)c2ccc(Nc3ncc(Br)c(NS(C)(=N)=O)n3)cc2)ncc1Br,True,pass,True,0,0,,,True,True,True,True,True,True,True,True,True,True,True,True,True,True,True,True,True,True,True,True,True,True
pose001142,1142,CS(=O)(=O)c1ccc(N=Cc2c(O)[nH]c3ccc4ncsc4c23)cc1,True,pass,True,0,0,,,True,True,True,True,True,True,True,True,True,True,True,True,True,True,True,True,True,True,True,True,True,True
pose001143,1143,CN=S(C)(=O)c1ccc(Nc2ncc(Br)c(N[C@H](C)[C@H](C)O)n2)cc1OC,True,pass,True,0,0,,,True,True,True,True,True,True,True,True,True,True,True,True,True,True,True,True,True,True,True,True,True,True
pose001144,1144,Cc1ccc(Nc2ncc(F)c(CO)n2)nc1CCNC(=O)C(C)N(C)C,True,pass,True,0,0,,,True,True,True,True,True,True,True,True,True,True,True,True,True,True,True,True,True,True,True,True,True,True
pose001145,1145,O=C(Nc1ccc(NC(=O)C2CCC2)cc1)c1ccccc1,True,pass,True,0,0,,,True,True,True,True,True,True,True,True,True,True,True,True,True,True,True,True,True,True,True,True,True,True
pose001146,1146,Cc1ncc(-c2ccc(NC(=O)OC(C)C)cc2)n1C(C)C,True,pass,True,0,0,,,True,True,True,True,True,True,True,True,True,True,True,True,True,True,True,True,True,True,True,True,True,True
pose001147,1147,O=C(Nc1ccc(C(=O)N2CCCC2)cc1)c1ccc(Cl)cc1,True,pass,True,0,0,,,True,True,True,True,True,True,True,True,True,True,True,True,True,True,True,True,True,True,True,True,True,True
pose001148,1148,COc1cc(N2CCN(C(C)=O)CC2)ccc1Nc1ncc(C)c(C(F)(F)C(F)(F)F)n1,True,pass,True,0,0,,,True,True,True,True,True,True,True,True,True,True,True,True,True,True,True,True,True,True,True,True,True,True
pose001149,1149,C[C@@H](Oc1nc(Nc2ccc(S(=O)(=O)[C@@H](C)O)cc2)ncc1C(F)(F)F)O[C@H](C)[C@@H](C)O,True,pass,True,0,0,,,True,True,True,True,True,True,True,True,True,True,True,True,True,True,True,True,True,True,True,True,True,True
pose001150,1150,CN(C)Cc1ccc(Nc2cc(OCC3CCCCC3)nc3ncnn23)cc1,True,pass,True,0,0,,,True,True,True,True,True,True,True,True,True,True,True,True,True,True,True,True,True,True,True,True,True,True
pose001151,1151,Cc1cc(N2CCCNCCC2)nc(CCc2ccccc2)n1,True,pass,True,0,0,,,True,True,True,True,True,True,True,True,True,True,True,True,True,True,True,True,True,True,True,True,True,True
pose001152,1152,CCc1sc(C(=O)N[C@@H]2[C@H](N)CCCC2(F)F)cc1-c1ccc(O)c(Cl)c1,True,pass,True,0,0,,,True,True,True,True,True,True,True,True,True,True,True,True,True,True,True,True,True,True,True,True,True,True
pose001153,1153,C[C@@H](O)[C@@H](C)Oc1nc(Nc2ccc(-c3ccc(S(=O)(=O)O[C@H](C)[C@@H](C)O)cc3)cc2)ncc1C(F)(F)F,True,pass,True,0,0,,,True,True,True,True,True,True,True,True,True,True,True,True,True,True,True,True,True,True,True,True,True,True
pose001154,1154,Cn1cc(CCc2cnc(Nc3ccccc3)nc2)c(C(=O)NCN2CCOCC2)n1,True,pass,True,0,0,,,True,True,True,True,True,True,True,True,True,True,True,True,True,True,True,True,True,True,True,True,True,True
pose001155,1155,CC(=O)Nc1ccc(-c2ccc(S(N)(=O)=O)cc2)cc1,True,pass,True,0,0,,,True,True,True,True,True,True,True,True,True,True,True,True,True,True,True,True,True,True,True,True,True,True
pose001156,1156,CC[C@H](CO)Nc1nc(-c2ccc(O)c(O)c2)n2ncc(C(C)C)c2n1,True,pass,True,0,0,,,True,True,True,True,True,True,True,True,True,True,True,True,True,True,True,True,True,True,True,True,True,True
pose001157,1157,CN1CCN(c2ccc3n[nH]c(NC(=O)Cc4ccccc4Cl)c3c2)CC1,True,pass,True,0,0,,,True,True,True,True,True,True,True,True,True,True,True,True,True,True,True,True,True,True,True,True,True,True
pose001158,1158,CC(=O)N1CCc2cc(NCC(=O)c3ccccc3)ccc2C1,True,pass,True,0,0,,,True,True,True,True,True,True,True,True,True,True,True,True,True,True,True,True,True,True,True,True,True,True
pose001159,1159,CC(=O)Nc1ccc(CNc2nc(NC3CCOCC3)nc3c(C(C)C)cnn23)cc1,True,pass,True,0,0,,,True,True,True,True,True,True,True,True,True,True,True,True,True,True,True,True,True,True,True,True,True,True
pose001160,1160,CC(C)C(=O)Nc1ncc2c(n1)CN(C(=O)C(C)C)CC2,True,pass,True,0,0,,,True,True,True,True,True,True,True,True,True,True,True,True,True,True,True,True,True,True,True,True,True,True
pose001161,1161,CN1CCN(NC(=O)NNC(=O)c2oc3ccccc3c2CN2CCN(c3ccccc3)CC2)CC1,True,pass,True,0,0,,,True,True,True,True,True,True,True,True,True,True,True,True,True,True,True,True,True,True,True,True,True,True
pose001162,1162,CC(C)N1CCN(C(=O)c2ccnc(-c3cnc(-c4ccc(S(N)(=O)=O)cc4)s3)c2)CC1,True,pass,True,0,0,,,True,True,True,True,True,True,True,True,True,True,True,True,True,True,True,True,True,True,True,True,True,True
pose001163,1163,Cc1ccc(CN(C)C(=O)c2ccc(C(=O)O)cc2)cc1,True,pass,True,0,0,,,True,True,True,True,True,True,True,True,True,True,True,True,True,True,True,True,True,True,True,True,True,True
pose001164,1164,COc1c(O)[nH]c2ccc(C(=O)SCNN=NN=NC(=O)N=Nc3ccc(S(N)(=O)=O)cc3)cc12,True,pass,True,0,0,,,True,True,True,True,True,True,True,True,True,True,True,True,True,True,True,True,True,True,True,True,True,True
pose001165,1165,N[C@H]1CC[C@H](Nc2cc(Nc3ccc(F)c(Cl)c3)n3ncc(Br)c3n2)CC1,True,pass,True,0,0,,,True,True,True,True,True,True,True,True,True,True,True,True,True,True,True,True,True,True,True,True,True,True
pose001166,1166,CN(C)CCNS(=O)(=O)c1ccc(Nc2nccc(-c3cnc4cccnn34)n2)cc1,True,pass,True,0,0,,,True,True,True,True,True,True,True,True,True,True,True,True,True,True,True,True,True,True,True,True,True,True
pose001167,1167,CC(C)C(=O)Cc1ccc(-c2ccc(S(N)(=O)=O)cc2)cc1,True,pass,True,0,0,,,True,True,True,True,True,True,True,True,True,True,True,True,True,True,True,True,True,True,True,True,True,True
pose001168,1168,CC(=O)Nc1ccc(Cc2ccc(N3CCN(C)CC3)cc2)cc1,True,pass,True,0,0,,,True,True,True,True,True,True,True,True,True,True,True,True,True,True,True,True,True,True,True,True,True,True
pose001169,1169,COc1ccc(-c2ocnc2C(=O)NCc2ccncc2)cc1Cl,True,pass,True,0,0,,,True,True,True,True,True,True,True,True,True,True,True,True,True,True,True,True,True,True,True,True,True,True
pose001170,1170,CC(=O)N1CCC(C(=O)Nc2ccc(Nc3ccccc3)cc2)CC1,True,pass,True,0,0,,,True,True,True,True,True,True,True,True,True,True,True,True,True,True,True,True,True,True,True,True,True,True
pose001171,1171,O=C(Nc1ccc(NC(=O)N2CCOCC2)cc1)c1ccccc1,True,pass,True,0,0,,,True,True,True,True,True,True,True,True,True,True,True,True,True,True,True,True,True,True,True,True,True,True
pose001172,1172,COc1ccccc1-c1ccc(CC2CCC(N)CC2)cc1,True,pass,True,0,0,,,True,True,True,True,True,True,True,True,True,True,True,True,True,True,True,True,True,True,True,True,True,True
pose001173,1173,COCS(=N)(=O)c1ccc2[nH]c(O)c(N=Nc3ccc(N=Nc4ccc(S(N)(=O)=O)cc4)cc3)c2c1,True,pass,True,0,0,,,True,True,True,True,True,True,True,True,True,True,True,True,True,True,True,True,True,True,True,True,True,True
pose001174,1174,CN1CCC(C(=O)Nc2ccc(C3CCN(C)CC3)cc2)CC1,True,pass,True,0,0,,,True,True,True,True,True,True,True,True,True,True,True,True,True,True,True,True,True,True,True,True,True,True
pose001175,1175,CN(C)CN1CCC(Nc2ncc(C(F)(F)F)c(-c3cnn(CC(F)(F)F)c3)n2)CC1,True,pass,True,0,0,,,True,True,True,True,True,True,True,True,True,True,True,True,True,True,True,True,True,True,True,True,True,True
pose001176,1176,C[C@H](S(N)(=O)=O)S(=O)(=O)c1ccc(Nc2ncc(C(F)(F)F)c(O[C@H](C)C(O)O)n2)cc1,True,pass,True,0,0,,,True,True,True,True,True,True,True,True,True,True,True,True,True,True,True,True,True,True,True,True,True,True
pose001177,1177,CN(C)C[C@H](O)COc1ccc(NN2CCN3C(=O)OC(C)(C)CC3C2)cc1,True,pass,True,0,0,,,True,True,True,True,True,True,True,True,True,True,True,True,True,True,True,True,True,True,True,True,True,True
pose001178,1178,CNc1ccc(Nc2ccc3c(c2)CCN(C(C)=O)C3)cc1,True,pass,True,0,0,,,True,True,True,True,True,True,True,True,True,True,True,True,True,True,True,True,True,True,True,True,True,True
pose001179,1179,CN1CCN(CNc2ncc(Br)c(Nc3cc(C4CC4)[nH]n3)n2)CC1,True,pass,True,0,0,,,True,True,True,True,True,True,True,True,True,True,True,True,True,True,True,True,True,True,True,True,True,True
pose001180,1180,O=C(Nc1ccc(N2CCCCC2)cc1)c1cccc(Cl)c1,True,pass,True,0,0,,,True,True,True,True,True,True,True,True,True,True,True,True,True,True,True,True,True,True,True,True,True,True
pose001181,1181,CC(=O)N1CCN(c2cc(C(=O)Nc3ccc(Cl)cc3)ccc2C)CC1,True,pass,True,0,0,,,True,True,True,True,True,True,True,True,True,True,True,True,True,True,True,True,True,True,True,True,True,True
pose001182,1182,CON(C)C(=O)c1ccc(CNC(=O)Nc2ccccc2C)cc1,True,fail,False,1,0,internal_energy,,True,True,True,True,True,True,True,True,True,True,True,True,False,True,True,True,True,True,True,True,True,True
pose001183,1183,CC(C)(C)Nc1ccc(-c2ccc(S(N)(=O)=O)cc2)cc1,True,pass,True,0,0,,,True,True,True,True,True,True,True,True,True,True,True,True,True,True,True,True,True,True,True,True,True,True
pose001184,1184,Cc1nc2c(F)cc(-c3nc(Nc4ccc5c(n4)CCN(C(=O)CN(C)C)C5)ncc3F)cc2n1C(C)C,True,pass,True,0,0,,,True,True,True,True,True,True,True,True,True,True,True,True,True,True,True,True,True,True,True,True,True,True
pose001185,1185,NS(=O)(=O)c1ccc(N=NSNc2c(O)[nH]c3ccc(-c4cnco4)cc23)cc1,True,pass,True,0,0,,,True,True,True,True,True,True,True,True,True,True,True,True,True,True,True,True,True,True,True,True,True,True
pose001186,1186,NS(=O)(=O)c1ccc(-c2ccc(C3CCC3)cc2)cc1,True,pass,True,0,0,,,True,True,True,True,True,True,True,True,True,True,True,True,True,True,True,True,True,True,True,True,True,True
pose001187,1187,C[C@@H](O)[C@@H](C)Oc1nc(Nc2ccc(S(=O)(=O)[C@@H](C)O)cc2)ncc1C(F)(F)S(N)(=O)=O,True,pass,True,0,0,,,True,True,True,True,True,True,True,True,True,True,True,True,True,True,True,True,True,True,True,True,True,True
pose001188,1188,CC(C)C(=O)c1ccc(-c2ccc(S(N)(=O)=O)cc2)cc1,True,pass,True,0,0,,,True,True,True,True,True,True,True,True,True,True,True,True,True,True,True,True,True,True,True,True,True,True
pose001189,1189,Cc1ncc(-c2nc(Nc3ccc(N4CCN(C(=O)CO)CC4)cc3)ncc2F)n1C(C)C,True,pass,True,0,0,,,True,True,True,True,True,True,True,True,True,True,True,True,True,True,True,True,True,True,True,True,True,True
pose001190,1190,Cc1ccccc1C(=O)Nc1ccc(N2CCCC2=O)cc1,True,pass,True,0,0,,,True,True,True,True,True,True,True,True,True,True,True,True,True,True,True,True,True,True,True,True,True,True
pose001191,1191,CC(=O)N1CCCc2cnc(-c3ccccc3C(=O)O)nc2C1,True,pass,True,0,0,,,True,True,True,True,True,True,True,True,True,True,True,True,True,True,True,True,True,True,True,True,True,True
pose001192,1192,CC(=O)Nc1ccc(-c2ccc(OC3CCC3)cc2)cc1,True,pass,True,0,0,,,True,True,True,True,True,True,True,True,True,True,True,True,True,True,True,True,True,True,True,True,True,True
pose001193,1193,CC(C)Nc1ccc(-c2ccc(S(N)(=O)=O)cc2)cc1,True,pass,True,0,0,,,True,True,True,True,True,True,True,True,True,True,True,True,True,True,True,True,True,True,True,True,True,True
pose001194,1194,CCNC(=O)c1ccc(-c2ccc(N3CCN(C)CC3)cc2)cc1,True,pass,True,0,0,,,True,True,True,True,True,True,True,True,True,True,True,True,True,True,True,True,True,True,True,True,True,True
pose001195,1195,Cc1ccccc1NC(=O)Cc1ccc(C(N)=O)cc1,True,pass,True,0,0,,,True,True,True,True,True,True,True,True,True,True,True,True,True,True,True,True,True,True,True,True,True,True
pose001196,1196,CC(=O)Nc1ccc(-c2ccc(N3CCOCC3)cc2)cc1C,True,pass,True,0,0,,,True,True,True,True,True,True,True,True,True,True,True,True,True,True,True,True,True,True,True,True,True,True
pose001197,1197,Cc1ccc(C(=O)NC(=O)c2ccc(N3CCCC3=O)cc2C)cc1,True,pass,True,0,0,,,True,True,True,True,True,True,True,True,True,True,True,True,True,True,True,True,True,True,True,True,True,True
pose001198,1198,CC1CCC(CNc2nc(N3CCN(C(C)C)CC3)c3[nH]cnc3n2)CC1,True,pass,True,0,0,,,True,True,True,True,True,True,True,True,True,True,True,True,True,True,True,True,True,True,True,True,True,True
pose001199,1199,CN(C)C(=O)c1cccc(C(=O)Nc2cccc(C3CC3)c2)c1,True,pass,True,0,0,,,True,True,True,True,True,True,True,True,True,True,True,True,True,True,True,True,True,True,True,True,True,True
pose001200,1200,CN1CCN(C(=O)c2ccc(NC(=O)c3ccccc3)cc2)CC1,True,pass,True,0,0,,,True,True,True,True,True,True,True,True,True,True,True,True,True,True,True,True,True,True,True,True,True,True
pose001201,1201,C[C@@H]1CNCC(C(=O)Nc2ncc(SCc3ncc(C(C)(C)C)o3)s2)C1,True,pass,True,0,0,,,True,True,True,True,True,True,True,True,True,True,True,True,True,True,True,True,True,True,True,True,True,True
pose001202,1202,CN(C)c1c(O)cc(O)c2c(=O)cc(Sc3ccccc3Cl)oc12,True,pass,True,0,0,,,True,True,True,True,True,True,True,True,True,True,True,True,True,True,True,True,True,True,True,True,True,True
pose001203,1203,O=C(Cc1ccccc1)Nc1[nH]nc2ccc(-n3c(O)c[nH]c3=O)cc12,True,pass,True,0,0,,,True,True,True,True,True,True,True,True,True,True,True,True,True,True,True,True,True,True,True,True,True,True
pose001204,1204,CCN(Cc1ccc(NC(=O)N2Cc3c(NC(=O)C(C)(C)C)n[nH]c3C2(C)C)nc1)C(=O)CCN(C)C,True,pass,True,0,0,,,True,True,True,True,True,True,True,True,True,True,True,True,True,True,True,True,True,True,True,True,True,True
pose001205,1205,O=C(Nc1cc(C2CC2)[nH]n1)C(=O)c1ccccc1,True,pass,True,0,0,,,True,True,True,True,True,True,True,True,True,True,True,True,True,True,True,True,True,True,True,True,True,True
pose001206,1206,CC(=O)Nc1ncc(F)c(-c2cnc(C)n2C(C)C)n1,True,pass,True,0,0,,,True,True,True,True,True,True,True,True,True,True,True,True,True,True,True,True,True,True,True,True,True,True
pose001207,1207,NS(=O)(=O)c1ccc(Nc2cc(-c3ccc(N=NSc4cccc(O)c4)cc3)[nH]n2)cc1,True,pass,True,0,0,,,True,True,True,True,True,True,True,True,True,True,True,True,True,True,True,True,True,True,True,True,True,True
pose001208,1208,CC(C)CCNC(=O)c1ccc2[nH]c(O)c(-c3ccc(S(N)(=O)=O)cc3)c2c1,True,pass,True,0,0,,,True,True,True,True,True,True,True,True,True,True,True,True,True,True,True,True,True,True,True,True,True,True
pose001209,1209,CC(C)(C)NC(=O)c1cc2cnc(Nc3ccc(CN4CC(O)C4)cn3)nc2n1C1CCCC1,True,pass,True,0,0,,,True,True,True,True,True,True,True,True,True,True,True,True,True,True,True,True,True,True,True,True,True,True
pose001210,1210,C=C(C)c1cc(C(=O)c2ccc(Nc3ncc(F)c(-c4cnc(C)n4C(C)C)n3)cc2)ccn1,True,pass,True,0,0,,,True,True,True,True,True,True,True,True,True,True,True,True,True,True,True,True,True,True,True,True,True,True
pose001211,1211,CC(C)c1cc(NCc2ccc(S(N)(=O)=O)cc2)ccn1,True,pass,True,0,0,,,True,True,True,True,True,True,True,True,True,True,True,True,True,True,True,True,True,True,True,True,True,True
pose001212,1212,C[C@H](O)[C@@H](C)Nc1nc(Nc2ccc(S(=N)(=O)CCO)cc2)ncc1Br,True,pass,True,0,0,,,True,True,True,True,True,True,True,True,True,True,True,True,True,True,True,True,True,True,True,True,True,True
pose001213,1213,CCC(=O)Nc1[nH]nc2ccc(N3CCCCS3(=O)=O)cc12,True,pass,True,0,0,,,True,True,True,True,True,True,True,True,True,True,True,True,True,True,True,True,True,True,True,True,True,True
pose001214,1214,CON(C)C(=O)c1ccc(C(=O)Nc2ccccc2C)cc1,True,pass,True,0,0,,,True,True,True,True,True,True,True,True,True,True,True,True,True,True,True,True,True,True,True,True,True,True
pose001215,1215,Cc1ccccc1NC(=O)CNC(=O)c1ccccc1C,True,pass,True,0,0,,,True,True,True,True,True,True,True,True,True,True,True,True,True,True,True,True,True,True,True,True,True,True
pose001216,1216,Fc1ccc(Nc2cc(Nc3ccc4c(n3)CCNC4)ncn2)c(F)c1,True,pass,True,0,0,,,True,True,True,True,True,True,True,True,True,True,True,True,True,True,True,True,True,True,True,True,True,True
pose001217,1217,CC(c1ccc(Nc2ncc3c(n2)-c2c(c(C(N)=O)nn2C)CC3)cc1)N1CCN(N2CCN(C)CC2)CC1,True,pass,True,0,0,,,True,True,True,True,True,True,True,True,True,True,True,True,True,True,True,True,True,True,True,True,True,True
pose001218,1218,CN1CCN(c2cccc3[nH]c(-n4c(O)ccc4O)nc23)CC1,True,pass,True,0,0,,,True,True,True,True,True,True,True,True,True,True,True,True,True,True,True,True,True,True,True,True,True,True
pose001219,1219,CCCCN(C)C(=O)c1cc(-c2c(Cl)ccc3c2OCO3)nc(N)n1,True,pass,True,0,0,,,True,True,True,True,True,True,True,True,True,True,True,True,True,True,True,True,True,True,True,True,True,True
pose001220,1220,CC(=Cc1cnco1)c1ccc2[nH]c(O)c(N=NN=Nc3ccc(S(N)(=O)=O)cc3)c2c1,True,pass,True,0,0,,,True,True,True,True,True,True,True,True,True,True,True,True,True,True,True,True,True,True,True,True,True,True
pose001221,1221,C[C@@H](Nc1nc(Nc2ccc(S(=O)(=O)ON)cc2)ncc1Br)c1ncc(Br)c(N[C@H](C)[C@@H](C)O)n1,True,pass,True,0,0,,,True,True,True,True,True,True,True,True,True,True,True,True,True,True,True,True,True,True,True,True,True,True
pose001222,1222,CCN1CCN(c2ccc(NC(=O)C3CC3)cc2)CC1,True,pass,True,0,0,,,True,True,True,True,True,True,True,True,True,True,True,True,True,True,True,True,True,True,True,True,True,True
pose001223,1223,O=C1C=CCN1N1CCCc2cnc(Nc3ccccc3)nc2C1,True,pass,True,0,0,,,True,True,True,True,True,True,True,True,True,True,True,True,True,True,True,True,True,True,True,True,True,True
pose001224,1224,O=S1(=O)CCCN1c1ccc2n[nH]c(NC3CCCC3)c2c1,True,pass,True,0,0,,,True,True,True,True,True,True,True,True,True,True,True,True,True,True,True,True,True,True,True,True,True,True
pose001225,1225,ON=C(O)CCCn1cc(CNC2CCCCC2)c(-c2ccccc2)n1,True,pass,True,0,0,,,True,True,True,True,True,True,True,True,True,True,True,True,True,True,True,True,True,True,True,True,True,True
pose001226,1226,c1ccc(CN2CCC(Nc3ccccc3)CC2)cc1,True,pass,True,0,0,,,True,True,True,True,True,True,True,True,True,True,True,True,True,True,True,True,True,True,True,True,True,True
pose001227,1227,CC(C)n1cnc2c(N[C@H]3CC[C@H](N)CC3)nc(NCC(O)C(F)(F)F)nc21,True,pass,True,0,0,,,True,True,True,True,True,True,True,True,True,True,True,True,True,True,True,True,True,True,True,True,True,True
pose001228,1228,C=CC(=O)N1C=CC(c2ncnc(Nc3cccc(C[S@](C)(=N)=O)c3)n2)CC1,True,pass,True,0,0,,,True,True,True,True,True,True,True,True,True,True,True,True,True,True,True,True,True,True,True,True,True,True
pose001229,1229,CN(C)C[C@@H](OC(=O)N1Cc2c(NC(=O)C(C)(C)C)n[nH]c2C1(C)C)c1ccccc1,True,pass,True,0,0,,,True,True,True,True,True,True,True,True,True,True,True,True,True,True,True,True,True,True,True,True,True,True
pose001230,1230,COCS(=N)(=O)Nc1ccc2[nH]c(O)c(N=Nc3ccc(C(=O)c4ccc(S(N)(=O)=O)cc4)cc3)c2c1,True,pass,True,0,0,,,True,True,True,True,True,True,True,True,True,True,True,True,True,True,True,True,True,True,True,True,True,True
pose001231,1231,C[C@@H]([C@@H](C)S(=O)(=O)c1ccc(Nc2ncc(C(F)(F)F)c(O[C@H](C)[C@@H](C)O)n2)cc1)[C@@H](C)O,True,pass,True,0,0,,,True,True,True,True,True,True,True,True,True,True,True,True,True,True,True,True,True,True,True,True,True,True
pose001232,1232,CNCCN1CCc2nc(Nc3ncc(F)c(-c4cc(F)c5nc(C)n(C(C)(C)C)c5c4)n3)ccc2C1,True,pass,True,0,0,,,True,True,True,True,True,True,True,True,True,True,True,True,True,True,True,True,True,True,True,True,True,True
pose001233,1233,CC(C)c1ccc(OC(=O)NCc2ccccc2)cc1,True,pass,True,0,0,,,True,True,True,True,True,True,True,True,True,True,True,True,True,True,True,True,True,True,True,True,True,True
pose001234,1234,C[C@@H]1CN(c2ccc(Nc3ncc4cc5n(c4n3)C3(CCCCC3)CNC5=O)nc2)C[C@H](C)N1,True,pass,True,0,0,,,True,True,True,True,True,True,True,True,True,True,True,True,True,True,True,True,True,True,True,True,True,True
pose001235,1235,CNC(=O)c1ccc(N(C)C(=O)c2ccccc2)cc1,True,pass,True,0,0,,,True,True,True,True,True,True,True,True,True,True,True,True,True,True,True,True,True,True,True,True,True,True
pose001236,1236,C#CCN(c1ccnc(Nc2ccc(OCC(O)CN(C)C)cc2)n1)c1cc(Cl)ccc1Cl,True,pass,True,0,0,,,True,True,True,True,True,True,True,True,True,True,True,True,True,True,True,True,True,True,True,True,True,True
pose001237,1237,CN1CCN(c2ccc(Nc3ccc(Cl)cc3)nc2)CC1(C)C,True,pass,True,0,0,,,True,True,True,True,True,True,True,True,True,True,True,True,True,True,True,True,True,True,True,True,True,True
pose001238,1238,NS(=O)(=O)c1ccc(-c2cccc(CC3CC3)c2)cc1,True,pass,True,0,0,,,True,True,True,True,True,True,True,True,True,True,True,True,True,True,True,True,True,True,True,True,True,True
pose001239,1239,COc1ccc(N(C)C(=O)Cc2ccc(C(=O)O)cc2)cc1,True,pass,True,0,0,,,True,True,True,True,True,True,True,True,True,True,True,True,True,True,True,True,True,True,True,True,True,True
pose001240,1240,Cc1ncc(-c2ccc(NC(=O)N3CC=NCC3)cc2)n1C(C)C,True,pass,True,0,0,,,True,True,True,True,True,True,True,True,True,True,True,True,True,True,True,True,True,True,True,True,True,True
pose001241,1241,O=C(c1ccccc1)N1CCN(C(=O)c2ccc3c(n2)CCNC3)CC1,True,pass,True,0,0,,,True,True,True,True,True,True,True,True,True,True,True,True,True,True,True,True,True,True,True,True,True,True
pose001242,1242,COc1ccc(C(=O)NC(=O)Cc2ccccc2)cc1,True,pass,True,0,0,,,True,True,True,True,True,True,True,True,True,True,True,True,True,True,True,True,True,True,True,True,True,True
pose001243,1243,Cc1nc(C(C)C)nc(-c2ccc(S(N)(=O)=O)cc2)c1F,True,pass,True,0,0,,,True,True,True,True,True,True,True,True,True,True,True,True,True,True,True,True,True,True,True,True,True,True
pose001244,1244,CC(C)CNc1[nH]nc2ccc(N3CCCS3(=O)=O)cc12,True,pass,True,0,0,,,True,True,True,True,True,True,True,True,True,True,True,True,True,True,True,True,True,True,True,True,True,True
pose001245,1245,CCN(CC)C1CCN(c2ccc(Nc3ncc4cc5n(c4n3)C3(CCCCC3)CNC5=O)nc2)C1,True,pass,True,0,0,,,True,True,True,True,True,True,True,True,True,True,True,True,True,True,True,True,True,True,True,True,True,True
pose001246,1246,Cc1ncc(-c2nc(NC(C)(C)C)ncc2F)n1C(C)C,True,pass,True,0,0,,,True,True,True,True,True,True,True,True,True,True,True,True,True,True,True,True,True,True,True,True,True,True
pose001247,1247,NS(=O)(=O)c1ccc(N=Nc2c(O)[nH]c3cccc(OCCc4ccncc4)c23)cc1,True,pass,True,0,0,,,True,True,True,True,True,True,True,True,True,True,True,True,True,True,True,True,True,True,True,True,True,True
pose001248,1248,C[C@H]([C@@H](C)O)[C@@H](C)Oc1nc(Nc2ccc(-c3ccc(S(=N)(=O)C4CC4)cc3)cc2)ncc1C(F)(F)F,True,pass,True,0,0,,,True,True,True,True,True,True,True,True,True,True,True,True,True,True,True,True,True,True,True,True,True,True
pose001249,1249,COc1ccccc1C(=O)c1ccc2nc(N)c(C(=O)c3c(F)cccc3F)n2c1,True,pass,True,0,0,,,True,True,True,True,True,True,True,True,True,True,True,True,True,True,True,True,True,True,True,True,True,True
pose001250,1250,COc1ccc2cc(Nc3cc(C4CC[C@@H](OC(=O)N(C)C(C)C)C4)[nH]n3)[nH]c2c1,True,pass,True,0,0,,,True,True,True,True,True,True,True,True,True,True,True,True,True,True,True,True,True,True,True,True,True,True
pose001251,1251,CC(C)CNc1ncc2c(n1)CN(C(=O)C(C)C)CC2,True,pass,True,0,0,,,True,True,True,True,True,True,True,True,True,True,True,True,True,True,True,True,True,True,True,True,True,True
pose001252,1252,C=CNC(=O)N1CCC(Nc2ccc3c(C(F)(F)F)[nH]nc3n2)CC1,True,pass,True,0,0,,,True,True,True,True,True,True,True,True,True,True,True,True,True,True,True,True,True,True,True,True,True,True
pose001253,1253,O=C(CNC(=O)c1ccsc1)NCc1cccc(Cl)c1,True,pass,True,0,0,,,True,True,True,True,True,True,True,True,True,True,True,True,True,True,True,True,True,True,True,True,True,True
pose001254,1254,Cc1ncc(-c2ccnc(Nc3ccncc3)n2)n1C(C)C,True,pass,True,0,0,,,True,True,True,True,True,True,True,True,True,True,True,True,True,True,True,True,True,True,True,True,True,True
pose001255,1255,CC(C)c1cnn2c(Nc3ccc(S(=O)(=O)N(C)C)cc3)cc(OCN3CCN(C)CC3)nc12,True,pass,True,0,0,,,True,True,True,True,True,True,True,True,True,True,True,True,True,True,True,True,True,True,True,True,True,True
pose001256,1256,C[C@@H](O)[C@@H](C)Nc1nc(Nc2nc(Nc3ccc(S(=O)(=O)ON)cc3)ncc2Br)ncc1Br,True,pass,True,0,0,,,True,True,True,True,True,True,True,True,True,True,True,True,True,True,True,True,True,True,True,True,True,True
pose001257,1257,CC(C)C1CN(c2ccc(Nc3ncc4cc5n(c4n3)C3(CCCCC3)CNC5=O)nc2)CCN1,True,pass,True,0,0,,,True,True,True,True,True,True,True,True,True,True,True,True,True,True,True,True,True,True,True,True,True,True
pose001258,1258,O=C(c1cccc(Cc2ccccc2)c1)N1CCCNCCC1,True,pass,True,0,0,,,True,True,True,True,True,True,True,True,True,True,True,True,True,True,True,True,True,True,True,True,True,True
pose001259,1259,C=C(C=CCC[C@H](N)CNc1nnc(C2CCC(N)CC2)s1)C(F)(F)F,True,pass,True,0,0,,,True,True,True,True,True,True,True,True,True,True,True,True,True,True,True,True,True,True,True,True,True,True
pose001260,1260,O=C(c1ccc(Cl)cc1)N1CCN(Nc2ccccc2Cl)CC1,True,pass,True,0,0,,,True,True,True,True,True,True,True,True,True,True,True,True,True,True,True,True,True,True,True,True,True,True
pose001261,1261,Cc1ccc(CC(=O)Nc2[nH]nc3ccc(N4CCCS4(=O)=O)cc23)cc1,True,pass,True,0,0,,,True,True,True,True,True,True,True,True,True,True,True,True,True,True,True,True,True,True,True,True,True,True
pose001262,1262,Oc1ccc(N2CCC(O)CC2)cc1-c1ccccc1,True,pass,True,0,0,,,True,True,True,True,True,True,True,True,True,True,True,True,True,True,True,True,True,True,True,True,True,True
pose001263,1263,CCC=Nc1c(C#N)c2n(c1C(=O)Nc1ccccc1)CCC2,True,pass,True,0,0,,,True,True,True,True,True,True,True,True,True,True,True,True,True,True,True,True,True,True,True,True,True,True
pose001264,1264,Cc1ccc(CNC(=O)c2ccc(N3CCN(C)CC3)cc2)cc1,True,pass,True,0,0,,,True,True,True,True,True,True,True,True,True,True,True,True,True,True,True,True,True,True,True,True,True,True
pose001265,1265,C=CC(=O)Nc1ccc(NC2CCCC(Nc3ncc(NC)s3)C2)cc1,True,pass,True,0,0,,,True,True,True,True,True,True,True,True,True,True,True,True,True,True,True,True,True,True,True,True,True,True
pose001266,1266,COc1cccc(NC(=O)N2CCN(c3ccccc3)CC2)c1,True,pass,True,0,0,,,True,True,True,True,True,True,True,True,True,True,True,True,True,True,True,True,True,True,True,True,True,True
pose001267,1267,O=C1NCC2(CCCCC2)n2c1cc1cnc(Nc3ccc(C(=O)N4CCNCC4)cn3)nc12,True,pass,True,0,0,,,True,True,True,True,True,True,True,True,True,True,True,True,True,True,True,True,True,True,True,True,True,True
pose001268,1268,O=C(O)c1ccc2[nH]c(O)c(C=c3[nH]cc4c3=CCOC4=O)c2c1,True,pass,True,0,0,,,True,True,True,True,True,True,True,True,True,True,True,True,True,True,True,True,True,True,True,True,True,True
pose001269,1269,CN1CCN(c2ccc(Nc3ccccc3F)cc2)CC1,True,pass,True,0,0,,,True,True,True,True,True,True,True,True,True,True,True,True,True,True,True,True,True,True,True,True,True,True
pose001270,1270,NS(=O)(=O)c1ccc(CCCc2ccc(F)cc2)cc1,True,pass,True,0,0,,,True,True,True,True,True,True,True,True,True,True,True,True,True,True,True,True,True,True,True,True,True,True
pose001271,1271,C=CC(=O)Nc1cccc(C(=O)N2CCCC(Nc3ncc(SCc4ncc(C(C)(C)C)o4)s3)C2)c1,True,pass,True,0,0,,,True,True,True,True,True,True,True,True,True,True,True,True,True,True,True,True,True,True,True,True,True,True
pose001272,1272,COc1ccc(Nc2ccc(N3CCN(C)CC3)nc2)cc1,True,pass,True,0,0,,,True,True,True,True,True,True,True,True,True,True,True,True,True,True,True,True,True,True,True,True,True,True
pose001273,1273,CC(C)=CNc1ccc(Nc2ncc(F)c(-c3cnc(C)n3C(C)C)n2)cc1,True,pass,True,0,0,,,True,True,True,True,True,True,True,True,True,True,True,True,True,True,True,True,True,True,True,True,True,True
pose001274,1274,CN[C@H]1CCN(C(=O)c2ccc(Nc3nccc(-c4cnc(C)n4C(C)C)n3)cc2)C1,True,pass,True,0,0,,,True,True,True,True,True,True,True,True,True,True,True,True,True,True,True,True,True,True,True,True,True,True
pose001275,1275,CN(C)CC(=O)Nc1cc(-c2ccccc2)ccc1F,True,pass,True,0,0,,,True,True,True,True,True,True,True,True,True,True,True,True,True,True,True,True,True,True,True,True,True,True
pose001276,1276,Cc1ccccc1-c1ccc(C(=O)N2CCN(C)CC2)cc1C(=O)O,True,pass,True,0,0,,,True,True,True,True,True,True,True,True,True,True,True,True,True,True,True,True,True,True,True,True,True,True
pose001277,1277,CN(C)C(=O)c1cccc(-c2ccc(C(=O)N3CCCC3)cc2)c1,True,pass,True,0,0,,,True,True,True,True,True,True,True,True,True,True,True,True,True,True,True,True,True,True,True,True,True,True
pose001278,1278,CC(=O)Nc1ccc(-c2ccc(CN(C)C)cc2)cc1,True,pass,True,0,0,,,True,True,True,True,True,True,True,True,True,True,True,True,True,True,True,True,True,True,True,True,True,True
pose001279,1279,O=c1[nH]cc(-c2cccc3cccnc23)c2sc(-c3ccncc3)cc12,True,pass,True,0,0,,,True,True,True,True,True,True,True,True,True,True,True,True,True,True,True,True,True,True,True,True,True,True
pose001280,1280,CC(C)=CNNS[C@H](NC(=O)c1ccc(Nc2ncc(F)c(-c3cnc(C)n3C(C)C)n2)cc1)[C@@H](C)O,True,pass,True,0,0,,,True,True,True,True,True,True,True,True,True,True,True,True,True,True,True,True,True,True,True,True,True,True
pose001281,1281,COCc1ccc(-c2ccc(C(=O)N3CCCNCC3)cc2)cc1,True,pass,True,0,0,,,True,True,True,True,True,True,True,True,True,True,True,True,True,True,True,True,True,True,True,True,True,True
pose001282,1282,Cc1ccccc1NC(=O)CNc1ccc(S(C)(=O)=O)cc1,True,pass,True,0,0,,,True,True,True,True,True,True,True,True,True,True,True,True,True,True,True,True,True,True,True,True,True,True
pose001283,1283,Cc1nc2c(F)cc(-c3nc(Nc4ccc5c(n4)CCN(CC(=O)O)C5)ncc3F)cc2n1C(C)C,True,pass,True,0,0,,,True,True,True,True,True,True,True,True,True,True,True,True,True,True,True,True,True,True,True,True,True,True
pose001284,1284,CC(C)C(=O)N1CCc2cnc(NC3CCOCC3)nc2C1,True,pass,True,0,0,,,True,True,True,True,True,True,True,True,True,True,True,True,True,True,True,True,True,True,True,True,True,True
pose001285,1285,CN1CCC(c2ccc(Nc3cccc(CN4CCOCC4)c3)cc2)OC1,True,pass,True,0,0,,,True,True,True,True,True,True,True,True,True,True,True,True,True,True,True,True,True,True,True,True,True,True
pose001286,1286,C[C@@H](O)[C@@H](C)Oc1nc(Nc2ccc(S(C)(=O)=O)cc2)ncc1C(F)(F)F,True,pass,True,0,0,,,True,True,True,True,True,True,True,True,True,True,True,True,True,True,True,True,True,True,True,True,True,True
pose001287,1287,Cc1nc2c(F)cc(-c3nc(Nc4ccc5c(n4)CCN(C(C)CN(C)C)C5)ncc3F)cc2n1C(C)(C)C,True,pass,True,0,0,,,True,True,True,True,True,True,True,True,True,True,True,True,True,True,True,True,True,True,True,True,True,True
pose001288,1288,CC[C@@H](CO)Nc1nc(NCc2ccc(NC(=O)C3CCN(C(C)=O)CC3)cc2)n2ncc(C(C)C)c2n1,True,pass,True,0,0,,,True,True,True,True,True,True,True,True,True,True,True,True,True,True,True,True,True,True,True,True,True,True
pose001289,1289,COc1ccc(NC(=O)Cc2cccc(OC)c2)cc1,True,pass,True,0,0,,,True,True,True,True,True,True,True,True,True,True,True,True,True,True,True,True,True,True,True,True,True,True
pose001290,1290,CCOc1nc(Nc2ccc(S(=N)(=O)CC)cc2)ncc1Br,True,pass,True,0,0,,,True,True,True,True,True,True,True,True,True,True,True,True,True,True,True,True,True,True,True,True,True,True
pose001291,1291,CCS(=N)(=O)Cc1cc(F)cc(Nc2ncc(F)c(-c3ccc(F)cc3OC)n2)c1,True,pass,True,0,0,,,True,True,True,True,True,True,True,True,True,True,True,True,True,True,True,True,True,True,True,True,True,True
pose001292,1292,C=C(C)CCN(C)C(=O)c1ccc(Nc2ncc(F)c(-c3cnc(C)n3C(C)C)n2)cc1,True,pass,True,0,0,,,True,True,True,True,True,True,True,True,True,True,True,True,True,True,True,True,True,True,True,True,True,True
pose001293,1293,C=Cc1ccc(C(=O)Nc2ccc(N3CCOCC3)cc2)cc1,True,pass,True,0,0,,,True,True,True,True,True,True,True,True,True,True,True,True,True,True,True,True,True,True,True,True,True,True
pose001294,1294,CC(C)(C)OC(=O)N1CCN(c2ccc(NCCc3cccc4ccccc34)nn2)CC1,True,pass,True,0,0,,,True,True,True,True,True,True,True,True,True,True,True,True,True,True,True,True,True,True,True,True,True,True
pose001295,1295,CN[C@H]1CCN(C(=O)c2ccc(Nc3ncc(F)c(-c4cnc(C)n4C(C)C)n3)cc2)C1,True,pass,True,0,0,,,True,True,True,True,True,True,True,True,True,True,True,True,True,True,True,True,True,True,True,True,True,True
pose001296,1296,Cc1ncc(-c2nc(NC(=O)C3CCN(C)CC3)ncc2F)n1C(C)C,True,pass,True,0,0,,,True,True,True,True,True,True,True,True,True,True,True,True,True,True,True,True,True,True,True,True,True,True
pose001297,1297,CN1CCN(C[C@H](N)CNc2ncc(-c3ccc4cnc(S)cc4c3)s2)CC1,True,pass,True,0,0,,,True,True,True,True,True,True,True,True,True,True,True,True,True,True,True,True,True,True,True,True,True,True
pose001298,1298,CC(C)(C)Nc1ccc(N2CCN(C(=O)c3ccsc3)CC2)cn1,True,pass,True,0,0,,,True,True,True,True,True,True,True,True,True,True,True,True,True,True,True,True,True,True,True,True,True,True
pose001299,1299,CCC(=O)Nc1ncc2c(n1)CN(c1ccc(C(C)C)cc1)CC2,True,pass,True,0,0,,,True,True,True,True,True,True,True,True,True,True,True,True,True,True,True,True,True,True,True,True,True,True
pose001300,1300,CC(C)c1ccc(NC(=O)c2ccc(S(N)(=O)=O)cc2)cc1,True,pass,True,0,0,,,True,True,True,True,True,True,True,True,True,True,True,True,True,True,True,True,True,True,True,True,True,True
pose001301,1301,NS(=O)(=O)c1ccc(-c2ccc(-c3ccc(Nc4cc(-c5cccc(O)c5)[nH]n4)cc3)cc2)cc1,True,pass,True,0,0,,,True,True,True,True,True,True,True,True,True,True,True,True,True,True,True,True,True,True,True,True,True,True
pose001302,1302,COc1ccc(OCC(=O)Nc2cccc(C)c2)cc1,True,pass,True,0,0,,,True,True,True,True,True,True,True,True,True,True,True,True,True,True,True,True,True,True,True,True,True,True
pose001303,1303,CN1CCN(c2cccc(-c3ccc(C(=O)O)cc3)c2F)CC1,True,pass,True,0,0,,,True,True,True,True,True,True,True,True,True,True,True,True,True,True,True,True,True,True,True,True,True,True
pose001304,1304,CC(C)(C)c1cnc(CSc2cnc(NC(=O)C3CCNCC3)s2)o1,True,pass,True,0,0,,,True,True,True,True,True,True,True,True,True,True,True,True,True,True,True,True,True,True,True,True,True,True
pose001305,1305,COC(=O)OC(=O)c1ccc2[nH]c(O)c(N=NN=Nc3ccc(N=Nc4ccc(S(N)(=O)=O)cc4)cc3)c2c1,True,pass,True,0,0,,,True,True,True,True,True,True,True,True,True,True,True,True,True,True,True,True,True,True,True,True,True,True
pose001306,1306,Cc1cc(CN2CCCNCC2)nc(-c2ccccc2)n1,True,pass,True,0,0,,,True,True,True,True,True,True,True,True,True,True,True,True,True,True,True,True,True,True,True,True,True,True
pose001307,1307,COc1c(O)ccc2c1cc1c3c(cc4c(c32)OCO4)C(=O)N1,True,pass,True,0,0,,,True,True,True,True,True,True,True,True,True,True,True,True,True,True,True,True,True,True,True,True,True,True
pose001308,1308,Cc1cccc(C(=O)N2CCN(C(=O)c3ccccc3)CC2)c1,True,pass,True,0,0,,,True,True,True,True,True,True,True,True,True,True,True,True,True,True,True,True,True,True,True,True,True,True
pose001309,1309,CCCNc1ncc(F)c(-c2cnc(C)n2C(C)C)n1,True,pass,True,0,0,,,True,True,True,True,True,True,True,True,True,True,True,True,True,True,True,True,True,True,True,True,True,True
pose001310,1310,CN1CCN(c2ccc(NC(=O)c3ccccc3)nc2)CC1,True,pass,True,0,0,,,True,True,True,True,True,True,True,True,True,True,True,True,True,True,True,True,True,True,True,True,True,True
pose001311,1311,Cc1ncc(-c2cccc(NN3CCCCC3)n2)n1C(C)C,True,pass,True,0,0,,,True,True,True,True,True,True,True,True,True,True,True,True,True,True,True,True,True,True,True,True,True,True
pose001312,1312,CC(C)C(=O)Nc1ccc(-c2ccc(NN3CC=NCC3)cc2)cc1,True,pass,True,0,0,,,True,True,True,True,True,True,True,True,True,True,True,True,True,True,True,True,True,True,True,True,True,True
pose001313,1313,COC(=O)Nc1ccc(CNc2nc(NC3CCOCC3)nc3c(C(C)C)cnn23)cc1,True,fail,False,2,0,internal_steric_clash|internal_energy,,True,True,True,True,True,True,True,True,False,True,True,True,False,True,True,True,True,True,True,True,True,True
pose001314,1314,COCCNS(=O)(=O)c1ccc(Nc2nccc(-c3cnc(C)n3C)n2)cc1,True,pass,True,0,0,,,True,True,True,True,True,True,True,True,True,True,True,True,True,True,True,True,True,True,True,True,True,True
pose001315,1315,O=C(Nc1ccc(CN2CCCCC2)cc1)c1cccc(Cl)c1,True,pass,True,0,0,,,True,True,True,True,True,True,True,True,True,True,True,True,True,True,True,True,True,True,True,True,True,True
pose001316,1316,C(=Cc1nccc(N2CCCNCCC2)n1)c1ccccn1,True,pass,True,0,0,,,True,True,True,True,True,True,True,True,True,True,True,True,True,True,True,True,True,True,True,True,True,True
pose001317,1317,COc1cc(N2Cc3[nH]nc(-c4ccccc4C)c3C2)cc(OC)c1OC,True,pass,True,0,0,,,True,True,True,True,True,True,True,True,True,True,True,True,True,True,True,True,True,True,True,True,True,True
pose001318,1318,Cc1nc(C(C)C)ccc1-c1ccc(S(N)(=O)=O)cc1,True,pass,True,0,0,,,True,True,True,True,True,True,True,True,True,True,True,True,True,True,True,True,True,True,True,True,True,True
pose001319,1319,COSc1ccc(NC(=O)N2CCN(c3[nH]c4ccccc4c3O)CC2)cc1,True,pass,True,0,0,,,True,True,True,True,True,True,True,True,True,True,True,True,True,True,True,True,True,True,True,True,True,True
pose001320,1320,O=c1[nH]c(O)c(C=NCc2ccn(-c3ccoc3)c(=O)c2)c2cc(I)ccc12,True,pass,True,0,0,,,True,True,True,True,True,True,True,True,True,True,True,True,True,True,True,True,True,True,True,True,True,True
pose001321,1321,Cc1c([N+](=O)[O-])ccc2[nH]c(O)c(N=Nc3ccc(S(N)(=O)=O)cc3)c12,True,pass,True,0,0,,,True,True,True,True,True,True,True,True,True,True,True,True,True,True,True,True,True,True,True,True,True,True
pose001322,1322,CC(=O)NC1CN(c2ccc(Nc3ncc(F)c(-c4cnc(C)n4C(C)C)n3)cc2)C1,True,pass,True,0,0,,,True,True,True,True,True,True,True,True,True,True,True,True,True,True,True,True,True,True,True,True,True,True
pose001323,1323,CS(=O)(=O)c1ccc(Sc2ccc(S(N)(=O)=O)cc2)cc1,True,pass,True,0,0,,,True,True,True,True,True,True,True,True,True,True,True,True,True,True,True,True,True,True,True,True,True,True
pose001324,1324,COS(=O)(=S)c1ccc(Nc2ncc(Br)c(N[C@H](C)[C@@H](C)O)n2)cc1,True,pass,True,0,0,,,True,True,True,True,True,True,True,True,True,True,True,True,True,True,True,True,True,True,True,True,True,True
pose001325,1325,CC(=O)N1CCC(n2cc(CNc3nc(NCCO)nc4c3ncn4C(C)C)c(C)n2)CC1,True,pass,True,0,0,,,True,True,True,True,True,True,True,True,True,True,True,True,True,True,True,True,True,True,True,True,True,True
pose001326,1326,C[C@@H](Nc1nc(Nc2ccc(S(=N)(=O)CCO)cc2)ncc1Br)C(C)(C)O,True,pass,True,0,0,,,True,True,True,True,True,True,True,True,True,True,True,True,True,True,True,True,True,True,True,True,True,True
pose001327,1327,CCN(Cc1ccc(N=Cc2ccc(F)cc2OC)cc1)C(C)=N,True,pass,True,0,0,,,True,True,True,True,True,True,True,True,True,True,True,True,True,True,True,True,True,True,True,True,True,True
pose001328,1328,CC(=O)c1c(C)c2cnc(Nc3ccc(N4CCNCC4)cc3)nc2n(C2CCCC2)c1=O,True,pass,True,0,0,,,True,True,True,True,True,True,True,True,True,True,True,True,True,True,True,True,True,True,True,True,True,True
pose001329,1329,Cc1ncc(-c2ccnc(-c3ccnc(Nc4ccc(C(=O)SNC(N)=O)cc4)n3)n2)n1C(C)C,True,pass,True,0,0,,,True,True,True,True,True,True,True,True,True,True,True,True,True,True,True,True,True,True,True,True,True,True
pose001330,1330,Nc1nccc(-c2cc(N3C[C@H](O)[C@@H](O)C3)ccc2O)n1,True,pass,True,0,0,,,True,True,True,True,True,True,True,True,True,True,True,True,True,True,True,True,True,True,True,True,True,True
pose001331,1331,c1ccc(Nc2nccc(-c3cnn4ncccc34)n2)cc1,True,pass,True,0,0,,,True,True,True,True,True,True,True,True,True,True,True,True,True,True,True,True,True,True,True,True,True,True
pose001332,1332,CC(C)(C)C(=O)Nc1[nH]nc2ccc(Nc3ccc(S(C)(=O)=O)cc3)cc12,True,pass,True,0,0,,,True,True,True,True,True,True,True,True,True,True,True,True,True,True,True,True,True,True,True,True,True,True
pose001333,1333,CC[C@H](Nc1nc(NCc2ccccc2)c2ncn(C(C)C)c2n1)[C@@H](C)O,True,pass,True,0,0,,,True,True,True,True,True,True,True,True,True,True,True,True,True,True,True,True,True,True,True,True,True,True
pose001334,1334,O=C(Nc1c[nH]nc1-c1nc2cc(CN3CCOCC3)ccc2[nH]1)SC(=O)C1CC1,True,pass,True,0,0,,,True,True,True,True,True,True,True,True,True,True,True,True,True,True,True,True,True,True,True,True,True,True
pose001335,1335,O=C(Nc1ccccc1)N1CCN(c2ccccc2)CC1,True,pass,True,0,0,,,True,True,True,True,True,True,True,True,True,True,True,True,True,True,True,True,True,True,True,True,True,True
pose001336,1336,CC(C)c1cccc(C(C)c2ccc(S(N)(=O)=O)cc2)c1,True,pass,True,0,0,,,True,True,True,True,True,True,True,True,True,True,True,True,True,True,True,True,True,True,True,True,True,True
pose001337,1337,c1ccc(-c2cccc3nc(-c4cncnc4)nc(NCc4ccccn4)c23)cc1,True,pass,True,0,0,,,True,True,True,True,True,True,True,True,True,True,True,True,True,True,True,True,True,True,True,True,True,True
pose001338,1338,Cc1nc2c(F)cc(-c3nc(Nc4ccc5c(n4)CCN(CCN(C)C(N)=S)C5)ncc3F)cc2n1C(C)C,True,pass,True,0,0,,,True,True,True,True,True,True,True,True,True,True,True,True,True,True,True,True,True,True,True,True,True,True
pose001339,1339,Cc1ncc(-c2nc(Nc3ccc(C(=O)N(C)C)cc3)ncc2F)n1C(C)C,True,pass,True,0,0,,,True,True,True,True,True,True,True,True,True,True,True,True,True,True,True,True,True,True,True,True,True,True
pose001340,1340,NS(=O)(=O)c1cccc(Nc2cc(-c3ccc(F)cc3)[nH]n2)c1,True,pass,True,0,0,,,True,True,True,True,True,True,True,True,True,True,True,True,True,True,True,True,True,True,True,True,True,True
pose001341,1341,O=c1cc(CN=Cc2c(=O)[nH]c(O)c3ccc(Br)cc23)cc[nH]1,True,pass,True,0,0,,,True,True,True,True,True,True,True,True,True,True,True,True,True,True,True,True,True,True,True,True,True,True
pose001342,1342,CCNC(=O)N1CCC(Nc2ncc(Cl)c(-n3ccc4ccccc43)n2)CC1,True,pass,True,0,0,,,True,True,True,True,True,True,True,True,True,True,True,True,True,True,True,True,True,True,True,True,True,True
pose001343,1343,CCN1CCN(c2ccc(NC(=O)c3ccc(OC)cc3)cc2)CC1,True,pass,True,0,0,,,True,True,True,True,True,True,True,True,True,True,True,True,True,True,True,True,True,True,True,True,True,True
pose001344,1344,CC(C)c1cccc2[nH]c(O)c(N=Nc3ccc(S(N)(=O)=O)cc3)c12,True,pass,True,0,0,,,True,True,True,True,True,True,True,True,True,True,True,True,True,True,True,True,True,True,True,True,True,True
pose001345,1345,CNC(=O)c1ccc(N2CCN(C(=O)c3ccccc3)CC2)cc1,True,pass,True,0,0,,,True,True,True,True,True,True,True,True,True,True,True,True,True,True,True,True,True,True,True,True,True,True
pose001346,1346,COc1ccc(C(=O)Nc2cc(OC)ccc2F)cc1,True,pass,True,0,0,,,True,True,True,True,True,True,True,True,True,True,True,True,True,True,True,True,True,True,True,True,True,True
pose001347,1347,CC(=N)C(=O)c1ccc(Nc2ncc(F)c(-c3cnc(C)n3C(C)C)n2)cc1F,True,pass,True,0,0,,,True,True,True,True,True,True,True,True,True,True,True,True,True,True,True,True,True,True,True,True,True,True
pose001348,1348,O=C(O)N1CCN(c2ccc(-c3ccccc3)cc2)CC1,True,pass,True,0,0,,,True,True,True,True,True,True,True,True,True,True,True,True,True,True,True,True,True,True,True,True,True,True
pose001349,1349,CC(=O)NCc1ccc(C(=O)Nc2cc(C)ccc2F)cc1,True,pass,True,0,0,,,True,True,True,True,True,True,True,True,True,True,True,True,True,True,True,True,True,True,True,True,True,True
pose001350,1350,NS(=O)(=O)c1ccc(N=NC(=O)Cc2c(=O)[nH]c3ccc4[nH]cccc4c23)cc1,True,pass,True,0,0,,,True,True,True,True,True,True,True,True,True,True,True,True,True,True,True,True,True,True,True,True,True,True
pose001351,1351,CNS(=O)(=O)c1cc(Nc2nccc(-c3ccnc(C(=O)N(C)C)c3)n2)ccc1Cl,True,pass,True,0,0,,,True,True,True,True,True,True,True,True,True,True,True,True,True,True,True,True,True,True,True,True,True,True
pose001352,1352,CC(C)c1ccc(NC(=O)c2cccc(S(N)(=O)=O)c2)cc1,True,pass,True,0,0,,,True,True,True,True,True,True,True,True,True,True,True,True,True,True,True,True,True,True,True,True,True,True
pose001353,1353,CC(C)OCc1cccc(-c2ccc(S(N)(=O)=O)cc2)c1,True,pass,True,0,0,,,True,True,True,True,True,True,True,True,True,True,True,True,True,True,True,True,True,True,True,True,True,True
pose001354,1354,COc1nn(C2CCN(C(C)=O)CC2)cc1Nc1ncc(Cl)c(-c2cnn3ccccc23)n1,True,pass,True,0,0,,,True,True,True,True,True,True,True,True,True,True,True,True,True,True,True,True,True,True,True,True,True,True
pose001355,1355,CCNC(=O)N(CC)CCCc1nc(NS(=O)(=O)c2ccccc2)ncc1F,True,pass,True,0,0,,,True,True,True,True,True,True,True,True,True,True,True,True,True,True,True,True,True,True,True,True,True,True
pose001356,1356,CN1CCN(Cc2ccc(Cc3ccc(N)nc3)cc2)CC1,True,pass,True,0,0,,,True,True,True,True,True,True,True,True,True,True,True,True,True,True,True,True,True,True,True,True,True,True
pose001357,1357,CC(=O)N(C)C(=O)c1cccc(Nc2ccccc2)c1,True,pass,True,0,0,,,True,True,True,True,True,True,True,True,True,True,True,True,True,True,True,True,True,True,True,True,True,True
pose001358,1358,NS(=O)(=O)c1ccc(Nc2ccc(CC3CC3)cc2)cc1,True,pass,True,0,0,,,True,True,True,True,True,True,True,True,True,True,True,True,True,True,True,True,True,True,True,True,True,True
pose001359,1359,Cc1ncc(CC(=O)NC(=O)c2ccccc2F)n1C(C)C,True,pass,True,0,0,,,True,True,True,True,True,True,True,True,True,True,True,True,True,True,True,True,True,True,True,True,True,True
pose001360,1360,CC(C)c1ccc2c(n1)CCN(C(=O)[C@H]1CC[C@H](N)CC1)C2,True,pass,True,0,0,,,True,True,True,True,True,True,True,True,True,True,True,True,True,True,True,True,True,True,True,True,True,True
pose001361,1361,COc1cccc(C(=O)N2CCN(c3ccc(O)cc3)CC2)c1,True,pass,True,0,0,,,True,True,True,True,True,True,True,True,True,True,True,True,True,True,True,True,True,True,True,True,True,True
pose001362,1362,C=C(C)c1ccc(-c2ccc(S(N)(=O)=O)cc2)c(F)c1,True,pass,True,0,0,,,True,True,True,True,True,True,True,True,True,True,True,True,True,True,True,True,True,True,True,True,True,True
pose001363,1363,C=CC(=C1CNC(c2ccc(CN3CCOCC3)cc2)=N1)c1ccc(N2CCNCC2)cc1,True,pass,True,0,0,,,True,True,True,True,True,True,True,True,True,True,True,True,True,True,True,True,True,True,True,True,True,True
pose001364,1364,CN(C)C(=O)c1ccc(Nc2ccc(N3CCCC3=O)cc2)cc1,True,pass,True,0,0,,,True,True,True,True,True,True,True,True,True,True,True,True,True,True,True,True,True,True,True,True,True,True
pose001365,1365,COc1ccc2[nH]c(O)c(-c3ccc4[nH]c(O)c(N=Nc5ccc(S(N)(=O)=O)cc5)c4c3)c2c1,True,pass,True,0,0,,,True,True,True,True,True,True,True,True,True,True,True,True,True,True,True,True,True,True,True,True,True,True
pose001366,1366,C=C(C)OC(=O)C(=O)c1ccc(Nc2ncc(F)c(-c3ncc(F)c(-c4cnc(C)n4C(C)C)n3)n2)cc1F,True,pass,True,0,0,,,True,True,True,True,True,True,True,True,True,True,True,True,True,True,True,True,True,True,True,True,True,True
pose001367,1367,Cc1ncc(-c2ccnc(NC(=O)C3CC3)n2)n1C(C)C,True,pass,True,0,0,,,True,True,True,True,True,True,True,True,True,True,True,True,True,True,True,True,True,True,True,True,True,True
pose001368,1368,CC(C)S(=O)(=O)S(=O)(=O)c1ccc(Nc2ncc(C(F)(F)F)c(O[C@H](C)O[C@H](C)[C@@H](C)O)n2)cc1,True,pass,True,0,0,,,True,True,True,True,True,True,True,True,True,True,True,True,True,True,True,True,True,True,True,True,True,True
pose001369,1369,CC(C)N1CCN(Cc2ccc(-c3ccc(S(N)(=O)=O)cc3)cc2)CC1,True,pass,True,0,0,,,True,True,True,True,True,True,True,True,True,True,True,True,True,True,True,True,True,True,True,True,True,True
pose001370,1370,CC(C)c1c2cc(-c3ccnc(Nc4ccc5c(N6CCN(C)CC6)ncnc5c4)n3)ccc2nn1C,True,pass,True,0,0,,,True,True,True,True,True,True,True,True,True,True,True,True,True,True,True,True,True,True,True,True,True,True
pose001371,1371,CN=Cc1ccc2[nH]c(O)c(N=NC(=O)c3ccc(N=Nc4ccc(S(N)(=O)=O)cc4)cc3)c2c1,True,pass,True,0,0,,,True,True,True,True,True,True,True,True,True,True,True,True,True,True,True,True,True,True,True,True,True,True
pose001372,1372,O=C(Cc1ccc(N2CCOCC2)cc1)Nc1ccccc1,True,pass,True,0,0,,,True,True,True,True,True,True,True,True,True,True,True,True,True,True,True,True,True,True,True,True,True,True
pose001373,1373,O=C(Nc1ccc(F)cc1)c1ccc(N2CCCC2)cc1,True,pass,True,0,0,,,True,True,True,True,True,True,True,True,True,True,True,True,True,True,True,True,True,True,True,True,True,True
pose001374,1374,CNC(=O)NCc1ccc(-c2cnc(C)n2C(C)C)cc1F,True,pass,True,0,0,,,True,True,True,True,True,True,True,True,True,True,True,True,True,True,True,True,True,True,True,True,True,True
pose001375,1375,C[C@@H](Oc1nc(Nc2ccc(S(=O)(=O)S)cc2)ncc1C(F)(F)F)[C@H](C)S(=O)(=O)S(=O)(=O)[C@@H](C)O,True,pass,True,0,0,,,True,True,True,True,True,True,True,True,True,True,True,True,True,True,True,True,True,True,True,True,True,True
pose001376,1376,CCCN(C)[C@H]1CCN(C(=O)c2ccc(Nc3nccc(-c4cnc(C)n4C(C)C)n3)cc2)C1,True,pass,True,0,0,,,True,True,True,True,True,True,True,True,True,True,True,True,True,True,True,True,True,True,True,True,True,True
pose001377,1377,Nc1nccc(-c2c[nH]c3ncc(-c4ccc(F)cc4)cc23)n1,True,pass,True,0,0,,,True,True,True,True,True,True,True,True,True,True,True,True,True,True,True,True,True,True,True,True,True,True
pose001378,1378,COc1cc(-c2cc(N3CCCNCC3)cnn2)ccn1,True,pass,True,0,0,,,True,True,True,True,True,True,True,True,True,True,True,True,True,True,True,True,True,True,True,True,True,True
pose001379,1379,COc1c(O)cc(O)c2c(=O)cc(-c3ccccc3)oc12,True,pass,True,0,0,,,True,True,True,True,True,True,True,True,True,True,True,True,True,True,True,True,True,True,True,True,True,True
pose001380,1380,O=C(Nc1[nH]nc2cc(-c3ccco3)ccc12)C1CC1,True,pass,True,0,0,,,True,True,True,True,True,True,True,True,True,True,True,True,True,True,True,True,True,True,True,True,True,True
pose001381,1381,COc1ccc(Nc2ccc(C(=O)N3CCN(C)CC3)cc2)cc1,True,pass,True,0,0,,,True,True,True,True,True,True,True,True,True,True,True,True,True,True,True,True,True,True,True,True,True,True
pose001382,1382,CN1CCN(CCC(=O)NS(=O)(=O)c2ccc(Nc3nc(N)n(C(=O)c4c(F)cccc4F)n3)cc2)CC1,True,pass,True,0,0,,,True,True,True,True,True,True,True,True,True,True,True,True,True,True,True,True,True,True,True,True,True,True
pose001383,1383,CC(C)n1c(Nc2ccc(N3CCN(C)C(C)(C)C3)cn2)cnc1C1CC1,True,pass,True,0,0,,,True,True,True,True,True,True,True,True,True,True,True,True,True,True,True,True,True,True,True,True,True,True
pose001384,1384,COc1cc(F)ccc1C(=O)Nc1ccc(C(C)C)cc1,True,pass,True,0,0,,,True,True,True,True,True,True,True,True,True,True,True,True,True,True,True,True,True,True,True,True,True,True
pose001385,1385,Cc1ncc(-c2ccnc(Nc3ccc(Nc4ccc(F)cc4)cc3)n2)n1C(C)C,True,pass,True,0,0,,,True,True,True,True,True,True,True,True,True,True,True,True,True,True,True,True,True,True,True,True,True,True
pose001386,1386,CC(C)Oc1ccc(-c2ccc(S(N)(=O)=O)cc2)cc1,True,pass,True,0,0,,,True,True,True,True,True,True,True,True,True,True,True,True,True,True,True,True,True,True,True,True,True,True
pose001387,1387,CCn1c(C)nc2c(F)cc(-c3cc(NCc4cccnc4)n4nccc4n3)cc21,True,pass,True,0,0,,,True,True,True,True,True,True,True,True,True,True,True,True,True,True,True,True,True,True,True,True,True,True
pose001388,1388,C[C@@H](Oc1nc(Nc2ccc(S(C)(=N)=O)cc2)ncc1C(F)(F)F)O[C@H](C)[C@H](O)S,True,pass,True,0,0,,,True,True,True,True,True,True,True,True,True,True,True,True,True,True,True,True,True,True,True,True,True,True
pose001389,1389,O=C(Nc1ccc(C(=O)N2CCCC2)cc1)c1ccccc1,True,pass,True,0,0,,,True,True,True,True,True,True,True,True,True,True,True,True,True,True,True,True,True,True,True,True,True,True
pose001390,1390,Cc1cccc(C)c1NCc1ccc(N2CCN(C)CC2)cc1,True,pass,True,0,0,,,True,True,True,True,True,True,True,True,True,True,True,True,True,True,True,True,True,True,True,True,True,True
pose001391,1391,CC(=O)Nc1ccc(CNc2nc(N3CCC[C@@H]3CO)nc3c(C(C)C)cnn23)cc1,True,pass,True,0,0,,,True,True,True,True,True,True,True,True,True,True,True,True,True,True,True,True,True,True,True,True,True,True
pose001392,1392,Cc1ncc(-c2ccnc(Nc3ccc(S(=O)(=O)ON)cc3)n2)n1C(C)C,True,pass,True,0,0,,,True,True,True,True,True,True,True,True,True,True,True,True,True,True,True,True,True,True,True,True,True,True
pose001393,1393,Cc1cc(-c2ccc(S(N)(=O)=O)cc2)ccc1C(C)C,True,pass,True,0,0,,,True,True,True,True,True,True,True,True,True,True,True,True,True,True,True,True,True,True,True,True,True,True
pose001394,1394,CC(C)COc1cc(Nc2ccc(S(C)(=O)=O)cc2)n2ncc(C(C)C)c2n1,True,pass,True,0,0,,,True,True,True,True,True,True,True,True,True,True,True,True,True,True,True,True,True,True,True,True,True,True
pose001395,1395,NS(=O)(=O)c1ccc(Nc2cc(-c3ccc(N=N[SH](=O)O)cc3)[nH]n2)cc1,True,fail,False,1,1,no_radicals,internal_energy,True,True,True,True,True,False,True,True,True,True,True,True,,True,True,True,True,True,True,True,True,True
pose001396,1396,Cc1nc2c(F)cc(-c3nc(Nc4ccc5c(n4)CCN(C(=O)CN(C)C)C5)ncc3F)cc2n1C1CCC1,True,pass,True,0,0,,,True,True,True,True,True,True,True,True,True,True,True,True,True,True,True,True,True,True,True,True,True,True
pose001397,1397,COc1ccc(CN=Cc2c(=O)[nH]c(O)c3ccc(I)cc23)cc1O,True,pass,True,0,0,,,True,True,True,True,True,True,True,True,True,True,True,True,True,True,True,True,True,True,True,True,True,True
pose001398,1398,CC(=Cc1c(=O)[nH]c2ccc3[nH]cccc3c12)N=Nc1ccc(S(N)(=O)=O)cc1,True,pass,True,0,0,,,True,True,True,True,True,True,True,True,True,True,True,True,True,True,True,True,True,True,True,True,True,True
pose001399,1399,Cc1ccccc1NC(=O)Cc1ccc(N2CCCNC2)cc1,True,pass,True,0,0,,,True,True,True,True,True,True,True,True,True,True,True,True,True,True,True,True,True,True,True,True,True,True
pose001400,1400,CCC1CCN(c2ccc(-c3n[nH]c4c3CN(CC)C4)cc2)CC1,True,pass,True,0,0,,,True,True,True,True,True,True,True,True,True,True,True,True,True,True,True,True,True,True,True,True,True,True
pose001401,1401,NS(=O)(=O)c1ccc(-c2ccnc(NC(=O)CC3CC3)n2)cc1,True,pass,True,0,0,,,True,True,True,True,True,True,True,True,True,True,True,True,True,True,True,True,True,True,True,True,True,True
pose001402,1402,CC(C)=NC(=O)c1ccc(Nc2ccc(Nc3ncc(F)c(-c4cnc(C)n4C(C)C)n3)cc2)cc1F,True,pass,True,0,0,,,True,True,True,True,True,True,True,True,True,True,True,True,True,True,True,True,True,True,True,True,True,True
pose001403,1403,COc1ccc(-c2ccc(N3CCNCC3)cc2)cc1,True,pass,True,0,0,,,True,True,True,True,True,True,True,True,True,True,True,True,True,True,True,True,True,True,True,True,True,True
pose001404,1404,Cn1nc(C(N)=O)c2c1-c1nc(Nc3ccccc3)ncc1CC2,True,pass,True,0,0,,,True,True,True,True,True,True,True,True,True,True,True,True,True,True,True,True,True,True,True,True,True,True
pose001405,1405,CCc1cnn2c(NCc3ccc[n+]([O-])c3)cc(N3CCCC[C@@H]3CCO)nc12,True,pass,True,0,0,,,True,True,True,True,True,True,True,True,True,True,True,True,True,True,True,True,True,True,True,True,True,True
pose001406,1406,O=C(Nc1ccc(C(=O)NC2CC2)cc1)c1ccccc1,True,pass,True,0,0,,,True,True,True,True,True,True,True,True,True,True,True,True,True,True,True,True,True,True,True,True,True,True
pose001407,1407,CN1CCN(c2ccc(Nc3ccncc3)cc2Cl)CC1,True,pass,True,0,0,,,True,True,True,True,True,True,True,True,True,True,True,True,True,True,True,True,True,True,True,True,True,True
pose001408,1408,Cc1ncc(-c2nc(Nc3ccc(C(N)=O)cc3)ncc2F)n1C(C)C,True,pass,True,0,0,,,True,True,True,True,True,True,True,True,True,True,True,True,True,True,True,True,True,True,True,True,True,True
pose001409,1409,COc1cc(F)ccc1-c1ccnc(C(=O)Nc2cc(C(C)C)[nH]n2)n1,True,pass,True,0,0,,,True,True,True,True,True,True,True,True,True,True,True,True,True,True,True,True,True,True,True,True,True,True
pose001410,1410,Cc1ccccc1NC(=O)c1ccc(S(C)(=O)=O)cc1,True,pass,True,0,0,,,True,True,True,True,True,True,True,True,True,True,True,True,True,True,True,True,True,True,True,True,True,True
pose001411,1411,COc1cc(F)ccc1-c1ccc(CN2CCCNCC2)cc1,True,pass,True,0,0,,,True,True,True,True,True,True,True,True,True,True,True,True,True,True,True,True,True,True,True,True,True,True
pose001412,1412,CN(C)C(=O)c1cccc(-c2cnc(N)c(-c3nc4cccc(N5CCNCC5)c4n3C)n2)c1,True,pass,True,0,0,,,True,True,True,True,True,True,True,True,True,True,True,True,True,True,True,True,True,True,True,True,True,True
pose001413,1413,CNC(=O)c1ccc(-c2cnc(C)n2C(C)C)cc1C,True,pass,True,0,0,,,True,True,True,True,True,True,True,True,True,True,True,True,True,True,True,True,True,True,True,True,True,True
pose001414,1414,CC[C@@H](NC(=O)c1ccc(Nc2ncc(F)c(-c3cnc(C)n3C(C)C)n2)cc1)SC=C(C)C,True,pass,True,0,0,,,True,True,True,True,True,True,True,True,True,True,True,True,True,True,True,True,True,True,True,True,True,True
pose001415,1415,CCc1ccc(CC(=O)NC(=O)c2ccc(S(N)(=O)=O)cc2)cc1,True,pass,True,0,0,,,True,True,True,True,True,True,True,True,True,True,True,True,True,True,True,True,True,True,True,True,True,True
pose001416,1416,C[C@H](O[C@H](C)[C@@H](C)O[C@@H](C)O)S(=N)(=O)c1ccc(Nc2ncc(C(F)(F)F)c(O[C@H](C)[C@H](C)[S@@H](C)O)n2)cc1,True,pass,True,0,0,,,True,True,True,True,True,True,True,True,True,True,True,True,True,True,True,True,True,True,True,True,True,True
pose001417,1417,COc1c(C)cccc1N1CCN(C(=O)c2ccsc2)CC1,True,pass,True,0,0,,,True,True,True,True,True,True,True,True,True,True,True,True,True,True,True,True,True,True,True,True,True,True
pose001418,1418,Cc1ccccc1Nc1ccc(C(=O)N2CCN(C)CC2)cc1F,True,pass,True,0,0,,,True,True,True,True,True,True,True,True,True,True,True,True,True,True,True,True,True,True,True,True,True,True
pose001419,1419,CC(=O)N1CCc2cc(C(=O)Nc3ncc(F)c(C(C)(C)C)n3)ccc2C1,True,pass,True,0,0,,,True,True,True,True,True,True,True,True,True,True,True,True,True,True,True,True,True,True,True,True,True,True
pose001420,1420,N#Cc1ccc2ccn(-c3cccc(N)n3)c2c1,True,pass,True,0,0,,,True,True,True,True,True,True,True,True,True,True,True,True,True,True,True,True,True,True,True,True,True,True
pose001421,1421,CN1CCC(c2ccc(-c3ccc(S(N)(=O)=O)cc3)cc2)CC1,True,pass,True,0,0,,,True,True,True,True,True,True,True,True,True,True,True,True,True,True,True,True,True,True,True,True,True,True
pose001422,1422,Cc1ncc(-c2nc(Nc3ccc(Nc4ccc(C(=O)NCCN(C)O)c(F)c4)cc3)ncc2F)n1C(C)C,True,pass,True,0,0,,,True,True,True,True,True,True,True,True,True,True,True,True,True,True,True,True,True,True,True,True,True,True
pose001423,1423,CCNC(=O)c1ccc(-c2ccc(C(=O)O)cc2)cc1,True,pass,True,0,0,,,True,True,True,True,True,True,True,True,True,True,True,True,True,True,True,True,True,True,True,True,True,True
pose001424,1424,CN(C)C(=O)c1ccc(NC(=O)c2ccccc2Cl)cc1,True,pass,True,0,0,,,True,True,True,True,True,True,True,True,True,True,True,True,True,True,True,True,True,True,True,True,True,True
pose001425,1425,Cn1cc(CCNc2ccc([N+](=O)[O-])cc2C(=O)O)c2ccc(F)cc21,True,pass,True,0,0,,,True,True,True,True,True,True,True,True,True,True,True,True,True,True,True,True,True,True,True,True,True,True
pose001426,1426,CN1CCC(Oc2ccc(-c3ccc(S(N)(=O)=O)cc3)cc2)CC1,True,pass,True,0,0,,,True,True,True,True,True,True,True,True,True,True,True,True,True,True,True,True,True,True,True,True,True,True
pose001427,1427,CN1CCN(c2ccc(Nc3ccc(NNc4ncc5c(n4)-c4c(c(C(N)=O)nn4C)CC5)cc3)cc2)CC1,True,pass,True,0,0,,,True,True,True,True,True,True,True,True,True,True,True,True,True,True,True,True,True,True,True,True,True,True
pose001428,1428,Cc1ccc(CC(=O)Nc2ccc(N3CCCN(C)CC3)cc2)cc1,True,pass,True,0,0,,,True,True,True,True,True,True,True,True,True,True,True,True,True,True,True,True,True,True,True,True,True,True
pose001429,1429,CC(C)c1cnn2c(Nc3ccc(S(N)(=O)=O)cc3)nc(N3CCC[C@@H]3CO)nc12,True,pass,True,0,0,,,True,True,True,True,True,True,True,True,True,True,True,True,True,True,True,True,True,True,True,True,True,True
pose001430,1430,CNC(=O)c1nn(C)c2c1C(C)(C)Cc1cnc(Nc3cccc(CN4CCOCC4)c3)nc1-2,True,pass,True,0,0,,,True,True,True,True,True,True,True,True,True,True,True,True,True,True,True,True,True,True,True,True,True,True
pose001431,1431,COc1cc(N2CCN(C(C)=O)CC2)ccc1-c1ccc(NC2CCCC2)nc1,True,pass,True,0,0,,,True,True,True,True,True,True,True,True,True,True,True,True,True,True,True,True,True,True,True,True,True,True
pose001432,1432,O=C(Cc1ccc(C(F)(F)F)cc1)Nc1ccccc1,True,pass,True,0,0,,,True,True,True,True,True,True,True,True,True,True,True,True,True,True,True,True,True,True,True,True,True,True
pose001433,1433,CC(=CN(C)c1ccc(Nc2nccc(-c3cnc(C)n3C(C)C)n2)cc1F)C(N)O,True,pass,True,0,0,,,True,True,True,True,True,True,True,True,True,True,True,True,True,True,True,True,True,True,True,True,True,True
pose001434,1434,NS(=O)(=O)c1ccc(N=NOc2c(O)[nH]c3ccc(-c4c(O)[nH]c5ccc(-c6cnco6)cc45)cc23)cc1,True,pass,True,0,0,,,True,True,True,True,True,True,True,True,True,True,True,True,True,True,True,True,True,True,True,True,True,True
pose001435,1435,COc1ccccc1NC(=O)c1ccc(C(N)=O)cc1,True,pass,True,0,0,,,True,True,True,True,True,True,True,True,True,True,True,True,True,True,True,True,True,True,True,True,True,True
pose001436,1436,CNC(=O)c1ccc(N(C)C(=O)c2ccccc2C)cc1,True,pass,True,0,0,,,True,True,True,True,True,True,True,True,True,True,True,True,True,True,True,True,True,True,True,True,True,True
pose001437,1437,CC1=C(c2ccc(-c3ccc(S(N)(=O)=O)cc3)cc2)C(=O)CC1,True,pass,True,0,0,,,True,True,True,True,True,True,True,True,True,True,True,True,True,True,True,True,True,True,True,True,True,True
pose001438,1438,COc1ccc(NCc2ccc(S(N)(=O)=O)cc2)cc1,True,pass,True,0,0,,,True,True,True,True,True,True,True,True,True,True,True,True,True,True,True,True,True,True,True,True,True,True
pose001439,1439,CC(C)=NC(=O)N(C)C(=O)c1ccc(Nc2ncc(F)c(-c3cnc(C)n3C(C)C)n2)cc1,True,pass,True,0,0,,,True,True,True,True,True,True,True,True,True,True,True,True,True,True,True,True,True,True,True,True,True,True
pose001440,1440,CN1CCN(C(=O)c2ccc(Nc3ccccc3)cc2)CC1,True,pass,True,0,0,,,True,True,True,True,True,True,True,True,True,True,True,True,True,True,True,True,True,True,True,True,True,True
pose001441,1441,O=C1CCCCN1c1ccc(NCc2ccccc2)cc1,True,pass,True,0,0,,,True,True,True,True,True,True,True,True,True,True,True,True,True,True,True,True,True,True,True,True,True,True
pose001442,1442,COc1cc(N2CCN(CCO)CC2)ccc1Nc1ncc(C)c(C(F)(F)C(F)(F)F)n1,True,pass,True,0,0,,,True,True,True,True,True,True,True,True,True,True,True,True,True,True,True,True,True,True,True,True,True,True
pose001443,1443,Cc1cccc(NC(=O)CNC(=O)c2ccccc2)c1,True,pass,True,0,0,,,True,True,True,True,True,True,True,True,True,True,True,True,True,True,True,True,True,True,True,True,True,True
pose001444,1444,CC(C)(C)c1ccc(-c2ccc(S(N)(=O)=O)cc2)cc1,True,pass,True,0,0,,,True,True,True,True,True,True,True,True,True,True,True,True,True,True,True,True,True,True,True,True,True,True
pose001445,1445,CC(C)Oc1cccc2[nH]c(O)c(N=Nc3ccc(S(N)(=O)=O)cc3)c12,True,pass,True,0,0,,,True,True,True,True,True,True,True,True,True,True,True,True,True,True,True,True,True,True,True,True,True,True
pose001446,1446,Cc1ncc(-c2ccnc(Nc3ccc(S(=O)(=O)CCCN4CCOCC4)cc3)n2)n1C(C)C,True,pass,True,0,0,,,True,True,True,True,True,True,True,True,True,True,True,True,True,True,True,True,True,True,True,True,True,True
pose001447,1447,CCS(=N)(=O)c1ccc(Nc2ncc(Br)c(N[C@H](C)[C@H](C)O)n2)cc1,True,pass,True,0,0,,,True,True,True,True,True,True,True,True,True,True,True,True,True,True,True,True,True,True,True,True,True,True
pose001448,1448,CC(C)Oc1nc(Nc2ccc(S(=O)(=O)[C@H](C)O[C@H](C)[C@@H](C)O)cc2)ncc1C(F)(F)F,True,pass,True,0,0,,,True,True,True,True,True,True,True,True,True,True,True,True,True,True,True,True,True,True,True,True,True,True
pose001449,1449,CC(=O)C(=O)C(=O)c1ccc(-c2ccc(Nc3ncc(F)c(-c4cnc(C)n4C(C)C)n3)cc2)cc1,True,pass,True,0,0,,,True,True,True,True,True,True,True,True,True,True,True,True,True,True,True,True,True,True,True,True,True,True
pose001450,1450,Cc1ccc(N(C)C(=O)Cc2ccc(C(=O)O)cc2)cc1,True,pass,True,0,0,,,True,True,True,True,True,True,True,True,True,True,True,True,True,True,True,True,True,True,True,True,True,True
pose001451,1451,O=C(NC1CCCCC1)c1ccc(CN2CCCCC2)cc1,True,pass,True,0,0,,,True,True,True,True,True,True,True,True,True,True,True,True,True,True,True,True,True,True,True,True,True,True
pose001452,1452,CNC(=O)c1cccc(-c2ccc(C(=O)N(C)C)cc2)c1,True,pass,True,0,0,,,True,True,True,True,True,True,True,True,True,True,True,True,True,True,True,True,True,True,True,True,True,True
pose001453,1453,CN1CCC(c2ccc(Oc3ccccc3)c(O)c2)CC1,True,pass,True,0,0,,,True,True,True,True,True,True,True,True,True,True,True,True,True,True,True,True,True,True,True,True,True,True
pose001454,1454,Oc1ccc(-c2nccc(Nc3cnc4ccccc4c3)n2)cc1O,True,pass,True,0,0,,,True,True,True,True,True,True,True,True,True,True,True,True,True,True,True,True,True,True,True,True,True,True
pose001455,1455,CC(C)(C)c1ccc(NCc2ccc(S(N)(=O)=O)cc2)cc1,True,pass,True,0,0,,,True,True,True,True,True,True,True,True,True,True,True,True,True,True,True,True,True,True,True,True,True,True
pose001456,1456,COc1ccc(CNC(=O)c2ccc(F)cc2OC)cc1,True,pass,True,0,0,,,True,True,True,True,True,True,True,True,True,True,True,True,True,True,True,True,True,True,True,True,True,True
pose001457,1457,COc1ccc(CNC(=O)c2ccc(OC)cc2)cc1,True,pass,True,0,0,,,True,True,True,True,True,True,True,True,True,True,True,True,True,True,True,True,True,True,True,True,True,True
pose001458,1458,O=C(NCc1cccc(Cl)c1)c1cc(N2C[C@H](O)[C@@H](O)C2)ccc1CO,True,pass,True,0,0,,,True,True,True,True,True,True,True,True,True,True,True,True,True,True,True,True,True,True,True,True,True,True
pose001459,1459,CNS(=O)(=O)c1ccc2[nH]c(O)c(C=c3[nH]cc4c3=CCNC4=O)c2c1,True,pass,True,0,0,,,True,True,True,True,True,True,True,True,True,True,True,True,True,True,True,True,True,True,True,True,True,True
pose001460,1460,Cc1ccc(Nc2ccc(N3CCCC3=O)cc2)cc1,True,pass,True,0,0,,,True,True,True,True,True,True,True,True,True,True,True,True,True,True,True,True,True,True,True,True,True,True
pose001461,1461,CNC(=O)N=S(C)(=O)Cc1cccc(Nc2ncc(F)c(-c3ccc(F)cc3OC)n2)c1,True,pass,True,0,0,,,True,True,True,True,True,True,True,True,True,True,True,True,True,True,True,True,True,True,True,True,True,True
pose001462,1462,Cc1ncc(-c2nc(NN3CCOCN(C)CC3)ncc2F)n1C(C)C,True,pass,True,0,0,,,True,True,True,True,True,True,True,True,True,True,True,True,True,True,True,True,True,True,True,True,True,True
pose001463,1463,NC(=O)c1ccc(Cc2ccc(C(=O)N3CCCCC3)cc2)cc1,True,pass,True,0,0,,,True,True,True,True,True,True,True,True,True,True,True,True,True,True,True,True,True,True,True,True,True,True
pose001464,1464,CSn1cnc(-c2cc(NC[C@H]3CCNC[C@@H]3O)nc3c(C(C)C)cnn23)c1,True,pass,True,0,0,,,True,True,True,True,True,True,True,True,True,True,True,True,True,True,True,True,True,True,True,True,True,True
pose001465,1465,Cc1ncc(-c2ccnc(Nc3ccc(N4CCN(S(=O)(=O)CCN(C)C)CC4)cc3)n2)n1C(C)C,True,pass,True,0,0,,,True,True,True,True,True,True,True,True,True,True,True,True,True,True,True,True,True,True,True,True,True,True
pose001466,1466,CC(C)NC(=O)N1CCCCc2nc(-c3ccc(S(N)(=O)=O)cc3)ccc2C1,True,pass,True,0,0,,,True,True,True,True,True,True,True,True,True,True,True,True,True,True,True,True,True,True,True,True,True,True
pose001467,1467,Cc1ncc(-c2nc(NC3CC3)ncc2F)n1C(C)C,True,pass,True,0,0,,,True,True,True,True,True,True,True,True,True,True,True,True,True,True,True,True,True,True,True,True,True,True
pose001468,1468,NS(=O)(=O)c1ccc(N=Nc2c(=O)[nH]c3ccc4[nH]cccc4c23)cc1,True,pass,True,0,0,,,True,True,True,True,True,True,True,True,True,True,True,True,True,True,True,True,True,True,True,True,True,True
pose001469,1469,NS(=O)(=O)c1ccc(-c2ccc(N3CCCCC3)cc2)cc1,True,pass,True,0,0,,,True,True,True,True,True,True,True,True,True,True,True,True,True,True,True,True,True,True,True,True,True,True
pose001470,1470,N#Cc1cnn2c(NC3CC3)cc([C@@H](N)Cc3cccc(Cl)c3)nc12,True,pass,True,0,0,,,True,True,True,True,True,True,True,True,True,True,True,True,True,True,True,True,True,True,True,True,True,True
pose001471,1471,CN(C)C(=O)c1cccc(C(=O)Nc2ccc(C(=O)N3CCCC3)cc2)c1,True,pass,True,0,0,,,True,True,True,True,True,True,True,True,True,True,True,True,True,True,True,True,True,True,True,True,True,True
pose001472,1472,CC(C)c1nc(Cc2ccc(S(N)(=O)=O)cc2)ncc1F,True,pass,True,0,0,,,True,True,True,True,True,True,True,True,True,True,True,True,True,True,True,True,True,True,True,True,True,True
pose001473,1473,CNS(=O)(=O)Cc1ccc(N=Nc2c(O)[nH]c3ccc4ncsc4c23)cc1,True,pass,True,0,0,,,True,True,True,True,True,True,True,True,True,True,True,True,True,True,True,True,True,True,True,True,True,True
pose001474,1474,NS(=O)(=O)c1ccc(N=Nc2c(O)[nH]c3ccc(C(=O)NCc4ccncc4)cc23)cc1,True,pass,True,0,0,,,True,True,True,True,True,True,True,True,True,True,True,True,True,True,True,True,True,True,True,True,True,True
pose001475,1475,C[C@@H](O)[C@@H](C)Nc1nc(Nc2ccc(Nc3ccc(S(=O)(=O)S[SH](C)(=N)O)cc3)cc2)ncc1Br,True,unevaluable,False,0,1,,internal_energy,True,True,True,True,True,True,True,True,True,True,True,True,,True,True,True,True,True,True,True,True,True
pose001476,1476,C=C(C)C(=O)NCNC(=O)c1ccc(Nc2ncc(F)c(-c3cnc(C)n3C(C)C)n2)cc1F,True,pass,True,0,0,,,True,True,True,True,True,True,True,True,True,True,True,True,True,True,True,True,True,True,True,True,True,True
pose001477,1477,C=C(C)c1ccc(Nc2ncc3c(n2)CN(C(=O)O)CCC3)cc1,True,pass,True,0,0,,,True,True,True,True,True,True,True,True,True,True,True,True,True,True,True,True,True,True,True,True,True,True
pose001478,1478,C[C@@H](Oc1nc(Nc2ccc(NNc3ccc(S(=O)(=O)[SH](=O)O)cc3)cc2)ncc1C(F)(F)F)C(C)(C)O,True,fail,False,1,1,no_radicals,internal_energy,True,True,True,True,True,False,True,True,True,True,True,True,,True,True,True,True,True,True,True,True,True
pose001479,1479,CC(=O)N1CCC(n2cc(Nc3ncc(Cl)c(-c4ccc(C#N)cc4)n3)c(C)n2)CC1,True,pass,True,0,0,,,True,True,True,True,True,True,True,True,True,True,True,True,True,True,True,True,True,True,True,True,True,True
pose001480,1480,COc1cccc(NC(=O)c2ccnc(CC3CCC(N)CC3)n2)c1,True,pass,True,0,0,,,True,True,True,True,True,True,True,True,True,True,True,True,True,True,True,True,True,True,True,True,True,True
pose001481,1481,OCCOc1cccc(-c2ccc(C(F)(F)F)cc2)c1,True,pass,True,0,0,,,True,True,True,True,True,True,True,True,True,True,True,True,True,True,True,True,True,True,True,True,True,True
pose001482,1482,NS(=O)(=O)c1ccc(N=NC(=O)CSN=Nc2c(=O)[nH]c3ccc4[nH]cccc4c23)cc1,True,pass,True,0,0,,,True,True,True,True,True,True,True,True,True,True,True,True,True,True,True,True,True,True,True,True,True,True
pose001483,1483,CC[C@H](Nc1nc(Nc2ccc[nH]2)c2ncn(C(C)C)c2n1)C(=O)C(C)(C)C,True,pass,True,0,0,,,True,True,True,True,True,True,True,True,True,True,True,True,True,True,True,True,True,True,True,True,True,True
pose001484,1484,CC(=O)N1CCN(c2cccc(CC3CCC(N)CC3)c2)COC1,True,pass,True,0,0,,,True,True,True,True,True,True,True,True,True,True,True,True,True,True,True,True,True,True,True,True,True,True
pose001485,1485,CN1CCN(C(=O)c2cccc(-c3ccnc(CCO)c3)c2)CC1,True,pass,True,0,0,,,True,True,True,True,True,True,True,True,True,True,True,True,True,True,True,True,True,True,True,True,True,True
pose001486,1486,CC(C)c1nc(-c2ccc(OC3CCC3)nc2)nc(N)c1C(C)C,True,pass,True,0,0,,,True,True,True,True,True,True,True,True,True,True,True,True,True,True,True,True,True,True,True,True,True,True
pose001487,1487,COc1c(C)cccc1C(=O)NC(=O)c1ccc(Cl)cc1,True,pass,True,0,0,,,True,True,True,True,True,True,True,True,True,True,True,True,True,True,True,True,True,True,True,True,True,True
pose001488,1488,O=c1[nH]c(O)c2cccc(Br)c2c1C=NCCc1ccc(O)cc1,True,pass,True,0,0,,,True,True,True,True,True,True,True,True,True,True,True,True,True,True,True,True,True,True,True,True,True,True
pose001489,1489,CC(=O)N1CCN(CC(=O)Nc2ccc(Cl)c(Cl)c2)CC1,True,pass,True,0,0,,,True,True,True,True,True,True,True,True,True,True,True,True,True,True,True,True,True,True,True,True,True,True
pose001490,1490,O=C1Nc2cc3ccc(O)cc3c3c4c(cc1c23)OCO4,True,pass,True,0,0,,,True,True,True,True,True,True,True,True,True,True,True,True,True,True,True,True,True,True,True,True,True,True
pose001491,1491,COc1cc(C(=O)N2CCNCC2)cc(OC)c1-c1ccsc1,True,pass,True,0,0,,,True,True,True,True,True,True,True,True,True,True,True,True,True,True,True,True,True,True,True,True,True,True
pose001492,1492,Cc1nccc(-c2ccc(C(=O)N3CCCCC3)cc2)c1CO,True,pass,True,0,0,,,True,True,True,True,True,True,True,True,True,True,True,True,True,True,True,True,True,True,True,True,True,True
pose001493,1493,NS(=O)(=O)c1cccc(Nc2nc(OCC3CCCCC3)c3[nH]cnc3n2)c1,True,pass,True,0,0,,,True,True,True,True,True,True,True,True,True,True,True,True,True,True,True,True,True,True,True,True,True,True
pose001494,1494,O=C(O)c1cc(-c2ccccc2F)ccc1C(=O)N1CCCC1,True,pass,True,0,0,,,True,True,True,True,True,True,True,True,True,True,True,True,True,True,True,True,True,True,True,True,True,True
pose001495,1495,CCCc1ccc(Nc2ccc(S(N)(=O)=O)cc2)cc1,True,pass,True,0,0,,,True,True,True,True,True,True,True,True,True,True,True,True,True,True,True,True,True,True,True,True,True,True
pose001496,1496,CCC(C)C(=O)Nc1ncc(F)c(-c2cnc(C)n2C(C)C)n1,True,pass,True,0,0,,,True,True,True,True,True,True,True,True,True,True,True,True,True,True,True,True,True,True,True,True,True,True
pose001497,1497,CN(C)CCNC(=O)c1ccc(-c2ccccc2)nc1,True,pass,True,0,0,,,True,True,True,True,True,True,True,True,True,True,True,True,True,True,True,True,True,True,True,True,True,True
pose001498,1498,CCN(CC)c1ccc(CC(=O)Nc2[nH]nc3ccc(N4CCCS4(=O)=O)cc23)cc1,True,pass,True,0,0,,,True,True,True,True,True,True,True,True,True,True,True,True,True,True,True,True,True,True,True,True,True,True
pose001499,1499,CC(=O)NC(=O)c1ccc(-c2ccc(NC(C)=O)cc2)cc1,True,pass,True,0,0,,,True,True,True,True,True,True,True,True,True,True,True,True,True,True,True,True,True,True,True,True,True,True
pose001500,1500,COC(=O)c1ccc2[nH]c(O)c(-c3ccc4[nH]c(O)c(C=Nc5ccc(S(N)(=O)=O)cc5)c4c3)c2c1,True,pass,True,0,0,,,True,True,True,True,True,True,True,True,True,True,True,True,True,True,True,True,True,True,True,True,True,True
pose001501,1501,C[C@@H](Oc1nc(Nc2ccc(S(=O)(=O)[C@H](O)S)cc2)ncc1C(F)(F)F)C(O)NC(F)(F)F,True,pass,True,0,0,,,True,True,True,True,True,True,True,True,True,True,True,True,True,True,True,True,True,True,True,True,True,True
pose001502,1502,O=C(c1ccccc1)N1CCN(Cc2ccccn2)CC1,True,pass,True,0,0,,,True,True,True,True,True,True,True,True,True,True,True,True,True,True,True,True,True,True,True,True,True,True
pose001503,1503,NS(=O)(=O)c1ccc(NC2CCN(c3c(F)cccc3F)CC2)cc1,True,pass,True,0,0,,,True,True,True,True,True,True,True,True,True,True,True,True,True,True,True,True,True,True,True,True,True,True
pose001504,1504,O=C(Cc1ccc(-c2ccccc2)cc1)Nc1[nH]nc2ccc(N3CCCS3(=O)=O)cc12,True,pass,True,0,0,,,True,True,True,True,True,True,True,True,True,True,True,True,True,True,True,True,True,True,True,True,True,True
pose001505,1505,CC(=O)N1CCC(Nc2nc(C(F)(F)F)nc3ccc(Nc4ccccc4)cc23)COC1,True,pass,True,0,0,,,True,True,True,True,True,True,True,True,True,True,True,True,True,True,True,True,True,True,True,True,True,True
pose001506,1506,O=S1(=O)Cc2ccc(N=Cc3c(O)[nH]c4ccc(-c5cnco5)cc34)cc2C1,True,pass,True,0,0,,,True,True,True,True,True,True,True,True,True,True,True,True,True,True,True,True,True,True,True,True,True,True
pose001507,1507,CC(C)C(=O)Nc1ncc(SCc2cc(N3CCOCC3)ccc2O)s1,True,pass,True,0,0,,,True,True,True,True,True,True,True,True,True,True,True,True,True,True,True,True,True,True,True,True,True,True
pose001508,1508,Cc1c(C(=O)N2CC=NCC2)ccn1C(=O)Nc1ccccc1Cl,True,pass,True,0,0,,,True,True,True,True,True,True,True,True,True,True,True,True,True,True,True,True,True,True,True,True,True,True
pose001509,1509,CC(=O)Nc1ccc(-c2ccc(S(=O)(=O)C(C)C)cc2)cc1,True,pass,True,0,0,,,True,True,True,True,True,True,True,True,True,True,True,True,True,True,True,True,True,True,True,True,True,True
pose001510,1510,Clc1ccccc1-c1cc(NCc2ccncc2)n2ncc(Br)c2n1,True,pass,True,0,0,,,True,True,True,True,True,True,True,True,True,True,True,True,True,True,True,True,True,True,True,True,True,True
pose001511,1511,C[C@@H](O)[C@@H](C)Oc1nc(Nc2ccc(S(=O)(=O)C(F)(F)F)cc2)ncc1C(F)(F)[C@H](O)S,True,pass,True,0,0,,,True,True,True,True,True,True,True,True,True,True,True,True,True,True,True,True,True,True,True,True,True,True
pose001512,1512,COC[C@H](Nc1nc(Nc2ccc(S(C)(=N)=O)cc2)ncc1Br)[C@H](C)O,True,pass,True,0,0,,,True,True,True,True,True,True,True,True,True,True,True,True,True,True,True,True,True,True,True,True,True,True
pose001513,1513,COc1cc(N2CCN(c3ccc(F)cc3)CC2)ccc1O,True,pass,True,0,0,,,True,True,True,True,True,True,True,True,True,True,True,True,True,True,True,True,True,True,True,True,True,True
pose001514,1514,COc1cc(N2CCN(C)CC2)ccc1-c1ccc(O)cc1,True,pass,True,0,0,,,True,True,True,True,True,True,True,True,True,True,True,True,True,True,True,True,True,True,True,True,True,True
pose001515,1515,Cn1cc(CC(=O)N2CCOCC2)c2cc(Cl)ccc21,True,pass,True,0,0,,,True,True,True,True,True,True,True,True,True,True,True,True,True,True,True,True,True,True,True,True,True,True
pose001516,1516,Cc1ccc(NC(=O)c2ccc(F)cc2N2CCOCC2)cc1,True,pass,True,0,0,,,True,True,True,True,True,True,True,True,True,True,True,True,True,True,True,True,True,True,True,True,True,True
pose001517,1517,CC(C)S(=O)(=O)c1ccc(Nc2ccc(S(N)(=O)=O)cc2)cc1,True,pass,True,0,0,,,True,True,True,True,True,True,True,True,True,True,True,True,True,True,True,True,True,True,True,True,True,True
pose001518,1518,O=C(Nc1cccc2c1C(=O)c1c(-c3ccc(C(=O)N4CCNCC4)s3)n[nH]c1-2)NN1CCOCC1,True,pass,True,0,0,,,True,True,True,True,True,True,True,True,True,True,True,True,True,True,True,True,True,True,True,True,True,True
pose001519,1519,CC=C(NCCOC)c1ccc2[nH]c(O)c(N=Nc3ccc(S(N)(=O)=O)cc3)c2c1,True,pass,True,0,0,,,True,True,True,True,True,True,True,True,True,True,True,True,True,True,True,True,True,True,True,True,True,True
pose001520,1520,C=C(C)NC(=O)c1ccc(Nc2ncc(F)c(-c3cnc(C)n3C(C)C)n2)cc1F,True,pass,True,0,0,,,True,True,True,True,True,True,True,True,True,True,True,True,True,True,True,True,True,True,True,True,True,True
pose001521,1521,CC(C)C(=O)N1CCc2cc(C(=O)NS(C)(=O)=O)ccc2C1,True,pass,True,0,0,,,True,True,True,True,True,True,True,True,True,True,True,True,True,True,True,True,True,True,True,True,True,True
pose001522,1522,C=CC(=O)Nc1ccc(C(=O)Nc2[nH]nc3ccc(-c4cncc(NC(=O)C(N)Cc5ccccc5)c4)cc23)cc1,True,pass,True,0,0,,,True,True,True,True,True,True,True,True,True,True,True,True,True,True,True,True,True,True,True,True,True,True
pose001523,1523,CCS(=N)(=O)c1ccc(Nc2ncc(Br)c(N[C@@H](C)[C@H](C)O)n2)cc1,True,pass,True,0,0,,,True,True,True,True,True,True,True,True,True,True,True,True,True,True,True,True,True,True,True,True,True,True
pose001524,1524,NS(=O)(=O)c1ccc(-c2ccc(-c3ccccc3)cc2)cc1,True,pass,True,0,0,,,True,True,True,True,True,True,True,True,True,True,True,True,True,True,True,True,True,True,True,True,True,True
pose001525,1525,CCCC(=O)c1ccc(-c2ccc(S(N)(=O)=O)cc2)cc1,True,pass,True,0,0,,,True,True,True,True,True,True,True,True,True,True,True,True,True,True,True,True,True,True,True,True,True,True
pose001526,1526,O=C(Nc1ccccc1)c1cccc(N2CCC=NCC2)c1,True,pass,True,0,0,,,True,True,True,True,True,True,True,True,True,True,True,True,True,True,True,True,True,True,True,True,True,True
pose001527,1527,N[C@H]1CCN(c2c3c(nc4ccc(-c5ccnc(NC(=O)C6CC6)n5)cc24)CCCC3)C1,True,pass,True,0,0,,,True,True,True,True,True,True,True,True,True,True,True,True,True,True,True,True,True,True,True,True,True,True
pose001528,1528,CNC(=O)c1ccc(Cc2ccc(C(=O)O)cc2)cc1,True,pass,True,0,0,,,True,True,True,True,True,True,True,True,True,True,True,True,True,True,True,True,True,True,True,True,True,True
pose001529,1529,O=C(CC1CCCC1)Nc1[nH]nc2ccc(N3CCCS3(=O)=O)cc12,True,pass,True,0,0,,,True,True,True,True,True,True,True,True,True,True,True,True,True,True,True,True,True,True,True,True,True,True
pose001530,1530,Cc1ccc(NC(=O)Cc2ccccc2)c(N2CCC(O)CC2)c1,True,pass,True,0,0,,,True,True,True,True,True,True,True,True,True,True,True,True,True,True,True,True,True,True,True,True,True,True
pose001531,1531,CC(Cc1ccc(Nc2ncc3cc4n(c3n2)C2(CCCC2)CNC4=O)nc1)N(C)C,True,pass,True,0,0,,,True,True,True,True,True,True,True,True,True,True,True,True,True,True,True,True,True,True,True,True,True,True
pose001532,1532,C[C@@H](O)[C@@H](C)Oc1nc(Nc2ccc(S(=O)(=O)C(F)(F)S(N)(=O)=O)cc2)ncc1C(F)(F)NC(F)(F)F,True,pass,True,0,0,,,True,True,True,True,True,True,True,True,True,True,True,True,True,True,True,True,True,True,True,True,True,True
pose001533,1533,NS(=O)(=O)c1ccc(-c2cccc(N3CCOCC3)c2)cc1,True,pass,True,0,0,,,True,True,True,True,True,True,True,True,True,True,True,True,True,True,True,True,True,True,True,True,True,True
pose001534,1534,CCNC(=O)c1ccc(Cc2ccc(S(N)(=O)=O)cc2)cc1,True,pass,True,0,0,,,True,True,True,True,True,True,True,True,True,True,True,True,True,True,True,True,True,True,True,True,True,True
pose001535,1535,CC(C)N1CCc2cnc(Nc3ccc(C4CC4)cc3)nc2C1,True,pass,True,0,0,,,True,True,True,True,True,True,True,True,True,True,True,True,True,True,True,True,True,True,True,True,True,True
pose001536,1536,Cc1ccc(Nc2ncc3c(n2)CN(N2CCCC2=O)CCC3)cc1,True,pass,True,0,0,,,True,True,True,True,True,True,True,True,True,True,True,True,True,True,True,True,True,True,True,True,True,True
pose001537,1537,Cc1ccccc1NC(=O)CCc1ccc(C(=O)O)cn1,True,pass,True,0,0,,,True,True,True,True,True,True,True,True,True,True,True,True,True,True,True,True,True,True,True,True,True,True
pose001538,1538,CNC(=O)c1ccc(-c2ccc(S(N)(=O)=O)cc2)cc1Br,True,pass,True,0,0,,,True,True,True,True,True,True,True,True,True,True,True,True,True,True,True,True,True,True,True,True,True,True
pose001539,1539,Cc1ncc(-c2nc(NC(=O)C(C)(C)OF)ncc2F)n1C(C)C,True,pass,True,0,0,,,True,True,True,True,True,True,True,True,True,True,True,True,True,True,True,True,True,True,True,True,True,True
pose001540,1540,COCNS(=N)(=O)c1ccc2[nH]c(O)c(N=NNN=Nc3ccc(S(N)(=O)=O)cc3)c2c1,True,pass,True,0,0,,,True,True,True,True,True,True,True,True,True,True,True,True,True,True,True,True,True,True,True,True,True,True
pose001541,1541,CN1CCN(c2ccc(-c3ccccc3)cc2O)CC1,True,pass,True,0,0,,,True,True,True,True,True,True,True,True,True,True,True,True,True,True,True,True,True,True,True,True,True,True
pose001542,1542,NS(=O)(=O)c1ccc(N2CCc3ncccc3C2)cc1,True,pass,True,0,0,,,True,True,True,True,True,True,True,True,True,True,True,True,True,True,True,True,True,True,True,True,True,True
pose001543,1543,N[C@H]1CC[C@H](c2ccc(-c3cc(N4CCCNCC4)ccn3)cc2)CC1,True,pass,True,0,0,,,True,True,True,True,True,True,True,True,True,True,True,True,True,True,True,True,True,True,True,True,True,True
pose001544,1544,Cc1nc2ccccn2c1-c1ccnc(Nc2ccc(S(N)(=O)=O)cc2)n1,True,pass,True,0,0,,,True,True,True,True,True,True,True,True,True,True,True,True,True,True,True,True,True,True,True,True,True,True
pose001545,1545,COc1cc(Nc2ncc(Br)c(N[C@H](C)[C@@H](C)O)n2)ccc1S(C)(=N)=O,True,pass,True,0,0,,,True,True,True,True,True,True,True,True,True,True,True,True,True,True,True,True,True,True,True,True,True,True
pose001546,1546,CC(=O)N1CCN(c2ccc(Nc3ccc(Cl)cc3)cc2)CC1,True,pass,True,0,0,,,True,True,True,True,True,True,True,True,True,True,True,True,True,True,True,True,True,True,True,True,True,True
pose001547,1547,CC(C)C(=O)Nc1ccc(-c2ccc(S(N)(=O)=O)cc2)cc1,True,pass,True,0,0,,,True,True,True,True,True,True,True,True,True,True,True,True,True,True,True,True,True,True,True,True,True,True
pose001548,1548,CC(=O)Nc1ccc(N2CCN(C(=O)c3ccccc3)CC2)cc1,True,pass,True,0,0,,,True,True,True,True,True,True,True,True,True,True,True,True,True,True,True,True,True,True,True,True,True,True
pose001549,1549,CCOC(=O)c1cccc2[nH]c(O)c(C=Nc3ccc(S(N)(=O)=O)cc3)c12,True,pass,True,0,0,,,True,True,True,True,True,True,True,True,True,True,True,True,True,True,True,True,True,True,True,True,True,True
pose001550,1550,CC(C)c1ccc(Nc2nccc(-c3ccc(S(N)(=O)=O)cc3)n2)cc1,True,pass,True,0,0,,,True,True,True,True,True,True,True,True,True,True,True,True,True,True,True,True,True,True,True,True,True,True
pose001551,1551,COc1ccc(-c2nn(-c3ccccc3)cc2C(=O)NC(=S)Nc2ccc(C)cc2)cn1,True,pass,True,0,0,,,True,True,True,True,True,True,True,True,True,True,True,True,True,True,True,True,True,True,True,True,True,True
pose001552,1552,NS(=O)(=O)c1ccc(CCCc2ccc(Cl)cc2)cc1,True,pass,True,0,0,,,True,True,True,True,True,True,True,True,True,True,True,True,True,True,True,True,True,True,True,True,True,True
pose001553,1553,CN1CCN(c2ccc(NNc3ccc(N4CCN(C(=O)CO)CC4)cc3)cc2)CC1,True,pass,True,0,0,,,True,True,True,True,True,True,True,True,True,True,True,True,True,True,True,True,True,True,True,True,True,True
pose001554,1554,CN1CCN(c2ccc(-c3ccc(Nc4ncc5c(n4)-c4c(c(C(N)=O)nn4C)CC5)cc3)cc2)CC1,True,pass,True,0,0,,,True,True,True,True,True,True,True,True,True,True,True,True,True,True,True,True,True,True,True,True,True,True
pose001555,1555,CC(=CNCc1ccc(-c2cnco2)cc1)c1ccc2[nH]c(O)c(N=Nc3ccc(S(N)(=O)=O)cc3)c2c1,True,pass,True,0,0,,,True,True,True,True,True,True,True,True,True,True,True,True,True,True,True,True,True,True,True,True,True,True
pose001556,1556,COc1cccc2c1cc1c3c(cc4c(c32)OCO4)C(=O)N1,True,pass,True,0,0,,,True,True,True,True,True,True,True,True,True,True,True,True,True,True,True,True,True,True,True,True,True,True
pose001557,1557,CC(C)=CC(=O)N[C@@H](NC(=O)c1ccc(Nc2ncc(F)c(-c3cnc(C)n3C(C)C)n2)cc1)SCO,True,pass,True,0,0,,,True,True,True,True,True,True,True,True,True,True,True,True,True,True,True,True,True,True,True,True,True,True
pose001558,1558,C=C(C)C(=O)NC(=O)c1ccc(Nc2ncc(F)c(-c3cnc(C)n3C(C)C)n2)cc1F,True,pass,True,0,0,,,True,True,True,True,True,True,True,True,True,True,True,True,True,True,True,True,True,True,True,True,True,True
pose001559,1559,CN1CCC(Cc2ccc(Cc3ccccc3)c(O)c2)CC1,True,pass,True,0,0,,,True,True,True,True,True,True,True,True,True,True,True,True,True,True,True,True,True,True,True,True,True,True
pose001560,1560,O=C(Nc1[nH]nc2ccc(N3CCCS3(=O)=O)cc12)C1=CC1,True,pass,True,0,0,,,True,True,True,True,True,True,True,True,True,True,True,True,True,True,True,True,True,True,True,True,True,True
pose001561,1561,C=C(C)C(=O)NC(=O)C(=O)C(=O)c1ccc(Nc2ncc(F)c(-c3cnc(C)n3C(C)C)n2)cc1,True,pass,True,0,0,,,True,True,True,True,True,True,True,True,True,True,True,True,True,True,True,True,True,True,True,True,True,True
pose001562,1562,CC(C)c1cnn2c(NCc3ccccc3N(C)C)nc(OC3CCN(C)CC3)nc12,True,pass,True,0,0,,,True,True,True,True,True,True,True,True,True,True,True,True,True,True,True,True,True,True,True,True,True,True
pose001563,1563,CC=C(c1ccc2[nH]c(O)c(NNc3ccc(NN=Nc4ccc(S(N)(=O)=O)cc4)cc3)c2c1S)S(N)(=O)=O,True,pass,True,0,0,,,True,True,True,True,True,True,True,True,True,True,True,True,True,True,True,True,True,True,True,True,True,True
pose001564,1564,COc1ccc(NC(=O)c2ccc(F)cc2OC)cc1Cl,True,pass,True,0,0,,,True,True,True,True,True,True,True,True,True,True,True,True,True,True,True,True,True,True,True,True,True,True
pose001565,1565,CN1CCN(c2ccc(CCc3ccc(O)cc3)cc2)CC1,True,pass,True,0,0,,,True,True,True,True,True,True,True,True,True,True,True,True,True,True,True,True,True,True,True,True,True,True
pose001566,1566,CCN1CCc2cnc(Nc3ccc(S(N)(=O)=O)cc3)nc2C1,True,pass,True,0,0,,,True,True,True,True,True,True,True,True,True,True,True,True,True,True,True,True,True,True,True,True,True,True
pose001567,1567,COc1ccc(Nc2ccc3c(c2)CCN(C(=O)C(C)C)C3)cc1,True,pass,True,0,0,,,True,True,True,True,True,True,True,True,True,True,True,True,True,True,True,True,True,True,True,True,True,True
pose001568,1568,CC(C)Oc1cccc(C(=O)c2ccc(S(N)(=O)=O)cc2)c1,True,pass,True,0,0,,,True,True,True,True,True,True,True,True,True,True,True,True,True,True,True,True,True,True,True,True,True,True
pose001569,1569,O=C(Nc1ccccc1)Oc1ncc(F)c(N2CCCOCC2)n1,True,pass,True,0,0,,,True,True,True,True,True,True,True,True,True,True,True,True,True,True,True,True,True,True,True,True,True,True
pose001570,1570,Cc1ncc(-c2nc(NC(=O)C(C)C)ncc2F)n1C(C)C,True,pass,True,0,0,,,True,True,True,True,True,True,True,True,True,True,True,True,True,True,True,True,True,True,True,True,True,True
pose001571,1571,CC(C)(c1ccc(-c2ccc(S(N)(=O)=O)cc2)cc1)C1CC1,True,pass,True,0,0,,,True,True,True,True,True,True,True,True,True,True,True,True,True,True,True,True,True,True,True,True,True,True
pose001572,1572,CCNC(=O)N1CCC(Nc2nccc(-c3cnc4ccccn34)n2)CC1,True,pass,True,0,0,,,True,True,True,True,True,True,True,True,True,True,True,True,True,True,True,True,True,True,True,True,True,True
pose001573,1573,CN1CCN(c2ccc(Nc3ccccc3)c(Cl)c2)CC1,True,pass,True,0,0,,,True,True,True,True,True,True,True,True,True,True,True,True,True,True,True,True,True,True,True,True,True,True
pose001574,1574,COc1cccc(CC(=O)NC(=O)c2ccc(F)cc2)c1,True,pass,True,0,0,,,True,True,True,True,True,True,True,True,True,True,True,True,True,True,True,True,True,True,True,True,True,True
pose001575,1575,Cc1ncc(-c2nc(Nc3ccc(-c4c(O)[nH]c5ccc(C(N)=O)cc45)cc3)ncc2F)n1C(C)C,True,pass,True,0,0,,,True,True,True,True,True,True,True,True,True,True,True,True,True,True,True,True,True,True,True,True,True,True
pose001576,1576,Cn1cc(C2=C(c3coc4cc(CO)ccc34)C(=O)NC2=O)c2cc(F)ccc21,True,pass,True,0,0,,,True,True,True,True,True,True,True,True,True,True,True,True,True,True,True,True,True,True,True,True,True,True
pose001577,1577,C1=C/COCc2cc(ccc2OCCN2CCCC2)Nc2nccc(n2)-c2ccc(o2)COC/1,True,pass,True,0,0,,,True,True,True,True,True,True,True,True,True,True,True,True,True,True,True,True,True,True,True,True,True,True
pose001578,1578,O=C(O)c1ccc(C(=O)Nc2cc(C3CC3)[nH]n2)cc1,True,pass,True,0,0,,,True,True,True,True,True,True,True,True,True,True,True,True,True,True,True,True,True,True,True,True,True,True
pose001579,1579,CN(C)c1ccc(-c2ccc(N3CCNCC3)cc2)cc1,True,pass,True,0,0,,,True,True,True,True,True,True,True,True,True,True,True,True,True,True,True,True,True,True,True,True,True,True
pose001580,1580,CCC(C)(C)Nc1nccc(-c2ccc(S(N)(=O)=O)cc2)n1,True,pass,True,0,0,,,True,True,True,True,True,True,True,True,True,True,True,True,True,True,True,True,True,True,True,True,True,True
pose001581,1581,CC[C@H](Nc1nc(NC2CC2)c2ncn(C(C)C)c2n1)[C@@H](C)O,True,pass,True,0,0,,,True,True,True,True,True,True,True,True,True,True,True,True,True,True,True,True,True,True,True,True,True,True
pose001582,1582,CC(C)(C)OC(=O)N1CCC(NC(=O)Cc2cccc(Cl)c2)CC1,True,pass,True,0,0,,,True,True,True,True,True,True,True,True,True,True,True,True,True,True,True,True,True,True,True,True,True,True
pose001583,1583,N[C@@H]1CCCN(CSCc2c(O)[nH]c3ccc(Br)cc23)C1,True,pass,True,0,0,,,True,True,True,True,True,True,True,True,True,True,True,True,True,True,True,True,True,True,True,True,True,True
pose001584,1584,CS(=O)(=O)N1CCC(Nc2ncc3c(n2)N(Cc2ccc(O)c(O)c2)C(=O)C32CC2)CC1,True,pass,True,0,0,,,True,True,True,True,True,True,True,True,True,True,True,True,True,True,True,True,True,True,True,True,True,True
pose001585,1585,COc1ccc(Cc2nc(C3CCCCC3)ncc2C)c(O)c1,True,pass,True,0,0,,,True,True,True,True,True,True,True,True,True,True,True,True,True,True,True,True,True,True,True,True,True,True
pose001586,1586,CNC(=O)c1ccc(-c2ccc(C(=O)N(C)C)cc2)cc1,True,pass,True,0,0,,,True,True,True,True,True,True,True,True,True,True,True,True,True,True,True,True,True,True,True,True,True,True
pose001587,1587,CC(C)S(=O)(=O)Nc1ccc(-c2ccc(S(N)(=O)=O)cc2)cc1,True,pass,True,0,0,,,True,True,True,True,True,True,True,True,True,True,True,True,True,True,True,True,True,True,True,True,True,True
pose001588,1588,COc1ccc(Nc2ccc(S(N)(=O)=O)cc2)cc1C,True,pass,True,0,0,,,True,True,True,True,True,True,True,True,True,True,True,True,True,True,True,True,True,True,True,True,True,True
pose001589,1589,CCNc1ccc2[nH]nc(NC(=O)Cc3ccccc3)c2c1,True,pass,True,0,0,,,True,True,True,True,True,True,True,True,True,True,True,True,True,True,True,True,True,True,True,True,True,True
pose001590,1590,C[C@@H](O)[C@@H](C)Nc1nc(Nc2ccc(S(=N)(=O)O)cc2)ncc1Br,True,pass,True,0,0,,,True,True,True,True,True,True,True,True,True,True,True,True,True,True,True,True,True,True,True,True,True,True
pose001591,1591,Cc1nc2c(F)cc(-c3nc(Nc4ccc5c(n4)CCNC5)ncc3F)cc2n1C(C)C1CC1,True,pass,True,0,0,,,True,True,True,True,True,True,True,True,True,True,True,True,True,True,True,True,True,True,True,True,True,True
pose001592,1592,CC(=O)c1ccc(C(=O)Nc2ccc(S(C)(=O)=O)cc2)cc1,True,pass,True,0,0,,,True,True,True,True,True,True,True,True,True,True,True,True,True,True,True,True,True,True,True,True,True,True
pose001593,1593,C=C(C)C=CC=Cc1ccc(Nc2ncc(F)c(-c3cnc(C)n3C(C)C)n2)cc1F,True,pass,True,0,0,,,True,True,True,True,True,True,True,True,True,True,True,True,True,True,True,True,True,True,True,True,True,True
pose001594,1594,CC(C)N1CCN(c2nc(NN3CCCCC3)nc3nc[nH]c23)CC1,True,pass,True,0,0,,,True,True,True,True,True,True,True,True,True,True,True,True,True,True,True,True,True,True,True,True,True,True
pose001595,1595,COCc1cc(C(=O)Nc2cc(C(C)C[CH]Oc3c(F)cccc3Cl)[nH]n2)n(C)n1,True,fail,False,1,0,no_radicals,,True,True,True,True,True,False,True,True,True,True,True,True,True,True,True,True,True,True,True,True,True,True
pose001596,1596,N=C1NC(=O)/C(=C/c2ccc(-c3c(S)cccc3C3CCCCC3)o2)S1,True,pass,True,0,0,,,True,True,True,True,True,True,True,True,True,True,True,True,True,True,True,True,True,True,True,True,True,True
pose001597,1597,Nc1nc2ccc(C(=Cc3nn[nH]n3)c3c(F)cccc3F)cn2c1C(=O)c1c(F)cccc1F,True,pass,True,0,0,,,True,True,True,True,True,True,True,True,True,True,True,True,True,True,True,True,True,True,True,True,True,True
pose001598,1598,O=C(O)c1cc(-c2ccccc2)ccc1N1CCCC1,True,pass,True,0,0,,,True,True,True,True,True,True,True,True,True,True,True,True,True,True,True,True,True,True,True,True,True,True
pose001599,1599,CN(C)c1cccc(C(=O)Nc2c(F)cccc2F)c1,True,pass,True,0,0,,,True,True,True,True,True,True,True,True,True,True,True,True,True,True,True,True,True,True,True,True,True,True
pose001600,1600,CC=Cc1ccc2[nH]c(O)c(NNc3ccc(N=Nc4ccc(S(N)(=O)=O)cc4)cc3)c2c1S,True,pass,True,0,0,,,True,True,True,True,True,True,True,True,True,True,True,True,True,True,True,True,True,True,True,True,True,True
pose001601,1601,CCC(=O)Nc1ccc(NC(=O)c2ccc(OC)cc2)cc1,True,pass,True,0,0,,,True,True,True,True,True,True,True,True,True,True,True,True,True,True,True,True,True,True,True,True,True,True
pose001602,1602,CC(C)NC(=O)c1ccc(-c2ccc(S(N)(=O)=O)cc2)cc1,True,pass,True,0,0,,,True,True,True,True,True,True,True,True,True,True,True,True,True,True,True,True,True,True,True,True,True,True
pose001603,1603,OCCOc1ccc(Nc2nccc(Nc3ccc(Cl)cc3)n2)cc1,True,pass,True,0,0,,,True,True,True,True,True,True,True,True,True,True,True,True,True,True,True,True,True,True,True,True,True,True
pose001604,1604,Cc1nc2c(F)cc(-c3nc(Nc4ccc5c(n4)CCN(CC(C)(C)N)C5)ncc3F)cc2n1C1CC1,True,pass,True,0,0,,,True,True,True,True,True,True,True,True,True,True,True,True,True,True,True,True,True,True,True,True,True,True
pose001605,1605,CC(C)=NC(=S)NC(=O)c1ccc(Nc2ncc(F)c(-c3cnc(C)n3C(C)C)n2)cc1F,True,pass,True,0,0,,,True,True,True,True,True,True,True,True,True,True,True,True,True,True,True,True,True,True,True,True,True,True
pose001606,1606,CCCn1c(-c2nc(NC3CSC3)ncc2F)cnc1C,True,pass,True,0,0,,,True,True,True,True,True,True,True,True,True,True,True,True,True,True,True,True,True,True,True,True,True,True
pose001607,1607,CC1CCC(c2nc(OCN3CCN(C(C)C)CC3)c3[nH]cnc3n2)CC1,True,pass,True,0,0,,,True,True,True,True,True,True,True,True,True,True,True,True,True,True,True,True,True,True,True,True,True,True
pose001608,1608,Cc1ncc(-c2nc(NS(C)(=O)=O)ncc2F)n1C(C)C,True,pass,True,0,0,,,True,True,True,True,True,True,True,True,True,True,True,True,True,True,True,True,True,True,True,True,True,True
pose001609,1609,C=CNC(=O)N1CCC(c2ccc(O)c(NC(=O)C3CCC3)c2)CC1,True,pass,True,0,0,,,True,True,True,True,True,True,True,True,True,True,True,True,True,True,True,True,True,True,True,True,True,True
pose001610,1610,CN(C)C(=O)c1ccnc(-c2ccc([C@H]3CC[C@H](N)CC3)cc2)c1,True,pass,True,0,0,,,True,True,True,True,True,True,True,True,True,True,True,True,True,True,True,True,True,True,True,True,True,True
pose001611,1611,C[C@@H](Oc1nc(Nc2ccc(S(=O)(=O)[C@H](C)[C@@H](C)O)cc2)ncc1C(F)(F)F)O[C@H](C)[C@H](O)C(F)(F)F,True,pass,True,0,0,,,True,True,True,True,True,True,True,True,True,True,True,True,True,True,True,True,True,True,True,True,True,True
pose001612,1612,Cc1ncc(-c2nc(Nc3ccc(NNC(=O)Nc4ccc(C(N)=O)cc4)cc3)ncc2F)n1C(C)C,True,pass,True,0,0,,,True,True,True,True,True,True,True,True,True,True,True,True,True,True,True,True,True,True,True,True,True,True
pose001613,1613,C[C@H]1CCC[C@@H]1N1C(=O)C2(CC2)c2cnc(Nc3ccc(CN(C)C)cc3)nc21,True,pass,True,0,0,,,True,True,True,True,True,True,True,True,True,True,True,True,True,True,True,True,True,True,True,True,True,True
pose001614,1614,CCCCc1c(C)c2cnc(Nc3ccc(N4CCNCC4)cn3)nc2n(C2CCCC2)c1=O,True,pass,True,0,0,,,True,True,True,True,True,True,True,True,True,True,True,True,True,True,True,True,True,True,True,True,True,True
pose001615,1615,Cc1ncc(-c2ccnc(Nc3ccc(C(=O)C(N)=O)cc3)n2)n1C(C)C,True,pass,True,0,0,,,True,True,True,True,True,True,True,True,True,True,True,True,True,True,True,True,True,True,True,True,True,True
pose001616,1616,CC(C)Nc1ccc(-c2ccc(C(=O)N(C)C)cc2)cn1,True,pass,True,0,0,,,True,True,True,True,True,True,True,True,True,True,True,True,True,True,True,True,True,True,True,True,True,True
pose001617,1617,CCc1ccc(CC(=O)Cc2ccc(S(N)(=O)=O)cc2)cc1,True,pass,True,0,0,,,True,True,True,True,True,True,True,True,True,True,True,True,True,True,True,True,True,True,True,True,True,True
pose001618,1618,ON=C(O)CCCn1cc(CNC2CC2)c(-c2ccccc2)n1,True,pass,True,0,0,,,True,True,True,True,True,True,True,True,True,True,True,True,True,True,True,True,True,True,True,True,True,True
pose001619,1619,CNC(=O)CCNc1ncc(F)c(-c2cnc(C)n2C(C)C)n1,True,pass,True,0,0,,,True,True,True,True,True,True,True,True,True,True,True,True,True,True,True,True,True,True,True,True,True,True
pose001620,1620,CN1CCN(c2cccc3[nH]c(-c4[nH]nc5cc(-c6ccc(CO)cc6)ccc45)nc23)CC1,True,pass,True,0,0,,,True,True,True,True,True,True,True,True,True,True,True,True,True,True,True,True,True,True,True,True,True,True
pose001621,1621,COc1ccc(C(=O)CC(=O)c2ccc3[nH]c(O)c(C=Nc4ccc(S(N)(=O)=O)cc4)c3c2)cc1,True,pass,True,0,0,,,True,True,True,True,True,True,True,True,True,True,True,True,True,True,True,True,True,True,True,True,True,True
pose001622,1622,Cc1ccc(Nc2ncc(F)c(-c3cnc(C)n3C(C)C)n2)cc1,True,pass,True,0,0,,,True,True,True,True,True,True,True,True,True,True,True,True,True,True,True,True,True,True,True,True,True,True
pose001623,1623,Cc1ncc(-c2ccnc(NC3CCOCC3)n2)n1C1CCCCC1,True,pass,True,0,0,,,True,True,True,True,True,True,True,True,True,True,True,True,True,True,True,True,True,True,True,True,True,True
pose001624,1624,COc1ccc(-c2ccc(C3CCN(C)CC3)cc2O)cc1,True,pass,True,0,0,,,True,True,True,True,True,True,True,True,True,True,True,True,True,True,True,True,True,True,True,True,True,True
pose001625,1625,Cc1ncc(-c2ccnc(Nc3ccc(C(N)=O)c(F)c3)n2)n1C(C)C,True,pass,True,0,0,,,True,True,True,True,True,True,True,True,True,True,True,True,True,True,True,True,True,True,True,True,True,True
pose001626,1626,CC(C)c1ccc(-c2ccc(NC(=O)CN3CC=NCC3)cc2)cc1,True,pass,True,0,0,,,True,True,True,True,True,True,True,True,True,True,True,True,True,True,True,True,True,True,True,True,True,True
pose001627,1627,CC(C)(C)C(=O)NC(=O)Nc1ncc(F)c(Nc2c(F)cccc2F)n1,True,pass,True,0,0,,,True,True,True,True,True,True,True,True,True,True,True,True,True,True,True,True,True,True,True,True,True,True
pose001628,1628,CCc1ccc(Nc2ccc3c(n2)CCN(C(=O)C(C)C)C3)cc1,True,pass,True,0,0,,,True,True,True,True,True,True,True,True,True,True,True,True,True,True,True,True,True,True,True,True,True,True
pose001629,1629,C[C@@H](Oc1nc(Nc2ccc(S(=O)(=O)[C@H](C)[C@@H](C)O)cc2)ncc1C(F)(F)F)O[C@H](C)[C@H](C)NSS(=O)(=O)S,True,pass,True,0,0,,,True,True,True,True,True,True,True,True,True,True,True,True,True,True,True,True,True,True,True,True,True,True
pose001630,1630,CCC(=O)c1ccc(-c2ccc(S(N)(=O)=O)cc2)cc1,True,pass,True,0,0,,,True,True,True,True,True,True,True,True,True,True,True,True,True,True,True,True,True,True,True,True,True,True
pose001631,1631,O=C(Nc1ccc(CN2CCOCC2)cc1)c1cccc(F)c1,True,pass,True,0,0,,,True,True,True,True,True,True,True,True,True,True,True,True,True,True,True,True,True,True,True,True,True,True
pose001632,1632,CCc1ccc2c(n1)CCN(c1ccc(S(N)(=O)=O)cc1)C2,True,pass,True,0,0,,,True,True,True,True,True,True,True,True,True,True,True,True,True,True,True,True,True,True,True,True,True,True
pose001633,1633,C[C@@H](Nc1nc(Nc2ccc(S(=N)(=O)C3CC3)cc2)ncc1Br)C(C)(C)O,True,pass,True,0,0,,,True,True,True,True,True,True,True,True,True,True,True,True,True,True,True,True,True,True,True,True,True,True
pose001634,1634,Cc1ccc(CNc2ccc(N3CCCN(C)CC3)cc2)cc1,True,pass,True,0,0,,,True,True,True,True,True,True,True,True,True,True,True,True,True,True,True,True,True,True,True,True,True,True
pose001635,1635,Cc1ccccc1CNCc1ccc(N2CCN(C)CC2)cc1,True,pass,True,0,0,,,True,True,True,True,True,True,True,True,True,True,True,True,True,True,True,True,True,True,True,True,True,True
pose001636,1636,CCc1ccc(NC(=O)C2CCN(C(C)=O)CC2)cc1,True,pass,True,0,0,,,True,True,True,True,True,True,True,True,True,True,True,True,True,True,True,True,True,True,True,True,True,True
pose001637,1637,NS(=O)(=O)c1ccc(-c2ccc(NC(=O)C3CCCC3)cc2)cc1,True,pass,True,0,0,,,True,True,True,True,True,True,True,True,True,True,True,True,True,True,True,True,True,True,True,True,True,True
pose001638,1638,CN1CCN(c2ccc(-c3cccc(CO)c3)cc2)CC1,True,pass,True,0,0,,,True,True,True,True,True,True,True,True,True,True,True,True,True,True,True,True,True,True,True,True,True,True
pose001639,1639,CC(C)(C)c1ccc(C(=O)Nc2ccc(S(N)(=O)=O)cc2)cc1,True,pass,True,0,0,,,True,True,True,True,True,True,True,True,True,True,True,True,True,True,True,True,True,True,True,True,True,True
pose001640,1640,Cc1ncc(-c2nc(NN3CCC3)ncc2F)n1C(C)C,True,pass,True,0,0,,,True,True,True,True,True,True,True,True,True,True,True,True,True,True,True,True,True,True,True,True,True,True
pose001641,1641,CN1CCN(c2ccc(NNSNNc3ncc4c(n3)-c3c(c(C(N)=O)nn3C)CC4)cc2)CC1,True,pass,True,0,0,,,True,True,True,True,True,True,True,True,True,True,True,True,True,True,True,True,True,True,True,True,True,True
pose001642,1642,CN1CCN(c2ccc(Nc3ncc4c(n3)-c3c(c(C(N)=O)nn3C)CC4)cc2)SC1,True,pass,True,0,0,,,True,True,True,True,True,True,True,True,True,True,True,True,True,True,True,True,True,True,True,True,True,True
pose001643,1643,CCS(=O)(=O)Nc1ccc2n[nH]c(Nc3ccc(S(N)(=O)=O)cc3)c2c1,True,pass,True,0,0,,,True,True,True,True,True,True,True,True,True,True,True,True,True,True,True,True,True,True,True,True,True,True
pose001644,1644,NS(=O)(=O)c1ccc(Cc2ccc(OC(F)(F)F)cc2)cc1,True,pass,True,0,0,,,True,True,True,True,True,True,True,True,True,True,True,True,True,True,True,True,True,True,True,True,True,True
pose001645,1645,C=C(C)c1ccc2[nH]c(N3CCCN(C)CC3)nc2c1,True,pass,True,0,0,,,True,True,True,True,True,True,True,True,True,True,True,True,True,True,True,True,True,True,True,True,True,True
pose001646,1646,CN1CCN(c2ccc(-c3cccc(N4CCCNCC4)n3)cc2)CC1,True,pass,True,0,0,,,True,True,True,True,True,True,True,True,True,True,True,True,True,True,True,True,True,True,True,True,True,True
pose001647,1647,Cn1nc(C(N)=O)c2c1-c1nc(Nc3ccc(N4CCOCC4)cc3)ncc1CC2,True,pass,True,0,0,,,True,True,True,True,True,True,True,True,True,True,True,True,True,True,True,True,True,True,True,True,True,True
pose001648,1648,COC(=O)NC(=O)c1ccc2c(c1)CCN(C(=O)C(C)C)C2,True,fail,False,1,0,internal_steric_clash,,True,True,True,True,True,True,True,True,False,True,True,True,True,True,True,True,True,True,True,True,True,True
pose001649,1649,O=C(NC1CCN(C(=O)c2ccccc2)CC1)Oc1ccccc1,True,pass,True,0,0,,,True,True,True,True,True,True,True,True,True,True,True,True,True,True,True,True,True,True,True,True,True,True
pose001650,1650,Cc1ncc(NC(=O)CC(=O)c2ccc(Nc3ncc(F)c(-c4cnc(C)n4C(C)C)n3)cc2)n1C(C)C,True,pass,True,0,0,,,True,True,True,True,True,True,True,True,True,True,True,True,True,True,True,True,True,True,True,True,True,True
pose001651,1651,COC(=O)NC(=O)c1cccc(Cc2cc(-c3ccc(OC)cc3)ccn2)c1,True,fail,False,1,0,internal_steric_clash,,True,True,True,True,True,True,True,True,False,True,True,True,True,True,True,True,True,True,True,True,True,True
pose001652,1652,O=C(Cc1ccc(OC(F)(F)F)cc1)Nc1cc(COc2cccnc2)[nH]n1,True,pass,True,0,0,,,True,True,True,True,True,True,True,True,True,True,True,True,True,True,True,True,True,True,True,True,True,True
pose001653,1653,CN1CCN(Cc2ccc(-c3ccc(O)cc3)cc2)CC1,True,pass,True,0,0,,,True,True,True,True,True,True,True,True,True,True,True,True,True,True,True,True,True,True,True,True,True,True
pose001654,1654,N[C@H]1CC[C@H](Nc2ccc(S(=O)(=O)N[C@H]3CC[C@H](N)CC3)cc2)CC1,True,pass,True,0,0,,,True,True,True,True,True,True,True,True,True,True,True,True,True,True,True,True,True,True,True,True,True,True
pose001655,1655,COc1cccc(OC)c1CNC(=O)c1ccc2[nH]c(O)c(N=Nc3ccc(S(N)(=O)=O)cc3)c2c1,True,pass,True,0,0,,,True,True,True,True,True,True,True,True,True,True,True,True,True,True,True,True,True,True,True,True,True,True
pose001656,1656,O=C(NC(=O)N1CCN(C(=O)c2ccccc2)CC1)c1ccccc1,True,pass,True,0,0,,,True,True,True,True,True,True,True,True,True,True,True,True,True,True,True,True,True,True,True,True,True,True
pose001657,1657,O=C(O)c1cc(O)c(O)c2c1c([N+](=O)[O-])cc1c(O)cccc12,True,pass,True,0,0,,,True,True,True,True,True,True,True,True,True,True,True,True,True,True,True,True,True,True,True,True,True,True
pose001658,1658,CCN(CC)S(=O)(=O)c1cccc(Nc2nccc(-c3ccnc(-c4ccc(NC(=O)NC)cc4)c3)n2)c1,True,pass,True,0,0,,,True,True,True,True,True,True,True,True,True,True,True,True,True,True,True,True,True,True,True,True,True,True
pose001659,1659,Cc1ccc(Nc2ncc3cc(C(=O)NC(C)(C)C)n(C4CCCC4)c3n2)cc1,True,pass,True,0,0,,,True,True,True,True,True,True,True,True,True,True,True,True,True,True,True,True,True,True,True,True,True,True
pose001660,1660,CCc1ccc(-c2ccc(NC(C)=O)cc2)cc1OC,True,pass,True,0,0,,,True,True,True,True,True,True,True,True,True,True,True,True,True,True,True,True,True,True,True,True,True,True
pose001661,1661,CC(C)(C)c1cnc(CSc2cnc(N[C@H]3CC[C@H](O)CC3)s2)o1,True,pass,True,0,0,,,True,True,True,True,True,True,True,True,True,True,True,True,True,True,True,True,True,True,True,True,True,True
pose001662,1662,NS(=O)(=O)c1ccc(Cc2ccc(OC(F)F)cc2)cc1,True,pass,True,0,0,,,True,True,True,True,True,True,True,True,True,True,True,True,True,True,True,True,True,True,True,True,True,True
pose001663,1663,COc1cc(F)ccc1-c1ccc(N2CCCNCC2)cc1,True,pass,True,0,0,,,True,True,True,True,True,True,True,True,True,True,True,True,True,True,True,True,True,True,True,True,True,True
pose001664,1664,CC(C)=CC(=O)c1ccc(Nc2nccc(-c3cnc(C)n3C(C)C)n2)cc1,True,pass,True,0,0,,,True,True,True,True,True,True,True,True,True,True,True,True,True,True,True,True,True,True,True,True,True,True
pose001665,1665,O=C1NCC2(CCCCC2)n2c1cc1cnc(-c3ccc(C(F)(F)F)cc3)nc12,True,pass,True,0,0,,,True,True,True,True,True,True,True,True,True,True,True,True,True,True,True,True,True,True,True,True,True,True
pose001666,1666,COc1cccc(C(=O)Nc2ccc(N3CCN(C)CC3)cc2)c1,True,pass,True,0,0,,,True,True,True,True,True,True,True,True,True,True,True,True,True,True,True,True,True,True,True,True,True,True
pose001667,1667,O=c1[nH]c(O)c(C=NCc2ccc(-c3ccoc3)c(O)c2)c2cc(I)ccc12,True,pass,True,0,0,,,True,True,True,True,True,True,True,True,True,True,True,True,True,True,True,True,True,True,True,True,True,True
pose001668,1668,O=C1CCCCN1c1ccc(NCc2ccccc2)c(Cl)c1,True,pass,True,0,0,,,True,True,True,True,True,True,True,True,True,True,True,True,True,True,True,True,True,True,True,True,True,True
pose001669,1669,CCCNC(=O)c1ccc(Nc2ncc(F)c(-c3cnc(C)n3C(C)C)n2)cc1F,True,pass,True,0,0,,,True,True,True,True,True,True,True,True,True,True,True,True,True,True,True,True,True,True,True,True,True,True
pose001670,1670,NS(=O)(=O)c1ccc(N=NN=Cc2c(O)[nH]c3ccc(-c4cnco4)cc23)cc1,True,pass,True,0,0,,,True,True,True,True,True,True,True,True,True,True,True,True,True,True,True,True,True,True,True,True,True,True
pose001671,1671,Fc1ccccc1CNc1ccc(N2CCOCC2)nc1,True,pass,True,0,0,,,True,True,True,True,True,True,True,True,True,True,True,True,True,True,True,True,True,True,True,True,True,True
pose001672,1672,CC(CCO)C(=O)NCCc1nn2c(COc3ccc(Cl)cc3)nnc2s1,True,pass,True,0,0,,,True,True,True,True,True,True,True,True,True,True,True,True,True,True,True,True,True,True,True,True,True,True
pose001673,1673,COc1cc(CNc2ccccc2)ccc1N1CCN(C)CC1,True,pass,True,0,0,,,True,True,True,True,True,True,True,True,True,True,True,True,True,True,True,True,True,True,True,True,True,True
pose001674,1674,CC(C)c1cc(-c2ccc(S(N)(=O)=O)cc2)c(F)cn1,True,pass,True,0,0,,,True,True,True,True,True,True,True,True,True,True,True,True,True,True,True,True,True,True,True,True,True,True
pose001675,1675,C=C(C)n1c(Nc2ccc(S(N)(=O)=O)cc2)cnc1C,True,pass,True,0,0,,,True,True,True,True,True,True,True,True,True,True,True,True,True,True,True,True,True,True,True,True,True,True
pose001676,1676,CC(=O)N1CCCN(Cc2ccc(NC(=O)CN(C)C)cc2)CC1,True,pass,True,0,0,,,True,True,True,True,True,True,True,True,True,True,True,True,True,True,True,True,True,True,True,True,True,True
pose001677,1677,CCN(CC)C(=O)c1cccc(C(=O)Nc2ccccc2)c1,True,pass,True,0,0,,,True,True,True,True,True,True,True,True,True,True,True,True,True,True,True,True,True,True,True,True,True,True
pose001678,1678,CN(c1ccccn1)S(=O)(=O)c1ccc(N=Cc2c(O)[nH]c3ccc4ncsc4c23)cc1,True,pass,True,0,0,,,True,True,True,True,True,True,True,True,True,True,True,True,True,True,True,True,True,True,True,True,True,True
pose001679,1679,C=C(C)Nc1ccc(-c2ccc(S(N)(=O)=O)cc2)cc1,True,pass,True,0,0,,,True,True,True,True,True,True,True,True,True,True,True,True,True,True,True,True,True,True,True,True,True,True
pose001680,1680,O=C(Cc1ccc(Nc2ccccc2)cc1)N1CCCC1,True,pass,True,0,0,,,True,True,True,True,True,True,True,True,True,True,True,True,True,True,True,True,True,True,True,True,True,True
pose001681,1681,N#C/C=C(/c1ccc2nc(N)c(C(=O)c3c(F)cccc3F)n2c1)c1c(F)cccc1F,True,pass,True,0,0,,,True,True,True,True,True,True,True,True,True,True,True,True,True,True,True,True,True,True,True,True,True,True
pose001682,1682,CCN1CCN(c2ccc(-c3ccc(O)cc3)cc2)CC1,True,pass,True,0,0,,,True,True,True,True,True,True,True,True,True,True,True,True,True,True,True,True,True,True,True,True,True,True
pose001683,1683,NS(=O)(=O)c1ccc(-c2ccc(CN3CCOCC3)cc2)cc1,True,pass,True,0,0,,,True,True,True,True,True,True,True,True,True,True,True,True,True,True,True,True,True,True,True,True,True,True
pose001684,1684,CC(C)Nc1ccc(-c2cccc(S(N)(=O)=O)c2)cc1,True,pass,True,0,0,,,True,True,True,True,True,True,True,True,True,True,True,True,True,True,True,True,True,True,True,True,True,True
pose001685,1685,Cc1ncc(-c2nc(Nc3ccc(C(=O)C(CNBr)CC(=O)C(O)C(C)C)cc3)ncc2F)n1C(C)C,True,pass,True,0,0,,,True,True,True,True,True,True,True,True,True,True,True,True,True,True,True,True,True,True,True,True,True,True
pose001686,1686,CNC(=O)c1ccc(-c2ccc(S(N)(=O)=O)cc2)c(OC)c1,True,pass,True,0,0,,,True,True,True,True,True,True,True,True,True,True,True,True,True,True,True,True,True,True,True,True,True,True
pose001687,1687,CCNc1ccc(-c2ccc(S(N)(=O)=O)cc2)c(C)c1,True,pass,True,0,0,,,True,True,True,True,True,True,True,True,True,True,True,True,True,True,True,True,True,True,True,True,True,True
pose001688,1688,Clc1cccc(Nc2nccc(-c3cnc4ccccn34)n2)c1,True,pass,True,0,0,,,True,True,True,True,True,True,True,True,True,True,True,True,True,True,True,True,True,True,True,True,True,True
pose001689,1689,CCCCNc1ncc2c(n1)-c1c(c(C3CCNCC3)nn1C)C(C)(C)C2,True,pass,True,0,0,,,True,True,True,True,True,True,True,True,True,True,True,True,True,True,True,True,True,True,True,True,True,True
pose001690,1690,Cc1ncc(-c2nc(NC(=O)C(C)(C)C)ncc2F)n1CC1CCC1,True,pass,True,0,0,,,True,True,True,True,True,True,True,True,True,True,True,True,True,True,True,True,True,True,True,True,True,True
pose001691,1691,COc1ccccc1Nc1ccc(N2CCOCC2)cc1,True,pass,True,0,0,,,True,True,True,True,True,True,True,True,True,True,True,True,True,True,True,True,True,True,True,True,True,True
pose001692,1692,C=C(C)C(=O)C(=O)c1ccc(Nc2ncc(F)c(-c3cnc(C)n3C(C)C)n2)cc1,True,pass,True,0,0,,,True,True,True,True,True,True,True,True,True,True,True,True,True,True,True,True,True,True,True,True,True,True
pose001693,1693,N=C(N)NS(=O)(=O)c1ccc(N=Cc2c(O)[nH]c3ccc4ncsc4c23)cc1,True,pass,True,0,0,,,True,True,True,True,True,True,True,True,True,True,True,True,True,True,True,True,True,True,True,True,True,True
pose001694,1694,OCc1cccc(-c2ccc(N3CCOCC3)cc2)c1,True,pass,True,0,0,,,True,True,True,True,True,True,True,True,True,True,True,True,True,True,True,True,True,True,True,True,True,True
pose001695,1695,COc1cc(NCc2ccc(O)c(Cl)c2)ccc1N1CCN(C)CC1,True,pass,True,0,0,,,True,True,True,True,True,True,True,True,True,True,True,True,True,True,True,True,True,True,True,True,True,True
pose001696,1696,Oc1ccc(-c2cccc(N3CCC(C4CCNCC4)CC3)n2)cc1,True,pass,True,0,0,,,True,True,True,True,True,True,True,True,True,True,True,True,True,True,True,True,True,True,True,True,True,True
pose001697,1697,CCCC(=O)c1ccc(Nc2ncc3cc4n(c3n2)C(C)(CCC)CNC4=O)nc1,True,pass,True,0,0,,,True,True,True,True,True,True,True,True,True,True,True,True,True,True,True,True,True,True,True,True,True,True
pose001698,1698,CNS(=O)(=S)c1ccc(Nc2ncc3c(n2)N(CCO)C(=O)C32CC2)cc1,True,pass,True,0,0,,,True,True,True,True,True,True,True,True,True,True,True,True,True,True,True,True,True,True,True,True,True,True
pose001699,1699,COc1cc(C2=C(c3cn(CNC[C@H](C)N)c4ccccc34)CNC2=O)cc(OC)c1OC,True,pass,True,0,0,,,True,True,True,True,True,True,True,True,True,True,True,True,True,True,True,True,True,True,True,True,True,True
pose001700,1700,COc1cc(N2CCN(C)CC2)ccc1Nc1nccc(-c2ccc(N3CCN(C)CC3)cc2)n1,True,pass,True,0,0,,,True,True,True,True,True,True,True,True,True,True,True,True,True,True,True,True,True,True,True,True,True,True
pose001701,1701,NS(=O)(=O)c1ccc(C(=O)Nc2cccc(Cl)c2)cc1,True,pass,True,0,0,,,True,True,True,True,True,True,True,True,True,True,True,True,True,True,True,True,True,True,True,True,True,True
pose001702,1702,CNS(=O)(=O)c1cccc(-c2ccc(S(N)(=O)=O)cc2)c1,True,pass,True,0,0,,,True,True,True,True,True,True,True,True,True,True,True,True,True,True,True,True,True,True,True,True,True,True
pose001703,1703,CCCCOc1c(C(=O)c2c(F)cc(C)cc2F)ccc2[nH]ncc12,True,pass,True,0,0,,,True,True,True,True,True,True,True,True,True,True,True,True,True,True,True,True,True,True,True,True,True,True
pose001704,1704,COc1ccc(-c2nn(-c3ccccc3)cc2C(=O)NC(=S)Nc2ccc(F)cc2)cc1,True,pass,True,0,0,,,True,True,True,True,True,True,True,True,True,True,True,True,True,True,True,True,True,True,True,True,True,True
pose001705,1705,CCc1ccc(-c2n[nH]c3c2CN(OC(F)F)C3)cc1,True,pass,True,0,0,,,True,True,True,True,True,True,True,True,True,True,True,True,True,True,True,True,True,True,True,True,True,True
pose001706,1706,COc1cnn2c(NCc3ccc(NC(C)=O)cc3)nc(NC3CCOCC3)nc12,True,pass,True,0,0,,,True,True,True,True,True,True,True,True,True,True,True,True,True,True,True,True,True,True,True,True,True,True
pose001707,1707,O=C(NCCN1CCc2nc(-c3c(O)[nH]c4ccccc34)ccc2C1)C1CC1,True,pass,True,0,0,,,True,True,True,True,True,True,True,True,True,True,True,True,True,True,True,True,True,True,True,True,True,True
pose001708,1708,N[C@H](CNc1nnc(NCc2cccnc2)s1)Cc1cccc(Cl)c1,True,pass,True,0,0,,,True,True,True,True,True,True,True,True,True,True,True,True,True,True,True,True,True,True,True,True,True,True
pose001709,1709,COc1ccc(C(=O)Nc2ccc(C(C)C)cc2)cc1,True,pass,True,0,0,,,True,True,True,True,True,True,True,True,True,True,True,True,True,True,True,True,True,True,True,True,True,True
pose001710,1710,Nc1nccc(-c2c[nH]c3[nH]ccc(=O)c23)n1,True,pass,True,0,0,,,True,True,True,True,True,True,True,True,True,True,True,True,True,True,True,True,True,True,True,True,True,True
pose001711,1711,CN=S(C)(=O)c1ccc(Nc2ncc(Br)c(N[C@H](C)[C@@H](C)O)n2)cc1OC,True,pass,True,0,0,,,True,True,True,True,True,True,True,True,True,True,True,True,True,True,True,True,True,True,True,True,True,True
pose001712,1712,CC(C)=C(C(=O)c1ccc(Nc2ncc(F)c(-c3cnc(C)n3C(C)C)n2)cc1)C(O)C(C)CBr,True,pass,True,0,0,,,True,True,True,True,True,True,True,True,True,True,True,True,True,True,True,True,True,True,True,True,True,True
pose001713,1713,Cc1cc(N2CCCCNCC2)nc(CCc2ccccc2)n1,True,pass,True,0,0,,,True,True,True,True,True,True,True,True,True,True,True,True,True,True,True,True,True,True,True,True,True,True
pose001714,1714,CC(C)=CS(=O)Nc1ccc(Nc2nccc(-c3cnc(C)n3C(C)C)n2)cc1,True,pass,True,0,0,,,True,True,True,True,True,True,True,True,True,True,True,True,True,True,True,True,True,True,True,True,True,True
pose001715,1715,OCc1ccc2c(Nc3ccc4c(n3)CCN(C[C@@H]3CNCCO3)C4)coc2c1,True,pass,True,0,0,,,True,True,True,True,True,True,True,True,True,True,True,True,True,True,True,True,True,True,True,True,True,True
pose001716,1716,CCNCCNc1ccc(-c2cnc(NC3CCNCC3)s2)cc1,True,pass,True,0,0,,,True,True,True,True,True,True,True,True,True,True,True,True,True,True,True,True,True,True,True,True,True,True
pose001717,1717,CN1CCC(C(=O)Nc2ccc(-c3cccc(Cl)c3)cc2)CC1,True,pass,True,0,0,,,True,True,True,True,True,True,True,True,True,True,True,True,True,True,True,True,True,True,True,True,True,True
pose001718,1718,O=C(NC1CCN(c2ccccc2)CC1)c1ccccc1,True,pass,True,0,0,,,True,True,True,True,True,True,True,True,True,True,True,True,True,True,True,True,True,True,True,True,True,True
pose001719,1719,C[C@@H](O)[C@@H](C)Oc1nc(Nc2ccc(S(=O)(=O)S(N)(=O)=O)cc2)ncc1C(F)(F)F,True,pass,True,0,0,,,True,True,True,True,True,True,True,True,True,True,True,True,True,True,True,True,True,True,True,True,True,True
pose001720,1720,CN(C)C(=O)NCN1CCCN(C(=O)c2ccccc2)CC1,True,pass,True,0,0,,,True,True,True,True,True,True,True,True,True,True,True,True,True,True,True,True,True,True,True,True,True,True
pose001721,1721,Cc1nc2c(F)cc(-c3nc(Nc4ccc5c(n4)CCN(CCN(C)CC[Si](C)(C)C)C5)ncc3F)cc2n1C(C)C,True,pass,True,0,0,,,True,True,True,True,True,True,True,True,True,True,True,True,True,True,True,True,True,True,True,True,True,True
pose001722,1722,CC(=O)Nc1ccc(-c2ccc(Nc3ncc(F)c(-c4cnc(C)n4C(C)C)n3)cc2)cc1,True,pass,True,0,0,,,True,True,True,True,True,True,True,True,True,True,True,True,True,True,True,True,True,True,True,True,True,True
pose001723,1723,CCC(C)(C)Nc1ccc(-c2ccc(S(N)(=O)=O)cc2)cc1,True,pass,True,0,0,,,True,True,True,True,True,True,True,True,True,True,True,True,True,True,True,True,True,True,True,True,True,True
pose001724,1724,CC(C)(C)c1ccc(N=Nc2ccc(S(N)(=O)=O)cc2)cc1,True,pass,True,0,0,,,True,True,True,True,True,True,True,True,True,True,True,True,True,True,True,True,True,True,True,True,True,True
pose001725,1725,O=S(=O)(c1ccc(Nc2ncc(C(F)(F)OF)c(OCN3CCCC3)n2)cc1)C1CCCC1,True,pass,True,0,0,,,True,True,True,True,True,True,True,True,True,True,True,True,True,True,True,True,True,True,True,True,True,True
pose001726,1726,CN1CCCN(c2ccc(NC(=O)c3ccccc3)cc2)CC1,True,pass,True,0,0,,,True,True,True,True,True,True,True,True,True,True,True,True,True,True,True,True,True,True,True,True,True,True
pose001727,1727,NS(=O)(=O)c1ccc(-c2ccc(N=NSN=Nc3c(O)[nH]c4ccc(-c5cnco5)cc34)cc2)cc1,True,pass,True,0,0,,,True,True,True,True,True,True,True,True,True,True,True,True,True,True,True,True,True,True,True,True,True,True
pose001728,1728,CN1CCN(c2ccc(-c3ccc(S(N)(=O)=O)cc3)cc2)CC1,True,pass,True,0,0,,,True,True,True,True,True,True,True,True,True,True,True,True,True,True,True,True,True,True,True,True,True,True
pose001729,1729,NCCc1ccc(-c2ccc(S(N)(=O)=O)cc2)cc1F,True,pass,True,0,0,,,True,True,True,True,True,True,True,True,True,True,True,True,True,True,True,True,True,True,True,True,True,True
pose001730,1730,COc1ccc(C(=O)Nc2ccc3c(n2)CCN(C(C)=O)C3)cc1C,True,pass,True,0,0,,,True,True,True,True,True,True,True,True,True,True,True,True,True,True,True,True,True,True,True,True,True,True
pose001731,1731,CNCCN(C)c1ccc(NNc2ccc(C(F)(F)F)cc2C(=O)O)nc1,True,pass,True,0,0,,,True,True,True,True,True,True,True,True,True,True,True,True,True,True,True,True,True,True,True,True,True,True
pose001732,1732,CC(=O)c1ccc(NC(=O)c2ccc(Nc3ncc(F)c(-c4cnc(C)n4C(C)C)n3)cc2C)cc1C,True,pass,True,0,0,,,True,True,True,True,True,True,True,True,True,True,True,True,True,True,True,True,True,True,True,True,True,True
pose001733,1733,NS(=O)(=O)c1ccc(Nc2ccc(OC(F)F)cc2)cc1,True,pass,True,0,0,,,True,True,True,True,True,True,True,True,True,True,True,True,True,True,True,True,True,True,True,True,True,True
pose001734,1734,CC(C)Nc1ccc(-c2ccc(N3CCN(C)CC3)cc2)cn1,True,pass,True,0,0,,,True,True,True,True,True,True,True,True,True,True,True,True,True,True,True,True,True,True,True,True,True,True
pose001735,1735,Cc1ncc(CNC(=O)C2CCN(C)CC2)n1C(C)C,True,pass,True,0,0,,,True,True,True,True,True,True,True,True,True,True,True,True,True,True,True,True,True,True,True,True,True,True
pose001736,1736,CN(CC(=O)NC(=O)c1cccc(F)c1)C(=O)c1ccccc1,True,pass,True,0,0,,,True,True,True,True,True,True,True,True,True,True,True,True,True,True,True,True,True,True,True,True,True,True
pose001737,1737,COc1ccccc1NC(=O)c1cccc(N2CCCCNCC2)c1,True,pass,True,0,0,,,True,True,True,True,True,True,True,True,True,True,True,True,True,True,True,True,True,True,True,True,True,True
pose001738,1738,CCc1ccc(NC(=O)Cc2ccc(N3CCOCC3)cc2)cc1,True,pass,True,0,0,,,True,True,True,True,True,True,True,True,True,True,True,True,True,True,True,True,True,True,True,True,True,True
pose001739,1739,CC(C)Oc1nc(Nc2ccc(S(=O)(=O)[C@H](C)[C@@H](C)O)cc2)ncc1C(F)(F)F,True,pass,True,0,0,,,True,True,True,True,True,True,True,True,True,True,True,True,True,True,True,True,True,True,True,True,True,True
pose001740,1740,O=C(Nc1cc(C2CCCCC2)[nH]n1)c1ccc(Br)cc1,True,pass,True,0,0,,,True,True,True,True,True,True,True,True,True,True,True,True,True,True,True,True,True,True,True,True,True,True
pose001741,1741,COc1ccc(-c2nc3c(NCCCNC(=O)C4CCCC4)c(-c4nc(C(=O)O)cs4)cnc3[nH]2)cc1,True,pass,True,0,0,,,True,True,True,True,True,True,True,True,True,True,True,True,True,True,True,True,True,True,True,True,True,True
pose001742,1742,O=C(c1ccc(-c2ccc(F)cc2)cc1)N1CCCNCC1,True,pass,True,0,0,,,True,True,True,True,True,True,True,True,True,True,True,True,True,True,True,True,True,True,True,True,True,True
pose001743,1743,NS(=O)(=O)c1ccc(NCc2ccc(NC(=O)CCCCCCO)cc2)cc1,True,pass,True,0,0,,,True,True,True,True,True,True,True,True,True,True,True,True,True,True,True,True,True,True,True,True,True,True
pose001744,1744,CC(C)(C)c1ccnc(Nc2cccc(S(N)(=O)=O)c2)n1,True,pass,True,0,0,,,True,True,True,True,True,True,True,True,True,True,True,True,True,True,True,True,True,True,True,True,True,True
pose001745,1745,CN1CCN(c2ccc(NNSNNNc3ncc4c(n3)-c3c(c(C(N)=O)nn3C)CC4)cc2)CC1,True,pass,True,0,0,,,True,True,True,True,True,True,True,True,True,True,True,True,True,True,True,True,True,True,True,True,True,True
pose001746,1746,Cn1nc(C(N)=O)c2c1-c1nc(Nc3cccc(-c4ccccc4)c3)ncc1CC2,True,pass,True,0,0,,,True,True,True,True,True,True,True,True,True,True,True,True,True,True,True,True,True,True,True,True,True,True
pose001747,1747,CC(C)=NCN(C)C(=O)C(=O)c1ccc(Nc2ncc(F)c(-c3cnc(C)n3C(C)C)n2)cc1,True,pass,True,0,0,,,True,True,True,True,True,True,True,True,True,True,True,True,True,True,True,True,True,True,True,True,True,True
pose001748,1748,N=S(=O)(CCO)c1ccc(-c2cc(N[C@H]3CC[C@H](N)CC3)nc3ccnn23)cc1,True,pass,True,0,0,,,True,True,True,True,True,True,True,True,True,True,True,True,True,True,True,True,True,True,True,True,True,True
pose001749,1749,CN(C)Cc1ccc(-c2ccc(N3CCNCC3)cc2)cc1,True,pass,True,0,0,,,True,True,True,True,True,True,True,True,True,True,True,True,True,True,True,True,True,True,True,True,True,True
pose001750,1750,Cc1cc(S(N)(=O)=O)ccc1-c1ccc(C(F)(F)F)cc1,True,pass,True,0,0,,,True,True,True,True,True,True,True,True,True,True,True,True,True,True,True,True,True,True,True,True,True,True
pose001751,1751,O=C(c1ccccc1)c1ccc(NN2CCCCC2)cc1,True,pass,True,0,0,,,True,True,True,True,True,True,True,True,True,True,True,True,True,True,True,True,True,True,True,True,True,True
pose001752,1752,NS(=O)(=O)c1ccc(-c2ccc(-c3ccc(S(N)(=O)=O)cc3)cc2)cc1,True,pass,True,0,0,,,True,True,True,True,True,True,True,True,True,True,True,True,True,True,True,True,True,True,True,True,True,True
pose001753,1753,O=C(Cc1ccc(F)cc1)Nc1[nH]nc2ccc(N3CCCS3(=O)=O)cc12,True,pass,True,0,0,,,True,True,True,True,True,True,True,True,True,True,True,True,True,True,True,True,True,True,True,True,True,True
pose001754,1754,CC(=O)Nc1ccc(-c2ccc(N3CCCOCC3)cc2)cc1,True,pass,True,0,0,,,True,True,True,True,True,True,True,True,True,True,True,True,True,True,True,True,True,True,True,True,True,True
pose001755,1755,NS(=O)(=O)c1ccc(-c2ccc(N=NOOc3c(=O)[nH]c4ccc5[nH]cccc5c34)cc2)cc1,True,pass,True,0,0,,,True,True,True,True,True,True,True,True,True,True,True,True,True,True,True,True,True,True,True,True,True,True
pose001756,1756,C[C@H](O)[C@@H](C)Nc1nc(Nc2ccc(S(C)(=N)=O)cc2)ncc1Br,True,pass,True,0,0,,,True,True,True,True,True,True,True,True,True,True,True,True,True,True,True,True,True,True,True,True,True,True
pose001757,1757,Cc1ccc(-c2nn(-c3ccccc3)cc2C(=O)NC(=S)Nc2ccc(F)cc2)cc1,True,pass,True,0,0,,,True,True,True,True,True,True,True,True,True,True,True,True,True,True,True,True,True,True,True,True,True,True
pose001758,1758,CNC(=O)c1ccc(Cc2ccc(F)cc2OC)cc1,True,pass,True,0,0,,,True,True,True,True,True,True,True,True,True,True,True,True,True,True,True,True,True,True,True,True,True,True
pose001759,1759,CCCNc1ccc(-c2ccc(S(N)(=O)=O)cc2)cc1,True,pass,True,0,0,,,True,True,True,True,True,True,True,True,True,True,True,True,True,True,True,True,True,True,True,True,True,True
pose001760,1760,NS(=O)(=O)c1ccc(-c2ccc(N=NSNc3c(O)[nH]c4ccc(-c5cnco5)cc34)cc2)cc1,True,pass,True,0,0,,,True,True,True,True,True,True,True,True,True,True,True,True,True,True,True,True,True,True,True,True,True,True
pose001761,1761,CNC(=O)c1ccc(-c2ccc(C(=O)N3CCN(C(C)=O)CC3)cc2)cc1,True,pass,True,0,0,,,True,True,True,True,True,True,True,True,True,True,True,True,True,True,True,True,True,True,True,True,True,True
pose001762,1762,COc1cc[nH]c1C=C1C(=O)Nc2ccc(F)c(C#C[C@@H](O)[C@@H](N)[C@@H](C)O)c21,True,pass,True,0,0,,,True,True,True,True,True,True,True,True,True,True,True,True,True,True,True,True,True,True,True,True,True,True
pose001763,1763,CN(C)C1CCN(c2ccc(Nc3ncc4cc5n(c4n3)C3(CCCC3)CNC5=O)nn2)CC1,True,pass,True,0,0,,,True,True,True,True,True,True,True,True,True,True,True,True,True,True,True,True,True,True,True,True,True,True
pose001764,1764,CC(C)=Cc1ccc(NNc2ccc(Nc3ncc(F)c(-c4cnc(C)n4C(C)C)n3)cc2)cc1,True,pass,True,0,0,,,True,True,True,True,True,True,True,True,True,True,True,True,True,True,True,True,True,True,True,True,True,True
pose001765,1765,CNCc1ccc2[nH]c(O)c(N=Nc3ccc(C(=O)c4ccc(-c5ccc(S(N)(=O)=O)cc5)cc4)cc3)c2c1,True,pass,True,0,0,,,True,True,True,True,True,True,True,True,True,True,True,True,True,True,True,True,True,True,True,True,True,True
pose001766,1766,CCc1ccc(C(=O)Nc2ccc(C(=O)NC)cc2)cc1,True,pass,True,0,0,,,True,True,True,True,True,True,True,True,True,True,True,True,True,True,True,True,True,True,True,True,True,True
pose001767,1767,N=C1NC(=O)/C(=C/c2ccc(-c3ccc(S(N)(=O)=O)c(C4CC4)c3)o2)S1,True,pass,True,0,0,,,True,True,True,True,True,True,True,True,True,True,True,True,True,True,True,True,True,True,True,True,True,True
pose001768,1768,O=C(NN1CCN(c2ccccc2)CC1)c1ccc(Cl)cc1,True,pass,True,0,0,,,True,True,True,True,True,True,True,True,True,True,True,True,True,True,True,True,True,True,True,True,True,True
pose001769,1769,CCN1CCN(c2ccc(-c3ccc(C(N)=O)cn3)cc2)CC1,True,pass,True,0,0,,,True,True,True,True,True,True,True,True,True,True,True,True,True,True,True,True,True,True,True,True,True,True
pose001770,1770,CN1CCC(Oc2ccc(Nc3ncc(F)c(-c4cc(F)c5nc6n(c5c4)C(C)(C)CC6)n3)nc2)CC1,True,pass,True,0,0,,,True,True,True,True,True,True,True,True,True,True,True,True,True,True,True,True,True,True,True,True,True,True
pose001771,1771,Cn1cc(CCNc2ccc([N+](=O)[O-])cc2C(=O)O)c2cc(Cl)ccc21,True,pass,True,0,0,,,True,True,True,True,True,True,True,True,True,True,True,True,True,True,True,True,True,True,True,True,True,True
pose001772,1772,CC(C)(C)C(=O)Nc1ccc(-c2ccc(S(N)(=O)=O)cc2)cc1,True,pass,True,0,0,,,True,True,True,True,True,True,True,True,True,True,True,True,True,True,True,True,True,True,True,True,True,True
pose001773,1773,CC(C)[C@@H](C)NOc1nc(Nc2ccc(S(=O)(=S)S(=O)(=O)NSS(C)(=N)=O)cc2)ncc1Br,True,pass,True,0,0,,,True,True,True,True,True,True,True,True,True,True,True,True,True,True,True,True,True,True,True,True,True,True
pose001774,1774,Cc1ncc(-c2nc(NC3CCC3)ncc2F)n1C1CCC1,True,pass,True,0,0,,,True,True,True,True,True,True,True,True,True,True,True,True,True,True,True,True,True,True,True,True,True,True
pose001775,1775,O=C(c1cccc(O)c1)N1CCN(Cc2ccccc2)CC1,True,pass,True,0,0,,,True,True,True,True,True,True,True,True,True,True,True,True,True,True,True,True,True,True,True,True,True,True
pose001776,1776,O=Nc1c(-c2c(O)[nH]c3ccc([N+](=O)[O-])cc23)[nH]c2ccc(O)cc12,True,pass,True,0,0,,,True,True,True,True,True,True,True,True,True,True,True,True,True,True,True,True,True,True,True,True,True,True
pose001777,1777,NS(=O)(=O)c1ccc(Nc2nc(OCC3CCCCC3)c3[nH]cnc3n2)cc1,True,pass,True,0,0,,,True,True,True,True,True,True,True,True,True,True,True,True,True,True,True,True,True,True,True,True,True,True
pose001778,1778,CC(C)NCc1ccc(-c2ccc(S(N)(=O)=O)cc2)cc1F,True,fail,False,1,0,internal_energy,,True,True,True,True,True,True,True,True,True,True,True,True,False,True,True,True,True,True,True,True,True,True
pose001779,1779,CC(C)S(=O)(=O)c1ccc(Nc2ncc(C(F)(F)F)c(O[C@@H](C)O)n2)cc1,True,pass,True,0,0,,,True,True,True,True,True,True,True,True,True,True,True,True,True,True,True,True,True,True,True,True,True,True
pose001780,1780,CN(C)c1ccc(Nc2ncc3c(n2)CN(C(=O)C2CC2)CC3)cc1,True,pass,True,0,0,,,True,True,True,True,True,True,True,True,True,True,True,True,True,True,True,True,True,True,True,True,True,True
pose001781,1781,CONNc1ccc2nc(C(F)(F)F)nc(NC3CCN(C(C)=O)COC3)c2c1,True,pass,True,0,0,,,True,True,True,True,True,True,True,True,True,True,True,True,True,True,True,True,True,True,True,True,True,True
pose001782,1782,COc1ccc(CNc2ccc(C(=O)N3CCN(C)CC3)cc2)cc1,True,pass,True,0,0,,,True,True,True,True,True,True,True,True,True,True,True,True,True,True,True,True,True,True,True,True,True,True
pose001783,1783,Cc1cccc(C(=O)Nc2cccc(C(=O)N(C)C)c2)c1,True,pass,True,0,0,,,True,True,True,True,True,True,True,True,True,True,True,True,True,True,True,True,True,True,True,True,True,True
pose001784,1784,C=CC(=O)Nc1ccc(C(=O)Nc2[nH]nc3c2CN(C(=O)N[C@H](CN(C)C)c2ccccc2)C3(C)C)cc1,True,pass,True,0,0,,,True,True,True,True,True,True,True,True,True,True,True,True,True,True,True,True,True,True,True,True,True,True
pose001785,1785,CN1CCN(c2ccc(NS(=O)(=O)c3ccc(N=CCCO)cc3)cc2)CC1,True,pass,True,0,0,,,True,True,True,True,True,True,True,True,True,True,True,True,True,True,True,True,True,True,True,True,True,True
pose001786,1786,O=c1c(O)c(-c2ccc(O)c(O)c2)oc2cc(O)cc(O)c12,True,pass,True,0,0,,,True,True,True,True,True,True,True,True,True,True,True,True,True,True,True,True,True,True,True,True,True,True
pose001787,1787,O=C1c2ccccc2CCN1c1ccc(NC2CC2)cc1,True,pass,True,0,0,,,True,True,True,True,True,True,True,True,True,True,True,True,True,True,True,True,True,True,True,True,True,True
pose001788,1788,CC(C)c1cnn2c(NCc3ccccc3)cc(N[C@@H](CO)[C@@H](O)CO)nc12,True,pass,True,0,0,,,True,True,True,True,True,True,True,True,True,True,True,True,True,True,True,True,True,True,True,True,True,True
pose001789,1789,O=C(Nc1ccc(N2CCNCC2)cc1)c1[nH]ncc1Nc1cc(OC2CCCC2)ncn1,True,pass,True,0,0,,,True,True,True,True,True,True,True,True,True,True,True,True,True,True,True,True,True,True,True,True,True,True
pose001790,1790,C=C(C)c1ccc(C(=O)Nc2ccc(CN3CCN(C)CC3)cc2)cc1,True,pass,True,0,0,,,True,True,True,True,True,True,True,True,True,True,True,True,True,True,True,True,True,True,True,True,True,True
pose001791,1791,CC(=O)S(=O)(=O)c1cccc(-c2ccc(S(N)(=O)=O)cc2)c1,True,pass,True,0,0,,,True,True,True,True,True,True,True,True,True,True,True,True,True,True,True,True,True,True,True,True,True,True
pose001792,1792,C=C(C)C(O)NC(=O)c1ccc(Nc2ncc(F)c(-c3cnc(C)n3C(C)C)n2)cc1F,True,pass,True,0,0,,,True,True,True,True,True,True,True,True,True,True,True,True,True,True,True,True,True,True,True,True,True,True
pose001793,1793,CN1CCCN(c2cccc(Nc3ccc(S(N)(=O)=O)cc3)n2)CC1,True,pass,True,0,0,,,True,True,True,True,True,True,True,True,True,True,True,True,True,True,True,True,True,True,True,True,True,True
pose001794,1794,CCc1ccc(CC(=O)c2ccc(S(N)(=O)=O)cc2)cc1,True,pass,True,0,0,,,True,True,True,True,True,True,True,True,True,True,True,True,True,True,True,True,True,True,True,True,True,True
pose001795,1795,CC(C)c1ccc(NCCc2ccc(S(N)(=O)=O)cc2)cc1,True,pass,True,0,0,,,True,True,True,True,True,True,True,True,True,True,True,True,True,True,True,True,True,True,True,True,True,True
pose001796,1796,CN1CCN(c2ccc(Nc3cc(-c4c[nH]c5ccccc45)ncn3)cc2)CC1,True,pass,True,0,0,,,True,True,True,True,True,True,True,True,True,True,True,True,True,True,True,True,True,True,True,True,True,True
pose001797,1797,CC(N)[C@H](N=NOCCc1cnco1)c1ccc2[nH]c(O)c(N=Nc3ccc(S(N)(=O)=O)cc3)c2c1,True,pass,True,0,0,,,True,True,True,True,True,True,True,True,True,True,True,True,True,True,True,True,True,True,True,True,True,True
pose001798,1798,Cc1[nH]nc2c1N=C(c1ccccc1Cl)c1cc(N)ccc1N2,True,fail,False,1,0,internal_energy,,True,True,True,True,True,True,True,True,True,True,True,True,False,True,True,True,True,True,True,True,True,True
pose001799,1799,CC(C)Cc1ccc(-c2ccc(S(N)(=O)=O)cc2)cc1,True,pass,True,0,0,,,True,True,True,True,True,True,True,True,True,True,True,True,True,True,True,True,True,True,True,True,True,True
pose001800,1800,C[C@H](O)Cc1ccc(Nc2ccc(N3CCN(C[C@H](C)O)[C@H](C)C3)cn2)cc1,True,pass,True,0,0,,,True,True,True,True,True,True,True,True,True,True,True,True,True,True,True,True,True,True,True,True,True,True
pose001801,1801,O=C(Nc1ccc(F)cc1)c1[nH]ncc1NC(=O)c1c(F)cccc1F,True,pass,True,0,0,,,True,True,True,True,True,True,True,True,True,True,True,True,True,True,True,True,True,True,True,True,True,True
pose001802,1802,Cc1ccccc1NCCc1ccc(N2CCN(C)CC2)cc1,True,pass,True,0,0,,,True,True,True,True,True,True,True,True,True,True,True,True,True,True,True,True,True,True,True,True,True,True
pose001803,1803,COc1cc2c(Nc3ncc(CC(=O)Nc4cccc(F)c4)s3)ncnc2cc1OCCCN1CCC(CO)CC1,True,pass,True,0,0,,,True,True,True,True,True,True,True,True,True,True,True,True,True,True,True,True,True,True,True,True,True,True
pose001804,1804,CNC(=O)c1ccc(-c2ccc(N3CCCCCC3)cc2)cc1,True,pass,True,0,0,,,True,True,True,True,True,True,True,True,True,True,True,True,True,True,True,True,True,True,True,True,True,True
pose001805,1805,O=C(Cc1ccc(N2CCCOCC2)cc1)Nc1ccccc1,True,pass,True,0,0,,,True,True,True,True,True,True,True,True,True,True,True,True,True,True,True,True,True,True,True,True,True,True
pose001806,1806,CN(C)C(=O)Nc1cccc(-c2cccc(C(=O)N(C)C)c2)c1,True,pass,True,0,0,,,True,True,True,True,True,True,True,True,True,True,True,True,True,True,True,True,True,True,True,True,True,True
pose001807,1807,Cc1ncc(-c2ccc(CNC(=O)C3CC3)c(F)c2)n1C(C)C,True,pass,True,0,0,,,True,True,True,True,True,True,True,True,True,True,True,True,True,True,True,True,True,True,True,True,True,True
pose001808,1808,CN(C)S(=O)(=O)c1ccc(Nc2cc(N[C@H]3CC[C@H](N)CC3)nc3c(Br)cnn23)cc1Cl,True,pass,True,0,0,,,True,True,True,True,True,True,True,True,True,True,True,True,True,True,True,True,True,True,True,True,True,True
pose001809,1809,CN1CCC(O)N(c2ccc(-c3ccc(Nc4ncc5c(n4)-c4c(c(C(N)=O)nn4C)CC5)cc3)cc2)CC1,True,pass,True,0,0,,,True,True,True,True,True,True,True,True,True,True,True,True,True,True,True,True,True,True,True,True,True,True
pose001810,1810,CC(=O)CCc1ccc(CC(=O)Nc2ccccc2C)cc1,True,pass,True,0,0,,,True,True,True,True,True,True,True,True,True,True,True,True,True,True,True,True,True,True,True,True,True,True
pose001811,1811,CC(C)(C)c1cnc(Cc2nc(NN3CCOCC3)ncc2F)o1,True,pass,True,0,0,,,True,True,True,True,True,True,True,True,True,True,True,True,True,True,True,True,True,True,True,True,True,True
pose001812,1812,COc1ccc(Nc2ncc(F)c(-c3cnc(C)n3C(C)C)n2)cc1,True,pass,True,0,0,,,True,True,True,True,True,True,True,True,True,True,True,True,True,True,True,True,True,True,True,True,True,True
pose001813,1813,CC1CN(c2ccncc2NC(=O)c2ccnn3cc(-c4ccccc4)nc23)CCO1,True,pass,True,0,0,,,True,True,True,True,True,True,True,True,True,True,True,True,True,True,True,True,True,True,True,True,True,True
pose001814,1814,CC(c1ccc(S(N)(=O)=O)cc1)c1ccc(S(N)(=O)=O)cc1,True,pass,True,0,0,,,True,True,True,True,True,True,True,True,True,True,True,True,True,True,True,True,True,True,True,True,True,True
pose001815,1815,CCN(C(C)=O)c1ccc(NC(=O)c2ccc(OC)cc2)cc1,True,pass,True,0,0,,,True,True,True,True,True,True,True,True,True,True,True,True,True,True,True,True,True,True,True,True,True,True
pose001816,1816,COc1cc(F)ccc1-c1nc(NN2CC3CCC(C2)O3)ncc1F,True,pass,True,0,0,,,True,True,True,True,True,True,True,True,True,True,True,True,True,True,True,True,True,True,True,True,True,True
pose001817,1817,C[C@@H](O)[C@@H](C)Nc1nc(Nc2ccc(S(=O)(=O)Cc3ccc(O)cc3)cc2)ncc1Br,True,pass,True,0,0,,,True,True,True,True,True,True,True,True,True,True,True,True,True,True,True,True,True,True,True,True,True,True
pose001818,1818,CCCc1ccc(Oc2ccc(S(N)(=O)=O)cc2)cc1F,True,pass,True,0,0,,,True,True,True,True,True,True,True,True,True,True,True,True,True,True,True,True,True,True,True,True,True,True
pose001819,1819,CN(C)CC(=O)Nc1cc(Nc2ccccc2)ccc1F,True,pass,True,0,0,,,True,True,True,True,True,True,True,True,True,True,True,True,True,True,True,True,True,True,True,True,True,True
pose001820,1820,COc1ccc(-c2ccc(N3CCCN(C(N)=O)CC3)cc2)cc1,True,pass,True,0,0,,,True,True,True,True,True,True,True,True,True,True,True,True,True,True,True,True,True,True,True,True,True,True
pose001821,1821,Cc1ccc(Nc2ccc(N3CCCCC3=O)cc2)cc1,True,pass,True,0,0,,,True,True,True,True,True,True,True,True,True,True,True,True,True,True,True,True,True,True,True,True,True,True
pose001822,1822,CC[C@@H](Nc1nc(NCc2cnc(C)cc2C)c2ncn(C(C)C)c2n1)[C@H](C)O,True,pass,True,0,0,,,True,True,True,True,True,True,True,True,True,True,True,True,True,True,True,True,True,True,True,True,True,True
pose001823,1823,CC(C)c1ccc(Nc2ccc(S(N)(=O)=O)cc2)cc1,True,pass,True,0,0,,,True,True,True,True,True,True,True,True,True,True,True,True,True,True,True,True,True,True,True,True,True,True
pose001824,1824,Cc1ccc(NC(=O)Nc2ccc(N3CCCCC3=O)cc2)cc1,True,pass,True,0,0,,,True,True,True,True,True,True,True,True,True,True,True,True,True,True,True,True,True,True,True,True,True,True
pose001825,1825,CC(=O)N1CCc2cc(NCc3ccccc3)ccc2C1,True,pass,True,0,0,,,True,True,True,True,True,True,True,True,True,True,True,True,True,True,True,True,True,True,True,True,True,True
pose001826,1826,NS(=O)(=O)c1ccc(N=NN=CN=NSc2ccc(-c3c(=O)[nH]c4ccc5[nH]cccc5c34)cc2)cc1,True,pass,True,0,0,,,True,True,True,True,True,True,True,True,True,True,True,True,True,True,True,True,True,True,True,True,True,True
pose001827,1827,Cc1ncc(-c2ccnc(-c3ccnc(Nc4ccc(C(=O)C(N)=O)cc4)n3)n2)n1C(C)C,True,pass,True,0,0,,,True,True,True,True,True,True,True,True,True,True,True,True,True,True,True,True,True,True,True,True,True,True
pose001828,1828,CC(C)c1cccc(N[C@H](C)c2ccc(S(N)(=O)=O)cc2)c1,True,pass,True,0,0,,,True,True,True,True,True,True,True,True,True,True,True,True,True,True,True,True,True,True,True,True,True,True
pose001829,1829,Cc1ncc(-c2ccnc(Nc3ccc(C(=O)N(C)C)cc3)n2)n1C(C)C,True,pass,True,0,0,,,True,True,True,True,True,True,True,True,True,True,True,True,True,True,True,True,True,True,True,True,True,True
pose001830,1830,CC[C@H](Nc1nc(NCc2cccnc2)c2ncn(CC3CC3)c2n1)C(C)(C)C,True,pass,True,0,0,,,True,True,True,True,True,True,True,True,True,True,True,True,True,True,True,True,True,True,True,True,True,True
pose001831,1831,CC(C)N1CCCc2cnc(NC(=O)c3ccc(N4CCCC4=O)cc3)nc2C1,True,pass,True,0,0,,,True,True,True,True,True,True,True,True,True,True,True,True,True,True,True,True,True,True,True,True,True,True
pose001832,1832,CNS(=O)(=O)c1ccc(N=Cc2c(O)[nH]c3ccc4ncsc4c23)cc1,True,pass,True,0,0,,,True,True,True,True,True,True,True,True,True,True,True,True,True,True,True,True,True,True,True,True,True,True
pose001833,1833,C[C@H]([C@@H](C)O)S(=N)(=O)c1ccc(Nc2ncc(C(F)(F)F)c(O[C@H](C)[C@@H](C)O)n2)cc1,True,pass,True,0,0,,,True,True,True,True,True,True,True,True,True,True,True,True,True,True,True,True,True,True,True,True,True,True
pose001834,1834,NC(=CNNc1ccc(-c2cnco2)cc1)c1ccc2[nH]c(O)c(N=Nc3ccc(S(N)(=O)=O)cc3)c2c1,True,pass,True,0,0,,,True,True,True,True,True,True,True,True,True,True,True,True,True,True,True,True,True,True,True,True,True,True
pose001835,1835,Cc1nc2c(F)cc(-c3nc(Nc4ccc5c(n4)CCN(CC(N)=NO)C5)ncc3F)cc2n1C(C)C,True,pass,True,0,0,,,True,True,True,True,True,True,True,True,True,True,True,True,True,True,True,True,True,True,True,True,True,True
pose001836,1836,O=C(NCc1cccc(Cl)c1)c1ccc(N2CCCNCC2)cc1,True,pass,True,0,0,,,True,True,True,True,True,True,True,True,True,True,True,True,True,True,True,True,True,True,True,True,True,True
pose001837,1837,O=C(Nc1ccc(N2Cc3ccccc3C2=O)nc1)C1CCC1,True,pass,True,0,0,,,True,True,True,True,True,True,True,True,True,True,True,True,True,True,True,True,True,True,True,True,True,True
pose001838,1838,Cc1ncc(-c2ccnc(Nc3ccccc3)n2)n1C(C)C,True,pass,True,0,0,,,True,True,True,True,True,True,True,True,True,True,True,True,True,True,True,True,True,True,True,True,True,True
pose001839,1839,CON=NOOOC(=O)c1ccc2[nH]c(O)c(C=Nc3ccc(S(N)(=O)=O)cc3)c2c1,True,pass,True,0,0,,,True,True,True,True,True,True,True,True,True,True,True,True,True,True,True,True,True,True,True,True,True,True
pose001840,1840,Cc1ncc(-c2nc(Nc3ccc(C(=O)NC4CCN(C)CC4)cc3)ncc2F)n1C(C)C,True,pass,True,0,0,,,True,True,True,True,True,True,True,True,True,True,True,True,True,True,True,True,True,True,True,True,True,True
pose001841,1841,CC1CCC(C(=O)Nc2nc(CC3CC3)c3[nH]cnc3n2)CC1,True,pass,True,0,0,,,True,True,True,True,True,True,True,True,True,True,True,True,True,True,True,True,True,True,True,True,True,True
pose001842,1842,N[C@H]1CCS[C@@H](NN2CCc3c(nn(Cc4ccccc4)c3Br)C2=O)CC1,True,pass,True,0,0,,,True,True,True,True,True,True,True,True,True,True,True,True,True,True,True,True,True,True,True,True,True,True
pose001843,1843,CN1C(=O)C(N2CCc3cn(CC4CCS(=O)(=O)CC4)nc3C2=O)COc2ccccc21,True,pass,True,0,0,,,True,True,True,True,True,True,True,True,True,True,True,True,True,True,True,True,True,True,True,True,True,True
pose001844,1844,CC(C)[C@H](CO)Nc1nc(Nc2ccc(C(=O)O)c(Cl)c2)c2ncn(C(C)C)c2n1,True,pass,True,0,0,,,True,True,True,True,True,True,True,True,True,True,True,True,True,True,True,True,True,True,True,True,True,True
pose001845,1845,Cc1ccccc1C(=O)NC(=O)Cc1cccc(Cl)c1F,True,pass,True,0,0,,,True,True,True,True,True,True,True,True,True,True,True,True,True,True,True,True,True,True,True,True,True,True
pose001846,1846,COc1ccc(NC(=O)NC(=O)Cc2ccc(C)cc2)cc1,True,pass,True,0,0,,,True,True,True,True,True,True,True,True,True,True,True,True,True,True,True,True,True,True,True,True,True,True
pose001847,1847,CC(Br)Cc1ccc(Nc2ccc(S(N)(=O)=O)cc2)cc1,True,pass,True,0,0,,,True,True,True,True,True,True,True,True,True,True,True,True,True,True,True,True,True,True,True,True,True,True
pose001848,1848,CC(=O)N1CCC(Cc2ccc(NC(=O)c3ccc(C)cc3)cc2)CC1,True,pass,True,0,0,,,True,True,True,True,True,True,True,True,True,True,True,True,True,True,True,True,True,True,True,True,True,True
pose001849,1849,C[C@@H](Nc1nc(Nc2ccc(S(=O)(=O)ON)cc2)ncc1Br)c1ccc(S(C)(=O)=O)cc1,True,pass,True,0,0,,,True,True,True,True,True,True,True,True,True,True,True,True,True,True,True,True,True,True,True,True,True,True
pose001850,1850,Cc1cc(N2CCCC2=O)ccc1C(=O)NC(=O)c1ccccc1,True,pass,True,0,0,,,True,True,True,True,True,True,True,True,True,True,True,True,True,True,True,True,True,True,True,True,True,True
pose001851,1851,COC(=O)c1ccc2[nH]c(O)c(N=NN=NN=Nc3ccc(-c4ccc(S(N)(=O)=O)cc4)cc3)c2c1,True,pass,True,0,0,,,True,True,True,True,True,True,True,True,True,True,True,True,True,True,True,True,True,True,True,True,True,True
pose001852,1852,CC(C)S(=O)(=O)[C@@H](C)Oc1nc(Nc2ccc(S(=O)(=O)S(=O)(=O)[C@H](C)[C@@H](C)O)cc2)ncc1C(F)(F)F,True,pass,True,0,0,,,True,True,True,True,True,True,True,True,True,True,True,True,True,True,True,True,True,True,True,True,True,True
pose001853,1853,CC(C)C(=O)c1ccc(-c2ccc(S(N)(=O)=O)cc2)nc1,True,pass,True,0,0,,,True,True,True,True,True,True,True,True,True,True,True,True,True,True,True,True,True,True,True,True,True,True
pose001854,1854,CC(=O)c1ccc(Sc2ccc(S(N)(=O)=O)cc2)cc1,True,pass,True,0,0,,,True,True,True,True,True,True,True,True,True,True,True,True,True,True,True,True,True,True,True,True,True,True
pose001855,1855,CN1CCN(C(=O)c2ccc(-c3cccc(C(N)=O)c3)cc2)CC1,True,pass,True,0,0,,,True,True,True,True,True,True,True,True,True,True,True,True,True,True,True,True,True,True,True,True,True,True
pose001856,1856,CC1Cc2cnc(Nc3ccc(S(N)(=O)=O)cc3)nc2C1,True,pass,True,0,0,,,True,True,True,True,True,True,True,True,True,True,True,True,True,True,True,True,True,True,True,True,True,True
pose001857,1857,Cc1ccccc1NN1CCN(C(=O)c2ccccc2)CC1,True,pass,True,0,0,,,True,True,True,True,True,True,True,True,True,True,True,True,True,True,True,True,True,True,True,True,True,True
pose001858,1858,C=C(c1ccc(C(C)C)cc1)c1ccc(S(N)(=O)=O)cc1,True,pass,True,0,0,,,True,True,True,True,True,True,True,True,True,True,True,True,True,True,True,True,True,True,True,True,True,True
pose001859,1859,COC(=O)N1CCN(c2cccc(Nc3ccccn3)c2)COC1,True,pass,True,0,0,,,True,True,True,True,True,True,True,True,True,True,True,True,True,True,True,True,True,True,True,True,True,True
pose001860,1860,CCNC(=O)N1CCC(Nc2ncc(Cl)c(-c3ccc(OC)c(O)c3)n2)C1,True,pass,True,0,0,,,True,True,True,True,True,True,True,True,True,True,True,True,True,True,True,True,True,True,True,True,True,True
pose001861,1861,NS(=O)(=O)c1ccc(NC(=O)c2ccc(F)cc2)cc1,True,pass,True,0,0,,,True,True,True,True,True,True,True,True,True,True,True,True,True,True,True,True,True,True,True,True,True,True
pose001862,1862,COS(=N)(=O)c1nc([C@@H](C)Nc2nc(Nc3ccc(S(=O)(=S)ON)cc3)ncc2Br)ncc1Br,True,pass,True,0,0,,,True,True,True,True,True,True,True,True,True,True,True,True,True,True,True,True,True,True,True,True,True,True
pose001863,1863,CC(=O)N[C@@H]1CCCC(C(=O)Nc2cc(-c3cnn4c3CC(C)(C)C4)c(Cl)cn2)C1,True,pass,True,0,0,,,True,True,True,True,True,True,True,True,True,True,True,True,True,True,True,True,True,True,True,True,True,True
pose001864,1864,COc1ccc(F)cc1-c1c(F)cnc2[nH]c(C3=CCN(C4CCC(C(=O)O)CC4)CC3)cc12,True,pass,True,0,0,,,True,True,True,True,True,True,True,True,True,True,True,True,True,True,True,True,True,True,True,True,True,True
pose001865,1865,COc1cc(F)ccc1-c1cc(Nc2cc(CS(C)(=N)=O)ccn2)ncc1F,True,pass,True,0,0,,,True,True,True,True,True,True,True,True,True,True,True,True,True,True,True,True,True,True,True,True,True,True
pose001866,1866,O=C(Nc1ccccc1)N1CCN(c2ccc(Cl)cc2)CC1,True,pass,True,0,0,,,True,True,True,True,True,True,True,True,True,True,True,True,True,True,True,True,True,True,True,True,True,True
pose001867,1867,CC(C)C(=O)NC(=O)c1ccc(-c2ccc(S(N)(=O)=O)cc2)cc1,True,pass,True,0,0,,,True,True,True,True,True,True,True,True,True,True,True,True,True,True,True,True,True,True,True,True,True,True
pose001868,1868,CCc1ccccc1-c1ccc(CC(=O)NC(C)=O)cc1,True,pass,True,0,0,,,True,True,True,True,True,True,True,True,True,True,True,True,True,True,True,True,True,True,True,True,True,True
pose001869,1869,COc1ccccc1NC(=O)N1CCN(Cc2ccccc2)CC1,True,pass,True,0,0,,,True,True,True,True,True,True,True,True,True,True,True,True,True,True,True,True,True,True,True,True,True,True
pose001870,1870,Cc1ncc(-c2ccnc(Nc3ccc(-c4ccccc4)cc3)n2)n1C(C)C,True,pass,True,0,0,,,True,True,True,True,True,True,True,True,True,True,True,True,True,True,True,True,True,True,True,True,True,True
pose001871,1871,CN(C)Cc1ccc(C=CC(=O)c2c(O)cc(O)c(C3CCN(C)CC3)c2O)cc1,True,pass,True,0,0,,,True,True,True,True,True,True,True,True,True,True,True,True,True,True,True,True,True,True,True,True,True,True
pose001872,1872,Cc1nc2c(F)cc(-c3nc(Nc4ccc5c(n4)CCNC5)ncc3F)cc2n1C1(C)CC1,True,pass,True,0,0,,,True,True,True,True,True,True,True,True,True,True,True,True,True,True,True,True,True,True,True,True,True,True
pose001873,1873,Cc1cc(-c2ccc(S(N)(=O)=O)cc2)ccc1S(N)(=O)=O,True,pass,True,0,0,,,True,True,True,True,True,True,True,True,True,True,True,True,True,True,True,True,True,True,True,True,True,True
pose001874,1874,C[C@@H](NC(=O)N1CCc2cnc(NS(=O)(=O)SN)nc2C1)c1ccc(Cl)c(Cl)c1,True,pass,True,0,0,,,True,True,True,True,True,True,True,True,True,True,True,True,True,True,True,True,True,True,True,True,True,True
pose001875,1875,CN1CCN(Cc2ccc(NC(=O)c3[nH]ncc3Nc3ncnc4[nH]ccc34)cc2)CC1,True,pass,True,0,0,,,True,True,True,True,True,True,True,True,True,True,True,True,True,True,True,True,True,True,True,True,True,True
pose001876,1876,CC(C)c1cc(C(C)c2ccc(S(N)(=O)=O)cc2)ccn1,True,pass,True,0,0,,,True,True,True,True,True,True,True,True,True,True,True,True,True,True,True,True,True,True,True,True,True,True
pose001877,1877,CC(C)=NC(=O)C(O)CCC(=O)N(C)C(=O)c1ccc(Nc2ncc(F)c(-c3cnc(C)n3C(C)C)n2)cc1,True,pass,True,0,0,,,True,True,True,True,True,True,True,True,True,True,True,True,True,True,True,True,True,True,True,True,True,True
pose001878,1878,CN1CCN(c2ccc(NNc3cnc(Nc4ncc5c(n4)-c4c(c(C(N)=O)nn4C)CC5)nc3)cc2)CC1,True,pass,True,0,0,,,True,True,True,True,True,True,True,True,True,True,True,True,True,True,True,True,True,True,True,True,True,True
pose001879,1879,CC(C)c1ccc(C(=O)Nc2ncc3c(n2)CN(C(C)C)CC3)cc1,True,pass,True,0,0,,,True,True,True,True,True,True,True,True,True,True,True,True,True,True,True,True,True,True,True,True,True,True
pose001880,1880,Cc1cc(-c2ccc(C(=O)N(C)C)cc2)ccc1CO,True,pass,True,0,0,,,True,True,True,True,True,True,True,True,True,True,True,True,True,True,True,True,True,True,True,True,True,True
pose001881,1881,C=C(C)c1ccc(NC(=O)NC(=O)c2ccsc2)c(C)c1,True,pass,True,0,0,,,True,True,True,True,True,True,True,True,True,True,True,True,True,True,True,True,True,True,True,True,True,True
pose001882,1882,COc1ccc(N2CCC(Cc3ccc(S(N)(=O)=O)cc3)CC2)cc1,True,pass,True,0,0,,,True,True,True,True,True,True,True,True,True,True,True,True,True,True,True,True,True,True,True,True,True,True
pose001883,1883,CNS(=O)(=O)c1cc(F)ccc1-c1ncnc(Nc2cccc(C[S@](C)(=N)=O)c2)n1,True,pass,True,0,0,,,True,True,True,True,True,True,True,True,True,True,True,True,True,True,True,True,True,True,True,True,True,True
pose001884,1884,COc1cc(F)ccc1-c1nccc(N2CCCNCC2)n1,True,pass,True,0,0,,,True,True,True,True,True,True,True,True,True,True,True,True,True,True,True,True,True,True,True,True,True,True
pose001885,1885,COc1ccccc1-c1ccccc1NC(=O)N(C)C,True,pass,True,0,0,,,True,True,True,True,True,True,True,True,True,True,True,True,True,True,True,True,True,True,True,True,True,True
pose001886,1886,COc1ccc(Nc2ccnc(Nc3ccc(OCC(O)CN(C)C)cc3)n2)cc1,True,pass,True,0,0,,,True,True,True,True,True,True,True,True,True,True,True,True,True,True,True,True,True,True,True,True,True,True
pose001887,1887,CCNC(=O)N1CCc2cnc(Nc3ccc(C(C)C)cc3)nc2C1,True,pass,True,0,0,,,True,True,True,True,True,True,True,True,True,True,True,True,True,True,True,True,True,True,True,True,True,True
pose001888,1888,CN1CCCN(c2ccc(-c3ccc(S(N)(=O)=O)cc3)cn2)CC1,True,pass,True,0,0,,,True,True,True,True,True,True,True,True,True,True,True,True,True,True,True,True,True,True,True,True,True,True
pose001889,1889,CC(=O)N1CCC(c2ccc(NC(=O)c3cccc(Cl)c3)cn2)CC1,True,pass,True,0,0,,,True,True,True,True,True,True,True,True,True,True,True,True,True,True,True,True,True,True,True,True,True,True
pose001890,1890,NS(=O)(=O)c1ccc(-c2cc(Nc3ccc(-c4cccc(O)c4)cc3)n[nH]2)cc1,True,pass,True,0,0,,,True,True,True,True,True,True,True,True,True,True,True,True,True,True,True,True,True,True,True,True,True,True
pose001891,1891,COc1ccc(-c2ocnc2C(=O)Nc2cc(F)c(N3CCCNCC3)cn2)cc1Cl,True,pass,True,0,0,,,True,True,True,True,True,True,True,True,True,True,True,True,True,True,True,True,True,True,True,True,True,True
pose001892,1892,COc1cccc(NC(=S)N2CCN(c3nnc(OC(C)C)c4ccccc34)CC2)c1,True,pass,True,0,0,,,True,True,True,True,True,True,True,True,True,True,True,True,True,True,True,True,True,True,True,True,True,True
pose001893,1893,Cc1cccc(C(=O)Nc2ccc(C(=O)N3CCOCC3)cc2)c1,True,pass,True,0,0,,,True,True,True,True,True,True,True,True,True,True,True,True,True,True,True,True,True,True,True,True,True,True
pose001894,1894,Nc1ccc(CC(=O)NNc2ncc(C(F)(F)F)c(OC3CCCCC3)n2)cc1,True,pass,True,0,0,,,True,True,True,True,True,True,True,True,True,True,True,True,True,True,True,True,True,True,True,True,True,True
pose001895,1895,Cc1cc(C)c(CNc2nc(N[C@@H](C)[C@@H](C)O)nc3c2ncn3C(C)C)cn1,True,pass,True,0,0,,,True,True,True,True,True,True,True,True,True,True,True,True,True,True,True,True,True,True,True,True,True,True
pose001896,1896,Cc1ncc(-c2nc(NC(=O)CN3CCOCC3)ncc2F)n1C(C)C,True,pass,True,0,0,,,True,True,True,True,True,True,True,True,True,True,True,True,True,True,True,True,True,True,True,True,True,True
pose001897,1897,C=C(C)c1ccnc(Nc2cccc(N3CCN(C)CC3)c2)c1,True,pass,True,0,0,,,True,True,True,True,True,True,True,True,True,True,True,True,True,True,True,True,True,True,True,True,True,True
pose001898,1898,CC(C)=C(C)C(=O)c1ccc(C(=O)c2ccc(Nc3ncc(F)c(-c4cnc(C)n4C(C)C)n3)cc2O)cc1,True,pass,True,0,0,,,True,True,True,True,True,True,True,True,True,True,True,True,True,True,True,True,True,True,True,True,True,True
pose001899,1899,CNc1ccc(C(=O)Nc2ccc(Cl)cc2)cc1N1CCNCC1,True,pass,True,0,0,,,True,True,True,True,True,True,True,True,True,True,True,True,True,True,True,True,True,True,True,True,True,True
pose001900,1900,O=C(Nc1ccc(C(=O)N2CCOCC2)cc1)c1ccccc1,True,pass,True,0,0,,,True,True,True,True,True,True,True,True,True,True,True,True,True,True,True,True,True,True,True,True,True,True
pose001901,1901,CCC(=O)Nc1ncc(F)c(-c2cnc(C)n2C(C)C)n1,True,pass,True,0,0,,,True,True,True,True,True,True,True,True,True,True,True,True,True,True,True,True,True,True,True,True,True,True
pose001902,1902,C=C(C)c1ccc(Nc2ccc(S(N)(=O)=O)cc2)cc1,True,pass,True,0,0,,,True,True,True,True,True,True,True,True,True,True,True,True,True,True,True,True,True,True,True,True,True,True
pose001903,1903,CCc1cnn2c(NCc3ccc[n+]([O-])c3)cc(N3CCCC[C@H]3CCO)nc12,True,pass,True,0,0,,,True,True,True,True,True,True,True,True,True,True,True,True,True,True,True,True,True,True,True,True,True,True
pose001904,1904,NS(=O)(=O)c1ccc(N=Nc2c(O)[nH]c3ccc(-c4c(=O)[nH]c5ccc6[nH]cccc6c45)cc23)cc1,True,pass,True,0,0,,,True,True,True,True,True,True,True,True,True,True,True,True,True,True,True,True,True,True,True,True,True,True
pose001905,1905,NC(=O)c1ccc(Nc2nc(N[C@H]3CC[C@H](N)CC3)nc3c2ncn3C2CCCC2)cc1,True,pass,True,0,0,,,True,True,True,True,True,True,True,True,True,True,True,True,True,True,True,True,True,True,True,True,True,True
pose001906,1906,Cc1ncc(-c2ccnc(Nc3ccc(C(=O)NCCN(C)C)c(F)c3)n2)n1C(C)C,True,pass,True,0,0,,,True,True,True,True,True,True,True,True,True,True,True,True,True,True,True,True,True,True,True,True,True,True
pose001907,1907,CC1(C)CN(c2ccc(Nc3cc(-c4c[nH]c5cnccc45)ncn3)nc2)CCN1C1CC1,True,pass,True,0,0,,,True,True,True,True,True,True,True,True,True,True,True,True,True,True,True,True,True,True,True,True,True,True
pose001908,1908,Cc1ncc(CC(=O)CC(=O)c2ccc(Nc3ncc(F)c(-c4cnc(C)n4C(C)C)n3)cc2)n1C(C)C,True,pass,True,0,0,,,True,True,True,True,True,True,True,True,True,True,True,True,True,True,True,True,True,True,True,True,True,True
pose001909,1909,C=C(C)c1ccc([C@H]2CCN(C(=O)c3ccc(Nc4ncc(F)c(-c5cnc(C)n5C(C)C)n4)cc3)C2)cc1,True,pass,True,0,0,,,True,True,True,True,True,True,True,True,True,True,True,True,True,True,True,True,True,True,True,True,True,True
pose001910,1910,CC(c1ccc2[nH]c(O)c(N=Nc3ccc(S(N)(=O)=O)cc3)c2c1)c1ccc2[nH]c(O)c(-c3cnco3)c2c1,True,pass,True,0,0,,,True,True,True,True,True,True,True,True,True,True,True,True,True,True,True,True,True,True,True,True,True,True
pose001911,1911,COc1ccc(NC(=O)c2ccc3c(c2)CCN(C(=O)C(C)C)C3)cc1,True,pass,True,0,0,,,True,True,True,True,True,True,True,True,True,True,True,True,True,True,True,True,True,True,True,True,True,True
pose001912,1912,COC(C)(C)c1ccc(-c2ccc(S(N)(=O)=O)cc2)cc1,True,pass,True,0,0,,,True,True,True,True,True,True,True,True,True,True,True,True,True,True,True,True,True,True,True,True,True,True
pose001913,1913,NS(=O)(=O)c1ccc(-c2ccc(Nc3cc(-c4ccc(N=Nc5cccc(O)c5)cc4)[nH]n3)cc2)cc1,True,pass,True,0,0,,,True,True,True,True,True,True,True,True,True,True,True,True,True,True,True,True,True,True,True,True,True,True
pose001914,1914,CC(=O)N1CCC(c2ccc(-c3ccc(S(N)(=O)=O)cc3)cc2)CC1,True,pass,True,0,0,,,True,True,True,True,True,True,True,True,True,True,True,True,True,True,True,True,True,True,True,True,True,True
pose001915,1915,CC(C)n1cnnc1-c1cccc(NC(=O)Nc2ccc(N3CCNCC3)cn2)n1,True,pass,True,0,0,,,True,True,True,True,True,True,True,True,True,True,True,True,True,True,True,True,True,True,True,True,True,True
pose001916,1916,CC(=O)Nc1ccc(-c2cccc(S(C)(=O)=O)c2)cc1,True,pass,True,0,0,,,True,True,True,True,True,True,True,True,True,True,True,True,True,True,True,True,True,True,True,True,True,True
pose001917,1917,CCC(C)c1ccc(-c2ccc(S(N)(=O)=O)cc2)cc1,True,pass,True,0,0,,,True,True,True,True,True,True,True,True,True,True,True,True,True,True,True,True,True,True,True,True,True,True
pose001918,1918,O=C(Nc1ccc(F)c(F)c1)c1ccc(N2CCOCC2)cc1,True,pass,True,0,0,,,True,True,True,True,True,True,True,True,True,True,True,True,True,True,True,True,True,True,True,True,True,True
pose001919,1919,CCC(=O)Nc1ccc(C(=O)Nc2ccccc2)cc1,True,pass,True,0,0,,,True,True,True,True,True,True,True,True,True,True,True,True,True,True,True,True,True,True,True,True,True,True
pose001920,1920,CCc1ccc(C(=O)Nc2ccc(S(N)(=O)=O)cc2)cc1,True,pass,True,0,0,,,True,True,True,True,True,True,True,True,True,True,True,True,True,True,True,True,True,True,True,True,True,True
pose001921,1921,CCN(CC)C1CCN(c2ccc(Nc3ncc4cc5n(c4n3)C3(CCCCC3)CNC5=O)nc2)CC1,True,pass,True,0,0,,,True,True,True,True,True,True,True,True,True,True,True,True,True,True,True,True,True,True,True,True,True,True
pose001922,1922,CNC(=O)c1nn(C)c2c1CCc1cnc(Nc3ccc(N4CCN(C)CC4)cc3)nc1-2,True,pass,True,0,0,,,True,True,True,True,True,True,True,True,True,True,True,True,True,True,True,True,True,True,True,True,True,True
pose001923,1923,COc1ccc(C=Cc2cc(F)c(N3CCCNCC3)cn2)c(Br)c1,True,pass,True,0,0,,,True,True,True,True,True,True,True,True,True,True,True,True,True,True,True,True,True,True,True,True,True,True
pose001924,1924,Cc1ccccc1Nc1ccc(C(=O)N2CCOCC2)cn1,True,pass,True,0,0,,,True,True,True,True,True,True,True,True,True,True,True,True,True,True,True,True,True,True,True,True,True,True
pose001925,1925,C=C(C)CNC(=O)c1ccc(Nc2ncc(F)c(-c3cnc(C)n3C(C)C)n2)cc1F,True,pass,True,0,0,,,True,True,True,True,True,True,True,True,True,True,True,True,True,True,True,True,True,True,True,True,True,True
pose001926,1926,NS(=O)(=O)c1ccc(-c2ccc(C(F)(F)F)cc2)cc1,True,pass,True,0,0,,,True,True,True,True,True,True,True,True,True,True,True,True,True,True,True,True,True,True,True,True,True,True
pose001927,1927,C[C@H]([C@@H](C)O)[C@@H](C)Oc1nc(Nc2ccc(S(=O)(=O)O[C@H](C)[C@@H](C)O)cc2)ncc1C(F)(F)F,True,pass,True,0,0,,,True,True,True,True,True,True,True,True,True,True,True,True,True,True,True,True,True,True,True,True,True,True
pose001928,1928,COc1cc(Nc2ccccc2)ccc1N1CCN(C)CC1,True,pass,True,0,0,,,True,True,True,True,True,True,True,True,True,True,True,True,True,True,True,True,True,True,True,True,True,True
pose001929,1929,COc1ccc(CC(=O)NC2CCN(c3ccccc3)CC2)cc1,True,pass,True,0,0,,,True,True,True,True,True,True,True,True,True,True,True,True,True,True,True,True,True,True,True,True,True,True
pose001930,1930,CC(=O)NCc1ccc(N2Cc3ccccc3C2=O)cc1,True,pass,True,0,0,,,True,True,True,True,True,True,True,True,True,True,True,True,True,True,True,True,True,True,True,True,True,True
pose001931,1931,Cc1ncc(-c2nc(-c3nc(Nc4ccc(C(=O)C(C)C)c(F)c4)ncc3F)ncc2F)n1C(C)C,True,pass,True,0,0,,,True,True,True,True,True,True,True,True,True,True,True,True,True,True,True,True,True,True,True,True,True,True
pose001932,1932,O=C(c1ccc(CNc2ccc(Cl)cc2)cc1)N1CCCC1,True,pass,True,0,0,,,True,True,True,True,True,True,True,True,True,True,True,True,True,True,True,True,True,True,True,True,True,True
pose001933,1933,Nc1ccc(-c2cc(Nc3ccc(S(N)(=O)=O)cc3)[nH]n2)cc1,True,pass,True,0,0,,,True,True,True,True,True,True,True,True,True,True,True,True,True,True,True,True,True,True,True,True,True,True
pose001934,1934,CN(C)CC(=O)Nc1cc(NNc2ccc(N3CCOCC3)cc2)ccc1F,True,pass,True,0,0,,,True,True,True,True,True,True,True,True,True,True,True,True,True,True,True,True,True,True,True,True,True,True
pose001935,1935,CNC(=O)Cc1ccc(-c2ccc(C(=O)NC)cc2)cn1,True,pass,True,0,0,,,True,True,True,True,True,True,True,True,True,True,True,True,True,True,True,True,True,True,True,True,True,True
pose001936,1936,Nc1nc2ccc(N[C@H]3CC[C@@H](N)CCO3)cn2c1C(=O)c1c(F)cccc1F,True,pass,True,0,0,,,True,True,True,True,True,True,True,True,True,True,True,True,True,True,True,True,True,True,True,True,True,True
pose001937,1937,CC(=O)N1CCN(c2nc(C(C)C)nc3nc[nH]c23)CC1,True,pass,True,0,0,,,True,True,True,True,True,True,True,True,True,True,True,True,True,True,True,True,True,True,True,True,True,True
pose001938,1938,CCN(C)C(=O)c1cccc(Nc2ccc(C(=O)N(C)C)cc2)c1,True,pass,True,0,0,,,True,True,True,True,True,True,True,True,True,True,True,True,True,True,True,True,True,True,True,True,True,True
pose001939,1939,CC(c1ccc(C2CC2)cc1)c1ccc(S(N)(=O)=O)cc1,True,pass,True,0,0,,,True,True,True,True,True,True,True,True,True,True,True,True,True,True,True,True,True,True,True,True,True,True
pose001940,1940,COc1cc(F)ccc1C(=O)Nc1cc(C)ccc1F,True,pass,True,0,0,,,True,True,True,True,True,True,True,True,True,True,True,True,True,True,True,True,True,True,True,True,True,True
pose001941,1941,COc1ccc(-c2ccc3c(-c4nc5c(N6CCN(C)CC6)cccc5[nH]4)[nH]nc3c2)c(OC)c1,True,pass,True,0,0,,,True,True,True,True,True,True,True,True,True,True,True,True,True,True,True,True,True,True,True,True,True,True
pose001942,1942,CC(C)CN[C@@H]1CNC(=O)c2cc3cnc(Nc4ccc(C#N)cn4)nc3n21,True,pass,True,0,0,,,True,True,True,True,True,True,True,True,True,True,True,True,True,True,True,True,True,True,True,True,True,True
pose001943,1943,CCN1CCN(c2ccc(-c3ccc(NC(C)=O)cn3)cc2)CC1,True,pass,True,0,0,,,True,True,True,True,True,True,True,True,True,True,True,True,True,True,True,True,True,True,True,True,True,True
pose001944,1944,COc1cc(F)ccc1NC(=O)c1ccc(C(N)=O)cc1,True,pass,True,0,0,,,True,True,True,True,True,True,True,True,True,True,True,True,True,True,True,True,True,True,True,True,True,True
pose001945,1945,COc1ccc(C(=O)c2ccc(S(N)(=O)=O)cc2)cc1,True,pass,True,0,0,,,True,True,True,True,True,True,True,True,True,True,True,True,True,True,True,True,True,True,True,True,True,True
pose001946,1946,CS(=O)(=O)c1ccc(CC(=O)NC(=O)c2ccccc2)cc1,True,pass,True,0,0,,,True,True,True,True,True,True,True,True,True,True,True,True,True,True,True,True,True,True,True,True,True,True
pose001947,1947,CC(C)Nc1ncc2c(n1)CN(C(=O)c1ccc(C#N)c(Cl)c1)CC2,True,pass,True,0,0,,,True,True,True,True,True,True,True,True,True,True,True,True,True,True,True,True,True,True,True,True,True,True
pose001948,1948,Cc1ccc(Nc2ccc(N3CCN(C)CC3)cc2)cc1,True,pass,True,0,0,,,True,True,True,True,True,True,True,True,True,True,True,True,True,True,True,True,True,True,True,True,True,True
pose001949,1949,NCCC=c1cc(-c2ccc[nH]2)c2c(O)[nH]c3ccc(F)c1c32,True,pass,True,0,0,,,True,True,True,True,True,True,True,True,True,True,True,True,True,True,True,True,True,True,True,True,True,True
pose001950,1950,CC(=O)N1CCN(c2cc(NCc3ccccc3F)ccc2C)CC1,True,pass,True,0,0,,,True,True,True,True,True,True,True,True,True,True,True,True,True,True,True,True,True,True,True,True,True,True
pose001951,1951,C[C@@H](O)[C@@H](C)Nc1nc(Nc2ccc(S(=N)(=O)CCO)cc2)ncc1Br,True,pass,True,0,0,,,True,True,True,True,True,True,True,True,True,True,True,True,True,True,True,True,True,True,True,True,True,True
pose001952,1952,CCc1ccc(NC(=O)c2ccc(COC)cc2)cc1,True,pass,True,0,0,,,True,True,True,True,True,True,True,True,True,True,True,True,True,True,True,True,True,True,True,True,True,True
pose001953,1953,CC(C)N1CCN(Cc2ccc(N3CCC(O)CC3)cc2)CC1,True,pass,True,0,0,,,True,True,True,True,True,True,True,True,True,True,True,True,True,True,True,True,True,True,True,True,True,True
pose001954,1954,COc1cc(N2CCN(C)CC2)ccc1-c1ccc(C(=O)O)cc1,True,pass,True,0,0,,,True,True,True,True,True,True,True,True,True,True,True,True,True,True,True,True,True,True,True,True,True,True
pose001955,1955,COCCN1CCN(Cc2ccc(-c3[nH]nc4c3C(=O)c3c(NC(=O)NN5CCOCC5)cccc3-4)cc2)CC1,True,pass,True,0,0,,,True,True,True,True,True,True,True,True,True,True,True,True,True,True,True,True,True,True,True,True,True,True
pose001956,1956,O=C(O)c1cc(O)c(O)c2c1c([N+](=O)[O-])cc1ccccc12,True,pass,True,0,0,,,True,True,True,True,True,True,True,True,True,True,True,True,True,True,True,True,True,True,True,True,True,True
pose001957,1957,Clc1cccc(Nc2nccc(-c3ccnc(N4CCOCC4)c3)n2)c1,True,pass,True,0,0,,,True,True,True,True,True,True,True,True,True,True,True,True,True,True,True,True,True,True,True,True,True,True
pose001958,1958,COCS(=N)(=N)c1ccc2[nH]c(O)c(N=Nc3ccc(NN=NNSc4ccc(S(N)(=O)=O)cc4)cc3)c2c1,True,pass,True,0,0,,,True,True,True,True,True,True,True,True,True,True,True,True,True,True,True,True,True,True,True,True,True,True
pose001959,1959,CC(O)CSc1nc(Nc2ccc(S(C)(=N)=O)cc2)ncc1Br,True,pass,True,0,0,,,True,True,True,True,True,True,True,True,True,True,True,True,True,True,True,True,True,True,True,True,True,True
pose001960,1960,CC(C)C(=O)NCc1ccc(-c2ccc(S(N)(=O)=O)cc2)cc1,True,pass,True,0,0,,,True,True,True,True,True,True,True,True,True,True,True,True,True,True,True,True,True,True,True,True,True,True
pose001961,1961,O=C(O)N1CCCc2cnc(Nc3ccccc3C3CC3)nc2C1,True,pass,True,0,0,,,True,True,True,True,True,True,True,True,True,True,True,True,True,True,True,True,True,True,True,True,True,True
pose001962,1962,CC(C)c1cnc(NC(=O)Cc2ccc(NO[C@H](C)C(C)(C)O)cc2)s1,True,fail,False,1,0,internal_energy,,True,True,True,True,True,True,True,True,True,True,True,True,False,True,True,True,True,True,True,True,True,True
pose001963,1963,C=C(C)N1CCc2cnc(Nc3ccc(C4CC4)cc3)nc2C1,True,pass,True,0,0,,,True,True,True,True,True,True,True,True,True,True,True,True,True,True,True,True,True,True,True,True,True,True
pose001964,1964,Cc1nc2c(F)cc(-c3nc(Nc4ncc5c(n4)CCNC5)ncc3F)cc2n1C(C)C,True,pass,True,0,0,,,True,True,True,True,True,True,True,True,True,True,True,True,True,True,True,True,True,True,True,True,True,True
pose001965,1965,CNC(=O)c1nc(C)c(F)c(-c2cnc(C)n2C(C)C)n1,True,pass,True,0,0,,,True,True,True,True,True,True,True,True,True,True,True,True,True,True,True,True,True,True,True,True,True,True
pose001966,1966,CC(=N)[CH]C=CC(=O)c1ccc(Nc2ncc(F)c(Nc3ncc(F)c(-c4cnc(C)n4C(C)C)n3)n2)cc1,True,fail,False,1,0,no_radicals,,True,True,True,True,True,False,True,True,True,True,True,True,True,True,True,True,True,True,True,True,True,True
pose001967,1967,C[C@H](O)CN1CCN(c2ccc(Nc3ccc(S(=O)(=O)C4CCCC4)cc3)nc2)C[C@H]1C,True,pass,True,0,0,,,True,True,True,True,True,True,True,True,True,True,True,True,True,True,True,True,True,True,True,True,True,True
pose001968,1968,CC(C)Cc1ccc(Cc2ccc(S(N)(=O)=O)cc2)cc1,True,pass,True,0,0,,,True,True,True,True,True,True,True,True,True,True,True,True,True,True,True,True,True,True,True,True,True,True
pose001969,1969,CN1CCN(c2ccnc(-c3ccc([C@H]4CC[C@H](N)CC4)cc3)c2)CC1,True,pass,True,0,0,,,True,True,True,True,True,True,True,True,True,True,True,True,True,True,True,True,True,True,True,True,True,True
pose001970,1970,Cc1ccccc1Nc1ccc(N2CCCOC2)cc1,True,pass,True,0,0,,,True,True,True,True,True,True,True,True,True,True,True,True,True,True,True,True,True,True,True,True,True,True
pose001971,1971,CN1CCN(Cc2nnc(N[C@H]3CC[C@H](N)CC3)c3ccccc23)CC1,True,pass,True,0,0,,,True,True,True,True,True,True,True,True,True,True,True,True,True,True,True,True,True,True,True,True,True,True
pose001972,1972,CN1CCN(c2ccc(NNNC(=O)NNNNc3ncc4c(n3)-c3c(c(C(N)=O)nn3C)CC4)cc2)CC1,True,pass,True,0,0,,,True,True,True,True,True,True,True,True,True,True,True,True,True,True,True,True,True,True,True,True,True,True
pose001973,1973,CC(=O)Nc1ccc(-c2ccc(CN3CCOCC3)cc2)cc1,True,pass,True,0,0,,,True,True,True,True,True,True,True,True,True,True,True,True,True,True,True,True,True,True,True,True,True,True
pose001974,1974,N#Cc1ccc2c(CCNc3ccc(C(F)(F)F)cc3C(=O)O)c[nH]c2c1,True,pass,True,0,0,,,True,True,True,True,True,True,True,True,True,True,True,True,True,True,True,True,True,True,True,True,True,True
pose001975,1975,Fc1ccc(-c2ccc(CCN3CCCNCC3)cc2)cc1,True,pass,True,0,0,,,True,True,True,True,True,True,True,True,True,True,True,True,True,True,True,True,True,True,True,True,True,True
pose001976,1976,COc1ccccc1Nc1ccnc(Nc2ccc(OCS(N)(=O)=O)cn2)n1,True,pass,True,0,0,,,True,True,True,True,True,True,True,True,True,True,True,True,True,True,True,True,True,True,True,True,True,True
pose001977,1977,O=[N+]([O-])c1cccc(Nc2nccc(-c3cnn4ncccc34)n2)c1,True,pass,True,0,0,,,True,True,True,True,True,True,True,True,True,True,True,True,True,True,True,True,True,True,True,True,True,True
pose001978,1978,COC(=O)CN1CCc2nc(Nc3ncc(F)c(-c4cc(F)c5nc(C)n(C(C)C)c5c4)n3)ccc2C1,True,pass,True,0,0,,,True,True,True,True,True,True,True,True,True,True,True,True,True,True,True,True,True,True,True,True,True,True
pose001979,1979,Cc1nnc2sc(Nc3nc(Nc4ccc(F)c(NC(=O)CN(C)C)c4)ncc3F)nn12,True,pass,True,0,0,,,True,True,True,True,True,True,True,True,True,True,True,True,True,True,True,True,True,True,True,True,True,True
pose001980,1980,CN1CCCN(Nc2ccc(-c3ccc(S(N)(=O)=O)cc3)cc2)CC1,True,pass,True,0,0,,,True,True,True,True,True,True,True,True,True,True,True,True,True,True,True,True,True,True,True,True,True,True
pose001981,1981,CC(=O)Nc1ccc(CNc2nc(S(=O)(=O)N(C)C)nc3c(C(C)C)cnn23)cc1,True,pass,True,0,0,,,True,True,True,True,True,True,True,True,True,True,True,True,True,True,True,True,True,True,True,True,True,True
pose001982,1982,CC(C)c1cccc(Cc2ccc(S(N)(=O)=O)cc2)n1,True,pass,True,0,0,,,True,True,True,True,True,True,True,True,True,True,True,True,True,True,True,True,True,True,True,True,True,True
pose001983,1983,O=C(Nc1ncc(SCc2nc(Cc3ccccc3)co2)s1)C1CCNCC1,True,pass,True,0,0,,,True,True,True,True,True,True,True,True,True,True,True,True,True,True,True,True,True,True,True,True,True,True
pose001984,1984,C=C(C)CC(=O)c1ccc(Nc2ncc(F)c(Nc3ncc(F)c(-c4cnc(C)n4C(C)C)n3)n2)cc1,True,pass,True,0,0,,,True,True,True,True,True,True,True,True,True,True,True,True,True,True,True,True,True,True,True,True,True,True
pose001985,1985,O=c1cc(Sc2ccccc2Cl)oc2c(C3CCNCC3)c(O)cc(O)c12,True,pass,True,0,0,,,True,True,True,True,True,True,True,True,True,True,True,True,True,True,True,True,True,True,True,True,True,True
pose001986,1986,COc1cc(Nc2ncc(Br)c(O[C@H](C)[C@H](C)O)n2)ccc1S(C)(=N)=O,True,pass,True,0,0,,,True,True,True,True,True,True,True,True,True,True,True,True,True,True,True,True,True,True,True,True,True,True
pose001987,1987,COc1ccc(-c2ocnc2C(=O)NCc2ccncc2)cc1F,True,pass,True,0,0,,,True,True,True,True,True,True,True,True,True,True,True,True,True,True,True,True,True,True,True,True,True,True
pose001988,1988,O=C1Nc2ccc(F)c3c(S[C@H]4CCNC4)cc(-c4ccc[nH]4)c1c23,True,pass,True,0,0,,,True,True,True,True,True,True,True,True,True,True,True,True,True,True,True,True,True,True,True,True,True,True
pose001989,1989,CC(C)(C)c1nc(Nc2ccc(NCN3CCSCC3)cc2)ncc1F,True,pass,True,0,0,,,True,True,True,True,True,True,True,True,True,True,True,True,True,True,True,True,True,True,True,True,True,True
pose001990,1990,CC(C)c1cnn2c(NCc3ccccc3)cc(N[C@@H](CO)[C@H](O)CO)nc12,True,pass,True,0,0,,,True,True,True,True,True,True,True,True,True,True,True,True,True,True,True,True,True,True,True,True,True,True
pose001991,1991,Cc1ncc(-c2nc(NC3CCOCC3)ncc2F)n1C(C)C,True,pass,True,0,0,,,True,True,True,True,True,True,True,True,True,True,True,True,True,True,True,True,True,True,True,True,True,True
pose001992,1992,CCNC(=O)[C@@H](CC)NC(=O)c1ccc(Nc2ncc(F)c(-c3cnc(C)n3C(C)C)n2)cc1,True,pass,True,0,0,,,True,True,True,True,True,True,True,True,True,True,True,True,True,True,True,True,True,True,True,True,True,True
pose001993,1993,Cc1cc(Cc2ccccc2)nc(CN2CCCNCC2)n1,True,pass,True,0,0,,,True,True,True,True,True,True,True,True,True,True,True,True,True,True,True,True,True,True,True,True,True,True
pose001994,1994,COc1ccc(C(=O)Nc2ccc(OC)c(O)c2)cc1,True,pass,True,0,0,,,True,True,True,True,True,True,True,True,True,True,True,True,True,True,True,True,True,True,True,True,True,True
pose001995,1995,COc1c[nH]c(CN=Cc2c(=O)[nH]c(O)c3ccc(I)cc23)cc1=O,True,pass,True,0,0,,,True,True,True,True,True,True,True,True,True,True,True,True,True,True,True,True,True,True,True,True,True,True
pose001996,1996,NS(=O)(=O)N=Nc1cccc2[nH]c(O)c(N=Nc3ccc(S(N)(=O)=O)cc3)c12,True,pass,True,0,0,,,True,True,True,True,True,True,True,True,True,True,True,True,True,True,True,True,True,True,True,True,True,True
pose001997,1997,CN(C)C(=O)c1ccc(Nc2cc3c(cn2)cc(C(=O)N(C)C)n3C(=O)N2C[C@H](O)[C@@H](O)C2)c(Cl)c1,True,pass,True,0,0,,,True,True,True,True,True,True,True,True,True,True,True,True,True,True,True,True,True,True,True,True,True,True
pose001998,1998,O=C(Nc1ccc(Cl)cc1)c1cc(SCCO)c2c(F)ccc3c2c1C(=O)N3,True,pass,True,0,0,,,True,True,True,True,True,True,True,True,True,True,True,True,True,True,True,True,True,True,True,True,True,True
pose001999,1999,O=C(Nc1ccc(N2CCNCC2)cc1)c1ccccc1,True,pass,True,0,0,,,True,True,True,True,True,True,True,True,True,True,True,True,True,True,True,True,True,True,True,True,True,True
pose002000,2000,N#Cc1ccc(Nc2nccc(-c3cnn4ncccc34)n2)cc1,True,pass,True,0,0,,,True,True,True,True,True,True,True,True,True,True,True,True,True,True,True,True,True,True,True,True,True,True
pose002001,2001,CC(C)(O)CSc1nc(Nc2ccc(S(C)(=N)=O)cc2)ncc1Br,True,pass,True,0,0,,,True,True,True,True,True,True,True,True,True,True,True,True,True,True,True,True,True,True,True,True,True,True
pose002002,2002,c1cc(Cc2ccc3c(n2)CCNC3)cc(N2CCOCNC2)c1,True,pass,True,0,0,,,True,True,True,True,True,True,True,True,True,True,True,True,True,True,True,True,True,True,True,True,True,True
pose002003,2003,O=C1Nc2cc3c(O)cccc3c3c4c(cc1c23)OCO4,True,pass,True,0,0,,,True,True,True,True,True,True,True,True,True,True,True,True,True,True,True,True,True,True,True,True,True,True
pose002004,2004,Cc1c(N[C@H]2CCCNC2)nc2ccnn2c1N[C@H]1CC[C@H](N)CC1,True,pass,True,0,0,,,True,True,True,True,True,True,True,True,True,True,True,True,True,True,True,True,True,True,True,True,True,True
pose002005,2005,CCC(CC)n1c(C)nc2c(F)cc(-c3nc(Nc4ccc5c(n4)CCN(CCN(C)C)C5)ncc3F)cc21,True,pass,True,0,0,,,True,True,True,True,True,True,True,True,True,True,True,True,True,True,True,True,True,True,True,True,True,True
pose002006,2006,CN(C)S(=O)(=O)c1ccc(N=Cc2c(O)[nH]c3ccc4ncsc4c23)cc1,True,pass,True,0,0,,,True,True,True,True,True,True,True,True,True,True,True,True,True,True,True,True,True,True,True,True,True,True
pose002007,2007,O=C(O)c1cc(C(F)(F)F)ccc1NCCc1c[nH]c2ccccc12,True,pass,True,0,0,,,True,True,True,True,True,True,True,True,True,True,True,True,True,True,True,True,True,True,True,True,True,True
pose002008,2008,Cc1cc(OC(C)C)ccc1Oc1ccc(S(N)(=O)=O)cc1,True,pass,True,0,0,,,True,True,True,True,True,True,True,True,True,True,True,True,True,True,True,True,True,True,True,True,True,True
pose002009,2009,C[C@@H](O)S(=O)(=O)c1ccc(Nc2ncc(C(F)(F)F)c(O[C@H](C)S(=O)(=O)C(F)(F)[C@H](O)S)n2)cc1,True,pass,True,0,0,,,True,True,True,True,True,True,True,True,True,True,True,True,True,True,True,True,True,True,True,True,True,True
pose002010,2010,CN1CC2(CCCC2)n2c(cc3cnc(-c4ccc(NC(=O)O)nn4)nc32)C1=O,True,pass,True,0,0,,,True,True,True,True,True,True,True,True,True,True,True,True,True,True,True,True,True,True,True,True,True,True
pose002011,2011,COc1ccc(NC(=O)c2ccc(F)cc2N2CCOCC2)cc1,True,pass,True,0,0,,,True,True,True,True,True,True,True,True,True,True,True,True,True,True,True,True,True,True,True,True,True,True
pose002012,2012,O=C(Nc1ccc(CC(=O)N2CCCC2)cc1)c1ccccc1F,True,pass,True,0,0,,,True,True,True,True,True,True,True,True,True,True,True,True,True,True,True,True,True,True,True,True,True,True
pose002013,2013,COc1cc(F)ccc1C(=O)Nc1ccc(C(=O)O)cc1,True,pass,True,0,0,,,True,True,True,True,True,True,True,True,True,True,True,True,True,True,True,True,True,True,True,True,True,True
pose002014,2014,NS(=O)(=O)c1ccc(Nc2ccc(C3CC3)cc2)cc1,True,pass,True,0,0,,,True,True,True,True,True,True,True,True,True,True,True,True,True,True,True,True,True,True,True,True,True,True
pose002015,2015,O=C(Nc1ccc(N2CCCCC2)cc1)c1ccsc1,True,pass,True,0,0,,,True,True,True,True,True,True,True,True,True,True,True,True,True,True,True,True,True,True,True,True,True,True
pose002016,2016,C[C@@H](NC(=O)N1CCc2cnc(Nc3cnn(C)c3)nc2C1)c1ccc(Cl)c(Cl)c1,True,pass,True,0,0,,,True,True,True,True,True,True,True,True,True,True,True,True,True,True,True,True,True,True,True,True,True,True
pose002017,2017,CC(C)Cc1ccc(-c2ccc(S(N)(=O)=O)cc2)nc1,True,pass,True,0,0,,,True,True,True,True,True,True,True,True,True,True,True,True,True,True,True,True,True,True,True,True,True,True
pose002018,2018,Cc1ncc(-c2ccnc(Nc3ccc(Cl)cc3)n2)n1C(C)C,True,pass,True,0,0,,,True,True,True,True,True,True,True,True,True,True,True,True,True,True,True,True,True,True,True,True,True,True
pose002019,2019,CC[C@@H](CO)Nc1nc(NCc2ccc(NC(C)=O)cc2)n2ncc(C(C)C)c2n1,True,pass,True,0,0,,,True,True,True,True,True,True,True,True,True,True,True,True,True,True,True,True,True,True,True,True,True,True
pose002020,2020,CC1CCC(Cc2nc(C(C)C)nc3nc[nH]c23)CC1,True,pass,True,0,0,,,True,True,True,True,True,True,True,True,True,True,True,True,True,True,True,True,True,True,True,True,True,True
pose002021,2021,CCC1CCN(c2cccc(-c3ccc(O)cc3)n2)CC1,True,pass,True,0,0,,,True,True,True,True,True,True,True,True,True,True,True,True,True,True,True,True,True,True,True,True,True,True
pose002022,2022,COCS(=N)(=O)c1ccc2[nH]c(O)c(N=NNN=Nc3ccc(S(N)(=O)=O)cc3)c2c1,True,pass,True,0,0,,,True,True,True,True,True,True,True,True,True,True,True,True,True,True,True,True,True,True,True,True,True,True
pose002023,2023,O=C1CCCN1Nc1ccc(N2Cc3ccccc3C2=O)cc1,True,pass,True,0,0,,,True,True,True,True,True,True,True,True,True,True,True,True,True,True,True,True,True,True,True,True,True,True
pose002024,2024,CN(C)C(=O)c1ccc(NC(=O)c2ccccc2)cc1,True,pass,True,0,0,,,True,True,True,True,True,True,True,True,True,True,True,True,True,True,True,True,True,True,True,True,True,True
pose002025,2025,Cc1ncc(-c2nc(NC(=O)NC(C)C)ncc2F)n1C(C)C,True,pass,True,0,0,,,True,True,True,True,True,True,True,True,True,True,True,True,True,True,True,True,True,True,True,True,True,True
pose002026,2026,COc1ccc2[nH]nc(C(=O)NCC3CCN(CCc4ccc(O)cc4)CC3)c2c1,True,pass,True,0,0,,,True,True,True,True,True,True,True,True,True,True,True,True,True,True,True,True,True,True,True,True,True,True
pose002027,2027,C=C(C)NSC(=C)[C@@H](C)NCNC(=O)c1ccc(Nc2ncc(F)c(-c3cnc(C)n3C(C)C)n2)cc1F,True,pass,True,0,0,,,True,True,True,True,True,True,True,True,True,True,True,True,True,True,True,True,True,True,True,True,True,True
pose002028,2028,O=c1[nH]c(O)c(C=Nc2ccc(CN3CCCCC3)cc2)c2ccccc12,True,pass,True,0,0,,,True,True,True,True,True,True,True,True,True,True,True,True,True,True,True,True,True,True,True,True,True,True
pose002029,2029,COc1ccc(NC(=O)c2ccc(N3CCOCC3)cc2)cc1,True,pass,True,0,0,,,True,True,True,True,True,True,True,True,True,True,True,True,True,True,True,True,True,True,True,True,True,True
pose002030,2030,COc1cc(Nc2ccccc2)ccc1N1CCOCC1,True,pass,True,0,0,,,True,True,True,True,True,True,True,True,True,True,True,True,True,True,True,True,True,True,True,True,True,True
pose002031,2031,C[C@@H](Nc1nc(Nc2ccc(S(=N)(=O)CC3CC3)cc2)ncc1Br)C(C)(C)O,True,pass,True,0,0,,,True,True,True,True,True,True,True,True,True,True,True,True,True,True,True,True,True,True,True,True,True,True
