smiles,vina_seed,vina_score,n_heavy_atoms,n_rotatable,seconds,status,job_id,prep_seed,pose_sha256
C#CCN(c1ccnc(Nc2ccc(OCC(O)CN(C)C)cc2)n1)c1cc(Cl)ccc1Cl,42,-7.41,33.0,11.0,18.197000741958618,ok,a28ef85bba81c4ed,42,bf109d7405fabf5930c6fe0e66dc7a63d88c94bd65f375a2f591db788f7854d6
C1=C/COCc2cc(ccc2OCCN2CCCC2)Nc2nccc(n2)-c2ccc(o2)COC/1,42,-5.555,34.0,4.0,36.09426999092102,ok,c9b2651a8d348c0a,42,d0d85f65c1dc127b452c34ecdfce68050b9f0d5f48909c5e6215d763464994d9
C1=C/COCc2cc(ccc2OCCN2CCCC2)Nc2nccc(n2)-c2cncc(c2)COC/1,42,-5.274,35.0,4.0,37.803876876831055,ok,662c4739301f6c9b,42,506d5ba89bfc53f6e8f19e76870b447affc31ff5af7252894e23137afa961366
C1=C/COCc2cc(ccc2OCCN2CCCC2)Nc2nccc(n2)-c2csc(c2)COC/1,42,-6.824,34.0,4.0,31.30239725112915,ok,39458e419979e1f3,42,90ea03993cbbff3d1424faf613a8b074db0988107dade74449ba2cdf0c363e18
C1=C/COCc2cncc(c2)-c2ccnc(n2)Nc2cccc(c2)COC/1,42,-4.97,27.0,0.0,14.624454259872437,ok,3d5568807d3e31bf,42,95f38043adec0b41c855c36ced545a70b2cb02127559db020086a6dda6b7075c
C=C(C)C(=O)C(=O)C(=O)c1ccc(Nc2ncc(F)c(-c3cnc(C)n3C(C)C)n2)cc1,42,-8.91,32.0,8.0,10.406344175338745,ok,4b33414151e0f097,42,bcac919ee348807505badb1afe76023c0aade243742ac45722aa9c0299f06ef3
C=C(C)C(=O)C(=O)C(Cl)=[N+](CC(=O)c1ccc(Nc2ncc(F)c(-c3cnc(C)n3C(C)C)n2)cc1)C(=C)C,42,-8.421,39.0,11.0,26.384664058685303,ok,e2128a89c1f88b3d,42,5fb390d565a92463717b53423c6148c0855416efe0ab939aa77533baa3d01ba0
C=C(C)C(=O)C(=O)c1ccc(Nc2ncc(F)c(-c3ncc(F)c(-c4cnc(C)n4C(C)C)n3)n2)cc1,42,-8.177,37.0,8.0,15.989931106567383,ok,1c11dd1370db9941,42,5ad3794941d8188c9ca6692639aaa289ff7846219ba08c44402858d8363918a6
C=C(C)C(=O)C=Cc1ccc(Nc2ncc(F)c(-c3cnc(C)n3C(C)C)n2)cc1,42,-9.069,30.0,7.0,8.98060131072998,ok,c2e4d4cddeadb4df,42,1d94f1ecd886708805e92774b17ad5786e89daea6796523d57f202ee95510bcc
C=C(C)C(=O)c1ccc(Cc2ccc(Nc3ncc(F)c(-c4cnc(C)n4C(C)C)n3)cc2)cc1,42,-9.565,35.0,8.0,13.15703296661377,ok,eee4fb7f78a2928a,42,f4e43d327661ba995349cbf2f0123e3443637d93784be93a217289d3a6891723
C=C(C)C(=O)c1ccc(Nc2ccc(Nc3ncc(F)c(-c4cnc(C)n4C(C)C)n3)cc2)cc1,42,-9.155,35.0,8.0,14.431863069534302,ok,7fe1eabd3fa82cd4,42,2d67da7a90a5d64e5b5396544d04d87bae215137c657376ace47c48de4e4fbf8
C=C(C)C(=O)c1ccc(Nc2ncc(F)c(Nc3ncc(F)c(-c4cnc(C)n4C(C)C)n3)n2)cc1,42,-8.581,36.0,8.0,18.376821994781494,ok,8d5222ba9c7938e8,42,8199b4bd2166c1a27806689bbfc849d2374ea448bf838010e88056cf84a7c2b0
C=C(C)C(=O)n1cncc1C(=O)c1ccc(Nc2ncc(F)c(-c3cnc(C)n3C(C)C)n2)cc1,42,-9.202,35.0,7.0,14.532790899276733,ok,bac3ff3883ad05da,42,334819742720c434c0eb7667ce821e6065ae830dd83a2cc9fe0961cabd7c137c
C=C(C)C(C)(N)CC(=O)c1ccc(Nc2ncc(F)c(-c3ncc(F)c(-c4cnc(C)n4C(C)C)n3)n2)cc1,42,-8.117,39.0,10.0,21.287967443466187,ok,8033d178792259fa,42,2df8128505d466d416274d735e70b193667b8b1712e7c02d95d4590170d31c7b
C=C(C)C(C)CC(=O)c1ccc(Nc2ncc(F)c(-c3cnc(C)n3C(C)C)n2)cc1,42,-8.892,31.0,8.0,8.76118016242981,ok,316750b057090763,42,23cb733ee4b8ca9c17a750f85e1d8de47f81d2de372edff6a3fab65abd2ebb38
C=C(C)C(C)c1ccc(C(=O)c2ccc(Nc3ncc(F)c(-c4cnc(C)n4C(C)C)n3)cc2)cc1,42,-9.577,36.0,8.0,14.75409483909607,ok,818b7d36741a2a18,42,2ff47dac21fcd14deb9d477bf65a235dc941ae71e5a8fd83ea09a4da96a07056
C=C(C)C=[N+](CC(=O)c1ccc(Nc2ncc(F)c(-c3cnc(C)n3C(C)C)n2)cc1)NC(C)C,42,-8.795,35.0,10.0,15.04751992225647,ok,bb965140c95b962a,42,330efbd929e33e4cc250ab8cc1532ebae812b1a80ee8a3286f70179e8ed0a5d2
C=C(C)N(c1ccc(-c2ccc(S(N)(=O)=O)cc2)cc1)C(C)C,42,-6.917,23.0,6.0,4.607895135879517,ok,94600468522d08ff,42,e773a7f101b0122dcec503945d838ad0a4911ced3961fbb89d6973d0b6fc3a25
C=C(C)N=CSC(=O)c1ccc(Nc2ccc(Nc3ncc(F)c(-c4cnc(C)n4C(C)C)n3)cc2)cc1,42,-8.944,38.0,8.0,21.346115827560425,ok,e4736972212f91d0,42,7562df8edbd418ca7da8b8ac0d7f14c1c7ed237f44da6b4a1ca3ae3386dfbf96
C=C(C)N=CS[SH](N)C(=O)CC(=O)c1ccc(Nc2ncc(F)c(-c3cnc(C)n3C(C)C)n2)cc1,42,-8.464,36.0,9.0,21.329426050186157,ok,461327005f8ee8e8,42,52d699c71fd52f7836411ca0f768d2c898a6457e373062b6d237947676f5fb01
C=C(C)SC(C)=NNCC(=O)c1ccc(Nc2ncc(F)c(-c3cnc(C)n3C(C)C)n2)cc1,42,-8.417,34.0,9.0,14.983644962310791,ok,1e74ae7662e89850,42,45fae0da73854243b14067a613917bf8ea465017cf8949ec6d22c6349f6b3ca5
C=C(C)SC(C)=NS[SH](N)C(=O)CC(=O)c1ccc(Nc2ncc(F)c(-c3cnc(C)n3C(C)C)n2)cc1,42,-8.689,38.0,11.0,29.09536099433899,ok,b993d51a5ff98bc8,42,3031526355b89ba8c3ecf19ca3a5d00295a7e87dbaadde9e9742892084fcda11
C=C(C)[C@H](C)C[SH]=NC(=O)c1ccc(Nc2ncc(F)c(-c3cnc(C)n3C(C)C)n2)cc1,42,-8.763,33.0,8.0,14.319377899169922,ok,01a2810a6b30ef0d,42,59ad731b906bbd43c93a743e9ad502243ecfc9eaec4457a759a494552a9e9fd9
C=C(C)c1cc(C(=O)Nc2ccccc2)cc(OC)c1N1CCOCC1,42,-8.056,26.0,5.0,5.176360845565796,ok,f455660797edb643,42,2a62c19883088e68df503703e6302fe9f3e4efd732aedf331b8e5eba5c3149f3
C=C(C)c1cc(C(=O)Nc2ccccc2C)cc(OC)c1N1CCOCC1,42,-7.899,27.0,5.0,5.323838949203491,ok,54ea95d51cf3223f,42,0e8b83a94718bf0e0a8dab4d5fbb8d7d6297557f1ccf80d8e3d248e260a863c6
C=C(C)c1ccc(-c2cc(NC)c(OC)c(OC)c2)cn1,42,-6.158,21.0,5.0,3.4125311374664307,ok,c0a683c298bac350,42,96a79adf655336c17a0d9e64f8a27f5abb3d2bda52d54b7b8018e17f66de946f
C=C(C)c1ccc(-c2ccc(S(N)(=O)=O)cc2)cc1Br,42,-7.728,20.0,4.0,2.581879138946533,ok,54f619731376f9be,42,b7c4302343a84cb4b3f986053524e720fcbcf1375ff514ad2c82de686414f774
C=C(C)c1ccc(-c2ccc(S(N)(=O)=O)cc2)cc1C,42,-7.976,20.0,4.0,2.425884962081909,ok,94c8cffdbf215275,42,5ce79cabb237aa4993976b70539dc399be3edacf8407f0c16c0fb51808a58ce3
C=C(C)c1ccc(C(=O)c2ccc(Nc3ncc(F)c(-c4cnc(C)n4C(C)C)n3)cc2)cc1N,42,-9.437,35.0,8.0,14.203341245651245,ok,6808c3d0ba67ff7a,42,dea86009d2ea5eac80d9f040b797b0eb220790bb855029d2ae7b1cc06aa5fc8a
C=C(C)c1ccc(NC(=O)c2ccc(S(N)(=O)=O)cc2)cc1,42,-7.734,22.0,5.0,3.8345086574554443,ok,76e1da7996b698cb,42,0e1c51583dea389646cf57bf43359aa2c7d55f2f745f5e2fcddcf4855f6fb81c
C=C(C)c1ccc(NCC(=O)c2ccc(Nc3ncc(F)c(-c4cnc(C)n4C(C)C)n3)cc2)cc1,42,-9.131,36.0,9.0,16.82230806350708,ok,eab4a1752b06ebfe,42,e0f3554a82597b4aa8acd17dbbcf042c515b15d0a7f5b9ea419ab9b3f5e1355f
C=C(C)c1ccc(Nc2cc(OC)c(OC)c(OC)c2)nc1,42,-7.213,22.0,6.0,3.420511245727539,ok,0b2c385c2556369c,42,0baf4bb11fecca81ed2006689e23a48ee1adf3109d4c8c19c992be1cfb15c970
C=C(C)c1ccc(Nc2ccc(S(N)(=O)=O)cc2)cc1,42,-7.628,20.0,5.0,3.485852003097534,ok,f219ad555bdd3a8e,42,8059996b140fe81e4d4868d8a1a6456f3f08c2efc2c88a98d6f541a01fa9c452
C=C(C)c1ccc(Nc2ncc(F)c(-c3cnc(C)n3-c3ncc(F)c(-c4cnc(C)n4C(C)C)n3)n2)cc1,42,-7.962,39.0,7.0,20.114938974380493,ok,6a291b8ee93c1113,42,7529cab91ffdebabedb5188e9f837c508b4e4295440dbd649af49944559debe2
C=C(C)c1ccc(SC(=O)C(=O)c2ccc(Nc3ncc(F)c(-c4cnc(C)n4C(C)C)n3)cc2)cc1,42,-9.369,37.0,8.0,19.240725994110107,ok,030fda53c99d79f2,42,3c12ed0cfa86ae276a515316ebf6466d32fd87285df34adaf5b5936943d7fbc2
C=C(C)c1ccc2c(c1)c(CC(=O)N1CCCCNCC1)cn2C,42,-6.221,24.0,3.0,13.423479080200195,ok,6d653b8132e4437d,42,8ac014597d01d13e61e7ef5181006d7713958d9a4f162af93aa2cef56390f550
C=C(C)c1ccc2c(c1)c(CC(=O)N1CCCNCC1)cn2C,42,-6.636,23.0,3.0,10.78925085067749,ok,8a8412af6bcdae69,42,c68fa80fb58bc0f9abe67fd236be38ea042334c39001ac6f78bd1348561fa2b8
C=C(C)c1ccc2c(c1)c(CCC1CCNCC1)cn2C,42,-8.093,21.0,4.0,3.0741000175476074,ok,e629448932321a3c,42,b23118e43f2cf45e80b0eb7c70012c90c9cc259053192b2ff4dfabf04cff6c69
C=C(C)c1ccc2c(c1)c(CCNC(=O)N1CCC(N)CC1)cn2C,42,-8.579,25.0,5.0,5.066412687301636,ok,45368e85fedbd839,42,c0b92a8895dc8d9633a6ecfefdc57c49fdc173ef33bd7dcf02171068efd90d85
C=C(C)c1ccc2c(c1)c(CNC(=O)C1CCN(C)CC1)cn2C,42,-8.411,24.0,4.0,5.031097888946533,ok,36d60720e8d98f3c,42,78cb47d0b0e89cf67a6a10304bbfbc4d6156917289133458f41376ce613eac6e
C=C(C)c1ccc2c(c1)c(CNC(=O)N1CCC(N)CC1)cn2C,42,-8.661,24.0,4.0,3.989546060562134,ok,58c4312cdb2ebcb5,42,fb7ab5dc42b03d999d4bfd7078ec02ed8d8121a8d0bcbfbe9145fa8cf3447dc3
C=C(C)c1ncc(F)c(-c2ccc(S(N)(=O)=O)cc2)n1,42,-8.413,20.0,4.0,2.817034959793091,ok,0de58ab0d6d6bdb6,42,3f2c8369ef9e558d7efc36368d82f4cbb435f28d95281c2f6e7e617ff43fce1f
C=C(C)c1nccc(-c2cc(NC)c(OC)c(OC)c2)n1,42,-7.158,21.0,5.0,4.107595920562744,ok,3cf7b9b3e55ebf70,42,49e27f876f4b0306b98dc0dd14e022a372fb9e0c2b3cf5df3502d7e92f30fa18
C=C(C)c1nccc(-c2ccc(N3CCOCC3)cc2)n1,42,-7.542,21.0,3.0,2.5841338634490967,ok,a1e0cce692dc0eaf,42,ea3370f24ef0f065375e98798c38a328f5f36b7a721a7de6fde6dd2e5dce4f30
C=C(C)n1c(-c2nc(NC3CCN(C)CC3)ncc2F)cnc1C,42,-8.415,24.0,4.0,4.1683619022369385,ok,2f22ab092ab8a9ef,42,c2a04c8725ceab60b16f8d4d1a40eed25dc50726ffa87fe715c8a37beb678597
C=C(C)n1c(-c2nc(NC3CCOCC3)ncc2F)cnc1C,42,-8.097,23.0,4.0,3.781377077102661,ok,e67ee7781bc9b78e,42,17ea3b8df58c4020a87b3fe43c3044819d7244bf5c8d0e237c11ea4cf34082ae
C=C(C)n1c(C(=O)c2ccc(Nc3ncc(F)c(-c4cnc(C)n4C(C)C)n3)cc2)cnc1NC(=O)CC,42,-9.214,38.0,9.0,19.201611042022705,ok,f550bdfaca0005e0,42,47c60d01d2241530799517f6a3bbfa6029a2892166e82adab9c33b8a24a4ae93
C=C(C)n1c(CC(=O)c2ccc(Nc3ncc(F)c(-c4cnc(C)n4C(C)C)n3)cc2)cnc1NC(=O)CC,42,-9.197,39.0,10.0,22.85766315460205,ok,d96285b88e38e1a1,42,02c751bfeac0098a94ae771a2ddfbbb82048c42ca0e3fdabc481bed983d144dd
C=C(C)n1cncc1C(=O)c1ccc(Nc2ncc(F)c(-c3cnc(C)n3C(C)C)n2)cc1,42,-9.207,33.0,7.0,11.437666177749634,ok,b99586713221a98b,42,a63aee462d701a030837fa027008cb482dad1974de541432faa2700c3078d70d
C=C(C=CCCC(=O)c1ccc(CC(=O)Nc2[nH]nc3ccc(N4CCCS4(=O)=O)cc23)cc1)C(C)C,42,-8.543,37.0,10.0,31.256229162216187,ok,fd00fa3b7562f8f5,42,96255fa12aa765ec31ffc0a871d3d3b38229ea8e333db4f56494790545b81152
C=C(C=CCC[C@H](N)CNc1nnc(C2CCC(N)CC2)s1)C(F)(F)F,42,-7.373,26.0,10.0,11.381657123565674,ok,a5ab603c56eb3402,42,f0d92f139cb0b0ceb81d90995e46f9459a96f59e0db3addddcd7b9ad8b417185
C=C(CCN(C)C)N1CCc2nc(Nc3ncc(F)c(-c4cc(F)c5nc(C)n(C6CC6)c5c4)n3)ccc2C1,42,-9.174,39.0,8.0,16.873800039291382,ok,3034f0f7d62090d1,42,d0e8cf80df176c28899d8846d7c523f1b1f972018fec2989f5bb12bd0d145598
C=C(Cc1cccc(C)c1)c1ccc(S(N)(=O)=O)cc1,42,-9.047,20.0,5.0,4.1845948696136475,ok,ef408feb2af4bf17,42,1f3f1d84bbc411bbea5263e6400e64e3f02def0967f0718169aa0ba23f340226
C=C(N=C(c1cnco1)C(C)C)c1ccc2[nH]c(O)c(C=Nc3ccc(S(N)(=O)=O)cc3)c2c1,42,-8.045,34.0,9.0,12.179687023162842,ok,c661426c8166c8b7,42,90fea77a3dd292b715cc886bb553bc7f63115e774ebb9561055de9557fcc2bf4
C=C(N=C(c1cnco1)C(C)CC)c1ccc2[nH]c(O)c(C=Nc3ccc(S(N)(=O)=O)cc3)c2c1,42,-5.955,35.0,10.0,21.33884596824646,ok,3a40f047a901ce90,42,d0e2919fc28fa99a638fd8278dd0b38206aeba8ce2c78137c039b229c1a468f6
C=CC(=CCNc1ncc(F)c(C2CCN(C)CC2)n1)CS(C)(=O)=NC(=O)OCC,42,-7.473,30.0,8.0,14.392481803894043,ok,015325dc2d3abec0,42,1141b492e783e80db8700088cc491dbb1b60f8eb97c16a67ae2d5e6993f86787
C=CC(=O)N1C=CC(c2ncnc(Nc3cccc(C[S@](C)(=N)=O)c3)n2)CC1,42,-8.273,28.0,6.0,9.067162036895752,ok,a0eb9b233e8b93db,42,0cd81fc79f7a3efbae517533d17e3c2f0730f21837ae61a44cf81603d9410f90
C=CC(=O)N1CCc2cc(S(=O)(=O)N3CCC[C@@H](Nc4ncc(SCC5CC5)s4)C3)ccc21,42,-7.218,33.0,8.0,16.42549180984497,ok,b693ca37a2a74e35,42,83b02758df4d49b8a9d5aca315f2abfb276dc2f00bdc86c25e1af4a09d788a62
C=CC(=O)NCc1ccc(C(=O)N2CCCC(Nc3ncc(SCc4ncc(C(C)(C)C)o4)s3)C2)cc1,42,-8.304,37.0,9.0,25.431890964508057,ok,86bc931cb82c78eb,42,f01c6825f866c2df446a220733d91516e7e7e604146b281dddfa596bb68a0147
C=CC(=O)Nc1ccc(C(=O)N2CCCC(Nc3ncc(CNCc4ncc(C(C)(C)C)o4)s3)C2)cc1,42,-8.281,37.0,9.0,34.10597491264343,ok,47fcaa4c8297c856,42,504b7510888b4046ca7eafa75b62908a5ea28d6a50f06c8847bff10405225f5c
C=CC(=O)Nc1ccc(C(=O)Nc2[nH]nc3c2CN(C(=O)N[C@H](CN(C)C)c2ccccc2)C3(C)C)cc1,42,-7.391,38.0,8.0,19.983992099761963,ok,e295278c57068752,42,3c9a949f64ce293a25db82e731b52e76803cb9e6e2669fa6b4e7218901ce0663
C=CC(=O)Nc1ccc(C(=O)Nc2[nH]nc3ccc(-c4cncc(NC(=O)C(N)Cc5ccccc5)c4)cc23)cc1,42,-9.933,41.0,10.0,23.358899116516113,ok,c3c1f1006cf7b205,42,c40fcc1ec7cd3581d9363083ed736bc6a97d4fdb4f21a54a7dfb103666533fc7
C=CC(=O)Nc1ccc(OC(=O)N2CCCC(Nc3ncc(SCc4ncc(C(C)(C)C)o4)s3)C2)cc1,42,-7.973,37.0,8.0,28.40346598625183,ok,2e5821a953c7c356,42,d90fa3269811aad93736b9c52be88e583deb2d34c52b7135dbe41dadc69e302b
C=CC(=O)Nc1ccc(O[C@@H]2CCC[C@@H](Nc3ncc(OC)s3)CO2)cc1,42,-5.942,27.0,7.0,22.19459366798401,ok,6b9a377216b1a505,42,1cb954f9d0e3acdea32c267dfb78551a96097c5c1c41f813b7d5d76bb8020f10
C=CC(=O)Nc1ccc(S(=O)(=O)N2CCC[C@@H](Nc3ncc(SCc4ncc(C(C)(C)C)o4)s3)C2)cc1,42,-8.251,37.0,9.0,26.731335878372192,ok,0b7982d41f54409c,42,376ac4756f19a855e6ec3654a58eab540f80135a9d1007bad3fe1978acc4178e
C=CC(=O)Nc1cccc(C(=O)N2CCCC(Nc3ncc(SCc4ncc(C(C)(C)C)o4)s3)C2)c1,42,-8.238,36.0,8.0,23.7487211227417,ok,a735abdc5b36b5f1,42,4b83e6c2e5a1288e6dcad93d2c397e06dc87239f6ad5d96194f9fdd7a9f2c456
C=c1[nH]c(O)c(NCCc2c[nH]c3ccccc23)c1=C1CN=CS1,42,-7.834,24.0,5.0,6.1130290031433105,ok,55a132184ce4c3c2,42,8a8960ac9d9bda85b8f0be44de92bba79f483160992265df048ded032f26d7ac
CC(=CC(=O)CC(=O)c1ccc(Nc2ncc(F)c(-c3cnc(C)n3C(C)C)n2)cc1)CN,42,-8.676,33.0,10.0,13.365937232971191,ok,0a784b8a1e363835,42,5b3f7ffb52b7033b67376e16c473c3017cf104418789572f67bd37d5c0b2fa58
CC(=CC(=O)c1ccc(Nc2ncc(F)c(-c3cnc(C)n3C(C)C)n2)cc1)c1cnc(C)n1C(C)C,42,-9.343,37.0,8.0,15.359256029129028,ok,27493843a4aca651,42,1a4481cf7ba58845104dfae72b1feea9a98d897b00973689f34110f03a58b9cd
CC(=CCC(=O)c1ccc(Nc2ncc(F)c(-c3cnc(C)n3C(C)C)n2)cc1)c1cnc(C)n1C(C)C,42,-9.209,38.0,9.0,21.775091886520386,ok,a393d430f40ad87d,42,0ec8e50e09b4fbbf608a6d1a6e24a7872005c25e56c7fe42c9ef4b9a3d512d13
CC(=CCCN1CCC[C@@H](N)C1)c1cc(N2C[C@H](O)[C@@H](O)C2)ccc1O,42,-7.982,26.0,9.0,8.771345138549805,ok,6900a93a393708c1,42,8858bd21ea85294e1e815019e7b883b07e3b43ad2bdb99d4794fbc9f7e26a6e8
CC(=CCCN=Cc1c(O)[nH]c2ccc(-c3ccc[nH]3)c(NNc3ccc(S(N)(=O)=O)cc3)c12)S(N)(=O)=O,42,-8.334,38.0,13.0,32.144871950149536,ok,745bbfa2d62bf8ff,42,a7646f57eec2deca7876c63e6bab7483f902a7b7bb1ca0392ab51d160482fa44
CC(=N)CCC(=O)CC(=O)c1ccc(Nc2ncc(F)c(-c3cnc(C)n3C(C)C)n2)cc1,42,-8.497,33.0,10.0,14.127319097518921,ok,39f353a2d3604ecb,42,0f57e8ac244282e5fc8373aa02464b72587b2abc388cf5dc960131b164310eed
CC(=NC=NC(=Nc1ccc(S(N)(=O)=O)cc1)c1cnco1)c1c(O)[nH]c2ccc(-c3cnco3)cc12,42,-7.157,37.0,7.0,23.567518949508667,ok,1762c038622f4215,42,71428c48e9278f871844c671eeffddb520d5077cd74437fc2c4c6010c46f44a7
CC(=NCC(=O)c1ccc(Nc2ncc(F)c(-c3cnc(C)n3C(C)C)n2)cc1)SC(=O)CO,42,-8.413,34.0,9.0,15.87070894241333,ok,127fddf5f6d91e1b,42,66b3ca8b1056086c453bfc69755eccdecb2ef79d4c8fc2b0a863b05019728dd0
CC(=NNCC(=O)c1ccc(Nc2ncc(F)c(-c3cnc(C)n3C(C)C)n2)cc1)C(C)C,42,-8.764,33.0,9.0,13.931519031524658,ok,9d3063c0105969f3,42,f6d4374a92e42cfcf2d76d0f773fb31810a0fe0e967438a15d9861f1f70aed80
CC(=Nc1ccc(-c2ccc(S(N)(=O)=O)cc2)cc1)c1ccc2[nH]c(O)c(C=Nc3cnco3)c2c1,42,-8.328,36.0,8.0,13.557579040527344,ok,cc18bd12c08e6215,42,2361a0bd734173dbf88fe5a1bcd39b26b948ef89b961596cdede1d5de92d1512
CC(=Nc1ccc(S(N)(=O)=O)cc1)N=C(c1ccc([S+](N)[O-])cc1)c1c(O)[nH]c2ccc(-c3cnco3)cc12,42,-6.772,39.0,9.0,26.406941890716553,ok,fdaeed8b79ca03a9,42,f455a05abf67156fb2e9fda986f8da9470c8dab793c96c5703abcdb81536ad3c
CC(=Nc1ccc(S(N)(=O)=O)cc1)Oc1c(O)[nH]c2ccc(-c3cnco3)cc12,42,-8.066,29.0,6.0,10.892464876174927,ok,7133014aefb7c0cd,42,4e4f7e3f23f636417e1ca27d34120a9b9269753f57cfcc8f17bb54aa5502bb05
CC(=Nc1ccc(S(N)(=O)=O)cc1)c1c(O)[nH]c2ccc(-c3cnco3)cc12,42,-8.272,28.0,6.0,6.887663841247559,ok,8274ebad912e67c8,42,6bd1629a72a16e35a81699e752b6eaad31206aeffa0acd5da74091eee1a3f146
CC(=Nc1ccc(S(N)(=O)=O)cc1)c1ccc2[nH]c(O)c(C=Nc3cnco3)c2c1,42,-7.603,30.0,7.0,8.745338201522827,ok,12a8e68a53e9f8fd,42,da59f36e3326cce87f7cd7ba1cd4fa73ac8a3b2e2a58d2ddbfd0679437d17f79
CC(=Nc1ccc(S(N)(=O)=O)cc1)c1ccc2[nH]c(O)c(Cc3c(O)[nH]c4ccc(-c5cnco5)cc34)c2c1,42,-9.581,39.0,9.0,32.75407600402832,ok,08f8e4d2d3e228ef,42,5eb091685174bad0c8ac100f185d7a42f6265b5aa39804ff56ad41480f440989
CC(=Nc1ccc(S(N)(=O)=O)cc1)c1ccc2[nH]c(SO)c(-c3ccc4[nH]c(O)c(-c5cnco5)c4c3)c2c1,42,-7.479,39.0,9.0,16.83549976348877,ok,230cabb1b81ef370,42,633a0eeb33167325d20418b8cec3eda46c52c51725cb7c0c76f356a6f8e5b2b8
CC(=O)C(=O)c1ccc(C(=O)c2ccc(Nc3ncc(F)c(-c4cnc(C)n4C(C)C)n3)cc2)cc1,42,-9.671,36.0,8.0,12.459425926208496,ok,8e1a6cbbe8588b71,42,faff52384812376c7fd9034a1dc2e6e077645e387570bebfb03483c7ef26b51e
CC(=O)C(=O)c1ccc(Nc2ncc(F)c(Nc3ncc(F)c(-c4cnc(C)n4C(C)C)n3)n2)cc1,42,-8.548,36.0,8.0,16.812602996826172,ok,8b5cd502029dfad2,42,127a086e412274cf01c140e623b2247bc601b9df16f3a934101a08a8e823dab2
CC(=O)C(C)CCCSC(=O)CC(=O)c1ccc(Nc2ncc(F)c(-c3cnc(C)n3C(C)C)n2)cc1,42,-8.061,37.0,12.0,28.604838848114014,ok,17f9ab08ce3b4c82,42,19b7e96c7be004d8e2b9bc117222b4eda783404129a1dacf061a37648141ef4d
CC(=O)C(C)CCCSc1ccc(Nc2ncc(F)c(-c3cnc(C)n3C(C)C)n2)cc1,42,-8.277,32.0,10.0,13.291748762130737,ok,c7b7043cc25612e1,42,fa3d86eea9477a09e27a60b298e8c8fb173939f6494d4ca7eedbfa8edd24e8c0
CC(=O)C(C)CCSC(=O)c1ccc(Nc2ncc(F)c(-c3cnc(C)n3C(C)C)n2)cc1,42,-8.352,33.0,9.0,14.108832120895386,ok,57b70545b529971e,42,87bc6ffd519743decea42f3212f686efc5cb2bbc308b7271808ec128be93588a
CC(=O)C(O)C(C)Oc1nc(Nc2ccc(S(=O)(=O)[C@H]([C@@H](C)O)[SH](C)F)cc2)ncc1C(F)(F)F,42,-8.013,35.0,12.0,15.903339862823486,ok,e316e104a2229049,42,e4584d57f728330a1b6dbcdb8decf69ab10c7fdb9af246a45a378c7873e77da1
CC(=O)C1C(=O)Cc2cc(-c3ncc4cc5n(c4n3)[C@H](CC(C)C)CNC5=O)ccc2C1C,42,-9.134,33.0,4.0,6.653028964996338,ok,75921a49c81b87fb,42,00d07b906b0d6d26e5f19ace7aaaad64943b3917f7896291d62d909aa9e2b09c
CC(=O)CC(=O)c1ccc(Nc2ncc(F)c(-c3cnc(C)n3C(C)C)n2)cc1,42,-8.726,29.0,7.0,8.335423946380615,ok,c5281c73485b2415,42,e6c2f3629576560b47d01cf55de45aee3467e6979cecc65deeb6d85cfed79a88
CC(=O)CCN1CCN(c2ccc(Nc3ncc4cc5n(c4n3)C3(CCCC3)CNC5=O)nc2)CC1(C)C,42,-7.323,38.0,6.0,12.751100063323975,ok,9e5807716c7d09c2,42,d86ace457df0acba698942ef4df6787915fe8615fdd7d793eca15e28a4b27255
CC(=O)CCc1ccc(-c2ccc(S(N)(=O)=O)cc2)cc1,42,-8.252,21.0,6.0,3.6362318992614746,ok,fbfe53e131935cf3,42,8265d1cb1382d97e01f9122dbbeafb4dfd4681f1060a035993924b7ace3b8f08
CC(=O)CNc1ncc(C)c(-c2cnc(C)n2C(C)C)n1,42,-7.521,21.0,5.0,3.804628849029541,ok,6edc8178accd1b19,42,e06d90c74dec1ca3a621a7000c05d779b4580e87567739f5c06a0eeac2f4667a
CC(=O)CNc1ncc(F)c(-c2cnc(C)n2C(C)C)n1,42,-7.574,21.0,5.0,3.864682197570801,ok,8afbeee62271c56a,42,d889b0e48ee96f344c8196b59a8f44a9160b2cdb8e682db0a6d9eff1bcca1711
CC(=O)CSC(=O)c1ccc(Nc2ncc(F)c(-c3ncc(F)c(-c4cnc(C)n4C(C)C)n3)n2)cc1,42,-7.751,37.0,8.0,18.916029930114746,ok,c3586b155130bfaf,42,06ee0ee85f2447ffb2fcdf0c8acde5ebd22751cd2c59a73d3ca489623db895bb
CC(=O)CSC(C)=NC(C)=NC(=O)c1ccc(Nc2ncc(F)c(-c3cnc(C)n3C(C)C)n2)cc1,42,-8.735,36.0,7.0,20.088021993637085,ok,a2fffb735c43e0e9,42,c80b29b149861f7b3265d83205954cf58cd38e1525928e54568518295de37517
CC(=O)Cc1ccc(C(=O)Nc2ccc(C(=O)N(C)C)cc2)cc1,42,-8.124,24.0,5.0,5.003957033157349,ok,2bd2cec25b4198dc,42,e8f5a9ab99d2218b4bf6a5cc428c7b864f0ac37964dbd6f6a41d6f1502939856
CC(=O)Cc1ccc(NC(=O)NC(=O)c2ccccc2)cc1,42,-8.13,22.0,4.0,3.1206979751586914,ok,f674ea2250cd1edf,42,14699c0c0b1c7216fc8711e4e92f4dd91c85cafa67cc3ee66a3c73604a3ab01f
CC(=O)Cc1ccc(Nc2ccc(S(N)(=O)=O)cc2)cc1,42,-7.961,21.0,6.0,4.0970680713653564,ok,eb572d8090295f1b,42,210744ce6190b29f0a00d4d4da325e53c99609eb773b66c85bb8d48224999043
CC(=O)Cc1ccc(Oc2ccc(S(N)(=O)=O)cc2)cc1,42,-7.972,21.0,6.0,5.0420238971710205,ok,01695542b82f6ff4,42,5cd20f3387e216916732571c3519b8a60624b2273ce5fa9f28ef329b2b9508a3
CC(=O)Cc1ccccc1-c1ccc(NC(C)=O)cc1,42,-8.494,20.0,4.0,3.1462371349334717,ok,e5207f2b5806c345,42,b8cd2f6f2ebb3e9c4716f50effbd156e3d9c0bea2b7f802265a453ec53fdb84c
CC(=O)N(C)C(=O)Nc1ccc(C(=O)Nc2ccccc2)cc1,42,-7.44,23.0,3.0,5.07163405418396,ok,f870559a2edbf38b,42,36fa1890b08eedb7c55e8db635cb387a549fe907e32dbb6d3b6bc3822a67d941
CC(=O)N(C)C(=O)c1cccc(Nc2ccccc2)c1,42,-7.878,20.0,3.0,3.7215821743011475,ok,b1a2694aed15107f,42,8ff15ebba0c9966c1605b098f3ba1b25ed4cf641eed2b444c11232979a39c301
CC(=O)N(C)CCc1cccc(-c2ccc(Nc3ccccc3)cc2)n1,42,-8.188,26.0,6.0,9.845515012741089,ok,d18e9028dda64f96,42,8181e74d1db78f68c6e62e92edaa96fb0e9e53b0eddb1e8e766e4fb632753060
CC(=O)N(C)c1ccc(-c2ccc(S(N)(=O)=O)cc2)nc1,42,-7.444,21.0,4.0,3.316545009613037,ok,7dcbdd486d7d743a,42,8163be38ab1251620ca287c65bed98255948a6d14c08f0ed18e5f705e0a88c22
CC(=O)N1CC=C(c2ccc(NCc3cccnc3)nc2)CC1,42,-8.148,23.0,4.0,3.83888840675354,ok,cfb19a3d0d6c0077,42,e12ff6ef7b6ffa64d12185afdb63733ae3f9aac272f922ebed0b5fa495e82b31
CC(=O)N1CCC(C(=O)Nc2ccc(CN(C)C)cc2)CC1,42,-6.765,22.0,4.0,4.668079853057861,ok,4513be03df8e4f00,42,57f0e4a4cd48df2deb6de342f32040548931d638fbafc2af9bd369937d4e6054
CC(=O)N1CCC(CNc2ccc(-c3ccccc3)cn2)CC1,42,-8.14,23.0,4.0,3.9977149963378906,ok,2c130a51baa2e38b,42,0116e92baab66df76bb0eb8c2f2b1034389501da2efde78471bfd98e2b6769e4
CC(=O)N1CCC(NCc2ccc(C(=O)c3ccccc3)cc2)CC1,42,-8.703,25.0,5.0,5.609192848205566,ok,5e44a699e76bf999,42,cd5a7b4fe008d57fc687c91911e8d08cea80bd2e2be2acb630a1df292858264e
CC(=O)N1CCC(Nc2ccc(-c3ccccc3)cc2)CC1,42,-7.945,22.0,3.0,3.252464771270752,ok,99e155feebc702cd,42,4d0e897c03ec6b6a5d42adebce1831b3341eaac1aa6f9187328b2895d6372f7b
CC(=O)N1CCC(Nc2nc(C(F)(F)F)nc3ccc(Nc4ccccc4)cc23)COC1,42,-7.758,32.0,4.0,27.406141996383667,ok,c2356d96cd258b83,42,6797536bd72398f93b4656b0f9321ae33f8f51c983cd309bf90ed0e1a488f23e
CC(=O)N1CCC(n2cc(CNc3nc(NCCO)nc4c3ncn4C(C)C)c(C)n2)CC1,42,-8.17,33.0,9.0,15.534847021102905,ok,adad9e05c480b661,42,e1d05e0d7404e1c86f7c0807d5ae196e19b82819786cddb3c9a207b2e56220f8
CC(=O)N1CCC(n2cc(Nc3ncc(Cl)c(-c4cnc5ccccn45)n3)cn2)CC1,42,-9.547,31.0,4.0,7.082446813583374,ok,1a0a6b36c5fcd79d,42,33ebd10dc7ff74848d6035f283943fdb35d24f26e96ef9f947f808ae98b9a5a3
CC(=O)N1CCC(n2ncc(Nc3ncc(Cl)c(-c4cnc5ccccn45)n3)c2C)CC1,42,-9.073,32.0,4.0,9.86573076248169,ok,13addb10c6e23161,42,fded1c8693a5301d25dbdd60f04870171b2a83b9f6750f5bf1fb5e44630f75b2
CC(=O)N1CCN(CNc2ccc(C(=O)c3ccccc3)cc2)CC1,42,-8.453,25.0,5.0,4.863929986953735,ok,bdb62a9716b888ab,42,ad7e034ec36b27c7c3a49dfd7e2e016f5f478927f4f0e6ac1c67a1f8b1ad0d95
CC(=O)N1CCN(Cc2cccc(C(=O)Nc3ccc(Cl)cc3)c2)CC1,42,-9.053,26.0,4.0,5.559741973876953,ok,348cf1d01ba36ca2,42,9c525b8255788f0c368447e1b8229378997794b54adcfb085b62e90b56044fe4
CC(=O)N1CCN(c2ccc(C(=O)Nc3cccc(C)c3)cc2)CC1,42,-8.005,25.0,3.0,3.7577598094940186,ok,b451828424539e60,42,9362ccd43bc2a0396cbd73ca3088b8ee41b5589708df044cf21303c6bf1af033
CC(=O)N1CCN(c2ccc(CNc3ccc(Cl)cc3)cc2)CC1,42,-8.271,24.0,4.0,4.101222991943359,ok,81d488eefe60136e,42,7b5f076769752bda3ef5c7984e91ba740d91d7a6680880d344bd66f280232186
CC(=O)N1CCN(c2ccc(Cc3ccc(O)cc3)cc2)CC1,42,-8.393,23.0,4.0,2.896087884902954,ok,73b6b2bbaefc54c5,42,1ec21a841854ac079db14d1a8c1dffc48f3c4f26df4ac5ececd6db53f72b43f4
CC(=O)N1CCc2cnc(Nc3ccc(Cl)cc3)nc2C1,42,-7.995,21.0,2.0,2.3695759773254395,ok,93faf5b82451f35f,42,d863f1906facc5e084c0edb84abebd56d031fcf947f8398b813197015d9e47e2
CC(=O)N1CCc2nc(-c3nc(NC4CCN(C)CC4)nc4c(C(C)C)cnn34)ccc2C1,42,-7.967,33.0,3.0,9.197427988052368,ok,352002ff8021bee1,42,a65aba17dfd201f845d40d3614739cc6bcd81bcf4740ca5c5536994c7f382dc5
CC(=O)N1CCc2nc(Nc3ccc(N4CC=NCC4)cn3)ccc2C1,42,-8.503,26.0,3.0,4.741821050643921,ok,c64471fc296be17d,42,b30a92050f3ba8e612a5d0d855bb5a5094333c1a4e862fe6e293311928ccbadc
CC(=O)N1CCc2nc(Nc3ncc(F)c(-c4cc(F)c5nc(C)n(C(C)C)c5c4)n3)ccc2C1,42,-8.842,35.0,4.0,10.621408939361572,ok,7f2fcf16ad5060e6,42,4277803202f67071d7e54550282c8142838234f491816f9d50910267a81f48a0
CC(=O)NC(=O)Nc1ncc(F)c(-c2cnc(C)n2C(C)C)n1,42,-7.757,23.0,3.0,3.8806636333465576,ok,48b73d56aefd5571,42,ab27d104cfcdc0d09c66d8d43e86053112137768df4e6f224916699a913032a7
CC(=O)NC(=O)c1ccc(CC(=O)Cc2cccc(C)c2)cc1,42,-8.586,23.0,5.0,4.565338134765625,ok,7264e5cb506599d3,42,205062de663233d94f7d1808373876add3ab9bef4c5fe279250364fa8e6e3cf9
CC(=O)NC(=O)c1ccc(NC(=O)c2ccc(C)cc2)cc1,42,-8.202,22.0,3.0,3.2476508617401123,ok,4d8b7b7dd864bbcf,42,8944d4168ac9b872cd12ebf63382bf3ee6d91c358796285464835416c98f74f4
CC(=O)NC(=O)c1cccc(-c2ccc(N3CC=NCC3)cc2)c1,42,-9.02,24.0,3.0,3.1854631900787354,ok,da53b5b72eeabb48,42,79d21c2417c6a41e94090f20f5e19c4322cf5a8cdb78c22cb0cb88053b54ee7f
CC(=O)NC1CCC(c2nc3c(-c4ccc(F)cc4[C@@H](C)O)ccnc3[nH]2)C1,42,-8.833,28.0,5.0,6.266098976135254,ok,a50ed5778d732ab8,42,3e291c4a9ae198dd0d44f64afa673faf002065d4c6cbf16100791ea01345e522
CC(=O)NC1CCC(c2nc3c(N[C@H]4CC[C@H](N)CC4)ccnc3[nH]2)C1,42,-8.842,26.0,5.0,5.4461469650268555,ok,f261b94362d90ed1,42,2554b65ff0aca2c77151b65c91513aed735a057994d67cc144056a4592d1cba2
CC(=O)NC1CN(c2ccc(Nc3ncc(F)c(-c4cnc(C)n4C(C)C)n3)cc2)C1,42,-8.659,31.0,6.0,9.28291630744934,ok,ad7396b8b36af9fe,42,fe4496f783b6d6648e74e9bb275c0f88aae17bfc9f4f3d09b9a421230bb1bc50
CC(=O)NCCc1ccc(-c2ccc(N(C)C)cc2)cc1,42,-7.443,21.0,5.0,2.9607298374176025,ok,d9ac20116aba2505,42,eef02aea1775b8c557c8cee941655fa39c003a572add556737e1e9d1d55bf26c
CC(=O)NCCc1ccc(NC(=O)c2ccccc2)cc1,42,-7.49,21.0,5.0,3.5507028102874756,ok,1452f28f1e95470f,42,9ba82543f655ff5e401b8c9e0b26246ace937577d7470729ccac0a4565c3963a
CC(=O)NCCc1nc(Nc2ncc(F)c(NCN(C)C)n2)ccc1C,42,-8.058,26.0,8.0,6.708519220352173,ok,17f66e657eb3b169,42,0ec41b082f1460f9f379cc11c7d44cf7decc54d2d2c38c8bb7beb6cbee853228
CC(=O)NCc1ccc(-c2ccc(C3CC3)cc2)cc1,42,-8.11,20.0,4.0,3.5115718841552734,ok,9aed5ffb733246d5,42,654b348e09760560eead120721558c55f37979bd6ecf690ef13ec2fc2ddcc11f
CC(=O)NCc1ccc(-c2ccc(S(N)(=O)=O)cc2)cc1,42,-8.275,21.0,5.0,3.2018420696258545,ok,ed3c316808210538,42,05c8d5861281f3b1d20e3f96ebe0feac42603c7b6f364344fff74656dd066d45
CC(=O)NCc1ccc(-c2ccccc2NC(C)=O)cc1,42,-7.616,21.0,4.0,2.839984178543091,ok,377ca758295e7d38,42,6c4319c46ed8b3fd4bd90ef98938d541358438c1eb74d984fe684d3c3804cdb7
CC(=O)NNc1ncc(F)c(-c2cnc(C)n2C(C)C)n1,42,-7.914,21.0,4.0,3.4422242641448975,ok,96a40fef77a3e075,42,7a0847b6dda00629f502d95246a65d600c89cbc12463d1a9f3e466265892cfc6
CC(=O)N[C@@H]1CCCC(C(=O)Nc2cc(-c3cnn4c3CC(C)(C)C4)c(Cl)cn2)C1,42,-8.502,30.0,4.0,7.597977161407471,ok,ed8f97cee9001581,42,49ca3212313e274ff50129355c025a2193539c7a777a71bd632b09977889a420
CC(=O)Nc1c[nH]nc1-c1nc2ccccc2[nH]1,42,-7.682,18.0,2.0,1.8536698818206787,ok,0cf2dcbd58304cff,42,aaf1c2beaa9c0e7a1878ded9ac994c305244bf8d47796b134760570edd73df52
CC(=O)Nc1cc(-c2ccc(CN(C)C)cc2)c(Cl)cn1,42,-7.696,21.0,4.0,4.022922992706299,ok,b96d1c4795e05737,42,2f9159dd524f693e9cb2df2938fe2a2114f56be0aa2f16a8ddad84a73e3cd5c2
CC(=O)Nc1cc(Nc2ccc(C)c(NC(C)=O)c2)nc(C(C)C#N)n1,42,-9.277,26.0,5.0,5.77945613861084,ok,c743614cc60e7ba7,42,a69cfc83d2544b147198fe6f2ac0fadab377ed017f7737cf5cda8d5bf19a2aaf
CC(=O)Nc1ccc(-c2ccc(C(=O)N3CCCCC3)o2)cc1,42,-8.262,23.0,3.0,3.8906118869781494,ok,48fa3919b8446a37,42,ff6f6e5c7487b34e2d12a240627bf9e84d18e17395b665a56d4d73cb4fe32c80
CC(=O)Nc1ccc(-c2ccc(C(=O)N3CCOCC3)cc2)cc1,42,-7.812,24.0,3.0,2.9338769912719727,ok,db0b8373b1b68f8b,42,1ee680f24c9b59533c8c7c4ec7af25bb0b47a84a72760cfc692df7ed13851cc7
CC(=O)Nc1ccc(-c2ccc(C3=CCN(C(C)=O)CC3)cc2)cc1,42,-7.696,25.0,3.0,3.878406286239624,ok,6ebf0520e4a31845,42,4da8d4d2a24298ca91ddbd98d4698c4065b90fe5bbb2a18a64322ec9770ad524
CC(=O)Nc1ccc(-c2ccc(CN3CCOCC3)cc2)cc1,42,-7.713,23.0,4.0,3.998460054397583,ok,f9b0bff41dcaba7a,42,389b588234f5ec5849b2f71440dbe26f90442f2f51ac0d424e5f5ca49c0d3ec3
CC(=O)Nc1ccc(-c2ccc(N3CC=NCCO3)cc2)nc1,42,-5.742,23.0,3.0,8.501604080200195,ok,232d18087b1ef094,42,92c03b9e7351f7c3223a10baa4e36c7c6f00ae2a4dc9669dd92833ee3fe4ec95
CC(=O)Nc1ccc(-c2ccc(N3CCOCC3)cc2)cc1,42,-7.657,22.0,3.0,2.417261838912964,ok,238accad306a220d,42,55ee6d1245c12b7f3601d908304b74a233fc20cc30331db2ed2d49f4ddf816ed
CC(=O)Nc1ccc(-c2ccc(N3CCSCC3)cc2)cc1,42,-7.655,22.0,3.0,3.144390106201172,ok,77b2280df8cb9015,42,7b71addc5ab193c7d973b2af3fae61f5834050e45ad1cbea69bb792f16593af9
CC(=O)Nc1ccc(-c2ccc(S(C)(=O)=O)cc2)cc1,42,-7.454,20.0,3.0,2.19714093208313,ok,08fbd4f91909523a,42,b3dae8a6fa32647876ec9a5ec57b42cfb80c0af633eb3e707bd887e13d913ae6
CC(=O)Nc1ccc(-c2cccc(NC(C)=O)c2)cc1,42,-8.43,20.0,3.0,3.1788699626922607,ok,e721c93ff4785f92,42,0832c56688704318e04d2244c54ff21270a83b756681c7455b51c6011d2b5e5c
CC(=O)Nc1ccc(C(=O)Nc2ccccc2F)cc1,42,-7.462,20.0,3.0,2.8392250537872314,ok,f680e4bd0d4808ac,42,aced216f6a780cf4207ec4c086645f662287eae3b03e40e7281e217f07b6d21e
CC(=O)Nc1ccc(C(C)C(=O)NCc2cccc3ccccc23)cc1,42,-8.636,26.0,5.0,7.437902212142944,ok,084174ea33410fac,42,f6d9e53e488a8b5b60743b23fcebd0f138ea614e68a3d5ee4e9b1f80d0cc598e
CC(=O)Nc1ccc(CNC(=O)c2ccccc2C)cc1,42,-7.749,21.0,4.0,3.331048011779785,ok,a9fa39b3fdd91e4a,42,fe01f748a140b6cfeb7621469cddc2e7238da8b931f9e67744d6dcc21c1c70bd
CC(=O)Nc1ccc(CNc2nc(N3CCC[C@@H]3CO)nc3c(C(C)C)cnn23)cc1,42,-8.715,31.0,6.0,7.403942823410034,ok,b50f659f93ce018d,42,97b87b4711ad28ffb07e7e899aeb107ee928b8b676041394c4da0cb9b4a0bd57
CC(=O)Nc1ccc(CNc2nc(N3CCC[C@H](O)C3)nc3c(C(C)C)cnn23)cc1,42,-9.56,31.0,5.0,7.509780168533325,ok,4fc843c4e01058ca,42,dbd156f50d07e0e3ba1ea17585abe06224f77f4b81fb7d9bedd508af0aecc7c6
CC(=O)Nc1ccc(CNc2nc(N=C3CCN(C)CC3)nc3c(C(C)C)cnn23)cc1,42,-9.268,32.0,4.0,11.418660163879395,ok,fd62eaa546ef94e6,42,d8b54e2b705ef189cb80eabfe60d1cec261599bff12be60405a90a1a7dc1f37e
CC(=O)Nc1ccc(CNc2nc(NC3CCN(C)CC3)nc3c(C(C)C)cnn23)cc1,42,-8.863,32.0,5.0,12.624356985092163,ok,055f3226ef6cb108,42,29259c9a64280482c8f5b4d2241cb3037fb19cf7b47464a5757aae95a1418239
CC(=O)Nc1ccc(CNc2nc(NC3CCOCC3)nc3c(C(C)C)cnn23)cc1,42,-8.797,31.0,5.0,12.745634078979492,ok,9870cf9704a74cf5,42,4d4ca52d1bf981868eb77918ebd8165a42d1a814c0c5e22893d0cc04cbc7cb52
CC(=O)Nc1ccc(CNc2nc(O[C@H]3CCCNC3)nc3c(C(C)C)cnn23)cc1,42,-9.28,31.0,5.0,8.764432907104492,ok,1e27c65522898c73,42,81ada0c02d1f69005beff9d9853723ca1f8e35da478e7f7fa7d26cbbb657f667
CC(=O)Nc1ccc(CNc2nc(S(=O)(=O)N(C)C)nc3c(C(C)C)cnn23)cc1,42,-9.033,30.0,5.0,7.624425172805786,ok,fa4bd84e036e2ef8,42,ff95f40dd3d5212eace1cf04eb88c30a6e88fdb2a817dc23856ac2f80318ae48
CC(=O)Nc1ccc(Cc2ccc(S(C)(=O)=O)cc2)cc1,42,-7.853,21.0,4.0,2.769973039627075,ok,2fe0e7663abeecb2,42,6827d587e137779d9883f3a01b3bbdb15cc96ed7489887de30cad925fe05ead6
CC(=O)Nc1ccc(Cc2ccc(S(N)(=O)=O)cc2)cc1,42,-8.148,21.0,5.0,4.1788458824157715,ok,652e4050f0c70bfc,42,cebdbc3e695fbc088e3a9d161a659f63b7ade81021dca6774aa57f874446577d
CC(=O)Nc1ccc(N2CCCN(C(=O)c3ccccc3)CC2)cc1C,42,-6.522,26.0,3.0,15.03673505783081,ok,e2ffc25ad22d2f13,42,7c335a11a0329d1c09d053fe95189f93be76e758d8ed895442088591e802abde
CC(=O)Nc1ccc(N2CCN(c3ccccc3)CC2)cc1,42,-7.064,22.0,3.0,2.829637289047241,ok,81cdc92eaf80f8ed,42,11f01d2bef3cf37cea0a8b303dfe676bfed9c7ddfa030ae2f0dc08e4db1063fe
CC(=O)Nc1ccc(N=Cc2c(=O)[nH]c(O)c3cc(Br)ccc23)cc1,42,-6.338,25.0,4.0,5.26824688911438,ok,48e2d922493197a0,42,ac1370be765705148e908914eca26c6b22cce81ade02b277348db89a29c2e4cf
CC(=O)Nc1ccc(Nc2ccc(N3CC=NCC3)cc2)c(C)c1,42,-8.006,24.0,4.0,4.64663290977478,ok,4f4621f6e8c6d77d,42,228c3a545f77c4012c28ce939de35deb6b202a4d98d6c5332f2ea137a28611e6
CC(=O)Nc1ccc(Nc2ccc(N3CC=NCC3)cc2)cc1,42,-7.509,23.0,4.0,3.7431859970092773,ok,9b203da7ef7c0259,42,ccc02ce1150ebf6e2b81c2f441aa95cbf46854ed7cba7f0b2d4fc1ac005a15ce
CC(=O)Nc1ccc(Nc2ncc3c(n2)N([C@@H]2CCC[C@@]2(C)O)C(=O)C32CC2)cc1,42,-8.727,30.0,5.0,9.377354145050049,ok,19333ef2e5198e41,42,31d62f0f4258df37e38d556953cf55b10afc2efb2865175f4da129359e41d0da
CC(=O)Nc1ccc2ccn(-c3[nH]nnc3C3CCC(O)CC3)c2c1,42,-9.071,25.0,4.0,5.424108028411865,ok,1df9c1516c95874e,42,d0875a99aded7ec7b5e513c3226bc9e667856b998808a22b3323216526ed3ddb
CC(=O)Nc1cccc(-c2ccc(N3CC=NCC3)cn2)c1,42,-8.091,22.0,3.0,2.7765331268310547,ok,67c0b23925e95076,42,ae6afed8db543c48f456e4bb6f703abe235e40c7f401796fa9f77b2bafff037c
CC(=O)Nc1cccc(C(=O)N2CCN(C(=O)c3ccccc3)CC2)c1,42,-6.728,26.0,3.0,4.771796226501465,ok,f70fb27ecc2c108d,42,0de0ac5a570abdfa23df0efd99c6743a9ae869e31b56cfbe13fafa03d98e1b15
CC(=O)Nc1cccc(C(=O)N2CCN(Cc3ccc(O)cc3)CC2)c1,42,-8.267,26.0,5.0,5.163567066192627,ok,0edd6e7b31de9d9f,42,a8b9f78bf48dada90f4bb70232a6d52aef8ad5189d2d4cbed3f34d35673f2f3e
CC(=O)Nc1cccc(C(=O)N2CCN(c3ccc(C(C)C)cc3)CC2)c1,42,-8.06,27.0,4.0,4.85398006439209,ok,41501177f66a0244,42,5d082d4e555f51a832e3adebeb1f4e8570be8685b995f1d9c55ee6c135bec8d0
CC(=O)Nc1cccc(C(=O)N2CCN(c3ccccc3)CC2)c1,42,-7.877,24.0,3.0,4.162997722625732,ok,41e5e12e5f78b740,42,a1eda0a5b3025f3a6db8a9c557f82ea6058aeda4d79331945e5b3135a76d4eed
CC(=O)Nc1cccc(C(=O)c2ccc(S(C)(=O)=O)cc2)c1,42,-8.096,22.0,4.0,3.3666648864746094,ok,af688d053bff76bb,42,063442bddc43291c3f91be3961b439501bc355bcaf6b4a7fd165780fcb6abdea
CC(=O)Nc1cccc(CNc2nc(OS(N)(=O)=O)nc3c(C(C)C)cnn23)c1,42,-9.025,29.0,6.0,8.844115972518921,ok,05cb415f169659a7,42,5535fe5a426079a82dd3cf54f6c123984d0912cb1a42de787090c32425661f9a
CC(=O)Nc1ccccc1CN1Cc2ccccc2C1=O,42,-7.529,21.0,3.0,3.341693162918091,ok,dbe22f3452fddbf5,42,ed39627a596e396edad8ec9e2cc8ffd5812efbecfbd9e6bb9654f690b2e224ff
CC(=O)Nc1ncc(F)c(-c2cnc(C)n2C(C)C)n1,42,-7.68,20.0,3.0,2.8776068687438965,ok,9ee6c63240d9b2c9,42,9ca163c8af239007264555705f4adea082a75e97a13e6c161186cd24a42f16d0
CC(=O)[N+](=CC=CC(N)=O)CC(=O)c1ccc(Nc2ncc(F)c(-c3cnc(C)n3C(C)C)n2)cc1,42,-9.375,36.0,9.0,16.462750911712646,ok,f899f773626bdf64,42,5d22206744c417a82db35012b210c133b69a065d89a9e8de8fb1678f121c34ac
CC(=O)[N+](=CC=CC(N)=O)c1ccc(Nc2ncc(F)c(-c3cnc(C)n3C(C)C)n2)cc1,42,-9.304,33.0,7.0,11.208469867706299,ok,219400c11a78b32d,42,141d5bcf9bd9bf9f03a179a964227b118a1783870c67a39b4ee3b69922b22610
CC(=O)c1c(C)c2cnc(Nc3ccc(CN(C)C)cn3)nc2n(C2CCCC2)c1=O,42,-8.99,31.0,6.0,9.869539737701416,ok,fd950cab7dddc706,42,a4613488451088f4f95a3b76990bb214f40e3b9a9b60e83495ad9fe17fe9fbd2
CC(=O)c1c(C)c2cnc(Nc3ccc(N4CCNCC4)cc3)nc2n(C2CCCC2)c1=O,42,-9.09,33.0,5.0,9.48549199104309,ok,ae1a194844f77dcb,42,fe7fb065b79573066ceffede69aebd63ca64bd510509b158b42554525f4c56a5
CC(=O)c1c(C)c2cnc(Nc3ccc([C@H]4CC[C@H](N)CC4)cn3)nc2n(C2CCCC2)c1=O,42,-9.373,34.0,6.0,9.758097887039185,ok,e1c8c0af040b601a,42,1b59b63af7dd75cddf40ff5c01a19d81dc2f27dffb00e974691f3fea302fcf4d
CC(=O)c1c(C)c2cnc(Nc3cocn3)nc2n(C2CCCC2)c1=O,42,-8.913,26.0,4.0,4.572144031524658,ok,4d7832dcaf88bc34,42,02c505417e3448d51cd9717cdf6003b746354cab3f039ca7554d8280ca7987e9
CC(=O)c1c(CC2CCN(C)CC2)oc(C=C2CCN(C)C[C@@H]2O)c1O,42,-7.549,26.0,6.0,7.062681198120117,ok,a8431ca25748fcbf,42,cf9a23c429d4d4a9bf99cf78950af7924614b00f9f552cbfee1af981fc241239
CC(=O)c1ccc(C(=O)c2ccc(C(N)=O)cc2)cc1,42,-8.485,20.0,4.0,3.1901891231536865,ok,900bfd87596f485f,42,57d1e94d2d0b52938f75092f7da7b3dcbf36ad2f07c905640660d71dd80643b2
CC(=O)c1ccc(NC(=O)CC(=O)c2ccc(Nc3ncc(F)c(-c4cnc(C)n4C(C)C)n3)cc2)cc1,42,-9.183,38.0,9.0,19.21328902244568,ok,b78e6c6e86d13aff,42,e5a352338e141c000102e08dffc5080a3c3badf8c80acad1e1ce58e405db10e2
CC(=O)c1ccc(NC(=O)c2cccc(C(=O)N(C)C)c2)cc1,42,-8.187,23.0,4.0,3.03721022605896,ok,18a2b752252d9daf,42,e377efa0aab4e1c81ed84dd635c4149ec926e7fd1ccb23712a8708bf57732cc2
CC(=O)c1ccc(NC(=O)c2cccc(N(C)C)c2)cc1,42,-7.812,21.0,4.0,2.3542449474334717,ok,1705d93a8f314155,42,9c6b9bfa8d0a507e723368c34e85bd28c9bd74c3ee3ed35355327654753a4340
CC(=O)c1ccc(Nc2ncc(F)c(-c3cnc(C)n3C(C)C)n2)cc1,42,-8.77,26.0,5.0,5.862853765487671,ok,71a5c5dce6868233,42,c66ca1cc4077143f9f11562bddb842827cdafc5f185f1e38d0ed2411551bf4ce
CC(=O)c1ccc(Oc2ccc(S(N)(=O)=O)cc2)cc1,42,-7.844,20.0,5.0,3.8282711505889893,ok,6b5cb6e082aa97b1,42,cfcadcd8c20abef65f10822cc37e513385fb89dfcfd6b69fee5f7cdb82512701
CC(C(=O)Nc1cc(C2CC2)[nH]n1)c1ccc(N2CCNC2=O)cc1,42,-8.423,25.0,5.0,5.0669660568237305,ok,15f1085aede63137,42,372b6afe17a1e7b831d5693c6bee123d3379965388878bb7880bf8d108783bec
CC(C)(C)C(=O)Nc1ccc(Nc2ncc3cc4n(c3n2)C2(CCCCC2)CNC4=O)nc1,42,-7.653,33.0,3.0,7.470617771148682,ok,0abe840d2c886936,42,33e77b3f4fddcbeb77506dfffaa4068c2432b52cfcd5c4a842e7c1495ce3f0c7
CC(C)(C)CCN1CCN(c2ccc(Nc3ncc4cc5n(c4n3)C3(CCCC3)CNC5=O)nc2)CC1,42,-8.131,37.0,5.0,13.529632091522217,ok,4a65440014abe52b,42,21807db6d84e3c64e6b0bf5c9c793308722f568ac6d22118f6e7206cd0ec06eb
CC(C)(C)CCOc1ccc(-c2ccc(S(N)(=O)=O)cc2)cc1,42,-8.35,23.0,6.0,4.456844091415405,ok,dcf4e2aa22e574d3,42,af61e069aa3a09d79ea08fc6b2a146a91fbadcc47b85cea4ff58b8d72b2a8a9f
CC(C)(C)Cc1ccc(-c2ccc(S(N)(=O)=O)cc2)nc1,42,-7.154,21.0,4.0,3.5453171730041504,ok,65dd26aea258c96b,42,ebb5594500e41bf86639ebd6fd9fd8724f9286c30b1e121775386914d3fd2951
CC(C)(C)Cc1ccc(Nc2ccc(S(N)(=O)=O)cc2)cc1,42,-7.71,22.0,5.0,4.056375026702881,ok,41c988fc1dc583bd,42,0dc51db4690e5e686b16a8c20f28251d2557c69fe0de685c829273220db18104
CC(C)(C)Cc1cccc(-c2ccc(S(N)(=O)=O)cc2)n1,42,-8.244,21.0,4.0,3.4591190814971924,ok,158952cee4dcb539,42,0d8b68e6a001ed03bffb3ec033a732a46c8ff98f8d6b41facc75310cdd87336b
CC(C)(C)N1CC=C(c2ccc(Nc3ccc(S(C)(=O)=O)cc3)cc2)CC1,42,-8.21,27.0,4.0,5.480455160140991,ok,4cf797481050bde2,42,1994fb43a6986f2f1dc55e403508c09173b15163617aa5daadee376f0aca155c
CC(C)(C)NC(=O)c1cc2cnc(Nc3ccc(CN4CC(O)C4)cn3)nc2n1C1CCCC1,42,-7.918,34.0,7.0,20.731672763824463,ok,9f11c5b16e8f35f9,42,f70dbb6be514e75b58c895d3eb3526772b4686cbc6af3b25a207ca4ce4370b33
CC(C)(C)NC(=O)c1ccc(-c2ccc(S(N)(=O)=O)cc2)cc1,42,-7.882,23.0,4.0,3.303230047225952,ok,f9d61938c77a8054,42,94781554ebf9ff686d1b5c7c0a78df870b23dfe007c9e5da9f7bf21a34002077
CC(C)(C)NC(=O)c1ccc(Cc2ccc(S(N)(=O)=O)cc2)cc1,42,-8.578,24.0,5.0,5.082197904586792,ok,879cec6c93d1d418,42,6324f351af5abfa7f5e0ffe0b20cfe29a932c4a6be6ab242ae369d6e549baf9c
CC(C)(C)NC(=O)c1cccc(Nc2ccc3c(n2)CCNC3)c1,42,-8.665,24.0,3.0,4.238412857055664,ok,9aab7888fabfb3ae,42,9e9926debcbd01df39ed8807c2dfd2080d8d2ffa23093a33dd27f1dcbe19977a
CC(C)(C)NCc1ccc(-c2ccc(N3CC=NCC3)cc2)cc1,42,-6.985,24.0,4.0,4.069355010986328,ok,effd599499010504,42,c530708101f1194fd0ec29e45269398efdb6b85a60416606433850c1e5864412
CC(C)(C)Nc1ccc(-c2ccc(S(N)(=O)=O)cc2)cc1,42,-7.719,21.0,4.0,3.573580026626587,ok,9b8cc3aef3719ea6,42,251b77d20bff30ab4498d821cf15a836802326850d85ffb08004a82f53b46b28
CC(C)(C)Nc1ccc(Cc2ccc(S(N)(=O)=O)cc2)cc1,42,-7.914,22.0,5.0,4.236618995666504,ok,8f6f691a1c288321,42,9bf93e96dcb7630246e04c48da741af5ffb92e1da5e5f1cec1ba728af893fde8
CC(C)(C)Nc1cnc(CSc2sc(-c3ccncc3)nc2O)o1,42,-7.364,24.0,6.0,7.7640061378479,ok,d056d88ad417e4c5,42,ddbb3012153b44bc62fc26402de0e87ac87edbe599d775e0fea3eb8bb298873c
CC(C)(C)Nc1nc(C(F)(F)F)nc2ccc(-c3cccnc3)cc12,42,-8.649,25.0,2.0,4.049260854721069,ok,87583e01fa696578,42,1601ddb8df75caca157b46277834f538c71271ff74a4706a8f2f909970d3bb36
CC(C)(C)Nc1nccc(-c2ccc(S(N)(=O)=O)cc2)n1,42,-7.391,21.0,4.0,3.545285224914551,ok,1ce8d31530e46057,42,de0c8d9bb5063ce21c1357de12506cd0169763fdf2dec6abc2f4c4f7d421d1cc
CC(C)(C)OC(=O)CCc1nn(C(C)(C)C)c2ncnc(N)c12,42,-7.145,23.0,4.0,6.181274890899658,ok,823afb3fd28dabbc,42,8109c162374c87af259975b65bc368561de7f28e31b7d77d5000b4ca58bb8011
CC(C)(C)OC(=O)N1CCN(C(=O)O[C@@H]2CCC(c3cc(NC(=O)Cc4ccccc4)[nH]n3)C2)CC1,42,-7.758,36.0,5.0,17.4194917678833,ok,f17a146fbc0048c2,42,c2a1e4430e3bc3e057d4c9c11ea0ae2215d4db71c4971fb7c0319ac01b3ffdbc
CC(C)(C)OC(=O)Nc1ccc(N2CCN(C(=O)OC(C)(C)C)CC2)cc1,42,-6.732,27.0,2.0,5.7139880657196045,ok,d3aac5d73ea9a8a7,42,897ff1eb1f686437cccd2d26938a20876b3c1ec93e138555759ceaf03346c761
CC(C)(C)OCCc1nn(C(C)(C)C)c2ncnc(N)c12,42,-6.807,21.0,4.0,4.886886119842529,ok,6963bc79c711d6dc,42,e3e0a366973bae05a3b181d9f141d537bf3e6ca250f799f36e8bd02d106423ec
CC(C)(C)Oc1ccc(-c2ccc(S(N)(=O)=O)cc2)cc1,42,-7.452,21.0,4.0,3.4917099475860596,ok,8692bf4f84e145cf,42,90949fd088a999d3fbf7adba44017f302f3ff862cf36798f63ea45aed2ec0355
CC(C)(C)S(=O)(=O)c1ccc(-c2ccc(S(N)(=O)=O)cc2)cc1,42,-7.105,23.0,4.0,3.595763921737671,ok,4b0c60c747216858,42,7ea7223bc6436d7bcef86eb395a5630de70ab5cd9fcb8678d39f5b9b77911296
CC(C)(C)c1cc2cnc(Nc3ccc(N4CCCNCCC4)cn3)nc2n1C1CCCC1,42,-6.247,33.0,4.0,23.478959798812866,ok,31f723cdd02c60ad,42,b09c61ca2e56f96f3f29eababc60a1334ef7dad1752c81d1ffa5385348f4dbff
CC(C)(C)c1ccc(-c2ccc(S(N)(=O)=O)cc2)cc1,42,-7.548,20.0,3.0,2.270097017288208,ok,bb01d236b05d208b,42,65ac82ef92fd258c1a171d419b50eaeffb43723fff75ab67cbdd7aefbbbe630e
CC(C)(C)c1ccc(-c2ccc(S(N)(=O)=O)cc2)cc1Br,42,-7.7,21.0,3.0,2.889784097671509,ok,164913fe244e70fa,42,b3fd7970d7e8de5953bf392cb1289989020a20770b2b0ef9e0313767b782d793
CC(C)(C)c1ccc(C(=O)Nc2ccc(S(N)(=O)=O)cc2)cc1,42,-7.548,23.0,4.0,4.121297121047974,ok,d0b72dc9b2bc26ce,42,1a064149559969dca9ed4d9deed5ab66b58a2cc503c5f93166d167f5afdf8fc7
CC(C)(C)c1ccc(CC(=O)Nc2ccc(S(N)(=O)=O)cc2)cc1,42,-7.958,24.0,5.0,5.403387069702148,ok,2f1e9a947aa3e5aa,42,1fdc2130db33accb0ab8232bf0bb7ab9fa5965c37d7c5b6fe6ab9cc092052e7a
CC(C)(C)c1ccc(CCCc2ccc(S(N)(=O)=O)cc2)cc1,42,-8.047,23.0,6.0,5.5966997146606445,ok,10fb13c8a0cd2c00,42,47a84cb50956f949138031efa3f1b77afdf0dee621978d982f40eff6113a565e
CC(C)(C)c1ccc(Cc2ccc(S(N)(=O)=O)cc2)nc1,42,-7.64,21.0,4.0,4.2902820110321045,ok,55600a865571990d,42,84edd8212d2a3fa06caa4a8b9439af59dfe737f7bf76fc3f66099ea1340aeb4d
CC(C)(C)c1ccc(Nc2ccc(S(N)(=O)=O)cc2)nc1,42,-7.723,21.0,4.0,4.593251943588257,ok,5e144818c2c2da08,42,927dfec15b4afbc0abe66405f3868ea8e262fec61b9bc575bd981e940fb8e818
CC(C)(C)c1ccc(Nc2nccc(NC3CCCC(N)C3)n2)cc1,42,-8.343,25.0,5.0,5.9771647453308105,ok,369eee7282159472,42,ef9727cdc42719fb0c08bcdd26f055d29dcfad3fede3a9cab30d2c45ebf79c9a
CC(C)(C)c1ccc(Oc2ccc(S(N)(=O)=O)cc2)cc1,42,-7.76,21.0,4.0,3.824213981628418,ok,831841caecf6607a,42,f55e386e080635c3f8da465b3b9c4e3f12234e8049a248d56334df8f6c1e87b9
CC(C)(C)c1cccc(NCc2ccc(S(N)(=O)=O)cc2)c1,42,-8.207,22.0,5.0,4.567811012268066,ok,7304c7c13114af35,42,4bacb0b1b6864d9a569de434e6f05bbe783588502518f8ffbd3796912dbaac06
CC(C)(C)c1cccc(Nc2ccc(S(N)(=O)=O)cc2)c1,42,-8.189,21.0,4.0,4.336113214492798,ok,054b83aa97e9d07d,42,bf299742f17899c619204a91e7e725440a864577b811b64e20692b1c6b4fb240
CC(C)(C)c1cnc(C(=O)NCc2cccc(Cl)c2)o1,42,-7.424,20.0,3.0,3.3002607822418213,ok,0e67c61d3d58ebb5,42,2fcf063b6e97dcee1480b12a620788829494bea83296be9f98e0c576dcb8953a
CC(C)(C)c1cnc(CSc2cnc(NC(=O)C3CCNCC3)s2)o1,42,-7.198,25.0,5.0,6.067963123321533,ok,ab12d59d8e52145e,42,8251540d0511bbefadfddde30a66de33d2458efaa78921e310ba19d849479e26
CC(C)(C)c1cnc(CSc2cnc(N[C@H]3CC[C@H](O)CC3)s2)o1,42,-7.46,24.0,6.0,6.427046775817871,ok,d366576ff3b0e555,42,fdd4192a5fce50d5d176183856c7bb7f7e8b2f812469f8e103570f2fee497fc8
CC(C)(C)c1nc2c3cc[nH]c(=O)c3c3cc(F)ccc3c2[nH]1,42,-9.83,23.0,0.0,2.0644731521606445,ok,751680b9b201e106,42,979b776c8461b685d73a9cfcb1c28dcbacff4767257e03f563ea86d53dad3532
CC(C)(C)c1nccc(-c2ccc(S(N)(=O)=O)cc2)n1,42,-7.82,20.0,3.0,2.7207541465759277,ok,33ef81ff8350a434,42,5598a6c60055f3e2b7ae63532fb5b2bf82e97ba47f1f94618a1ac02273faffc7
CC(C)(C)c1nccc(CCc2ccc(S(N)(=O)=O)cc2)n1,42,-7.779,22.0,5.0,3.95743989944458,ok,57c593fc46a305aa,42,24829383ccb24dc6b64e3f21b70605dc5dedea0f39744d4731f02f81763c7099
CC(C)(C)n1nc(-c2cccc3ccccc23)c2c(N)ncnc21,42,-8.578,24.0,2.0,3.7005059719085693,ok,8ab257964e804ed5,42,c51d03bcaba92087ff3b11bc43563f070c9c8ce891cd1cecf9f9bba413c068a2
CC(C)(CO)CNC(=O)c1ccc2[nH]c(O)c(N=Nc3ccc(S(N)(=O)=O)cc3)c2c1,42,-6.655,31.0,10.0,20.52534317970276,ok,74d613380961faf9,42,a9a9434601a1f2979e305df52443dcc552fd93b0c0ad15184af253ea3217a127
CC(C)(N)C(=Nc1ccc(S(N)(=O)=O)cc1)N=C(c1c(O)[nH]c2ccc(-c3cnco3)cc12)S(N)(=O)=O,42,-6.268,37.0,9.0,21.249343872070312,ok,e8f15d0c453e92ee,42,93e44c90aa4177c2652874cc73f83a916c2b70f4e34a80e398ccace1eefd5009
CC(C)(N)C(C)(C)OC(=O)N1CCN(c2ccccc2)CC1,42,-6.626,22.0,4.0,5.1102211475372314,ok,34fb8a834fbd6e09,42,4316119dc37bd816bfcaafc81d7b6d93a2ec0df36cd5ebb6ee14096df30527ad
CC(C)(N)c1ccc(-c2ccc(S(N)(=O)=O)cc2)cc1,42,-7.851,20.0,5.0,3.9223601818084717,ok,cafe222ff0637e22,42,a11b38d5735e0563ea9703b87824272929098f517e9a69d9554544ab016075a2
CC(C)(O)CSc1nc(Nc2ccc(S(C)(=N)=O)cc2)ncc1Br,42,-7.421,24.0,7.0,5.526055335998535,ok,fbce131c1116bfdb,42,2583ccf6e4613a3f1474a6e4c570d4c782c9727d416c3fe9010af4a09fb2c3ee
CC(C)=C(C)c1ccc(C(=O)c2ccc(Nc3ncc(F)c(-c4cnc(C)n4C(C)C)n3)cc2)cc1,42,-9.425,36.0,7.0,12.103063106536865,ok,3c48eacbdb8350a6,42,256caa3c65fdd1d8c06815f74eff295aee6159d189c414df9b979fb976ae21b5
CC(C)=CC=Cc1ccc(N=C(N)c2ccc(Nc3nccc(-c4cnc(C)n4C(C)C)n3)cc2)cc1,42,-8.279,37.0,8.0,17.339083909988403,ok,4600b713f05d0bdc,42,c3c9312a1bb95604fc1058b5e033eb47eef5d79c63d338cc9d1ae06ba69de6e9
CC(C)=C[N+](=CC=CC(N)=O)CC(=O)c1ccc(Nc2ncc(F)c(-c3cnc(C)n3C(C)C)n2)cc1,42,-9.038,37.0,10.0,18.997697830200195,ok,8d8da012b61cbac0,42,3b4f26c8a071f7355102c712968534f9dda91269c95a4037ecfa9b750d9c77b3
CC(C)=Cc1ccc(-c2ccc(S(N)(=O)=O)cc2)cc1,42,-7.646,20.0,4.0,2.850332260131836,ok,1b7b7e420ed8d7fc,42,f313e844d6939c8ecaa9e170f53bc937520ea358b3adc4b4605ce202a95c3cbc
CC(C)=Cc1ccc(NNCCCn2nc(C(N)=O)c3c2-c2nc(Nc4ccccc4)ncc2CC3)cc1O,42,-8.982,39.0,11.0,28.402304887771606,ok,f20fb9a3efb2d5e7,42,bed2709cab61a3611895f0ba90d20713ea5957ebd443fab9bb97f42f43057750
CC(C)=Cc1ccc(Nc2ncc(F)c(-c3cnc(C)n3C(C)C)n2)cc1F,42,-9.144,28.0,5.0,6.268589973449707,ok,2943b3bf9b19a40b,42,17ba1bf92275d8f2b99739b351bf91c06e9e3988efd3bdfd076d2eb2384dfb46
CC(C)=Cc1cccc(-c2ccc(S(N)(=O)=O)cc2)c1,42,-8.74,20.0,4.0,2.6379449367523193,ok,0b694e168d1e8a9c,42,e022ce64d16f07df91f12bf65bb2764b7d1df526c3bb6aa0539a82d2b9691854
CC(C)=Cc1cccc(CNc2ccc(S(N)(=O)=O)cc2)c1,42,-8.38,22.0,6.0,5.16817307472229,ok,10b74e3f21f4d787,42,54d4a7bd8222aec285610524f7c4bbe38f483a35f77b2289c5d121cdbdae11f0
CC(C)=Cc1cccc(Cc2ccc(S(N)(=O)=O)cn2)c1,42,-8.583,21.0,5.0,3.804270029067993,ok,c60d106650c41d99,42,7dfee682d21a77708d29802252a01366d447b2358770a6ffcaa6f3d23dc50510
CC(C)=Cc1cccc2[nH]c(O)c(N=Nc3ccc(-c4ccc(S(N)(=O)=O)cc4)nc3)c12,42,-8.119,32.0,7.0,8.310751914978027,ok,2cf58a218c7e9856,42,b5ff6a6258631a7c0a80b2ac2cea22aa1bcf770faf91c7259f9ea8491bec5c45
CC(C)=Cc1cccc2[nH]c(O)c(N=Nc3ccc(Cc4ccc(-c5ccc(S(N)(=O)=O)cc5)cc4)cc3)c12,42,-9.711,39.0,9.0,20.892843008041382,ok,fb32d58dea66000d,42,2729d2df20572cccd6fc4465157e4fdfc6492c7e9f40cb1c086919271130a8bd
CC(C)=Cc1cccc2[nH]c(O)c(N=Nc3ccc(S(N)(=O)=O)cc3)c12,42,-8.044,26.0,6.0,6.9823150634765625,ok,185a6125da6183fd,42,f716a136dc537e88b2c99b09b04dceb4b9597015db69fb3949d7c6da5b20e7e5
CC(C)=Cc1cccc2[nH]c(O)c(N=Nc3cccc4[nH]c(O)c(SN=Nc5ccc(S(N)(=O)=O)cc5)c34)c12,42,-8.162,39.0,10.0,24.131642818450928,ok,27eeb321cb2c4535,42,2dcd6e235dae4bc7c3e985327a906f9568c6febcdab8fadfe1a10af6394d0a06
CC(C)=NC(=O)C(=O)c1ccc(Nc2ncc(F)c(-c3cnc(C)n3C(C)C)n2)cc1,42,-9.009,31.0,6.0,10.452369213104248,ok,7f629a117ab52fec,42,002b19ac6b80d8f0e14a89c5fbfdb8363cd3800f1819c9da623b22162be63518
CC(C)=NCC(=O)CC(=O)c1ccc(-c2ccc(Nc3ncc(F)c(-c4cnc(C)n4C(C)C)n3)cc2)cc1,42,-8.564,39.0,10.0,20.10688304901123,ok,8b723bba864f0932,42,fd9d39d211a3a62ce402a028793daca1af19a28b201a51a709a4a6abb6ded23b
CC(C)=NCCC(=O)c1ccc(Nc2ncc(F)c(-c3cnc(C)n3C(C)C)n2)cc1,42,-8.716,31.0,8.0,9.55723786354065,ok,ddc0196efc58f269,42,174dc5be59993161c31e7bb1579b971b98c656baf5f6ab78f1f8c2c56fdf3fe3
CC(C)=NN=CC(=O)c1ccc(Nc2ncc(F)c(-c3cnc(C)n3C(C)C)n2)cc1,42,-9.119,31.0,7.0,10.73484492301941,ok,1eab1504d1a6c63c,42,9f7003771a012ffa1e2dc12518fb83e939d244c8d183921fa07ea787f40c7927
CC(C)=Nc1ccc(-c2ccc(S(N)(=O)=O)cc2)nc1,42,-7.281,20.0,4.0,2.685044050216675,ok,f2d3ea41655177ac,42,90a728b5a87ea0eb62572c5fa9c10c6b5c9cce0ee63522c2a7c022c76c6de2b5
CC(C)C(=O)N1CCCN(C(=O)c2ccc(C(C)C)cc2)CC1,42,-5.649,23.0,3.0,12.947614192962646,ok,a00f9eea6f0fcee7,42,ffdbaacce0b4ffe06833ebf5fcf807139a41d13a0716c794e6a5702411418b6a
CC(C)C(=O)N1CCCc2cnc(NC(=O)C3CCOCC3)nc2C1,42,-6.527,25.0,3.0,13.398561954498291,ok,f01540ea7c583f4f,42,621827ba738c76bd26004fc7b7ccf17e870a2836d3d1b5b013f90eb4e1582528
CC(C)C(=O)N1CCCc2cnc(NC(=O)Cc3ccccc3)nc2C1,42,-6.193,26.0,4.0,14.891003131866455,ok,2006e6084569dcde,42,58d8dfbf9ce957c76c519624194d18ccff69ce44127150c0c98a564a984a9a4b
CC(C)C(=O)N1CCCc2cnc(NC3CCC3)nc2C1,42,-5.138,21.0,3.0,10.175782918930054,ok,07c6e5d111d7de8e,42,ea6e2e422f1e6d549834930422e95aef42fb3a272a6eff7c8465d165a8f3b583
CC(C)C(=O)N1CCCc2cnc(Nc3ccc(Cl)cc3)nc2C1,42,-6.226,24.0,3.0,12.17221999168396,ok,212b14c1118b61f1,42,23098e70f128b2cd741d680b5c9792d651c34cb76c24b0905ed76c70455b4e2d
CC(C)C(=O)N1CCCc2cnc(Nc3ccccc3)nc2C1,42,-6.357,23.0,3.0,11.680795907974243,ok,8c06c0ebcda7127e,42,ec1106a6583dc64393537945dd557439368c40bfb5a8823f81d8c72eb5e03790
CC(C)C(=O)N1CCN(C(=O)c2cccc(NC(C)(C)C)c2)CC1,42,-7.903,24.0,3.0,4.841198921203613,ok,7faefbf765e19f62,42,49f32f3c57fb02173976dc9db6162300e55f89385669ead86cb23f184faa3d62
CC(C)C(=O)N1CCN(c2ccc(N3CCC(O)CC3)cc2)CC1,42,-6.497,24.0,4.0,4.291306018829346,ok,39da85cffb9bb2f1,42,5cb8f77d5bd3944f640ecdab0065bef9b63d12555bb24a06fea6e1bfb485d063
CC(C)C(=O)N1CCN(c2ccc(NC(=O)O)cc2)CC1,42,-6.672,21.0,3.0,3.0671181678771973,ok,3f18fbea250f2289,42,b592d69ee518ee4da22627c5d239a09cb7661d43c733db46f6d9fe7888e06661
CC(C)C(=O)N1CCN(c2ccc(NC(=O)c3ccccc3)cc2)CC1,42,-7.317,26.0,4.0,4.3567280769348145,ok,0ef9abfa61b52a7e,42,9753463702c76af0ae65be0167903c4348d53ce7ffb836b6c900453f8ea5c738
CC(C)C(=O)N1CCN(c2ccc(Nc3ccccc3)cc2)CC1,42,-7.724,24.0,4.0,4.077425956726074,ok,c38e50605ad5ef64,42,2f8cbdcd7a6ae11f95cbfb08197155fbb1959bcd4c901bc4b34648faa011a644
CC(C)C(=O)N1CCOc2cnc(NC(=O)c3ccccc3)nc2C1,42,-6.221,25.0,3.0,12.298655033111572,ok,a1ba344ca56765fd,42,3caa9f42355b1e2b7b2a9d0e5c34c5640b5ed1e67a1a5c0269881a74063f920e
CC(C)C(=O)N1CCc2cnc(NC(=O)C3=CCC3)nc2C1,42,-7.643,22.0,3.0,3.592813014984131,ok,724384e238884b89,42,9b3007f2a0cd2e94896a376af9f2171f57818271d407a9ef21880014756e97da
CC(C)C(=O)N1CCc2cnc(NC(=O)c3ccccc3)nc2C1,42,-7.361,24.0,3.0,4.010103225708008,ok,e52584ecd2d1b3a5,42,346c7249ff336c1a6e6038c5f673df31d1eb084129389763e5db39d15cb12a45
CC(C)C(=O)N1CCc2cnc(NCC3CCC3)nc2C1,42,-7.478,21.0,4.0,4.25204610824585,ok,4e8b3c7533319123,42,20909e3769456ba83e2794eaceb4865bc16f5d4ecd844f89437835b0f3c012f1
CC(C)C(=O)N1CCc2cnc(NCc3ccccc3)nc2C1,42,-7.985,23.0,4.0,4.552523136138916,ok,3a0f58c288146d36,42,06a3b81d1f3b0135b8bfe0967172eecb035d79da8e6d9fcc797729e54fc3aae9
CC(C)C(=O)N1CCc2cnc(Nc3ccc(C(C)C)cc3)nc2C1,42,-8.443,25.0,4.0,5.09349799156189,ok,da50d765f7091bce,42,2354fe155a85bef46fa0a94c0a492fe1c4f395202911ffac88c01e0bf6e0ac99
CC(C)C(=O)N1CCc2cnc(Nc3ccccc3)nc2C1,42,-8.135,22.0,3.0,3.748276948928833,ok,bb3fbe6cf4fbb1db,42,3520b847127933b45fe894d64a467e22432c360355370b66bc19a059b979d9cf
CC(C)C(=O)N1CCc2cnc(Nc3ccccc3)nc2CC1,42,-6.657,23.0,3.0,10.942596197128296,ok,f0bbb236e71bcc4c,42,4ebbff72981e46cb97354ec87a51bd0a8e94d21038a1a27cd8c35254c689eb6e
CC(C)C(=O)N1CCc2cnc(Nc3cnn(C)c3)nc2C1,42,-7.768,22.0,3.0,3.2632510662078857,ok,47a43ae11a6038cb,42,abc442febf862abf42b2ecb9d5af1ff5c0d4be18c1aaca671540466413bc9e23
CC(C)C(=O)N1CCc2nc(-c3ccc(S(N)(=O)=O)cc3)ccc2C1,42,-7.756,25.0,4.0,4.154745817184448,ok,0fb725922bade180,42,efaca3fb8ad346dadf9b8a38865a57f2b203e1afa211c64734ab06b71c5f0782
CC(C)C(=O)Nc1nc(OCC2CCCCC2)c2[nH]cnc2n1,42,-8.212,23.0,5.0,4.967045068740845,ok,241d9f36023096e2,42,e8b7e0c6e7d0560c7f62c812b7182d1a294cf1db2a09f0bdcceb22a064639832
CC(C)C(=O)Nc1ncc2c(n1)CN(c1ccc(Cl)cc1)CC2,42,-7.791,23.0,3.0,2.5858569145202637,ok,ae0573007fb8d3fa,42,67ebe2ea4287a3f6ec17e0f992fae318fb441e458c0f60420887cbda997fbcf3
CC(C)C(=O)c1ccc(C(=O)c2ccc(S(N)(=O)=O)cc2)cc1,42,-8.117,23.0,6.0,4.042939186096191,ok,e8ef6b3057c8cecd,42,90090f5c0f8a51f0301bb332cbaa2c66f22783778c71d544ac597b9f1dab85c9
CC(C)C(=O)c1ccc(Nc2ccc(S(N)(=O)=O)cc2)cc1,42,-7.962,22.0,6.0,3.4500880241394043,ok,54ce3018118be939,42,9db9aaaedcf9d2ba460ef42e59a8ca1c73d06885b680314b1f644b97e5d8a15f
CC(C)C(=O)c1ccc(Oc2ccc(S(N)(=O)=O)cc2)cc1,42,-7.643,22.0,6.0,3.574312925338745,ok,7b432a886e4e8a6c,42,66bb11c39046fac03805635dd60d69e7ce89eea5a12252701609e565d3170369
CC(C)C(C)(C)c1ccc(-c2ccc(S(N)(=O)=O)cc2)nc1,42,-7.54,22.0,5.0,4.54426121711731,ok,c78e8c31bc59b4a0,42,9270ee7e24235bb964a33270509c83edcca9388fd62568133d74d9e7e851a3bc
CC(C)C(C)Cc1ccc(-c2ccc(S(N)(=O)=O)cc2)cc1,42,-7.817,22.0,6.0,4.129130840301514,ok,0b91dd67b362edbf,42,3316b388f58f414c9e69f983809e155028746b799cf196c3aacfe0038a369e7f
CC(C)C(F)(F)c1ccc(Cc2ccc(S(N)(=O)=O)cc2)cc1,42,-8.211,23.0,6.0,4.083651065826416,ok,4b8a74c8e9a3b15c,42,8fc8ad1bf72f97ef6733c35cce0ee499c1973fae97b7170f975e5605359e3073
CC(C)C(F)(F)c1cccc(-c2ccc(S(N)(=O)=O)cc2)c1,42,-8.486,22.0,5.0,3.4850640296936035,ok,3cda6b5b22b39946,42,fbd3f3129a33cd5b8a71f2919b25f402fdbfe005663b9ba8a96a7120055bf34c
CC(C)C(F)S(=O)(=O)c1ccc(Nc2ncc(C(F)(F)F)c(O[C@H](C)[C@@H](C)O)n2)cc1,42,-8.1,31.0,9.0,10.841233730316162,ok,ac955bee34834f06,42,ab97cf921993c872f0f26a9606ac9485823e8b564c28a47df33d734e847148e1
CC(C)C1CCN(c2ccc(C(=O)Nc3ccc(N(C)C)cn3)nc2)CC1,42,-7.18,27.0,5.0,7.180961608886719,ok,c92557f0d6118a8e,42,a2a4eaf6c43fa3be7effd90cd40cf0bd12459499895983c64527e7484f2ff58e
CC(C)C1CCN(c2ccc(Nc3ncc4cc5n(c4n3)C3(CCCCC3)CNC5=O)nc2)CC1,42,-8.238,35.0,4.0,9.256406784057617,ok,42221907d01143ac,42,4d0ee6befa5b73355c554a7d0e0d95e6e507eb2c167632b094032c87bd6188ef
CC(C)C1CN(c2ccc(Nc3ncc4cc5n(c4n3)C3(CCCCC3)CNC5=O)nc2)CCN1,42,-9.309,35.0,4.0,8.798119068145752,ok,a568bab21725d530,42,587146835b663e22dce798d3db8db61196c7c18ed1021d4c473ea0f15488d0ca
CC(C)C=c1cc(-c2ccc[nH]2)c2c(O)[nH]c3ccc(F)c1c32,42,-9.169,23.0,3.0,3.189793825149536,ok,54b8bc2d1d2a088e,42,78a679085c886026135e4df17ae6cc705254b89cf7ba074fe71a06355977b9b2
CC(C)CC(=O)N1CCc2nc(-c3ccc(S(N)(=O)=O)cc3)ccc2C1,42,-7.867,26.0,5.0,5.966787099838257,ok,84548341eff7997d,42,04f4797d892b21dc5f4f7b16d2a2104a11f34fb58133ceaee6ebe7a618d59fef
CC(C)CC(=O)Nc1[nH]nc2c1CN(C(=O)C1CCN(C)CC1)C2(C)C,42,-7.316,26.0,4.0,6.311601161956787,ok,82e3e5ecaeb8703b,42,40e28b3f15c81ed9ae8ec8fb3bf66d744fbead29294378c22d923c5e975d5b74
CC(C)CC(=O)Nc1[nH]nc2c1CN(Nc1cccc(-c3cocn3)c1)C2(C)C,42,-7.479,29.0,6.0,10.06766390800476,ok,1f6bce31c505b52a,42,757f55e4b5016752d399570685b6e906b1619b6615e9e820383b9fcdcf501018
CC(C)CC(=O)Nc1ccc(-c2ccc(S(N)(=O)=O)cc2)cc1,42,-7.908,23.0,6.0,4.410212993621826,ok,c8298ab83be2c10e,42,fd6f1d685cdef2972d733dc601941e0ff81901cf2466a21ee4b6e0044c0dff5c
CC(C)CC(C)c1cccc(-c2ccc(S(N)(=O)=O)cc2)c1,42,-8.791,22.0,6.0,4.7571611404418945,ok,1e1c81c635cec29b,42,df8c79405b8a846a5265040fc2439f2b3816b80675cf6bb90de4d0f9c1290773
CC(C)CCCc1ccc(-c2ccc(S(N)(=O)=O)cc2)cc1,42,-8.305,22.0,7.0,4.482088804244995,ok,d868f5802a3804af,42,a139bfbf272cd22e21a7186488d3626113cc124f52ea940add44ce64e106f028
CC(C)CCc1cc(-c2ccc(S(N)(=O)=O)cc2)nc(N)n1,42,-8.075,22.0,7.0,4.634411096572876,ok,f86f27b148dccd4b,42,fe66b5b23b173925578cc8a62827bb820c80c8a6fede74e79e93bca2d7d7c0f2
CC(C)CCc1ccc(-c2ccc(S(N)(=O)=O)cc2)cc1,42,-8.318,21.0,6.0,3.735217332839966,ok,1494510ecf6159d0,42,20e5169740be4df4d3c8f4ca8788a276a999f83711665961bd8d2c713d9e54f6
CC(C)CCc1ccc(Cc2ccc(S(N)(=O)=O)cc2)cc1,42,-8.453,22.0,7.0,4.886882066726685,ok,c78966fa46fa2391,42,412c30bdbc7be2ba7153261ba55727278f13ae7dc00d2e19518edb77538a3270
CC(C)CCc1ccc(Oc2ccc(S(N)(=O)=O)cc2)cc1,42,-8.214,22.0,7.0,4.654404878616333,ok,36e545f9f0bf6152,42,85fb8b5993f1ef4787e014927275ce3d9e02f9f3c4b0ead388e2b6f1bc4cedf1
CC(C)CCc1cccc(-c2ccc(S(N)(=O)=O)cc2)n1,42,-8.242,21.0,6.0,4.180198907852173,ok,633348ca5a3b3b4f,42,867f5c25420203c49856b65055313b5a933490433999c70ddfe696fb878d00fe
CC(C)CN1CCc2nc(-c3ccc(S(N)(=O)=O)cc3)ccc2C1,42,-7.225,24.0,5.0,4.2572410106658936,ok,7f3ca79630d5be3f,42,edf20c77e3f45c7c777cbe7aa2abdcae443176e5a4e916f3323516605e29b8fa
CC(C)CNc1ccc(-c2ccc(S(N)(=O)=O)cc2)nc1,42,-7.775,21.0,6.0,4.118747711181641,ok,72502e1eb08b2b14,42,b4bf39b917e8bf2d8efefb40aaf88d98dea67280e0ec99d371fa754cf9f53494
CC(C)CNc1ccc(CC(=O)Nc2[nH]nc3ccc(N4CCCS4(=O)=O)cc23)cc1,42,-8.602,31.0,7.0,12.485069990158081,ok,ee10faf106fef6ea,42,87975bf0f612c516a822777a726369caa8c2f28cad14a2ef2d706e89b54f492f
CC(C)CNc1nccc(-c2ccc(S(N)(=O)=O)cc2)n1,42,-7.917,21.0,6.0,4.252996206283569,ok,9f6a95c5c56845dd,42,9ef26e51ae321b7646f20418317d9a420ecfdecbeef3320f4ac0003728e56f43
CC(C)COC(=O)c1ccc2[nH]c(O)c(C=Nc3ccc(S(N)(=O)=O)cc3)c2c1,42,-7.977,29.0,8.0,10.678634881973267,ok,2a54928a0a0d441c,42,15edf4c190455aa8989f77aec196f5c85a9ee4061ad97093c247f76497107156
CC(C)COc1cc(Nc2ccc(S(C)(=O)=O)cc2)n2ncc(C(C)C)c2n1,42,-8.454,28.0,6.0,7.9159111976623535,ok,b5c901535cffa347,42,f6fce585e95a869b445c339ca26c3a26a80ba6191ff87fe5018d37de6ea1b997
CC(C)Cc1cc(-c2ccc(S(N)(=O)=O)cc2)nc(N)n1,42,-7.938,21.0,6.0,3.9513120651245117,ok,262858018697d5b0,42,075d8b396a29adfe05dd21a097cfc94ade6a62be6ffa725afb7f4eeada7b3df0
CC(C)Cc1ccc(-c2ccc(S(N)(=O)=O)cc2)cc1,42,-8.033,20.0,5.0,3.204572916030884,ok,e4ca06dc59b47525,42,610a5a31a68fbf3e5f444778522a1051c40e2438f00ab767312ba01d175b42b0
CC(C)Cc1ccc(-c2ccc(S(N)(=O)=O)cc2)nc1,42,-7.891,20.0,5.0,2.904571056365967,ok,fd6faee85d1f841d,42,779d2760c64296ee18997805bd086b0cbf7d7a630ae10083088ba22a56e218f6
CC(C)Cc1ccc(-c2cccc(S(N)(=O)=O)c2)cc1,42,-7.52,20.0,5.0,3.494898796081543,ok,993fabdd7d6a287d,42,883b86d2260588dd878edb400787229135183ca8645fb5219ba6cbad568f0d17
CC(C)Cc1ccc(C(=O)Nc2ccc(S(N)(=O)=O)cc2)cc1,42,-8.083,23.0,6.0,4.671215772628784,ok,ff836f8911f18b55,42,d58d7b77b8ff581fe218ac19098d3d61f75b1c1b7eabe83b37a407e477818823
CC(C)Cc1ccc(CCc2ccc(S(N)(=O)=O)cc2)cc1,42,-8.273,22.0,7.0,4.300005197525024,ok,8ab09aad317e42ff,42,bb0a26b91ce0e3a46b8bffdf10f59b9e480a3f00fecde190e8008aa1b351cd05
CC(C)Cc1ccc(NC(=O)c2ccc(S(N)(=O)=O)cc2)cc1,42,-7.116,23.0,6.0,4.353378057479858,ok,ec74cbd8f7015b43,42,456446f04ebf3b255eb374aea9e300a57ea50415ea4874d5b5b10a47e5d2d525
CC(C)Cc1ccc(Nc2ccc(S(N)(=O)=O)cc2)cc1,42,-7.963,21.0,6.0,3.9515140056610107,ok,4b89249a0641cfa7,42,6424364365b3a26940ec04768124eda9d9ecbe8d5e33663cabc4bd9418cb9b21
CC(C)Cc1ccc(Sc2ccc(S(N)(=O)=O)cc2)cc1,42,-7.843,21.0,6.0,4.0434229373931885,ok,6eb50c5db7b1f26f,42,f88051e5daf26c521150ba1e1dd17c019e35abc1d0709cf6272b4a008f0dd3c3
CC(C)Cc1cccc(-c2ccc(S(N)(=O)=O)cc2)c1,42,-8.502,20.0,5.0,3.489267110824585,ok,7a9f0235a0a4dde3,42,e5fa0773e3b88a7f368bb0f4255a9e9e7ed755d3b37fc40fbcb69ef46b4e26a4
CC(C)Cc1cccc(C(=O)c2ccc(S(N)(=O)=O)cc2)c1,42,-8.246,22.0,6.0,4.3109540939331055,ok,21f48526b6c73834,42,c72c0af73ceb6af3ab765674f3e8e7f3d3d4b7ee75caf917d99a16b5d5b785a1
CC(C)Cc1cnc(Cc2ccc(S(N)(=O)=O)cc2)o1,42,-7.801,20.0,6.0,3.547868013381958,ok,6f55df0a1559059c,42,530366627df02f5bc8637e682ff0a0400ce33e8bed1ff06816dbf285d301ae1b
CC(C)Cc1ncc(F)c(-c2ccc(S(N)(=O)=O)cc2)n1,42,-8.012,21.0,5.0,3.680173873901367,ok,91b5b969d0623860,42,17589861c1552c5b896b16d58455876545a557061738c378bfe4eff3098f66e0
CC(C)N(C)C(=O)O[C@@H]1CCC(c2cc(NNCc3ccn4ccnc4c3)[nH]n2)C1,42,-7.491,30.0,7.0,13.486303091049194,ok,8d86b45eef74e0cc,42,ba50eae93fe323b4ee8b1903eff1173b59147e68902d061216320f5cfd59dd19
CC(C)N(C)C(=O)c1ccc(Nc2ccccc2)cc1,42,-7.38,20.0,4.0,4.875971794128418,ok,37df4660219047c0,42,41ed976180ab6058dc12c1e4614bdd0c83ea1486e0c8f7d790b1754050e306d3
CC(C)N(C)c1ccc(-c2ccc(S(N)(=O)=O)cc2)cc1,42,-7.093,21.0,5.0,3.547632932662964,ok,36e7d00c04f2fcb8,42,98a5bef62857d84196fa90888eb0915074878b4792e395a34be235e2081bd286
CC(C)N(C)c1ccc(C(=O)Nc2ccccc2)cc1,42,-7.168,20.0,4.0,2.880582094192505,ok,3a13d2dc74483bbc,42,fb028a9b6ceb622b2119983266726a3bbc33fd6673ab57c7cfee3cc9e32a11d0
CC(C)N1CCCc2cnc(NC(=O)Nc3ccccc3)nc2C1,42,-5.847,24.0,3.0,10.296677827835083,ok,9e8726476d0ce13f,42,e984fdcdf5f76f8cfd68a57fc63e89697b5d72cedbf4f00386edda1eb5281b86
CC(C)N1CCN(NC(=O)c2ccc(C(C)(C)C)cc2)CC1,42,-7.514,22.0,3.0,3.525693893432617,ok,674355149e650b89,42,fabb7ae4adfd92c9367fc810a665a351ad648b89dbcb4914e77742e6a1cb4493
CC(C)N1CCc2nc(-c3ccc(S(N)(=O)=O)cc3)ccc2C1,42,-7.738,23.0,4.0,3.1823930740356445,ok,0f5fc10ef5a40ec0,42,31f5a54ede146127ca48993373a5b0941a56558b7000e5e7cc0b3d8180dd699b
CC(C)NC(=O)N1CCCc2cnc(Nc3ccc(Cl)cc3)nc2C1,42,-6.538,25.0,3.0,15.057862043380737,ok,eac6a40305891df4,42,a8bef391b35b2a2860819a91a224db3016cacecd84dd2de02f04843f817181e5
CC(C)NC(=O)O[C@@H]1CCC(c2cc(NC(=O)Cc3ccccc3S(C)(=O)=O)[nH]n2)C1,42,-8.162,31.0,7.0,12.104266881942749,ok,251243f516d509e0,42,1d1ec1d5594fed1face7ae5722ff4091655fec5883abc55f81c13f371633dde1
CC(C)NC(=O)c1ccc(CN2CCN(C)CC2)cc1,42,-7.098,20.0,4.0,2.7328381538391113,ok,1cf1f0800051e808,42,fa76d8981d5df085ac2b5e629eba539a7f1267a2275e0de125bf047d1db6f85a
CC(C)NC(=O)c1ccc(O)c(-c2cc(N=C3CCCC3)nc(N)n2)c1,42,-7.385,26.0,6.0,9.334795713424683,ok,4be72c78e68febbc,42,fbab27622c8937e873704e14b6a58f785517ed7a1662fe3db92b5fa58b295fde
CC(C)NC(=O)c1ccc(OCc2cccc(F)c2)cc1,42,-7.81,21.0,5.0,3.9819157123565674,ok,c0f5ec52e9539965,42,f52468f3b1906ac4ecf2abc9f4266814a1d6ddf0418b9019a6cf580be3ee7991
CC(C)NC(=O)c1ccc(OCc2ccccc2)cc1,42,-7.595,20.0,5.0,3.4639711380004883,ok,2c185cca0d9090bf,42,19c935b880be605e6207561b699c8bd283a0801dc98bfb45cec1fba9a44957c4
CC(C)NCc1cccc(F)c1-c1ccc(C(=O)NC(C)C)nc1,42,-8.051,24.0,6.0,7.108886957168579,ok,400e6992f05ce4ef,42,c4dc64d5251e97b48f943c72f6e1055abd070b82ceb48c48e93b1bb70ee62acf
CC(C)Nc1ccc(-c2ccc(S(C)(=O)=O)cc2)cc1,42,-7.405,20.0,4.0,3.0777339935302734,ok,88124d6320c8e163,42,5a392952dd4e40b085c4362946522f05eb91b611b00ff5728511e5330f63906d
CC(C)Nc1ccc(-c2ccc(S(N)(=O)=O)cc2)nc1,42,-8.001,20.0,5.0,3.4918951988220215,ok,4d815cea4a951815,42,b93e1d708e49437cee8898d62f8d8a3a92214f30ba34ebdf1a48608c0321a068
CC(C)Nc1ccc(CCc2ccc(S(N)(=O)=O)cc2)cc1,42,-7.758,22.0,7.0,5.3831939697265625,ok,7997824b2b518e57,42,7c9be684311393ae9e24f604ca82b07e65acdf9789ba2b202d87203b0c42b3a7
CC(C)Nc1ccc(Oc2ccc(S(N)(=O)=O)cc2)cc1,42,-7.994,21.0,6.0,4.6032679080963135,ok,fdcd56e461c9b12e,42,31b310c03330cd72a489d11f8c132988429bcda752c50b6fecc7e677e7d3f21c
CC(C)Nc1ncc2c(n1)CN(C(=O)C(C)C)CCC2,42,-5.755,20.0,3.0,9.157543897628784,ok,1322d752c9e972d6,42,cf09a3f4b82c5a6606632bcfd09b045bf16fb0c894cd3b3091c130fa48d66606
CC(C)Nc1ncc2c(n1)CN(Cc1ccccc1)CCC2,42,-6.494,22.0,4.0,10.731045246124268,ok,4fd6290ed41013e6,42,e7ccf96dee4eeb8d6a1637e434da95ae29326deb5b6a910d1d4a1b83e8d54e67
CC(C)Nc1nccc(-c2ccc(S(N)(=O)=O)cc2)n1,42,-7.718,20.0,5.0,3.5121352672576904,ok,7b026b57c760ec5f,42,9a7085607388b472206086b98cd3bbd04e0fe4d6264d1a4f73785aa44f5f318c
CC(C)OC(=O)N1CCn2cc(C3=C(c4cnc5ccccn45)C(=O)NC3=O)c3cccc(c32)C1,42,-6.387,35.0,3.0,29.732096910476685,ok,22661d3a395cf637,42,b55350ff09fc29506ff936f8f49b692cd6f5f7abbe9b59f667a76589adcedfae
CC(C)OC(=O)c1ccc(-c2ccc(S(N)(=O)=O)cc2)cc1,42,-8.155,22.0,5.0,3.9078469276428223,ok,2f7cc6ce13e9e970,42,3f22b4d4414997a42e395c65b7048edaf3075cc66ab3aa9b4f7bebfbc2557f75
CC(C)OCC(=O)c1ccc(CC(=O)Nc2[nH]nc3ccc(N4CCCS4(=O)=O)cc23)cc1,42,-8.965,33.0,8.0,14.324453353881836,ok,ecc5111b2f7b65d6,42,2f2a338b3444d035a6b1c22529918ce2d2605791427e5ae43b9101fb104fd8f3
CC(C)OCc1ccc(Cc2ccc(S(N)(=O)=O)cc2)cc1,42,-8.243,22.0,7.0,4.506982088088989,ok,ba5d8738cffb2c28,42,476fb287782cbd40663ac087842b4b6fa5abd58a51dbdbf38231f9f57818c36d
CC(C)OCc1nnc2sc(Cc3[nH]nc4[nH]c(=S)[nH]c(=S)c34)nn12,42,-6.724,25.0,5.0,6.20464015007019,ok,097aa641b1a97b02,42,e270a903bbed8b30957dab45e98855e81d9d38e3a9a88b642f61232cd5d09d42
CC(C)Oc1ccc(-c2ccc(S(N)(=O)=O)cc2)cc1,42,-7.635,20.0,5.0,2.7051877975463867,ok,b4933a10b6277702,42,baa350adcc73d3c2756d8ce7a7861be95c7c039c76af4a20a7560631e4052361
CC(C)Oc1ccc(-c2ccc(S(N)(=O)=O)cc2)cc1Br,42,-8.089,21.0,5.0,3.4149608612060547,ok,26e3395b6c48abd7,42,1b6cad1ae909bf9175ef90f35e57f15a3edefb9e80bad2dc3915d6cad4ab746c
CC(C)Oc1ccc(CCc2ccc(S(N)(=O)=O)cc2)cc1,42,-7.756,22.0,7.0,3.9586398601531982,ok,96f4bfa4c6c952b8,42,8d01e9babf14dd02c2168a03eb727758b235a7b29f925de7913b3db549061afa
CC(C)Oc1cccc2[nH]c(O)c(N=Nc3ccc(S(N)(=O)=O)cc3)c12,42,-7.934,26.0,7.0,6.824125289916992,ok,bb15f3bf114df5fd,42,9d2eb0de94976e74fca1df0fc06a847283502bc60c3ef9976df80cfa30381e8e
CC(C)Oc1nc(Nc2ccc(S(=O)(=O)O[C@@H]([C@H](C)[C@@H](C)O)[C@@H](C)O)cc2)ncc1C(F)(F)F,42,-8.112,34.0,12.0,19.682896852493286,ok,49e21452028cd8e9,42,22a71e28cb177262a6140ca3aeeef2447d61d34bbe443fb1258f390409a67b18
CC(C)S(=N)(=O)[C@@H](C)OS(=N)(=O)c1ccc(Nc2ncc(C(F)(F)F)c(O[C@H](C)[C@@H](C)O)n2)cc1,42,-8.581,35.0,11.0,20.340824127197266,ok,118810c7cc8b92b2,42,61afde812ce1a4e28a8e14aaccb06ac670fea6739e7413d71b96646409970dda
CC(C)S(=O)(=O)Cc1ccc(-c2ccc(S(N)(=O)=O)cc2)cc1,42,-7.367,23.0,6.0,4.78528618812561,ok,5b85f4fa382140ce,42,0f23e9ba91960d0ec66e4f6360ea42d1813991cdb065be288782ec8923f53818
CC(C)S(=O)(=O)c1ccc(-c2ccc(Nc3ncc(C(F)(F)F)c(O[C@H](C)[C@@H](C)O)n3)cc2)cc1,42,-8.137,35.0,9.0,13.916625022888184,ok,57bd73a609db81e2,42,b48c0010f3c5c9751b97b3898aa1562fa380bf5fec4bd974a2910afe6197d22e
CC(C)S(=O)(=O)c1ccc(-c2cccc(S(N)(=O)=O)c2)cc1,42,-7.354,22.0,5.0,3.6787850856781006,ok,a50e67aba5c34bbf,42,d68caf1934ac7c0f224a5f376709bce4b705cde604c8410be9f8ddf59b57a97d
CC(C)S(=O)(=O)c1ccc(Nc2ccc(S(N)(=O)=O)cc2)cc1,42,-7.851,23.0,6.0,4.7612059116363525,ok,c37d3550e97e5216,42,c0c178230d89c0c50af514a5a9511d1f9cdaf114bef97001391d1307d5a2b589
CC(C)S(=O)(=O)c1ccc(Nc2ncc(C(F)(F)F)c(O[C@H](C)[C@@H](C)O)n2)cc1,42,-8.097,29.0,8.0,10.662077903747559,ok,090d9bb52b2d782a,42,85a551ce53a1a55385d06dbde4ab3c167096ec0e95fb0f692d68851672e98fc8
CC(C)S(=O)(=O)c1ccc(Oc2ccc(S(N)(=O)=O)cc2)cc1,42,-7.652,23.0,6.0,4.151385068893433,ok,87f211786ddcbb77,42,eb6523752c33191b78cf1b8a6c394352186ef555c9621c02f0463f6915383a51
CC(C)[C@@H](C)Nc1ncc(F)c(-c2cccc3c2OCCC3)n1,42,-8.281,23.0,4.0,4.628525972366333,ok,d06e82eb308aa87b,42,1b9f71a5a632012c9f7ac2238b4fa0eb4756502acfb57a2625f5f4a0e8baac66
CC(C)[C@@H](C)[C@@H](C)Oc1nc(Nc2ccc(S(=N)(=O)[C@H](C)[C@@H](C)O)cc2)ncc1C(F)(F)F,42,-8.205,33.0,10.0,17.89939594268799,ok,5d1a19527ac5546e,42,63e8805ecec7773fa5acadd089625864a54b1948e6a730a6f44d79e761b60a0a
CC(C)[C@H](CO)Nc1nc(Nc2ccc(C(=O)O)c(Cl)c2)c2ncn(C(C)C)c2n1,42,-8.146,30.0,9.0,9.89950704574585,ok,eb4a6eeb4b50452c,42,00202f2c4921ef95855206d93a1182edbd08bfb57c748a7c64099a5d7c8d03d6
CC(C)c1c(O)[nH]c2ccc(C(=Nc3ccc(S(N)(=O)=O)cc3)Oc3cnco3)cc12,42,-8.011,31.0,7.0,13.309238910675049,ok,ae1f93bb30ae3a82,42,b8fa3748a70f7e60d30795186cda5ef43d0decff78faef5ea5669c7c7140c61a
CC(C)c1c2cc(-c3ccnc(N[C@H]4CC[C@H](NC5CCOCC5)CC4)n3)ccc2nn1C,42,-8.834,33.0,6.0,14.269912719726562,ok,10aeeed849aae222,42,52f375030970dc191948b081707516d988b525ebc1854596b33354476c6b7517
CC(C)c1c2cc(-c3ccnc(Nc4ccc5c(N6CCN(C)CC6)ncnc5c4)n3)ccc2nn1C,42,-9.51,37.0,5.0,12.732738733291626,ok,b3021671731b197a,42,89924fdde727c187534bb7ed025fe846d8df48c135a93bba47f354fc5e41f432
CC(C)c1c2cc(-c3nc(Nc4ccc(N5CCNCC5)cn4)ncc3F)ccc2nn1C,42,-9.196,33.0,5.0,8.179086923599243,ok,0b8d7952d9f81464,42,0cbb7a8663b356c25e4b9ade542d7ca465a75d8be636f38d0c7992134dc77cad
CC(C)c1cc(-c2ccc(CN3CCCNCC3)cc2)ccn1,42,-6.234,23.0,4.0,10.980181217193604,ok,6fe1f0e3733a02da,42,acd767744c2aec02eb9ce41e41d38e7e3e9113cdb8f16b21ba25302de22397f3
CC(C)c1cc(NC(=O)c2ccc(C(N)=O)cc2)ncn1,42,-7.734,21.0,4.0,3.0817532539367676,ok,a41a14650a4a9197,42,4ca1b622f13bc9c43b733fb65a93ef2a5e667e49bd9c9fb433cd09cb91446427
CC(C)c1ccc(-c2ccc(S(N)(=O)=O)cc2)cc1Br,42,-8.162,20.0,4.0,2.7813518047332764,ok,29c25a5ebfecd327,42,e4e3acc00bd75858f54079091a0619b77f58231384dfbc680c7f553ecd3bf499
CC(C)c1ccc(-c2ccc(S(N)(=O)=O)cc2)cc1F,42,-7.981,20.0,4.0,2.332559108734131,ok,0f4c03ec035d5558,42,9b795300d2f04eedd144b6e60090dd2e87ab7ff7a4ffd4589ab9ca16128ca9d3
CC(C)c1ccc(C(=O)Cc2ccc(S(N)(=O)=O)cc2)cc1,42,-8.155,22.0,6.0,4.625132083892822,ok,7b7ce1e742897465,42,9cf4dd547f14ba087d45416da0911282676c2e1b271eb54f07c2c021f8d78e26
CC(C)c1ccc(C(=O)N2CCCN(c3ccc(C(=O)O)cc3)CC2)cc1,42,-6.825,27.0,4.0,17.596360206604004,ok,2c113664a4689eea,42,6d811e886cb6da70d0d68d5d5f91edeb0f9d6a3aa445801c7ac4b666689dc504
CC(C)c1ccc(C(=O)Nc2ccc(N(C)C)cc2)cc1,42,-7.9,21.0,4.0,2.447354793548584,ok,614a4f4cfea3726d,42,38e74936837b4ae97988e2ff5cd764f30567565fca1820c1ea786c5e31caae32
CC(C)c1ccc(C(=O)Nc2ccc(S(N)(=O)=O)cc2)cc1,42,-7.989,22.0,5.0,3.8856520652770996,ok,0b78d0db69113845,42,c52fea7c89dfbd20674355421af3aebe83ee56498b52de2497c1d04d0d112bb0
CC(C)c1ccc(C(=O)c2ccc(S(N)(=O)=O)cc2)cc1,42,-8.735,21.0,5.0,4.8360419273376465,ok,d746f69a803d58fc,42,c4723296671e4c2f8e87f921a69d9ed091c2b834b1ccfeb3f8fab0036231a3ef
CC(C)c1ccc(C(C)c2ccc(S(N)(=O)=O)cc2)cc1,42,-8.561,21.0,5.0,4.083477973937988,ok,5ce8269c94f8b372,42,ea3267a6dcefc7f52469bc19837cebed8137453cc3f3c924974aaef44539ea72
CC(C)c1ccc(CC(=O)NC(=O)Cc2cccc(Cl)c2)cc1,42,-8.266,23.0,5.0,4.379852771759033,ok,b4ed431f1a181150,42,7eac172ebceba229efb3ecdef5149c87470d9a3b37cc4e8c48eefc9ca86f4174
CC(C)c1ccc(CC(=O)c2ccc(S(N)(=O)=O)cc2)cc1,42,-8.137,22.0,6.0,3.9820940494537354,ok,500161d4a8c46de2,42,4384a01859bec53b4fa16c1f98fcd2398bf416770aeac949943def824cc97f4a
CC(C)c1ccc(CCCc2ccc(CC(=O)Nc3[nH]nc4ccc(N5CCCS5(=O)=O)cc34)cc2)cc1,42,-9.482,38.0,9.0,29.15116786956787,ok,1605b61216908c4c,42,778f8887950f934a50baadc2e3cd8215ae59dbbc66956e8c2c03c4e3386ba362
CC(C)c1ccc(Cc2ccc(S(N)(=O)=O)cc2)cc1F,42,-8.362,21.0,5.0,4.319378852844238,ok,afdea4a878365a03,42,eeadca5c05f6bb952603438fa878cd41beae1d8cb9c9bf890481fb2711558778
CC(C)c1ccc(NC(=O)c2ccc(CC(=O)N(C)C)cc2)cc1,42,-8.042,24.0,5.0,3.957533836364746,ok,b2f41ac574495a25,42,3ac51f9c3fdbe006e0541181a7e99d004fb9c207a528b74f25a00370c194b667
CC(C)c1ccc(NC(=O)c2ccc(S(N)(=O)=O)cc2)cc1,42,-7.781,22.0,5.0,3.9054031372070312,ok,aad97745a8dc2339,42,c72aaa23b39fc87ef681accb6b70f28e1fa7dd72639f1d9a42668d0703a4d666
CC(C)c1ccc(NC(=O)c2ccccc2N2CCOCC2)cc1,42,-7.828,24.0,4.0,7.502915859222412,ok,b78ae93a60bb24a6,42,9b624baea3237e9543d8e43ccacf6f81c2617877e0de67a91e5f11fe0794870e
CC(C)c1ccc(Nc2ccc(N3C=CN=CC3)cc2)cc1,42,-7.86,22.0,4.0,3.794365882873535,ok,a0663e8df008c7e3,42,5fbb315255f833d737dffb635451e90f154c42d648d0dd65572f2579a4eaa523
CC(C)c1ccc(Nc2ccc(S(N)(=O)=O)cc2)cc1F,42,-8.119,21.0,5.0,3.532102108001709,ok,3fcc352508bf10e5,42,d7a96311638803dcf2f639ea2651c6d3cf4a769fe0d5e107cba288e5e14dd63c
CC(C)c1ccc(Nc2cccc(S(N)(=O)=O)c2)cc1,42,-7.999,20.0,5.0,4.172882795333862,ok,48ddee8e8dd7edd8,42,81792c48579cfb53d444ad12b31e414c4120f4be2145d4cba9f5a5144846c29f
CC(C)c1ccc(Nc2ncc3c(n2)-c2c(c(C(N)=O)nn2C)CC3)cc1,42,-9.077,27.0,4.0,4.728121042251587,ok,06f3f94b8c338748,42,6dac9bd5cb3358f0ae56e79396e7b61ae4f262bae84f1a77ca17db04c1954094
CC(C)c1ccc(Nc2ncc3c(n2)CN(C2CCC2)CC3)cc1,42,-8.304,24.0,4.0,4.010459899902344,ok,a33224f4ef8e6319,42,cf907412328fc0798e9ef052b0b4cae1037e30f8c9d1d10e2aee677960721cca
CC(C)c1ccc(Oc2cc(N3CCC(O)CC3)ccc2O)cc1,42,-8.496,24.0,6.0,5.786701917648315,ok,c41bb625a84cbe20,42,0ea46b4102242e0ba4cb92f0acc109c4afc764cfe63ce9b0bfd8c0e3b492d7ce
CC(C)c1ccc(Oc2ccc(S(N)(=O)=O)cc2)cc1,42,-8.09,20.0,5.0,3.582648992538452,ok,80466364f2b16dd4,42,259efe3bf8ac0d56235b1acbb7968d8ad1cd0ddc75942c9d6ecfd8812f8da715
CC(C)c1ccc(Oc2ccc(S(N)(=O)=O)cc2)cc1F,42,-8.216,21.0,5.0,3.8358027935028076,ok,5a40879ca2efae1c,42,0452524502dd6977cb0d23f0c065f3835d750f12eb3e93348e2249d7a54e18d8
CC(C)c1ccc2c(n1)CCN(c1ccc(S(N)(=O)=O)cc1)C2,42,-7.456,23.0,4.0,3.6736350059509277,ok,7f186c06b3760050,42,f4f1d69df6fbfe9be9d0b732fab919cad4c5117dcfb1dcc3f810b34ec388bb9a
CC(C)c1cccc(Cc2ccc(S(N)(=O)=O)cn2)c1,42,-8.164,20.0,5.0,3.686145067214966,ok,56fdae4e06d59849,42,444d814c62cb0cb49bb6a798a545581d216e8f602b61eebbffb679cd2fb6d1a6
CC(C)c1cccc(NCc2ccc(S(N)(=O)=O)cc2)c1,42,-8.29,21.0,6.0,4.072642087936401,ok,dbf7e1934bad0477,42,2d410beda409fb68d8678f5c88279cd5b32144570a1f2e07a453081d120fe180
CC(C)c1cccc(Nc2ccc(S(N)(=O)=O)cc2)c1,42,-8.301,20.0,5.0,3.6300480365753174,ok,22bda7d8acf4b720,42,4297dc4f034f8e8aef3748481ee6c1ddf20c6a6d520450adbd9fe8c48535a8d1
CC(C)c1cccc2[nH]c(O)c(N=Nc3ccc(S(N)(=O)=O)cc3)c12,42,-5.283,25.0,6.0,6.783627986907959,ok,b03f9c2ed8d87df9,42,9be063a14df52319b95adfcac285282d2323e5e2ca6afc70b74d710ea5e8ed3f
CC(C)c1cnc(Nc2ccc(S(N)(=O)=O)cc2)nc1C(C)C,42,-7.751,23.0,6.0,5.106806755065918,ok,1d9645a9e49a3463,42,fb93f5fed143b89062d533936c9183fd40dc7c5d4fffa3da8921a6001aa1d079
CC(C)c1cnn2c(NCc3ccc(N)cc3)nc(OC3CCN(C)CC3)nc12,42,-9.409,29.0,5.0,8.75708293914795,ok,7e5185364face0b1,42,a81109e35afcd0c2016b4a2fa3d484c7a6ead3ce0cd02566b9316de57dc8ae9c
CC(C)c1cnn2c(NCc3ccccc3)cc(N[C@@H](CO)[C@@H](O)CO)nc12,42,-7.93,28.0,11.0,13.609508752822876,ok,e2f72afffe3e58a2,42,fe6978667ef480eb287de76137f28054468c2c37e182d2c48d57d12e55ba781c
CC(C)c1cnn2c(NCc3ccccc3)cc(N[C@@H](CO)[C@H](O)CO)nc12,42,-7.819,28.0,11.0,12.089948892593384,ok,faef63628b94009c,42,e23d966afd01b80f9cdb38fe84f99a65143714cc6a7ab43b7624c0d251a574a4
CC(C)c1cnn2c(NCc3ccccc3-n3cccn3)nc(OC3CCCNC3)nc12,42,-7.552,32.0,5.0,11.085525035858154,ok,618723f89d94e93e,42,466e7c2965dc71edc36febd0bf360e925a58cd2225f695bd01aaa699b5cfd399
CC(C)c1cnn2c(NCc3ccccc3N(C)C)nc(OC3CCN(C)CC3)nc12,42,-8.083,31.0,5.0,12.193722009658813,ok,c80c8bc7af596036,42,68990d6d1956489f5545b10ae54d8fa345330bbf954e077fdcda366597871d94
CC(C)c1cnn2c(Nc3ccc(S(=O)(=O)N(C)C)cc3)cc(OCN3CCN(C)CC3)nc12,42,-8.729,34.0,7.0,12.219714879989624,ok,a4eee4437727445e,42,0cc90980256ca318e889572db5e1e6c1cb56e44b75576e92942c605fefb1f50b
CC(C)c1cnn2c(Nc3cccnc3)nc(NC3CCNCC3)nc12,42,-9.213,26.0,3.0,4.191841125488281,ok,2a419cb4b0059d05,42,8aa79befe3225fbd9950409cf2dbe8ff654af0908a16a3379d3dcbdb3cdf788f
CC(C)c1coc(CSNc2ccc(C(=O)N3CCCN(C)CC3)cc2)n1,42,-5.843,27.0,6.0,20.56815195083618,ok,66f09d9ae171b4dc,42,ae88d7e823a58b46787a61903eda8709b60470ffbbd91e99f4f5bc58c79d52b5
CC(C)c1nc(-c2ccc(S(N)(=O)=O)cc2)ncc1C(F)(F)F,42,-8.046,23.0,4.0,3.321150779724121,ok,b43e4eb58c197846,42,91ed24014515bfb24b2cd797b338e12366e2a14993631297918627ae7713f6ab
CC(C)c1nc(CNc2ncc(F)c(-c3cccc4c3OCCC4)n2)ncc1F,42,-9.446,29.0,5.0,7.604557037353516,ok,c0c9c04af3d0236e,42,986ec715eaaae2cd9b069637e2e671ac931bef70888b549a7c9fb6eb6d0fcebf
CC(C)c1nc(Nc2ccc3c(n2)CCN(C(=O)C2(O)CC(O)C2)C3)ncc1F,42,-8.77,29.0,6.0,6.981847047805786,ok,a0270a46d16a2cce,42,553f36e47cf10a9c0539e46eef97d9ada1d153b33fbc8888aea054419d0f41ca
CC(C)c1nc(Oc2ccc(S(N)(=O)=O)cc2)ncc1F,42,-7.703,21.0,5.0,4.030151844024658,ok,679414c47e97c057,42,3b6da54decf29ee809c4cf865299ee83bf00c0e6d65f93a43de137050f90c499
CC(C)n1cc(-c2ccnc3[nH]c(C4CCN(CC(=O)N5CCCCC5)CC4)cc23)ccc1=O,42,-8.723,34.0,5.0,11.782516956329346,ok,25a4b8584cc9280d,42,f02377b5dbfac054949d452ca117b0e24fa7945e8fb26b8a62abf1be58746699
CC(C)n1cnc2c(-c3ccc(NC(=O)C4(F)CC4)cc3)nc(NCCO)nc21,42,-7.706,29.0,8.0,9.126959085464478,ok,2c6589807a2959a4,42,e5a2f59cd7a7363b127ec821c8097842a89ec2dd85861b68e660f281816885a4
CC(C)n1cnc2c(NCC3CCCC3)nc(NCC(O)C(F)(F)F)nc21,42,-8.444,27.0,8.0,9.98671293258667,ok,2fcbc77eb4628358,42,704ddd5938a9133617386b394c201ab7e5f5da8c3447b61716a4e77278783758
CC(C)n1cnc2c(NCc3ccccc3O)nc(CC(C)(O)O)nc21,42,-8.341,26.0,9.0,8.010591983795166,ok,7a26deff8cc12318,42,7ad776cfe7057f4bfa17538de22dfb6fd0d72ca36e751059e77ae82ab5b91c9e
CC(C)n1cnc2c(N[C@H]3CC[C@H](N)CC3)nc(NCC(O)C(F)(F)F)nc21,42,-8.284,28.0,8.0,9.533057928085327,ok,a0e96216e25533de,42,b32b96e6910130bcb4dcaad8380cb9906dfa561743d88f9a2afb3e1ae11a980c
CC(C)n1cnnc1-c1cccc(NC(=O)ON2CCCCC2)n1,42,-8.575,24.0,4.0,4.850908041000366,ok,f9ac3746b658f25c,42,e2ca05a3406e467b391f3b7a9b7d5c84029d192568e7c4088235b112fb9fa899
CC(C)n1nnc2ccc(-c3ccnc(Nc4cc(C(=O)N5CCCC5)ccn4)c3)cc21,42,-9.756,32.0,5.0,9.822388172149658,ok,129855ce19b59b77,42,cdb7e79d23ae13dce9aaf4c2218b35c30275f30be891d78818f59c5d1ca785bd
CC(C1CC1)n1cnc2c(NCc3cccc(C(F)(F)F)c3)nc(NCC(N)=O)nc21,42,-8.55,31.0,8.0,13.45647120475769,ok,09ea8e4c8e1b7bec,42,322b7e5f3c7d97a2d27a1f1a1e969f867cfb8732c988d43cf30be8d828eed1c5
CC(C1CC1)n1cnc2c(NCc3cccc(C(F)(F)F)c3)nc(NCCC#N)nc21,42,-8.308,31.0,8.0,11.656604051589966,ok,4504743c96da4d4a,42,78469d9c177c853bec4a97d9942b33ff1b72c6f5ca9d10297b5c4dcb44aa9216
CC(C=CCc1ccc[nH]1)=Nc1c(O)[nH]c2ccc(-c3ccc[nH]3)c(C=Nc3ccc(S(N)(=O)=O)cc3)c12,42,-6.323,38.0,10.0,26.401813983917236,ok,5c37897704667a04,42,54e9223f1e93c917092457b76ad422e9feea5ea3129a5a3dd0e4c0fbd41f34ae
CC(CCN(C)C)c1c(O)cc(O)c2c1OC(=CC(=O)Nc1ccccc1)C2=O,42,-7.873,29.0,8.0,8.861639261245728,ok,7d482933029d5ec9,42,1f12c76592afa76da83acb3293114cca3f0f7cef0f4a4e9d165d9bce0d485488
CC(CCO)C(=O)NCCc1nn2c(COc3ccc(Cl)cc3)nnc2s1,42,-7.159,27.0,10.0,12.711364030838013,ok,d474b0473876a04a,42,b15fe66f3309acef28386fedb06db61b8f2a68bdeee9d68f59256a372d8c0e20
CC(CN(C)C)N1CCc2nc(Nc3ncc(F)c(NC(=O)C4CC4)n3)ccc2C1,42,-8.272,30.0,7.0,8.262055158615112,ok,1a1bfcf36e1439ec,42,377e9995085daa60fd0f3891e1b2b4228321759517b1d0b342056c21c4c27ae2
CC(CN(C)C)N1CCc2nc(Nc3ncc(F)c(N[C@H]4CC[C@H](N)CC4)n3)ccc2C1,42,-8.144,32.0,8.0,12.579755067825317,ok,143777fab2539bc3,42,e222f91707bee725be850ad60de100881c9bee53cb11fc0fcc3a88990c0be628
CC(CNc1ccc(C(=O)C(C)C)cc1)=Nc1ccc(Nc2ncc(F)c(-c3cnc(C)n3C(C)C)n2)cc1,42,-9.255,39.0,10.0,23.317357063293457,ok,3da761bc4ce5a909,42,e1fd8d47b5e149bf69c2dc5cdd67eb15e51766d28c27c3c60bafe5f88c109036
CC(CO)Sc1nc(Nc2ccc(S(C)(=N)=O)cc2)ncc1Br,42,-7.315,23.0,7.0,6.2288970947265625,ok,0db106d8922a21e1,42,e7fab7dcf0d25052df8b86665abb14db4dbcb613f2c1b4a2fdbe4d7f4121e9d4
CC(C[SH](N)(=O)CC(N)=O)=NC(=N)c1ccc(Nc2nccc(-c3cnc(C)n3C(C)C)n2)cc1,42,-8.916,35.0,10.0,17.80180311203003,ok,de2a7bc39dd46ea2,42,d6f86deb2b783702fa7c7cde0f7210d4988d386a2d7ad1cefd59aafd6a1f0bf6
CC(Cc1ccc(Nc2ncc3cc4n(c3n2)C2(CCCC2)CNC4=O)nc1)N(C)C,42,-7.753,31.0,5.0,8.183824300765991,ok,c4b55f054f6074cd,42,3eb9a3e1626c43285d7a0ac98945d3b0a3c9acd198f210bff0a97ccbaf08d6a2
CC(N=Nc1ccc(N=NN=Nc2ccc(S(N)(=O)=O)cc2)cc1)=Nc1c(=O)[nH]c2ccc3[nH]cccc3c12,42,-8.097,39.0,7.0,27.611039876937866,ok,93d49bafd823a5b2,42,d704e4bd4567bae7b5e455931bde1e8c3419f44d23fdb5ca0d345181b34be1e4
CC(NC(=O)C(C)c1ccc(N2CCCC2)cc1)Nc1ccc(S(N)(=O)=O)cc1,42,-8.242,29.0,8.0,10.697624921798706,ok,76eec91853a5f168,42,bdb743422b65553c158f0fe27acdbc26b34140e5ed66f289d4022b2632849b1d
CC(Nc1c(O)[nH]c2ccc(O)c(C=Nc3ccc(S(N)(=O)=O)cc3)c12)c1ccc[nH]1,42,-7.881,31.0,9.0,11.507524728775024,ok,6c9d09b6c7c263dd,42,6003d1258781462bb302103620ac15706250812143c79751946a3d471cfb39a9
CC(O)C(=O)N1CCCN(c2ccc(-c3ccc(C(=O)O)cc3)cc2)CC1,42,-5.974,27.0,5.0,17.805968046188354,ok,80f02100b91b5b55,42,28a551187c8879702ecdc9d8a05b3fc8ba362c58ff35b9c23e86f44f8463a298
CC(O)C(=O)N1CCN(c2c(N)nc3ccc(C(=O)c4c(F)cccc4F)cn23)CC1,42,-8.229,31.0,6.0,9.30327296257019,ok,6b85fa4a109b3dbc,42,165df0e75a073774d4bc316791e5f03c14040338df98bc40abbabea40f6a70f5
CC(O)C(=O)N1CCN(c2ccc(Nc3nccc(CCCN)n3)cc2)CC1,42,-7.352,28.0,9.0,8.350545883178711,ok,847ada7584bb3e22,42,1fce8753701dca6101d70a4cd91224e9e91c58dca388bc450931536c6c966c5c
CC(O)C(C)Sc1nc(Nc2ccc(S(C)(=N)=O)cc2)ncc1Br,42,-7.549,24.0,7.0,6.587174892425537,ok,4ef2b2d329dc9f8a,42,f8e39415d396d102c14c24343f1e3398930d255ad7596615c5de9d675aad5048
CC(O)CSc1nc(Nc2ccc(S(C)(=N)=O)cc2)ncc1Br,42,-7.301,23.0,7.0,5.981637239456177,ok,f7b0b48ba5708874,42,eb442ca88a8883b5e8b713a7e64f86c8544af81dd5801f7a32c68900ec32ca4c
CC(O)Nc1ccc(CCc2ccc3c(n2)CCN(C[C@H]2CNCCO2)C3)cc1,42,-8.92,29.0,8.0,10.26655101776123,ok,76f5f03f9039f25d,42,9c3d1cb4dfda77a6fe2b5d4931cc13cd85d19e30c178a343ab0731d38e1a5764
CC(O[C@H](C)[C@@H](C)O)S(=N)(=O)c1ccc(Nc2ncc(C(F)(F)F)c(O[C@H](C)[C@@H](C)O)n2)cc1,42,-8.222,34.0,12.0,18.55176091194153,ok,62f135e6b675710e,42,8ba9ebc32a67135a8195148b02e35b433c655e81df0d9147d124c834c702b7f1
CC(Oc1nc(Nc2ccc(S(=O)(=O)C(O)[C@@H](C)O)cc2)ncc1C(F)(F)F)[C@@H](C)O,42,-8.103,31.0,11.0,12.972350835800171,ok,4a5204a37bc7440b,42,f527517b4676dd86ab19aa2a40ed0541f06e6151fdcc94129d2e78b2e1725d9f
CC(Oc1nc(Nc2ccc(S(C)(=N)=O)cc2)ncc1C(F)(F)F)[C@@H](C)O,42,-8.334,27.0,7.0,7.0810370445251465,ok,676c5009336c7547,42,7f5832a37ed27a74bfa8717fc96b4473216caface014047d29b4bc8f1eb6fbdd
CC(c1ccc(C(C)(C)C)cc1)c1ccc(S(N)(=O)=O)cc1,42,-8.524,22.0,4.0,4.372288942337036,ok,8671075b95e42c7e,42,fb35da22d4a1347ebc7905e9346d2d95be1bdc179d7e76f764239931e966eabf
CC(c1ccc(CC(F)F)cc1)c1ccc(S(N)(=O)=O)cc1,42,-8.682,22.0,6.0,4.042759895324707,ok,7862720e69ebe47a,42,b15a33c7a138f19fcff90b47188eb9eece123f4b4fd42c8a49a29e559971f836
CC(c1ccc(OC(C)(C)C)cc1)c1ccc(S(N)(=O)=O)cc1,42,-8.177,23.0,5.0,4.689083099365234,ok,0858b2813ae52054,42,76ce8a303b74f069fc8b48de612e09ca8aa383489229d483614bd3a218ff2403
CC(c1ccc(S(C)(=O)=O)cc1)c1ccc(S(N)(=O)=O)cc1,42,-8.472,22.0,5.0,4.608430624008179,ok,90ad5f34b7e785d3,42,d061549e6ef40da8a1b1be01580eddd200239682415d5f5ffeba275c1373283b
CC(c1ccc(S(N)(=O)=O)cc1)c1ccc(S(N)(=O)=O)cc1,42,-8.704,22.0,6.0,4.886823892593384,ok,e64929dd46119b9d,42,2210c7ead0c8f28ddaeb95fd1823df7651d1bc4fde65933d32307b4895af1ee5
CC1(C)CN(c2ccc(Nc3cc(-c4c[nH]c5cnccc45)ncn3)nc2)CCN1C1CC1,42,-9.101,33.0,5.0,8.2287757396698,ok,f286a70f412dfa58,42,921cb6c58b1c4396e5e9031abb9950e8ab3690b028a070108a9a1d5762d00cd4
CC1CCN(C(=O)N2CCC(Nc3nccc(-c4c[nH]c5ccccc45)n3)CC2)CC1,42,-9.81,31.0,3.0,6.636209964752197,ok,0cc67121469c03ab,42,0be00ea2d0db9685c2d5c5dab33757f4cc01c7f5bb7956248e16fda2417fc284
CC1CCN(C(=O)Nc2ccc3c(c2)c(C(=O)O)cn3C)CC1,42,-8.255,23.0,2.0,2.7958908081054688,ok,0ce11cccab35b80b,42,feb112904f15b61fbd7dd5a1f8f2616a78d856683f057a9347fd60e55ed824de
CC1CCN(C(=O)c2cn(C)c3ccc(C(=O)O)cc23)CC1,42,-8.265,22.0,2.0,2.8410470485687256,ok,f47723640d347e36,42,afa8db43e055d396beb690ca0f9cd666a62b6d28c8e536e3e70c0d024fddf445
CC1CCN(NC(=O)N2CCC(Nc3ncc(Cl)c(N4CCCNCC4)n3)CC2)CC1,42,-5.936,31.0,4.0,19.043951272964478,ok,da9a2bf4a3c66c05,42,a28107b0f4a7e055b3f76980d713c51d08501f4e1d40d8191c7899fab46d6728
CC1CCN(NCc2cn(C)c3ccc(C4CC4)cc23)CC1,42,-8.742,22.0,4.0,4.182392120361328,ok,75d555f3f569ea58,42,7403e9732c7c6171d71eb99a666ac24b1932746c9a094b72003fe4ca125dc9e2
CC1CCN(c2ccc(N3CCCNCC3)cc2Cl)CC1,42,-4.968,21.0,2.0,7.053436994552612,ok,2a33542aab0b75d7,42,05deeee104df2ab77fc11f0f678684903c8aed4a88d40c8f68965108494609fb
CC1CCN(c2ccc3c(c2)c(C(=O)O)cn3C)CC1,42,-7.95,20.0,2.0,2.1852450370788574,ok,e747bfed5493f6c7,42,cb569a82532bff39136241a4edbe73df14a7212c01af435cf75f5339650ca97f
CC1CCN(c2cn(C)c3ccc(C(=O)O)cc23)CC1,42,-7.505,20.0,2.0,2.4055559635162354,ok,fef6d3ef7989c506,42,0bd9508bf2fd33f21aa9ca9d41adf788e066ba74d22544414126d69d48a7c831
CC1CCN(c2cn(C)c3ccc(C4CNC4)cc23)CC1,42,-8.01,21.0,2.0,2.6452322006225586,ok,81a698022b70217e,42,7fc640dc17a9e16501b9ba5967fab8633cc43781d2212d5af9dd71c755e809ae
CC1CN(c2ccc(NCc3ccccc3S(C)(=O)=O)nc2)CCN1CC(C)(C)O,42,-8.306,30.0,8.0,15.972771167755127,ok,1ef60eac4ae389ae,42,8ab5c107882840a27bae3dbdf2718eeaa5e3ffc82caf6b441bbb15d01e11ec0f
CC1CN(c2ccc(Nc3ncc4cc5n(c4n3)C3(CCCC3)CNC5=O)nc2)CCN1CC1CC1,42,-8.43,36.0,5.0,10.360987901687622,ok,90a33b13d3e8b720,42,f0651ebfe0b02e357fde321bd857c47bc9fed4a98527c2acb6b856725eb8fbcf
CC1CN(c2ccncc2NC(=O)c2ccnn3cc(-c4ccccc4)nc23)CCO1,42,-8.897,31.0,4.0,8.650568008422852,ok,e645087918dcd883,42,ac9c170ae5f0c3572255c161c252e869e07e70d80fc9dd8550e78d8a167a1adb
CC1NCC(C(=O)N2Cc3c(NC(=O)C(C)(C)C)n[nH]c3C2(C)C)C[C@H]1C,42,-8.053,27.0,2.0,5.770096302032471,ok,08464731e7d2e395,42,9cc2cbe0d817aa4cf75e0a435d8cf4117c9312d5d4772d437e47c779ccf8a8e4
CC=C(C)C(CSC(=O)C(=O)c1ccc(Nc2ncc(F)c(-c3cnc(C)n3C(C)C)n2)cc1)NC,42,-8.814,36.0,10.0,18.276916980743408,ok,1a993857ecfaa23c,42,1d8953ae40a9c19c728bcd2d5019c228804efea7fdd3bf218897abdb75872a5a
CC=C(CC=CCC(N)=O)c1ccc(-c2ccc(Nc3nccc(-c4cnc(C)n4C(C)C)n3)cc2)cc1,42,-8.509,38.0,10.0,16.318997859954834,ok,d1c09fa4893ea752,42,97f4c803ba0e7176a07eecb056ac7696e610cb31c00a77e4ae2458d97c4be402
CC=C(CCC(N)=O)c1ccc(Nc2nccc(-c3cnc(C)n3C(C)C)n2)cc1,42,-8.818,30.0,8.0,8.031751871109009,ok,68860522be099e6e,42,04b733962e55863c15fc64ae5225434b52cb52931226af2c95ccd0914c97f590
CC=Cc1ncc(F)c(-c2ccc(S(N)(=O)=O)cc2)n1,42,-8.001,20.0,4.0,2.9716527462005615,ok,d4da37ce6fd98275,42,f4800d48eb8ee68702ab9c4021844239617a3d465f478fd13f624da54a977f85
CC=NC(=Nc1ccc(-c2ccc(S(N)(=O)=O)cc2)cc1)c1c(O)[nH]c2ccc(-c3cnco3)cc12,42,-8.107,36.0,7.0,12.133394956588745,ok,1fea6e9e1c29cd47,42,e6c77119b537880966c431861f80fda4f2ae06a16fcdb5ff7bde84456ff29fd7
CCC(=O)N(C)c1ccc(-c2ccc(S(N)(=O)=O)cc2)cc1,42,-7.672,22.0,5.0,3.7304580211639404,ok,ae359eaf35608ae5,42,fceab7f04e5b26e226518f26e99e231b0f4bf9dbe4b6efda2b49f96ffe2b6eb7
CCC(=O)N1CCc2cnc(NC(=O)c3ccc(Cl)cc3)nc2C1,42,-7.698,24.0,3.0,3.4566400051116943,ok,248c0e64172581ad,42,4c78b1b0878deba83f0b4965f0d2ab748f7ffd219fd90e7497c914b0b79a776b
CCC(=O)N1CCc2cnc(Nc3ccc(C)c(Cl)c3)nc2C1,42,-8.316,23.0,3.0,3.4894979000091553,ok,519857b77d3689fb,42,af6c5ac211571b9bb49c9364efa098066a19b90e7c58bf23e1d25acd19ad7173
CCC(=O)NC(=O)c1ccc(-c2ccc(OC)cc2)cc1,42,-7.855,21.0,4.0,2.980224132537842,ok,c4b5679ca2367c9d,42,02b2ad93dc4f96b4d126192fd3dfe7850b60c6a1cbc1ed80f7d11e5e047d8da7
CCC(=O)NC(=O)c1ccc(-c2ccccc2)c(F)c1,42,-7.71,20.0,3.0,2.314725875854492,ok,c6d69fedf1be3b6c,42,1a007293b22207c95c1cf660c94592e623895ef0640bcc53e56df4541685f99a
CCC(=O)Nc1c(C)c2cnc(Nc3ccc(N4CCNCC4)cc3)nc2n(C2CCCC2)c1=O,42,-7.967,35.0,6.0,11.293416976928711,ok,94ed38bed7679f40,42,d0af7104344b00f848b0d45446d1e972a29227546795ca0c9393174d53ff4cc6
CCC(=O)Nc1ccc(-c2ccc(N(C)C)cc2)cc1,42,-7.325,20.0,4.0,3.3479318618774414,ok,79f55c14062d269d,42,4393d32ab53eaf1186a1a798bd8bf234528b969b4e976a40e47f2b438eab7144
CCC(=O)Nc1ccc(-c2ccc(N3CCN(C)CC3)cc2)nc1,42,-7.256,24.0,4.0,4.123849868774414,ok,92fb60d31f9179e2,42,f42f73a5c12a5b24c1f626108d5f71b8beee871abf09026c01fa7c233ad0db9e
CCC(=O)Nc1ccc(-c2ccc(N3CCOCC3)cc2)cc1,42,-7.557,23.0,4.0,3.0365710258483887,ok,7f6db463b24b4d58,42,fb2c0aebb3d627c3588581a06b3b5733c64e54738e5e4a4cf0e262c53968c6c6
CCC(=O)Nc1ccc(-c2ccc(S(N)(=O)=O)cc2)cc1C,42,-7.978,22.0,5.0,3.145350217819214,ok,f2961d727e9580e4,42,4ef6680e02791fef19ee28011525cffbcf50864b6841215979b1585d3024c92c
CCC(=O)Nc1ccc(C(=O)c2ccccc2C)cc1Cl,42,-7.696,21.0,4.0,3.5997111797332764,ok,64af85505d5db88e,42,9a1b4d37e32c32205ba9507db378c4250ecd2cc2f87a565f5f7969346c735346
CCC(=O)Nc1ccc(C2=CCN(S(C)(=O)=O)CC2)cc1,42,-6.893,21.0,4.0,2.727678060531616,ok,fc65a026677d04d9,42,8702d7ce7cb674cec095f04e9ae3315e8681d9a4e581f03fa5a6391daa29c8a6
CCC(=O)Nc1ccc(CNc2nc(OC3CCN(C)CC3)nc3c(C(C)C)cnn23)cc1,42,-8.593,33.0,6.0,13.27483320236206,ok,1b35db0ce7ec3f5f,42,9a980e837aa6d505d3fa02a4d96f22fe4038f38ea0c2196734fb568eabff1f08
CCC(=O)Nc1ccc(NC(=O)c2ccccc2F)cc1,42,-7.324,21.0,4.0,2.6827471256256104,ok,55d3c48143981c2f,42,7fbefbcc7480ef5b35bc2aa4dd6b7520a6484f0a073517e73808fe12e89348e9
CCC(=O)Nc1ncc(F)c(-c2cnc(C)n2C(C)C)n1,42,-7.815,21.0,4.0,3.555184841156006,ok,f1ed1cb165ba64b1,42,c6352cfafe65b0caabc4741e8006956805f50e8ff28988b439437c7b855d16ab
CCC(=O)c1ccc(-c2ccc(S(N)(=O)=O)cc2)cc1,42,-7.939,20.0,5.0,2.627462148666382,ok,cfe97ad4668c74ec,42,98b94701a05b85dfca616fa27cd0eca0c406672f0b39da641b73e899459c9cfa
CCC(=O)c1ccc(Nc2nccc(C3CCN(C)CC3)n2)cc1,42,-8.451,24.0,5.0,6.378845930099487,ok,97e60383675702e0,42,945bb7eb98c6b5d33297fa3bf8462fe96e915e3e1687ce64307e53abdcbda38e
CCC(C)(C)Nc1ncc2c(n1)-c1c(c(C(N)=O)nn1C)CSC2,42,-7.325,24.0,4.0,5.105979919433594,ok,04b035ca021373e4,42,fa279963b2ab0cce5d9612fea85ae35f2d1e9924ac63374e6d9bcc79648f08e0
CCC(C)=NCC(=O)c1ccc(Nc2ncc(F)c(-c3cnc(C)n3C(C)C)n2)cc1,42,-8.84,31.0,8.0,11.020405054092407,ok,58c17115fe02dfb7,42,4031f0072fba487e3f63fcd431054b1f9934f968fc33efd9392d38e980cffef7
CCC(C)Cc1nc(-c2ccc(S(N)(=O)=O)cc2)ccc1C,42,-8.542,22.0,6.0,4.590471267700195,ok,7b587c9502a84c4c,42,840444d1e8ec2a73d23fb696c63e0b5ccf6a6258b1ef3b5c9068c0474a5be210
CCC(C)Nc1ccc(-c2ccc(S(N)(=O)=O)cc2)cc1,42,-7.468,21.0,6.0,3.90252685546875,ok,e8b8ee8b21b20fe7,42,4cb9b2e177b46cdf604049a4521fc7fd6f0fdbe5579fa14ca5d4a4cff5ed8c4a
CCC(C)Nc1ncc(F)c(-c2cnc(C)n2C(C)C)n1,42,-7.587,21.0,5.0,4.182773113250732,ok,45c085e985ea9c51,42,e1c00310db54e50cde35871c5ec2f171d752eae32660130f74c8198525d33f7c
CCC(C)c1ccc(-c2ccc(S(N)(=O)=O)cc2)cc1,42,-7.853,20.0,5.0,2.713442087173462,ok,f31286800c68a866,42,066895432b6e6bb281877b9fa70464347be4d5671fb751be35bfe96ba1180c1d
CCC(C)c1cccc(-c2ccc(S(N)(=O)=O)cc2)c1,42,-8.571,20.0,5.0,3.0782690048217773,ok,3e01843309e44714,42,9861b56afe92c0a35f1595bf4f295d3a278db0e88dedbef711ccbd3cc51b6ef0
CCC(C)n1c(CCN2CCCC2)cc2cnc(Nc3ccc(CN4CCNCC4)cn3)nc21,42,-7.843,34.0,9.0,15.096328973770142,ok,7a44538125e5b0e0,42,09e8b51fc016069b43080ca8e1c0ad889f178745c6e6284cafbb03d16f2de210
CCC(CC)n1c(C)nc2c(F)cc(-c3nc(Nc4ccc5c(n4)CCN(CCN(C)C)C5)ncc3F)cc21,42,-7.884,39.0,9.0,23.99522590637207,ok,fc306d3b3803bd87,42,7ad0da423c3bada2075dab2c6664190a5592d379aaaf92eb11f1e703ac37b71d
CCC(N=C(C)c1ccc2[nH]c(O)c(C=Nc3ccc(S(N)(=O)=O)cc3)c2c1)c1cnco1,42,-6.314,33.0,9.0,14.870723962783813,ok,9b9422c8f0cbb6cb,42,8b4e96a533a539879d49ff6b7e8396963b6ec4a8e693932745f54a4d72774a5e
CCC(Nc1nc(Nc2ccc[nH]2)c2ncn(C(C)C)c2n1)C(=O)C(C)(C)C,42,-8.101,28.0,7.0,9.41242003440857,ok,6cfc831e5e30814a,42,29d54ce95c8d36b48d71dd1737c52f71aaac44e13805b9a5d6d5b527c094a19a
CCC1(CC)CNC(=O)c2cc3cnc(Nc4cccc(N5CCCNCC5)c4)nc3n21,42,-6.55,32.0,5.0,21.1478910446167,ok,e3efbeecf4dfc707,42,cdde1aa685031d4e08e6717c74305fb69ff01169e30dadec3b07ad4a412f87d2
CCC=Nc1c(C#N)c2n(c1C(=O)Nc1ccccc1)CCC2,42,-7.513,23.0,4.0,3.8624660968780518,ok,a68a68432d3dddfb,42,a3adb1a0e0f7ab825de9a79f11af103ef110f1a42bcc40c37c8072a9cad0b707
CCCC(=O)CNc1ncc(F)c(-c2cnc(C)n2C(C)C)n1,42,-7.617,23.0,7.0,6.386500120162964,ok,dd7d6b5a02c51a26,42,24e980fc16f335cb3f34f7bcb16dc9a2ff341a5568cedee52917ab5d2447dba4
CCCC(=O)Nc1[nH]nc2cc(Cl)c(-c3ccccc3)cc12,42,-7.648,22.0,4.0,4.01242208480835,ok,8a6f19719aaf5f72,42,7af331ec75f0a87934a9001bc016669f88dc6091c98ad2bba559446e404803f9
CCCC(=O)Nc1nc(Nc2ccc(N3CCN(C(C)=O)CC3)cc2OC)ncc1Br,42,-7.571,31.0,7.0,9.719449043273926,ok,30b8f99e235943a4,42,eed9f947abfc44b616eb6f53755f910577146803479a0dc876309da3a2c80dc7
CCCC(=O)Nc1ncc(F)c(-c2cnc(C)n2C(C)C)n1,42,-7.799,22.0,5.0,4.073617935180664,ok,745fa405ff195692,42,d2d6a8bd1de2c5d8d8b87b91b94f10461ae2ec76c579bab7ac716abcf5d1fe2e
CCCC(=O)c1ccc(-c2ccc(S(N)(=O)=O)cc2)cc1,42,-7.93,21.0,6.0,3.259267807006836,ok,c3e0330e5ba6214a,42,4c093c1511d918c5196aa2ffe834e1684c865bcfa7fda38d8dacdc2d3305c706
CCCC(=O)c1ccc(Nc2ncc3cc4n(c3n2)C(C)(CCC)CNC4=O)nc1,42,-7.422,30.0,7.0,9.1753249168396,ok,d7a1a6c6f5f9fc5e,42,221cdb3c92fa38b7f76165906d11a462adb8632231df887b64761f947f535bc2
CCCC(C)COc1nc(NC2CCN(C)C[C@@H]2O)nc2[nH]cnc12,42,-7.897,25.0,8.0,7.463178873062134,ok,06170261556d9344,42,478d2f6a8c2a3198e72f1ddc3d6dd719866884d6768eee20e096d81b114803ed
CCCC(C)c1cccc(-c2ccc(S(N)(=O)=O)cc2)c1,42,-8.95,21.0,6.0,3.978440999984741,ok,c9e8328debb03680,42,59770d45534ddad5cfe06e34bd075d3dbeebd6e6b6c403a01221839278da2590
CCCC(C)n1c(=O)c(C(C)=O)c(C)c2cnc(Nc3ccc(C(=O)O)cn3)nc21,42,-8.158,30.0,7.0,10.002824306488037,ok,9ec74a4a27ff866d,42,5fa4d61f511704e8e2473707a7a3cd032b749994d006824c54bb7a158446958c
CCCC(CCO)NCC[C@@H]1CCCCCN1c1cc(NCc2ccc[n+]([O-])c2)n2ncc(CC)c2n1,42,-5.504,37.0,13.0,58.85215616226196,ok,da470eab904a9e8a,42,2ba861dac46dd58105b59bf97041c6050a0ff351021cbdef55247e408b7e97ce
CCCC(CSCCO)NCC[C@@H]1CCCCN1c1cc(NCc2ccc[n+]([O-])c2)n2ncc(CC)c2n1,42,-7.185,38.0,15.0,38.11734199523926,ok,c87700006daabc80,42,ef6e6e8f8b691c09f31a401eed13a71cf07c121adea401fbd840c1231dbae2f9
CCCCC(=O)Nc1ncc(F)c(-c2cnc(C)n2C(C)C)n1,42,-8.01,23.0,6.0,5.0081610679626465,ok,7177a2440f3f5800,42,495845b7eab9676b6438da155bfc64d6d0246e974796ca6c9c1576181ef31f4a
CCCCC1(C)CNC(=O)c2cc3cnc(Nc4ccc(C(=O)NC)cc4)nc3n21,42,-8.266,30.0,6.0,8.188509941101074,ok,efccaa668543900c,42,553344888dddf36ae5059821b47250bd9861c74bed7cdc8003f3906acbc42845
CCCCC1(C)CNC(=O)c2cc3cnc(Nc4ccc(N5CCOCC5)cc4)nc3n21,42,-7.649,32.0,6.0,8.339756965637207,ok,7f09d5576bc781e0,42,a637ab00a244432ba19d47840bfc3b5e1dcdd6421553628af0e53901019b554d
CCCCCNc1cc(C)cc2c(=O)c(O)c(S(=N)(=O)C3CC3)oc12,42,-7.183,25.0,8.0,7.445617914199829,ok,6e2e4a3172a5b16f,42,c05ab26dc3dd314a4429a0d5850820245578aa4288e6344c239e09081f3cfc94
CCCCN1CCc2nc(-c3ccc(S(N)(=O)=O)cc3)ccc2C1,42,-7.448,24.0,6.0,4.994983911514282,ok,a0d133ca60cc39dd,42,ccd674d78b8a1c421f617ce3a57d9d1f0aa001cf2fbbd90572b2ffb417f7a4c5
CCCCOc1c(C(=O)c2c(F)cc(C)cc2F)ccc2[nH]ncc12,42,-8.039,25.0,6.0,5.528748989105225,ok,d815da4296d63a74,42,6ce5018942cf13b78dbc8ddbd05405785096759a5b34187a61ab58e0c8906142
CCCCc1c(C)c2cnc(Nc3ccc(N4CCNCC4)cn3)nc2n(C2CCCC2)c1=O,42,-8.817,34.0,7.0,11.27820086479187,ok,ce9272b7a8058abb,42,959e0459f6e0cfa450f8084e520effc8b6d91de3157c0f583c65e2fb306238e7
CCCCc1ccc(-c2ccc(S(N)(=O)=O)cc2)cc1,42,-8.077,20.0,6.0,3.1671299934387207,ok,0dfa7941dd09daea,42,dded58ed963345b067360eefc8ab6190c5a47c283413cd5454246410cd896eab
CCCCc1nnc(N2CCCNCCC2)c2cccc(C)c12,42,-6.076,23.0,4.0,12.202826023101807,ok,aba0becbb2880011,42,bed792cfe1569c78901b017b615e0c2430f7d31786636778ec4bce8104c9e0b1
CCCN(C)[C@H]1CCN(C(=O)c2ccc(Nc3nccc(-c4cnc(C)n4C(C)C)n3)cc2)C1,42,-8.966,34.0,8.0,20.091981172561646,ok,b3cac7c7e9334dca,42,cd451bcff44d96f670875410c69b60a92470fdcb1b5a80e72f9bf9b847f3da36
CCCN(C)c1ccc(-c2ccc(S(N)(=O)=O)cc2)cc1,42,-7.306,21.0,6.0,4.193918943405151,ok,4bbfe80b2d923a38,42,03e3aee9890030842dcfa33b6759b9ad5a2434f9863d9110e4758ad1176e4434
CCCN(C)c1cccc(-c2ccc(S(N)(=O)=O)cc2)n1,42,-8.303,21.0,6.0,3.8273000717163086,ok,cce0b63aea5ae8e3,42,00b4bf090bf558c60311514c4cb509db77aa28f9360bcfe7c8589113017efe33
CCCN1CCc2nc(-c3ccc(S(N)(=O)=O)cc3)ccc2C1,42,-7.544,23.0,5.0,3.521449089050293,ok,cbd116f9b441c85c,42,15a8e6867a34e91ce4dbc8dae1278035f7d81612cc1d6bc5fa38074ed44ebe56
CCCNC(=O)Nc1ncc(F)c(-c2cnc(C)n2C(C)C)n1,42,-7.503,23.0,5.0,4.686603784561157,ok,cb748768c204fc69,42,84093e48dccc111f536a63d2c79b2d49d728148da439ca0dca8f63a6915588b7
CCCNc1ccc(Oc2ccc(S(N)(=O)=O)cc2)cc1,42,-7.783,21.0,7.0,5.509550094604492,ok,8096565b0afe70f1,42,99b7f3fd06aac5bfa787d513a7a633a555bf4440d396807477be879dd615be8b
CCCNc1nccc(-c2ccc(S(N)(=O)=O)cc2)n1,42,-7.864,20.0,6.0,4.012532949447632,ok,93e5249572772369,42,836a8133dac19b7ac57d1c2693580ab826677b606de4a8247cb08f3094ee0961
CCCOc1c[nH]c(NCc2ccc(NC(=O)C3CCOCC3)cc2)cc1=O,42,-7.676,28.0,8.0,8.35738492012024,ok,d68080c42c3a851c,42,349e64a97fbedc622a1c3316d6ac0c28fcf9fe5e1dff06f46e8f10973efbeb8e
CCCOc1ccc(-c2ccc(S(N)(=O)=O)cc2)cc1,42,-7.793,20.0,6.0,3.200362205505371,ok,3be2c31de7428325,42,23c75d4879913d0fdc895589ce6fd8c5e6da619bec368d884351373e27b74c4c
CCCS(=O)(=O)c1ccc(-c2ccc(S(N)(=O)=O)cc2)cc1,42,-7.486,22.0,6.0,5.876003265380859,ok,73d2b6b7e28f3e69,42,a4ec78c87f7990bce19f7bb82e7d93aca4b6f9e4333e5e0ee19be86db4d0e14b
CCCS(=O)(=O)c1ccc(Nc2nccc(-c3cnc(C)n3C(C)C)n2)cc1,42,-8.467,28.0,7.0,9.038468837738037,ok,1d8b354378634b8b,42,a4f2ba2ec5cee0a909be9457f3a758bcfe91cbc8037d81971f27d4003ce9605d
CCC[C@@H](CCCO)NCC[C@@H]1CCCCN1c1cc(NCc2ccc[n+]([O-])c2)n2ncc(CC)c2n1,42,-8.224,37.0,14.0,30.39784812927246,ok,db066cecdf29d97a,42,ad5849c0263d3dfced36abbbe3e88171e4600ca630885d916a6b3e88f2fd4ab3
CCCc1cc(-c2ccc(N3CCCNCC3)cc2)ccn1,42,-5.854,22.0,4.0,10.873087882995605,ok,d2d7bb23fe5c8e0e,42,bcf19a51d106b95483db68d6ccd5f603191dbc42bc7bbc30dfdad6b0a4d5c499
CCCc1cc(NC(=O)c2ccc(Br)cc2)[nH]n1,42,-7.266,18.0,4.0,2.4557511806488037,ok,842b7316b46b4848,42,c2ece5113585c8fa65fa0d8d2f2d0dad2cc03fd7e4ee92799cb725517046cc4b
CCCc1ccc(C(C)c2ccc(S(N)(=O)=O)cc2)cc1,42,-8.486,21.0,6.0,3.7828540802001953,ok,7af496ad096e0ebb,42,e90bfab1fbcb4a0f2b23360efd9375684e9016ae696f2d1ccefbbebae08694b9
CCCc1ccc(NC(=O)c2ccc(S(C)(=O)=O)cc2)cc1,42,-7.881,22.0,5.0,3.451141834259033,ok,df4ca1211579ba92,42,8150cfd3af4b2bddf6c9c3b17798d7cc3132384d7bc7ebbcca62bd2658726e55
CCCc1ccc(Oc2ccc(S(N)(=O)=O)cc2)cc1,42,-7.873,20.0,6.0,3.183610200881958,ok,c0e3eff8857f7c3a,42,9ba4b0e66cc5ae749d1bd7b8c73a296612f563963bda05f808b9809e74585e5b
CCCc1cccc(Nc2ccc(S(N)(=O)=O)cc2)c1,42,-8.648,20.0,6.0,3.417832851409912,ok,dd199179ce6126b8,42,a6516a7ff8ad5151058164bdeb67d6a8a400baad8f55325ddec04f01e8d0bd5d
CCN(C(=O)c1ccccc1)c1ccc(NC(C)=O)cc1,42,-7.68,21.0,4.0,4.264423131942749,ok,af6f1cd9a9037368,42,6bcddd9ebb4ae669896f6449aa58e376a6eface3c450f40c82010a6c2f96ea85
CCN(C)C(=O)c1ccc(C(=O)Nc2cccc(Cl)c2)cc1,42,-7.311,22.0,4.0,4.232018947601318,ok,e5b5314789d7cf18,42,e6fa48be05cbdb07f0d22710c7d8638e70f39399a0608a9389c6c56d7a8d656a
CCN(C)CCNc1ccc(-c2cc3c(cn2)cc(C(=O)N(C)C)n3C(=O)OC(C)(C)C)nc1,42,-6.917,34.0,7.0,16.210429906845093,ok,dd7305a8c9e534e6,42,c6383b1b35a9c8ccfe43af5e0a079873d2da698587e9b79accb0f7d45fbfcbc5
CCN(C)c1ccc(-c2ccc(N3CCCNCC3)cc2)cc1,42,-5.831,23.0,4.0,11.535734176635742,ok,4ac59ece306e32a4,42,2dccce61744dafdff71239bd13fb868b0319d4cd1d91d5faff59f6155088bf84
CCN(CC)C1CCN(C(=O)NC(=O)c2ccccc2C)CC1,42,-6.561,23.0,4.0,3.2095208168029785,ok,0bc6f8b7694e1aed,42,9982ae52908cf160aa8a269a9e3b6c2901ec8e2cd9ab9b56985b37d535b13343
CCN(CC)C1CCN(c2ccc(-c3ccc(O)cn3)nc2)CC1,42,-6.933,24.0,6.0,4.585570812225342,ok,487128d2bfb588f4,42,b786dc6811d5e892adc6721c0fa4279b184eca622e184c62780ac5114946d2fb
CCN(CC)C1CCN(c2ccc(C(N)=O)nc2)CC1,42,-7.114,20.0,5.0,3.733700752258301,ok,76faf76a1ed53f5e,42,b47c1fc20aa6cafd654cb48c31feacf2d8a7aa65a7725d980e4ca2dd560729ab
CCN(CC)C1CCN(c2ccc(CCO)nc2)CC1,42,-6.354,20.0,7.0,3.753668785095215,ok,436d8167f1860155,42,1e04100d816b1099923668daf1f0113637c39d252febe240bf4d0cd6301f2301
CCN(CC)C1CCN(c2ccc(NC(=O)Nc3ccccc3)nc2)CC1,42,-7.277,27.0,6.0,6.90833306312561,ok,dbf288137a34820a,42,d6baf39d93cbd148f3f63b322c611f1f755c99a6ffda8701fbe670ab07fd27f5
CCN(CC)C1CCN(c2ccc(Nc3ncc4cc5n(c4n3)C3(CCCCC3)CNC5=O)nc2)C1,42,-8.615,36.0,6.0,11.62896203994751,ok,a3efa3e38271394e,42,8ade8720e46bea4791b903184eae1bc1eb9055945900ceefea2ef5ae74449fb6
CCN(CC)C1CCN(c2ccc(Nc3ncc4cc5n(c4n3)C3(CCCCC3)CNC5=O)nc2)CC1,42,-7.868,37.0,6.0,11.586799144744873,ok,f336d37d07275f8b,42,366033d8df524051f4e291172c69eec8a04c1b336618642d5c1be0c53ae95931
CCN(CC)CCNC(=O)c1cccc(Nc2nccc(-c3cnn4ncccc34)n2)c1,42,-8.446,32.0,9.0,13.35050082206726,ok,00f637d55013b758,42,549d5759d0b97ef5e1d68cbe985eacb5ed065f9a57c7afbcb0fe276516229569
CCN(CC)S(=O)(=O)c1cccc(Nc2nccc(-c3ccnc(-c4ccc(NC(=O)NC)cc4)c3)n2)c1,42,-8.591,38.0,9.0,21.906646013259888,ok,d30548af9923b652,42,a0ff004ffee8c81d97e0642acd988dc114f8ee4c2747a639059c3f9d4e615728
CCN(CC)c1ccc(CC(=O)Nc2[nH]nc3ccc(N4CCCS4(=O)=O)cc23)cc1,42,-8.376,31.0,7.0,9.82172179222107,ok,c1a513607dff40b2,42,2825224cd9bb9176731c707f8bf7d5bef58bcc0f28f036cef045830ca684e913
CCN(CC)c1ccc(Nc2ncc(C(F)(F)F)c(N[C@H](C)[C@H](C)OO)n2)cc1,42,-7.93,29.0,10.0,10.267015933990479,ok,7b2413cf86bbb1eb,42,163425258b18d777473d134f983c81fcc25f7566de603d7b6f8f9d68b1552fe2
CCN(CCNC)Cc1ccc(NC(=O)C2CCN(S(=O)(=O)c3cnn(C)c3)CC2)cc1,42,-6.944,32.0,10.0,14.795056104660034,ok,5c46ab53e2d84a84,42,1fec5ba1e2ea40ead5b23a29bed4e2e97f84b3ea18c954bdf8831e689a214cde
CCN(Cc1ccc(NC(=O)N2Cc3c(NC(=O)C(C)(C)C)n[nH]c3C2(C)C)nc1)C(=O)CCN(C)C,42,-7.242,37.0,8.0,19.44196891784668,ok,9e99d523363cc551,42,bf4e3094b0592e9463f1964ffd5045e980ca14f4ef13e255659cf027deb26731
CCN1CCC(COc2ccc(-c3cnc(NC(=O)C(C)CCNC)s3)nc2)CC1,42,-6.848,30.0,10.0,13.436570882797241,ok,623cfbdc14cdead5,42,9422d54838b252cb9beac8c9377cc90727422224b7b5d24d3175c7fa06a73bfa
CCN1CCC(c2c(O)cc(O)c3c2O/C(=C\c2ccc(CC(O)CN(C)C)cc2)C3=O)CC1,42,-8.897,34.0,10.0,18.291804790496826,ok,538c80470f4a45ae,42,63aa0295716e9395e40720b1c4568426d5ea112ab27af5dd46a92bf0e4538e3f
CCN1CCCN(c2cccc(Nc3ccccc3)n2)CC1,42,-6.386,22.0,4.0,9.996763229370117,ok,b406d85ee35affdc,42,7562d0df78439b295811af7d147862cd2cfbd5a7d1ba8bc3eb6e30459da88d0b
CCN1c2cc(C)c(c3c(=O)c(O)c(NC4CCN(C)CC4)oc23)C1C,42,,,,7.558954954147339,prep_failed,947e60b91a816b69,42,
CCN=Cc1c(O)[nH]c2ccc(C(=Nc3ccc(S(N)(=O)=O)cc3)Oc3cnco3)cc12,42,-7.297,32.0,8.0,12.134768009185791,ok,172bf070b6709d13,42,f7f4fcde9dbd902d0577b5c0ea21632d07f3aad54ca9c09565a4de071e8c28a0
CCNC(=O)N1CCC(NC(=S)Nc2ccc3nc(C)sc3c2)CC1,42,-8.602,25.0,3.0,4.57029914855957,ok,66c41205e4e174ac,42,c5db86a217c6aadda1e66b8bcf5b2f05f2a3bfe8b502e8409b2e36deb127f579
CCNC(=O)N1CCC(Nc2ccc3c(CS(C)(=N)=O)[nH]nc3n2)CC1,42,-7.839,26.0,5.0,5.069210052490234,ok,7270ab1ac98005a5,42,94f9d49dfaf8de00137d46e4a820d4ea5a126686c7bb927d993ab18e4c66655c
CCNC(=O)N1CCC(Nc2ncc(Cl)c(-n3ccc4ccccc43)n2)CC1,42,-9.191,28.0,4.0,5.881314039230347,ok,af7b30f1f02c3f61,42,f1dca065133735207fe75ec8a554d3279282f317d17f3556437bfb6952b252d9
CCNC(=O)N1CCC(Nc2nccc(-c3cnc4ccccn34)n2)CC1,42,-9.024,27.0,4.0,6.767946243286133,ok,c92bb7c029c09256,42,778b881a8b626248b97d5b0d733c37910fc046c31e271f4f6ce2aacad7a46f48
CCNC(=O)N1CCC(c2cnc3c(NC(=O)O)nc(SSC)cn23)CC1,42,-7.496,27.0,4.0,5.2692201137542725,ok,71042746bc70602c,42,9e2a6a9b946fa742d037049fed1dfad8302b1510ce11f241112ac2359ffd4bcb
CCNC(=O)N1CCC(c2nc3ccnn3c(Nc3ccc(F)c(Cl)c3)c2C)CC1,42,-7.788,30.0,4.0,7.142107963562012,ok,84fc6f571c876bee,42,b54af468196f3c2adfadf1427480ab40a9f4c61e827a384ebc2c64b9394fae41
CCNC(=O)N1CCC[C@H](Nc2ncc(Cl)c(-c3c[nH]c4ccccc34)n2)C1,42,-8.45,28.0,4.0,7.265938997268677,ok,5bf86c93c95e51ef,42,d888aa060256fb817a2212bb997d9f03061f3b80124a6d253eaaa9963907bdb7
CCNC(=O)N1CCNC(Nc2ncc(C#N)c(C3CCCCC3)n2)CC1,42,-7.059,27.0,4.0,18.615983724594116,ok,0314e94ccfc70b68,42,1b984fd8795a1eaebc42e24ab6aa1ee1ca844fdc7e26b711201b9aac8820b7cf
CCNC(=O)c1ccc(-c2ccc(N(C)C)cc2)cc1,42,-7.321,20.0,4.0,2.5253570079803467,ok,3b00c0ecba4f5aa5,42,7d1f1d90d5eb637fd6707a3aa876e80fb926ef759660d2d0f6c310c8d4cc4ed1
CCNC(=O)c1ccc(-c2ccc(N3CCCCC3)cc2)cn1,42,-7.329,23.0,4.0,3.1629209518432617,ok,da432881097b0bb2,42,17ce83e54f942557beccd2a27522f99b2a563bca45a538b7011efd0dcab5b61f
CCNC(=O)c1ccc(C(=O)Nc2ccccc2)cc1,42,-7.39,20.0,4.0,3.253415822982788,ok,a3d4fe00326063c5,42,7e81454cef2586b350da3af18a6cd76b4995396fec93a0b34f0f56de188b0a05
CCNC(=O)c1ccc(CC2CCN(C(C)=O)CC2)cc1,42,-7.868,21.0,4.0,3.7813050746917725,ok,aa292245fccd11b3,42,950e53a64383745732b0de528f08bf53a800d783dae07bd0e961c63021164432
CCNC(C)c1ccc(-c2ccc(S(N)(=O)=O)cc2)cc1,42,-7.686,21.0,6.0,3.814784049987793,ok,0512272ea45e4211,42,e3ea733a7460c70365c7a538d6150ff9a3a54d9aa14305f681313d94cfdb8a29
CCNc1ccc2[nH]nc(NC(=O)Cc3ccccc3)c2c1,42,-8.099,22.0,5.0,4.299915075302124,ok,cb32b25e36fb6702,42,dbafd07a72609f40d4a06634d5d4dc04cc8b34dd35ca79efa4e3cd8298095cf1
CCNc1ncc(F)c(-c2cnc(C)n2C(C)(C)C)n1,42,-7.079,20.0,3.0,3.06942081451416,ok,a3b63ad464f10708,42,25a6709f334a1a23af6d307eb47a0d4159e8bb95b87f3e68cf54e6dacd7ed69e
CCOC(=NC(CC)=Nc1ccc(S(N)(=O)=O)cc1)c1c(O)[nH]c2ccc(-c3cnco3)cc12,42,-5.822,34.0,8.0,18.10562300682068,ok,c65bc282f4cb85bb,42,b2ad2afeec5fc2bd694f4b3c0c2bc6a5f79a073adf35339822017c0778688f07
CCOC(=O)N=S(C)(=O)Cc1cccc(Nc2ncc(F)c(-c3ccc(F)cc3OC)n2)c1,42,-8.296,33.0,7.0,12.896328210830688,ok,4649f4ebd7acf749,42,eac12bc30c489b94155ef0cdd1c467c9fbd2b01634220e6c120c758d1158e409
CCOC(=O)N=S(C)(=O)Cc1cccc(Nc2ncc(F)c(-c3cccc4c3OCCC4)n2)c1,42,-9.243,34.0,6.0,14.704144954681396,ok,356d7698ae5151f4,42,e380a50a3088115d93044bbbbf70c05ba1235b34116e6d0ab4fbe4445969080e
CCOC(=O)Nc1cc(-c2c3cc(F)cc2OC3)c(Cl)cn1,42,,,,1.6478238105773926,prep_failed,806210fafd58375b,42,
CCOC(=O)c1cccc2[nH]c(O)c(C=Nc3ccc(S(N)(=O)=O)cc3)c12,42,-7.536,27.0,7.0,7.642115116119385,ok,c6a9a31dca4b1e67,42,ee389b2a9129969e6ce3ba3c00078c8cca6d3f6deaf03edd5d6adfead4e85996
CCOC(=O)n1cnc2c(NCc3cccc(O)c3)nc(NC(CO)C(C)C)nc21,42,-7.927,30.0,10.0,14.29879117012024,ok,0c6dbfbb01bfd3c7,42,3af9603eb1244a5b5f6ba9e18a24e8e7f070ce14908d44802971d9558b877907
CCOc1cc(F)ccc1-c1nc(Nc2cc(F)cc(CS(C)(=O)=NC#N)c2)ncc1F,42,-8.985,32.0,7.0,12.330243825912476,ok,5291254bbc212877,42,51661dc3b35d55a2fed7b37a45321b117d3c9c60bb58b45b99aaa08f3e8fd244
CCOc1cc(NC(=O)Nc2ccccn2)cc(OC)c1OC,42,-6.496,23.0,6.0,4.484780788421631,ok,24d5f9dca7c82847,42,e6a3939ea4341d95e0739001c25d38de6ce5406f098b5301e6e1f30e9aaec03c
CCOc1ccc(-c2ccc(S(N)(=O)=O)cc2)c(C)c1,42,-8.27,20.0,5.0,2.791205883026123,ok,aa899839f47805d6,42,ede9c3826b50cfc2d7c4f7e8b1bb58ade774ba17a501d65adfd7646ab294c040
CCOc1ccc(Cc2ccc(S(N)(=O)=O)cc2)c(C)c1,42,-8.355,21.0,6.0,3.5462939739227295,ok,a5282f121cd9d3a4,42,9a9531455af461ca3c056252a4f886243b2eaea686ce8f654181e3ef12fd041b
CCOc1ccc(Cc2ccc(S(N)(=O)=O)cc2)cc1,42,-7.962,20.0,6.0,2.8277509212493896,ok,f5ffbc45b2baf9a7,42,b07bc008bdb4bbe44943f4c7cbc8c4f7a8490f4792fb4a7454ea53e6a3339b81
CCOc1ccccc1-c1ccc(N2CCCNCC2)cc1,42,-6.13,22.0,4.0,9.753795146942139,ok,da88ecba59d01e31,42,848976ae6dc201dedacea6df58164ad25a8439a5e00ac253617d0b2c3e556ac2
CCOc1ccccc1-c1ccc(N2CCCNCC2)cc1Cl,42,-5.581,23.0,4.0,10.522178888320923,ok,1c2a865681986746,42,a02ec6297dc3d780ba62001fb6b9caa7397639591dd5b6650baac1a87471fecd
CCOc1ccccc1Nc1ccc(N2CCOCOC2)c(C)c1,42,-6.219,24.0,5.0,12.890144109725952,ok,fdcdc9241417350e,42,6b0f71aa1bf971ea328aa86ba9d823728e96fc9ea585d8c870c19f8b7f392b61
CCOc1nc(Nc2ccc(S(=N)(=O)CC)cc2)ncc1Br,42,-7.032,22.0,6.0,3.4740750789642334,ok,a9d12bd05db51e9d,42,ee39cda89557b8db178f9da3b7443304f378d09168622805d956b0038cdeb6a5
CCS(=N)(=O)Cc1cc(F)cc(Nc2ncc(F)c(-c3ccc(F)cc3OC)n2)c1,42,-9.16,30.0,7.0,9.022009134292603,ok,aa050c9cc19d9ba5,42,25bad536d1f54ccd03016ae19654bbb374b240b56097e5550c7e7ab2c32bebd1
CCS(=N)(=O)c1ccc(Nc2ncc(Br)c(N[C@@H](C)[C@H](C)O)n2)cc1,42,-7.604,25.0,8.0,9.351698160171509,ok,c3d4646a297c8977,42,96e027c51403ac93c480cddef4f2c3222fe9ccb1050e083a511eba9e2a31ebd6
CCS(=N)(=O)c1ccc(Nc2ncc(Br)c(N[C@H](C)[C@H](C)O)n2)cc1,42,-7.463,25.0,8.0,8.31075668334961,ok,bb7896862cc7669a,42,6eb38e91ddbbee8d6e262ab30f9feb4c36f1f78bcaa74b71d8e9d7fbfa69e24c
CCS(=N)(=O)c1ccc(Nc2ncc(Br)c(N[C@H](COC)[C@@H](C)O)n2)cc1,42,-7.288,27.0,10.0,9.362343788146973,ok,941f2ffa7e1c837b,42,b85202c4871ee4e8c067366003369b7f333a395485f6d43ced8134196031f5f9
CCS(=N)(=O)c1ccc(Nc2ncc(Br)c(N[C@H](COC)[C@H](C)O)n2)cc1,42,-7.19,27.0,10.0,8.846825361251831,ok,587473891d694026,42,f0eec38990f05b3ca010107397ca3d729b5ef37deeec8110aa243627c4ace1ca
CCS(=O)(=O)Nc1ccc2[nH]nc(Nc3ccc(S(N)(=O)=O)cc3)c2c1,42,-8.252,26.0,7.0,7.0179972648620605,ok,4f78531dfa39f7bc,42,2f78130e01e0a12c11402790884d4b127049ca3f4250ff77254fdcf0f2c8de63
CCS(=O)(Cc1cc(F)cc(Nc2ncc(F)c(NCCN(C)C)n2)c1)=NC#N,42,-7.766,29.0,9.0,10.563831090927124,ok,7e0ee0c824b6b988,42,ab6a21b291fc1172a9ab2a1b4d2c23a8cd56ae2ef575c14bcee823ceeeb693b5
CC[C@@H](C)Oc1nc(Nc2ccc(S(N)(=O)=O)cc2)nc(N)c1C=O,42,-7.929,25.0,9.0,10.150023221969604,ok,842a4fa5d39afdc0,42,2e1141c1e969eaea66c58626513741445bad438af2ab34b0373aa253792abcc5
CC[C@@H](CNC)Nc1nc2ccnn2c(N[C@H]2CC[C@H](N)CC2)c1C,42,-7.043,25.0,7.0,7.173935174942017,ok,1e21fbe45b15e2ac,42,f5d3a8989bce7c9b07c1f8f339349a6b78f8b3408f27f12a89f5f406fef4e7ea
CC[C@@H](CO)Nc1nc(NCc2ccc(NC(=O)C3CCN(C(C)=O)CC3)cc2)n2ncc(C(C)C)c2n1,42,-8.892,38.0,9.0,20.307485103607178,ok,a94fc60190f5971d,42,6c1a70867cc27fb44ed7f32a6619a31181c22085e930692cb451786def5b4965
CC[C@@H](CO)Nc1nc(NCc2ccc(NC(C)=O)cc2)n2ncc(C(C)C)c2n1,42,-8.413,30.0,8.0,9.173328161239624,ok,fe042961cf9b7a52,42,940d51af5f35dac03554c9a33622923507dedbb14ec11232dbbb12edbddb525c
CC[C@@H](Nc1nc(NCc2cccnc2)c2ncn(C(C)C)c2n1)C(O)C(C)(C)C,42,-7.83,30.0,9.0,14.98223614692688,ok,8e811ae403220313,42,b547f0cfe9f74ee1ec2de74137380fb318d2dd033ef2467792e1e0923455dc8a
CC[C@@H](Nc1nc(NCc2cccnc2)c2ncn(C(C)C)c2n1)N1CCN(C)CC1,42,-8.788,31.0,8.0,13.826006174087524,ok,7e4869b266c2ed77,42,10cedb29b284ecad238d544078e63390b039bc2e2995c35c513f7bc45b5af11c
CC[C@@H](Nc1nc(NCc2cnc(C)cc2C)c2ncn(C(C)C)c2n1)[C@H](C)O,42,-7.955,29.0,9.0,9.978128910064697,ok,e78820f7a34b1846,42,a6e2fac911bb86bf8a3fe2b989d70d97b141cae468f5098b36621efdb24e605e
CC[C@H](CO)Nc1nc(-c2ccc(O)c(O)c2)n2ncc(C(C)C)c2n1,42,-8.239,26.0,8.0,6.817101240158081,ok,97d8edec02cdb785,42,9af85b739104e721510e88e2e56864f2779c0e665cb28371cdfa2faf600426cd
CC[C@H](CO)Nc1nc(NCc2ccc(NC(=O)C3(F)CC3)cc2)n2ncc(C(C)C)c2n1,42,-8.632,33.0,9.0,14.35148310661316,ok,2dfa8cba184420b1,42,08355ef08a9740bdbc3356412b658d4cc12a06371637f4d2ff7a2cc0c7af072d
CC[C@H](CO)Nc1nc(NCc2ccc(NC(=O)C3CCOCC3)cc2)n2ncc(C(C)C)c2n1,42,-8.711,35.0,9.0,14.350055932998657,ok,0acc73a34479f802,42,778c0bf7e83fffb7e79767a197a0d48d4c44bbdc01df9f06322b57f1eae6af5e
CC[C@H](CO)Nc1nc(NCc2ccccc2)c2ncc(C(C)C)n2n1,42,-7.62,26.0,7.0,7.431116819381714,ok,672c0537ec390235,42,b7268c0616dcdba89d0d1c80c3d3cf3d497f6e0fbc7d5a669692c7cd232c9fbc
CC[C@H](Nc1nc(NC2CC2)c2ncn(C(C)C)c2n1)[C@@H](C)O,42,-7.474,23.0,8.0,7.025392770767212,ok,ca2189157e2100ee,42,55f574ab5b09448d261bdde350ff1819fb23038368fcfc49d3f0b8cda4c3e422
CC[C@H](Nc1nc(NCc2ccccc2)c2ncn(C(C)C)c2n1)[C@@H](C)O,42,-7.896,27.0,9.0,11.711594104766846,ok,ae89d7a6eeff384b,42,ba623692cc4697247ba187e8d97c032f3394fd193c51dc7dbcf4754492b171d1
CC[C@H](Nc1nc(NCc2cccnc2)c2ncn(CC3CC3)c2n1)C(C)(C)C,42,-7.941,29.0,8.0,8.783883094787598,ok,e9840154312c351a,42,321ad8002bad014f4161feefd9f8f0bb319a6fc68a3ebd2858e733755746a85d
CC[C@H](Nc1nc(Nc2ccccc2)c2ncn(C(C)C)c2n1)[C@@H](C)O,42,-8.018,26.0,8.0,9.688273906707764,ok,1b8318baec820752,42,2d60c04f8231245959f34240d80583a34d0a24048b24ac14b4cd681abef6c0cf
CCc1c(C(=O)NCCc2ccc(N3CCOCC3)cc2)[nH]c2ccc(C)cc12,42,-8.766,29.0,6.0,9.176748037338257,ok,35f1260fe0ed769b,42,64391fc669efa1edb0e6c69bb761354d024fa898c874ee35072ea392530f41af
CCc1cc(Nc2cc(NC3CCN3)n3ncc(C#N)c3n2)ccc1C,42,-8.855,26.0,4.0,4.405614137649536,ok,61a5ae0d77981553,42,ac7bbe709583a311e75f0cd0e0f2b8e01e53dca8302f24e57d491a689eac3d5f
CCc1ccc(-c2cc(N3CCN(C)CC3)ccc2O)cc1,42,-8.093,22.0,4.0,3.7238881587982178,ok,845aa1089eaf7021,42,164d089697945a2702b17895e658e1b303484fe034cbc3b694e4abb4831deb78
CCc1ccc(-c2ccc(C(=O)NC(C)=O)cc2)cc1,42,-8.518,20.0,3.0,2.334101915359497,ok,697703b00ca722a1,42,777d7595a1d7dc05ab5f9e426e3916fbee14fd12e890c35588d8fe0206e48442
CCc1ccc(C(=O)NCC(=O)Nc2ccccc2)cc1,42,-7.974,21.0,5.0,5.52659010887146,ok,fe49bea23160f21c,42,bab9548d406edc614db829747e9dabfbee4bbd96244bcbb5fd957b3ac5fba570
CCc1ccc(C(=O)Nc2ccc(S(C)(=O)=O)cc2)cc1,42,-7.929,21.0,4.0,2.6224708557128906,ok,d7a23fdaf7c59ed2,42,f57e48e716522e72b83ab659b18791a7d9da40c035f0318483317124353d9021
CCc1ccc(CNC(=O)c2cc(C)ccc2F)cc1,42,-8.288,20.0,4.0,3.6211020946502686,ok,883f8edf1cccaeaf,42,020fd94e6addcf4f168ccd2f852a49e0fa16362c12e17a79d2a56e2b04e40719
CCc1ccc(CNc2ccc(N3CCOCC3)cc2)cc1,42,-8.275,22.0,5.0,4.09770393371582,ok,d5d867fe7e630b61,42,25a9c214178829bfcfe6fd8c4e9670113d72c6f43f365366080b6071a2568097
CCc1ccc(CNc2nc(N3CCC[C@@H]3CO)nc3c(C(C)C)cnn23)cc1,42,-8.748,29.0,6.0,7.7503039836883545,ok,e22e4c6feeaef9fc,42,4e7f59cf619140fcd53521317a6695fd391e90e93ffe8346816b06be5892bbd1
CCc1ccc(Cc2ccc(O)c(C(=O)N(C)C)c2)cc1,42,-7.958,21.0,5.0,3.4159610271453857,ok,dd27711935690c3a,42,7c88bd7e0e89510411948884ced833541c779d530bb02700624e2799baabd572
CCc1ccc(N=Cc2c(O)[nH]c3ccc(C(C)=NC(C)C(=O)c4ccc(S(N)(=O)=O)cc4)cc23)cc1,42,-8.481,37.0,10.0,22.13497281074524,ok,2b47cd6d21d7ab59,42,642beb514ca364d259533e0d76bc1c505a60289efb0a48774bd918b56f85166e
CCc1ccc(Nc2ccc(C(=O)N(C)C)cc2)cc1,42,-7.901,20.0,4.0,2.202191114425659,ok,edf4af5f4b6c7fe8,42,d074996fc061bfdb0327a657e502267d01675fb23a9fffe1d9e73e8a4e61b2a9
CCc1ccc([C@H](C)c2ccc(S(N)(=O)=O)cc2)cc1,42,-8.519,20.0,5.0,3.0220930576324463,ok,ec261f11e781b99a,42,c5e73061bd3628ab063bfc309d8ffbc3db82e194f4adb9bb712873533cb6a0be
CCc1cccc(CCc2ccc(S(N)(=O)=O)cc2)c1,42,-8.812,20.0,6.0,3.7866339683532715,ok,65db3cb6f0b544f5,42,b0fedbd1ffc5fc02afbbf7424c7c182a4764dea98e5f86b533e90ecd6ea781f5
CCc1cccc(NC(=O)c2ccnc(C)c2)c1OC,42,-7.517,20.0,4.0,3.441920042037964,ok,426587886697b676,42,6c23f9391ce8d251d42e94fde1101f3784e1d1ad33d1cadae51d8d60f339aacc
CCc1cccc2[nH]c(O)c(N=Nc3ccc(S(N)(=O)=O)cc3)c12,42,-8.269,24.0,6.0,4.920292854309082,ok,620b669af4f0c847,42,40d0cf6a409a4e9f81a403189ed1db2176ec63be663ab18b997c87628246df8b
CCc1ccccc1-c1ccc(N2CCCNCC2)cc1,42,-6.237,21.0,3.0,8.171859979629517,ok,33de7f0348ddc5a0,42,7a5fabf4e354860831051c6a121adafb871b4796b019779146882b70c3e40afb
CCc1ccccc1-c1ccc(N2CCCNCC2)cc1Cl,42,-5.953,22.0,3.0,8.985185146331787,ok,eb68a3018016e905,42,51eb62f6d4d6ade3e51b2ceb24ebb7809c00065057ca47e1c79d22066499a393
CCc1cnc(Nc2ccc(S(=O)(=O)C3CC3)cc2)nc1O[C@H](C)C(C)(C)O,42,-8.151,28.0,9.0,8.431299209594727,ok,5c23fa531979f9a3,42,15a6cb5a3433f1248676e8591c7fcbbbafc677050bc48ac74e63add5408dda13
CCc1cnc(Nc2ccc(S(N)(=O)=O)cc2)nc1C,42,-7.718,20.0,5.0,3.9153120517730713,ok,8ee3e3fa84702287,42,3b519b68516672800d9d2ed0a51e892b1eef26e02b410996682465c77dc60bd4
CCc1cnc(Nc2ncc3c(n2)-c2c(c(C(N)=O)nn2C)CC3)nc1Nc1ccccc1,42,-8.809,33.0,6.0,8.362918853759766,ok,08bcd332942ca454,42,d54309da7629833ec8ef1451d503c88f2a2b350c5d8d1ffc7b16e97fc2ac2d6f
CCc1cnn2c(NCc3ccc[n+]([O-])c3)cc(C(CC)[C@@H](CC)CN3CCCC[C@H]3CCO)nc12,42,-7.694,36.0,13.0,28.176991939544678,ok,6cf7034cc57086b8,42,9d7444875fb828a8c5a2802c55a7fc1f970fc308a09acf53161b096b548b9612
CCc1cnn2c(NCc3ccc[n+]([O-])c3)cc(C3CC(S)CC[C@H]3CN3CCCC[C@H]3CCO)nc12,42,-6.468,37.0,11.0,23.135088682174683,ok,2bfe3ef7809c36e6,42,f1758ad635c44258f556aca7b0c2238a6fef1eafef2fc7905f85ce447a04d01b
CCc1cnn2c(NCc3ccc[n+]([O-])c3)cc(C3CCCC[C@H]3C3CCCC[C@H]3CCCO)nc12,42,-6.655,36.0,10.0,19.038762092590332,ok,38850393ff21f4d2,42,91060cd429091440dac8ef28b72ccf45492c96e2a4221b623b37de37eca7c27e
CCc1cnn2c(NCc3ccc[n+]([O-])c3)cc(C3CCCC[C@H]3CCCCO)nc12,42,-9.851,31.0,10.0,11.706552028656006,ok,0f3523e11e67a4ef,42,2d49631b6fab08c6fc9c7120076a7854246be96e8e2542a54c3ae3cd343190c7
CCc1cnn2c(NCc3ccc[n+]([O-])c3)cc(C3CCCC[C@H]3CCO)nc12,42,-9.75,29.0,8.0,8.875776052474976,ok,579fe4ac28b8b37b,42,8662c7a35a21e64e86697fabdbfcbb006f6c987dc669e663a89a605a50e753bf
CCc1cnn2c(NCc3ccc[n+]([O-])c3)cc(C3CCCC[C@H]3C[SH]=NN3CCCC[C@H]3CCO)nc12,42,-8.464,38.0,11.0,31.16589379310608,ok,5f3664e9ec7d19a5,42,ae6fc9f767befc7d48e9f26aed855cf8fd9703f6dabed3e8b3698984a28c277f
CCc1cnn2c(NCc3ccc[n+]([O-])c3)cc(CN3CCCC[C@H]3CCO)nc12,42,-9.17,30.0,9.0,12.5068998336792,ok,ab8122a82b9de441,42,853fa753fd768daef121cbd3000bdca2ac47e24c4bdddd310d2a53deb5b83eb2
CCc1cnn2c(NCc3ccc[n+]([O-])c3)cc(CN3CCCC[C@H]3N3CCCC[C@H]3CCO)nc12,42,-8.016,36.0,10.0,20.95811367034912,ok,d1f8ead3b3d3c7eb,42,357c6a098b4d3c9e3f1c26db3ae3f1c5f3fb802b38beaa919620b470a23b88ce
CCc1cnn2c(NCc3ccc[n+]([O-])c3)cc(N3CCCCC3CCC(N)=O)nc12,42,-9.885,31.0,7.0,12.071166038513184,ok,dc30b3c7c216e784,42,b5b9e3da5dfcaf97f8c07fa6a2f89ea5fffbf20c9c68972c1eb4e57c09bdcdac
CCc1cnn2c(NCc3ccc[n+]([O-])c3)cc(N3CCCCC3CCO)nc12,42,-9.605,29.0,7.0,8.6564040184021,ok,13012d09297c7667,42,11e8d0d7523c08d8a3358147d7b5e901ef345b923e62a02998e6aa95839554f9
CCc1cnn2c(NCc3ccc[n+]([O-])c3)cc(N3CCCCC3CN3CCCC[C@H]3CCCO)nc12,42,-7.109,37.0,10.0,24.974244832992554,ok,626a89b7fed258d1,42,4cde3f0be6b0301b382848b10289c71925996ed1271908f91c13a42e69d24410
CCc1cnn2c(NCc3ccc[n+]([O-])c3)cc(N3CCCCC3CO)nc12,42,-9.466,28.0,6.0,8.083425998687744,ok,adb7da9a82edb0eb,42,f4ffca70a18687b266aaa73c7acf54705646d1a3644afe4249a84aa896e4bcac
CCc1cnn2c(NCc3ccc[n+]([O-])c3)cc(N3CCCCC3N3CCCC[C@H]3CCCSCO)nc12,42,-6.349,38.0,11.0,27.530114889144897,ok,b3a09d077d59ae3b,42,426e4066249fea12bcbbbef2709f431bee1009919cadd2b533c0d23c58822c2b
CCc1cnn2c(NCc3ccc[n+]([O-])c3)cc(N3CCCCC[C@H]3CCN3CCC(Br)C[C@H]3CCO)nc12,42,-5.716,39.0,10.0,53.76443696022034,ok,95976e78d99f607b,42,b385e4d468a1331d8d310d108f4b0655db41b39dc2995f7fe64ad821c800f2b8
CCc1cnn2c(NCc3ccc[n+]([O-])c3)cc(N3CCCCC[C@H]3CCO)nc12,42,-7.646,30.0,7.0,25.66303586959839,ok,07ef3a3df85150ad,42,e68007492e988ae0ae44401b32fba131db550c6358f8eadf2c3267899b359835
CCc1cnn2c(NCc3ccc[n+]([O-])c3)cc(N3CCCC[C@@H]3CCO)nc12,42,-8.984,29.0,7.0,10.34702181816101,ok,b761190382e07d7c,42,f002d1e745b90a584c70dd5ba3039a7b4aab7ed34204b9a2f5d4f8bb42e6030d
CCc1cnn2c(NCc3ccc[n+]([O-])c3)cc(N3CCCC[C@H]3CCCc3ccc[n+]([O-])c3)nc12,42,-8.973,36.0,8.0,17.771950244903564,ok,4941c1fed1cc0a9b,42,24917669dcf3a36d566e3209a84351e0b71b008269333449123f4924cfc20c22
CCc1cnn2c(NCc3ccc[n+]([O-])c3)cc(N3CCCC[C@H]3CCNN3CSCC[C@H]3CCO)nc12,42,-8.431,38.0,11.0,29.224879264831543,ok,908295251455b6d7,42,d86528e23e3f6b93b3a30d7e4e8230e1e446d04722d64c4999b6a62a5155b8a1
CCc1cnn2c(NCc3ccc[n+]([O-])c3)cc(N3CCCC[C@H]3CCNNCc3ccc[n+]([O-])c3)nc12,42,-8.713,38.0,10.0,27.332703828811646,ok,ef81939078a33c4c,42,0021c33ebaffffb5acbba51aa8e4a1dcd5684b81032d8640a555ed8b5a479885
CCc1cnn2c(NCc3ccc[n+]([O-])c3)cc(N3CCCC[C@H]3CCO)nc12,42,-8.191,29.0,7.0,9.727373123168945,ok,f21fc2794e9652a9,42,a7a3f98f72f6f3132b225dd9d56b852f8fe8d376e52ba911831bde7979bf5a31
CCc1cnn2c(NCc3ccc[n+]([O-])c3)cc(N3CCCC[C@H]3CCSCO)nc12,42,-9.273,31.0,9.0,13.369194030761719,ok,996842bd681e838d,42,ed13b40f7abdfa9efb3b7edbad11428880bda6e77454a5252ff5831793d33234
CCc1cnn2c(NCc3ccc[n+]([O-])c3)cc(N3CCCC[C@H]3CN3CCC4C[C@H]3CC4CCO)nc12,42,-7.533,38.0,9.0,20.96033263206482,ok,3eadbbef1159167e,42,a6ee7a49a6cc033eb351d2a8a74a40046ed7c174c1165180612d4ac2f5fa6fe5
CCc1cnn2c(NCc3ccc[n+]([O-])c3)cc(N3CCCC[C@H]3CN3CCCC[C@H]3CCO)nc12,42,-6.265,36.0,9.0,21.305307865142822,ok,dde8f44561b56158,42,9433880b6a3d4a0ab4817709993fd44071a4586f3727092205adb6eaf0ed5b6d
CCc1cnn2c(NCc3ccc[n+]([O-])c3)cc(N3CCCC[C@H]3CN3CCCC[C@H]3SSCO)nc12,42,-6.424,37.0,10.0,26.212613105773926,ok,44e097d582de107f,42,6c728f1bf2bcd6b7627ac29630021b1e46f44d6c425d80b55365dd6e435650ba
CCc1cnn2c(NCc3ccc[n+]([O-])c3)cc(N3CCCC[C@H]3CO)nc12,42,-8.376,28.0,6.0,8.1699059009552,ok,5324fd0aaecbe6cf,42,1f6c02c262afcefdda4fdcac95c0f1881f2107628618b21f2e22805a596c80d2
CCc1cnn2c(NCc3ccc[n+]([O-])c3)cc(N3CCCC[C@H]3N3CCCC[C@H]3CCO)nc12,42,-6.564,35.0,8.0,16.87198781967163,ok,41eeefbfd2ac5e09,42,07a9c758ee1ff54437224fa1777fbc6d6a1605b106c59e9bf9cd4cebaad79b48
CCc1nc(Nc2ccc(S(N)(=O)=O)cc2)ncc1Br,42,-7.66,20.0,5.0,4.085190057754517,ok,6107b5b0bf29fee6,42,5e487bcdf8ece4b62073adb2a06eb99d47bea9d582ab0367d5a116cf11c5f63f
CCc1nc(Nc2ccc(S(N)(=O)=O)cc2)ncc1C(C)C,42,-7.885,22.0,6.0,5.786866903305054,ok,d527f11bfca1d167,42,af1af79ab88d0e0009d615d42362abc19062e8f000b85e664f08d43cc8a12441
CCc1nnc(N2CCCNCC2)c2cccc(C)c12,42,-6.193,20.0,2.0,7.354146718978882,ok,f98160abb89a4ff9,42,4dd62362363dd8bd063152caadd24a3ac7a5c14252f139dd0750fcb2f02a0514
CCn1c(-c2ccnc(Nc3ccc(S(=O)(=O)NCCOC)cc3)n2)cnc1C,42,-7.899,29.0,9.0,10.057576894760132,ok,49207c9316c424f8,42,62bf74fee4d6ca6af72ab64b773fb2e5b0c70cd0ed02ca329ff65aa5647a6589
CCn1c(-c2ccnc(Nc3ccc(S(C)(=O)=O)cc3)n2)cnc1C,42,-8.27,25.0,5.0,5.044980049133301,ok,133f381d8c82cc46,42,ceafcc8f50a9246807b309ab800e44dd3ec955d826d0cb2d7ccb96d693fb793c
CCn1c(-c2nc(NC(=O)CC(C)(C)C)ncc2F)cnc1C,42,-7.529,23.0,4.0,4.361177921295166,ok,4565a10f1d76b51c,42,e952d0718967510c8854ff89a5e6ba99a168ccd62b6c3c5b13852cd035422985
CCn1c(-c2nc(NC3CCOCC3)ncc2F)cnc1C,42,-7.675,22.0,4.0,4.6513190269470215,ok,85e938e2d45fd677,42,34268aa6188e35bb0e2cd5d8ece76fa91495af157b156544e6214d32b13c1224
CCn1c(C)nc2c(F)cc(-c3cc(NCc4cccnc4)n4nccc4n3)cc21,42,-8.112,30.0,5.0,7.291461944580078,ok,b4a41f76a9b94848,42,f8daefb5d2890977dae4d3ef8fe659608cc143d659393a65c7cf263bb272da13
CN(C)C(=O)Cc1ccc(C(=O)NC2CCCCC2)cc1,42,-7.284,21.0,4.0,3.199855089187622,ok,f2b69a452af3ad11,42,4aecfda47a00b91d0fb1c115515e245335771b777efae39aa5971806ada08135
CN(C)C(=O)Cc1ccc(C(=O)Nc2ccccc2)cc1F,42,-7.589,22.0,4.0,4.703075170516968,ok,1b7e6dda4e63ccc3,42,f5c1033c42839b9053b297eb5105ce7197a48f96ce322c043c294829dbeecec1
CN(C)C(=O)N1CCCc2cnc(NCC3CCC3)nc2C1,42,-5.904,22.0,3.0,10.076929092407227,ok,e16d3208c91d9a6b,42,4bff12bea14c6570e6417a0111d09ce7615e95442f75ddc41494118f58df722b
CN(C)C(=O)N1CCc2cnc(NC(=O)c3ccccc3)nc2C1,42,-7.609,24.0,2.0,3.559835910797119,ok,972209b0ce67f1f3,42,6bbe721757a80a2c0706157ca2b106bd5ad1c33cc6b8aea1a2336c1f24c431f2
CN(C)C(=O)N1CCc2cnc(Nc3ccc(Cl)cc3)nc2C1,42,-8.41,23.0,2.0,3.2749838829040527,ok,6a22a857eab8c382,42,53a8b29e3a045ad76166654330b1d8f13354dbcce8a3c4923b809fdf3cc30f09
CN(C)C(=O)NC(=O)c1ccc(-c2ccc(Cl)cc2)cc1,42,-8.375,21.0,2.0,1.8785920143127441,ok,631f1b0dd70946e7,42,f6ebb4e1b7b2b8f29c28d2ba4b1faf8829a89bc6866d05ef9c288cc15b7b6266
CN(C)C(=O)c1cc(C(F)(F)F)ccc1NC(=O)c1ccccc1,42,-9.005,24.0,3.0,3.701859951019287,ok,f580698f98b32960,42,f167d9957ec360bc8e12b8d8e17cef59c4edbe4d4ca919a55e6d7a05a835cec2
CN(C)C(=O)c1ccc(-c2ccc(C(N)=O)cc2)cc1,42,-7.429,20.0,3.0,2.9352521896362305,ok,1ef8e1f7a5a637b2,42,82c8f7fcb77948706ab545186c59a93ba1193309927cded5c06adfa455038e8a
CN(C)C(=O)c1ccc(-c2ccc(S(N)(=O)=O)cc2)cc1,42,-7.163,21.0,4.0,2.7411880493164062,ok,3bfd9bc6c4776b49,42,e76edea5024f8fcd1046d4569aa9f6df038848d85fe2d79c542eb8da6eb19ae9
CN(C)C(=O)c1ccc(C(=O)NCCc2ccc(F)cc2)cc1,42,-8.104,23.0,5.0,4.4525439739227295,ok,2f334b52ec872abf,42,bfdd608b59303cae9dbe19c91e1d21e2aa37c758ffc4fdb26972a324ffac39b3
CN(C)C(=O)c1ccc(C(=O)Nc2cccc(S(C)(=O)=O)c2)cc1,42,-7.783,24.0,4.0,4.646405935287476,ok,6e4031ddee1f849c,42,3909ca5c74728bbc136a5d9da067c2fc45d52720befa4d5c6c360008f1d25c68
CN(C)C(=O)c1ccc(CNC(=O)c2ccc(C(N)=O)cc2)cc1,42,-8.153,24.0,5.0,4.1659040451049805,ok,69afb632ddc944fe,42,352d334befb7eeb47215f3cba7b068f7bb389e7e6c0740c789fc350eda059097
CN(C)C(=O)c1ccc(CNc2ccc(N(C)C)cc2)cc1,42,-7.818,22.0,5.0,3.9640390872955322,ok,a3959d58d0bc0998,42,3b2f973aa185cdb84f13d6d39753b6bd1d030b1322e2ddb37e02942b50b1d910
CN(C)C(=O)c1ccc(CNc2cccc(Cl)c2)cc1,42,-7.767,20.0,4.0,2.710054874420166,ok,720fea2b5a05a6ee,42,645a71ca572589d965e3a6bbce9afd8a6cf6eb425199ddda555f0907840aa9f2
CN(C)C(=O)c1ccc(Cc2cccc(C(=O)NC3CC3)c2)cc1,42,-8.924,24.0,5.0,4.434351205825806,ok,19feb8749728510e,42,eea059bdc2bc1fec31485e4476e331819322894e8a760bd2a9bb497d7236e863
CN(C)C(=O)c1ccc(F)c(NC(=O)c2cccnc2)c1,42,-7.879,21.0,3.0,2.7788469791412354,ok,88a767a19713a540,42,d2b1d4f3d999a03a16478ebce8ff1db376c734720b764fc88b3eb0bd72f5d79f
CN(C)C(=O)c1ccc(F)c(Nc2c(F)cccc2F)c1,42,-7.798,21.0,3.0,3.312723159790039,ok,0627399d2897b6ec,42,ad522c52aec02cabbf704830114868d5058b2c50e19b8a3e30f7f1aaa7adc424
CN(C)C(=O)c1ccc(NC(=O)c2ccc(C(N)=O)cc2)cc1,42,-7.648,23.0,4.0,3.1694860458374023,ok,05ae4041116e92fb,42,675daf6a9531b7a04a0b6a05d2c5a7d7fe9844d7486324370ad1fdde0be55e8e
CN(C)C(=O)c1ccc(Nc2cc3c(cn2)cc(C(=O)N(C)C)n3C(=O)N2C[C@H](O)[C@@H](O)C2)c(Cl)c1,42,-7.989,36.0,6.0,15.412187814712524,ok,fb7f6f74555ae24a,42,44a2307fea999f4b78af78b84e2cdc95a8dbac87fdc10194c1ddb06a934c2bb8
CN(C)C(=O)c1ccc(Nc2cccc(C(=O)N(C)C)c2)cc1,42,-8.466,23.0,4.0,3.3345589637756348,ok,0b96775f93857bd7,42,a24305c0fdd18a428cac2fbf550cc2f57432accd2770bc432c3f3facfcc17e29
CN(C)C(=O)c1cccc(-c2ccc(N3CCCNCC3)cc2)c1,42,-6.25,24.0,3.0,9.358145952224731,ok,87188a242ffb9129,42,3b27ed2b1a7cd895b785bc1c0a2df6a55e0907a892cd2e4e79f8534e482aa24e
CN(C)C(=O)c1cccc(-c2cnc(N)c(-c3nc4c(N5CCNCC5)cccc4[nH]3)n2)c1,42,-7.735,33.0,5.0,9.94425082206726,ok,8604c5163b46d22d,42,e50c613216b5a54d386a5a54afb1878a93dbdb10acbafdbd5ba73338852f51ef
CN(C)C(=O)c1cccc(-c2cnc(N)c(-c3nc4cccc(N5CCNCC5)c4n3C)n2)c1,42,-7.919,34.0,5.0,10.998133182525635,ok,b7c7f571f06dcead,42,836f02c59546c05a1415a30809987073730fd7d1e48eeae9358a56d69f69a914
CN(C)C(=O)c1cccc(C(=O)Nc2cc(N3CCOCC3)ccc2F)c1,42,-8.419,27.0,4.0,5.677983045578003,ok,560056c6eb74c295,42,3548ff5ce09de66a627928e4860f390ea532eaabdf6c15029b5e051b86c141f8
CN(C)C(=O)c1cccc(C(=O)Nc2cccc(N3CCOCC3)c2)c1,42,-8.65,26.0,4.0,5.854154109954834,ok,83f5ae47d6071495,42,de92db56aa3962e757c04f8cb82751876bbde4837a2da833c8ca867c7774867a
CN(C)C(=O)c1cccc(NC(=O)c2cccc(N3CCOCC3)c2)c1,42,-8.472,26.0,4.0,6.183552026748657,ok,e62585fb58823e0d,42,f97f6566f979c484573300d62e3d0d1466d86dde15a0e7894720c8500d5ae983
CN(C)C(=O)c1cccc(NCc2ccc(CO)cc2)c1,42,-7.958,21.0,6.0,4.3475329875946045,ok,d6c5894ef0c6692e,42,2db7487c3d1f449b4bbd63ad4e2a3a9b978a6312b878b1ebe2cf72e25ecaa9b7
CN(C)C(=O)c1cccc(Nc2ccc(S(N)(=O)=O)cc2)c1,42,-8.19,22.0,5.0,3.9199578762054443,ok,ad912fbd4ecec5ce,42,b67c24afcda1c1cde56c2e40fe66982da52748d7171798617df67c7283ec12de
CN(C)C(=O)c1cccc(Nc2cccc3c2CN(C)C3=O)c1,42,-9.061,23.0,3.0,4.662475109100342,ok,dcc03e4cd89ac3bd,42,6521e5dadee3cb063b0e627c85f37e5bffde3477e068559f15044142b31efbcb
CN(C)C(=O)c1ccccc1Nc1ccc(N2CCOCC2)cc1,42,-7.775,24.0,4.0,4.862358093261719,ok,44213d4bd06486b3,42,d8eda3ebf2cf1a53398cdcf48b3b3b67bed74488c1b4fc2ce4395eb95a6d5f6d
CN(C)C/C=C/C(=O)Nc1ccc(C(=O)Nc2ncc(SCc3ncc(C(C)(C)C)o3)s2)cc1,42,-7.235,34.0,9.0,16.371173858642578,ok,90dfc4412db402e5,42,54f6f9caeef8f041713ca47be22857480e6a565e7b42e77ed1bcfcdac4bafe87
CN(C)C1CCN(c2ccc(NC(=O)c3c(Cl)cccc3Cl)nc2)CC1,42,-7.403,26.0,4.0,4.668785810470581,ok,6694a84a1f8a58c3,42,757f5d0fb2eaec524572a5916c9f8bd4e7cd670ab85da7ef1f516a74a201f494
CN(C)C1CCN(c2ccc(Nc3ncc4cc5n(c4n3)C3(CCCC3)CNC5=O)nn2)CC1,42,-9.136,34.0,4.0,8.430428981781006,ok,df92a7cd4a130403,42,ae9188d366e99b1f610a7025642e90762af15ca884064fa8a7f44ca1de743ddd
CN(C)C1CCN(c2ccc(Nc3ncc4cc5n(c4n3)C3(CCCCC3)CNC5=O)nn2)CC1,42,-8.849,35.0,4.0,13.04517388343811,ok,0a1f7001e0b65c5c,42,930e87534bc993c75599686604c1d556c13b4bb05fdb2b84ba572b74c924782c
CN(C)C1CCN(c2ccc(Nc3ncc4ccn(C5(CNC=O)CCCC5)c4n3)nc2)CC1,42,-8.046,34.0,7.0,12.338862895965576,ok,6c2f0159cfd6a0ca,42,b5c1f85d610452320bdbdb71da811024b298941a574031bb24c41d690b64b030
CN(C)CC(=O)N1CCc2nc(Nc3ncc(F)c(-c4ccccc4O[N+](=O)[O-])n3)ccc2C1,42,-8.707,34.0,7.0,9.9451162815094,ok,37343c295470a7f6,42,5b4ed7d478bb49097a33058583aa6c188152919486495850321dbe041238b87e
CN(C)CC(=O)NC(=O)c1cccc(-c2ccccc2)c1,42,-8.426,21.0,4.0,3.8532798290252686,ok,6ecb72fa662f729c,42,89c1bfcbe003a1dfdc80a8988f01f2ab5ed9c03ecd51a0ef5ba11b31cb3bc490
CN(C)CC(=O)NCc1cccc(-c2ccccc2)c1,42,-7.845,20.0,5.0,4.022661209106445,ok,247045a7f7882dd7,42,1feaaf966097065576ccbbbc1698bc2e28e24c8afa006567dc481abdc48f828a
CN(C)CC(=O)NCc1ccccc1-c1ccccc1,42,-7.699,20.0,5.0,4.615506887435913,ok,743c0621901ce96f,42,44ed9610119e6d62bd3497399ef2e6099f6cafe07dac971ef630482a5bb6030c
CN(C)CC(=O)Nc1cccc(-c2cccc(N(C)C)c2)c1,42,-7.755,22.0,5.0,3.9705259799957275,ok,43626344f6d59741,42,bdd23d5f69f82f03ec1f6a30cb01595eb7a785a5877e693de165fb174bc9650b
CN(C)CC(=O)Nc1ccccc1-c1cccc(C(=O)N2CCOCC2)c1,42,-8.131,27.0,5.0,6.848088026046753,ok,42d0a38a59bc33d9,42,c64ed6c2bee88ff298623bda48d14653ed03d8451fff5966fabe811a4db78d24
CN(C)CC(O)COc1ccc(NC2=Nc3cc(c4ccc(Cl)cc4n3)N2)cc1,42,,,,5.136375904083252,prep_failed,8fac400803a5e5db,42,
CN(C)CC(O)COc1ccc(Nc2ccc(N3CCNCC3)cn2)cc1,42,-7.409,27.0,9.0,8.20686388015747,ok,87768314a762c3b1,42,1ee368744f2036234a7930861fee33681d795b42513f32aa6e90de677c2f578a
CN(C)CC(O)COc1ccc(Nc2ncc(Cl)c(Nc3ccccc3)n2)cc1,42,-7.968,29.0,10.0,10.069742202758789,ok,0937cf972ddf8a1e,42,f43989e9a7b69bfec86b5685480a1e7547c5473cd9d36acc4fc3ec95967ca6cd
CN(C)CC(O)COc1ccc(Nc2nccc(N(CC#N)c3cc(Cl)ccc3Cl)n2)cc1,42,-7.623,33.0,11.0,16.50861096382141,ok,69dfbde6dda28ce7,42,1d582f542bf5d2b91466d5acc60f9def1520c14a19698d315881b0ec4213f460
CN(C)CC(O)COc1ccc(Nc2nccc(N3CCN(C)CC3)n2)cc1,42,-7.773,28.0,9.0,10.901002883911133,ok,aba50e5c3c946a6d,42,62da5279031730294393363548e04e55773a0322f148615f77dcbebfb0efac81
CN(C)CCCN(C)S(=O)(=O)c1ccc(Nc2nccc(-c3cnc4ccccn34)n2)cc1,42,-8.475,33.0,9.0,15.294749975204468,ok,85d64c79bb6966f5,42,566f8c77971e8adde06bec1500745d04dbb37cb6a2d8a8d39b22db3b8cf16ec1
CN(C)CCCS(=O)(=O)c1ccc(Nc2nccc(Nc3ccc(F)cc3)n2)cc1,42,-8.213,30.0,9.0,11.50301194190979,ok,3ccbdf6a361886ae,42,5fb405c8e6b15a3c75dc420b54ceffe5a70cdc6408f5dede35a267da2eadd97b
CN(C)CCN(C)c1ccc2cc1COC/C=C/COCc1cccc(c1)-c1ccnc(n1)N2,42,-5.539,34.0,4.0,28.57490563392639,ok,83e147830846762e,42,2543a2f557d6b33b053d579e1f91b07c0de9dc393fe572f0f1d50efb9618b1b2
CN(C)CCNS(=O)(=O)c1ccc(-c2cccc(NC(=O)C3CCCCO3)n2)cc1,42,-7.716,30.0,8.0,10.719161748886108,ok,8baa8a2862aa859e,42,6492ebbb9c745f2118ff90d96b5690caf1d151d3cf7e5e55559b8a0ee582c2a7
CN(C)CCNS(=O)(=O)c1ccc(Nc2cccc(-c3cnc4ccccn34)c2)cc1,42,-9.127,31.0,8.0,12.166168212890625,ok,3aecae0be4d81b1a,42,33676e59928dd904af11f2df8711cedc44786fd87a55544e9a96d7f85fda60df
CN(C)CCNS(=O)(=O)c1ccc(Nc2nccc(-c3cnc4ccccn34)n2)cc1,42,-8.71,31.0,8.0,11.576122045516968,ok,825a35902a0235c1,42,1a865dc99212a05863c3734f6713bf8aae03e39daedac6568b033c8c9454c7b8
CN(C)CCNS(=O)(=O)c1ccc(Nc2nccc(-c3cnc4cccnn34)n2)cc1,42,-8.547,31.0,8.0,9.824647903442383,ok,9a268260b1a6f735,42,3ff222124bb66e0bb0742ac07516bab573be6e16a619763a0143bcd021c4123c
CN(C)C[C@@H](OC(=O)N1Cc2c(NC(=O)C(C)(C)C)n[nH]c2C1(C)C)c1ccccc1,42,-7.258,31.0,5.0,12.780832052230835,ok,a11911ebc0ba93b4,42,7de9f1a453d7114e1e8dd0cf026ab1c271c56e94e1786cf9d5dd9eaddf866388
CN(C)C[C@H](O)COc1ccc(NN2CCN3C(=O)OC(C)(C)CC3C2)cc1,42,-7.572,28.0,8.0,11.320746898651123,ok,9b292b758364771f,42,97d97744c7cb2596203e7159040396ee7380bdef488c4ccc684d1b47072f282d
CN(C)C[C@H](O)Cc1c(O)cc(O)c2c(=O)cc(-c3ccccc3Cl)oc12,42,-7.835,27.0,8.0,9.190791130065918,ok,eb3b1e8dfaaa625d,42,95281e5394a697b311d7d51353cf5a3479c0ad0991b43f63dac73001c47eed36
CN(C)Cc1ccc(C=CC(=O)c2c(O)cc(O)c(C3CCN(C)CC3)c2O)cc1,42,-7.526,30.0,9.0,10.615869045257568,ok,eea84564630ea51a,42,0bd00d00ae7893489d11c0f48978cd6fffc8399a2cdd1927d0d6a7ae6c7b9f8f
CN(C)Cc1ccc(NC(=O)c2ccccc2)c(C(=O)N(C)C)c1,42,-7.254,24.0,5.0,5.007568359375,ok,5b7a8ef06fc73448,42,303f086f6dd9a3aed9804e359f30beccac07ab404b6ce09ad0f930582b4ebd19
CN(C)Cc1ccc(Nc2cc(OCC3CCCCC3)nc3ncnn23)cc1,42,-7.841,28.0,6.0,8.788650035858154,ok,96e04361763031d9,42,fca05929b188e7fd1316c4121452e77064c6e38ea569d21ea8c5995bab5e404d
CN(C)N1CCc2nc(Nc3ncc(F)c(C4CCCC4)n3)ccc2C1,42,-8.902,26.0,4.0,5.166050672531128,ok,1d587b7b9daff900,42,02a1e1e0440ccbe1a2219388467dbf1397e1a7d89bfdc51e4eba19162c33d1a7
CN(C)S(=O)(=O)c1ccc(-c2ccc(CO)cc2)cc1,42,-6.807,20.0,5.0,2.995342969894409,ok,edfa5d4444349125,42,af2e616dd716801d0068f378703ff2d2e7dbaa336233b9f413dd00dcf4079fd1
CN(C)S(=O)(=O)c1ccc(N=Cc2c(O)[nH]c3ccc4ncsc4c23)cc1,42,-8.142,27.0,5.0,5.022863864898682,ok,fc342da9086b1589,42,9499c3076feca7afaccbabd7e0b719b2f4aca37d1d8c8c1bb364e01f62ebfc90
CN(C)S(=O)(=O)c1ccc(Nc2cc(N[C@H]3CC[C@H](N)CC3)nc3c(Br)cnn23)cc1Cl,42,-9.404,32.0,6.0,9.814902782440186,ok,e5c68d2af801695a,42,8f77cfd6c6b12cadfd03fd52c5c35af962f33b0a4706a6a3ad4436d62ecb62db
CN(C)S(=O)(=O)c1ccc(Nc2cc(N[C@H]3CC[C@H](N)CC3)nc3c(C#N)cnn23)cc1,42,-9.071,32.0,6.0,11.322055101394653,ok,67c18fc8c708fd1c,42,e545384bf52f88a4fd0654fc486da27919349f54c89cd8e2eea53a08cb50e263
CN(C)S(=O)(=O)c1ccc(Nc2cc(N[C@H]3CC[C@H](N)CC3)nc3c(C4CCCC4)cnn23)cc1,42,-7.879,35.0,7.0,16.453613996505737,ok,6af39636a48b889a,42,990d817fa914b69135d01985592e7e521066546137a9d757aaa8ea45305bfec8
CN(C)S(=O)(=O)c1ccc(Nc2cc(N[C@H]3CC[C@H](N)CC3)nc3c(Cl)cnn23)cc1,42,-7.892,31.0,6.0,10.029652833938599,ok,148ce2f239a571c3,42,dca83a41e1565ec663f2c8f19d0ba804588eee1df7ad1c48a36904a5cd14fc34
CN(C)S(=O)(=O)c1ccc(Nc2cc3[nH]c(-c4cn[nH]c4)cc3cn2)cc1,42,-8.598,27.0,5.0,5.5096330642700195,ok,2cfa51759434087a,42,7e4fac59c3a3fa60791f83e21afd3b2845735ea74a8e13465bbf1af879fac67b
CN(C)c1ccc(N2CCN(C(=O)c3cccc(C(=O)O)c3)CC2)cc1,42,-7.626,26.0,4.0,4.00149393081665,ok,12efc5278abba738,42,09ad5271593dfa86594a9666cacf2532fb899b0e0b40306ba43f626a40a498df
CN(C)c1ccc(N2CCN(C(=O)c3ccccc3)CC2)cc1,42,-6.93,23.0,3.0,2.6103391647338867,ok,0ccf5a5b5dbdbccb,42,813aabd009e0a40ad533ffd3ee087236fa929f4069129da510e1e561541717ae
CN(C)c1ccc(Nc2ccc(N3CCOCC3)cc2)cc1,42,-7.209,22.0,4.0,3.2019150257110596,ok,44e170e59853ea2a,42,9532898f59769f4282c47917293b87c317393cbae8bf1d30c61e059170a9033a
CN(C)c1ccc(Nc2ccc(S(=O)(=O)N(C)C)cc2)cc1,42,-7.502,22.0,5.0,4.085577964782715,ok,ac91618a33b402fc,42,be66aee54a371b3e5ae1ed370ff4e4e80a4839eeca34c99edfdb68d57b1f1827
CN(C)c1cccc(C(=O)Nc2ccccc2N2CCOCC2)c1,42,-8.25,24.0,4.0,7.9214768409729,ok,6a0322133569ee3f,42,efc1f2329cd3e245659a559c9f4e28c1220c3b4493823c7cea91bd835288a8d9
CN(C)c1ccccc1C(=O)NC(=O)Cc1ccccc1,42,-7.668,21.0,4.0,3.9049417972564697,ok,6327557b4ac6c607,42,74b3ae327f0a11f9117602599725d3a9b8f70b9aa5193b0e1c2931e368d323ff
CN(CCC(=O)Cc1ccccc1)CC(=O)Nc1sc2c(c1C(N)=O)C=CC2,42,-7.359,28.0,9.0,15.10172986984253,ok,e0dbe7404a15a7d3,42,c17d5f8388dc14fb5f8acb4c2f54423c283185ac08c97f745a4629a1f48e4bae
CN(CCc1ccc(N2CCNCC2)cc1)C(=O)OC(C)(C)C,42,-7.011,23.0,4.0,6.621779918670654,ok,fdb9ea2d3c3fb7cb,42,0598581fb2af3acf73edb81ef252377141ded899c126d5e7fbe3b0d6b0247420
CN(CCc1nn(C(C)(C)C)c2ncnc(N)c12)C(C)(C)C,42,-7.152,22.0,4.0,4.6467390060424805,ok,3ee136aa09eac32c,42,82422a01ff8443b6f155f5feec232c5a0f6e30d8cba66ce47cf00c04d2816875
CN(c1ccc(-c2ccc(S(N)(=O)=O)cc2)cc1)C1CC1,42,-7.648,21.0,5.0,4.576101779937744,ok,431b4b144a7c264c,42,4b3d0118ed7555364108443d4ccc9217838f10271c2614eecb82691b55159f5c
CN(c1ccccn1)S(=O)(=O)c1ccc(N=Cc2c(O)[nH]c3ccc4ncsc4c23)cc1,42,-7.444,32.0,6.0,10.549122095108032,ok,d5804e420d6c3c94,42,3e570ad17225b3b1099c84f36a07c62d55f14dc79a80e508b362247abb5cf701
CN1C(=O)C(N2CCc3cn(CC4CCS(=O)(=O)CC4)nc3C2=O)COc2ccccc21,42,-5.691,32.0,3.0,16.95701789855957,ok,eb17d5620e5db27a,42,2b4a3d3bc7c2f3c53cc71635ce6b843cda05fbac752d791768c661af5de37d7d
CN1C/C=C/CCOc2cc(ccn2)-c2ccnc(n2)Nc2cccc(c2)C1,42,-6.836,28.0,0.0,14.207938194274902,ok,32d79a88f1c8a7d9,42,57f048e98236b24c4fcba6078ad254f64019f3e88b88c74e16ae7c39b090b327
CN1C/C=C/CCOc2cccc(c2)-c2ccnc(n2)Nc2cccc(c2)C1,42,-7.044,28.0,0.0,15.318964958190918,ok,3087a2d80c4c8b23,42,755e57e47fb54d7e7b6db219a6b59cb637c43edc1179a88d9b9af6086606d6ec
CN1C/C=C/CCOc2cccc(c2)-c2nc(nc3[nH]cnc23)Nc2cccc(c2)C1,42,-5.033,31.0,0.0,17.16904902458191,ok,60f246d7d1afcc75,42,6128c2ed49a23dc4bcfb9e7e002598077b7ba942b40d9d5a9e67a4f2b7b1d1e6
CN1C/C=C/COCc2cncc(c2)-c2ccnc(n2)Nc2cccc(c2)C1,42,-7.385,28.0,0.0,13.41688871383667,ok,130d97cd28e45040,42,8ae76e8e1c40eaa9d18c02ee9cfc7684e7b2967af3606258e87f8533525081cc
CN1CC([C@@H](NC(=O)c2ccc3cnccc3c2)c2ccc(Cl)c(Cl)c2)C1,42,-8.751,27.0,4.0,6.12030291557312,ok,4dfef2594292e6ae,42,f9a6845e84ed2bb872e959641f6b8816da47dcf4044f9c935fadd1ba99a2b7e9
CN1CC=C(N2CCc3nc(Nc4ccc(N5CCCC[C@H]5CCO)cc4)ccc3C2)C1,42,-8.161,32.0,7.0,9.879848957061768,ok,07ad1515f348429c,42,0605dbdcb15c41f64b708967778bc23c834f7e78f3c67246d363b730aafb5b8b
CN1CC=C(c2cnc(Nc3cnn(C)c3)nc2OC2CCCCC2)CC1,42,-7.383,27.0,5.0,7.032499074935913,ok,86ff1f5ef178f9be,42,01a695fd35298431885695c0d637889e1de3eae3a20f19bfa9726e8bfd01c7ba
CN1CCC(Cc2cn(C)c3ccc(C(N)=O)cc23)CC1,42,-8.456,21.0,3.0,2.9508259296417236,ok,41a590202a41d8e2,42,d04ac83a116df5051760d81931b455353847ec1bd79325acb2a2bf2f030d1e59
CN1CCC(Cc2cn(C)c3ccc(N4CCCNCC4)cc23)CC1,42,-6.175,25.0,3.0,11.187272071838379,ok,592a6a0634c2778b,42,b0018d0db0264c0e180a18905d5a07ae391041a09e765aefd62d500e699dbd95
CN1CCC(NC(=O)c2ccc(-c3cccc(Cl)c3)cc2)CC1,42,-7.698,23.0,3.0,2.6470179557800293,ok,2bdc58d8bb0a6ff9,42,b93eba2104f7be03fe1e2e8a8bf4440b976051fb9405b7672b8da3ff2cde6eaf
CN1CCC(NC(=O)c2ccc(NSc3ncc(F)c(C#N)n3)cc2)CC1,42,-8.3,27.0,5.0,7.260082006454468,ok,f9ce83e7ea0cf41b,42,2eefdab66db10667cfd532d58e978f0abea36f880ff20f7803268ba55d5f8c37
CN1CCC(OCc2ccc(Nc3ncc(F)c(-c4cc(F)c5nc6n(c5c4)C(C)(C)CC6)n3)nc2)CC1,42,-8.375,38.0,6.0,17.857550144195557,ok,34b613b23e45133a,42,15f5aa9fea82399cc5f0443eee60249a6f8e3efe53496724b21b6c88fcc103b9
CN1CCC(Oc2ccc(Nc3ncc(F)c(-c4cc(F)c5nc6n(c5c4)C(C)(C)CC6)n3)nc2)CC1,42,-8.516,37.0,5.0,15.90321397781372,ok,e06c9eb89333e6c9,42,356750c544b92db27475ece0e5933ed61bdf89b146d1fb3464d118daa6b14955
CN1CCC(Oc2nc(Nc3ccc([S+]([O-])C4CC4)cc3)ncc2C(F)(F)F)CC1,42,-8.209,30.0,6.0,7.932325124740601,ok,237234f9b5ca545e,42,e803b3982534a2e9b052b71f22bf57d9428abb22aeae0d16399d4d57e45df213
CN1CCC(c2ccc(-c3ccc(S(N)(=O)=O)cc3)cc2)CC1,42,-7.988,23.0,4.0,3.4264729022979736,ok,b8a4fa21dfa79b40,42,9e03e13363a58c728bc5241787d470041ca0ba2f717c7557844302826e33cc18
CN1CCC(c2ccc(NC(=O)c3ccc(F)cc3)cc2)CC1,42,-8.281,23.0,3.0,3.1860620975494385,ok,0b97e2edb69ba98d,42,abca87cf9f125942d7b5f7895a51bb39300c9ad58e17d9d25c4d073f2f997f26
CN1CCC(c2ccc(Nc3ccc(S(N)(=O)=O)cc3)cc2F)CC1,42,-9.012,25.0,5.0,4.789716005325317,ok,b61de1fcd814ba64,42,551365031b62c7929a56d09d735c98b120e41706dd8c28d28ce6deb3ce856665
CN1CCC(c2ccc(Oc3ccc(S(N)(=O)=O)cc3)cc2)CC1,42,-8.392,24.0,5.0,4.597927808761597,ok,df848ba01a2d55b2,42,e90c4130f9169c81e1dfa1f27b5740681d5125c17fbb3cb1cf473d293c711c2d
CN1CCCCN(c2ncnc3cc(Nc4ncc5c(n4)-c4c(c(C(N)=O)nn4C)CC5)ccc23)CC1,42,-6.951,37.0,4.0,23.49147915840149,ok,0efb426f4bdea82b,42,5f42d891c58542888afd43645eb77000e37758bb154be09b0bf9451ce4f79b25
CN1CCCN(Cc2ccc(-c3ccc(S(N)(=O)=O)cc3)cc2)CC1,42,-6.818,25.0,5.0,12.329903841018677,ok,5ee19c0314ae1be3,42,dae62f6c4e12432bee636690aa15b0108abf91a134f6e8fa340889e554b21cef
CN1CCCN(NCc2cccc(-c3ccccc3)c2)CC1,42,-6.761,22.0,4.0,9.683191061019897,ok,818fc46bd8f15d82,42,cadd0d4a257df420d2116a3583f7400330a713a116705c97067813454832974a
CN1CCCN(c2ccc(-c3ccc(S(N)(=O)=O)cc3)cc2)CC1,42,-6.025,24.0,4.0,10.110363960266113,ok,6c6560c9ed7749af,42,22dbf070a2d4554a39c877f8fa8639c261380085461ab3fb4679fd9957680fbb
CN1CCCN(c2ccc(CN3CCCNCC3)cc2)CC1,42,-4.611,22.0,3.0,16.829922914505005,ok,88b8cf46be798381,42,5b4686525aa8f23534b794b9aaf7f6b843bc639f3dd5caff8964a4d1861795df
CN1CCCN(c2ccc(N3CCCNCC3)cc2)CC1,42,-4.153,21.0,2.0,15.700515985488892,ok,83c50d635dc37238,42,4a8c84c4b62d744e62d092c545e40966853e71bf71b7f05a33fb87eea461db35
CN1CCCN(c2ccc(Nc3ccccc3)cc2)CC1,42,-6.382,21.0,3.0,8.228842973709106,ok,b5a5daf1031c9ee6,42,3c80e4f9328dafb64aa917463982f6262fc35d88d653f741c03341a6278cb912
CN1CCCN(c2cccc(C(=O)Nc3ccccc3)c2)CC1,42,-6.633,23.0,3.0,10.620965242385864,ok,59b330bee350762c,42,31c5a9a22d29715220dd863878761043195bc5441ef50bee74c87bdff27c382e
CN1CCN(C(=O)NC(=O)c2ccc(Cc3ccccc3)cc2)CC1,42,-9.014,25.0,3.0,3.6017560958862305,ok,76c08e90ec1f7d67,42,07645249a1a1e5eae772ba871e2f367f2909050a8debe220f39bb010277631a3
CN1CCN(C(=O)Nc2ccc(Cc3ccccc3)cn2)CC1,42,-8.225,23.0,3.0,2.90828800201416,ok,09b6df545e80a219,42,10c7b81e22c3cec27c1cd9c702ad73f1c1f96735b138309daa5f1d34ea301f3d
CN1CCN(C(=O)Oc2ccc(Nc3ccccc3)nc2)CC1,42,-8.288,23.0,3.0,4.689538955688477,ok,1646be24daa10c00,42,53ffc1cdf808dfdd09caed593c6c6a22e3963bccf9d00183b7d84320c2f3e2f9
CN1CCN(C(=O)c2ccc(CNc3ccc(Cl)cc3)cc2)CC1,42,-8.163,24.0,4.0,4.519643068313599,ok,35f81226da78ee00,42,f0b4c8ee28c4f418de64aff3027fd593b9fe828c0cc3e0a546982e84f6deff40
CN1CCN(C(=O)c2ccc(Nc3ccc(N(C)C)cc3)cc2)CC1,42,-7.933,25.0,4.0,3.850353956222534,ok,85ec7aba64356a31,42,b6a10f76ae1bd39df5f1c424436a147f3a004ba8017ef366b3f48ecf14176fbd
CN1CCN(C(=O)c2ccc(Nc3ccccc3)cc2)CC1,42,-7.831,22.0,3.0,2.998015880584717,ok,ba9f6e8b537d7a4b,42,4c2568b6d1ff17e4cf5d913242c43a4eb7ad58d7e8ac9944e00d32cd082a065d
CN1CCN(C(=O)c2ccc(O)c(-c3ccccc3)c2)CCC1=O,42,-6.637,24.0,3.0,12.826003074645996,ok,9371966f6bbeb334,42,4e85e8882760f677341eff63cc3018170f5eb031bb7f219da80d93ba5cd7349c
CN1CCN(CCC(=O)NS(=O)(=O)c2ccc(Nc3nc(N)n(C(=O)c4c(F)cccc4F)n3)cc2)CC1,42,-9.085,38.0,9.0,22.13118815422058,ok,b449e894117bc75e,42,d1b7f2d2ca7f42ae696fea5ecdbaa7428505d4f2850f794a1cb1645f52361a8f
CN1CCN(CCCCOc2c(OCc3ccc(C#N)cc3)cc(O)c3c(=O)cc(-c4ccccc4)oc23)CC1,42,-8.198,40.0,11.0,35.01204991340637,ok,03fdcbda1103fcc9,42,b661dbebfc740a804c86d908306fe75580608018cb9b0b97f2bff66500082c40
CN1CCN(CNc2ncc(Br)c(Nc3cc(C4CC4)[nH]n3)n2)CC1,42,-8.082,25.0,6.0,7.610095739364624,ok,9b39644813362389,42,91da843c02b43e13f250110f1eb7d7ac22c3091eb7e59c414dd256f2716b4c62
CN1CCN(C[C@H](N)CNc2ncc(-c3ccc4c[nH]c(=S)cc4c3)s2)CC1,42,-7.625,28.0,7.0,9.185542106628418,ok,79433777e42d28d9,42,57929725d0e9f05cf674f44f6a0d37f78e65aa6d9b3c15d0fc7021183cbad1bb
CN1CCN(Cc2cc3c(N)ncc(C4CCC4)c3s2)COC1,42,-6.463,23.0,4.0,12.299373149871826,ok,f194e23cd01ed9cc,42,34ee05066798e580fe9bf3945d1dc00fc6cf36e1d2a89cfd48110e868ef62381
CN1CCN(Cc2ccc(-c3cnc4[nH]cc(-c5ccc6[nH]ccc6c5)c4c3)cc2)CC1,42,-10.06,32.0,4.0,7.692811965942383,ok,857e1556d43146a9,42,5ce11c3c42e2c8be1f2fd2c8d84be32311fd3e2d035524e491c96c8f0342cd72
CN1CCN(Cc2ccc(C(=O)NC3CCC3)cc2)CC1,42,-7.299,21.0,4.0,3.5543668270111084,ok,3d3d1b218f971f32,42,5f7587b17d7b6d438215f00a4d3edbad27ce42560a551e7780f480752e2b2903
CN1CCN(Cc2ccc(N3CCCNCC3)cc2)CC1,42,-5.314,21.0,3.0,8.715351104736328,ok,12efa391b2739d96,42,fa0c69ec7e9b5c660c429be2acdb6c399771d6e40e4c027a157d674f8e3c5464
CN1CCN(Cc2ccc(NC(=O)c3[nH]ncc3Nc3ccncn3)cc2)CC1,42,-8.459,29.0,6.0,8.272599935531616,ok,8d6dfc474a273737,42,e2c3477c4eda1df32dfa71d1178b8674c5ae611602e3c060b69a5c337bcb740c
CN1CCN(Cc2ccc(NC(=O)c3[nH]ncc3Nc3ncnc4[nH]ccc34)cc2)CC1,42,-9.358,32.0,6.0,9.09632420539856,ok,ef146398f65713df,42,aa959af01c6092af78167250d230eba2373f8517cd935efe9044edd0c8bb41a6
CN1CCN(Cc2ccc(O)c(-c3cccnc3)c2)CC1,42,-8.015,21.0,4.0,3.800199031829834,ok,651218d5b6d26ed2,42,84d89b4c23f821643dd7ce59882823d3a8c928d3d9a0f3ffba7389609c10f45b
CN1CCN(Cc2cn(C)c3ccc(C(N)=O)cc23)CC1,42,-8.009,21.0,3.0,2.982999086380005,ok,e1a06709e118d302,42,e826bdce9876a5ba88940135dafe8aea07182435d8d10dfa43fa289bae45197d
CN1CCN(NC(=O)NNC(=O)c2oc3ccccc3c2CN2CCN(c3ccccc3)CC2)CC1,42,-9.145,36.0,5.0,17.337349891662598,ok,994297811bebebc5,42,d1e24d16aba04e5845e319bda8fd5ec059ff29051a83e998b7c44ebc5aaec0b1
CN1CCN(NC(O)c2ccc(Nc3ncc4c(n3)-c3c(c(C(N)=O)nn3C)CC4)cc2)CC1,42,-9.342,34.0,7.0,11.321294069290161,ok,82ea5d645557885f,42,0e208fdb015253e68de934aa98551c4722064e35dd885953fec370c417372b1c
CN1CCN(NNSc2cnc(Nc3ncc4c(n3)-c3c(c(C(N)=O)nn3C)CC4)nc2)CC1,42,-8.737,34.0,7.0,12.451310873031616,ok,4036e51d39c1b67a,42,2c8c310ffa4832020f38a9aea84431ecb150f3fea6df54fe034f281a7abccb46
CN1CCN(Nc2ccc(Nc3ccc(S(N)(=O)=O)cc3)cn2)CC1,42,-7.661,25.0,6.0,4.832237005233765,ok,941d9a7fa99fcae3,42,cf4b2ab6dc4dc47a420668d5e684bba08223664c2fb9e9cb16d39d4316cb4230
CN1CCN(Nc2ncc3c(n2)-c2c(c(C(N)=O)nn2C)CC3)CC1,42,-7.325,25.0,3.0,4.295423984527588,ok,01fa1bc1db167c9c,42,c5671ab7200ea0f4fbb7fcd9261fdac8aae2ec08049717faa914e974858fa4ea
CN1CCN(c2cc(NCc3cccnc3)n3nccc3n2)CC1,42,-7.38,24.0,3.0,4.9308648109436035,ok,1cbef10238313119,42,691f683468cc0d8c1a98ff5e9bed7aedd16cd166f029f4c8658919fc736a5263
CN1CCN(c2ccc(-c3ccc(CO)cn3)cc2)CC1,42,-6.961,21.0,4.0,2.7166459560394287,ok,eed7d216326dc432,42,bbcd213e15af5b867c0cc6c137ea3a2c59366ba177cc012779897d1ae23d7208
CN1CCN(c2ccc(-c3ccc(CO)nc3)cc2)CC1,42,-6.87,21.0,4.0,2.59440016746521,ok,7020a291f25d606d,42,5dbbe94af7a48486c34c4571870f656289c86ce739f3f586b90adf48e062bc50
CN1CCN(c2ccc(-c3ccc(S(N)(=O)=O)cc3)cc2F)CC1,42,-7.668,24.0,4.0,3.793073892593384,ok,f01a9c0258202f66,42,5b9b9ba871053bf07460cdef4106c76a37f4af8c8ffa9e40d10e38ff72beaa46
CN1CCN(c2ccc(-c3cccc(F)c3)cc2CO)CC1,42,-6.841,22.0,4.0,3.240880250930786,ok,8afaf2a103b40a8f,42,e52e3a47a69610d80397e45fe66b2fe5233ef854644b6b8802b84928659500f9
CN1CCN(c2ccc(-c3ccccc3CO)cc2)CC1,42,-7.206,21.0,4.0,2.752807855606079,ok,97fdb86b9b690d85,42,facf51d224bb4ab54e4eeef760f0f61e94ecf3d39524dcf0fd0611d6eb08832f
CN1CCN(c2ccc(C(=O)NCCc3ccccc3)cc2)CC1,42,-7.976,24.0,5.0,3.34991192817688,ok,c676f0d134343d59,42,1bb672f47ff20b8e1b9b3ed89973cd6f9ab2bc7281cd2a3989e186708e5a9ee4
CN1CCN(c2ccc(C(=O)NCc3ccccc3)cc2)CC1,42,-7.682,23.0,4.0,4.841958045959473,ok,a4afa7442351ffaf,42,551aaf638cef7d5ecfbfcd1b09c50393910f839657c22e879139fbbf821016e8
CN1CCN(c2ccc(C(=O)Nc3cncc(Cl)c3)cc2)CC1,42,-7.362,23.0,3.0,3.1761536598205566,ok,69df391ccbf073f6,42,84272c64cda694b52c1f11579ff88a51bb001ff5049f3658acc569b78b9fd267
CN1CCN(c2ccc(CNc3ccccc3)cc2)CC1,42,-7.694,21.0,4.0,3.052422285079956,ok,a535e5995ba0cbcb,42,ff4019ce9edc89a03f222baa772f1c8e692df9641e93676c79aedcff5b8ba663
CN1CCN(c2ccc(N3CCCNCC3)cc2)CC1,42,-4.953,20.0,2.0,6.976688861846924,ok,2d072a8b41c15c5c,42,1c17c711e4b5a5a098b73c2bb1bf7970a3cc03e7e9238ee8185349c3ed7e8abd
CN1CCN(c2ccc(N=Cc3c(=O)[nH]c(O)c4ccc(-c5ccc(C=O)cc5)cc34)cc2)CC1,42,-6.621,35.0,6.0,13.599072933197021,ok,621687e61c3be382,42,8eac8874ec8820558f5c6aace330e5450a08d09b8836fc1aec8511814383a59c
CN1CCN(c2ccc(NC(=O)Cc3cccc(Cl)c3)cc2)CC1,42,-7.618,24.0,4.0,3.9247798919677734,ok,41527ca825e59bf2,42,1c0d8b23e0e61c4f5f48ff0aae28ddbd2ef4be0dabe1e0ccff57f8befcda27f0
CN1CCN(c2ccc(NC(=O)c3ccccc3)cc2)CC1,42,-7.463,22.0,3.0,3.30293869972229,ok,32ebb709a883cb89,42,3717bbb02c153b2aedbaee5d8dec4c7b77d3aa31cc691309c7451067c5439e04
CN1CCN(c2ccc(NC(=O)c3ccccc3)nc2)CC1,42,-7.24,22.0,3.0,2.971647024154663,ok,abc3ebaa9cff7943,42,e3924409da3de3654f032d8718da1571e7ba4e45e1d2249618ad89703fd56eb2
CN1CCN(c2ccc(NC(=O)c3ccccc3Cl)cc2)CC1,42,-7.724,23.0,3.0,2.737560987472534,ok,5ffd3ca4b2c6089f,42,d30d837a4463eaaf33e1a0e43a7924aeb4ed365d1cf183734a42cf63c8a8b1bf
CN1CCN(c2ccc(NC(=O)c3ccccn3)cc2)CC1,42,-7.021,22.0,3.0,3.1479170322418213,ok,4344f9309bdbafb9,42,1b526bee2182a6c5c78dc5a95df435eac72e1d0d89543b19ed8fd0e2e2a0ff58
CN1CCN(c2ccc(NCCc3ccccc3)cc2)CC1,42,-7.444,22.0,5.0,3.6699740886688232,ok,81fab99300cc1a0f,42,7b9b3278c6d950209e48bc4252bd0fc93d3b0c849bd816f09b4e7f86cd3165e9
CN1CCN(c2ccc(NCc3cccc(Cl)c3)cc2)CC1,42,-8.081,22.0,4.0,3.383452892303467,ok,cb5e04c7c14ad34b,42,64b8cacec9891df413ebaf1288fa6d1fa31ad203d0a07e20b13abbeacfaab5ec
CN1CCN(c2ccc(NCc3ccccc3)cc2)CC1,42,-7.816,21.0,4.0,3.293851852416992,ok,c0894b03faa9c239,42,320f31745194e435a34d7254bd4eb31b1b788873414359fabdc98302a8d240df
CN1CCN(c2ccc(Nc3cc(-c4c[nH]c5ccccc45)ncn3)cc2)CC1,42,-9.467,29.0,4.0,5.636043071746826,ok,e491ea78608ad04f,42,1416f8aec344bcda5c7a0c16eb4c06e84188314e27d1ff7b60821357fc8abbb1
CN1CCN(c2ccc(Nc3ccc(F)cc3)cc2)CC1,42,-7.722,21.0,3.0,2.844895839691162,ok,4736c2284629238d,42,e137f6a74ed2bcf772540ad0337629d93cbac53799ba18deb89ad84b297e58c0
CN1CCN(c2ccc(Nc3ccc(Nc4ncc5c(n4)-c4c(c(C(N)=O)nn4C)CC5)cc3)cc2)CC1,42,-9.302,38.0,6.0,13.706598997116089,ok,06d7615f4d1b59d4,42,d1e7157cf2a34d67929b92b840696ebd077a2ae33bfd470d532a330902daef89
CN1CCN(c2ccc(Nc3cccc(S(N)(=O)=O)c3)cc2)CC1,42,-8.151,24.0,5.0,4.9688098430633545,ok,a66e74f8519dbdbe,42,b5d2d532c53ecaed966a3aaa3e18c32b5a3615fba06fd15f6cf7dac8a9dc0bf8
CN1CCN(c2ccc(Nc3nccc(-c4cnn5ncccc45)n3)cc2)CC1,42,-9.476,29.0,4.0,6.3430140018463135,ok,88a812b1575531e9,42,789bb05f6a78ab963fa6bcf5d1d83171dea44d8e01a7e6ff29281532c4b597c5
CN1CCN(c2ccc(Nc3nccc(-c4cnn5ncccc45)n3)cc2C(F)(F)F)CC1,42,-9.92,33.0,4.0,8.877422094345093,ok,7f10bb5e19accdae,42,68590c7cb662cce8c827dff401d11708005c3eccca585b1d13a33ff465268a60
CN1CCN(c2cccc(NC(=O)c3ccccc3)c2)CC1,42,-8.272,22.0,3.0,3.1900017261505127,ok,d908c3727e4dbf77,42,4795c465a3faf16ce9f097844fcc41131c53095f0b3aa930a85ec4e3737078c9
CN1CCN(c2cccc(Nc3ncc4c(n3)-c3c(c(C(N)=O)nn3C)CC4)c2)CC1,42,-9.078,31.0,4.0,6.550782918930054,ok,75cf081d73c36d52,42,7eb85b82fa1db61812f48d872d1ef674c4c51be7574192dd681e60d64c76b6d2
CN1CCN(c2cccc3[nH]c(-c4[nH]nc5cc(-c6ccc(CO)cc6)ccc45)nc23)CC1,42,-9.364,33.0,5.0,7.692456007003784,ok,cf801fa82b4084b8,42,ae3107cb70afbe8a8897e8c7f0305ed98d921aae89f5167516a0959e8c3fe6fb
CN1CCN(c2ccccc2Cc2ccc(N3CCCNCC3)cc2)CC1,42,-7.046,27.0,4.0,13.964741706848145,ok,74f681fd953e8a3e,42,5d1ff5d525bccfffd3b7d41e50f7bc7fd2e4409b55d0918c66cea4e66ec4fffb
CN1CCN(c2ccnc(NC(=O)c3ccccc3)c2)CC1,42,-7.511,22.0,3.0,2.888343095779419,ok,7918f95afc83f942,42,aa67eef75711079673426aeacc23fbb1abdb21ed197eb496bac3bf970e59bf09
CN1CCN(c2ccnc(Nc3ccc(S(N)(=O)=O)cc3)n2)CC1,42,-8.321,24.0,5.0,4.935815811157227,ok,270510d68efce7b1,42,a9c8e81ae682c1922d2c2ad8a9a8b6b68b3190f7d5c7289abcf1211c8637c8b6
CN1CCN(c2nc(-c3ccc(N4CCCNCC4)cc3)ncc2F)CC1,42,-5.534,27.0,3.0,12.410765886306763,ok,3cbcb531d049de40,42,9b62fc6750951ceb0bbb3dcbbf779de6aef6f3954f4113518809721e83e4445f
CN1CCN(c2nccc(-c3ccc(N4CCCNCC4)cc3)n2)CC1,42,-5.673,26.0,3.0,11.594591856002808,ok,f40fd6e30a6284ac,42,06ae1651352bb4fe4d54559df4075ab716a97a55d043c265d5247005cbe32ef1
CN1CCNN([SH](Cl)C(O)c2ccc(Nc3ncc4c(n3)-c3c(c(C(N)=O)nn3C)CC4)cc2)CC1,42,-6.957,36.0,7.0,28.19808292388916,ok,15050e097963fffc,42,1d1e5401e01a2c077b80174d3056689ee46d8626fd0a8ed22b16feb3d81f4b9a
CN1CCNN(c2ccc(-c3ccc(Nc4ncc5c(n4)-c4c(c(C(N)=O)nn4C)CC5)cc3)cc2)CC1,42,-6.812,38.0,5.0,27.559688329696655,ok,75fcdad4e61e5df5,42,811f56a0b6b4e0c96d13668852d83061613956698f909c58c7121c7519d55d98
CN=C(C)SC(=O)C(=O)c1ccc(Nc2ncc(F)c(-c3cnc(C)n3C(C)C)n2)cc1,42,-8.762,32.0,6.0,11.998613834381104,ok,26d464794bae68d6,42,bd1182a583b30d0f55d0796e5d78a250c3ecba366d2071e74af9f270b45cbf1a
CN=C(N)SCCCn1c(=O)c2c(c1=O)n1c3ccccc3cc1c1cccc3ccn2c31,42,-8.364,33.0,4.0,10.898630857467651,ok,22eda1734258677d,42,f007ff003884703c4b99a8044eb3709f890dd7c45ba6121782ca74b0e30ffec6
CN=S(C)(=O)c1ccc(Nc2ncc(Br)c(N[C@H](C)[C@@H](C)O)n2)cc1OC,42,-7.374,27.0,8.0,9.146062135696411,ok,d9208a36955381bc,42,8fc478889148fbba3572f6b22401e1ceff058cecff7e509b4b46ec29b637fc91
CN=S(C)(=O)c1ccc(Nc2ncc(Br)c(N[C@H](C)[C@H](C)O)n2)cc1,42,-7.708,25.0,7.0,6.745460033416748,ok,3b680144a8bd7cfe,42,a3d63e11f9ba38a8e391afe446d76b5f5a2f7fd49f419946b32182d4b5d7d5d2
CN=S(C)(=O)c1ccc(Nc2ncc(Br)c(N[C@H](C)[C@H](C)O)n2)cc1OC,42,-7.532,27.0,8.0,9.244776964187622,ok,95b06c5bfbace57b,42,615f0a508e33a9e33d138a0fa5ef15ec10b6c4d4f88c0be8c32dc906b57dd294
CNC(=O)C1CCN(c2ccc(C(=O)N(C)C)cc2)CC1,42,-7.098,21.0,3.0,3.770787239074707,ok,5d43a9779b0aab9f,42,7f607d7a2fedcc7c226c734f6c5c6ab71f068ac4209d234c0e7c3aba150c6f05
CNC(=O)Cc1ccc(-c2ccc(C(=O)NC)cc2)cc1,42,-7.523,21.0,4.0,3.4892630577087402,ok,5b545bf9acb8d0e8,42,8a3223405151f430270c784dac77cbd7f1a90e2647107e32028db3969d1cbe2b
CNC(=O)Cc1ccc(NC(=O)c2ccccc2C)cc1,42,-7.521,21.0,4.0,4.4696221351623535,ok,54db86a15f617c9f,42,be002cdedd8fb8deef6d2a6a3b1286f10e1b1c11243bd80e916ff10df6bc4dfa
CNC(=O)Cc1ccccc1C(=O)N1CCCCCCC1,42,-5.309,21.0,3.0,10.13973093032837,ok,42ab0c04aaf5d5a1,42,afdb0b8b8323ba49841f90260b2a30f41178b4cf29d4a9f74300e21db9590e22
CNC(=O)N=S(C)(=O)Cc1cccc(Nc2ncc(F)c(-c3ccc(F)cc3OC)n2)c1,42,-9.135,32.0,6.0,9.278239965438843,ok,bcb1952a816c64b4,42,a4b807a5a701ca3bc60fc62a1ee4fac9feb41c5d7b9beb9c3741f4a7b1d1d502
CNC(=O)Nc1ccc(-c2cc(-c3ccnc(-c4c(F)cccc4F)n3)cnn2)cc1,42,-9.488,31.0,4.0,6.665416955947876,ok,0af740879e320871,42,3a250f348d5c66ffe92e0331df7c4e3827eeff1545cf8e2d78e04553fe07681b
CNC(=O)Nc1ccc(-c2cc(-c3ccnc(Nc4ccc(C)c(S(=O)(=O)NC)c4)n3)ccn2)cc1,42,-9.436,36.0,7.0,16.2359402179718,ok,941b8d2eb62d665a,42,86b0d3a7edf366518ad296fbd6f148b0cb74841742660a96002611f2d339d95a
CNC(=O)Nc1ncc(Cl)c(-c2ccc(NC(=O)C3CCOCC3)cc2)n1,42,-8.954,27.0,4.0,6.012144088745117,ok,76386ce209aab37e,42,69d7141f9fa02c1344dbe7f9f9dc2b2edecc8af39c18775a253bd2e73feda766
CNC(=O)Nc1ncc2c(n1)-c1c(c(N(C)[C@H](C)CC[C@@H](C)N)nn1C)CC2,42,-7.257,28.0,7.0,9.066397905349731,ok,34d7d05c426af2c4,42,51f7909dd254b8d8a75974d6239dd16228555720a4b967cd8afb0ebee64d8a21
CNC(=O)c1ccc(-c2ccc(C(=O)N(C)C)cc2)cc1,42,-7.163,21.0,3.0,3.0309369564056396,ok,cab9a3bcf07d91a4,42,5aa9a9c32c3c90ca504b40df9e4fd54e59c96ea3ad58f8069c55d0668d5485e0
CNC(=O)c1ccc(-c2ccc(C(=O)NC)cc2)cc1,42,-7.635,20.0,3.0,2.3771259784698486,ok,b770b3b8a69545ed,42,04bbdd68505b6d4f79c8beab43e0f0362df899802b641eb0b54b04f51bf55ac3
CNC(=O)c1ccc(-c2ccc(CC(=O)O)cc2)cc1,42,-7.946,20.0,4.0,3.1325550079345703,ok,0908c256563d4181,42,a39354e0594624216b943ed5f15bac4381785250ef1df4ac7b583e4aa2095b75
CNC(=O)c1ccc(-c2ccc(N3CC=NCC3)cc2)cc1,42,-7.523,22.0,3.0,2.39717698097229,ok,a2745da244d2e565,42,2da80e030150fc034bd0a93714dae88de28a27b889154d25dc7dfd2501eb45b5
CNC(=O)c1ccc(-c2ccc(N3CC=NCC3)cc2F)cc1,42,-7.863,23.0,3.0,3.0045371055603027,ok,0ae5e177460edfe5,42,9a2fb4fa53a55b04780b262f5fc12e01d8c0539af06530614709c21c7878a656
CNC(=O)c1ccc(-c2ccc(N3CCCCCC3)cc2)cc1,42,-5.949,23.0,3.0,8.83063817024231,ok,e56da84012d3d81f,42,d46a28a640c0fb518be64b8a3d39b1168c2af913ca23eca9e2324dd2d87ccdc7
CNC(=O)c1ccc(-c2ccc(N3CCCOCC3)cn2)cc1,42,-5.779,23.0,3.0,11.36049509048462,ok,36cda3ffd53e24b8,42,1a929ae63a96786762296fe89e3e77f13f2db5d8cc75949185b5f3a61ee60460
CNC(=O)c1ccc(-c2ccc(N3CCN(C)CC3)cc2)cc1,42,-7.646,23.0,3.0,2.554906129837036,ok,3348f2864fd053ea,42,faee341f0c8841deb60a458dae4cfd16a4bbab59fb638a18a9e7853d8dceb3b1
CNC(=O)c1ccc(-c2ccc(N3CCOCC3)cc2)cc1,42,-7.508,22.0,3.0,2.1976990699768066,ok,041df3ca4ca6d1bb,42,1be3c5e11523bb85b700296ed6488f0e880b3d6f70bc16b72bc81788e008afc0
CNC(=O)c1ccc(-c2ccc(S(C)(=O)=O)cc2)cc1,42,-7.37,20.0,3.0,2.225066900253296,ok,7ed3a191c621b0b6,42,01afcbfc7d46216d15c4f144e74f356aa2810be28fcf459e37a5c3af2850ec63
CNC(=O)c1ccc(-c2ccc(S(N)(=O)=O)cc2)cc1,42,-7.704,20.0,4.0,2.567207098007202,ok,25e5b1b37a061699,42,0adc32c81d3d3979b1247055a9ce1d06b8e5e3f72bdd0b87aae5436a8254da99
CNC(=O)c1ccc(-c2cccc(C(=O)NC)c2)cc1,42,-8.674,20.0,3.0,2.742748737335205,ok,d0941e4ceb4629f6,42,d7d1a8588df85b47a5358a4a08b0a33f1877cd670adc228d724cbede04309e3e
CNC(=O)c1ccc(-c2ccccc2NC(=O)CN(C)C)cc1,42,-7.716,23.0,5.0,5.438802003860474,ok,ba31cde1e7f4b0af,42,8d8aa69c58a4a5debbfe9e2f649b6cfa6cf438c521e1f20669c066eb92e8ad14
CNC(=O)c1ccc(C(=O)N2CCC(c3ccc(F)cc3OC)CC2)cc1,42,-8.866,27.0,4.0,5.576409101486206,ok,638eba3a0b7433a7,42,8739b4dbc338a50c7e82532ea19f0542547e5cb4ebe8515dec109f7ad20db283
CNC(=O)c1ccc(C(=O)N2CCN(C3CC3)CC2)cc1,42,-7.109,21.0,3.0,3.1757800579071045,ok,0b1e3bdaa8d81b7f,42,2eaebb74531911cc02957a730d590b01ce24af999209d5e5e7d5385042ff546a
CNC(=O)c1ccc(C(=O)Nc2c(Cl)cccc2Cl)cc1,42,-7.683,21.0,3.0,3.1670918464660645,ok,67e99c111ccbb929,42,409831a4fedb3a8177c8351b1323a9f12274e75d761ce8b05ea9fc8f929b5269
CNC(=O)c1ccc(C(=O)Nc2ccc(C3CCN(C(C)=O)CC3)cc2)cc1,42,-7.802,28.0,4.0,5.4687559604644775,ok,79c73e477d877ea3,42,130f7d940492f2f7ab991d24c21ecb4e7ca5b0e79a88f1dc3bf9fcb12f95527a
CNC(=O)c1ccc(C(=O)Nc2ccc(F)cc2F)cc1,42,-7.976,21.0,3.0,3.107001304626465,ok,8dad2d7b5ed7a33b,42,c485cc092978f9bff965a7993ab1b298e2f0c0016f323e3a0effc14d24f9a672
CNC(=O)c1ccc(C(=O)Nc2ccc(N(C)C)cn2)cc1,42,-7.111,22.0,4.0,2.325479030609131,ok,c3d6e0579636a40b,42,a720f7993667c43c5236522ff238dbdb8b044db7b799e880b281759beed14427
CNC(=O)c1ccc(C(=O)Nc2cccc(C(=O)N(C)C)c2)cc1,42,-8.215,24.0,4.0,3.6926090717315674,ok,b4f749a52c9f827f,42,d855f20d464cd1f1c9fdd4c35f6fae62a082180da438fdf922b439184d191b9f
CNC(=O)c1ccc(C(=O)c2c(Cl)cccc2Cl)cc1,42,-7.438,20.0,3.0,2.6808061599731445,ok,02b5e3324082bfb6,42,4cc2099acd232cf67959f6f3802ff2fedbef08ea00a07ab24951c656c06622b7
CNC(=O)c1ccc(C(=O)c2ccc(N3CCOCC3)cc2)cc1,42,-8.71,24.0,4.0,5.017923831939697,ok,6f611e8a7542f623,42,27d7199ef1b2a29635d390dec1ef8a648e4c8f47de68001670fdd0848988885d
CNC(=O)c1ccc(C(=O)c2ccc(OC)cc2)cc1,42,-8.0,20.0,4.0,3.0798697471618652,ok,132897dabeae6f30,42,f34d3ec717ece7a8992d6e1d97cba420d3c1e9125fd6dc33e63e24ed8c7db815
CNC(=O)c1ccc(C(=O)c2ccc(S(C)(=O)=O)cc2)cc1,42,-8.249,22.0,4.0,4.458981990814209,ok,ef1f654bb12af125,42,9be0820d3ae7901bcf4ed48314c76dcf1b8d3c4a87932bae37ddb105f1edb254
CNC(=O)c1ccc(C(C)c2ccc(S(N)(=O)=O)cc2)cc1,42,-8.911,22.0,5.0,4.86027717590332,ok,a42a3ff28df51b39,42,180dc4ebc782fa4b30b833b158bb4ef3efd54b3ffeb33a7acf7d0c4366ada396
CNC(=O)c1ccc(C2=c3ccccc3=NC2=O)cc1,42,-8.378,20.0,2.0,1.8101320266723633,ok,5f8c44825704eaa1,42,e0bae3a575bf0b480bb06cb6b1b21fcc1e0672557d59cb9619460ee34c964bc7
CNC(=O)c1ccc(C2CCN(C(=O)Nc3ccccc3)CC2)cc1,42,-8.12,25.0,3.0,4.0605738162994385,ok,d7103b8d8da2e739,42,3d643bab84acac0961193be18b1a6aa5d118e438e89caf301a40e66aee328a13
CNC(=O)c1ccc(C2CCN(C3CCN(C(C)=O)CC3)CC2)cc1,42,-7.806,25.0,3.0,4.193882703781128,ok,63002048bb236e8d,42,a0c602a4907e06df0c9491bdc9e773370e7a3a79d286637135e47a01e8575a9f
CNC(=O)c1ccc(C2CCN(c3ccccc3Cl)CC2)cc1,42,-7.931,23.0,3.0,3.638543128967285,ok,94bce2ca67b7cf1d,42,822ec4f31e5344045bccfa6e88951fa45d7a49fa47343f6c2dc70ede468305f0
CNC(=O)c1ccc(COc2ccc(C(=O)NC)cc2)cc1,42,-8.164,22.0,5.0,3.6537442207336426,ok,03b1efdd4dc99e17,42,75df355b85699e3148e26e87daad1807f501555daae0d900cb865a96da17a27d
CNC(=O)c1ccc(COc2ccc(S(C)(=O)=O)cc2)cc1,42,-8.0,22.0,5.0,4.424833059310913,ok,6e565fe6b6523a2c,42,e3c735127a2b085be1d4efb8d45f59e6c7ae20e3e39ddbaddb578ecae16be0b1
CNC(=O)c1ccc(Cc2ccc(C(=O)N(C)C)cc2)cc1,42,-7.869,22.0,4.0,2.9106290340423584,ok,c3d232081a4a1c4e,42,32ee13c94ad5f45603001ab585b8c696a00ffd6ff160a971c9bc33681ddd3208
CNC(=O)c1ccc(Cc2ccc(N3CCCOCC3)cc2)cc1,42,-6.898,24.0,4.0,11.372802019119263,ok,7a9d9069963cb6a6,42,53e556d0a3d2941449a918360422006ae2568f35f14946addc3cfbeaed9404e6
CNC(=O)c1ccc(Cc2ccc(S(N)(=O)=O)cc2)cc1,42,-8.315,21.0,5.0,3.596679925918579,ok,af5a8ac7e90f5508,42,cb5eb35f9b2bb8c3c0b9c1f80e1a34220d68f526432881bc3991f5b03360a6d3
CNC(=O)c1ccc(NC(=O)c2cccc(C(=O)N(C)C)c2)cc1,42,-8.369,24.0,4.0,5.220766067504883,ok,022a2b36d1e3d976,42,8667bcb7ce4d6956b51940b2109be4cfdcdae48a479c212e5776dc4061bea32f
CNC(=O)c1ccc(NNc2ccc(N3CCN(CC4CC4)CC3)cn2)cc1,42,-8.208,28.0,7.0,8.076678037643433,ok,f2453708f2892624,42,1c57c078751f35ab7bb407e1083636c5f9743485caa7291a942bb555309e6832
CNC(=O)c1ccc(Nc2ccc(C(=O)N(C)C)cc2)cc1,42,-7.844,22.0,4.0,2.691951036453247,ok,f6d6cd336f4a3b6b,42,8136237afbbba0e796b00ecd8ecfedc2f31577ad47950064418ea4cbd7e5fa2e
CNC(=O)c1ccc(Nc2ccc(F)cc2OC)cc1,42,-7.611,20.0,4.0,3.912431001663208,ok,44e7b354e53ff458,42,bb4d7df5e06d01aede7784e4b4d652134176b9670d3f4da2d29f4d0c48cb70fb
CNC(=O)c1ccc(Nc2ccc(N3CCCOCC3)cc2)cc1,42,-6.308,24.0,4.0,12.986825942993164,ok,5725a39042d353c8,42,0c211bfcf114843b3fe6373affdba9210112bdf984793c6dbce038cb107c05f8
CNC(=O)c1ccc(Nc2ccc(N3CCN(C(C)=O)CC3)cc2NC)cc1,42,-8.558,28.0,5.0,5.654352903366089,ok,04d3485e6c281f49,42,5586fa181fa6c0afce0888d3934665d2637555b5e049612b5c5ed75655f249a8
CNC(=O)c1ccc(Nc2ncc(F)c(-c3cnc(C)n3C(C)C)n2)cc1,42,-8.992,27.0,5.0,6.058465003967285,ok,7b4d0b82d570650d,42,223b46c18cdea303a41d26a7dd027e1c649d51fb6a5b726e884964b2c78f0f31
CNC(=O)c1ccc(Nc2ncc(F)c(-c3cnc(C)n3C(C)C)n2)cc1F,42,-9.07,28.0,5.0,6.7221081256866455,ok,b9b5f27187ed68e4,42,26bd9c966e1115a7b62ba0c4cb5bbb57edf806bb638ff46e2666838e31d850e8
CNC(=O)c1ccc(Nc2nccc(-c3cnc(C)n3C(C)C)n2)cc1,42,-8.739,26.0,5.0,5.231316804885864,ok,2e0ac35187a3b341,42,88d5c021bf39ade15ae0aa662dfa9a1d1cc2285ebed995e9516e026a10f1be88
CNC(=O)c1ccc(Nc2nccc(-c3cnc(C)n3C3CCCC3)n2)cc1,42,-9.282,28.0,5.0,5.847727060317993,ok,76b50ad6af3d9d52,42,ba94d989710af3e6fe05188d2c8f6f048545cbcb1376932f92498d6a25a186f8
CNC(=O)c1ccc(Nc2nccc(N3CCN(C(=O)Nc4ccccc4)CC3)n2)cc1,42,-7.971,32.0,5.0,8.589249610900879,ok,35f0c7fdc66ce002,42,25d7013c148a74c927d4a17846cf0678f13dd90363948dea2eceeca22fcf041c
CNC(=O)c1ccc(OCc2ccc(C(=O)N(C)C)cc2)cc1,42,-8.092,23.0,5.0,4.194923162460327,ok,e5431fdcbe009a06,42,9803257b4f4da1707e0bd1653fda41d3ffdd46212a790c7c5c6a42d59145b872
CNC(=O)c1cccc(C(=O)Nc2cc(N3CCOCC3)ccc2F)c1,42,-8.516,26.0,4.0,5.9889538288116455,ok,80c2dc67b5386952,42,c4549f59d256554d557ff27a9231ea45b15f5a45aa8085f018f2bab3f9d2c980
CNC(=O)c1cccc(C(=O)Nc2ccc(N3CCOCC3)cc2)c1,42,-8.318,25.0,4.0,4.186728000640869,ok,d2abe574e8cd3ca9,42,08fff1c63a22890721dac11c8782fa6d078ff3855c9e7c72d38878e6a7dcd03b
CNC(=O)c1cccc(C(=O)Nc2cccc(N3CCOCC3)c2)c1,42,-8.324,25.0,4.0,4.595167875289917,ok,2ec2337806d199bb,42,e6af497ac4cedbb6f915b3cb543fa2661a741e918fb995753ed64d5de3c2e04a
CNC(=O)c1cccc(NC(=O)c2ccc(C(=O)N(C)C)cc2)c1,42,-8.431,24.0,4.0,3.5049638748168945,ok,97218e661dc13e9e,42,85c7ce1a0c402c3f03e86d0aa660727e1130ca1ba3787abd8164ff0c3fb9f4b3
CNC(=O)c1cccc(Nc2cc(C(=O)N(C)C)ccc2F)c1,42,-8.709,23.0,4.0,3.8205618858337402,ok,d0ec448c42f143a4,42,4414d635c245d8749544f4f4c18b21e10a4502966154eeb11e01c7f3038c462a
CNC(=O)c1cccc(Nc2ccc(N3CCOCC3)cc2)c1,42,-8.333,23.0,4.0,5.580862760543823,ok,62d787a829338807,42,29d41bff0ce26172e1e10410090cf4bc750d3ec53cc9030094666622f0398948
CNC(=O)c1cccc(Nc2cccc(N3CCOCC3)c2)c1,42,-8.543,23.0,4.0,5.132217884063721,ok,2338ad62b21a018d,42,e897fa32c26fffa0d396e4d4ef131a9a36322137075f3733e8ac69cace843904
CNC(=O)c1ccccc1-c1ccc(N2CCN(C)CC2)cc1,42,-7.749,23.0,3.0,3.158949136734009,ok,66dcc2b4bc55f89b,42,e5c8d88a44ad742e71d282d25ae1870327046dfefe72e4cc8e555d02ab446318
CNC(=O)c1ccccc1-c1ccc(NC(C)=O)cc1,42,-8.093,20.0,3.0,3.0094058513641357,ok,e66fc28b8b3fc5a7,42,e867284cf79946c27b4e15a272c4b7a4d72ce14694a81a476758a00b665a8cb1
CNC(=O)c1ccccc1N(C)C(=O)c1ccc(C)cc1,42,-7.535,21.0,3.0,2.9688730239868164,ok,3743a21614a50874,42,a4a4e461c0811e1e94809abf4efa00023fafa585f5c051f7a0585e42d9560473
CNC(=O)c1nn(C)c(-c2nc(Nc3cccc(S(N)(=O)=O)c3)ncc2C)c1C(C)C,42,-9.437,31.0,7.0,13.277019262313843,ok,3af9376f7046a865,42,a0963980fa787d4147a0318da472eab4928af76e6f70bfc7d40f75d156c9f8f5
CNC(=O)c1nn(C)c2c1C(C)(C)Cc1cnc(Nc3ccc(CO)c(O)c3)nc1-2,42,-7.561,30.0,6.0,7.780143976211548,ok,26adcd8bd59c01fa,42,c1542d2b6ea9cf93ef91fe811cd8d2dac6e7ce69df99f2c146b4b68f92ca7d48
CNC(=O)c1nn(C)c2c1C(C)(C)Cc1cnc(Nc3ccc(N4CCN(C)CC4)cc3)nc1-2,42,-7.864,34.0,4.0,8.51426386833191,ok,206529601242637c,42,ecf9aef59aeb013af410eff4721ed3fc37697494b3b03dc1f2105157c0634e22
CNC(=O)c1nn(C)c2c1C(C)(C)Cc1cnc(Nc3cccc(CN4CCN(C)CC4)c3)nc1-2,42,-8.58,35.0,5.0,11.765269994735718,ok,8d8da5b5e5f6bdbd,42,d77b74c0de1809f1102fd5b166f68329ff2a12d93d9cf9c2e72ce285089aa7e5
CNC(=O)c1nn(C)c2c1C(C)(C)Cc1cnc(Nc3cccc(CN4CCOCC4)c3)nc1-2,42,-9.154,34.0,5.0,9.568251132965088,ok,b98c93faf8e80716,42,f8496a2c921265ff9b37a5ca81a1db512f45a38cf7fa67baf4e3847670aa109e
CNC(=O)c1nn(C)c2c1C(C)(C)Cc1cnc(Nc3cccc(SCC4CC4)c3)nc1-2,42,-7.919,32.0,6.0,10.636693000793457,ok,62489325b8dd2323,42,1f8e149190cee14b6eebe3ef5f8b313d68fa603cfe7d73aef0f88da927e84c0e
CNC(=O)c1nn(C)c2c1CCc1cnc(Nc3ccc(N4CCN(C)CC4)cc3)nc1-2,42,-9.251,32.0,4.0,6.487681150436401,ok,f337834e7ed85fa9,42,7b39f864573baefd77c4e1e48fb3147b5464153a00569fff54bfaa0d26434bb0
CNC(C)(C)c1ccc(N2CCN(C(=O)OC(C)(C)C)CC2)cc1,42,-6.605,24.0,3.0,3.318563938140869,ok,66f380f2879a54e7,42,1fa89d34df4308d11f26edbf121f06d5c246211f52ef21f7b438dd012193664a
CNC(C)c1cccc(C(C)c2ccc(S(N)(=O)=O)cc2)c1,42,-8.275,22.0,6.0,4.7072718143463135,ok,5518fbc2791f343b,42,d0ea7098719c4c99f5971c8e1a62336d49b60e019b7836a28da2c7097052affa
CNC(CSC(=O)C(=O)C(=O)c1ccc(Nc2ncc(F)c(-c3cnc(C)n3C(C)C)n2)cc1)SC(C)=[SH]C,42,-8.341,39.0,11.0,30.32539176940918,ok,d91fd208d0d75e08,42,8afac1356b0be9bfdac10edfc9339c6aaa1768228a61fd3a04710ce69857ef82
CNC(CSC(=O)C(=O)c1ccc(Nc2ncc(F)c(-c3cnc(C)n3C(C)C)n2)cc1)C(C)=[SH]C,42,-8.215,36.0,10.0,20.345407009124756,ok,c98f6d0838f68ce3,42,685d2e3bc7e68971b28f271e577619d95ae966b7ed31120088bbcc2071dd7481
CNC1=C(CC(=O)Cc2cccc(Cl)c2)CCc2cnc(C[C@@H](N)C#N)nc21,42,-8.195,28.0,8.0,9.204578638076782,ok,f947b9f9ce37e700,42,1dba2ca3cd7a85c2ffe6d8b23bafef800dc996130008555011e71e37c4ea8b88
CNCCN(C)c1ccc(NNc2ccc(C(F)(F)F)cc2C(=O)O)nc1,42,-8.328,27.0,8.0,11.095402002334595,ok,db9673fa1e8987cb,42,a4107956da6276ca0cf649eb5e4875a059745cecd0f98c9823fd6aa120b93563
CNCCN1CCc2nc(Nc3ncc(F)c(-c4cc(F)c5nc(C)n(C(C)(C)C)c5c4)n3)ccc2C1,42,-8.457,37.0,6.0,13.832812070846558,ok,a1c4426320ff19d4,42,de5044dacb2d3ac5b9c594f4d36b2baf46a646465488c79e391fea297a10efad
CNCc1c(-c2ccc(N)cc2)ccc2[nH]c(O)c(C=Nc3ccc(S(N)(=O)=O)cc3)c12,42,-8.175,32.0,9.0,11.638199806213379,ok,e3476ec9ffa83a1a,42,22424c19f8db7f8784d743cd43baa29e33ee2a77eb8ac747cb9abf94ea2bcac0
CNCc1ccc(C(C)c2ccc(S(N)(=O)=O)cc2)cc1,42,-8.557,21.0,6.0,4.369063854217529,ok,44faa89b4c27cbf3,42,ef34c925758e7f0e234ee0df6f5d1a852cc020356a094fb5904168942fdc82fa
CNCc1ccccc1-c1cccc(CN2CCOCC2)c1,42,-8.107,22.0,5.0,4.763669967651367,ok,c56a9ec875bf7e35,42,8a361b1748d4684954b8ef83fce41789c91613c78e45dedffe6db8656b8ca6c3
CNOC(=O)C1CCC(c2nccc(-c3cnc(C)n3C(C)C)n2)CC1,42,-8.195,26.0,5.0,6.515172243118286,ok,2fe54f76951fa477,42,bc04b0a5671c755a6fdd0635d2ad3fb0ed5417ef25c0ef9dbdee7f6a1c92747f
CNOCc1c(Cc2ccc[nH]2)ccc2[nH]c(O)c(C=Nc3ccc(S(N)(=O)=O)cc3)c12,42,-8.047,32.0,10.0,13.291122198104858,ok,9dbbcd26efc2b00e,42,05e1cd32fb1ae5c14343e6bcceac38c1a6e51ab573d855d4332c51217e76a3b3
CNS(=O)(=O)Cc1ccc(N=Nc2c(O)[nH]c3ccc4ncsc4c23)cc1,42,-7.867,27.0,6.0,7.073847055435181,ok,bdcb99cba8579868,42,e0d9f72e440a6f69190c98b95e14f540a21ac1b070b0ddc88fae905d8e592b27
CNS(=O)(=O)c1cc(F)ccc1-c1ncnc(Nc2cccc(C[S@](C)(=N)=O)c2)n1,42,-8.379,30.0,7.0,10.3020601272583,ok,efc1b854cf04b89a,42,44b70924e9293dba94febabfae2da7713bc6a5baa3e59cb2e7aa0ba6046ee9a1
CNS(=O)(=O)c1cc(Nc2nccc(-c3ccnc(C(=O)N(C)C)c3)n2)ccc1Cl,42,-8.749,30.0,6.0,9.265021085739136,ok,b1026fb7919fc2ac,42,d468cd2e26a7975c9fe8d91f530533355220b42e3f5603b94ced17eb04b7a6fc
CNS(=O)(=O)c1ccc(-c2ccc(S(N)(=O)=O)cc2)cc1,42,-7.393,21.0,5.0,3.4418699741363525,ok,211c602e5b0cbd8b,42,d2c866e53e5d4793fff07ca79f5780dd1e924d366828776ca77fbecd5caf4d5c
CNS(=O)(=O)c1ccc(-c2cnc(C)n2C(C)C)cc1,42,-6.638,20.0,4.0,3.475844144821167,ok,f162bde90cbb2db5,42,f07d7930a1d92d333df1f39f92f0f0f7688572cc819e081b1a1b46a1de303745
CNS(=O)(=O)c1ccc(N=Cc2c(O)[nH]c3ccc4ncsc4c23)cc1,42,-8.19,26.0,5.0,5.412818908691406,ok,ea2be64e49625418,42,9e428c026915d1b8b5545cbb7667ad696acbded5e0ab3a15ffdc9d48b7236a4c
CNS(=O)(=O)c1ccc2[nH]c(O)c(C=c3[nH]cc4c3=CCNC4=O)c2c1,42,-7.836,26.0,4.0,6.009995937347412,ok,bc9612a259ebba49,42,6fa1ead022ee59fb9b02375bf74bab4867b84f8a9aea02c292a9d4f9ab5b227b
CNS(=O)(=O)c1cccc(Nc2nccc(Cc3ccc(O)cc3)n2)c1,42,-8.622,26.0,7.0,7.745584011077881,ok,600ce6c22ede6f7b,42,f68f8e42ff5e1177c3b09530de66c6578e9b02ab7d478c67380d0809e9e4f891
CN[C@@H]1CCN(C(=O)c2ccc(Nc3ncc(F)c(-c4cnc(C)n4C(C)C)n3)cc2)C1,42,-9.274,32.0,6.0,8.85219407081604,ok,6cdc5b1099c8ab3b,42,787c8b3c8be9a07cff61ba41402e383b6b97f9f32e4d94af212ddae8ce48a2d4
CN[C@@H]1C[C@H]2O[C@@](C)([C@@H]1OC)n1c3ccccc3c3c4c(c5c6ccccc6n2c5c31)C(=O)NC4,42,-6.683,35.0,2.0,4.692061901092529,ok,1c494a66c5a3b965,42,3b0ea164be46f7540cc76e765d4b001ed0794e3a07bcd0042eb521e12714be6d
CN[C@H]1CCN(C(=O)c2ccc(Nc3ncc(F)c(-c4cnc(C)n4C(C)C)n3)cc2)C1,42,-9.284,32.0,6.0,9.063844680786133,ok,aaa2882c0a62cdde,42,e855fe53387a8c68ad319822f083debfb55684d955e2278250dc6a3370aac312
CN[C@H]1CCN(C(=O)c2ccc(Nc3nccc(-c4cnc(C)n4C(C)C)n3)cc2)C1,42,-8.974,31.0,6.0,9.05228328704834,ok,a7b1659f873a3efd,42,beee9b2b19d5b0ca353c24229c10166346d467cfb276eb47b149a6e28ff81d85
CNc1c(C=Nc2ccc(-c3ccc[nH]3)cc2)ccc2[nH]c(O)c(NNNc3ccc(S(N)(=O)=O)cc3)c12,42,-7.929,38.0,11.0,28.772578239440918,ok,b8a2ab74da09dada,42,7e405c4bc77769c1d8a3f8b5659ac9026b07192bffcdcbd8505d099c6863bfd5
CNc1c(C=Nc2ccc(S(N)(=O)=O)cc2)ccc2[nH]c(O)c(N=CC=Nc3ccc(S(N)(=O)=O)cc3)c12,42,-7.467,38.0,11.0,21.712143898010254,ok,99e9b979b4a4e8a1,42,d92ca70c57f32385e9ce97d6c619f76ead1aab1f62804ba4ca24e362713480f9
CNc1ccc(-c2ccc(C(=O)N3CCN(C)CC3)cc2)cc1,42,-7.574,23.0,3.0,2.6729989051818848,ok,60201560f90fe289,42,4f3cd2e6d2859f6efc9d1a5c0258955a515f07ea65794b4fde8289ff9a2b97f2
CNc1ccc(-c2ccc(C3=CCN(C(C)=O)CCC3)cc2)cc1,42,-6.295,24.0,3.0,10.433284044265747,ok,05f62475dea25cc0,42,7f5fe3438f8089caefb757cd15d7e8497cab1968e622b01581624169f48e6812
CNc1ccc(C(C)c2ccc(S(N)(=O)=O)cc2)cc1,42,-8.487,20.0,5.0,3.79974102973938,ok,1ef3ca99ab1f6e7b,42,7fbacb48101b8d0b656f1ead54879e597914ff62ef3548d2392ace31dc706e02
CNc1ccc(N=Cc2c(N)ccc3[nH]c(O)c(NCc4ccc(S(N)(=O)=O)cc4)c23)cc1,42,-7.723,33.0,10.0,18.613404989242554,ok,32cb3b36d5f5a695,42,b9339a80cc8d10389ab22cbd4f75062f8331810b459f266c3cd3cc5aa7377846
CNc1ccc(N=Cc2ccc3[nH]c(O)c(N=CC=Nc4ccc(S(N)(=O)=O)cc4)c3c2NC)cc1,42,-7.579,36.0,10.0,19.757888078689575,ok,f528bdb2e648213d,42,c47f514b05b3fb7ab67b20af0e129c6b6e2fa8d25c82df44b3702954f484a70f
CNc1ccc(Nc2ncc3cc4n(c3n2)C2(CCCCC2)CNC4=O)nc1,42,-7.117,28.0,3.0,6.5072948932647705,ok,a828b7fb3c4171fb,42,2b003230101cf120187b4ea5382c606f8119b6df2f34921ef8128e0ea9131985
CNc1nc(-c2ccc(C3=CCN(C(C)=O)CC3)cn2)ncc1F,42,-7.604,24.0,3.0,3.143242120742798,ok,47f639171a902fd5,42,9d0218eab0f6d2f34402ff906667285bcd919870833376180b4c23e905b6071c
CNc1nc2c(nc(-c3ccccc3)n2C)c2c1ncn2C,42,-8.342,22.0,2.0,2.5828232765197754,ok,1b33a943f56ab705,42,2ff33a44b6d56066490179cd486e3ff1f9388dcb9ccdc4b77220a4c5cf355af5
CNc1nc2sc(-c3cccc(CNC(C)=O)c3)nc2c2c1ncn2C,42,-8.035,26.0,4.0,4.822915077209473,ok,1cd3f5eb85ce0614,42,9e7160cf8f4cfb1de141ab82c4a2be97ff2a742d4a177d45afab380a083d3ef3
CNc1nccc(-n2ccc3ccc(C#N)cc32)n1,42,-8.199,19.0,2.0,2.3134419918060303,ok,4cd77ae9d5d1dcd9,42,a11d651fbd658a632cc3f6a2b6b324bf8a92a966a4421e0db92b7d057a559b3c
COC(=O)C(=O)c1ccc2[nH]c(O)c(N=NN=Nc3ccc(S(N)(=O)=O)cc3)c2c1,42,-8.306,30.0,8.0,11.05216097831726,ok,7ce3bf6c1d3c9b07,42,8ce8dfb1b8558993e33200d9e6c68e664ea186a0cb738268849822d2ca078854
COC(=O)CC(=O)CC(=O)c1ccc2[nH]c(O)c(C=Nc3ccc(S(N)(=O)=O)cc3)c2c1,42,-7.768,32.0,10.0,17.18164896965027,ok,58ad0aa4e0e95242,42,0c728ac7ec9f9932b506ffc7ba7248c45addc41f3d1a9bb66f269aa1275275fa
COC(=O)CN1CCc2nc(Nc3ncc(F)c(-c4cc(F)c5nc(C)n(C(C)C)c5c4)n3)ccc2C1,42,-8.643,37.0,6.0,14.797614097595215,ok,fa05bba79f58d69e,42,942f89f7b7c2a5ea480b391d11b77d7028e7addf9c3461d9ac3eb7615c0aefa6
COC(=O)CNON=CNC(=O)c1ccc2[nH]c(O)c(N=Nc3ccc(S(N)(=O)=O)cc3)c2c1,42,-6.748,34.0,10.0,22.5244882106781,ok,023f26f54fbe0155,42,aadbc86300c8c593277b8b4725a8914c63f2ca4c3746828352413061034c2eba
COC(=O)N(C)Cc1ccc(Cc2ccc(O)cc2)cc1,42,-7.591,21.0,5.0,4.069993019104004,ok,022a256afa804b01,42,8968fabdaea2e8bc9e0e31f9bd97ced5806efa5f90675488f9dc750de18213e6
COC(=O)NCCc1nc(Nc2ncc(F)c(C3CCC(N)CC3)n2)ccc1C,42,-8.771,29.0,7.0,13.13169002532959,ok,eeabcef575a46529,42,7ff9e8cff41962d92b05e10724d88bbc55c2d05e410f3e54f7a8341c3f3931fe
COC(=O)Nc1ccc(-c2ccc(C(=O)N(C)C)cc2)c(OC)c1,42,-7.428,24.0,4.0,4.394277095794678,ok,aad0c7ffc01451ce,42,4e94c2ca40c778a42aa6b1f9b2270b7ee9e47accf3d87714f2915d38c9e2c5bf
COC(=O)Nc1ccc(-c2ccc(CN3CCN(C)CC3)cc2)cc1,42,-7.449,25.0,4.0,4.96410608291626,ok,76116853243024f8,42,2a23f0549597c3225d8543b6024cbbf51768a9fb5de1087b90c8b352480292a0
COC(=O)Nc1ccc(-c2ccc(N3CCCCC3)cn2)cc1,42,-7.225,23.0,3.0,2.9354031085968018,ok,dcac51a402657ea6,42,d5be625aeda94213caa623ee9288cc498e1af897fac29455a8c7cb627b3ec151
COC(=O)Nc1ccc(-c2ccc(N3CCN(C)CC3)cc2)cc1,42,-7.4,24.0,3.0,3.793653964996338,ok,c87e82d3b5fefd80,42,4ad9a0ca14fa8af3ee0cdfea41877eca3a73d23e8b1cbfa544c62c1307a4df3a
COC(=O)Nc1ccc(CNc2nc(NC3CCOCC3)nc3c(C(C)C)cnn23)cc1,42,-8.585,32.0,5.0,15.454579830169678,ok,abf9154a8256abc1,42,b822ab9e829c2d3bf876d7d0a977c4aea4c772df689341e9f6bae7c3e3465a0a
COC(=O)Nc1ccc(Cc2ccc(N3CCN(C)CC3)cc2)cc1,42,-7.878,25.0,4.0,4.495234966278076,ok,2bdd3e1b32143dd9,42,e14f9d1f665c06ce4c624942e548b0259d17220ed8d92532bc36b4a552730a17
COC(=O)Nc1ccc(NC(=O)c2cccc(C)c2)cc1,42,-7.955,21.0,3.0,3.566200017929077,ok,c584aa3bd53539ec,42,3d0da5bb71bb9175bdec63e2563c09a7ddeb2e8200bc6f379f79c396c9546104
COC(=O)Nc1ncc(F)c(-c2cnc(C)n2C(C)C)n1,42,-7.447,21.0,3.0,3.7262580394744873,ok,46071a9084ab416e,42,5b1985a7f26be10006ae822cf4e50c294ab2918f5e6973644599e1d56ecff7b1
COC(=O)[C@@]1(Cc2ccc(O)c(CC=C(C)C)c2)OC(=O)C(=O)C1c1ccc(O)cc1,42,-7.97,31.0,8.0,10.42438292503357,ok,41e99cca3beb083b,42,4f4c6941ca57d59a9fd2f589d508d6b0b06a24110092c1b16d36ff2ac1d727ce
COC(=O)c1ccc(-c2ccc(S(N)(=O)=O)cc2)cc1,42,-7.853,20.0,4.0,3.7901809215545654,ok,8469e12e4a9da882,42,312ea2b164844bcdc0d66bb06d9742d25c52c9e9bff4afc4e03b1456b4e651ba
COC(=O)c1ccc(C(=O)Nc2ccc(Cl)cc2)cc1,42,-7.417,20.0,3.0,3.164097785949707,ok,9069ca85391ab3e1,42,70cf3e8bd398207682f0d2006f227aeeb0611c233305d98831cd57c9f1f8589d
COC(=O)c1ccc2[nH]c(O)c(C(=O)c3ccc4[nH]c(O)c(N=Nc5ccc(S(N)(=O)=O)cc5)c4c3)c2c1,42,-8.31,38.0,9.0,17.874271869659424,ok,30303952a3f73555,42,6dcba2b5605092015d1af9987582253d2453c6ad12c75d0614159a1dae8e472f
COC(=O)c1ccc2[nH]c(O)c(C=Nc3ccc(S(N)(=O)=O)cc3)c2c1,42,-6.762,26.0,6.0,7.453179121017456,ok,2541c778127834f2,42,f9b6081d049b588b9661a7d584740f5b5e36e9b2a28419ee19e7afd390395de8
COC(=O)c1ccc2[nH]c(O)c(N=Nc3ccc(S(N)(=O)=O)cc3)c2c1,42,-6.941,26.0,6.0,7.646939754486084,ok,c18c7728daeba315,42,f150f82bc1dbe041b40c213500a209b7a9ccd68c171d5164109664d157e622ac
COC(C(=O)N1Cc2[nH]nc(NC(=O)c3ccc(N4CCN(C)CC4)cc3)c2C1)c1cccc(C)c1,42,-8.652,36.0,6.0,14.30583906173706,ok,0d82ea41aa41bdbf,42,182afb01d4b0f13073c10487b6ff40736d6040828b5623b985bffc61fac22a32
COC(C(=O)N1Cc2[nH]nc(NC(=O)c3ccc(N4CCN(C)CC4)cc3)c2C1)c1ccccc1,42,-9.043,35.0,6.0,13.076909065246582,ok,2fd5dcb2f65bb36c,42,d570127f4a253b502469e257b55ba368eda46c9569a5e09c6afda4a03a5516c1
COC(Oc1nc(Nc2ccc(S(=O)(=O)C(F)(F)F)cc2)ncc1C(F)(F)F)[C@@H](C)O,42,-8.18,31.0,8.0,16.282061100006104,ok,885e7442b8fd9c87,42,11248602385fc4bde01192ece7015d72584b265d285fe7471a05b3606291b288
COC1CCN(c2nccc(Nc3cc(OCC4CCCCC4)cc(=O)[nH]3)n2)CC1,42,-8.593,30.0,7.0,9.584083080291748,ok,6139f3197cd27eb4,42,613accab1b32913786547061ca544164d4af9ecff08db665304dcbd9fb84de20
COC1CCN(c2nccc(Nc3cc4c(ccn4C(=O)c4c(F)cccc4Cl)cn3)n2)CC1,42,-9.452,34.0,5.0,13.204763889312744,ok,28841f0c5e188681,42,51c35cfd31d53a7c5c4e6c06823e6deee890e0fad2deb5391b0e6a314c8549e0
COC=Cc1c(C)c(O)[nH]c(=O)c1NC(=O)c1ccc(C(C)(C)SC)cc1,42,-7.767,27.0,7.0,6.413006067276001,ok,6246b2a07ca6c7cf,42,a30d005d9e8c1bfc126fd45f507cd9cb5dc456a9afc9864cd72dca65c252fae4
COCC(C)N1CCc2nc(Nc3ncc(F)c(N[C@H]4CC[C@H](N)CC4)n3)ccc2C1,42,-8.526,31.0,8.0,10.305897951126099,ok,baf5012fe53d2a0d,42,b8907045b79d083a0e0d54f9a3ff4d9c4eb9c5e6c4215c7eb2827347dec3686b
COCCCNS(=O)(=O)c1ccc(Nc2nccc(-c3cnc4ccccn34)n2)cc1,42,-8.331,31.0,9.0,12.149045944213867,ok,727cef726205cc88,42,e7e183825d2463c2f5b6d7ae71749749460fd807f95fe2866c2ea15ee1db4fdd
COCCN1CCC(c2cc3c(-c4cnn(CC5CC5)c4)c(Cl)cnc3[nH]2)CC1,42,-8.607,29.0,7.0,8.524256944656372,ok,7baa138a1c6794d4,42,150e179225b2c41d1bd72fd9d842e42769f4643144267fcfe6129156fb9d3aaa
COCCN1CCN(Cc2ccc(-c3[nH]nc4c3C(=O)c3c(NC(=O)NN5CCOCC5)cccc3-4)cc2)CC1,42,-7.715,40.0,8.0,19.684634923934937,ok,f74fd6b110eec04f,42,3b36eed3d4903549e79e706769371f1d2ac1dffb17eb4566fd03846b5b627f32
COCCNS(=O)(=O)c1ccc(-c2ccc(Nc3nccc(-c4cnc(C)n4C(C)C)n3)cc2)cc1,42,-7.778,36.0,10.0,17.013683319091797,ok,0d981f450370af7c,42,7fc3df87a282fde3c5c6fbca7b10afd2fa0df85547a649a8502814448696686c
COCCNS(=O)(=O)c1ccc(Nc2nccc(-c3cnc(C)n3C(C)C)n2)cc1,42,-8.345,30.0,9.0,11.962395906448364,ok,6e844194ca069484,42,3b3f21441309d811310d1b64dae7c476892f38fd70a65db901c22dd92504e85c
COCCNS(=O)(=O)c1ccc(Nc2nccc(-c3cnc(C)n3C)n2)cc1,42,-7.948,28.0,8.0,8.813528060913086,ok,ac06c4673f7f7272,42,f12d4d9b80cbac54320647fc6a116f8bde0d14661da5b0d461b4c19dc1436bbc
COCCNS(=O)(=O)c1ccc(Nc2nccc(-c3cnc(C)n3CC(C)C)n2)cc1,42,-8.123,31.0,10.0,11.440333127975464,ok,7253f24ad61713b7,42,eb11ebb10aa011b5e22bb6c518ec6a083edf4a023ce880df5a2df557f5f66e3c
COCCOCCOCCOCCN(C)S(=O)(=O)c1ccc(N=Cc2c(O)[nH]c3ccc4ncsc4c23)cc1,42,-6.195,39.0,17.0,41.98293089866638,ok,446fdca05d3ec334,42,373763094500e8601046d811232f46ddc69c5131348268f95feecf77cc7ecfa7
COCCOCCOCCOCCNS(=O)(=O)c1ccc(N=Cc2c(O)[nH]c3ccc4ncsc4c23)cc1,42,-6.399,38.0,17.0,32.889944076538086,ok,7cd9db538a37ccbe,42,0597a7f4ba4b2cfa0169ba9418b2bd51c9f237bd6dd34da1dbff26694d7f36ca
COCCc1nnc(N2CCCNCC2)c2cccc(C)c12,42,-6.146,22.0,4.0,9.207177877426147,ok,550143f0e7e1729c,42,702a68df09a8f8d06b7b6114e9cfb5d720e3a9565f5b3fd49ad13a08ae51ca19
COC[C@@H](Nc1nc(Nc2ccc(S(C)(=N)=O)cc2)ncc1Br)[C@@H](C)O,42,-7.454,26.0,9.0,8.760947942733765,ok,5bb18e2260dd41df,42,4a2754c911eee3c23420aed54dd7f70c4c37d745dc84a702d37825bccd144108
COC[C@H](Nc1nc(Nc2ccc(S(C)(=N)=O)cc2)ncc1Br)[C@H](C)O,42,-7.438,26.0,9.0,9.05679988861084,ok,c2e18931710c7fa5,42,9bfac21507b4dafb29de13e365387e2e144bb97c1c42d3c2b35feaeb80665dbd
COCc1cccc(-c2ccc(N3CCNCC3)cc2)c1,42,-7.42,21.0,4.0,2.728423833847046,ok,9bfcf107d8ac3482,42,859b0c414b72e395acd8ab468a1b2c810a56cdf07f8b437adaa810e7af237a9f
CON(C)C(=O)Nc1ccnc(/C=C/c2ccccc2)n1,42,-7.487,21.0,4.0,3.925096273422241,ok,868e51b062b0541a,42,c04ddf9c9a724eddf2f5da0125e704923c789e4b9afb06ee4160c4974b889bef
CON1CCN(C(=O)Oc2ccc(Nc3ccccc3)nc2)CC1,42,-7.989,24.0,4.0,4.897409915924072,ok,3090774e2d68337f,42,fb8bf9bdb2a93149c456b439ae83a3ab1be3195b64b44be97851e7eb82399bc6
CON=CNC(=O)c1ccc2[nH]c(O)c(C=Nc3ccc(S(N)(=O)=O)cc3)c2c1,42,-8.381,29.0,7.0,7.567378997802734,ok,ff8fe24bbfe8cbff,42,2aee9c9440c45235dbdd5e52b11b1602a77ba1965f024b1ce6eb6863fb9ef79f
CONC1CCC(c2nc3c(-c4ccc(F)cc4OC)ccnc3[nH]2)C1,42,-8.454,26.0,5.0,5.060848236083984,ok,f142acdcffc9e635,42,5bf8308e0b5605eb6706c6cbbe0417a3ad3297c047b92071e89213ee635cf785
COS(=O)(=O)c1ccc(Nc2ccc(Nc3nccc(-c4cnc(C)n4C(C)C)n3)cc2)cc1,42,-9.003,34.0,8.0,12.821446895599365,ok,74e893e26c6983d0,42,0a5b2dc9dd5fe4cc4593ea333783ce3b1ca100f7b58d1f56d58b5d53a5c6d47f
COS[C@H](OS(=O)(=O)c1ccc(Nc2ncc(C(F)(F)F)c(OC(C)C)n2)cc1)[C@@H](C)O,42,-7.658,32.0,11.0,12.40059781074524,ok,8087792e73a4fd22,42,0bd9bcd8dee958da9692ffcd63a7cad673dfcb9146c057b62436e2a0347e1a4f
COS[C@H](OS(=O)(=O)c1ccc(Nc2ncc(C(F)(F)F)c(O[C@@H](C)O)n2)cc1)[C@@H](C)O,42,-7.764,32.0,12.0,21.195836782455444,ok,dcd64627655540de,42,8fd6a9ca051e0a122358162cf5351e8bfa9d94a321beaad8453670e9e3ea51bb
COS[C@H](OS(=O)(=O)c1ccc(Nc2ncc(C(F)(F)F)c(O[C@@H](C)[C@@H](C)O)n2)cc1)[C@@H](C)O,42,-7.905,34.0,13.0,18.177165985107422,ok,b552ec7b7013a7b1,42,24bc396ede020c1c4cbe7603f4d278f8ec02a8d348a651e26950f26c8109f399
COS[C@H](Oc1nc(Nc2ccc(S(=O)(=O)[C@@H](C)[C@@H](C)O)cc2)ncc1C(F)(F)F)[C@@H](C)OF,42,-8.149,34.0,12.0,23.48276925086975,ok,314314bd6025bb5c,42,660041b9805d2ed28ae7e50dd580da8a8b8c7be8fc5b83bf913b0c89a1f42d5e
COS[C@H]([C@H](Oc1nc(Nc2ccc(S(=O)(=O)OC(F)(F)F)cc2)ncc1C(F)(F)F)C(C)O)[C@@H](C)O,42,-7.758,37.0,13.0,24.110548973083496,ok,de9ae4b23a436de8,42,ddd332622124ae4920b505f30f88891859d9b2d0b623cf050a5eb7c478b3f960
COS[C@H]([C@H](Oc1nc(Nc2ccc(S(=O)(=O)O[C@@H](C)N)cc2)ncc1C(F)(F)F)C(C)NO)[C@@H](C)O,42,-7.912,37.0,16.0,31.2171630859375,ok,757c28a4f7d90b1f,42,c9e0882594bd46330a6db3e22309381be7f1ca198a8cf411d39db6017620c124
COS[C@H]([C@H](Oc1nc(Nc2ccc(S(=O)(=O)O[C@@H](C)O)cc2)ncc1C(F)(F)F)C(C)NO)[C@@H](C)O,42,-8.135,37.0,16.0,31.331702947616577,ok,a39c7042fdbaa71e,42,5f397419f7e869e15eb8291a00918ede5ad0543fb3cb4bd5b1fc6b8a2d181ff7
CO[C@@H](O)Oc1nc(Nc2ccc(S(=O)(=O)[C@@H](C)[C@@H](C)O)cc2)ncc1C(F)(F)F,42,-7.962,30.0,10.0,15.01833200454712,ok,1c31b49a25f00b32,42,b9b724e744235b26ef6aa984d6cf59500a9aec0c8aa94c9d8e17487208603ff6
CO[C@@H]([C@@H](C)O)[C@@H](C)Oc1nc(Nc2ccc(S(=N)(=O)C3CC3)cc2)ncc1C(F)(F)F,42,-8.034,32.0,10.0,14.039095878601074,ok,986fffe08f5c93c3,42,a97051773416e6b523057492581cdcbbbdd845aaf722859a46dd8b4e3a982b42
CO[C@@]1(C)C(=O)C(O)C(C)=C2OC(=O)c3c(C)cc(O)c(C)c3O[C@@H]21,42,-5.507,25.0,3.0,2.654417037963867,ok,55ad481ca5c4bcd3,42,3814b1dc1052406fd6ada7e176002a848a072cd8aea33155a6f88847d97228bf
COc1c(O)cc(O)c2c(=O)cc(-c3ccccc3)oc12,42,-7.834,21.0,4.0,3.438910961151123,ok,b3fd099b3321e8e7,42,5faeebe3ed1a6b4407114fb34b856d8521e446f7e710644c5f5460ab4426e564
COc1c(O)ccc2c1cc1c3c(cc4c(c32)OCO4)C(=O)N1,42,-8.754,23.0,2.0,1.8517100811004639,ok,ab76545587538d0e,42,9e7d8fb477ba1ccfc1d8998fdcfbd969d754dbf50a8cc4faf09047847446c8cc
COc1c[nH]c(CN=Cc2c(=O)[nH]c(O)c3ccc(I)cc23)cc1=O,42,-7.726,25.0,5.0,5.555494070053101,ok,fb6a477fe0d9ba6b,42,43f8e14065a82f36fcf03079cdf38c039026566d1591c5ecbf2c785d1070fac8
COc1cc(-c2cc(OC)c3c(F)ccc4c3c2C(=O)N4)cc(OC)c1OC,42,-5.488,28.0,5.0,4.913944244384766,ok,43bc37739eb7bd9f,42,1d48b1cecaf34236db67a9dc560978f67501ddcc2d586df027c68ad7ec7b7a6b
COc1cc(-c2ccc(O)cc2C)c(F)c(OC)c1OC,42,-7.265,21.0,5.0,3.3282361030578613,ok,515535c5ecb8d957,42,509b06e06c9eb679e89c7e0fc8c8bd894258a73436c2d2a328094f3330a144c8
COc1cc(-c2ccc3c(-c4nc5c(N6CCN(C)CC6)cccc5[nH]4)[nH]nc3c2)ccc1O,42,-9.745,34.0,5.0,8.791602849960327,ok,48f4b186bc3c3222,42,7b38c3e25e4b602327a8fca3685df0a1bc8c0bb96fceddb835709b7592496f6e
COc1cc(-c2ccccn2)c(OC)c(N2CCCNCCC2)c1,42,-5.134,24.0,4.0,13.283349990844727,ok,61022816f987ac53,42,e8b8bf008456a31d55b91f667e5fa1db4ed6a53df15f7aec4e329bd653c6292a
COc1cc(/C=C2\Oc3cc4occc4c(OC)c3C2=O)ccc1OCC(=O)Nc1ccccc1,42,-8.315,35.0,7.0,13.298970937728882,ok,55cd6b4dbada89f0,42,2645ba894613895d3d40a2c077fa5b9aa1a2b30c0670c7e7022192785beb7f5b
COc1cc(C(=O)NC(=O)Nc2ccccc2C)cc(OC)c1OC,42,-7.015,25.0,5.0,5.151764869689941,ok,ba466507148ef235,42,2ea3e838bcfe3e4e3693b6492860ef13d95804a0c77182b9f1da12058969d98f
COc1cc(C2CNC(=O)C2=Nc2cc(F)cc(CS(=N)(=O)C3CC3)c2)cc(OC)c1OC,42,-6.561,33.0,8.0,14.477925062179565,ok,831504bdba786873,42,f106d62d0c8363dbd0ac7875a4b505f39894824ec986a3321d0be5aa43e3e04a
COc1cc(CNC(=O)c2ncoc2-c2oc3ccccc3c(=O)c2O)ccn1,42,-8.893,29.0,6.0,9.11849594116211,ok,14755a3ffad0e464,42,e6d982fe877554f19f3e0d29b0cf8d230921faacc1a03c663ce8cfad76d75670
COc1cc(CNc2ncc(-c3ccc4cnccc4c3)s2)ccc1O,42,-8.154,26.0,6.0,5.829094886779785,ok,9b10b307b58a14a7,42,b9559e42ca0675967efd167aad39cccdd868d3677587b2e14a8e2b18c6eccd9e
COc1cc(F)ccc1-c1cc(Nc2cc(CS(C)(=N)=O)ccn2)ncc1F,42,-9.42,28.0,6.0,6.942739009857178,ok,edd5323b57803acd,42,cd9e2188d237c5f99d131562937f58374f8c573cd67d8ea03a8d2c009ecc3980
COc1cc(F)ccc1-c1cc(Nc2cnn(CCCCCC(O)=NO)c2)ncc1F,42,-8.289,31.0,11.0,17.59784483909607,ok,5e1646f82cb4bc1b,42,4fb281b68bc0d6b8df53488492cfa0ad81a3645a85c40454d6487ca9e0617d4b
COc1cc(F)ccc1-c1ccc(NC(=O)CN(C)C)cc1,42,-7.681,22.0,5.0,3.7867648601531982,ok,bae64a93b188e327,42,a4578fcb4be5c040b9f72215aaef19b8bd8e23a8fc68b87b998c9648c33f75c0
COc1cc(F)ccc1-c1ccnc(NC(=O)C2CCC(NC(C)=O)C2)c1,42,-8.598,27.0,5.0,6.894974946975708,ok,1270e05d3ca8c7d1,42,c448dae181c8be51269cb6549c7e63b1d5de977c51c11fb07c68ba9da0533142
COc1cc(F)ccc1-c1nc(C(=O)Nc2cc(C3CC3)[nH]n2)ncc1F,42,-8.731,27.0,5.0,4.363495111465454,ok,1dafde0278d29d76,42,53c3a32269399d9cd71e6cd1085e1247a43cf85f83647a8a8a8074515da21928
COc1cc(F)ccc1-c1nc(Nc2cc(Br)cc(CS(C)(=O)=NC#N)c2)ncc1F,42,-8.504,31.0,6.0,9.880279779434204,ok,57b7f2088ba5f75c,42,8ef204dfc170022fd6dc6e2c15cb424d5ee4b8b846b6b1682f08da3cbf620162
COc1cc(F)ccc1-c1nc(Nc2cccc(C(N)=O)c2)ncc1F,42,-9.097,26.0,5.0,5.6332478523254395,ok,0adcecbefa408a33,42,96dbf9a98dfc9b87b666b8ca0c63d4258b927da042a9a7e42a5ba88d5fd9f4f4
COc1cc(F)ccc1-c1nc(Nc2ccccc2)ncc1F,42,-8.635,23.0,4.0,3.661058187484741,ok,1076f261916fa4b0,42,1842223835c34afb3448c2e1d30c855e224fbcd2bff3a470a56b10d0f6ee6f05
COc1cc(F)ccc1Cc1ccc(N2CCCNCC2)cc1,42,-6.408,23.0,4.0,10.421574115753174,ok,d78efaf037bd2177,42,4491d4b9b3261bf92da41d856951414a7f81f16b84ff4f9bea95db2032ce6c5f
COc1cc(F)ccc1NC(=O)Oc1ccc(C)cc1,42,-7.527,20.0,3.0,3.5338048934936523,ok,33a28b83494029eb,42,d0dbc7afb5979cca9fdb11b9f10cb90be8a3ed09cba0c066b21eb13e149cf3da
COc1cc(F)ccc1Nc1ncc2c(n1)N([C@@H]1CCC[C@@H](O)C1)C(=O)C21CC1,42,-8.989,29.0,5.0,6.885915756225586,ok,3bb911a892adb18e,42,e40dc2d9309576c272afbcc492acec8f2a28ca995a3c38db028e75e989de0dba
COc1cc(F)ccc1OC(=O)NC(=O)c1cc(C)ccc1F,42,-8.186,23.0,3.0,5.548476934432983,ok,970c0fd4a4b68dc6,42,153a38162c384c2134d741d219fcad1b1d9e8c56f743580acf79586cfab94765
COc1cc(N2CCCNCC2)cc(-c2ccccn2)c1OC,42,-6.007,23.0,4.0,11.483397722244263,ok,7993f7dd1cf134f5,42,9011c582030dce829b696f21c29e6c2374249a93306d9d5d1fe689db6182438c
COc1cc(N2CCCNCC2)cc(N2CCOCC2)c1OC,42,-5.261,23.0,4.0,13.173561811447144,ok,3600d319e58e16d1,42,c6023d6e96f58b71ac0d84dbd7b2aa11ffcde79e89b7357cc04e0d12eb7a90bd
COc1cc(N2CCN(C(=O)O)CC2)ccc1-c1ccccc1,42,-6.974,23.0,3.0,4.516027927398682,ok,3e42374c2169400d,42,01e185e44869f9dbc0890e98d1f39d5084abda88397ad93f1ac2dfc8f12db279
COc1cc(N2CCN(C(C)=O)CC2)ccc1-c1ccc(O)cc1,42,-7.195,24.0,4.0,3.7225048542022705,ok,70c76b482207d351,42,7223f98fe1eaba6099f49a5534683c3d4a9ae6db2d8aa6ebf3a4758a00c6343a
COc1cc(N2CCN(C(C)=O)CC2)ccc1Nc1ccccc1,42,-8.026,24.0,4.0,4.496840000152588,ok,45b8a9f6923397b1,42,b031b1e7e499537f0bc510a07239962d5daa7dec4b5c1c87327a40da45e8440c
COc1cc(N2CCN(C(C)=O)CC2)ccc1Nc1ncc(C)c(-c2cnc3ccccn23)n1,42,-8.837,34.0,5.0,10.461024045944214,ok,6daf5777486f2142,42,0d0ade5f63c26ff058ddbeb839a5736adf491bc3922dbea7d4d382c7be4e324a
COc1cc(N2CCN(C(C)=O)CC2)ccc1Nc1ncc(C)c(C(F)(F)C(F)(F)F)n1,42,-7.711,32.0,5.0,7.933436870574951,ok,969603069c8c2673,42,3c91c9aa7bccb5b90784c58aecb0286ad36108bd9929830bd35f2e66efc23297
COc1cc(N2CCN(C(C)=O)CC2)ccc1Nc1ncc(C)c(C(F)(F)NC2CCCCC2)n1,42,-8.227,35.0,7.0,19.271257877349854,ok,9100939b0e2bac35,42,1090a1614f4e75837212bb861fe2d64bcfd163caf79ee4b164d15764e45d2444
COc1cc(N2CCN(C(C)=O)CC2)ccc1Nc1ncc(C)c(C2CCC(N)CC2)n1,42,-8.526,32.0,6.0,9.418097734451294,ok,34adeee4385ac042,42,c3badcf68087110c2f045a4822d7c0075f99a16ec66a48f62452e42d95c5ea2c
COc1cc(N2CCN(C)CC2)ccc1Nc1cc(-c2c[nH]c3cnccc23)ncn1,42,-9.09,31.0,5.0,8.096258163452148,ok,0a8da2f930f48430,42,7032f8374de115d5018ab2bab8b3953f22b12a981f06df990807143197c94f0a
COc1cc(N2CCN(C)CC2)ccc1Nc1ccccc1F,42,-7.941,23.0,4.0,3.6015589237213135,ok,318f9ae3aa68241c,42,fa5c5e5a74b80177cc123517653c390fd423d2022228efc046d802e9aad127b2
COc1cc(N2CCON(c3ccnc(N)n3)CC2)ccc1C(C)C,42,-6.162,25.0,5.0,15.35342288017273,ok,3ecef95b26893647,42,303d076aec9ffdc64ef6f39b177f6e893a95aa6fc44a77ee6424ca7510e07efb
COc1cc(NC(=O)Cc2cccc(Cl)c2)cc(OC)c1OC,42,-7.677,23.0,6.0,5.135804176330566,ok,0d17762e94edd1c0,42,0f8e1036cbf1069728b812141c6cb2396ea05712abc8451bc126b30a0f9929e6
COc1cc(NC(=O)c2ccc(C#N)cc2)cc(OC)c1OC,42,-6.981,23.0,5.0,3.728318929672241,ok,bd85c8fa146b6be2,42,898497ecd542e56168aa59a7bd2c9aa4c571bf63ccc629806d6f46e49c9bed24
COc1cc(NC(=O)c2ccccn2)cc(C(=O)O)c1OC,42,-6.564,22.0,5.0,4.138193845748901,ok,48a54424b4b7f7a5,42,262885300e3be31f2ab9404a1f1669a26aafae8c15665768ccd66a2fae949707
COc1cc(NC(=O)c2cccs2)cc(C(=O)O)c1OC,42,-6.172,21.0,5.0,3.832578659057617,ok,e09ee19e322db52f,42,809a553c932a212df75a184c8545cc80bd54a9f416f0fb2db7437a62379238ec
COc1cc(NCCc2c[nH]c3ccccc23)c(C(=O)O)cc1[N+](=O)[O-],42,-7.792,26.0,7.0,7.721078872680664,ok,7887c7a2cd723dd0,42,eff04814a87637e5b06de5f9d8f48db289f24848827f2e55e43163352a48057f
COc1cc(Nc2cnc(NC3CCNCC3)s2)cc(OC)c1OC,42,-6.873,25.0,7.0,6.459543704986572,ok,f378eea316bba88b,42,bbba66e6cf35c67dabfca247c8d3713464423d4bd88566b11f2b410f7e9fbdf8
COc1cc(Nc2ncc(Br)c(N[C@H](C)C(C)(C)O)n2)ccc1S(C)(=N)=O,42,-7.481,27.0,8.0,9.102304935455322,ok,5c1d9959b306afb0,42,a160ff3ac053ff3580a153185c2cb985b0c9c14a3fffdc97dfbb73986a01ceff
COc1cc(Nc2ncc(Br)c(N[C@H](C)[C@@H](C)O)n2)ccc1S(C)(=N)=O,42,-7.342,26.0,8.0,8.01758098602295,ok,c665d26a72255979,42,ef22ba8e47221ed7779c1c7e18933cc0eb731280c933c37317916f6a7ff03cc5
COc1cc(Nc2ncc(Br)c(N[C@H](C)[C@H](C)O)n2)ccc1S(C)(=N)=O,42,-7.381,26.0,8.0,8.281414270401001,ok,6f17be3813304c76,42,604db69187aea7700635cda4f89cf7078bf2dbb5b65a6c5df9988420d0eb7a47
COc1cc(Nc2ncc(Br)c(O[C@H](C)[C@H](C)O)n2)ccc1S(C)(=N)=O,42,-7.358,26.0,8.0,8.074728965759277,ok,faa3ffc5d9590fea,42,0505a6b2d24ac62b551fc4db96c2922702894134239916f64aae7b0e1cba8d0b
COc1cc(Oc2ccccc2C)cc(OC)c1OC,42,-6.615,20.0,5.0,3.4449567794799805,ok,e6115c362903d65e,42,78c6c4e42fe78b0e83b8dac3d61174fa03b27daba4808f4a2da07f96f58dd72b
COc1cc2c(Nc3ncc(CC(=O)Nc4cccc(F)c4)s3)ncnc2cc1OCCCN1CCC(CO)CC1,42,-7.381,41.0,13.0,38.70322322845459,ok,e52bb435ccb8e00e,42,7be7eba050b4a90887514aabdc5ea76fa3ab56cabd28515db3dd0d7186538437
COc1cc2c(cc1F)C(c1ccccc1Cl)=Nc1c(C)n[nH]c1N2,42,-7.64,25.0,2.0,3.0071041584014893,ok,1686c9cf53b36a50,42,6a593037d9e5864dda210edb02d86284db696e139a783cd2e0126072e9699660
COc1cc[nH]c1C=C1C(=O)Nc2ccc(F)c(C#C[C@@H](O)[C@@H](N)[C@@H](C)O)c21,42,-7.481,28.0,7.0,9.042579889297485,ok,df8d000e6c25ec41,42,619ff61fb44f7b5ae8f240d7e9e4ab98cce6abb4c991d3964eb53cafbb1bc82a
COc1cc[nH]c1C=C1C(=O)Nc2ccc(F)c(C#C[C@@H]3CCCN3)c21,42,-7.457,26.0,2.0,4.559086799621582,ok,5efd93281b92bdea,42,d0b996510b3a27ad14650a148d27af2a3c279b4b373f6d1a9a42cbcdb7dcc59b
COc1ccc(-c2ccc(C(=O)N3CCCCC3)cc2C(=O)O)cc1,42,-7.36,25.0,4.0,5.657351970672607,ok,9e5c67eeb62bb32b,42,7b89949128b4dd2aa85052f04c511efdd5596c29515c5a676bdcb4e6ec0abb97
COc1ccc(-c2ccc(F)cc2C(=O)O)cc1OC,42,-7.933,20.0,4.0,2.8233819007873535,ok,9d49cce2eca45d0b,42,8ba40880fca8ddef11d10099d1a3c2faac7bd3ff1830ee8469c8e86a0874710a
COc1ccc(-c2ccc(N3CCCCC3)c(C(N)=O)c2)cc1,42,-6.893,23.0,4.0,3.677030086517334,ok,84ed9d693d554c86,42,3eaf5b98be1954cbe6212f659843b629c069a1c142c45b9247ba131b586b7baf
COc1ccc(-c2ccc(N3CCN(C(=O)C(C)O)CC3)cc2)cc1C,42,-7.638,26.0,5.0,4.351444959640503,ok,f38bd30e7cb790bc,42,6c06392b03d83e14a38749c718a7ed7d132680ac0d3528817ef01322e12f1527
COc1ccc(-c2ccc(N3CCNCC3)cc2)c(OC)c1,42,-7.278,22.0,4.0,3.9445669651031494,ok,3c7f04f74406985e,42,2f41fee1bbd8f89bace6afc771acadedb085de5d7ac5ab165aa1f9532c31534b
COc1ccc(-c2ccc(N3CCNCC3)cc2)cc1,42,-7.251,20.0,3.0,2.1369526386260986,ok,b741e05b391eb346,42,c921d540b4a9eaa86e74dde0169afc54c8077071e2ea24a47fa1a062c0f8cce4
COc1ccc(-c2ccc(NC(=O)N(C)C)cc2)cc1,42,-8.2,20.0,3.0,2.4985439777374268,ok,70df8835fd94d4ca,42,86d078621372f5e387e9281248afb19501e5c611bf4862c23d4924cd5b039e32
COc1ccc(-c2ccc3c(-c4nc5c(N6CCN(C)CC6)cccc5[nH]4)[nH]nc3c2)c(OC)c1,42,-9.23,35.0,5.0,7.626144170761108,ok,f57c44466fc885dd,42,4f6e2b9b823ddab36fdf1baa89942ed2edbb369e9300882c04aa5750e2746e04
COc1ccc(-c2cccc(C(=O)N3CCCNCC3)c2)cc1,42,-6.625,23.0,3.0,10.560197830200195,ok,e8363f6530a633fb,42,9f355a509704c9662f9fc7b59a61b618d91c6d2e58e7b29ac8dcc90574e620c3
COc1ccc(-c2nc3c(NCCCNC(=O)C4CC(O)C4)c(Br)cnc3[nH]2)cc1,42,-8.287,30.0,9.0,14.896830081939697,ok,56c00ea2ba827017,42,d4453652fd076995ed7146def66e1f6ea2d006830b692de7079b15c7b444522d
COc1ccc(-c2nc3c(NCCCNC(=O)C4CCCC4)c(-c4nc(C(=O)O)cs4)cnc3[nH]2)cc1,42,-7.598,37.0,10.0,29.799628734588623,ok,dca689279f390623,42,14ceedff8035e1b049ba6c9362574d1c01da7cbc24d69e1742cdab6981d5ccb5
COc1ccc(-c2nn(-c3ccccc3)cc2C(=O)NC(=S)Nc2ccc(C)cc2)cn1,42,-6.969,32.0,5.0,8.37927794456482,ok,c6fe2101651f2856,42,8cb12981d4d5348cff82d5ce97afa43d6fc8a6c45a3733a5c25411f6461d37e0
COc1ccc(-c2nn(-c3ccccc3)cc2C(=O)NC(=S)Nc2ccc(Cl)cc2)cc1,42,-6.856,32.0,5.0,8.068732023239136,ok,8fd529563f0accd0,42,53fdd52511f41849bd8869658c36541dcaa052be58565515cd2cf6d1f57d6528
COc1ccc(-c2nn(-c3ccccc3)cc2C(=O)NC(=S)Nc2ccc(F)cc2)cc1,42,-7.007,32.0,5.0,8.386184930801392,ok,d83b6f30fa7f397c,42,583e55ed27d19a4b9cbb2a1f0bf5f76a995397a72c22fa1c8079939773f415a0
COc1ccc(-c2ocnc2C(=O)NCc2ccncc2)cc1Cl,42,-8.461,24.0,5.0,4.630319118499756,ok,9a79f85ad61bcf43,42,6c82f9d9714ce5782728be81d0ff1a2002e9bd4ca1e6fb7059cb6c5a237a93bd
COc1ccc(-c2ocnc2C(=O)NCc2ccncc2)cc1F,42,-8.374,24.0,5.0,4.984626054763794,ok,faa91d3309a269b6,42,6d88e5fbe9faa7bb8fbf1e21d6aad6806fbe87187eca96a4a7e1c7951b01efb1
COc1ccc(-c2ocnc2C(=O)Nc2ccc(N3CCN(C(=O)OC(C)(C)C)CC3)nn2)cc1Cl,42,-8.774,36.0,5.0,13.4510338306427,ok,72dd5b722455938a,42,3f99cfd43800c984bd8226603879a9e440e5c6c1e941544f26822d276e2c4516
COc1ccc(-c2ocnc2C(=O)Nc2ccc(N3CCN(CC4CC4)CC3)cn2)cc1Cl,42,-8.879,33.0,7.0,9.635995864868164,ok,2ae730f741be58c9,42,ba36899d26b188e4475bd5de50099e686043c52dba5d220f3a6899fbf81929b6
COc1ccc(C(=O)NC2CCN(c3ccccc3)CC2)cc1,42,-7.176,23.0,4.0,5.465585947036743,ok,6899303bcb3af3f4,42,6989be615c8763352bbb9d6503ba227399c5b9937b6e544479a40ef072953cb0
COc1ccc(C(=O)NCCc2ccccc2)cc1OC,42,-7.305,21.0,6.0,4.650186061859131,ok,cbf0714113793004,42,ee391cb4cae40de06ae3d033728e2e254da2c7543f9b4350c92b9040bb8fca18
COc1ccc(C(=O)Nc2cc(C3CC3)[nH]n2)cc1,42,-7.594,19.0,4.0,3.6980206966400146,ok,6c4b2cefc43ca926,42,bce841d069fedba8806cfec32b7637cffc5cba4f8d5d7567f61f92f09c42b0e6
COc1ccc(C(=O)Nc2ccc(C3=CCC3)cc2)cc1,42,-7.606,21.0,4.0,3.0399580001831055,ok,85ae5a2776934b85,42,96b549ac06dd1b8536195440c0cb0a4a08c4c6ef7a6895453cb9d0ca48ba35f9
COc1ccc(C(=O)Nc2ccc(CN(C)C)cc2)cc1C,42,-7.64,22.0,5.0,3.2739269733428955,ok,18514a29e04eceea,42,93dea715590852d024449ab7e582ae7e1d822f33e8483a74518e9dbca39c4097
COc1ccc(C(=O)Nc2ccc(Cl)cc2)cc1OC,42,-7.414,20.0,4.0,2.8775107860565186,ok,402d424db8f6d684,42,d98ca1135a70d0a4231c99bfb632e08755c143fd3a23d9a91dbbedbe295e771e
COc1ccc(C(=O)Nc2ccc(N(C)C)cc2)cc1,42,-7.155,20.0,4.0,3.0350840091705322,ok,c8728455c89d8733,42,dcfdefff7aa27f6533e96d0452ba0004d16ac06cee6e2516b8fb9eaaa79072c7
COc1ccc(C(=O)Nc2ccc(N(C)C)cc2)cc1Cl,42,-7.582,21.0,4.0,2.647578001022339,ok,f545313f16ab8ac8,42,03db76ce187fc83bac2aa91fc00f583a0d2bbb707832883b4673422d8800dc9f
COc1ccc(C(=O)Nc2ccc(N3CCN(C)CC3)cc2)cc1C,42,-8.308,25.0,4.0,3.7859561443328857,ok,eeea4f8b182c377d,42,dc3baf91dffcd2cff73298845bc5c96d145cb411f61ddb26c234261b88ca827b
COc1ccc(C(=O)Nc2cccc(Cl)c2)cc1OC,42,-7.324,20.0,4.0,2.8291280269622803,ok,e9a994c65b34d7d9,42,515015708163fd4e18c311133ca7e531e522ee6a8bba29670acd0d4219c94362
COc1ccc(C(=O)Nc2cccc(N3CCCCC3)c2)cc1OC,42,-8.168,25.0,5.0,4.90789008140564,ok,a7a4563e0927f1d5,42,37b0d6b4e054064eed3c5ecce1b253ff21c3760d96db8c169a3e7402384767f2
COc1ccc(CC(=O)c2ccc(S(N)(=O)=O)cc2)cc1,42,-7.841,21.0,6.0,5.587277889251709,ok,22f63ce25727cef3,42,f846a5861ca570326959cd48dec8b2559cea1c2f662f2b952776e1a9bf75666a
COc1ccc(CCc2ccc(S(N)(=O)=O)cc2)cc1,42,-7.752,20.0,6.0,3.7020721435546875,ok,5e2f23b86286b809,42,ada21b5e85c52abda03b6049b3b650fb30cec7422061b5b7f5f51cf78478efc2
COc1ccc(CN(C)/C=C2\C(=O)NC(=O)c3ccc(Br)cc32)cc1O,42,-8.272,26.0,5.0,7.398630857467651,ok,52f3d555e20af079,42,e295a255e92d711fbb74f70ff1e81448bd2063ae0484ad622253451bd62b4219
COc1ccc(CN2CCN(C(=O)c3ccccc3)CC2)cc1Cl,42,-7.88,24.0,4.0,4.566364049911499,ok,d4a8396c98208536,42,1f3badcc8d905e3f23b08015ee8a372eb18b8aa6d6060198d9dcab35652be6f0
COc1ccc(CN=CC2=C(c3cc(OC)c(OC)c(OC)c3)C(=O)NC2)cc1O,42,-7.699,30.0,9.0,12.86887001991272,ok,9baf0a98fe898485,42,3d63f6352d3f83b094574af677bdbcb443d779ccf69db4808008cd7eeef88797
COc1ccc(CN=Cc2c(=O)[nH]c(O)c3ccc(I)cc23)cc1O,42,-7.226,25.0,6.0,6.771294116973877,ok,b68d6853bca5f609,42,18a195af27339002856e1a25e7cc746708fdca9cf97493014987d5547402fbb0
COc1ccc(CN=Cc2c(=O)[nH]c(O)c3cccc(Br)c23)cc1O,42,-7.331,25.0,6.0,6.699048280715942,ok,0fe5c2681b015a51,42,41723121329310f65e3a29f2b0bcd6acaa27a7ff29689f201435b7c925161827
COc1ccc(CNc2ccc(N3CCOCC3)cc2)cc1,42,-7.658,22.0,5.0,4.379237174987793,ok,a22b2ac208119d49,42,e35a1b13a6f6a233d9f5148211b53ef19832cb03d092a59927d8af5995e7fb6b
COc1ccc(Cc2ccc(CN3CCN(C[C@H](C)O)[C@H](C)C3)cn2)cc1O,42,-8.238,28.0,9.0,8.497924089431763,ok,a5700fe38ff4de40,42,29a3ba54b76fd096b3e9fb764969b0af2b5659fef532922ab4a204c46c88bba6
COc1ccc(Cc2nccc(N3CCN(C(=O)Nc4ccccc4)CC3)n2)cc1,42,-8.018,30.0,5.0,10.215147972106934,ok,1f4296b9b40e1245,42,aa2cbb68833c6c7469c29803209df3dec772b22b99adef9f3f82e5e8550dc169
COc1ccc(F)cc1-c1c(F)cnc2[nH]c(C3=CCN(C4CCC(C(=O)O)CC4)CC3)cc12,42,-8.575,34.0,5.0,9.48861289024353,ok,ed98137b29d9ff23,42,b43812235007c9bed29904d002e6203c35f0e269e8e8d2fb795166679784d705
COc1ccc(N2CCN(C(=O)c3ccccc3)CC2)cc1C,42,-6.949,23.0,3.0,3.3421709537506104,ok,0914964a5b5ad624,42,3a9f9439d766ae4aee28dbfadc0ae63786c5a921d06b4e43d4e44bd241373a9d
COc1ccc(N2CCN(c3cccc(CN)c3)CC2)cc1,42,-6.612,22.0,5.0,3.9171531200408936,ok,27e82337aa0473e8,42,ea6ffc4497de7aa215800528c860be902a27c8b6859046e048a18a23e11e266a
COc1ccc(NC(=O)N2CCN(c3nnc(CC(C)(N)CBr)c4ccccc34)CC2)cc1,42,-7.329,33.0,7.0,8.265275001525879,ok,64101f6fa9724455,42,39f3fc664fba4eeb41cfd101f90afa58ea18237f5490657d3e966bf44a301352
COc1ccc(NC(=O)Nc2ccc(N3CCN(CC4CC4)CC3)cn2)cc1,42,-7.233,28.0,6.0,7.884451866149902,ok,cb9ee4db72c9ee27,42,a811754dae3e1ccdfa6c3767e329edf527a3768949dff62869ff55dc39c0cf5e
COc1ccc(NC(=O)c2ccc(C(F)(F)F)cc2)cc1,42,-7.962,21.0,3.0,2.423003911972046,ok,cc5853cb853b67a8,42,ae3f3b7429c3de0aa8fe20be6933f442b93e49842082d0ad63af62a04f78e700
COc1ccc(NC(=O)c2ccc(OC)c(Cl)c2)cc1Cl,42,-7.573,21.0,4.0,2.318535327911377,ok,508a6d4c3408d934,42,3728bf118df5c5373c8e7eae743425c10543d8c4787150599aeb3ae156f5fe0e
COc1ccc(NC(=O)c2ccccc2)c(C(=O)N(C)C)c1,42,-7.498,22.0,4.0,3.713585138320923,ok,6091faf27da8a0ee,42,03b374116972ad3779b18c6d27c72fc93304d0c69437a007db74d9f3def936a0
COc1ccc(Nc2ccc(C(=O)N3CCCN(C)CC3)cc2)cc1,42,-6.569,25.0,4.0,12.16872763633728,ok,ee07d1b705d63850,42,28b8725f6bb127f5dc7f6901013971bef7020a5a7cf6741cfe59941faf3c3964
COc1ccc(Nc2ccc(N3CCOCC3)c(C)c2)cc1,42,-8.008,22.0,4.0,3.1803221702575684,ok,93adfc4046717e71,42,1f6e1391b84765a4a6248ce5a555d1bfab13b5f258a0ae8bcf6c3b698518f7c4
COc1ccc(Nc2ccc(N3CCOCC3)cc2)cc1Cl,42,-7.769,22.0,4.0,3.1104300022125244,ok,049d5bff99324caa,42,b754bf248d03fa067dda0631b20509622b2bb07ce34ffe261cb8028038bf1ef8
COc1ccc(Nc2ccc(S(=O)(=O)N(C)C)cc2)cc1,42,-7.344,21.0,5.0,3.7509000301361084,ok,4138b58ad39f285e,42,3523ca4c3dc39d7a0f8d577bc0ada057990abd729198bf9c8be632f50f3ed8a5
COc1ccc(Nc2ccnc(Nc3ccc(OCC(O)CN(C)C)cc3)n2)cc1,42,-7.89,30.0,11.0,13.01658320426941,ok,f0541cf452317117,42,09529e16692ba019cdf5855779a86e7c1c1a76a1546d8ce6e0ea772ff5d4b6e3
COc1ccc(Nc2nc(N)c(N=O)c(OCC3CCCCC3)n2)cc1,42,-7.802,26.0,8.0,8.163635969161987,ok,59cf9033e6ee5904,42,eca38651ccc8ff286ff914e769a71096c775dfcca831e11f41b07e10a7eeb3cb
COc1ccc(Nc2ncc(C(F)(F)F)c(N[C@H](C)[C@@H](C)O)n2)cc1,42,-7.884,25.0,7.0,6.158144950866699,ok,a2c79812938f6c07,42,2719929f9ad3dbd6b694390ce3ee7dc5c2cb350c1e4f02937b2f48a839a992bd
COc1ccc(Nc2nccc(-c3cnc(C)n3C(C)C)n2)cc1,42,-8.298,24.0,5.0,6.264062881469727,ok,18678884deec7ff1,42,1de0e780dd37e659e23fbdb10f2c45b0164de3a377f85a467a28a879d6eef1f5
COc1ccc2[nH]c(O)c(N=Nc3ccc(S(N)(=O)=O)cc3)c2c1,42,-7.757,24.0,6.0,4.950901031494141,ok,55d2b0842fbe5f67,42,c47ee841b1efa087854ed969d6dd9e8c29cff8f21855cc88a650b000fa0c3c02
COc1ccc2[nH]nc(C(=O)NCC3CCN(CCc4ccc(O)cc4)CC3)c2c1,42,-8.046,30.0,8.0,11.336853981018066,ok,fe9cdb087c08b528,42,2c8a3bf1f9e34a4c1c8befe6031b3eb2f4b7e8a4a2715c6287d60bd365343093
COc1ccc2c(=O)[nH]c(O)c(C=NCc3ccc(OC)c(O)c3)c2c1,42,-8.291,26.0,7.0,5.528527021408081,ok,15bf19948327d308,42,cd4830d296ed4c967588726017c33dc83477d8124bfb1c3aee9971dc7fb92344
COc1ccc2c(=O)[nH]c(O)c(C=NCc3ccccc3OF)c2c1,42,-8.339,25.0,6.0,5.784049987792969,ok,748f384823eeffdb,42,b39e8c8519ace9855a8e571addf57d27a764dfa81afea23b07a8e09def83b839
COc1ccc2cc(Nc3cc(C4CC[C@@H](OC(=O)N(C)C(C)C)C4)[nH]n3)[nH]c2c1,42,-8.216,30.0,6.0,10.48554801940918,ok,a4847468bec30703,42,0987dab5b5f7c021f5753b79f7def7f87cbb6d3b4e79452ff6517c96cf09b55f
COc1ccc2nc(N3CCN(C)CC3)nc(NC(C)(C)C)c2c1,42,-7.574,24.0,3.0,3.737492084503174,ok,0fd13aee43f96e6c,42,bdb433e683535e72b5399e23e3ba5526368e66fad0b9ff7d26da1d05147afb9f
COc1cccc(-c2ccc(N3CCNCC3)cc2)c1,42,-7.641,20.0,3.0,2.19229793548584,ok,b1703441ee533cfe,42,898082d69aead64c068d211e0a67489820ce80e50d1d2712d3acf0da330b7280
COc1cccc(C(=O)N2CCCN(C(=O)C(C)O)CC2)c1,42,-5.689,22.0,4.0,13.945611000061035,ok,d3249846b9960fa6,42,0142782b4884a7ffd7ad349f1b7fff7f121efa1063353982bd445ecc410a931c
COc1cccc(C(=O)N2CCN(C(=O)C(C)C)CC2)c1,42,-6.977,21.0,3.0,2.5208261013031006,ok,559f877a8eb71227,42,f88528b8fecf64db82fb16cdd5752adcc0ac16ad77d10514f60f1080c4d0e84e
COc1cccc(C(=O)NN2CCN(C(=O)OC(C)(C)C)CC2)c1,42,-7.238,24.0,3.0,3.5867388248443604,ok,a3d9dcec2fc204a0,42,6f4c70d9dc05d95d3c81f018d37c6e1c17d112b9175689729bdc5704ef8d92b8
COc1cccc(C(=O)Nc2ccc(C(C)C)cc2)c1,42,-7.568,20.0,4.0,2.673224925994873,ok,ef3e6e765ca533f6,42,9b61aff8efac15bc12fb96309001f523875803379d8cf046a76bd7f84b30722f
COc1cccc(C(=O)Nc2ccc(C3CCC3)cc2)c1,42,-7.799,21.0,4.0,3.3745601177215576,ok,0f6b6bfc9578e2e1,42,028676c4625b0fb4b4fb72285d8152b4865af624d5a01a76cbc7680a63851ae0
COc1cccc(C(C)c2ccc(S(N)(=O)=O)cc2)c1,42,-7.883,20.0,5.0,3.880959987640381,ok,2887384c17fb424f,42,0ed78f91aee237e912602e96358458157b9bb9b7b3b2207b7e3bd992c6023b62
COc1cccc(CNC(=O)c2ccc(S(N)(=O)=O)cc2)c1,42,-7.746,22.0,6.0,4.322520971298218,ok,62378dce38cd3184,42,81dbb355478d01ad7c14072a47397e8994cde47cb93dd1bd761e6593d741ca41
COc1cccc(N2CCCN(C(=O)Nc3ccc(OC)c(OC)c3)CC2)c1,42,-5.949,28.0,5.0,17.48758292198181,ok,293b316c795ee922,42,8461368bb1124ebc34ca1923321dc6e2aea0f25334cb93931fad024f23bd4688
COc1cccc(N2CCCN(c3ccc(NC(C)=O)c(OC)c3)CC2)c1,42,-5.512,27.0,5.0,16.835486888885498,ok,0289611b4fd71bca,42,4b0b5298af828ea35f9923bff81251c884296df03741ea59e29a9a6c8b8efaa3
COc1cccc(N2CCN(c3ccc(O)cc3)CC2)c1,42,-6.149,21.0,4.0,2.9357872009277344,ok,4098c0f8993e254a,42,9eb59f9d013257a82a7ad92e5831284a8dce72e01e3896029360d55414deec86
COc1cccc(N=O)c1CC(=O)c1ccc2[nH]c(O)c(N=Nc3ccc(S(N)(=O)=O)cc3)c2c1,42,-8.014,35.0,10.0,21.107705116271973,ok,94f74dea557587b5,42,0b1ea44af886d254d4a8424e205a95cd8033d056eec4760160b93d3c3a8d33f2
COc1cccc(NC(=S)N2CCN(c3nnc(CCN)c4ccccc34)CC2)c1,42,-8.44,30.0,6.0,6.79023003578186,ok,edb395fd761ad90b,42,aa8c75a433df9fae3180cb85c1e566d832129aeb4a1045bccdf7d190d3eb388a
COc1cccc(NC(=S)N2CCN(c3nnc(OC(C)C)c4ccccc34)CC2)c1,42,-8.886,31.0,5.0,7.271180868148804,ok,f10b0a627e4fe666,42,6b66078eb4ff911de1fc2d0f495addc971434673de4ececd18ce0bbd1d666dd1
COc1cccc(OC)c1C(=S)c1c(N)nc2ccc(C(=O)c3c(F)cccc3F)cn12,42,-5.58,32.0,7.0,11.32595705986023,ok,1cba094149e129a5,42,80c04ad76d2d127bc39a41dc28b09ddc7a2bfcba86fbd4c01cfece17814d7b72
COc1cccc(OC)c1CNC(=O)c1ccc2[nH]c(O)c(N=Nc3ccc(S(N)(=O)=O)cc3)c2c1,42,-8.056,36.0,10.0,17.57532787322998,ok,d2cb24ed36b0b559,42,eeb615b3d2bdc5e1933280fd933f55018010cf9154b22ec43f89b407815bab9b
COc1cccc2c1cc1c3c(cc4c(c32)OCO4)C(=O)N1,42,-8.536,22.0,1.0,1.5934913158416748,ok,c798bff50bfd1b0f,42,eaca5b321acf9abe18dd729bb253cbe19d3ba8f1beba844e47d86327d7876cf7
COc1ccccc1-c1ccc(CN2CCCNCC2)c(CF)c1,42,-6.023,24.0,5.0,12.65157699584961,ok,122ba2917a9a2314,42,83bf56c89f8942f8226818ef25c8fddf131ef795f63ce99f14716f0a91b95700
COc1ccccc1-c1ccc(CN2CCCNCC2)c(F)c1,42,-5.81,23.0,4.0,13.609144687652588,ok,2625199b6d12e1fb,42,dd2517ae22780999b0dd87be8ab2572e7d6f8a42bdd2fcf3575b51102b591ff8
COc1ccccc1-c1ccc(N2CCNCC2)cc1,42,-7.958,20.0,3.0,2.750682830810547,ok,28c8321cb8342f52,42,73747d035a554ca272a0e790ad91474a5fdc74fe083ac333737f0c86a9bb9257
COc1ccccc1-c1nc(Nc2cccc(NC(=O)N(C)C)c2)ncc1F,42,-8.698,28.0,5.0,6.21821403503418,ok,942b7bcacadd9930,42,5feb9b7c38033766461ec163511fc09ea17b3a65b447260e36beec9f210515b4
COc1ccccc1C(=O)c1ccc2nc(N)c(C(=O)c3c(F)cccc3F)n2c1,42,-7.616,30.0,6.0,10.703752994537354,ok,a45b931a9dfc3257,42,69b24aa004a10c00867405e28a449bc18902c6bbc457253ee6d2451aa924a23d
COc1ccccc1N1CCN(C(=O)c2ccccc2)CC1,42,-6.808,22.0,3.0,3.1301651000976562,ok,8a7dad4ca1fef47a,42,5c8176549dfd0273bbee5e7e7c3cd12b73de3d062c5dc3130a394802b2a6a726
COc1ccccc1NC(=O)c1ccc(N2CCCC2)cc1,42,-7.365,22.0,4.0,3.580972909927368,ok,be8437c88d3b497e,42,0c2dc92aba662ca5b6d4efef31fba66d89013e5937995630c97c35344388381a
COc1ccccc1NC(=O)c1ccc(N2CCN(C)CC2)cc1,42,-7.548,24.0,4.0,3.375938892364502,ok,57d7915a21204cfa,42,adb84ef677277f346e6d198f0d07be60c008ce100f440fd4868455fbcab7dcbf
COc1ccccc1NC(=O)c1cccc2c1OCCC2,42,-8.168,21.0,3.0,3.2641730308532715,ok,32ae8ffa41d92c7e,42,c6b0a3cca24193d9b2ccd199f461b57386fe66e35a646ae29178cd5809511d1a
COc1ccccc1NCc1cccc(Nc2cccc(N3CCCNCC3)c2)n1,42,-7.041,30.0,7.0,24.462899208068848,ok,8104f447e3b3cc4e,42,7e9d4545f7d0254f4caf8678d4d3d481896226093c7639d66ab0122c59cb7dd6
COc1ccccc1Nc1ccnc(Nc2ccc(OCS(N)(=O)=O)cn2)n1,42,-8.105,28.0,9.0,11.553842067718506,ok,f9ee3e1675f4fed4,42,6367e94b2e010fe68ec6e5dd34837acc55a4ce175560845e2b2bf7fd0fcc5bb7
COc1cnn2c(NCc3ccc(NC(C)=O)cc3)nc(NC3CCOCC3)nc12,42,-8.464,30.0,5.0,9.993730068206787,ok,d8ac3a9e2f96e5c6,42,95f6f02b42fa82bafade4fd25442934eb2381b434cf5f4dd2db145c64a1277e6
COc1coc(CN=Cc2c(=O)[nH]c(O)c3ccc(Br)cc23)cc1=O,42,-8.051,25.0,5.0,5.2208170890808105,ok,69769789d8303638,42,116d8fb28909e19a9ca041bf2b57ba65a27602e41a84b6e9576fece4a98338cf
COc1ncccc1-c1ccc(N2CCCNCC2)cc1,42,-4.894,21.0,3.0,8.857189893722534,ok,a6f18b7849729d4e,42,e5cb077d61622ce91caa308cd08c0bd2530701194b28f0c96048d200aad5e4fb
COc1nn(C2CCN(C(C)=O)CC2)cc1Nc1ncc(Cl)c(-c2cnn3ccccc23)n1,42,-9.634,33.0,5.0,10.473915815353394,ok,b11ba2cb6233be38,42,3aee04a113dc65b892ad5d629beab0fc622446f3be88f84cc14b9c029e930838
CS(=N)(=O)Cc1cccc(Nc2ncc(F)c(-c3cccc4c3OCCC4)n2)c1,42,-10.145,29.0,5.0,8.21806001663208,ok,4378f25a5614a1cb,42,6fd60eb5b560a0a874e5efd77623a91c57c91575f649ce23638764a935cc47b0
CS(=N)(=O)c1cccc(-c2cc(N3CCC(O)CC3)ccc2O)c1,42,-7.994,24.0,5.0,4.6929402351379395,ok,0517e7db245bbbb9,42,daae26737f31f8cb44ffe27fa818ff67c6feb9f6037ae6f260d7fac56b9f72b2
CS(=O)(=O)C=Cc1cccc(-c2ccc(S(N)(=O)=O)cc2)c1,42,-7.333,22.0,5.0,4.673125743865967,ok,3d0ba0b0eb63722f,42,f26e1ed1c66c4f1e42da24dc288e467378694c21c36c089269ec805847745201
CS(=O)(=O)N1CCC(Nc2ncc(C(F)(F)F)c(-c3cnn(-c4ccc(C#N)cc4Cl)c3)n2)CC1,42,-9.124,35.0,5.0,12.867492914199829,ok,0f921d125a53878f,42,e70e00f95e18060c6a4d0e7cfb7e4d521ffd5e0128c5c262f1554d691ba6cd67
CS(=O)(=O)N1CCC(Nc2ncc(C(F)(F)F)c(-c3cnn(-c4ccccc4Cl)c3)n2)CC1,42,-8.191,33.0,5.0,11.85342288017273,ok,7d9a239c100d448a,42,92dba54b401615236dbc0d15eba9e5f8e95740991da40bc6a59c6ace7777d600
CS(=O)(=O)N1CCC(Nc2ncc(C(F)(F)F)c(-c3cnn(-c4ccccc4F)c3)n2)CC1,42,-8.839,33.0,5.0,12.355495929718018,ok,566b059b27a05567,42,9da7c28326179d59d12f4b6aaeab107ac8b9ed992ff8ae8bacecf227d1933223
CS(=O)(=O)NC(=O)Cc1ccc(-c2ccccc2)cc1,42,-7.502,20.0,4.0,3.354943037033081,ok,fab66fb713137739,42,eb157d0ab3ea76f8a0e3e7c847bc28fb7f111beb3add5be56e2dfb2664b2adef
CS(=O)(=O)Nc1ccc(-c2ccc(S(C)(=O)=O)cc2)cc1,42,-7.177,21.0,4.0,2.9724478721618652,ok,0024593e6b9a5768,42,d6ce7d0484598a0e0837370e7758bc1ff014bf274f4aae10a9338ced5dd65936
CS(=O)(=O)Nc1ccccc1-c1ccc(N2CCCCC2)cc1,42,-7.642,23.0,4.0,3.9673359394073486,ok,99cbb4427eab2038,42,55dbe453f55aacf79ff5b57dfa7af35c0bf5e149f3ba65273cd3ecf3fab3c365
CS(=O)(=O)c1ccc(-c2ccc(CCC(=O)O)cc2)cc1,42,-7.662,21.0,5.0,3.0298709869384766,ok,ab57c31e785224ae,42,124264c76a57c7f8cb06a6630b63c64a5763a762dd3bd83ee54fc596891574a9
CS(=O)(=O)c1ccc(-c2ccc(S(N)(=O)=O)cc2)cc1,42,-7.416,20.0,4.0,2.544543981552124,ok,172d3f5665edefc1,42,8027e9177e3eac614da949b09ab5343121040ca1e09472657670b6ea63a4e4e2
CS(=O)(=O)c1ccc(N=Cc2c(O)[nH]c3ccc4ncsc4c23)cc1,42,-7.955,25.0,4.0,3.961474895477295,ok,9521f46cbbb78e3f,42,35930944c107f4fcd1e0cd7d19e549c659039fd125d6d07b723341193b54334d
CS(=O)(=O)c1ccc(NC(=O)c2ccc(S(C)(=O)=O)cc2)cc1,42,-7.275,23.0,4.0,2.8097541332244873,ok,90af26d1a4d892f9,42,21706753cec58397f8039645daa35590ef24a2dbc3e6d33969ffa6d4995323e1
CS(=O)(=O)c1ccc(Nc2cccc(S(N)(=O)=O)c2)cc1,42,-7.916,21.0,5.0,4.0950493812561035,ok,eab133d9253e237d,42,fd6e4928102854de21475159d203d34460b57e9ed18a01c11025deb39a02e6dc
CS(=O)(=O)c1ccc2[nH]c(O)c(N=Nc3ccc(S(N)(=O)=O)cc3)c2c1,42,-7.946,26.0,6.0,5.865660190582275,ok,59627453c371b5d5,42,e710e6c46e3fc021914d4c27d7104b46d161c0812e23c8064826652c9ae481fd
CS(=O)(=O)c1cccc(-c2ccc(S(N)(=O)=O)cc2)n1,42,-7.903,20.0,4.0,2.667678117752075,ok,2ed5821e84cf416d,42,9b78b20ff5b38ffda80bbc800fe66a70e705cb0233e78e0c82f2da2e4720b8ff
CS(C)(C)c1ccc(Oc2ccc(S(N)(=O)=O)cc2)cc1,42,-7.177,21.0,5.0,3.800497055053711,ok,679405d0f7a2b10c,42,c0fc24b9b06212cd2f9add02dea1dfaa739969ef1eb75c634d8c7dcd88b834f5
CSC(=O)Nc1ncc(F)c(-c2cnc(C)n2C(C)C)n1,42,-7.534,21.0,3.0,3.194070816040039,ok,34993dd8857e86ad,42,684aa346fd1f4b7f29f978400903af75d7305b96704e44fa1310763268004571
CSC(C)(C)c1ccc(-c2ccc(S(N)(=O)=O)cc2)cc1,42,-7.339,21.0,5.0,3.6708109378814697,ok,bc13c5c6791d6f9b,42,70fc35297c9d2a40b77297bea13ec78bb0cac27c130a90a9b388570426068a59
CSCCc1c(Cc2ccc[nH]2)ccc2[nH]c(O)c(C=NC=Nc3ccc(S(N)(=O)=O)cc3)c12,42,-7.32,34.0,10.0,20.14557385444641,ok,156b4b00a7d022e3,42,bd47b5daa50460b0852971a6177ef3f67071978880af9a54395576ae13621dcd
CSS[C@H](Oc1nc(Nc2ccc(S(=O)(=O)C(=O)NN[C@@H](C)O)cc2)ncc1C(F)(F)F)[C@@H](C)O,42,-8.209,35.0,12.0,19.365325927734375,ok,474adefe28ec89a3,42,14ce96e61a9cbcbb1f27e3a02c2ee7b582fb013bf8698284184748e5738280a9
CSS[C@H](Oc1nc(Nc2ccc(S(=O)(=O)ON)cc2)ncc1C(F)(F)F)[C@@H](C)O,42,-7.749,30.0,11.0,13.969902992248535,ok,f92cdf72936cd943,42,a1f0cf4d14d72f5ea178d46980d45db2a5ea0d2d0c74f9d90bbb782663b53cf1
CS[C@H](OS(=O)(=O)c1ccc(Nc2ncc(C(F)(F)F)c(OC(C)S(=O)(=O)C(C)O)n2)cc1)[C@@H](C)O,42,-8.158,36.0,13.0,17.827935218811035,ok,84734f66f3413b9d,42,a2fac50fde68b4a320be5572eaa6e05f1a499dd3e007eb88e8a5fb90ea07c4e7
CSn1cnc(-c2cc(NC[C@H]3CCNC[C@@H]3O)nc3c(C(C)C)cnn23)c1,42,-6.203,28.0,6.0,7.5029308795928955,ok,bce74c2e0b4c1c85,42,60e7dce9c86576b4907d40bfc6a0d62de52b4ab99006053eb5f6d401311cfa65
C[C@@H](N)OS(=O)(=O)c1ccc(Nc2ncc(C(F)(F)F)c(O[C@@H](SC(F)(F)SF)[C@@H](C)O)n2)cc1,42,-7.859,35.0,13.0,24.86495804786682,ok,10cb5f4be25b7be7,42,b6513558f0b9dedcaca4c7ebdfb82fdf571eadd116ae64a3342bfdf7ba349f64
C[C@@H](NC(=O)N1CCc2cnc(NC3CCOCC3)nc2C1)c1ccc(Cl)c(F)c1,42,-9.497,30.0,4.0,10.75613808631897,ok,88288c50798b91e8,42,01c008e09696b3db077d9e8776ae645944add3388eb4efdefbe468cc79e9b459
C[C@@H](NC(=O)N1CCc2cnc(N[C@H]3CCO[C@@H](CO)C3)nc2C1)c1ccc(Cl)c(Cl)c1,42,-8.944,32.0,6.0,11.003692150115967,ok,57fae4f36fa56f16,42,cfa2c074807d2c4c1bdbd7255976ef31297ee5eb0022992f6282bc2f94435efb
C[C@@H](NC(=O)N1CCc2cnc(Nc3cnn(C)c3)nc2C1)c1ccc(Cl)c(Cl)c1,42,-8.785,30.0,4.0,7.470746994018555,ok,fd3650874d434b13,42,93d8013f5f5d8b1ebd0b435fdbfc896dcba5b0496f433762df6ae93586d602d6
C[C@@H](Nc1nc(Nc2ccc(S(=N)(=O)C3CC3)cc2)ncc1Br)C(C)(C)O,42,-7.703,27.0,8.0,7.956674098968506,ok,d03f79109a7721f2,42,5d4c86ef5e30613788c69526bb11e2f7e0a42b65ac883b57a1192ddbedd8c1d7
C[C@@H](Nc1nc(Nc2ccc(S(=N)(=O)CC3CC3)cc2)ncc1Br)C(C)(C)O,42,-7.808,28.0,9.0,9.47782301902771,ok,ffdcbe6b156c2790,42,bea289caa2bbf1c85a83a60db9868b18605e2da0a1b0897416252fb7c140cc5a
C[C@@H](Nc1nc(Nc2ccc(S(=N)(=O)CCO)cc2)ncc1Br)C(C)(C)O,42,-7.623,27.0,10.0,9.622382164001465,ok,add099fd591d66c6,42,17d63aa4c6c0164af0a8e2477b4e81dea574fb9c36d056f8ef76806afef6cb49
C[C@@H](Nc1nc(Nc2ccc(S(C)(=N)=O)cc2)ncc1Br)C(C)(C)O,42,-7.789,25.0,7.0,6.359155178070068,ok,7f150bb4c21d5f47,42,e6fe2e7df6115677b9d727cb40aaf39ec52bb4c7900800f2163617621d7dfa04
C[C@@H](O)C(Oc1nc(Nc2ccc(S(=N)(=O)C3CC3)cc2)ncc1C(F)(F)F)C(F)(F)F,42,-8.27,32.0,8.0,11.361895322799683,ok,fde4d27250a23775,42,164be2e5b0e34dcbefbcc0c1384aff42177e59e3b6173864a15f4370da97955d
C[C@@H](O)CC=CCCC(=O)c1ccc(CC(=O)Nc2[nH]nc3ccc(N4CCCS4(=O)=O)cc23)cc1,42,-8.345,36.0,11.0,22.182435035705566,ok,ac5b57dc82ee00b8,42,8819a89383e6019bce1a11d8397ac51523d4de666f990874e968cfbc50c9765e
C[C@@H](O)[C@@H](C)N=NS(=O)(=O)c1ccc(Nc2ncc(C(F)(F)F)c(O[C@H](C)[C@H](C)S(=O)(=O)S(N)(=O)=O)n2)cc1,42,-8.93,39.0,13.0,30.165167093276978,ok,83e622e53fd497d4,42,fcc41904d52c9641583e854c94a965d47a923b676a07916b54d2e8020723e247
C[C@@H](O)[C@@H](C)NOc1nc(Nc2ccc(Nc3ccc(S(=O)(=O)NS(=O)(=O)NS)cc3)cc2)ncc1Br,42,-8.419,37.0,14.0,27.59382724761963,ok,a444036fbd99ad19,42,951197a04f6e2c0e133b49ea02fc64d39bc75246137000b94266ffd2d917358c
C[C@@H](O)[C@@H](C)Nc1nc(Nc2ccc(-c3ccc(S(=O)(=O)OS(N)(=O)=O)cc3)cc2)ncc1Br,42,-7.906,34.0,11.0,15.33762001991272,ok,6bdb198c40e2b91c,42,db85ef0fc9816bd19747471dc100699ced632a76bae450499ef27010c5699630
C[C@@H](O)[C@@H](C)Nc1nc(Nc2ccc(S(=N)(=O)CCO)cc2)ncc1Br,42,-7.513,26.0,10.0,7.337949991226196,ok,f6b9b2504101a627,42,37230b3c84903d51aaf4ede52d47bc3cb323672fb6e1c650325ba8731bf9fae8
C[C@@H](O)[C@@H](C)Oc1nc(Nc2ccc(-c3ccc(S(=O)(=O)[C@@H](C)O)cc3)cc2)ncc1C(F)(F)F,42,-8.105,35.0,10.0,21.755254983901978,ok,1a71842077a3ad4c,42,85a929563602fec7e8eae3912071b84e366a56e6f040f4f3ea16049fc45e8641
C[C@@H](O)[C@@H](C)Oc1nc(Nc2ccc(Nc3ccc(S(=O)(=O)C(O)F)cc3)cc2)ncc1C(F)(F)F,42,-8.61,36.0,11.0,20.151227951049805,ok,1d1504bc691cb83d,42,94978d2f8ce5c97bca15085edff376dfa7c06afe9ac3b57d84e5751e3711889e
C[C@@H](O)[C@@H](C)Oc1nc(Nc2ccc(S(=N)(=O)C(C)(C)O)cc2)ncc1C(F)(F)F,42,-8.385,30.0,9.0,9.685839891433716,ok,b0abf5e08a6655a3,42,34c28d9c9260c4fc6001b49fd91d94311735971e2be9b87b3bda35ca4ee7c98e
C[C@@H](O)[C@@H](C)Oc1nc(Nc2ccc(S(=N)(=O)C(F)(F)SF)cc2)ncc1C(F)(F)F,42,-8.088,31.0,9.0,10.818106174468994,ok,63a4786634fbc082,42,9cd78b206f9307912261d601720d003e56bb560a0264051d20a722e6b6d34a9e
C[C@@H](O)[C@@H](C)Oc1nc(Nc2ccc(S(=N)(=O)C(F)(NF)NF)cc2)ncc1C(F)(F)F,42,-8.137,32.0,10.0,12.78946304321289,ok,4a6bdac8ecda0e53,42,ef5605503ff5554328c6aef6670a0a9e531eafaf182d5c180b2ff05f72eac105
C[C@@H](O)[C@@H](C)Oc1nc(Nc2ccc(S(=N)(=O)O[C@H](C)[C@@H](C)O)cc2)ncc1C(F)(F)F,42,-8.085,32.0,11.0,15.69218897819519,ok,0348d75fbfc43ae8,42,cbe690c7f4f3605798113791d9662ecd3b17201ed586f229c8681ae05edee303
C[C@@H](O)[C@@H](C)Oc1nc(Nc2ccc(S(=N)(=O)c3ccc(S(=N)(=O)[SH](=N)(N)O)cc3)cc2)ncc1C(F)(F)F,42,-8.827,39.0,12.0,27.41801404953003,ok,09faa6443942e7ce,42,3d0f91a82c4f5f1b1722a47e39f290dfe1d4810e17f3d561f65896b39dd6ee07
C[C@@H](O)[C@@H](C)Oc1nc(Nc2ccc(S(=O)(=O)C(=O)C(F)(F)F)cc2)ncc1C(F)(F)F,42,-8.093,32.0,7.0,11.734949111938477,ok,ae17296b45d19faa,42,2d0870d68bfea92953f1ae2edc88db803498db8c5595767a2a4d994d16c2e08f
C[C@@H](O)[C@@H](C)Oc1nc(Nc2ccc(S(=O)(=O)C(C)(C)C)cc2)ncc1C(F)(F)F,42,-8.009,30.0,7.0,9.330733060836792,ok,58e46486f9def67d,42,0d2215835a5fd3eaa9cb7ebce8ffeb99237f87f060301b6d2402d8e2d038a60b
C[C@@H](O)[C@@H](C)Oc1nc(Nc2ccc(S(=O)(=O)C(C)(C)O)cc2)ncc1C(F)(F)F,42,-8.091,30.0,9.0,11.749889850616455,ok,e96ee131cbe060f0,42,7b36f6342eb6ecdff3c6ac2faf00fc81c40125a248fb5cfbd958b8a213dd030c
C[C@@H](O)[C@@H](C)Oc1nc(Nc2ccc(S(=O)(=O)C(F)(F)C(F)(F)F)cc2)ncc1C(F)(F)F,42,-8.609,33.0,8.0,9.75468897819519,ok,e278d8120b64d2f4,42,4de241cde2e2f0d99fcfc9186ecf136e759a089b573c53e22897dd402c7ecdfd
C[C@@H](O)[C@@H](C)Oc1nc(Nc2ccc(S(=O)(=O)C(F)(F)F)cc2)ncc1C(F)(F)F,42,-8.251,30.0,7.0,11.240044116973877,ok,01d143a854af685f,42,7c3be3fd34f2ff9e00979f8925ffe9b8efce8f45183680a2c3b1bd8c888f0ff3
C[C@@H](O)[C@@H](C)Oc1nc(Nc2ccc(S(=O)(=O)C(F)O[C@H](C)[C@@H](C)O)cc2)ncc1C(F)(F)F,42,-8.229,34.0,12.0,19.822505950927734,ok,5fdaaa7690d93bed,42,968293d5b0594a52a161db0335779c24fba8e6c1e1d3ecdcf5b18559b7b6b72a
C[C@@H](O)[C@@H](C)Oc1nc(Nc2ccc(S(=O)(=O)CCO)cc2)ncc1C(F)(F)F,42,-7.977,29.0,10.0,16.78036093711853,ok,1ad65e656f298850,42,24f21953b15c92db33fc32e36ab3ba5468c6aa0b01bcc50ff60821ee393d8618
C[C@@H](O)[C@@H](C)Oc1nc(Nc2ccc(S(=O)(=O)O[C@H](C)C(C)(C)C)cc2)ncc1C(F)(F)F,42,-8.014,33.0,9.0,14.395782232284546,ok,7474a0f3cdb22ff6,42,d94ddeadc1f37f618b516aa325785e5feb8a79c49345138658e6023be88c6fe6
C[C@@H](O)[C@@H](C)Oc1nc(Nc2ccc(S(=O)(=O)S(=O)(=O)NNC(F)(F)F)cc2)ncc1C(F)(F)F,42,-8.74,35.0,10.0,16.717631101608276,ok,d698a5db849e5361,42,ea20752371db56a1fb71d64b9b5c1306f11371fae2c423b508cf57cb2c7db719
C[C@@H](O)[C@@H](C)Oc1nc(Nc2ccc(S(=O)(=O)S(N)(=O)=O)cc2)ncc1C(F)(F)F,42,-8.122,30.0,9.0,10.479365110397339,ok,d9d1af2849b0ebed,42,0965929859474de0d40b7642ea5de217eb305c69afd6b083f06d0cc39900bf7e
C[C@@H](O)[C@@H](C)Oc1nc(Nc2ccc(S(=O)(=O)[C@H](C)S(=O)(=O)[C@@H](C)O)cc2)ncc1C(F)(F)F,42,-8.169,34.0,11.0,16.422091007232666,ok,a82b8cccdd6b09d2,42,1be06ccbcf0e8d1bf816e2d15813116fe8b1edb4c872ffac85afac560a29d742
C[C@@H](O)[C@@H](C)Oc1nc(Nc2ccc(S(C)(=N)=O)cc2)ncc1C(F)(F)F,42,-8.282,27.0,7.0,7.411902904510498,ok,2699df0b82a1fb25,42,830b7c1865ff54428b18794f54780ac7a6ea90448f667b2dcee35a397fa28ebb
C[C@@H](O)[C@@H](C)Oc1nc(Nc2ccc(S(C)(=O)=O)cc2)ncc1C(F)(F)F,42,-8.137,27.0,7.0,8.352875709533691,ok,a908dd550518d624,42,7562f6ab6eb3b45c6a2e4c5436ff2e5aeca97552e39b9885bebe8cab0664b68b
C[C@@H](O)[C@H](C)S(=O)(=O)c1ccc(Nc2ncc(C(F)(F)F)c(O[C@H](C(F)(F)F)S(=O)(=O)[C@@H](C)O)n2)cc1,42,-8.578,37.0,11.0,25.03205394744873,ok,cc18e46f616754b3,42,2253022c93ecb11fba10edc0a02a8bf3a687fc11f7050d66d62b9e064ef47ee2
C[C@@H](O)c1cc2cnc(Nc3ccc(N4CCNCC4)cn3)nc2n1C1CCCC1,42,-7.806,30.0,6.0,9.70193099975586,ok,50a8cfaec51e9d90,42,778621ffeafd5a0c4792958fd4532365fb8c66cd6c0e63256eb67ea31e1ebd45
C[C@@H](Oc1cc(-c2cc(-c3cc(CN(C)C)cs3)cnc2N)ccc1C(N)=O)c1ccccc1C(F)(F)F,42,-9.221,38.0,9.0,23.80915880203247,ok,496dea6b133efc7e,42,15b74a7855f59721915e6ca71cfe107ac85bdaa65ca5b37e5dbf95d2c73fb0e6
C[C@@H](Oc1nc(Nc2ccc(-c3ccc(S(=O)(=O)S(N)(=O)=O)cc3)cc2)ncc1C(F)(F)F)C(C)(C)O,42,-8.211,37.0,10.0,18.877588272094727,ok,5c1b25b1ff3ace6e,42,581f30b0a70695bc7350c55532e752440c6f88f5b14b82791a3ea5ab220867ed
C[C@@H](Oc1nc(Nc2ccc(S(=O)(=O)C(F)(F)F)cc2)ncc1C(F)(F)F)C(C)(O)O,42,-8.257,31.0,8.0,9.208348989486694,ok,12974909b5d474d7,42,978db70043da5cc52dae291090a9edba2c2228a19c90db6e331f9bf2a276d610
C[C@@H](Oc1nc(Nc2ccc(S(=O)(=O)S(=N)(N)=O)cc2)ncc1C(F)(F)F)C(C)(C)O,42,-8.541,31.0,9.0,14.42342209815979,ok,2307b370deef50ca,42,7e972380de1e313b9c1b33c693317e3fadf8f7477502af5d25e1f40b422dba36
C[C@@H](Oc1nc(Nc2ccc(S(=O)(=O)[C@@H](C)O)cc2)ncc1C(F)(F)F)c1ccc(S(=N)(=O)C(F)(F)F)cc1,42,-8.271,39.0,9.0,24.86904501914978,ok,8545c4ab63904005,42,d338e699f4a2ecbda2fbd75dce369d9ffd75b9dc5de2f3572e050b42d85ed047
C[C@@H](Oc1nc(Nc2ccc(S(=O)(=O)[SH](N)(=O)O)cc2)ncc1C(F)(F)F)C(C)(C)O,42,-8.36,31.0,10.0,12.698534727096558,ok,8370fd5d4e1c4009,42,26fb8b25f0343b8afe2fe83ab87c3e0f77d295f695093e2528eae40801373631
C[C@@H](Oc1nc(Nc2ccc(S(=O)(=O)[SH](N)(=O)S(N)(=O)=O)cc2)ncc1C(F)(F)F)C(C)(C)O,42,-8.407,34.0,11.0,19.014352798461914,ok,1ccb3fc2166e674d,42,6f2269adce23b66a8f6622e46976f2d552c19026af5fe9e160516074511588de
C[C@@H](Oc1nc(Nc2ccc(S(C)(=O)=O)cc2)ncc1C(F)(F)F)C(C)(C)OC(F)(F)F,42,-8.353,32.0,7.0,12.200802087783813,ok,617c989b0ad6aca9,42,114652f7965a4533707ef2ac1b25560e6504b663c542b7c18b92ab8aad4c8551
C[C@@H](Oc1nc(Nc2ccc(S(C)(=O)=O)cc2)ncc1C(F)(F)F)C(C)(C)S(N)(=O)=O,42,-8.419,31.0,8.0,12.34373688697815,ok,cfc8df9efe4d5c09,42,e40a6a36721c26cced9fbf986d7417cd959d5a7d28bccb113492ec95f640e6bb
C[C@@H](Oc1nc(Nc2ccc(S(C)(=O)=O)cc2)ncc1C(F)(F)F)C(C)(C)[SH](N)(=O)CO,42,-8.251,32.0,10.0,17.52333426475525,ok,888a23c22beff843,42,2d4f4fa19f57ba4d51a669cf8893a5d1579968643faa9ad9c9f6ae866db7aa0d
C[C@@H](Oc1nc(Nc2ccc(S(N)(=O)=S)cc2)ncc1C(F)(F)F)C(C)(C)O,42,-8.187,28.0,8.0,8.370675802230835,ok,12ae4751bbbd63dd,42,029059f5e1f35e4185304bd2d09001a74ba4360de145e98c8221c07a026aef8e
C[C@@H]([C@H]([C@@H](C)S(=O)(=O)c1ccc(Nc2ncc(C(F)(F)F)c(O[C@H](C)[C@@H](C)O)n2)cc1)C(F)(F)F)[C@@H](C)O,42,-8.192,38.0,12.0,25.15534019470215,ok,17142a0ef0519faf,42,256c82aebf0f5c2dbd0aa74e729c5a55ba48c080f48a63f23ced6d24f074f8af
C[C@@H](c1ccc(C(F)F)cc1)c1ccc(S(N)(=O)=O)cc1,42,-8.729,21.0,5.0,3.9867770671844482,ok,0504c80476727ca3,42,849566c4a8f661357236edf881bad4761214b0d6df38a7fc53dc4282253b2dbc
C[C@@H](c1ccc(S(N)(=O)=O)cc1)c1cccc(C(C)(C)C)c1,42,-8.328,22.0,4.0,4.246110916137695,ok,92b845018a9da132,42,c0f17a933eef6e11f84504a1f8dc6f8b072dfa8e6d990e39ef32fe27bfa7468d
C[C@@H]1CN(c2ccc(NC(=O)Nc3cc(C4CC4)[nH]n3)nc2)C[C@H](C)N1C[C@@H](C)O,42,-7.586,30.0,7.0,9.06554102897644,ok,0c558cd32239b345,42,137a01cfed250a0a3cc3db9d82ca4b29774bf07e42aeeaf2dd4162b93989741b
C[C@@H]1CN(c2ccc(Nc3c[nH]c4ccccc34)nc2)C[C@H](C)N1C[C@@H](C)O,42,-8.053,28.0,6.0,6.584613084793091,ok,2673f90f0e17a78a,42,f127e2b588e03b35e25e21ae158aa958a5ebf7955870ba768fd8231761b24072
C[C@@H]1CN(c2ccc(Nc3ncc4cc5n(c4n3)C3(CCCCC3)CNC5=O)nc2)CCN1C,42,-7.11,34.0,3.0,8.438654899597168,ok,31bfe72d80101b43,42,a0201d75989289e194676d863d8f70660edaa36a3618b6b152e2c29bb8e79f8d
C[C@@H]1CN(c2ccc(Nc3ncc4cc5n(c4n3)C3(CCCCC3)CNC5=O)nc2)C[C@H](C)N1,42,-8.322,34.0,3.0,7.718768119812012,ok,a21eadb61d59248b,42,ab91732c431c61cac068a0a9b498d01b94f1b9820c36fbe96063cf3a213a717d
C[C@@H]1CNCC(C(=O)Nc2ncc(SCc3ncc(C(C)(C)C)o3)s2)C1,42,-8.281,26.0,5.0,7.63881516456604,ok,9e2c3cc386d1c4d4,42,3db4be8ab6495f17b9c64ef50eafba3e6442275c177edc23969444d101226bea
C[C@@H]1C[C@H]2CN1CCn1[nH]c3c(cccc3c1=O)-c1nc3c(cccc3[nH]c1=O)O2,42,-5.157,30.0,0.0,13.828917026519775,ok,251444978ccf1630,42,e66fa076ea64b57c66fe3ba2feb62623e623b033195d48c31fd6c74dac5a3e95
C[C@H](CO)Nc1nc(Nc2ccc(S(C)(=O)=NS(=O)(=O)CC[Si](C)(C)C)cc2)ncc1Br,42,-6.961,32.0,11.0,17.49315619468689,ok,2e282b4a68a50241,42,b2a4d144bec3ec71e69eeb7a99a862d79ff588089e58f787477bfacad65a4cd4
C[C@H](CO)Nc1nc(Nc2ccc(S(N)(=O)=O)cc2)ncc1Br,42,-6.995,23.0,8.0,6.699868202209473,ok,7553467f2d080c02,42,4e0ca875de49c36adc3d36aa14b217432b206bc6ffe1682a16118157000f6520
C[C@H](N)CN1CCc2nc(N3CCN(c4nnc(Cc5ccccc5)c5ccccc45)CC3)ccc2C1,42,-8.981,37.0,7.0,14.21935486793518,ok,62fb6e5ea3428e89,42,c1fa6b4b31f99b6c464477dabd1fc407cf773f4bb6f87aad24fa388a7d020896
C[C@H](Nc1nc(Nc2ccc(S(=N)(=O)CCO)cc2)ncc1Br)C(C)(C)O,42,-7.955,27.0,10.0,9.957741022109985,ok,35470794aa107a64,42,50208fa06f6ebd0199d4d8baaa6e5df55b3108022e3606ee0479b956731ebe7f
C[C@H](Nc1nc(Nc2ccc(S(C)(=N)=O)cc2)ncc1Br)C(C)(C)O,42,-8.052,25.0,7.0,6.385966777801514,ok,2ada64c045654fe0,42,d9d284dc50fc2e3c96e7d238fc88c918d434486d14f6519b5cd21688b24271cf
C[C@H](O)CN1CCN(c2ccc(Nc3ccc(S(=O)(=O)C4CCCC4)cc3)nc2)C[C@H]1C,42,-8.491,32.0,8.0,10.641286849975586,ok,f88d58b325241eb5,42,a27e122aaf7bf4358fbef59795c2b0b72a03f42e804a3c2ef4ead314dafc7fe8
C[C@H](O)[C@@H](C)Nc1nc(Nc2ccc(S(=N)(=O)CCO)cc2)ncc1Br,42,-7.563,26.0,10.0,8.871058940887451,ok,9fb20cede80b537f,42,0aa9a070d93008fa9fb2c6b39570202506930df7c53668050b47dc64fda64182
C[C@H](O)[C@@H](C)Nc1nc(Nc2ccc(S(C)(=N)=O)cc2)ncc1Br,42,-7.636,24.0,7.0,5.863439083099365,ok,de5ecf190ea137e1,42,05a72514076070c34cce71928a60893b1ac4f2e9c6556a66d1cb12af3f127fcc
C[C@H]([C@@H](C)N)S(=N)(=O)c1ccc(Nc2ncc(C(F)(F)F)c(O[C@H](C)[C@@H](C)O)n2)cc1,42,-8.114,31.0,10.0,14.439954996109009,ok,be9c56e08f8fbf83,42,6aca5fa7cc9a85ec44f5844b88f68502a8a54af03ed64cc4e0641dd8a0e5e55f
C[C@H]([C@@H](C)O)S(=N)(=O)[C@@H](C)OS(=N)(=O)c1ccc(Nc2ncc(C(F)(F)F)c(O[C@H](C)[C@@H](C)O)n2)cc1,42,-8.361,37.0,13.0,20.973466873168945,ok,f526fa2567a98f17,42,d95996be46551e785eff73da2e61d028d6f68497d9a14d51a739e66343bc8065
C[C@H]([C@@H](C)O)S(=O)(=O)c1ccc(Nc2ncc(C(F)(F)F)c(O[C@@H](C)O)n2)cc1,42,-7.897,29.0,9.0,11.715796947479248,ok,fadceac4beaf9115,42,a46a70f83a83006347fd5973cb76236e890c89c0f61e60d42062b343cffb478a
C[C@H]([C@@H](C)O)[C@@H](C)Oc1nc(Nc2ccc(-c3ccc(S(=N)(=O)[C@H](C)[C@@H](C)O)cc3)cc2)ncc1C(F)(F)F,42,-7.967,39.0,12.0,23.460729837417603,ok,20912861ba69879b,42,aedf68a6d04837ba051d1c19bc2727b48d8bb15ca52d8b97a11cafc22886c09d
C[C@H]([C@@H](C)O)[C@@H](C)Oc1nc(Nc2ccc(Nc3ccc(S(=N)(=O)C(F)(F)F)cc3)cc2)ncc1C(F)(F)F,42,-8.595,39.0,10.0,23.787489891052246,ok,82e9cc013480c552,42,d1ce5ae2c614c54069e5d67be9bee1366bdc6869dff1adaf5a156e3d6d9bb065
C[C@H]([C@@H](C)O)[C@@H](C)Oc1nc(Nc2ccc(S(=N)(=O)[C@H](C)[C@@H](C)O)cc2)ncc1C(F)(F)F,42,-8.372,33.0,11.0,15.53475308418274,ok,80789c8a982cfd04,42,897c4cb2dc5845bea30197ec3278ee5add186fd2a1fe95d37840b6fbbb41e612
C[C@H]([C@H](C)[C@@H](C)O)[C@@H](C)S(=O)(=O)[C@@H](O)Oc1nc(Nc2ccc(S(=N)(=O)C(F)(F)F)cc2)ncc1C(F)(F)F,42,-7.522,39.0,12.0,31.0322048664093,ok,a54b2d3918586aaf,42,e85a33376df11958f3e3d3035feb3526ac8139d9a1436cdf88d84ce8f28a9a16
C[C@H]([C@H](Oc1nc(Nc2ccc(S(=O)(=O)[C@@H](C)[C@@H](C)O)cc2)ncc1C(F)(F)F)[C@@H](C)OF)[C@@H](C)O,42,-8.413,36.0,13.0,24.96661400794983,ok,da690c42e4e493dc,42,2276df64933ef3f8a05b910f2a4c723fc117f277227dbe8efefab08e1ac8825c
C[C@H]1CC[C@@H](n2c3cnccc3c3cnc(Nc4ccc5c(n4)CCN(C(=O)CO)C5)nc32)CC1,42,-9.26,35.0,5.0,11.165618896484375,ok,4aa163a7a7cd5d76,42,2c0d54210eb4ccd8e65ced9847d299621a5f7cd42c7f1696ed138810faa083d4
C[C@H]1CN(c2ccc(Nc3ncc4cc5n(c4n3)C3(CCCCC3)CNC5=O)nc2)CCN1,42,-8.467,33.0,3.0,7.0167059898376465,ok,943766e37c3f0bc0,42,d27e0ffe7cf9c95e5c0417db2ad4b0fc091a18cfdf05fac1499ac627bdd22743
C[C@H]1CNCC(C(=O)Nc2ncc(OSCc3ncc(C(C)(C)C)o3)s2)C1,42,-7.266,27.0,6.0,9.462445259094238,ok,12ea97fa9f059062,42,7ba2a6919350385c8b87f847ddc5ef8955bc5f10dd7cac38533c993cc6ede358
C[C@H]1CNCC(C(=O)Nc2ncc(SCc3cc(N4CCOCC4)ccc3O)s2)C1,42,-8.452,30.0,7.0,12.314773082733154,ok,8e2fb1337203d65d,42,5e80b716b4c3f79c0afdd1c2bcf3142ce318b22bc0d91c20d78926db962f8997
C[SH]=C(C)CC(=O)CC(=O)c1ccc(Nc2ncc(F)c(-c3cnc(C)n3C(C)C)n2)cc1,42,-8.751,33.0,9.0,13.429868698120117,ok,10046d360d77b004,42,688dc6f7bf43574721eaf056dc20dc2b6fe9da2fdafa47300fcb8165d6a838b8
C[SH]=C(C)CSCC(=O)c1ccc(Nc2ncc(F)c(-c3cnc(C)n3C(C)C)n2)cc1,42,-8.549,32.0,9.0,10.796426057815552,ok,7fe07a9711b6c91c,42,f6a5e1efe071ee9339ef36738557189b67f4be77fe21def3302fb46be7c42ba6
C[SH]=C(C)SC(=O)c1ccc(-c2ccc(Nc3ncc(F)c(-c4cnc(C)n4C(C)C)n3)cc2)cc1,42,-8.614,36.0,6.0,14.740757942199707,ok,046300d1bb9b0d03,42,67cb19faac7ce8c22812d2199cd783ba735b967761f81fe6cf14b781bad20e6d
C[SH]=C(C)c1ccc(C(=O)C(=O)c2ccc(Nc3ncc(F)c(-c4cnc(C)n4C(C)C)n3)cc2)cc1,42,-9.352,37.0,8.0,17.036363124847412,ok,f67cbda216887edf,42,35a6994380c3ab8da7355b0e4333d29e007537ab0da5df4ccf0ef3457887969d
Cc1[nH]nc2c1N=C(c1ccccc1Cl)c1cc(N)ccc1N2,42,-8.12,23.0,2.0,2.6055119037628174,ok,e4b4e604cd125541,42,ae422532589c0a1e3f2fc4e9744fc57a2673f0833a01e6502a8cd9556aa70ca2
Cc1c(N=Cc2c(=O)[nH]c(O)c3cc(Br)ccc23)cnn1C(C)N,42,-8.068,24.0,5.0,4.615825176239014,ok,7694c3dd8e1c83d3,42,f68dc70aa9e5f81952e461349903e635b8c1ac44fd364d08f33e2b261e9413a6
Cc1c(NC2CCCNC2)nc2ccnn2c1Nc1ccc(F)c(Cl)c1,42,-7.966,26.0,3.0,5.511080026626587,ok,2d8536528ea209f4,42,b883e10237e9c4d7d2a60bbbbb070638721817f1d581bffd92bfa042c82d0647
Cc1c(N[C@H]2CCCNC2)nc2ccnn2c1N[C@H]1CC[C@H](N)CC1,42,-8.101,25.0,4.0,6.039668083190918,ok,fc08d4526d70cf45,42,404a54fe27d27e2c91a4c17e4e1452e7899f51bb867b5394bb56e9e2babd076a
Cc1c(N[C@H]2CCCNC2)nc2ccnn2c1Nc1ccc2c(cnn2C)c1,42,-9.128,28.0,3.0,6.148539781570435,ok,221997035eef3691,42,0934f8ba681b43ba9733a7c1538988424adc03c77b46e8b5486c5c72d8e84ad6
Cc1c(Nc2ccc(S(N)(=O)=O)cc2)cccc1C(C)C,42,-7.997,21.0,5.0,3.889785051345825,ok,d49cef29b05ac254,42,b6f53c2c3c1a146eb80f1130423f923aed9650c3e805a06b598e2beba4a4a0ad
Cc1c([N+](=O)[O-])ccc2[nH]c(O)c(N=Nc3ccc(S(N)(=O)=O)cc3)c12,42,-5.846,26.0,6.0,6.8063437938690186,ok,ad692c2a61adda2b,42,8c179627a6efaebf84be432ef087fa763a0f7358167359d86d13dcd8883d3cd6
Cc1cc(-c2cc(-c3ccc(-c4ccc(C(N)=O)cc4)o3)ccc2O)nc(N)n1,42,-8.744,29.0,6.0,8.413467168807983,ok,df81526362ab7c9f,42,260fd6b3088d2ab8aeea1e42ef76a926390ce156163484dc11cd4ac0a812f382
Cc1cc(-c2ccc(S(N)(=O)=O)cc2)cc(S(C)(=O)=O)c1,42,-7.978,21.0,4.0,2.859246015548706,ok,7cbb6680b5642880,42,3af50a6773a2c94a05f53875ffe389f04ec3cf8eb898f45c57dd0dbb65d6cc9f
Cc1cc(-c2ccc(S(N)(=O)=O)cc2)ccc1C(=O)OF,42,-8.526,21.0,4.0,3.0709660053253174,ok,b67ba34c86eabdf1,42,1f1320b005406ea4376249f569c2480f111219a20413aaeeec2213fdfb4b9931
Cc1cc(-c2ccc(S(N)(=O)=O)cc2)ccc1CC(C)C,42,-7.673,21.0,5.0,3.5441300868988037,ok,6fa6e6cc79a9375b,42,89867400c3399cf5af54eef1c5f8beefb6fecf5e9d4b07af234cdf0d3a818860
Cc1cc(-c2ccc(S(N)(=O)=O)cc2)ccc1NC(C)C,42,-8.762,21.0,5.0,3.236785888671875,ok,092e10acae35d367,42,d956a9af735be0c6d3531495b958f4bb085b8c54b287b38f0c24fa0ec9dccd24
Cc1cc(C(=O)N(C)C)ccc1-c1ccccc1CO,42,-7.694,20.0,4.0,2.9940381050109863,ok,56132c9b8ecd0b4d,42,0c69087484aa910b87cf905b254ddb3c6e0e8cc9a0c639c9ebc8e5fb0a8d7cab
Cc1cc(C(=O)NC(C)C)ccc1-c1ccc(N(C)C)cc1,42,-7.215,22.0,4.0,3.6646499633789062,ok,bf2907e56000faee,42,f1b4cef9fd362ff86890d8cf7802d1e003bc067c82c40c354eda81136a1f2277
Cc1cc(C(C#N)c2ccc(Cl)cc2)c(Cl)cc1NC(=O)c1cc(I)cc(I)c1O,42,-8.401,30.0,5.0,9.14798879623413,ok,872c28390b037945,42,93808321d90f521fef821f31421e3d4593d68493671a7b15cca337c15785ca3b
Cc1cc(C(C)(C)C)ccc1-c1ccc(S(N)(=O)=O)cc1,42,-8.038,21.0,3.0,2.833873987197876,ok,b9c71fff4e20f05c,42,b59d6b1c54626d7f7f5e39f93ab06e0365a723ddb81ab7ea51aedd81790f8edb
Cc1cc(C)c(CNc2nc(N[C@@H](C)[C@@H](C)O)nc3c2ncn3C(C)C)cn1,42,-8.327,28.0,8.0,9.369527816772461,ok,f164bcb36160e3e9,42,1fdbef060f2c88385cde74b8e7d032b6f0f704ff7621f958b76a5d445a347175
Cc1cc(C)c(NC(=O)c2ccnc(N3CCCCC3)n2)cn1,42,-8.289,23.0,3.0,3.510761022567749,ok,cb10882d2c12cf7e,42,b0c616c24cf9b6e7955ef671437d5b7ad31a1dd2442589f2b91338a97f1d21ff
Cc1cc(C)c(Nc2cc(N3CCCOCC3)ccn2)cn1,42,-6.076,22.0,3.0,9.39762830734253,ok,62ab2141699e4674,42,debb8c6d188d2d70b00e712d083d01a2eac59bfe015d37cfb49340d4c91f0474
Cc1cc(CC(C)C)ccc1-c1ccc(S(N)(=O)=O)cc1,42,-8.574,21.0,5.0,3.7396581172943115,ok,d92f4f64a33e4cd8,42,3435f7d8039397bf68086a56454285593170e848ef72d0d5fb6824945cbda0b8
Cc1cc(CNC(=O)c2nn(C)c3c2CCc2cnc(NCc4cccnc4)nc2-3)ccn1,42,-7.845,33.0,6.0,11.222293138504028,ok,419683b718d2e48d,42,f37d6cda82f830d63b916b71942477ad3dd351b51fe8b91c05d251707f720c32
Cc1cc(CNC(=O)c2nn(C)c3c2CCc2cnc(Nc4ccc(N5CCN(C)CC5)cc4)nc2-3)ccn1,42,-7.704,39.0,6.0,16.59589385986328,ok,2435840238f3ac1c,42,c4dfa02a037c478465e76ba1b735fb1c9ca339737448f1cfca3c7bd1d3a7343b
Cc1cc(N2C(=O)CCCC2=O)c2oc(-c3ccc(O)c(O)c3)c(O)c(=O)c2c1,42,-6.429,29.0,5.0,6.36305570602417,ok,29ed4527863d12b5,42,471877a5f61893d9e87d45c5de85d6b77fb3b529b7715de67dbfeaba4bd2fe82
Cc1cc(N2CCCS2(=O)=O)c2oc(-c3ccc(O)cc3)c(O)c(=O)c2c1,42,-6.063,27.0,4.0,4.850401878356934,ok,937f9e7693055f97,42,e1387c6be5fa5a1f0e9364a76987371737cd2b0022d99fab39786a321f64836a
Cc1cc(N2CCCS2(=O)=O)c2oc(-c3ccc4[nH]ccc4c3)c(O)c(=O)c2c1,42,-6.662,29.0,3.0,5.077740907669067,ok,6c4066fb9646b04a,42,0e78bc0b492f1652f69cc568ac4543cb10969720ed30aa891a8d69f6452e3f1f
Cc1cc(N2CCOCC2)oc1NC(=O)c1ccccc1,42,-7.506,21.0,3.0,2.8459348678588867,ok,abe674854edc0483,42,43be1e5dc751a4c8ac303bbdb0d629d85b82c844d48b9dd850b3101a43be4f90
Cc1cc(NC2CC2)ccc1-c1ccc(N2CC=NCC2)cc1,42,-7.835,23.0,4.0,3.2543678283691406,ok,e2d18cb6d580c8ef,42,85e2d2f7406ff45aa67fb7db5aaef4582a914ce11103bc7461a05bcdba42b139
Cc1cc(Nc2ccc(S(N)(=O)=O)cc2)cc(S(C)(=O)=O)c1,42,-8.073,22.0,5.0,3.975935935974121,ok,1bf0ee07059bcaff,42,e2f3fae4d4a72ee766a744d96b06c1a222b99b2dd7d336157d7d0ba7fac68602
Cc1cc(Nc2cnc(C#N)c(N[C@@H](C)c3ccc(F)cn3)n2)[nH]n1,42,-8.427,25.0,5.0,5.920289993286133,ok,3b61c67302e31e42,42,4362232017b682d0b188ec6013dcee077bf7e3773d50a0d28ffd8754d8cbcaac
Cc1cc(Nc2ncc(Br)c(N[C@@H](C)C(C)(C)O)n2)ccc1S(C)(=N)=O,42,-8.215,26.0,7.0,8.80259370803833,ok,79f60734591255aa,42,1a4cf3be5a2c678bfd55377608e0017d6c1d56220074a37935dc4780fb008b91
Cc1cc(Nc2ncc(Br)c(N[C@H](C)C(C)(C)O)n2)ccc1S(C)(=N)=O,42,-7.987,26.0,7.0,8.08948802947998,ok,915f473d730c36c1,42,c7e176c1a9ce7b491e8ae68a194d457e1f4ce3ce11d6c3d3f1f1d9c706e02791
Cc1cc(Nc2ncc(Br)c(N[C@H](C)[C@H](C)O)n2)ccc1S(C)(=N)=O,42,-7.803,25.0,7.0,7.419166088104248,ok,33dce7d68df08577,42,c13540528bd06c93435dd77fbfb66b282d5aa99789ff0d75c909d31e8a99789d
Cc1cc(Oc2ccc(S(N)(=O)=O)cc2)ccc1C(C)C,42,-8.107,21.0,5.0,3.9574201107025146,ok,03a6264e7cff197b,42,437f67f2b05fc35476e40a2757fb088a74525c383ace924b9a54b504aa646cdb
Cc1cc(S(N)(=O)=O)ccc1-c1ccc(C(C)C)cc1F,42,-8.29,21.0,4.0,3.183365821838379,ok,b6bae0c7598d36b6,42,7204ddd4ce1334b9f364ef61140b10ca6ae23a2bd10b1ed4dc578c2ca519d401
Cc1cc(S(N)(=O)=O)ccc1N1CCN(C(C)C)CC1,42,-7.382,20.0,4.0,3.657996892929077,ok,0e84a4b80198d0f3,42,729c38966013b6f1751393fd8af27909b3d14a87408b5af92f2c235101c3bd8f
Cc1cc(S(N)(=O)=O)ccc1Nc1ccc(C(C)(C)C)cc1,42,-8.191,22.0,4.0,4.681923151016235,ok,b09b1a0c9176beb5,42,912f2e5ecd8fa3204247cefb648cbfc3c15a51b1f9b213430dc93f0bec720e9f
Cc1ccc(-c2ccc(-c3ccc(S(N)(=O)=O)cc3)cc2)cc1,42,-7.737,23.0,4.0,2.8361079692840576,ok,6e0225dadadb2550,42,bb8b1b423923a7b8c80481d7bee0ba9fd9cc91b3649cf1ff7ae3fe9baee7e511
Cc1ccc(-c2ccc(S(N)(=O)=O)cc2)nc1CCCC(C)C,42,-8.359,23.0,7.0,4.787704944610596,ok,528b28568ca46c8f,42,1c111a50615a27a3b1a9693ca70163e9bb1423736ce4b8f0dc861d888e61f61d
Cc1ccc(-c2nn(-c3ccccc3)cc2C(=O)NC(=S)Nc2ccc(F)cc2)cc1,42,-7.754,31.0,4.0,7.325927019119263,ok,de8d6901bd50cf2d,42,98bf8ff636b21ce7c8210755e764937fadf64a6003d4c17c0c643f9d17b7dea1
Cc1ccc(C(=O)N2CCC(C(=O)Nc3ccccc3)CC2)cc1,42,-7.906,24.0,3.0,3.94711971282959,ok,cdb07af96fb29c89,42,98c6ea2fe2db1eb98d18d11777173b22d06706636c8f6c3d5df89653fb459c00
Cc1ccc(C(=O)N2CCN(Nc3ccccc3)CC2)cc1,42,-7.706,22.0,3.0,3.4292049407958984,ok,305266789de76142,42,82c833311677584fb4052e7925f3f85b819c2a15ff4141005c5e393d51035f5f
Cc1ccc(C(=O)Nc2ccc(C(=O)N3CCOCC3)cc2)cc1,42,-7.744,24.0,3.0,3.404695987701416,ok,e95ed7f4649f02a5,42,bd9d686503d64d903ec44d513fdf1ad36b90016604c76814e55385bf3797f697
Cc1ccc(C(=O)Nc2ncccc2N2CCOCC2)cc1,42,-7.734,22.0,3.0,3.274959087371826,ok,4716df76752a0000,42,c5f37ad9fddbd601452a4337ea53da5b12e58ddad8cd7672714fa5aeb5606bc7
Cc1ccc(CC(=O)NC(=O)c2ccc(F)cc2)cc1,42,-8.299,20.0,3.0,2.5993127822875977,ok,2bc2fb1951ea539a,42,bff631c47b8e1d6bd4da0baf129d8ea8bedb84d0e8268852adc96c667fbc3888
Cc1ccc(CC(=O)NC2CCN(c3ccccc3)CC2)cc1,42,-8.011,23.0,4.0,3.893213987350464,ok,0edcef8508d7fdf4,42,0f6cfd78049f43440327c7fb663c0f5b902c095be4637d0d8314533e19db2b43
Cc1ccc(CC(=O)Nc2[nH]nc3ccc(N4CCCS4(=O)=O)cc23)cc1,42,-9.049,27.0,4.0,6.921053171157837,ok,a60f14d92426dc2d,42,7007136263d2e383084a6d2cb0ebb9c374f3b94123924350ac522906b3214506
Cc1ccc(CC(=O)Nc2ccc(N3CCOCC3)cc2)cc1,42,-7.641,23.0,4.0,4.4925010204315186,ok,367947be4f7786d8,42,edd95aac70972f9cb28270dbbdd98acd71547feee69d7d21b7904594c8cd28a8
Cc1ccc(CN=Cc2c(=O)[nH]c(O)c3ccc(I)cc23)cc1O,42,-8.372,24.0,5.0,4.690787076950073,ok,104674b16ec302e0,42,ef655711319009b0badabc1f7cb1396591afab886db165c8dffe5dcc3c9b6531
Cc1ccc(CNC(=O)c2ccc(F)cc2C(=O)N2CCCC2)cc1,42,-9.06,25.0,4.0,5.2619500160217285,ok,cacb339b157da9f5,42,2d280addd0eb0dbef97be540b85c4df5c8c8afc370b0cc09c762878c8538a994
Cc1ccc(Cc2ccc(NC(=O)C3CC3)cc2)cc1,42,-8.01,20.0,4.0,2.8263700008392334,ok,b32a955c0e946d9f,42,30f567b62a9995219098cc4f82f3f65ae37995c6816442c64cc9ddf14ec65ce6
Cc1ccc(Cl)c(CC(=O)NC(=O)c2ccccc2)c1,42,-7.751,20.0,3.0,3.1166229248046875,ok,d6b5b52ecf4bcf66,42,259e07e21edddf5416360177d981b9f684d637fc0a66c50f8a6a839445ddb9ea
Cc1ccc(Cl)cc1NC(=O)COc1ccccc1C,42,-7.4,20.0,4.0,4.183547019958496,ok,6cb77e3ae5fde07e,42,c43d2dca70807295838e40320e2fdf0a00ce36bcaa4a3e2da4aa64df4491c678
Cc1ccc(F)c(-c2ccc(C(=O)NN3CCOCC3)cc2)c1,42,-8.014,23.0,3.0,2.9084157943725586,ok,6528c57865c2c745,42,9bb38352b84362a47ac7a7bcd72b232b62d71cbed6cbc65bddb414a01a47d2e6
Cc1ccc(F)c(C(=O)Nc2ccc(N3CCN(C)CC3)cc2)c1,42,-7.96,24.0,3.0,3.4998059272766113,ok,8f25c6ce9abec5cb,42,68eae325b5fba149bf78d02ae6303a80269c11960d22c47cbff8555baeed8515
Cc1ccc(F)c(C(=O)Nc2ccc(N3CCOCC3)cc2)c1,42,-7.767,23.0,3.0,2.8466439247131348,ok,3c29053835704566,42,84076dabdec8890a4100521799f471fa3336c4ce02b2390e2423a46fd73d3a7b
Cc1ccc(F)c(C(=O)Nc2ccc(S(N)(=O)=O)cc2)c1,42,-8.297,21.0,4.0,3.0717780590057373,ok,de55fb1f0bbb4ad3,42,d0982bab0f77e4c01c83d9845a78a27cf3745689b8c6384618154dff7664ee14
Cc1ccc(F)c(CNC(=O)c2ccc(N(C)C)cc2)c1,42,-7.872,21.0,4.0,3.2982070446014404,ok,4dc56e54b13e777d,42,e7a107d6f6dbf71808ec72df92d186c2ba113d7defade2d6713c943d43514805
Cc1ccc(F)c(Cc2ccc(N3CCNCC3)cc2)c1,42,-8.433,21.0,3.0,3.6323180198669434,ok,e45dc583f184b9f3,42,45439529a3611b6b26ea310885ae23b98e3906c42e02d7ccdc794e07b9627786
Cc1ccc(F)c(NC(=O)CNC(=O)c2cc(C)ccc2F)c1,42,-8.494,23.0,4.0,4.076919078826904,ok,0c1542d2bd0e4cb2,42,b222672e29691d0ca8c8fb0da543066592aa6e30c9e02306df196803de64696b
Cc1ccc(F)c(NC(=O)c2ccc(S(N)(=O)=O)cc2)c1,42,-8.216,21.0,4.0,4.148792743682861,ok,867d3889083c3304,42,2149a521db2c72bc0f312f20c3a8ed138d141920edf340e0a79eccecd6a5f4be
Cc1ccc(F)c(Nc2nccc(-c3ccc(S(N)(=O)=O)cc3)n2)c1,42,-9.306,25.0,5.0,4.978282928466797,ok,949e114d816c141d,42,c29d500855dbe624a5c12f0b39f2fc8c07e79d531403e611044e2a415cc1e951
Cc1ccc(N(CC#N)c2cc(Nc3ccc(OCC(O)CN(C)C)cc3)ncn2)c(Br)c1,42,-7.839,33.0,11.0,20.11713409423828,ok,51c2abe54a009663,42,926cc56f308ef295b5333b26e565f23fe3bd294dff1e3004474720797520bf0b
Cc1ccc(N2CCOCC2)cc1NCCc1ccccc1,42,-8.371,22.0,5.0,4.122187852859497,ok,651c1e03aa43d9b6,42,7b8591504ae4ad55d90daf11f34e50d5f3f17aed5b1dfe7b3f8bd577a6928b53
Cc1ccc(N2CCc3cnc(NC4CC4)nc3C2)cc1Cl,42,-7.687,22.0,3.0,2.5373668670654297,ok,d133c1d69ee570e6,42,a8c7a93b0e63779a9eeff6a0617cee6f580388487acf784516009b94e877b84d
Cc1ccc(N2CCc3cnc(NCC4CC4)nc3C2)cc1Cl,42,-7.534,23.0,4.0,3.951089859008789,ok,fbc807a3d845317f,42,52cc933fff3a9e047cfa00a420980c4a3b1bf9b48e274e096b7ef64fdf2bfd10
Cc1ccc(NC(=O)c2ccc(N3CCOCC3)cc2)cc1,42,-8.069,22.0,3.0,2.458678722381592,ok,1fb8091965ea5ff4,42,fff6f89c6c9236dfcbfb2820255b3b624c5ad04625e9273a6380a47c6d689ca0
Cc1ccc(NCN2CCN(c3ccc(N4CCCCC4)nc3)CC2)cc1,42,-7.187,27.0,5.0,6.254652976989746,ok,f096f65cad750e24,42,d6a76d079cb258064f6ffeebcb7f36d84c011b0909930ecc3bb67b58c92368fd
Cc1ccc(Nc2ccc(S(=O)(=O)N3CCOCC3)cc2)cc1,42,-7.902,23.0,4.0,4.136225938796997,ok,cd741e80bb1de0cf,42,46245479c32e6af6ef167e7cdb3a4eaca780b70373bc71a5d0372f889ccadcc5
Cc1ccc(Nc2ncc(F)c(CO)n2)nc1CCNC(=O)C(C)N(C)C,42,-7.728,27.0,9.0,9.691908121109009,ok,95bf02f59a9081ac,42,572ccdaa1f669428dc74de53ba9a826e234143a2654109c393938371563b718c
Cc1ccc(Nc2ncc3c(n2)CN(C(=O)C(C)C)CC3)cc1Cl,42,-8.516,24.0,3.0,3.7975640296936035,ok,1c92e1d1b79b6dba,42,85ca2c76a37257b93053548c579c3a408dd080ee8f3aa9dd4f11b8bd44a65fd4
Cc1ccc(Nc2ncc3c(n2)CN(C2CC2)CCC3)cc1Cl,42,-6.662,23.0,3.0,10.709295988082886,ok,6b50babb725225d6,42,e4b27cba870e3db6a00bf05100c5f7c96a642958f42d8784c87289deffcf4a73
Cc1ccc(Nc2nccc(-c3cnc(C)n3C(C)C)n2)cc1,42,-8.539,23.0,4.0,3.973008155822754,ok,345754f151b99640,42,60e65b7aa01c9ca4213be1e7e45aa4e66f22199be671b9f7b208207184714392
Cc1ccc(Oc2c(=O)[nH]c(O)c3ccc(S(C)(=O)=O)cc23)cc1Cl,42,-7.284,25.0,4.0,4.857603073120117,ok,a589f673aa499480,42,200ea8a8b6008d701045947e08a60fa44b12ecaeda516a7d8e93ee1d310f9b0a
Cc1cccc(-c2ccc(N3CCN(C(=O)C(C)O)CC3)cc2)c1,42,-7.438,24.0,4.0,3.4437999725341797,ok,88356f8c6c24bca7,42,acd1a2f17f68e3c5350426ac116fe778b1f31e9c4566bc212a276a32ec71c210
Cc1cccc(C(=O)NC(=O)Cc2cc(C)ccc2Cl)c1,42,-8.203,21.0,3.0,3.497000217437744,ok,c42bd07d269a271a,42,ef9f0838fb1d10882bb9a317546c86971eca1d142d6def8736cf444228e21c0d
Cc1cccc(C(=O)NC(=O)Cc2ccccc2C)c1,42,-8.046,20.0,3.0,3.2014153003692627,ok,b6e5c956a3080d8f,42,bef5025b5939181e3954c498a91f748f28f73b9e8e1c66dcdc4ce2aa5527eb2b
Cc1cccc(C(=O)Nc2ccc(S(N)(=O)=O)cc2)c1,42,-8.154,20.0,4.0,2.5357508659362793,ok,de79e33c977e37b6,42,cfa9a4ef369acf2f268038877900668f48d7f8fed3e141c0b8ae4c62e7b423db
Cc1cccc(C)c1CC(=O)Nc1ccc(N2CCN(C)CC2)cc1,42,-7.585,25.0,4.0,4.792155742645264,ok,9bdb0b614df9c673,42,3c2fca512ae3a1c00edb4c530c2ebeae84af9be9f9534b3e7bc169e15efb94b7
Cc1cccc(C)c1Nc1ccc(N2CCN(C)CC2)cc1,42,-8.114,22.0,3.0,3.1627111434936523,ok,d257cd3493b5b7f4,42,f040ac262614f45b3f1285e606621549be1047bd0a1712fd707f2cd9426a2ee5
Cc1cccc(CC(=O)Cc2ccc(S(N)(=O)=O)cc2)c1,42,-8.265,21.0,6.0,5.312777042388916,ok,272da2acf6132c6d,42,96c43614c20dce70be23f25bc7d534158f9ca13db87232de7ba265ad67366558
Cc1cccc(CC(=O)NC(=O)Cc2ccccc2)c1,42,-7.96,20.0,4.0,3.351464033126831,ok,cbc3a1235d5b5272,42,39eb79d94de9e881a43b6faa1bf69c1f6e07b0398535d8cbaddb299796cd3501
Cc1cccc(CC(=O)NC(=O)c2cccc(F)c2)c1,42,-8.397,20.0,3.0,2.678920030593872,ok,d4b068169ca23f1b,42,fb0f75ce2917c56603b3590d3968a3fb976b135664d45fcbca369e767f60fd6f
Cc1cccc(CCNC(=O)c2cc(C)ccc2F)c1,42,-8.203,20.0,4.0,3.025026798248291,ok,400174454a40223c,42,cdcc4536e031f074e09e7d6f76396ea4e46cd35c9e9caa4b4412d2032dfd0966
Cc1cccc(CN2CCN(C(=O)c3ccc(O)cc3)CC2)c1,42,-7.918,23.0,4.0,3.470158815383911,ok,9f0b444a0da6178f,42,6e9143e825896c7c6aa3fc6bcdefcd655c13a530c78d2d5c785243829254bd72
Cc1cccc(COC(=O)c2ccc(S(N)(=O)=O)cc2)c1,42,-8.231,21.0,5.0,4.019983291625977,ok,8f7d2d5f73a9ef7a,42,022ed97e34d25ac9424ff2029faed3fc6e51614cf781d0e7544af1c575bea0cd
Cc1cccc(N2CCN(C(=O)NCc3ccccc3C)CC2)c1,42,-8.07,24.0,3.0,3.53725004196167,ok,35a3a1cbd3bdf3f3,42,2cb14881c2b7e802197c3a60341b1b67fb6c83542fbe813effbe88ec1a513563
Cc1cccc(NC(=O)N2CCN(COc3ccccc3)CC2)c1,42,-7.528,24.0,4.0,4.38948392868042,ok,2d09056835f68d49,42,eca6ed3b71f929645399e4ae08a842a705721fa6bc8a5b1e5028dc26023a9230
Cc1cccc(NC(=O)c2ccc(N3CCCOCC3)cc2)c1,42,-5.701,23.0,3.0,10.075796842575073,ok,9088972c58508b0d,42,c8b92ad942375a88f971b0b49c58d6b086574f47192b6000e5a717e8ce778392
Cc1cccc(NC(=O)c2ccc(S(N)(=O)=O)cc2)c1,42,-8.002,20.0,4.0,2.5091559886932373,ok,aa78c32e0bd98439,42,829e87dd8b6e18cb6eb7cfcd83b65339054651e7731b13fcb425bf3a120a5c48
Cc1cccc(Nc2ccc(N3CCN(C)COC3)cn2)c1,42,-6.225,22.0,3.0,9.075952053070068,ok,7a4624e56663c4cd,42,1d0b67d55937b300e4050f07b1ea57add89659d25085f1bc28873685b82d9777
Cc1cccc(Nc2ccccc2N2CCOCC2)c1,42,-7.221,20.0,3.0,4.352823972702026,ok,3379d6a88f8473b6,42,d63bca2fde7813e4dbc1ff6237bdeede5fecd1c825a5245fc3aa1c35c2a2c5e6
Cc1cccc2c(N3CCCNCC3)nnc(CCC(C)C)c12,42,-6.811,23.0,4.0,11.155216217041016,ok,825bd0269e2c7a4c,42,f07adc2e11ac01375869e5a95fb124e793439732648c2bdc27f92bdab7644c76
Cc1ccccc1-c1ccc(O)c(C(=O)N2CCN(C)CC2)c1,42,-7.493,23.0,3.0,3.536642074584961,ok,d94b0f72d2e27a8f,42,a31fdb82d3f8cc22887742187fdf5ae71dc3c2256ac7b66b0b82a07a5dd13ce9
Cc1ccccc1C(=O)NC(=O)Cc1ccc(N2CCN(C)CC2)cc1,42,-8.632,26.0,4.0,4.877947092056274,ok,16fee41d5756a7cf,42,3e19baa2e41bbfcc0279a1d25ed92654ee0d378555e34e3b6b8befe17ef80097
Cc1ccccc1C(=O)NC(=O)Cc1cccc(Cl)c1,42,-8.12,20.0,3.0,2.8999178409576416,ok,97f9015dc65ed8cd,42,573bb5b6b0609e620182456f9f8778b866d9b95263eb1fa5749bec0e22806eea
Cc1ccccc1C(=O)NC(=O)Cc1cccc(F)c1,42,-8.144,20.0,3.0,2.852466106414795,ok,1d23dace69a57cd5,42,e69e6dab3c556928d1037b4319e8f685be31e75f7ccf956e34fb987fca79eabe
Cc1ccccc1C(=O)NC(=O)Cc1ccccc1F,42,-8.141,20.0,3.0,2.9201431274414062,ok,44b4fad01c41727d,42,211ef82fdf1f6ca1fb6db02c8b8af84f4d4ddf4f04b63307a869082466064df8
Cc1ccccc1C(=O)NCC(=O)NC(=O)Oc1ccccc1,42,-7.704,23.0,4.0,4.864185094833374,ok,d96b294234c90d43,42,a022329ef96ec2de60b663202e31ec517579d50d2d3cf64668f144c6f9e27763
Cc1ccccc1C(=O)NCc1ccc(N2CCN(C)CC2)cc1,42,-8.06,24.0,4.0,3.783153772354126,ok,69fb86cb9a83fb6a,42,bff5e64d422623fd5dfb56defa43eed64d44e89d700d57791139df32ff9231de
Cc1ccccc1C(=O)Nc1ccc(C(=O)N2CCN(C)CC2)cc1,42,-7.77,25.0,3.0,2.8124539852142334,ok,9750a9f812d3cabb,42,aaf4ace0f61315c471da7f7dbb7948e6782f11908a2c586b2f019d4bc557561b
Cc1ccccc1C(=O)Nc1ccc(N2CCCN(C)CC2)cc1,42,-6.342,24.0,3.0,10.825154066085815,ok,88122dc023370015,42,ef8e4e7d510fb41244ff5b36322c8c85447f8ff91fa3cd015533df4d4fafcaa6
Cc1ccccc1C(=O)Nc1ccc(S(C)(=O)=O)cc1,42,-7.483,20.0,3.0,2.203613042831421,ok,0534198030344a93,42,39297dddd137e4a83aa90c780cc84fd687061306df48cdb770614da1ed9138f0
Cc1ccccc1C(=O)Nc1ccc(S(N)(=O)=O)cc1,42,-7.793,20.0,4.0,2.5429840087890625,ok,74cbfa340c8f6606,42,741380e7b6a5f7f8e49a474a47571c1f882624692e9f12de778a7735758f04e5
Cc1ccccc1CC(=O)NC(=O)c1ccc(N2CCCC2)cc1,42,-8.379,24.0,4.0,5.009764909744263,ok,18a917068f11ba1f,42,7a3eea0a95a81a61f63691e5336f2741171e1fec64b812e9819af71fb68a4d26
Cc1ccccc1CC(=O)NN1CCCN(c2ccccc2)CCC1,42,-6.219,25.0,4.0,14.334357023239136,ok,bca1eed57a2532f2,42,6db5bc81ddc7a297b6de363cc42ebdc149393e011affaf3e2bbc57ce0d58da98
Cc1ccccc1CCc1cc(N2CCN(C)CC2)ccc1O,42,-8.656,23.0,5.0,5.43190598487854,ok,8ada0a9eeebfdb5c,42,a010af61c12585ecc080bd3323f5555b30aaa1924b740902f9baeb65e1a54bb4
Cc1ccccc1N1CCCN(CNc2ccc(N3CCOCC3)cc2)CCC1,42,-6.086,29.0,5.0,20.028636932373047,ok,f57b228dd122b15f,42,eae9663dca5871f3d3c2c1e239b16a93b6df9f0d9c3770664d4517ab237ea9d3
Cc1ccccc1NC(=O)N1CCN(c2ccccc2)CC1,42,-6.787,22.0,2.0,2.6412899494171143,ok,57c3f66d509716df,42,19f8c8a6d4534fed6f2bad0189b1da261ceb5d78652165751e8cb399ded22704
Cc1ccccc1NC(=O)NC(=O)c1ccc(C(C)(C)C)cc1,42,-8.109,23.0,2.0,3.107002019882202,ok,1dd3d778af2e77a1,42,b7fa58f4f204f7d8492db01b46145d849fc373e234873896fd038f0b96276832
Cc1ccccc1NC(=O)NCC(=O)Nc1ccccc1,42,-7.174,21.0,4.0,3.7445781230926514,ok,fb27c00cf9d619d1,42,efef65ac9bea80b98ebc3f03ee9cc6e53e23ab1c8a296c17348fd4ff563d131b
Cc1ccccc1NC(=O)Nc1ccc(N2CCN(C)CC2)cc1,42,-7.34,24.0,3.0,3.582059144973755,ok,a11b9b4af77d5061,42,ce219d8b485f8081386f436bd357fb5bedff80d3808ad88a30e53fd7b1884082
Cc1ccccc1NC(=O)Nc1ccc(OC(F)(F)F)cc1,42,-7.228,22.0,3.0,3.8362600803375244,ok,88423d00554275ce,42,6f7c668aeac0205206894280bd5bd0ac3aa110ba500031e633fe55f0f8e17794
Cc1ccccc1NC(=O)c1ccc(CC2CC2)cc1,42,-7.864,20.0,4.0,2.6508982181549072,ok,c0aba4c4cbeb7831,42,55d7c62347f7c6651d76d767fc01d336f1c69b84d32d5c1faf815ad20bf2d0e1
Cc1ccccc1NC(=O)c1ccc(N2CCN(C)CC2)cc1,42,-7.989,23.0,3.0,2.797818660736084,ok,9b2b6fddeef353da,42,f50b954cdae9f66cdadf3e5625523ea4fff9d6ac0272d5acf5270e0ac0776bc4
Cc1ccccc1NC(=O)c1ccnc(N2CCCOCC2)c1,42,-6.272,23.0,3.0,9.5904221534729,ok,54b4626057d65e52,42,804c547d201afc7a253417f2b6c854b79eb7e159a033d5a0231fd5771d7fe901
Cc1ccccc1NCC(=O)Nc1c(C)cccc1C,42,-7.779,20.0,4.0,3.85437273979187,ok,4c464dd7e332f202,42,b216840bab35101b51da7e6347b8510e9a9136d03bf3682d089993b0f98a539e
Cc1ccccc1NCc1ccc(N2CCN(C)CC2)cc1,42,-8.01,22.0,4.0,4.181315183639526,ok,9970e87369d02ca9,42,a99a6f9f8e762a8908a0799ceeb04525aeff1d6c62945e518f81dbad064c5822
Cc1ccccc1Nc1cc(Nc2ccc(Oc3ccc(S(N)(=O)=O)cc3)cc2)ncn1,42,-9.379,32.0,8.0,10.735828876495361,ok,8b52a7e134dbf49d,42,9e3659a61608b2fa0ab0b1b661855caf32e6b04f93bce73ba7e4eb22581e79ea
Cc1ccccc1Nc1ccc(N2CCN(C)CC2)cc1,42,-7.802,21.0,3.0,2.950343132019043,ok,23f4e0eaf8bb8a1a,42,41628c3c50f1bb47c4c8fd221286de49455b32408ef972a6c9ec9450f363ac7d
Cc1ccccc1Nc1ccnc(N2CCN(C)CC2)n1,42,-7.284,21.0,3.0,4.277821779251099,ok,b19971b0e6c669ff,42,20c18122ef8bf815bd5a4224ca75c35e5dbdb48c924dc9b7035f88dec8394096
Cc1ccccc1Nc1ccnc(N2CCOCC2)n1,42,-7.466,20.0,3.0,2.780045986175537,ok,31d8e7416c47cf04,42,8e315c0cea925c09cb4b20c3e548b46d1a7833287ccd775a114643b04659b895
Cc1cnc(Nc2ccc(OCC(O)CN(C)C)cc2)nc1Nc1ccccc1,42,-8.189,29.0,10.0,12.71665906906128,ok,02cacfca45314da2,42,875077141437ccbff06277aba0eca20a19967864e1198e3c2eb364f5555e59b2
Cc1cnc(Nc2ccccc2)nc1-c1c(C)c(Nc2ncc3c(n2)-c2c(c(C(N)=O)nn2C)CC3)nn1C,42,-9.705,39.0,6.0,14.122565031051636,ok,bc4f51b25e7822c4,42,3f2e37e8bc66327702d79ad41f6a6272384e015e98c54c808678d5f15c9480dd
Cc1cnc(OC2CCCCC2)nc1-c1cnc(Nc2ccccn2)s1,42,-8.334,26.0,5.0,6.303332805633545,ok,1721c0890c5cab62,42,3dde66a0d63a42bc527aa22af283b9ad00bc6bd9526d5844cf730ddd926031f7
Cc1nc(-c2ccc(S(N)(=O)=O)cc2)ccc1C(C)(C)C,42,-7.638,21.0,3.0,3.075488805770874,ok,503f603f3afc3f16,42,e4660c59840e9b7cffa81e247a3fee7b7b3abea566a35a60a3fe99e835eb867e
Cc1nc2c(F)cc(-c3nc(Nc4ccc5c(n4)CCN(C(=O)C(C)N(C)C)C5)ncc3F)cc2n1C(C)C,42,-8.38,39.0,6.0,19.77735209465027,ok,188e34c37543c30f,42,3c0cefba84970a54888c26f25928ec58d50eb0467c0d994a8d649f065e2ab1a4
Cc1nc2c(F)cc(-c3nc(Nc4ccc5c(n4)CCN(C(=O)CCN(C)C)C5)ncc3F)cc2n1C1CC1,42,-9.139,39.0,7.0,16.72679901123047,ok,799a5e6906e7e2d4,42,3baf50ea07c0e9d04bb2ef702b288af4e943dc885c783f0b19897c2fd3a62d22
Cc1nc2c(F)cc(-c3nc(Nc4ccc5c(n4)CCN(C(=O)CN(C)C)C5)ncc3F)cc2n1C(C)C,42,-8.849,38.0,6.0,15.585976839065552,ok,9be5e2dcfd2a34c5,42,98767af74b4745f7e22228221155395900042bb0d495b1d322eb2f0360dfa35d
Cc1nc2c(F)cc(-c3nc(Nc4ccc5c(n4)CCN(C(=O)CN(C)C)C5)ncc3F)cc2n1C1CCC1,42,-8.704,39.0,6.0,19.594799995422363,ok,b6891ef36726c325,42,97c25b0b76640b4832d73cb0a8a8322e0b0e7adbf5a0894f93441efe5dedb653
Cc1nc2c(F)cc(-c3nc(Nc4ccc5c(n4)CCN(C(=O)O)C5)ncc3F)cc2n1C(C)C,42,-8.621,35.0,4.0,10.672295808792114,ok,939ea25744aa6d3f,42,f0e59d0babaf1b631e5762edda2bcae4400d0c2057d3621c507bc0e6089eac58
Cc1nc2c(F)cc(-c3nc(Nc4ccc5c(n4)CCN(C(C)CN(C)C)C5)ncc3F)cc2n1C(C)(C)C,42,-8.8,39.0,6.0,20.864859104156494,ok,a94939fe9cad0940,42,7503f31d150df2475d6ebc4003ab21e53b3298471f72eebef7328ccf8a29cc78
Cc1nc2c(F)cc(-c3nc(Nc4ccc5c(n4)CCN(CC(=O)O)C5)ncc3F)cc2n1C(C)C,42,-8.714,36.0,6.0,18.171378135681152,ok,a8a4cfe045812456,42,4a7d94ccac35337e27b999f424a1655537da62d2f275f8416f8dee0a7f5e13f9
Cc1nc2c(F)cc(-c3nc(Nc4ccc5c(n4)CCN(CC(C)(C)N)C5)ncc3F)cc2n1C1CC1,42,-9.085,37.0,7.0,20.675575971603394,ok,cd1cf7887a6a7b30,42,80c3f505f86ed5423ca8999a878c14725604417c236e8394ec7b95b99b3719bf
Cc1nc2c(F)cc(-c3nc(Nc4ccc5c(n4)CCN(CC(N)=NO)C5)ncc3F)cc2n1C(C)C,42,-8.937,37.0,7.0,18.619632720947266,ok,eab994f3f0dc10e4,42,76fb15d69af479ad5d203dd94d5eb0c34c15140b817ea134ee1f73a91d2cfb41
Cc1nc2c(F)cc(-c3nc(Nc4ccc5c(n4)CCN(CC=NO)C5)ncc3F)cc2n1C(C)C,42,-8.778,36.0,7.0,14.83730411529541,ok,255b7b683a348520,42,5a7f5d47036506d0d503ddde69775c87d34df0af2ab28941d1be37f2733d0642
Cc1nc2c(F)cc(-c3nc(Nc4ccc5c(n4)CCN(CCC(N)NO)C5)ncc3F)cc2n1C(C)C,42,-8.735,38.0,10.0,17.737569093704224,ok,335a7a5dd02393d3,42,a520cb1ddf5548578c3a0456ff4aa46cc77fd8a6d0c45b6194d95b4e673770c2
Cc1nc2c(F)cc(-c3nc(Nc4ccc5c(n4)CCN(CCN(C)C(=S)n4ccnc4)C5)ncc3F)cc2n1C(C)C,42,-8.605,43.0,7.0,28.922470808029175,ok,7b372ea65d11fb9d,42,4b1a9bb5d4deecc7e0525393205ade5e396fc5a3c32bbc40923f41fef7dcde60
Cc1nc2c(F)cc(-c3nc(Nc4ccc5c(n4)CCN(CCN(C)C(N)=S)C5)ncc3F)cc2n1C(C)C,42,-8.803,39.0,7.0,20.69040060043335,ok,aee44d896b4566de,42,64275246cf14f4be3a499a6052d9fdc989bd9f68991d374c1ceb6569832b5bd2
Cc1nc2c(F)cc(-c3nc(Nc4ccc5c(n4)CCN(CCN(C)CC[Si](C)(C)C)C5)ncc3F)cc2n1C(C)C,42,-8.204,42.0,10.0,28.454410076141357,ok,da0cc3cd85312a15,42,35303598fbfe2aa1d38de2dc5b08e7bc2fdeab1f430a39bffb9a3cbcc414f022
Cc1nc2c(F)cc(-c3nc(Nc4ccc5c(n4)CCN(CCS(C)(=O)=NC#N)C5)ncc3F)cc2n1C(C)C,42,-9.265,40.0,7.0,19.4113187789917,ok,0c43d8799063ea79,42,a8cd79a358766611470bf3c57d32b2fd467744048e1587b6957248b3c7d44964
Cc1nc2c(F)cc(-c3nc(Nc4ccc5c(n4)CCN(C[C@@H](O)CN(C)C)C5)ncc3F)cc2n1C1CC1,42,-8.791,39.0,9.0,18.429035902023315,ok,038299afc3f27514,42,d919f1eee262e93d9959bb4fb2f0ebe249e9cd6fc46b0c80e77398f4965feb95
Cc1nc2c(F)cc(-c3nc(Nc4ccc5c(n4)CCN(C[C@H]4CNCCO4)C5)ncc3F)cc2n1C(C)C,42,-9.133,39.0,6.0,16.084134101867676,ok,6e16b7e97820064a,42,74489d8ca07f9b89d2b1afd0d8341ec3030e0a7682a8e7477ae115891a9ed05d
Cc1nc2c(F)cc(-c3nc(Nc4ccc5c(n4)CCNC5)ncc3F)cc2n1C(C)C1CC1,42,-8.93,34.0,5.0,12.788563966751099,ok,cb3ba068b25159c3,42,36d38b3e0aa184910e0bad7bd95dd04fa8eddaca6594c73dc509e7646d91aa87
Cc1nc2c(F)cc(-c3nc(Nc4ccc5c(n4)CCNC5)ncc3F)cc2n1C1(C)CC1,42,-8.902,33.0,4.0,8.841959953308105,ok,eeb49f2332087818,42,c19affc80c5c8875e2dd7112036ba6befb3250ca69d60a6c8a1106c49fc23e72
Cc1nc2c(F)cc(-c3nc(Nc4ccc5c(n4)CCN[C@H]5C)ncc3F)cc2n1C(C)(C)C,42,-9.505,34.0,3.0,8.222402811050415,ok,8c8c7b5a21a63d9e,42,38bfd9b5c3a174e9eb355609e5aa381f0568aeab5ff3273d0275d2020f94ae5a
Cc1nc2c(F)cc(-c3nc(Nc4ncc5c(n4)CCN(C(=O)CN(C)C)C5)ncc3F)cc2n1C(C)C,42,-8.854,38.0,6.0,14.299252986907959,ok,091d8e60e621258a,42,d42b272a3cf752c0a78eb2394933d9e6a7eeb551982bae2ee5901203dd9f72bc
Cc1nc2c(F)cc(-c3nc(Nc4ncc5c(n4)CCNC5)ncc3F)cc2n1C(C)C,42,-9.384,32.0,4.0,7.59829306602478,ok,f839f6db39926490,42,c34dae7a2f9f9f4a7a338461f47d638f302b859faead40a0064d2283c3583348
Cc1nc2c(F)cc(CC(N)=O)cc2n1C1CCCC1,42,-7.664,20.0,3.0,3.099351167678833,ok,7a5f44a1660bd061,42,e54bc2f7a02909cade187b9cc4b331b77ad99051fc2b086f38fe1ca753921d4e
Cc1nc2c(F)cc(Cc3[nH]nc4[nH]c(=S)[nH]c(=S)c34)cc2n1C1CC1,42,-7.967,26.0,3.0,5.124698877334595,ok,265484a59fb762a0,42,8f57d9bd27c4b5deac688b358704026c523bb3b65516788da216c9488b6aff38
Cc1nc2c(F)cc(N3CCC(O)CC3)cc2n1CC1CC1,42,-7.72,22.0,4.0,3.5632290840148926,ok,2c141cd161b07006,42,2bff34b3f2f312575a5cc15579a6e29329465edf913fc417202b066a9d1f0005
Cc1nc2ccc(Nc3c(C)c(N[C@H]4CCCNC4)nc4ccnn34)cc2s1,42,-9.089,28.0,3.0,5.689007997512817,ok,687dd7355709da75,42,6d6307af4c052eb9a316df13aae642f23cc8ebb745142f2389a4f985ec4902d7
Cc1nc2ccc(Nc3ccc(N4CCN(C(=O)C(C)O)CC4)cc3)cc2s1,42,-8.115,28.0,5.0,5.962083101272583,ok,7e961afcf18ea35f,42,8d22baaa00ad4666db7f5acf4900df1b5fac1911fe15e1f9b5a67b2167de64a9
Cc1nc2ccccn2c1-c1ccnc(Nc2ccc(S(N)(=O)=O)cc2)n1,42,-8.772,27.0,5.0,6.3263421058654785,ok,c6337f655b44f166,42,70aadc2998ba4f393003d01703afd85a523444cff08e2705b63730412877ef86
Cc1ncc(-c2cc(NC(=O)C(C)C)ncc2F)n1C(C)C,42,-8.278,22.0,4.0,3.6438148021698,ok,00a1003681692a1d,42,7b8dc55afd74ede9928eefb6d786970adb77420b564fe4eada6784de9f3ecbf2
Cc1ncc(-c2cc(NC(C)C)ncc2F)n1C(C)C,42,-7.697,20.0,4.0,3.2319161891937256,ok,355f981ece2ac57c,42,bc90487ab1607b1056f7897f5f5047c37035bbc035f2dc3f15ac13fb665b005d
Cc1ncc(-c2cc(NC3CCOCC3)ncc2F)n1C(C)C,42,-8.471,23.0,4.0,3.8006811141967773,ok,400a185f01e98ec9,42,1227595b6f6cca58886dfeff0e8deec141937f4d253e00d3456597c7292751cf
Cc1ncc(-c2ccc(Nc3nccc(-c4cnc(C)n4C(C)C)n3)cc2)n1-c1ccc(C(N)=O)cc1,42,-9.534,37.0,7.0,12.93349289894104,ok,ee78ad68ed360355,42,1c4ed5d69716c170a2222ee6f0b98f82b21d5fd51eafccff6875ecda4d7b9c48
Cc1ncc(-c2ccnc(-c3ccnc(Nc4ccc(C(N)=O)cc4)n3)n2)n1C(C)C,42,-8.427,31.0,6.0,9.923210859298706,ok,4c10fb60e0cfa522,42,4d00019e6975fc7bfcc593400a4d0f464bf397df50b539d066c7d504493538bd
Cc1ncc(-c2ccnc(-c3ccnc(Nc4ccc(Nc5ccc(C(N)=O)cc5)cc4)n3)n2)n1C(C)C,42,-8.942,38.0,8.0,18.34176731109619,ok,6e335ccf3c61db11,42,3ff94f4f40c3ebd79c188072006f4f84eebce158abedcadf5c209b06e1a31ed4
Cc1ncc(-c2ccnc(NC(=O)C(C)C)n2)n1C(C)C,42,-7.853,21.0,4.0,3.14829421043396,ok,68e3e602855e52a4,42,26c41fe32ed4fbe22c959102f0fc113c612f226231d8d4862f72df09c9cefaa8
Cc1ncc(-c2ccnc(NC(C)(C)C)n2)n1C(C)C,42,-6.692,20.0,3.0,3.3756558895111084,ok,724217fd274d7c3b,42,4d90d73b69540d2a611dbc6e342a68b0107db481c15f5bfae274dcb03dec1083
Cc1ncc(-c2ccnc(NC(C)C)n2)n1C1CCCC1,42,-7.52,21.0,4.0,3.2320051193237305,ok,0f177478a63bebbf,42,6b7ae78d876d9757def8b050bf1cb70f6cf2bf5fe508f05cbb483fe4076b97aa
Cc1ncc(-c2ccnc(NC(C)C)n2)n1C1CCN(C)CC1,42,-7.851,23.0,4.0,3.9909892082214355,ok,fc7e48328d770c63,42,68b5fb037b8918d9796b98b422033ba194f69253f46ddbe5c3ff3fd60607341f
Cc1ncc(-c2ccnc(NC3CC3)n2)n1C1CCCC1,42,-7.659,21.0,4.0,3.2002670764923096,ok,76923757f092ddf7,42,1c6d4794e9b12e113ee391b378c32f66376fa599a9becb38bd098032ef21b0b0
Cc1ncc(-c2ccnc(Nc3ccc(-c4ccc(-c5ccc(S(C)(=O)=O)cc5)cc4)cc3)n2)n1C(C)C,42,-8.354,38.0,7.0,15.12385892868042,ok,203d678fca821c23,42,109c89c309a1fa70047341e4b9f9241645e200c8c042965f7ed7449bea412909
Cc1ncc(-c2ccnc(Nc3ccc(-c4ccc(C(N)=O)cc4)cc3)n2)n1C(C)C,42,-8.623,31.0,6.0,7.22716212272644,ok,c9ce41aae94ba7e9,42,56f0c2415fc0b5d7847559a25140936302c6609d8a5388eca9178a5dcc6f9559
Cc1ncc(-c2ccnc(Nc3ccc(-c4ccc(C(N)=O)cn4)cc3)n2)n1C(C)C,42,-8.787,31.0,6.0,7.855046033859253,ok,3ff66d6857e3b905,42,173d310b1217e6379ff6847658910a745bdafdc32167c54a3a0fa6f226a6ffa9
Cc1ncc(-c2ccnc(Nc3ccc(-c4ccc(S(=O)(=O)ONS)cc4)cc3)n2)n1C(C)C,42,-8.022,34.0,9.0,15.40503978729248,ok,202f99744d1672f7,42,4ee90c8104e289a556dc50a673f22c3412dd7e0f0fcccf1126918a12bdfcb587
Cc1ncc(-c2ccnc(Nc3ccc(-c4ccc(S(C)(=O)=O)cc4)cc3)n2)n1C(C)C,42,-8.718,32.0,6.0,9.721122741699219,ok,8765a2ece22286a2,42,61f6c11f2b223070b344fb70e23e1493a6e31f5cdf0e7e9739860ce63df80423
Cc1ncc(-c2ccnc(Nc3ccc(C(=O)N(C)C)c(F)c3)n2)n1C(C)C,42,-8.8,28.0,5.0,7.200526714324951,ok,3a4bd8898c5134a8,42,eb71c7cd95e119dd74335880b574bb622ca36dcadd8174493e4d1fdd1adb6f3c
Cc1ncc(-c2ccnc(Nc3ccc(C(=O)N(C)C)cc3)n2)n1C(C)C,42,-8.775,27.0,5.0,5.8143768310546875,ok,e920047505b4d23a,42,61c0442d8c59b291d91bf801a4031eabf123e6eab313a3a4b7c789a8f0fc584e
Cc1ncc(-c2ccnc(Nc3ccc(C(=O)NCCN(C)C)c(F)c3)n2)n1C(C)C,42,-8.399,31.0,8.0,11.359097957611084,ok,f2805acc81ddf9d1,42,bb4a0e75b77101566277ddf8ac717976441e51e3b0f28c36c665ea7bfa1efe60
Cc1ncc(-c2ccnc(Nc3ccc(C(=O)NCCO)cc3)n2)n1C(C)C,42,-8.263,28.0,8.0,7.7399938106536865,ok,415a7a6e480a29e5,42,cad0d79caa35e0d51170a1ed81dfdf6405bc9e06675ce5cc7387e2495f8ae76d
Cc1ncc(-c2ccnc(Nc3ccc(C(N)=O)cc3)n2)n1C(C)C,42,-8.624,25.0,5.0,5.577817916870117,ok,39cd804672b12ef1,42,d698ec6a32a6c36774b8845db22c159416d44d4da1d4241ec567b1ae9323c33d
Cc1ncc(-c2ccnc(Nc3ccc(F)cc3)n2)n1C(C)C,42,-8.544,23.0,4.0,4.47031307220459,ok,49cb11065d476b7e,42,08940a2968ee2a434f109cc42b9afa1e68c9fb0c004e630407e9e1c4880813dd
Cc1ncc(-c2ccnc(Nc3ccc(N4CCN(S(=O)(=O)CCN(C)C)CC4)cc3)n2)n1C(C)C,42,-8.481,36.0,9.0,16.97431445121765,ok,bd08eb50afbc6ff6,42,8878c47781f21bc4b32062dfe61a49812e8e918fad73ae168099414cda9cb637
Cc1ncc(-c2ccnc(Nc3ccc(N4CCOCC4)cc3)n2)n1C(C)C,42,-8.976,28.0,5.0,6.767323017120361,ok,1528ba3d3c0077b7,42,e4153bfb56c1ee4326a48472deb35e9add223281166ada7a5e807537b1f57940
Cc1ncc(-c2ccnc(Nc3ccc(NNNc4ccc(C(N)=O)cc4)cc3)n2)n1C(C)C,42,-8.736,34.0,9.0,14.967181921005249,ok,b4a62754af90e2e9,42,9d63fe5284ccd901b26ea063b0571cee69c5782f4903b2a6fa2524ccbeba4371
Cc1ncc(-c2ccnc(Nc3ccc(Nc4ccc(NS)cc4)cc3)n2)n1C(C)C,42,-8.754,31.0,8.0,9.99465298652649,ok,aaaa213fd11e4071,42,113001045c16dcb241f1915fff4accaecd50f44ad56afddab6074a5519a9cb16
Cc1ncc(-c2ccnc(Nc3ccc(Nc4ccc(S(=O)(=O)OC(C)C)cc4)cc3)n2)n1C(C)C,42,-8.929,36.0,9.0,18.686182975769043,ok,9e2dba1e29364de1,42,19893ef8824f3ec13c33f603a9ab445ed4cc93b3b0989aaad684ebaabbe9df97
Cc1ncc(-c2ccnc(Nc3ccc(Nc4ccc(S(=O)(=O)[C@@H](C)O)cc4)cc3)n2)n1C(C)C,42,-9.165,35.0,9.0,14.268940687179565,ok,13b1014d49c5652b,42,17afb5d9ef59b1a62826ed785d1e81aa46e19e1cfd48c4661a3dd3ae585bef25
Cc1ncc(-c2ccnc(Nc3ccc(Nc4nccc(-c5cnc(C)n5C(C)C)n4)cc3)n2)n1C(C)C,42,-9.094,38.0,8.0,17.938354015350342,ok,59cdda96e4de15a6,42,40302c92f13fd20fc5c3da26929607245460820ca0a7f9f0c825532351a70f5e
Cc1ncc(-c2ccnc(Nc3ccc(S(=O)(=O)C(C)S)cc3)n2)n1C(C)C,42,-8.532,28.0,7.0,7.305382013320923,ok,60572b54cae57bdc,42,1ddc75ff1b898a52935d098763aba360534d91b3e2bd8f29ab823294f1352941
Cc1ncc(-c2ccnc(Nc3ccc(S(=O)(=O)CCCN4CCOCC4)cc3)n2)n1C(C)C,42,-8.74,34.0,9.0,17.44766902923584,ok,bb43491303214a5d,42,308b7eb6fb327f85e54c2df650569d89c14c20a0eb86070ea0284c12187aa3de
Cc1ncc(-c2ccnc(Nc3ccc(S(=O)(=O)NCCCOC(C)C)cc3)n2)n1C,42,-7.945,31.0,10.0,15.370607137680054,ok,61191958a81c2867,42,953a0477e06319012f08b4d8ce5912f2fea3299e0b58e4577e5edf559be340b8
Cc1ncc(-c2ccnc(Nc3ccc(S(=O)(=O)NOS(=O)(=O)C(C)C)cc3)n2)n1C(C)C,42,-8.845,33.0,9.0,18.575731992721558,ok,835d7b22590a536f,42,02c8b61ef3cf28ae7319c93c712b1f96ab9352855ac5fab5e0e7d72713bcb26d
Cc1ncc(-c2ccnc(Nc3ccc(S(=O)(=O)OS(=O)(=O)C(C)C)cc3)n2)n1C(C)C,42,-8.72,32.0,8.0,15.982780933380127,ok,ae8e241e4c060326,42,81cb282b6049e94b7e2c9d69c26d202fd7324c4ba80327860f151189ac290f1f
Cc1ncc(-c2ccnc(Nc3ccc(S(=O)(=O)Oc4cnc(C)n4C(C)C)cc3)n2)n1OC(C)C,42,-8.513,36.0,9.0,22.236754179000854,ok,49b90b8064e0003d,42,70a4edb15dcfe5830076698cd7fec70c2b80746580f3fb31dc2115edc24ad2cb
Cc1ncc(-c2ccnc(Nc3ccc(S(=O)(=O)Oc4cnc(C)n4S(=O)(=O)NS)cc3)n2)n1C(C)C,42,-8.771,37.0,10.0,18.271618843078613,ok,75db048407355e42,42,dd57c0a90310a6f46d88f10c44dbb54b24526b95bce4950c1358d933e6d22d1c
Cc1ncc(-c2ccnc(Nc3ccc(S(=O)(=O)Oc4cnc(C)n4[S+]([O-])NS)cc3)n2)n1C(C)C,42,-8.732,36.0,10.0,25.466760873794556,ok,d411c97efb23b1a8,42,137a4a9da3d5087570dff2bec49f5de3c6c99573a3a4277fe0a98204c0b8d4d4
Cc1ncc(-c2ccnc(Nc3ccc(S(C)(=O)=O)cc3)n2)n1C(C)C,42,-8.698,26.0,5.0,5.3551740646362305,ok,7f5ca746b44496ab,42,7ce1863cdb57bd5d1810e67c8672419bfa5e02b0a8e8748f6895425c20f12e91
Cc1ncc(-c2ccnc(Nc3ccccc3)n2)n1C(C)C,42,-8.337,22.0,4.0,3.9460389614105225,ok,eaecd7b74b0f7867,42,eb1fd9ebdf7e6553026f3f52827be7aad93b4b2d49a75b7a67c0c23bc307893e
Cc1ncc(-c2ccnc(Nc3ccnc(Sc4ccnc(Nc5ccc(C(N)=O)cc5)n4)n3)n2)n1C(C)C,42,-8.692,39.0,9.0,24.21981906890869,ok,08e143cbf606efeb,42,28efa48caa2a433afff2a33a8c72f23f0da67b4b52fc2b47588786e92ed5969a
Cc1ncc(-c2ccnc(Sc3ccnc(Nc4ccc(C(N)=O)cc4)n3)n2)n1C(C)C,42,-8.139,32.0,7.0,13.29070782661438,ok,ff2eb6332f5b4576,42,71111f878aabf539d1aa45543f1c3a3641410b761bed049e42fa2704393b03d8
Cc1ncc(-c2nc(-c3nc(Nc4ccc(C(=O)CO)c(F)c4)ncc3F)ncc2F)n1C(C)C,42,-8.435,35.0,8.0,13.835986852645874,ok,02e65a67baf4a479,42,aff1a2c7b6daffb16a0d676da08aaad8ebd2b577819e34649a77cef250f4a9f2
Cc1ncc(-c2nc(CNC(C)(C)C)ncc2F)n1C(C)C,42,-7.185,22.0,4.0,4.246685028076172,ok,cb636c30e8d5bbc0,42,4407fb7476c07af902c3db825b7d74657c9f299620a38b855b1aa5a4af555c41
Cc1ncc(-c2nc(NC(=O)C(C)C)ncc2F)n1C(C)C,42,-8.262,22.0,4.0,3.555481195449829,ok,c8acaa72b89648d0,42,dbe8fd7032ff8161a6284bf73fb79af358d7f7990afb2d1f2a08072d49ff3f7f
Cc1ncc(-c2nc(NC(=O)C3CC3)ncc2F)n1C(C)C,42,-7.978,22.0,4.0,3.972860097885132,ok,5e6fb059bf1e176e,42,ce315e6bd7928bf2fe9ad2b067aee1e0bacd0ce0cd61b6e5e69e6ae8d7a2ecdd
Cc1ncc(-c2nc(NC(=O)CC3CC3)ncc2F)n1C(C)C,42,-8.075,23.0,5.0,4.9357008934021,ok,1c1b8051a1dc1089,42,77afea66f484e75525282496f498d1dffc2748aa98362ec086610f19ba73a23d
Cc1ncc(-c2nc(NC(=O)CCC(N)=O)ncc2F)n1C(C)C,42,-8.082,24.0,6.0,6.613018751144409,ok,0e6011bb439a7969,42,4160f7115a9d381b5726ca48a1136f17027f092dfa9e0cd1d8159a0544120e68
Cc1ncc(-c2nc(NC(=O)CN3CCOCC3)ncc2F)n1C(C)C,42,-8.317,26.0,5.0,5.904975175857544,ok,f16b0e3256f93920,42,f1cce43540a749916d5f044058fd9f77a494a1f460dd3da79e961fe30d121dd8
Cc1ncc(-c2nc(NC(=O)CNC(C)C)ncc2F)n1C(C)C,42,-8.159,24.0,6.0,6.704751014709473,ok,086661a1f8e4f0b9,42,a333e9430dd09810380542f797e8db96a950a9d5397c2d3d605a414423f26b80
Cc1ncc(-c2nc(NC(=O)N(C)C)ncc2F)n1C(C)C,42,-7.677,22.0,3.0,3.8439443111419678,ok,4026b59ad913e20a,42,261856ba50577cefbd024cc858ecd364107cf5f054d8fe734dd1f55e43ba026c
Cc1ncc(-c2nc(NC(=O)N=C3CCOCC3)ncc2F)n1C(C)C,42,-8.266,26.0,3.0,5.297811031341553,ok,d51b501a1949c6fc,42,4c85384a61f252273150c516c169e3c3ec5066ae3a44b240365611011bb38bd0
Cc1ncc(-c2nc(NC(=O)NC(=O)CN(C)C)ncc2F)n1C(C)C,42,-8.51,26.0,5.0,5.057955026626587,ok,aeea520cc263bf8c,42,ca71869e82ba6bdbbc2885f351b9d30417a8989528ff5fcf190299e9b9da9090
Cc1ncc(-c2nc(NC(=O)NC(C)(C)C)ncc2F)n1C(C)C,42,-7.708,24.0,3.0,4.3326029777526855,ok,944df07d8145577a,42,327e3cc02b6cd716de0fd1af97323b6f3bb2573c815d280b62e6acc25a983475
Cc1ncc(-c2nc(NC(=O)NC(C)C)ncc2F)n1C(C)C,42,-7.482,23.0,4.0,4.073213338851929,ok,fe69ed7fb11582c1,42,db3535312757a2ea07cb682593803280b4aea766d861427ba45296806a0e9300
Cc1ncc(-c2nc(NC(=O)c3ccccc3)ncc2F)n1C(C)C,42,-8.778,25.0,4.0,4.138913154602051,ok,d3d931eefae4d9d6,42,5338b55a2713080c292756e8dd702032354840c4537b2385b9a5b24fb6b37c00
Cc1ncc(-c2nc(NC(=S)C(C)C)ncc2F)n1C(C)C,42,-7.059,22.0,4.0,4.291826963424683,ok,eb8d0c3874c2ffad,42,3508fd9984d03bd4e3cc5e99041cfac558d04086dc90ac8edd79310e648c8678
Cc1ncc(-c2nc(NC(C)C)ncc2F)n1CC(C)C,42,-7.031,21.0,5.0,3.323674201965332,ok,72cc6521215056d6,42,8641df92b2b37d20ba603bad8ee85154be6d6887af589d886e13e3957fbd2f14
Cc1ncc(-c2nc(NC(N)=O)ncc2F)n1C(C)C,42,-7.567,20.0,3.0,2.716320037841797,ok,9afb219a5aebc27c,42,da95ecf693626a88122cc056647d677e2efe2db73700a243a05d8c349058d1e4
Cc1ncc(-c2nc(NC3CC3)ccc2F)n1C(C)C,42,-7.444,20.0,4.0,2.5593297481536865,ok,dfd229b4323ea688,42,fc185bc349221939b060c94c622babb3ede223dc15ef129e63682eceb65f7a21
Cc1ncc(-c2nc(NC3CCC3)ncc2F)n1C(C)(C)C,42,-7.497,22.0,3.0,3.6628849506378174,ok,cb9cbc0588332d00,42,7931637a840c57c710e39db4325a62229897c5255cb9dd563d3c1519fc6c3bf3
Cc1ncc(-c2nc(NC3CCC3)ncc2F)n1C(C)C,42,-7.519,21.0,4.0,3.4124622344970703,ok,00faaf84456c312a,42,f42bdc57878320d5a72647972ce08ddf4456a6ef5228ab1e36ef0ae098989dc0
Cc1ncc(-c2nc(NC3CCCC3)ncc2F)n1C(C)C,42,-7.464,22.0,4.0,3.6266767978668213,ok,7cc55e6713649f76,42,d6da891d4139683870b478580990d4674ae5ee2ab63a2052c082219da0cce667
Cc1ncc(-c2nc(NC3CCCCC3)ncc2F)n1C(C)C,42,-8.452,23.0,4.0,4.076098203659058,ok,bf7b98e410576bb2,42,b4e53715e008b7af2643d6d401316735bcb4b002ebbc46c7505feb13dd986801
Cc1ncc(-c2nc(NC3CCN(C(C)C)CC3)ncc2F)n1C(C)C,42,-7.063,26.0,5.0,7.105208158493042,ok,c2c2b118854636e4,42,d398c3f3720c4235838936b94e87dca2f0ed6f4726f41a4b703367476d61f6ae
Cc1ncc(-c2nc(NC3CCN(C)CC3)ncc2F)n1C(C)C,42,-8.278,24.0,4.0,4.841824769973755,ok,9a2e1ff0c9525f49,42,f0b9094698b2db39653a7ed6956e2ac3cf8348d987a41aac873bab3ceeaf0832
Cc1ncc(-c2nc(NCC(C)(C)C)ncc2F)n1C(C)C,42,-7.293,22.0,4.0,3.994075059890747,ok,846a7886c4d66303,42,5bb2d7d84348e4072f6b1fe056c9b9315f7d3b684fe48af7ab1819189f9f9f34
Cc1ncc(-c2nc(NCC(C)C)ncc2F)n1C(C)C,42,-7.556,21.0,5.0,4.607143402099609,ok,252f5844830c805b,42,597246aca2bd00b23dbc61cc480a9d83dba3ffb19b407e344415e731ff77b8c0
Cc1ncc(-c2nc(NCC(N)=O)ncc2F)n1C(C)C,42,-7.678,21.0,5.0,3.7537548542022705,ok,9df05ed4d70ea0ed,42,57f151f4216f8f8144d11c2136188d5e38e6048c512cf3610022c804e2d975ef
Cc1ncc(-c2nc(NCC3CC3)ccc2F)n1C(C)C,42,-7.773,21.0,5.0,3.268237829208374,ok,389caa5b26303b4d,42,c31d541fd84969007ac059aa5aa5fdadcbc3991fc2f524dda904cadfe9ffbcfc
Cc1ncc(-c2nc(NCC3CC3)ncc2F)n1C(C)C,42,-7.469,21.0,5.0,4.296492099761963,ok,01c65625561e54a8,42,3f9bbbcacca723ea1c7da14f4d51d2bdee078e7b2f2e1304bb1f4d1d1bd9d957
Cc1ncc(-c2nc(NCC3CCN(C)CC3)ncc2F)n1C(C)C,42,-8.427,25.0,5.0,6.164559841156006,ok,588bce796d1d6274,42,2249ca7e56082e9624489220e4ec877e16d7c20d7d655bbeca6257f594dd95d6
Cc1ncc(-c2nc(NCC3CCOCC3)ncc2F)n1C(C)C,42,-8.08,24.0,5.0,6.0584352016448975,ok,93c4de2af8c33cbc,42,463655b18e3a655ac0640a0c802fafd321d2b88cda2841c974f02e0d1609b4c1
Cc1ncc(-c2nc(NCCC(C)(C)C)ncc2F)n1C(C)C,42,-7.767,23.0,5.0,5.832074880599976,ok,8f9f90faab83cb47,42,bcf63e33046befb66bf468fb714075e69b8070be975615814e7b8ce8fe450052
Cc1ncc(-c2nc(NCCC(C)C)ncc2F)n1C(C)C,42,-7.539,22.0,6.0,5.512800931930542,ok,4802af6b1edc93a5,42,d4c564d66d43744728104acef0f5f3f012e79abc47f12cc0a098888accdb898c
Cc1ncc(-c2nc(NCCC(N)=O)ncc2F)n1C(C)C,42,-7.507,22.0,6.0,5.49819278717041,ok,26559295ec2b45e9,42,92f904632ad03ff0a0777751d78e128f290509f1f7f2b204a93712f93e0a146c
Cc1ncc(-c2nc(NCN3CCOCC3)ncc2F)n1C(C)C,42,-7.861,24.0,5.0,4.982524871826172,ok,d6fbe3698b764ec5,42,8f46d8bbf4a2a0776db358878eed54f1768a7456f67a86b36c82e0a222578bdb
Cc1ncc(-c2nc(NN3CCOCC3)ncc2F)n1C(C)C,42,-7.752,23.0,4.0,4.011382102966309,ok,db35f14b100c961e,42,968645d5543d3378b8eb7eb08d7ae0f94aa7af8dfbda67b01d57b6360f1e392a
Cc1ncc(-c2nc(NS(N)(=O)=O)ncc2F)n1C(C)C,42,-7.37,21.0,5.0,3.638465642929077,ok,b0e6b723fb7915ef,42,e4664a02fe87e9ee953a6c49a574018a72fd7809dd0adc8bd93c074b04d0aeb6
Cc1ncc(-c2nc(Nc3ccc(C(=O)CC(=O)CCC(O)C[C@H](C)[C@H](C)O)cc3)ncc2F)n1C(C)C,42,-8.258,38.0,15.0,33.442582845687866,ok,18706726f534b036,42,b5a70db17180ce1700710234abe2a2454486eabc5bcf5325bead3360b90549c6
Cc1ncc(-c2nc(Nc3ccc(C(=O)CC(=O)CCCN(CCS)[SH](=O)=O)cc3)ncc2F)n1C(C)C,42,-8.013,38.0,15.0,30.223695755004883,ok,635bb7beb8fbad0e,42,acf761a97b43dcff21524edd0d6600ada7a1a159a571e7317e230d9ef1b83e0a
Cc1ncc(-c2nc(Nc3ccc(C(=O)CC(=O)CNN)cc3)ncc2F)n1C(C)C,42,-8.467,31.0,10.0,15.460897207260132,ok,81f5d0153b2e46a7,42,3050b9e444aed069671eee7c6c87ff9e7f6bcd05f6d9793ebbfd2d75ae598396
Cc1ncc(-c2nc(Nc3ccc(C(=O)CCC(C)CBr)cc3)ncc2F)n1C(C)C,42,-8.423,31.0,9.0,10.788397789001465,ok,f5b5fceafd67e753,42,3f9930ac61cacb585a2734e57b821a456a8a142bc6cb1eb65e244043e3ec5ec0
Cc1ncc(-c2nc(Nc3ccc(C(=O)N(C)C)c(F)c3)ncc2F)n1C(C)C,42,-9.257,29.0,5.0,8.259632110595703,ok,6c40ae55cafa074e,42,4c28921e83b7602215dc5279fd8b83f24b9e2082e7975ccb3f6499b6cac99f83
Cc1ncc(-c2nc(Nc3ccc(C(=O)N(C)C)cc3)ncc2F)n1C(C)C,42,-9.117,28.0,5.0,6.488975763320923,ok,af0b2bde43e573e8,42,05abbafa2ede2a7b8ffc402cae797e68e651aa343ccec0883b5bf222969110d4
Cc1ncc(-c2nc(Nc3ccc(C(=O)N4CCCN(C)CC4)cc3)ncc2F)n1C(C)C,42,-7.51,33.0,5.0,20.849931001663208,ok,20ff6eefe2b93086,42,72e53ddb2ead0d6c5ce834f7a68c6732b445bc52d87b06ca1e8d315ae26212a3
Cc1ncc(-c2nc(Nc3ccc(C(=O)N4CC[C@@H](N(C)C)C4)cc3)ncc2F)n1C(C)C,42,-9.4,33.0,6.0,10.260601997375488,ok,1c5ab24afafe467c,42,7a20828a39bdf35a78ce6d34b6fd73d0533e4bcfe91d5d767af1e21165543b93
Cc1ncc(-c2nc(Nc3ccc(C(=O)N4CC[C@H](N(C)C)C4)cc3)ncc2F)n1C(C)C,42,-9.429,33.0,6.0,11.137689113616943,ok,3e288a0478ab14a8,42,4671f9363aeace68145b600d8e81d7ed5692e4957bfe4205a76209b79f43cf2b
Cc1ncc(-c2nc(Nc3ccc(C(=O)NC4CCN(C)CC4)c(F)c3)ncc2F)n1C(C)C,42,-9.163,34.0,6.0,11.075110912322998,ok,9295e24c370416af,42,c111979cfd8b0f13860d1fe75b2b1ef69f7a7956b0e5ccfe5952451b03dad540
Cc1ncc(-c2nc(Nc3ccc(C(=O)NC4CCN(C)CC4)cc3)ncc2F)n1C(C)C,42,-9.432,33.0,6.0,11.074073791503906,ok,eaf0658529b02e94,42,54834ab48651b07cc325030a0c173a9ffd9fe760429421c4e943a9f2e7d4399d
Cc1ncc(-c2nc(Nc3ccc(C(=O)NCCN(C)C)c(F)c3)ncc2F)n1C(C)C,42,-8.567,32.0,8.0,11.785475254058838,ok,8dedc7d7625b6cbb,42,85108b8aa4ebee45be005b619c659b87a9ce5adc310e28326a3d175d5de8e40a
Cc1ncc(-c2nc(Nc3ccc(C(N)=O)cc3)ncc2F)n1C(C)C,42,-8.824,26.0,5.0,6.313503980636597,ok,b799726c32abbf3b,42,0add96a2387e6d7c9f822ed7c95ebd2416dc691541d3bae5358b17b72b4d054c
Cc1ncc(-c2nc(Nc3ccc(N4CCN(C(=O)CO)CC4)cc3)ncc2F)n1C(C)C,42,-8.796,33.0,7.0,10.318345785140991,ok,9cfe55327cf5e504,42,9102e0e8c60c323f1aa60abd9e1031e84cfcc05971aebc84f08cdcd7cb37d602
Cc1ncc(-c2nc(Nc3ccc(N4CCOCC4)cc3)ncc2F)n1C(C)C,42,-9.115,29.0,5.0,7.042384147644043,ok,4585b7c9c44793e1,42,fd62bfaa92ec60004b636e75570f08f21980cf72dce1260749bf607a7d335026
Cc1ncc(-c2nc(Nc3ccccc3)ncc2F)n1C(C)C,42,-8.597,23.0,4.0,4.178668975830078,ok,185c82d6e1b0f1ed,42,72fe380155d8411411ae99cd4c2ae4a663b20fd7c525ee2fd02949ff52dc829d
Cc1ncc(-c2nc(Nc3cnn(C)c3)ncc2F)n1C(C)C,42,-8.128,23.0,4.0,4.00986385345459,ok,5f0895a7d74a69d0,42,6938453d1f9fcd3198a4a29b6480f7c5fa5641d023713dc2f606c5c9551b00cf
Cc1ncc(C(=O)CC(=O)c2ccc(Nc3ncc(F)c(-c4cnc(C)n4C(C)C)n3)cc2)n1C(C)C,42,-8.984,37.0,9.0,19.364152669906616,ok,9bad2bd0a4b55b44,42,2dffbc972d37300342b5627042b20ba9e10178037d70ba4f2f66bb12b29dea67
Cc1ncc(Nc2ccc(N3CCCN(C)CC3)c(F)c2)n1C(C)C,42,-5.723,25.0,4.0,13.390045166015625,ok,093cd330478fbd36,42,4f7ed4ad4586ed6cc0bd20fe8e2faebc5970dcef29e09abe2082b12bd11b349d
Cc1ncc(Nc2ccc(N3CCCS(=O)(=O)CC3)cc2)n1C(C)C,42,-5.869,25.0,4.0,13.275706052780151,ok,c0dcbc0d4d9a23f5,42,58b1784e82f24578f1373ba02600d3309c79c8682654fe1510df16cc8152a709
Cc1ncc(Nc2ccc(S(C)(=O)=O)cc2)n1C(C)C,42,-7.216,20.0,4.0,2.90910005569458,ok,7cf1680e81904873,42,f5f258ef2da45469e1ad0738e0986c51db763b61704867edc7b8cbb2ae493118
Cc1ncc(Nc2ccc(S(N)(=O)=O)cc2)n1C(C)C,42,-7.301,20.0,5.0,3.4667630195617676,ok,5e793622c3a9489c,42,acd4fa8c50cb6515a03cff48de609cfae777a70b1f684feba083ef4ccfd76cda
Cc1ncc(Nc2ccc(S(N)(=O)=O)cc2)n1C1CC1,42,-7.753,20.0,5.0,3.048100233078003,ok,f816772fc2065c1e,42,29c496460a439828aa11c05d6dff6b7ff6ea7acd27530c35e3b30569d2a101fc
Cc1ncc(Nc2ccnc(Nc3cccc([SH](=O)=O)c3)n2)n1C(C)C,42,-8.443,26.0,6.0,6.542334794998169,ok,4a09e52d109ee2f1,42,c0f485fb2028cd8593a5739061b875d313d960d78415089ebf4f68e84b1cd796
Cc1ncc(OCc2ccc(S(N)(=O)=O)cc2)n1C(C)C,42,-7.498,21.0,6.0,4.337728977203369,ok,36902e2db4798b7a,42,de07d6ba8610fc266493ffa71336438efe12b3e9bcef6f3c375611b7e2e81d42
Cc1ncc(OOS(=O)(=O)c2ccc(Nc3nccc(-c4cnc(C)n4C(C)C)n3)cc2)n1C(C)C,42,-8.844,36.0,9.0,22.003577709197998,ok,dc515b5830789dce,42,995aae111b7a0647be09249620d40c398626c4c63d38a0390e4eae3258ffce5a
Cc1ncc(OS(=O)(=O)c2ccc(Nc3nccc(-c4cnc(C)n4C(C)C)n3)cc2)n1C(C)C,42,-8.911,35.0,8.0,15.75010895729065,ok,8b9ae298eae58b56,42,b77b15d1107e079df9c12a22132cf2c482f2576938650e051587256c071e9d9b
Cc1ncc(OS(=O)(=O)c2ccc(Nc3nccc(-c4cnc(C)n4C(C)C)n3)cc2)n1OS(=O)(=O)C(C)C,42,-9.173,39.0,10.0,25.617136001586914,ok,fcf8fed674123bd2,42,7c582a06752bde0b9851da0654d22e01bba346fe86adea55d159a2a5b23d1deb
Cc1nccc(-c2ccc(C(=O)N(C)C)c(Cl)c2)c1C#Cc1ccc(N)nc1,42,-8.641,28.0,3.0,6.820049047470093,ok,8e3f9885fdfd3d1b,42,f3fab97fe4501744d4a0a2b3f4e0786818cae153621d289cf0ab66dc2e1a6238
Cc1nccc(-c2csc(C(N)=O)c2)c1NC(=O)c1ccnc(NC(C)C)n1,42,-8.557,28.0,6.0,9.033695936203003,ok,b93cfbb2d5fe9ee5,42,2b4aecffad6678e2a8b6808b6887e78b21575f1e928be8ffa504ff5189bc590f
Cc1nn(C2CCNCC2)c(C)c1Nc1ncc(Cl)c(-c2ccc[nH]2)n1,42,-9.179,26.0,4.0,6.129708766937256,ok,fe180e1bc0a36a92,42,64040c32cdf6291724d4d98ec02c5209cfb4c4142415dc557b80c35896ebec81
Cc1nnc(-c2cccc(-c3cnn4ccc(NCCN)nc34)c2)o1,42,-8.656,25.0,5.0,4.978575229644775,ok,2dd60ebe9e1e5c95,42,4fa61d475cebc9c3d9bdaf01960870e5e5360f13e35b27fabe27bb799490b0fa
Cc1nnc2sc(Cc3[nH]nc4[nH]c(=S)[nH]c(=S)c34)nn12,42,-6.946,21.0,2.0,2.9075818061828613,ok,670ac5b9dd0025f2,42,c5047ce14ea6cb2e9d3831ee7184cfa8d4f1fae0e17a4eabd3e1b5fa7983b95c
Cc1nnc2sc(Nc3nc(Nc4ccc(F)c(NC(=O)CN(C)C)c4)ncc3F)nn12,42,-8.375,32.0,6.0,11.75610089302063,ok,fa431caf62ad4f08,42,93dcef323bad00f469d5e47b39a36a5676d5faa08253a7bcbd9d72988a6ddd06
Cc1nnc2sc(SCc3ccccc3)nn12,42,-7.174,17.0,2.0,2.3355469703674316,ok,5312e25ee16aac54,42,507f13eaa33ec1fd240e880a592cd9f2778df39c8a9b9f416ea404dfedf9207d
ClC1CCN(C2OCc3ccc(Nc4nccc(N5CCNCC5)n4)cc32)CC1,42,-9.205,29.0,4.0,7.928738117218018,ok,394ff9fedc497bd9,42,23ea4b0989df398cabbdd8dbfb960b8ea10c659311bcbc7273efd39255b6a7ba
Clc1cc(Nc2ccccc2)ccc1CN1CCOCC1,42,-8.014,21.0,4.0,3.502500057220459,ok,8ee38bf35a0bf0e6,42,041ac1a4d468e0250e0ae04853fddf01fcf6ea1279f99c25715b0055f5b1a20b
Clc1cc(Nc2ccccc2)ccc1N1CCOCC1,42,-7.744,20.0,3.0,3.0555782318115234,ok,7ede1f344407ee58,42,e59b68d11433e5cf17b6a0a612953735ac2e3af6c2b3811da447f1ce141666a9
Clc1ccc(N2CCc3cnc(NC4CC4)nc3C2)cc1,42,-7.705,21.0,3.0,3.70592999458313,ok,9a331786aacd5ff9,42,6fb42fb942024f8988f48807e4b8c8e1a6aeb0bd0a9f5f3f769d7a6cbb2ce99d
Clc1ccc(N2CCc3cnc(NC4CCOCC4)nc3C2)cc1Cl,42,-8.026,25.0,3.0,3.7730069160461426,ok,1ce1f95ccc64c13b,42,e51a3e313d5407ac3d38a3a7d53b400bd41839535340e2e064d8359a7b5fbd3e
Clc1ccc(NCc2ccc(N3CCOCC3)cc2)cc1,42,-7.691,21.0,4.0,3.449556827545166,ok,e566c0a737071457,42,96daee252de02d76ba3b0e7633abc7b7dd7609ab09f86b766a0da29242cddc92
Clc1ccc(Nc2ncc3c(n2)CN(CC2CCC2)CC3)cc1,42,-8.383,23.0,4.0,4.412204027175903,ok,74f070c63c9ffc20,42,afa71f549cc98ea2ab60f2942f36af62696acb2a255869c17f8c12fcf57ee4e3
Clc1cccc(CNCc2cccc3c2ONCCC3)c1,42,-6.448,21.0,4.0,8.857512950897217,ok,0d3985a17defd589,42,b35ce64b94ead05e5ade4b61637fa1d935aa224c4aeaf69bac6df43345ae6adb
Clc1cccc(Nc2nccc(-c3ccnc(N4CCOCC4)c3)n2)c1,42,-8.775,26.0,4.0,5.479405164718628,ok,f770c144f07c20bc,42,478f7b1389321b70ea8f97c18a1cebd0e14659d7f454839ffd7112b1df426099
Clc1cccc(Nc2nccc(-c3cnc4ccccn34)n2)c1,42,-9.101,23.0,3.0,3.802375078201294,ok,d6e0bdb774390f88,42,99809d09bec8115d2962d88b62fb11dbcba1f05070fb3abec22614005a8e1fb4
Clc1ccccc1-c1cc(NCc2ccncc2)n2ncc(Br)c2n1,42,-8.649,25.0,4.0,5.070295095443726,ok,c2aefecbe70a5721,42,a2db0c336707f1084c27d3c4272b2c3b8914d2f1785e2635f5d2c3e2363d3086
Cn1cc(-c2cnc3c(-c4csc(C(=O)N[C@@H]5CCCC[C@@H]5N)c4)cnn3c2)cn1,42,-7.934,30.0,5.0,8.230952978134155,ok,162002ab74d2888d,42,ded462644ab5fc9e51de37bc5dcfd3139c398d3bfba2b981528e009078344ade
Cn1cc(C2=C(c3cn(CC(O)CO)c4ccccc34)C(=O)NC2=O)c2ccccc21,42,-6.255,31.0,7.0,10.875305891036987,ok,2ee016256e8fc0f8,42,2f24791e8d83e6e400f5e58777cd01da67a9f5ca0ff87eb3acf81e88956a2ec3
Cn1cc(C2=C(c3coc4cc(CO)ccc34)C(=O)NC2=O)c2cc(F)ccc21,42,-8.9,29.0,4.0,6.460911273956299,ok,c9ab51c9d81e4784,42,b8e516c4316183c578bc3851c74139606465d6061829c65bd9188271e8f661bf
Cn1cc(CC(=O)C2CCNCC2)c2cc(C3CC3)ccc21,42,-8.584,22.0,4.0,4.919149160385132,ok,5c2cdacf04a41ce1,42,4d9dd5ae5aa45d29bc2cd137a6a45feb01b78885573da7e9abc593a157fcb91d
Cn1cc(CCC(=O)N2CCC(N)CC2)c2cc(C3CC3)ccc21,42,-8.762,24.0,5.0,5.762701034545898,ok,b121198fd3d14949,42,5ebeb07087aa2bf8aaa86f2ab453820ec5e6dda58c1225beb9bca81c5b683c54
Cn1cc(CCC(=O)N2CCCCNCC2)c2cc(C3CC3)ccc21,42,-6.391,25.0,4.0,15.755133867263794,ok,45b971e6457a03c4,42,de2facb049131e371cae6383be193046639bf0af9089da41679ed1c7b488d73d
Cn1cc(CCC2CCN(C(=O)C(F)F)CC2)c2cc(C(N)=O)ccc21,42,-8.529,26.0,5.0,5.975672006607056,ok,532d73942591186c,42,179156397eb3b60ebc6d2c8fd03b94069844c1edef59f416a8befce629b9614d
Cn1cc(CCNc2ccc([N+](=O)[O-])cc2C(=O)O)c2cc(Cl)ccc21,42,-8.264,26.0,6.0,7.26972508430481,ok,e0a8f128865a7a8d,42,dc3ab191b0675a3d3ec10510b40365807e20aacedbc1e607bd1999b50bc32e02
Cn1cc(CCNc2ccc([N+](=O)[O-])cc2C(=O)O)c2ccc(F)cc21,42,-8.23,26.0,6.0,7.8928163051605225,ok,b9238b91c833294b,42,43f31c91d7308548b6e060a64b9843e2d71bf295c895960c9a0e6997e4e3d72e
Cn1cc(Nc2ncc3c(n2)CN(C(=O)C2CCC2)CC3)cn1,42,-8.168,23.0,3.0,3.66587495803833,ok,a004542f330793cd,42,83ff9b9d6042a84bce9da679be565c7b1e6338a11701e8b731c5845c6d326f07
Cn1cc(S(=O)(=O)N2CCC(Nc3ncc4c(n3)N([C@@H]3CCC[C@@H](O)C3)C(=O)C43CC3)CC2)cn1,42,-9.075,35.0,6.0,15.173147916793823,ok,85c9e4e08dacb329,42,01ab34411df1a2ac109c2abe6e250a22a6f3e2ce9050a3dc85e51e3f66da7791
Cn1cnc(S(=O)(=O)N2CCC(Nc3ncc(C(F)(F)F)c(Nc4cccc(Cl)c4)n3)CC2)c1,42,-9.101,34.0,6.0,12.257640838623047,ok,4d78ef30abf9986b,42,bb85db7850b8fdf9987c092473ad5e26246fb3e583dfb2ef5b13bd01b4c6fcfa
Cn1nc(C(N)=O)c2c1-c1nc(-c3ccc(-c4ccccn4)cc3)ncc1CC(C)(C)O2,42,-6.458,32.0,3.0,17.831022024154663,ok,ad67be9d225c7dee,42,52da36eb7bf48b66cc7b1ef04990a4da9bfe973794f402244476b56fd468a2a9
Cn1nc(C(N)=O)c2c1-c1nc(Nc3ccc(-c4ccc(-c5ccccc5)cc4)cc3)ncc1CC2,42,-9.473,36.0,5.0,9.853871822357178,ok,f8acc7040d72656c,42,797a5c4111c52d003ca1e0d59ab3b2dc157655c96f5128a0c7fc0b045f7aa120
Cn1nc(C(N)=O)c2c1-c1nc(Nc3ccc(-c4ccc(-c5ccccc5)cc4)nc3)ncc1CC2,42,-8.662,36.0,5.0,10.00418210029602,ok,d72fbcbe56ab59cf,42,9ff7661a53c882ad24189f9e5f76d0d1b14d044eb36d39093a17fe7acea175e6
Cn1nc(C(N)=O)c2c1-c1nc(Nc3ccc(-c4ccc(NSc5ccccc5Br)cc4)cc3)ncc1CC2,42,-10.016,39.0,7.0,16.257216691970825,ok,23e2b1cf6de4d4ca,42,9e061a566fcb5eb460f5e17e46ba0cc8876db9fefd8d2ac624dc9e443dabc8da
Cn1nc(C(N)=O)c2c1-c1nc(Nc3ccc(-c4ccc(Nc5ccccc5)cc4)cc3)ncc1CC2,42,-9.016,37.0,6.0,12.293176174163818,ok,cc86f12a56ea3efa,42,8b98cbcebc8a6f90c341558852a57f32266362f4270d12cebe5d7a9a226eed82
Cn1nc(C(N)=O)c2c1-c1nc(Nc3ccc(N)cc3)ncc1CC2,42,-8.307,25.0,4.0,5.1785728931427,ok,234166973a2c53a0,42,15ff673d1f86921922c72e283eca6bf4d1cf45202792284e6db6b80635c69baf
Cn1nc(C(N)=O)c2c1-c1nc(Nc3ccc(N4CCOCC4)cc3)ncc1CC2,42,-8.588,30.0,4.0,6.523345947265625,ok,d1fa06dd15e17aa9,42,5cdc4a26910a0018e4553ba38ffe4878ffacf004a054838128256db1af2534f2
Cn1nc(C(N)=O)c2c1-c1nc(Nc3ccc(NCNc4ccccc4)cc3)ncc1CC2,42,-9.268,33.0,7.0,11.57777214050293,ok,dfbb3c296ae50a98,42,d29cfad8315d883fc1fabbb16b1d97bc3cc8a5636071b0458948e4c15ae01a26
Cn1nc(C(N)=O)c2c1-c1nc(Nc3ccc(NNc4ccc(-c5ccccc5)cc4)cc3)ncc1CC2,42,-9.936,38.0,7.0,14.978610038757324,ok,6eb027ceb6c290cc,42,5a6891d3d046a891d83ef51aba047adea421ce33118f663e17b62027c53843ec
Cn1nc(C(N)=O)c2c1-c1nc(Nc3ccc(NSc4ccccc4)cc3)ncc1CC2,42,-8.811,32.0,6.0,9.100762128829956,ok,82f04e9f15e31a9d,42,deee184840f4c117928c3e5d142910ab67f224300a449605ba7c081d376263ef
Cn1nc(C(N)=O)c2c1-c1nc(Nc3ccc(Nc4ccc(Nc5ccccc5)cc4)cc3)ncc1CC2,42,-9.792,38.0,7.0,15.656489849090576,ok,ce9e85ba0ea52f2a,42,eb6a65e84b0c2c553217b2eefa38722d227024d4d718d006eb55f4968bf1a705
Cn1nc(C(N)=O)c2c1-c1nc(Nc3ccc(Nc4ccc(SC(=O)CN)cc4)cc3)ncc1CC2,42,-8.484,36.0,8.0,15.521298885345459,ok,5d4721d9daae3ada,42,823a10054bb91431d4c53fea6dc21ac124aaa7a0304fe93aa489c4bb7b47f11c
Cn1nc(C(N)=O)c2c1-c1nc(Nc3ccc(SNNNc4ccc(N)cc4)cc3)ncc1CC2,42,-9.372,35.0,9.0,17.92809796333313,ok,f7d4ca005c071918,42,1f9dca6d3eb168cbd2380a7078d64dd3f3aad48e215c3ef7bf480997f4cd2610
Cn1nc(C(N)=O)c2c1-c1nc(Nc3ccc(SNc4ccccc4)cc3)ncc1CC2,42,-8.777,32.0,6.0,9.258203029632568,ok,108e2823407d695a,42,984c519ce5d2c6cf9d1f5eb353036a5e7e646a3fc851a6fb781670374b708731
Cn1nc(C(N)=O)c2c1-c1nc(Nc3ccc(Sc4ccc(NSc5ccccc5)cc4)cc3)ncc1CC2,42,-9.684,39.0,8.0,16.738544940948486,ok,fa9f71d655306d1b,42,38afef2f10d94e124c8ccaa73a26c964fc2a899b13aa57e6889e008fb1d09d45
Cn1nc(C(N)=O)c2c1-c1nc(Nc3ccccc3)ncc1CC2,42,-8.216,24.0,3.0,3.5091090202331543,ok,b74d776e43ad699c,42,d6851deecdc132d3d4a6a25de3e51e1d4a0c34d7719938e6fadabd83b98ca76a
Cn1nc(NCCc2ccccc2)c2c1-c1nc(N)ncc1NCC2(C)C,42,-5.513,27.0,5.0,16.068007946014404,ok,f830ed6561f3cd95,42,8c250ae8a6a31b969462fcd6b089df9976487f5b05c0c53b9ed2950307d8fc3e
FC(F)(F)c1cnc(Nc2ccc3[nH]cnc3c2)nc1Nc1ccccc1Cl,42,-9.513,28.0,4.0,6.199213981628418,ok,6dcb4412e565e645,42,c8fac09607331c498e2a02ece03d43ac3969c07948838f16b2c091fa497340d5
Fc1cc(N2CCCNCC2)ccc1COC1CCC1,42,-5.258,20.0,4.0,11.02863097190857,ok,0c0b7a1aaf112920,42,6821cbdae8c2304565d3b9b9535f7b44b7eb343355b481c28d447d5ee509566b
Fc1ccc(CNc2ccc(N3CCOCC3)cc2)cc1,42,-7.665,21.0,4.0,3.0405731201171875,ok,80d06dbffabfe56e,42,7e40e0069077cc870c9b8b78145a80ccbf14823f71bd2c63670bd770e8d04f77
Fc1ccc(Nc2cccc(N3CCOCC3)c2)cc1,42,-8.347,20.0,3.0,2.834872007369995,ok,07d58ac0beecba57,42,2c19f0c7e4f3e17ae46ec92ee05ce3af862e40d7dbfa6350978629646fd742d3
Fc1cccc(F)c1Nc1ncc2c(n1)CN(C1CC1)CC2,42,-8.022,22.0,3.0,2.7495481967926025,ok,f0c98e6124c4ac63,42,697d6213f8af33a4f11f1f5ea1fc9fe3a98d05cdc0a8b494a5fd1f59d6b8f7f0
Fc1ccccc1NCCc1ccc(N2CCOCC2)cc1,42,-7.787,22.0,5.0,4.839409112930298,ok,d7e68ff4b1084d53,42,c75e911995ab0db22b98405f41a0ad81e052e58cbb5da38c1074ef4a16908d2f
Fc1ccccc1NCc1ccc(N2CCOCC2)cc1,42,-7.592,21.0,4.0,3.415226936340332,ok,d233182fd4ad9d9d,42,af84064ab26cb221b672df430b22a195f28949fad0f6ba362b3bb7f75bb8e44f
Fc1ccccc1Nc1ccc(N2CCOCC2)cc1,42,-7.499,20.0,3.0,2.267770767211914,ok,87df7ab6171f807d,42,c7fa88125bce27fd5dd797d166b3a48172a0d98b5c93c8fe566bbd90485880ee
N#C/C=C(/c1ccc2nc(N)c(C(=O)c3c(F)cccc3F)n2c1)c1c(F)cccc1F,42,-6.287,32.0,5.0,10.26659607887268,ok,d60e2bd973264e30,42,b94796cf0cc33500dc01cff54342b0001b5d072898c75536027d4f39435c5da9
N#CCCN(c1ccnc(Nc2ccc(S(N)(=O)=O)cc2)n1)c1cc(Cl)ccc1Cl,42,-7.608,30.0,8.0,10.49800705909729,ok,5c64cd086b8ce8d1,42,4f599785b8f308ab29d44ac572638918986a2782404ff13b8802dff60faabf26
N#Cc1ccc(NC=c2[nH]cc3c2=CCNC3=O)c(C(=O)O)c1,42,-8.416,23.0,3.0,4.197369813919067,ok,1f81de0165e877c1,42,f6c14b23bf81cc117de954571493af7b451013b5ed9e7fdf1de98214925a2163
N#Cc1ccc(Nc2nccc(-c3cnn4ncccc34)n2)cc1,42,-9.242,24.0,3.0,3.70086407661438,ok,fbc60fb541897072,42,8d312dd5dd786f692a117575c18f069af78c4f0c164824f9f1cf6606fb444775
N#Cc1ccc2c(CCNc3ccc(C(F)(F)F)cc3C(=O)O)c[nH]c2c1,42,-9.17,27.0,5.0,6.221983194351196,ok,f9baefc6746c1022,42,f09d16f8db3ae9898df3f2609d329a7bbb6e07138fbc2bfa6276b1dbba9c99a0
N#Cc1ccc2ccn(-c3cccc(N)n3)c2c1,42,-8.084,18.0,2.0,2.2348921298980713,ok,b890036e8cde9049,42,b0bf9b72646ef3090167412c257d944af4894dc7ece51153130a2dda1f2ec592
N#Cc1cccc(Nc2nccc(-c3cnn4ncccc34)n2)c1,42,-9.448,24.0,3.0,3.4281868934631348,ok,004bc209c34a31ee,42,4240f99b3e32244b5bf8ea5503e67f516b70817fc35ba2e6ed75137db018e041
N#Cc1cnc(NC2CCN(CCN3CCC[C@@H](N)C3)CC2)nc1-c1c[nH]c2cc(F)ccc12,42,-9.411,34.0,7.0,15.110095024108887,ok,68252e2fa8e2848c,42,a5ad0ec3f855824313c0856bc9ce3c26ce45d75115d96aa9ef79267836a061f7
N#Cc1cnn2c(Nc3ccc(F)c(Cl)c3)cc(N[C@H]3CC[C@H](N)CC3)nc12,42,-9.241,28.0,4.0,5.565529108047485,ok,51b4fb8bf467441d,42,723f34fc6fc11037af46c4f48065ec040873d56b5cac3c25789b75d745f52469
N=C(N)NS(=O)(=O)c1ccc(N=Cc2c(O)[nH]c3ccc4ncsc4c23)cc1,42,-8.374,28.0,5.0,6.860221862792969,ok,d7125b3b7b2e9f65,42,5eebbee6232a23db8acb29e0eb39ba4c3c9af3840a3397a872a69d778617398e
N=C1NC(=O)/C(=C/c2ccc(-c3c(S)cccc3C3CCCCC3)o2)S1,42,-7.541,26.0,4.0,5.995127201080322,ok,cbfefe060aa1cab4,42,9cbbf932fa7f2a5b5fa2fe5d63736cf20cbd22cdd35622f327839b322fa88bbd
N=C1NC(=O)/C(=C/c2ccc(-c3ccc(C(N)=O)cc3)o2)S1,42,-8.68,22.0,3.0,3.9600818157196045,ok,5f2363309be2850e,42,165b1e533e975e98f0428903a87b0d182305ffdc03465eaf9271da41cf7d935d
N=C1NC(=O)/C(=C/c2ccc(-c3ccc(CCO)c(C(F)(F)CF)c3)o2)S1,42,-9.135,27.0,7.0,6.6129961013793945,ok,3e74ce96b024c23c,42,c70845d8d3e8105a161b3162fd0cf5f68b6f0381db311aef8b74f2e9e1f861e4
N=C1NC(=O)/C(=C/c2ccc(-c3ccc(S(N)(=O)=O)c(C(F)(F)F)c3)o2)S1,42,-9.172,27.0,4.0,4.7806878089904785,ok,0579e947d5b9bad0,42,974b1cc528b2406cfcec7b18979cb654298e482baf12433d9765b1ee9db245e8
N=C1NC(=O)/C(=C/c2ccc(C(=O)Nc3ccc(Cl)cc3)o2)S1,42,-8.149,23.0,3.0,3.9346489906311035,ok,b4b2d5785b2315a8,42,dc50f51c050e7976b672513f7a33fdf3a17c749ff061bff03c1d237394524872
N=S(=O)(CCO)c1ccc(-c2cc(N[C@H]3CC[C@H](N)CC3)nc3ccnn23)cc1,42,-7.386,29.0,7.0,8.243217945098877,ok,dda2eca4f514dad0,42,9229cad84562086dd0898aa60c43bad97ff78a48a65548498c3079ad251afc70
N=S(=O)(c1ccc(-c2ccnc(-c3cc(=O)c(O)c[nH]3)n2)cc1)C1CC1,42,-8.265,26.0,5.0,5.2429609298706055,ok,74db84e736165fef,42,4d39f291be662a81ea82251d761b3551a182f185600b59204672176b888c361a
NC(=O)NN1CCc2cc(Nc3ccc(F)c(Cl)c3)ccc21,42,-8.997,22.0,3.0,3.1539289951324463,ok,790888ae7dbfadd3,42,08ea6d89b2353c9db5b492279a3d7b5a4337fd059ecaeeee92ccfc36b1eef661
NC(=O)Nc1cc(Nc2ccc(F)c(Cl)c2)n2nccc2n1,42,-8.672,22.0,2.0,2.8344192504882812,ok,c2a6e198e2cba3cd,42,3b60c5981f2a205d1c1446adb4b2488ad9bbf060727f292bb873b25e206c1dcf
NC(=O)SCCn1nc(C(N)=O)c2c1-c1nc(Nc3ccccc3)ncc1CC2,42,-8.676,29.0,6.0,9.995512962341309,ok,626033c7c90b9ddc,42,e48bd7ae7539f7280d38683e23c8594b4c47efda3b343d10e3fbe44d17f40d78
NC(=O)c1cc(F)c(C(=O)c2c(N)nc3ccc(C(=O)c4c(Cl)cccc4Cl)cn23)c(F)c1,42,-6.839,33.0,6.0,12.05860185623169,ok,5e5e4c77404b8146,42,b9e915a85313bafc0a57eaa4066bfe2bc388967250f09a519121ddf951a892e0
NC(=O)c1ccc(-c2cccc(C(=O)N3CCCC3)c2)cc1,42,-9.123,22.0,3.0,3.366866111755371,ok,4212c3dfbcadccc4,42,f6162e856280b687ef9b7a31e87a4c9b7f9d88ef88caf12cd8a63e4cd274fcee
NC(=O)c1ccc(-c2cccc(N3CCOCC3)c2)cc1,42,-8.384,21.0,3.0,3.2075088024139404,ok,8a9f28b7c5e8dd81,42,0aaf3f0ef2460a6fab3bc1b8fbb1f95fba45f3c102f60e20992d2f3abf51b248
NC(=O)c1ccc(C(=O)Nc2ccc(C(=O)N3CCCC3)cc2)cc1,42,-8.067,25.0,4.0,4.689207077026367,ok,032e22edd8c67de1,42,468e5520aefa010fed4a16941e489d2a09a87d7397b6471c2618849e72488708
NC(=O)c1ccc(Cc2ccccc2C(=O)N2CCCCCC2)cc1,42,-7.363,25.0,4.0,12.885617971420288,ok,0ce4d8d6f3a527c9,42,2ae3285aebcadc87e1f4325fdaf2498cda7e07105aa42a576ba32b57a7addb7a
NC(=O)c1ccc(N2CCN(c3cccc(Cl)c3)CC2)cc1,42,-7.106,22.0,3.0,3.0806221961975098,ok,042c16bbcce87f15,42,3216db26f910dae505a552485a29ce257427955214100adc0fd9c23519eb2365
NC(=O)c1ccc(NC(=O)c2ccc(N3CCCC3)cc2)cc1,42,-7.844,23.0,4.0,3.71596097946167,ok,844cc989bb885948,42,8e0a1b50c8a50cb8572038e04cd71c73039153e864b0cf9ad5961bd4aca803b6
NC(=O)c1ccc(Nc2nc(N)cc(-c3c(F)cccc3F)n2)cc1,42,-9.119,25.0,5.0,4.399357795715332,ok,bb4266e02da35b0f,42,323dd57d31e6dd39ac9c595040fc272ddca3e94f2907dcae2f62a6f2935babaa
NC(=O)c1ccc(Nc2nc(N[C@H]3CC[C@H](N)CC3)nc3c2ncn3C2CCCC2)cc1,42,-9.945,32.0,7.0,16.154122829437256,ok,f256ca368e195552,42,c112518cf0fcde7ea6dff27f1b481d9e49f3f6dc814c6f424e84a5a96df09604
NC(=O)c1ccc2[nH]c(O)c(N=Nc3ccc(S(N)(=O)=O)cc3)c2c1,42,-8.254,25.0,6.0,5.7599570751190186,ok,46d63058a7c6021c,42,a84a588e1a03b7ab31adf00b94e059967ac5a674029f4f77afb397b07431173e
NC(=O)n1cc(C(=O)NC(=S)Nc2ccc(Cl)cc2)c(-c2ccc(Cl)cc2)n1,42,-8.653,28.0,3.0,5.701827049255371,ok,3a8f357956ece70c,42,109e4286e16f5c9e40c799c20a5bbcddcbad48f1e248da20cecbb1a33130537b
NC(C(=O)Nc1cc(C2CC2)[nH]n1)c1ccccc1,42,-8.009,19.0,5.0,3.12573504447937,ok,08c6668c719f6337,42,fa1e774ee9eca4d5b2b87f8b6647a55ba2d9b14f0eae25577ca4a4cbb0f53415
NCCC=c1cc(-c2ccc[nH]2)c2c(O)[nH]c3ccc(F)c1c32,42,-9.307,23.0,5.0,3.802541971206665,ok,f64656ac01f74738,42,cb187de5462c423d4bd7ef05136e6bdb4ee40289ca525716ef09f3f6f78583f3
NCCCn1nc(C(N)=O)c2c1-c1nc(Nc3ccccc3)ncc1CC2,42,-8.556,27.0,7.0,9.783726930618286,ok,2b1805e59e1d51d6,42,795e0a615b9a258eb6780ef00bce5a7c905b459d4e16320ae9d56571016666c9
NCCNCCn1nc(C(N)=O)c2c1-c1nc(Nc3ccccc3)ncc1CC2,42,-7.564,29.0,9.0,12.729940176010132,ok,531055edd9e77fd2,42,a69a2df393c85445271bac3575499376505fbe17d96b37269c76b17fd14eb765
NCCSc1cc(-c2ccc[nH]2)c2c3c(ccc(F)c13)NC2=O,42,-7.878,23.0,5.0,4.770816087722778,ok,764513e2da157866,42,54e2a5a0be8ec2ed6b02f026ad42f25cce3a4c51481b1ba4297f5f4f2ee7158a
NCc1ccc(-c2ccc(N3CCC(O)CC3)cc2)cc1,42,-7.368,21.0,5.0,3.4203319549560547,ok,c6a077389ee6cf03,42,4519e62c29bafe2929834392320bc778ce2ecbf806435644d7e9e703250880ac
NCc1ccc(C2CCN(c3ccccc3)CC2)cc1,42,-7.053,20.0,4.0,2.673111915588379,ok,877afad996328d61,42,ea1f6ae91bbcb8fada0f75271fd6afd82cc486a329de6d035305ba16073da7c8
NCc1cccc(N2CCN(C(=O)c3ccccc3)CC2)c1,42,-6.691,22.0,4.0,3.6436281204223633,ok,b9c9d2111462dd80,42,1283326bb49811430f571328205bad61c37466395de5e4f685977e4101c90df6
NOc1[nH]c2ccc([N+](=O)[O-])cc2c1-c1ccc2[nH]c(O)c(N=Nc3ccc(S(N)(=O)=O)cc3)c2c1,42,-7.351,36.0,9.0,24.886455059051514,ok,20e53ca697b07b3b,42,a6b16f993c594f92889c2576678350ae8b906b13c65099365741ce28e6e7fee9
NS(=O)(=O)Cc1ccc(N=Cc2c(O)[nH]c3ccc4ncsc4c23)cc1,42,-7.83,26.0,6.0,5.833027124404907,ok,75e98ba7394d787b,42,6612d7a6b8c72d36ae3573f18f79182cbf3024953fb26f7a678cefe47f7a5fa7
NS(=O)(=O)c1ccc(-c2c(N=O)[nH]c3ccc(NNSc4c(O)[nH]c5ccc([N+](=O)[O-])cc45)cc23)cc1,42,-10.268,37.0,10.0,18.623933792114258,ok,2a75a2014271efa4,42,5282f4b590b82cb8e1f5df5528269cfa14e6bc3b6c0ada06d19266f231fdbac6
NS(=O)(=O)c1ccc(-c2cc(-c3cccc(O)c3)[nH]n2)cc1,42,-8.067,22.0,5.0,4.345920085906982,ok,ca121844b16f39b6,42,f87ec79375f635f6dad83c9dd7fb2dd1d4b7953f87e7c95a0b34f275934a78a9
NS(=O)(=O)c1ccc(-c2ccc(-c3ccc(S(N)(=O)=O)cc3)cc2)cc1,42,-7.767,26.0,6.0,5.075659990310669,ok,ddd57a8275f28f6c,42,3c4e52b5783c0cfc03c0467bb850845ff08ad2f5bd9594950739a5192c38e832
NS(=O)(=O)c1ccc(-c2ccc(C(F)(F)F)cc2)nc1,42,-8.662,20.0,3.0,2.598585844039917,ok,b94cc1f13d09d15a,42,3062664d7dee9356695ec1ca7f5d12752ffc215eac444fa0318e36f61a8123dc
NS(=O)(=O)c1ccc(-c2ccc(C(O)(F)F)cc2)cc1,42,-8.409,20.0,5.0,3.4264907836914062,ok,d881c326d777b3ce,42,55636b3132e1433042429ab18048e44f15da952381fbf64fb9ae3038198bf843
NS(=O)(=O)c1ccc(-c2ccc(C3CCC3)cc2)cc1,42,-8.329,20.0,4.0,2.603626251220703,ok,9c4f2833797d519d,42,4486332c1cdcfe9f912976ad0011c68b82bf211a4650b5067002e58357b9f854
NS(=O)(=O)c1ccc(-c2ccc(C3CCCC3)nc2)cc1,42,-8.258,21.0,4.0,3.2147390842437744,ok,855a490ed51fb6a4,42,f278f8a59615338303b541c4c9189fd6500f35f7542dd0e4ac88e4806657d279
NS(=O)(=O)c1ccc(-c2ccc(C3CCCCC3)cc2)cc1,42,-8.126,22.0,4.0,3.1441729068756104,ok,b4cd2b69be27dbe7,42,c2a05f5c019d3564f47d146816791a76844c1fcc7d11106b5703fc3a905a6f17
NS(=O)(=O)c1ccc(-c2ccc(CC(F)(F)F)cc2)cc1,42,-8.282,21.0,4.0,4.416063070297241,ok,75372d61ebed88c0,42,e98cd4097d4652fc15a17a30e5510d25730633810b0c9ef473a07989a48a5ecf
NS(=O)(=O)c1ccc(-c2ccc(CCC(F)(F)F)cc2)cc1,42,-8.536,22.0,5.0,3.7633988857269287,ok,9d7b00e520a4ef1a,42,eb2b76483d2cb419caa16c7ff6a67f98afb1c48820734f9e610ac6470aa4ebcc
NS(=O)(=O)c1ccc(-c2ccc(CN3CCOCC3)cc2)cc1,42,-7.563,23.0,5.0,4.123450040817261,ok,d654744f2c3261be,42,73904539c67e1a9da53cf62ee644c827504b2d9e61e7cc0d71ef2a5bdf5e186b
NS(=O)(=O)c1ccc(-c2ccc(N3CCCC3)cc2)cc1,42,-7.373,21.0,4.0,3.080656051635742,ok,67d90fe36c008019,42,132d8cfb975e6eafc289b8d58f6f65425e614a700015487cf55aad22f75368ce
NS(=O)(=O)c1ccc(-c2ccc(N3CCCS3(=O)=O)cc2)cc1,42,-7.876,23.0,4.0,3.178921937942505,ok,3faf12b3aeb6b96b,42,6fdaa321fc94f0ff0ee6eeaef03ac5ecd914ca8bd82a90641aedb86d9e75939f
NS(=O)(=O)c1ccc(-c2ccc(N3CCOCC3)cc2)cc1,42,-7.602,22.0,4.0,3.5725672245025635,ok,7bc05c8ec48db833,42,2fd7ff5be3d14fccfa0e0d21cfc74fb11eabad81d2ee0132d619e15d4be2c20b
NS(=O)(=O)c1ccc(-c2ccc(N=Nc3c(O)[nH]c4ccc(S)c(-c5ccc(S(N)(=O)=O)cc5)c34)cc2)cc1,42,-6.081,39.0,10.0,26.826719999313354,ok,d74f3f62f14e4cff,42,1e01c76ed48311f398a6b5388a2406ce30a1a65ec0e48df301ec1a2fcc35b02c
NS(=O)(=O)c1ccc(-c2ccc(N=Nc3c(O)[nH]c4ccc(S)c(-c5cccc(O)c5)c34)cc2)cc1,42,-7.833,36.0,9.0,16.297324895858765,ok,f3824aea90ef1285,42,775ec0c55a64418cd4892f34a87591195482057d841580e4abe81ec2594f458f
NS(=O)(=O)c1ccc(-c2ccc(NC3CC3)cc2)cc1,42,-7.813,20.0,5.0,2.9504408836364746,ok,e73257829db3dca6,42,ac2f53cf1ed7e058f3e7eccdf233716d7b354d256bcb95e0744eb3d0e9b34d80
NS(=O)(=O)c1ccc(-c2ccc(OC(F)(F)F)cc2)cc1,42,-8.015,21.0,4.0,3.30991792678833,ok,14b83e67bbaa0320,42,13d90d0b3b00e8516da0144211e277c021ff2e8a9190d646f407b96f1ac90058
NS(=O)(=O)c1ccc(-c2ccc(OC3=CCC3)cc2)cc1,42,-8.309,21.0,5.0,3.262589931488037,ok,488fbc2d8d5e71ee,42,fe1ee2fa660352c7e25c457981c03a94e1b11cd821876e333989c1e8fd28497f
NS(=O)(=O)c1ccc(-c2ccc(S(N)(=O)=O)cc2)cc1,42,-7.739,20.0,5.0,3.6329052448272705,ok,24745d0a82452bc2,42,0629dff88efca01086f99547ba6247fc5520ba11308f46b28400655ef4b2831a
NS(=O)(=O)c1ccc(-c2ccc3[nH]c(O)c(N=Nc4ccc([N+](=O)[O-])cc4)c3c2)cc1,42,-9.283,31.0,7.0,7.698514938354492,ok,97023aa1f42bfca8,42,ceb2d248164187d8410fb517f4f81867eebaca59d505d0e332185ca4910b851a
NS(=O)(=O)c1ccc(-c2cccc(S(N)(=O)=O)c2)cc1,42,-8.448,20.0,5.0,3.0935208797454834,ok,4c3955c20a0f96c1,42,52b3a176f3e46bd7362dd566adabba59e5a5dafb45ec28fc431b1a5e368a3bdc
NS(=O)(=O)c1ccc(-c2ccnc(NC3CCCCC3)n2)cc1,42,-8.728,23.0,5.0,4.807078123092651,ok,a797d3d5b90af5ac,42,dc72cf8951fd97ea96ae60090ae72ce9995b6b436d5f6c32fd5c228a6e03b683
NS(=O)(=O)c1ccc(C(=O)Nc2ccccc2F)cc1,42,-8.26,20.0,4.0,3.2439208030700684,ok,134fd6b4fbe49ff9,42,2729f739b279820ee226c7e88ed2fb61fe6609858db8af6e1ad10e89976b4dac
NS(=O)(=O)c1ccc(CCN2CCc3ncccc3C2)cc1,42,-7.924,22.0,5.0,4.631171941757202,ok,f3285b6cf27ff3ce,42,5a1bbc69400b0830ad49a1ac971456969919870214a9fbdc91b03dc23879dce5
NS(=O)(=O)c1ccc(CCc2c(F)cccc2F)cc1,42,-8.314,20.0,5.0,3.655913829803467,ok,49098657c6ab7662,42,d22366ca92ff963f97028d14e0b67586a923090f3a14afbf7547a8083cfec399
NS(=O)(=O)c1ccc(CN2CCc3ncccc3C2)cc1,42,-7.613,21.0,4.0,4.311631917953491,ok,3b365a75d779a7f2,42,c6bb86665c4240c1bb59f87805c2f5b693c5d72707036c6531454d670076dcd7
NS(=O)(=O)c1ccc(CNC=C2CNC(=O)c3ccc(C4CC4)cc32)cc1O,42,-8.993,28.0,7.0,8.339226961135864,ok,7bb39432d37645b5,42,48fbad88576d380500d5491217761a10b256d0c49a278677b331393d71ca46f1
NS(=O)(=O)c1ccc(CNCc2ccc(C(F)(F)F)cc2)cc1,42,-8.479,23.0,6.0,5.644423007965088,ok,e1a491ad25229e15,42,7c941886723235bb7a5427a8c59d537b4050e89522e3324ba5eb2b3fa09276bc
NS(=O)(=O)c1ccc(Cc2ccc(C(F)F)cc2)cc1,42,-8.317,20.0,5.0,2.901121139526367,ok,65d8c990a8a964e7,42,b231a773ca74a0ecae72238cf396bdc3cee043cdf635e4f6073f3594b0a65125
NS(=O)(=O)c1ccc(Cc2ccc(C3CC3)c(Br)c2)cc1,42,-7.926,21.0,5.0,4.501806974411011,ok,78424987db1777cf,42,76362e1791dfd50796f2c9a7faefa17833856608b646f8ead744191fe1d30a57
NS(=O)(=O)c1ccc(Cc2ccc(N3CCOCC3)cc2)cc1,42,-8.139,23.0,5.0,4.497721910476685,ok,2f8f105fdb2765c5,42,42d6c93dd34649ef40bbd200f871dd82a347665ad08caf6887ddb92c527e0864
NS(=O)(=O)c1ccc(Cc2ccc(OC(F)(F)F)cc2)cc1,42,-8.365,22.0,5.0,4.2115747928619385,ok,d138843f12876fd3,42,9a2cc6a3515262c7aba819a14094c93149a9701a5f8c763c62ba297767075e1e
NS(=O)(=O)c1ccc(N=C(Oc2cnco2)Sc2c(O)[nH]c3ccc(-c4cnco4)cc23)cc1,42,-7.36,34.0,7.0,18.25434374809265,ok,770300b38ebea76b,42,a833eedf64182c80e67d8b509a81dbed1e9f0001a0584a3d21688fa895fe8a7c
NS(=O)(=O)c1ccc(N=C(Oc2cnco2)c2c(O)[nH]c3ccc(-c4cnco4)cc23)cc1,42,-6.61,33.0,7.0,14.257873058319092,ok,8cbc96172fec3ff4,42,6a8798b38b6f2f52293aedd63ac1d21884a5cff0b4e9a13d0c416054fc6e1a3d
NS(=O)(=O)c1ccc(N=CN=CN=Nc2ccc(Sc3c(=O)[nH]c4ccc5[nH]cccc5c34)cc2)cc1,42,-8.585,37.0,6.0,19.63035798072815,ok,db92c551ee894a11,42,af9f91527099d93485a4d374a4fc0b6cb6c5a7618db12ee05fa23475b27f3cd6
NS(=O)(=O)c1ccc(N=Cc2c(=O)[nH]c3ccc4[nH]cccc4c23)cc1,42,-8.698,26.0,4.0,5.429951190948486,ok,111ee5543783b1a3,42,b26cca39e5f44e964aa46bd1f22cb383fdf8c0cbf847dd22478387cc915a3702
NS(=O)(=O)c1ccc(N=Cc2c(O)[nH]c3ccc(S(N)(=O)=O)c(NNc4ccc[nH]4)c23)cc1,42,-6.569,33.0,10.0,18.05506992340088,ok,c72196af2eb0f1c3,42,e3eb036ca197cb4dbed50546be1493d0dcb495c92f4b33536315f19b3f9e6837
NS(=O)(=O)c1ccc(N=Cc2c(O)[nH]c3ccc(SF)c(CNc4ccc[nH]4)c23)cc1,42,-7.967,31.0,9.0,11.210938692092896,ok,0dff66226fdf5e94,42,19982c460e6c2687d9cb8429081e9c194a7d8a9cd8758d317c1b57914ccb68e6
NS(=O)(=O)c1ccc(N=Cc2c(O)[nH]c3ccc([SH](N)(=O)NO)c(NNc4ccc[nH]4)c23)cc1,42,-9.136,34.0,12.0,23.515520095825195,ok,9bd1b489ba73a607,42,4bea2d5928692210be6088eb48299575ae6c35f8ec9c9dc76333391e01a52aca
NS(=O)(=O)c1ccc(N=Cc2c(O)[nH]c3ccc4ncsc4c23)cc1,42,-8.175,25.0,5.0,5.088124990463257,ok,84f6adc25de62a62,42,2991406bf8634de1e19916a77f63c54a6f09965d56b2534f5101078fc59bc5d0
NS(=O)(=O)c1ccc(N=Cc2ccc3[nH]c(O)c(C=Nc4ccc(S(N)(=O)=O)cc4)c3c2-c2ccc[nH]2)cc1,42,-7.705,39.0,10.0,22.528658866882324,ok,52540a696961c17c,42,cff79ca1adb34e5108b638cbd0602aea153a9efcc1e064ed03df18dcc0c1ec1f
NS(=O)(=O)c1ccc(N=NC(=O)Sc2c(=O)[nH]c3ccc4[nH]cccc4c23)cc1,42,-8.157,29.0,4.0,9.710025072097778,ok,b28b0f9d96f7b1ba,42,3bd7e5c5bd7ee7bfc777c5eb3c0141cf1588f7228a997d8ac2e0ce6de1688459
NS(=O)(=O)c1ccc(N=NN=NN=NC(O)c2c(=O)[nH]c3ccc4[nH]cccc4c23)cc1,42,-8.797,32.0,8.0,13.78761887550354,ok,8a8eb98b15b8f641,42,d7b71aeaf7cdb765feb37ab674b40fc3c1c24e796adf5084894845f74cde2316
NS(=O)(=O)c1ccc(N=NN=NN=NN=Nc2c(=O)[nH]c3ccc4[nH]cccc4c23)cc1,42,-9.063,32.0,7.0,12.0623459815979,ok,33b428eb2f69709d,42,a618f019f5052452294a8df2aa083058e90533948293089a9e15d689b8ffff6a
NS(=O)(=O)c1ccc(N=NN=NN=Nc2c(O)[nH]c3ccc(-c4c(O)[nH]c5ccc([N+](=O)[O-])cc45)cc23)cc1,42,-8.265,39.0,10.0,28.77402901649475,ok,9ed4688f167258d5,42,d6d829b437e1fd537bbe4e893a2ebd54e25f3e5e7750cfe7aa8cd9abdb15ad88
NS(=O)(=O)c1ccc(N=NN=Nc2c(=O)[nH]c3ccc4[nH]cccc4c23)cc1,42,-8.691,28.0,5.0,8.819467067718506,ok,93240de184768e41,42,4541cf1c92b812304af2517204b11a00d181de51dadd68da42535865d21a90ae
NS(=O)(=O)c1ccc(N=NSC(=O)N=Nc2c(=O)[nH]c3ccc4[nH]cccc4c23)cc1,42,-8.646,31.0,5.0,12.21748685836792,ok,026bd5c30154b973,42,fb4dadbc03f24c40083848e0a2f80a453b0eb40ba7111bb523528fbd6b7de021
NS(=O)(=O)c1ccc(N=NSC(=O)c2c(=O)[nH]c3ccc4[nH]cccc4c23)cc1,42,-8.388,29.0,5.0,9.877573013305664,ok,45bbc9235c7e5bba,42,b8afb42143c6730a4bd48f8f1af990ff2fa82babe6d565c72993bc1419a7239d
NS(=O)(=O)c1ccc(N=NSN=Cc2c(=O)[nH]c3ccc4[nH]cccc4c23)cc1,42,-8.565,29.0,6.0,9.253890752792358,ok,f4631d770d1779a9,42,9ca5f4e5303f7e269c51fc5a5a942b75a739b155df691a3c1445fc8592102823
NS(=O)(=O)c1ccc(N=Nc2c(=O)[nH]c3ccc4[nH][nH]c(Cl)c4c23)cc1,42,-6.046,26.0,4.0,5.6954028606414795,ok,640bc4ce593ebb4f,42,ba0a9a03fa23bc4f5b7f693e45c97c24c3065fa86c18160c76ddf38831ee80bb
NS(=O)(=O)c1ccc(N=Nc2c(=O)[nH]c3ccc4[nH]cccc4c23)cc1,42,-8.586,26.0,4.0,4.7297117710113525,ok,bd601170c41dea0b,42,288c8c398a19f5dd2df3e9786bf0edd5dc8d4f2782c277cdd22160dc0585f01d
NS(=O)(=O)c1ccc(N=Nc2c(O)[nH]c3ccc(C(=O)N=CNCSC(=O)c4ccc[nH]4)cc23)cc1,42,-7.656,36.0,9.0,21.253325939178467,ok,9772aad4ec6c3be1,42,0602c98f15fef40f00aef656ffeeecc51eeb55ed3fb8146d1970171ebdc7ff0f
NS(=O)(=O)c1ccc(N=Nc2c(O)[nH]c3ccc(C(=O)N=CNc4ccc([N+](=O)[O-])cc4)cc23)cc1,42,-8.788,36.0,8.0,13.088800191879272,ok,8f2de6aaa5d87c15,42,7abbb7d50575bbf40b67ddbf3fbc9f3cc8690fd9f9161ba2ac88e79241a914a4
NS(=O)(=O)c1ccc(N=Nc2c(O)[nH]c3ccc(C(=O)NCCc4c[nH]cn4)cc23)cc1,42,-8.317,32.0,9.0,13.993581056594849,ok,56c09ea1e598ca0c,42,cdb7db293d7a69543954066b53b1ba60f785f5d27c1eafe15dc0b1471dbaa3f3
NS(=O)(=O)c1ccc(N=Nc2c(O)[nH]c3ccc(C(=O)NCc4cccnc4)cc23)cc1,42,-7.894,32.0,8.0,13.23009204864502,ok,11f6c9540861df9f,42,c2439707aa14df86545a6e8ca67ad6d5788fb16173bd4535d93a7c865cc7c8db
NS(=O)(=O)c1ccc(N=Nc2c(O)[nH]c3ccc(C(=O)NCc4ccncc4)cc23)cc1,42,-7.936,32.0,8.0,13.064964056015015,ok,bdd7db0154368862,42,0168ac3b17f3a5ef7499453b7a327545542143e380cb0306c2ffe7f592bab59f
NS(=O)(=O)c1ccc(N=Nc2c(O)[nH]c3ccc(C(=S)c4ccc([N+](=O)[O-])cc4)cc23)cc1,42,-7.504,33.0,8.0,14.381166219711304,ok,8826617b8bc0a0b9,42,227f7f7541f072fd810dda1173a7a4a7c050c2ad37f5ae8029d3ff3c7d76e44e
NS(=O)(=O)c1ccc(N=Nc2c(O)[nH]c3ccc(N=Cc4c(=O)[nH]c5ccc6[nH]cccc6c45)cc23)cc1,42,-8.983,38.0,7.0,14.945616722106934,ok,c0a5a6ae924e52e8,42,da5a588d651f695e5f6e372276beb4f1e1ef73b78e5b50666020c50fd4c34d8f
NS(=O)(=O)c1ccc(N=Nc2c(O)[nH]c3ccc(S)c(-c4ccc(S(N)(=O)=O)cc4)c23)cc1,42,-5.872,33.0,9.0,15.634404182434082,ok,07c009428f09e69f,42,674cf05dd9b223899d1aef40d0c2739881fc4397ed329bab8de217103fa3b59e
NS(=O)(=O)c1ccc(N=Nc2c(O)[nH]c3ccc4ncsc4c23)cc1,42,-5.888,25.0,5.0,6.15582799911499,ok,46b5fa24730e79b4,42,8fad2828dced7e74a081e5c6dd5ab28a01858c83ae84115e668676e5674c4013
NS(=O)(=O)c1ccc(N=Nc2c(O)[nH]c3cccc(I)c23)cc1,42,-7.482,23.0,5.0,4.867438793182373,ok,7f7958ccc6e9dd56,42,9e1a8da428d16ecd911c059dba4cf07f4983d37ebe9866941a02b022657dd349
NS(=O)(=O)c1ccc(N=Nc2c(O)[nH]c3cccc(N=Nc4cccc(O)c4)c23)cc1,42,-6.466,31.0,8.0,12.039908170700073,ok,0430d9523fa5083d,42,0f61c1261eb302556d1e9bf890f529bb624546081804b9e06b266653d4746200
NS(=O)(=O)c1ccc(N=Nc2c(O)[nH]c3cccc(OCCc4ccncc4)c23)cc1,42,-6.539,31.0,9.0,15.854809999465942,ok,a446b417c475a131,42,c1127c509628c6d01a0e86b0d3a1b134e0de6050d9c7f987d2569b49fcc5e11e
NS(=O)(=O)c1ccc(N=Nc2c(O)[nH]c3cccc(Oc4ccccc4)c23)cc1,42,-6.311,29.0,7.0,11.789911031723022,ok,73eeab07e29d4371,42,9d1b521dd01805421f100efddf9bcf93665d832842a05c740fc939d89ed72659
NS(=O)(=O)c1ccc(N=Nc2ccc(N=NC(O)c3c(=O)[nH]c4ccc5[nH]cccc5c34)cc2)cc1,42,-8.437,36.0,8.0,14.09689712524414,ok,999dd3d680ffe1ac,42,3e27a9ffd156868cc3f183cd4e070a5ac94d3083bedb8878011e43a6931aef01
NS(=O)(=O)c1ccc(N=Nc2ccc(N=Nc3c(=O)[nH]c4ccc5[nH]cccc5c34)cc2)cc1,42,-7.492,34.0,6.0,12.021551132202148,ok,026f5a2350b7847d,42,efef951de59280420b1e04ff338c172e8ed2244cb9d5ed28743771476e378f25
NS(=O)(=O)c1ccc(N=Nc2ccc(Nc3cc(-c4cccc(O)c4)[nH]n3)cc2)cc1,42,-8.671,31.0,8.0,10.524861812591553,ok,fd573cf185eaf863,42,842b25707aba39e6df4794c10c2e99bc9276d73e2696476edc7afe89d0639e5a
NS(=O)(=O)c1ccc(N=Nc2ccc(SC(=O)N=Cc3c(=O)[nH]c4ccc5[nH]cccc5c34)cc2)cc1,42,-7.921,37.0,6.0,23.46263599395752,ok,861efa0e1f090738,42,e1d0fbcfa3dc8d43e15cb6c426ebb333b54a29d5332a89cd752fb3ad17e7bc68
NS(=O)(=O)c1ccc(N=Nc2ccc(SC(=O)c3c(=O)[nH]c4ccc5[nH]cccc5c34)cc2)cc1,42,-8.617,35.0,6.0,16.322399854660034,ok,4dbf6398cca9b646,42,d515377d160a7a2611ee73001815cdad20d86ebdecd5f0527ef61e17610bde15
NS(=O)(=O)c1ccc(N=Nc2ccc(Sc3c(=O)[nH]c4ccc5[nH]cccc5c34)cc2)cc1,42,-7.614,33.0,6.0,9.928884983062744,ok,9c260e440b7d8bff,42,f930ca8e06341d26d7da3873f7aa3ff2dd5d441971be8ca04e9946eff12ed365
NS(=O)(=O)c1ccc(N=S=Nc2ccc(N=Cc3c(=O)[nH]c4ccc5[nH]cccc5c34)cc2)cc1,42,-8.891,35.0,6.0,10.751152038574219,ok,755690be403e87c4,42,0d899c3640d17c53bd2e8b2a5d7f1db41f8528367f169c4905c2e9df9e6f02a0
NS(=O)(=O)c1ccc(NC(=O)Cc2ccc(F)cc2)cc1,42,-7.589,21.0,5.0,4.6268699169158936,ok,39f9f39232a80103,42,d262d0f621a4f96cfe7443043dd61ed91c5e93dda728c195aae0b56e2c22db2e
NS(=O)(=O)c1ccc(NC(=O)Nc2ccccc2)cc1,42,-6.846,20.0,4.0,3.1929187774658203,ok,43d7ac26b5340569,42,828bf55b9d088ab12a4812b3346475c490f0fff24b3ac28721fb0f0a9cc36b23
NS(=O)(=O)c1ccc(NCc2ccc(NC(=O)CCCCCCO)cc2)cc1,42,-6.909,28.0,13.0,15.108352899551392,ok,dcbe0e5d11af87b1,42,913c17594c75f2e85cb6b042fd046d036b3cdf1f632d99a54d471ce979077530
NS(=O)(=O)c1ccc(NNNNc2c(O)[nH]c3ccc(-c4ccc([N+](=O)[O-])cc4)cc23)cc1,42,-9.697,33.0,10.0,16.885799884796143,ok,13d1483f9b7c1e7a,42,377a93aa905a69c48d633bc323a520089ce1fa1747de1c704effbe621f33f281
NS(=O)(=O)c1ccc(NNNc2c(O)[nH]c3ccc(-c4c(N=O)[nH]c5ccc([N+](=O)[O-])cc45)cc23)cc1,42,-8.729,37.0,10.0,22.823465824127197,ok,5d4f2d5fb11c152c,42,daebad4c052ebbe73037b7f65d1feba6caf6f13b66696b3ac729e786d6e4c683
NS(=O)(=O)c1ccc(NNNc2ccc(NNSC(=O)NNc3c(O)[nH]c4ccc([N+](=O)[O-])cc34)cc2)cc1,42,-8.363,39.0,13.0,39.57892203330994,ok,994d5f3e389c6edd,42,863188f67ff5fb22daf9a07f13907565c717787e0f25fe3336789455b99b7cf1
NS(=O)(=O)c1ccc(NNc2c(O)[nH]c3ccc(-c4ccc([N+](=O)[O-])cc4)cc23)cc1,42,-9.33,31.0,8.0,11.188635110855103,ok,0e983678b10542ac,42,03a521abe08c0afe47fb043e01c1c006688ba67221c27e323012e9eceab9d5ba
NS(=O)(=O)c1ccc(Nc2cc(-c3cccc(NC(=O)Nc4cc(C(F)(F)F)ccc4F)c3)[nH]n2)cc1,42,-8.789,37.0,7.0,16.652997255325317,ok,4e2b25e2a3558791,42,da12f0840dea067de9ef0d5cfa5847ed4552bb2bed88c67fa1981a88d8543647
NS(=O)(=O)c1ccc(Nc2ccc(C(=O)N=C3CC3)cc2)cc1,42,-8.621,23.0,5.0,4.506925821304321,ok,e2664b758fe65cf9,42,4a7deb2f52b9fdd4797f93189b07ab08f1d07e71309488f4c7779708b841ffb7
NS(=O)(=O)c1ccc(Nc2ccc(C(F)(F)F)cc2)cc1,42,-8.01,21.0,4.0,3.718813896179199,ok,6a8ca084b5c9a3c7,42,87e0b899fefaccc06652cf62831e1f3a319b488d5e6953df82c86ff859696b1a
NS(=O)(=O)c1ccc(Nc2ccc(C(F)F)cc2)cc1,42,-8.17,20.0,5.0,4.653295993804932,ok,47e7d9d6a5fcdcc9,42,9dd615c0e58f249dcf12af6023cde30b0687ae6913b72e31cd673a92cb1414a1
NS(=O)(=O)c1ccc(Nc2ccc(C3CC3)cc2)cc1,42,-8.047,20.0,5.0,3.653042793273926,ok,fcb03aae798fc061,42,48b92c57557e7ca90980e5f749bc13b4bd6b0644f9d31f90c9cbe5f6ad1cb154
NS(=O)(=O)c1ccc(Nc2ccc(CC(F)F)cc2)cc1,42,-8.183,21.0,6.0,3.8402187824249268,ok,bc6e6561368401c6,42,d77cc4d4c76ce97200e82caf20fb339bd4adcf4896e9001abd4a48aede3a120c
NS(=O)(=O)c1ccc(Nc2ccc(NNc3c(O)[nH]c4ccc([N+](=O)[O-])cc34)cc2)cc1,42,-9.737,32.0,9.0,11.73901104927063,ok,a5e1cb85e5771688,42,05abc35303249f0cb5642ecdf5e24523034150b844a78abec31054712795d22d
NS(=O)(=O)c1ccc(Nc2nc(OCC3CCCCC3)c3[nH]cnc3n2)cc1,42,-9.37,28.0,7.0,10.225097894668579,ok,e1d2fa1f9058c9ec,42,0ebb4d8370e231ae9b2f3ddb5d6b302738ff69a95f328be4e60c3a68a7d533f3
NS(=O)(=O)c1ccc(Nc2ncc(C3CCCC3)cn2)cc1,42,-7.861,22.0,5.0,4.186391115188599,ok,3a782617705ade88,42,7c71ada16378d46a20f76fd702cdbda75cddcb2e8883c82549abb1215c7d9406
NS(=O)(=O)c1ccc(Nc2nccc(-c3cnc4ccccn34)n2)cc1,42,-9.075,26.0,5.0,7.354714870452881,ok,31570bbd09977f2e,42,a76f8c0b16233aaaefc19c284d56c7d3fa5754de4daddcd9ad424063420deb3f
NS(=O)(=O)c1ccc(Nc2nccc(C3CCOCC3)n2)cc1,42,-8.046,23.0,5.0,6.556716203689575,ok,e2141eb740a4aa78,42,da56d3ce150453f0855f8d24cd3612029bc9ab26c8083f216e15bdcc1159b1cb
NS(=O)(=O)c1ccc(Oc2ccc(C(=O)OF)cc2)cc1,42,-7.838,21.0,5.0,3.5911660194396973,ok,dfd568aa6bc778ee,42,c676a9264398a8234d9db6b9dc8437e2bef678fc82607a46491d1b841b4ce471
NS(=O)(=O)c1ccc(Oc2ccc(C(F)(F)F)cc2)cc1,42,-8.279,21.0,4.0,3.6394996643066406,ok,d6fceb667d8ce11c,42,fd9f5dfb6d57aea0daf0344a6cb2d46eaa4d0f07d422d1b0771a0ffe3ce32b7e
NS(=O)(=O)c1ccc(Oc2ccc(C3CC3)cc2)cc1,42,-8.107,20.0,5.0,3.603178024291992,ok,aaccf27bdaca8bde,42,b89f615e54a173d210270ce4fde8b86dbbbbae36d6b4263659ebda055d9cac8b
NS(=O)(=O)c1cccc(COc2ccc(F)c(F)c2)c1,42,-8.171,20.0,5.0,3.5245649814605713,ok,1f2777bbfe3af953,42,e1fb2457acb10ac865ccdd12344ba90d1c49a701b144bcd503e2394b6717c20c
NS(=O)(=O)c1cccc(Nc2cc(-c3ccc(F)cc3)[nH]n2)c1,42,-8.255,23.0,5.0,5.030243873596191,ok,af21376caa408266,42,7aef457d04aef1b7f74967537fcccd4086147dcb2290d2a3cadee15ca19de6f8
NS(=O)(=O)c1cccc(Nc2nc(OCC3CCCCC3)c3[nH]cnc3n2)c1,42,-8.85,28.0,7.0,10.642951250076294,ok,c0cfd494ee28ee4b,42,6232f574f834412e154e3539a9ce58045d18d62bba3894777ded8db5dfdfe037
NS(=O)(=O)c1cccc(Nc2nccc(-c3ccnc(NCCCO)c3)n2)c1,42,-8.474,28.0,10.0,12.778909921646118,ok,93624fd2d64b082c,42,9c463d81f6677af2cb1270f2f86e6bbe7df9b5c85192d01e535761051c0f3825
NS(=O)(=O)c1ccccc1CC1CCN(c2ccccc2)CC1,42,-7.465,23.0,5.0,5.108238220214844,ok,f5498809178c847e,42,75597a9798033e857a5ba68156af788c1e71b929542ce87c88ffe3c5ef2de5e9
NS(=O)(=O)c1cncc(-c2nc(NCc3ccccn3)c3c(-c4ccccc4)cccc3n2)c1,42,-7.905,34.0,7.0,12.172841787338257,ok,353410031210cb85,42,23583ce6fe0a030ec0573e2cd394e32d0bec12a07887462cf322b8bcdfc9c066
N[C@@H](Cc1ccc(Cl)cc1)c1oc2cc(O)cc(O)c2c(=O)c1OF,42,-8.101,25.0,7.0,6.322946071624756,ok,76d47ef72b53a482,42,f94aea4e6d33724b168806dca25742fcc99014221a7bf13dc209db5193c49925
N[C@H](CNc1nnc(C2CCNCC2)s1)Cc1ccc(C(F)(F)F)cc1,42,-8.282,26.0,7.0,7.224621057510376,ok,2c5443544041f1de,42,6ea5c7d409695c96fc5c7ba1ea390590dc8c6f4e3225c88b8ddecaea34e7e071
N[C@H](CNc1nnc(NCc2cccnc2)s1)Cc1cccc(Cl)c1,42,-7.482,25.0,9.0,9.822829008102417,ok,d8c8465e3cb1a520,42,a480162e12b920d44112e3a6e60eb1c2aa047c285f34978185e8b138ea8bfbed
N[C@H](CNc1nnc(N[C@H]2CC[C@H](N)CC2)s1)Cc1cccc(Cl)c1,42,-7.566,25.0,9.0,8.620319128036499,ok,964e9e9d10cc82a9,42,d210dd924dfeb0850842a312ed1223145ae14554acd6a00b35640054e02a9590
N[C@H]1CCN(c2c3c(nc4ccc(-c5ccnc(NC(=O)C6CC6)n5)cc24)CCCC3)C1,42,-7.131,32.0,5.0,8.891784191131592,ok,c42adba9e92246fb,42,440c913f01ce545471ba6b57d49262a9d41613bcd41fd098c89e95d1b89c5c95
N[C@H]1CCN(c2c3cc(-c4ccnc(NC(=O)C5CC5)c4)ccc3nc3c2[nH]c2ccccc23)C1,42,-8.041,35.0,5.0,10.77522611618042,ok,225148cf96b30313,42,befd895484b4a5d695293ccee8a9fbdad792cc02bd21a5ea2b988e3de597c5b7
N[C@H]1CCS[C@@H](NN2CCc3c(nn(Cc4ccccc4)c3Br)C2=O)CC1,42,-6.593,27.0,5.0,16.177758932113647,ok,eb0533bfd485e827,42,1c451dfe05ef0cb71850450d1b2f805923c9f4541a6b55e1c579930d64c0b695
N[C@H]1CC[C@H](Nc2cc(Nc3ccc(F)c(Cl)c3)n3ncc(Br)c3n2)CC1,42,-9.322,27.0,4.0,5.602336168289185,ok,99ab78b961765457,42,5a911df7543b798b92bf5597083177e71a54bed5f1860b0b1b4693d57892052f
N[C@H]1CC[C@H](Nc2cc(Nc3ccc(F)c(Cl)c3)n3ncc(Cl)c3n2)CC1,42,-9.536,27.0,4.0,5.482224225997925,ok,6443db55cdf30f4f,42,1880989c0701e18ab84047183e3d1f3f840ff4c63ee27a59c510a9e31ae6691b
N[C@H]1CC[C@H](Nc2nc(NCc3ccccc3)c3ncn(C4CCCC4)c3n2)CC1,42,-8.343,30.0,7.0,8.976881980895996,ok,6b5486627c402034,42,0082b3cb5ae9e77d3e77a1a051eb1619870249b0915e9ee183b7ea20a26020c4
N[C@H]1CC[C@H](Nc2nc(Nc3ccccc3)c3ncn(C4CCCC4)c3n2)CC1,42,-9.468,29.0,6.0,9.221145868301392,ok,4146a33a52140c4f,42,428e155b3a15fc586beae4ac2fc67796b1e781f409a17981325ed1efc74d5b3d
N[S+]([O-])c1ccc(C(=Nc2ccc(S(N)(=O)=O)cc2)c2c(O)[nH]c3ccc(-c4cnco4)cc23)cc1,42,-6.865,36.0,9.0,17.54400897026062,ok,b170e1e0f8ececc6,42,d67fc9bb1ec9838d46d6d2ec4e92b49d474d298d29e3b43986639351e8628702
N[S+]([O-])c1cccc2[nH]c(O)c(N=Nc3ccc(N=Nc4ccc(-c5ccc(S(N)(=O)=O)cc5)cc4)cc3)c12,42,-7.028,39.0,10.0,23.136595964431763,ok,f7788c93c0ada0cf,42,1519d59bd523ab161baa2b9b95b05613ec82cf95c35e85dadb7944977ba226e9
N[S+]([O-])c1cccc2[nH]c(O)c(N=Nc3ccc(N=Nc4ccc(S(N)(=O)=O)cc4)cc3)c12,42,-6.884,33.0,9.0,23.247760772705078,ok,4148549948d6bca5,42,d9ea1cdb302081ae171fe651e8cad5cd6b1f38e4bd0249fa89e73cbc95ee6f73
Nc1cc(OCC2CCCCC2)nc(NC(=O)NC(=S)Nc2ccc(Cl)cc2)n1,42,-8.547,29.0,6.0,7.771282911300659,ok,85113249db227ad1,42,f8319a017b6b261b716c6209119d64d4e2bcc3d96cbd43c4ea77361844b6429d
Nc1ccc(-c2cc(Nc3ccc(S(N)(=O)=O)cc3)[nH]n2)cc1,42,-8.094,23.0,6.0,4.167739152908325,ok,f4b01b5b4ca156ed,42,7e98685485be605a7eb206813f648efca0fc724a7660d0998ed28662ad9c37f2
Nc1ccc(CC(=O)NNc2ncc(C(F)(F)F)c(OC3CCCCC3)n2)cc1,42,-8.484,29.0,7.0,11.9341299533844,ok,f13aad145666eada,42,6be50b648caff40755ce8f5ae072fddc9e90b414c1036357c93de69c87525645
Nc1ccc(CSC(=O)Nc2[nH]nc3ccc(S(N)(=O)=O)cc23)cc1,42,-8.392,25.0,6.0,7.5680036544799805,ok,227b609e0cf57d12,42,adfd9f4f9e6eb960855d436699db6a3c0e6d304bbcc07ae2ac3a3fbfc8fd19f1
Nc1ccc(N=Cc2c(=O)[nH]c3ccc4[nH]cccc4c23)cc1N=Nc1ccc(S(N)(=O)=O)cc1,42,-8.167,35.0,7.0,12.526723146438599,ok,dc70e719f7d9cce3,42,248a83939a6d6916b064da2aecc245cf5d9ebad1289ea259c5c929bc4fc25223
Nc1ccc(N=Cc2c(=O)[nH]c3ccc4[nH]cccc4c23)cc1SC=NN=Nc1ccc(S(N)(=O)=O)cc1,42,-8.225,38.0,8.0,28.83948016166687,ok,0ff4eb1eb1d7b254,42,1e8c2d54e8616bc027926698bf608e7e974559bcaa6957a6f4b4e91277dfcb42
Nc1ccc(N=NC(=O)c2c(=O)[nH]c3ccc4[nH]cccc4c23)cc1N=Nc1ccc(S(N)(=O)=O)cc1,42,-9.213,37.0,7.0,15.139686822891235,ok,70a9eb629e3b9477,42,7a083bc17b3a2976c6bca1ec5aad5bd1fe82a16b81c6b865bdc5de10f1d36fef
Nc1ccc(NNc2c(S(N)(=O)=O)ccc3[nH]c(O)c(C=Nc4ccc(S(N)(=O)=O)cc4)c23)cc1,42,-7.614,35.0,11.0,14.096812963485718,ok,1bf23a4f1a992593,42,8458d155426dcf82a1c863f194a97edf8cbdd988dff32fbaf8f710c0c532c8f0
Nc1ccc(Nc2nccc(-c3ccc(S(N)(=O)=O)cc3)n2)cc1,42,-8.863,24.0,6.0,5.23692512512207,ok,224ec38969667a7c,42,17777dd4451baae00dbd7774ed94591d947db3f2db12a633b4ce3237e40f2447
Nc1ccc2[nH]c(O)c(-c3ccc[nH]3)c2c1C=Nc1ccc(NNc2ccc(S(N)(=O)=O)cc2)cc1,42,-8.797,36.0,10.0,19.69984197616577,ok,0fb8dc3cdee47baa,42,0347db336b2aa4225c6110d9ba370233558995c5e21226fed461f2dc656b6029
Nc1ccc2[nH]c(O)c(C=CC=Nc3ccc(-c4[nH]ccc4S)cc3)c2c1NNc1ccc(S(N)(=O)=O)cc1,42,-8.533,39.0,12.0,29.483546018600464,ok,335b0dd7dce7082e,42,952ce6ba1cd52e7cab8454ffa1bf1ce7a7d89528888ff52084c73a842b59ae6d
Nc1ccc2[nH]c(O)c(C=CC=Nc3ccc(S(N)(=O)=O)cc3)c2c1NNc1ccc[nH]1,42,-8.675,32.0,10.0,17.198805809020996,ok,ba8daf59f0103103,42,4e794f9c83c68949f718bebe7f9c9fea6b5384f3d2f12969f02932a2099de6d5
Nc1ccc2[nH]c(O)c(C=Cc3ccc(NNc4ccc[nH]4)cc3)c2c1C=Nc1ccc(S(N)(=O)=O)cc1,42,-7.677,38.0,11.0,23.25430989265442,ok,4e4ea72fa4f4b305,42,60600ba6f0de754f75aca161760944d9a21f0d2ac85d116150d7f33db18fe390
Nc1ccc2[nH]c(O)c(NCc3ccc[nH]3)c2c1N=NNNc1ccc(S(N)(=O)=O)cc1,42,-7.73,32.0,11.0,18.261365175247192,ok,421a1fcd3982fb82,42,da91a488e1a0eb1b85c58c5db5277cf04877ac1010696119d13d17215ace0305
Nc1ccc2[nH]c(O)c(NCc3ccc[nH]3)c2c1NNc1ccc(S(N)(=O)=O)cc1,42,-8.118,30.0,10.0,13.049719095230103,ok,adf28c4e81078b7c,42,42c8bf4dfc207ce2911ca9f5bb940588b51efb03aafbbbe558971be7b731fe95
Nc1ccccc1NC(=O)/C=C/c1ccc(-c2ccc3ncnc(Nc4ccc(OCc5cccc(F)c5)c(Cl)c4)c3c2)cc1,42,-9.793,45.0,10.0,34.19149088859558,ok,4753e1ca1b654d2e,42,6b10db29514a49550fbdbd6195b46e1cf62df9f66c9e1a5c796aeef0e49cb0fb
Nc1nc(-c2cc(C(=O)c3c(F)cc(F)cc3F)ccc2O)cc(C2CCNCC2)n1,42,-8.911,31.0,6.0,8.49354076385498,ok,d262963a965701d9,42,f5c537df26b2b892a591ec3fa1c1fc3cab3d73d198c85bf0dcba226a285ddfd4
Nc1nc(N)c(N=O)c(OCC2CCCCC2)n1,42,-6.757,18.0,6.0,3.4942679405212402,ok,12f1d887c6516390,42,64b889208c952c58fd71e0b7563a246a38141f3da2c5f887bea927fb2049a580
Nc1nc(NC(=O)Cc2ccc(O)cc2)cc(C2CCCCCC2)n1,42,-5.899,25.0,6.0,15.463720798492432,ok,5dd8bb22ef3bb235,42,ca91c9f367493681d03dd19bcb2aebf43cfe4b59a9126ab73e1355196e1b4b84
Nc1nc(Nc2ccc(S(N)(=O)=O)cc2)nc(OCC2CCCCC2)c1N=O,42,-9.011,28.0,9.0,8.338361263275146,ok,31c13660b23696bb,42,3c775f497eec2c73b78c32c52497656e8f7d8f1fc758b4b16b7e9257e51176ae
Nc1nc(Nc2ccc(S(N)(=O)=O)cc2)nn1C(=O)c1c(F)cccc1F,42,-8.555,27.0,6.0,7.979859113693237,ok,527dee11f0a165d3,42,7ff92e4372dab46b4e963fed57f8355b950bab366be8672659f72dba8044da65
Nc1nc2ccc(C(=Cc3nn[nH]n3)c3c(F)cccc3F)cn2c1C(=O)c1c(F)cccc1F,42,-6.569,35.0,6.0,15.517581939697266,ok,cc41ecbbf3415a56,42,71334900ed2fdb17da93e95cef6486eb14282c0de9ed4c16b6851d5a43a29e54
Nc1nc2ccc(N[C@H]3CC[C@@H](N)CCO3)cn2c1C(=O)c1c(F)cccc1F,42,-6.399,29.0,6.0,23.49506688117981,ok,f4e29c63b6abe3c4,42,357b94817343e53a3295fce7a277a7b96f95f48ccb714bee4c24b66956ede4e2
Nc1nccc(-c2c[nH]c3[nH]ccc(=O)c23)n1,42,-7.362,17.0,2.0,1.7130630016326904,ok,d9160b4b9c4ed710,42,b4754997515bc4ce4c0567d719107772dd6282e72237c1ba7d2ebf9923f28bc7
Nc1nccc(-c2c[nH]c3ncc(-c4ccc(F)cc4)cc23)n1,42,-9.141,23.0,3.0,3.4238200187683105,ok,b3cd848c94895aec,42,448321eafc120e96f9d0d23fc0729c49ed89ca9540b8bbd3b59453f8dfc34e34
Nc1nccc(-c2cc(N3CCC(O)C3)ccc2O)n1,42,-7.754,20.0,5.0,3.5815958976745605,ok,4c1be9b2af411fa4,42,5db180ece317572ee1ad7730a657e57c03eeafa4de85e8dcbd312b6f87bc52fa
Nc1nccc(-c2cc(N3C[C@H](O)[C@@H](O)C3)ccc2O)n1,42,-7.769,21.0,6.0,4.07968807220459,ok,ae61c3c687c3d0eb,42,b31e14fffdfffeb8c65730069341293c742c30cc4c0336ea748d42fc8472863f
Nc1nccc(-n2cc(-c3ccc(Cl)cc3)c3cnccc32)n1,42,-8.501,23.0,3.0,3.2535438537597656,ok,01e20e6adc27151f,42,c9b0f1eee67edec95160b7e8f7a9c5675ecb0bccdd8b5d0fcf2b3a04fa8ed034
Nc1nccc(-n2ccc3ccncc32)n1,42,-7.05,16.0,2.0,1.7674341201782227,ok,8bc480a191e7a3d3,42,f5d3f77f0fbf501a1f976439abf6bd726f26c4e5d25658497089c4d1baefe26a
Nc1ncccc1-c1nc2ccccc2[nH]1,42,-7.216,16.0,2.0,1.4918339252471924,ok,3db05fb6326cf0b0,42,7bd4d2be060c4c72436dded5e767b778aed717a82c0aa05fe3d4956b88590d98
Nc1ncnc2occ(-c3ccc(NC(=O)Nc4cc(C(F)(F)F)ccc4F)cc3)c12,42,-9.041,31.0,4.0,6.193932056427002,ok,8b34e07a6f8d3122,42,611a02d64d89422fd29ee99498123079c5551fe3a60d021c1bac9326ac2e8147
O=C(C1CC1)N1CCc2cnc(Nc3c(F)cccc3F)nc2C1,42,-8.504,24.0,3.0,4.414299964904785,ok,079b562cc3c659fd,42,f629e8bee47be5af15b693e5bd1fe7a0a385634c8d138b8674d8a630e97d8852
O=C(C1CC1)N1CCc2cnc(Nc3ccccc3)nc2C1,42,-8.265,22.0,3.0,3.2212893962860107,ok,b83dc289ef44bfd1,42,800c88551fe90c71f4b465dff810046b6eff11f68da89fcb208fe776e190e030
O=C(C1CCC1)N1CCCc2cnc(NCc3ccccc3)nc2C1,42,-6.528,25.0,4.0,13.972021102905273,ok,bf2a8147a7bf473e,42,fab7fe822afe8cbf0b19029adff40223c7329035f1663d0722562e425a2a7368
O=C(C1CCC1)N1CCc2cnc(NCc3ccccc3)nc2C1,42,-8.579,24.0,4.0,4.627291202545166,ok,e5c385069e2be67c,42,309be5ad409aa67721e7e4f87cd533aae2e2c4eb9729f9300a0d2557d56b2ed3
O=C(C1CCC1)N1CCc2cnc(Nc3ccc(Cl)cc3)nc2C1,42,-8.76,24.0,3.0,4.224348068237305,ok,eb9ba0d77af29dfe,42,e0f546beb24475aebbc097b47ab716fb75bf75f97f4fd8f5df3bfcd396afdd42
O=C(CC1CC1)N1CCCc2cnc(Nc3ccc(Cl)cc3)nc2C1,42,-6.397,25.0,4.0,13.859723806381226,ok,03c129f2109bac6c,42,a141fd6bbc1f577ab06dc43820678e6877862b2cb6922d81832dcceb696d571e
O=C(CCc1c(F)cccc1F)NC(=O)c1ccccc1,42,-8.113,21.0,4.0,3.0656328201293945,ok,671505b8d01fd033,42,79e25e5cf83f40b80a63ad589751a52b6f3e949fc722ce9fcb8f637e17034312
O=C(CCc1ccc(Cl)cc1)NC(=O)c1ccncc1,42,-7.79,20.0,4.0,3.5104241371154785,ok,f846f02f12174922,42,36e9b82db8d71f56ba2e1441d9ff9867267b22f7c59b69fe29d9924fe88ef532
O=C(CNC(=O)c1ccc(F)cc1)Nc1ccccc1,42,-7.456,20.0,4.0,3.2964048385620117,ok,1832f767d1a38930,42,9571f81ad52a45a1874c91fef51b75ec536a4b5c5845b26ebd1f82e0146e2a42
O=C(CNCc1cccc(Cl)c1)Nc1cccc(F)c1,42,-7.072,20.0,5.0,3.863495111465454,ok,641588195a6c0644,42,73e5187217f009e5bf9e866c5742b97a0d3f0f81b6c9b4e68b61a7bb3a442281
O=C(CNc1ccc(C(F)(F)F)cc1)NCCc1ccc(N2CCOCC2)cc1,42,-8.399,29.0,7.0,11.188540935516357,ok,ce2714344932014c,42,9fc6af3c268d07ca4b0ee6cad350891bf62e78107b7cf62fbdfaa6b1f0716a66
O=C(Cc1[nH]nc2ccc(N3CCCS3(=O)=O)cc12)Nc1[nH]nc2ccc(N3CCCS3(=O)=O)cc12,42,-10.135,36.0,5.0,13.76067304611206,ok,4245261556d77729,42,2a474d7467f7e4ed1c59432dcb2b71e2a1468c9397c6e5ef5d34f9999c44ecec
O=C(Cc1ccc(-c2cc(=O)c3c(O)cc(O)cc3o2)cc1)C(=O)C1CCNCC1,42,-8.603,30.0,7.0,6.687078952789307,ok,885e872200968912,42,aa937f01188f728893c2444823eec3c3ae0ed9d84458e65d13baf767774daef6
O=C(Cc1ccc(-c2ccccc2)c(F)c1)Nc1cc(C2CC2)[nH]n1,42,-8.23,25.0,5.0,5.553167104721069,ok,537c6711d7e48fd9,42,48c21041ce3662717c715745993815ac66fd6df1f55845b626a9ec8b3d6d9903
O=C(Cc1ccc(-c2ccccc2)cc1)Nc1[nH]nc2ccc(N3CCCS3(=O)=O)cc12,42,-8.914,32.0,5.0,9.001826763153076,ok,c233945c1dda7ace,42,23e349ede81ccebb407df5828cc8b3bb229382df0bc257fe25a59e64c9702509
O=C(Cc1ccc(-c2ccccc2)cc1)Nc1cc(C2CC2)[nH]n1,42,-7.948,24.0,5.0,4.962260961532593,ok,5e50e049634d0529,42,11969c93992511e439e00075e9ceae189ac3a15e619815f50277fc16082c5e2b
O=C(Cc1ccc(Br)cc1)Nc1[nH]nc2ccc(N3CCCS3(=O)=O)cc12,42,-8.948,27.0,4.0,6.101119041442871,ok,2d011501d94357f7,42,1f26310049ddd9f44160d74ebdbb28877ef8bde164393cc27b73e45560a90e12
O=C(Cc1ccc(Cc2cccs2)cc1)Nc1cc(C2CC2)[nH]n1,42,-8.075,24.0,6.0,5.3826329708099365,ok,22e7b7e2b512164f,42,2fe8f53bcc42b0cd5888025c7a755deeada8a6f4ede76d0e4c630f7033873120
O=C(Cc1ccc(Cl)cc1)Nc1ccc(N2CCOCC2)cc1,42,-7.626,23.0,4.0,3.517728090286255,ok,52a09dbd101e6ae6,42,744b11085050c6eeef048a0be99d355f6903ebeb78a9864a9a097ac983f2ff27
O=C(Cc1ccc(F)cc1)NC(=O)c1c(F)cccc1F,42,-8.298,21.0,3.0,2.8724770545959473,ok,f7d744fe5b8caa01,42,6c2c77a174dcab56c23165e620c69f35f10ac634b2c81525ecf9d07826c279cd
O=C(Cc1ccc(F)cc1)NCc1ccc(F)c(F)c1,42,-7.825,20.0,4.0,3.729214906692505,ok,6947fd5d347e2388,42,d8deaf34bd9e2d2d835e3d096e19ea978c350d36628d705ea254a4cee5d7165d
O=C(Cc1ccc(F)cc1)Nc1[nH]nc2ccc(N3CCCS3(=O)=O)cc12,42,-9.285,27.0,4.0,7.12012791633606,ok,dddb6388ea6c7a88,42,ae2023c53cc8becb41872513340ba4685fbeb9547788f28e9db10a6a34ed1eb1
O=C(Cc1ccc(F)cc1)Nc1ccc(N2CCOCC2)cc1,42,-7.76,23.0,4.0,3.4735968112945557,ok,1874da8be4d558c4,42,bc7618db8bb5049f92ef51cac4ddb35b31bc30c7943ea7031e41f14cf822017e
O=C(Cc1ccc(N2CCC(O)CC2)cc1)c1ccccc1,42,-7.978,22.0,5.0,4.061326026916504,ok,0c8a93a4fccae28b,42,a7ec8ecb71518542ee6f8fbfffbe48cc7de24e3958be121580a73545832b3525
O=C(Cc1ccc(N=C2CCOCC2)cc1)Nc1ccc(N2CCOCC2)cc1,42,-8.128,29.0,5.0,6.258204936981201,ok,5a3f517198431289,42,7317f0ce04adb3c3db0d4ac54f58c48a25b2446c80705c659cd3024a540cee0e
O=C(Cc1ccc(O)cc1)Nc1[nH]nc2ccc(Nc3[nH]nc4ccc(N5CCCS5(=O)=O)cc34)cc12,42,-9.626,37.0,7.0,19.572680950164795,ok,3bedaa6a6e0f81f7,42,0c63212d3855c1281391f27ccda37202f1b00177be7140673007ef37834af906
O=C(Cc1cccc(Cl)c1)C(=O)Nc1[nH]nc2ccc(N3CCCS3(=O)=O)cc12,42,-9.412,29.0,5.0,10.011461734771729,ok,fe70107bc4d2793d,42,29efdca09eba3c9b83e5ee57e66c14746d99db6fece45c49dcd3a23285c57879
O=C(Cc1cccc(Cl)c1)NC(=O)c1cccc(F)c1,42,-8.099,20.0,3.0,3.0607550144195557,ok,36f515e39acc3f64,42,0d452512f4c7687d223d2b697e7121d199940281b879acda507a77eedf4d3802
O=C(Cc1cccc(Cl)c1)NCC(=O)Nc1[nH]nc2ccc(N3CCCS3(=O)=O)cc12,42,-9.251,31.0,6.0,11.965080261230469,ok,8f9ceedc6d3e85bf,42,f91bd88efd02b38d1a14219710a2f93af14115c4017326be2032a6f5375a50b5
O=C(Cc1cccc(F)c1)NC(=O)c1ccc(Cl)cc1,42,-7.933,20.0,3.0,3.079928159713745,ok,c74dc3df0f236bc5,42,f93cd629563a277a88ca9a9849961e90e4e58d611338b522f79a111d6768114d
O=C(Cc1cccc(F)c1)Nc1ccc(N2CCCCC2)cc1,42,-7.719,23.0,4.0,3.7579803466796875,ok,262383d3555d2690,42,8a82b776684da935c0390701bb24f19792eb52195636508cc62ace397594354c
O=C(Cc1cccc(F)c1)Nc1ccc(N2CCOCC2)cc1,42,-7.731,23.0,4.0,4.073829889297485,ok,00cf0f3d88158536,42,baaa5b091496c07f96f6aa26cd3d4dc8f9baab48d36db02d96456bee09b61ade
O=C(Cc1cccc2c1OCCC2)NCc1cccc(Cl)c1,42,-8.265,22.0,4.0,4.1443681716918945,ok,fce169251d64d326,42,6aa3b10179161162dced8c794fbf8ab642f65d7497ace220ddad302773bf3f58
O=C(Cc1cccc2c1OCCC2)NCc1ccccc1,42,-8.166,21.0,4.0,3.6517977714538574,ok,5d41ca36f9e02137,42,9531387aaf1fb19e8f8c9b752558ac6d37ea8cb5372cdcd722db9a90187514e3
O=C(Cc1ccccc1)N1CCN(c2ccc(O)cc2)CC1,42,-7.077,22.0,4.0,3.4042141437530518,ok,9bf00170dda7d03c,42,9f202fedf8816ee7900e97fcafe22d056fb5f4279d7f1a4228da18539f8a98ad
O=C(Cc1ccccc1)NC(=O)Cc1ccc(F)cc1,42,-7.653,20.0,4.0,3.7046661376953125,ok,867d5a96959c5c7b,42,5874ef7cfdc40fcc2f924e589ecce2b9f736bbc8bcfc063758927a2c5a4b1db6
O=C(Cc1ccccc1)Nc1[nH]nc2ccc(-n3c(O)c[nH]c3=O)cc12,42,-9.61,26.0,5.0,6.013054847717285,ok,9e7d66fb9e92b4e7,42,808ed129edcf4acbb72c73efef47274bec3bf735c38ced95fdc8c1b9c2a63990
O=C(Cc1ccccc1)Nc1[nH]nc2ccc(NC(=O)C3CCC3)cc12,42,-9.35,26.0,5.0,6.332783937454224,ok,3b028ed222d6a7c0,42,ceec4c5db5e26056da748f8e5cfa6d45bd7a639c738f2f1ae398d31392daa043
O=C(Cc1ccccc1)Nc1c[nH]nc1C(=O)Nc1ccc(F)cc1,42,-8.632,25.0,5.0,6.602104902267456,ok,266e4bd4434522bc,42,218d8840557c09128ef3b1ca8efe7e20573baebdebe6662b17188b517c052fa7
O=C(Cc1ccccc1)Nc1cc(C2CC2)[nH]n1,42,-7.687,18.0,4.0,4.085453033447266,ok,7b88c65ae2f85346,42,a89841adedb624610d4019edd2996aa0dfd3e338f0032ff6e8c45df17eed5c88
O=C(Cc1ncc(-c2cccc3c2OCCC3)cn1)NC1CC1,42,-8.362,23.0,4.0,3.042322874069214,ok,772d20946ada54a6,42,32eb8ac19906aeb038953fbfd32cd7772740c14d73c13049558a71fb74609689
O=C(N=C1NNC2=CC=CC21)C1CC1,42,-6.469,14.0,1.0,1.3681459426879883,ok,31d1fd8600f72bfa,42,07c0b159982871ed9ed40a339b041687f03e621e5493b6aacdad76a16f9ab642
O=C(NC(=O)c1ccc(F)cc1)Oc1ccc(Cl)cc1,42,-7.655,20.0,2.0,2.470865249633789,ok,cb5790084688d244,42,2d00191c492e99ba60a1f25d29c255822a89c0e923c97c992e5e01cd425635ca
O=C(NC(=O)c1cccc(N2CCOCC2)c1)c1ccccc1,42,-8.671,23.0,3.0,3.8214259147644043,ok,97f45ecb1bdf6e22,42,3aefd3f17e44d7b60985eedaa37cb2f94cd07314096f91d62d26908d734cca2a
O=C(NC(=S)Nc1ccc(Cl)cc1)c1cn(-c2ccccc2)nc1-c1ccc(Cl)cc1,42,-7.186,31.0,4.0,8.667537212371826,ok,3a5474f5f8ea4ce8,42,fd23705333b592682bece874664265a19d7043918ebeb46353b10b0a1fc348df
O=C(NC(c1ccccc1)C1CCNCC1)c1ccc2cnccc2c1,42,-9.343,26.0,4.0,5.396713972091675,ok,7cb8b9d812f14fe1,42,0cd93e32f9ad4945e7a8cbe7baf12cb87c505c0abc90b603bf068ef4e612d6dc
O=C(NC1CC1)c1cccc(-c2cccc(C3CC3)c2)c1,42,-8.686,21.0,4.0,3.7126471996307373,ok,c4e5b71fe8731dae,42,c177e9d23d6764bac5c72697876d1838fd08b6fa990df2cc4931705769afc0eb
O=C(NC1CCC1)c1ccc(CN2CCCCC2)cc1,42,-7.568,20.0,4.0,2.6539900302886963,ok,59a2bcde1641c0ac,42,02d4294adb3d73ec284a307229a0bd1912d8f9120ed7f5fa1d99a7c66bd5038e
O=C(NC1CCC1)c1ccc(Cc2ccncc2)cc1,42,-7.69,20.0,4.0,3.3275458812713623,ok,9cec2e94698ba721,42,d288fcaca3a434b3bec5d676effdae97e6a4b71bee1a474b416b11e32163ebfa
O=C(NC1CCCC1)c1ccc(-c2nccc(-c3c[nH]c4cnccc34)n2)cc1,42,-9.372,29.0,4.0,7.431519031524658,ok,0258fe883e73d75b,42,f6bb270a92e809062d24fa215e80072e19e77b884a03b7ecf75511a2b6301437
O=C(NC1CCCCC1)c1[nH]ncc1-c1cc(N2CCOCC2)ccc1O,42,-8.109,27.0,5.0,6.858236312866211,ok,afb9ef92338ea30b,42,889163d2b95d2a1c813ca9024f7f658f4eb77c537fc918f933ababcfe88ef7cd
O=C(NC1CCCCC1)c1ccc(N2CCOCC2)nc1,42,-7.137,21.0,3.0,2.5568151473999023,ok,8144be0688e4d464,42,20d12353f7a2354e26c9d33f086f842b432708de89da870e6faab0f0fcfe512c
O=C(NC1CCCCC1)c1cccc(CN2CCOCC2)c1,42,-8.216,22.0,4.0,3.6950488090515137,ok,a03decd54a5aafbd,42,da5ee1ca344ccba73f179cef02efef4b3f57b946020d0626099cc19aefedd3ca
O=C(NC1CCN(c2ccccc2)CC1)c1ccccc1,42,-7.489,21.0,3.0,3.015953779220581,ok,d9c6b4092ebac412,42,d944c1313ea2d56899b071baa12d42dc3f4cca22893229ead54d8ad1a6d73b30
O=C(NC1CCNCC1)c1[nH]ncc1-c1cnn2ncccc12,42,-8.138,23.0,3.0,4.858628988265991,ok,157f63102308d05b,42,df575f9980bba5035bbe4e6bf527f921f392bd96644d65c610846ee00bed2e86
O=C(NC1CCNCC1)c1[nH]ncc1NC(=O)c1c(Cl)cccc1Cl,42,-7.764,25.0,4.0,5.197786808013916,ok,32a2dd7685168347,42,8d0f4523c5d617cea96518d47976875c291d6c6031b90e5460c2a0fab5f253f9
O=C(NCCc1ccccc1)N1CCN(c2ccccc2)CC1,42,-7.617,23.0,4.0,3.8566179275512695,ok,7049b2df5dc6e064,42,d5601a26dcba19d022112c05f75fce6486fe5df3fd1e01a03f90c08914a975e2
O=C(NCc1ccc(F)c(F)c1)c1ccc(N2CCOCC2)cc1,42,-8.018,24.0,4.0,3.5956079959869385,ok,9c94032aa2a25a0a,42,0836c5e83330f380bfb5aae79adeccdc6b1a6a264731769a040b31e0afa29ef1
O=C(NCc1ccc(N2CCCCC2)cc1)c1ccccc1,42,-8.135,22.0,4.0,3.419701099395752,ok,2eb55467153a527f,42,ada01a762c972c89f93fda620f7adf78046a05eeda1015ca3c2b42e461c63ee3
O=C(NCc1ccc(N2CCOCC2)cc1)c1c(Cl)cccc1Cl,42,-7.594,24.0,4.0,4.924285173416138,ok,f0f65c2bc1cd0717,42,9e7723c1aee5f086a590f201f0b4bb8b934e6a2fa2c5f1945121911031d5bf67
O=C(NCc1ccc(N2CCOCC2)cc1)c1ccc(F)cc1,42,-7.978,23.0,4.0,4.296156167984009,ok,961b3d48a62ff014,42,8cef8506c7cbc74bb9fb9d75881e68c709c98743fc625158d2011f2845a4f285
O=C(NCc1cccc(C(=O)N2CCCC2)c1)c1ccccc1,42,-9.325,23.0,4.0,3.855947971343994,ok,8cf76bc617531f6f,42,943298e2f86349fd15bbdf7188a34bc2a20aeecdecc9ad2a231e22d7c148b6ae
O=C(NCc1cccc(Cl)c1)Nc1cccc2c1OCCCC2,42,-6.018,23.0,3.0,8.753427028656006,ok,d32e960982137dd3,42,bc457034760457dba1aa0f440046d015f81bb5911b502737ab7bfc64a712b9e8
O=C(NCc1ccccc1)N1CCN(C(=O)OCc2ccccc2)CC1,42,-7.688,26.0,4.0,6.696310997009277,ok,99aacd05174e3af2,42,f41a49c3120b933cbb7b2c45f4191b057df330e201adafb28c17c11bc2dfc189
O=C(NCc1ccccc1)N1CCN(C(=O)c2ccccc2)CC1,42,-7.811,24.0,3.0,4.634443998336792,ok,9a8114bc528f305f,42,253fa31c6a83c744c6cf28b7d0b75be21a56c221c3ddf3f1ad2759ca44360635
O=C(NCc1ccccc1)N1CCN(c2ccccc2Cl)CC1,42,-7.674,23.0,3.0,3.5035858154296875,ok,35924b6458a7dd58,42,4fa142cd218783bb4986a4f9a39c3f147488a6122812caf88a7bd6a593cc7970
O=C(NCc1ccccc1)c1cccc(N2CCCCC2)n1,42,-8.437,22.0,4.0,4.387977123260498,ok,d2e8b55c2b1efb75,42,182b41e1f453b2ce9836a1754f06de9994697d6ffe2094158b208ad794310b5f
O=C(NCc1ccccc1)c1cccc(N2CCOCC2)n1,42,-7.937,22.0,4.0,3.8824357986450195,ok,b92680b8c4087555,42,2002c715afe67b14bd72b51806aec57d70bbe983e94ea1d0f8f5cca6efb12303
O=C(NCc1cccnc1)C1CCN(c2ccccc2)CC1,42,-7.466,22.0,4.0,4.307005882263184,ok,60f0896224f27c89,42,42dc6f04b9cbc506586256fad4b55af5b9f7e6226538094a5d9e6b2c6e51b86c
O=C(NCc1cccnc1)N1CCN(Cc2ccccc2)CC1,42,-7.096,23.0,4.0,4.3103928565979,ok,cbb0ecef2cf55ae2,42,486761534e8d2e2e8cc97dd168a276d5d3916340400ef6f89d7924346ab41f76
O=C(NN1CCCC1)c1cccc(C(=O)N2CCCC2)c1,42,-8.688,21.0,3.0,3.286470890045166,ok,ae9a5c45505371b8,42,78e48a45e2e100e8606e52153eab7cac7b6d943443c1c503060da4a223449c78
O=C(NN1CCN(C(=O)c2ccccc2)CC1)c1ccccc1,42,-7.85,23.0,3.0,2.7923269271850586,ok,32fd01bf645f188d,42,065369b5ee0b32a3107c51d661c2388b5dc4789e30e81b5a8add887906c4ea34
O=C(NN1CCN(c2ccccc2)CC1)c1ccccc1,42,-6.987,21.0,3.0,3.0420830249786377,ok,b13f314ccf1914ee,42,d8d0d8db85c81aa984ec04959384e5ea5475b38f0cc86bcd213338e84bcda7d2
O=C(NN1CCOCC1)c1ccc(-c2ccc(F)cc2)cc1,42,-8.181,22.0,3.0,2.3747570514678955,ok,2902e69fa9e94960,42,c6a895d275d2ee432aea3f877042b16d5911269e2be1846ce36be24e706cc46d
O=C(NNc1cccc(N2CCOCC2)c1)c1ccccc1,42,-8.425,22.0,4.0,4.046604156494141,ok,82a74b3d9333985a,42,e24543216b0e001426338f83bd15922049e651a2efac276995c37222fa8467f8
O=C(Nc1[nH]nc2cc(-c3ccc(O)cc3)ccc12)C1CC1,42,-7.827,22.0,4.0,3.223304033279419,ok,43dfee0a9b77cf76,42,cdd517ca3b1b66d367b965fcf3c0c0bdb19ddedab795da96c4144c03ae911f36
O=C(Nc1[nH]nc2cc(-c3ccco3)ccc12)C1CC1,42,-7.445,20.0,3.0,2.4751250743865967,ok,b406dd5f8e7a8b97,42,1a6bf8b9b5f20f0b32e6c7c4cf118239444b7f4f7b192bfa2196c0c382359581
O=C(Nc1[nH]nc2nc(-c3ccc(O)c(Br)c3)ccc12)C1CC1,42,-7.922,23.0,4.0,3.320082902908325,ok,8f940f0f8ff0d1d1,42,0743b50ff10ab364a4151ebdf05d58c9f78c058095d9a34caeeb81768f8bf0c7
O=C(Nc1[nH]nc2nc(-c3ccc(O)c(Cl)c3)ccc12)C1CC1,42,-7.987,23.0,4.0,3.7951629161834717,ok,734a3d991becc145,42,b2c5357c7f7dd24fe706403b970cefa36f4b22814994a068b967066f3e216d1e
O=C(Nc1[nH]nc2nc(-c3ccc(O)cc3)c(-c3ccccc3)cc12)C1CC1,42,-8.163,28.0,5.0,6.26421594619751,ok,68ec5c65787a6185,42,f106c8fde59a4766dc3e9c38574cd58c844909d58ed4aab49f5c647633c4622c
O=C(Nc1[nH]nc2nc(-c3ccc(O)cc3)c(Br)cc12)C1CC1,42,-7.675,23.0,4.0,3.3205292224884033,ok,6310bc4b9609d43e,42,fa92e2c6a33208f4b223677b977f75a35eff0976b0731f6575fc675115530b4f
O=C(Nc1[nH]nc2nc(-c3ccc(O)cc3)ccc12)C1CC1,42,-7.612,22.0,4.0,2.6750810146331787,ok,171b32c4736cb159,42,edac795402ec14a9e1514effbf68ce5a839b070f3ce962fb9e3a9590fb725ca3
O=C(Nc1c[nH]nc1-c1nc2cc(CN3CCOCC3)ccc2[nH]1)SC(=O)C1CC1,42,-7.854,30.0,5.0,10.505764722824097,ok,ae9190eeb35f7780,42,c7b1d81ce882379cdc253e3f8dd4a4e9b83d5f1df0a0b343e03b87cd6bf36ee6
O=C(Nc1cc(C2CC2)[nH]n1)C(=O)c1ccccc1,42,-7.19,19.0,4.0,2.9759418964385986,ok,9eb21dfe3c26e7b6,42,aa8b86c54c9c61a0987974a1fc3a9874a1366dd9f8d06c00de9eaa4f3c26b62e
O=C(Nc1cc(C2CC2)[nH]n1)c1ccc(C2CCNCC2)cc1,42,-8.306,23.0,4.0,4.520026206970215,ok,ebd6cbb3239b382d,42,b0eac7dcf404624e4529cef3c02c65779c59dd8da0d1a2af755ca02cfce0b236
O=C(Nc1cc(C2CC2)[nH]n1)c1cccc(C(F)(F)F)c1,42,-8.505,21.0,3.0,4.0621607303619385,ok,6c34f6ed430d5161,42,aac6785811154ba7723b797375afd87c5b0f5f80c2d7b04d21ea67d5f2cc8ca7
O=C(Nc1cc(C2CCCCC2)[nH]n1)c1ccc(Br)cc1,42,-7.672,21.0,3.0,2.889241933822632,ok,dc8804e316888771,42,a2abb49213a3dd31fa7671d1d7acfc65f9d00cc83d9102b710d8cccf7a6fd9d9
O=C(Nc1cc(CN2CCCCC2)ccn1)c1ccc(F)cc1,42,-8.166,23.0,4.0,3.3531570434570312,ok,de7cb4da6c5a24b7,42,29dd004db72f2b6053bffb2076f19dc8f7c88f39a6c1cb599d8e21d7914fa831
O=C(Nc1ccc(C(=O)C2CC2)cc1)c1ccccc1,42,-7.17,20.0,4.0,3.058459997177124,ok,166208546f8367fd,42,ff50928641a04661ed87350b4eb2367b333d1e82f780b2c5fd2bad9684e91fad
O=C(Nc1ccc(C(F)(F)F)cc1C(=O)O)c1ccccc1,42,-8.453,22.0,3.0,3.0753462314605713,ok,ba3bf0e4b05f557d,42,ffa0493a6736d05350df5499d1e306c21149914d56b0b8e04026cc79f841ffb2
O=C(Nc1ccc(CN2CCCCC2)cc1)c1ccccc1,42,-7.719,22.0,4.0,3.0408990383148193,ok,880b77badf30781b,42,47265ce03e4f93ce4f5ebd7b9d6c3d1c55922497e36417524d5d9b1a3dbc81cd
O=C(Nc1ccc(CN2CCCCC2)cn1)c1ccccc1F,42,-7.545,23.0,4.0,3.195551872253418,ok,fce3d64600188477,42,011efb990a1b3ff6d1e4aa02a85f09aa8676192387994268bfe07417af461b3a
O=C(Nc1ccc(CN2CCOCC2)cc1)c1ccccc1,42,-7.448,22.0,4.0,3.0687272548675537,ok,c774fa590da62054,42,3385bbbbd079ca2b60f32f635c02eca21332e95c2990a13c121c109b186af3fc
O=C(Nc1ccc(Cl)c(C(F)(F)F)c1)N1CCN(c2nnc(Cc3ccccc3)c3ccccc23)CC1,42,-9.036,37.0,4.0,10.789839029312134,ok,1c7fade4af5f1655,42,abe5159790a83e594f486e3d15267973ccafaaf5a3fc169a62094813f6f9a58e
O=C(Nc1ccc(Cl)cc1)N1CCN(Cc2ccc(Cl)cc2)CC1,42,-7.942,24.0,3.0,3.342971086502075,ok,f14b7c84fdcff1c2,42,fe4e782c96e20b6bb003c79a16baca8c383398384214aef497a6d1a81bb31297
O=C(Nc1ccc(Cl)cc1)N1CCc2cnc(NC3CC3)nc2C1,42,-7.441,24.0,3.0,3.631869077682495,ok,48dfd6727faa6b37,42,f96ed8e368c6a4094418fe29da5c18aa1161a93d5fa364ebf799c5282e8837d4
O=C(Nc1ccc(Cl)cc1)c1ccc(C(=O)C2CC2)cc1,42,-8.141,21.0,4.0,2.7137629985809326,ok,77302e045dcfded9,42,ca9ec7d668f3a551c7cc6bf366b67e1cfae8e87db6cf183d34ea6e4b630b3740
O=C(Nc1ccc(Cl)cc1)c1ccc(N2CCOCC2)cc1,42,-7.998,22.0,3.0,2.790283203125,ok,e618f4cfbdfd4684,42,2567bafde487dab2297eaebe2f9ee97f7b505d706227ce0776fac397fc62d2f6
O=C(Nc1ccc(F)cc1)C1CCN(C(=O)c2ccc(F)cc2)CC1,42,-8.309,25.0,3.0,3.9681122303009033,ok,c15169b7405d45fc,42,6c62fd6d132abc18c51bac347fe1b417ba04701cfdbfec4fe4aaa11be7fd93ef
O=C(Nc1ccc(F)cc1)c1[nH]ncc1NC(=O)c1c(F)cccc1F,42,-9.359,26.0,4.0,5.570301294326782,ok,e4da70c848dc7c5f,42,5751be418cb8b8788a95d9d6bcbe412638fc50cca5b2cc2ee535225e329f8b8b
O=C(Nc1ccc(N2CC=NCC2)cc1)c1ccccc1,42,-7.323,21.0,3.0,2.404200792312622,ok,47adabe03bef451d,42,345c9471a6520bedcaedc601ecd20aa59c0c79908cb195e1a071c43080083a6c
O=C(Nc1ccc(N2CCC(C3CCNCC3)CC2)cn1)c1c(Cl)cccc1Cl,42,-8.109,29.0,4.0,6.631312131881714,ok,1294e136b497a2c7,42,ee7ed67a7a807f924ab5942e39a9aa27335b528aa670ca08e73d130236ccbc07
O=C(Nc1ccc(N2CCCCC2)cc1)c1ccc(F)cc1,42,-7.792,22.0,3.0,4.44050407409668,ok,59d78bcb6cd547a9,42,5356e3be4a71a32789751add423a98b18993c9709e53ffd4475500374f1ae41b
O=C(Nc1ccc(N2CCCNCC2)cc1)c1ccccc1,42,-5.973,22.0,3.0,9.079535961151123,ok,cc3c0acd70d6ba2a,42,e9570775183220b15f8bd86280960db019beb15a131096287f13cefde7b54fe7
O=C(Nc1ccc(N2CCNCC2)cc1)c1[nH]ncc1Nc1cc(OC2CCCC2)ncn1,42,-8.84,33.0,7.0,14.69282603263855,ok,e2fa9f610313a5e8,42,f05f547b27b1bdddb1c4b93aca6823fb3802f742455463fa300b1fda89530d94
O=C(Nc1ccc(N2CCNCC2)cc1)c1[nH]ncc1Nc1cc(Oc2ccccc2)ncn1,42,-8.913,34.0,7.0,18.67893886566162,ok,148e18d0440fc319,42,a3113f159e89f8250fee8fdfc07a7c506387f49487c9a33058713609289f7d5c
O=C(Nc1ccc(N2CCOCC2)cc1)C1CCCC1,42,-6.878,20.0,3.0,2.35363507270813,ok,391441b1b502ab18,42,9f78d78b91bfe30d2fc73fc72f5a64591df4ca88f6feaae24384e461f3d656aa
O=C(Nc1ccc(N2CCOCC2)cc1)c1ccccc1,42,-7.138,21.0,3.0,2.1810691356658936,ok,e196fe5e4f649493,42,82dd24e791f34603bccbcaeb394d17388629084e69f9e42e8b356e0b114c8d25
O=C(Nc1ccc(N2CCOCC2)cc1)c1ccccc1F,42,-7.464,22.0,3.0,2.6443839073181152,ok,fec6bfc7925a7c93,42,d9a22ed171862553681d6a5f18ef94632468b637cd3ca40e390c39d06702e182
O=C(Nc1ccc(Nc2cccc(CN3CCOCC3)c2)cn1)c1c(O)cccc1Cl,42,-9.03,31.0,7.0,9.328646898269653,ok,ff63aae6903690b2,42,b9fa27f60f6e792a974ff4cb00d56d876d404f55cc8bc7d67fc086c9207bf96a
O=C(Nc1cccc(C(=O)N2CCCC2)c1)c1cccc(Cl)c1,42,-8.965,23.0,3.0,3.733870029449463,ok,d498da9f3fc8cb39,42,b0c23393fa6576ab49f2365157ccfce9c9151f87dc7abc847fa3d1d358d8158f
O=C(Nc1cccc(Cl)c1)N1CCN(c2ccccc2)CC1,42,-7.115,22.0,2.0,2.564473867416382,ok,276edc7f1d3041c8,42,2303a821313d107151b3cd9dc35ef0a0726aa22d208041b7fb6fadae771f9f13
O=C(Nc1cccc(Cl)c1)c1ccc(N2CCOCC2)cc1,42,-7.737,22.0,3.0,2.9922869205474854,ok,10383a5414104e30,42,797ec2e7d70794f45c54b607e7eab913ab0f2460c026ebda56de815bb031d769
O=C(Nc1cccc(N2CCCC2)c1)c1cccc(Cl)c1,42,-8.091,21.0,3.0,2.9751858711242676,ok,38b946909ef04a88,42,fa759a08bd24f44e1ad3a304d81978023ff91a80817e4ddafe7a805b2e8e2eb9
O=C(Nc1cccc(N2CCCCC2)c1)c1ccccc1,42,-8.182,21.0,3.0,2.831394910812378,ok,bb81f71062b2c35c,42,43d2fac97d4189f43012bfa60cba8a643b9f18c353333fe87d9ccc0b5153ba13
O=C(Nc1cccc(N2CCOCC2)c1)c1cccc(N2CCOCC2)c1,42,-8.619,27.0,4.0,4.676381826400757,ok,edfe5ea8be8bc292,42,89aac2f7440b5f04180807179e62aa66d90474623cb1611d2a358acff330374f
O=C(Nc1cccc(N2CCOCC2)c1)c1ccccc1,42,-8.13,21.0,3.0,2.477410078048706,ok,a643a6b3d6619920,42,e1f59c728ae272f61b7ed964f8c6fa4c09ff6be66083011e4d30463b5696ad0a
O=C(Nc1cccc2c1C(=O)c1c(-c3ccc(C(=O)N4CCNCC4)s3)n[nH]c1-2)NN1CCOCC1,42,-7.79,36.0,4.0,10.554811954498291,ok,c39e0921836c01fd,42,6c1006db1369cb6580a134c5cdc0f0c7c657a3db6b4f146ce42832e5ffaf7575
O=C(Nc1ccccc1)C1CCN(C(=O)c2ccc(F)cc2)CC1,42,-7.388,24.0,3.0,3.946523904800415,ok,4334aa709a23a845,42,93cd72ebf4228e925d41612a2e6c60b06eb8138327de1a8241d354eb90b74e52
O=C(Nc1ccccc1)C1CCN(Cc2ccccc2)CC1,42,-7.682,22.0,4.0,3.382552146911621,ok,0033a15a583fa40a,42,c2e73821d3a095d0eec5a1bd01b9feeb67717254a7b30aa2c2b7e2459e0c6f11
O=C(Nc1ccccc1)C1CCN(c2ccccc2)CC1,42,-7.533,21.0,3.0,2.6132900714874268,ok,60d804ff6d6c504c,42,22db4e938e0ca083bf1f2c32dbe2f12a48b01261ee4ac6e9057c51caf117e4c9
O=C(Nc1ccccc1)N1CCN(c2ccccc2)CC1,42,-7.155,21.0,2.0,2.259005069732666,ok,aea76d594e8971da,42,a08430edb3410214496a6f42cfe134fe7e59c54416eb86bd3c46952c549afaf0
O=C(Nc1ccccc1)NC1CCN(c2ccccn2)CC1,42,-7.303,22.0,3.0,3.422910213470459,ok,0195f83bd2dd9ad4,42,8168e6c41e124264b7cbfd35e9a2f5a56db2b01d1a2b1460f42a251edd922d44
O=C(Nc1ccccc1)Nc1ccc(N2CCOCC2)nc1,42,-7.603,22.0,3.0,3.2735979557037354,ok,7957fdff2d0de8c3,42,db23c713d6bdba461bb5889c318499704eb38caf5c863ac3f9394e5cb79ff042
O=C(Nc1ccccc1)c1ccc(C(=O)N2CCCC2)cc1,42,-7.766,22.0,3.0,2.4607107639312744,ok,5f4a2e37e8a00489,42,35de88ab2218ddc44705d7fc3619bc890a719c00e729eeba6bf6b23eb3386410
O=C(Nc1ccccc1)c1ccc(N2CCCCC2)cc1O,42,-8.098,22.0,4.0,3.417557954788208,ok,d0d3191adbf89d42,42,23b5a5ef05bf115319474f477a560a529a70e6ab4d00c974e48734644589ab75
O=C(Nc1ccccc1)c1ccc(NC(=O)N2CCOCC2)cc1,42,-8.008,24.0,3.0,4.213330984115601,ok,8540d6b32242eeef,42,55a5c62d2b5ef195d985057d9973d282f3cba28d2156659eb785890dc83fddb5
O=C(Nc1ccccc1)c1cccc(CCN2CCOCC2)c1,42,-8.242,23.0,5.0,5.017467737197876,ok,86076ec66bed7266,42,b0d6ccc299a47490e7c0b2c23c9eda293626f70040fcc041d51b477ac3cbd7a4
O=C(Nc1ccccc1)c1cccc(CN2CCCCC2)n1,42,-7.862,22.0,4.0,3.9129581451416016,ok,fdbaae7107a81b3e,42,d7a0ddf75038f85436547bf0e14a9192daedf1b9ad5da51bc984d43658f57d46
O=C(Nc1ccccc1)c1cccc(N2CCCC2)c1,42,-8.033,20.0,3.0,3.1410467624664307,ok,38dfc9228d1fd68a,42,b18c620f825b265c5f64ccfb044d86b0b48919215fbfe7ea0fff7ddddcedbbe6
O=C(Nc1ccccc1N1CCOCC1)c1cccc(CCO)c1,42,-8.303,24.0,6.0,7.243161916732788,ok,b468043ebb9ad399,42,f163bc69df9627ba3f53e3ca60d74c259f2d1dae0b23760b002a5d179c6fb372
O=C(Nc1ccccn1)c1ccc(N2CCCNCC2)cc1,42,-5.856,22.0,3.0,8.681751728057861,ok,33b6dd73df2bb4dc,42,802af16a558cb28b3d9535928e4ec495e17b17e5ae58700087a90d504c34db4a
O=C(Nc1ccccn1)c1ccc(N2CCCNCCC2)cc1,42,-5.594,23.0,3.0,11.911543130874634,ok,21ece44f04148726,42,8697e70851f7270fd4301fe9748c289bbe4f3504572898ecf91adc37cd6cacdd
O=C(Nc1ncc(-c2ccnc(/C=C/c3ccccc3)n2)s1)C(O)CO,42,-7.813,26.0,8.0,7.494905233383179,ok,700204040b0d4f11,42,95970f052659d57dd949cd69ac6e020bde06bac07e660a4fad65cca156741ff2
O=C(Nc1ncc(SCc2cnn(CC(F)(F)F)c2)s1)NN1CCOCC1,42,-7.325,27.0,6.0,10.132242918014526,ok,bde6e7440018040f,42,d3e3a5ca27c159bb0bb01640871bdcd837f87306a6fc95cb8df75c045d129e2c
O=C(Nc1ncc2c(n1)CN(C(=O)C1CC1)CC2)C1CCCCC1,42,-7.881,24.0,3.0,4.216047763824463,ok,f7365d492c10bdd4,42,1c21a9e8bf93af5c27ebf31b2137c147784b8137abf78658807e1b15e788cdd1
O=C(Nc1ncc2c(n1)CN(C(=O)C1CCC1)CC2)c1ccccc1,42,-7.623,25.0,3.0,4.520367860794067,ok,27ceda66fb1a474e,42,77e67518ba3e77ea4f5bffa49d69d54a31c29bf765a29ae8f28ea4333185d631
O=C(Nc1ncc2c(n1)CN(C(=O)c1ccc(Cl)cc1)CC2)C1CCC1,42,-8.191,26.0,3.0,4.362455129623413,ok,d880cf10d9a84afb,42,c456d5dfb59ff08dd3d37b1fe15b6f493662d7d82b333b2f2cc8a6ba54dd01fb
O=C(Nc1ncc2c(n1)CN(C(=O)c1ccccc1)CC2)C1CCC1,42,-7.388,25.0,3.0,4.401503086090088,ok,5bd96c69dcca6b99,42,b45935a74dc6d7c96cb172cd8502049e0b3c688a9a667629e48952a0431da471
O=C(Nc1nccc(-c2ccc([C@@H]3CCC[C@@H](O)C3)s2)n1)C(F)(F)F,42,-7.815,25.0,4.0,5.3224828243255615,ok,b3f75398620b07a7,42,3f3793237d18415aa10fcf005e9b21b952abc83be0c26d391998d37214782372
O=C(O)N1CCN(C(=O)c2ccc(CCc3ccccc3)cc2)CC1,42,-8.32,25.0,4.0,4.8246519565582275,ok,5b16eae144f70217,42,5bf679b777a128f7394219b38b2d91d9aeae6e7f2dab09199502440cb1a44682
O=C(O)NC(=O)c1cccc(-c2ccc(N3CC=NCC3)cc2)c1,42,-8.653,24.0,3.0,3.663494825363159,ok,8a59b4e98ec8f9f7,42,94c522677d52a8a2f81bc9f65608853c9d5128fc8f93cb873071c45bd45346af
O=C(O)Nc1ccc(N2CCC(c3nc(NCO)ncc3F)CC2)cn1,42,-7.679,26.0,6.0,5.65320086479187,ok,88162939a14d2794,42,13a96eebe24bac0c5ae570ec8b574eb793db626287e085a492f2eb29c142cf06
O=C(O)c1cc(C(F)(F)F)ccc1NCCc1c[nH]c2ccccc12,42,-8.9,25.0,5.0,6.777519941329956,ok,fc41b7d3171136f6,42,66d6dbc7d5bce0385784ba0472c7e3e86f7cfaa2d336ca6810e488a5508aabde
O=C(O)c1cc(O)c(O)c2c1c([N+](=O)[O-])cc1c(O)cccc12,42,-7.732,23.0,5.0,4.746580123901367,ok,d2d74cfcc89f080a,42,4cee5fe73519cb2e13c1abd349e90bf10ab48ef8ea5c1c5177b2767818752f12
O=C(O)c1cc(O)c(O)c2c1c([N+](=O)[O-])cc1ccccc12,42,-7.329,22.0,4.0,2.799575090408325,ok,f76dee9ec1edac66,42,fb54668d851a3e65362fc770decebb605585027ca1ed2efb73f6d01c03942ff6
O=C(O)c1ccc(-c2ccc(N3CCCCNCC3)cc2)cc1,42,-5.868,23.0,3.0,11.604268074035645,ok,533039afe31de1bb,42,cf2664167789caebd6ef5ad650196842151ec1a21209bb873bc81d7b039db4e4
O=C(O)c1ccc(-c2ccc(N3CCCNCC3)cc2)cc1,42,-6.085,22.0,3.0,10.304479122161865,ok,abadc2dc64e1f34c,42,dd433a22da010732beae5448e79de1ab94bd882c38fc67b2ddbeb94df020b5e3
O=C(O)c1ccc(-c2nccc(C(=O)N3CCCC3)n2)cc1,42,-7.643,22.0,3.0,3.3169047832489014,ok,3d2050be4b82bee6,42,f9a8c5fe3c9b434e14d4876a3fdeed74ef774dc7746c90556b23dc7db0684a22
O=C(O)c1ccc(C(=O)Nc2cc(C3CC3)[nH]n2)cc1,42,-7.607,20.0,4.0,3.5157628059387207,ok,c9b4e5d2b8f8c34a,42,ee47abd9a51cc0c6dde94ef7047073f80cc71649aa455bf1c4c40ad47cdca223
O=C(O)c1ccc(CN2CCCN(C(=O)c3ccccc3)CC2)cc1,42,-5.952,25.0,4.0,14.966978073120117,ok,6d92eac4ab6a75a0,42,18e5c85959b5b55fa9aa23706e277cafbc6597d9f28dc1f8f47bca9810d1240e
O=C(O)c1ccc(N2CCC(Cc3ccccc3)CC2)cc1,42,-7.664,22.0,4.0,3.5783441066741943,ok,63aab2f956bb191a,42,0a8906d85215ccba82484bd1a55881687702bf87ac70608b39817fa6dacca747
O=C(O)c1ccc(N2CCN(C(=O)Cc3ccccc3)CC2)cc1,42,-8.626,24.0,4.0,4.058675765991211,ok,c6b6a690a974ac3f,42,c9197458f89f8c4ec0d3b21df0e77b7b9ea2b289187c47166365abf75e6b979d
O=C(O)c1ccc(NC(=O)c2c(F)cccc2F)cc1,42,-7.972,20.0,3.0,3.0065348148345947,ok,be44afd7a50c1c39,42,e14c0a1228437070ab44660e9bb719f5d50161655102fe1b3bcb6009ae7962c9
O=C(O)c1ccc2[nH]c(O)c(C=c3[nH]cc4c3=CCOC4=O)c2c1,42,-8.414,24.0,3.0,4.030467987060547,ok,a6d99e8c43615d2d,42,d5aa1f2e185932ad71c8ca45eca63ccc07cd136bf8771262e3d8c3002730d84c
O=C(O)c1ccccc1NNc1ncc2c(n1)CN(C(=O)C1CCC1)CC2,42,-8.259,27.0,5.0,8.45742917060852,ok,5787d01ebd0b7469,42,0e283c5290e6d17e7e8ebf3ed5d32a027723e1a72bcd0adce546433c47fa2f36
O=C(OCCO)c1nnc(N2CCN(C(=O)Nc3ccccc3)CC2)c2ccccc12,42,-8.382,31.0,6.0,12.098343849182129,ok,9dd9f24e3a111355,42,f4abdf5928f30a6dd88d26accfd965bfec0937eba6e918fb0dc1d3f33091a328
O=C(OCc1ccccc1)N1CCN(Nc2ccccc2)CC1,42,-7.688,23.0,4.0,4.761467218399048,ok,45552553e3a96628,42,982b65782ac9b81a4fee3984ee325214f3097455908afda268ce079aa42df06f
O=C(c1c(F)cccc1F)N1CCN(Cc2ccc(O)cc2)CC1,42,-7.776,24.0,4.0,5.387524843215942,ok,be10495852f8db9f,42,98f13b73be997a7d1b20623e08b370fb1dd632e261440b3956195880b6b3aee5
O=C(c1cc(Cc2ccccc2)ccc1O)N1CCCCC1,42,-8.964,22.0,4.0,4.1687047481536865,ok,4484c0839377c0b3,42,27e0d22d19aae619b56fab889cfb468a4dd4fd1e80fc39ea8753f4c66b643ec3
O=C(c1cc(Cc2ccccc2)ccc1O)N1CCOCC1,42,-8.369,22.0,4.0,3.9644088745117188,ok,00a44b49bbb978a5,42,c3960c625e502033115756e26ab48971435de643f558065f083f7aab0f2d5325
O=C(c1ccc(-c2ccc(N3CCNCC3)cc2)cc1)N1CCCC1,42,-7.827,25.0,3.0,3.3514952659606934,ok,5e53f5cdf72c599b,42,d56a81c47feff86ab06c485033dd785e01cf0f508863b12188d38b7964ce5559
O=C(c1ccc(-c2ccccc2)cc1)N1CCNCC1,42,-7.953,20.0,2.0,2.261204957962036,ok,f5182fdbdc332777,42,0359f6e992fd77da21077968dc2b1f4cc7e905ea01f465edd06bc067b6b07b01
O=C(c1ccc(Cl)cc1)N1CCc2cnc(NC3CCOCC3)nc2C1,42,-7.841,26.0,3.0,4.9400458335876465,ok,cef8124759465798,42,b5c0cbde03fea433669d7a8a0c033cd8235c98c09fdcc5e88cef3c678c161900
O=C(c1ccc(F)cc1)N1CCC(Nc2ccccc2)CC1,42,-8.626,22.0,3.0,3.186908006668091,ok,73fb2297f7fcf126,42,c76b61cb96b57fd9058c7b0e07842419c539da9681579cfda610eca279698eb4
O=C(c1ccc(N2CCN(C(=O)c3ccccc3)CC2)cc1)N1CCCC1,42,-8.029,27.0,3.0,3.0018038749694824,ok,a649fc83a2d1cca1,42,5ad18c397cbbf9b9829e4a69235ae440d7b5e9f6b0ec59fc8e530e99b794f769
O=C(c1ccc(Nc2ccc(Cl)cc2)cc1)N1CCOCC1,42,-8.644,22.0,3.0,2.766350030899048,ok,1006e17b9c6db789,42,f282c5e0bfb6201321bac1ebf0c1631c5b429a089edd751c57ddcb2f1a16a8a6
O=C(c1ccc(O)cc1)N1CCN(Cc2ccccc2)CC1,42,-7.276,22.0,4.0,3.730919122695923,ok,8414b693298d1a23,42,e42f0647800e88806a5c0953fef625bed4992097b9110c428752b71cb9f45249
O=C(c1cccc(-c2ccc(CO)cc2)c1)N1CCOCC1,42,-8.723,22.0,4.0,4.531306982040405,ok,3a6b5108cffe448f,42,45bcbb69c88b9f1131bc3404b359ba8b439779437787d5122e7b7f3bec15c604
O=C(c1cccc(CCN2CCCCC2)c1)N1CCCNCC1,42,-6.46,23.0,4.0,12.956533908843994,ok,9ed184aa7557d249,42,84df9b5565b2bfcdc37103c3159aaf4ecfedccf61484e6c80b8ca7c72534f3d1
O=C(c1cccc(N2CCCNCC2)c1)N1CCCC1,42,-5.675,20.0,2.0,7.720638275146484,ok,b98b0a22ec0c7455,42,5809cbf2a347f532ba1bb82390be662d0cabbc43cdc1d2227b08fa2e24dc4b81
O=C(c1cccc(Nc2ccccc2)c1)N1CCOCC1,42,-8.428,21.0,3.0,2.7321102619171143,ok,365cef171c209c97,42,2dbf67a4c41ea555b65761488a68f549cc3ce476dcb3f16757ae84e5d5116da4
O=C(c1ccccc1)N1CCC(Nc2ccccc2)CC1,42,-7.561,21.0,3.0,2.862907886505127,ok,ad22d30364cbec6e,42,68a02a4f663a7e0e8506907286db9bf29894c8eee60a7f60f987e86c0de6ca06
O=C(c1ccccc1)N1CCCN(c2ccccc2)CC1,42,-5.725,21.0,2.0,9.097065925598145,ok,20c42e521e166c5c,42,33222eef3ad5175d24866032eabd4d54113815f340d1c7ba5b53761421ea1afa
O=C(c1ccccc1)N1CCN(C(=O)c2ccccc2)CC1,42,-6.289,22.0,2.0,2.799211025238037,ok,aeeee9964ebdc066,42,e2fe76a8e4fdb5860ed22607b9be029ec863676e59a471aaed0b054ef9aa8113
O=C(c1ccccc1)N1CCN(NCc2ccccc2)CC1,42,-7.225,22.0,4.0,4.606709003448486,ok,48ab9874b917a6d0,42,bc8fd45274b7f043834d9d68e427e83f2613ee10e69545dc78ceaefae590bc4f
O=C(c1ccccc1)N1CCN(Nc2ccc(Cl)cc2)CC1,42,-7.104,22.0,3.0,3.477898120880127,ok,4fcaea5890b66aaa,42,ac6806c2000db4f6050f70ac52a21b37afc6cab8fb27c235bfc5b9ee01bba911
O=C(c1ccccc1)N1CCN(Nc2ccccc2)CC1,42,-6.779,21.0,3.0,3.7455899715423584,ok,2ef53b7aa896c5a4,42,34f68692c0a96a3161ea9af58605e3e7cafc462d2e1d93e23ed68357a736c589
O=C(c1ccccc1)N1CCN(c2ccccc2)CC1,42,-7.374,20.0,2.0,2.1576969623565674,ok,41be90feaffb81e3,42,e5d408539a9329200e7b211b012d54f3e2eeba0573c06e197b9ec50030eac7b4
O=C(c1ccccc1)c1ccc(C(=O)N2CCCC2)cc1,42,-7.812,21.0,3.0,3.4177358150482178,ok,2dade5d4cff15105,42,06c728ebfcbb25035f979433787e69beb61da55cdbbf95b526eff6b428673f5b
O=C(c1ccccc1)c1cccc(C(=O)N2CCCCC2)c1,42,-9.198,22.0,3.0,3.4928500652313232,ok,0092f6925cc2581d,42,c8e02b556499a5c1667aa66ce4fc1f96b85c04a2357f86794bc5ea57f5fbb32f
O=C(c1ccccc1)c1cccc(N2CCCNCC2)c1,42,-6.428,21.0,3.0,9.77367877960205,ok,46954e1a185814e6,42,5f754623aed41e58af855283d5fb817179171332fff93e8af5a7c9ac5da5f50b
O=C(c1ccccc1F)N1CCN(Nc2ccccc2)CC1,42,-7.934,22.0,3.0,3.961773157119751,ok,0a02c3b8c26e50ab,42,3f179829cd22fb47ac01d21f8bd6f2e4a9def495132238c86d3aad6ace6a8327
O=C(c1nc2c(OCC3CCNCC3)c(Br)cnc2[nH]1)c1cccs1,42,-8.503,25.0,5.0,6.107295274734497,ok,326b87b506495ad7,42,74de8b3f4a0b7a518e469a894cb89ad62e484929c83246808f89546ce6b167ce
O=C1Cc2c(-c3ccc[nH]3)cc(NCCO)c3c(F)ccc(c23)N1,42,-7.986,24.0,5.0,4.196804761886597,ok,09f96c6909ddaa14,42,073f0e07922b86710272fc712a0a9661e13f7c701067c09b8a350fa591d9898f
O=C1NC(=O)C(c2cnc3ccccn23)=C1c1cn2c3c(cc(F)cc13)CN(C(=O)N1CCCCC1)CC2,42,-6.23,38.0,2.0,31.904637813568115,ok,49a2e7ba3f894656,42,bbc448f7a18288254fc1c762f32cc8ba5bd690f69e83040139063180c07275fa
O=C1NCC2(CCCC2)n2c1cc1cnc(Nc3ccc(N4CC=C(C(F)(F)F)CC4)cn3)nc12,42,-10.172,35.0,3.0,7.897602081298828,ok,61d2edf716ec55b7,42,f387623cd041224dfd3f71902fc8b6f5aa3d6ebb66b5d0a62246985f3f738544
O=C1NCC2(CCCCC2)n2c1cc1cnc(NNc3ccccc3)nc12,42,-8.05,27.0,3.0,4.573128938674927,ok,0ad89b1901750854,42,7a3cd1864f09246819c4f8c1857d6b0ad6998020db1e01b6dee7e9214870d2b8
O=C1NCC2(CCCCC2)n2c1cc1cnc(Nc3ccc(C(=O)N4CCNCC4)cn3)nc12,42,-8.358,34.0,3.0,6.984893083572388,ok,a6d97d516433cc90,42,ad25dd73674de600e0f28893e558e205fcf4be17838169bd172c6db7fcc1e577
O=C1NCC2(CCCCCS2)n2c1cc1cnc(C3CCCCC3)nc12,42,-4.549,26.0,1.0,9.398374080657959,ok,5cd2a8bc802df317,42,1366ed9f59f714707b8831b9515b03099a6b78e9a907c4936f4788cd91a97610
O=C1NCCc2[nH]c(-c3ccncc3)cc21,42,-7.39,16.0,1.0,1.2289509773254395,ok,719c6c28199c9474,42,d137adcd9567aedae5548c100eba4565e0c95d386f9775bb4b6568082c31ad8d
O=C1Nc2cc3c(O)cccc3c3c4c(cc1c23)OCO4,42,-8.719,21.0,1.0,1.4477691650390625,ok,fbe3302b54a0fcbf,42,6194fcb6c15e8f3397d05d3f2155db2cfab366c5d442bb3d4ceaec7b508a17db
O=C1Nc2cc3ccc(O)cc3c3c4c(cc1c23)OCO4,42,-9.449,21.0,1.0,1.8547248840332031,ok,c032cf0c055730cb,42,f2f1e31ee7e00b46acd3384c0418fcf49e49f6b0c8128e130434e69562edfde3
O=C1Nc2ccc(F)c3c(S[C@H]4CCNC4)cc(-c4ccc[nH]4)c1c23,42,-7.887,25.0,3.0,3.995255947113037,ok,fad86f59f11f3460,42,9bb842067aac19aa133b113045b5d704acf7589587b38f29872a9d9d5e91414f
O=Nc1c(-c2c(O)[nH]c3ccc([N+](=O)[O-])cc23)[nH]c2ccc(O)cc12,42,-8.857,25.0,5.0,4.403860092163086,ok,e199481e4114d17a,42,ffe01e44dc5878d9a6ec7a7d65655319c683347973a6f4d714f830dc81832aa9
O=S(=O)(NCCO)c1ccc(N=Cc2c(O)[nH]c3ccc4ncsc4c23)cc1,42,-7.897,28.0,8.0,9.246497631072998,ok,3e4d8dd279749102,42,e851d33e79c0ffb43efe51d1ca40449648bd953295fe4f30e3788448f9135348
O=S(=O)(NCCOCCO)c1ccc(N=Cc2c(O)[nH]c3ccc4ncsc4c23)cc1,42,-7.746,31.0,11.0,12.00378704071045,ok,21630d528406ac86,42,b56bb72fd78f8da82d6d33c159e2469ef51fbe7a50750a08acd92c4c0e6da9a6
O=S(=O)(Nc1ccccc1)c1ccc(N=Cc2c(O)[nH]c3ccc4ncsc4c23)cc1,42,-8.188,31.0,6.0,10.781476259231567,ok,54276e5b0a09b633,42,5a1e42dc5bcfb998e9d5457410553d10ef6f191b577d1a675537dbaf92ec8436
O=S(=O)(c1cc(-c2ccc(O)c(O)c2)ccc1Cl)C1CCNCC1,42,-9.352,24.0,5.0,4.566006183624268,ok,e52f5424b5ea7927,42,1783b876abfbc8cd1258dfa064321ce3e7748adc3a6637e4d43e37c9556dffa9
O=S(=O)(c1ccc(NCc2ccccc2)cc1)C1CC1,42,-7.658,20.0,5.0,4.565293073654175,ok,e9cb069d5f6a0b5e,42,8ef235c4b95a2e4eed911a529af01fa4b2bd8f910a33086f53c890ec63f0035b
O=S(=O)(c1ccc(Nc2ncc(C(F)(F)OF)c(OCN3CCCC3)n2)cc1)C1CCCC1,42,-8.678,33.0,9.0,11.620875835418701,ok,da483f33c30710be,42,4f1ef3b88cea6e05a26599b8f394517c589baae49288aa25874d0fd7f04496a5
O=S1(=O)Cc2ccc(N=Cc3c(O)[nH]c4ccc(-c5cnco5)cc34)cc2C1,42,-9.077,28.0,4.0,5.758713960647583,ok,c258d847c06ff274,42,5136b33d0bdcc813da7e8bec96b4b95155b25a667d6b34cb707c6cee5d708d36
O=[N+]([O-])c1ccc(Nc2nccc(-c3cnn4ncccc34)n2)cc1,42,-9.004,25.0,4.0,5.3410139083862305,ok,7a05e678031b6f40,42,9472aeaae25272fbc87ae3398154a8c6b60a4837a380b5fff3025f1885f69a62
O=[N+]([O-])c1cccc(Nc2nccc(-c3cnn4ncccc34)n2)c1,42,-9.209,25.0,4.0,5.5261218547821045,ok,fa04873745526556,42,7fa8acacde4cff36f3cee09e20d6c18b9400bcb6a0e450ec85659a19e49760f0
O=c1[nH]c(O)c(C=NCCc2ccc(O)cc2)c2c(Br)cccc12,42,-8.62,24.0,6.0,6.749517917633057,ok,4cecd9fc8aa93ebc,42,0f3698e5277fe20cd65e383da044f21b8f90adc23d1d636a968e111f941133e9
O=c1[nH]c(O)c(C=NC[C@H]2CCCNC2)c2cc(-c3ccsc3)ccc12,42,-8.521,26.0,5.0,6.2759411334991455,ok,e9f1782d7714ed52,42,9a00c0868b09c02c13ab0291ae85b01796d470d2907dae3f8a2f4add67fc5531
O=c1[nH]c(O)c(C=NCc2ccc(-c3ccoc3)c(O)c2)c2cc(I)ccc12,42,-8.576,28.0,6.0,6.02647590637207,ok,d3cf58742e9c2ef0,42,76c2f44efcd45953b79a4c78589db43f61b80c4ba1e7169417ceefec5cf5d90b
O=c1[nH]c(O)c(C=NCc2ccn(-c3ccoc3)c(=O)c2)c2cc(I)ccc12,42,-8.185,28.0,5.0,11.815077781677246,ok,ad644ea17998e803,42,54ecc21d75e3035419ce38d977dff091c5965c804ed7f2365e8e2dc4c80f81b6
O=c1[nH]c(O)c(C=Nc2ccc(CN3CCCCC3)cc2)c2ccccc12,42,-8.97,27.0,5.0,4.8042168617248535,ok,ff45cbe858b1d9d3,42,d28d1f9874cf5c468c66d263eceaf12d44ed4ce9c4c97745d300573c860f2e4d
O=c1[nH]c(O)c(C=Nc2ccc(CN3CCOCC3)cc2)c2ccccc12,42,-8.802,27.0,5.0,4.554491758346558,ok,5bd7ca85ab045eaa,42,a0bebac6b6687265c9c197a172bb33484305b1872497e3bc89a8a89ec1e6b9fd
O=c1[nH]cc(-c2ccc(CN3CCOCC3)cc2)c2sc(-c3cnn(O)c3)cc12,42,-9.231,29.0,5.0,6.490015983581543,ok,83e7a8f5d9b7a322,42,738355fe0d4650008b05064eec58c44ac401bbd35bb31ff9c7c44563331beb4c
O=c1[nH]cc(-c2ccc(N3CCNCC3)cn2)c2sc(-c3ccncc3)cc12,42,-9.086,28.0,3.0,5.79478907585144,ok,5911ccf6ea5173b5,42,9a481f3d23f66323632563345cb75ba4cdf6d641f66daf3bc7a6183f5a62a4db
O=c1[nH]cc(-c2cccc3cccnc23)c2sc(-c3ccncc3)cc12,42,-9.502,26.0,2.0,4.116068124771118,ok,a81f377ab1a73c01,42,bfbd1243f4b6a4ab374f0b1ce3abcde8c34ca016bd1616a1eaef8721e7489426
O=c1c(O)c(-c2ccc(O)c(O)c2)oc2cc(O)cc(O)c12,42,-8.089,22.0,6.0,4.258356809616089,ok,e29ed0cb86dea951,42,064d8c149172e7321af505c2d108aaadb45e68393cc51809a95c401b3c4a61f6
O=c1cc(-c2ccc(O)c(O)c2)oc2cc(O)cc(O)c12,42,-8.412,21.0,5.0,4.724761247634888,ok,413fb82f123d86e1,42,ce2b89dc250c57989833a9bb597abd8b2a8e4faec32d19ab8b248bfa485226e2
O=c1cc(-c2ccc(O)cc2Cl)oc2c(CC3CCCCC3)c(O)cc(O)c12,42,-7.675,28.0,6.0,6.640352010726929,ok,93dc88b188a09ac2,42,dea640a4cfd1fb0c21211504612e6f499a9a35919099aef63fdeb47f88962782
O=c1cc(CN=Cc2c(=O)[nH]c(O)c3ccc(Br)cc23)cc[nH]1,42,-8.738,23.0,4.0,4.409051895141602,ok,af33df22215752d6,42,d8c506b3aab5ae6f5f3acb0fda256aaea0217e41c2bbe5505509f5e6a709af45
O=c1cc(Sc2ccccc2Cl)oc2c(C3CCNCC3)c(O)cc(O)c12,42,-6.252,27.0,5.0,6.426861047744751,ok,faa2acd122efe0b8,42,b50afdbde3e39fd346e1857574cf53dd535490189e319e0639a06226a8d94498
OC[C@H]1CC[C@H](n2cnc3c(NCc4ccccc4)ncnc32)CC1,42,-7.978,25.0,6.0,5.979475259780884,ok,0e272b8f724fda2f,42,858de91b5008994df2425df25ec83baf569db1bf5fdb38d9e060ef95c6fa2be0
OCc1nc(-c2ccc(N3CCCNCC3)cc2)ncc1F,42,-5.259,22.0,4.0,10.350526809692383,ok,789d915bcab20282,42,98c49110bb67900babc176849cedb1d57efd570f9712819f037f4cbb8f91a82c
ON=C(O)CCCn1cc(CNC2CC2)c(-c2ccccc2)n1,42,-7.652,23.0,9.0,7.458531856536865,ok,cefd0bfce7b779db,42,6e0379704ece014abec04e7c8fb254cfe9560ca779482caad04bdf7eca2ce7c5
ON=C(O)CCCn1cc(CNC2CCCCC2)c(-c2ccccc2)n1,42,-8.407,26.0,9.0,11.202160120010376,ok,a0dc0dfb05491f19,42,c13f84da1b6659542fb8b4080cefd061c599a125aa70816c65ff9add4977bfdf
Oc1cc(F)ccc1-c1nc(CNc2ccc(CN3CCOCC3)cc2)ncc1F,42,-8.756,30.0,7.0,8.583621740341187,ok,52d88dcf3ba5c6f5,42,87b1b7c92e465d67355d82179493498cdc23e751b6e122f83f8c5e450b8ec963
Oc1ccc(-c2nc(Nc3cccc(Cl)c3)nc3[nH]cnc23)cc1,42,-8.933,24.0,4.0,4.311034202575684,ok,0bb72d8ec8abc40a,42,f25655708f9c53922bacfaa784d99e4ba816d3da293df9798510c3a9299c86e8
Oc1ccc(-c2nccc(Nc3cnc4ccccc4c3)n2)cc1O,42,-9.375,25.0,5.0,5.200253963470459,ok,bc5701c1e994917e,42,c2f69b23dd9cb83b92ba3778b9d3c52acd15bb19ac5d38e1b9afe21db24b97de
Oc1ccc(C2CCN(Cc3ccccc3)CC2)cc1,42,-7.378,20.0,4.0,2.713958740234375,ok,f7acb9a7c7789d8e,42,9a552029540b2795b5e138e1c3af33d1b7fabc5eaff7d6d06e7ef921ed4b3b19
Oc1ccc(CCN2CCC(c3ccccc3)CC2)cc1,42,-7.621,21.0,5.0,3.8525381088256836,ok,d796818a6bb704a3,42,e9f84a89d099a3b09c0032d63ab5ad4756af511c6351bd4e5afe1cbde328dad7
Oc1ccc(CN2CCC(c3ccccc3)CC2)cc1,42,-7.715,20.0,4.0,3.352121114730835,ok,7f8d13d4ac45ce91,42,faf15300dc035df715e6875022384c8b55fe5e9724560f5574eef3a3a5cabe7f
Oc1ccc(CN2CCN(c3ccccc3)CC2)cc1,42,-6.955,20.0,4.0,3.6034669876098633,ok,4a90e14adf4c93bb,42,63c51503c482440ba6e90543d265e837c5dc2b179b9ecc90b462e6b0cd4da821
Oc1ccc(Cc2ccc(N3CCOCC3)cc2)cc1,42,-7.352,20.0,4.0,3.326788902282715,ok,919e7b3d351df0a1,42,39b575fb8d019bbab360925e5e43aa9b9650498ac7c6ffda3b419ab6962f2332
Oc1ccc(N2CCC(O)CC2)cc1-c1ccc(N2CCC(O)CC2)cc1,42,-8.625,27.0,6.0,5.944911956787109,ok,ec88f6f035546294,42,c1ffd3994825b34610ee995275ea45c2cc093d4134f4b80dcd3f04e75dfce294
Oc1ccc(N2CCC(O)CC2)cc1-c1nc(OCC2CCCCC2)c2[nH]cnc2n1,42,-8.211,31.0,7.0,11.45927619934082,ok,3ac8ce108bde7e0b,42,53a7a524e01a105123c2f11a7bcd01e7a81e3a27967b3ae1c8853dfd235279d2
Oc1ccc(N2CCN(CCc3ccccc3)CC2)cc1,42,-7.001,21.0,5.0,3.941326141357422,ok,ea0085be545895d3,42,b04bc24e4834a7017b6d10d5e47950a0e1e57184981f8d73f6c6b3d5ffd357a8
Oc1ccccc1-c1ccc(N2CCCNCC2)cc1,42,-5.026,20.0,3.0,9.233582019805908,ok,dc784fecc621f53d,42,a1b4dcc1f3990c1db8a38e14e22fc0a3cf4dae5b54dc4f3239918bc72b64f371
Oc1cccnc1Cc1ccc(N2CCCNCC2)cc1,42,-6.28,21.0,4.0,9.166890859603882,ok,f6bff72405e419d6,42,fc99fa63eb34325e8abad1c7f4e06728b66433962a50b2857e15b84c6668fb60
[O-][n+]1cccc(CNc2cc(N3CCCCC3CCO)nc3c(Cc4ccc[n+]([O-])c4)cnn23)c1,42,-8.966,35.0,8.0,16.470428943634033,ok,f3d1ecf0bb41f87d,42,0a4be4b539b131ed166913743dca8fc33f5c5b4b6f672b0496bf47e1e3594c04
c1cc(C2CC2)ccc1-c1ccc(N2CCCNCC2)cc1,42,-6.049,22.0,3.0,9.02040696144104,ok,92366b39041e6582,42,a83c585656c686f01cf8d38ce640d24ff35eb5d88d6d142c3a0eae5e8a0b6e3e
c1cc(CNc2ccc(N3CCCNCC3)cc2)ccn1,42,-5.777,21.0,4.0,9.410624027252197,ok,c9161c47e69cf19b,42,d72a7278211e0550d3d91798d30483f1ce2acdb99a2878938a99ebf9e1254dd9
c1cc(N2CCNCC2)nc(Nc2ccc3c(c2)C(C2CCCCC2)OC3)n1,42,-9.621,28.0,4.0,8.005897998809814,ok,464c79cfd9366d8a,42,675479a23394c698570b5bb0a2eb589cfc843e82668b64ee22bed8a491edd3ca
c1cc(NNc2ccc3c(n2)CCN(C[C@@H]2CNCCO2)C3)ncc1N1CCN(CC2CC2)CC1,42,-8.148,35.0,8.0,14.504060983657837,ok,23e63c874e88e0b7,42,03f435eb6b9b59b1237ee9731fc047741a7d69261877809d609b89b33ad75b12
c1cc(Nc2cccc(CN3CCCC3)n2)cc(N2CCCNCC2)c1,42,-6.687,26.0,5.0,18.194459915161133,ok,1259891addc83df6,42,d2c9f05baba376e77c809ecb44f096852f80696d0c550c0518f4a9a760395b07
c1cc2c(nc1N1CCC(NN3CCCCC3)CC1)CCNC2,42,-7.072,23.0,3.0,3.3842740058898926,ok,5a62ccdc04e979bf,42,910329e4f617148d7b947ec2c1872fc493104b0ef98d47d15ea8226ae86faab7
c1ccc(-c2ccc(CN3CCCNCC3)cc2)nc1,42,-5.492,20.0,3.0,8.454030990600586,ok,1c1af769cb28a9c2,42,af7e67ceae63d5dedbcaf810fd98d645eb3d623dd7403812a53df3b2f342f068
c1ccc(-c2cccc3nc(-c4cncnc4)nc(NCc4ccccn4)c23)cc1,42,-7.429,30.0,5.0,8.926739931106567,ok,aebceb68a996d05b,42,135f471357b9f09e1f416540b33af4ccd7b590eda075fbc716ca24cb2177b840
c1ccc(CCN2CCC(Nc3ccccc3)CC2)cc1,42,-7.427,21.0,5.0,4.1420300006866455,ok,693cbe551703288a,42,cc253ba50384fd1f63ddaea028b53d8ae5c248a8b2c4a04d628775b5437958ff
c1ccc(CN2CCN(Nc3ccccc3)CC2)cc1,42,-7.124,20.0,4.0,3.313844919204712,ok,efe9e2bea2b348d9,42,0af718c7063ec94f2994837aeb7c87745df6ebba31b8a315efd6068b58f85403
c1ccc(CNc2cccc(CN3CCOCC3)c2)cc1,42,-7.996,21.0,5.0,3.6130080223083496,ok,d878caf526d72652,42,ca0e4cab2520e82806b757e6ee415f9c3d48f628b91839e13e7b0b1c6c9c80f5
c1ccc(Cc2nnc3sc(SSc4nn5c(Cc6ccccc6)nnc5s4)nn23)cc1,42,-8.503,32.0,4.0,11.624886989593506,ok,386432b78b810031,42,546b0cc30891aac1bf2710763e74489b3d4fbf42abaa45d4d4b754b6ab9e2348
c1ccc(NCc2ccc(N3CCCNCC3)cc2)nc1,42,-5.939,21.0,4.0,10.486586093902588,ok,0634acef6d531b3e,42,0497399b4ef6bcb349b0546688741069f6e5e784d95ab3d3c85b3cb1aaa2dfaf
c1ccc(Nc2ccc(CN3CCOCC3)cc2)cc1,42,-7.435,20.0,4.0,2.848871946334839,ok,a6a8c1baf9492825,42,4cd6311abe3ec9c7eec2507bbcc82747ca35ffaaaeec312c540caeb350d01275
c1ccc(Nc2ccc(N3CCCNCC3)cc2)cc1,42,-6.012,20.0,3.0,7.837649822235107,ok,15f749fc4578e688,42,8abd04c96b2c2af812a52a32a72954efc7f0904ddb7290e96fb8a8d356b5bb9b
c1ccc(Nc2cccc(OCN3CCOCC3)c2)cc1,42,-7.974,21.0,5.0,3.8996479511260986,ok,ab84fce205ad0a10,42,a6b8867448d7aab367b27e9cc3dab6ea97ab9525c3a69f9b4ea9f14bdc094e51
c1ccc(Nc2nccc(-c3cnn4ncccc34)n2)cc1,42,-8.917,22.0,3.0,3.4037880897521973,ok,ae845975c775e85e,42,031b2485c20f295aa42855ce62f9277f82ce27bdeee127de0b62587c64c958ec
c1ccc2[nH]c(-c3cc[nH]n3)nc2c1,42,-7.004,14.0,1.0,1.07063889503479,ok,0be12c38e46c3ff3,42,53f68becc004232b06489e1f953a4f44954e2b36c6a2a8fe370173c6d048a64e
c1ccc2c(c1)Cc1c(-c3ccncc3)n[nH]c1-2,42,-8.238,18.0,1.0,1.178999900817871,ok,2987e8c3c37c06ac,42,4684ebaa75cd364990f535508fb54967f8224b7534b10cc13c9b7ab36fbea5a1
c1cnc(N2CCOCC2)c(-c2ccc(N3CCCNCC3)cc2)c1,42,-6.068,25.0,3.0,10.825402736663818,ok,3f4e40ded957f8c3,42,2da0816e986636c71415293b54a7cde1ee6d8eb2d22884e7d60611439816c925
c1ncc(-c2cc3cnc(Nc4ccc(N5CCNCC5)cn4)nc3n2C2CCCC2)o1,42,-7.888,32.0,5.0,8.737629175186157,ok,830df276fe2054eb,42,e56553f805735ab70c4421c3429a8e2fe1decc8f1d3f2f8bb95dc6aac3a7534e
C=C(C)C(=O)n1cncc1C(=O)c1ccc(Nc2ncc(F)c(-c3cnc(C)n3C(C)C)n2)cc1,43,-9.205,35.0,7.0,11.303751230239868,ok,ca64ee7998322d1a,42,e029eec2a6f837051cd5511d3fd7205267cc3a5df7dbb42a43bf4973779be554
C=C(C)N(c1ccc(-c2ccc(S(N)(=O)=O)cc2)cc1)C(C)C,43,-6.909,23.0,6.0,4.1866748332977295,ok,5b5b4c96f7f28150,42,2a067f0e8149ac20ed035bc4500794f52f1c35d0783b78fb407c20ce9025dca1
C=C(C)c1ccc(-c2ccc(S(N)(=O)=O)cc2)cc1Br,43,-7.738,20.0,4.0,2.288010835647583,ok,c2092d6c49c7dd1d,42,fbaf3858a314f9ae359beb7e740931c450727d04587c3f2c0ba9464c0d91281a
C=CC(=O)Nc1ccc(O[C@@H]2CCC[C@@H](Nc3ncc(OC)s3)CO2)cc1,43,-5.858,27.0,7.0,18.686887979507446,ok,9ac757cd86330c1f,42,b8dfbe5b94818c6718ce7eb3e25d681fd5be177bac9cfb7533e0694a76e58ecf
CC(=Nc1ccc(S(N)(=O)=O)cc1)c1ccc2[nH]c(O)c(Cc3c(O)[nH]c4ccc(-c5cnco5)cc34)c2c1,43,-9.59,39.0,9.0,24.54034686088562,ok,f3f0fd85ec18ed2b,42,d72789fe843403126dabb9bf99954b5b49e28ea25c93bf4795a1a7c22ce245c6
CC(=O)CSC(=O)c1ccc(Nc2ncc(F)c(-c3ncc(F)c(-c4cnc(C)n4C(C)C)n3)n2)cc1,43,-7.8,37.0,8.0,19.87503981590271,ok,eeab0083c7556239,42,ca81424253c63f6ff7e50b360f3dc7c6fe0206479162ada2b1c7cedab19e9710
CC(=O)NC1CN(c2ccc(Nc3ncc(F)c(-c4cnc(C)n4C(C)C)n3)cc2)C1,43,-8.712,31.0,6.0,7.964109897613525,ok,bfce55cb2f04b719,42,7cd1ae701237c82160ef22092b74a1ad53ba1582e79e81689d9b18dd1a330d3f
CC(=O)N[C@@H]1CCCC(C(=O)Nc2cc(-c3cnn4c3CC(C)(C)C4)c(Cl)cn2)C1,43,-8.494,30.0,4.0,7.795027017593384,ok,09b6b3f993cd5332,42,c2958ab9abd7cc88016dbcb1598956e4e1182ae61129c4b2ffe983c1710e1510
CC(=O)Nc1ccc(CNc2nc(N3CCC[C@@H]3CO)nc3c(C(C)C)cnn23)cc1,43,-8.713,31.0,6.0,8.766390800476074,ok,8ac0e571a2da8c67,42,eda7111e1a3c37092d72bb5ce847c4a96a8beb513cdd7b70ed6ec8cb6b4cb7be
CC(=O)c1c(C)c2cnc(Nc3cocn3)nc2n(C2CCCC2)c1=O,43,-8.918,26.0,4.0,4.190748929977417,ok,b918e1507d2db389,42,62d2977da849b7475f8e8f6c89397cfe7d6c0eb55966048ebe7e074ae50acad3
CC(C)(C)OC(=O)CCc1nn(C(C)(C)C)c2ncnc(N)c12,43,-7.179,23.0,4.0,7.084867000579834,ok,ec868941af420af5,42,b88e22fea0e9d6569f1f72343a15d245b836f567f4938570b1e83d46b97eb328
CC(C)=C[N+](=CC=CC(N)=O)CC(=O)c1ccc(Nc2ncc(F)c(-c3cnc(C)n3C(C)C)n2)cc1,43,-9.017,37.0,10.0,19.459781169891357,ok,1fef46950fb00589,42,9e2e55f6a7cc2c32b180eeda57efc4b92eed66392668ffb253eb7aa169eb3172
CC(C)C1CCN(c2ccc(Nc3ncc4cc5n(c4n3)C3(CCCCC3)CNC5=O)nc2)CC1,43,-8.075,35.0,4.0,10.04655385017395,ok,aeb1493285bef816,42,8b31a7e60046fb9cd8282ab34b988ad00fd2b35eecf99d260a6616e353215747
CC(C)CCc1ccc(-c2ccc(S(N)(=O)=O)cc2)cc1,43,-8.318,21.0,6.0,3.9023871421813965,ok,5d222edd9ed0c02f,42,692188907a9804e18f865bf5aa156dc7cdb15734f00fb08b189b0d59674a9192
CC(C)Cc1ccc(-c2cccc(S(N)(=O)=O)c2)cc1,43,-7.601,20.0,5.0,3.2346301078796387,ok,922975854ba56d73,42,63592aca34ddd68e20c9e7854211778e39c1e544ec2759e23097c4faa3cc01cc
CC(C)Cc1ccc(C(=O)Nc2ccc(S(N)(=O)=O)cc2)cc1,43,-8.1,23.0,6.0,4.39454197883606,ok,8b6c24b47fe422a6,42,f96e7fdde45877dabe41e3cb787e10e9ca136be754a311a8f84f025d36e0ae84
CC(C)Cc1ccc(Nc2ccc(S(N)(=O)=O)cc2)cc1,43,-7.97,21.0,6.0,3.501699924468994,ok,aac6af2b022c8dfd,42,3c98cede07eebe39a6e09b3fa7e4efd51e03b13fa6cc7ff2a13bcc56cacc4c80
CC(C)NC(=O)c1ccc(O)c(-c2cc(N=C3CCCC3)nc(N)n2)c1,43,-8.067,26.0,6.0,6.806308031082153,ok,162a37dbfb26dec8,42,572a952a2e30ad0e93e56d752b49e662f641764ef4db7dd1006ab76545eb1a80
CC(C)OCC(=O)c1ccc(CC(=O)Nc2[nH]nc3ccc(N4CCCS4(=O)=O)cc23)cc1,43,-8.927,33.0,8.0,14.52732801437378,ok,8cbbf362e11a2523,42,15da95784b607b5669f2a86f80cdc689943901868b97761b726c134649338054
CC(C)S(=O)(=O)c1ccc(-c2ccc(Nc3ncc(C(F)(F)F)c(O[C@H](C)[C@@H](C)O)n3)cc2)cc1,43,-8.14,35.0,9.0,15.731730937957764,ok,e2697c4e29898290,42,5ad5d6c884fe9d795bd428bae4dbc0b88aabb9abe81e5dbaf488cc0d60271d91
CC(C)S(=O)(=O)c1ccc(Nc2ccc(S(N)(=O)=O)cc2)cc1,43,-7.847,23.0,6.0,4.268860101699829,ok,a7d16f92c54f5e3a,42,0d2fe89371c53ece8f2c3e1ab5c7dfaf8b514164fc7df335c2cd67e1f73c89a8
CC(C)c1c2cc(-c3ccnc(Nc4ccc5c(N6CCN(C)CC6)ncnc5c4)n3)ccc2nn1C,43,-9.512,37.0,5.0,12.641778945922852,ok,575f564d1acb994e,42,054ba6df4ffec8cbc2be4ba4ca03b0849bbe36029db1be47b49ef9fb5700d284
CC(C)c1ccc(Nc2ccc(S(N)(=O)=O)cc2)cc1F,43,-8.092,21.0,5.0,3.855070114135742,ok,0de3568ae57fe252,42,3ccb5a20aed40efd1546445fdde7da855eb23b456ef7c6417478d71d09cf25a6
CC(C)c1cnn2c(NCc3ccc(N)cc3)nc(OC3CCN(C)CC3)nc12,43,-9.405,29.0,5.0,8.374289274215698,ok,c9988d12fa8b7d24,42,6a7573ef8e750015daa105250db66257cf10319322c8355cda2b6d14f73cf6d7
CC(C1CC1)n1cnc2c(NCc3cccc(C(F)(F)F)c3)nc(NCCC#N)nc21,43,-8.278,31.0,8.0,12.300668001174927,ok,c27c9163d7c333aa,42,ba225d8392c31b041867cd0c78ea7447fac5856ab9b67228d942ccd1a1c57491
CC(CCO)C(=O)NCCc1nn2c(COc3ccc(Cl)cc3)nnc2s1,43,-7.231,27.0,10.0,10.908898830413818,ok,1a3e21aed2fdf1bd,42,095b0a087eef8d38d848d187ed4ad2e31ffcc17c3c678c697720ab482a8e4f7b
CC(O)C(=O)N1CCN(c2ccc(Nc3nccc(CCCN)n3)cc2)CC1,43,-7.346,28.0,9.0,9.16093111038208,ok,f696c9cb8b2054d0,42,97c914ef2b2880dd8afd579fadd3d618702c8feede0c712f5b9bb1ceaa119496
CC(c1ccc(C(C)(C)C)cc1)c1ccc(S(N)(=O)=O)cc1,43,-8.527,22.0,4.0,4.008117198944092,ok,f93b9ad4399158ae,42,5e9b4f1041b334485fa11c74b588e580225a8588a6260a350cfe1dbc4923e771
CC1CN(c2ccncc2NC(=O)c2ccnn3cc(-c4ccccc4)nc23)CCO1,43,-7.315,31.0,4.0,9.104474306106567,ok,0ddaec8f7a76b28e,42,c3b23d414e10c522c8d9ede24b3f9d9d53455e95d785ad0abdf2e7b5ca668030
CCC(=O)N1CCc2cnc(Nc3ccc(C)c(Cl)c3)nc2C1,43,-8.314,23.0,3.0,3.5808210372924805,ok,70f39eee1d825b2f,42,ce45b179e973895afa2e98ab856c6db58b2acbf346453669a8238c814e2e47d5
CCCC(C)n1c(=O)c(C(C)=O)c(C)c2cnc(Nc3ccc(C(=O)O)cn3)nc21,43,-8.165,30.0,7.0,9.545164108276367,ok,c678d978ae4f994c,42,8151ab65e334b2e365fb3ddab483e355bd11ad53e6eae81894d3b9f8408f4dc0
CCCCc1c(C)c2cnc(Nc3ccc(N4CCNCC4)cn3)nc2n(C2CCCC2)c1=O,43,-8.831,34.0,7.0,12.050769805908203,ok,b64ac9d880edd025,42,82b7e1c35975ae16327033591f63ff71a89d37e43cec04a0233057878918b047
CCN(CC)C1CCN(c2ccc(Nc3ncc4cc5n(c4n3)C3(CCCCC3)CNC5=O)nc2)CC1,43,-7.846,37.0,6.0,12.000581979751587,ok,66fbc2ae18c84a73,42,fdc33e485210ac4c316e4982da262e653d7bc922040f7d2a6ee5c78e3e6f3a46
CCNC(=O)N1CCC(c2nc3ccnn3c(Nc3ccc(F)c(Cl)c3)c2C)CC1,43,-8.78,30.0,4.0,7.301387071609497,ok,29b8475eb27a7465,42,2de830a2da9d2144254417890d2bc74d35a6eff74fb85b1852a6d5c20049054e
CCNC(C)c1ccc(-c2ccc(S(N)(=O)=O)cc2)cc1,43,-7.679,21.0,6.0,4.2215611934661865,ok,095da87ecc25ee07,42,34455ddebec85353530a0969c98b6a249d40db1e9600367d3ef40e3ebe4fcffc
CCNc1ncc(F)c(-c2cnc(C)n2C(C)(C)C)n1,43,-7.076,20.0,3.0,2.9591469764709473,ok,b10ccf12e538bd60,42,f631aa0192524e675752f7dc9e811fa83874a653cf82c0a5d76065cfb04f535b
CCOC(=O)Nc1cc(-c2c3cc(F)cc2OC3)c(Cl)cn1,43,,,,1.6704671382904053,prep_failed,0bc11f936dfc6932,42,
CCOc1cc(F)ccc1-c1nc(Nc2cc(F)cc(CS(C)(=O)=NC#N)c2)ncc1F,43,-8.991,32.0,7.0,12.525758028030396,ok,9eb7e25dbd20f256,42,f4cd881c6d3261259c00f87c533e5d78b8962306c4ce6bec60ea512f37245352
CCS(=N)(=O)c1ccc(Nc2ncc(Br)c(N[C@H](COC)[C@H](C)O)n2)cc1,43,-7.203,27.0,10.0,9.814941167831421,ok,c1bfe1cbeb869b34,42,59f2e2580c68a381f1620e4cfa13643b31e0ac2c752ae2efccba10efb4e465e6
CN(C)CCCS(=O)(=O)c1ccc(Nc2nccc(Nc3ccc(F)cc3)n2)cc1,43,-8.108,30.0,9.0,11.578461170196533,ok,fdc4007886ab7437,42,729750c922f1ce6e2b0515c6b78cba1dd49fe22c0311a2a8990bdcbd6955a004
CN1C/C=C/COCc2cncc(c2)-c2ccnc(n2)Nc2cccc(c2)C1,43,-6.719,28.0,0.0,14.827913284301758,ok,7c25367e53e1f976,42,69fbe12145cc9140677831e68fe207460b7da5bf2a8ac75c60e3c8d92b19f6a0
CN1CCN(c2ccc(N=Cc3c(=O)[nH]c(O)c4ccc(-c5ccc(C=O)cc5)cc34)cc2)CC1,43,-6.65,35.0,6.0,13.308017253875732,ok,0ae022034d6947b8,42,b93329eb43a69f5c81181a88ce13715e481816c3f9b4111027ae2de0a2854bda
CN1CCN(c2cccc(Nc3ncc4c(n3)-c3c(c(C(N)=O)nn3C)CC4)c2)CC1,43,-9.074,31.0,4.0,7.6099889278411865,ok,b2abf0870140cb2b,42,afb7fecfc6c7f27a63e8bdef23d0c352c64ffe3534d1238f64542861cf50bf77
CN=C(C)SC(=O)C(=O)c1ccc(Nc2ncc(F)c(-c3cnc(C)n3C(C)C)n2)cc1,43,-8.74,32.0,6.0,11.860785722732544,ok,e5050375c7cc5d36,42,32124890f1c9ead4a4e8b0c09da80f6e9dd37c80ea726972398112bd63355c6f
CNC(=O)c1ccc(C2=c3ccccc3=NC2=O)cc1,43,-8.383,20.0,2.0,2.278228998184204,ok,85c84b08bab8cff0,42,8ec4e4da87c13a9f984af015086fe7dff18449399bc5feb3025dff91984a239f
CNS(=O)(=O)c1ccc(-c2ccc(S(N)(=O)=O)cc2)cc1,43,-7.398,21.0,5.0,3.705815076828003,ok,bbb69dbf77cb3960,42,848cbca01d06b63ec1cb8bf120a87088522262e5fbfa2f1ab50dbbbd500edbad
CN[C@H]1CCN(C(=O)c2ccc(Nc3ncc(F)c(-c4cnc(C)n4C(C)C)n3)cc2)C1,43,-9.325,32.0,6.0,10.077788829803467,ok,8458b23495fe5822,42,51c38c2d93f6f56d1118321b6754d49553060e7ddd5d9e4bd753de74cfa3c7d4
COCCN1CCC(c2cc3c(-c4cnn(CC5CC5)c4)c(Cl)cnc3[nH]2)CC1,43,-8.54,29.0,7.0,8.015977144241333,ok,38dc6d44caafdbfc,42,2e5938ab32a1a6574c6c30ee0eef6da33f58c982b019fac027d3edbe2bbc4251
COCCNS(=O)(=O)c1ccc(Nc2nccc(-c3cnc(C)n3C(C)C)n2)cc1,43,-8.127,30.0,9.0,10.49797797203064,ok,e13972b687d435f9,42,cea408c5ca487d07789e17f25b5c956a0281986d98e80bd2969761c6fba37a72
CO[C@@H]([C@@H](C)O)[C@@H](C)Oc1nc(Nc2ccc(S(=N)(=O)C3CC3)cc2)ncc1C(F)(F)F,43,-8.033,32.0,10.0,13.802600145339966,ok,8d13ad4829b3e862,42,b050834e91db948b876b806fc1d3a18ba1bd45943e909334833ef76d7a16b2ab
COc1cc(F)ccc1-c1nc(Nc2cc(Br)cc(CS(C)(=O)=NC#N)c2)ncc1F,43,-8.538,31.0,6.0,8.24574589729309,ok,2d43b8244a689616,42,c8479bffa81dc41ef1191054e199910e25a76407edf7e969dddf2b65f6b50c67
COc1cc(N2CCN(C(C)=O)CC2)ccc1Nc1ncc(C)c(C(F)(F)NC2CCCCC2)n1,43,-8.188,35.0,7.0,15.740437984466553,ok,39ab5cd7d66431c1,42,6b21821fc6fe8cd0f2080b348554cb8c2873751eb8e414298df66d6ec53dba03
COc1cc(Nc2cnc(NC3CCNCC3)s2)cc(OC)c1OC,43,-6.858,25.0,7.0,6.5955212116241455,ok,ad61699a77a46419,42,6bc41f3929ef6331ddcf0890fbcb9e948d74659a9cb6b163e98bdd7a8c844b30
COc1cc(Nc2ncc(Br)c(N[C@H](C)[C@@H](C)O)n2)ccc1S(C)(=N)=O,43,-7.338,26.0,8.0,8.319876909255981,ok,42221416823547a6,42,59ce19b961cb84a9ff6e94c8ae726053931e412fd5084469f69500688ca04889
CS(=O)(=O)c1ccc(N=Cc2c(O)[nH]c3ccc4ncsc4c23)cc1,43,-7.956,25.0,4.0,4.234135866165161,ok,d005ddf80a22a496,42,8271c57096a3f527ad1a58a19aa35ed291502eb1d22f329c084355e288d26410
CS(=O)(=O)c1cccc(-c2ccc(S(N)(=O)=O)cc2)n1,43,-7.9,20.0,4.0,2.8518030643463135,ok,775e64c9a7d6710b,42,72ec64f8b7c86ec3c6e517de4ec3a5d4e165b234f478353210f4d3873ea982ef
C[C@@H](NC(=O)N1CCc2cnc(N[C@H]3CCO[C@@H](CO)C3)nc2C1)c1ccc(Cl)c(Cl)c1,43,-8.939,32.0,6.0,11.908934116363525,ok,a4ab09908fb1523f,42,e84edba2678874082122f516a69cb33ef93810c7adf9da517f5c5fd9536f5365
C[C@@H](Nc1nc(Nc2ccc(S(C)(=N)=O)cc2)ncc1Br)C(C)(C)O,43,-7.801,25.0,7.0,7.6225810050964355,ok,02533ae6f4bead0b,42,0c1e17ab5cfa9ffa07162c2166d8bd6b758fb5601a3d5df638bf6c880a080dae
C[C@@H](Oc1nc(Nc2ccc(S(=O)(=O)S(=N)(N)=O)cc2)ncc1C(F)(F)F)C(C)(C)O,43,-8.545,31.0,9.0,10.976317882537842,ok,f2c7d0e599d1d763,42,a5c4fb54fa5abf4d74f63f4ecc1b1c6a38ff4867d53158d16a1909b0477d0100
C[C@H]([C@@H](C)N)S(=N)(=O)c1ccc(Nc2ncc(C(F)(F)F)c(O[C@H](C)[C@@H](C)O)n2)cc1,43,-8.144,31.0,10.0,11.650660037994385,ok,bf92b6b1bebd53f4,42,07f455303a2a5d9b28760873242d2a9cc4584e0b37c9be967338571253c9ac3b
Cc1cc(-c2ccc(S(N)(=O)=O)cc2)cc(S(C)(=O)=O)c1,43,-7.97,21.0,4.0,3.271517038345337,ok,939f5c92ae760a16,42,43060d0300ab6f055544e42dd4a7a260195f406591ab3436536ef1a5153dbfb4
Cc1cc(C(C)(C)C)ccc1-c1ccc(S(N)(=O)=O)cc1,43,-8.02,21.0,3.0,2.8054230213165283,ok,7e10f93d369bf918,42,548e607f13f0cfcc5bbee728d711b57a5e81c00131c2529630ad9c70d0e646e6
Cc1cc(N2CCCS2(=O)=O)c2oc(-c3ccc(O)cc3)c(O)c(=O)c2c1,43,-6.062,27.0,4.0,5.238249778747559,ok,04904683d1b445db,42,53f43f894c882b51ebe9128a4100fed5762fbe35f27f13ba0fa549c0991f385f
Cc1cnc(Nc2ccccc2)nc1-c1c(C)c(Nc2ncc3c(n2)-c2c(c(C(N)=O)nn2C)CC3)nn1C,43,-9.675,39.0,6.0,13.899347066879272,ok,1407d159535d9c45,42,d0fc42c70b1658ce17e8dda2a8ce0127cb323a13b5e6cb63e82ce4f34eb304c9
Cc1nc2c(F)cc(-c3nc(Nc4ccc5c(n4)CCN(CCC(N)NO)C5)ncc3F)cc2n1C(C)C,43,-8.788,38.0,10.0,16.908838272094727,ok,1cb6a299969efe2a,42,2d2ce986dd267a7ad3161e8b8f727393acc474dfb3790f2ddf33d7bb03d9591f
Cc1nc2c(F)cc(-c3nc(Nc4ccc5c(n4)CCN(C[C@H]4CNCCO4)C5)ncc3F)cc2n1C(C)C,43,-9.166,39.0,6.0,16.920994997024536,ok,c1164880d53efd0d,42,fb6254a109f98dc4aecc24f549223225c293d3820c7ff8b3b2fa203ecb5611b3
Cc1nc2c(F)cc(-c3nc(Nc4ncc5c(n4)CCNC5)ncc3F)cc2n1C(C)C,43,-9.379,32.0,4.0,8.28188705444336,ok,4d5c85a63ae6e4b1,42,7753674bd96c7f24b9f2c038fd7d8d6fc8ad1a8fa1e07beb3d0c9dcb18f55658
Cc1nc2c(F)cc(Cc3[nH]nc4[nH]c(=S)[nH]c(=S)c34)cc2n1C1CC1,43,-7.971,26.0,3.0,5.506963014602661,ok,223a8e8dad461421,42,52ac59bef7dd0b06e02665b73341546f8544867bd287a5a0fafc9cb3ea0338c4
Cc1ncc(-c2ccnc(-c3ccnc(Nc4ccc(C(N)=O)cc4)n3)n2)n1C(C)C,43,-8.562,31.0,6.0,10.044855117797852,ok,336da13eb2c8aab9,42,09bf8af83e922bb06d84c5037415dfba425c69fb9fa126086a009692cb55c6c2
Cc1ncc(-c2ccnc(Nc3ccc(C(=O)N(C)C)cc3)n2)n1C(C)C,43,-8.787,27.0,5.0,5.861003875732422,ok,b5475701ef705a8a,42,4ff9370772d9e2281158baf4c010e892368b3d55ebcb001ada129c3b61a2f1e5
Cc1ncc(-c2ccnc(Nc3ccc(S(=O)(=O)OS(=O)(=O)C(C)C)cc3)n2)n1C(C)C,43,-8.774,32.0,8.0,10.254992723464966,ok,a84ab80e6d8cdb4b,42,187c5c0a6e8f52bdfcd7ba418473c0a4b2bea80c3b49269acbdf71b43d119e21
Cc1ncc(-c2nc(NC(=O)C(C)C)ncc2F)n1C(C)C,43,-8.263,22.0,4.0,3.494540214538574,ok,a09876202dd17468,42,d603f3803ad5c3368a837cfb6151e892def03f4fd8687ad9c16f169c74ae3f2c
Cc1ncc(-c2nc(Nc3ccc(C(=O)CCC(C)CBr)cc3)ncc2F)n1C(C)C,43,-8.499,31.0,9.0,11.735146045684814,ok,310b694af3bef633,42,f45db51f50e308127da1eef6691278815d787a417aa7b374ad979470a8c290c5
Cc1ncc(-c2nc(Nc3ccc(N4CCN(C(=O)CO)CC4)cc3)ncc2F)n1C(C)C,43,-8.791,33.0,7.0,10.091248035430908,ok,6b83bb3b81635fe2,42,ddd3675ee83dea96db0993afa412976de979418d16601f25c025fed064292106
Cn1cc(C2=C(c3cn(CC(O)CO)c4ccccc34)C(=O)NC2=O)c2ccccc21,43,-6.233,31.0,7.0,11.443960189819336,ok,6217fd4ec93866a5,42,41f1872ec9329bcf9024922df5deb1015e444563feda47df45ec784ac38ec1c7
Cn1nc(C(N)=O)c2c1-c1nc(Nc3ccc(Nc4ccc(SC(=O)CN)cc4)cc3)ncc1CC2,43,-8.404,36.0,8.0,17.065927028656006,ok,a1054cea831cbd01,42,c8145c4624d553c040090254faf087569aeae5ca7c0b28c880d50474e6b5c2cd
FC(F)(F)c1cnc(Nc2ccc3[nH]cnc3c2)nc1Nc1ccccc1Cl,43,-9.51,28.0,4.0,5.489228010177612,ok,b84305d23383d835,42,c2d830c8bed7e5ad66c5abadf19e81ebc501f67584daf9d616fa75bbd6291ce3
NC(=O)c1ccc(Nc2nc(N)cc(-c3c(F)cccc3F)n2)cc1,43,-9.069,25.0,5.0,4.861091136932373,ok,84da4a92ff037ba7,42,e8b375e14992914d62ebc24e7dd1c92df0ebe8765b0ea4b7e9c0eb4747ce1a68
NC(=O)n1cc(C(=O)NC(=S)Nc2ccc(Cl)cc2)c(-c2ccc(Cl)cc2)n1,43,-8.645,28.0,3.0,6.554603099822998,ok,8ad6a1f4e6b31102,42,e4a9a1937ee1ed59e5c626665feb7527846dd976d624a84368eb0727406063cb
NCCC=c1cc(-c2ccc[nH]2)c2c(O)[nH]c3ccc(F)c1c32,43,-9.311,23.0,5.0,4.062036037445068,ok,d91705b87b12e905,42,f2df0e931a6ff46683ac419b6f10f0f6ac66795e589facc648568cd2c2498a0a
NS(=O)(=O)c1ccc(Cc2ccc(C3CC3)c(Br)c2)cc1,43,-7.931,21.0,5.0,3.9341609477996826,ok,8c04eeed14448952,42,e83e2d9fb1c8896580110439693d78ef0c52806413c1a7fa5d63245f1777e3f4
NS(=O)(=O)c1ccc(N=CN=CN=Nc2ccc(Sc3c(=O)[nH]c4ccc5[nH]cccc5c34)cc2)cc1,43,-8.543,37.0,6.0,19.76302981376648,ok,22b90f8cc09f8308,42,b777946fc5cd11a30f55a3abb4c45a207e37e4e85bd871951acc590ead257db9
NS(=O)(=O)c1ccc(Nc2ccc(C3CC3)cc2)cc1,43,-8.067,20.0,5.0,3.8666210174560547,ok,0217d6793c9383a8,42,96a0557dd64c593a3c7277a49a75181b00dbf25a26bcabae9b6a38d1baf4d694
NS(=O)(=O)c1ccc(Oc2ccc(C3CC3)cc2)cc1,43,-8.085,20.0,5.0,3.698754072189331,ok,10c138f1100a357c,42,c42d6623698ce21c6f3eea172bc3a1589970a434039e647b78d23abdd484279b
N[C@H]1CC[C@H](Nc2cc(Nc3ccc(F)c(Cl)c3)n3ncc(Br)c3n2)CC1,43,-9.328,27.0,4.0,5.825069904327393,ok,1fff1c3f758c81c5,42,b47245a40281336453b1cd295a4ce19c1ff00ac933ed829f0f414c65d784f453
Nc1ccc(N=Cc2c(=O)[nH]c3ccc4[nH]cccc4c23)cc1N=Nc1ccc(S(N)(=O)=O)cc1,43,-8.155,35.0,7.0,12.418078899383545,ok,73b4043a290b8f48,42,52c001e48fe95839e15588cc1c085bed7fbf2eef7587871a27908b5b0bdca3a0
Nc1ccc(NNc2c(S(N)(=O)=O)ccc3[nH]c(O)c(C=Nc4ccc(S(N)(=O)=O)cc4)c23)cc1,43,-7.613,35.0,11.0,17.72321319580078,ok,a42ffd77c997e4dc,42,8f6b24fc82ff7be1f6e89da6dc821b824ac4df41da38495901ac15281c7b9efb
O=C(Nc1[nH]nc2cc(-c3ccco3)ccc12)C1CC1,43,-7.452,20.0,3.0,2.575305223464966,ok,d9264cdac4eb5748,42,06db8749edd0c09b50b7efe1e14fcc9c035f98c0c4f17afb03a6d4c47f38fdf4
O=C(Nc1[nH]nc2nc(-c3ccc(O)c(Cl)c3)ccc12)C1CC1,43,-7.984,23.0,4.0,3.726426124572754,ok,d50eececa3e35308,42,9e24a8c7daa2dac472081c2fe2b31f71a68bada4a2eca96c5a8f9e23b3c028ae
O=C(Nc1ncc2c(n1)CN(C(=O)C1CC1)CC2)C1CCCCC1,43,-7.88,24.0,3.0,4.08527398109436,ok,adbd6fc62dba7381,42,9936ef8e85b1af653702d2ca5ba30eaf04a0aa43d541942244f83abf4fa565a3
O=c1[nH]c(O)c(C=NCc2ccn(-c3ccoc3)c(=O)c2)c2cc(I)ccc12,43,-8.238,28.0,5.0,6.8118579387664795,ok,0e8983bdd38cd35b,42,9a7b3d916b19f10043f05ce1cb6cb822aa185350df1f00344672852bb2b86e71
O=c1[nH]c(O)c(C=Nc2ccc(CN3CCOCC3)cc2)c2ccccc12,43,-8.79,27.0,5.0,4.474433898925781,ok,57512c8b4d98c5bc,42,b13c2e282d869fc709aa57b62431ed36a1e92c7fba11bc79bb0ad034466d27b5
O=c1cc(-c2ccc(O)cc2Cl)oc2c(CC3CCCCC3)c(O)cc(O)c12,43,-7.675,28.0,6.0,6.839875936508179,ok,7e53ccbea60ac44d,42,dca49025caac7fb7fd74ae5f7e32cab3e3a1d9f78d32d9f33a7cd37c91bcb592
Oc1cc(F)ccc1-c1nc(CNc2ccc(CN3CCOCC3)cc2)ncc1F,43,-8.75,30.0,7.0,9.426703691482544,ok,ba4d53a4831c0287,42,c45fb77bc040be6957d940ab111bb9da284f93859ad35be707da357604cbdc5e
c1ccc(-c2cccc3nc(-c4cncnc4)nc(NCc4ccccn4)c23)cc1,43,-7.429,30.0,5.0,7.470869302749634,ok,13f6691fe97083b2,42,234d88d2a3ec3cf666e88e4b5844f8fda3f131db652426bf5446c29c3ec84e21
C=C(C)C(=O)n1cncc1C(=O)c1ccc(Nc2ncc(F)c(-c3cnc(C)n3C(C)C)n2)cc1,44,-9.21,35.0,7.0,13.932251930236816,ok,9b68402bdd375bfe,42,c4442e0c8a5075eceb78c77fe41dcb0ac6091c56b856563ca2f63cbdbb201a51
C=C(C)N(c1ccc(-c2ccc(S(N)(=O)=O)cc2)cc1)C(C)C,44,-6.909,23.0,6.0,4.266547918319702,ok,b29edff8e0db0ccd,42,b6148fd38d97927302659facc8fc699c41059dfe314f990289b565240321b3f8
C=C(C)c1ccc(-c2ccc(S(N)(=O)=O)cc2)cc1Br,44,-7.727,20.0,4.0,2.5901708602905273,ok,aae0a6c99e0ba1d9,42,dde4909b5316837680d4552efe48a61bf99f18bc2705988580f8f08e773e92ad
C=CC(=O)Nc1ccc(O[C@@H]2CCC[C@@H](Nc3ncc(OC)s3)CO2)cc1,44,-5.962,27.0,7.0,18.883694171905518,ok,43806b24aeef2768,42,2133d8232877779d3968cfd7ea0c0e9f4291f99336e2f09791ee5c77dd8cc1e6
CC(=Nc1ccc(S(N)(=O)=O)cc1)c1ccc2[nH]c(O)c(Cc3c(O)[nH]c4ccc(-c5cnco5)cc34)c2c1,44,-9.382,39.0,9.0,24.792845010757446,ok,c7d54f5332d43194,42,e8bb7230a9d71558acad01f0396e1c3826b8bfb44e35bc0600749e39ffb5598b
CC(=O)CSC(=O)c1ccc(Nc2ncc(F)c(-c3ncc(F)c(-c4cnc(C)n4C(C)C)n3)n2)cc1,44,-7.802,37.0,8.0,17.93652319908142,ok,1f5efed62391f34d,42,c399d5bfd5c2e1ba0b0b16a787517720821653923a6dec7e7861aa9d98651a37
CC(=O)NC1CN(c2ccc(Nc3ncc(F)c(-c4cnc(C)n4C(C)C)n3)cc2)C1,44,-8.698,31.0,6.0,8.073341131210327,ok,f93f04c898839942,42,1aab561cfb320403d0b39a2e284bcc75d5223c7a6fd316a4709952fefb813d87
CC(=O)N[C@@H]1CCCC(C(=O)Nc2cc(-c3cnn4c3CC(C)(C)C4)c(Cl)cn2)C1,44,-8.508,30.0,4.0,8.100152969360352,ok,1b8626fa3d61671c,42,e363e477424fbd76e7520df84f10e56e7871e95f348803d3a9400555b3a6da89
CC(=O)Nc1ccc(CNc2nc(N3CCC[C@@H]3CO)nc3c(C(C)C)cnn23)cc1,44,-8.72,31.0,6.0,10.783365964889526,ok,2479f17ef757167e,42,b4e5167947627b7ed6cee8e7594ceb66d3ddc3367c154c74c1d23ccb0a67e1ee
CC(=O)c1c(C)c2cnc(Nc3cocn3)nc2n(C2CCCC2)c1=O,44,-8.909,26.0,4.0,4.286885976791382,ok,dd97f90d25683150,42,73da4598fd8195db7aac0f793e67d98c1b07f650bf0de709cce08ba9445be178
CC(C)(C)OC(=O)CCc1nn(C(C)(C)C)c2ncnc(N)c12,44,-7.176,23.0,4.0,6.461395978927612,ok,5e23bea04f546916,42,c84fdea2a556c2c883e179483fafd85363786361e4d4b64e45ed7599bbb4b363
CC(C)=C[N+](=CC=CC(N)=O)CC(=O)c1ccc(Nc2ncc(F)c(-c3cnc(C)n3C(C)C)n2)cc1,44,-9.004,37.0,10.0,17.48228693008423,ok,0477cd210db606f7,42,7d5f11e4d9474cd716e25026fd906865c6cbad9ba99d4409038dc3a5d0968869
CC(C)C1CCN(c2ccc(Nc3ncc4cc5n(c4n3)C3(CCCCC3)CNC5=O)nc2)CC1,44,-8.904,35.0,4.0,9.395980834960938,ok,ef176c3447d2103d,42,ebe2b40b0c43b972b98dedd53fc05e305de76d0a2d5bf4044807196626311db0
CC(C)CCc1ccc(-c2ccc(S(N)(=O)=O)cc2)cc1,44,-8.322,21.0,6.0,3.2296769618988037,ok,9698b01c0cca6b31,42,e0ae867cf2c5a50fec683bed7572417ef3f3a838b2b9515ea4c6c387cfffcd14
CC(C)Cc1ccc(-c2cccc(S(N)(=O)=O)c2)cc1,44,-7.577,20.0,5.0,4.279623985290527,ok,0f6b4cb339863e0e,42,5ae69515090c1a1c987c33188b625dfef638fdfb2888a24b0b75484d1de9ca04
CC(C)Cc1ccc(C(=O)Nc2ccc(S(N)(=O)=O)cc2)cc1,44,-8.12,23.0,6.0,3.814563035964966,ok,3b9a2738d4818b31,42,00dfb250614587d7513dbeb2a428a587540365fa61bb5e1f8b7dc8b2d10a4a2e
CC(C)Cc1ccc(Nc2ccc(S(N)(=O)=O)cc2)cc1,44,-7.966,21.0,6.0,3.7143008708953857,ok,107c7a745290473c,42,2635a06a0dd193d443fe05afabb480fdd0632f4f09c481289730caece3917b4e
CC(C)NC(=O)c1ccc(O)c(-c2cc(N=C3CCCC3)nc(N)n2)c1,44,-7.386,26.0,6.0,6.502603054046631,ok,5c9c052b6b74ef1f,42,c24c0b3929fbcc44ad8f38d01a72634dcf3daa9e86e4e3eee627331d2f469db2
CC(C)OCC(=O)c1ccc(CC(=O)Nc2[nH]nc3ccc(N4CCCS4(=O)=O)cc23)cc1,44,-8.926,33.0,8.0,13.897193908691406,ok,c65deb07ec2946e1,42,9b501a7031f92159ef1a972622b28bf9416f524226804a709b8c69e5551e8033
CC(C)S(=O)(=O)c1ccc(-c2ccc(Nc3ncc(C(F)(F)F)c(O[C@H](C)[C@@H](C)O)n3)cc2)cc1,44,-8.197,35.0,9.0,15.75303602218628,ok,f8d6f433a28c8b8a,42,9019f1f3d384c67b2e88bbc2a8fb75aa60920b21a5451b2951e960a7d2157168
CC(C)S(=O)(=O)c1ccc(Nc2ccc(S(N)(=O)=O)cc2)cc1,44,-7.845,23.0,6.0,4.064203977584839,ok,01237bf5c4346753,42,c3cf8c76447e19ad0011a8f0b0f075ef3b1ff223229006bbdd7f136745912ea4
CC(C)c1c2cc(-c3ccnc(Nc4ccc5c(N6CCN(C)CC6)ncnc5c4)n3)ccc2nn1C,44,-9.509,37.0,5.0,12.253920793533325,ok,90f5370759f4c72a,42,8647cb8be23e19b85341010604b7337155cb2ff8b2d100642dca75f7e84f7ef7
CC(C)c1ccc(Nc2ccc(S(N)(=O)=O)cc2)cc1F,44,-8.113,21.0,5.0,4.00121808052063,ok,bcac77e7e930d4d6,42,e0798a1c02d5b87f57117c3559e32a8f9d2198ff6529b222b40d1fccf9eeeb23
CC(C)c1cnn2c(NCc3ccc(N)cc3)nc(OC3CCN(C)CC3)nc12,44,-9.393,29.0,5.0,8.193731784820557,ok,a9eac351b8671a00,42,bfef6b56cd4fcf6363d44b8365bcdbb01b4010d5b786c13b8f5df38c25b9cfd8
CC(C1CC1)n1cnc2c(NCc3cccc(C(F)(F)F)c3)nc(NCCC#N)nc21,44,-8.401,31.0,8.0,14.791572093963623,ok,fae87001a2853445,42,fde440efbfd35a8f4bc969acc0af5fe00ea6270e8422fdd392de5e31ee7e5140
CC(CCO)C(=O)NCCc1nn2c(COc3ccc(Cl)cc3)nnc2s1,44,-7.609,27.0,10.0,11.651546239852905,ok,2be3fed8ce640ae0,42,cdaf555df8dc388ea4620d811f8d32cd7def7407e3b13eb29a4780377e585b29
CC(O)C(=O)N1CCN(c2ccc(Nc3nccc(CCCN)n3)cc2)CC1,44,-7.352,28.0,9.0,9.368710994720459,ok,7265329b6baa063b,42,681cef6dba558cf76cce09886829a8e2b0e13e28afdebfc7fc2c21ab4c487825
CC(c1ccc(C(C)(C)C)cc1)c1ccc(S(N)(=O)=O)cc1,44,-8.516,22.0,4.0,4.010171175003052,ok,ac0d82a572e846a4,42,8b98121ca1f636c1c82e915721ce4e1bc058406f39ae1313044ead25c61dd3f1
CC1CN(c2ccncc2NC(=O)c2ccnn3cc(-c4ccccc4)nc23)CCO1,44,-8.899,31.0,4.0,9.028465747833252,ok,0af9baa73677a414,42,c9e6903ee006f908849928cc2e1cac215e1ba75afb1776573744dc536fc2e45e
CCC(=O)N1CCc2cnc(Nc3ccc(C)c(Cl)c3)nc2C1,44,-8.316,23.0,3.0,3.3876609802246094,ok,2fde788d5ecae667,42,b1f90219554b444ccb0308c87bf0a6852acc358c4cfc4678dcb66cea26e3e0d7
CCCC(C)n1c(=O)c(C(C)=O)c(C)c2cnc(Nc3ccc(C(=O)O)cn3)nc21,44,-8.169,30.0,7.0,8.079659938812256,ok,0f1350b852b691fb,42,8e8bc40b13748010c775c67a86439bb6928c218d474490b4e5556044b96a3089
CCCCc1c(C)c2cnc(Nc3ccc(N4CCNCC4)cn3)nc2n(C2CCCC2)c1=O,44,-8.829,34.0,7.0,11.341962814331055,ok,c190236933632dd2,42,367725f19baee441a846a18f7b3125f11605b389124fd2c7c3811d50c0b3395c
CCN(CC)C1CCN(c2ccc(Nc3ncc4cc5n(c4n3)C3(CCCCC3)CNC5=O)nc2)CC1,44,-7.834,37.0,6.0,11.280467987060547,ok,7e7584e64fe35e26,42,fcc2933c6ac10cc0cd27593f5224bc4a860c66a9519594e45a6384dc35935798
CCNC(=O)N1CCC(c2nc3ccnn3c(Nc3ccc(F)c(Cl)c3)c2C)CC1,44,-7.758,30.0,4.0,7.596117973327637,ok,50450d69524bcf53,42,596e6f8709e2b5319c5be48032879e303aca3d580287403b1db777719c4683a1
CCNC(C)c1ccc(-c2ccc(S(N)(=O)=O)cc2)cc1,44,-7.684,21.0,6.0,3.6169159412384033,ok,2a7fc406b44eb094,42,f6cf85bd84901b210610dc705886bf5fc8e831a237956722ddc9a7c70de7bd0b
CCNc1ncc(F)c(-c2cnc(C)n2C(C)(C)C)n1,44,-7.06,20.0,3.0,3.2713241577148438,ok,a46b4d8b680f77c4,42,af12eda661bab311045e52b1de96a504a1274d409dcf542bb6235ddb84ae068c
CCOC(=O)Nc1cc(-c2c3cc(F)cc2OC3)c(Cl)cn1,44,,,,1.6441638469696045,prep_failed,ec735e4e60ea407f,42,
CCOc1cc(F)ccc1-c1nc(Nc2cc(F)cc(CS(C)(=O)=NC#N)c2)ncc1F,44,-9.004,32.0,7.0,11.326509952545166,ok,30448e6826091544,42,5e955ef7ded9d43a2bc6398b3ce6d0f4cd2618ac967ef1ff668dc4c9f9a458e0
CCS(=N)(=O)c1ccc(Nc2ncc(Br)c(N[C@H](COC)[C@H](C)O)n2)cc1,44,-7.186,27.0,10.0,10.167682886123657,ok,0319f14966ce9b75,42,e5439c66e748e992d7f7a748bb2b4865f5cd8738df59bc4b4dc53184b84b711b
CN(C)CCCS(=O)(=O)c1ccc(Nc2nccc(Nc3ccc(F)cc3)n2)cc1,44,-8.139,30.0,9.0,11.240316152572632,ok,5a312b93595f9a67,42,6c32de2e23ea1d9b1ab56962e519c85d1259664467fce87ca819c98c3ac0eb38
CN1C/C=C/COCc2cncc(c2)-c2ccnc(n2)Nc2cccc(c2)C1,44,-4.759,28.0,0.0,14.713273048400879,ok,4d8fa3cebd055182,42,d6c794dd21886a0755f10479bb84b0733a79f02173d2ac1f9b9929a929eaa84f
CN1CCN(c2ccc(N=Cc3c(=O)[nH]c(O)c4ccc(-c5ccc(C=O)cc5)cc34)cc2)CC1,44,-6.664,35.0,6.0,14.481274843215942,ok,02c0b9cccc3bd529,42,5c5b48e100208d993460c060577f970f490088ec8b588119c2294db05f897169
CN1CCN(c2cccc(Nc3ncc4c(n3)-c3c(c(C(N)=O)nn3C)CC4)c2)CC1,44,-9.073,31.0,4.0,7.513882160186768,ok,657076bc7aca22f8,42,7664a080203ee262289d20a70d94be4b3c7be4c2a6818b7653469dba252a3649
CN=C(C)SC(=O)C(=O)c1ccc(Nc2ncc(F)c(-c3cnc(C)n3C(C)C)n2)cc1,44,-8.769,32.0,6.0,10.5537850856781,ok,3d33fe8e869ce5d9,42,b88bf9fd7d19fce27b927a0a1ccf2e76c5e9123fd3589a861260edb159db8812
CNC(=O)c1ccc(C2=c3ccccc3=NC2=O)cc1,44,-8.378,20.0,2.0,2.1219558715820312,ok,850b019bfe6ca6cc,42,c201d6c1993c60d78e539ff9f96ee014114b74fe11e884cacf89690594133796
CNS(=O)(=O)c1ccc(-c2ccc(S(N)(=O)=O)cc2)cc1,44,-7.389,21.0,5.0,3.234234094619751,ok,3de4d49aa5346952,42,87313ec2eb0320d54337b89cbb7fd0c6f2ceee90554dce1587839cb9793e93cc
CN[C@H]1CCN(C(=O)c2ccc(Nc3ncc(F)c(-c4cnc(C)n4C(C)C)n3)cc2)C1,44,-9.308,32.0,6.0,10.32804799079895,ok,ea94986387d862ec,42,8162282b2363d302fca92c22db9b6f9ac935f83d4004f4a4a7028fa3dae2135a
COCCN1CCC(c2cc3c(-c4cnn(CC5CC5)c4)c(Cl)cnc3[nH]2)CC1,44,-8.549,29.0,7.0,8.585408926010132,ok,69916b4eedf8fe8b,42,369c93a8f45d4f0ad205e6b75ba04478e454be56710958b2a7a71f4b206f4a5d
COCCNS(=O)(=O)c1ccc(Nc2nccc(-c3cnc(C)n3C(C)C)n2)cc1,44,-8.099,30.0,9.0,9.652007818222046,ok,f001e5e024d647e7,42,cdb7ab0ad297d68aa0c3f109a9e8c96feca92f0c4a1d1e3f96cad0440dc72cd9
CO[C@@H]([C@@H](C)O)[C@@H](C)Oc1nc(Nc2ccc(S(=N)(=O)C3CC3)cc2)ncc1C(F)(F)F,44,-8.014,32.0,10.0,16.458083152770996,ok,fd63ca09d1dc8479,42,6c372b1370cb905132a908110b76ed2ce2801ca5b27499a556102822e695e66e
COc1cc(F)ccc1-c1nc(Nc2cc(Br)cc(CS(C)(=O)=NC#N)c2)ncc1F,44,-8.555,31.0,6.0,9.291942119598389,ok,df8b3ea9ea133a83,42,b328683caa8ad73adb1b7349879d71e0e70f10be23705290a5b5378d734a988e
COc1cc(N2CCN(C(C)=O)CC2)ccc1Nc1ncc(C)c(C(F)(F)NC2CCCCC2)n1,44,-8.465,35.0,7.0,15.21708083152771,ok,58679eb572603a84,42,467b2579582d932bf618874d8088893bb518a87032ae5e6fa8cf6673b163684a
COc1cc(Nc2cnc(NC3CCNCC3)s2)cc(OC)c1OC,44,-6.844,25.0,7.0,6.7813050746917725,ok,3be68a7678e7cc0f,42,8f868bc52ccb9546bcdbf9f70f7a1ed264dadd4df4c3d6bcfd000de9e3784ae9
COc1cc(Nc2ncc(Br)c(N[C@H](C)[C@@H](C)O)n2)ccc1S(C)(=N)=O,44,-7.364,26.0,8.0,8.773205995559692,ok,e08ac362fa01e2e3,42,a71b2c78778759ea5cfdc9fe7ba8f17b7e699f5e1d5bd08d33e141e0e2499acd
CS(=O)(=O)c1ccc(N=Cc2c(O)[nH]c3ccc4ncsc4c23)cc1,44,-7.954,25.0,4.0,3.870504140853882,ok,eda78648e854755a,42,7cf6024cbb7d2cda86dc964b7ae4fb510e9a7e668b134202e01a7528aeb19935
CS(=O)(=O)c1cccc(-c2ccc(S(N)(=O)=O)cc2)n1,44,-7.903,20.0,4.0,2.530346155166626,ok,87e55618678cd191,42,d01125cf8a1f5d5f613f142bb322ef02eb8b15a206354d4590b5132fbc7f2170
C[C@@H](NC(=O)N1CCc2cnc(N[C@H]3CCO[C@@H](CO)C3)nc2C1)c1ccc(Cl)c(Cl)c1,44,-8.946,32.0,6.0,11.391420841217041,ok,e85b073451f5bdf2,42,f7c324455a1368ae00b114d6e9caa8705d11ce11550312b11f07c1e39af9a627
C[C@@H](Nc1nc(Nc2ccc(S(C)(=N)=O)cc2)ncc1Br)C(C)(C)O,44,-7.785,25.0,7.0,6.181334972381592,ok,79af1acce2803590,42,61d936ab0437c43de6cb2b76c73221d77a11e0a68c06e83252b6b9025ced4543
C[C@@H](Oc1nc(Nc2ccc(S(=O)(=O)S(=N)(N)=O)cc2)ncc1C(F)(F)F)C(C)(C)O,44,-8.548,31.0,9.0,11.268996953964233,ok,12b73bbe0c186e4b,42,bd47fc9535ec9e6d2524eba8576afb397a0c0b8853cf7db2220abdab85c78bf3
C[C@H]([C@@H](C)N)S(=N)(=O)c1ccc(Nc2ncc(C(F)(F)F)c(O[C@H](C)[C@@H](C)O)n2)cc1,44,-8.15,31.0,10.0,12.200381994247437,ok,a8f1ebbf7cabfecd,42,d317387b7a847e05379949c0114b444057efba1171a8d2f6009cf7f1ea83bb47
Cc1cc(-c2ccc(S(N)(=O)=O)cc2)cc(S(C)(=O)=O)c1,44,-7.971,21.0,4.0,3.369051218032837,ok,b78ec2fb1816cf25,42,bd050e635f781d016059ce79267c8cac22c469b156ef8f53277921e7044157e9
Cc1cc(C(C)(C)C)ccc1-c1ccc(S(N)(=O)=O)cc1,44,-8.016,21.0,3.0,3.1006228923797607,ok,1650a6e6ec3ef71c,42,0f86c92b18c4cc6128f0ec09bd79c5f6075b71c3dd6a9e85aa15146514536f8c
Cc1cc(N2CCCS2(=O)=O)c2oc(-c3ccc(O)cc3)c(O)c(=O)c2c1,44,-6.063,27.0,4.0,5.652709007263184,ok,2754c3e5a3f5fa6f,42,5711169b2dcb9a5bece976e5e17c2478966bc693f357d2f9170e8457eb20f310
Cc1cnc(Nc2ccccc2)nc1-c1c(C)c(Nc2ncc3c(n2)-c2c(c(C(N)=O)nn2C)CC3)nn1C,44,-9.698,39.0,6.0,13.711380958557129,ok,9ccf9949b0d02772,42,59c57df4488541bc9644bc5e01388cdb13b0a8fba285f385d2e79b31214edae1
Cc1nc2c(F)cc(-c3nc(Nc4ccc5c(n4)CCN(CCC(N)NO)C5)ncc3F)cc2n1C(C)C,44,-8.777,38.0,10.0,18.672258138656616,ok,caaee5a20b9cc769,42,48e1cad8c2b9c4494467a10060ada61425a5da329befc7f34b7c639c2cc71f41
Cc1nc2c(F)cc(-c3nc(Nc4ccc5c(n4)CCN(C[C@H]4CNCCO4)C5)ncc3F)cc2n1C(C)C,44,-9.113,39.0,6.0,16.676031827926636,ok,49f30252cea980ff,42,3d85781b90968dfd9cfdf5561863bf2b079d9eb9998810f41f7cb0ae6579adc1
Cc1nc2c(F)cc(-c3nc(Nc4ncc5c(n4)CCNC5)ncc3F)cc2n1C(C)C,44,-9.38,32.0,4.0,7.605704069137573,ok,492dc6c8b99dbc72,42,37d44b7e87dc4b348f29569b489b3b285c65da75f25b6ac8e6fc8e5050239889
Cc1nc2c(F)cc(Cc3[nH]nc4[nH]c(=S)[nH]c(=S)c34)cc2n1C1CC1,44,-7.962,26.0,3.0,4.973059177398682,ok,5691eb38fd717f52,42,dcefb7110e073c288e3da2371ada2a19fab9dcbcd2790ec038774770e15c6dcc
Cc1ncc(-c2ccnc(-c3ccnc(Nc4ccc(C(N)=O)cc4)n3)n2)n1C(C)C,44,-8.582,31.0,6.0,10.071107149124146,ok,d84c3c0c5772b42a,42,804ab7cfe6f6a33e650edf1c58704cf8550b82c95bc3b711e44bb87c3e85982d
Cc1ncc(-c2ccnc(Nc3ccc(C(=O)N(C)C)cc3)n2)n1C(C)C,44,-8.775,27.0,5.0,5.350486993789673,ok,90d2422b211f7abd,42,8fce92612bdd9a97bab419e40eef63f5438a75586af45e777e8ee2321a10a217
Cc1ncc(-c2ccnc(Nc3ccc(S(=O)(=O)OS(=O)(=O)C(C)C)cc3)n2)n1C(C)C,44,-8.786,32.0,8.0,12.056183099746704,ok,00c5fa609d85309b,42,4c3bd53b700b3105f5b2505617fe273c5607d9bb971d985cf8d34eec8883b33f
Cc1ncc(-c2nc(NC(=O)C(C)C)ncc2F)n1C(C)C,44,-6.364,22.0,4.0,4.142535924911499,ok,633e6162d162ba7c,42,947ca0e9dfc40fa8bab1b1003b298f0705f0ff31bc81c2e193d03d076295e43d
Cc1ncc(-c2nc(Nc3ccc(C(=O)CCC(C)CBr)cc3)ncc2F)n1C(C)C,44,-8.451,31.0,9.0,11.188718795776367,ok,210e52abf38518da,42,4097aa31edb1616c30fded2f6850e050ddbe09c3314428588d6e7da31634efb1
Cc1ncc(-c2nc(Nc3ccc(N4CCN(C(=O)CO)CC4)cc3)ncc2F)n1C(C)C,44,-8.801,33.0,7.0,9.394155979156494,ok,414e7a0d919da597,42,ae75c1bda3f121ca51c38128e19926244557198ace8a2bd230f6181a383fdd0f
Cn1cc(C2=C(c3cn(CC(O)CO)c4ccccc34)C(=O)NC2=O)c2ccccc21,44,-6.198,31.0,7.0,10.872684001922607,ok,8b462b2dd1bc1540,42,ab8f2636ba4894b77499d2414083ce4643776224fb55b91f99defb115149632e
Cn1nc(C(N)=O)c2c1-c1nc(Nc3ccc(Nc4ccc(SC(=O)CN)cc4)cc3)ncc1CC2,44,-8.511,36.0,8.0,16.262062788009644,ok,824191bc02110b98,42,0aa912695da79a2ac695ae3c859cf1202f5003c3a2a54f059180335e2508403a
FC(F)(F)c1cnc(Nc2ccc3[nH]cnc3c2)nc1Nc1ccccc1Cl,44,-9.504,28.0,4.0,6.581435918807983,ok,91c08afebb1417b3,42,9936f6aeb23522991884746440fb85b9016a206a558b92cab17ca2f15447ba52
NC(=O)c1ccc(Nc2nc(N)cc(-c3c(F)cccc3F)n2)cc1,44,-9.106,25.0,5.0,4.439480781555176,ok,5c3562d6650487d9,42,d3d170f768787e8ab0fb1811ff9778064e4cb2df09539f5871e05bab32d93553
NC(=O)n1cc(C(=O)NC(=S)Nc2ccc(Cl)cc2)c(-c2ccc(Cl)cc2)n1,44,-8.646,28.0,3.0,5.872727155685425,ok,ba4e2e93ff28b8c9,42,badddb699ff84215f57c12342b50676738347a4f481b2cfc3cb2312ee7dc2794
NCCC=c1cc(-c2ccc[nH]2)c2c(O)[nH]c3ccc(F)c1c32,44,-9.315,23.0,5.0,4.023252248764038,ok,62eb04f4e2981912,42,35f2942a616423c21b5f21aa60b035de015710c2817f432cca98fbadc0711c37
NS(=O)(=O)c1ccc(Cc2ccc(C3CC3)c(Br)c2)cc1,44,-7.924,21.0,5.0,4.093981981277466,ok,bdeab01a8b07ba59,42,1877138f47287c6585c8f7c283f780d57b2d6b67dfecef8cadb0d4fe26763ebd
NS(=O)(=O)c1ccc(N=CN=CN=Nc2ccc(Sc3c(=O)[nH]c4ccc5[nH]cccc5c34)cc2)cc1,44,-8.511,37.0,6.0,20.415319204330444,ok,18a85de5698ca626,42,d9adc0d0e67c544c349e61f761f9601bb88efb311a6c90f878db4e62b266cb47
NS(=O)(=O)c1ccc(Nc2ccc(C3CC3)cc2)cc1,44,-8.071,20.0,5.0,3.8487939834594727,ok,8016672cbbefc90e,42,c3d6507416b20fa1849c79e400bcf66bfd7ab0aa8e08dfb93ea881a4a296ed01
NS(=O)(=O)c1ccc(Oc2ccc(C3CC3)cc2)cc1,44,-8.098,20.0,5.0,3.8122899532318115,ok,fae88d6239667c99,42,14356e0851bedb82ed389992cd228d7c923a451edbc3af954815c21336a35a98
N[C@H]1CC[C@H](Nc2cc(Nc3ccc(F)c(Cl)c3)n3ncc(Br)c3n2)CC1,44,-9.327,27.0,4.0,5.685837030410767,ok,b477c8148adc2036,42,626ab501d1ab488039b91a00aa097923c150088e38acfdfa173a1a971913d60c
Nc1ccc(N=Cc2c(=O)[nH]c3ccc4[nH]cccc4c23)cc1N=Nc1ccc(S(N)(=O)=O)cc1,44,-8.138,35.0,7.0,12.938560962677002,ok,8445f267e12788b5,42,943ec412f44af3b97f6307feb0d22505b3d35160e76390da4a01ba9261fed93d
Nc1ccc(NNc2c(S(N)(=O)=O)ccc3[nH]c(O)c(C=Nc4ccc(S(N)(=O)=O)cc4)c23)cc1,44,-7.598,35.0,11.0,17.63908815383911,ok,3ab284da1ffbfc4d,42,2e42db624a202c2c0b999b0fb918d3a885263b1224364124cdc47a5ffec1d47d
O=C(Nc1[nH]nc2cc(-c3ccco3)ccc12)C1CC1,44,-7.438,20.0,3.0,2.737834930419922,ok,b88289c097511620,42,8e36160a9b29f662fefaf3fd5f6d24c6559befc328900fc60be0b4ff137a2dc7
O=C(Nc1[nH]nc2nc(-c3ccc(O)c(Cl)c3)ccc12)C1CC1,44,-7.983,23.0,4.0,3.3750803470611572,ok,5b0ad42b6b541bab,42,eae125a4d644d364623661a4da771ac4d4a40b67dadeaed0773c6a6ca064daec
O=C(Nc1ncc2c(n1)CN(C(=O)C1CC1)CC2)C1CCCCC1,44,-7.869,24.0,3.0,4.041930913925171,ok,a061a398e05fd9cf,42,b68bb2cc0c53105954315690f2ed262b9803af25b5b0b730350372154b8947c1
O=c1[nH]c(O)c(C=NCc2ccn(-c3ccoc3)c(=O)c2)c2cc(I)ccc12,44,-8.2,28.0,5.0,7.607322692871094,ok,c301ed24b1346d9d,42,e6b03732c2da8248a9a6901962fdcdc59913f3b6ab2763e076b09a849e3bc2c4
O=c1[nH]c(O)c(C=Nc2ccc(CN3CCOCC3)cc2)c2ccccc12,44,-8.802,27.0,5.0,4.572489976882935,ok,3d574e5af90c9a8b,42,e856fb039695dd536a106c4f582f9be680b3deef840115ac45edafec6824b565
O=c1cc(-c2ccc(O)cc2Cl)oc2c(CC3CCCCC3)c(O)cc(O)c12,44,-6.328,28.0,6.0,6.48995304107666,ok,5df3245d2935839f,42,5590ea1696d18a1ffb8569d5a7b9485bcd17d0780a92bed7a7ade4fd7d41a663
Oc1cc(F)ccc1-c1nc(CNc2ccc(CN3CCOCC3)cc2)ncc1F,44,-8.757,30.0,7.0,8.382837057113647,ok,eb626f4118d6b4b5,42,ef388c68852e870cc3942a6439309ee66808d98dfe484ee4dfd5dac234cfcd6f
c1ccc(-c2cccc3nc(-c4cncnc4)nc(NCc4ccccn4)c23)cc1,44,-7.433,30.0,5.0,8.307859182357788,ok,98ddad17abcf336d,42,661f069ceb853870b0262eaa151a64cd93a0f937b33ec3ebf1f7101a0ce7d8d6
