inchikey,pactivity,n_measurements,pactivity_std,pactivity_range,std_smiles,mw,n_heavy_atoms,n_documents,molecule_chembl_ids,primary_document,all_documents,assay_types
AACAOIDOQXDMCI-UHFFFAOYSA-N,5.004540313378936,1,,0.0,CC(=O)Nc1ccc(CNc2nc(OC3CCN(C)CC3)nc3c(C(C)C)cnn23)c(-n2ccnc2)c1,503.6110000000002,37,1,CHEMBL5556898,CHEMBL5500401,CHEMBL5500401,B
AAKJLRGGTJKAMG-UHFFFAOYSA-N,5.943095148663527,2,0.0,0.0,C#Cc1cccc(Nc2ncnc3cc(OCCOC)c(OCCOC)cc23)c1,393.4430000000002,29,2,CHEMBL553,CHEMBL4613211,CHEMBL4613211|CHEMBL5223077,B
AALKGMAUAAHNQK-HDJSIYSDSA-N,6.920818753952375,2,0.0,0.0,CN(C)S(=O)(=O)c1ccc(Nc2cc(N[C@H]3CC[C@H](N)CC3)nc3ncnn23)cc1,430.53800000000024,30,2,CHEMBL202695,CHEMBL1138980,CHEMBL1138980|CHEMBL5346898,B
AAUJENUAEZGRJZ-UHFFFAOYSA-N,6.404944910240696,1,,0.0,COCC(C)N1CCC(c2cc3c(-c4cnn(CC5CC5)c4)c(Cl)cnc3[nH]2)CC1,427.98000000000025,30,1,CHEMBL6146765,CHEMBL6092142,CHEMBL6092142,B
AAYPLLWGPJQWCC-UHFFFAOYSA-N,8.154901959985743,1,,0.0,OCCCNc1cc(-c2ncnc(Nc3cccc(Cl)c3)n2)ccn1,356.817,25,1,CHEMBL191336,CHEMBL6134823,CHEMBL6134823,B
AAYWXOINDKYXKL-UHFFFAOYSA-N,5.903089986991944,1,,0.0,Cc1nc2c(F)cc(-c3nc(Nc4ccc5c(n4)CCN(CC[N+](C)(C)[O-])C5)ncc3F)cc2n1C1CC1,520.5880000000003,38,1,CHEMBL5976713,CHEMBL5728430,CHEMBL5728430,B
ABRBNWJYESXFLE-PWSAKUHLSA-N,6.4089353929735005,1,,0.0,C[C@H](CO)Nc1nc(Nc2ccc(S(C)(=O)=NS(=O)(=O)CC[Si](C)(C)C)cc2)ncc1Br,564.6040000000003,32,1,CHEMBL3648098,CHEMBL3638817,CHEMBL3638817,B
ABXYGMKNQJBBKL-UHFFFAOYSA-N,6.690369832574101,1,,0.0,O=C1Nc2ccc(F)c3ccc(-c4ccc[nH]4)c1c23,252.24800000000002,19,1,CHEMBL312018,CHEMBL1136123,CHEMBL1136123,B
ABZXRAQIVBXXPG-UHFFFAOYSA-N,6.401921137470582,1,,0.0,COc1ccc(Cc2nnc(N3CCN(C(=S)Nc4ccc(OC)cc4)CC3)c3ccccc23)cc1,499.6400000000002,36,1,CHEMBL5431456,CHEMBL5352421,CHEMBL5352421,B
ACASJCMNZMOGPH-AWEZNQCLSA-N,6.54515513999149,1,,0.0,N[C@H](CNc1ncc(-c2ccc3[nH]c(=O)sc3c2)s1)Cc1ccc(C(F)(F)F)cc1,450.51100000000014,30,1,CHEMBL1081853,CHEMBL1154944,CHEMBL1154944,B
ACCHERNYKNJQCA-UHFFFAOYSA-N,5.700000503883016,1,,0.0,COc1ccc(-c2ocnc2C(=O)NCc2ccnc(C(F)(F)F)c2)cc1Cl,411.76700000000005,28,1,CHEMBL1957227,CHEMBL1955730,CHEMBL1955730,B
ACISHMVGWWWZAU-UHFFFAOYSA-N,4.443697499232713,1,,0.0,COc1ccc(Nc2ccnc(Nc3ccc(OCC(O)CN(C)C)cc3)n2)cc1,409.4900000000001,30,1,CHEMBL101052,CHEMBL1136192,CHEMBL1136192,B
ACNJMIYZGUUYIE-UHFFFAOYSA-N,7.853871964321762,1,,0.0,O=C(Cc1ccc(-c2ccccc2)cc1)Nc1[nH]nc2ccc(N3CCCS3(=O)=O)cc12,446.5320000000003,32,1,CHEMBL402759,CHEMBL1141545,CHEMBL1141545,B
ACWKGTGIJRCOOM-HHHXNRCGSA-N,6.163951071032141,2,0.2318618282192485,0.32790214206428203,COc1cc(F)ccc1-c1ncnc(Nc2cccc(C[S@](C)(=N)=O)c2)n1,387.4400000000001,27,2,CHEMBL4439321,CHEMBL4699469,CHEMBL4699469|CHEMBL5247634,B
ACXOEEATUCCUJW-HOTGVXAUSA-N,6.026872146400301,1,,0.0,Nc1nc(-c2cc(N3C[C@H](O)[C@@H](O)C3)ccc2O)cc(N2CCOCC2)n1,373.41300000000024,27,1,CHEMBL1800461,CHEMBL1799991,CHEMBL1799991,B
ADNQLYCKDLXBLL-UHFFFAOYSA-N,8.301029995663981,1,,0.0,Clc1cccc(Nc2nccc(-c3cnc4ccccn34)n2)c1,321.771,23,1,CHEMBL72509,CHEMBL1147565,CHEMBL1147565,B
AEMJGAHADFWBRW-UHFFFAOYSA-N,8.045757490560675,1,,0.0,Cc1ncc(-c2ccnc(Nc3ccc(C(=O)N4CCN(C)CC4)cc3)n2)n1C(C)C,419.5330000000002,31,1,CHEMBL455467,CHEMBL1152195,CHEMBL1152195,B
AEQVIUQQIMQNRU-UHFFFAOYSA-N,7.337242168318426,3,0.0,0.0,Cc1ccc2[nH]c(O)c(N=Nc3ccc(S(N)(=O)=O)cc3)c2c1,330.369,23,3,CHEMBL271843,CHEMBL1137075,CHEMBL1134300|CHEMBL1137075|CHEMBL1143196,B
AEZMHSFAAKOLNC-UHFFFAOYSA-N,7.958607314841775,1,,0.0,Cc1ncc(-c2ccnc(Nc3ccc(C(=O)NC4CCN(C)CC4)c(F)c3)n2)n1C(C)C,451.5500000000003,33,1,CHEMBL453895,CHEMBL1152195,CHEMBL1152195,B
AFTBNZZMNUUEFO-UHFFFAOYSA-N,6.036212172654444,1,,0.0,Cc1cc(Nc2nc(Nc3ccccc3S(=O)(=O)C(C)C)c3c(C)[nH]nc3n2)c(OC(C)C)cc1C1CCN(C)CC1,591.782,42,1,CHEMBL3651854,CHEMBL4715698,CHEMBL4715698,B
AGGGWZCOULSEER-ATNAJCNCSA-N,5.958607314841775,1,,0.0,CC[C@H](Nc1nc(NCc2cccnc2)c2ncn(C(C)C)c2n1)C(O)C(C)C,397.52700000000016,29,1,CHEMBL1922210,CHEMBL3639056,CHEMBL3639056,B
AGGGWZCOULSEER-PYUWXLGESA-N,6.161150909262744,1,,0.0,CC[C@@H](Nc1nc(NCc2cccnc2)c2ncn(C(C)C)c2n1)C(O)C(C)C,397.52700000000016,29,1,CHEMBL1922121,CHEMBL3639056,CHEMBL3639056,B
AGIIDJZSMZSLJN-UHFFFAOYSA-N,7.337242168318426,1,,0.0,NC(=O)Nc1cccc2c1C(=O)c1c(-c3csc(Cl)c3)n[nH]c1-2,344.783,23,1,CHEMBL151546,CHEMBL4406795,CHEMBL4406795,B
AGKFRSBXJJPUFG-UHFFFAOYSA-N,4.376750709602099,1,,0.0,Nc1nccc(-n2ccc3cccnc32)n1,211.228,16,1,CHEMBL2348170,CHEMBL2346586,CHEMBL2346586,B
AHERCVYSASKJDT-UHFFFAOYSA-N,7.698970004336019,1,,0.0,O=C(Cc1cccc2ccccc12)Nc1[nH]nc2ccc(N3CCCS3(=O)=O)cc12,420.49400000000026,30,1,CHEMBL254367,CHEMBL1141545,CHEMBL1141545,B
AHFARWUGWOGTLO-UHFFFAOYSA-N,7.075720713938118,1,,0.0,Cc1nc2ccc(-c3ccnc4[nH]c(C5CCN(CC(=O)N(C)C)CC5)cc34)cc2n1C(C)C,458.61000000000024,34,1,CHEMBL5181709,CHEMBL5096204,CHEMBL5096204,B
AHIGNMOICQUWNV-UHFFFAOYSA-N,6.625251653989896,1,,0.0,Cn1cc(C2=C(c3coc4cc(CO)ccc34)C(=O)NC2=O)c2cc(F)ccc21,390.37000000000006,29,1,CHEMBL477038,CHEMBL1153825,CHEMBL1153825,B
AHJRHEGDXFFMBM-UHFFFAOYSA-N,7.3191360819912035,2,0.962886986978523,1.361727836017593,CC(=O)c1c(C)c2cnc(Nc3ccc(N4CCNCC4)cn3)nc2n(C2CCCC2)c1=O,447.54300000000035,33,2,CHEMBL189963,CHEMBL3886995,CHEMBL3886995|CHEMBL6134823,B
AHNKZHOSFCUALJ-HIFRSBDPSA-N,7.3979400086720375,1,,0.0,CC[C@H](Nc1nc(NCc2ccncc2)c2ncn(C(C)C)c2n1)[C@@H](C)O,369.4730000000001,27,1,CHEMBL3655770,CHEMBL3638727,CHEMBL3638727,B
AHVALJRQHQNXRG-UHFFFAOYSA-N,7.086186147616283,1,,0.0,O=C1OCC=c2c1c[nH]c2=Cc1c(O)[nH]c2ccc(F)cc12,298.273,22,1,CHEMBL59110,CHEMBL1136528,CHEMBL1136528,B
AIEKRKAVLKYXDY-UHFFFAOYSA-N,7.365711014058578,2,0.24309056653936684,0.3437819760849319,Fc1ccccc1-c1cc(NCc2ccncc2)n2ncc(Cl)c2n1,353.788,25,1,CHEMBL3642649,CHEMBL3639187,CHEMBL3639187,B
AILLCBRMQPBNQN-UHFFFAOYSA-N,7.189100387998666,2,0.9401289791162634,1.3295431526461918,CS(=O)(=O)N1CCC(Nc2ncc(C(F)(F)F)c(-c3cnn(-c4ccc(C#N)cc4Cl)c3)n2)CC1,525.9440000000003,35,1,CHEMBL5592661,CHEMBL5528049,CHEMBL5528049,B
AILSZRQGUSMGLC-UHFFFAOYSA-N,5.920818753952375,1,,0.0,CCCOc1c[nH]c(CN=Cc2c(=O)[nH]c(O)c3ccc(C4CCCC4)cc23)cc1=O,421.49700000000024,31,1,CHEMBL477259,CHEMBL1153424,CHEMBL1153424,B
AJGWZNNOCKCXMO-UHFFFAOYSA-N,5.161150909262744,1,,0.0,COc1ccc(CN=Cc2c(=O)[nH]c(O)c3ccccc23)cc1O,324.33600000000007,24,1,CHEMBL489430,CHEMBL1153424,CHEMBL1153424,B
AJLPDJZYNSSQJO-UHFFFAOYSA-N,6.638272163982407,1,,0.0,CC(C)Oc1ccc2c(-c3ccnc(Nc4ccc(N5CCN(C)CC5)cc4)n3)cnn2n1,444.54300000000023,33,1,CHEMBL496162,CHEMBL1143431,CHEMBL1143431,B
AJNPBOWCTJZTHG-SANMLTNESA-N,6.22548303427145,1,,0.0,C=CC(=O)Nc1ccc(C(=O)Nc2[nH]nc3ccc(-c4cncc(N[C@H](CO)Cc5ccccc5)c4)cc23)cc1,532.6040000000003,40,1,CHEMBL5269885,CHEMBL5236590,CHEMBL5236590,B
AKDZNPFQMDRCMU-UHFFFAOYSA-N,7.844663962534938,2,0.0,0.0,Cc1nc2c(F)cc(-c3nc(Nc4ccc5c(n4)CCN(C(=O)CCN(C)C)C5)ncc3F)cc2n1C(C)(C)C,548.6420000000003,40,2,CHEMBL5830076,CHEMBL5727719,CHEMBL5727719|CHEMBL5728430,B
AKEMXASAMBDUOC-UHFFFAOYSA-N,8.522878745280337,1,,0.0,c1cc(Nc2nccc(-c3cnn4ncccc34)n2)cc(-c2cocn2)c1,355.3610000000001,27,1,CHEMBL497564,CHEMBL1143431,CHEMBL1143431,B
AKGTYSYXMRZPBV-UHFFFAOYSA-N,7.260427655549908,2,0.0,0.0,Cc1nc2c(F)cc(-c3nc(Nc4ccc5c(n4)CCN(CCN(C)C)C5)ncc3F)cc2n1C(C)(C)C,520.6320000000003,38,2,CHEMBL4466497,CHEMBL5727719,CHEMBL5727719|CHEMBL5728430,B
AKIIIZOJWRPEPQ-UHFFFAOYSA-N,6.275724130399211,1,,0.0,O=C(Nc1c[nH]nc1-c1nc2cc(CN3CCOCC3)ccc2[nH]1)c1ccc(F)cc1,420.44800000000015,31,1,CHEMBL522563,CHEMBL1139387,CHEMBL1139387,B
AKKYFIFRTKACRF-UHFFFAOYSA-N,7.795880017344075,1,,0.0,COCCNS(=O)(=O)c1ccc(Nc2nccc(-c3cnc4ccc(Sc5ccccc5)cn34)n2)cc1,532.6510000000002,37,1,CHEMBL307808,CHEMBL1147565,CHEMBL1147565,B
AKQOBHZKBDHWQI-BZEFIUHZSA-N,6.192464971931146,1,,0.0,[2H]C([2H])([2H])NS(=O)(=O)c1ccc(Nc2ncc3c(n2)N([C@@H]2CCC[C@@H](O)C2)C(=O)C32CC2)cc1,446.5473053340004,31,1,CHEMBL5199259,CHEMBL5126669,CHEMBL5126669,B
AKQOBHZKBDHWQI-HUUCEWRRSA-N,6.173925197299173,1,,0.0,CNS(=O)(=O)c1ccc(Nc2ncc3c(n2)N([C@@H]2CCC[C@@H](O)C2)C(=O)C32CC2)cc1,443.52900000000034,31,1,CHEMBL5179962,CHEMBL5126669,CHEMBL5126669,B
AKUJQCDZMJSNMC-UHFFFAOYSA-N,6.931956951307951,2,0.015751789760643998,0.022276394711152392,CCN1CCC(c2ccc(Nc3ncc(F)c(-c4cc(F)c5nc6n(c5c4)C(C)(C)CC6)n3)nc2)CC1,503.60100000000034,37,1,CHEMBL6064669,CHEMBL5729140,CHEMBL5729140,B
ALIGWJQALOEVKJ-UHFFFAOYSA-N,5.214670164989233,1,,0.0,O=C(O)c1ccc([N+](=O)[O-])cc1NCCc1c[nH]c2ccccc12,325.32400000000007,24,1,CHEMBL5401897,CHEMBL5380784,CHEMBL5380784,B
ALNJIRVGTQKZMG-UHFFFAOYSA-N,5.537602002101044,1,,0.0,Nc1cc(OCC2CCCCC2)nc(Nc2ccc(S(N)(=O)=O)cc2)n1,377.4700000000001,26,1,CHEMBL104467,CHEMBL1136212,CHEMBL1136212,B
AMDWMDLEIXAHBS-UHFFFAOYSA-N,6.714495163845347,2,2.256107279086138,3.1906175122522775,NS(=O)(=O)c1ccc(Nc2ncc3c(n2)N(C2CCCC2)C(=O)C32CC2)cc1,399.47600000000034,28,1,CHEMBL5186159,CHEMBL5126669,CHEMBL5126669,B
AMVGGNXTABOYMX-UHFFFAOYSA-N,6.657577319177793,1,,0.0,CNC(=O)c1nn(C)c2c1C(C)(C)Cc1cnc(Nc3cccc(N(C)C)c3)nc1-2,405.5060000000001,30,1,CHEMBL563366,CHEMBL1151962,CHEMBL1151962,B
ANELMUPUYRZVHZ-UHFFFAOYSA-N,7.823908740944319,2,0.0,0.0,Cc1nc2c(F)cc(-c3nc(Nc4ccc5c(n4)CCNC5)ncc3F)cc2n1C(C)C1CC1,461.5200000000002,34,2,CHEMBL5865665,CHEMBL5727719,CHEMBL5727719|CHEMBL5728430,B
ANQDQWWAMYOUDW-UHFFFAOYSA-N,4.690369832574102,1,,0.0,O=c1[nH]c(O)c(C=Nc2ccc(CN3CCCCC3)cc2)c2cc(I)ccc12,487.34100000000035,28,1,CHEMBL486302,CHEMBL1150411,CHEMBL1150411,B
AOMMPEGZDRAGRC-UHFFFAOYSA-N,4.823908740944319,1,,0.0,CCN1C(=O)C(C)(C)c2cc3[nH]c4c(c3cc21)CCCc1c(C)n[nH]c1-4,348.4500000000001,26,1,CHEMBL223147,CHEMBL1155876,CHEMBL1155876,B
AOSKHAXBGHJEBD-XYPYZODXSA-N,8.522878745280337,1,,0.0,N[C@H]1CC[C@H](Nc2cc(Nc3ccc(F)c(Cl)c3)n3ncc(Cl)c3n2)CC1,409.29600000000016,27,1,CHEMBL2163996,CHEMBL2163300,CHEMBL2163300,B
APLSHXFBXOJEDP-UHFFFAOYSA-N,6.8696662315049934,1,,0.0,CC(=O)N1CCC(n2cc(Nc3ncc(Cl)c(-c4cnc5ccccn45)n3)c(C)n2)CC1,450.93400000000025,32,1,CHEMBL3823278,CHEMBL3822394,CHEMBL3822394,B
APPNGZTWXMXGRZ-UHFFFAOYSA-N,6.219682687859849,1,,0.0,COc1ccccc1C(=O)c1ccc2nc(N)c(C(=O)c3c(F)cccc3F)n2c1,407.37600000000003,30,1,CHEMBL188673,CHEMBL1138729,CHEMBL1138729,B
APWGKQAYROBBCL-UHFFFAOYSA-N,7.481486060122112,1,,0.0,Nc1nc2ccc(C(=O)c3c(F)cccc3Cl)cc2n1Cc1c(F)cccc1F,415.8020000000001,29,1,CHEMBL1241662,CHEMBL1240533,CHEMBL1240533,B
ARBBEKDOCAENFF-UHFFFAOYSA-N,6.917214629683549,1,,0.0,Nc1nc2ccc(C(=O)c3c(F)cccc3F)cn2c1C(=O)c1c(Cl)cccc1Cl,446.2400000000001,30,1,CHEMBL186800,CHEMBL1138729,CHEMBL1138729,B
ARMFMDYRYOKSOW-UHFFFAOYSA-N,5.81901441921327,1,,0.0,CCNC(=O)N1CCC(Nc2ncc(Cl)c(-c3c[nH]c4ccccc34)n2)CC1,398.89800000000014,28,1,CHEMBL248176,CHEMBL1139954,CHEMBL1139954,B
ARRKXMMPNGFEAU-UHFFFAOYSA-N,7.200659450546418,1,,0.0,CCOc1nc(Nc2ccc(S(=N)(=O)CC)cc2)ncc1Br,385.28700000000003,22,1,CHEMBL3648097,CHEMBL3638817,CHEMBL3638817,B
ARWADAMVSZOLNL-UHFFFAOYSA-N,6.3872161432802645,1,,0.0,COc1cc(F)ccc1-c1nc(Nc2cccc(CS(=N)(=O)C3CC3)c2)ncc1F,430.48000000000013,30,1,CHEMBL3921855,CHEMBL3886246,CHEMBL3886246,B
ASHIKBJIMQAXRA-UHFFFAOYSA-N,5.0,1,,0.0,C#Cc1ccc2ccn(-c3ccnc(N)n3)c2c1,234.262,18,1,CHEMBL2348171,CHEMBL2346586,CHEMBL2346586,B
ATFLVTOQJPRCSY-UHFFFAOYSA-N,5.552841968657781,1,,0.0,O=C(O)c1cc([N+](=O)[O-])c(Br)cc1NCCc1c[nH]c2ccccc12,404.22000000000014,25,1,CHEMBL5423683,CHEMBL5380784,CHEMBL5380784,B
ATVWBFJVDAHZRG-UHFFFAOYSA-N,7.886056647693163,2,0.0,0.0,NS(=O)(=O)c1ccc(N=Nc2c(=O)[nH]c3ccc4[nH][nH]cc4c23)cc1,356.367,25,2,CHEMBL272833,CHEMBL1134300,CHEMBL1134300|CHEMBL1143196,B
AUAUBVTWWCYNPP-UHFFFAOYSA-N,7.0,1,,0.0,CN1CCN(c2ccc(Nc3nccc(-c4cnn5ncccc45)n3)cc2)CC1,386.46300000000014,29,1,CHEMBL495545,CHEMBL1143431,CHEMBL1143431,B
AUEDZAHHSVPOOC-UHFFFAOYSA-N,5.920818753952375,1,,0.0,CC(C)(C)Nc1nc(C(F)(F)F)nc2ccc(-c3cccnc3)cc12,346.356,25,1,CHEMBL16484,CHEMBL1240533,CHEMBL1240533,B
AVBAKIPEZOKYCC-UHFFFAOYSA-N,7.769551078621726,1,,0.0,Cc1ncc(-c2ccnc(Nc3ccc(C(=O)NC4CC4)cc3)n2)n1C(C)C,376.46400000000017,28,1,CHEMBL487066,CHEMBL1152177,CHEMBL1152177,B
AVIWDYSJSPOOAR-YSSOQSIOSA-N,9.0,1,,0.0,CC(=O)N[C@@H]1CCCC(C(=O)Nc2cc(-c3cnn4c3CC(C)(C)C4)c(Cl)cn2)C1,429.9520000000003,30,1,CHEMBL4462530,CHEMBL6092142,CHEMBL6092142,B
AVKHUGZDSUKIKQ-UHFFFAOYSA-N,7.690369832574101,1,,0.0,Cc1nc2c(F)cc(-c3nc(Nc4ccc5c(n4)CCN(C(=O)C4CC(O)C4)C5)ncc3F)cc2n1C(C)C,533.5830000000002,39,1,CHEMBL5899535,CHEMBL5728430,CHEMBL5728430,B
AWCHMFGQIYZKHQ-UHFFFAOYSA-N,5.958607314841775,1,,0.0,Nc1nccc(-n2cc(-c3cccnc3)c3cnccc32)n1,288.314,22,1,CHEMBL2348162,CHEMBL2346586,CHEMBL2346586,B
AWSGLYKKQMTOCZ-UHFFFAOYSA-N,7.429457060118103,1,,0.0,Cc1nc2c(F)cc(-c3nc(Nc4ccc5c(n4)CCN(C(=O)CN)C5)ncc3F)cc2n1C(C)C,492.5340000000003,36,1,CHEMBL5894084,CHEMBL5728430,CHEMBL5728430,B
AWSLSQGTMWLKRH-UHFFFAOYSA-N,7.698970004336019,1,,0.0,COc1ccc2nc3[nH]nc(C)c3c(OC)c2c1,243.26599999999996,18,1,CHEMBL603097,CHEMBL1156890,CHEMBL1156890,B
AWSQADBSXFTFKL-UHFFFAOYSA-N,6.853871964321762,2,0.0,0.0,O=S1(=O)NCCCNc2nc(ncc2Br)Nc2cccc1c2,384.25900000000007,22,2,CHEMBL1235529,CHEMBL2203227,CHEMBL2203227|CHEMBL4613207,B
AWTKTGLFVCACHC-UHFFFAOYSA-N,6.2182446253475305,1,,0.0,CCNC(=O)N1CCC(Nc2ncc(Cl)c(-c3cnc4ccccn34)n2)CC1,399.88600000000014,28,1,CHEMBL397531,CHEMBL1139954,CHEMBL1139954,B
AWYIDZJUHWGVPJ-WDZFZDKYSA-N,6.2441251443275085,1,,0.0,N=C1NC(=O)/C(=C/c2ccc(-c3ccc(S(N)(=O)=O)c(Cl)c3)o2)S1,383.8380000000001,24,1,CHEMBL396614,CHEMBL1149560,CHEMBL1149560,B
AWZRGPIFBNJODY-UHFFFAOYSA-N,7.226945306635738,2,0.0,0.0,CCOP(=O)(CCN(C)CCN1CCc2nc(Nc3ncc(F)c(-c4cc(F)c5nc(C)n(C(C)(C)C)c5c4)n3)ccc2C1)OCC,670.7459999999999,47,2,CHEMBL5772567,CHEMBL5727719,CHEMBL5727719|CHEMBL5728430,B
AXRLMUXJHUDPKS-UHFFFAOYSA-N,6.530177984021837,1,,0.0,Cc1ncc(-c2ccnc(Nc3ccc(S(=O)(=O)CCCN(C)C)cc3)n2)n1C,414.53500000000025,29,1,CHEMBL458548,CHEMBL1142453,CHEMBL1142453,B
AXTGGTFVALFVDO-UHFFFAOYSA-N,7.809668301829708,2,0.0,0.0,Cc1nc2c(F)cc(-c3nc(Nc4ccc5c(n4)CCN(C)C5)ncc3F)cc2n1C(C)C,449.5090000000002,33,2,CHEMBL5813772,CHEMBL5727719,CHEMBL5727719|CHEMBL5728430,B
AXTMWNUGUQHTGO-UHFFFAOYSA-N,6.769551078621726,1,,0.0,CC(C)(C)c1cc(NCc2ccncc2)n2ncc(Br)c2n1,360.259,22,1,CHEMBL3642652,CHEMBL3639187,CHEMBL3639187,B
AXWDQRXGOKDXJT-UHFFFAOYSA-N,7.207608310501746,1,,0.0,O=C(Nc1[nH]nc2nc(-c3cccc(O)c3)ccc12)C1CC1,294.31400000000014,22,1,CHEMBL408019,CHEMBL1136207,CHEMBL1136207,B
AYAUBPBWQRHWHG-UHFFFAOYSA-N,6.368556230986828,1,,0.0,Nc1nc2ccc(C(=O)c3ccccc3Cl)cn2c1C(=O)c1c(F)cccc1F,411.79500000000013,29,1,CHEMBL365209,CHEMBL1138729,CHEMBL1138729,B
AYHWTHWMLDRSHF-GOSISDBHSA-N,6.578396073130168,1,,0.0,C=CC(=O)Nc1ccc(S(=O)(=O)N2CCC[C@@H](Nc3ncc(SCc4ncc(C(C)(C)C)o4)s3)C2)cc1,561.7550000000001,37,1,CHEMBL5940888,CHEMBL5728751,CHEMBL5728751,B
AYHWTHWMLDRSHF-UHFFFAOYSA-N,6.578396073130168,1,,0.0,C=CC(=O)Nc1ccc(S(=O)(=O)N2CCCC(Nc3ncc(SCc4ncc(C(C)(C)C)o4)s3)C2)cc1,561.7550000000001,37,1,CHEMBL4756935,CHEMBL4739712,CHEMBL4739712,B
AYOMJWCPTKKGCF-UHFFFAOYSA-N,6.508638306165727,1,,0.0,Nc1nccc(-n2cc(-c3ccccc3)c3cnccc32)n1,287.326,22,1,CHEMBL2348164,CHEMBL2346586,CHEMBL2346586,B
AZENZYQBDCPVQO-UHFFFAOYSA-N,7.496209316942819,2,0.0,0.0,CC(=O)N1CCc2nc(Nc3ncc(F)c(-c4cc(F)c5nc(C)n(C(C)C)c5c4)n3)ccc2C1,477.51900000000023,35,2,CHEMBL5834517,CHEMBL5727719,CHEMBL5727719|CHEMBL5728430,B
AZHXFKCTCUPFGL-UHFFFAOYSA-N,8.221848749616356,1,,0.0,Cc1ccc(F)c(Nc2ccnc(Nc3ccc(S(N)(=O)=O)cc3)n2)c1,373.4130000000001,26,1,CHEMBL103355,CHEMBL1136202,CHEMBL1136202,B
AZVXQMYRGLZWMS-UHFFFAOYSA-N,6.251811972993799,1,,0.0,CCOC(=O)N=S(C)(=O)Cc1cc(F)cc(Nc2ncc(F)c(-c3ccc(F)cc3OC)n2)c1,494.4950000000002,34,1,CHEMBL3934755,CHEMBL3886246,CHEMBL3886246,B
BACSZMCLZIDTIO-IBGZPJMESA-N,8.698970004336019,1,,0.0,Cc1ncc(-c2nc(Nc3ccc(C(=O)N4CC[C@H](N(C)C)C4)cc3)ncc2F)n1C(C)C,451.5500000000002,33,1,CHEMBL460102,CHEMBL1152195,CHEMBL1152195,B
BACSZMCLZIDTIO-LJQANCHMSA-N,8.221848749616356,1,,0.0,Cc1ncc(-c2nc(Nc3ccc(C(=O)N4CC[C@@H](N(C)C)C4)cc3)ncc2F)n1C(C)C,451.5500000000002,33,1,CHEMBL460103,CHEMBL1152195,CHEMBL1152195,B
BAFFTSARAOAHFW-UHFFFAOYSA-N,5.962573502059376,1,,0.0,Cc1nc2c(F)cc(-c3nc(Nc4ncc5c(n4)CCN(C(=O)CN(C)C)C5)ncc3F)cc2n1C(C)C,521.5760000000002,38,1,CHEMBL5952864,CHEMBL5728430,CHEMBL5728430,B
BAOWDLOLYGOWOE-GHMZBOCLSA-N,8.008864383480216,2,0.301205379163167,0.42596873227228116,C[C@@H](O)[C@@H](C)Oc1nc(Nc2ccc(S(=O)(=O)C3CC3)cc2)ncc1C(F)(F)F,431.43600000000015,29,1,CHEMBL3644032,CHEMBL3639233,CHEMBL3639233,B
BAPMZESGRJMZNL-UHFFFAOYSA-N,7.71669877129645,2,0.0,0.0,Cc1nc2c(F)cc(-c3nc(Nc4ccc5c(n4)CCN(CCN(C)C)C5)ncc3F)cc2n1C1CCCCC1,546.6700000000002,40,2,CHEMBL4438059,CHEMBL5727719,CHEMBL5727719|CHEMBL5728430,B
BASWGBOBVOPWNF-UHFFFAOYSA-N,7.431798275933005,1,,0.0,COc1ccc(NC(=S)NC(=O)c2cn(-c3ccccc3)nc2-c2ccc(Cl)cc2)cc1,462.9620000000001,32,1,CHEMBL2426387,CHEMBL2424530,CHEMBL2424530,B
BAUPLMMFMLNKKB-UHFFFAOYSA-N,6.461643377654988,2,0.36713411368585847,0.5192060427843668,O=C1NCC2(CCCCC2)n2c1cc1cnc(Nc3ccc(N4CCN(C5CCC5)CC4)cn3)nc12,486.6240000000004,36,1,CHEMBL3967732,CHEMBL3886995,CHEMBL3886995,B
BAXOFTOLAUCFNW-UHFFFAOYSA-N,3.7328282715969863,2,0.0,0.0,c1ccc2[nH]ncc2c1,118.13899999999998,9,2,CHEMBL86795,CHEMBL1156543,CHEMBL1156543|CHEMBL1817560,B
BBACZASSMOBONU-UHFFFAOYSA-N,6.991399828238082,1,,0.0,Nc1nc2ccc(C(=O)c3c(F)cccc3F)cn2c1C(=O)c1c(F)cccc1Cl,429.7850000000001,30,1,CHEMBL185854,CHEMBL1138729,CHEMBL1138729,B
BBQOARXEMKNYLC-UHFFFAOYSA-N,6.315154638355588,2,0.0,0.0,O=C(Nc1[nH]nc2cc(-c3ccsc3)ccc12)C1CC1,283.3560000000001,20,2,CHEMBL260928,CHEMBL1136207,CHEMBL1136207|CHEMBL1156672,B
BBUVDDPUURMFOX-MAEOIBBWSA-N,6.425968732272281,1,,0.0,C[C@H]1CC[C@@H](n2c3cnccc3c3cnc(Nc4ccc5c(n4)CCN(C(=O)CO)C5)nc32)CC1,471.5650000000004,35,1,CHEMBL5207533,CHEMBL5149977,CHEMBL5149977,B
BCFGMOOMADDAQU-UHFFFAOYSA-N,4.958607314841775,1,,0.0,CS(=O)(=O)CCNCc1ccc(-c2ccc3ncnc(Nc4ccc(OCc5cccc(F)c5)c(Cl)c4)c3c2)o1,581.0690000000002,40,1,CHEMBL554,CHEMBL1629443,CHEMBL1629443,B
BDKLBVUOSJBBMO-UHFFFAOYSA-N,8.221848749616356,1,,0.0,CCCCOc1c(C(=O)c2c(F)cc(C)cc2F)ccc2[nH]ncc12,344.361,25,1,CHEMBL1241567,CHEMBL1240533,CHEMBL1240533,B
BDPITHPBMLTQRJ-UHFFFAOYSA-N,6.468521082957745,1,,0.0,O=C1NCC=c2c1c[nH]c2=Cc1c(O)[nH]c2cccc(CCO)c12,323.35200000000003,24,1,CHEMBL445607,CHEMBL1136528,CHEMBL1136528,B
BDRDBXXWQDFXEC-UHFFFAOYSA-N,8.522878745280337,1,,0.0,O=C(Nc1ccc(F)cc1)c1[nH]ncc1NC(=O)c1c(F)cccc1F,360.2950000000001,26,1,CHEMBL518383,CHEMBL1156543,CHEMBL1156543,B
BDRPEEVXRRASAS-UHFFFAOYSA-N,6.886056647693163,1,,0.0,COc1cc(CS(C)(=O)=NC#N)cc(Nc2ncc(F)c(-c3ccc(F)cc3OC)n2)c1,459.4780000000002,32,1,CHEMBL3934141,CHEMBL3886246,CHEMBL3886246,B
BDSZDRUCZASOJD-UHFFFAOYSA-N,5.337242168318426,1,,0.0,O=C(c1ccc(-c2ccnc3[nH]c(-c4ccc(CN5CCOCC5)cc4)nc23)cc1)N1CCCC1,467.5730000000004,35,1,CHEMBL5201044,CHEMBL5096204,CHEMBL5096204,B
BDYPUORSRWNQAZ-UHFFFAOYSA-N,4.782516055786093,2,0.0,0.0,N#Cc1ccc2ccn(-c3ccnc(N)n3)c2c1,235.25,18,2,CHEMBL2334966,CHEMBL2346586,CHEMBL2346586|CHEMBL6134833,B
BEFVJTSMLGHNEY-UHFFFAOYSA-N,7.251811972993799,1,,0.0,COc1ccc(NC(=S)NC(=O)c2cn(-c3ccccc3)nc2-c2ccccc2)cc1,428.5170000000001,31,1,CHEMBL2426399,CHEMBL2424530,CHEMBL2424530,B
BENAWDZPBLPFCU-UHFFFAOYSA-N,8.074172425375258,1,,0.0,Cc1nc2c(F)cc(-c3nc(Nc4ccc5c(n4)CCN(CC(N)=NO)C5)ncc3F)cc2n1C(C)C,507.54900000000026,37,1,CHEMBL6020742,CHEMBL5728430,CHEMBL5728430,B
BETBNWGUKZUUAX-OTVXOJSOSA-N,6.3872161432802645,1,,0.0,Nc1ncnc2c1c(-c1cccc(O)c1)cn2[C@H]1C[C@@H](CN2CCC2)C1,349.4380000000002,26,1,CHEMBL3787112,CHEMBL3785066,CHEMBL3785066,B
BEUXYMIIIBPCKC-UHFFFAOYSA-N,5.050609993355087,1,,0.0,CCOc1ccccc1Nc1cc2[nH]c(-c3cn[nH]c3)cc2cn1,319.36800000000005,24,1,CHEMBL3109954,CHEMBL5584232,CHEMBL5584232,B
BEYPVZLSMWIZRD-UHFFFAOYSA-N,6.809668301829708,1,,0.0,O=C(CCCOc1ccc(CC(=O)Nc2cc(C3CCC3)[nH]n2)cc1)NCCCCNc1cccc2c1C(=O)N(C1CCC(=O)NC1=O)C2=O,683.7660000000001,50,1,CHEMBL4864688,CHEMBL4819106,CHEMBL4819106,B
BFEVMCZTMCQMQX-UHFFFAOYSA-N,4.481685552318919,2,0.018617371112018118,0.026328938722349093,CN(C)CC(O)COc1ccc(Nc2nccc(Nc3ccccc3)n2)cc1,379.46400000000006,28,2,CHEMBL102047,CHEMBL1136192,CHEMBL1136192|CHEMBL1136202,B
BHEDZIRZEYUIFN-UHFFFAOYSA-N,7.080921907623926,1,,0.0,CNC(=O)c1nn(C)c2c1C(C)(C)Cc1cnc(Nc3cccc(CN(C)C)c3)nc1-2,419.53300000000013,31,1,CHEMBL550964,CHEMBL1151962,CHEMBL1151962,B
BHZSNUSFIUCOCH-UHFFFAOYSA-N,4.376750709602099,1,,0.0,Nc1cc(NCCc2c[nH]c3ccccc23)c(C(=O)O)cc1[N+](=O)[O-],340.33900000000006,25,1,CHEMBL5407777,CHEMBL5380784,CHEMBL5380784,B
BIIVYFLTOXDAOV-PXAZEXFGSA-N,6.769551078621726,1,,0.0,CN1CC[C@@H](c2c(O)cc(O)c3c(=O)cc(-c4ccccc4Cl)oc23)[C@@H](O)C1,401.8460000000001,28,1,CHEMBL8817,CHEMBL5143610,CHEMBL5143610,B
BIIVYFLTOXDAOV-TYJDENFWSA-N,6.657577319177793,1,,0.0,CN1CCC(c2c(O)cc(O)c3c(=O)cc(-c4ccccc4Cl)oc23)[C@@H](O)C1,401.8460000000001,28,1,CHEMBL418203,CHEMBL1135924,CHEMBL1135924,B
BIIVYFLTOXDAOV-YVEFUNNKSA-N,6.769551078621726,18,0.3946075248309479,1.6020599913279625,CN1CC[C@H](c2c(O)cc(O)c3c(=O)cc(-c4ccccc4Cl)oc23)[C@H](O)C1,401.8460000000001,28,18,CHEMBL428690,CHEMBL1221210,CHEMBL1221210|CHEMBL1240533|CHEMBL3813619|CHEMBL4270504|CHEMBL4346699|CHEMBL4402527|CHEMBL4665831|CHEMBL4699469|CHEMBL5131375|CHEMBL5131376|CHEMBL5223102|CHEMBL5226297|CHEMBL5230096|CHEMBL5247634|CHEMBL5252533|CHEMBL5338803|CHEMBL5543128|CHEMBL6134823,B
BIOJVWLNPPOUGW-AIGWJHGLSA-N,7.619788758288394,1,,0.0,CCS(=N)(=O)c1ccc(Nc2ncc(Br)c(N[C@@H](C)C(C)(C)O)n2)cc1,442.3830000000001,26,1,CHEMBL3648124,CHEMBL3638817,CHEMBL3638817,B
BIOJVWLNPPOUGW-RRSIMWOXSA-N,7.934833115752497,2,0.517880594069533,0.7323937598229691,CCS(=N)(=O)c1ccc(Nc2ncc(Br)c(N[C@H](C)C(C)(C)O)n2)cc1,442.3830000000001,26,1,CHEMBL3648123,CHEMBL3638817,CHEMBL3638817,B
BIUSOGXDWCLKOI-WJDWOHSUSA-N,6.2441251443275085,1,,0.0,CN(C)CCNS(=O)(=O)c1ccc(-c2ccc(/C=C3\SC(=N)NC3=O)o2)cc1,420.5160000000001,28,1,CHEMBL233554,CHEMBL1149560,CHEMBL1149560,B
BJCMPHPEECZLCT-LSDHQDQOSA-N,4.017728766960432,1,,0.0,Nc1nonc1-n1nnc(C(=O)/N=N/Cc2ccncc2)c1CN1CCCCC1,396.4150000000003,29,1,CHEMBL5278835,CHEMBL5236544,CHEMBL5236544,B
BJDCORPGTMJYTL-UHFFFAOYSA-N,7.520484076358732,4,1.3608010909286143,2.3569814009931314,CC(C(=O)Nc1cc(C2CC2)[nH]n1)c1ccc(N2CCNC2=O)cc1,339.39900000000006,25,1,CHEMBL189047|CHEMBL192602,CHEMBL1140962,CHEMBL1140962,B
BJNLYPVJPNQSND-UHFFFAOYSA-N,6.499900808084277,1,,0.0,CCC(=O)Nc1ccc(CNc2nc(NC3CCOCC3)nc3c(C(C)C)cnn23)cc1,437.5480000000002,32,1,CHEMBL5557963,CHEMBL5500401,CHEMBL5500401,B
BJQYAIRJKXXIOH-UHFFFAOYSA-N,7.795880017344075,3,0.0,0.0,CS(=O)(=O)c1ccc2[nH]c(O)c(N=Nc3ccc(S(N)(=O)=O)cc3)c2c1,394.4340000000001,26,3,CHEMBL272389,CHEMBL1137075,CHEMBL1134300|CHEMBL1137075|CHEMBL1143196,B
BKBYGIARQARTNG-UHFFFAOYSA-N,5.573163546196492,1,,0.0,CNCC(=O)N1CCC(Nc2ncc(Cl)c(-c3c[nH]c4ccccc34)n2)CC1,398.89800000000014,28,1,CHEMBL393861,CHEMBL1139954,CHEMBL1139954,B
BKDUVKJYBJDZQW-UHFFFAOYSA-N,8.301029995663981,1,,0.0,NS(=O)(=O)c1cccc(Nc2nc(OCC3CCCCC3)c3[nH]cnc3n2)c1,402.4800000000002,28,1,CHEMBL123368,CHEMBL6182841,CHEMBL6182841,B
BKUMVXIXUVYKDQ-GHXNOFRVSA-N,6.7447274948966935,1,,0.0,N=C1NC(=O)/C(=C/c2ccc(-c3ccc(S(N)(=O)=O)cc3)o2)S1,349.3930000000001,23,1,CHEMBL233149,CHEMBL1149560,CHEMBL1149560,B
BLGAPWCYLDPMFH-UHFFFAOYSA-N,6.306273051076353,1,,0.0,COc1nn(C2CCN(C(C)=O)CC2)cc1Nc1ncc(Cl)c(-c2cnc3ccccn23)n1,466.9330000000001,33,1,CHEMBL3822858,CHEMBL3822394,CHEMBL3822394,B
BLILWBDSCDHCKK-UHFFFAOYSA-N,7.853871964321762,1,,0.0,Cn1nc(C(N)=O)c2c1-c1nc(Nc3ccc(N4CCOCC4)cc3)ncc1CC2,405.4620000000003,30,1,CHEMBL556881,CHEMBL1151962,CHEMBL1151962,B
BLUORUUGUNHQIW-HXUWFJFHSA-N,7.6401645176601125,1,,0.0,C=CC(=O)Nc1ccc(C(=O)N2CCC[C@@H](Nc3ncc(C=Cc4ncc(C(C)(C)C)o4)s3)C2)cc1,505.64400000000023,36,1,CHEMBL5858311,CHEMBL5728751,CHEMBL5728751,B
BLUORUUGUNHQIW-UHFFFAOYSA-N,7.6401645176601125,1,,0.0,C=CC(=O)Nc1ccc(C(=O)N2CCCC(Nc3ncc(C=Cc4ncc(C(C)(C)C)o4)s3)C2)cc1,505.64400000000023,36,1,CHEMBL4753350,CHEMBL4739712,CHEMBL4739712,B
BLVLYWOLAOAKQM-GOSISDBHSA-N,6.899629454882437,1,,0.0,C=CC(=O)Nc1ccc(C(=O)N2CCC[C@@H](Nc3ncc(SCc4ncc(C(C)(C)C)o4)s3)C2)c(OC)c1,555.7260000000002,38,1,CHEMBL5900559,CHEMBL5728751,CHEMBL5728751,B
BLVLYWOLAOAKQM-UHFFFAOYSA-N,6.899629454882437,1,,0.0,C=CC(=O)Nc1ccc(C(=O)N2CCCC(Nc3ncc(SCc4ncc(C(C)(C)C)o4)s3)C2)c(OC)c1,555.7260000000002,38,1,CHEMBL4746993,CHEMBL4739712,CHEMBL4739712,B
BMBFWSJTQOPTEI-UHFFFAOYSA-N,4.698970004336019,1,,0.0,CN(C)C(=O)c1cc2cnc(Nc3ccc(N4CCN(C(=O)OC(C)(C)C)CC4)nn3)nc2n1C1CCCC1,535.6530000000002,39,1,CHEMBL3658032,CHEMBL3638874,CHEMBL3638874,B
BMCMBYDRKUTWFB-UHFFFAOYSA-N,7.3872161432802645,1,,0.0,CC(O)CSc1nc(Nc2ccc(S(C)(=N)=O)cc2)ncc1Br,417.3540000000001,23,1,CHEMBL3648101,CHEMBL3638817,CHEMBL3638817,B
BMFODXAZKLMRNP-UHFFFAOYSA-N,4.4786657432224315,1,,0.0,CN1CCN(c2ccc(Nc3cc(-c4c[nH]c5ccccc45)ncn3)cc2)CC1,384.48700000000014,29,1,CHEMBL3421636,CHEMBL3421608,CHEMBL3421608,B
BMPXFYMECYEYOL-UHFFFAOYSA-N,6.496209316942819,1,,0.0,Cc1cc(CNC(=O)c2nn(C)c3c2CCc2cnc(Nc4ccc(N5CCN(C)CC5)cc4)nc2-3)ccn1,523.6450000000002,39,1,CHEMBL1169805,CHEMBL1177807,CHEMBL1177807,B
BMXGRFBSHSEZOP-UHFFFAOYSA-N,5.6777807052660805,1,,0.0,CN(C)C(=O)N1CCn2cc(C3=C(c4cnc5ccccn45)C(=O)NC3=O)c3cccc(c32)C1,454.49000000000024,34,1,CHEMBL362814,CHEMBL1138659,CHEMBL1138659,B
BNDYIYYKEIXHNK-UHFFFAOYSA-N,6.0,1,,0.0,COc1cc2ncnc(Nc3cccc(O)c3)c2cc1OC,297.3140000000001,22,1,CHEMBL127907,CHEMBL1145498,CHEMBL1145498,B
BNXUVHSQMZRHIA-UHFFFAOYSA-N,8.154901959985743,1,,0.0,Cc1ccc(CC(=O)Nc2[nH]nc3ccc(N4CCCS4(=O)=O)cc23)cc1,384.4610000000001,27,1,CHEMBL256558,CHEMBL1141545,CHEMBL1141545,B
BONJLZFNDLMWRE-UHFFFAOYSA-N,7.987162775294828,2,0.0,0.0,Cc1nc2c(F)cc(-c3nc(Nc4ccc5c(n4)CCNC5)ncc3F)cc2n1C1(C)CC1,447.4930000000002,33,2,CHEMBL5886747,CHEMBL5727719,CHEMBL5727719|CHEMBL5728430,B
BOPIEFLHGAQWGB-KRWDZBQOSA-N,7.221848749616356,1,,0.0,CC(C)c1cnn2c(NCc3ccc(Cl)cc3)nc(N[C@@H](CO)C(C)C)nc12,402.9300000000001,28,1,CHEMBL480442,CHEMBL1143353,CHEMBL1143353,B
BPFRWNTWHHVPFL-UHFFFAOYSA-N,6.0798766737092755,1,,0.0,CCc1c(Nc2ncc(Cl)c(-c3cnn4ccccc34)n2)cnn1C1CCN(C(C)=O)CC1,464.9610000000003,33,1,CHEMBL3822962,CHEMBL3822394,CHEMBL3822394,B
BPJJVLZTUAVNKR-UHFFFAOYSA-N,7.1487416512809245,1,,0.0,O=C(NC(=S)Nc1ccc(Cl)cc1)c1cn(-c2ccccc2)nc1-c1ccccc1,432.93600000000015,30,1,CHEMBL2426381,CHEMBL2424530,CHEMBL2424530,B
BPLVKTXNSGOTOW-UHFFFAOYSA-N,7.379863945026242,1,,0.0,O=C(NNC(=O)c1oc2ccccc2c1CN1CCN(c2ccccc2)CC1)Nc1ccc(Cl)c(C(F)(F)F)c1,571.9870000000004,40,1,CHEMBL6163082,CHEMBL6127051,CHEMBL6127051,B
BRBRKNBXGRFQOJ-UHFFFAOYSA-N,6.301029995663981,1,,0.0,COc1c[nH]c(CN=Cc2c(=O)[nH]c(O)c3ccc(I)cc23)cc1=O,451.2200000000001,25,1,CHEMBL477063,CHEMBL1153424,CHEMBL1153424,B
BRNNWQGRVMEXRL-UHFFFAOYSA-N,7.301029995663981,1,,0.0,COc1ccc(C(=O)Nc2ncc(SCc3ncc(C(C)(C)C)o3)s2)cc1OC,433.55500000000023,29,1,CHEMBL379495,CHEMBL1138058,CHEMBL1138058,B
BRROKWAZCDMWEU-UHFFFAOYSA-N,7.368556230986828,2,0.0,0.0,Cc1nc2c(F)cc(-c3nc(Nc4ccc5c(n4)CCN(CCN4CCOCC4)C5)ncc3F)cc2n1C(C)(C)C,562.6690000000003,41,2,CHEMBL5816005,CHEMBL5727719,CHEMBL5727719|CHEMBL5728430,B
BRTIFMBVAUCZIX-HNNXBMFYSA-N,7.619788758288394,1,,0.0,N[C@H](CNc1nnc(-c2ccc3[nH]ncc3c2)s1)Cc1ccc(C(F)(F)F)cc1,418.44800000000015,29,1,CHEMBL1081628,CHEMBL1154933,CHEMBL1154933,B
BSGQHAMZJBZCDP-UHFFFAOYSA-N,7.060624239913499,2,0.21785383647041298,0.30809185015146845,O=C1NCC2(CCCCC2)n2c1cc1cnc(Nc3ccc(C(=O)N4CCNCC4)cn3)nc12,460.5420000000003,34,1,CHEMBL3967592,CHEMBL3886995,CHEMBL3886995,B
BSIBGXRENHGRJA-UHFFFAOYSA-N,4.070581074285707,2,0.0,0.0,COc1ccccc1Nc1cc(Nc2ccc(OCC(O)CN(C)C)cc2)ncn1,409.4900000000001,30,2,CHEMBL101868,CHEMBL1136192,CHEMBL1136191|CHEMBL1136192,B
BSNLHQAHNBSHIX-UHFFFAOYSA-N,6.790484985457369,1,,0.0,C=CC(=O)Nc1ccc(C(=O)Nc2cccc(C(=O)Nc3ncc(SCc4ncc(C(C)(C)C)o4)s3)c2)cc1,561.6890000000002,39,1,CHEMBL4761637,CHEMBL4739712,CHEMBL4739712,B
BSQNZDHZPYKQMW-UHFFFAOYSA-N,8.045757490560675,1,,0.0,CC(C)c1[nH]nc2c(NCc3ccc(-c4ccccn4)cc3)nc(NCC(C)(C)O)nc12,431.54400000000015,32,1,CHEMBL3775792,CHEMBL5338803,CHEMBL5338803,B
BTEZMGVGCNGXKJ-UHFFFAOYSA-N,6.337242168318426,1,,0.0,CNS(=O)(=O)c1ccc(Nc2ncc3c(n2)N(c2cc(F)ccc2Cl)C(=O)C32CC2)cc1,473.91700000000026,32,1,CHEMBL5190590,CHEMBL5126669,CHEMBL5126669,B
BTIHMVBBUGXLCJ-HNNXBMFYSA-N,6.5774509799928715,2,0.5975745548615414,0.8450980400142569,CC[C@@H](CO)Nc1nc(NCc2ccccc2)c2ncn(C(C)C)c2n1,354.4580000000001,26,2,CHEMBL133342,CHEMBL5149965,CHEMBL5149965|CHEMBL5223102,B
BTIHMVBBUGXLCJ-OAHLLOKOSA-N,6.3872161432802645,21,0.35116330564994963,0.8908555305749317,CC[C@H](CO)Nc1nc(NCc2ccccc2)c2ncn(C(C)C)c2n1,354.4580000000001,26,20,CHEMBL14762,CHEMBL1133408,CHEMBL1133408|CHEMBL1143353|CHEMBL1154450|CHEMBL1156543|CHEMBL1156625|CHEMBL1240533|CHEMBL2424530|CHEMBL4270504|CHEMBL4346699|CHEMBL4402527|CHEMBL4422662|CHEMBL4699469|CHEMBL5131375|CHEMBL5143610|CHEMBL5230096|CHEMBL5338803|CHEMBL5346898|CHEMBL5584324|CHEMBL5634157|CHEMBL6134823,B
BUHOUIDYEMVBPL-UHFFFAOYSA-N,5.518557371497695,1,,0.0,CN(C)C1CCN(c2ccc(Nc3ncc4cc5n(c4n3)C3(CCCC3)CNC5=O)nn2)CC1,461.5740000000004,34,1,CHEMBL3950849,CHEMBL3886995,CHEMBL3886995,B
BULBBWSMORELAY-HXUWFJFHSA-N,5.498940737782249,1,,0.0,C=CC(=O)Nc1ccc(C(=O)N2CCC[C@@H](Nc3ncc(CNCc4ncc(C(C)(C)C)o4)s3)C2)cc1,522.6750000000003,37,1,CHEMBL4632815,CHEMBL5728751,CHEMBL5728751,B
BULBBWSMORELAY-UHFFFAOYSA-N,5.498940737782249,1,,0.0,C=CC(=O)Nc1ccc(C(=O)N2CCCC(Nc3ncc(CNCc4ncc(C(C)(C)C)o4)s3)C2)cc1,522.6750000000003,37,1,CHEMBL4781334,CHEMBL4739712,CHEMBL4739712,B
BUWKEFCPLBPYPS-UHFFFAOYSA-N,5.761953896871205,1,,0.0,Cc1nn2c(-c3ccccc3)ccnc2c1C(N)=NO,267.292,20,1,CHEMBL5647234,CHEMBL5634157,CHEMBL5634157,B
BUXUEPKVOZSCGP-UHFFFAOYSA-N,5.7447274948966935,1,,0.0,Brc1cccc(-c2cc(NCc3ccncc3)n3nccc3n2)c1,380.249,24,1,CHEMBL204054,CHEMBL1138980,CHEMBL1138980,B
BVZZSEVVEDNIOM-UHFFFAOYSA-N,8.13430394008393,1,,0.0,Cc1nc2c(F)cc(-c3nc(Nc4ccc5c(n4)CCN(C(=O)O)C5)ncc3F)cc2n1C(C)C,479.4910000000002,35,1,CHEMBL5800538,CHEMBL5727719,CHEMBL5727719,B
BWJDMRPMFRWAOP-UHFFFAOYSA-N,5.697669071315601,1,,0.0,CC(C)c1cnn2c(NCc3ccccc3)nc(OC3CCN(C)CC3)nc12,380.49600000000027,28,1,CHEMBL4849464,CHEMBL5500401,CHEMBL5500401,B
BXCQAEHFWJFGAT-YVLHZVERSA-N,5.401209493236885,3,0.0,0.0,CN1CCC(c2c(O)cc(O)c3c2O/C(=C\c2ccccc2Cl)C3=O)CC1,385.84700000000015,27,3,CHEMBL48614,CHEMBL1137075,CHEMBL1135924|CHEMBL1136795|CHEMBL1137075,B
BXNJHAXVSOCGBA-UHFFFAOYSA-N,4.481486060122113,1,,0.0,COc1ccc2c(c1)[nH]c1c(C)nccc12,212.25199999999998,16,1,CHEMBL269538,CHEMBL5233266,CHEMBL5233266,B
BXOSDELNTKJOFY-UHFFFAOYSA-N,7.1249387366083,3,0.0,0.0,CC(C)c1ccc2c(N=Nc3ccc(S(N)(=O)=O)cc3)c(O)[nH]c2c1,358.42300000000006,25,3,CHEMBL271594,CHEMBL1137075,CHEMBL1134300|CHEMBL1137075|CHEMBL1143196,B
BYMFSZLMPVZBJV-UHFFFAOYSA-N,7.031517051446065,1,,0.0,COC1CCN(c2nccc(Nc3cc4c(ccn4C4CCCC4)cn3)n2)CC1,392.5070000000003,29,1,CHEMBL3354189,CHEMBL3351701,CHEMBL3351701,B
BYUAPXZEZUYLJI-QGZVFWFLSA-N,9.0,1,,0.0,Cc1cnn2c(NCc3ccc[n+]([O-])c3)cc(N3CCCC[C@@H]3CCO)nc12,382.4680000000003,28,1,CHEMBL4292930,CHEMBL4270504,CHEMBL4270504,B
BZUYVWAZFWOBLI-CJNGLKHVSA-N,6.080921907623926,1,,0.0,CC[C@H](Nc1nc(NCc2cccnc2)c2ncn(CC3CC3)c2n1)[C@@H](C)O,381.4840000000002,28,1,CHEMBL3655766,CHEMBL3638727,CHEMBL3638727,B
BZYZLWXWWROSRX-UHFFFAOYSA-N,6.298432014944073,1,,0.0,COC1CCN(c2nccc(Nc3cc(NC(=O)c4c(Cl)cccc4Cl)ccn3)n2)CC1,473.36400000000026,32,1,CHEMBL3352835,CHEMBL3351701,CHEMBL3351701,B
CAGHIASAHLPQMS-UHFFFAOYSA-N,6.920818753952375,1,,0.0,c1cnn2ncc(-c3ccnc(NC4CC4)n3)c2c1,252.28099999999998,19,1,CHEMBL525194,CHEMBL1143431,CHEMBL1143431,B
CAGQJBIABPQRCU-UHFFFAOYSA-N,6.3597173703033185,1,,0.0,CC(=O)Nc1ccc(CNc2nc(NC3COC3)nc3c(C(C)C)cnn23)cc1,395.4670000000001,29,1,CHEMBL5518081,CHEMBL5500401,CHEMBL5500401,B
CBAKEHNEEJTUGB-UHFFFAOYSA-N,4.958607314841775,1,,0.0,CN(C)C(=O)c1cccc(-c2cnc(N)c(-c3nc4c(N5CCNCC5)cccc4[nH]3)n2)c1,442.5270000000002,33,1,CHEMBL3798066,CHEMBL3797138,CHEMBL3797138,B
CBARNMHMGRVVLO-SRQXXRKNSA-N,8.045757490560675,1,,0.0,C[C@@H](O)[C@@H](C)Nc1nc(Nc2ccc([S@](=N)(=O)C3CC3)cc2)ncc1C(F)(F)F,429.46800000000013,29,1,CHEMBL5287128,CHEMBL5223102,CHEMBL5223102,B
CBFCBMJPNCKBPX-UHFFFAOYSA-N,4.619788758288394,1,,0.0,CC(C)c1ccccc1Nc1cc(Nc2ccc(OCC(O)CN(C)C)cc2)ncn1,421.54500000000013,31,1,CHEMBL99699,CHEMBL1136191,CHEMBL1136191,B
CBLSWPLVIPVELR-UHFFFAOYSA-N,7.045757490560675,1,,0.0,COC1CCN(c2nccc(Nc3cc4[nH]c(-c5cn[nH]c5)nc4cn3)n2)CC1,391.43900000000014,29,1,CHEMBL3354185,CHEMBL3351701,CHEMBL3351701,B
CCCPUPRKQZVNNE-UHFFFAOYSA-N,6.508638306165727,2,0.0,0.0,Nc1nccc(-n2cc(-c3cccnc3Cl)c3cnccc32)n1,322.759,23,2,CHEMBL2348154,CHEMBL2346586,CHEMBL2346586|CHEMBL6134833,B
CCEAKNFETFDIHE-UHFFFAOYSA-N,7.107905397309519,1,,0.0,CC(=O)N1CCN(c2ccc(Nc3nccc(-c4cnc5ccccn45)n3)cc2)CC1,413.4850000000002,31,1,CHEMBL1809191,CHEMBL1806477,CHEMBL1806477,B
CCHCEDJEDOOBOI-UHFFFAOYSA-N,6.7447274948966935,1,,0.0,Nc1nc(Nc2ccc(S(N)(=O)=O)cc2)ccc1C(=O)c1c(F)cccc1F,404.3980000000001,28,1,CHEMBL193643,CHEMBL1144370,CHEMBL1144370,B
CCQSGDMLTCISMB-HXUWFJFHSA-N,8.698970004336019,1,,0.0,CC[C@@H](NC(=O)N1CCc2cnc(NC3CCOCC3)nc2C1)c1ccc(C#N)c(Cl)c1,454.9620000000002,32,1,CHEMBL3298985,CHEMBL3297705,CHEMBL3297705,B
CCYZUUUAWLVFFY-UHFFFAOYSA-N,8.698970004336019,1,,0.0,Cc1ncc(-c2ccnc(Nc3ccc(C(=O)NCCO)cc3)n2)n1C(C)C,380.4520000000001,28,1,CHEMBL487067,CHEMBL1152177,CHEMBL1152177,B
CDKIUTDNGTUHKC-RKDXNWHRSA-N,7.920818753952375,1,,0.0,C[C@@H](O)[C@@H](C)Oc1nc(Nc2ccc(S(=O)(=O)C(F)F)cc2)ncc1C(F)(F)F,441.37800000000004,29,1,CHEMBL3644021,CHEMBL3639233,CHEMBL3639233,B
CDNIYBIKHDLGMT-UHFFFAOYSA-N,8.006614132866877,4,0.007637342782295234,0.013228265733754796,O=S(=O)(Nc1ccccn1)c1ccc(N=Cc2c(O)[nH]c3ccc4ncsc4c23)cc1,449.5170000000001,31,4,CHEMBL1276446,CHEMBL1137075,CHEMBL1134300|CHEMBL1137075|CHEMBL1144417|CHEMBL4308846,B
CDPMBNCYGOAWNG-UHFFFAOYSA-N,6.913640169325252,1,,0.0,Nc1nc2ccc(C(=O)c3c(F)cccc3F)cn2c1C(=O)c1c(F)cccc1F,413.3300000000001,30,1,CHEMBL189136,CHEMBL1138729,CHEMBL1138729,B
CDQQTKCDLMOQJT-UHFFFAOYSA-N,5.747146969020107,1,,0.0,Cc1ccc(S(=O)(=O)Nc2ccc(-c3ccnc(Nc4ccc(S(=O)(=O)Nc5nccc(C)n5)cc4)c3C#N)cc2)cc1,611.7090000000002,43,1,CHEMBL5284490,CHEMBL5230096,CHEMBL5230096,B
CDSZKWUUDLFLDE-UHFFFAOYSA-N,4.42021640338319,1,,0.0,Nc1nccc(-n2ccc3cnc(Cl)cc32)n1,245.673,17,1,CHEMBL2346665,CHEMBL2346586,CHEMBL2346586,B
CEIAWFVLEUQXHI-UHFFFAOYSA-N,7.787812395596042,2,0.0,0.0,Cc1nc2c(F)cc(-c3nc(Nc4ccc5c(n4)CCN(CCN(C)C(=N)N)C5)ncc3F)cc2n1C(C)C,534.6190000000003,39,2,CHEMBL4463172,CHEMBL5727719,CHEMBL5727719|CHEMBL5728430,B
CENYIRCGHXZATJ-UHFFFAOYSA-N,8.2518119729938,1,,0.0,CN(c1ccccn1)S(=O)(=O)c1ccc(N=Cc2c(O)[nH]c3ccc4ncsc4c23)cc1,463.54400000000015,32,1,CHEMBL1964253,CHEMBL1134300,CHEMBL1134300,B
CEXBEGBNDJVZPK-UHFFFAOYSA-N,7.060480747381382,1,,0.0,Cc1cc(N2CCCS2(=O)=O)c2oc(-c3ccc(O)c(O)c3)c(O)c(=O)c2c1,403.41200000000015,28,1,CHEMBL232557,CHEMBL1148833,CHEMBL1148833,B
CFBXWHPXNROFFK-UHFFFAOYSA-N,6.431798275933005,1,,0.0,COc1ccc(-c2nc3c(NCCCNC(C)=O)c(Br)cnc3[nH]2)cc1,418.295,26,1,CHEMBL2011928,CHEMBL2010664,CHEMBL2010664,B
CFCFOHDIBWRIJY-LLVKDONJSA-N,7.6777807052660805,1,,0.0,C[C@@H](Oc1nc(Nc2ccc(S(=O)(=O)C3CC3)cc2)ncc1C(F)(F)F)C(C)(C)O,445.4630000000001,30,1,CHEMBL3644019,CHEMBL3639233,CHEMBL3639233,B
CFPNWWZAVOZYGZ-UHFFFAOYSA-N,5.740167300936516,1,,0.0,COc1cc(N2CCN(C)CC2)ccc1Nc1nccc(-c2c[nH]c3cnccc23)n1,415.50100000000015,31,1,CHEMBL3421967,CHEMBL3421608,CHEMBL3421608,B
CFVOAVDAPUQRNK-UHFFFAOYSA-N,6.461134410173804,2,0.250510613844433,0.3542755076172064,Cc1ccc(Sc2cnc(Nc3cccc(Br)n3)s2)cc1C(=O)N1CCN(C(=O)C(C)N)CC1,561.531,34,1,CHEMBL251795|CHEMBL251796,CHEMBL1140800,CHEMBL1140800,B
CGECJCJUHCZZGO-UHFFFAOYSA-N,6.431798275933005,1,,0.0,CN(C)CCn1cc(-c2ccn3c(-c4ccc(C(N)=O)c(OCc5cccc(F)c5)c4)cnc3c2)cn1,498.56200000000024,37,1,CHEMBL4062453,CHEMBL4002599,CHEMBL4002599,B
CGHADMRBCNGDHX-UWJYYQICSA-N,6.732226360411666,2,0.5312903890802069,0.7513580737957071,O=C(Nc1cc(CN[C@H]2Cc3ccc(Cl)cc3C2)[nH]n1)Nc1cccc2c1[C@@H]1CCCN1C2=O,476.96800000000025,34,2,CHEMBL336242,CHEMBL1149510,CHEMBL1149510|CHEMBL1240533,B
CHCQXFQJHTYEHC-UHFFFAOYSA-N,7.080921907623926,1,,0.0,COCCN(C)S(=O)(=O)c1ccc(Nc2nccc(-c3cnc(C)n3C3CC3)n2)cc1,442.54500000000024,31,1,CHEMBL483590,CHEMBL1142453,CHEMBL1142453,B
CIBIVMWDVTYWNT-PMACEKPBSA-N,7.045757490560675,1,,0.0,Nc1nc(-c2cc(N3C[C@H](O)[C@@H](O)C3)ccc2O)cc(C2CCCCCC2)n1,384.4800000000003,28,1,CHEMBL1800457,CHEMBL1799991,CHEMBL1799991,B
CIBXXWUKOQTXNE-UHFFFAOYSA-N,4.73754891026957,1,,0.0,COc1ccc(CN=Cc2c(=O)[nH]c(O)c3ccc(-c4ccsc4)cc23)cc1O,406.46300000000014,29,1,CHEMBL489646,CHEMBL1153424,CHEMBL1153424,B
CJEPQTSCKKXACU-UHFFFAOYSA-N,6.568636235841012,1,,0.0,CS(=N)(=O)Cc1cccc(Nc2ncc(F)c(-c3cccc4c3OCCC4)n2)c1,412.49000000000024,29,1,CHEMBL3978185,CHEMBL3886246,CHEMBL3886246,B
CJGRDNJVZKGEBB-UHFFFAOYSA-N,7.795880017344075,1,,0.0,CC(C)Nc1nc(Nc2ccc(S(C)(=N)=O)cc2)ncc1Br,384.30300000000005,22,1,CHEMBL3648126,CHEMBL3638817,CHEMBL3638817,B
CJOCXJOHQLURIU-UHFFFAOYSA-N,6.531652669587842,1,,0.0,Cc1nc2c(F)cc(-c3nc(Nc4ccc5c(n4)CCN(C(=O)CCN(C)C)C5)ncc3F)cc2n1C1CCC1,546.6260000000001,40,1,CHEMBL5765752,CHEMBL5727719,CHEMBL5727719,B
CJPMSUUANYLPET-UHFFFAOYSA-N,6.200659450546418,1,,0.0,O=C(NCCCNc1nc(Nc2ccc(N3CCOCC3)cc2)ncc1C1CC1)C1CCC1,450.5870000000004,33,1,CHEMBL2207198,CHEMBL2203069,CHEMBL2203069,B
CKAYFBSKGOPXBW-UHFFFAOYSA-N,4.481486060122113,1,,0.0,Cc1c(NC2CCCNC2)nc2ccnn2c1Nc1ccc(F)c(Cl)c1,374.8510000000001,26,1,CHEMBL2163624,CHEMBL2163300,CHEMBL2163300,B
CLOQRRBPZHLSQE-UHFFFAOYSA-N,5.494850021680094,1,,0.0,O=C(Nc1ccccc1Cl)c1ccc(Nc2nc(Nc3ccc(O)cc3)ncc2F)cc1,449.8730000000001,32,1,CHEMBL521949,CHEMBL1138512,CHEMBL1138512,B
CLPCOIGXIBZTFX-UHFFFAOYSA-N,6.20082840855935,2,0.00023894271336072942,0.0003379160258649705,CCc1cc(NC(=O)c2ccc(Br)cc2)[nH]n1,294.152,17,1,CHEMBL115047,CHEMBL1140962,CHEMBL1140962,B
CLPJINDFWLTLAW-JLHYYAGUSA-N,5.568636235841012,1,,0.0,C(=C\N1CCCCCC1)/c1nc(Nc2ccccc2)nc2[nH]cnc12,334.4270000000001,25,1,CHEMBL6193353,CHEMBL6182841,CHEMBL6182841,B
CLRWMPFUTCKUQH-UHFFFAOYSA-N,5.886056647693163,1,,0.0,Nc1ncc(-c2ccccc2)cc1-c1nc2ccccc2[nH]1,286.338,22,1,CHEMBL3799935,CHEMBL3797138,CHEMBL3797138,B
CLSSTGLQHZQBJO-AWEZNQCLSA-N,6.982966660701219,1,,0.0,Cc1[nH]nc2ccc(-c3nnc(NC[C@@H](N)Cc4ccccc4F)s3)cc12,382.468,27,1,CHEMBL1088613,CHEMBL1154933,CHEMBL1154933,B
CMEKRUHUVGTVLK-UHFFFAOYSA-N,6.853871964321762,1,,0.0,O=C(Nc1c[nH]nc1-c1nc2cc(CN3CCOCC3)ccc2[nH]1)c1ccccc1,402.4580000000001,30,1,CHEMBL496569,CHEMBL1139387,CHEMBL1139387,B
CMKYBUFVJSEEFL-UHFFFAOYSA-N,6.199998172182031,1,,0.0,COc1cc(CNC(=O)c2ncoc2-c2ccc(OC)c(Cl)c2)ccn1,373.7960000000001,26,1,CHEMBL1957226,CHEMBL1955730,CHEMBL1955730,B
CMMFUTDFYILBCW-UHFFFAOYSA-N,8.698970004336019,1,,0.0,CN1CCN(c2ccc(Nc3ncc4c(n3)-c3c(c(C(N)=O)nn3C)CC4)cc2)CC1,418.5050000000002,31,1,CHEMBL560817,CHEMBL1151962,CHEMBL1151962,B
CMVLDSZYDWJTCG-UHFFFAOYSA-N,5.212868585146486,2,0.05507426725842576,0.07788677569462621,Cc1nc(N=Nc2cc(S(=O)(=O)O)c3cc([N+](=O)[O-])cc(S(=O)(=O)O)c3c2)c(COP(=O)(O)O)c(C=O)c1O,606.4400000000004,39,1,CHEMBL5413135,CHEMBL5380784,CHEMBL5380784,B
CMZSDEFKYDBOOO-UHFFFAOYSA-N,7.376750709602099,1,,0.0,CNC(=O)c1ccc(Nc2nccc(-c3cnc(C)n3CC3CC3)n2)cc1,362.4370000000001,27,1,CHEMBL488256,CHEMBL1152177,CHEMBL1152177,B
CNOCMZIRTIXMIA-UHFFFAOYSA-N,6.036212172654444,1,,0.0,Cc1ccc2c(CCNc3ccc([N+](=O)[O-])cc3C(=O)O)cn(C)c2c1,353.3780000000001,26,1,CHEMBL5434594,CHEMBL5380784,CHEMBL5380784,B
CNSXYUZUUPJMQL-UHFFFAOYSA-N,8.522878745280337,1,,0.0,Cc1ncc(-c2ccnc(Nc3ccc(C(=O)NCCN(C)C)c(F)c3)n2)n1C(C)C,425.51200000000017,31,1,CHEMBL453629,CHEMBL1152195,CHEMBL1152195,B
COALBSOMQOGPKG-NRFANRHFSA-N,5.746423020172083,2,0.14758431109573233,0.2087157343450743,C[C@H]1CN(c2ccc(Nc3ncc4cc5n(c4n3)C3(CCCCC3)CNC5=O)nc2)CCN1CCC(C)(C)C,530.7210000000005,39,1,CHEMBL3981462,CHEMBL3886995,CHEMBL3886995,B
COALBSOMQOGPKG-UHFFFAOYSA-N,5.889073888020842,2,0.4252449587309851,0.6013871879681458,CC1CN(c2ccc(Nc3ncc4cc5n(c4n3)C3(CCCCC3)CNC5=O)nc2)CCN1CCC(C)(C)C,530.7210000000005,39,1,CHEMBL3934575,CHEMBL3886995,CHEMBL3886995,B
COAWUQNGTGZZLZ-UHFFFAOYSA-N,7.920818753952375,3,0.0,0.0,COc1ccc2[nH]c(O)c(N=Nc3ccc(S(N)(=O)=O)cc3)c2c1,346.36800000000005,24,3,CHEMBL260103,CHEMBL1137075,CHEMBL1134300|CHEMBL1137075|CHEMBL1143196,B
COCSQCRETSHJCO-UHFFFAOYSA-N,6.0034883278458215,1,,0.0,O=C1NC(=O)C2=C1c1cn(c3ccccc13)CCOCCOCCOCCn1cc2c2ccccc21,485.54000000000036,36,1,CHEMBL340259,CHEMBL1145082,CHEMBL1145082,B
COGUZYALRYMQTD-UHFFFAOYSA-N,6.943697499232712,2,0.03235543186553259,0.045757490560674796,C=CC(=O)Nc1ccc(C(=O)N2CCCC(Nc3ncc(SCc4ncc(C(C)(C)C)o4)s3)C2)cc1,525.7000000000003,36,2,CHEMBL4781539,CHEMBL4739712,CHEMBL4739712|CHEMBL5728751,B
COZXWPYGNVMBST-UHFFFAOYSA-N,5.232918378636677,1,,0.0,CC(=O)Nc1ccc(CNc2nc(OC3CCN(C)CC3)nc3c(C(C)C)cnn23)c(N(C)C)c1,480.61700000000025,35,1,CHEMBL5556362,CHEMBL5500401,CHEMBL5500401,B
CPJULNXNBQMSHF-HCGLCNNCSA-N,7.721246399047171,1,,0.0,NCCCNCCCCNC(=O)c1ccc(Nc2nc(N[C@H]3CC[C@H](N)CC3)nc3c2ncn3C2CCCC2)cc1,562.7670000000003,41,1,CHEMBL5189978,CHEMBL5131485,CHEMBL5131485,B
CQCXWWWNUFQYJS-UHFFFAOYSA-N,7.920818753952375,1,,0.0,NCCNc1cc(-c2ccc[nH]2)c2c3c(ccc(F)c13)NC2=O,310.33200000000005,23,1,CHEMBL82767,CHEMBL1136123,CHEMBL1136123,B
CQHOSPMLVTXHPG-UHFFFAOYSA-N,7.060739102249396,2,0.5415849588384651,0.7659167939666318,Cc1nc2ccccn2c1-c1ccnc(Nc2ccccc2)n1,301.353,23,2,CHEMBL72461,CHEMBL1147565,CHEMBL1136202|CHEMBL1147565,B
CQRIAAFLHSDGDT-JSYYRVNXSA-N,7.121478204498794,1,,0.0,O=C(c1ccc([N+](=O)[O-])cc1)C1[C@H](c2cn(-c3ccccc3)nc2-c2ccccc2)[C@@H]2CC3CCCCC3N2[C@]12C(=O)Nc1ccc(Cl)cc12,684.1960000000001,50,1,CHEMBL5596897,CHEMBL5584324,CHEMBL5584324,B
CQTLZLNINBOMGH-UHFFFAOYSA-N,6.920818753952375,3,0.0,0.0,NS(=O)(=O)c1ccc(N=Nc2c(O)[nH]c3ccccc23)cc1,316.34200000000004,22,3,CHEMBL438721,CHEMBL1137075,CHEMBL1134300|CHEMBL1137075|CHEMBL1143196,B
CRSRQGVEEUYTNA-UHFFFAOYSA-N,5.301029995663981,1,,0.0,Cc1ccc(Cl)c(Nc2ccnc(Nc3ccc(OCC(O)CN(C)C)cc3)n2)c1,427.93600000000026,30,1,CHEMBL99948,CHEMBL1136192,CHEMBL1136192,B
CRXBYOWJISXKAI-LCYFTJDESA-N,6.795880017344075,1,,0.0,N#C/C=C(/c1ccc2nc(N)c(C(=O)c3c(F)cccc3F)n2c1)c1c(F)cccc1F,436.36800000000005,32,1,CHEMBL364172,CHEMBL1138729,CHEMBL1138729,B
CRXBYOWJISXKAI-UKTHLTGXSA-N,6.047691990337874,1,,0.0,N#C/C=C(\c1ccc2nc(N)c(C(=O)c3c(F)cccc3F)n2c1)c1c(F)cccc1F,436.36800000000005,32,1,CHEMBL189440,CHEMBL1138729,CHEMBL1138729,B
CSDWDUQSLKTTMK-ZIAGYGMSSA-N,7.443697499232712,1,,0.0,C[C@@H](O)[C@@H](C)Oc1nc(Nc2ccc(S(=O)(=O)c3ccccc3)cc2)ncc1C(F)(F)F,467.4690000000001,32,1,CHEMBL3644020,CHEMBL3639233,CHEMBL3639233,B
CSEWCIIPSWNSJT-UHFFFAOYSA-N,7.080948071518283,2,3.7001334243931964e-05,5.232778871366861e-05,O=C(Nc1cc(C2CC2)[nH]n1)c1ccc(Cl)c(Cl)c1,296.15700000000004,19,1,CHEMBL323392,CHEMBL1140962,CHEMBL1140962,B
CSGCDMVLAQPKKB-UHFFFAOYSA-N,6.795880017344075,1,,0.0,Nc1nccc(-n2cc(C3=CCOCC3)c3cnccc32)n1,293.33,22,1,CHEMBL2348158,CHEMBL2346586,CHEMBL2346586,B
CSLDJIQXODIGOA-UHFFFAOYSA-N,4.346787486224656,1,,0.0,N#Cc1ccc2ccn(-c3cccc(N)n3)c2c1,234.262,18,1,CHEMBL2348181,CHEMBL2346586,CHEMBL2346586,B
CSLZMUNSYBEMJM-UHFFFAOYSA-N,4.795880017344075,1,,0.0,Cc1[nH]c2ccccc2c1CCNc1ccc([N+](=O)[O-])cc1C(=O)O,339.35100000000006,25,1,CHEMBL5413620,CHEMBL5380784,CHEMBL5380784,B
CTBIJMZOVXFZMW-UHFFFAOYSA-N,7.568636235841012,1,,0.0,CCC(Sc1nc(Nc2ccc(S(C)(=N)=O)cc2)ncc1Br)C(C)(C)O,459.4350000000001,26,1,CHEMBL3648105,CHEMBL3638817,CHEMBL3638817,B
CTVGUZZYYBOQJM-ONEGZZNKSA-N,5.065501548756432,1,,0.0,COCCOc1ccc2cc1CN(C)C/C=C/COCc1ccc(o1)-c1ccnc(n1)N2,436.51200000000017,32,1,CHEMBL2035056,CHEMBL2034857,CHEMBL2034857,B
CVIBDXQYFNZNMA-ZBFHGGJFSA-N,8.301029995663981,1,,0.0,CC[C@H](Nc1nc(NCc2ccccc2)c2ncn(C(C)C)c2n1)[C@@H](C)O,368.4850000000001,27,1,CHEMBL4764173,CHEMBL4699469,CHEMBL4699469,B
CVNQRFZZFGTWIK-UHFFFAOYSA-N,7.047207556955907,2,0.0,0.0,CNCC(=O)N1CCc2nc(Nc3ncc(F)c(-c4cc(F)c5nc(C)n(C6CCC(C)CC6)c5c4)n3)ccc2C1,560.6530000000002,41,2,CHEMBL5970937,CHEMBL5727719,CHEMBL5727719|CHEMBL5728430,B
CWQKPKYIMQTGJK-UHFFFAOYSA-N,6.070581074285707,1,,0.0,CC(=O)Nc1c[nH]nc1C(=O)Nc1ccc(F)cc1,262.24399999999997,19,1,CHEMBL456163,CHEMBL1156543,CHEMBL1156543,B
CWRTWFWDDAJOMG-UHFFFAOYSA-N,8.698970004336019,1,,0.0,N#Cc1cccc(Nc2nccc(-c3cnn4ncccc34)n2)c1,313.324,24,1,CHEMBL495696,CHEMBL1143431,CHEMBL1143431,B
CWZJACZPSOWPBL-UYAOXDASSA-N,6.476253533188435,2,0.0,0.0,C=CC(=O)Nc1ccc(O[C@@H]2CCC[C@@H](Nc3ncc(SCc4ncc(C(C)(C)C)o4)s3)C2)cc1,512.7010000000002,35,2,CHEMBL4788401,CHEMBL4739712,CHEMBL4739712|CHEMBL5728751,B
CXBHMSHVCKEEGW-UHFFFAOYSA-N,6.853871964321762,1,,0.0,O=C(NC1CCNCC1)c1[nH]ncc1NC(=O)c1c(F)cccc1F,349.34100000000007,25,1,CHEMBL457388,CHEMBL1156543,CHEMBL1156543,B
CXCNOMPSSIJKDE-XYOKQWHBSA-N,6.543633966870956,1,,0.0,CN(C)C/C=C/C(=O)Nc1cccc(C(=O)N2CCCC(Nc3ncc(SCc4ncc(C(C)(C)C)o4)s3)C2)c1,582.7960000000003,40,1,CHEMBL4752989,CHEMBL4739712,CHEMBL4739712,B
CXDXSBLYPKFPLO-VXMTXHJISA-N,8.397940008672037,1,,0.0,COC[C@@H](Nc1nc(Nc2ccc(S(C)(=N)=O)cc2)ncc1Br)[C@@H](C)O,444.3550000000001,26,1,CHEMBL3648118,CHEMBL3638817,CHEMBL3638817,B
CXDXSBLYPKFPLO-WSQDCVBFSA-N,8.221848749616356,1,,0.0,COC[C@H](Nc1nc(Nc2ccc(S(C)(=N)=O)cc2)ncc1Br)[C@H](C)O,444.3550000000001,26,1,CHEMBL3648119,CHEMBL3638817,CHEMBL3638817,B
CXNXFUAHKZOVID-UHFFFAOYSA-N,7.657577319177793,1,,0.0,CS(=O)(=O)c1ccc(CC(=O)Nc2[nH]nc3ccc(N4CCCS4(=O)=O)cc23)cc1,448.52600000000024,30,1,CHEMBL254170,CHEMBL1141545,CHEMBL1141545,B
CXQJGJMKSNFPQC-UHFFFAOYSA-N,7.070785544395873,2,0.00028916440289667746,0.00040894022033199917,O=C(Nc1cc(C2CC2)[nH]n1)c1ccc(Cl)cc1,261.712,18,1,CHEMBL115264,CHEMBL1140962,CHEMBL1140962,B
CYDLLVRGTOAFHG-UHFFFAOYSA-N,7.537602002101044,1,,0.0,COc1ccc(-c2nn(-c3ccccc3)cc2C(=O)NC(=S)Nc2ccc(C)cc2)cc1,442.5440000000001,32,1,CHEMBL2426394,CHEMBL2424530,CHEMBL2424530,B
CYEPJSLJPCILCR-UHFFFAOYSA-N,8.397940008672037,1,,0.0,O=C(O)c1ccc2[nH]c(O)c(C=c3[nH]cc4c3=CCOC4=O)c2c1,324.2920000000001,24,1,CHEMBL293068,CHEMBL1136528,CHEMBL1136528,B
CYGFBAYJGHPNBO-UHFFFAOYSA-N,5.180456064458131,2,0.5627721572748625,0.795880017344075,CC1CN(c2ccc(Nc3ncc4cc5n(c4n3)C3(CCCC3)CNC5=O)nc2)CC(C)N1CCC(C)(C)C,530.7210000000005,39,1,CHEMBL3980145,CHEMBL3886995,CHEMBL3886995,B
CYNLHOIMJSFAKV-XYPYZODXSA-N,8.468521082957745,1,,0.0,N[C@H]1CC[C@H](Nc2cc(Nc3ccc(F)c(Cl)c3)n3ncc(Br)c3n2)CC1,453.7470000000001,27,1,CHEMBL2163995,CHEMBL2163300,CHEMBL2163300,B
CZCUSHJQJWKYTD-UHFFFAOYSA-N,4.246393963170954,1,,0.0,Cc1nccc(-c2cn(Cc3ccccc3)c3cnccc23)n1,300.365,23,1,CHEMBL3421980,CHEMBL3421608,CHEMBL3421608,B
CZDONRYGQBBPBK-UHFFFAOYSA-N,7.795880017344075,1,,0.0,NS(=O)(=O)c1cccc(Nc2nccc(-c3ccnc(N4CCCCC4)c3)n2)c1,410.50300000000027,29,1,CHEMBL2158857,CHEMBL2157945,CHEMBL2157945,B
CZGMEOAMQWAJOY-UHFFFAOYSA-N,5.161150909262744,1,,0.0,COc1cc(C2=C(c3c[nH]c4ccccc34)C(=O)NC2=O)cc(OC)c1OC,378.3840000000002,28,1,CHEMBL201511,CHEMBL1157465,CHEMBL1157465,B
CZJUVDUMFZEZIA-UHFFFAOYSA-N,7.823908740944319,1,,0.0,O=C1Nc2ccc(F)c3c(S(=O)(=O)CCO)cc(-c4ccc[nH]4)c1c23,360.36600000000004,25,1,CHEMBL310529,CHEMBL1136123,CHEMBL1136123,B
CZQMPFCNIINMMC-UHFFFAOYSA-N,6.173925197299173,1,,0.0,Cc1nc2c(F)cc(-c3nc(Nc4ccc5c(n4)CCN(CCN(C)C)C5)ncc3F)cc2n1C1CCCC1,532.6430000000003,39,1,CHEMBL4446626,CHEMBL5727719,CHEMBL5727719,B
CZZAPCPWFCGOCC-GHXNOFRVSA-N,4.721246399047171,1,,0.0,N=C1NC(=O)/C(=C/c2ccc(-c3ccccc3[N+](=O)[O-])o2)S1,315.31000000000006,22,1,CHEMBL396360,CHEMBL1149560,CHEMBL1149560,B
DARUYCQCOQATNX-UHFFFAOYSA-N,6.958607314841775,1,,0.0,CCCCOc1c(C(=O)c2ccccc2)cnc2[nH]ncc12,295.34200000000004,22,1,CHEMBL14619,CHEMBL1155871,CHEMBL1155871,B
DAWLRKYDSIQUEZ-UHFFFAOYSA-N,6.370763745491634,1,,0.0,COc1cccc(NC(=S)N2CCN(c3nnc(Cc4ccccc4)c4ccccc34)CC2)c1,469.61400000000026,34,1,CHEMBL5436482,CHEMBL5352421,CHEMBL5352421,B
DAZBLQDQZWHNQD-UHFFFAOYSA-N,4.6777807052660805,2,0.0,0.0,Nc1nccc(-n2ccc3ncccc32)n1,211.228,16,2,CHEMBL2348165,CHEMBL2346586,CHEMBL2346586|CHEMBL6134833,B
DBAYOMQZYDSJKV-UHFFFAOYSA-N,6.34153068802212,1,,0.0,COc1ccc(Cc2nnc(N3CCN(C(=O)c4ccccc4)CC3)c3ccccc23)cc1,438.5310000000001,33,1,CHEMBL5404411,CHEMBL5352421,CHEMBL5352421,B
DBMDDPPJNJATQH-UHFFFAOYSA-N,7.337242168318426,1,,0.0,NC(=O)c1cc(F)c(C(=O)c2c(N)nc3ccc(C(=O)c4c(Cl)cccc4Cl)cn23)c(F)c1,489.26500000000016,33,1,CHEMBL188392,CHEMBL1138729,CHEMBL1138729,B
DCQUEYKYABNNDA-VIFPVBQESA-N,6.3872161432802645,1,,0.0,Cc1cc(Nc2nc(N[C@@H](C)c3ncc(F)cn3)c(C#N)nc2C)[nH]n1,353.3650000000001,26,1,CHEMBL569720,CHEMBL1156131,CHEMBL1156131,B
DCRIEDZZYPOGPK-UHFFFAOYSA-N,7.607303046740334,1,,0.0,CCN1CCC(COc2ccc(Nc3cc(-c4cc(F)c5nc6n(c5c4)C(C)(C)CC6)c(F)cn3)nc2)CC1,532.6390000000002,39,1,CHEMBL5765852,CHEMBL5729140,CHEMBL5729140,B
DDPXHKZKKGHHCY-UHFFFAOYSA-N,6.090443970758825,1,,0.0,CN1CCN(CCOc2cc(F)c(C(=O)c3c(N)nc4ccc(C(=O)c5c(Cl)cccc5Cl)cn34)c(F)c2)CC1,588.442,40,1,CHEMBL186396,CHEMBL1138729,CHEMBL1138729,B
DEHIJMMDFWASMK-UHFFFAOYSA-N,7.481486060122112,1,,0.0,CN(C)S(=O)(=O)c1ccc2[nH]c(O)c(C=c3[nH]cc4c3=CCOC4=O)c2c1,387.4170000000002,27,1,CHEMBL57256,CHEMBL1136528,CHEMBL1136528,B
DENIPLMYQYHPPA-UHFFFAOYSA-N,9.522878745280337,1,,0.0,O=[N+]([O-])c1cccc(Nc2nccc(-c3cnn4ncccc34)n2)c1,333.31100000000004,25,1,CHEMBL526110,CHEMBL1143431,CHEMBL1143431,B
DENRRAMLWBYAGF-AWEZNQCLSA-N,6.703334809738469,1,,0.0,Cc1[nH]nc2ccc(-c3nnc(NC[C@@H](N)Cc4ccccc4C(F)(F)F)s3)cc12,432.475,30,1,CHEMBL1080892,CHEMBL1154933,CHEMBL1154933,B
DEQKSXYLYYLTSY-UHFFFAOYSA-N,6.920818753952375,1,,0.0,COc1cc(F)ccc1-c1nc(Nc2cc(Br)cc(CS(C)(=O)=NC#N)c2)ncc1F,508.3480000000002,31,1,CHEMBL3919796,CHEMBL3886246,CHEMBL3886246,B
DESNULOADHHAOA-UHFFFAOYSA-N,7.029188389127482,1,,0.0,C=CC(=O)NC1CCN(C(=O)C2CCCC(Nc3ncc(SCc4ncc(C(C)(C)C)o4)s3)C2)CC1,531.7480000000002,36,1,CHEMBL5802135,CHEMBL5728751,CHEMBL5728751,B
DFCUTNCAGIEUFG-UHFFFAOYSA-N,8.045757490560675,1,,0.0,Cc1ncc(-c2ccnc(Nc3ccc(N4CCOCC4)cc3)n2)n1C(C)C,378.48000000000013,28,1,CHEMBL514690,CHEMBL1155842,CHEMBL1155842,B
DFFKHQMOSUXPAS-HDJSIYSDSA-N,5.1938200260161125,1,,0.0,Cc1c(N[C@H]2CC[C@H](N)CC2)nc2ccnn2c1Nc1ccccc1Cl,370.88800000000003,26,1,CHEMBL2163606,CHEMBL2163300,CHEMBL2163300,B
DFGYFXJMFRWQGT-GOSISDBHSA-N,6.384944695820279,1,,0.0,CC(=O)Nc1ccc(CNc2nc(O[C@@H]3CCCNC3)nc3c(C(C)C)cnn23)cc1,423.5210000000001,31,1,CHEMBL5517691,CHEMBL5500401,CHEMBL5500401,B
DFGYFXJMFRWQGT-SFHVURJKSA-N,6.36291072646967,1,,0.0,CC(=O)Nc1ccc(CNc2nc(O[C@H]3CCCNC3)nc3c(C(C)C)cnn23)cc1,423.5210000000001,31,1,CHEMBL5558295,CHEMBL5500401,CHEMBL5500401,B
DFIVVEORDIGFRH-UHFFFAOYSA-N,6.505845405981557,1,,0.0,C=CC(=O)Nc1cccc(C(=O)N2CCCC(Nc3ncc(SCc4ncc(C(C)(C)C)o4)s3)C2)c1,525.7000000000003,36,1,CHEMBL4797409,CHEMBL4739712,CHEMBL4739712,B
DGGPZPWZNMDOFP-UHFFFAOYSA-N,8.244125144327509,1,,0.0,CNS(=O)(=O)Cc1ccc(N=Nc2c(O)[nH]c3ccc4ncsc4c23)cc1,401.4730000000001,27,1,CHEMBL1234086,CHEMBL1134300,CHEMBL1134300,B
DGKDQGNOYZSJDK-UHFFFAOYSA-N,6.442492798094342,1,,0.0,COc1nn(C2CCN(C(C)=O)CC2)cc1Nc1ncc(Cl)c(-c2cnn3ccccc23)n1,466.9330000000001,33,1,CHEMBL3823522,CHEMBL3822394,CHEMBL3822394,B
DGMWYGXZHPOYKH-UHFFFAOYSA-N,5.356547323513812,1,,0.0,Cc1cc(N2C(=O)CCCC2=O)c2oc(-c3ccc(O)c(O)c3)c(O)c(=O)c2c1,395.36700000000013,29,1,CHEMBL232939,CHEMBL1148833,CHEMBL1148833,B
DGPFURGWWCIZHR-UHFFFAOYSA-N,6.958607314841775,1,,0.0,Nc1nccc(-n2cc(-c3ccccc3Cl)c3cnccc32)n1,321.771,23,1,CHEMBL2348156,CHEMBL2346586,CHEMBL2346586,B
DGUMNVQVABBBNL-UHFFFAOYSA-N,8.050609993355087,1,,0.0,Clc1cccc(Nc2nccc(-c3ccnc(N4CCOCC4)c3)n2)c1,367.8400000000002,26,1,CHEMBL2158844,CHEMBL2157945,CHEMBL2157945,B
DGWXOLHKVGDQLN-UHFFFAOYSA-N,5.657577319177793,1,,0.0,Nc1nc(N)c(N=O)c(OCC2CCCCC2)n1,251.28999999999994,18,1,CHEMBL303958,CHEMBL1136212,CHEMBL1136212,B
DHFSWODVDVUGGC-INIZCTEOSA-N,5.468521082957745,1,,0.0,C[C@H]1CN(c2cccc3nc(-c4nc(-c5cccc(C(=O)N(C)C)c5)cnc4N)n(C)c23)CCN1,470.58100000000024,35,1,CHEMBL3797873,CHEMBL3797138,CHEMBL3797138,B
DHMHGKLKKIGMHX-UHFFFAOYSA-N,7.429457060118103,2,0.0,0.0,Cc1nc2c(F)cc(-c3nc(Nc4ccc5c(n4)CCN(C(=O)CC(C)(C)O)C5)ncc3F)cc2n1C(C)C,535.5990000000003,39,2,CHEMBL5833493,CHEMBL5727719,CHEMBL5727719|CHEMBL5728430,B
DHWHLFAGRRCACI-UHFFFAOYSA-N,7.823908740944319,1,,0.0,COCCNS(=O)(=O)c1ccc(Nc2nccc(-c3cnc(C)n3CC(C)C)n2)cc1,444.5610000000002,31,1,CHEMBL485619,CHEMBL1142453,CHEMBL1142453,B
DICCZNJWXHXBSD-UHFFFAOYSA-N,8.244125144327509,1,,0.0,CS(=O)(=O)c1ccc(N=Cc2c(O)[nH]c3ccc4ncsc4c23)cc1,371.4430000000001,25,1,CHEMBL1964260,CHEMBL1134300,CHEMBL1134300,B
DIGPJWWRUONFBO-UHFFFAOYSA-N,7.537602002101044,1,,0.0,CNC(=O)c1nn(C)c2c1C(C)(C)Cc1cnc(Nc3ccc(OC4CCN(C)CC4)cc3)nc1-2,475.59700000000026,35,1,CHEMBL565137,CHEMBL1151962,CHEMBL1151962,B
DILAVBXKBLNCME-UHFFFAOYSA-N,8.096910013008056,1,,0.0,COc1ccc(Nc2nccc(-c3cnc(C)n3C(C)C)n2)cc1,323.4000000000001,24,1,CHEMBL478828,CHEMBL1155842,CHEMBL1155842,B
DIWXPXNCGSGMLS-UHFFFAOYSA-N,5.221848749616356,1,,0.0,CN(C)CC(O)COc1ccc(Nc2nccc(Nc3ccccc3Cl)n2)cc1,413.90900000000005,29,1,CHEMBL101679,CHEMBL1136192,CHEMBL1136192,B
DJOPDQNHJUNVIQ-UHFFFAOYSA-N,6.27281673612004,1,,0.0,COc1ccc(Cc2nnc(N3CCN(C(=S)Nc4ccc(Cl)cc4)CC3)c3ccccc23)cc1,504.0590000000002,35,1,CHEMBL5436647,CHEMBL5352421,CHEMBL5352421,B
DJXFMECMJJONCX-UHFFFAOYSA-N,8.0,1,,0.0,O=C(Cc1ccc(Cl)cc1)Nc1[nH]nc2ccc(N3CCCS3(=O)=O)cc12,404.87900000000025,27,1,CHEMBL402157,CHEMBL1141545,CHEMBL1141545,B
DKGCKUUOPCFNNH-UHFFFAOYSA-N,6.795880017344075,1,,0.0,CCS(=O)(Cc1cc(F)cc(Nc2ncc(F)c(-c3ccc(F)cc3OC)n2)c1)=NC#N,461.4690000000002,32,1,CHEMBL3979266,CHEMBL3886246,CHEMBL3886246,B
DKLSGSVYDCGNPU-UHFFFAOYSA-N,7.236572006437063,1,,0.0,O=C(NC(=S)Nc1ccc(Cl)cc1)c1cn(-c2ccccc2)nc1-c1ccc(Cl)cc1,467.3810000000002,31,1,CHEMBL2426389,CHEMBL2424530,CHEMBL2424530,B
DKTHMZUTCUNQAZ-UHFFFAOYSA-N,7.838631997765026,2,0.0,0.0,Cc1nc2c(F)cc(-c3nc(Nc4ccc5c(n4)CCN(CCN(C)C(N)=S)C5)ncc3F)cc2n1C(C)C,551.6710000000003,39,2,CHEMBL4438497,CHEMBL5727719,CHEMBL5727719|CHEMBL5728430,B
DKXHSOUZPMHNIZ-UHFFFAOYSA-N,6.619788758288394,1,,0.0,O=C1NCCc2[nH]c(-c3ccncc3)cc21,213.24000000000004,16,1,CHEMBL225519,CHEMBL1221210,CHEMBL1221210,B
DLFSESWOWKXVMD-UHFFFAOYSA-N,8.0,1,,0.0,Cc1cccc(CC(=O)Nc2[nH]nc3ccc(N4CCCS4(=O)=O)cc23)c1,384.4610000000002,27,1,CHEMBL403605,CHEMBL1141545,CHEMBL1141545,B
DLIDUXYWQPLFEM-UHFFFAOYSA-N,5.769551078621726,1,,0.0,Cc1cc(-c2cnc(Nc3cnc(CN4CCN(C)CC4)cn3)s2)nc(OC2CCCCC2)n1,480.64200000000034,34,1,CHEMBL210540,CHEMBL1137419,CHEMBL1137419,B
DLKLSEQEOIJHQF-UHFFFAOYSA-N,6.2636034977233574,1,,0.0,CCOc1nn(C2CCN(C(C)=O)CC2)cc1Nc1ncc(Cl)c(-c2cnn3ccccc23)n1,480.96000000000015,34,1,CHEMBL3822943,CHEMBL3822394,CHEMBL3822394,B
DLNVXQGIVOPKFV-KTDAUSLXSA-N,8.045757490560675,1,,0.0,CCOC(=O)N=S(C)(=O)c1ccc(Nc2ncc(Br)c(N[C@H](C)C(C)(C)O)n2)cc1,500.41900000000015,30,1,CHEMBL3648084,CHEMBL3638817,CHEMBL3638817,B
DLPIYBKBHMZCJI-DOTOQJQBSA-N,8.301029995663981,2,0.0,0.0,CC[C@@H](Nc1nc(NCc2cnc(C)cc2C)c2ncn(C(C)C)c2n1)[C@H](C)O,397.5270000000001,29,2,CHEMBL5195030,CHEMBL5120846,CHEMBL5120846|CHEMBL5543128,B
DLPIYBKBHMZCJI-WBVHZDCISA-N,8.0,4,0.6109631856598253,1.3010299956639813,CC[C@H](Nc1nc(NCc2cnc(C)cc2C)c2ncn(C(C)C)c2n1)[C@@H](C)O,397.5270000000001,29,3,CHEMBL3655762,CHEMBL3638727,CHEMBL3638727|CHEMBL5223102|CHEMBL5512649,B
DLSGMAQHSIRVJJ-UHFFFAOYSA-N,7.329012396989966,1,,0.0,COc1cccc(NC(=O)NNC(=O)c2oc3ccccc3c2CN2CCN(c3ccccc3)CC2)c1,499.5710000000003,37,1,CHEMBL6147308,CHEMBL6127051,CHEMBL6127051,B
DLYVGVOGPLQZFG-UHFFFAOYSA-N,7.42021640338319,1,,0.0,Cc1nc2ccccn2c1-c1ccnc(Nc2ccc(S(N)(=O)=O)cc2)n1,380.4330000000001,27,1,CHEMBL72510,CHEMBL1147565,CHEMBL1147565,B
DMBVYCDISNAJPU-INIZCTEOSA-N,4.568636235841013,1,,0.0,Cc1c(N[C@H]2CCCNC2)nc2ccnn2c1Nc1ccc2c(cnn2C)c1,376.46800000000013,28,1,CHEMBL2163611,CHEMBL2163300,CHEMBL2163300,B
DNBJCVYANBEAGR-UHFFFAOYSA-N,4.900534065033895,2,0.18523791582422053,0.2619659728243384,O=C(O)c1ccc([N+](=O)[O-])c2c1NC(c1ccc(Cl)cc1)C1CC=CC21,370.7920000000001,26,1,CHEMBL5401470,CHEMBL5380784,CHEMBL5380784,B
DNFNQGHGGVBVSY-UHFFFAOYSA-N,6.821023052706831,2,0.0,0.0,Cc1nc2c(F)cc(-c3nc(Nc4ccc5c(n4)CCN(C(=O)C(C)(C)N(C)C)C5)ncc3F)cc2n1C(C)C,548.6420000000003,40,2,CHEMBL5775992,CHEMBL5727719,CHEMBL5727719|CHEMBL5728430,B
DNGHYRYQEMRIDG-UHFFFAOYSA-N,5.838631997765026,1,,0.0,COc1ccc(-c2nc3c(NCCCNC(=O)C4CCCC4)c(-c4nc(C(N)=O)cs4)cnc3[nH]2)cc1,519.6310000000003,37,1,CHEMBL3125721,CHEMBL3124838,CHEMBL3124838,B
DNPAFFFLKNOGHD-UHFFFAOYSA-N,5.118615343229427,1,,0.0,CC(C)N1CCN(c2ccc(Nc3ncc4cc5n(c4n3)C3(CCCC3)CNC5=O)nc2)CC1C,474.6130000000004,35,1,CHEMBL3985649,CHEMBL3886995,CHEMBL3886995,B
DNSNIVPZDDXYEL-UHFFFAOYSA-N,5.345053773415655,1,,0.0,CC(C)c1cnn2c(NCc3cccc(N)c3)nc(OC3CCN(C)CC3)nc12,395.51100000000025,29,1,CHEMBL5555405,CHEMBL5500401,CHEMBL5500401,B
DNXLFICBXNMUNW-NSHDSACASA-N,7.7447274948966935,1,,0.0,O=C1Nc2ccc(F)c3c(SC[C@@H]4CCCN4)cc(-c4ccc[nH]4)c1c23,367.44900000000007,26,1,CHEMBL442186,CHEMBL1136123,CHEMBL1136123,B
DNYBIOICMDTDAP-UHFFFAOYSA-N,6.050637409205253,2,0.006901247130439597,0.009759837289156081,CC(C)c1cnn2c(NCc3ccccc3)cc(NCCCCCCN)nc12,380.5400000000003,28,2,CHEMBL1801932,CHEMBL4406837,CHEMBL4406837|CHEMBL4610077,B
DNZGEPPZYMAFLN-MRXNPFEDSA-N,4.575118363368933,1,,0.0,C[C@@H](Oc1cc(-c2cc(-c3cc(CN(C)C)cs3)cnc2N)ccc1C(N)=O)c1ccccc1C(F)(F)F,540.6110000000002,38,1,CHEMBL2042136,CHEMBL2040736,CHEMBL2040736,B
DNZYOZKYEXTOPJ-UHFFFAOYSA-N,6.698970004336019,1,,0.0,ON=C(O)c1ccc(-c2ccc3ncnc(Nc4ccc(OCc5cccc(F)c5)c(Cl)c4)c3c2)s1,520.9730000000002,36,1,CHEMBL1630118,CHEMBL1629443,CHEMBL1629443,B
DODVGTHDEMMYPW-UHFFFAOYSA-N,7.060480747381382,1,,0.0,N#Cc1ccc2c(CCNc3ccc(S(F)(F)(F)(F)F)cc3C(=O)O)c[nH]c2c1,431.3860000000001,29,1,CHEMBL5397283,CHEMBL5380784,CHEMBL5380784,B
DOEBKADJUANKHT-UHFFFAOYSA-N,5.173925197299173,1,,0.0,CN1CCN(CCCCOc2c(OCc3ccc(C#N)cc3)cc(O)c3c(=O)cc(-c4ccccc4)oc23)CC1,539.6320000000002,40,1,CHEMBL4206957,CHEMBL4190366,CHEMBL4190366,B
DPPNUGHHPDHVMX-SFGWALBWSA-N,7.356547323513812,1,,0.0,C[C@@H]1CCC[C@H]1N1C(=O)C2(CC2)c2cnc(Nc3ccc(S(=O)(=O)N[C@@H]4CCCN(C)C4)cc3)nc21,510.66400000000027,36,1,CHEMBL5194832,CHEMBL5126669,CHEMBL5126669,B
DQHGXHGUNOSYSE-UHFFFAOYSA-N,6.154901959985743,1,,0.0,Fc1ccc(Nc2cc(NC3CCCNC3)nc3ccnn23)cc1Cl,360.82399999999996,25,1,CHEMBL2163984,CHEMBL2163300,CHEMBL2163300,B
DQPJVNQWPBLBAB-UHFFFAOYSA-N,5.481486060122112,1,,0.0,CC(=O)N1CCN(C(=O)c2cc(CSc3cnc(NC(=O)c4ccc(CNC(C)C(C)(C)C)cc4)s3)cc(C)c2C)CC1,621.873,43,1,CHEMBL382362,CHEMBL5715936,CHEMBL5715936,B
DREJCZYHSLQQGT-UHFFFAOYSA-N,7.795880017344075,1,,0.0,CCc1c(C(=O)NCCc2ccc(N3CCOCC3)cc2)[nH]c2ccc(C)cc12,391.5150000000001,29,1,CHEMBL5280635,CHEMBL5252675,CHEMBL5252675,B
DSAZIMVNBOYSQB-UHFFFAOYSA-N,4.862867523991007,1,,0.0,COc1cc(N2CCN(C)CC2)ccc1Nc1nccc(-c2cn(C)c3c(C)nccc23)n1,443.55500000000023,33,1,CHEMBL3421971,CHEMBL3421608,CHEMBL3421608,B
DSMBDRWDECFDNR-NRFANRHFSA-N,7.54515513999149,2,0.0,0.0,Cc1nc2c(F)cc(-c3nc(Nc4ccc5c(n4)CCN(C[C@@H]4CCCN4C)C5)ncc3F)cc2n1C1CC1,530.6270000000002,39,2,CHEMBL5994564,CHEMBL5727719,CHEMBL5727719|CHEMBL5728430,B
DSMBDRWDECFDNR-OAQYLSRUSA-N,6.498940737782249,2,0.0,0.0,Cc1nc2c(F)cc(-c3nc(Nc4ccc5c(n4)CCN(C[C@H]4CCCN4C)C5)ncc3F)cc2n1C1CC1,530.6270000000002,39,2,CHEMBL5872006,CHEMBL5727719,CHEMBL5727719|CHEMBL5728430,B
DTNXNLFOABWGKC-UHFFFAOYSA-N,6.251811972993799,1,,0.0,CCN(CC)S(=O)(=O)c1cccc(Nc2nccc(-c3ccnc(-c4ccc(NC(=O)NC)cc4)c3)n2)c1,531.6420000000002,38,1,CHEMBL2158011,CHEMBL2157945,CHEMBL2157945,B
DTOOAXMGUHDYNM-UHFFFAOYSA-N,6.149415023647968,1,,0.0,CC(=O)Nc1ccc(CNc2nc(NC(CO)CO)nc3c(C(C)C)cnn23)cc1,413.4820000000001,30,1,CHEMBL5542095,CHEMBL5500401,CHEMBL5500401,B
DTRNBPVOMBKUTK-UHFFFAOYSA-N,6.958607314841775,5,1.2267812455510847,3.055517327849831,COc1ccc2c(c1)=C(Cc1c[nH]cn1)C(=O)N=2,241.25,18,4,CHEMBL258805,CHEMBL1136528,CHEMBL1136528|CHEMBL1240533|CHEMBL3112420|CHEMBL5380784,B
DTTIISYOYISNJH-UHFFFAOYSA-N,8.698970004336019,1,,0.0,O=C(Nc1[nH]nc2nc(-c3ccc(O)c(Cl)c3)ccc12)C1CC1,328.7590000000001,23,1,CHEMBL259838,CHEMBL1136207,CHEMBL1136207,B
DULGHLDQYKRXTJ-UHFFFAOYSA-N,8.096910013008056,1,,0.0,CC(O)C(C)Sc1nc(Nc2ccc(S(C)(=N)=O)cc2)ncc1Br,431.3810000000001,24,1,CHEMBL3648102,CHEMBL3638817,CHEMBL3638817,B
DULLSEQKLNMVJV-UHFFFAOYSA-N,7.443697499232712,1,,0.0,O=C(Cc1ccccc1)Nc1[nH]nc2ccc(N3CCCS3(=O)=O)cc12,370.43400000000014,26,1,CHEMBL255255,CHEMBL1141545,CHEMBL1141545,B
DUNAJBJGTYHHFR-UHFFFAOYSA-N,4.327902142064283,1,,0.0,CN1CCN(c2ccc(N=Cc3c(=O)[nH]c(O)c4cc(Br)ccc34)cc2)CC1,441.3290000000001,28,1,CHEMBL486285,CHEMBL1150411,CHEMBL1150411,B
DUPIINAVKMGMHG-UHFFFAOYSA-N,4.376750709602099,1,,0.0,COc1cc(C2=C(c3cn(C)c4ccccc34)C(=O)NC2)cc(OC)c1OC,378.42800000000017,28,1,CHEMBL509435,CHEMBL1157465,CHEMBL1157465,B
DUPJERCDKVJCCS-UHFFFAOYSA-N,6.657577319177793,1,,0.0,COc1cc(F)ccc1-c1nc(Nc2cccc(CS(=O)(=NC#N)C3CC3)c2)ncc1F,455.4900000000002,32,1,CHEMBL3944304,CHEMBL3886246,CHEMBL3886246,B
DUQLWBPQEZFAKS-UHFFFAOYSA-N,7.698970004336019,1,,0.0,CN1CCN(c2ccc(Nc3ncc(Cl)c(-c4c[nH]c5cnccc45)n3)cc2)CC1,419.92000000000013,30,1,CHEMBL3421973,CHEMBL3421608,CHEMBL3421608,B
DUTKJVVQSQITCC-UHFFFAOYSA-N,5.920818753952375,1,,0.0,CC(C)COc1cc(Nc2ccc(S(=O)(=O)N(C)C)cc2)n2ncc(C(C)C)c2n1,431.5620000000002,30,1,CHEMBL361231,CHEMBL1141971,CHEMBL1141971,B
DVBJHZDVRNGXLE-QAQDUYKDSA-N,5.221848749616356,1,,0.0,N[C@H]1CC[C@H](Nc2nc3ccnn3c(Nc3ccc(F)c(Cl)c3)c2-c2ccccc2)CC1,450.9490000000002,32,1,CHEMBL2163991,CHEMBL2163300,CHEMBL2163300,B
DVDLZLUKYIFIOR-UHFFFAOYSA-N,4.585026652029182,1,,0.0,CC(=O)Nc1ccc2ccn(-c3cc(NC4CC4)n4ncc(C#N)c4n3)c2c1,371.4040000000001,28,1,CHEMBL2062563,CHEMBL2062503,CHEMBL2062503,B
DVJXBMQCLHDFIV-UHFFFAOYSA-N,5.154901959985743,1,,0.0,Oc1ccc(-c2nc(Nc3cccc(Cl)c3)nc3[nH]cnc23)cc1,337.7700000000001,24,1,CHEMBL1933345,CHEMBL1933054,CHEMBL1933054,B
DWBSENKAVBVZEJ-GOSISDBHSA-N,8.006123085058789,2,0.0,0.0,C=CC(=O)Nc1ccc(C(=O)N2CC[C@@H](Nc3ncc(SCc4ncc(C(C)(C)C)o4)s3)C2)cc1,511.6730000000003,35,2,CHEMBL4788136,CHEMBL4739712,CHEMBL4739712|CHEMBL5728751,B
DWCBCNDYPFILIY-UHFFFAOYSA-N,5.823955070631064,2,6.55200713362263e-05,9.26593734913439e-05,O=C(Nc1cc(C2CC2)[nH]n1)c1ccccc1Br,306.163,18,1,CHEMBL116047,CHEMBL1140962,CHEMBL1140962,B
DWJBOQXBZKRPLV-UHFFFAOYSA-N,5.732828271596986,1,,0.0,CCOC(=O)c1cnn2c(-c3ccc(Cl)cc3)nc(NCc3ccccc3)nc12,407.86100000000016,29,1,CHEMBL5273636,CHEMBL5241085,CHEMBL5241085,B
DWLVUAOJOFAURW-UHFFFAOYSA-N,4.823908740944319,1,,0.0,Nc1ccccc1NC(=O)c1ccc(-c2ccc3ncnc(Nc4ccc(OCc5cccc(F)c5)c(Cl)c4)c3c2)o1,580.0190000000002,42,1,CHEMBL1630111,CHEMBL1629443,CHEMBL1629443,B
DWMYQJBUFRLTQG-GORDUTHDSA-N,5.4089353929735005,1,,0.0,Cc1cnc2nc1-c1ccnc(c1)OCC/C=C/COCc1cc(ccc1OCCN1CCCC1)N2,487.6040000000004,36,1,CHEMBL2035053,CHEMBL2034857,CHEMBL2034857,B
DWVMFMWELQFMNJ-UHFFFAOYSA-N,6.503070351926786,1,,0.0,C=C(CCN(C)C)N1CCc2nc(Nc3ncc(F)c(-c4cc(F)c5nc(C)n(C6CC6)c5c4)n3)ccc2C1,530.6270000000002,39,1,CHEMBL5757792,CHEMBL5728430,CHEMBL5728430,B
DXIAHMIZSNQSST-HNNXBMFYSA-N,7.130768280269024,1,,0.0,N[C@H](CNc1nnc(-c2ccc3[nH]ncc3c2)s1)Cc1ccc(F)cc1,368.44100000000014,26,1,CHEMBL1081439,CHEMBL1154933,CHEMBL1154933,B
DXSFSGMRGCIRSG-UHFFFAOYSA-N,4.6020599913279625,1,,0.0,Nc1ncccc1-c1nc2ccccc2[nH]1,210.24,16,1,CHEMBL3797559,CHEMBL3797138,CHEMBL3797138,B
DXYJEPWQHDFWKC-UHFFFAOYSA-N,4.823908740944319,1,,0.0,c1ccc(Cc2nnc3sc(SSc4nn5c(Cc6ccccc6)nnc5s4)nn23)cc1,494.6560000000002,32,1,CHEMBL556836,CHEMBL1152892,CHEMBL1152892,B
DXZFQTAPRSQZBA-UHFFFAOYSA-N,7.0915149811213505,1,,0.0,Cn1nc(C(=O)NC2CC2)c2c1-c1nc(Nc3ccccc3)ncc1CC2,360.4210000000001,27,1,CHEMBL559639,CHEMBL1151962,CHEMBL1151962,B
DYNJFQAYZGECBV-UHFFFAOYSA-N,5.568636235841012,1,,0.0,CNc1nccc(-n2ccc3ccc(C#N)cc32)n1,249.277,19,1,CHEMBL2348182,CHEMBL2346586,CHEMBL2346586,B
DYNVDYWVVYCHHR-UHFFFAOYSA-N,7.528708288941061,3,0.007742159910290749,0.013409814324946367,CNCC(=O)N1CCc2nc(Nc3ncc(F)c(-c4cc(F)c5nc(C)n(C(C)C)c5c4)n3)ccc2C1,506.56100000000026,37,2,CHEMBL5814867,CHEMBL5727719,CHEMBL5727719|CHEMBL5728430,B
DYRKHLOFLBMAGH-UHFFFAOYSA-N,7.7447274948966935,1,,0.0,O=C1Nc2ccc(F)c3c(OCCCO)cc(-c4ccc[nH]4)c1c23,326.327,24,1,CHEMBL79364,CHEMBL1136123,CHEMBL1136123,B
DZSDYDGUHYPYPC-UHFFFAOYSA-N,7.366531544420414,3,0.0,0.0,NS(=O)(=O)c1ccc(N=Nc2c(O)[nH]c3ccc(S(N)(=O)=O)cc23)cc1,395.42200000000014,26,3,CHEMBL272387,CHEMBL1137075,CHEMBL1134300|CHEMBL1137075|CHEMBL1143196,B
FADBFXGGKHHVNR-HHHXNRCGSA-N,6.121478204498794,1,,0.0,C=CC(=O)Nc1ccc(C(=O)Nc2[nH]nc3ccc(-c4cncc(N[C@H](CO)c5ccccc5)c4)cc23)cc1,518.5770000000002,39,1,CHEMBL5273413,CHEMBL5236590,CHEMBL5236590,B
FAJUKMUPSMAZEK-UHFFFAOYSA-N,4.830061191058185,1,,0.0,COc1cc(N2CCN(C(C)=O)CC2)ccc1Nc1cc(-c2cn(C)c3cnccc23)ncn1,457.5380000000002,34,1,CHEMBL3421965,CHEMBL3421608,CHEMBL3421608,B
FBFCEASGGVTKEY-UHFFFAOYSA-N,7.6020599913279625,1,,0.0,CC(=O)N1CCC(n2cc(Nc3ncc(Cl)c(-c4cnc5ccccn45)n3)cn2)CC1,436.9070000000002,31,1,CHEMBL3823659,CHEMBL3822394,CHEMBL3822394,B
FBMRMTHKZVMVDV-UHFFFAOYSA-N,5.277283832511506,1,,0.0,CN1CCN(C(=O)N2CCC(Nc3ncc(Cl)c(-c4c[nH]c5ccccc45)n3)CC2)CC1,453.9780000000003,32,1,CHEMBL245534,CHEMBL1139954,CHEMBL1139954,B
FDEXXQUKUXAVRQ-ROUUACIJSA-N,7.221848749616356,1,,0.0,Nc1nc(NC2CCCCC2)cc(-c2cc(N3C[C@H](O)[C@@H](O)C3)ccc2O)n1,385.4680000000001,28,1,CHEMBL1800465,CHEMBL1799991,CHEMBL1799991,B
FEBXDTFBHZJUJT-UHFFFAOYSA-N,7.100179497572904,2,0.0,0.0,Cc1nc2c(F)cc(-c3nc(Nc4ccc5c(n4)CCN(C(=O)CN(C)C)C5)ncc3F)cc2n1CC1CC1,532.5990000000002,39,2,CHEMBL5888788,CHEMBL5727719,CHEMBL5727719|CHEMBL5728430,B
FEEKGGYBLXCKCC-UHFFFAOYSA-N,5.154901959985743,1,,0.0,CN(C)CC(O)COc1ccc(Nc2nccc(Nc3ccccc3F)n2)cc1,397.45400000000006,29,1,CHEMBL101019,CHEMBL1136192,CHEMBL1136192,B
FGFWZFYILZKNBW-UHFFFAOYSA-N,7.8297382846050425,1,,0.0,C=C(CN1CCN(C)CC1)N1CCc2nc(Nc3ncc(F)c(-c4cc(F)c5nc(C)n(C6CCCC6)c5c4)n3)ccc2C1,599.7340000000002,44,1,CHEMBL5941698,CHEMBL5727719,CHEMBL5727719,B
FHDPQTHZTKXVCW-UHFFFAOYSA-N,6.148130399270234,1,,0.0,COc1cc(Nc2nccc(Nc3cnc4ccccc4c3)n2)cc(OC)c1OC,403.44200000000023,30,1,CHEMBL1760035,CHEMBL1759866,CHEMBL1759866,B
FHEKOHYCVBZJPQ-UHFFFAOYSA-N,6.455931955649724,1,,0.0,CCOC(=O)N=S(C)(=O)Cc1cccc(Nc2ncc(F)c(-c3cccc4c3OCC4)n2)c1,470.52600000000024,33,1,CHEMBL3972796,CHEMBL3886246,CHEMBL3886246,B
FHTOFDBQMPQMLQ-UHFFFAOYSA-N,5.7667499904589,1,,0.0,Nc1nc2ccc(C(=O)c3c(F)cccc3F)cn2c1C(=O)c1ccc(Cl)cc1,411.7950000000001,29,1,CHEMBL183362,CHEMBL1138729,CHEMBL1138729,B
FHUULRWYKIDOHF-UHFFFAOYSA-N,7.13608262304214,2,0.0,0.0,Cc1nc2c(F)cc(-c3nc(Nc4ccc5c(n4)CCN(CCN(C)CCN(C)C)C5)ncc3F)cc2n1C(C)(C)C,577.7280000000002,42,2,CHEMBL5983466,CHEMBL5727719,CHEMBL5727719|CHEMBL5728430,B
FIRZNFNHYVXQPP-IBGZPJMESA-N,5.585026652029182,1,,0.0,Cc1ccc(Cl)c(N(CC#N)c2cc(Nc3ccc(OC[C@@H](O)CN(C)C)cc3)ncn2)c1,466.97300000000024,33,1,CHEMBL211514,CHEMBL1149496,CHEMBL1149496,B
FISPOMCKBOYLEG-JOCQHMNTSA-N,6.4089353929735005,1,,0.0,N[C@H]1CC[C@H](Nc2cc(Nc3ccccc3Cl)n3nccc3n2)CC1,356.8610000000001,25,1,CHEMBL2163607,CHEMBL2163300,CHEMBL2163300,B
FITNLFQULPJFRL-UHFFFAOYSA-N,7.366531544420414,3,0.0,0.0,NS(=O)(=O)c1ccc(N=Nc2c(O)[nH]c3cc(Br)ccc23)cc1,395.238,23,3,CHEMBL271183,CHEMBL1137075,CHEMBL1134300|CHEMBL1137075|CHEMBL1143196,B
FJEXBYVIDPXIBM-HSZRJFAPSA-N,6.30189945437661,1,,0.0,N[C@@H](COc1cncc(-c2ccc3[nH]nc(NC(=O)c4ccccc4)c3c2)c1)Cc1ccccc1,463.5410000000002,35,1,CHEMBL5285145,CHEMBL5236590,CHEMBL5236590,B
FJEXBYVIDPXIBM-QHCPKHFHSA-N,7.013228265733755,1,,0.0,N[C@H](COc1cncc(-c2ccc3[nH]nc(NC(=O)c4ccccc4)c3c2)c1)Cc1ccccc1,463.5410000000002,35,1,CHEMBL5290362,CHEMBL5236590,CHEMBL5236590,B
FJJJERLTHDXEPT-JYRVWZFOSA-N,6.920818753952375,1,,0.0,CNS(=O)(=O)c1ccc(-c2ccc(/C=C3\SC(=N)NC3=O)o2)cc1,363.4200000000001,24,1,CHEMBL233553,CHEMBL1149560,CHEMBL1149560,B
FLAQHSSOAXIOIA-HNNXBMFYSA-N,6.559090917934782,1,,0.0,Cn1c(=O)[nH]c2ccc(-c3cnc(NC[C@@H](N)Cc4ccc(C(F)(F)F)cc4)s3)cc21,447.48600000000005,31,1,CHEMBL1082016,CHEMBL1154944,CHEMBL1154944,B
FLDQRJGKJVDZNA-UHFFFAOYSA-N,8.698970004336019,2,0.0,0.0,CC(=Nc1ccc(S(N)(=O)=O)cc1)c1c(O)[nH]c2ccc(-c3cnco3)cc12,396.4280000000001,28,2,CHEMBL411887,CHEMBL1134300,CHEMBL1134300|CHEMBL1143196,B
FLYNZEXUURBXAW-JTQLQIEISA-N,6.337242168318426,1,,0.0,Cc1cc(Nc2nc(N[C@@H](C)c3ccc(F)cn3)c(C#N)nc2C)[nH]n1,352.3770000000001,26,1,CHEMBL578201,CHEMBL1156131,CHEMBL1156131,B
FMYDWZBWZKJPCK-UHFFFAOYSA-N,7.097453220686009,1,,0.0,CC1(C)CCc2nc3c(F)cc(-c4nc(Nc5ccc(CN6CCN(C(=O)CO)CC6)cn5)ncc4F)cc3n21,548.5980000000003,40,1,CHEMBL5817708,CHEMBL5729140,CHEMBL5729140,B
FNECORBUMBYEPJ-UHFFFAOYSA-N,7.958607314841775,3,0.0,0.0,NS(=O)(=O)c1ccc(N=Nc2c(O)[nH]c3ccc(I)cc23)cc1,442.23800000000006,23,3,CHEMBL273060,CHEMBL1137075,CHEMBL1134300|CHEMBL1137075|CHEMBL1143196,B
FNZRNRPNWVXECL-UHFFFAOYSA-N,7.113509274827518,1,,0.0,CCOc1cc(-c2ccc[nH]2)c2c3c(ccc(F)c13)NC2=O,296.301,22,1,CHEMBL310755,CHEMBL1136123,CHEMBL1136123,B
FOBQDUDIHLWHMU-UHFFFAOYSA-N,6.119430911156099,2,0.19828179149178285,0.2804127986993139,NC(Cc1ccccc1)C(=O)Nc1cncc(-c2ccc3[nH]nc(NC(=O)c4ccccc4)c3c2)c1,476.54000000000013,36,1,CHEMBL5270227|CHEMBL5277013,CHEMBL5236590,CHEMBL5236590,B
FOESVLPZMGVWBM-JOCQHMNTSA-N,7.522878745280337,1,,0.0,CC(C)Nc1cc(N[C@H]2CC[C@H](N)CC2)nc2c(C#N)cnn12,313.40899999999993,23,1,CHEMBL509730,CHEMBL1156543,CHEMBL1156543,B
FOFHDVOENOAIGR-UHFFFAOYSA-N,6.337242168318426,1,,0.0,CNC(=O)Nc1ccc(-c2cc(-c3ccnc(Nc4ccc(C)c(S(=O)(=O)N(C)C)c4)n3)ccn2)cc1,517.6150000000002,37,1,CHEMBL2158861,CHEMBL2157945,CHEMBL2157945,B
FOKOZXITMRFJDN-UHFFFAOYSA-N,5.016328617139804,1,,0.0,COc1cc(F)ccc1-c1cc(Nc2ccc(NC(=O)CCCCCCC(O)=NO)cc2)ncc1F,498.53000000000037,36,1,CHEMBL5597605,CHEMBL5584345,CHEMBL5584345,B
FONRCZUZCHXWBD-VGOFMYFVSA-N,6.833661624249298,2,0.2545790869066005,0.36002919739987327,CN(C)C/C=C/C(=O)Nc1cccc(C(=O)Nc2cccc(Nc3ncc(Cl)c(-c4c[nH]c5ccccc45)n3)c2)c1,566.0650000000002,41,2,CHEMBL4303287,CHEMBL4402527,CHEMBL4402527|CHEMBL4610077,B
FPFZKLQQOCTYKM-IBGZPJMESA-N,5.620332306109001,2,0.1459551689556305,0.20641177943550915,C[C@H]1CN(c2ccc(Nc3ncc4cc5n(c4n3)C3(CCCCC3)CNC5=O)nc2)CCN1CC1CC1,500.6510000000005,37,1,CHEMBL3917699,CHEMBL3886995,CHEMBL3886995,B
FPKSFXFWECAIBR-UHFFFAOYSA-N,7.2839966563652006,1,,0.0,O=C(Nc1c[nH]nc1-c1nc2ccccc2[nH]1)c1ccccc1,303.32500000000005,23,1,CHEMBL522891,CHEMBL1139387,CHEMBL1139387,B
FPRLDACYCIWFIM-UHFFFAOYSA-N,8.337242168318426,3,0.0,0.0,NS(=O)(=O)c1ccc(N=Nc2c(O)[nH]c3cccc(I)c23)cc1,442.23800000000006,23,3,CHEMBL314397,CHEMBL1137075,CHEMBL1134300|CHEMBL1137075|CHEMBL1143196,B
FPZYYCPZIIPVNT-IBGZPJMESA-N,7.292429823902063,1,,0.0,N[C@H]1CCN(c2c3c(nc4ccc(-c5ccnc(NC(=O)C6CC6)c5)cc24)CCCC3)C1,427.5520000000004,32,1,CHEMBL5499697,CHEMBL5579822,CHEMBL5579822,B
FQJFTSMSJXOYME-UHFFFAOYSA-N,7.2518895394318275,2,0.00010969550864531361,0.00015513287605717352,O=C(Cc1ccc(-c2ccccc2)cc1)Nc1cc(C2CC2)[nH]n1,317.3920000000001,24,1,CHEMBL115933,CHEMBL1140962,CHEMBL1140962,B
FQTJEZMOBVVNAD-UHFFFAOYSA-N,6.1249387366083,1,,0.0,O=C(NC1CCNCC1)c1[nH]ncc1NC(=O)c1c(F)cc(F)cc1F,367.3310000000001,26,1,CHEMBL448316,CHEMBL1156543,CHEMBL1156543,B
FQXIPYVUOFUNCY-UHFFFAOYSA-N,7.096910013008056,1,,0.0,COC1CCN(c2nccc(Nc3cc4c(ccn4C(C)C)cn3)n2)CC1,366.46900000000016,27,1,CHEMBL3354188,CHEMBL3351701,CHEMBL3351701,B
FRHDZWLQTMKUPC-UHFFFAOYSA-N,6.154901959985743,1,,0.0,O=C(NC(=S)Nc1ccc(O)c(-c2nc3ccccc3s2)c1)c1ccc([N+](=O)[O-])cc1,450.50100000000015,31,1,CHEMBL460746,CHEMBL1153282,CHEMBL1153282,B
FRMUVPUWSPBSID-UHFFFAOYSA-N,8.698970004336019,1,,0.0,CNC(=O)c1ccc(Nc2nccc(-c3cnc(C)n3C3CCCC3)n2)cc1,376.46400000000017,28,1,CHEMBL488257,CHEMBL1152177,CHEMBL1152177,B
FRPNTLUZPVREQA-UHFFFAOYSA-N,5.18111458540599,1,,0.0,CN1CCC(c2c(O)cc(O)c3c(=O)cc(Sc4ccccc4)oc23)C(O)C1,399.46800000000013,28,1,CHEMBL112050,CHEMBL1136795,CHEMBL1136795,B
FRUDYEUOYPWKKU-UHFFFAOYSA-N,6.77780395369828,1,,0.0,CC(C)N1CCN(C(=O)c2ccnc(Nc3cc(-c4ccc5nnn(C(C)C)c5c4)ccn3)c2)CC1,484.60800000000023,36,1,CHEMBL5557384,CHEMBL5518230,CHEMBL5518230,B
FSACDFYOLXPJSX-UHFFFAOYSA-N,4.6777807052660805,1,,0.0,O=c1[nH]c(O)c(C=Nc2ccc(CN3CCOCC3)cc2)c2ccccc12,363.41700000000014,27,1,CHEMBL482883,CHEMBL1150411,CHEMBL1150411,B
FSBZLMWCSXRVNQ-UHFFFAOYSA-N,5.721246399047171,1,,0.0,CN(C)C(=O)c1ccc(Nc2cc3c(cn2)cc(C(=O)N(C)C)n3C(=O)OC(C)(C)C)c(Cl)c1,485.9720000000002,34,1,CHEMBL5598242,CHEMBL5584232,CHEMBL5584232,B
FSSNONJREOQPMO-UHFFFAOYSA-N,8.0,1,,0.0,CCOC(=O)c1c(C)c2cnc(Nc3ccc(N4CCNCC4)cn3)nc2n(C2CCCC2)c1=O,477.5690000000004,35,1,CHEMBL189934,CHEMBL6074624,CHEMBL6074624,B
FTFDOZLQPLTYBX-UHFFFAOYSA-N,5.643400564275029,1,,0.0,CSc1cn2c(-c3cn[nH]c3)cnc2c(Nc2cc(C)ns2)n1,343.4410000000001,23,1,CHEMBL1270795,CHEMBL1799927,CHEMBL1799927,B
FTFHCSWIOVPGGS-UHFFFAOYSA-N,7.7121982700697735,4,0.7895131540875907,1.6499835436451455,Cc1nc2c(F)cc(-c3nc(Nc4ccc5c(n4)CCN(CCN=C(N)N)C5)ncc3F)cc2n1C(C)C,520.5920000000003,38,2,CHEMBL5755607,CHEMBL5727719,CHEMBL5727719|CHEMBL5728430,B
FTRPIMYLRVCHMY-UHFFFAOYSA-N,5.508638306165727,1,,0.0,COc1ccc(CN=Cc2c(=O)[nH]c(O)c3cccc(Br)c23)cc1O,403.2320000000001,25,1,CHEMBL489039,CHEMBL1153424,CHEMBL1153424,B
FTVSRDXTCVDLNI-UHFFFAOYSA-N,6.299997602857746,1,,0.0,COc1ccc(-c2ocnc2C(=O)NCc2ccnnc2)cc1Cl,344.75800000000004,24,1,CHEMBL1957228,CHEMBL1955730,CHEMBL1955730,B
FUMJKSZLZJFCAQ-UHFFFAOYSA-N,6.039529222465701,1,,0.0,COc1cc(F)ccc1-c1ccnc(NC(=O)C2CCC(NC(C)=O)C2)c1,371.4120000000002,27,1,CHEMBL3673435,CHEMBL3638701,CHEMBL3638701,B
FUTLJNOGKQFKCL-UHFFFAOYSA-N,4.638272163982407,1,,0.0,CNc1nc2c(nc(-c3ccccc3)n2C)c2c1ncn2C,292.34600000000006,22,1,CHEMBL522011,CHEMBL1153345,CHEMBL1153345,B
FUUWOHHJIKTUIR-UHFFFAOYSA-N,7.958607314841775,1,,0.0,Fc1ccccc1-c1cc(NCc2cccnc2)n2ncc(Br)c2n1,398.23900000000003,25,1,CHEMBL3642647,CHEMBL3639187,CHEMBL3639187,B
FVTBNLXYEQBKLR-UHFFFAOYSA-N,5.346787486224656,1,,0.0,CC(C)N1CCN(c2ccc(Nc3ncc4cc5n(c4n3)C3(CCCC3)CNC5=O)nn2)CC1,461.5740000000004,34,1,CHEMBL3948158,CHEMBL3886995,CHEMBL3886995,B
FWEOQOXTVHGIFQ-UHFFFAOYSA-N,4.040958607678906,1,,0.0,O=S(=O)(O)c1cccc2cccc(Nc3ccccc3)c12,299.35100000000006,21,1,CHEMBL285527,CHEMBL3632525,CHEMBL3632525,B
FWVDYURMNWRTHU-UHFFFAOYSA-N,7.100179497572904,1,,0.0,CN1CCC(c2cc3c(-c4cnn(CC5CC5)c4)c(Cl)cnc3[nH]2)CC1,369.9000000000001,26,1,CHEMBL6147673,CHEMBL6092142,CHEMBL6092142,B
FWXFLHLNXMUVDC-UHFFFAOYSA-N,7.6777807052660805,1,,0.0,Fc1ccccc1-c1cc(NCc2cccnc2)n2ncc(Cl)c2n1,353.788,25,1,CHEMBL3642648,CHEMBL3639187,CHEMBL3639187,B
FXDWNCFVVOSWKM-UHFFFAOYSA-N,4.709965388637482,1,,0.0,c1ccc2ncc(Nc3ccnc(Nc4ccc(OCCCN5CCCCC5)cc4)n3)cc2c1,454.57800000000043,34,1,CHEMBL1760057,CHEMBL1759866,CHEMBL1759866,B
FXIMIJCGTDGDFQ-UHFFFAOYSA-N,5.928117992693874,1,,0.0,COc1cc(O)c2c(=O)cc(-c3ccc(N4CCN(C)CC4)cc3)oc2c1N1CCNCC1,450.5390000000003,33,1,CHEMBL5287796,CHEMBL5223102,CHEMBL5223102,B
FXNYFKNNCUKUAE-UHFFFAOYSA-N,6.899629454882437,1,,0.0,CCn1c(C)nc2c(F)cc(-c3nc(Nc4ccc5c(n4)CCNC5)ncc3F)cc21,421.4550000000002,31,1,CHEMBL5900599,CHEMBL5728430,CHEMBL5728430,B
FYHSDKCDJZHNOM-UHFFFAOYSA-N,5.958607314841775,1,,0.0,COc1cc(F)ccc1-c1ccnc2[nH]c(-c3ccc(CN4CCOCC4)cc3)nc12,418.4720000000003,31,1,CHEMBL5188442,CHEMBL5096204,CHEMBL5096204,B
FYPBWYRJVFZUDM-UHFFFAOYSA-N,5.899998417198648,1,,0.0,COc1ccc(-c2ocnc2C(=O)NCc2ccnc(C)c2)cc1Cl,357.797,25,1,CHEMBL1957225,CHEMBL1955730,CHEMBL1955730,B
FYTKRHWUZSNWFH-UHFFFAOYSA-N,5.889410289700751,1,,0.0,Cc1nc(-c2c(C)nn3c(-c4ccccc4)ccnc23)no1,291.3140000000001,22,1,CHEMBL5647522,CHEMBL5634157,CHEMBL5634157,B
FYYYMEMZRSXLIX-UHFFFAOYSA-N,8.173925197299173,1,,0.0,NS(=O)(=O)c1cccc(Nc2nccc(-c3ccnc(NCCCO)c3)n2)c1,400.46400000000017,28,1,CHEMBL2158843,CHEMBL2157945,CHEMBL2157945,B
FZIXLWQFVIFLAF-UHFFFAOYSA-N,5.715118285344547,1,,0.0,Nc1nc2ccc(C(=O)c3ccccc3)cn2c1C(=O)c1c(F)cccc1F,377.3500000000001,28,1,CHEMBL362774,CHEMBL1138729,CHEMBL1138729,B
FZPJYIIJUFGDEH-UHFFFAOYSA-N,6.991399828238082,1,,0.0,CS(=O)(=O)N1CCC(Nc2ncc3c(n2)N(C2CCCC2)C(=O)C32CC2)CC1,405.52400000000046,28,1,CHEMBL5195597,CHEMBL5126669,CHEMBL5126669,B
FZTJERAWWYKCDB-UHFFFAOYSA-N,5.987162775294828,1,,0.0,COc1cc(N2CCN(C(C)=O)CC2)ccc1Nc1ncc(Cl)c(-c2cnn3ccccc23)n1,477.95600000000013,34,1,CHEMBL3823297,CHEMBL3822394,CHEMBL3822394,B
GAQZTUHMZFHHGQ-PWSUYJOCSA-N,7.301029995663981,1,,0.0,CC[C@H](Nc1nc(NC2CC2)c2ncn(C(C)C)c2n1)[C@@H](C)O,318.425,23,1,CHEMBL3655767,CHEMBL3638727,CHEMBL3638727,B
GASKLLGYESCIOX-UHFFFAOYSA-N,4.958607314841775,1,,0.0,CCSc1nn2c(C)nnc2s1,200.292,12,1,CHEMBL542013,CHEMBL1152892,CHEMBL1152892,B
GAVACURIHQESLA-UHFFFAOYSA-N,5.7447274948966935,1,,0.0,CCCN(CCC)c1ccc2[nH]nc(NC(=O)Cc3ccccc3)c2c1,350.46600000000007,26,1,CHEMBL401603,CHEMBL1141545,CHEMBL1141545,B
GAVPKFXPGFHFSY-UHFFFAOYSA-N,6.366003704817208,2,0.15042479741598064,0.21273278862290557,Cn1cc(C2=C(c3coc4cc(CO)ccc34)C(=O)NC2=O)c2cc(Br)ccc21,451.27600000000007,29,1,CHEMBL489833,CHEMBL1153825,CHEMBL1153825,B
GAWLYGKVBBQKJR-UHFFFAOYSA-N,6.774690718274137,1,,0.0,CC(C)(C)c1cnc(CSc2cnc(NCC3CCCCC3)s2)o1,365.5680000000002,24,1,CHEMBL495754,CHEMBL1143434,CHEMBL1143434,B
GAYYZQYKXQJXQA-UHFFFAOYSA-N,6.7594507517174005,2,0.0,0.0,C=CC(=O)NC1CCN(C(=O)N2CCCC(Nc3ncc(SCc4ncc(C(C)(C)C)o4)s3)C2)CC1,532.7360000000002,36,2,CHEMBL4776271,CHEMBL4739712,CHEMBL4739712|CHEMBL5728751,B
GBFWZCHKVJJGKE-ONEGZZNKSA-N,6.481486060122112,1,,0.0,COCCOc1ccc2cc1CN(C)C/C=C/COCc1ccc(s1)-c1ccnc(n1)N2,452.58000000000015,32,1,CHEMBL2035182,CHEMBL2034857,CHEMBL2034857,B
GBRORGYPYNNDGL-UHFFFAOYSA-N,6.346787486224656,1,,0.0,CN(C)CC(O)COc1ccc(Nc2nccc(-c3cnn4nc(N5CCOCC5)ccc34)n2)cc1,490.5680000000003,36,1,CHEMBL521871,CHEMBL1143431,CHEMBL1143431,B
GCELNWHYDYQJHB-UHFFFAOYSA-N,7.568636235841012,2,0.0,0.0,Cc1nc2c(F)cc(-c3nc(Nc4ccc5c(n4)CCN(CC(N)=NO)C5)ncc3F)cc2n1C(C)(C)C,521.5760000000002,38,2,CHEMBL5751847,CHEMBL5727719,CHEMBL5727719|CHEMBL5728430,B
GCIMHCJOZUYMTH-UHFFFAOYSA-N,7.508638306165727,1,,0.0,NS(=O)(=O)c1cccc(Nc2nccc(-c3ccnc(N4C5CCC4COC5)c3)n2)c1,438.51300000000026,31,1,CHEMBL2158854,CHEMBL2157945,CHEMBL2157945,B
GCKFVYKOXJCXQH-UHFFFAOYSA-N,5.1249387366083,1,,0.0,NC(=O)c1c(NC(=O)Cn2c(O)ccc2O)sc2c1CCC2,321.3580000000002,22,1,CHEMBL272171,CHEMBL1143196,CHEMBL1143196,B
GCNSUXMONRYRHL-UHFFFAOYSA-N,5.468521082957745,1,,0.0,CC(C)OC(=O)N1CCn2cc(C3=C(c4cnc5ccccn45)C(=O)NC3=O)c3cccc(c32)C1,469.5010000000002,35,1,CHEMBL363058,CHEMBL1138659,CHEMBL1138659,B
GCNUHXYSZTZUGC-UHFFFAOYSA-N,8.2518119729938,2,0.0,0.0,O=S(=O)(NCc1ccccc1)c1ccc(N=Cc2c(O)[nH]c3ccc4ncsc4c23)cc1,462.55600000000015,32,2,CHEMBL1964242,CHEMBL1137075,CHEMBL1134300|CHEMBL1137075,B
GCWMGQFAGIVZCJ-UHFFFAOYSA-N,4.698970004336019,1,,0.0,COc1cc(C2=C(c3cn(COc4ccccc4)c4ccccc34)CNC2=O)cc(OC)c1OC,470.52500000000026,35,1,CHEMBL488811,CHEMBL1157465,CHEMBL1157465,B
GDKFMMHDPYDGQS-JCMHNJIXSA-N,5.525783735923745,1,,0.0,CN1CCC(c2c(O)cc(O)c3c2O/C(=C\c2ccc(N4CCN(C)CC4)cc2)C3=O)CC1,449.55100000000033,33,1,CHEMBL46181,CHEMBL1135924,CHEMBL1135924,B
GDMFHZWESGTFGR-UHFFFAOYSA-N,7.552841968657781,1,,0.0,NCC[S+]([O-])c1cc(-c2ccc[nH]2)c2c3c(ccc(F)c13)NC2=O,343.38300000000004,24,1,CHEMBL79356,CHEMBL1136123,CHEMBL1136123,B
GDQXJQSQYMMKRA-UHFFFAOYSA-N,4.5376020021010435,1,,0.0,CC(C)(C)n1nc(Cc2cccc3ccccc23)c2c(N)ncnc21,331.4230000000001,25,1,CHEMBL573578,CHEMBL1240301,CHEMBL1240301,B
GDSQVLMYYCNAGP-UHFFFAOYSA-N,5.142667503568731,1,,0.0,CC(=O)Nc1cc(Nc2cc(NC3CC3)n3ncc(C#N)c3n2)ccc1C,361.4090000000001,27,1,CHEMBL2409175,CHEMBL2406966,CHEMBL2406966,B
GDZULWKNFKCRJP-UHFFFAOYSA-N,6.657577319177793,1,,0.0,CN(C)Cc1ccc2ccc(Cl)c(C3=C(c4cn(C)c5ccccc45)C(=O)NC3=O)c2c1,443.93400000000014,32,1,CHEMBL4077967,CHEMBL4002641,CHEMBL4002641,B
GDZVTFLLGJNTRE-UHFFFAOYSA-N,7.273417303737071,2,1.1273598157423548,1.5943275410972717,Cn1cnc(S(=O)(=O)N2CCC(Nc3ncc(C(F)(F)F)c(-c4cnn(CC(F)(F)F)c4)n3)CC2)c1,538.4780000000001,36,1,CHEMBL5583697,CHEMBL5528049,CHEMBL5528049,B
GEICEYBJACBCSI-CPYOLTPOSA-N,8.154901959985743,1,,0.0,CN=S(C)(=O)c1ccc(Nc2ncc(Br)c(N[C@H](C)[C@H](C)O)n2)cc1,428.3560000000001,25,1,CHEMBL3648083,CHEMBL3638817,CHEMBL3638817,B
GFAOBTBGGGZDLI-UHFFFAOYSA-N,6.795880017344075,1,,0.0,COc1cc(F)ccc1-c1nc(Nc2cc(Cl)cc(CS(C)(=O)=NC#N)c2)ncc1F,463.89700000000016,31,1,CHEMBL3967588,CHEMBL3886246,CHEMBL3886246,B
GFHRPONHRZBFNC-UHFFFAOYSA-N,5.863279432843593,1,,0.0,COc1ccc(-c2nc3c(NCCCNC(=O)C4CC4)c(Br)cnc3[nH]2)cc1,444.3330000000001,28,1,CHEMBL2011931,CHEMBL2010664,CHEMBL2010664,B
GFPPHSHWJZFXOY-UHFFFAOYSA-N,5.585013289533196,2,1.88974230507804e-05,2.6724991972315593e-05,O=C(Nc1cc(C2CC2)[nH]n1)C(=O)c1ccccc1,255.27700000000002,19,1,CHEMBL190178,CHEMBL1140962,CHEMBL1140962,B
GFTNFPLXWATKRF-UHFFFAOYSA-N,8.050609993355087,2,0.0,0.0,CCOC(=O)c1cccc2[nH]c(O)c(C=Nc3ccc(S(N)(=O)=O)cc3)c12,387.4170000000001,27,2,CHEMBL408210,CHEMBL1134300,CHEMBL1134300|CHEMBL1143196,B
GGQSOEXSCZITMC-HNNXBMFYSA-N,7.455931955649724,1,,0.0,Cc1[nH]nc2ccc(-c3nnc(NC[C@@H](N)Cc4cccc(C(F)(F)F)c4)s3)cc12,432.475,30,1,CHEMBL1080561,CHEMBL1154933,CHEMBL1154933,B
GGTPTLANFCGFPU-UHFFFAOYSA-N,7.059821900290382,2,0.3170309803826889,0.4483495121496377,CC(C)(O)Cn1cc(-c2nc(NC3CCN(S(=O)(=O)C4CC4)CC3)ncc2C#N)cn1,445.54900000000026,31,1,CHEMBL5556607,CHEMBL5528049,CHEMBL5528049,B
GGYDJNHAXDHSOW-UHFFFAOYSA-N,5.537602002101044,1,,0.0,COc1ccc2c(=O)[nH]c(O)c(C=NCc3ccc(OC)c(O)c3)c2c1,354.362,26,1,CHEMBL489246,CHEMBL1153424,CHEMBL1153424,B
GHBIFDBGDNHWRO-OWOJBTEDSA-N,7.080921907623926,1,,0.0,C1=C/Cn2ccc3ccc(cc32)-c2ccnc(n2)Nc2cccc(c2)COC/1,368.44000000000017,28,1,CHEMBL2035043,CHEMBL2034857,CHEMBL2034857,B
GHRNSZVMIARHIS-UHFFFAOYSA-N,4.431798275933005,1,,0.0,CC(C1CC1)n1cnc2c(NCc3cccc(C(F)(F)F)c3)nc(NCCN(C)C)nc21,447.5090000000002,32,1,CHEMBL4462126,CHEMBL4422662,CHEMBL4422662,B
GHZHWLNSNHLNPM-UHFFFAOYSA-N,7.920818753952375,1,,0.0,NS(=O)(=O)c1ccc2[nH]c(O)c(C=c3[nH]cc4c3=CCOC4=O)c2c1,359.3630000000001,25,1,CHEMBL432491,CHEMBL1136528,CHEMBL1136528,B
GIDICEDQVLRALE-AWEZNQCLSA-N,7.257274868695301,1,,0.0,N[C@H](CNc1ncc(-c2ccc3nnn(N)c3c2)s1)Cc1ccc(C(F)(F)F)cc1,433.46300000000014,30,1,CHEMBL1081830,CHEMBL1154944,CHEMBL1154944,B
GILWXCHDCXNXEJ-NSCUHMNNSA-N,7.657577319177793,1,,0.0,CN1C/C=C/CCOc2cc(ccn2)-c2ccnc(n2)Nc2cccc(c2)C1,373.4600000000001,28,1,CHEMBL2035044,CHEMBL2034857,CHEMBL2034857,B
GIOKUJORFDKSSG-UHFFFAOYSA-N,7.315154638355588,2,0.0,0.0,Cc1nc2c(F)cc(-c3nc(Nc4ccc5c(n4)CCN(CCN(C)CCO)C5)ncc3F)cc2n1C(C)(C)C,550.6580000000002,40,2,CHEMBL5834090,CHEMBL5727719,CHEMBL5727719|CHEMBL5728430,B
GIXFRBHZNMDGTA-UHFFFAOYSA-N,6.958607314841775,1,,0.0,CNC(=O)Nc1ccc(-c2cc(-c3ccnc(Nc4ccc(C)c(S(=O)(=O)NC)c4)n3)ccn2)cc1,503.5880000000002,36,1,CHEMBL2158862,CHEMBL2157945,CHEMBL2157945,B
GIZPFVOLECDOMF-UHFFFAOYSA-N,4.823908740944319,1,,0.0,NNc1nn2c(COc3ccc(Cl)cc3)nnc2s1,296.74300000000005,19,1,CHEMBL570313,CHEMBL1152892,CHEMBL1152892,B
GJEWTVQXBHSVAU-UHFFFAOYSA-N,6.844663962534938,2,0.0,0.0,Cc1nc2c(F)cc(-c3nc(Nc4ccc5c(n4)CCNC5)ncc3F)cc2n1C1CC1,433.4660000000002,32,2,CHEMBL6021833,CHEMBL5727719,CHEMBL5727719|CHEMBL5728430,B
GJHVXBPCYTULDM-UHFFFAOYSA-N,7.920818753952375,1,,0.0,O=C(NC1CCCCC1)c1[nH]ncc1NC(=O)c1c(F)cccc1F,348.35300000000007,25,1,CHEMBL456963,CHEMBL1156543,CHEMBL1156543,B
GJVPWZGJUOVEBA-CPYOLTPOSA-N,8.397940008672037,1,,0.0,Cc1cc(Nc2ncc(Br)c(N[C@H](C)[C@H](C)O)n2)ccc1S(C)(=N)=O,428.3560000000001,25,1,CHEMBL3648096,CHEMBL3638817,CHEMBL3638817,B
GJWREBSBNVGINK-UHFFFAOYSA-N,8.522878745280337,1,,0.0,NCCSc1cc(-c2ccc[nH]2)c2c3c(ccc(F)c13)NC2=O,327.38400000000007,23,1,CHEMBL311464,CHEMBL1136123,CHEMBL1136123,B
GJWWXUHHULUCNL-UHFFFAOYSA-N,8.698970004336019,2,0.0,0.0,O=C(Nc1[nH]nc2nc(-c3ccc(O)c(Br)c3)ccc12)C1CC1,373.21000000000015,23,2,CHEMBL260416,CHEMBL1136207,CHEMBL1136207|CHEMBL1156672,B
GJYYBRPTBQFCBQ-UHFFFAOYSA-N,8.259637310505756,1,,0.0,Nc1nccc(-c2c[nH]c3ncc(-c4ccc(F)cc4)cc23)n1,305.31600000000003,23,1,CHEMBL4095226,CHEMBL5500401,CHEMBL5500401,B
GKJRCQIJVHMRJB-AIGWJHGLSA-N,8.154901959985743,1,,0.0,Cc1cc(Nc2ncc(Br)c(N[C@@H](C)C(C)(C)O)n2)ccc1S(C)(=N)=O,442.38300000000015,26,1,CHEMBL3648125,CHEMBL3638817,CHEMBL3638817,B
GKJRCQIJVHMRJB-RRSIMWOXSA-N,8.27642098432889,2,0.17185385231242506,0.24303804868629442,Cc1cc(Nc2ncc(Br)c(N[C@H](C)C(C)(C)O)n2)ccc1S(C)(=N)=O,442.38300000000015,26,1,CHEMBL3639469,CHEMBL3638817,CHEMBL3638817,B
GKMHWPHQBQHBKR-UHFFFAOYSA-N,6.3223930472795065,1,,0.0,COC1CCN(c2nccc(Nc3cc4c(C(C)C)[nH]nc4cn3)n2)CC1,367.4570000000001,27,1,CHEMBL3354192,CHEMBL3351701,CHEMBL3351701,B
GKWZHZVUJVOVJN-FQEVSTJZSA-N,6.443697499232712,1,,0.0,CN1CC([C@@H](NC(=O)c2ccc3cnccc3c2)c2ccc(Cl)c(Cl)c2)C1,400.3090000000002,27,1,CHEMBL1823663,CHEMBL1821694,CHEMBL1821694,B
GKYWYTPELQGBKI-UHFFFAOYSA-N,6.779891911959945,1,,0.0,Nc1cccc(-c2cc(Nc3ccc(S(N)(=O)=O)cc3)[nH]n2)c1,329.385,23,1,CHEMBL319831,CHEMBL1136197,CHEMBL1136197,B
GKYYTSZOQJZHGT-UHFFFAOYSA-N,5.431798275933005,1,,0.0,ON=C(O)CCCn1cc(CNC2CC2)c(-c2ccccc2)n1,314.389,23,1,CHEMBL5280632,CHEMBL5230096,CHEMBL5230096,B
GLDNWRDDANDORD-UHFFFAOYSA-N,8.096910013008056,1,,0.0,Cc1ncc(-c2ccnc(Nc3ccc(C(=O)N(C)C)cc3)n2)n1C(C)C,364.4530000000001,27,1,CHEMBL488085,CHEMBL1152177,CHEMBL1152177,B
GLHAYKFNIDJXMB-UHFFFAOYSA-N,7.795880017344075,1,,0.0,CCC(CO)Sc1nc(Nc2ccc(S(C)(=N)=O)cc2)ncc1Br,431.38100000000003,24,1,CHEMBL3648127,CHEMBL3638817,CHEMBL3638817,B
GLRKPAPXDMFPQG-UHFFFAOYSA-N,5.863951500614602,2,0.19857439996860038,0.28082660957569416,CCOCCN1CCN(c2ccc(Nc3ncc4cc5n(c4n3)C3(CCCC3)CNC5=O)nc2)CC1,490.6120000000005,36,1,CHEMBL3961115,CHEMBL3886995,CHEMBL3886995,B
GLYHKPNATCXTDU-UHFFFAOYSA-N,5.531743128760553,2,0.8639775364380294,1.2218487496163561,CC(C)n1cc(-c2ccnc3[nH]c(C4CCN(CC(=O)N5CCCCC5)CC4)cc23)ccc1=O,461.61000000000035,34,1,CHEMBL5197170,CHEMBL5096204,CHEMBL5096204,B
GLZATFDWZHAPRP-UHFFFAOYSA-N,7.481486060122112,1,,0.0,Nc1nc2ccc(C(=O)c3c(F)cccc3Cl)cn2c1C(=O)c1c(F)cccc1F,429.7850000000001,30,1,CHEMBL183941,CHEMBL1138729,CHEMBL1138729,B
GMZMBNHSARXFJO-UHFFFAOYSA-N,5.585026652029182,1,,0.0,CC(C)(C)c1ccc2c(=O)[nH]c(O)c(C=NCc3cc(=O)c(-c4ccccc4)c[nH]3)c2c1,427.5040000000001,32,1,CHEMBL514678,CHEMBL1153424,CHEMBL1153424,B
GNEARXSVRDSWKT-UHFFFAOYSA-N,7.838631997765026,1,,0.0,Cc1nc2c(F)cc(-c3nc(Nc4ccc5c(n4)CCN(CCN(C)CB(O)O)C5)ncc3F)cc2n1C(C)C,550.4230000000002,40,1,CHEMBL5903034,CHEMBL5728430,CHEMBL5728430,B
GNHNRVSQWNAGHC-UHFFFAOYSA-N,7.853871964321762,1,,0.0,c1ccc(Nc2ncc(-c3ccnc(OC4CCCCC4)n3)s2)nc1,353.4510000000001,25,1,CHEMBL424696,CHEMBL1137419,CHEMBL1137419,B
GNKBIOXXCOOUOE-UHFFFAOYSA-N,6.151906387191478,2,0.00013506331068889897,0.00019100836575525193,COc1ccc(C(=O)Nc2cc(C3CC3)[nH]n2)cc1,257.293,19,1,CHEMBL111897,CHEMBL1140962,CHEMBL1140962,B
GNLAGGCSJGJECE-UHFFFAOYSA-N,6.0,2,0.0,0.0,CN(C)CC(O)COc1ccc(Nc2nccc(Nc3cc(Cl)ccc3Cl)n2)cc1,448.3540000000001,30,2,CHEMBL101311,CHEMBL1136192,CHEMBL1136192|CHEMBL1144417,B
GNNITDMBZFNNES-SEJPIABJSA-N,5.416105110420455,2,0.18682956742908366,0.2642169081105088,CCC(C)CN1[C@H](C)CN(c2ccc(Nc3ncc4cc5n(c4n3)C3(CCCC3)CNC5=O)nc2)C[C@@H]1C,516.6940000000004,38,1,CHEMBL3984435,CHEMBL3886995,CHEMBL3886995,B
GNODSQUZRSUVER-MVVIKVQCSA-N,8.397940008672037,1,,0.0,COc1cc(Nc2ncc(Br)c(N[C@H](C)[C@@H](C)O)n2)ccc1S(C)(=N)=O,444.35500000000013,26,1,CHEMBL3648111,CHEMBL3638817,CHEMBL3638817,B
GNODSQUZRSUVER-QILFFNKJSA-N,8.460409376976187,2,0.08834502788860882,0.1249387366082999,COc1cc(Nc2ncc(Br)c(N[C@H](C)[C@H](C)O)n2)ccc1S(C)(=N)=O,444.35500000000013,26,1,CHEMBL3648112,CHEMBL3638817,CHEMBL3638817,B
GNWQPICFCPORII-UHFFFAOYSA-N,5.520002580835792,2,0.8473738943331408,1.1983676537668337,CC(C)n1cc(-c2ccnc3[nH]c(C4CCN(CC(=O)N5CCCC5)CC4)cc23)ccc1=O,447.5830000000003,33,1,CHEMBL5207871,CHEMBL5096204,CHEMBL5096204,B
GNWYRGSZYKTRDA-UHFFFAOYSA-N,6.607303046740334,1,,0.0,COCCOCC(=O)NS(=O)(=O)c1ccc(Nc2nc(N)n(C(=O)c3c(F)cccc3F)n2)cc1,510.4790000000002,35,1,CHEMBL210581,CHEMBL1138960,CHEMBL1138960,B
GOMFPMNFGUSIKQ-UHFFFAOYSA-N,5.290683656322967,2,0.06584367910788795,0.09311702399091715,O=C(O)c1cc([N+](=O)[O-])ccc1NCCc1c[nH]c2ccccc12,325.32400000000007,24,1,CHEMBL5430461,CHEMBL5380784,CHEMBL5380784,B
GOSZNPGORCKQLX-UHFFFAOYSA-N,7.337242168318426,1,,0.0,Cc1cccc(Nc2nccc(-c3ccnc(N4CCOCC4)c3)n2)c1,347.4220000000002,26,1,CHEMBL2158848,CHEMBL2157945,CHEMBL2157945,B
GOTKZROZHBWZJH-UHFFFAOYSA-N,6.142667503568731,1,,0.0,CN1CCN(Cc2ccc(-c3cnc4[nH]cc(-c5cnc6[nH]ccc6c5)c4c3)cc2)CC1,422.5360000000002,32,1,CHEMBL2436977,CHEMBL2434948,CHEMBL2434948,B
GOWOIXBMOFKIQJ-YVLHZVERSA-N,7.522878745280337,3,0.0,0.0,CN1CCC(c2c(O)cc(O)c3c2O/C(=C\c2ccc(S(N)(=O)=O)cc2)C3=O)CC1,430.4820000000002,30,3,CHEMBL48362,CHEMBL1137075,CHEMBL1135924|CHEMBL1136795|CHEMBL1137075,B
GOXVDXLRXMYVPC-INIZCTEOSA-N,6.454198242840723,1,,0.0,CC[C@@H](CO)Nc1nc(NCc2ccc(NC(C)=O)cc2)n2ncc(C(C)C)c2n1,411.51000000000016,30,1,CHEMBL5531956,CHEMBL5500401,CHEMBL5500401,B
GOXVDXLRXMYVPC-MRXNPFEDSA-N,6.4990777608096995,1,,0.0,CC[C@H](CO)Nc1nc(NCc2ccc(NC(C)=O)cc2)n2ncc(C(C)C)c2n1,411.51000000000016,30,1,CHEMBL5532122,CHEMBL5500401,CHEMBL5500401,B
GOXWKSGPJSRKKD-UHFFFAOYSA-N,5.6777807052660805,1,,0.0,CC(C)c1cnn2c(Nc3ccc(S(=O)(=O)N(C)C)cc3)cc(NC3CCCC(N)C3)nc12,471.6310000000003,33,1,CHEMBL181606,CHEMBL1141971,CHEMBL1141971,B
GPJNTQGFTWMDLA-UHFFFAOYSA-N,6.863279432843593,1,,0.0,CNC(=O)c1nn(C)c2c1C(C)(C)Cc1cnc(Nc3ccc(N4CCOCC4)cc3)nc1-2,447.54300000000023,33,1,CHEMBL565211,CHEMBL1151962,CHEMBL1151962,B
GRIONNZJVZNNLU-UHFFFAOYSA-N,5.401209493236885,1,,0.0,COc1ccc(-c2nc3c(NCCCNC(=O)c4ccccc4)c(Br)cnc3[nH]2)cc1,480.36600000000004,31,1,CHEMBL2011937,CHEMBL2010664,CHEMBL2010664,B
GRRNIYUPAMFHIY-UHFFFAOYSA-N,8.2518119729938,2,0.0,0.0,CNS(=O)(=O)c1ccc(N=Cc2c(O)[nH]c3ccc4ncsc4c23)cc1,386.4580000000001,26,2,CHEMBL1964245,CHEMBL1137075,CHEMBL1134300|CHEMBL1137075,B
GRRRTSYISZLDQL-UHFFFAOYSA-N,6.275724130399211,1,,0.0,COC1CCN(c2nccc(Nc3cc4c(cn3)c(N)nn4C(C)C)n2)CC1,382.4720000000002,28,1,CHEMBL3354191,CHEMBL3351701,CHEMBL3351701,B
GRTUMJJZJZNLTJ-UHFFFAOYSA-N,5.300000202445418,1,,0.0,COc1ccc(-c2ocnc2C(=O)NCc2ccncc2)c(F)c1,327.315,24,1,CHEMBL1957093,CHEMBL1955730,CHEMBL1955730,B
GSEWODUYOOBDMD-UHFFFAOYSA-N,4.1487416512809245,1,,0.0,CC1=C(C(=O)OC2CCCCC2)C(c2ccc([N+](=O)[O-])cc2)C2C(=O)CC(C)(C)CC2=N1,438.5240000000002,32,1,CHEMBL3604460,CHEMBL5143610,CHEMBL5143610,B
GSQNTGGWLBUZMI-XGAFWQRZSA-N,7.769551078621726,1,,0.0,NCCCCNc1ccc(Nc2nc(N[C@H]3CC[C@H](N)CC3)nc3c2ncn3C2CCCC2)cc1,477.66100000000034,35,1,CHEMBL5198461,CHEMBL5131485,CHEMBL5131485,B
GSQSUXUGIZIZKM-UHFFFAOYSA-N,4.769551078621726,1,,0.0,Nc1nccc(-n2ccc3ccc(C(F)(F)F)cc32)n1,278.23699999999997,20,1,CHEMBL2348172,CHEMBL2346586,CHEMBL2346586,B
GSZZPZBMJBFRPF-UHFFFAOYSA-N,6.2441251443275085,1,,0.0,Cc1nnc2sc(-c3ccc(N)cc3)nn12,231.28400000000002,16,1,CHEMBL553906,CHEMBL1152892,CHEMBL1152892,B
GTVPOLSIJWJJNY-UHFFFAOYSA-N,5.154901959985743,7,0.2894893374005147,0.7659167939666318,Cn1cnc2c(NCc3ccccc3)nc(NCCO)nc21,298.35,22,6,CHEMBL280074,CHEMBL1133758,CHEMBL1133408|CHEMBL1133758|CHEMBL1140982|CHEMBL1240533|CHEMBL2424530|CHEMBL5131375,B
GUFBPMJFZODEDT-UHFFFAOYSA-N,7.366531544420414,1,,0.0,Cc1ccc(NC(=S)NC(=O)c2cn(-c3ccccc3)nc2-c2ccc(F)cc2)cc1,430.50800000000015,31,1,CHEMBL2426390,CHEMBL2424530,CHEMBL2424530,B
GUKYWSVRGDINLN-UHFFFAOYSA-N,5.653647025549361,1,,0.0,COC1CCN(c2nccc(Nc3cc4c(cn3)ncn4C(C)C)n2)CC1,367.45700000000016,27,1,CHEMBL3354190,CHEMBL3351701,CHEMBL3351701,B
GULJQUMNCSFQCO-UHFFFAOYSA-N,8.522878745280337,2,0.0,0.0,CC(C)COC(=O)c1ccc2[nH]c(O)c(C=Nc3ccc(S(N)(=O)=O)cc3)c2c1,415.4710000000001,29,2,CHEMBL269883,CHEMBL1134300,CHEMBL1134300|CHEMBL1143196,B
GUPLVXQEYAKBCK-UHFFFAOYSA-N,6.253365801062421,1,,0.0,Cc1nc2c(F)cc(-c3nc(Nc4ncc5c(n4)CCNC5)ncc3F)cc2n1C(C)C,436.47000000000014,32,1,CHEMBL5848732,CHEMBL5728430,CHEMBL5728430,B
GUQGKTHAOXNYHX-UHFFFAOYSA-N,7.318758762624412,1,,0.0,NCCCNc1cc(-c2ccc[nH]2)c2c3c(ccc(F)c13)NC2=O,324.35900000000004,24,1,CHEMBL81196,CHEMBL1136123,CHEMBL1136123,B
GUQGZGWZZNIUIH-LXAPUOBYSA-N,7.309803919971486,1,,0.0,C[C@@H](Nc1nc(Nc2ccc(S(=O)(CC=O)=NS(=O)(=O)CC[Si](C)(C)C)cc2)ncc1Br)C(C)(C)O,620.6680000000002,36,1,CHEMBL3648079,CHEMBL3638817,CHEMBL3638817,B
GUWIPPRZYFNPFL-UHFFFAOYSA-N,7.2839966563652006,1,,0.0,Cc1ccc(NC(=S)NC(=O)c2cn(-c3ccccc3)nc2-c2ccc(C)cc2)cc1,426.5450000000002,31,1,CHEMBL2426382,CHEMBL2424530,CHEMBL2424530,B
GVBSYPNRBBBGNI-UHFFFAOYSA-N,6.94692155651658,1,,0.0,CCc1nn(C2CCN(C(C)=O)CC2)cc1Nc1ncc(Cl)c(-c2cnn3ccccc23)n1,464.9610000000001,33,1,CHEMBL3822619,CHEMBL3822394,CHEMBL3822394,B
GVDFEEWXDDADBG-UHFFFAOYSA-N,5.4089353929735005,1,,0.0,Cn1cc(CCNc2ccc([N+](=O)[O-])cc2C(=O)O)c2c(Cl)cccc21,373.7960000000001,26,1,CHEMBL5427324,CHEMBL5380784,CHEMBL5380784,B
GVLNOGGRKFWOTC-UHFFFAOYSA-N,5.898081166319576,1,,0.0,CCC(=O)Nc1ccc(CNc2nc(OC3CCN(C)CC3)nc3c(C(C)C)cnn23)cc1,451.57500000000016,33,1,CHEMBL5559473,CHEMBL5500401,CHEMBL5500401,B
GWBAJFXUTFQGQH-UHFFFAOYSA-N,5.3979400086720375,1,,0.0,O=C(O)c1cc(Br)ccc1NCCc1c[nH]c2ccccc12,359.223,22,1,CHEMBL5435410,CHEMBL5380784,CHEMBL5380784,B
GWTAEVKZCDFFEX-UHFFFAOYSA-N,6.467245621007502,2,0.0,0.0,O=C(Nc1[nH]nc2cc(-c3cccs3)ccc12)C1CC1,283.3560000000001,20,2,CHEMBL318522,CHEMBL1136207,CHEMBL1136207|CHEMBL1156672,B
GWZYVJHBZJZRJD-UHFFFAOYSA-N,4.94229210785401,2,0.791107302659016,1.1187946767127768,CN(C)C1CCN(c2ccc(Nc3ncc4cc5n(c4n3)C3(CCCCC3)CNC5=O)nc2)CC1,474.61300000000045,35,1,CHEMBL3943841,CHEMBL3886995,CHEMBL3886995,B
GXDMNAKMJVMWKQ-UHFFFAOYSA-N,5.920818753952375,1,,0.0,O=C(Nc1c[nH]nc1-c1nc2cc(CN3CCOCC3)ccc2[nH]1)NC1CCCCC1,423.52100000000024,31,1,CHEMBL496754,CHEMBL1139387,CHEMBL1139387,B
GXLXGKDGYHMQHG-AZFZMOAFSA-N,6.886056647693163,1,,0.0,C[C@H](O)[C@@H](C)Nc1nc(Nc2ccc(S(=O)(CC=O)=NS(=O)(=O)CC[Si](C)(C)C)cc2)ncc1Br,606.6410000000003,35,1,CHEMBL3648080,CHEMBL3638817,CHEMBL3638817,B
GXSHOVGORXNAQT-UHFFFAOYSA-N,5.096910013008056,1,,0.0,CN(C)C(=O)c1cc2cnc(Nc3ccc(N4CCCNCC4)cn3)nc2n1C1CCCC1,448.5750000000003,33,1,CHEMBL3654239,CHEMBL3638874,CHEMBL3638874,B
GXZJLHQMNOLIAB-UHFFFAOYSA-N,6.251811972993799,1,,0.0,CNS(=O)(=O)c1ccc(N=Cc2c(O)[nH]c3ccccc23)cc1,329.38100000000003,23,1,CHEMBL1234085,CHEMBL1134300,CHEMBL1134300,B
GXZUVRUIKBPARL-UHFFFAOYSA-N,8.721246399047171,2,0.0,0.0,CC(C)CC(=O)c1ccc2[nH]c(O)c(C=Nc3ccc(S(N)(=O)=O)cc3)c2c1,399.4720000000001,28,2,CHEMBL429142,CHEMBL1134300,CHEMBL1134300|CHEMBL1143196,B
GYDXFTMHNUETBY-UHFFFAOYSA-N,5.826813731587726,2,0.0,0.0,Cc1nc2c(F)cc(-c3nc(Nc4ccc5c(n4)CCN(CCCN(C)C)C5)ncc3F)cc2n1C1CC1,518.6160000000003,38,2,CHEMBL5757213,CHEMBL5727719,CHEMBL5727719|CHEMBL5728430,B
GYHRPYWPGXCVOY-INIZCTEOSA-N,6.760950906859808,1,,0.0,CCC(=O)Nc1ccc(CNc2nc(N[C@@H](CC)CO)nc3c(C(C)C)cnn23)cc1,425.53700000000015,31,1,CHEMBL5542666,CHEMBL5500401,CHEMBL5500401,B
GYHRPYWPGXCVOY-MRXNPFEDSA-N,6.993106292052099,1,,0.0,CCC(=O)Nc1ccc(CNc2nc(N[C@H](CC)CO)nc3c(C(C)C)cnn23)cc1,425.53700000000015,31,1,CHEMBL5542924,CHEMBL5500401,CHEMBL5500401,B
GYNZGXINUJMHPX-UHFFFAOYSA-N,5.080921907623926,1,,0.0,CN(C)C1CCN(c2ccc(Nc3ncc4cc(C#N)n(C5CCCC5)c4n3)nc2)CC1,430.56000000000034,32,1,CHEMBL3658034,CHEMBL3638874,CHEMBL3638874,B
GYXIWAUJTCPXPZ-UHFFFAOYSA-N,5.402304814074488,1,,0.0,CCN(CC)C1CCN(c2ccc(Nc3ncc4cc5n(c4n3)C3(CCCC3)CNC5=O)nc2)C1,474.6130000000004,35,1,CHEMBL3949088,CHEMBL3886995,CHEMBL3886995,B
GYZWOONBQFZWQO-UHFFFAOYSA-N,6.55129368009492,1,,0.0,Cc1cccc(C)c1NS(=O)(=O)c1ccc(N=Cc2c(O)[nH]c3ccc4ncsc4c23)cc1,476.58300000000014,33,1,CHEMBL1964252,CHEMBL1134300,CHEMBL1134300,B
GZAGBRPFBCDRDL-UHFFFAOYSA-N,7.647817481888637,2,0.0,0.0,Cc1nc2c(F)cc(-c3nc(Nc4ccc5c(n4)CCN(CCF)C5)ncc3F)cc2n1C(C)C,481.52600000000024,35,2,CHEMBL4207796,CHEMBL5727719,CHEMBL5727719|CHEMBL5728430,B
GZCPTOJBBPEFMY-UHFFFAOYSA-N,4.910271466925264,1,,0.0,COc1cc(N2CCN(C)CC2)ccc1Nc1cc(-c2c[nH]c3cnccc23)ncn1,415.50100000000015,31,1,CHEMBL3421963,CHEMBL3421608,CHEMBL3421608,B
GZCREURYZWXRHS-UHFFFAOYSA-N,8.0,1,,0.0,COC1CCN(c2nccc(Nc3cc4c(cn3)cc(-c3cn[nH]c3)n4C(C)C)n2)CC1,432.5320000000002,32,1,CHEMBL3354187,CHEMBL3351701,CHEMBL3351701,B
GZEWMDYKYJQWHT-UHFFFAOYSA-N,6.481486060122112,1,,0.0,CCOC(=O)N=S(C)(=O)Cc1cccc(Nc2ncc(F)c(-c3cccc4c3OCCC4)n2)c1,484.5530000000003,34,1,CHEMBL3949057,CHEMBL3886246,CHEMBL3886246,B
GZVCTQMUVXOZHD-UHFFFAOYSA-N,5.508638306165727,1,,0.0,COc1ccc(CN=Cc2c(=O)[nH]c(O)c3ccc(-n4cccc4)cc23)cc1O,389.4110000000001,29,1,CHEMBL489445,CHEMBL1153424,CHEMBL1153424,B
GZVRXEGFMOGBKP-QAQDUYKDSA-N,7.795880017344075,1,,0.0,N[C@H]1CC[C@H](Nc2cc(Nc3ccc(S(=O)(=O)c4ccccc4)cc3)n3ncc(Br)c3n2)CC1,541.4749999999999,34,1,CHEMBL361833,CHEMBL1141971,CHEMBL1141971,B
HAFBFLQYRSRGDY-UHFFFAOYSA-N,7.337242168318426,1,,0.0,CCc1c(C(=O)NCCc2ccccc2)[nH]c2ccc(C)cc12,306.4090000000001,23,1,CHEMBL5287042,CHEMBL5252675,CHEMBL5252675,B
HARCNHPDYDKMHE-UHFFFAOYSA-N,7.585026652029182,1,,0.0,Nc1nc2ccc(C(=O)c3c(F)cccc3F)cn2c1C(=S)c1c(F)cccc1F,429.3980000000001,30,1,CHEMBL186163,CHEMBL1138729,CHEMBL1138729,B
HATXFEHOSXEUOA-BWFPZVSSSA-N,7.376750709602099,1,,0.0,CCOC(=O)N=S(=O)(CC)c1ccc(Nc2ncc(Br)c(N[C@H](C)C(C)(C)O)n2)cc1,514.4460000000001,31,1,CHEMBL3648088,CHEMBL3638817,CHEMBL3638817,B
HBGBNRBGCBVAFP-UHFFFAOYSA-N,7.251811972993799,1,,0.0,CCn1c(-c2ccnc(Nc3ccc(C(=O)NC)cc3)n2)cnc1C,336.39900000000006,25,1,CHEMBL519422,CHEMBL1152177,CHEMBL1152177,B
HBLUJJRKHYEUPJ-UHFFFAOYSA-N,7.6777807052660805,1,,0.0,NS(=O)(=O)c1cccc(Nc2nccc(-c3ccnc(N4CC5CCC(C4)O5)c3)n2)c1,438.51300000000026,31,1,CHEMBL2158855,CHEMBL2157945,CHEMBL2157945,B
HCAPKVUYVLOOHA-UHFFFAOYSA-N,7.609841343929924,2,0.30273701611966186,0.4281347940287885,CC(=NO)N(C)CCN1CCc2nc(Nc3ncc(F)c(-c4cc(F)c5nc(C)n(C(C)C)c5c4)n3)ccc2C1,549.6300000000002,40,1,CHEMBL6031262,CHEMBL5728430,CHEMBL5728430,B
HCCNJLKJQAHREN-UHFFFAOYSA-N,6.55129368009492,2,0.0,0.0,Cc1nc2c(F)cc(-c3nc(Nc4ccc5c(n4)CCN(C(=O)CN(C)C)C5)ncc3F)cc2n1C1CCCCC1,560.653,41,2,CHEMBL5832188,CHEMBL5727719,CHEMBL5727719|CHEMBL5728430,B
HCDMTAFKVSYHRC-OEMAIJDKSA-N,7.0,1,,0.0,CC(C)NC(=O)O[C@@H]1CCC(c2cc(NC(=O)Cc3ccccc3)[nH]n2)C1,370.45300000000003,27,1,CHEMBL5209174,CHEMBL5113545,CHEMBL5113545,B
HCZOVFUFNUCZIL-NRSAYIQQSA-N,7.958607314841775,1,,0.0,CCOC(=O)N=S(=O)(CC)c1ccc(Nc2ncc(Br)c(N[C@H](C)[C@H](C)O)n2)cc1,500.4190000000001,30,1,CHEMBL3648089,CHEMBL3638817,CHEMBL3638817,B
HDCDSMRDFBKWMT-UHFFFAOYSA-N,7.3979400086720375,1,,0.0,COc1ccc2[nH]c(O)c(C=c3[nH]cc4c3=CCOC4=O)c2c1,310.309,23,1,CHEMBL300767,CHEMBL1136528,CHEMBL1136528,B
HEFHQIBQGOCQAF-UHFFFAOYSA-N,7.301029995663981,1,,0.0,CCCCOc1c(C(=O)c2c(F)cc(F)cc2F)cnc2[nH]ncc12,349.312,25,1,CHEMBL79049,CHEMBL1240533,CHEMBL1240533,B
HENSNQXDVSMDLC-UHFFFAOYSA-N,7.200659450546418,1,,0.0,Cc1ccc(-c2nn(-c3ccccc3)cc2C(=O)NC(=S)Nc2ccc(Cl)cc2)cc1,446.9630000000002,31,1,CHEMBL2426385,CHEMBL2424530,CHEMBL2424530,B
HERHKHDLLDTTOJ-UHFFFAOYSA-N,4.619788758288394,1,,0.0,Cc1cccc2c(CCNc3ccc([N+](=O)[O-])cc3C(=O)O)cn(C)c12,353.3780000000001,26,1,CHEMBL5428382,CHEMBL5380784,CHEMBL5380784,B
HERLPXJOFZEMRL-UHFFFAOYSA-N,4.705533773838407,1,,0.0,O=C(NC(c1ccccc1)C1CCNCC1)c1ccc2cnccc2c1,345.446,26,1,CHEMBL1823632,CHEMBL1821694,CHEMBL1821694,B
HESTVKKGEPAUNN-UHFFFAOYSA-N,4.707743928643524,1,,0.0,O=c1[nH]c(O)c(C=Nc2ccc(CN3CCCCC3)cc2)c2ccccc12,361.44500000000016,27,1,CHEMBL486284,CHEMBL1150411,CHEMBL1150411,B
HFIXLXXNEZMSGH-UHFFFAOYSA-N,7.096910013008056,1,,0.0,CC(C)n1cnc2c(NCc3ccccc3O)nc(NCCCO)nc21,356.4300000000002,26,1,CHEMBL419931,CHEMBL1145498,CHEMBL1145498,B
HFKACECLQSWOGF-UHFFFAOYSA-N,7.823908740944319,3,0.0,0.0,NS(=O)(=O)c1ccc(N=Nc2c(O)[nH]c3ccc([N+](=O)[O-])cc23)cc1,361.3390000000001,25,3,CHEMBL411886,CHEMBL1137075,CHEMBL1134300|CHEMBL1137075|CHEMBL1143196,B
HFKMNAUFISJBSK-UHFFFAOYSA-N,7.769551078621726,3,0.8753699781402122,1.5161852775593045,Cc1nc2c(F)cc(-c3nc(Nc4ccc5c(n4)CCNC5)ncc3F)cc2n1C(C)C,435.48200000000014,32,2,CHEMBL5836990,CHEMBL5727719,CHEMBL5727719|CHEMBL5728430,B
HFTLYNKTSANXFA-UHFFFAOYSA-N,5.823908740944319,1,,0.0,CC(C)Nc1cc(Cl)nc2c(C#N)cnn12,235.678,16,1,CHEMBL458926,CHEMBL1156543,CHEMBL1156543,B
HFXIFLRPECMUAU-UHFFFAOYSA-N,6.721246399047171,1,,0.0,O=C1OCC=c2c1c[nH]c2=Cc1c(O)[nH]c2ccc(Br)cc12,359.17900000000014,22,1,CHEMBL292864,CHEMBL1136528,CHEMBL1136528,B
HFXTVBKCYHMPRP-LFIBNONCSA-N,5.534617148551582,1,,0.0,COc1ccccc1/C=C/C(=C(C#N)C#N)c1ccc(NS(=O)(=O)c2ccc(C)cc2)cc1,455.53900000000016,33,1,CHEMBL5270694,CHEMBL5230096,CHEMBL5230096,B
HGBNXMUZCGQMOG-UHFFFAOYSA-N,5.399722483199225,2,0.016186793156417877,0.02289158241313416,COCc1cccc2c(C3=C(c4coc5ccccc45)C(=O)NC3=O)cn(C)c12,386.40700000000015,29,1,CHEMBL491647,CHEMBL1153825,CHEMBL1153825,B
HGEJNHUGVPFHIF-UHFFFAOYSA-N,7.167235770108616,2,0.0003610730259426537,0.0005106343702951932,NC(=O)c1ccc(C(=O)Nc2cc(C3CC3)[nH]n2)cc1,270.292,20,1,CHEMBL325606,CHEMBL1140962,CHEMBL1140962,B
HGFLDVQTDYSNRS-BOPFTXTBSA-N,5.892790030352131,3,0.0,0.0,CN1CCC(c2c(O)cc(O)c3c2O/C(=C\c2ccccc2)C3=O)CC1,351.4020000000001,26,3,CHEMBL51709,CHEMBL1137075,CHEMBL1135924|CHEMBL1136795|CHEMBL1137075,B
HGHDRKJHOUHEHA-UHFFFAOYSA-N,7.301029995663981,1,,0.0,CCN(CC)Cc1cccc(Nc2nccc(-c3cnn4ncccc34)n2)c1,373.46400000000006,28,1,CHEMBL513354,CHEMBL1143431,CHEMBL1143431,B
HHNFRVFYHNQUPY-HNNXBMFYSA-N,7.769551078621726,1,,0.0,Cc1[nH]nc2ccc(-c3nnc(NC[C@@H](N)Cc4cccc(Cl)c4)s3)cc12,398.92300000000006,27,1,CHEMBL1080893,CHEMBL1154933,CHEMBL1154933,B
HHPDSXQOWLZSJM-UHFFFAOYSA-N,5.300000202445418,1,,0.0,COc1ncc(-c2ocnc2C(=O)NCc2ccncc2)cc1Cl,344.75800000000004,24,1,CHEMBL1957099,CHEMBL1955730,CHEMBL1955730,B
HHSIUHRARDLCPM-UHFFFAOYSA-N,5.267606240177031,1,,0.0,O=C1NC(=O)C(c2cnc3ccccn23)=C1c1cn2c3c(cccc13)CN(C(=O)N1CCCCC1)CC2,494.5550000000005,37,1,CHEMBL362588,CHEMBL1138659,CHEMBL1138659,B
HIKMYPBLGKUYLS-UHFFFAOYSA-N,7.6020599913279625,1,,0.0,Cc1ncc(-c2ccnc(Nc3ccc(S(=O)(=O)NCCN(C)C)cc3)n2)n1C,415.5230000000002,29,1,CHEMBL485431,CHEMBL1142453,CHEMBL1142453,B
HIMUEIQDEDWCOT-UHFFFAOYSA-N,7.200659450546418,1,,0.0,CC(=O)N1CCC(n2cc(Nc3ncc(Cl)c(-c4cnn5ccccc45)n3)c(C)n2)CC1,450.93400000000025,32,1,CHEMBL3822989,CHEMBL3822394,CHEMBL3822394,B
HJLQTCJLJAJRFH-ONEGZZNKSA-N,5.167491087293763,1,,0.0,C1=C/COCc2cc(ccc2OCCN2CCCC2)Nc2nccc(n2)-c2csc(c2)COC/1,478.61800000000017,34,1,CHEMBL2035184,CHEMBL2034857,CHEMBL2034857,B
HJQWAOOLYPCQMS-UHFFFAOYSA-N,8.045757490560675,1,,0.0,Cc1cc(Nc2ncc(F)c(-c3cnc(C)n3C(C)C)n2)ccc1C(=O)N(C)C,396.47000000000014,29,1,CHEMBL508739,CHEMBL1152177,CHEMBL1152177,B
HKSZLNNOFSGOKW-FYTWVXJKSA-N,8.853871964321762,5,0.6534970710990157,1.5797835966168101,CN[C@@H]1C[C@H]2O[C@@](C)([C@@H]1OC)n1c3ccccc3c3c4c(c5c6ccccc6n2c5c31)C(=O)NC4,466.5410000000003,35,4,CHEMBL388978,CHEMBL1153825,CHEMBL1138507|CHEMBL1153825|CHEMBL3046684|CHEMBL3817824,B
HKTRJIILONQAFK-UHFFFAOYSA-N,5.698970004336019,1,,0.0,Cc1ccc(F)c(Nc2ccnc(Nc3ccc(OCC(O)CN(C)C)cc3)n2)c1,411.4810000000002,30,1,CHEMBL101468,CHEMBL1136192,CHEMBL1136192,B
HLOKDQHOCMHLLI-UHFFFAOYSA-N,7.8696662315049934,2,0.0,0.0,Cc1nc2c(F)cc(-c3nc(Nc4ccc5c(n4)CCN(C(=O)CO)C5)ncc3F)cc2n1C(C)C,493.51800000000026,36,2,CHEMBL4213219,CHEMBL5727719,CHEMBL5727719|CHEMBL5728430,B
HLPOAKREBSMEOL-UHFFFAOYSA-N,8.0,1,,0.0,CN(C)c1ccc(CC(=O)Nc2[nH]nc3ccc(N4CCCS4(=O)=O)cc23)cc1,413.5030000000002,29,1,CHEMBL257831,CHEMBL1141545,CHEMBL1141545,B
HLSOKPIRBWPIEF-KRWDZBQOSA-N,6.395126229447364,1,,0.0,CC[C@@H](CO)Nc1cc(NCc2ccc(NC(C)=O)cc2)n2ncc(C(C)C)c2n1,410.5220000000001,30,1,CHEMBL5512517,CHEMBL5500401,CHEMBL5500401,B
HMAJGFYNRRZUJX-UHFFFAOYSA-N,7.230622673923861,1,,0.0,C=CC(=O)Nc1cccc(C(=O)Nc2ncc(SCc3ncc(C(C)(C)C)o3)s2)c1,442.5660000000002,30,1,CHEMBL4643057,CHEMBL4739712,CHEMBL4739712,B
HNMARRTVPIAGPR-GZWOMBDOSA-N,7.920818753952375,1,,0.0,CCOC(=O)N=S(C)(=O)c1ccc(Nc2ncc(Br)c(N[C@H](C)[C@H](C)O)n2)cc1,486.3920000000001,29,1,CHEMBL3648085,CHEMBL3638817,CHEMBL3638817,B
HOCNIFWVFFJCFT-UHFFFAOYSA-N,7.508638306165727,1,,0.0,CCCc1cnc(NC(=O)C(C)c2ccc(NC(C)=O)cc2)s1,331.44100000000003,23,1,CHEMBL5209307,CHEMBL5131375,CHEMBL5131375,B
HOIDDIAWOSDERZ-QHCPKHFHSA-N,6.721246399047171,1,,0.0,NC[C@@H](CNc1cncc(-c2ccc3[nH]nc(NC(=O)c4ccccc4)c3c2)c1)c1ccccc1,462.55700000000013,35,1,CHEMBL5284748,CHEMBL5236590,CHEMBL5236590,B
HOOQLZPFGONGJY-UHFFFAOYSA-N,6.638272163982407,1,,0.0,COc1cc(Nc2ncc3c(C)nc(-c4ccccc4)n3n2)cc(OC)c1OC,391.43100000000015,29,1,CHEMBL519715,CHEMBL1152258,CHEMBL1152258,B
HOPYTUITHBXQSC-UHFFFAOYSA-N,6.638272163982407,1,,0.0,O=C(Nc1ccccc1F)Nc1c[nH]nc1-c1nc2cc(CN3CCOCC3)ccc2[nH]1,435.4630000000003,32,1,CHEMBL516003,CHEMBL1139387,CHEMBL1139387,B
HPCOUXPDYAOAFD-UHFFFAOYSA-N,6.958607314841775,1,,0.0,O=C(NC1CCNCC1)c1[nH]ncc1NC(=O)c1c(F)cccc1Cl,365.79600000000005,25,1,CHEMBL497477,CHEMBL1156543,CHEMBL1156543,B
HPMKMPNNTLGDLY-UHFFFAOYSA-N,6.301029995663981,1,,0.0,Nc1nc(Nc2cccc(Br)c2)nc(OCC2CCCCC2)c1N=O,406.2840000000003,25,1,CHEMBL107530,CHEMBL1136212,CHEMBL1136212,B
HQGMRHNRHQZULO-UHFFFAOYSA-N,4.920818753952375,1,,0.0,CN(C)CC(O)COc1ccc(Nc2nccc(N(CCCC(F)(F)F)c3cc(Cl)ccc3Cl)n2)cc1,558.4320000000002,37,1,CHEMBL101887,CHEMBL1136192,CHEMBL1136192,B
HQHSJJZIICGOIX-UHFFFAOYSA-N,5.0,1,,0.0,Nc1nccc(-c2c[nH]c3ncccc23)n1,211.228,16,1,CHEMBL405665,CHEMBL5512610,CHEMBL5512610,B
HQXQQINRSRUUEJ-UHFFFAOYSA-N,7.0,1,,0.0,Nc1nccc(-n2cc(-c3ccoc3)c3cnccc32)n1,277.28700000000003,21,1,CHEMBL2348160,CHEMBL2346586,CHEMBL2346586,B
HQYBJDBTJVHYKB-UHFFFAOYSA-N,7.045757490560675,1,,0.0,CSc1ncc2c(n1)CCc1cnc(Nc3ccc(C(=O)N(C)CCN(C)C)cc3)nc1-2,449.5840000000003,32,1,CHEMBL4294760,CHEMBL4265909,CHEMBL4265909,B
HRCGSBHCRJQDMC-NWDGAFQWSA-N,6.982966660701219,1,,0.0,C[C@@H](CO)Nc1ncc2c(n1)CN(C(=O)N[C@H](C)c1ccc(Cl)c(Cl)c1)CC2,424.3320000000002,28,1,CHEMBL3298308,CHEMBL3297705,CHEMBL3297705,B
HRIQVCCRXNQUAH-KPKJPENVSA-N,6.036212172654444,1,,0.0,ON=C(O)/C=C/c1cccc(-c2ccc3ncnc(Nc4ccc(OCc5cccc(F)c5)c(Cl)c4)c3c2)c1,540.9820000000003,39,1,CHEMBL1630109,CHEMBL1629443,CHEMBL1629443,B
HRJWTAWVFDCTGO-UHFFFAOYSA-N,5.552841968657781,1,,0.0,O=C1NC(=O)C(c2cnc3ccccn23)=C1c1cn2c3c(cc(F)cc13)CN(C(=O)N1CCCCC1)CC2,512.5450000000005,38,1,CHEMBL362558,CHEMBL1138659,CHEMBL1138659,B
HRLAEVMLTWVMMY-UHFFFAOYSA-N,6.799998134593398,1,,0.0,N#Cc1cscc1-c1c[nH]c(=O)c2cc(-c3ccncc3)sc12,335.413,23,1,CHEMBL1809117,CHEMBL1806471,CHEMBL1806471,B
HRNCZTCMTNQKPN-UHFFFAOYSA-N,7.657577319177793,1,,0.0,O=C1N=c2ccc(S(=O)(=O)O)cc2=C1c1[nH]c2ccccc2c1O,342.33200000000005,24,1,CHEMBL1207227,CHEMBL1240533,CHEMBL1240533,B
HRZWXMORMBRUEE-UHFFFAOYSA-N,5.777833145642254,2,0.35023728835529516,0.4953103232408349,CC(C)(O)CN1CCN(c2ccc(Nc3ncc4cc5n(c4n3)C3(CCCC3)CNC5=O)nc2)CC1,490.6120000000005,36,1,CHEMBL3896841,CHEMBL3886995,CHEMBL3886995,B
HSEUQWUJSFQRHV-IRXDYDNUSA-N,7.823908740944319,1,,0.0,Nc1nc(NC2CCCC2)cc(-c2cc(N3C[C@H](O)[C@@H](O)C3)ccc2O)n1,371.4410000000001,27,1,CHEMBL1800464,CHEMBL1799991,CHEMBL1799991,B
HTBKVAJZYRVZSW-UHFFFAOYSA-N,7.072422211411503,2,0.9507832499598449,1.3446105669703812,CC(C)(O)Cn1cc(-c2nc(NC3CCN(S(=O)(=O)C4CC4)CC3)ncc2C(F)(F)F)cn1,488.53600000000023,33,1,CHEMBL5569715,CHEMBL5528049,CHEMBL5528049,B
HTFBNTYFTGIOEK-UHFFFAOYSA-N,7.958607314841775,1,,0.0,C=CC(=O)Nc1ccc(C(=O)N2CCCC(C(=O)Nc3ncc(SCc4ncc(C(C)(C)C)o4)s3)C2)cc1,553.7100000000002,38,1,CHEMBL4644893,CHEMBL4739712,CHEMBL4739712,B
HUUCUGRZFSMNOH-UHFFFAOYSA-N,6.455931955649724,1,,0.0,CC(C)n1cc(-c2ccnc3[nH]c(C4CCN(CC(=O)N(C)C)CC4)cc23)ccc1=O,421.5450000000002,31,1,CHEMBL5198038,CHEMBL5096204,CHEMBL5096204,B
HUUHWIKDYLSDJJ-UHFFFAOYSA-N,5.522878745280337,1,,0.0,CN(C)CC(O)COc1ccc(Nc2nccc(N(CCC#N)c3cc(Cl)ccc3Cl)n2)cc1,501.4180000000003,34,1,CHEMBL101156,CHEMBL1136192,CHEMBL1136192,B
HUUYQUKEWGQKGJ-UHFFFAOYSA-N,5.259637310505756,1,,0.0,CC(C)(C)OC(=O)NCCNc1cc(-c2ccc[nH]2)c2c3c(ccc(F)c13)NC2=O,410.4490000000001,30,1,CHEMBL84284,CHEMBL1136123,CHEMBL1136123,B
HUXYBQXJVXOMKX-UHFFFAOYSA-N,8.096910013008056,1,,0.0,CC(C)CC(=O)Nc1[nH]nc2c1CN(C(=O)C1CCN(C)CC1)C2(C)C,361.4900000000002,26,1,CHEMBL1230607,CHEMBL5230096,CHEMBL5230096,B
HVFVQLFPRQYJTR-ZDUSSCGKSA-N,6.493494967595128,2,0.0,0.0,CCn1cnc2c(NCc3nc4c(F)c(F)ccc4[nH]3)nc(N3CCCC[C@H]3CCO)nc21,456.5010000000003,33,2,CHEMBL4649135,CHEMBL4613207,CHEMBL4613207|CHEMBL5356939,B
HVKMMDVZQKUXML-IBGZPJMESA-N,7.031517051446065,1,,0.0,N[C@H](CNc1cc(-c2ccc3cnccc3c2)no1)Cc1ccc(C(F)(F)F)cc1,412.4150000000001,30,1,CHEMBL1081104,CHEMBL1154944,CHEMBL1154944,B
HVMRLFSFHWCUCG-UHFFFAOYSA-N,8.045757490560675,1,,0.0,Nc1nc(=O)c(N=O)c(N)[nH]1,155.11700000000002,11,1,CHEMBL291324,CHEMBL1240533,CHEMBL1240533,B
HVRRMJKBJSKZOK-UHFFFAOYSA-N,7.443697499232712,1,,0.0,CNC(=O)c1nn(C)c2c1C(C)(C)Cc1cnc(Nc3ccc(CN4CCOCC4)cc3)nc1-2,461.5700000000003,34,1,CHEMBL550959,CHEMBL1151962,CHEMBL1151962,B
HVTYFANOGPVRAE-UHFFFAOYSA-N,7.982966660701219,2,0.0,0.0,COC(=O)C(=O)N1CCc2nc(Nc3ncc(F)c(-c4cc(F)c5nc(C)n(C(C)C)c5c4)n3)ccc2C1,521.5280000000002,38,2,CHEMBL6017199,CHEMBL5727719,CHEMBL5727719|CHEMBL5728430,B
HVWXMQOSMQSZLU-UHFFFAOYSA-N,5.795880017344075,1,,0.0,O=C(Cc1ccccc1)Nc1c[nH]nc1C(=O)Nc1ccc(F)cc1,338.342,25,1,CHEMBL457208,CHEMBL1156543,CHEMBL1156543,B
HWOAQZBIJPMRLH-UHFFFAOYSA-N,6.3979400086720375,1,,0.0,S=c1[nH]n2c(COc3ccc(Cl)cc3)nnc2s1,298.78000000000003,18,1,CHEMBL555229,CHEMBL1152892,CHEMBL1152892,B
HWSNASOWCNIMEX-UHFFFAOYSA-N,6.6020599913279625,1,,0.0,Cn1cc(CCNc2ccc([N+](=O)[O-])cc2C(=O)O)c2ccc(Br)cc21,418.24700000000007,26,1,CHEMBL5406341,CHEMBL5380784,CHEMBL5380784,B
HWUQUQZRNDZMLC-AWEZNQCLSA-N,6.684029654543082,2,0.0,0.0,Cc1nc2c(F)cc(-c3nc(Nc4ccc5c(n4)CCN(C[C@H](C)N)C5)ncc3F)cc2n1C1CC1,490.5620000000003,36,2,CHEMBL5774696,CHEMBL5727719,CHEMBL5727719|CHEMBL5728430,B
HWUQUQZRNDZMLC-CQSZACIVSA-N,6.603800652904264,2,0.0,0.0,Cc1nc2c(F)cc(-c3nc(Nc4ccc5c(n4)CCN(C[C@@H](C)N)C5)ncc3F)cc2n1C1CC1,490.5620000000003,36,2,CHEMBL5828906,CHEMBL5727719,CHEMBL5727719|CHEMBL5728430,B
HXETYVYQZULBML-ONEGZZNKSA-N,5.537602002101044,1,,0.0,C1=C/COCc2cc(ccc2OCCN2CCCC2)Nc2nccc(n2)-c2ccc(s2)COC/1,478.61800000000017,34,1,CHEMBL2035183,CHEMBL2034857,CHEMBL2034857,B
HXHDANBBZJXJAF-GDNBJRDFSA-N,4.35261702988538,1,,0.0,COc1ccc(CN(C)/C=C2\C(=O)NC(=O)c3ccc(Br)cc32)cc1O,417.25900000000007,26,1,CHEMBL490053,CHEMBL1153424,CHEMBL1153424,B
HXJZLLNYPHBNSR-UHFFFAOYSA-N,6.573651426212493,1,,0.0,Cn1cc(-c2c(Cl)cnc3[nH]c(C4CCNCC4)cc23)cn1,315.80800000000005,22,1,CHEMBL6144286,CHEMBL6092142,CHEMBL6092142,B
HXKORJQOSCRLJP-UHFFFAOYSA-N,7.507239610973162,2,0.0,0.0,Cc1nc2c(F)cc(-c3nc(Nc4ccc5c(n4)CCN(C(=O)CN4CCOCC4)C5)ncc3F)cc2n1C(C)C,562.6250000000003,41,2,CHEMBL5763679,CHEMBL5727719,CHEMBL5727719|CHEMBL5728430,B
HXLBSRYLXTTYQD-UHFFFAOYSA-N,5.860120913598763,1,,0.0,CC(=O)N1CCC(n2nc(C)c(Nc3ncc(Cl)c(-c4cnn5ccccc45)n3)c2C)CC1,464.96100000000024,33,1,CHEMBL3823914,CHEMBL3822394,CHEMBL3822394,B
HXLFOHIDCPNVHE-UHFFFAOYSA-N,5.0,1,,0.0,COc1cc(N2CCN(C(C)=O)CC2)ccc1Nc1ncc(C)c(-c2cnc3ccccn23)n1,457.5380000000002,34,1,CHEMBL1809195,CHEMBL1806477,CHEMBL1806477,B
HXOQBWYSGHJGAI-UHFFFAOYSA-N,7.481486060122112,1,,0.0,CCc1c(C(=O)NCCc2ccc(N3CCCCC3)cc2)[nH]c2ccc(C)cc12,389.54300000000006,29,1,CHEMBL5287016,CHEMBL5252675,CHEMBL5252675,B
HYBCPKCAHCAFSQ-UHFFFAOYSA-N,8.301029995663981,1,,0.0,CN(C)CCNS(=O)(=O)c1ccc(Nc2nccc(-c3cnc4ccccn34)n2)cc1,437.5290000000001,31,1,CHEMBL72548,CHEMBL1147565,CHEMBL1147565,B
HYCASJGOJJSHLV-GUYCJALGSA-N,6.638272163982407,1,,0.0,CNS(=O)(=O)c1ccc(Nc2ncc3c(n2)N([C@H]2CCC[C@@H]2C)C(=O)C32CC2)cc1,427.5300000000003,30,1,CHEMBL5175160,CHEMBL5126669,CHEMBL5126669,B
HYCRTUWVJJGNKA-UHFFFAOYSA-N,6.285670240254767,1,,0.0,O=C(NCCCNc1c(Br)cnc2[nH]c(-c3ccc(OCCN4CCCCC4)cc3)nc12)C1CCC1,555.5210000000003,36,1,CHEMBL2011941,CHEMBL2010664,CHEMBL2010664,B
HYJXGLGQVHGUAQ-UHFFFAOYSA-N,5.3979400086720375,1,,0.0,Cc1cc(-n2c(O)c[nH]c2=O)c2oc(-c3ccc(O)c(O)c3)c(O)c(=O)c2c1,382.3280000000001,28,1,CHEMBL232353,CHEMBL1148833,CHEMBL1148833,B
HYNZVOLLNHBFQJ-UHFFFAOYSA-N,5.360712774089763,1,,0.0,CN(C)C(=O)N1CCC(Nc2ncc(Cl)c(-c3c[nH]c4ccccc34)n2)CC1,398.89800000000014,28,1,CHEMBL393659,CHEMBL1139954,CHEMBL1139954,B
HYQWMHHQUXUURL-FUBQLUNQSA-N,5.3585258894959,1,,0.0,CCC(C)[C@@H]1CNC(=O)c2cc3cnc(Nc4ccc(N5CCN(C)CC5)cn4)nc3n21,434.5480000000003,32,1,CHEMBL3986691,CHEMBL3886995,CHEMBL3886995,B
HZEDOBNROFBZAQ-HXUWFJFHSA-N,6.931814138253838,1,,0.0,N[C@H](CCc1cc(-c2ccc3cnccc3c2)no1)Cc1ccc(C(F)(F)F)cc1,411.4270000000001,30,1,CHEMBL1081105,CHEMBL1154944,CHEMBL1154944,B
HZNQONMMEIJNNU-UHFFFAOYSA-N,5.154901959985743,1,,0.0,CN(C)C(=O)c1cccc(Nc2nc(OCC3CCCCC3)c3[nH]cnc3n2)c1,394.47900000000016,29,1,CHEMBL6192843,CHEMBL6182841,CHEMBL6182841,B
IADKHXRZAFUCSV-NSCUHMNNSA-N,5.3872161432802645,1,,0.0,CN1C/C=C/CCOc2cccc(c2)-c2nc(nc3[nH]cnc23)Nc2cccc(c2)C1,412.4970000000001,31,1,CHEMBL1933344,CHEMBL1933054,CHEMBL1933054,B
IAGKTSFTVZCTOS-UHFFFAOYSA-N,5.823908740944319,1,,0.0,COc1ccc2c(C=c3[nH]cc4c3=CCOC4=O)c(O)[nH]c2c1,310.3090000000001,23,1,CHEMBL59073,CHEMBL1136528,CHEMBL1136528,B
IAHVSHNBRRKKBX-UHFFFAOYSA-N,7.876148359032914,1,,0.0,CN1CCN(c2cccc3[nH]c(-c4[nH]nc5cc(-c6ccc(O)cc6)ccc45)nc23)CC1,424.50800000000015,32,1,CHEMBL473631,CHEMBL1143269,CHEMBL1143269,B
IARGFZHXWHLMNG-UHFFFAOYSA-N,7.920818753952375,1,,0.0,COCCNS(=O)(=O)c1ccc(Nc2nccc(-c3cnc4ccccn34)n2)cc1,424.4860000000001,30,1,CHEMBL309573,CHEMBL1147565,CHEMBL1147565,B
IATKMBHPUAENLP-UHFFFAOYSA-N,4.284897950684126,2,0.3967337787525267,0.5610662905633506,COc1cccc2c(C3=C(c4cn(C)c5cc(Cl)c(F)cc45)C(=O)NC3=O)coc12,424.81500000000017,30,1,CHEMBL522760,CHEMBL1153825,CHEMBL1153825,B
IBFFTYPPDPEPLJ-IYBDPMFKSA-N,5.029188389127482,1,,0.0,C[C@@H]1CN(c2ccc(Nc3ncc4cc5n(c4n3)C3(CCCC3)CNC5=O)nc2)C[C@H](C)N1,446.5590000000003,33,1,CHEMBL3971523,CHEMBL3886995,CHEMBL3886995,B
IBQDZKBTVFJMSQ-UHFFFAOYSA-N,8.221848749616356,1,,0.0,Cc1ncc(-c2nc(Nc3ccc(N4CCN(C(=O)CO)CC4)cc3)ncc2F)n1C(C)C,453.5220000000002,33,1,CHEMBL476993,CHEMBL1155842,CHEMBL1155842,B
IBUAKKIEDFKTKJ-RVDMUPIBSA-N,5.721246399047171,1,,0.0,Nc1ccccc1NC(=O)/C=C/c1ccc(-c2ccc3ncnc(Nc4ccc(OCc5cccc(F)c5)c(Cl)c4)c3c2)o1,606.0570000000002,44,1,CHEMBL1630113,CHEMBL1629443,CHEMBL1629443,B
ICEZFAGZFCHSIY-UHFFFAOYSA-N,7.200659450546418,1,,0.0,C=C(c1ccc2nc(N)c(C(=O)c3c(F)cccc3F)n2c1)c1c(F)cccc1F,411.35800000000006,30,1,CHEMBL365608,CHEMBL1138729,CHEMBL1138729,B
IDCRJWFFCASEPM-UHFFFAOYSA-N,5.823908740944319,1,,0.0,Cc1cc(-n2c(O)ccc2O)c2oc(-c3ccc(O)c(O)c3)c(O)c(=O)c2c1,381.3400000000001,28,1,CHEMBL232743,CHEMBL1148833,CHEMBL1148833,B
IDSUOWSRHKZENY-UHFFFAOYSA-N,5.537602002101044,1,,0.0,COc1c(O)ccc2c1cc1c3c(cc4c(c32)OCO4)C(=O)N1,309.277,23,1,CHEMBL598724,CHEMBL1156890,CHEMBL1156890,B
IERADWKVXKEABW-UHFFFAOYSA-N,7.251811972993799,1,,0.0,Cc1cc(-n2c(O)cn(C)c2=O)c2oc(-c3ccc(O)c(O)c3)c(O)c(=O)c2c1,396.35500000000013,29,1,CHEMBL232556,CHEMBL1148833,CHEMBL1148833,B
IEZVBDUJVUPHKM-UHFFFAOYSA-N,6.096910013008056,1,,0.0,Clc1ccccc1Nc1cc2[nH]c(-c3cn[nH]c3)cc2cn1,309.76000000000005,22,1,CHEMBL3109955,CHEMBL5584232,CHEMBL5584232,B
IFAKQBBVXIIUEC-UXBLZVDNSA-N,7.632644078973981,1,,0.0,CN(C)CC/C=C/C(=O)Nc1ccc(C(=O)N2CCCC(C(=O)Nc3ncc(SCc4ncc(C(C)(C)C)o4)s3)C2)cc1,624.8330000000002,43,1,CHEMBL4753717,CHEMBL4739712,CHEMBL4739712,B
IFKBZXCALDVHTD-UHFFFAOYSA-N,7.721246399047171,3,0.0,0.0,NS(=O)(=O)c1ccc(N=Nc2c(O)[nH]c3cccc(-c4cc[nH]n4)c23)cc1,382.4050000000001,27,3,CHEMBL272684,CHEMBL1137075,CHEMBL1134300|CHEMBL1137075|CHEMBL1143196,B
IFRYUGXGLYZVSY-AXFCNIPNSA-N,8.221848749616356,1,,0.0,CN=S(C)(=O)c1ccc(Nc2ncc(Br)c(N[C@H](C)[C@H](C)O)n2)cc1OC,458.3820000000002,27,1,CHEMBL3648114,CHEMBL3638817,CHEMBL3638817,B
IFRYUGXGLYZVSY-LOMOHKHYSA-N,8.397940008672037,1,,0.0,CN=S(C)(=O)c1ccc(Nc2ncc(Br)c(N[C@H](C)[C@@H](C)O)n2)cc1OC,458.3820000000002,27,1,CHEMBL3648113,CHEMBL3638817,CHEMBL3638817,B
IFWRXHDSVNMZIT-UHFFFAOYSA-N,7.0458781614395525,2,0.00017065439349229927,0.00024134175775536448,O=C(Nc1cc(C2CCC2)[nH]n1)c1ccc(Br)cc1,320.19,19,1,CHEMBL112136,CHEMBL1140962,CHEMBL1140962,B
IGXYXCWSBYCRDU-UHFFFAOYSA-N,8.096910013008056,1,,0.0,CCCS(=O)(=O)c1ccc(Nc2nccc(-c3cnc(C)n3C(C)C)n2)cc1,399.52000000000015,28,1,CHEMBL485240,CHEMBL1142453,CHEMBL1142453,B
IHKGTVZWLMITRF-UHFFFAOYSA-N,7.886056647693163,1,,0.0,O=C(Nc1[nH]nc2nc(-c3ccc(O)cc3)ccc12)C1CC1,294.31400000000014,22,1,CHEMBL405145,CHEMBL1136207,CHEMBL1136207,B
IHSJJFRMGGAMME-UILWBTOOSA-N,6.935542010773082,2,0.0,0.0,Cc1nc2c(F)cc(-c3nc(Nc4ccc5c(n4)CCN(CCN(C)C)C5)ncc3F)cc2n1[C@H]1CC[C@H](C)CC1,560.6970000000002,41,2,CHEMBL4453095,CHEMBL5727719,CHEMBL5727719|CHEMBL5728430,B
IHTIFKUCLCXNDN-LJQANCHMSA-N,5.334419008982047,1,,0.0,N[C@H](CCc1nc(-c2ccc3cnccc3c2)no1)Cc1ccc(C(F)(F)F)cc1,412.41500000000013,30,1,CHEMBL1081118,CHEMBL1154944,CHEMBL1154944,B
IHXLYYIQXFWVCK-UHFFFAOYSA-N,6.481486060122112,1,,0.0,Nc1ccc(-c2nn3c(COc4ccc(Cl)cc4)nnc3s2)cc1,357.8260000000001,24,1,CHEMBL561179,CHEMBL1152892,CHEMBL1152892,B
IIBNWMLKRSXDKD-UHFFFAOYSA-N,8.301029995663981,1,,0.0,CN(C)S(=O)(=O)c1ccc(Nc2cc3[nH]c(-c4cn[nH]c4)cc3cn2)cc1,382.44900000000007,27,1,CHEMBL3109950,CHEMBL5584232,CHEMBL5584232,B
IIHKFIWSMAISST-UHFFFAOYSA-N,6.35261702988538,6,0.38390064830090415,0.7883704155653293,Cc1nc2c(F)cc(-c3nc(Nc4ccc5c(n4)CCN(C(=O)C(C)N(C)C)C5)ncc3F)cc2n1C1CC1,532.5990000000002,39,2,CHEMBL5832698|CHEMBL5884004,CHEMBL5727719,CHEMBL5727719|CHEMBL5728430,B
IITFTNRBVADYMI-UHFFFAOYSA-N,5.327902142064282,1,,0.0,O=c1[nH]c(O)c(C=NCc2ccc(-c3ccoc3)c(O)c2)c2cc(I)ccc12,486.2650000000002,28,1,CHEMBL504547,CHEMBL1153424,CHEMBL1153424,B
IIZQAPDECJYKDK-UHFFFAOYSA-N,5.583809419876479,2,0.5704277856613242,0.8067067108366972,Cc1ccc(S(=O)(=O)Nc2cc(S(=O)(=O)O)c(N)c3c2C(=O)c2ccccc2C3=O)cc1,472.5000000000003,32,1,CHEMBL5404588,CHEMBL5380784,CHEMBL5380784,B
IJMSMJUUYYSKBT-UHFFFAOYSA-N,6.199970640755866,2,0.0,0.0,O=C(Nc1[nH]nc2cc(-c3ccco3)ccc12)C1CC1,267.288,20,2,CHEMBL421207,CHEMBL1136207,CHEMBL1136207|CHEMBL1156672,B
IKTSXTHXYZRAPU-UHFFFAOYSA-N,5.698985205174921,2,2.14972325350444e-05,3.0401677804547944e-05,COC(C(=O)Nc1cc(C2CC2)[nH]n1)c1ccccc1,271.32,20,1,CHEMBL190154,CHEMBL1140962,CHEMBL1140962,B
IKUYWTLLGLHBDR-NRSAYIQQSA-N,7.107905397309519,1,,0.0,CCOC(=O)N=S(C)(=O)c1ccc(Nc2ncc(Br)c(N[C@H](C)[C@H](C)O)n2)cc1C,500.41900000000015,30,1,CHEMBL3648091,CHEMBL3638817,CHEMBL3638817,B
ILMIYDPNAZCUKV-UHFFFAOYSA-N,7.0,1,,0.0,N#Cc1ccc2c(CCNc3ccc(C(F)(F)F)cc3C(=O)O)c[nH]c2c1,373.33400000000006,27,1,CHEMBL5439308,CHEMBL5380784,CHEMBL5380784,B
ILMQREGUORVTSS-UHFFFAOYSA-N,6.920818753952375,1,,0.0,NCC(=O)NS(=O)(=O)c1ccc(Nc2nc(N)n(C(=O)c3c(F)cccc3F)n2)cc1,451.41500000000013,31,1,CHEMBL378248,CHEMBL1138960,CHEMBL1138960,B
IMACCNVRJOXLEO-UHFFFAOYSA-N,5.154901959985743,1,,0.0,Clc1cncc(Nc2ccccc2)n1,205.64800000000002,14,1,CHEMBL448853,CHEMBL1156543,CHEMBL1156543,B
IMYMNIYFOVENLL-UHFFFAOYSA-N,6.668775218979268,1,,0.0,CC(=O)Nc1ccc(CNc2nc(NC3CCCNC3)nc3c(C(C)C)cnn23)cc1,422.5370000000001,31,1,CHEMBL5555057,CHEMBL5500401,CHEMBL5500401,B
INJUVNWOFHYUIN-UHFFFAOYSA-N,5.275724130399211,1,,0.0,O=C1NC(=O)C(c2cnc3ccccn23)=C1c1cn2c3c(cccc13)CN(C(=O)N1CCOCC1)CC2,496.5270000000005,37,1,CHEMBL178737,CHEMBL1138659,CHEMBL1138659,B
IOCPGDFUHJLQTO-ROUUACIJSA-N,7.376750709602099,1,,0.0,Nc1nc(-c2cc(N3C[C@H](O)[C@@H](O)C3)ccc2O)cc(C2CCCC2)n1,356.4260000000002,26,1,CHEMBL1800455,CHEMBL1799991,CHEMBL1799991,B
IOKHECWXZNKBBH-UHFFFAOYSA-N,7.7447274948966935,1,,0.0,Cc1ncc(-c2nc(Nc3ccc(C(=O)N4CCN(C)CC4)cc3)ncc2F)n1C(C)C,437.5230000000002,32,1,CHEMBL451462,CHEMBL1152195,CHEMBL1152195,B
IONNIVUSNDKSMT-UHFFFAOYSA-N,7.6020599913279625,2,0.0,0.0,NS(=O)(=O)c1ccc(N=Nc2c(O)[nH]c3ccc(C(=O)NCCCn4ccnc4)cc23)cc1,467.51100000000025,33,2,CHEMBL272026,CHEMBL1134300,CHEMBL1134300|CHEMBL1143196,B
IPAXTZAGMDYSHM-UHFFFAOYSA-N,6.318758762624412,3,0.24116477167300507,0.4822608943720734,CS(=N)(=O)Cc1cccc(Nc2ncc(F)c(-c3ccc(F)cc3OCc3ccccc3)n2)c1,480.5400000000002,34,1,CHEMBL3927078,CHEMBL3886246,CHEMBL3886246,B
IPMYMEWFZKHGAX-ZKSIBHASSA-N,5.747425010840047,2,0.0685257273628731,0.09691001300805624,O=c1c(O)cc([C@H]2Oc3cc(O)cc(O)c3C[C@H]2O)cc2c([C@H]3Oc4cc(O)cc(O)c4C[C@H]3O)cc(O)c(O)c12,564.4990000000003,41,1,CHEMBL346119,CHEMBL5380784,CHEMBL5380784,B
IQMPZJYDZWUWHT-UHFFFAOYSA-N,6.732828271596986,2,0.0,0.0,C=CC(=O)NC1CCC(C(=O)N2CCCC(Nc3ncc(SCc4ncc(C(C)(C)C)o4)s3)C2)CC1,531.7480000000002,36,2,CHEMBL4793573,CHEMBL4739712,CHEMBL4739712|CHEMBL5728751,B
IQPNAANSBPBGFQ-UHFFFAOYSA-N,4.698970004336019,1,,0.0,O=c1cc(-c2ccc(O)c(O)c2)oc2cc(O)cc(O)c12,286.23900000000003,21,1,CHEMBL151,CHEMBL1148833,CHEMBL1148833,B
IQTQYWDGDRKZSH-XMMPIXPASA-N,6.920818753952375,1,,0.0,N[C@H](COc1cncc(-c2ccc3[nH]nc(NC(=O)c4ccccc4)c3c2)c1)c1ccccc1,449.5140000000002,34,1,CHEMBL5287079,CHEMBL5236590,CHEMBL5236590,B
IRBHAVXRXYJMRS-UHFFFAOYSA-N,8.958607314841775,1,,0.0,Nc1nc(Nc2ccc(S(N)(=O)=O)cc2)nc(OCC2CCCCC2)c1N=O,406.4680000000003,28,1,CHEMBL318999,CHEMBL1136212,CHEMBL1136212,B
IRHOQMGOYMQRJB-UHFFFAOYSA-N,7.732828271596986,2,0.0,0.0,Cc1nc2c(F)cc(-c3nc(Nc4ccc5c(n4)CCN(CCN4CCC(B(O)O)CC4)C5)ncc3F)cc2n1C(C)(C)C,604.5150000000002,44,2,CHEMBL5758951,CHEMBL5727719,CHEMBL5727719|CHEMBL5728430,B
ISFRHUBPXUQPEV-UHFFFAOYSA-N,6.299997602857746,1,,0.0,COc1ccc(-c2ocnc2C(=O)NCc2ccncc2)cc1Cl,343.77,24,1,CHEMBL1957091,CHEMBL1955730,CHEMBL1955730,B
ISHSOFVJNNNVCJ-YSSOQSIOSA-N,7.0,1,,0.0,Cc1cc(CC(=O)Nc2cc(C3CCC[C@@H](OC(=O)NC4(C)CC4)CC3)[nH]n2)on1,415.4940000000002,30,1,CHEMBL5187579,CHEMBL5113545,CHEMBL5113545,B
ISOFTVGEVPDPPK-UHFFFAOYSA-N,6.638272163982407,1,,0.0,COc1cc(F)ccc1-c1nc(Nc2cc(CS(C)(=N)=O)cc(C(F)(F)C(F)(F)F)c2)ncc1F,522.4460000000001,35,1,CHEMBL3912866,CHEMBL3886246,CHEMBL3886246,B
ISWNVTVWJJQFQV-UHFFFAOYSA-N,6.913640169325252,2,0.0,0.0,Cc1nc2c(F)cc(-c3nc(Nc4ccc5c(n4)CCN(C(=O)NCCN(C)C)C5)ncc3F)cc2n1C1CC1,547.6140000000001,40,2,CHEMBL5870326,CHEMBL5727719,CHEMBL5727719|CHEMBL5728430,B
ITFLOJJAVYXCTM-OAHLLOKOSA-N,6.657577319177793,1,,0.0,CC[C@H](CO)Nc1nc(NCc2ccccc2)c2ncc(C(C)C)n2n1,354.4580000000001,26,1,CHEMBL482211,CHEMBL1143353,CHEMBL1143353,B
ITPMJBWIUZYXDS-UHFFFAOYSA-N,5.5671933917222685,2,0.3157820002240818,0.44658318747020065,CCN(CC)C1CCN(c2ccc(Nc3ncc4cc5n(c4n3)C3(CCCC3)CNC5=O)nc2)CC1,488.64000000000044,36,1,CHEMBL3966804,CHEMBL3886995,CHEMBL3886995,B
ITTPODBQPIXMDP-UHFFFAOYSA-N,5.251811972993799,1,,0.0,CN1CCN(c2cc(NCc3cccnc3)n3nccc3n2)CC1,323.4040000000001,24,1,CHEMBL3642654,CHEMBL3639187,CHEMBL3639187,B
IUCLAKBWNSRBAI-UHFFFAOYSA-N,5.97061622231479,1,,0.0,CN1CCC(c2c(O)cc(O)c3c(=O)cc(SC(C)(C)C)oc23)C(O)C1,379.4780000000002,26,1,CHEMBL112582,CHEMBL1136795,CHEMBL1136795,B
IUDBEIQBJIEKNX-UHFFFAOYSA-N,5.026410376572743,1,,0.0,NC(=O)c1cnc2[nH]c(-c3ccc(OCCN4CCCCC4)cc3)nc2c1NCCCNC(=O)C1CCC1,519.6500000000004,38,1,CHEMBL2011942,CHEMBL2010664,CHEMBL2010664,B
IUYBREVMXPBARL-UHFFFAOYSA-N,7.309803919971486,1,,0.0,C=CCOc1nc(Nc2ccc(S(C)(=O)=O)cc2)ncc1C(F)(F)F,373.35600000000005,25,1,CHEMBL3644030,CHEMBL3639233,CHEMBL3639233,B
IUYLNMPIDQAYSG-UHFFFAOYSA-N,6.634512015109101,2,0.0,0.0,Cc1nc2c(F)cc(-c3nc(Nc4ccc5c(n4)CCN(CCN(C)C)C5)ncc3F)cc2n1CC1CC1,518.6160000000003,38,2,CHEMBL4449998,CHEMBL5727719,CHEMBL5727719|CHEMBL5728430,B
IVKYJVDFJKEXIH-UHFFFAOYSA-N,6.438898616350944,2,0.0,0.0,Cc1nc2c(F)cc(-c3nc(Nc4ccc5c(n4)CCN(C(=O)N(C)CCN(C)C)C5)ncc3F)cc2n1C1CC1,561.6410000000002,41,2,CHEMBL5950426,CHEMBL5727719,CHEMBL5727719|CHEMBL5728430,B
IVOOTFUQQDDILX-UHFFFAOYSA-N,6.568636235841012,1,,0.0,Cc1cccc2[nH]c(O)c(C=c3[nH]cc4c3=CCOC4=O)c12,294.30999999999995,22,1,CHEMBL57446,CHEMBL1136528,CHEMBL1136528,B
IVSLHVMDZYSVFA-UHFFFAOYSA-N,6.724205085368997,1,,0.0,COc1ccc(Cc2nnc(N3CCN(C(=S)Nc4cccc(Cl)c4)CC3)c3ccccc23)cc1,504.0590000000002,35,1,CHEMBL5411187,CHEMBL5352421,CHEMBL5352421,B
IVVSBEQDCAZLFY-UHFFFAOYSA-N,6.0,1,,0.0,CN1C(=O)C(N2CCc3cn(CC4CCS(=O)(=O)CC4)nc3C2=O)COc2ccccc21,458.5400000000003,32,1,CHEMBL4097778,CHEMBL4507327,CHEMBL4507327,B
IVWJZINWGOSNLM-UHFFFAOYSA-N,7.638272163982407,1,,0.0,Cc1cc(C)cc(NNC(=O)C2CCCN2C(=O)Nc2ccc(C(F)(F)F)cc2)c1,420.435,30,1,CHEMBL6168381,CHEMBL6134823,CHEMBL6134823,B
IWDDMLCHUYBHHD-UHFFFAOYSA-N,7.221848749616356,5,0.0,0.0,NS(=O)(=O)c1ccc(N=Nc2c(O)[nH]c3ccc(Br)cc23)cc1,395.23800000000006,23,5,CHEMBL411491,CHEMBL1137075,CHEMBL1134300|CHEMBL1137075|CHEMBL1143196|CHEMBL3865806|CHEMBL4346652,B
IWQIIBKBBPPPCF-UHFFFAOYSA-N,7.022276394711152,1,,0.0,Nc1nc2ccc(C(=O)c3c(Cl)cccc3Cl)cn2c1C(=O)c1c(F)cc(C(=O)O)cc1F,490.2490000000002,33,1,CHEMBL364631,CHEMBL1138729,CHEMBL1138729,B
IWSDTEGBQVXXON-UHFFFAOYSA-N,7.681936665037238,2,0.0,0.0,Cc1nc2c(F)cc(-c3nc(Nc4ccc5c(n4)CCN(CCN)C5)ncc3F)cc2n1C(C)(C)C,492.5780000000003,36,2,CHEMBL5938059,CHEMBL5727719,CHEMBL5727719|CHEMBL5728430,B
IWXVPEORISOBQZ-SAIGFBBZSA-N,7.6777807052660805,1,,0.0,NCCCNCCCCNc1ccc(Nc2nc(N[C@H]3CC[C@H](N)CC3)nc3c2ncn3C2CCCC2)cc1,534.7570000000005,39,1,CHEMBL5172816,CHEMBL5131485,CHEMBL5131485,B
IXWVFGNWJLEFIG-AQYVVDRMSA-N,7.036212172654444,1,,0.0,CCN(CC)[C@H]1CC[C@H](Nc2cc(Nc3ccc(S(=O)(=O)N(C)C)cc3)n3ncc(C(C)C)c3n2)CC1,527.7390000000001,37,1,CHEMBL180714,CHEMBL1141971,CHEMBL1141971,B
IXZMFISRHHRXRQ-UHFFFAOYSA-N,8.050609993355087,3,0.0,0.0,NS(=O)(=O)c1ccc(N=Nc2c(O)[nH]c3ccc(C(=O)NCc4ccncc4)cc23)cc1,450.4800000000002,32,3,CHEMBL272165,CHEMBL1137075,CHEMBL1134300|CHEMBL1137075|CHEMBL1143196,B
IYLDFGXTNQSFHI-UHFFFAOYSA-O,8.022276394711152,1,,0.0,O=S(=O)(N[n+]1ccc2ccccc2c1)c1ccc(N=Cc2c(O)[nH]c3ccc4ncsc4c23)cc1,500.58500000000015,35,1,CHEMBL2112297,CHEMBL1134300,CHEMBL1134300,B
IYLZLRHLJPCJMN-UHFFFAOYSA-N,6.236572006437063,1,,0.0,CCC=Nc1c(C#N)c2n(c1C(=O)Nc1ccccc1)CCC2,306.36900000000014,23,1,CHEMBL4527978,CHEMBL4312005,CHEMBL4312005,B
IYTGPPNUOLLGBE-UHFFFAOYSA-N,4.5774509799928715,2,0.03480239758667887,0.04921802267018194,c1ccc2[nH]c(-c3cc[nH]n3)nc2c1,184.202,14,2,CHEMBL495758,CHEMBL1139387,CHEMBL1139387|CHEMBL1156543,B
IZIPWCFRXVNDNX-MGCOHNPYSA-N,7.721246399047171,1,,0.0,O=C(N[C@H]1CC[C@H](O)CC1)c1[nH]ncc1NC(=O)c1c(F)cccc1F,364.35200000000003,26,1,CHEMBL457177,CHEMBL1156543,CHEMBL1156543,B
IZMRGDJABMFQQG-UHFFFAOYSA-N,6.7447274948966935,1,,0.0,Nc1nc(O)c(Cc2nn3c(COc4ccc(Cl)cc4)nnc3s2)s1,394.869,25,1,CHEMBL559301,CHEMBL1152892,CHEMBL1152892,B
IZSLXRORDBBGDE-UHFFFAOYSA-N,7.125518182300533,2,0.0,0.0,C#CCN1CCCC1CN1CCc2nc(Nc3ncc(F)c(-c4cc(F)c5nc(C)n(C(C)C)c5c4)n3)ccc2C1,556.6650000000002,41,2,CHEMBL5972036,CHEMBL5727719,CHEMBL5727719|CHEMBL5728430,B
IZVADJXWZKIYOV-UHFFFAOYSA-N,4.6777807052660805,1,,0.0,O=C(NC(c1ccc(Cl)c(Cl)c1)C1CCCNC1)c1ccc2cnccc2c1,414.3360000000001,28,1,CHEMBL1823653,CHEMBL1821694,CHEMBL1821694,B
JABUMBYVIQWISU-UHFFFAOYSA-N,4.619788758288394,1,,0.0,CCc1c(NC2CCCNC2)nc2ccnn2c1Nc1ccc(F)c(Cl)c1,388.87800000000004,27,1,CHEMBL2163623,CHEMBL2163300,CHEMBL2163300,B
JAZHDXRHOSJZHB-UHFFFAOYSA-N,7.183758700008217,2,0.0,0.0,Cc1nc2c(F)cc(-c3nc(Nc4ccc5c(n4)CCNC5)ncc3F)cc2n1C1CCC(C)CC1,489.5740000000003,36,2,CHEMBL5941223,CHEMBL5727719,CHEMBL5727719|CHEMBL5728430,B
JBILJNLULSNZND-UHFFFAOYSA-N,6.888401475119606,1,,0.0,O=C(NNC(=O)c1oc2ccccc2c1CN1CCN(c2ccccc2)CC1)Nc1ccccc1,469.5450000000002,35,1,CHEMBL6169949,CHEMBL6127051,CHEMBL6127051,B
JBKFSYGZKCTBDB-UHFFFAOYSA-N,6.920818753952375,1,,0.0,CSc1ccc(Nc2nc(N)c(N=O)c(OCC3CCCCC3)n2)cc1,373.48200000000014,26,1,CHEMBL322568,CHEMBL1136212,CHEMBL1136212,B
JBKMTXNTOPCVOT-UHFFFAOYSA-N,6.026872146400301,1,,0.0,O=C(O)c1cc(OC(F)(F)F)ccc1NCCc1c[nH]c2ccccc12,364.32300000000004,26,1,CHEMBL5413829,CHEMBL5380784,CHEMBL5380784,B
JBLZWJCKPDQCNX-UHFFFAOYSA-N,5.346787486224656,1,,0.0,CC(C)n1cnc2c(NCc3ccccc3)ncnc21,267.336,20,1,CHEMBL85015,CHEMBL1133758,CHEMBL1133758,B
JBRXERAIDOFGSA-UHFFFAOYSA-N,4.508638306165727,1,,0.0,CNc1nc2sc(-c3cccc(CNC(C)=O)c3)nc2c2c1ncn2C,366.4500000000001,26,1,CHEMBL454973,CHEMBL1153345,CHEMBL1153345,B
JBYFOPPGLVHSDJ-UHFFFAOYSA-N,6.120907530924717,2,0.42815473832886186,0.60550223773898,CC1(C)CN(c2ccc(Nc3ncc4cc5n(c4n3)C3(CCCCC3)CNC5=O)nc2)CCN1CC1CC1,514.6780000000005,38,1,CHEMBL3956661,CHEMBL3886995,CHEMBL3886995,B
JBYQAIUKYVTEFI-IRXDYDNUSA-N,6.522878745280337,1,,0.0,CN1CCN(c2cc(-c3cc(N4C[C@H](O)[C@@H](O)C4)ccc3O)nc(N)n2)CC1,386.45600000000013,28,1,CHEMBL1800462,CHEMBL1799991,CHEMBL1799991,B
JBZSHFMYVGCDBI-UHFFFAOYSA-N,5.4089353929735005,1,,0.0,Cn1nc(C(=O)NC2CCCC2)c2c1-c1nc(Nc3ccccc3)ncc1CC2,388.47500000000014,29,1,CHEMBL563028,CHEMBL1151962,CHEMBL1151962,B
JCJAEEODSKNKTC-UHFFFAOYSA-N,6.229147988357855,1,,0.0,OC1CCC(c2[nH]ncc2-c2ccnc(NC3CCCC3)n2)CC1,327.4320000000002,24,1,CHEMBL507249,CHEMBL1154397,CHEMBL1154397,B
JCPZVGATKUQPOE-GFCCVEGCSA-N,7.958607314841775,1,,0.0,C=CCS(=O)(=O)c1ccc(Nc2ncc(C(F)(F)F)c(O[C@H](C)C(C)(C)O)n2)cc1,445.46300000000014,30,1,CHEMBL3644023,CHEMBL3639233,CHEMBL3639233,B
JDIAYVMOUUKPNK-UHFFFAOYSA-N,7.872895201635192,2,0.0,0.0,Cc1nc2c(F)cc(-c3nc(Nc4ccc5c(n4)CCN(C(=O)CCO)C5)ncc3F)cc2n1C(C)C,507.5450000000003,37,2,CHEMBL5844694,CHEMBL5727719,CHEMBL5727719|CHEMBL5728430,B
JDOKMDILBRSOLL-UHFFFAOYSA-N,6.2588484011482155,1,,0.0,CC(=O)NCC(=O)N1CCC(Nc2ncc(Cl)c(-c3c[nH]c4ccccc34)n2)CC1,426.9080000000002,30,1,CHEMBL245535,CHEMBL1139954,CHEMBL1139954,B
JDVCOPUEQIAVNW-UHFFFAOYSA-N,7.229884705212898,1,,0.0,Cc1nc2c(F)cc(-c3nc(Nc4ccc5c(n4)CCN(C(=O)C4CC(N(C)C)C4)C5)ncc3F)cc2n1C(C)C,560.6530000000002,41,1,CHEMBL5952782,CHEMBL5727719,CHEMBL5727719,B
JDXDUTOQTGQWJD-UHFFFAOYSA-N,8.397940008672037,2,0.0,0.0,COCCCNS(=O)(=O)c1ccc(Nc2nccc(-c3cnc4ccccn34)n2)cc1,438.51300000000015,31,2,CHEMBL73243,CHEMBL1147565,CHEMBL1147565|CHEMBL5576154,B
JECHSYMSTXETFI-UHFFFAOYSA-N,7.6182860032185316,2,0.11410440864687635,0.16136800223497438,Brc1cnn2c(NCc3ccncc3)cc(-c3ccccc3)nc12,380.2490000000001,24,1,CHEMBL401377,CHEMBL3639187,CHEMBL3639187,B
JEJQCXCBSIHCGU-CYBMUJFWSA-N,6.698970004336019,1,,0.0,CC(C)n1cnc2c(NCc3ccccc3)nc(NC[C@@H](C)O)nc21,340.4310000000001,25,1,CHEMBL84436,CHEMBL1133758,CHEMBL1133758,B
JFDFHRDTOSTHPU-SNVBAGLBSA-N,7.920818753952375,1,,0.0,COC[C@@H](C)Oc1nc(Nc2ccc(S(C)(=O)=O)cc2)ncc1C(F)(F)F,405.3980000000001,27,1,CHEMBL3644027,CHEMBL3639233,CHEMBL3639233,B
JFKPCBJEJGPBFI-GOSISDBHSA-N,6.399680670248339,1,,0.0,CC(=O)Nc1ccc(CNc2nc(N3CCC[C@@H](O)C3)nc3c(C(C)C)cnn23)cc1,423.52100000000013,31,1,CHEMBL5527858,CHEMBL5500401,CHEMBL5500401,B
JFKPCBJEJGPBFI-SFHVURJKSA-N,6.400226060853612,1,,0.0,CC(=O)Nc1ccc(CNc2nc(N3CCC[C@H](O)C3)nc3c(C(C)C)cnn23)cc1,423.52100000000013,31,1,CHEMBL5517681,CHEMBL5500401,CHEMBL5500401,B
JFSGUSJACVSEKX-HAQNSBGRSA-N,7.698970004336019,1,,0.0,CC(C)(C)c1cnc(CSc2cnc(N[C@H]3CC[C@H](N)CC3)s2)o1,366.55600000000015,24,1,CHEMBL496567,CHEMBL1143434,CHEMBL1143434,B
JFSGUSJACVSEKX-TXEJJXNPSA-N,6.298432014944073,1,,0.0,CC(C)(C)c1cnc(CSc2cnc(N[C@H]3CC[C@@H](N)CC3)s2)o1,366.55600000000015,24,1,CHEMBL496568,CHEMBL1143434,CHEMBL1143434,B
JFXBJZCDBBMRSA-YSSOQSIOSA-N,7.0,1,,0.0,COc1cc(CC(=O)Nc2cc(C3CC[C@@H](OC(=O)NC(C)C)C3)[nH]n2)ccn1,401.4670000000001,29,1,CHEMBL5173190,CHEMBL5113545,CHEMBL5113545,B
JIINJBBLYOFRPP-UHFFFAOYSA-N,6.0,1,,0.0,O=C1NC2C=CC=CC2C1C=Nc1ccc(S(=O)(=O)Nc2nccs2)cc1,400.48500000000007,27,1,CHEMBL191845,CHEMBL1144417,CHEMBL1144417,B
JIQRMBNAYWCUEG-UHFFFAOYSA-N,7.221848749616356,2,0.0,0.0,CCN1CCN(CCCC(=O)Nc2[nH]nc3nc(-c4ccc(O)cc4)c(Br)cc23)CC1,487.4020000000002,31,2,CHEMBL407981,CHEMBL1136207,CHEMBL1136207|CHEMBL1156672,B
JITNHYKCFBSHCI-IBGZPJMESA-N,6.2168113089247425,1,,0.0,Cc1cc2cc(-c3nnc(NC[C@@H](N)Cc4ccc(C(F)(F)F)cc4)s3)ccc2cn1,443.49800000000005,31,1,CHEMBL1081629,CHEMBL1154933,CHEMBL1154933,B
JJPAZEYTVSKMAD-UHFFFAOYSA-N,6.515458162312313,1,,0.0,COc1ccc(Cc2nnc(N3CCN(C(=O)Nc4ccc(Cl)c(C(F)(F)F)c4)CC3)c3ccccc23)cc1,555.9880000000002,39,1,CHEMBL5409788,CHEMBL5352421,CHEMBL5352421,B
JKEUUKRCNVYFCW-UHFFFAOYSA-N,6.301029995663981,1,,0.0,CCNc1ccc2[nH]nc(NC(=O)Cc3ccccc3)c2c1,294.358,22,1,CHEMBL257625,CHEMBL1141545,CHEMBL1141545,B
JKKUZTDMJDZHEB-CYBMUJFWSA-N,7.7318218009263155,4,0.25283343357674026,0.43792035280700503,Cc1nc2c(F)cc(-c3nc(Nc4ccc5c(n4)C[C@@H](C)NC5)ncc3F)cc2n1C(C)(C)C,463.5360000000002,34,2,CHEMBL5950534,CHEMBL5727719,CHEMBL5727719|CHEMBL5728430,B
JKNBNAZZNVQNBP-QGZVFWFLSA-N,4.783570169123749,1,,0.0,CC(C)[C@H]1CNC(=O)c2cc3cnc(Nc4ccc(N5CCNCC5)cn4)nc3n21,406.4940000000002,30,1,CHEMBL4106830,CHEMBL3886995,CHEMBL3886995,B
JKTDPJGOPWGJLD-UHFFFAOYSA-N,5.3353620938817725,2,0.5654309840414483,0.7996401662173813,O=C1NCC2(CCCCC2)n2c1cc1cnc(Nc3ccc(N4CCC(N5CCC(C(F)(F)F)CC5)CC4)cn3)nc12,582.6750000000001,42,1,CHEMBL3892888,CHEMBL3886995,CHEMBL3886995,B
JLLFLJDJZNJSTE-LBPRGKRZSA-N,6.337242168318426,1,,0.0,CNS(=O)(=O)c1ccc(Nc2ncc3c(n2)N([C@@H](C)C2CC2)C(=O)C32CC2)cc1,413.50300000000027,29,1,CHEMBL5203908,CHEMBL5126669,CHEMBL5126669,B
JLMIHNJHBAEFKC-NXEZZACHSA-N,8.247425010840047,2,0.21286035127455813,0.30102999566398125,C[C@@H](O)[C@@H](C)Oc1nc(Nc2ccc(S(C)(=O)=O)cc2)ncc1C(F)(F)F,405.3980000000001,27,1,CHEMBL3644033,CHEMBL3639233,CHEMBL3639233,B
JLRKRQCTYQGDKJ-GHXNOFRVSA-N,4.327902142064283,1,,0.0,N=C1NC(=O)/C(=C/c2ccc(-c3ccc(C(=O)O)cc3)o2)S1,314.322,22,1,CHEMBL233349,CHEMBL1149560,CHEMBL1149560,B
JLVZDHKSMGCACD-UHFFFAOYSA-N,8.522878745280337,1,,0.0,CNC(=O)c1ccc(Nc2ncc(F)c(-c3cnc(C)n3C(C)C)n2)cc1,368.4160000000001,27,1,CHEMBL453655,CHEMBL1152177,CHEMBL1152177,B
JMBGZDQTEDTGBR-UHFFFAOYSA-N,6.795880017344075,1,,0.0,Nc1nccc(-n2cc(-c3ccncc3)c3cnccc32)n1,288.314,22,1,CHEMBL2348161,CHEMBL2346586,CHEMBL2346586,B
JMOMBPSAYLGZAN-CYBMUJFWSA-N,6.213248577854438,1,,0.0,CNC(=O)CN1CCC[C@@H](Nc2ncc(Cl)c(-c3c[nH]c4ccccc34)n2)C1,398.89800000000014,28,1,CHEMBL392615,CHEMBL1139954,CHEMBL1139954,B
JMPFSEBWVLAJKM-UHFFFAOYSA-N,5.0,1,,0.0,Cc1cc(C(C#N)c2ccc(Cl)cc2)c(Cl)cc1NC(=O)c1cc(I)cc(I)c1O,663.0800000000002,30,1,CHEMBL12131,CHEMBL5380784,CHEMBL5380784,B
JMPLGCVMPMVPMF-UHFFFAOYSA-N,5.769551078621726,1,,0.0,Cc1cc(N2CCCS2(=O)=O)c2oc(-c3ccc(O)c(C(F)(F)F)c3)c(O)c(=O)c2c1,455.41000000000014,31,1,CHEMBL233153,CHEMBL1148833,CHEMBL1148833,B
JNCFUVQWIVLATB-UHFFFAOYSA-N,7.074172425375258,2,0.0,0.0,CNC1CC(C(=O)N2CCc3nc(Nc4ncc(F)c(-c5cc(F)c6nc(C)n(C(C)C)c6c5)n4)ccc3C2)C1,546.6260000000001,40,2,CHEMBL6019056,CHEMBL5727719,CHEMBL5727719|CHEMBL5728430,B
JNKXYDCPHHUMKG-UHFFFAOYSA-N,6.327902142064282,1,,0.0,CC(=O)N(c1ccc(-c2cnn(C)c2)cc1)C1CCC(Nc2ccc(C#N)cn2)CC1,414.51300000000015,31,1,CHEMBL5202653,CHEMBL5107985,CHEMBL5107985,B
JNPRTUHVCHGFHJ-GHXNOFRVSA-N,4.568636235841013,1,,0.0,NS(=O)(=O)c1ccc(-c2ccc(/C=C3\SC(=O)NC3=O)o2)cc1,350.37700000000007,23,1,CHEMBL232148,CHEMBL1149560,CHEMBL1149560,B
JNZTWAOEOYBNNP-UHFFFAOYSA-N,6.446116973356125,2,0.0,0.0,CCn1c(C)nc2c(F)cc(-c3nc(Nc4ccc5c(n4)CCN(CCN(C)C)C5)ncc3F)cc21,492.5780000000004,36,2,CHEMBL4445727,CHEMBL5727719,CHEMBL5727719|CHEMBL5728430,B
JONIGSIXPCHLPF-UHFFFAOYSA-N,5.853871964321762,1,,0.0,CN(C)C(=O)c1cccc(-c2cnc(N)c(-c3nc4cccc(N5CCNCC5)c4n3C)n2)c1,456.5540000000002,34,1,CHEMBL3798762,CHEMBL3797138,CHEMBL3797138,B
JOSDAWJORYYQIX-UHFFFAOYSA-N,6.0,1,,0.0,FC(F)(F)CNc1nccc(-c2cnn3ncccc23)n1,294.24000000000007,21,1,CHEMBL446024,CHEMBL1143431,CHEMBL1143431,B
JOVKKVDNLDKENF-KBPBESRZSA-N,6.6020599913279625,1,,0.0,CN(C)c1cc(-c2cc(N3C[C@H](O)[C@@H](O)C3)ccc2O)nc(N)n1,331.37600000000003,24,1,CHEMBL1800460,CHEMBL1799991,CHEMBL1799991,B
JPEZXBCEWYKFBS-KRWDZBQOSA-N,4.657577319177793,1,,0.0,COCCOc1ccc(Nc2c(C)c(N[C@H]3CCCNC3)nc3ccnn23)cc1,396.49500000000006,29,1,CHEMBL2163616,CHEMBL2163300,CHEMBL2163300,B
JPOSFPUHBHRUAX-UHFFFAOYSA-N,6.853871964321762,1,,0.0,NCCn1cc(-c2cc(-c3cc4ccccc4s3)c3[nH]ncc3c2)c2nc(N)ncc21,425.52100000000013,31,1,CHEMBL590109,CHEMBL1153138,CHEMBL1153138,B
JPPZQBFIHPEKKB-GFCCVEGCSA-N,8.397940008672037,1,,0.0,C[C@@H](NC(=O)N1CCc2cnc(Nc3cnn(C)c3)nc2C1)c1ccc(Cl)c(Cl)c1,446.3420000000002,30,1,CHEMBL3357950,CHEMBL3297705,CHEMBL3297705,B
JQBISHBIDUIUDU-QGZVFWFLSA-N,5.6020599913279625,1,,0.0,CC(C)C[C@@H]1CNC(=O)c2cc3cnc(Nc4ccc(N5CCNCC5)cn4)nc3n21,420.52100000000024,31,1,CHEMBL4106617,CHEMBL3886995,CHEMBL3886995,B
JQERPJPPYOGLLF-UHFFFAOYSA-N,6.269217724333611,1,,0.0,CC(C)(C)c1cnc(CSc2cnc(NC3CCNCC3)s2)o1,352.5290000000001,23,1,CHEMBL509772,CHEMBL1143434,CHEMBL1143434,B
JQLOWVFMFQYNIP-LFYNBYACSA-N,8.096910013008056,1,,0.0,COc1cc(Nc2ncc(Br)c(O[C@H](C)[C@H](C)O)n2)ccc1S(C)(=N)=O,445.3390000000001,26,1,CHEMBL3648082,CHEMBL3638817,CHEMBL3638817,B
JQPRYVRLQIAUKN-UHFFFAOYSA-N,6.221924764454062,2,0.00010750121442561265,0.00015202967541227963,COc1cccc(C(=O)Nc2cc(C3CC3)[nH]n2)c1,257.29299999999995,19,1,CHEMBL420135,CHEMBL1140962,CHEMBL1140962,B
JRGMQQCQWFMKLA-UHFFFAOYSA-N,6.521433504406156,2,0.0,0.0,CNCCN1CCc2nc(Nc3ncc(F)c(-c4cc(F)c5nc(C)n(C6CC6)c5c4)n3)ccc2C1,490.5620000000003,36,2,CHEMBL5935906,CHEMBL5727719,CHEMBL5727719|CHEMBL5728430,B
JRNXAQINDCOHGS-CBINBANVSA-N,6.632644078973981,1,,0.0,Nc1nc(N[C@H]2CC3CCC2C3)sc1C(=O)c1ccccc1[N+](=O)[O-],358.42300000000006,25,1,CHEMBL5202522,CHEMBL5143610,CHEMBL5143610,B
JRTSBKRFLSGRIV-UHFFFAOYSA-N,4.721246399047171,1,,0.0,C#CCN(c1cc(Nc2ccc(OCC(O)CN(C)C)cc2)ncn1)c1cc(Cl)ccc1Cl,486.40300000000013,33,1,CHEMBL100945,CHEMBL1136191,CHEMBL1136191,B
JRXHBWDCJDGWTA-UHFFFAOYSA-N,4.619788758288394,1,,0.0,S=c1[nH]c(=S)c2c(Cc3nn4c(Cc5ccccc5)nnc4s3)[nH]nc2[nH]1,412.529,27,1,CHEMBL563674,CHEMBL1152892,CHEMBL1152892,B
JSEXADIMPQQDMW-UHFFFAOYSA-N,7.638272163982407,1,,0.0,Cc1c(C(=O)NCCc2ccc(N3CCOCC3)cc2)[nH]c2ccc(Cl)cc12,397.906,28,1,CHEMBL5281464,CHEMBL5252675,CHEMBL5252675,B
JSKUWFIZUALZLX-UHFFFAOYSA-N,5.119186407719209,1,,0.0,COc1cc2ncn(-c3cc(OCc4ccccc4C(F)(F)F)c(C(N)=O)s3)c2cc1OC,477.46400000000017,33,1,CHEMBL514499,CHEMBL5212743,CHEMBL5212743,B
JSPJZRZQPACRSQ-UHFFFAOYSA-N,4.795880017344075,1,,0.0,COc1cc(N2CCN(C(C)=O)CC2)ccc1Nc1ncc(C(F)(F)F)c(-c2cnc3ccccn23)n1,511.50800000000015,37,1,CHEMBL1809196,CHEMBL1806477,CHEMBL1806477,B
JSYVMXAHYRRFOQ-UHFFFAOYSA-N,4.301029995663981,1,,0.0,Clc1nc(NCc2ccccn2)c2c(-c3ccccc3)cccc2n1,346.8210000000001,25,1,CHEMBL4483629,CHEMBL5727808,CHEMBL5727808,B
JTBIKPSVKQZGLW-UHFFFAOYSA-N,5.0,1,,0.0,CCNC(=O)N1CCC(Nc2nccc(-n3ccc4ccccc43)n2)CC1,364.45300000000015,27,1,CHEMBL392613,CHEMBL1139954,CHEMBL1139954,B
JTBZUSIDMCXPIU-ZYHUDNBSSA-N,4.739928612014925,1,,0.0,CCCc1cc(N[C@@H]2CC[C@@H](N)C2)n2nccc2n1,259.35699999999997,19,1,CHEMBL5285499,CHEMBL5223102,CHEMBL5223102,B
JTPXVCKCLBROOJ-UHFFFAOYSA-N,3.4559319556497243,1,,0.0,Nc1cncc(Cl)n1,129.54999999999998,8,1,CHEMBL191632,CHEMBL1157388,CHEMBL1157388,B
JTVILUUAQWQWBK-IYARVYRRSA-N,8.154901959985743,1,,0.0,N[C@H]1CC[C@H](Nc2nc(NCc3ccccc3)c3ncn(C4CCCC4)c3n2)CC1,405.5500000000003,30,1,CHEMBL150261,CHEMBL5131485,CHEMBL5131485,B
JUCGBCAPXDBWDV-UHFFFAOYSA-N,5.154901959985743,1,,0.0,CN(C)CC(O)COc1ccc(Nc2nccc(Nc3ccccc3Br)n2)cc1,458.36000000000007,29,1,CHEMBL103633,CHEMBL1136192,CHEMBL1136192,B
JURAKDUDMWGHDP-UHFFFAOYSA-N,5.499999678657065,1,,0.0,COc1ccc(-c2ocnc2C(=O)NCc2ccnc(C)n2)cc1Cl,358.7850000000001,25,1,CHEMBL1957229,CHEMBL1955730,CHEMBL1955730,B
JUSBGYZKUCMHQQ-UHFFFAOYSA-N,4.760250189553636,1,,0.0,COc1cc(N2CCN(C)CC2)ccc1Nc1nccc(-c2c[nH]c3c(C)nccc23)n1,429.5280000000002,32,1,CHEMBL3421970,CHEMBL3421608,CHEMBL3421608,B
JUTKIHOLXQFFON-UHFFFAOYSA-N,7.455931955649724,1,,0.0,CNC(=O)c1nn(C)c2c1C(C)(C)Cc1cnc(Nc3ccc(CN(C)C)cc3)nc1-2,419.53300000000013,31,1,CHEMBL561440,CHEMBL1151962,CHEMBL1151962,B
JUWVGQDRIAVTIK-UHFFFAOYSA-N,5.554395796726403,2,0.0,0.0,COc1ccc(-c2nc3c(NCCCNC(=O)C4CCCC4)c(Br)cnc3[nH]2)cc1,472.38700000000017,30,2,CHEMBL2011936,CHEMBL2010664,CHEMBL2010664|CHEMBL3124838,B
JVFLXTNKVBOVBS-UHFFFAOYSA-N,6.406713932979542,1,,0.0,Cc1nn(C2CCNCC2)cc1Nc1ncc(Cl)c(-c2cnc3ccccn23)n1,408.89700000000016,29,1,CHEMBL3823007,CHEMBL3822394,CHEMBL3822394,B
JVJOVGZWOUPWTG-UHFFFAOYSA-N,4.658703996889934,1,,0.0,CC(=O)Nc1cccc(CNc2nc(OC3CCN(C)CC3)nc3c(C(C)C)cnn23)c1N(C)C,480.61700000000025,35,1,CHEMBL5555502,CHEMBL5500401,CHEMBL5500401,B
JWOJZWRKDLDOEO-KOAHPMOKSA-N,8.045757490560675,1,,0.0,CCS(=N)(=O)c1ccc(Nc2ncc(Br)c(N[C@H](COC)[C@@H](C)O)n2)cc1,458.3820000000001,27,1,CHEMBL3648120,CHEMBL3638817,CHEMBL3638817,B
JWOJZWRKDLDOEO-MECYXVKMSA-N,8.045757490560675,1,,0.0,CCS(=N)(=O)c1ccc(Nc2ncc(Br)c(N[C@@H](COC)[C@H](C)O)n2)cc1,458.3820000000001,27,1,CHEMBL3648121,CHEMBL3638817,CHEMBL3638817,B
JWOJZWRKDLDOEO-XGJBOMSMSA-N,8.154901959985743,1,,0.0,CCS(=N)(=O)c1ccc(Nc2ncc(Br)c(N[C@H](COC)[C@H](C)O)n2)cc1,458.3820000000001,27,1,CHEMBL3648094,CHEMBL3638817,CHEMBL3638817,B
JXKQPAFSJBFUHW-GFCCVEGCSA-N,6.537602002101044,1,,0.0,CC(C)n1cnc2c(NCc3cccnc3)nc(NC[C@@H](C)O)nc21,341.4190000000001,25,1,CHEMBL3655775,CHEMBL3638727,CHEMBL3638727,B
JXSGQHRSUUOSAF-UHFFFAOYSA-N,7.698970004336019,1,,0.0,O=C(Cc1ccc(F)cc1)Nc1[nH]nc2ccc(N3CCCS3(=O)=O)cc12,388.4240000000002,27,1,CHEMBL255263,CHEMBL1141545,CHEMBL1141545,B
JXZDETNFHHPYMT-UHFFFAOYSA-N,6.262012673666569,1,,0.0,Nc1nc2ccc(C(=O)c3c(F)cccc3F)cn2c1C(=O)c1cccs1,383.3790000000001,27,1,CHEMBL186952,CHEMBL1138729,CHEMBL1138729,B
JYDCSNUDYUATTI-UHFFFAOYSA-N,5.334419008982047,1,,0.0,ON=C(O)CCCn1cc(CNC2CCCCC2)c(-c2ccccc2)n1,356.46999999999997,26,1,CHEMBL5280858,CHEMBL5230096,CHEMBL5230096,B
JYEZPRTUGSHLCK-UHFFFAOYSA-N,8.148741651280925,2,0.0,0.0,NS(=O)(=O)c1ccc(N=Nc2c(O)[nH]c3ccc4ncsc4c23)cc1,373.4190000000001,25,2,CHEMBL407709,CHEMBL1134300,CHEMBL1134300|CHEMBL1143196,B
JYFOMGSUMMIIPE-UHFFFAOYSA-N,7.552841968657781,2,0.0,0.0,NS(=O)(=O)c1ccc(N=Cc2c(O)[nH]c3ccc(C(=O)O)cc23)cc1,359.3630000000001,25,2,CHEMBL272668,CHEMBL1134300,CHEMBL1134300|CHEMBL1143196,B
JYGNOLIKBUTZNC-UHFFFAOYSA-N,5.508638306165727,1,,0.0,Nc1nccc(-c2c[nH]c3[nH]ccc(=O)c23)n1,227.227,17,1,CHEMBL270897,CHEMBL5512610,CHEMBL5512610,B
JYLHONINWOWQPB-ZBFHGGJFSA-N,7.301029995663981,1,,0.0,CC[C@H](Nc1nc(NCc2cccc(C)n2)c2ncn(C(C)C)c2n1)[C@@H](C)O,383.5000000000001,28,1,CHEMBL3655773,CHEMBL3638727,CHEMBL3638727,B
JYPAWUMVEPMZMD-UHFFFAOYSA-N,5.4089353929735005,1,,0.0,CC(C)c1cnn2c(NCc3ccccc3N(C)C)nc(OC3CCN(C)CC3)nc12,423.5650000000003,31,1,CHEMBL4454044,CHEMBL4402527,CHEMBL4402527,B
JYXOSIVDNXWNLM-UHFFFAOYSA-N,4.823908740944319,1,,0.0,Cn1cc(CCNc2ccc([N+](=O)[O-])cc2C(=O)O)c2cccc(Cl)c21,373.7960000000001,26,1,CHEMBL5394608,CHEMBL5380784,CHEMBL5380784,B
JZGPEQNPASOUFO-UHFFFAOYSA-N,6.1487416512809245,2,0.0,0.0,Cc1nc2c(F)cc(-c3nc(Nc4ccc5c(n4)CCN(C(C)C)C5)ncc3F)cc2n1C1CC1,475.54700000000025,35,2,CHEMBL5999796,CHEMBL5727719,CHEMBL5727719|CHEMBL5728430,B
JZIBYQSTSSPYNE-UHFFFAOYSA-N,6.004182828937495,2,0.0002573535847706482,0.00036395292990842876,O=C(Nc1cc(C2CC2)[nH]n1)c1cccc(Br)c1,306.163,18,1,CHEMBL114577,CHEMBL1140962,CHEMBL1140962,B
JZXFOFIIRIBORV-ROUUACIJSA-N,6.346787486224656,1,,0.0,Nc1nc(NCCN2CCOCC2)cc(-c2cc(N3C[C@H](O)[C@@H](O)C3)ccc2O)n1,416.4820000000001,30,1,CHEMBL1800463,CHEMBL1799991,CHEMBL1799991,B
JZXIDVJITODWRO-UHFFFAOYSA-N,5.3979400086720375,1,,0.0,CN(C)CC(O)COc1ccc(Nc2nccc(Nc3ccccc3C#N)n2)cc1,404.4740000000001,30,1,CHEMBL99689,CHEMBL1136192,CHEMBL1136192,B
KAAFPSZABFPQAX-CPYOLTPOSA-N,8.397940008672037,1,,0.0,CCS(=N)(=O)c1ccc(Nc2ncc(Br)c(N[C@H](C)[C@H](C)O)n2)cc1,428.35600000000005,25,1,CHEMBL3648095,CHEMBL3638817,CHEMBL3638817,B
KAAFPSZABFPQAX-KFFJFEDVSA-N,8.397940008672037,1,,0.0,CCS(=N)(=O)c1ccc(Nc2ncc(Br)c(N[C@@H](C)[C@H](C)O)n2)cc1,428.35600000000005,25,1,CHEMBL3648122,CHEMBL3638817,CHEMBL3638817,B
KAEBPVNZHCYYSN-UHFFFAOYSA-N,5.0,1,,0.0,CCNC(=O)N1CCC(Nc2nccc(-c3c[nH]c4ccccc34)n2)CC1,364.45300000000015,27,1,CHEMBL245725,CHEMBL1139954,CHEMBL1139954,B
KAJIDAUQCMSGGN-XQASTXFUSA-N,4.769551078621726,1,,0.0,Cc1c(Nc2c(C#N)cncc2/C=C/CCN2CCC[C@@H](N)C2)ccc2[nH]ccc12,400.5300000000001,30,1,CHEMBL606245,CHEMBL1153090,CHEMBL1153090,B
KAQTYVZQFWHKBB-UHFFFAOYSA-N,7.522878745280337,1,,0.0,O=C(Cc1ccc(-c2ccncc2)cc1)Nc1[nH]nc2ccc(N3CCCS3(=O)=O)cc12,447.5200000000003,32,1,CHEMBL254171,CHEMBL1141545,CHEMBL1141545,B
KBLPHMRCKHFBJB-OLZOCXBDSA-N,8.468521082957745,2,0.0,0.0,C[C@@H]1C[C@H]2CN1CCn1[nH]c3c(cccc3c1=O)-c1nc3c(cccc3[nH]c1=O)O2,403.4420000000002,30,2,CHEMBL215803,CHEMBL1149510,CHEMBL1149510|CHEMBL2203227,B
KBLPHMRCKHFBJB-QWHCGFSZSA-N,5.468521082957745,1,,0.0,C[C@H]1C[C@@H]2CN1CCn1[nH]c3c(cccc3c1=O)-c1nc3c(cccc3[nH]c1=O)O2,403.4420000000002,30,1,CHEMBL5184492,CHEMBL5113380,CHEMBL5113380,B
KBXGRHZPYVSAOL-UHFFFAOYSA-N,7.468521082957745,3,0.0,0.0,NS(=O)(=O)c1ccc(N=Nc2c(O)[nH]c3ccc(F)cc23)cc1,334.33200000000005,23,3,CHEMBL273061,CHEMBL1137075,CHEMBL1134300|CHEMBL1137075|CHEMBL1143196,B
KBXYDHLQCHHCKO-UHFFFAOYSA-N,6.299997602857746,1,,0.0,COc1ccc(-c2ocnc2C(=O)NCc2ccn3ccnc3c2)cc1Cl,382.807,27,1,CHEMBL1957231,CHEMBL1955730,CHEMBL1955730,B
KCANZFMNTNHING-UHFFFAOYSA-N,8.602059991327963,3,0.0,0.0,CC(C)c1cccc2[nH]c(O)c(N=Nc3ccc(S(N)(=O)=O)cc3)c12,358.42300000000006,25,3,CHEMBL411426,CHEMBL1137075,CHEMBL1134300|CHEMBL1137075|CHEMBL1143196,B
KCBBKYDLIADLOS-UHFFFAOYSA-N,5.85078088734462,1,,0.0,Cn1cc(C2=C(c3coc4ccccc34)C(=O)NC2=O)c2ccccc21,342.3540000000001,26,1,CHEMBL301138,CHEMBL1153825,CHEMBL1153825,B
KCKWQKDFLCMFNR-OYKVQYDMSA-N,9.0,1,,0.0,CCc1cnn2c(NCc3ccc[n+]([O-])c3)cc(C3CCCC[C@H]3CCO)nc12,395.5070000000003,29,1,CHEMBL5171657,CHEMBL5143610,CHEMBL5143610,B
KCTDSUFNGUGTOM-UHFFFAOYSA-N,5.113509274827518,1,,0.0,O=C1C2=C(C(=O)N1CCCSC1=NCCN1)n1ccc3cccc(c31)C1Cc3ccccc3N21,469.5700000000002,34,1,CHEMBL488270,CHEMBL1151764,CHEMBL1151764,B
KCTYPUKDSRNILF-JOCQHMNTSA-N,5.443697499232712,1,,0.0,CCc1c(N[C@H]2CC[C@H](N)CC2)nc2ccnn2c1Nc1ccc(F)c(Cl)c1,402.9050000000001,28,1,CHEMBL2163993,CHEMBL2163300,CHEMBL2163300,B
KDKUVYLMPJIGKA-UHFFFAOYSA-N,8.698970004336019,4,0.1505149978319905,0.30102999566398125,Nc1nc(Nc2ccc(S(N)(=O)=O)cc2)nn1C(=O)c1c(F)cccc1F,394.36300000000006,27,4,CHEMBL191003,CHEMBL1138960,CHEMBL1138960|CHEMBL5143610|CHEMBL5244251|CHEMBL6134823,B
KDLIWXJGIZBHKK-VXGBXAGGSA-N,8.221848749616356,1,,0.0,CC(C)S(=O)(=O)c1ccc(Nc2ncc(C(F)(F)F)c(O[C@H](C)[C@@H](C)O)n2)cc1,433.4520000000001,29,1,CHEMBL3644024,CHEMBL3639233,CHEMBL3639233,B
KDTSSKKTVGNZJD-UHFFFAOYSA-N,8.920818753952375,3,0.0,0.0,CC(C)=Cc1cccc2[nH]c(O)c(NNc3ccc(S(N)(=O)=O)cc3)c12,372.4500000000001,26,3,CHEMBL411224,CHEMBL1137075,CHEMBL1134300|CHEMBL1137075|CHEMBL1143196,B
KDXCZWWTDMYEDB-UHFFFAOYSA-N,7.142667503568731,1,,0.0,CC=c1cc(-c2ccc[nH]2)c2c(O)[nH]c3ccc(F)c1c32,280.30199999999996,21,1,CHEMBL82251,CHEMBL1136123,CHEMBL1136123,B
KDYHYRKDQJLNGS-UHFFFAOYSA-N,8.698970004336019,1,,0.0,O=Nc1c(-c2c(O)[nH]c3ccc([N+](=O)[O-])cc23)[nH]c2ccc(O)cc12,338.27900000000005,25,1,CHEMBL4457608,CHEMBL4406837,CHEMBL4406837,B
KEDOBGISUFYCKN-UHFFFAOYSA-N,5.424812155072339,1,,0.0,Nc1nccc(-c2cc(N3CCC(O)CC3)ccc2O)n1,286.3349999999999,21,1,CHEMBL1800447,CHEMBL1799991,CHEMBL1799991,B
KEVSDOAMFUXCEG-UHFFFAOYSA-N,7.327902142064282,1,,0.0,CNC(=O)c1nn(C)c2c1C(C)(C)Cc1cnc(Nc3cccc(OC4CCN(C)CC4)c3)nc1-2,475.59700000000026,35,1,CHEMBL560102,CHEMBL1151962,CHEMBL1151962,B
KFLLCGLJRIFHBA-UHFFFAOYSA-N,6.299997602857746,1,,0.0,COc1ccc(-c2ocnc2C(=O)NCc2ccncc2)cc1F,327.315,24,1,CHEMBL1957092,CHEMBL1955730,CHEMBL1955730,B
KGHKTEALHPGTKH-UHFFFAOYSA-N,7.1487416512809245,1,,0.0,Nc1nc(Nc2ccc(S(=O)(=O)NC(=O)CCC(=O)O)cc2)nn1C(=O)c1c(F)cccc1F,494.4360000000001,34,1,CHEMBL209280,CHEMBL1138960,CHEMBL1138960,B
KGIDFBNHNUZTPT-UHFFFAOYSA-N,8.301029995663981,2,0.0,0.0,O=C(Nc1[nH]nc2nc(-c3ccc(O)cc3)c(-c3ccccc3)cc12)C1CC1,370.41200000000015,28,2,CHEMBL427909,CHEMBL1136207,CHEMBL1136207|CHEMBL1156672,B
KGMVZSJAPXYTKH-UHFFFAOYSA-N,7.3214816209598865,2,0.0,0.0,Cc1nc2c(F)cc(-c3nc(Nc4ccc5c(n4)CCN(CCN(C)C)C5)ncc3F)cc2n1C(C)C,506.6050000000003,37,2,CHEMBL4448494,CHEMBL5727719,CHEMBL5727719|CHEMBL5728430,B
KGPDSYGBPTVYJV-WBVHZDCISA-N,7.301029995663981,1,,0.0,CC[C@H](Nc1nc(NCc2cc(C)nc(C)c2)c2ncn(C(C)C)c2n1)[C@@H](C)O,397.5270000000001,29,1,CHEMBL3655771,CHEMBL3638727,CHEMBL3638727,B
KGPGWJDNPGCBFQ-UHFFFAOYSA-N,5.619788758288394,3,0.0,0.0,NS(=O)(=O)c1ccc(N=Nc2c(O)[nH]c3cccc([N+](=O)[O-])c23)cc1,361.3390000000001,25,3,CHEMBL409619,CHEMBL1137075,CHEMBL1134300|CHEMBL1137075|CHEMBL1143196,B
KGWSQGUVJUGIPF-UHFFFAOYSA-N,6.339304360844155,2,0.6456954856715857,0.9131513129998394,C=CS(=O)(=O)c1ccc(Nc2nc(OCC3CCCCC3)c3[nH]cnc3n2)cc1,413.5030000000002,29,2,CHEMBL4518287,CHEMBL5104233,CHEMBL5104233|CHEMBL5143610,B
KHIKNBAQPNFRJV-UHFFFAOYSA-N,7.055517327849831,1,,0.0,O=C1OCC=c2c1c[nH]c2=Cc1c(O)[nH]c2ccc(Cl)cc12,314.7280000000001,22,1,CHEMBL301639,CHEMBL1136528,CHEMBL1136528,B
KHTQGWKOTJZKCD-UHFFFAOYSA-N,7.193141970481182,1,,0.0,CN1CCC(Oc2ccc(Nc3ncc(F)c(-c4cc(F)c5nc6n(c5c4)C(C)(C)CC6)n3)nc2)CC1,505.5730000000003,37,1,CHEMBL5977920,CHEMBL5729140,CHEMBL5729140,B
KHUWOOWXQFGVBZ-UHFFFAOYSA-N,7.804100347590766,1,,0.0,C=CC(=O)Nc1ccc(NC2CCCC(Nc3ncc(SCc4ncc(C(C)(C)C)o4)s3)C2)cc1,511.71700000000027,35,1,CHEMBL4648005,CHEMBL5728751,CHEMBL5728751,B
KHVVJKLNKLQLJZ-UHFFFAOYSA-N,6.0,1,,0.0,CN1C(=O)C(N2CCc3c(nn(Cc4ccccc4)c3Br)C2=O)COc2ccccc21,481.3500000000002,31,1,CHEMBL4549667,CHEMBL4507326,CHEMBL4507326,B
KIBQAHRNVOBWRT-UHFFFAOYSA-N,9.0,1,,0.0,CN1CCN(c2cccc(Nc3ncc4c(n3)-c3c(c(C(N)=O)nn3C)CC4)c2)CC1,418.5050000000003,31,1,CHEMBL559513,CHEMBL1151962,CHEMBL1151962,B
KICIHZWOGVIVMX-UHFFFAOYSA-N,5.050609993355087,1,,0.0,O=C(O)c1cc(OC(F)F)ccc1NCCc1c[nH]c2ccccc12,346.333,25,1,CHEMBL5427192,CHEMBL5380784,CHEMBL5380784,B
KISZMOFCHHISIV-JOCQHMNTSA-N,8.698970004336019,1,,0.0,CN(C)S(=O)(=O)c1ccc(Nc2cc(N[C@H]3CC[C@H](N)CC3)nc3c(Br)cnn23)cc1Cl,542.8910000000003,32,1,CHEMBL178769,CHEMBL1141971,CHEMBL1141971,B
KIXOBYUEJWGOEY-UHFFFAOYSA-N,5.499999678657065,1,,0.0,CS(=O)(=O)Nc1cccc(-c2c[nH]c(=O)c3cc(-c4ccnc5[nH]ccc45)sc23)c1,436.51800000000014,30,1,CHEMBL1809109,CHEMBL1806471,CHEMBL1806471,B
KJKOBDWTGMVEHK-UHFFFAOYSA-N,5.552841968657781,1,,0.0,Cc1nn(-c2ccc(Cl)cc2Cl)c2c1c1c(c3cccn32)C(=O)NC1=O,385.2100000000001,26,1,CHEMBL3110144,CHEMBL3108740,CHEMBL3108740,B
KJLKMQRZXPBHID-UHFFFAOYSA-N,6.823908740944319,1,,0.0,Cc1nc2ccccn2c1-c1ccnc(Nc2cccc(Cl)c2)n1,335.79800000000006,24,1,CHEMBL73189,CHEMBL1147565,CHEMBL1147565,B
KJMALBRUCRDMTE-JTQLQIEISA-N,7.522878745280337,1,,0.0,Cc1cc(Nc2cnc(C#N)c(N[C@@H](C)c3ccc(F)cn3)n2)[nH]n1,338.35,25,1,CHEMBL576257,CHEMBL1156131,CHEMBL1156131,B
KJSJBGZSEZVHMS-CTCMXSBHSA-N,8.221848749616356,3,0.1960050362648224,0.3679767852945943,C[C@H](O)[C@@H](C)Nc1nc(Nc2ccc(S(=N)(=O)CCO)cc2)ncc1Br,444.35500000000013,26,1,CHEMBL3648110,CHEMBL3638817,CHEMBL3638817,B
KJSJBGZSEZVHMS-ZNTSSAEJSA-N,8.522878745280337,1,,0.0,C[C@@H](O)[C@@H](C)Nc1nc(Nc2ccc(S(=N)(=O)CCO)cc2)ncc1Br,444.35500000000013,26,1,CHEMBL3648109,CHEMBL3638817,CHEMBL3638817,B
KKMLIJHOUUKCSW-UHFFFAOYSA-N,8.387216143280265,1,,0.0,COc1cc(-c2ccc3c(-c4nc5c(N6CCN(C)CC6)cccc5[nH]4)[nH]nc3c2)ccc1O,454.5340000000001,34,1,CHEMBL514197,CHEMBL1143269,CHEMBL1143269,B
KLBPVYAMTJCVSW-UHFFFAOYSA-N,5.795880017344075,1,,0.0,CCN(CC)c1cc(C)cc2c(=O)c(O)c(-c3ccc(O)c(O)c3)oc12,355.3900000000001,26,1,CHEMBL231928,CHEMBL1148833,CHEMBL1148833,B
KLHSJLSXMSEODL-UHFFFAOYSA-N,5.799423073245151,1,,0.0,ON=C(O)CCCCCn1cc(Nc2ncc(Cl)c(-c3cnc4ccccn34)n2)cn1,440.8950000000001,31,1,CHEMBL5597396,CHEMBL5584345,CHEMBL5584345,B
KLVYMYQTRZCMLE-CYBMUJFWSA-N,6.726728668260934,2,0.5235154782788902,0.7403626894942441,O=C(Nc1ccccn1)Nc1cccc2c1[C@H]1CCCN1C2=O,308.34100000000007,23,2,CHEMBL141247,CHEMBL1149510,CHEMBL1149510|CHEMBL1240533,B
KMOIDYHHPHGHBT-MEDUHNTESA-N,5.6777807052660805,1,,0.0,CN1CC[C@H](c2c(O)cc(O)c3c(=O)cc(Sc4ccccc4Cl)oc23)[C@H](O)C1,433.9130000000001,29,1,CHEMBL334881,CHEMBL5143610,CHEMBL5143610,B
KMOIDYHHPHGHBT-UHFFFAOYSA-N,5.6777807052660805,1,,0.0,CN1CCC(c2c(O)cc(O)c3c(=O)cc(Sc4ccccc4Cl)oc23)C(O)C1,433.9130000000001,29,1,CHEMBL113544,CHEMBL1136795,CHEMBL1136795,B
KMVBIPSQSSTTCJ-UHFFFAOYSA-N,7.091052121419102,2,0.7226742601044966,1.0220157398177205,CNCc1ccc(-n2cc(-c3nc(NC4CCN(S(C)(=O)=O)CC4)ncc3C(F)(F)F)cn2)c(Cl)c1,544.0030000000002,36,1,CHEMBL5573043,CHEMBL5528049,CHEMBL5528049,B
KNBMQUZJLISDFQ-INIZCTEOSA-N,6.755228238504705,1,,0.0,CC[C@@H](CO)Nc1nc(NCc2ccc(NC(=O)C3(F)CC3)cc2)n2ncc(C(C)C)c2n1,455.53800000000024,33,1,CHEMBL5558477,CHEMBL5500401,CHEMBL5500401,B
KNBMQUZJLISDFQ-MRXNPFEDSA-N,6.242983765268699,1,,0.0,CC[C@H](CO)Nc1nc(NCc2ccc(NC(=O)C3(F)CC3)cc2)n2ncc(C(C)C)c2n1,455.53800000000024,33,1,CHEMBL5559108,CHEMBL5500401,CHEMBL5500401,B
KNDPXYAMINMLED-UHFFFAOYSA-N,4.750000100140428,1,,0.0,Nc1ncnc2occ(-c3ccc(NC(=O)Nc4cc(C(F)(F)F)ccc4F)cc3)c12,431.34900000000005,31,1,CHEMBL247228,CHEMBL1139135,CHEMBL1139135,B
KNXDMFACKQCJPS-UHFFFAOYSA-N,4.7447274948966935,1,,0.0,O=C(O)c1cc(O)c(O)c2c1c([N+](=O)[O-])c(Cl)c1ccccc12,333.683,23,1,CHEMBL600387,CHEMBL1156890,CHEMBL1156890,B
KNZQDNDPUYJIQG-UHFFFAOYSA-N,4.619788758288394,1,,0.0,Cc1nnc2sc(Cc3[nH]nc4[nH]c(=S)[nH]c(=S)c34)nn12,336.4310000000001,21,1,CHEMBL550855,CHEMBL1152892,CHEMBL1152892,B
KOCGMVOWSRIEAZ-UHFFFAOYSA-N,6.7447274948966935,1,,0.0,CNCCN(C)C(=O)c1cc(Sc2cnc(Nc3cccc(Br)n3)s2)ccc1C,492.46800000000013,29,1,CHEMBL254269,CHEMBL1140800,CHEMBL1140800,B
KOFUCJJVAIILNY-UHFFFAOYSA-N,6.75770709501707,1,,0.0,CCC(=O)Nc1ccc(CNc2nc(NC3CCCNC3)nc3c(C(C)C)cnn23)cc1,436.56400000000014,32,1,CHEMBL5556871,CHEMBL5500401,CHEMBL5500401,B
KOMNQBZWMCFDTQ-VIFPVBQESA-N,7.356547323513812,1,,0.0,O=C(N[C@H]1CCCNC1)c1[nH]ncc1NC(=O)c1c(F)cccc1F,349.34100000000007,25,1,CHEMBL498659,CHEMBL1156543,CHEMBL1156543,B
KOOSKJVCROTXBQ-UHFFFAOYSA-N,5.834810364025072,2,0.6132042321254397,0.867201741576376,CC1CN(c2ccc(Nc3ncc4cc5n(c4n3)C3(CCCCC3)CNC5=O)nc2)CCN1CC(C)(C)O,518.6660000000005,38,1,CHEMBL3925377,CHEMBL3886995,CHEMBL3886995,B
KOQSEURLFTUQRS-UHFFFAOYSA-N,7.055517327849831,1,,0.0,Cc1[nH]nc2c1N=C(c1ccccc1Cl)c1cc(N)ccc1N2,323.78700000000003,23,1,CHEMBL2322701,CHEMBL2321712,CHEMBL2321712,B
KPABJHHKKJIDGX-JOCHJYFZSA-N,5.886056647693163,2,0.0,0.0,C=CC(=O)Nc1ccc(C(=O)Nc2[nH]nc3c2CN(C(=O)N[C@H](CN(C)C)c2ccccc2)C3(C)C)cc1,515.6180000000003,38,2,CHEMBL4450322,CHEMBL4610077,CHEMBL4610077|CHEMBL5143610,B
KPCVCNZJVUSNOC-UHFFFAOYSA-N,6.531652669587842,1,,0.0,Cc1nc2c(F)cc(-c3nc(Nc4ccc5c(n4)CCN(C(=O)CN(C)C)C5)ncc3F)cc2n1C1CCC1,532.5990000000002,39,1,CHEMBL5883845,CHEMBL5728430,CHEMBL5728430,B
KPEABKWUJCTBRM-UHFFFAOYSA-N,7.451333161146183,4,1.7371943873242939,3.2313720338612386,O=C1NCC2(CCCCC2)n2c1cc1cnc(Nc3ccc(N4CCC(N5CCOCC5)CC4)cn3)nc12,516.6500000000004,38,1,CHEMBL3919361,CHEMBL3886995,CHEMBL3886995,B
KPGMHZQXQVDYNT-UHFFFAOYSA-N,5.3979400086720375,1,,0.0,O=c1c(O)c(-c2ccc(O)c(O)c2)oc2ccccc12,270.24,20,1,CHEMBL122701,CHEMBL1148833,CHEMBL1148833,B
KPHZQZOEATXSQO-UHFFFAOYSA-N,5.301029995663981,1,,0.0,Cc1cccc2c1c(CCNc1ccc([N+](=O)[O-])cc1C(=O)O)cn2C,353.3780000000001,26,1,CHEMBL5410597,CHEMBL5380784,CHEMBL5380784,B
KPLDUFFSXVTMOF-LJQANCHMSA-N,7.958607314841775,1,,0.0,O=C(N[C@H](CO)c1ccc(Cl)c(Cl)c1)N1CCc2cnc(NC3CCOCC3)nc2C1,466.36900000000037,31,1,CHEMBL3298982,CHEMBL3297705,CHEMBL3297705,B
KPPLCUYUCVJBTH-UHFFFAOYSA-N,5.09151498112135,1,,0.0,COc1cc(F)ccc1-c1ccnc2[nH]c(C3CCC(NC(C)=O)C3)nc12,368.41200000000015,27,1,CHEMBL5191333,CHEMBL5096204,CHEMBL5096204,B
KPQLRNNPRYBTLP-UHFFFAOYSA-N,6.64987804120149,2,0.00017827510498775992,0.0002521190713071775,CCCC(=O)Nc1cc(C2CC2)[nH]n1,193.24999999999997,14,1,CHEMBL112442,CHEMBL1140962,CHEMBL1140962,B
KPUBBCGAMBGWSV-UHFFFAOYSA-N,5.9775716288145135,1,,0.0,Cn1nc(C(=O)NCc2ccccc2)c2c1-c1nc(Nc3ccccc3)ncc1CC2,410.48100000000017,31,1,CHEMBL562030,CHEMBL1151962,CHEMBL1151962,B
KPVDACWQNCRKTG-UHFFFAOYSA-N,4.823908740944319,1,,0.0,O=C1Nc2cc3ccccc3c3c4c(cc1c23)OCO4,263.25199999999995,20,1,CHEMBL603073,CHEMBL1156890,CHEMBL1156890,B
KPYFHKXGOZSVEX-UHFFFAOYSA-N,5.562249437179612,1,,0.0,CC(Oc1cc(-c2cc(-c3ccc(CN(C)C)cc3)cnc2N)ccc1C(N)=O)c1ccccc1C(F)(F)F,534.5820000000002,39,1,CHEMBL2042031,CHEMBL2040736,CHEMBL2040736,B
KQCNFTQXQFIITD-SOAUALDESA-N,7.6020599913279625,1,,0.0,NCCCNCCCCNC(=O)c1ccc(CNc2nc(N[C@H]3CC[C@H](N)CC3)nc3c2ncn3C2CCCC2)cc1,576.7940000000002,42,1,CHEMBL5201965,CHEMBL5131485,CHEMBL5131485,B
KQQOVCCCJDXXLJ-UHFFFAOYSA-N,8.468521082957745,3,0.0,0.0,CC(C)Oc1cccc2[nH]c(O)c(N=Nc3ccc(S(N)(=O)=O)cc3)c12,374.4220000000001,26,3,CHEMBL271160,CHEMBL1137075,CHEMBL1134300|CHEMBL1137075|CHEMBL1143196,B
KRIWIRSMQRQYJG-DLBZAZTESA-N,8.522878745280337,2,0.0,0.0,CC(C)c1cnn2c(NCc3ccccc3)cc(N[C@@H](CO)[C@H](O)CO)nc12,385.46800000000013,28,2,CHEMBL1234833,CHEMBL4406837,CHEMBL4406837|CHEMBL4811242,B
KRIWIRSMQRQYJG-IRXDYDNUSA-N,8.522878745280337,1,,0.0,CC(C)c1cnn2c(NCc3ccccc3)cc(N[C@@H](CO)[C@@H](O)CO)nc12,385.46800000000013,28,1,CHEMBL4644434,CHEMBL4610077,CHEMBL4610077,B
KRKDQSSYLDUOBP-HNNXBMFYSA-N,7.769551078621726,1,,0.0,Cc1[nH]nc2ccc(-c3nnc(NC[C@@H](N)Cc4ccc(C(F)(F)F)cc4)s3)cc12,432.475,30,1,CHEMBL1080911,CHEMBL1154933,CHEMBL1154933,B
KRPKKDOBBAEXNM-UHFFFAOYSA-N,5.443697499232712,1,,0.0,O=c1[nH]c(O)c(C=NCc2ccc(-c3cccnc3)c(O)c2)c2cc(I)ccc12,497.2920000000002,29,1,CHEMBL452447,CHEMBL1153424,CHEMBL1153424,B
KRVKNVPEZJKGOV-UHFFFAOYSA-N,5.657577319177793,1,,0.0,Nc1nc(Nc2ccc(S(N)(=O)=O)cc2)nc(OCc2ccccc2)c1N=O,400.42000000000013,28,1,CHEMBL1241661,CHEMBL1240533,CHEMBL1240533,B
KSGRHPFFOUUFPR-UHFFFAOYSA-N,5.917933065714887,1,,0.0,CC(C)(O)Cn1cc(-c2nc(NC3CCN(S(C)(=O)=O)CC3)ncc2C(F)(F)F)cn1,462.49800000000016,31,1,CHEMBL5557118,CHEMBL5528049,CHEMBL5528049,B
KSIRCFGDZWDBAM-UHFFFAOYSA-N,5.700057099977233,1,,0.0,COc1cc(N2CCN(C(C)=O)CC2)ccc1Nc1nccc(-c2c[nH]c3cnccc23)n1,443.51100000000014,33,1,CHEMBL3421966,CHEMBL3421608,CHEMBL3421608,B
KSNJAABLKBXTJG-UHFFFAOYSA-N,6.070581074285707,2,0.0,0.0,CCCn1cc(C=NN=C2C(=O)Nc3ccc(C)cc32)c2ccccc21,344.41800000000006,26,2,CHEMBL5196783,CHEMBL5149978,CHEMBL5149978|CHEMBL5226338,B
KSQYDVJSFQHSCE-UHFFFAOYSA-N,5.180456064458131,1,,0.0,NC(CCCN=Cc1c(O)[nH]c2ccc(Br)cc12)C(=O)O,354.2040000000001,21,1,CHEMBL503236,CHEMBL1154450,CHEMBL1154450,B
KSWHFEKZCFYTPR-UHFFFAOYSA-N,5.721246399047171,1,,0.0,CC(C)(C)c1ccc2c(=O)[nH]c(O)c(C=NCc3cc(=O)c(-c4ccoc4)c[nH]3)c2c1,417.4650000000001,31,1,CHEMBL489629,CHEMBL1153424,CHEMBL1153424,B
KTEUANCPUUWBLK-UHFFFAOYSA-N,6.059981844992336,1,,0.0,NS(=O)(=O)c1cccc(Nc2cc(-c3ccc(F)cc3)[nH]n2)c1,332.36,23,1,CHEMBL329040,CHEMBL1136197,CHEMBL1136197,B
KTHMSZIGCQCCFJ-UHFFFAOYSA-N,6.017864526415276,2,0.0001919928622621882,0.00027151890969001613,NC(C(=O)Nc1cc(C2CC2)[nH]n1)c1ccccc1,256.30899999999997,19,1,CHEMBL193287,CHEMBL1140962,CHEMBL1140962,B
KTIAVDWJHSVFJO-UHFFFAOYSA-N,7.301029995663981,2,0.0,0.0,O=C(Nc1cc(C2CCCC2)[nH]n1)c1ccc(Br)cc1,334.217,20,1,CHEMBL419753,CHEMBL1140962,CHEMBL1140962,B
KULPPFCRBINTBS-AWEZNQCLSA-N,5.571865205971211,2,0.0,0.0,CC(C)n1cnc2c(NCc3nc4c(F)c(F)ccc4[nH]3)nc(N3CCCC[C@H]3CCO)nc21,470.52800000000036,34,2,CHEMBL5188909,CHEMBL5107985,CHEMBL5107985|CHEMBL5356939,B
KUOVCBYFBMMJGI-UHFFFAOYSA-N,5.1487416512809245,1,,0.0,O=C(Cc1ccccc1)Nc1[nH]nc2ccc(N3CCCCC3=O)cc12,348.4060000000002,26,1,CHEMBL414949,CHEMBL1141545,CHEMBL1141545,B
KUPYSMGYFLHPHG-UHFFFAOYSA-N,8.301029995663981,1,,0.0,N#CCC=c1cc(-c2ccc[nH]2)c2c(O)[nH]c3ccc(F)c1c32,305.312,23,1,CHEMBL415471,CHEMBL1136123,CHEMBL1136123,B
KUQKNRWKCUBLRL-OALUTQOASA-N,6.346787486224656,1,,0.0,CCCCCCc1cc(-c2cc(N3C[C@H](O)[C@@H](O)C3)ccc2O)nc(N)n1,372.4690000000001,27,1,CHEMBL1800453,CHEMBL1799991,CHEMBL1799991,B
KVCWGWGQOGKCFH-UHFFFAOYSA-N,4.229147988357856,1,,0.0,NC(=O)c1ccc(Nc2nc(N)cc(OCC3CCCCC3)n2)cc1,341.41500000000013,25,1,CHEMBL319709,CHEMBL1136212,CHEMBL1136212,B
KVJXNCXRESCVKS-UHFFFAOYSA-N,8.397940008672037,1,,0.0,CCn1c(-c2ccnc(Nc3ccc(S(=O)(=O)NCCOC)cc3)n2)cnc1C,416.5070000000002,29,1,CHEMBL485618,CHEMBL1142453,CHEMBL1142453,B
KVPNOQAXVUMKFJ-UHFFFAOYSA-N,6.267606240177031,1,,0.0,Cc1ccc(Sc2cnc(Nc3cccc(Br)n3)s2)cc1C(=O)N1CCN(C(=O)CN)CC1,547.504,33,1,CHEMBL254895,CHEMBL1140800,CHEMBL1140800,B
KVSIJRIBZQPYQR-UHFFFAOYSA-N,8.522878745280337,1,,0.0,Clc1ccccc1-c1cc(NCc2cccnc2)n2ncc(Br)c2n1,414.6940000000001,25,1,CHEMBL401303,CHEMBL3639187,CHEMBL3639187,B
KXNZPASCSDMHFQ-UHFFFAOYSA-N,5.722390785695909,1,,0.0,CC1CCN(C(=O)N2CCC(Nc3ncc(Cl)c(-c4c[nH]c5ccccc45)n3)CC2)CC1,452.9900000000003,32,1,CHEMBL245733,CHEMBL1139954,CHEMBL1139954,B
KYEOZKUGBAEJRO-UHFFFAOYSA-N,6.531652669587842,1,,0.0,CCN(CC)CCNc1cc(-c2ccc[nH]2)c2c3c(ccc(F)c13)NC2=O,366.4400000000001,27,1,CHEMBL84347,CHEMBL1136123,CHEMBL1136123,B
KYMNNSMBWCZWCF-UHFFFAOYSA-N,7.028956766441064,2,0.0009847979787070285,0.0013927146576850902,Cc1nc2c(F)cc(-c3nc(Nc4ccc5c(n4)CCN(C(=O)C4CCCN4C)C5)ncc3F)cc2n1C1CC1,544.6100000000002,40,1,CHEMBL5789562|CHEMBL5874515,CHEMBL5727719,CHEMBL5727719,B
KYTXZKLSVMDSST-UHFFFAOYSA-N,7.275724130399211,1,,0.0,Nc1nc2ccc(C(=O)c3c(Cl)cccc3Cl)cn2c1C(=O)c1c(F)cccc1F,446.2400000000001,30,1,CHEMBL189350,CHEMBL1138729,CHEMBL1138729,B
KZHHXCCLGNIRRE-YVEFUNNKSA-N,7.886056647693163,1,,0.0,CC[C@@H](NC(=O)N1CCc2cnc(N[C@@H](C)CO)nc2C1)c1ccc(F)c(F)c1,405.4490000000001,29,1,CHEMBL3298309,CHEMBL3297705,CHEMBL3297705,B
KZHUDHDVXIZFPR-UHFFFAOYSA-N,5.0,1,,0.0,CC(=O)Nc1ccc(-c2ccc3c(-c4nc5c(N6CCN(C)CC6)cccc5[nH]4)[nH]nc3c2)cc1,465.56100000000015,35,1,CHEMBL474600,CHEMBL1143269,CHEMBL1143269,B
KZLNMNBKUXXLSY-UHFFFAOYSA-N,7.204815410317576,2,0.0,0.0,Cc1nc2c(F)cc(-c3nc(Nc4ccc5c(n4)CCN(CC[Si](C)(C)C)C5)ncc3F)cc2n1C(C)C,535.7190000000003,38,2,CHEMBL5888813,CHEMBL5727719,CHEMBL5727719|CHEMBL5728430,B
KZQIFEGNIUKQLQ-UHFFFAOYSA-N,7.823908740944319,2,0.0,0.0,NS(=O)(=O)c1ccc(N=Nc2c(O)[nH]c3ccc(S(=O)(=O)O)cc23)cc1,396.4060000000001,26,2,CHEMBL412091,CHEMBL1134300,CHEMBL1134300|CHEMBL1143196,B
KZTJASZKBUWOAR-LOTLZRDFSA-N,7.292429823902063,1,,0.0,CCOC(=O)N=S(=O)(CC)c1ccc(Nc2ncc(Br)c(N[C@@H](COC)[C@H](C)O)n2)cc1,530.4450000000002,32,1,CHEMBL3648086,CHEMBL3638817,CHEMBL3638817,B
KZZDDXBCJROTIP-UHFFFAOYSA-N,7.8297382846050425,1,,0.0,Cc1nc2c(F)cc(-c3nc(Nc4ccc5c(n4)CCN(C(=O)CN4CCN(C)CC4)C5)ncc3F)cc2n1C(C)C,575.6680000000002,42,1,CHEMBL4206061,CHEMBL5728430,CHEMBL5728430,B
LAAXCJUGGGGBEQ-UHFFFAOYSA-N,4.345823458122039,1,,0.0,Nc1nccc(-n2ccc3ccncc32)n1,211.228,16,1,CHEMBL2348167,CHEMBL2346586,CHEMBL2346586,B
LAFXEUQJIIHQOD-UHFFFAOYSA-N,7.42021640338319,1,,0.0,O=C(N=Nc1c(O)[nH]c2ccc(Br)cc12)c1cc2cc(Br)ccc2o1,463.0850000000001,25,1,CHEMBL5186025,CHEMBL5149978,CHEMBL5149978,B
LCBAQTCTQXHTJG-ZETCQYMHSA-N,6.860120913598763,1,,0.0,Nc1nccc(-c2cc3c([nH]2)[C@@H](CCF)CNC3=O)n1,275.287,20,1,CHEMBL524266,CHEMBL1139384,CHEMBL1139384,B
LCDCVRYMEWMBEV-UHFFFAOYSA-N,7.291579099865287,1,,0.0,CCN1CCN(Cc2ccc(Nc3ncc(F)c(-c4cc(F)c5nc6n(c5c4)C(C)(C)CC6)n3)nc2)CC1,518.6160000000003,38,1,CHEMBL4208172,CHEMBL5729140,CHEMBL5729140,B
LCQRNLSJVMJXSZ-UHFFFAOYSA-N,5.300000202445418,1,,0.0,COc1ccc(-c2ocnc2C(=O)NCc2ccncc2)cn1,310.313,23,1,CHEMBL1957098,CHEMBL1955730,CHEMBL1955730,B
LCTGDIGFDXPBRR-UHFFFAOYSA-N,6.18704321825132,2,6.141237360394758e-05,8.685021164822615e-05,CCCc1cc(NC(=O)c2ccc(Br)cc2)[nH]n1,308.179,18,1,CHEMBL114432,CHEMBL1140962,CHEMBL1140962,B
LCYDFIUWKWJIDS-IBGZPJMESA-N,4.6777807052660805,1,,0.0,CC(=O)c1ccc(-c2ccc(Nc3c(C)c(N[C@H]4CCCNC4)nc4ccnn34)cc2)s1,446.58000000000015,32,1,CHEMBL2163610,CHEMBL2163300,CHEMBL2163300,B
LDJNLOZYHRVQME-UHFFFAOYSA-N,5.641164748498869,2,0.2584390325585614,0.3654879848908994,CN1CCN(c2ccc(Nc3ncc4cc5n(c4n3)C3(CCCCC3)CNC5=O)nc2)CC1(C)C,474.6130000000004,35,1,CHEMBL3973056,CHEMBL3886995,CHEMBL3886995,B
LDWUDAGYQNRJLN-UHFFFAOYSA-N,5.873706209306734,1,,0.0,CC(=O)Nc1ccc(CNc2nc(NC3CCNCC3)nc3c(C(C)C)cnn23)cc1,422.5370000000002,31,1,CHEMBL5556499,CHEMBL5500401,CHEMBL5500401,B
LDXLQEXLXZCYSR-UHFFFAOYSA-N,9.0,1,,0.0,COCCNS(=O)(=O)c1ccc(Nc2nccc(-c3cnc(C)n3C(C)C)n2)cc1,430.53400000000016,30,1,CHEMBL478409,CHEMBL1142453,CHEMBL1142453,B
LDYXBLNHACBPJZ-UHFFFAOYSA-N,5.81630319136532,1,,0.0,CC(C)c1cnn2c(NCc3ccc(NC(=O)CCCCCCO)cc3)nc(OC3CCN(C)CC3)nc12,523.6820000000005,38,1,CHEMBL5558604,CHEMBL5500401,CHEMBL5500401,B
LEFGJNMAJJYGGQ-UHFFFAOYSA-N,7.585026652029182,1,,0.0,CNS(=O)(=O)Cc1ccc(N=Cc2c(O)[nH]c3ccc4ncsc4c23)cc1,400.4850000000001,27,1,CHEMBL1964256,CHEMBL1134300,CHEMBL1134300,B
LEFKZSWCBZBDLU-UHFFFAOYSA-N,6.004364805402449,1,,0.0,CC(=O)Nc1c[nH]nc1-c1nc2ccccc2[nH]1,241.25400000000002,18,1,CHEMBL504155,CHEMBL1139387,CHEMBL1139387,B
LEPCIRKHMJHAPC-HZCBDIJESA-N,7.568636235841012,1,,0.0,NCCCCNC(=O)c1ccc(CNc2nc(N[C@H]3CC[C@H](N)CC3)nc3c2ncn3C2CCCC2)cc1,519.6980000000005,38,1,CHEMBL5205172,CHEMBL5131485,CHEMBL5131485,B
LFOFPAVIHNJEGB-INIZCTEOSA-N,6.732828271596986,1,,0.0,N[C@H](CNc1ncc(-c2ccc3[nH]c(O)cc3c2)s1)Cc1ccc(C(F)(F)F)cc1,432.4710000000001,30,1,CHEMBL1081831,CHEMBL1154944,CHEMBL1154944,B
LFQMLGQIYUNNLN-UHFFFAOYSA-N,5.5072822718520795,4,0.2951916203570235,0.6421539048463325,CCC(C)CN1CCN(c2ccc(Nc3ncc4cc5n(c4n3)C3(CCCC3)CNC5=O)nc2)CC1,488.64000000000044,36,1,CHEMBL3980597,CHEMBL3886995,CHEMBL3886995,B
LGCAIPXMWBZXAJ-UHFFFAOYSA-N,7.167491087293763,1,,0.0,COCCNS(=O)(=O)c1ccc(Nc2nccc(-c3c(C)nc(C)n3C)n2)cc1,416.5070000000002,29,1,CHEMBL458547,CHEMBL1142453,CHEMBL1142453,B
LGZIKBZSCRORQN-UHFFFAOYSA-N,4.823908740944319,1,,0.0,O=C(O)c1cc2c(c3c1c([N+](=O)[O-])cc1c(O)cccc13)OCO2,327.2480000000001,24,1,CHEMBL601026,CHEMBL1156890,CHEMBL1156890,B
LHIUZPIDLZYPRL-MXVIHJGJSA-N,6.3979400086720375,1,,0.0,CC(C)c1c2cc(-c3ccnc(N[C@H]4CC[C@H](NC5CCOCC5)CC4)n3)ccc2nn1C,448.61500000000035,33,1,CHEMBL3940387,CHEMBL5247634,CHEMBL5247634,B
LIJUCWLALFXGCL-UHFFFAOYSA-N,7.732828271596986,2,0.0,0.0,Cc1nc2c(F)cc(-c3nc(Nc4ccc5c(n4)CCNC5)ncc3F)cc2n1C(C)(C)C,449.5090000000002,33,2,CHEMBL5873158,CHEMBL5727719,CHEMBL5727719|CHEMBL5728430,B
LIPCBHIBAKMSAU-UHFFFAOYSA-N,6.220403508742176,1,,0.0,CS(=O)(=O)Nc1ccc(Nc2cc(-c3cccc(Br)c3)[nH]n2)cc1,407.29300000000006,24,1,CHEMBL418985,CHEMBL1136197,CHEMBL1136197,B
LIYXXFOSHNQSRD-UHFFFAOYSA-N,8.096910013008056,1,,0.0,c1ccc(Nc2nccc(-c3cnn4ncccc34)n2)cc1,288.314,22,1,CHEMBL359554,CHEMBL1143431,CHEMBL1143431,B
LKPSCTJYYAVIIL-UHFFFAOYSA-N,7.429457060118103,1,,0.0,Cc1nc2c(F)cc(-c3nc(Nc4ccc5c(n4)CCC(C(=O)CN)C5)ncc3F)cc2n1C(C)C,491.5460000000003,36,1,CHEMBL5811164,CHEMBL5727719,CHEMBL5727719,B
LLEOOSLUHRQCHZ-AFNCTOJWSA-N,6.275724130399211,1,,0.0,C[C@@H](/C=C\C(F)(F)F)Oc1cc(-c2cc(-c3cc(CN(C)C)cs3)cnc2N)ccc1C(N)=O,490.5510000000003,34,1,CHEMBL2042042,CHEMBL2040736,CHEMBL2040736,B
LLEOOSLUHRQCHZ-LMVHVUTASA-N,5.34008379993015,1,,0.0,C[C@H](/C=C\C(F)(F)F)Oc1cc(-c2cc(-c3cc(CN(C)C)cs3)cnc2N)ccc1C(N)=O,490.5510000000003,34,1,CHEMBL2042135,CHEMBL2040736,CHEMBL2040736,B
LLFOBMRPWNABCB-UHFFFAOYSA-N,8.619788758288394,1,,0.0,CC(C)c1c2cc(-c3nc(Nc4ccc(N5CCNCC5)cn4)ncc3F)ccc2nn1C,446.53400000000016,33,1,CHEMBL5095094,CHEMBL5512649,CHEMBL5512649,B
LLHGACFYBCCFIW-UHFFFAOYSA-N,5.052909535780378,1,,0.0,COc1cc(F)ccc1-c1cc(Nc2cnn(CCCCCC(O)=NO)c2)ncc1F,431.4430000000002,31,1,CHEMBL5597702,CHEMBL5584345,CHEMBL5584345,B
LLHGFGUOUWJTLQ-UHFFFAOYSA-N,4.866461091629782,1,,0.0,COc1ccc(-c2nc3c(NCCCNC(=O)C4CCCC4)c(-c4nc(C(=O)O)cs4)cnc3[nH]2)cc1,520.6150000000004,37,1,CHEMBL3125722,CHEMBL3124838,CHEMBL3124838,B
LMIPCDJYZXYYLQ-UHFFFAOYSA-N,8.55284196865778,1,,0.0,CC(C)c1c2cc(-c3ccnc(Nc4ccc5c(N6CCN(C)CC6)ncnc5c4)n3)ccc2nn1C,493.6190000000003,37,1,CHEMBL5568620,CHEMBL5543128,CHEMBL5543128,B
LMOGABSWSZHKQR-UHFFFAOYSA-N,6.318758762624412,1,,0.0,CS(=O)(=O)c1ccc(Nc2ncc(C(F)(F)F)c(OC3CCCCC3)n2)cc1,415.4370000000003,28,1,CHEMBL3644031,CHEMBL3639233,CHEMBL3639233,B
LMRBJOUAEXZHHL-SNAWJCMRSA-N,5.6020599913279625,1,,0.0,Cc1cnc2nc1-c1ccc3ccn(c3c1)C/C=C/COCc1cc(ccc1OCCN1CCCC1)N2,495.62700000000046,37,1,CHEMBL2035050,CHEMBL2034857,CHEMBL2034857,B
LMRZWFITLLJWPB-UHFFFAOYSA-N,7.2839966563652006,1,,0.0,Nc1nc2ccc(C(=O)c3c(Cl)cccc3Cl)cn2c1C(=O)c1c(F)cc(O)cc1F,462.23900000000015,31,1,CHEMBL363069,CHEMBL1138729,CHEMBL1138729,B
LMTSMIQNBKUPBR-UHFFFAOYSA-N,7.161150909262744,1,,0.0,Cc1ccc(NC(=S)NC(=O)c2cn(-c3ccccc3)nc2-c2ccccc2)cc1,412.51800000000014,30,1,CHEMBL2426398,CHEMBL2424530,CHEMBL2424530,B
LMWWKOWQEHLVFX-UHFFFAOYSA-N,5.920818753952375,1,,0.0,CC(C)COc1cc(Nc2ccc(S(C)(=O)=O)cc2)n2ncc(C(C)C)c2n1,402.5200000000001,28,1,CHEMBL178268,CHEMBL1141971,CHEMBL1141971,B
LNWXGYVVZJDLCP-UHFFFAOYSA-N,6.853871964321762,1,,0.0,Nc1nc(Nc2ccc(S(=O)(=O)NC(=O)C(N)CO)cc2)nn1C(=O)c1c(F)cccc1F,481.44100000000014,33,1,CHEMBL212264,CHEMBL1138960,CHEMBL1138960,B
LOTLHAUOJRZXNQ-GOSISDBHSA-N,5.1791420105603,1,,0.0,CC(C)C[C@@H]1CNC(=O)c2cc3cnc(Nc4ccc(N5CCN(C)CC5)cn4)nc3n21,434.5480000000003,32,1,CHEMBL4107086,CHEMBL3886995,CHEMBL3886995,B
LOUYPYUMEQLFIO-UHFFFAOYSA-N,7.022276394711152,1,,0.0,CC1NCCCC1C(=O)Nc1ncc(SCc2ncc(C(C)(C)C)o2)s1,394.56600000000014,26,1,CHEMBL508506,CHEMBL1152130,CHEMBL1152130,B
LOXABGFYQLXZMY-UHFFFAOYSA-N,7.026872146400302,1,,0.0,CS(=O)(=O)c1ccc(Nc2ncc(C(F)(F)F)c(OCCC(F)(F)F)n2)cc1,429.34200000000016,28,1,CHEMBL3644029,CHEMBL3639233,CHEMBL3639233,B
LPMINUZUMUXWKI-UHFFFAOYSA-N,7.276872841204309,1,,0.0,Cc1[nH]nc2ccc(-c3cncc(NC4CCCC(O)C4)n3)cc12,323.40000000000003,24,1,CHEMBL4863726,CHEMBL4840335,CHEMBL4840335,B
LPPPFWQCXCFAAN-NEDPPGOKSA-N,8.0,1,,0.0,C[C@H](O)[C@@H](C)Oc1nc(Nc2ccc(S(C)(=N)=O)cc2)ncc1Br,415.3130000000001,24,1,CHEMBL3648073,CHEMBL3638817,CHEMBL3638817,B
LPSCCOBGZSKECZ-UHFFFAOYSA-N,5.982966660701219,1,,0.0,CN1CCN(c2cccc3[nH]c(-c4[nH]nc5cc(-c6ccc(N)cc6)ccc45)nc23)CC1,423.52400000000017,32,1,CHEMBL480391,CHEMBL1143269,CHEMBL1143269,B
LQHMJVOJVOLFTJ-FQEVSTJZSA-N,7.204815410317576,1,,0.0,Cc1nc2c(F)cc(-c3nc(Nc4ccc5c(n4)CCN(C[C@@H]4CNCCO4)C5)ncc3F)cc2n1C(C)(C)C,548.6420000000003,40,1,CHEMBL5811976,CHEMBL5727719,CHEMBL5727719,B
LQHMJVOJVOLFTJ-HXUWFJFHSA-N,7.844663962534938,1,,0.0,Cc1nc2c(F)cc(-c3nc(Nc4ccc5c(n4)CCN(C[C@H]4CNCCO4)C5)ncc3F)cc2n1C(C)(C)C,548.6420000000003,40,1,CHEMBL5964675,CHEMBL5727719,CHEMBL5727719,B
LQKBDFWBLIOIGB-UHFFFAOYSA-N,6.481486060122112,1,,0.0,COCCOC(=O)N=S(C)(=O)Cc1cc(F)cc(Nc2ncc(F)c(-c3ccc(F)cc3OC)n2)c1,524.5210000000002,36,1,CHEMBL3932396,CHEMBL3886246,CHEMBL3886246,B
LQPLEEYQXIQYSE-UHFFFAOYSA-N,6.207608310501746,1,,0.0,Cc1nc2ccccn2c1-c1ccnc(Nc2ccc(Cl)cc2)n1,335.79800000000006,24,1,CHEMBL73645,CHEMBL1147565,CHEMBL1147565,B
LRNZETHOQYGLNM-UHFFFAOYSA-N,4.327902142064283,1,,0.0,CC(=O)c1ccc(NCCc2c[nH]c3ccccc23)c(C(=O)O)c1,322.3640000000001,24,1,CHEMBL5416233,CHEMBL5380784,CHEMBL5380784,B
LRTVAHMMILMPNA-IBGZPJMESA-N,4.022276394711152,1,,0.0,O=C(NC[C@@H]1CCCN1)c1ccc(-c2cnc3ccc(NCc4ccc(Cl)c(Cl)c4)nn23)cc1,495.4140000000002,34,1,CHEMBL1222565,CHEMBL1221302,CHEMBL1221302,B
LRXFEHJUJZDISP-FGBWHXJSSA-N,7.0347982989740885,1,,0.0,CN(C)C/C=C/C(=O)Nc1ccc(C(=O)N2CCC[C@@H](Nc3ncc(SCc4ncc(C(C)(C)C)o4)s3)C2)cc1,582.7960000000002,40,1,CHEMBL5831789,CHEMBL5728751,CHEMBL5728751,B
LRXFEHJUJZDISP-VQHVLOKHSA-N,7.0347982989740885,1,,0.0,CN(C)C/C=C/C(=O)Nc1ccc(C(=O)N2CCCC(Nc3ncc(SCc4ncc(C(C)(C)C)o4)s3)C2)cc1,582.7960000000002,40,1,CHEMBL4761001,CHEMBL4739712,CHEMBL4739712,B
LSEAQLOYCHTEOK-OKILXGFUSA-N,6.080843427760706,1,,0.0,Cn1ccc2cc(Nc3ncc(C(F)(F)F)c(N[C@H]4CC[C@@H](N)CC4)n3)ccc2c1=O,432.4500000000003,31,1,CHEMBL5089164,CHEMBL5042545,CHEMBL5042545,B
LSGRZENCFIIHNV-UHFFFAOYSA-N,8.193820026016112,1,,0.0,CC(C)c1cnn2c(NCc3ccccc3-n3cccn3)nc(OC3CCCNC3)nc12,432.53200000000027,32,1,CHEMBL4562323,CHEMBL4402527,CHEMBL4402527,B
LSHHTTHIUZQLLM-UHFFFAOYSA-N,7.301029995663981,1,,0.0,CS(=O)(=O)Cc1ccc(N=Cc2c(O)[nH]c3ccc4ncsc4c23)cc1,385.47000000000014,26,1,CHEMBL235849,CHEMBL1134300,CHEMBL1134300,B
LSQFFRJLLOWWOG-UHFFFAOYSA-N,4.800000052738446,1,,0.0,O=c1[nH]cc(-c2ccc(N3CCOCC3)cc2)c2sc(-c3ccncc3)cc12,389.48,28,1,CHEMBL1809107,CHEMBL1806471,CHEMBL1806471,B
LSXXISAPRYZBDC-MSOLQXFVSA-N,5.169013247217137,2,0.045730161551177054,0.0646722146751868,C[C@H](O)CN1CCN(c2ccc(Nc3ncc4cc5n(c4n3)C3(CCCC3)CNC5=O)nc2)C[C@H]1C,490.6120000000004,36,1,CHEMBL4114427,CHEMBL3886995,CHEMBL3886995,B
LSXXISAPRYZBDC-ZWKOTPCHSA-N,5.841483624150412,2,0.36973110652604035,0.5228787452803383,C[C@@H](O)CN1CCN(c2ccc(Nc3ncc4cc5n(c4n3)C3(CCCC3)CNC5=O)nc2)C[C@@H]1C,490.6120000000004,36,1,CHEMBL3897592,CHEMBL3886995,CHEMBL3886995,B
LSYKAZDUIZMLHK-UHFFFAOYSA-N,6.522878745280337,1,,0.0,O=C(O)c1cc(S(F)(F)(F)(F)F)ccc1NCCc1c[nH]c2ccccc12,406.3760000000001,27,1,CHEMBL5423185,CHEMBL5380784,CHEMBL5380784,B
LTEOAXVFLCXKFR-UHFFFAOYSA-N,5.353841430137887,1,,0.0,CC(=O)Nc1cccc(CNc2nc(OC3CCN(C)CC3)nc3c(C(C)C)cnn23)c1,437.5480000000002,32,1,CHEMBL5512494,CHEMBL5500401,CHEMBL5500401,B
LTJQUBUPNMQGJL-UHFFFAOYSA-N,4.872895201635193,1,,0.0,O=C(O)c1cc(O)c(O)c2c1c([N+](=O)[O-])cc1ccccc12,299.238,22,1,CHEMBL600386,CHEMBL1156890,CHEMBL1156890,B
LTNIHYAIRMIXOL-UHFFFAOYSA-N,6.528468017399887,2,0.13171148139138755,0.1862681633039518,CC(C)N1CCN(C(=O)c2ccc(Nc3ncc4cc5n(c4n3)C3(CCCCC3)CNC5=O)nc2)CC1,502.6230000000005,37,1,CHEMBL3913590,CHEMBL3886995,CHEMBL3886995,B
LUCORKWTQSQFFU-UHFFFAOYSA-N,6.537804267843014,2,0.00028604695549683154,0.0004045314839391523,O=C(Nc1cc(C2CC2)[nH]n1)c1ccccc1,227.26700000000002,17,1,CHEMBL324942,CHEMBL1140962,CHEMBL1140962,B
LVHNHGTWHQOKPD-UHFFFAOYSA-N,6.2839966563652006,1,,0.0,CNC(=O)Nc1ccc(-c2cc(-c3ccnc(Nc4ccc(Cl)c(S(=O)(=O)N(C)C)c4)n3)ccn2)cc1,538.0330000000002,37,1,CHEMBL2158865,CHEMBL2157945,CHEMBL2157945,B
LVRKQJAEQWVSCM-HAQNSBGRSA-N,6.568636235841012,1,,0.0,NS(=O)(=O)c1ccc(Nc2cc(N[C@H]3CC[C@H](N)CC3)nc3ncnn23)cc1,402.48400000000015,28,1,CHEMBL380331,CHEMBL1138980,CHEMBL1138980,B
LWCQVHGNSZVWQE-UHFFFAOYSA-N,6.012571517681378,2,0.15483026553036333,0.21896306137886778,CCN(CC)C1CCN(c2ccc(Nc3ncc4cc5n(c4n3)C3(CCCCC3)CNC5=O)nc2)CC1,502.6670000000005,37,1,CHEMBL3916385,CHEMBL3886995,CHEMBL3886995,B
LWHMSHBMCRYSON-UHFFFAOYSA-N,6.7447274948966935,1,,0.0,COc1cc(F)ccc1-c1nc(Nc2cc(CS(C)(=N)=O)cc(C(F)(F)F)c2)ncc1F,472.4390000000001,32,1,CHEMBL3905335,CHEMBL3886246,CHEMBL3886246,B
LWZGGYIOLDKNFI-UHFFFAOYSA-N,8.657577319177793,2,0.0,0.0,NS(=O)(=O)c1ccc(N=Nc2c(=O)[nH]c3ccc4[nH][nH]c(Cl)c4c23)cc1,390.812,26,2,CHEMBL269882,CHEMBL1134300,CHEMBL1134300|CHEMBL1143196,B
LXICPRRLAICBCA-UHFFFAOYSA-N,7.1249387366083,1,,0.0,O=C(NC(=S)Nc1ccc(F)cc1)c1cn(-c2ccccc2)nc1-c1ccccc1,416.4810000000001,30,1,CHEMBL2426380,CHEMBL2424530,CHEMBL2424530,B
LYADGAGFYYXXIO-ZWKOTPCHSA-N,8.657577319177793,1,,0.0,Cn1cc(-c2cnc3c(-c4csc(C(=O)N[C@@H]5CCCC[C@@H]5N)c4)cnn3c2)cn1,421.5300000000002,30,1,CHEMBL4568087,CHEMBL4477252,CHEMBL4477252,B
LYDDQDABXBIFGQ-UHFFFAOYSA-N,8.67778070526608,3,0.0,0.0,COC(=O)c1ccc2[nH]c(O)c(C=Nc3ccc(S(N)(=O)=O)cc3)c2c1,373.3900000000001,26,3,CHEMBL409731,CHEMBL1137075,CHEMBL1134300|CHEMBL1137075|CHEMBL1143196,B
LYRJEVGXXUHVHG-UHFFFAOYSA-N,7.229147988357855,1,,0.0,CNC(=O)c1nn(C)c2c1C(C)(C)Cc1cnc(Nc3cccc(CN4CCN(C)CC4)c3)nc1-2,474.6130000000003,35,1,CHEMBL564470,CHEMBL1151962,CHEMBL1151962,B
LYSVMDJSAMSOKD-FQEVSTJZSA-N,4.2076083105017466,1,,0.0,Cc1c(N[C@H]2CCCNC2)nc2ccnn2c1Nc1ccc(OCCN2CCOCC2)cc1,451.5750000000004,33,1,CHEMBL2163612,CHEMBL2163300,CHEMBL2163300,B
LZCHLXVPHWVKTF-UHFFFAOYSA-N,6.568636235841012,1,,0.0,Cc1cnc(OC2CCCCC2)nc1-c1cnc(Nc2ccccn2)s1,367.478,26,1,CHEMBL212049,CHEMBL1137419,CHEMBL1137419,B
LZHSIINQOGIBJP-UHFFFAOYSA-N,5.8463161719807335,2,0.015088283762840382,0.02133805553034218,CN(C)C1CCN(c2ccc(Nc3ncc4cc5n(c4n3)C3(CCCCC3)CNC5=O)nn2)CC1,475.60100000000045,35,1,CHEMBL3894204,CHEMBL3886995,CHEMBL3886995,B
LZIMDAVLHJHTBU-UHFFFAOYSA-N,5.346787486224656,1,,0.0,NC(=O)c1ccc2[nH]c(O)c(N=Nc3ccc(S(=O)(=O)NCCOCCO)cc3)c2c1,447.47300000000024,31,1,CHEMBL1242832,CHEMBL1240533,CHEMBL1240533,B
LZKPGMAQYKQMKG-UHFFFAOYSA-N,6.906578314837764,1,,0.0,CC(C)C=c1cc(-c2ccc[nH]2)c2c(O)[nH]c3ccc(F)c1c32,308.356,23,1,CHEMBL83443,CHEMBL1136123,CHEMBL1136123,B
LZURCICLQQQODJ-UHFFFAOYSA-N,5.3979400086720375,1,,0.0,Cc1nc2ccccn2c1-c1ccnc(N)n1,225.25499999999997,17,1,CHEMBL100979,CHEMBL1136202,CHEMBL1136202,B
MAHFVAHPQSLLJF-UHFFFAOYSA-N,6.0,1,,0.0,CN1C(=O)C(N2CCc3cn(Cc4ccccc4)nc3C2=O)COc2ccccc21,402.45400000000024,30,1,CHEMBL4088216,CHEMBL4507327,CHEMBL4507327,B
MBFRPRCYZAVISU-UHFFFAOYSA-N,8.0,1,,0.0,Cn1cc(-c2ccc(S(=O)(=O)N3CCC(Nc4ccc(C#N)cn4)CC3)cc2)cn1,422.5140000000001,30,1,CHEMBL4173631,CHEMBL5107985,CHEMBL5107985,B
MCHYSTQTMONBPK-SNAWJCMRSA-N,7.055517327849831,1,,0.0,CN(C)CCN(C)c1ccc2cc1COC/C=C/COCc1cccc(c1)-c1ccnc(n1)N2,459.5940000000002,34,1,CHEMBL5419439,CHEMBL5376015,CHEMBL5376015,B
MDHHYPFBVYJHPN-UHFFFAOYSA-N,6.795880017344075,1,,0.0,O=C(Nc1c[nH]nc1-c1nc2cc(CN3CCOCC3)ccc2[nH]1)Nc1c(F)cccc1F,453.4530000000001,33,1,CHEMBL458421,CHEMBL1139387,CHEMBL1139387,B
MDIWBYRNTPTYQI-QAQDUYKDSA-N,7.229147988357855,1,,0.0,CC(C)c1cnn2c(Nc3ccc(S(=O)(=O)N(C)C)cc3)cc(N[C@H]3CC[C@H](N)CC3)nc12,471.6310000000003,33,1,CHEMBL361348,CHEMBL1141971,CHEMBL1141971,B
MDLZFWHQTJGZMT-UHFFFAOYSA-N,7.298432014944073,2,0.0,0.0,Cc1nc2c(F)cc(-c3nc(Nc4ccc5c(n4)CCN(C(C)CN(C)C)C5)ncc3F)cc2n1C(C)(C)C,534.6590000000002,39,2,CHEMBL5799961,CHEMBL5727719,CHEMBL5727719|CHEMBL5728430,B
MDWVZPYTEKJUEK-UHFFFAOYSA-N,8.602059991327963,2,0.0,0.0,NS(=O)(=O)c1ccc(N=Cc2c(O)[nH]c3ccc(-c4cnco4)cc23)cc1,382.4010000000001,27,2,CHEMBL270132,CHEMBL1134300,CHEMBL1134300|CHEMBL1143196,B
MDXKUBVNBVFUOJ-CALCHBBNSA-N,5.722114314122241,2,0.3868783603461796,0.5471286241902327,C[C@@H]1CN(c2ccc(Nc3ncc4cc5n(c4n3)C3(CCCCC3)CNC5=O)nc2)C[C@H](C)N1,460.58600000000035,34,1,CHEMBL3906916,CHEMBL3886995,CHEMBL3886995,B
MDZCVSJGYQSCCO-HSZRJFAPSA-N,6.238824186844269,1,,0.0,O=C(Nc1[nH]nc2ccc(-c3cncc(NC[C@H](CO)c4ccccc4)c3)cc12)c1ccccc1,463.5410000000001,35,1,CHEMBL5280467,CHEMBL5236590,CHEMBL5236590,B
MDZCVSJGYQSCCO-QHCPKHFHSA-N,6.089909454405932,1,,0.0,O=C(Nc1[nH]nc2ccc(-c3cncc(NC[C@@H](CO)c4ccccc4)c3)cc12)c1ccccc1,463.5410000000001,35,1,CHEMBL5268968,CHEMBL5236590,CHEMBL5236590,B
MEIJADBULOETOV-UHFFFAOYSA-N,6.522878745280337,1,,0.0,CN(C)CC(O)COc1ccc(Nc2ncc(Br)c(Nc3ccccc3)n2)cc1,458.36000000000007,29,1,CHEMBL419534,CHEMBL1136192,CHEMBL1136192,B
MEKPYYSXKWGWRX-UHFFFAOYSA-N,7.047691990337874,1,,0.0,O=C(c1ccc2ccccc2c1)c1cn(-c2ccccc2)nc1C1=Nn2c(n[nH]c2=S)SC1,468.5670000000002,33,1,CHEMBL6169985,CHEMBL6134823,CHEMBL6134823,B
MEKQZIRNPYPHGO-UHFFFAOYSA-N,8.045757490560675,1,,0.0,O=C(Cc1ccc(O)cc1)Nc1[nH]nc2ccc(N3CCCS3(=O)=O)cc12,386.4330000000002,27,1,CHEMBL255718,CHEMBL1141545,CHEMBL1141545,B
MENVSADYTLLXLP-UHFFFAOYSA-N,5.853871964321762,1,,0.0,CC1CN(c2ccncc2NC(=O)c2ccnn3cc(-c4ccccc4)nc23)CCO1,414.4690000000002,31,1,CHEMBL5270781,CHEMBL5247659,CHEMBL5247659,B
MENVZXUPTOFKRC-JCNLHEQBSA-N,8.397940008672037,1,,0.0,NC(=O)c1ccc(Nc2nc(N[C@H]3CC[C@H](N)CC3)nc3c2ncn3C2CCCC2)cc1,434.54800000000023,32,1,CHEMBL5188322,CHEMBL5131485,CHEMBL5131485,B
MEXRTWCANVVSBH-AWEZNQCLSA-N,7.2441251443275085,1,,0.0,Cc1[nH]nc2ccc(-c3nnc(NC[C@@H](N)Cc4ccccc4Cl)s3)cc12,398.92300000000006,27,1,CHEMBL1080891,CHEMBL1154933,CHEMBL1154933,B
MFFUZTBYSYJSTO-UHFFFAOYSA-N,6.5406075122407685,1,,0.0,CCN(CC)C1CCN(C(=O)c2ccc(Nc3ncc4cc5n(c4n3)C3(CCCCC3)CNC5=O)nc2)C1,516.6500000000004,38,1,CHEMBL3890286,CHEMBL3886995,CHEMBL3886995,B
MFMLSRTXWSRZJT-UHFFFAOYSA-N,7.221848749616356,1,,0.0,O=C(CC1CNC(=O)c2cc(-c3cn[nH]c3)cn21)NCc1cccc(F)c1,367.3840000000001,27,1,CHEMBL3298823,CHEMBL3297733,CHEMBL3297733,B
MGLSXXJUCASPKK-UHFFFAOYSA-N,6.238824186844269,1,,0.0,CN1CCN(c2ccc(Nc3cc(-c4c[nH]c5cnccc45)ncn3)cc2)CC1,385.47500000000014,29,1,CHEMBL3421962,CHEMBL3421608,CHEMBL3421608,B
MHAJGINRQAEMIM-UHFFFAOYSA-N,4.979804510246805,1,,0.0,COc1cc(N2CCN(C)CC2)ccc1Nc1nccc(-c2c[nH]c3cnc(C)cc23)n1,429.5280000000002,32,1,CHEMBL3421969,CHEMBL3421608,CHEMBL3421608,B
MHAZFQTWVWWROD-HNNXBMFYSA-N,4.6020599913279625,1,,0.0,Cc1nc2ccc(Nc3c(C)c(N[C@H]4CCCNC4)nc4ccnn34)cc2s1,393.52000000000004,28,1,CHEMBL2163608,CHEMBL2163300,CHEMBL2163300,B
MHDUXNMHCRWOIT-UHFFFAOYSA-N,4.070581074285707,1,,0.0,Nc1c[nH]nc1C(=O)Nc1ccc(F)cc1,220.207,16,1,CHEMBL499521,CHEMBL1156543,CHEMBL1156543,B
MHSMKEQLFFWYOS-UHFFFAOYSA-N,5.730769689221635,2,0.38692192390195057,0.5471902323616291,Nc1c(S(=O)(=O)O)cc(Nc2ccc(Cl)cc2)c2c1C(=O)c1ccccc1C2=O,428.85300000000024,29,1,CHEMBL271673,CHEMBL5380784,CHEMBL5380784,B
MIFAIQVSQMDIEY-UHFFFAOYSA-N,7.853871964321762,1,,0.0,O=C1Nc2ccc(F)c3c(SCCO)cc(-c4ccc[nH]4)c1c23,328.368,23,1,CHEMBL83369,CHEMBL1136123,CHEMBL1136123,B
MIFKOPLXBUQROK-UHFFFAOYSA-N,4.400116927926312,1,,0.0,CN(C)C(=O)c1ccc2c(=O)[nH]c(O)c(C=Nc3ccc(CN4CCCCC4)cc3)c2c1,432.5240000000002,32,1,CHEMBL486487,CHEMBL1150411,CHEMBL1150411,B
MIGKKDVNMPOUSL-UHFFFAOYSA-N,6.0,1,,0.0,CN(C)CCNS(=O)(=O)c1ccc(N=Cc2c(O)[nH]c3ccccc23)cc1,386.47700000000003,27,1,CHEMBL1964248,CHEMBL1134300,CHEMBL1134300,B
MJIALGDLOLWBRQ-MRVPVSSYSA-N,8.397940008672037,3,0.0,0.0,C[C@H](CO)Nc1nc(Nc2ccc(S(N)(=O)=O)cc2)ncc1Br,402.27400000000006,23,3,CHEMBL4741442|CHEMBL4764656,CHEMBL4699469,CHEMBL4699469|CHEMBL5223102|CHEMBL5338803,B
MJMXHOMSRGAWAM-UHFFFAOYSA-N,5.907454792394393,1,,0.0,CC(=O)Nc1ccc(CNc2nc(OC3CCN(C)CC3)nc3c(C(C)C)cnn23)cc1,437.5480000000002,32,1,CHEMBL5542488,CHEMBL5500401,CHEMBL5500401,B
MJQVDJSEAMOVCO-UHFFFAOYSA-N,6.958607314841775,1,,0.0,Cc1cc(CNc2ncc(Br)c(Nc3cc(C4CC4)[nH]n3)n2)on1,390.2450000000001,24,1,CHEMBL497854,CHEMBL1155933,CHEMBL1155933,B
MJRPKDKGAYBJSG-UHFFFAOYSA-N,7.167491087293763,1,,0.0,COc1ccccc1C(=O)c1c(N)nc2ccc(C(=O)c3c(F)cccc3F)cn12,407.37600000000003,30,1,CHEMBL184115,CHEMBL1138729,CHEMBL1138729,B
MKCHHXTWUNRKMA-UHFFFAOYSA-N,7.7447274948966935,1,,0.0,CCC(Sc1nc(Nc2ccc(S(C)(=N)=O)cc2)ncc1Br)C(C)O,445.4080000000001,25,1,CHEMBL3648103,CHEMBL3638817,CHEMBL3638817,B
MKDYTOGJVAOMKI-VQHVLOKHSA-N,6.161780778092375,1,,0.0,CN(C)C/C=C/C(=O)Nc1ccc(S(=O)(=O)N2CCCC(Nc3ncc(SCc4ncc(C(C)(C)C)o4)s3)C2)cc1,618.8510000000002,41,1,CHEMBL4744850,CHEMBL4739712,CHEMBL4739712,B
MKDYTOGJVAOMKI-WFNSPDMASA-N,6.161780778092375,1,,0.0,CN(C)C/C=C/C(=O)Nc1ccc(S(=O)(=O)N2CCC[C@@H](Nc3ncc(SCc4ncc(C(C)(C)C)o4)s3)C2)cc1,618.8510000000002,41,1,CHEMBL6056335,CHEMBL5728751,CHEMBL5728751,B
MKEZXJZAKPJGKM-UHFFFAOYSA-N,6.5951662833800615,1,,0.0,CC(=O)N1CCC(n2ncc(Nc3ncc(Cl)c(-c4cnn5ccccc45)n3)c2C)CC1,450.93400000000025,32,1,CHEMBL3823301,CHEMBL3822394,CHEMBL3822394,B
MLJSLRKQDZHWEX-UHFFFAOYSA-N,8.045757490560675,1,,0.0,O=C1OCC=c2c1c[nH]c2=Cc1c(O)[nH]c2cccc(C3CCNCC3)c12,363.4170000000001,27,1,CHEMBL58224,CHEMBL1136528,CHEMBL1136528,B
MLRFEYKWKAWGAL-NRFANRHFSA-N,6.215382707367125,1,,0.0,O=C(Nc1[nH]nc2ccc(-c3cncc(NC[C@@H](CO)Cc4ccccc4)c3)cc12)c1ccccc1,477.56800000000015,36,1,CHEMBL5283549,CHEMBL5236590,CHEMBL5236590,B
MLRFEYKWKAWGAL-OAQYLSRUSA-N,5.620513186282727,1,,0.0,O=C(Nc1[nH]nc2ccc(-c3cncc(NC[C@H](CO)Cc4ccccc4)c3)cc12)c1ccccc1,477.56800000000015,36,1,CHEMBL5283085,CHEMBL5236590,CHEMBL5236590,B
MLRODODNCCTIOL-UHFFFAOYSA-N,4.6777807052660805,1,,0.0,Cc1ccc2c(c1)c(CCNc1ccc([N+](=O)[O-])cc1C(=O)O)cn2C,353.3780000000001,26,1,CHEMBL5440790,CHEMBL5380784,CHEMBL5380784,B
MNEKYKJSTRPKKY-UHFFFAOYSA-N,4.823908740944319,1,,0.0,N#Cc1ccc(NCCc2c[nH]c3ccccc23)c(C(=O)O)c1,305.33700000000005,23,1,CHEMBL5412165,CHEMBL5380784,CHEMBL5380784,B
MNGXBJAUUYRGET-UHFFFAOYSA-N,7.0915149811213505,1,,0.0,CNC(=O)c1ccc(Nc2nccc(-c3cnc(C4CC4)n3C(C)C)n2)cc1,376.46400000000017,28,1,CHEMBL507142,CHEMBL1152177,CHEMBL1152177,B
MNHCYTKOZZNQIL-UHFFFAOYSA-N,5.382741358243656,2,0.03704395916821748,0.052388069459688325,Cc1nccc(-c2ccc(C(=O)N(C)C)c(Cl)c2)c1C#Cc1ccc(N)nc1,390.87400000000014,28,1,CHEMBL3701063,CHEMBL3639177,CHEMBL3639177,B
MNHPHKFLWAPNOV-UHFFFAOYSA-N,6.180456064458131,1,,0.0,NS(=O)(=O)c1ccc(NC(=O)c2[nH]nc3ccccc23)cc1,316.34200000000004,22,1,CHEMBL455946,CHEMBL1156543,CHEMBL1156543,B
MNMACALOHIRIIT-UHFFFAOYSA-N,4.494850021680094,1,,0.0,O=C(O)c1cc([N+](=O)[O-])ccc1NCCc1coc2ccccc12,326.30800000000005,24,1,CHEMBL5412113,CHEMBL5380784,CHEMBL5380784,B
MNPXDFVGSLMIRV-KDURUIRLSA-N,5.594614994382818,2,0.36664472302740836,0.518513939877888,CCN1[C@H](C)CN(c2ccc(Nc3ncc4cc5n(c4n3)C3(CCCCC3)CNC5=O)nc2)C[C@@H]1C,488.64000000000044,36,1,CHEMBL3975426,CHEMBL3886995,CHEMBL3886995,B
MNYUOPLMNNYIFQ-UHFFFAOYSA-N,4.958607314841775,1,,0.0,Cc1nnc2sc(NN)nn12,170.201,11,1,CHEMBL551722,CHEMBL1152892,CHEMBL1152892,B
MQTACRYTEYGQLN-UHFFFAOYSA-N,7.207608310501746,1,,0.0,CNC(=O)c1ccc(Nc2nccc(-c3cnc(COC)n3C(C)C)n2)cc1,380.4520000000001,28,1,CHEMBL453651,CHEMBL1152177,CHEMBL1152177,B
MRPGRAKIAJJGMM-OCCSQVGLSA-N,6.7447274948966935,1,,0.0,CN1CC[C@@H](c2c(O)cc(O)c3c(=O)cc(-c4ccc(C(F)(F)F)cc4Cl)oc23)[C@@H]1CO,469.8430000000001,32,1,CHEMBL3905910,CHEMBL5223102,CHEMBL5223102,B
MSIYPAKNNNBUFM-UHFFFAOYSA-N,6.313363730737707,3,0.3384806736516109,0.58626572414473,Cc1nc2c(F)cc(-c3nc(Nc4ccc5c(n4)CCNC5)ncc3F)cc2n1C,407.4280000000001,30,2,CHEMBL6033665,CHEMBL5727719,CHEMBL5727719|CHEMBL5728430,B
MTNBRBDFNSGQKB-TYZXPVIJSA-N,8.958607314841775,1,,0.0,COCc1cc(C(=O)Nc2cc(C3CC[C@@H](OC(=O)NC(C)C)C3)[nH]n2)n(C)n1,404.47100000000006,29,1,CHEMBL5201870,CHEMBL5512649,CHEMBL5512649,B
MTNUEJMJUDNRFN-UHFFFAOYSA-N,8.301029995663981,1,,0.0,O=C(NC1CC1)c1[nH]nc2cc(-c3ccc(O)cc3)c(Br)cc12,372.2220000000001,23,1,CHEMBL481562,CHEMBL1143269,CHEMBL1143269,B
MTYBEFAXRMHIIW-UHFFFAOYSA-N,5.200659450546418,1,,0.0,CN=C(N)SCCCn1c(=O)c2c(c1=O)n1c3ccccc3cc1c1cccc3ccn2c31,455.5430000000001,33,1,CHEMBL488271,CHEMBL1151764,CHEMBL1151764,B
MUASSOXJDXNHOV-UHFFFAOYSA-N,6.669586226650809,1,,0.0,Nc1nc2ccc(C(=O)c3c(F)cccc3F)cn2c1C(=S)c1ccccc1,393.41800000000006,28,1,CHEMBL365046,CHEMBL1138729,CHEMBL1138729,B
MUJNGTCNOBZJOC-UHFFFAOYSA-N,5.113509274827518,1,,0.0,CN1CCN(c2ccc(N=Cc3c(=O)[nH]c(O)c4ccc(-c5ccc(C=O)cc5)cc34)cc2)CC1,466.5410000000002,35,1,CHEMBL487531,CHEMBL1150411,CHEMBL1150411,B
MVAAFWQKSLBVDG-UHFFFAOYSA-N,8.366531544420413,2,0.0,0.0,O=S(=O)(Nc1ccccc1)c1ccc(N=Cc2c(O)[nH]c3ccc4ncsc4c23)cc1,448.5290000000001,31,2,CHEMBL1964244,CHEMBL1137075,CHEMBL1134300|CHEMBL1137075,B
MVDJPUVLCKJATA-UHFFFAOYSA-N,6.619788758288394,1,,0.0,COc1cc(F)ccc1-c1ccnc2[nH]c(-c3ccc(CN4CCOCC4)cc3)cc12,417.4840000000003,31,1,CHEMBL5170195,CHEMBL5096204,CHEMBL5096204,B
MVLHZSCONJMXFJ-UHFFFAOYSA-N,7.886056647693163,1,,0.0,O=S(=O)(Cc1ccc(N=Cc2c(O)[nH]c3ccc4ncsc4c23)cc1)NCCO,430.5110000000002,29,1,CHEMBL1964258,CHEMBL1134300,CHEMBL1134300,B
MWGXGTJJAOZBNW-UHFFFAOYSA-N,4.769551078621726,2,0.0,0.0,Nc1nc(OCC2CCCCC2)c2[nH]cnc2n1,247.30199999999996,18,2,CHEMBL269881,CHEMBL1136212,CHEMBL1136212|CHEMBL4004788,B
MXCVVCABILAXTR-AWKYBWMHSA-N,7.0,1,,0.0,COCc1cc(C(=O)Nc2cc(C3CC[C@@H](OC(=O)N(C)C(C)C)C3)[nH]n2)n(C)n1,418.4980000000001,30,1,CHEMBL5192247,CHEMBL5113545,CHEMBL5113545,B
MXOKGWUJNGEKBH-UHFFFAOYSA-N,5.920818753952375,1,,0.0,COc1cccc2c1cc1c3c(cc4c(c32)OCO4)C(=O)N1,293.27799999999996,22,1,CHEMBL479127,CHEMBL1156890,CHEMBL1156890,B
MXQMYWXBECXGHZ-UHFFFAOYSA-N,5.405607449624574,1,,0.0,CCSc1cc(=O)c2c(O)cc(O)c(C3CCN(C)CC3O)c2o1,351.4240000000001,24,1,CHEMBL326843,CHEMBL1136795,CHEMBL1136795,B
MYIYDTISJDJCKB-UHFFFAOYSA-N,7.318894522079257,2,0.0001919928622621882,0.00027151890969001613,O=C(Cc1ccccc1)Nc1cc(C2CC2)[nH]n1,241.29399999999995,18,1,CHEMBL114851,CHEMBL1140962,CHEMBL1140962,B
MYKPWRUVZULGRH-UHFFFAOYSA-N,6.7594507517174005,1,,0.0,CN1CCC(OCc2ccc(Nc3ncc(F)c(-c4cc(F)c5nc6n(c5c4)C(C)(C)CC6)n3)nc2)CC1,519.6000000000003,38,1,CHEMBL5763252,CHEMBL5729140,CHEMBL5729140,B
MYTXIMZXJZWJKG-UHFFFAOYSA-N,4.795880017344075,1,,0.0,Cc1nnc2sc(SCc3ccccc3)nn12,262.363,17,1,CHEMBL561985,CHEMBL1152892,CHEMBL1152892,B
MZDVXECOCKJZLD-UHFFFAOYSA-N,5.2441251443275085,1,,0.0,O=C1NCC=c2c1c[nH]c2=Cc1c(O)[nH]c2cc(-c3ccccc3)ccc12,355.3970000000001,27,1,CHEMBL57325,CHEMBL1136528,CHEMBL1136528,B
MZGANASDMYZAGW-UHFFFAOYSA-N,7.391473966422806,2,0.0,0.0,Cc1nc2c(F)cc(-c3nc(Nc4ccc5c(n4)CCN(C(=O)C4CC(N)C4)C5)ncc3F)cc2n1C(C)C,532.5990000000003,39,2,CHEMBL5976927,CHEMBL5727719,CHEMBL5727719|CHEMBL5728430,B
MZPDPRITYJNRSG-ZEQRLZLVSA-N,4.578396073130169,1,,0.0,CN1C[C@@H]2C[C@H]1CN2c1ccc(-c2ccnc3c(-c4cccc(O)c4)c(-c4ccncc4)nn23)cc1,474.56800000000015,36,1,CHEMBL1087650,CHEMBL1154392,CHEMBL1154392,B
NAGRAHWEIBPVTR-UHFFFAOYSA-N,8.327902142064282,2,0.0,0.0,O=S(=O)(NCCO)c1ccc(N=Cc2c(O)[nH]c3ccc4ncsc4c23)cc1,416.48400000000015,28,2,CHEMBL1964246,CHEMBL1137075,CHEMBL1134300|CHEMBL1137075,B
NAGXMQRFQOVRBT-UHFFFAOYSA-N,7.6777807052660805,3,0.0,0.0,CCc1ccc2c(N=Nc3ccc(S(N)(=O)=O)cc3)c(O)[nH]c2c1,344.3960000000001,24,3,CHEMBL271182,CHEMBL1137075,CHEMBL1134300|CHEMBL1137075|CHEMBL1143196,B
NAMNDYOCPPYNFK-NSCUHMNNSA-N,6.494850021680094,1,,0.0,CN1C/C=C/COCc2ccc(o2)-c2ccnc(n2)Nc2cccc(c2)C1,362.4330000000001,27,1,CHEMBL2035047,CHEMBL2034857,CHEMBL2034857,B
NAXHLQWKWRGFOK-UHFFFAOYSA-N,7.187086643357144,1,,0.0,CC(C)(N)CNc1cc(-c2ccc[nH]2)c2c3c(ccc(F)c13)NC2=O,338.3860000000001,25,1,CHEMBL82768,CHEMBL1136123,CHEMBL1136123,B
NBEJIOMDWFNHOW-UHFFFAOYSA-N,5.167491087293763,1,,0.0,Cc1nnc2sc(=S)[nH]n12,172.23800000000003,10,1,CHEMBL540752,CHEMBL1152892,CHEMBL1152892,B
NBFGYDJKTHENDP-UHFFFAOYSA-N,4.522878745280337,1,,0.0,O=C(O)c1cc2c(c3c1c([N+](=O)[O-])cc1ccc(O)cc13)OCO2,327.2480000000001,24,1,CHEMBL603494,CHEMBL1156890,CHEMBL1156890,B
NBTIJTDAEXPUCZ-UHFFFAOYSA-N,5.200452692874385,1,,0.0,N#CC1(CNc2cccc(-c3cc(Nc4cnn(Cc5ccc(C(O)=NO)cc5)c4)ncc3Cl)n2)CCOCC1,559.03,40,1,CHEMBL5598054,CHEMBL5584345,CHEMBL5584345,B
NBWQLTANUJBFJB-UHFFFAOYSA-N,7.97061622231479,1,,0.0,CS(=O)(=O)Nc1cccc(-c2cc(Nc3ccc(S(N)(=O)=O)cc3)[nH]n2)c1,407.47700000000015,27,1,CHEMBL421578,CHEMBL1136197,CHEMBL1136197,B
NCACIGFDMRLLIY-UHFFFAOYSA-N,5.001740661576301,1,,0.0,CN1CCN(c2ccc(Nc3ncc4cc5n(c4n3)C3(CCCC3)CNC5=O)nc2)CC1,432.5320000000003,32,1,CHEMBL3977652,CHEMBL3886995,CHEMBL3886995,B
NCAQNCOMJJVZLQ-UHFFFAOYSA-N,6.928117992693874,1,,0.0,Nc1nc(Nc2ccc(S(=O)(=O)NC(=O)CCN3CCOCC3)cc2)nn1C(=O)c1c(F)cccc1F,535.5330000000002,37,1,CHEMBL378420,CHEMBL1138960,CHEMBL1138960,B
NCAQSQYHTSCOCV-UHFFFAOYSA-N,8.175223537524454,2,0.0,0.0,CNCCN1CCc2nc(Nc3ncc(F)c(-c4cc(F)c5nc(C)n(C(C)(C)C)c5c4)n3)ccc2C1,506.6050000000003,37,2,CHEMBL6002674,CHEMBL5727719,CHEMBL5727719|CHEMBL5728430,B
NCJKZPXFXOMPSP-UHFFFAOYSA-N,6.161150909262744,3,0.0,0.0,NS(=O)(=O)c1ccc(N=Cc2c(O)[nH]c3ccccc23)cc1,315.35400000000004,22,3,CHEMBL269850,CHEMBL1137075,CHEMBL1134300|CHEMBL1137075|CHEMBL1143196,B
NDBJFFCSTXBTFV-UHFFFAOYSA-N,7.199970640755866,1,,0.0,CC(C)n1cnnc1-c1cccc(N2Cc3ccccc3C2=O)n1,319.3680000000001,24,1,CHEMBL3952214,CHEMBL4725315,CHEMBL4725315,B
NDLAFOKSJSLKGG-UHFFFAOYSA-N,5.866461091629782,1,,0.0,COc1ccc(F)cc1-c1ccnc2[nH]c(C3=CCN(CC(O)CO)CC3)cc12,397.4500000000002,29,1,CHEMBL3668457,CHEMBL5223102,CHEMBL5223102,B
NDXJIXWTFPGHAI-UHFFFAOYSA-N,6.199998318852138,2,0.14142034366832956,0.19999856801121574,COc1ccc(-c2ocnc2C(=O)NCc2ccncc2)cc1,309.325,23,1,CHEMBL1957085,CHEMBL1955730,CHEMBL1955730,B
NECPZRGQLGYEAG-YSAJCMGZSA-N,6.011138197355576,4,0.10351400199228648,0.23521271117433784,CO[C@@]1(C)C(=O)C(O)C(C)=C2OC(=O)c3c(C)cc(O)c(C)c3O[C@@H]21,348.35100000000006,25,1,CHEMBL5589612,CHEMBL5576119,CHEMBL5576119,B
NEOUGQSZLHGZRA-UHFFFAOYSA-N,6.424812155072339,1,,0.0,C=c1cc(-c2ccc[nH]2)c2c(O)[nH]c3ccc(F)c1c32,266.275,20,1,CHEMBL82603,CHEMBL1136123,CHEMBL1136123,B
NEWXQDRWGLAOAY-UHFFFAOYSA-N,6.0,1,,0.0,Clc1ccc(CNc2nccc(-c3cnn4ncccc34)n2)cc1,336.78600000000006,24,1,CHEMBL513330,CHEMBL1143431,CHEMBL1143431,B
NFBXAEBBIROPOO-IAGOWNOFSA-N,6.500312917381596,1,,0.0,Cn1cc(S(=O)(=O)N2CCC(Nc3ncc4c(n3)N([C@@H]3CCC[C@@H](O)C3)C(=O)C43CC3)CC2)cn1,501.61300000000045,35,1,CHEMBL5177986,CHEMBL5126669,CHEMBL5126669,B
NFLNGTZCZDPIPL-UHFFFAOYSA-N,6.1944991418416,2,0.0,0.0,O=C(Nc1[nH]nc2nc(-c3cccs3)c(Br)cc12)C1CC1,363.2400000000002,21,2,CHEMBL260231,CHEMBL1136207,CHEMBL1136207|CHEMBL1156672,B
NFSKEXQRNDSSAN-UHFFFAOYSA-N,7.508638306165727,1,,0.0,CC(=O)Nc1ccc(C(C)C(=O)Nc2ncc(C(C)C)s2)cc1,331.44100000000003,23,1,CHEMBL2143507,CHEMBL5131376,CHEMBL5131376,B
NFVBVKHGDDDCEA-UHFFFAOYSA-N,3.920818753952375,1,,0.0,NS(=O)(=O)c1cccc2c(O)cccc12,223.253,15,1,CHEMBL457047,CHEMBL1156543,CHEMBL1156543,B
NGFGTMFVWSDFPS-UKRRQHHQSA-N,7.292429823902063,1,,0.0,Cc1sc(C(=O)N[C@@H]2[C@H](N)CCCC2(F)F)cc1-c1cnn2cc(Cl)cnc12,425.89200000000005,28,1,CHEMBL4552628,CHEMBL4477252,CHEMBL4477252,B
NGGAHECCHDZGJU-UHFFFAOYSA-N,7.522878745280337,1,,0.0,O=C1OCC=c2c1c[nH]c2=Cc1c(O)[nH]c2cccc(CCO)c12,324.33600000000007,24,1,CHEMBL58483,CHEMBL1136528,CHEMBL1136528,B
NGHCWGJHYFQFOG-WGSAOQKQSA-N,7.214670164989233,1,,0.0,CCN[C@H]1CC[C@H](Nc2cc(Nc3ccc(S(=O)(=O)N(C)C)cc3)n3ncc(C(C)C)c3n2)CC1,499.68500000000034,35,1,CHEMBL181293,CHEMBL1141971,CHEMBL1141971,B
NHCKWRFRGQYSQI-HNNXBMFYSA-N,7.3872161432802645,1,,0.0,N[C@H](CNc1nnc(-c2ccc3[nH]ncc3c2)s1)Cc1ccc(Cl)cc1,384.8960000000002,26,1,CHEMBL1081451,CHEMBL1154933,CHEMBL1154933,B
NHOACLCXCKJMAK-UHFFFAOYSA-N,5.886056647693163,1,,0.0,c1ccc2c(c1)Cc1c(-c3ccncc3)n[nH]c1-2,233.274,18,1,CHEMBL1234009,CHEMBL1240533,CHEMBL1240533,B
NHXUMHPIKLWBMN-PNDARSKBSA-N,7.095825631715837,1,,0.0,O=C(c1ccccc1[N+](=O)[O-])C1[C@H](c2cn(-c3ccccc3)nc2-c2ccccc2)[C@@H]2CC3CCCCC3N2[C@]12C(=O)Nc1ccc(Cl)cc12,684.1960000000001,50,1,CHEMBL5590319,CHEMBL5584324,CHEMBL5584324,B
NIKDKNHGEBMTNT-AWEZNQCLSA-N,6.860120913598763,1,,0.0,N[C@H](CNc1ncc(-c2ccc3[nH]c(=O)oc3c2)s1)Cc1ccc(C(F)(F)F)cc1,434.4430000000001,30,1,CHEMBL1081852,CHEMBL1154944,CHEMBL1154944,B
NINIJRDUJSFATI-UHFFFAOYSA-N,5.35232368675913,1,,0.0,CCNC(=O)N1CCC(Nc2ncc(Cl)c(-n3ccc4ccccc43)n2)CC1,398.89800000000014,28,1,CHEMBL245925,CHEMBL1139954,CHEMBL1139954,B
NJEGTXWDENZTOP-UHFFFAOYSA-N,6.605548319173783,1,,0.0,CNC(=O)c1nn(C)c2c1C(C)(C)Cc1cnc(Nc3cccc(N4CCOCC4)c3)nc1-2,447.54300000000023,33,1,CHEMBL560839,CHEMBL1151962,CHEMBL1151962,B
NJQJCBOOCSJMMO-UHFFFAOYSA-N,8.154901959985743,1,,0.0,NCCC=c1cc(-c2ccc[nH]2)c2c(O)[nH]c3ccc(F)c1c32,309.344,23,1,CHEMBL312726,CHEMBL1136123,CHEMBL1136123,B
NJVQQTPQKOLKDZ-UHFFFAOYSA-N,4.853871964321762,1,,0.0,CN(C)C(=O)c1cc2cnc(Nc3ccc(CN4CC(O)C4)cn3)nc2n1C1CCCC1,435.5320000000002,32,1,CHEMBL3654242,CHEMBL3638874,CHEMBL3638874,B
NKORVPQBJCGYEC-UHFFFAOYSA-N,8.84948500216801,2,0.21286035127455813,0.30102999566398125,NS(=O)(=O)c1ccc(Nc2nccc(-c3cnc4ccccn34)n2)cc1,366.40600000000006,26,2,CHEMBL73303,CHEMBL1142453,CHEMBL1142453|CHEMBL1806477,B
NLDYQHKBIFMHJC-UHFFFAOYSA-N,6.030258023237145,1,,0.0,c1cc(-c2cnn(CC3CC3)c2)c2cc(C3CCNCC3)[nH]c2n1,321.42800000000005,24,1,CHEMBL6148270,CHEMBL6092142,CHEMBL6092142,B
NLHJLMBCNCNHRL-UHFFFAOYSA-N,5.683953651867933,2,0.05923928320712258,0.0837769977367735,O=C1NCC2(CCCC2)n2c1cc1cnc(Nc3ccc(N4CCOCC4)nn3)nc12,420.47700000000026,31,1,CHEMBL3920345,CHEMBL3886995,CHEMBL3886995,B
NLNZVMKXWYYCKF-UHFFFAOYSA-N,8.1249387366083,1,,0.0,NS(=O)(=O)Cc1ccc(N=Cc2c(O)[nH]c3ccc4ncsc4c23)cc1,386.4580000000001,26,1,CHEMBL1964257,CHEMBL1134300,CHEMBL1134300,B
NMAZGYDYIYLSLJ-UHFFFAOYSA-N,4.958607314841775,1,,0.0,NS(=O)(=O)c1ccc(Nc2cc(OCC3CCCCC3)nc3ncnn23)cc1,402.48000000000013,28,1,CHEMBL206109,CHEMBL1138980,CHEMBL1138980,B
NMGNSIMSXTWPBG-UHFFFAOYSA-N,4.036212172654444,1,,0.0,CN(CCc1c[nH]c2ccccc12)C(=O)c1ccc(-c2ccncc2)cc1,355.44100000000003,27,1,CHEMBL457179,CHEMBL1155938,CHEMBL1155938,B
NMIBTJKGMMFLAN-UHFFFAOYSA-N,6.508638306165727,3,0.0,0.0,CN(C)c1ccc2[nH]c(O)c(C=Nc3ccc(S(N)(=O)=O)cc3)c2c1,358.42300000000006,25,3,CHEMBL272414,CHEMBL1137075,CHEMBL1134300|CHEMBL1137075|CHEMBL1143196,B
NMLLDEVPZUKFBQ-OALUTQOASA-N,7.2839966563652006,1,,0.0,Nc1nc(-c2cc(N3C[C@H](O)[C@@H](O)C3)ccc2O)cc(C2CCCCC2)n1,370.45300000000026,27,1,CHEMBL1800456,CHEMBL1799991,CHEMBL1799991,B
NMLSMKNXYWXSKI-VOTSOKGWSA-N,7.939302159646388,1,,0.0,CN(C)C/C=C/C(=O)N1CCC(C(=O)Nc2ncc(SCc3ncc(C(C)(C)C)o3)s2)CC1,491.68300000000033,33,1,CHEMBL4777844,CHEMBL4739712,CHEMBL4739712,B
NNAYMZZCUHMCGB-UHFFFAOYSA-N,5.455931955649724,1,,0.0,c1ncc(-c2cc3cnc(Nc4ccc(N5CCNCC5)cn4)nc3n2C2CCCC2)o1,430.5160000000003,32,1,CHEMBL3654243,CHEMBL3638874,CHEMBL3638874,B
NNKPEAVJHRIXJX-UHFFFAOYSA-N,4.886056647693163,1,,0.0,O=C(O)c1ccc(Br)cc1NCCc1c[nH]c2ccccc12,359.223,22,1,CHEMBL5404611,CHEMBL5380784,CHEMBL5380784,B
NNPBFSPJFKAAAF-UHFFFAOYSA-N,7.853871964321762,1,,0.0,O=S1(=O)Cc2ccc(N=Cc3c(O)[nH]c4ccc5ncsc5c34)cc2C1,383.4540000000002,26,1,CHEMBL391229,CHEMBL1134300,CHEMBL1134300,B
NNPPLWRLBHWXNQ-UHFFFAOYSA-N,5.552172725093563,2,0.053590423092189296,0.0757883031502864,CCN(CC)C1CCN(c2ccc(Nc3ncc4cc5n(c4n3)C3(CCCCC3)CNC5=O)nc2)C1,488.64000000000044,36,1,CHEMBL3899618,CHEMBL3886995,CHEMBL3886995,B
NNRGQYRRIKHXND-UHFFFAOYSA-N,8.102372908709558,3,0.0,0.0,CCc1cccc2[nH]c(O)c(N=Nc3ccc(S(N)(=O)=O)cc3)c12,344.396,24,3,CHEMBL411425,CHEMBL1137075,CHEMBL1134300|CHEMBL1137075|CHEMBL1143196,B
NNXDIGHYPZHXTR-ONEGZZNKSA-N,5.154901959985743,2,0.0,0.0,C1=C/COCc2cc(ccc2OCCN2CCCC2)Nc2nccc(n2)-c2ccc(o2)COC/1,462.5500000000002,34,2,CHEMBL2035185,CHEMBL2034857,CHEMBL2034857|CHEMBL5376015,B
NOCXREGHIRXAHY-LBPRGKRZSA-N,8.698970004336019,1,,0.0,COc1cc[nH]c1C=C1C(=O)Nc2ccc(F)c(C#C[C@@H]3CCCN3)c21,351.38100000000014,26,1,CHEMBL355631,CHEMBL5252532,CHEMBL5252532,B
NPBWMMRUXMTIRC-UHFFFAOYSA-N,5.721848749616356,2,0.03235543186553259,0.045757490560674796,Cc1nc(N=Nc2ccc(C(=O)O)cc2)c(COP(=O)(O)O)c(C=O)c1O,395.26400000000007,27,1,CHEMBL1257080,CHEMBL5380784,CHEMBL5380784,B
NPJXEUKGIZEGCB-UHFFFAOYSA-N,6.684659523372712,1,,0.0,CCC(=O)Nc1ccc(CNc2nc(NC(CO)CO)nc3c(C(C)C)cnn23)cc1,427.5090000000001,31,1,CHEMBL5555560,CHEMBL5500401,CHEMBL5500401,B
NPPBDFFMJNUJRY-UHFFFAOYSA-N,6.455931955649724,1,,0.0,COc1cccc(F)c1C(=O)Nc1c[nH]nc1C(=O)NC1CCNCC1,361.3770000000002,26,1,CHEMBL497306,CHEMBL1156543,CHEMBL1156543,B
NQGZGEDGGMEYQG-UHFFFAOYSA-N,5.0,1,,0.0,CN1CCN(c2cccc3[nH]c(-c4[nH]nc5cc(C6=CC7C=CC=NC7C=C6)ccc45)nc23)CC1,461.57300000000015,35,1,CHEMBL480384,CHEMBL1143269,CHEMBL1143269,B
NQKAFIFFMXPFFK-ZDUSSCGKSA-N,7.721246399047171,1,,0.0,Cc1[nH]nc2ccc(-c3nnc(NC[C@@H](N)Cc4ccc(F)c(F)c4)s3)cc12,400.458,28,1,CHEMBL1080913,CHEMBL1154933,CHEMBL1154933,B
NQOBQXGFENCWJP-UHFFFAOYSA-N,8.522878745280337,1,,0.0,Cc1ncc(-c2ccnc(Nc3ccc(C(N)=O)cc3)n2)n1C(C)C,336.39900000000006,25,1,CHEMBL488084,CHEMBL1152177,CHEMBL1152177,B
NREXZVOJRVRMAI-LICLKQGHSA-N,5.920818753952375,1,,0.0,Nc1ccccc1NC(=O)/C=C/c1ccc(-c2ccc3ncnc(Nc4ccc(OCc5cccc(F)c5)c(Cl)c4)c3c2)cc1,616.0960000000002,45,1,CHEMBL1630115,CHEMBL1629443,CHEMBL1629443,B
NRMPHDDNVXWXEK-UHFFFAOYSA-N,5.867284466586644,2,0.12359173600350888,0.1747851092533974,CC(C)N1CCN(Cc2ccc(Nc3ncc4cc5n(c4n3)C3(CCCCC3)CNC5=O)nc2)CC1,488.6400000000005,36,1,CHEMBL3891784,CHEMBL3886995,CHEMBL3886995,B
NSBUFSWCDJEGDQ-UHFFFAOYSA-N,4.7447274948966935,1,,0.0,CN(C)CC(O)COc1ccc(Nc2nccc(Nc3ccc(Cl)cc3)n2)cc1,413.90900000000005,29,1,CHEMBL430854,CHEMBL1136192,CHEMBL1136192,B
NSJOYQIOHVHMCZ-UHFFFAOYSA-N,6.508638306165727,3,0.09023406575583498,0.16272729749769965,COc1cc(F)ccc1-c1nc(Nc2cc(F)cc(CS(C)(=N)=O)c2)ncc1F,422.43200000000013,29,1,CHEMBL3962241,CHEMBL3886246,CHEMBL3886246,B
NSKVOJSVXKFYHW-FQEVSTJZSA-N,4.309803919971486,1,,0.0,Cc1c(N[C@H]2CCCNC2)nc2ccnn2c1Nc1ccc(C(=O)NC2CCCC2)cc1,433.5600000000003,32,1,CHEMBL2163609,CHEMBL2163300,CHEMBL2163300,B
NSRQMGVNAQLUID-UHFFFAOYSA-N,4.309803919971486,1,,0.0,CCC(C)Oc1nc(N)nc2[nH]cnc12,207.23700000000002,15,1,CHEMBL259244,CHEMBL4004788,CHEMBL4004788,B
NTOXNDUPXCOGPS-UHFFFAOYSA-N,7.356547323513812,1,,0.0,O=C(NC(=S)Nc1ccc(Cl)cc1)c1cn(-c2ccccc2)nc1-c1ccc(F)cc1,450.92600000000016,31,1,CHEMBL2426393,CHEMBL2424530,CHEMBL2424530,B
NTQUCCVMCHSPRQ-UHFFFAOYSA-N,6.357535479757878,1,,0.0,Cc1c(Br)c(=O)n(C2CCCC2)c2nc(Nc3ccc(N4CCNCC4)cc3)ncc12,483.4140000000002,31,1,CHEMBL189937,CHEMBL3603804,CHEMBL3603804,B
NTSDIJMNXYJJNG-SFHVURJKSA-N,8.698970004336019,1,,0.0,CN[C@H]1CCN(C(=O)c2ccc(Nc3ncc(F)c(-c4cnc(C)n4C(C)C)n3)cc2)C1,437.52300000000025,32,1,CHEMBL455657,CHEMBL1152195,CHEMBL1152195,B
NTUMJMHWGWBERQ-UHFFFAOYSA-N,6.801342913045577,1,,0.0,CC(C)(C)c1cnc(CSc2cnc(NC3CCCC(N)C3)s2)o1,366.55600000000015,24,1,CHEMBL505474,CHEMBL1143434,CHEMBL1143434,B
NUDSGDYZHKNNPW-UHFFFAOYSA-N,7.468776700692915,2,0.00036149806786053883,0.0005112354703404876,O=C(Nc1cc(C2CC2)[nH]n1)c1ccc(Br)cc1,306.163,18,1,CHEMBL115319,CHEMBL1140962,CHEMBL1140962,B
NUTHTHBJRHLFCA-UHFFFAOYSA-N,6.199998172182031,1,,0.0,COc1ccc(-c2ocnc2C(=O)NCc2ccnc(Cl)c2)cc1Cl,378.21500000000003,25,1,CHEMBL1957102,CHEMBL1955730,CHEMBL1955730,B
NVRIZFZJZGOIOM-UHFFFAOYSA-N,7.045757490560675,1,,0.0,CCC(Nc1nc(NCc2cccnc2)c2ncn(C(C)C)c2n1)C(O)C(F)(F)F,423.4430000000001,30,1,CHEMBL3655777,CHEMBL3638727,CHEMBL3638727,B
NVVASLWKXTZLJN-UHFFFAOYSA-N,5.6777807052660805,1,,0.0,Nc1ccccc1NC(=O)c1ccc(-c2ccc3ncnc(Nc4ccc(OCc5cccc(F)c5)c(Cl)c4)c3c2)s1,596.0870000000002,42,1,CHEMBL1630112,CHEMBL1629443,CHEMBL1629443,B
NVVRIZGTMNCPSN-NSCUHMNNSA-N,6.065501548756432,1,,0.0,COc1ccc2cc1COC/C=C/COCc1cccc(c1)-c1ccnc(n1)N2,389.45500000000004,29,1,CHEMBL5416999,CHEMBL5376015,CHEMBL5376015,B
NWIYVWKNSRTHFA-UHFFFAOYSA-N,7.7594507517174005,1,,0.0,NS(=O)(=O)c1ccc(Nc2cc(-c3ccc(F)cc3)[nH]n2)cc1,332.35999999999996,23,1,CHEMBL103382,CHEMBL1136197,CHEMBL1136197,B
NWMOJGWJNSLCBU-UHFFFAOYSA-N,5.980304839216885,2,0.253090383139877,0.3579238523426165,CCN(CC)C1CCN(C2CCN(c3ccc(Nc4ncc5cc6n(c5n4)C4(CCCCC4)CNC6=O)nc3)CC2)C1,571.7740000000002,42,1,CHEMBL3890659,CHEMBL3886995,CHEMBL3886995,B
NWQHTOFIQMYFRC-UHFFFAOYSA-N,7.0,1,,0.0,CNC(=O)Nc1ccc(-c2cc(-c3ccnc(Nc4cccc(S(=O)(=O)NC)c4)n3)ccn2)cc1,489.56100000000015,35,1,CHEMBL2158859,CHEMBL2157945,CHEMBL2157945,B
NWXGFDVFXJMUDD-UHFFFAOYSA-N,6.0,1,,0.0,COCCn1cc(NC(=O)c2csc(-c3nncn3C(C)C)n2)cn1,361.43100000000004,25,1,CHEMBL4073198,CHEMBL4007491,CHEMBL4007491,B
NXJKCQVESZBNDC-CJNGLKHVSA-N,7.309894379144197,2,0.5502360259350656,0.7781512503836439,CC[C@H](Nc1nc(NCc2cccc(F)c2)c2ncn(C(C)C)c2n1)[C@@H](C)O,386.47500000000014,28,1,CHEMBL3655765,CHEMBL3638727,CHEMBL3638727,B
NXJOGINZFZUJPP-JXMROGBWSA-N,7.537602002101044,1,,0.0,CN(C)C/C=C/C(=O)Nc1cccc(C(=O)Nc2ncc(SCc3ncc(C(C)(C)C)o3)s2)c1,499.66200000000026,34,1,CHEMBL4786429,CHEMBL4739712,CHEMBL4739712,B
NXMIQKJGFTVADM-UHFFFAOYSA-N,7.347753658996677,1,,0.0,CC1(C)CCc2nc3c(F)cc(-c4nc(Nc5ccc(OCC6CCN(CCCO)CC6)cn5)ncc4F)cc3n21,563.6530000000004,41,1,CHEMBL5941236,CHEMBL5729140,CHEMBL5729140,B
NXZVLIWBXMLTSL-UHFFFAOYSA-N,7.130768280269024,1,,0.0,Cn1nc(C(=O)NCCO)c2c1-c1nc(Nc3ccccc3)ncc1CC2,364.40900000000016,27,1,CHEMBL538195,CHEMBL1151962,CHEMBL1151962,B
NYAGCZSLJIRCHU-UHFFFAOYSA-N,6.6020599913279625,1,,0.0,Cc1cc(N2CCCS2(=O)=O)c2oc(-c3ccc(O)cc3)c(O)c(=O)c2c1,387.4130000000001,27,1,CHEMBL232749,CHEMBL1148833,CHEMBL1148833,B
NYDFVFWQQZXRJN-JOCQHMNTSA-N,8.397940008672037,1,,0.0,N#Cc1cnn2c(Nc3ccc(F)c(Cl)c3)cc(N[C@H]3CC[C@H](N)CC3)nc12,399.8610000000002,28,1,CHEMBL2163997,CHEMBL2163300,CHEMBL2163300,B
NYJBTSYJXIHYOP-UHFFFAOYSA-N,6.721246399047171,3,0.07503579789102757,0.14612803567823818,COc1cc(CS(C)(=N)=O)cc(Nc2ncc(F)c(-c3ccc(F)cc3OC)n2)c1,434.4680000000002,30,1,CHEMBL3960677,CHEMBL3886246,CHEMBL3886246,B
NYMCPPOTJXQMEJ-UHFFFAOYSA-N,7.229147988357855,1,,0.0,O=C(NC(=S)Nc1ccc(F)cc1)c1cn(-c2ccccc2)nc1-c1ccc(Cl)cc1,450.92600000000016,31,1,CHEMBL2426388,CHEMBL2424530,CHEMBL2424530,B
NYOFHLULMCQJHO-UHFFFAOYSA-N,6.154901959985743,1,,0.0,CCCOc1ccc(CN=Cc2c(=O)[nH]c(O)c3ccc(I)cc23)[nH]c1=O,479.27400000000006,27,1,CHEMBL477863,CHEMBL1153424,CHEMBL1153424,B
NYQAYVWQCAKOAI-UHFFFAOYSA-N,5.0,1,,0.0,COc1ccccc1-c1ccc2c(-c3nc4c(N5CCN(C)CC5)cccc4[nH]3)[nH]nc2c1,438.53500000000014,33,1,CHEMBL516244,CHEMBL1143269,CHEMBL1143269,B
NYYMLWAYQLILSL-UHFFFAOYSA-N,5.499999678657065,1,,0.0,COc1ccc(-c2ocnc2C(=O)NCCc2ccncc2)cc1Cl,357.797,25,1,CHEMBL1957230,CHEMBL1955730,CHEMBL1955730,B
NYYOXMWJWCGLQX-UHFFFAOYSA-N,4.698970004336019,1,,0.0,OCCn1cnc2c(NCc3ccccc3)nc(NCc3ccc(Br)cc3)nc21,453.3440000000001,29,1,CHEMBL513336,CHEMBL1149915,CHEMBL1149915,B
NZUWPUWPWYAAFJ-GHXNOFRVSA-N,5.031517051446064,1,,0.0,N=C1NC(=O)/C(=C/c2ccc(-c3ccc(C(N)=O)cc3)o2)S1,313.338,22,1,CHEMBL233765,CHEMBL1149560,CHEMBL1149560,B
NZVVXITYPLCRRD-UHFFFAOYSA-N,4.953254136494534,2,0.030320736289246766,0.04287999648139085,Cn1cc(C2=C(c3coc4cc(CO)ccc34)C(=O)NC2=O)c2cc(F)c(Cl)cc21,424.8150000000001,30,1,CHEMBL522590,CHEMBL1153825,CHEMBL1153825,B
NZYLQCXLZVYEQE-UHFFFAOYSA-N,7.130768280269024,3,0.0,0.0,Nc1ccc2[nH]c(O)c(N=Nc3ccc(S(N)(=O)=O)cc3)c2c1,331.357,23,3,CHEMBL271842,CHEMBL1137075,CHEMBL1134300|CHEMBL1137075|CHEMBL1143196,B
OAAHCIALZYFQLH-UHFFFAOYSA-N,6.6020599913279625,3,0.060043155000423884,0.11997531707674902,CCS(=N)(=O)Cc1cc(F)cc(Nc2ncc(F)c(-c3ccc(F)cc3OC)n2)c1,436.4590000000002,30,1,CHEMBL3917892,CHEMBL3886246,CHEMBL3886246,B
OAAPSDVPLURZJC-UHFFFAOYSA-N,6.503070351926786,1,,0.0,c1cc2c(-c3ccnc4[nH]ccc34)c[nH]c2cn1,234.262,18,1,CHEMBL3421981,CHEMBL3421608,CHEMBL3421608,B
OAFSEOBYSMNKHG-UHFFFAOYSA-N,6.544393887418133,1,,0.0,O=C(Nc1ccccc1)N1CCN(c2nnc(Cc3ccccc3)c3ccccc23)CC1,423.5200000000001,32,1,CHEMBL5398705,CHEMBL5352421,CHEMBL5352421,B
OAHVODOTYKJQAZ-IBGZPJMESA-N,6.838631997765026,1,,0.0,N[C@H]1CCN(c2c3cc(-c4ccnc(NC(=O)C5CC5)c4)ccc3nc3c2[nH]c2ccccc23)C1,462.5570000000002,35,1,CHEMBL6176478,CHEMBL6134823,CHEMBL6134823,B
OALHHIHQOFIMEF-UHFFFAOYSA-N,4.612741517135725,2,0.22176220856328005,0.31361912297200156,O=C1OC2(c3ccccc31)c1cc(I)c(O)c(I)c1Oc1c2cc(I)c(O)c1I,835.8950000000001,29,1,CHEMBL1332616,CHEMBL5380784,CHEMBL5380784,B
OAPSKQCSGQNNJG-UHFFFAOYSA-N,4.6777807052660805,1,,0.0,Cn1cc(CCNc2ccc([N+](=O)[O-])cc2C(=O)O)c2ccccc21,339.35100000000006,25,1,CHEMBL5394312,CHEMBL5380784,CHEMBL5380784,B
OCBFHTQGXPIABP-UHFFFAOYSA-N,7.318758762624412,1,,0.0,CC(C)(C)c1coc(CSc2cnc(NC(=O)C3CCNCC3)s2)n1,380.53900000000016,25,1,CHEMBL5273925,CHEMBL5230096,CHEMBL5230096,B
OCBSRJOAZOWGSW-UHFFFAOYSA-N,5.0,1,,0.0,COc1cc(F)ccc1-c1ccc2c(-c3nc4c(N5CCN(C)CC5)cccc4[nH]3)[nH]nc2c1,456.5250000000002,34,1,CHEMBL482350,CHEMBL1143269,CHEMBL1143269,B
ODCJFPOGXDCLCK-UHFFFAOYSA-N,5.047207556955907,1,,0.0,N#CC1(CNc2cccc(-c3cc(Nc4cnn(CCCCCCC(O)=NO)c4)ncc3Cl)n2)CCOCC1,553.0670000000001,39,1,CHEMBL5598550,CHEMBL5584345,CHEMBL5584345,B
ODCSBSWHVYIKSJ-UHFFFAOYSA-N,5.075720713938118,1,,0.0,O=c1[nH]c(O)c(C=NCc2ccc(-c3ccco3)c(O)c2)c2cc(I)ccc12,486.2650000000002,28,1,CHEMBL477877,CHEMBL1153424,CHEMBL1153424,B
ODDISVVZPVDGCA-UHFFFAOYSA-N,5.919012953089113,1,,0.0,COc1ccccc1-c1cccc(Nc2cccc(N3CCCNCC3)c2)n1,374.4880000000002,28,1,CHEMBL5570843,CHEMBL5543128,CHEMBL5543128,B
ODZNFTDJLNIURO-UHFFFAOYSA-N,7.795880017344075,1,,0.0,Nc1ccc(CC(=O)Nc2[nH]nc3ccc(N4CCCS4(=O)=O)cc23)cc1,385.4490000000002,27,1,CHEMBL255932,CHEMBL1141545,CHEMBL1141545,B
OEMURATYWKELKJ-UHFFFAOYSA-N,4.852014679316195,1,,0.0,COc1cc(N2CCN(C(C)=O)CC2)ccc1Nc1cc(-c2c[nH]c3cnccc23)ncn1,443.51100000000014,33,1,CHEMBL3421964,CHEMBL3421608,CHEMBL3421608,B
OEOVBBKVSXNPSX-ONEGZZNKSA-N,6.638272163982407,1,,0.0,C1=C/Cn2ccc3ccc(cc32)-c2ccnc(n2)Nc2ccc(OCCN3CCCC3)c(c2)COC/1,481.6000000000005,36,1,CHEMBL2035049,CHEMBL2034857,CHEMBL2034857,B
OFEARPZEWOLQGZ-UHFFFAOYSA-N,6.7281583934635005,1,,0.0,COc1ccc(-c2nc3c(NCCCN(C)C(=O)C4CCC4)c(Br)cnc3[nH]2)cc1,472.3870000000001,30,1,CHEMBL2011934,CHEMBL2010664,CHEMBL2010664,B
OFKPBSZSSNDQJL-WGSAOQKQSA-N,8.397940008672037,1,,0.0,CN(C)S(=O)(=O)c1ccc(Nc2cc(N[C@H]3CC[C@H](N)CC3)nc3c(C4CCCC4)cnn23)cc1,497.66900000000044,35,1,CHEMBL178179,CHEMBL1141971,CHEMBL1141971,B
OFOKNGAIALWCMY-UHFFFAOYSA-N,5.903089986991944,1,,0.0,Cc1nc2c(F)cc(-c3nc(Nc4ccc5c(n4)CC[N+]([O-])(CC[N+](C)(C)[O-])C5)ncc3F)cc2n1C1CC1,536.5870000000002,39,1,CHEMBL5836560,CHEMBL5727719,CHEMBL5727719,B
OGLNGEVLSGWBEB-UHFFFAOYSA-N,5.552841968657781,1,,0.0,c1ncc(-c2cc3cnc(Nc4ccc(CN5CCNCC5)cn4)nc3n2C2CCCC2)o1,444.5430000000003,33,1,CHEMBL3654250,CHEMBL3638874,CHEMBL3638874,B
OGQLDQMZYSIOND-UHFFFAOYSA-N,6.7447274948966935,1,,0.0,COc1cc(F)ccc1-c1nc(Nc2cc(Cl)cc(CS(C)(=N)=O)c2)ncc1F,438.8870000000001,29,1,CHEMBL3981911,CHEMBL3886246,CHEMBL3886246,B
OGRGRBGYCZWQRA-UHFFFAOYSA-N,7.229147988357855,1,,0.0,CNC(=O)c1nn(C)c2c1C(C)(C)Cc1cnc(Nc3ccc(N(C)C)cc3)nc1-2,405.5060000000001,30,1,CHEMBL560301,CHEMBL1151962,CHEMBL1151962,B
OHDQHRAKDCCIMS-UHFFFAOYSA-N,6.698970004336019,1,,0.0,CN(C)CC(O)COc1ccc(Nc2ncc(Br)c(N(CCCC(F)(F)F)c3ccccc3)n2)cc1,568.4380000000002,36,1,CHEMBL419720,CHEMBL1136192,CHEMBL1136192,B
OHNWBGGGJMOKIX-SFHVURJKSA-N,7.936291440608583,1,,0.0,N[C@H]1CCN(c2c3c(nc4ccc(-c5ccnc(NC(=O)C6CC6)n5)cc24)CCCCC3)C1,442.56700000000046,33,1,CHEMBL5416114,CHEMBL5543128,CHEMBL5543128,B
OIQZLVBXHSEFQP-UHFFFAOYSA-N,6.517126416391246,3,0.07683173465011411,0.13307646804764772,Cc1nc2c(F)cc(-c3nc(Nc4ccc5c(n4)CCN(C(=O)CN(C)C)C5)ncc3F)cc2n1C1CC1,518.5720000000002,38,2,CHEMBL5932825,CHEMBL5727719,CHEMBL5727719|CHEMBL5728430,B
OIWYLNVPMZPVEK-UHFFFAOYSA-N,7.886056647693163,1,,0.0,Cc1c(C(=O)NCCc2ccc(N3CCCC3C)cc2)[nH]c2ccc(Cl)cc12,395.934,28,1,CHEMBL5267773,CHEMBL5252675,CHEMBL5252675,B
OJRJASQFNLOAKZ-LJQANCHMSA-N,8.0,1,,0.0,O=C(N[C@H](CO)c1ccc(Cl)c(F)c1)N1CCc2cnc(NC3CCOCC3)nc2C1,449.9140000000003,31,1,CHEMBL3298678,CHEMBL3297705,CHEMBL3297705,B
OKVAXHZNBTZJCB-GHMZBOCLSA-N,8.522878745280337,1,,0.0,C[C@@H](O)[C@@H](C)Oc1nc(Nc2ccc(S(=O)(=O)CCO)cc2)ncc1C(F)(F)F,435.42400000000015,29,1,CHEMBL3644026,CHEMBL3639233,CHEMBL3639233,B
OLIMHWOZGCDGAN-QAQDUYKDSA-N,6.585026652029182,1,,0.0,N[C@H]1CC[C@H](Nc2cc(Nc3ccc(S(=O)(=O)c4ccccc4)cc3)n3ncnc3n2)CC1,463.5670000000002,33,1,CHEMBL382607,CHEMBL1138980,CHEMBL1138980,B
OLSJFKRZJSIFMG-UHFFFAOYSA-N,5.300000202445418,1,,0.0,COCc1ccccc1-c1c[nH]c(=O)c2cc(-c3ccncc3)sc12,348.427,25,1,CHEMBL1809118,CHEMBL1806471,CHEMBL1806471,B
OLSYHLURTGEIBH-UHFFFAOYSA-N,5.10744190248904,2,0.09402157719173958,0.13296658962026697,O=c1c(O)cccc2ccc(O)c(O)c12,204.18099999999998,15,1,CHEMBL3964783,CHEMBL5380784,CHEMBL5380784,B
OLUKILHGKRVDCT-UHFFFAOYSA-N,7.823908740944319,1,,0.0,O=C1Cc2c([nH]c3ccc([N+](=O)[O-])cc23)-c2ccccc2N1,293.282,22,1,CHEMBL50894,CHEMBL1240533,CHEMBL1240533,B
OMCNPZUKTXGTFK-UHFFFAOYSA-N,8.0,1,,0.0,NS(=O)(=O)c1ccc(Nc2cc(-c3ccc(Br)cc3)[nH]n2)cc1,393.266,23,1,CHEMBL319903,CHEMBL1136197,CHEMBL1136197,B
OMJIKMBHYTTXTC-UHFFFAOYSA-N,5.431798275933005,2,0.0,0.0,Nc1nccc(-n2ccc3cnccc32)n1,211.228,16,2,CHEMBL2348168,CHEMBL2346586,CHEMBL2346586|CHEMBL6134833,B
ONAKMDBQGGEZMO-UHFFFAOYSA-N,8.0,1,,0.0,NC(=O)Cn1nc(C(N)=O)c2c1-c1nc(Nc3ccccc3)ncc1CC2,363.38100000000014,27,1,CHEMBL1171948,CHEMBL1177807,CHEMBL1177807,B
ONAOYFWOLYWDEY-UHFFFAOYSA-N,5.698970004336019,1,,0.0,O=C(Cc1ccccc1)Nc1[nH]nc2ccc([N+](=O)[O-])cc12,296.286,22,1,CHEMBL257624,CHEMBL1141545,CHEMBL1141545,B
ONDLPAJKNFWPJO-UHFFFAOYSA-N,6.634512015109101,1,,0.0,CC(=O)N1CCC(n2ncc(Nc3ncc(Cl)c(-c4cnc5ccccn45)n3)c2C)CC1,450.93400000000025,32,1,CHEMBL3822583,CHEMBL3822394,CHEMBL3822394,B
OPBOOIFXQHPAPJ-UHFFFAOYSA-N,5.262164405837785,2,0.10617598993274796,0.15015552496128137,Nc1c(S(=O)(=O)O)cc(Nc2ccccc2)c2c1C(=O)c1ccccc1C2=O,394.4080000000002,28,1,CHEMBL256057,CHEMBL5380784,CHEMBL5380784,B
OPQGFIAVPSXOBO-UHFFFAOYSA-N,6.096910013008056,1,,0.0,CC(C)n1cnc2c(NCc3ccccc3)nc(NCCCO)nc21,340.43100000000015,25,1,CHEMBL83980,CHEMBL1133758,CHEMBL1133758,B
OPZCPKBSWZFNRM-UHFFFAOYSA-N,7.853871964321762,1,,0.0,Cc1nc2c(F)cc(-c3nc(Nc4ccc5c(n4)CCN(CC=NO)C5)ncc3F)cc2n1C(C)(C)C,506.56100000000026,37,1,CHEMBL6026840,CHEMBL5727719,CHEMBL5727719,B
OPZYOZIXBOTMIQ-IBGZPJMESA-N,5.274544586985639,2,0.08467521962656893,0.11974884399281382,CC(C)N1CCN(c2ccc(Nc3ncc4cc5n(c4n3)C3(CCCCC3)CNC5=O)nc2)C[C@@H]1C,488.64000000000044,36,1,CHEMBL3910976,CHEMBL3886995,CHEMBL3886995,B
OPZYOZIXBOTMIQ-LJQANCHMSA-N,5.585357764787448,2,0.3414703029648616,0.4829119336005574,CC(C)N1CCN(c2ccc(Nc3ncc4cc5n(c4n3)C3(CCCCC3)CNC5=O)nc2)C[C@H]1C,488.64000000000044,36,1,CHEMBL4109276,CHEMBL3886995,CHEMBL3886995,B
OPZYOZIXBOTMIQ-UHFFFAOYSA-N,5.476869509903938,2,0.04691230738243393,0.0663440213424531,CC(C)N1CCN(c2ccc(Nc3ncc4cc5n(c4n3)C3(CCCCC3)CNC5=O)nc2)CC1C,488.64000000000044,36,1,CHEMBL3931143,CHEMBL3886995,CHEMBL3886995,B
OQEFZDKDXVHSRX-UHFFFAOYSA-N,7.443697499232712,1,,0.0,COc1ccc(NC(=S)NC(=O)c2cn(-c3ccccc3)nc2-c2ccc(F)cc2)cc1,446.5070000000001,32,1,CHEMBL2426391,CHEMBL2424530,CHEMBL2424530,B
OQUASBDHCWBKGD-UHFFFAOYSA-N,6.853871964321762,1,,0.0,CNC(=O)Nc1ccc(-c2cc(-c3ccnc(Nc4ccc(Cl)c(S(=O)(=O)NC)c4)n3)ccn2)cc1,524.0060000000002,36,1,CHEMBL2158864,CHEMBL2157945,CHEMBL2157945,B
ORZSTHMXZBZWIN-UHFFFAOYSA-N,8.045757490560675,1,,0.0,O=C(Cc1ccc2ccccc2c1)Nc1[nH]nc2ccc(N3CCCS3(=O)=O)cc12,420.49400000000026,30,1,CHEMBL254979,CHEMBL1141545,CHEMBL1141545,B
OSCWQKTUILTARV-UHFFFAOYSA-N,4.455931955649724,2,0.0,0.0,CN(C)CC(O)COc1ccc(Nc2cc(Nc3cc(C(F)(F)F)ccc3F)ncn2)cc1,465.4510000000001,33,2,CHEMBL101557,CHEMBL1136192,CHEMBL1136191|CHEMBL1136192,B
OSOVLHOKGZLVLY-UHFFFAOYSA-N,5.958607314841775,1,,0.0,COc1ccc(CN=Cc2c(=O)[nH]c(O)c3ccc(-c4ccoc4)cc23)cc1O,390.39500000000015,29,1,CHEMBL489853,CHEMBL1153424,CHEMBL1153424,B
OSTSMXLBOZDZHJ-RUZDIDTESA-N,6.095825631715837,1,,0.0,O=C(Nc1[nH]nc2ccc(-c3cncc(NC[C@@H](O)c4ccccc4)c3)cc12)c1ccccc1,449.5140000000001,34,1,CHEMBL5276424,CHEMBL5236590,CHEMBL5236590,B
OSTSMXLBOZDZHJ-VWLOTQADSA-N,6.570247719997592,1,,0.0,O=C(Nc1[nH]nc2ccc(-c3cncc(NC[C@H](O)c4ccccc4)c3)cc12)c1ccccc1,449.5140000000001,34,1,CHEMBL5281785,CHEMBL5236590,CHEMBL5236590,B
OSYGWSQOIPWVAM-UHFFFAOYSA-N,5.886056647693163,1,,0.0,O=c1cc(CN=Cc2c(=O)[nH]c(O)c3ccc(C4CCCC4)cc23)[nH]cc1-c1ccoc1,429.4760000000001,32,1,CHEMBL490240,CHEMBL1153424,CHEMBL1153424,B
OTCJMZXMPRAJEN-UHFFFAOYSA-N,4.154901959985743,1,,0.0,Cc1ccc(-c2ccc(C(=O)N(C)CCc3c[nH]c4ccccc34)cc2)cc1,368.48,28,1,CHEMBL525921,CHEMBL1155938,CHEMBL1155938,B
OTCLOCMUCBILAR-UHFFFAOYSA-N,8.346787486224656,1,,0.0,COCCOCCOCCOCCNS(=O)(=O)c1ccc(N=Cc2c(O)[nH]c3ccc4ncsc4c23)cc1,562.6700000000001,38,1,CHEMBL1964250,CHEMBL1134300,CHEMBL1134300,B
OTEUBDUXVNFEFC-UHFFFAOYSA-N,8.55284196865778,3,0.0,0.0,NS(=O)(=O)c1ccc(N=Cc2c(O)[nH]c3ccc4ncsc4c23)cc1,372.4310000000001,25,3,CHEMBL1794055|CHEMBL271595,CHEMBL1137075,CHEMBL1134300|CHEMBL1137075|CHEMBL1143196,B
OTPNDVKVEAIXTI-IYBDPMFKSA-N,6.267606240177031,1,,0.0,O=C1NC(=O)c2c1c1c3ccccc3n3c1c1c2c2ccccc2n1[C@H]1CC[C@@H]3O1,393.40200000000016,30,1,CHEMBL289422,CHEMBL1146650,CHEMBL1146650,B
OTYOSKLKYVXQAT-UHFFFAOYSA-N,6.309803919971486,1,,0.0,NS(=O)(=O)c1ccc(Nc2cc(-c3cccc(N4CCOCC4)c3)[nH]n2)cc1,399.47600000000017,28,1,CHEMBL103039,CHEMBL1136197,CHEMBL1136197,B
OUFGAEIXDBKNPC-UHFFFAOYSA-N,7.734490583895604,4,1.1138177369267557,1.9294189257142929,CC(C(=O)Nc1cc(C2CC2)[nH]n1)c1ccc(N2Cc3ccccc3C2=O)cc1,386.4550000000001,29,1,CHEMBL190446|CHEMBL192126,CHEMBL1140962,CHEMBL1140962,B
OUKYUETWWIPKQR-UHFFFAOYSA-N,5.0,1,,0.0,CN1CCN(CCOc2cc(OC3CCOCC3)c3c(Nc4c(Cl)ccc5c4OCO5)ncnc3c2)CC1,542.0360000000002,38,1,CHEMBL217092,CHEMBL1137334,CHEMBL1137334,B
OUSFTKFNBAZUKL-UHFFFAOYSA-N,7.24601812122771,12,0.25787689604034447,0.6925222477852762,CC(C)(C)c1cnc(CSc2cnc(NC(=O)C3CCNCC3)s2)o1,380.53900000000016,25,7,CHEMBL296468,CHEMBL1143434,CHEMBL1143434|CHEMBL1152130|CHEMBL4270504|CHEMBL4402527|CHEMBL5143610|CHEMBL5715952|CHEMBL6121063,B
OVACCXPNQSWBBB-UHFFFAOYSA-N,7.455931955649724,1,,0.0,O=C1Nc2cc3c(O)cccc3c3c4c(cc1c23)OCO4,279.25100000000003,21,1,CHEMBL609040,CHEMBL1156890,CHEMBL1156890,B
OVPNQJVDAFNBDN-UHFFFAOYSA-N,7.327902142064282,6,0.2743828015266811,0.672097857935718,O=C(NC1CCNCC1)c1[nH]ncc1NC(=O)c1c(Cl)cccc1Cl,382.2510000000001,25,6,CHEMBL445813|CHEMBL5440428,CHEMBL1156543,CHEMBL1156543|CHEMBL4270504|CHEMBL4699469|CHEMBL5230096|CHEMBL5321218|CHEMBL6134823,B
OVSXVWXYBBOHGF-UHFFFAOYSA-N,6.200659450546418,1,,0.0,COc1cc(F)ccc1-c1nc(Nc2cc(CS(C)(=O)=NC#N)cc(C(F)(F)C(F)(F)F)c2)ncc1F,547.4560000000001,37,1,CHEMBL3984385,CHEMBL3886246,CHEMBL3886246,B
OVYIYNNLJLEXCW-GOSISDBHSA-N,7.385313657717988,1,,0.0,CCC(=O)Nc1ccc(CNc2nc(O[C@@H]3CCCNC3)nc3c(C(C)C)cnn23)cc1,437.5480000000001,32,1,CHEMBL5532236,CHEMBL5500401,CHEMBL5500401,B
OVYIYNNLJLEXCW-SFHVURJKSA-N,6.156393528075489,1,,0.0,CCC(=O)Nc1ccc(CNc2nc(O[C@H]3CCCNC3)nc3c(C(C)C)cnn23)cc1,437.5480000000001,32,1,CHEMBL5505818,CHEMBL5500401,CHEMBL5500401,B
OWHMMNCEQSPPJR-UHFFFAOYSA-N,6.229147988357855,1,,0.0,Cc1nn2c(-c3ccc(Br)cc3)ccnc2c1C(N)=NO,346.1880000000001,21,1,CHEMBL5641843,CHEMBL5634157,CHEMBL5634157,B
OWLZQWZFSLKVIT-SFHVURJKSA-N,6.458420756053419,1,,0.0,N[C@H](CNc1nnc(-c2ccc3cnccc3c2)o1)Cc1ccc(C(F)(F)F)cc1,413.40300000000013,30,1,CHEMBL1081119,CHEMBL1154944,CHEMBL1154944,B
OWXORKPNCHJYOF-UHFFFAOYSA-N,8.17956061064919,6,0.7391664053080452,1.6989700043360187,NS(=O)(=O)c1ccc(Nc2nc(OCC3CCCCC3)c3[nH]cnc3n2)cc1,402.48000000000013,28,6,CHEMBL319467,CHEMBL1136212,CHEMBL1136212|CHEMBL1138980|CHEMBL1149496|CHEMBL4004788|CHEMBL4613207|CHEMBL5252519,B
OXICUMLYVMEXBW-UHFFFAOYSA-N,9.0,1,,0.0,NCCCn1nc(C(N)=O)c2c1-c1nc(Nc3ccccc3)ncc1CC2,363.4250000000001,27,1,CHEMBL1171950,CHEMBL1177807,CHEMBL1177807,B
OXTDGTVIBFENNG-DAFODLJHSA-N,6.568636235841012,1,,0.0,C1=C/COCc2cc(ccc2OCCN2CCCC2)Nc2nccc(n2)-c2ccnc(c2)OCC/1,473.57700000000017,35,1,CHEMBL2035052,CHEMBL2034857,CHEMBL2034857,B
OXUJEFSIVFXBIB-ROUUACIJSA-N,6.698970004336019,1,,0.0,Nc1nc(-c2cc(N3C[C@H](O)[C@@H](O)C3)ccc2O)cc(C2CCNCC2)n1,371.4410000000002,27,1,CHEMBL1800459,CHEMBL1799991,CHEMBL1799991,B
OXVRYVDABLVQCW-UHFFFAOYSA-N,7.468521082957745,1,,0.0,Cc1c(C(=O)NCCc2ccc(F)cc2)[nH]c2cc(F)ccc12,314.33500000000004,23,1,CHEMBL5280144,CHEMBL5252675,CHEMBL5252675,B
OZHSZLCNRSFFOM-UHFFFAOYSA-N,5.508638306165727,1,,0.0,COc1cc(C(=O)N2CCCC2)ccc1-c1ccnc2[nH]c(-c3ccc(CN4CCOCC4)cc3)nc12,497.59900000000033,37,1,CHEMBL5173041,CHEMBL5096204,CHEMBL5096204,B
OZOUTOVDXHHQIZ-UHFFFAOYSA-N,8.698970004336019,1,,0.0,Cc1ncc(-c2nc(Nc3ccc(C(=O)N(C)C)cc3)ncc2F)n1C(C)C,382.4430000000001,28,1,CHEMBL453862,CHEMBL1152177,CHEMBL1152177,B
OZWPBBYNOKRDFB-LFIBNONCSA-N,6.070581074285707,1,,0.0,Nc1ccccc1NC(=O)/C=C/c1cccc(-c2ccc3ncnc(Nc4ccc(OCc5cccc(F)c5)c(Cl)c4)c3c2)c1,616.0960000000002,45,1,CHEMBL1630114,CHEMBL1629443,CHEMBL1629443,B
PADIFGYTAXNCRK-UHFFFAOYSA-N,4.6020599913279625,1,,0.0,COc1cc(O)cc2c1cc([N+](=O)[O-])c1c(C(=O)O)cc3c(c12)OCO3,357.2740000000001,26,1,CHEMBL604748,CHEMBL1156890,CHEMBL1156890,B
PAEDTQQTYBULPN-SNVBAGLBSA-N,8.008864383480216,2,0.12451532338594933,0.17609125905568135,C[C@@H](Oc1nc(Nc2ccc(S(C)(=O)=O)cc2)ncc1C(F)(F)F)C(C)(C)O,419.42500000000007,28,1,CHEMBL3644034,CHEMBL3639233,CHEMBL3639233,B
PAICWQZQWHFNIR-UHFFFAOYSA-N,7.6020599913279625,1,,0.0,C#CCOc1nc(Nc2ccc(S(C)(=O)=O)cc2)ncc1C(F)(F)F,371.34000000000003,25,1,CHEMBL3644028,CHEMBL3639233,CHEMBL3639233,B
PAJUGXUVYBQAGG-UHFFFAOYSA-N,5.774690718274137,1,,0.0,CC(=O)N1CCC(n2nc(C)c(Nc3ncc(Cl)c(-c4cnc5ccccn45)n3)c2C)CC1,464.96100000000024,33,1,CHEMBL3823929,CHEMBL3822394,CHEMBL3822394,B
PBCZSGKMGDDXIJ-KRUBCLEUSA-N,7.522878745280337,1,,0.0,CN[C@@H]1C[C@H]2O[C@@](C)([C@@H]1OC)n1c3ccccc3c3c4c(c5c6ccccc6n2c5c31)C(=O)N[C@H]4O,482.54000000000025,36,1,CHEMBL574737,CHEMBL3046684,CHEMBL3046684,B
PBDNNWWYSHCMCH-NRFANRHFSA-N,7.987162775294828,2,0.0,0.0,Cc1nc2c(F)cc(-c3nc(Nc4ccc5c(n4)CCN(C[C@@H]4CN(C)CCO4)C5)ncc3F)cc2n1C(C)(C)C,562.6690000000002,41,2,CHEMBL5774332,CHEMBL5727719,CHEMBL5727719|CHEMBL5728430,B
PBDNNWWYSHCMCH-OAQYLSRUSA-N,7.787812395596042,2,0.0,0.0,Cc1nc2c(F)cc(-c3nc(Nc4ccc5c(n4)CCN(C[C@H]4CN(C)CCO4)C5)ncc3F)cc2n1C(C)(C)C,562.6690000000002,41,2,CHEMBL5869281,CHEMBL5727719,CHEMBL5727719|CHEMBL5728430,B
PCSKJPPAHVCSPT-UHFFFAOYSA-N,4.4089353929735005,1,,0.0,Cc1ccccc1Nc1cc(Nc2ccc(OCC(O)CN(C)C)cc2)ncn1,393.4910000000001,29,1,CHEMBL418793,CHEMBL1136191,CHEMBL1136191,B
PCSNHSCJJFGAOB-UHFFFAOYSA-N,5.2441251443275085,1,,0.0,CN(C)C(=O)c1cccc(-c2cnc(N)c(-c3nc4ccccc4[nH]3)c2)c1,357.417,27,1,CHEMBL3797574,CHEMBL3797138,CHEMBL3797138,B
PDGKHKMBHVFCMG-UHFFFAOYSA-N,7.278587720406181,4,1.7320514622514769,3.0026083831075283,CN1CCN(c2ccc(Nc3ncc4cc5n(c4n3)C3(CCCCC3)CNC5=O)nc2)CC1,446.55900000000037,33,1,CHEMBL3894860,CHEMBL3886995,CHEMBL3886995,B
PEMNVVTZKGRLSX-UHFFFAOYSA-N,7.627087997029894,1,,0.0,Cc1nc2c(F)cc(-c3nc(Nc4ccc5c(n4)CCN(CCS(C)(=O)=NC#N)C5)ncc3F)cc2n1C(C)C,565.6540000000002,40,1,CHEMBL5775091,CHEMBL5728430,CHEMBL5728430,B
PEOPNFFYHMAVJA-UHFFFAOYSA-N,7.366531544420414,1,,0.0,O=c1c(Br)cc2cnc(Nc3ccc(N4CCNCC4)cc3)nc2n1C1CCCC1,469.3870000000004,30,1,CHEMBL190281,CHEMBL3603804,CHEMBL3603804,B
PFCAHEMJANLCHH-UHFFFAOYSA-N,7.356547323513812,1,,0.0,COc1ccc(CC(=O)Nc2cc(C3CCC3)[nH]n2)cc1,285.347,21,1,CHEMBL4846069,CHEMBL4819106,CHEMBL4819106,B
PFRMQZGBTCACGO-LSDHHAIUSA-N,8.301029995663981,1,,0.0,Cc1cc(C)c(CNc2nc(N[C@@H](C)[C@@H](C)O)nc3c2ncn3C(C)C)cn1,383.5000000000001,28,1,CHEMBL4579344,CHEMBL4346652,CHEMBL4346652,B
PFXGXKFPTAJYHV-UHFFFAOYSA-N,6.853871964321762,2,0.0,0.0,COc1c(O)cc2c3c(cc4ccc(O)cc4c13)NC2=O,281.26700000000005,21,2,CHEMBL388956,CHEMBL1156890,CHEMBL1156890|CHEMBL1156897,B
PGHDEZZAJHSYTK-UHFFFAOYSA-N,6.522878745280337,1,,0.0,O=C1NCC=c2c1c[nH]c2=Cc1c(O)[nH]c2ccc(F)cc12,297.289,22,1,CHEMBL293113,CHEMBL1136528,CHEMBL1136528,B
PGSHABRJZCOCPJ-UHFFFAOYSA-N,5.619788758288394,1,,0.0,CC(C)n1cnc2c(N)nc(NCCCO)nc21,250.30599999999998,18,1,CHEMBL84140,CHEMBL1133758,CHEMBL1133758,B
PGWURUYAKNYOPM-SUMWQHHRSA-N,5.619788758288394,1,,0.0,CN1CC[C@H](c2c(O)cc(O)c3c(=O)cc(-c4ccccc4)oc23)[C@H](O)C1,367.40100000000007,27,1,CHEMBL3898028,CHEMBL4665831,CHEMBL4665831,B
PHKLPPLFTQEZFS-UHFFFAOYSA-N,5.896196279044043,1,,0.0,CC(C)CC=Nc1c(C#N)c2n(c1C(=O)Nc1ccc(Br)cc1)CCC2,413.31900000000013,26,1,CHEMBL4592358,CHEMBL4312005,CHEMBL4312005,B
PHSSTQVIBIMDLX-UHFFFAOYSA-N,8.522878745280337,1,,0.0,CNC(=O)c1ccc(Nc2nccc(-c3cnc(C)n3C(C)C)n2)cc1,350.42600000000004,26,1,CHEMBL508129,CHEMBL1152177,CHEMBL1152177,B
PHWHNHYZZNJPLB-QMMMGPOBSA-N,5.154901959985743,1,,0.0,CCn1c(-c2nonc2N)nc2cncc(C(=O)N3CC[C@H](N)C3)c21,342.36300000000017,25,1,CHEMBL1956071,CHEMBL1955726,CHEMBL1955726,B
PIGVRBXVSCGJKI-UHFFFAOYSA-N,7.638272163982407,1,,0.0,NCCS(=O)(=O)c1cc(-c2ccc[nH]2)c2c3c(ccc(F)c13)NC2=O,359.38200000000006,25,1,CHEMBL309767,CHEMBL1136123,CHEMBL1136123,B
PIMQWRZWLQKKBJ-GOSISDBHSA-N,9.0,1,,0.0,CCc1cnn2c(NCc3ccc[n+]([O-])c3)cc(N3CCCC[C@@H]3CCO)nc12,396.4950000000003,29,1,CHEMBL5266005,CHEMBL5247634,CHEMBL5247634,B
PIMQWRZWLQKKBJ-SFHVURJKSA-N,9.0,22,0.362816120850992,1.3010299956639813,CCc1cnn2c(NCc3ccc[n+]([O-])c3)cc(N3CCCC[C@H]3CCO)nc12,396.4950000000003,29,21,CHEMBL2103840,CHEMBL3856187,CHEMBL3856187|CHEMBL3875233|CHEMBL4118232|CHEMBL4346652|CHEMBL4346699|CHEMBL4402527|CHEMBL4699469|CHEMBL4732230|CHEMBL4811242|CHEMBL4840335|CHEMBL5131375|CHEMBL5223102|CHEMBL5226297|CHEMBL5230096|CHEMBL5252533|CHEMBL5252675|CHEMBL5338803|CHEMBL5352406|CHEMBL5352421|CHEMBL5500401|CHEMBL5543128,B
PIRRYRRDDTYFPP-VIFPVBQESA-N,7.301029995663981,1,,0.0,Cc1cc(Nc2cnc(C#N)c(N[C@@H](C)c3ncc(F)cn3)n2)[nH]n1,339.338,25,1,CHEMBL570002,CHEMBL1156131,CHEMBL1156131,B
PIVLHBNDKATOGM-UHFFFAOYSA-N,5.40000018605658,1,,0.0,N#CCc1cccc(-c2c[nH]c(=O)c3cc(-c4ccncc4)sc23)c1,343.411,25,1,CHEMBL1809115,CHEMBL1806471,CHEMBL1806471,B
PJROIFLISSJQQQ-SFHVURJKSA-N,7.183758700008217,1,,0.0,CN(C)[C@H]1CCN(c2ccc(Nc3ncc(F)c(-c4cc(F)c5nc6n(c5c4)C(C)(C)CC6)n3)nc2)C1,504.58900000000034,37,1,CHEMBL5786556,CHEMBL5729140,CHEMBL5729140,B
PKSFLOGCPXWJIU-MEDUHNTESA-N,5.675717544702307,1,,0.0,CN1CC[C@H](c2c(O)cc(O)c3c(=O)cc(Oc4ccccc4Cl)oc23)[C@H](O)C1,417.84500000000014,29,1,CHEMBL133498,CHEMBL1240533,CHEMBL1240533,B
PKSFLOGCPXWJIU-UHFFFAOYSA-N,5.675717544702307,1,,0.0,CN1CCC(c2c(O)cc(O)c3c(=O)cc(Oc4ccccc4Cl)oc23)C(O)C1,417.84500000000014,29,1,CHEMBL326275,CHEMBL1136795,CHEMBL1136795,B
PLDZLKXHZTZEPC-HDJSIYSDSA-N,8.096910013008056,1,,0.0,CN(C)S(=O)(=O)c1ccc(Nc2cc(N[C@H]3CC[C@H](N)CC3)nc3c(Cl)cnn23)cc1,463.99500000000023,31,1,CHEMBL367150,CHEMBL1141971,CHEMBL1141971,B
PLXAEHIIAZHAND-RNHBAAACSA-N,7.6020599913279625,1,,0.0,C[C@@H](Nc1nc(Nc2ccc(S(=N)(=O)C3CCCC3)cc2)ncc1Br)C(C)(C)O,482.4480000000002,29,1,CHEMBL3648078,CHEMBL3638817,CHEMBL3638817,B
PMCGYDRAUVMLBE-UHFFFAOYSA-N,6.17979854051436,2,0.0,0.0,CNC(C)C(=O)N1CCc2nc(Nc3ncc(F)c(-c4cc(F)c5nc(C)n(C6CC6)c5c4)n3)ccc2C1,518.5720000000002,38,2,CHEMBL5787921,CHEMBL5727719,CHEMBL5727719|CHEMBL5728430,B
PMIUHCUGSNZOBV-UHFFFAOYSA-N,6.481486060122112,3,0.18999604887167143,0.3756636139608851,COc1cc(F)ccc1-c1nc(Nc2cccc(CS(C)(=O)=NC#N)c2)ncc1F,429.4520000000001,30,1,CHEMBL3960348,CHEMBL3886246,CHEMBL3886246,B
PMXCMJLOPOFPBT-HNNXBMFYSA-N,7.305416957817734,6,0.6142061831252089,1.2430380486862944,CC(C)[C@H](CO)Nc1nc(Nc2cccc(Cl)c2)c2ncn(C(C)C)c2n1,388.90300000000013,27,5,CHEMBL23327,CHEMBL1136209,CHEMBL1136209|CHEMBL1143353|CHEMBL1153829|CHEMBL1156260|CHEMBL5131375,B
PNLPHGXRRNXSNB-UHFFFAOYSA-N,6.810030138599042,2,0.8162642758321259,1.1543720093624454,Cn1cc(S(=O)(=O)N2CCC(Nc3ncc(C(F)(F)F)c(-c4cnn(CC(F)(F)F)c4)n3)CC2)cn1,538.4780000000002,36,1,CHEMBL5570663,CHEMBL5528049,CHEMBL5528049,B
PNMIKKBZSAFSGY-UHFFFAOYSA-N,5.958607314841775,1,,0.0,CCOC(=O)N=S(C)(=O)Cc1cccc(Nc2ncc(F)c(-c3ccc(F)cc3OCc3ccccc3)n2)c1,552.6030000000002,39,1,CHEMBL3900262,CHEMBL3886246,CHEMBL3886246,B
POHPLECFWMXLII-UHFFFAOYSA-N,6.698970004336019,1,,0.0,COc1cc(F)ccc1-c1nc(Nc2cc(CS(C)(=O)=NC#N)cc(C(F)(F)F)c2)ncc1F,497.4490000000001,34,1,CHEMBL3937866,CHEMBL3886246,CHEMBL3886246,B
POMYHNIMGZPDRA-NSCUHMNNSA-N,7.113509274827518,1,,0.0,CN1C/C=C/CCn2ccc3ccc(cc32)-c2ccnc(n2)Nc2cccc(c2)C1,395.51000000000016,30,1,CHEMBL2035042,CHEMBL2034857,CHEMBL2034857,B
POTKDJWRAMHALZ-UHFFFAOYSA-N,7.7594507517174005,2,0.0,0.0,CCC(CC)n1c(C)nc2c(F)cc(-c3nc(Nc4ccc5c(n4)CCN(CCN(C)C)C5)ncc3F)cc21,534.6590000000003,39,2,CHEMBL4462493,CHEMBL5727719,CHEMBL5727719|CHEMBL5728430,B
POTXVFDXGOEAHO-UHFFFAOYSA-N,4.619788758288394,1,,0.0,CCSc1nn2c(COc3ccc(Cl)cc3)nnc2s1,326.83400000000006,20,1,CHEMBL557238,CHEMBL1152892,CHEMBL1152892,B
POVBNEVJRAXZQO-UHFFFAOYSA-N,7.7447274948966935,2,0.0,0.0,Cc1nc2c(F)cc(-c3nc(Nc4ccc5c(n4)CCN(CC(C)(C)N)C5)ncc3F)cc2n1C(C)(C)C,520.6320000000003,38,2,CHEMBL5956134,CHEMBL5727719,CHEMBL5727719|CHEMBL5728430,B
PPMGWZOVBXDTHU-UHFFFAOYSA-N,5.97061622231479,1,,0.0,Cc1nn2c(-c3ccc(Cl)cc3)ccnc2c1C(N)=NO,301.737,21,1,CHEMBL5639131,CHEMBL5634157,CHEMBL5634157,B
PPVMYMZOVUTVPA-UHFFFAOYSA-N,4.823908740944319,1,,0.0,COc1ccccc1Nc1ccnc(Nc2ccc(OCC(O)CN(C)C)cc2)n1,409.4900000000002,30,1,CHEMBL100664,CHEMBL1136192,CHEMBL1136192,B
PPWJHBUYVAYYHW-UHFFFAOYSA-N,6.964970717797632,1,,0.0,COc1ccc(NC(=O)N2CCN(c3nnc(Cc4ccccc4)c4ccccc34)CC2)cc1,453.54600000000016,34,1,CHEMBL5438882,CHEMBL5352421,CHEMBL5352421,B
PQDMZMITVLVBIU-UHFFFAOYSA-N,4.585026652029182,1,,0.0,Cc1ccc(Nc2ccnc(Nc3ccc(OCC(O)CN(C)C)cc3)n2)cc1,393.4910000000001,29,1,CHEMBL99687,CHEMBL1136192,CHEMBL1136192,B
PQIBENCOUWMQIQ-UHFFFAOYSA-N,5.585026652029182,1,,0.0,Cc1cc(N2CCCCC2)c2oc(-c3ccc(O)c(O)c3)c(O)c(=O)c2c1,367.4010000000001,27,1,CHEMBL232736,CHEMBL1148833,CHEMBL1148833,B
PQLPYLQFEKWGIO-UHFFFAOYSA-N,4.341988603342887,1,,0.0,CCOc1ccc(CN=Cc2c(=O)[nH]c(O)c3ccc(Br)cc23)cc1O,417.25900000000007,26,1,CHEMBL484274,CHEMBL1153424,CHEMBL1153424,B
PQWACVUXFPZERA-UHFFFAOYSA-N,7.106793246940152,2,0.0,0.0,Cc1nc2c(F)cc(-c3nc(Nc4ccc5c(n4)CCN(CCN(C)CCN=C(N)N)C5)ncc3F)cc2n1C(C)C,577.6880000000002,42,2,CHEMBL4463874,CHEMBL5727719,CHEMBL5727719|CHEMBL5728430,B
PRASIGARSOSUQT-UHFFFAOYSA-N,5.3979400086720375,1,,0.0,COc1ccc2cc(-c3[nH]nc4cccnc34)[nH]c2c1,264.288,20,1,CHEMBL1288582,CHEMBL1287686,CHEMBL1287686,B
PREQLWGLUIHGJV-UHFFFAOYSA-N,5.500312917381596,1,,0.0,CCCC(=O)Nc1[nH]nc2c(F)c(Cl)c(-c3ccccc3)cc12,331.778,23,1,CHEMBL1086427,CHEMBL1155393,CHEMBL1155393,B
PRNSGUXODRTOMU-UHFFFAOYSA-N,7.309803919971486,1,,0.0,O=C(NC(=S)Nc1ccc(F)cc1)c1cn(-c2ccccc2)nc1-c1ccc(F)cc1,434.4710000000001,31,1,CHEMBL2426392,CHEMBL2424530,CHEMBL2424530,B
PROGKLMIRQVLRO-UHFFFAOYSA-N,6.079094395835976,1,,0.0,CS(=O)(=O)N1CCc2cc(Nc3ncc(C(F)(F)F)c(NCCCN)n3)ccc2C1,444.4830000000003,30,1,CHEMBL5401267,CHEMBL5376027,CHEMBL5376027,B
PRUWEZPTRAKXLQ-UHFFFAOYSA-N,5.2441251443275085,1,,0.0,O=C(O)c1cc(O)c(O)c2c1c([N+](=O)[O-])cc1c(O)cccc12,315.23699999999997,23,1,CHEMBL599987,CHEMBL1156890,CHEMBL1156890,B
PRZSXZWFJHEZBJ-UHFFFAOYSA-N,4.4624090726906545,2,0.10633886056673587,0.15038585882077893,Cc1cc(O)c(C(C)C)cc1C1(c2cc(C(C)C)c(O)cc2C)OS(=O)(=O)c2ccccc21,466.59900000000016,33,1,CHEMBL5427167,CHEMBL5380784,CHEMBL5380784,B
PSDOGBDKRWOMIK-UHFFFAOYSA-N,6.013228265733755,1,,0.0,COc1ccccc1Nc1cc2[nH]c(-c3cn[nH]c3)cc2cn1,305.34100000000007,23,1,CHEMBL3109953,CHEMBL5584232,CHEMBL5584232,B
PTGLBPUUXBDPBG-UHFFFAOYSA-N,6.0621915975711005,2,0.22989758691873777,0.32512428537732685,CC(C)N1CCN(c2ccc(Nc3ncc4cc5n(c4n3)C3(CCCCC3)CNC5=O)nn2)CC1,475.60100000000045,35,1,CHEMBL3975020,CHEMBL3886995,CHEMBL3886995,B
PUBDIGIICIUOBQ-NWDGAFQWSA-N,6.085656842880559,1,,0.0,C[C@@H](CO)Nc1ncc2c(n1)CN(C(=O)N[C@H](C)c1ccc(C(F)(F)F)c(F)c1)CC2,441.42900000000014,31,1,CHEMBL3298311,CHEMBL3297705,CHEMBL3297705,B
PUQPISAECVJMHV-UHFFFAOYSA-N,7.096964306605276,2,7.678274153930114e-05,0.00010858719444062359,CC(C(=O)Nc1cc(C2CC2)[nH]n1)c1ccc(N2CCCC2)cc1,324.4280000000001,24,1,CHEMBL365341,CHEMBL1140962,CHEMBL1140962,B
PUWYYRSVRUBXLF-ZBFHGGJFSA-N,5.886056647693163,2,0.5627721572748625,0.795880017344075,CC[C@H](Nc1nc(NCc2ccc(C)nc2)c2ncn(C(C)C)c2n1)[C@@H](C)O,383.5000000000001,28,1,CHEMBL3655763,CHEMBL3638727,CHEMBL3638727,B
PUXKEKPYASIYGT-FQEVSTJZSA-N,7.204815410317576,1,,0.0,Cc1nc2c(F)cc(-c3nc(Nc4ccc5c(n4)CCN(C[C@@H]4CNCCO4)C5)ncc3F)cc2n1C(C)C,534.6150000000002,39,1,CHEMBL5853767,CHEMBL5728430,CHEMBL5728430,B
PUXKEKPYASIYGT-HXUWFJFHSA-N,7.844663962534938,1,,0.0,Cc1nc2c(F)cc(-c3nc(Nc4ccc5c(n4)CCN(C[C@H]4CNCCO4)C5)ncc3F)cc2n1C(C)C,534.6150000000002,39,1,CHEMBL5897984,CHEMBL5728430,CHEMBL5728430,B
PVCKGYNFGXACAQ-UHFFFAOYSA-N,7.638272163982407,1,,0.0,CCn1c(-c2ccnc(Nc3ccc(S(C)(=O)=O)cc3)n2)cnc1C,357.4390000000001,25,1,CHEMBL514913,CHEMBL1142453,CHEMBL1142453,B
PVGISXUMPLSTOM-UHFFFAOYSA-N,7.0,1,,0.0,N#CCNc1nc(Nc2ccccc2)ncc1Br,304.15100000000007,18,1,CHEMBL2203628,CHEMBL2203227,CHEMBL2203227,B
PVLOKYREDKFWTF-UHFFFAOYSA-N,8.040958607678906,1,,0.0,NS(=O)(=O)c1ccc(Nc2cc(-c3cccc(O)c3)[nH]n2)cc1,330.36899999999997,23,1,CHEMBL103104,CHEMBL1136197,CHEMBL1136197,B
PVTKDXZNSUHUMO-UHFFFAOYSA-N,7.769551078621726,1,,0.0,Cc1ncc(-c2ccnc(Nc3ccc(N4CCN(C(=O)CO)CC4)cc3)n2)n1C(C)C,435.5320000000002,32,1,CHEMBL477786,CHEMBL1155842,CHEMBL1155842,B
PVWKJEMTFKKCDT-UHFFFAOYSA-N,7.619788758288394,1,,0.0,CCc1c(C(=O)NCCc2ccc(N3CCOCC3)cc2)[nH]c2ccc(C(F)(F)F)cc12,445.48500000000007,32,1,CHEMBL5289560,CHEMBL5252675,CHEMBL5252675,B
PVWYDIXRBUUPQE-UHFFFAOYSA-N,7.920818753952375,3,0.0,0.0,NS(=O)(=O)c1ccc(N=Nc2c(O)[nH]c3cccc(CCc4ccc(O)cc4)c23)cc1,436.4930000000002,31,3,CHEMBL411865,CHEMBL1137075,CHEMBL1134300|CHEMBL1137075|CHEMBL1143196,B
PWYZHNQEKGCWRP-UHFFFAOYSA-N,5.865504144165326,1,,0.0,Clc1cnc2[nH]c(C3CCNCC3)nc2c1-c1cnn(CC2CC2)c1,356.8610000000001,25,1,CHEMBL6150020,CHEMBL6092142,CHEMBL6092142,B
PXFUPQJFMDTOBX-UHFFFAOYSA-N,6.7447274948966935,3,0.04746908533743091,0.09177037335564542,COc1cc(F)ccc1-c1nc(Nc2cc(F)c(F)c(CS(C)(=N)=O)c2)ncc1F,440.42200000000014,30,1,CHEMBL3897217,CHEMBL3886246,CHEMBL3886246,B
PXJOCPODSAQBED-UHFFFAOYSA-N,8.795880017344075,2,0.0,0.0,NS(=O)(=O)c1ccc(N=Nc2c(=O)[nH]c3ccc4[nH]cccc4c23)cc1,367.39000000000004,26,2,CHEMBL409892,CHEMBL1134300,CHEMBL1134300|CHEMBL1143196,B
PXLNCBTUYNESDD-UHFFFAOYSA-N,5.221924402415582,2,0.00010698921469697694,0.00015130559845211167,Cc1cc(NC(=O)c2ccc(Br)cc2)[nH]n1,280.125,16,1,CHEMBL323594,CHEMBL1140962,CHEMBL1140962,B
PXVCFDHPZYVHEG-GOSISDBHSA-N,6.184531940467904,2,0.39801902762648095,0.5628839069519209,C[C@@H](O)CN1CCN(c2ccc(Nc3ncc4cc5n(c4n3)C3(CCCCC3)CNC5=O)nc2)CC1,490.6120000000005,36,1,CHEMBL4115060,CHEMBL3886995,CHEMBL3886995,B
PXVCFDHPZYVHEG-SFHVURJKSA-N,5.34876959604481,2,0.21431462032154655,0.30308664267357166,C[C@H](O)CN1CCN(c2ccc(Nc3ncc4cc5n(c4n3)C3(CCCCC3)CNC5=O)nc2)CC1,490.6120000000005,36,1,CHEMBL3929399,CHEMBL3886995,CHEMBL3886995,B
PZKWAHCUWGHBLH-UHFFFAOYSA-N,6.154901959985743,1,,0.0,Cc1nn(C2CCN(C(=O)C(C)O)CC2)c(C)c1Nc1ncc(Cl)c(-c2cnn3ccccc23)n1,494.9870000000001,35,1,CHEMBL3823030,CHEMBL3822394,CHEMBL3822394,B
QACIKAGZYYIWDY-UHFFFAOYSA-N,6.281008656594718,1,,0.0,COc1ccc(Cc2nnc(N3CCN(C(=S)Nc4ccccc4)CC3)c3ccccc23)cc1,469.61400000000015,34,1,CHEMBL5396190,CHEMBL5352421,CHEMBL5352421,B
QALGDBRHRSNPSF-UHFFFAOYSA-N,7.853871964321762,1,,0.0,CC1CCC(C(=O)Nc2ncc(SCc3ncc(C(C)(C)C)o3)s2)CN1,394.56600000000014,26,1,CHEMBL454645,CHEMBL1152130,CHEMBL1152130,B
QAOHRJLCWLORBL-UHFFFAOYSA-N,5.0,1,,0.0,COc1cccc2c1c(Cl)c1c3c(cc(O)c(O)c32)C(=O)N1,315.712,22,1,CHEMBL602679,CHEMBL1156890,CHEMBL1156890,B
QAQXTNHOYJTPGB-AWNIVKPZSA-N,6.070581074285707,1,,0.0,ON=C(O)/C=C/c1ccc(-c2ccc3ncnc(Nc4ccc(OCc5cccc(F)c5)c(Cl)c4)c3c2)cc1,540.9820000000003,39,1,CHEMBL1630110,CHEMBL1629443,CHEMBL1629443,B
QBQOHKFVYIDSIJ-UHFFFAOYSA-N,8.045757490560675,1,,0.0,COc1ccc(-c2[nH]nc3c2C(=O)c2c(NC(=O)NNC(=O)c4ccc(O)cc4)cccc2-3)cc1,469.45700000000016,35,1,CHEMBL362560,CHEMBL1240533,CHEMBL1240533,B
QCCNJYPQBCTGGP-UHFFFAOYSA-N,7.537602002101044,2,0.0,0.0,Cc1nc2c(F)cc(-c3nc(Nc4ccc5c(n4)CCN(CC(C)(C)N(C)C)C5)ncc3F)cc2n1C(C)(C)C,548.6860000000003,40,2,CHEMBL5988596,CHEMBL5727719,CHEMBL5727719|CHEMBL5728430,B
QDQHFTSJJASKSA-UHFFFAOYSA-N,4.552841968657781,2,0.0,0.0,CN(C)CC(O)COc1ccc(Nc2cc(Nc3ccccc3Br)ncn2)cc1,458.36000000000007,29,2,CHEMBL100811,CHEMBL1136192,CHEMBL1136191|CHEMBL1136192,B
QDTMPQOORBQFIG-UHFFFAOYSA-N,6.8326826652518236,2,0.0,0.0,Cc1nc2c(F)cc(-c3nc(Nc4ccc5c(n4)CCN(CCN(C)C(=S)n4ccnc4)C5)ncc3F)cc2n1C(C)C,602.7190000000002,43,2,CHEMBL4461579,CHEMBL5727719,CHEMBL5727719|CHEMBL5728430,B
QEASAEABBPXQEO-UHFFFAOYSA-N,4.772524656517629,1,,0.0,CS(=O)(=O)c1ccc(-c2nccc(-c3c[nH]c4cnccc34)n2)cc1,350.4030000000001,25,1,CHEMBL3421975,CHEMBL3421608,CHEMBL3421608,B
QENSBTHLGFPXQZ-ZTRAIXJASA-N,7.853871964321762,1,,0.0,CCOC(=O)N=S(C)(=O)c1ccc(Nc2ncc(Br)c(O[C@H](C)[C@H](C)O)n2)cc1,487.37600000000015,29,1,CHEMBL3648093,CHEMBL3638817,CHEMBL3638817,B
QEYANDLEJXFZFA-UHFFFAOYSA-N,6.769551078621726,1,,0.0,CCS(=O)(Cc1cccc(Nc2ncc(F)c(-c3ccc(F)cc3OC)n2)c1)=NC#N,443.47900000000016,31,1,CHEMBL3959283,CHEMBL3886246,CHEMBL3886246,B
QFLOEOVVFKHAFI-UHFFFAOYSA-N,9.468521082957745,1,,0.0,Nc1ccc(-c2cc(Nc3ccc(S(N)(=O)=O)cc3)[nH]n2)cc1,329.385,23,1,CHEMBL321517,CHEMBL1136197,CHEMBL1136197,B
QFMIUUHQPLSESZ-UHFFFAOYSA-N,5.761953896871205,1,,0.0,CN1CCN(c2cccc3[nH]c(-c4[nH]nc5cc(-c6ccc(N)c(F)c6)ccc45)nc23)CC1,441.5140000000002,33,1,CHEMBL519795,CHEMBL1143269,CHEMBL1143269,B
QFUXJZMXUXQIIB-FVOQNFDRSA-N,8.698970004336019,1,,0.0,C[C@H](O)[C@@H](C)Nc1nc(Nc2ccc(S(C)(=N)=O)cc2)ncc1Br,414.32900000000006,24,1,CHEMBL3648117,CHEMBL3638817,CHEMBL3638817,B
QFUXJZMXUXQIIB-FXBGSENESA-N,7.698970004336019,1,,0.0,C[C@@H](O)[C@@H](C)Nc1nc(Nc2ccc(S(C)(=N)=O)cc2)ncc1Br,414.32900000000006,24,1,CHEMBL3648071,CHEMBL3638817,CHEMBL3638817,B
QGBOALFDSLDKNK-AWEZNQCLSA-N,6.490797477668897,1,,0.0,N[C@H](CNc1nnc(-c2ccc3[nH]ncc3c2)s1)Cc1ccc(Cl)cc1Cl,419.34100000000024,27,1,CHEMBL1076581,CHEMBL1154933,CHEMBL1154933,B
QGGLESNNYLSYEA-UHFFFAOYSA-N,7.637706062035769,1,,0.0,CN1CCN(Cc2ccc(NC(=O)c3[nH]ncc3Nc3ccncn3)cc2)CC1,392.4670000000001,29,1,CHEMBL5399420,CHEMBL5370533,CHEMBL5370533,B
QGYOSHFQLATNCO-CABCVRRESA-N,6.113509274827518,1,,0.0,CC[C@H](Nc1nc(NCc2ncccc2C)c2ncn(C(C)C)c2n1)[C@@H](C)O,383.5000000000001,28,1,CHEMBL3655774,CHEMBL3638727,CHEMBL3638727,B
QHCHMOFMVBOPSK-UHFFFAOYSA-N,6.8124792791635365,1,,0.0,Cc1nc2c(F)cc(-c3nc(Nc4ccc5c(n4)CCN(C(=O)CN4CCOCC4)C5)ncc3F)cc2n1C1CC1,560.6090000000003,41,1,CHEMBL6012656,CHEMBL5728430,CHEMBL5728430,B
QHPKKGUGRGRSGA-UHFFFAOYSA-N,5.568636235841012,1,,0.0,NC(=O)c1ccccc1Nc1ccnc(Nc2cccc(O)c2)n1,321.34000000000003,24,1,CHEMBL242237,CHEMBL1143787,CHEMBL1143787,B
QHRXZUMETMHYMU-UHFFFAOYSA-N,6.826813731587726,1,,0.0,Cn1cc(C2=C(c3coc4ccccc34)C(=O)NC2=O)c2cccc(CO)c21,372.38000000000017,28,1,CHEMBL522464,CHEMBL1153825,CHEMBL1153825,B
QIGGJMQSVPHSJB-YRNVUSSQSA-N,6.356547323513812,1,,0.0,ON=C(O)/C=C/c1ccc(-c2ccc3ncnc(Nc4ccc(OCc5cccc(F)c5)c(Cl)c4)c3c2)o1,530.9430000000003,38,1,CHEMBL1630107,CHEMBL1629443,CHEMBL1629443,B
QILKZVWUDWYXAN-UHFFFAOYSA-N,9.0,1,,0.0,COCCOCCOCCOCCN(C)S(=O)(=O)c1ccc(N=Cc2c(O)[nH]c3ccc4ncsc4c23)cc1,576.6970000000001,39,1,CHEMBL1964249,CHEMBL1134300,CHEMBL1134300,B
QIVDJZPAORKXAY-UHFFFAOYSA-N,5.595508382241314,1,,0.0,Nc1nc2ccc(C(=O)c3c(F)cccc3F)cn2c1C(=O)c1ccncc1,378.3380000000001,28,1,CHEMBL363037,CHEMBL1138729,CHEMBL1138729,B
QJQJQFTXPSNLML-UHFFFAOYSA-N,7.337242168318426,1,,0.0,Cc1ncc(-c2nc(Nc3ccc(N4CCCC4C(=O)N(C)C)cc3)ncc2F)n1C(C)C,451.5500000000001,33,1,CHEMBL475948,CHEMBL1155842,CHEMBL1155842,B
QJQNTDVPMQGHTO-UHFFFAOYSA-N,5.346787486224656,1,,0.0,O=C(c1ccccc1)n1c(=O)cc(O)n(-c2ccc(F)cc2)c1=S,342.35100000000006,24,1,CHEMBL5275225,CHEMBL5230096,CHEMBL5230096,B
QJQUGFBJWYPQMZ-UHFFFAOYSA-N,6.862645888629267,1,,0.0,COc1ccc(NC(=O)NNC(=O)c2oc3ccccc3c2CN2CCN(c3ccccc3)CC2)cc1,499.5710000000003,37,1,CHEMBL6167764,CHEMBL6127051,CHEMBL6127051,B
QJWIKMKAGFNAJH-UHFFFAOYSA-N,7.298439739412091,2,0.9336179386116221,1.3203351508593677,CC(=O)c1c(C)c2cnc(Nc3ccc(N4CCNCC4)cc3)nc2n(C2CCCC2)c1=O,446.55500000000035,33,2,CHEMBL365847,CHEMBL3603804,CHEMBL3603804|CHEMBL6074624,B
QKAVQJBBCRMGMX-UHFFFAOYSA-N,5.332547047110046,1,,0.0,COc1ccccc1-c1nc2c(NCC(O)CNC(=O)C3CCC3)c(Br)cnc2[nH]1,474.3590000000002,30,1,CHEMBL2011944,CHEMBL2010664,CHEMBL2010664,B
QKKIWEILHCXECO-UHFFFAOYSA-N,5.928117992693874,1,,0.0,CN1CCN(Cc2ccc(-c3cnc4[nH]cc(-c5ccc6[nH]ccc6c5)c4c3)cc2)CC1,421.5480000000002,32,1,CHEMBL2436978,CHEMBL2434948,CHEMBL2434948,B
QKLPRGKIKLSPLY-UHFFFAOYSA-N,6.607303046740334,1,,0.0,COc1cc(-c2ccc3c(-c4nc5c(N6CCN(C)CC6)cccc5[nH]4)[nH]nc3c2)ccc1N,453.5500000000001,34,1,CHEMBL482368,CHEMBL1143269,CHEMBL1143269,B
QKSPSTLAHSVWOT-UHFFFAOYSA-N,5.66334017654558,1,,0.0,Nc1nc2ccc(C(=O)c3ccccc3OC(F)(F)F)cn2c1C(=O)c1c(F)cccc1F,461.3460000000001,33,1,CHEMBL189512,CHEMBL1138729,CHEMBL1138729,B
QKUXZFIUKOCULS-UHFFFAOYSA-N,6.721246399047171,1,,0.0,Cc1cc(N2CCCS2(=O)=O)c2oc(-c3ccc(O)c(Cl)c3)c(O)c(=O)c2c1,421.8580000000002,28,1,CHEMBL392775,CHEMBL1148833,CHEMBL1148833,B
QKVOBTHWPHZLET-UHFFFAOYSA-N,6.467411219386465,1,,0.0,S=C(Nc1ccc(Cl)cc1)N1CCN(c2nnc(Cc3ccccc3)c3ccccc23)CC1,474.03300000000024,33,1,CHEMBL5418073,CHEMBL5352421,CHEMBL5352421,B
QLWFPXXGZGCHFQ-UHFFFAOYSA-N,6.657577319177793,1,,0.0,N#Cc1ccc(Nc2nccc(C(=O)Nc3cnccc3-c3ccc(F)cc3)n2)cc1,410.4120000000001,31,1,CHEMBL5419652,CHEMBL5338804,CHEMBL5338804,B
QMRCPJWGPKSHGQ-OQLLNIDSSA-N,4.235450280935533,5,0.07421871620913169,0.1769237195020592,CSc1ccc(/C=N/c2cc([N+](=O)[O-])ccc2O)cc1,288.328,20,1,CHEMBL3616869,CHEMBL3616388,CHEMBL3616388,B
QMYLLJCZMCNDNK-UHFFFAOYSA-N,4.82102305270683,1,,0.0,O=c1[nH]c(O)c(C=NCc2ccc(-c3ccccc3)c(O)c2)c2cc(I)ccc12,496.3040000000002,29,1,CHEMBL478488,CHEMBL1153424,CHEMBL1153424,B
QNABDSWBQJKBHK-UHFFFAOYSA-N,7.920818753952375,1,,0.0,O=C(NCC(F)(F)F)c1cc(-c2cnn3cc(-c4ccc(OCCN5CCCCC5)cc4)cnc23)cs1,529.5880000000004,37,1,CHEMBL4569508,CHEMBL4477252,CHEMBL4477252,B
QNFNNVQKMNFIAM-UHFFFAOYSA-N,5.200000237109354,1,,0.0,CCOc1ccc(-c2c[nH]c(=O)c3cc(-c4ccncc4)sc23)cn1,349.415,25,1,CHEMBL1809119,CHEMBL1806471,CHEMBL1806471,B
QNIZBMDMEQUCHR-UHFFFAOYSA-N,4.657577319177793,2,0.0,0.0,CN(C)CC(O)COc1ccc(Nc2cc(Nc3cc(Cl)ccc3Cl)ncn2)cc1,448.35400000000016,30,2,CHEMBL322640,CHEMBL1136192,CHEMBL1136191|CHEMBL1136192,B
QNJAKUMXJFWQOG-UHFFFAOYSA-N,4.2076083105017466,1,,0.0,COc1cc2c(Nc3ncc(CC(=O)Nc4cccc(F)c4)s3)ncnc2cc1OCCCN1CCC(CO)CC1,580.6860000000003,41,1,CHEMBL201307,CHEMBL1149372,CHEMBL1149372,B
QNWXRLPZIFMTBK-OMOCHNIRSA-N,6.191877805585379,2,0.824221925450608,1.165625825377516,COc1cc(F)ccc1-c1ccnc(NC(=O)C2CCC[C@@H](NC(C)=O)C2)c1,385.43900000000025,28,2,CHEMBL3673434,CHEMBL3638701,CHEMBL3638701|CHEMBL5247634,B
QNZSVEIPQWPBJO-UHFFFAOYSA-N,4.54515513999149,1,,0.0,Nc1nccc(-n2ccc3ccccc32)n1,210.24,16,1,CHEMBL2348176,CHEMBL2346586,CHEMBL2346586,B
QPFWOQDGUBRECV-UHFFFAOYSA-N,7.920818753952375,2,0.0,0.0,NS(=O)(=O)c1ccc(N=Nc2c(O)[nH]c3ccc(C(=O)NCCc4c[nH]cn4)cc23)cc1,453.4840000000002,32,2,CHEMBL272028,CHEMBL1134300,CHEMBL1134300|CHEMBL1143196,B
QPKLKELWAIIBCT-UHFFFAOYSA-N,7.97061622231479,1,,0.0,NS(=O)(=O)c1ccc(Nc2cc(-c3cccc(NS(=O)(=O)c4ccccc4)c3)[nH]n2)cc1,469.54800000000006,32,1,CHEMBL319103,CHEMBL1136197,CHEMBL1136197,B
QPLDBIKDKDFDHK-UHFFFAOYSA-N,8.337242168318426,2,0.0,0.0,CN(C)S(=O)(=O)c1ccc(N=Cc2c(O)[nH]c3ccc4ncsc4c23)cc1,400.4850000000001,27,2,CHEMBL1964247,CHEMBL1137075,CHEMBL1134300|CHEMBL1137075,B
QPSCTAMMABVQIH-KRWDZBQOSA-N,7.35138902076835,4,0.3141178318631049,0.5440680443502757,Cc1nc2c(F)cc(-c3nc(Nc4ccc5c(n4)CCN(CCN(C)C)[C@H]5C)ncc3F)cc2n1C(C)(C)C,534.6590000000002,39,2,CHEMBL6013826,CHEMBL5727719,CHEMBL5727719|CHEMBL5728430,B
QPSCTAMMABVQIH-QGZVFWFLSA-N,7.507239610973162,1,,0.0,Cc1nc2c(F)cc(-c3nc(Nc4ccc5c(n4)CCN(CCN(C)C)[C@@H]5C)ncc3F)cc2n1C(C)(C)C,534.6590000000002,39,1,CHEMBL6009610,CHEMBL5728430,CHEMBL5728430,B
QQILFGKZUJYXGS-UHFFFAOYSA-N,4.154901959985743,1,,0.0,O=C1C(c2[nH]c3ccccc3c2O)=Nc2ccccc21,262.26800000000003,20,1,CHEMBL599552,CHEMBL1146605,CHEMBL1146605,B
QRFLQPASPZXMRX-BWFPZVSSSA-N,7.318758762624412,1,,0.0,CCOC(=O)N=S(C)(=O)c1ccc(Nc2ncc(Br)c(N[C@H](C)C(C)(C)O)n2)cc1C,514.4460000000001,31,1,CHEMBL3648090,CHEMBL3638817,CHEMBL3638817,B
QRVJVTAVMDZGBU-UHFFFAOYSA-N,6.08460016478773,1,,0.0,CS(=O)(=O)N1CCC(Nc2ncc(C(F)(F)F)c(-c3cnn(-c4ccccc4Cl)c3)n2)CC1,500.93400000000025,33,1,CHEMBL5569109,CHEMBL5528049,CHEMBL5528049,B
QRXILYGJPUNEPE-UHFFFAOYSA-N,7.443697499232712,1,,0.0,Cc1ncc(-c2nc(Nc3ccc(C(=O)NC4CCN(C)CC4)cc3)ncc2F)n1C(C)C,451.5500000000002,33,1,CHEMBL507722,CHEMBL1152195,CHEMBL1152195,B
QSFLJKWUAIYKRN-UHFFFAOYSA-N,7.6777807052660805,1,,0.0,CN(C)C(=O)c1cc2cnc(Nc3ccc(S(N)(=O)=O)cc3)nc2n1C1CCCC1,428.51800000000026,30,1,CHEMBL5571022,CHEMBL5543128,CHEMBL5543128,B
QSGKPYRFWJINEH-UHFFFAOYSA-N,7.051587034221399,1,,0.0,COC(=N)c1nc2ccc3ncnc(Nc4ccc(Cl)cc4Cl)c3c2s1,404.28200000000015,26,1,CHEMBL2386747,CHEMBL5126508,CHEMBL5126508,B
QSQLSTWOUFBPKW-UHFFFAOYSA-N,6.4627729558544775,1,,0.0,COc1ccc(Cc2nnc(N3CCN(C(=O)Nc4ccc(OC)cc4)CC3)c3ccccc23)cc1,483.57200000000023,36,1,CHEMBL5440832,CHEMBL5352421,CHEMBL5352421,B
QTAXCQYCXMOZAD-IBGZPJMESA-N,8.698970004336019,1,,0.0,CN[C@H]1CCN(C(=O)c2ccc(Nc3nccc(-c4cnc(C)n4C(C)C)n3)cc2)C1,419.5330000000002,31,1,CHEMBL460087,CHEMBL1152195,CHEMBL1152195,B
QTEXRPQBMDQPDE-UHFFFAOYSA-N,7.347754736113256,2,0.5614042593642008,0.7939455175668755,CNCc1ccc(-n2cc(-c3nc(NC4CCN(S(C)(=O)=O)CC4)ncc3C#N)cn2)c(Cl)c1,501.0160000000002,34,1,CHEMBL5562769,CHEMBL5528049,CHEMBL5528049,B
QTFCKBFCXDAZIU-UHFFFAOYSA-N,4.7544873321858505,1,,0.0,CS(=O)(=O)c1cccc(Nc2nccc(Nc3c(Cl)ccc4c3OCO4)n2)c1,418.86200000000025,28,1,CHEMBL445162,CHEMBL1145633,CHEMBL1145633,B
QTJTZEQEKPLJHY-UHFFFAOYSA-N,6.045757490560675,1,,0.0,CC(C)n1cnc2c(NC3CCCC3)nc(NCCCO)nc21,318.42500000000007,23,1,CHEMBL315837,CHEMBL1133758,CHEMBL1133758,B
QTLSVBHPZACPBO-KRWDZBQOSA-N,7.2611401979278,1,,0.0,N[C@H]1CCN(c2c3c(nc4ccc(-c5ccnc(NC(=O)C6CC6)n5)cc24)CCCC3)C1,428.5400000000004,32,1,CHEMBL5572638,CHEMBL5543128,CHEMBL5543128,B
QTMWRIBZHAYRNM-UHFFFAOYSA-N,6.699991797446187,1,,0.0,N#Cc1ccc(F)c(-c2c[nH]c(=O)c3cc(-c4ccncc4)sc23)c1,347.374,25,1,CHEMBL1809113,CHEMBL1806471,CHEMBL1806471,B
QTTGJROYRLDUFU-CYBMUJFWSA-N,7.154901959985743,1,,0.0,CC[C@H](CO)Nc1nc(NCc2ccccc2N)c2[nH]nc(C(C)C)c2n1,369.4730000000001,27,1,CHEMBL4215914,CHEMBL6134823,CHEMBL6134823,B
QTTLRBURMUNSGV-UHFFFAOYSA-N,6.00181203304081,2,0.4783885205028141,0.6765435337786796,CC(C)(C)CCN1CCN(c2ccc(Nc3ncc4cc5n(c4n3)C3(CCCC3)CNC5=O)nc2)CC1(C)C,530.7210000000005,39,1,CHEMBL3961663,CHEMBL3886995,CHEMBL3886995,B
QTZUMCMRRPENJM-LJQANCHMSA-N,7.795880017344075,1,,0.0,O=C(N[C@H](CO)c1ccc(F)c(Cl)c1)N1CCc2cnc(NC3CCOCC3)nc2C1,449.9140000000003,31,1,CHEMBL3298414,CHEMBL3297705,CHEMBL3297705,B
QUSLQUWKRMPMAG-UHFFFAOYSA-N,7.376750709602099,1,,0.0,CC(C)c1cc(NCc2ccncc2)n2ncc(Br)c2n1,346.2320000000001,21,1,CHEMBL3642651,CHEMBL3639187,CHEMBL3639187,B
QVUJFGWIMPTAEH-UHFFFAOYSA-N,7.899629454882437,1,,0.0,NS(=O)(=O)c1ccc(Nc2cc(-c3ccc(O)c(F)c3)[nH]n2)cc1,348.359,24,1,CHEMBL103115,CHEMBL1136197,CHEMBL1136197,B
QVUYUALKISODNR-UHFFFAOYSA-N,4.772113295386326,1,,0.0,O=c1[nH]c(O)c(C=NCc2cccc(O)c2)c2ccccc12,294.31,22,1,CHEMBL447758,CHEMBL1153424,CHEMBL1153424,B
QVWIVWPIJUYRRF-UHFFFAOYSA-N,6.552841968657781,1,,0.0,Nc1nccc(-c2ccc3c(N)[nH]nc3c2)n1,226.243,17,1,CHEMBL1688215,CHEMBL1687694,CHEMBL1687694,B
QXBRBWDRQIISAT-UHFFFAOYSA-N,6.673664139071249,2,0.0,0.0,Cc1nc2c(F)cc(-c3nc(Nc4ccc5c(n4)CCN(C(=O)C4CCCN4)C5)ncc3F)cc2n1C1CC1,530.5830000000002,39,2,CHEMBL6014795|CHEMBL6038282,CHEMBL5727719,CHEMBL5727719|CHEMBL5728430,B
QXHYWPVNYRELDC-UHFFFAOYSA-N,5.522878745280337,1,,0.0,COc1ccc(NC(=O)c2[nH]nc3ccccc23)cc1,267.288,20,1,CHEMBL1288651,CHEMBL1287686,CHEMBL1287686,B
QYHOUFKSRXQWPG-NSCUHMNNSA-N,6.376750709602099,1,,0.0,CN1C/C=C/COCc2cncc(c2)-c2ccnc(n2)Nc2cccc(c2)C1,373.4600000000001,28,1,CHEMBL2035045,CHEMBL2034857,CHEMBL2034857,B
QYNHHEWCMHMCIH-UHFFFAOYSA-N,6.0,1,,0.0,CN(C)CC(O)COc1ccc(Nc2nccc(Nc3cc(C(F)(F)F)ccc3F)n2)cc1,465.4510000000001,33,1,CHEMBL101810,CHEMBL1136192,CHEMBL1136192,B
QYPPYGDPSPCIPP-UHFFFAOYSA-N,5.568636235841012,1,,0.0,O=c1cc(CN=Cc2c(=O)[nH]c(O)c3ccc(Br)cc23)cc[nH]1,374.1940000000001,23,1,CHEMBL449818,CHEMBL1153424,CHEMBL1153424,B
QYSWLINIQVNEDI-SFHVURJKSA-N,7.690369832574101,1,,0.0,CN(C)[C@H]1CCN(C(=O)c2ccc(Nc3ncc(F)c(-c4cc(F)c5nc6n(c5c4)C(C)(C)CC6)n3)nc2)C1,532.5990000000003,39,1,CHEMBL5939038,CHEMBL5729140,CHEMBL5729140,B
QZQGXMDLWJNGQH-JCNLHEQBSA-N,8.154901959985743,1,,0.0,N[C@H]1CC[C@H](Nc2nc(Nc3ccccc3)c3ncn(C4CCCC4)c3n2)CC1,391.5230000000003,29,1,CHEMBL3084839,CHEMBL5131485,CHEMBL5131485,B
QZYYANMOAVILCF-UHFFFAOYSA-N,6.3979400086720375,1,,0.0,CCN(CC)c1cc(Nc2ccc(S(N)(=O)=O)cc2)n2ncnc2n1,361.43100000000004,25,1,CHEMBL203571,CHEMBL1138980,CHEMBL1138980,B
QZZHYZMBAUORBR-UHFFFAOYSA-N,6.511773715464358,1,,0.0,COc1ccc(NC(=S)N2CCN(c3nnc(Cc4ccccc4)c4ccccc34)CC2)cc1,469.6140000000002,34,1,CHEMBL5424372,CHEMBL5352421,CHEMBL5352421,B
RACWEUJOKLUZLV-UHFFFAOYSA-N,5.537602002101044,1,,0.0,CN(C)C(=O)c1cc2cnc(Nc3ccc(N4CCC(CCO)CC4)cn3)nc2n1C1CCCC1,477.61300000000034,35,1,CHEMBL3658023,CHEMBL3638874,CHEMBL3638874,B
RADMAAOUVWABJD-OWOJBTEDSA-N,6.167491087293763,1,,0.0,C1=C/COCc2ccc(o2)-c2ccnc(n2)Nc2cccc(c2)COC/1,349.39000000000016,26,1,CHEMBL2035048,CHEMBL2034857,CHEMBL2034857,B
RAIPOUVWZMOUJL-UHFFFAOYSA-N,6.246416941107094,2,0.0,0.0,Cc1nc2c(F)cc(-c3nc(Nc4ccc5c(n4)CCN(CC(C)(C)N)C5)ncc3F)cc2n1C1CC1,504.58900000000034,37,2,CHEMBL5762588,CHEMBL5727719,CHEMBL5727719|CHEMBL5728430,B
RAKYKJWUUUKCCW-ZJEXCSKESA-N,8.522878745280337,2,0.0,0.0,COc1cc[nH]c1C=C1C(=O)Nc2ccc(F)c(C#C[C@@H](O)[C@@H](N)[C@@H](C)O)c21,385.3950000000001,28,2,CHEMBL354634,CHEMBL4346652,CHEMBL4346652|CHEMBL5252532,B
RAPHAQZUOBFENV-UHFFFAOYSA-N,6.795880017344075,1,,0.0,O=C(Nc1cccnc1)Nc1c[nH]nc1-c1nc2cc(CN3CCOCC3)ccc2[nH]1,418.4610000000003,31,1,CHEMBL523923,CHEMBL1139387,CHEMBL1139387,B
RASWQTYRURGDRW-IBGZPJMESA-N,7.2508049577803275,1,,0.0,Cc1[nH]nc2ccc(-c3cncc(N[C@@H](CO)c4ccc(F)cc4)n3)cc12,363.3960000000001,27,1,CHEMBL4860265,CHEMBL4840335,CHEMBL4840335,B
RAUORSGJEKKDRM-UHFFFAOYSA-N,7.721246399047171,1,,0.0,Cc1ncc(-c2ccnc(Nc3ccc(S(=O)(=O)Cc4ccccc4)cc3)n2)n1C(C)C,447.5640000000002,32,1,CHEMBL457979,CHEMBL1142453,CHEMBL1142453,B
RAXZSEGXMBWYQK-SNVBAGLBSA-N,6.102372908709558,1,,0.0,C[C@@H](NC(=O)Nc1cc2[nH]ncc2c(CO)n1)c1ccccc1,311.34499999999997,23,1,CHEMBL4538174,CHEMBL4507286,CHEMBL4507286,B
RBARWKMXQSXULQ-XUTJKUGGSA-N,7.698970004336019,1,,0.0,NCCCCNC(=O)c1ccc(Nc2nc(N[C@H]3CC[C@H](N)CC3)nc3c2ncn3C2CCCC2)cc1,505.6710000000005,37,1,CHEMBL5176691,CHEMBL5131485,CHEMBL5131485,B
RBFPHINFSBMIFN-UHFFFAOYSA-N,5.823955070631064,2,6.55200713362263e-05,9.26593734913439e-05,Cc1cc(NC(=O)c2ccccc2)[nH]n1,201.22900000000004,15,1,CHEMBL115125,CHEMBL1140962,CHEMBL1140962,B
RBIXMEJKIVHVPF-UHFFFAOYSA-N,6.443697499232712,3,0.0,0.0,CC(=Nc1ccc(S(N)(=O)=O)cc1)c1c(O)[nH]c2ccccc12,329.38100000000003,23,3,CHEMBL405042,CHEMBL1137075,CHEMBL1134300|CHEMBL1137075|CHEMBL1143196,B
RCASSTFEWXEOHP-UHFFFAOYSA-N,5.1878891587969,1,,0.0,COc1cc(F)ccc1-c1cc(Nc2cnn(CCCCCCC(O)=NO)c2)ncc1F,445.47000000000025,32,1,CHEMBL5597651,CHEMBL5584345,CHEMBL5584345,B
RCBOIPKMQXPOTA-UHFFFAOYSA-N,4.0915149811213505,1,,0.0,Cc1ccc(F)c(Nc2cc(Nc3ccc(OCC(O)CN(C)C)cc3)ncn2)c1,411.48100000000017,30,1,CHEMBL328623,CHEMBL1136192,CHEMBL1136192,B
RCNKCTKLWHVLHI-UHFFFAOYSA-N,7.396587061984075,2,0.646698510754413,0.9145698046753736,Cn1cnc(S(=O)(=O)N2CCC(Nc3ncc(C#N)c(-c4cnn(CC(F)(F)F)c4)n3)CC2)c1,495.4910000000002,34,1,CHEMBL5574741,CHEMBL5528049,CHEMBL5528049,B
RDAXOPGNTONHMU-UHFFFAOYSA-N,6.0,2,0.0,0.0,CN(C)CCCNC(=O)Cc1cccc(Nc2nc(OCC3CCCCC3)c3[nH]cnc3n2)c1,465.6020000000004,34,2,CHEMBL5283398,CHEMBL5252509,CHEMBL5252509|CHEMBL6182841,B
RDDWSKPOAYXHNU-UHFFFAOYSA-N,5.408267761048164,1,,0.0,O=C(Nc1cc(-c2ccc3nc4c([nH]c5ccccc54)c(N4CCOCC4)c3c2)ccn1)C1CC1,463.5410000000004,35,1,CHEMBL6174709,CHEMBL6134823,CHEMBL6134823,B
RDLYLDRPPNVESE-UHFFFAOYSA-N,5.096910013008056,1,,0.0,Cc1cnc(Nc2ccc(OCC(O)CN(C)C)cc2)nc1Nc1ccccc1,393.49100000000004,29,1,CHEMBL101473,CHEMBL1136192,CHEMBL1136192,B
RDQDBMHYRNUCMV-UHFFFAOYSA-N,7.557319389984244,2,0.08834502788860882,0.1249387366082999,Fc1ccccc1-c1cc(NCc2ccncc2)n2ncc(Br)c2n1,398.23900000000003,25,1,CHEMBL3642646,CHEMBL3639187,CHEMBL3639187,B
REFJWTPEDVJJIY-UHFFFAOYSA-N,4.3979400086720375,1,,0.0,O=c1c(O)c(-c2ccc(O)c(O)c2)oc2cc(O)cc(O)c12,302.23800000000006,22,1,CHEMBL50,CHEMBL1148833,CHEMBL1148833,B
REKSFCCYDQMSIN-UHFFFAOYSA-N,4.886056647693163,1,,0.0,CC(C)n1cnc2c(NCc3cccc(C(F)(F)F)c3)ncnc21,335.333,24,1,CHEMBL4471178,CHEMBL4422662,CHEMBL4422662,B
REWAULXFDBKSQO-UHFFFAOYSA-N,7.568636235841012,1,,0.0,Cn1cc(C2=C(c3coc4cc(CO)ccc34)C(=O)NC2=O)c2cccc(CO)c21,402.4060000000001,30,1,CHEMBL491447,CHEMBL1153825,CHEMBL1153825,B
REXVDVJGJLCSGU-ZDOIGZRISA-N,7.721246399047171,1,,0.0,CCOC(=O)N=S(=O)(CC)c1ccc(Nc2ncc(Br)c(O[C@H](C)[C@H](C)O)n2)cc1,501.40300000000013,30,1,CHEMBL3648092,CHEMBL3638817,CHEMBL3638817,B
RFSDQDHHBKYQOD-UHFFFAOYSA-N,5.638272163982407,1,,0.0,Oc1ccc(Nc2nc(OCC3CCCCC3)c3[nH]cnc3n2)cc1,339.39899999999994,25,1,CHEMBL340813,CHEMBL1138472,CHEMBL1138472,B
RGIIRDQMJISXTQ-UHFFFAOYSA-N,5.301029995663981,1,,0.0,CN(C)CC(O)COc1ccc(Nc2nccc(Nc3cccc(Cl)c3)n2)cc1,413.90900000000005,29,1,CHEMBL317629,CHEMBL1136192,CHEMBL1136192,B
RGIXMSXCHQWNPC-UHFFFAOYSA-N,4.657577319177793,1,,0.0,Nc1ccccc1NC(=O)c1ccc(COc2ccc3ncnc(Nc4cccc(Br)c4)c3c2)cc1,540.4210000000002,36,1,CHEMBL3217993,CHEMBL3217617,CHEMBL3217617,B
RGKJUXUCXBXHFO-OAQYLSRUSA-N,4.381605450295353,2,0.31176980181505176,0.44090908206521817,C=c1c(C(=O)N2CCC[C@@H]2CN2CCCC2)c(C)[nH]c1=Cc1c(O)[nH]c2ccc(S(=O)(=O)Cc3c(Cl)cccc3Cl)cc12,641.6209999999998,43,1,CHEMBL450786,CHEMBL5380784,CHEMBL5380784,B
RGVVHQNJKUNSFQ-WDZFZDKYSA-N,6.214670164989233,1,,0.0,N=C1NC(=O)/C(=C/c2ccc(-c3ccc(S(N)(=O)=O)c(C(F)(F)F)c3)o2)S1,417.3900000000001,27,1,CHEMBL233970,CHEMBL1149560,CHEMBL1149560,B
RHWIDIZNQRAAIU-UHFFFAOYSA-N,7.402304814074488,2,0.0,0.0,Cc1nc2c(F)cc(-c3nc(Nc4ccc5c(n4)CCN(CCN4CCN(C)CC4)C5)ncc3F)cc2n1C(C)(C)C,575.7120000000002,42,2,CHEMBL5979966,CHEMBL5727719,CHEMBL5727719|CHEMBL5728430,B
RHXHGRAEPCAFML-UHFFFAOYSA-N,4.119186407719209,1,,0.0,CN(C)C(=O)c1cc2cnc(Nc3ccc(N4CCNCC4)cn3)nc2n1C1CCCC1,434.54800000000023,32,1,CHEMBL3545110,CHEMBL3638874,CHEMBL3638874,B
RHZYTLOZMHUSKU-UHFFFAOYSA-N,5.8696662315049934,1,,0.0,O=C1NCC2(CCCC2)n2c1cc1cnc(Nc3ccc(N4CCC(N5CCOCC5)CC4)cn3)nc12,502.62300000000045,37,1,CHEMBL3908669,CHEMBL3886995,CHEMBL3886995,B
RIFATCZEERAEMN-UHFFFAOYSA-N,6.431798275933005,1,,0.0,Cn1cc(CCNc2ccc([N+](=O)[O-])cc2C(=O)O)c2ccc(F)cc21,357.34100000000007,26,1,CHEMBL5421048,CHEMBL5380784,CHEMBL5380784,B
RIGZCVNCFXYBEG-UHFFFAOYSA-N,7.431798275933005,1,,0.0,O=C(Cc1ccc2ccccc2c1)Nc1cc(C2CC2)[nH]n1,291.354,22,1,CHEMBL115220,CHEMBL1240533,CHEMBL1240533,B
RJESYXNLLLQOLH-UHFFFAOYSA-N,7.130885688890944,2,0.00016604086545974253,0.0002348172438413343,NC(=O)c1ccc(CC(=O)Nc2cc(C3CC3)[nH]n2)cc1,284.31899999999996,21,1,CHEMBL324577,CHEMBL1140962,CHEMBL1140962,B
RJVBVUWFYMRHRI-UHFFFAOYSA-N,5.9484616094846725,1,,0.0,CN(C)CC(=O)N1CCC(Nc2ncc(Cl)c(-c3c[nH]c4ccccc34)n2)CC1,412.9250000000002,29,1,CHEMBL245732,CHEMBL1139954,CHEMBL1139954,B
RJXWGPDMMDILGJ-UHFFFAOYSA-N,5.42021640338319,1,,0.0,CC(C)Nc1ccc2cnn(-c3cncc(-c4ccc(C(=O)O)cc4)n3)c2c1,373.4160000000001,28,1,CHEMBL4228654,CHEMBL4219163,CHEMBL4219163,B
RKKBVXKJICHLRV-UHFFFAOYSA-N,6.3214816209598865,1,,0.0,C=CC(=O)Nc1ccc(C(=O)Nc2[nH]nc3ccc(-c4cncc(NC(=O)C(N)Cc5ccccc5)c4)cc23)cc1,545.6030000000002,41,1,CHEMBL5274920,CHEMBL5236590,CHEMBL5236590,B
RKKHUCNMQPWUKF-UHFFFAOYSA-N,9.481486060122112,1,,0.0,NS(=O)(=O)c1ccc(Nc2cc(-c3ccc([N+](=O)[O-])cc3)[nH]n2)cc1,359.367,25,1,CHEMBL317703,CHEMBL1136197,CHEMBL1136197,B
RLAJOHAIIACFAM-UHFFFAOYSA-N,5.086186147616283,1,,0.0,CN(C)CCOc1ccc(C=Cc2cc(-c3cc4c(=O)[nH]cnc4[nH]3)ccn2)cc1,401.47,30,1,CHEMBL461140,CHEMBL1152141,CHEMBL1152141,B
RLSSWKHNBFFPTF-OALUTQOASA-N,5.963559029566012,2,0.3491131252557396,0.4937205165391241,C[C@H](O)CN1CCN(c2ccc(Nc3ncc4cc5n(c4n3)C3(CCCCC3)CNC5=O)nc2)C[C@@H]1C,504.63900000000046,37,1,CHEMBL3955667,CHEMBL3886995,CHEMBL3886995,B
RLSSWKHNBFFPTF-RTBURBONSA-N,5.3270446851763875,2,0.05015591174445906,0.07093117062220156,C[C@@H]1CN(c2ccc(Nc3ncc4cc5n(c4n3)C3(CCCCC3)CNC5=O)nc2)CCN1C[C@@H](C)O,504.63900000000046,37,1,CHEMBL4113081,CHEMBL3886995,CHEMBL3886995,B
RLVCFRZZHAKDOE-UHFFFAOYSA-N,6.931814138253838,1,,0.0,CCN1CCN(c2ccc(Nc3ncc(F)c(-c4cc(F)c5nc6n(c5c4)C(C)(C)CC6)n3)nc2)CC1,504.58900000000034,37,1,CHEMBL5841163,CHEMBL5729140,CHEMBL5729140,B
RMCUBSCEQXEGSP-UHFFFAOYSA-N,6.149966742310231,1,,0.0,CN1CCC(n2cc(-c3nc(NC4CCN(S(C)(=O)=O)CC4)ncc3C(F)(F)F)cn2)CC1,487.55200000000025,33,1,CHEMBL5573253,CHEMBL5528049,CHEMBL5528049,B
RMHPTNZDIDOFNC-CJNGLKHVSA-N,7.5,2,0.7071067811865476,1.0,CC[C@H](Nc1nc(NCc2cccc(Cl)c2)c2ncn(C(C)C)c2n1)[C@@H](C)O,402.9300000000001,28,1,CHEMBL3655764,CHEMBL3638727,CHEMBL3638727,B
RMLDMCRTWNEELE-UHFFFAOYSA-N,5.522878745280337,1,,0.0,Cc1cc(N2CCCC2)c2oc(-c3ccc(O)c(O)c3)c(O)c(=O)c2c1,353.37400000000014,26,1,CHEMBL232735,CHEMBL1148833,CHEMBL1148833,B
RMTMSYZHBIXLDA-UHFFFAOYSA-N,6.896196279044043,1,,0.0,CC(=O)NCCNc1cc(-c2ccc[nH]2)c2c3c(ccc(F)c13)NC2=O,352.3690000000001,26,1,CHEMBL312273,CHEMBL1136123,CHEMBL1136123,B
RNDQOIVOIGWXEJ-UHFFFAOYSA-N,8.096910013008056,1,,0.0,CN(C)CCNS(=O)(=O)c1ccc(Nc2nccc(-c3cnc4cccnn34)n2)cc1,438.5170000000001,31,1,CHEMBL484571,CHEMBL1142453,CHEMBL1142453,B
RNEFKROUXLVXSI-UHFFFAOYSA-N,5.0,1,,0.0,CN1CCN(c2cccc3[nH]c(-c4[nH]nc5cc(-c6ccc7[nH]ccc7c6)ccc45)nc23)CC1,447.54600000000016,34,1,CHEMBL520911,CHEMBL1143269,CHEMBL1143269,B
RNFCTZWAYWPDNW-UHFFFAOYSA-N,5.406105018304437,1,,0.0,CC(=O)Nc1ccc(CNc2cc(NC3CCOCC3)nc3c(C(C)C)cnn23)cc1,422.5330000000002,31,1,CHEMBL5558916,CHEMBL5500401,CHEMBL5500401,B
RNLFZYRGFMHTMW-UHFFFAOYSA-N,8.301029995663981,1,,0.0,CN(C)CCCN(C)S(=O)(=O)c1ccc(Nc2nccc(-c3cnc4ccccn34)n2)cc1,465.58300000000014,33,1,CHEMBL70824,CHEMBL1147565,CHEMBL1147565,B
RNNLZMUJWKWKMT-UHFFFAOYSA-N,7.638272163982407,1,,0.0,CNC(=O)Nc1ccc(-c2cc(-c3ccnc(Nc4cccc(S(N)(=O)=O)c4)n3)ccn2)cc1,475.53400000000016,34,1,CHEMBL2158858,CHEMBL2157945,CHEMBL2157945,B
ROBBBICPCFFJRN-UHFFFAOYSA-N,6.96537154337468,1,,0.0,Nc1cc(-c2c[nH]c3ccccc23)nn1-c1nc(Nc2ccc(Cl)cc2)nc(N2CCOCC2)n1,487.95500000000027,35,1,CHEMBL6171172,CHEMBL6134823,CHEMBL6134823,B
ROMAHJZEHBXJSU-UHFFFAOYSA-N,7.667561540084394,2,0.0,0.0,COCCN1CCc2nc(Nc3ncc(F)c(-c4cc(F)c5nc(C)n(C(C)C)c5c4)n3)ccc2C1,493.56200000000024,36,2,CHEMBL4213756,CHEMBL5727719,CHEMBL5727719|CHEMBL5728430,B
RPAYUDDKBDJILL-ONEGZZNKSA-N,6.823908740944319,1,,0.0,Cc1cnc2nc1-c1cccc(c1)OCC/C=C/CN(C)Cc1cccc(c1)N2,386.4990000000001,29,1,CHEMBL1933343,CHEMBL1933054,CHEMBL1933054,B
RPIBISHYKGHEDG-SCELNBNSSA-N,5.0,1,,0.0,CCC(C(=O)N1CCCCC1C(=O)O[C@H](CCc1ccc(OC)c(OC)c1)c1cccc(OCC(=O)NCCOCCOCCOCCOCCOCCOCCOCCCCCCCl)c1)c1cc(OC)c(OC)c(OC)c1,1119.7839999999987,78,1,CHEMBL6149853,CHEMBL6078691,CHEMBL6078691,B
RPJIMTALCNCQLV-UHFFFAOYSA-N,6.455931955649724,1,,0.0,NS(=O)(=O)c1ccc(Nc2cc(OC3CCCCC3)nc3ncnn23)cc1,388.4530000000001,27,1,CHEMBL203407,CHEMBL1138980,CHEMBL1138980,B
RPUUVOATUZVRNA-HNKWHGCMSA-N,7.508638306165727,1,,0.0,NCCCNCCCCNCCCNc1ccc(Nc2nc(N[C@H]3CC[C@H](N)CC3)nc3c2ncn3C2CCCC2)cc1,591.8530000000001,43,1,CHEMBL5178263,CHEMBL5131485,CHEMBL5131485,B
RPWBLTVOOYNWFG-UHFFFAOYSA-N,7.6777807052660805,1,,0.0,NS(=O)(=O)c1ccc(N=Nc2c(O)[nH]c3cccc(OCCc4ccncc4)c23)cc1,437.4810000000002,31,1,CHEMBL272217,CHEMBL1143196,CHEMBL1143196,B
RQQPWZPNFCJSRC-UHFFFAOYSA-N,7.494850021680094,1,,0.0,Cc1ccc(F)c(Nc2nccc(-c3ccc(S(N)(=O)=O)cc3)n2)c1,358.3980000000001,25,1,CHEMBL1241566,CHEMBL1240533,CHEMBL1240533,B
RQXOBAMSPDGWSL-UHFFFAOYSA-N,6.991399828238082,1,,0.0,COc1cc(O)ccc1-c1ccc2c(-c3nc4c(N5CCN(C)CC5)cccc4[nH]3)[nH]nc2c1,454.5340000000002,34,1,CHEMBL474619,CHEMBL1143269,CHEMBL1143269,B
RQZBMIFWKSDKDP-UHFFFAOYSA-N,7.259637310505756,1,,0.0,CNC(=O)c1nn(C)c2c1C(C)(C)Cc1cnc(Nc3ccc(CN4CCN(C)CC4)cc3)nc1-2,474.6130000000003,35,1,CHEMBL549675,CHEMBL1151962,CHEMBL1151962,B
RRHORVAOECWFPT-UHFFFAOYSA-N,6.431798275933005,1,,0.0,N#Cc1cnn2cccnc12,144.13699999999997,11,1,CHEMBL503917,CHEMBL1156543,CHEMBL1156543,B
RRQDXVLCGBXZKN-UHFFFAOYSA-N,6.200659450546418,1,,0.0,CCC1SCC(=O)N1c1c(C#N)c2n(c1C(=O)Nc1ccccc1)CCC2,380.4730000000001,27,1,CHEMBL4471323,CHEMBL4312005,CHEMBL4312005,B
RSDHVIKBVVEOQN-UHFFFAOYSA-N,7.210419287835575,1,,0.0,NS(=O)(=O)c1ccc(Nc2cc(-c3cccc(NC(=O)Nc4cc(C(F)(F)F)ccc4F)c3)[nH]n2)cc1,534.4950000000001,37,1,CHEMBL321939,CHEMBL1136197,CHEMBL1136197,B
RSNSGNZRUMHXAY-UHFFFAOYSA-N,5.381102503363039,2,0.48103611043491945,0.680287791368265,NS(=O)(=O)c1ccc(Nc2cncc(Cl)n2)cc1,284.728,18,2,CHEMBL487738,CHEMBL1157388,CHEMBL1156543|CHEMBL1157388,B
RSZBDSJQRIEBFQ-UHFFFAOYSA-N,7.007402303897962,1,,0.0,O=C(Nc1ccc(N2CCNCC2)cc1)c1[nH]ncc1Nc1cc(Oc2ccccc2)ncn1,456.51000000000016,34,1,CHEMBL5401158,CHEMBL5370533,CHEMBL5370533,B
RTHKPHCVZVYDFN-UHFFFAOYSA-N,7.096910013008056,1,,0.0,Nc1nccc(-c2c3c(=O)cc[nH]c3n3c(N)nccc23)n1,293.29,22,1,CHEMBL380500,CHEMBL5512610,CHEMBL5512610,B
RTRPLGDFQSRVPC-UHFFFAOYSA-N,4.619788758288394,1,,0.0,CCSc1nn2c(Cc3ccccc3)nnc2s1,276.39000000000004,18,1,CHEMBL557237,CHEMBL1152892,CHEMBL1152892,B
RUDUPLMEWHJYEC-UHFFFAOYSA-N,4.3819519032879075,1,,0.0,O=c1[nH]c(O)c(C=NCc2ccn(-c3ccccc3)c(=O)c2)c2cc(I)ccc12,497.2920000000002,29,1,CHEMBL490251,CHEMBL1153424,CHEMBL1153424,B
RUKXABJVRPYOJF-UHFFFAOYSA-N,5.275724130399211,1,,0.0,CN=C(N)SCCCN1C(=O)C2=C(C1=O)n1ccc3cccc(c31)C1Cc3ccccc3N21,457.5590000000002,33,1,CHEMBL447317,CHEMBL1151764,CHEMBL1151764,B
RULLFMXSDPINFN-UHFFFAOYSA-N,6.100617294466735,1,,0.0,CCC(=O)Nc1ccc(CNc2nc(NC3CCN(C)CC3)nc3c(C(C)C)cnn23)cc1,450.5910000000002,33,1,CHEMBL5555640,CHEMBL5500401,CHEMBL5500401,B
RUQPVADMLMMXDR-IBGZPJMESA-N,7.906578314837764,1,,0.0,N[C@H](CNc1ncc(-c2ccc3cnccc3c2)s1)Cc1ccc(C(F)(F)F)cc1,428.4830000000001,30,1,CHEMBL1081263,CHEMBL1154944,CHEMBL1154944,B
RUTCIZOQGCWURK-UHFFFAOYSA-N,5.443697499232712,1,,0.0,N=C(N)SCCCn1c(=O)c2c(c1=O)n1c3ccccc3cc1c1cccc3ccn2c31,441.51600000000013,32,1,CHEMBL489083,CHEMBL1151764,CHEMBL1151764,B
RVBGHTGHDLQSCG-SNAWJCMRSA-N,5.795880017344075,1,,0.0,CN1C/C=C/COCc2ccc(o2)-c2ccnc(n2)Nc2ccc(OCCN3CCCC3)c(c2)C1,475.5930000000004,35,1,CHEMBL2035054,CHEMBL2034857,CHEMBL2034857,B
RVBOIHXTZQGXRV-UHFFFAOYSA-N,8.522878745280337,1,,0.0,O=[N+]([O-])c1ccc(Nc2nccc(-c3cnn4ncccc34)n2)cc1,333.31100000000004,25,1,CHEMBL188938,CHEMBL1143431,CHEMBL1143431,B
RVONHYLJCYPGQH-JOCQHMNTSA-N,4.958607314841775,1,,0.0,Cc1c(N[C@H]2CC[C@H](N)CC2)nc2ccnn2c1Nc1ccc(F)c(Cl)c1,388.87800000000004,27,1,CHEMBL2163994,CHEMBL2163300,CHEMBL2163300,B
RWFVTYXPQZEJCN-UHFFFAOYSA-N,5.185752404268079,1,,0.0,COc1ccc(F)cc1-c1nc2c(NCCCNC(=O)C3CCC3)c(Br)cnc2[nH]1,476.3500000000002,30,1,CHEMBL2011945,CHEMBL2010664,CHEMBL2010664,B
RWKMHYNDBBVNAX-UHFFFAOYSA-N,5.958607314841775,1,,0.0,O=C(O)c1cc(C(F)(F)F)ccc1NCCc1c[nH]c2ccccc12,348.324,25,1,CHEMBL5436881,CHEMBL5380784,CHEMBL5380784,B
RXPIWEJYJNBHBB-UHFFFAOYSA-N,8.522878745280337,1,,0.0,Cc1ncc(-c2ccnc(Nc3ccc(F)cc3)n2)n1C(C)C,311.36400000000003,23,1,CHEMBL478407,CHEMBL1155842,CHEMBL1155842,B
RXQXACYMRVINQU-UHFFFAOYSA-N,8.301029995663981,1,,0.0,O=C(Nc1[nH]nc2cc(-c3ccc(O)cc3)ccc12)C1CC1,293.3260000000001,22,1,CHEMBL260163,CHEMBL1136207,CHEMBL1136207,B
RXZMYLDMFYNEIM-UHFFFAOYSA-N,7.346787486224656,5,0.4054859335155671,0.9066941112607685,CNC(=O)c1nn(C)c2c1C(C)(C)Cc1cnc(Nc3ccc(N4CCN(C)CC4)cc3)nc1-2,460.58600000000024,34,4,CHEMBL564829,CHEMBL1151962,CHEMBL1151962|CHEMBL4270504|CHEMBL5230096|CHEMBL5512649,B
RYGAYBGVUQJRJA-UHFFFAOYSA-N,5.694648630553376,1,,0.0,COc1cc(F)ccc1-c1nc2c(NCCCNC(=O)C3CCC3)c(Br)cnc2[nH]1,476.3500000000002,30,1,CHEMBL2010815,CHEMBL2010664,CHEMBL2010664,B
RYHLQSVMWLBCJO-JWIMYKKASA-N,5.823908740944319,1,,0.0,COC(=O)[C@@]1(Cc2ccc(O)c(CC=C(C)C)c2)OC(=O)C(=O)C1c1ccc(O)cc1,424.4490000000002,31,1,CHEMBL1242973,CHEMBL1240533,CHEMBL1240533,B
RYPUWZOEFAAXRB-UHFFFAOYSA-N,6.484126156288321,1,,0.0,COc1ccc(F)cc1-c1c(F)cnc2[nH]c(C3=CCN(C4CCC(C(=O)O)CC4)CC3)cc12,467.51600000000036,34,1,CHEMBL4777981,CHEMBL5223102,CHEMBL5223102,B
RYPZLFZFYMAFNB-UHFFFAOYSA-N,5.0,1,,0.0,CC(=O)c1ccc(-c2ccc3c(-c4nc5c(N6CCN(C)CC6)cccc5[nH]4)[nH]nc3c2)cc1,450.5460000000001,34,1,CHEMBL472148,CHEMBL1143269,CHEMBL1143269,B
RYQTYXLOEDUZBQ-TYUJQUHCSA-N,8.096910013008056,1,,0.0,C[C@@H](Nc1nc(Nc2ccc(S(=N)(=O)C3CC3)cc2)ncc1Br)C(C)(C)O,454.3940000000001,27,1,CHEMBL3648074,CHEMBL3638817,CHEMBL3638817,B
RYUQDJFJKIZISW-UHFFFAOYSA-N,6.988852639224202,1,,0.0,O=C(Nc1ccc(Cl)cc1)N1CCN(c2nnc(Cc3ccccc3)c3ccccc23)CC1,457.96500000000026,33,1,CHEMBL5431565,CHEMBL5352421,CHEMBL5352421,B
RYUUEMRVNZONDM-UHFFFAOYSA-N,8.301029995663981,1,,0.0,O=C(N=C1NNC2=CC=CC21)C1CC1,189.21799999999996,14,1,CHEMBL500804,CHEMBL1156672,CHEMBL1156672,B
RZFJBSIAXYEPBX-UHFFFAOYSA-N,5.1487416512809245,1,,0.0,CCN(CC)S(=O)(=O)c1cc(Nc2nccc(-c3ccnc(-c4ccc(NC(=O)NC)cc4)c3)n2)ccc1Cl,566.0870000000002,39,1,CHEMBL2158866,CHEMBL2157945,CHEMBL2157945,B
RZFLNGLSNUTNMG-UHFFFAOYSA-N,5.337242168318426,1,,0.0,COc1cc(NCCc2c[nH]c3ccccc23)c(C(=O)O)cc1[N+](=O)[O-],355.35000000000014,26,1,CHEMBL5428330,CHEMBL5380784,CHEMBL5380784,B
RZZXVVUNTHOTSQ-UHFFFAOYSA-N,6.207608310501746,1,,0.0,N#Cc1cnn2c(NCc3ccncc3)cc(-c3ccccc3)nc12,326.36300000000006,25,1,CHEMBL3642653,CHEMBL3639187,CHEMBL3639187,B
SAIXTBXXQWMWMW-UHFFFAOYSA-N,6.931814138253838,1,,0.0,CCOP(=O)(OCC)N(C)CCN1CCc2nc(Nc3ncc(F)c(-c4cc(F)c5nc(C)n(C(C)C)c5c4)n3)ccc2C1,628.665,44,1,CHEMBL4525034,CHEMBL5728430,CHEMBL5728430,B
SAKBODKHQMFEKY-UHFFFAOYSA-N,5.0,1,,0.0,CN1CCN(c2cccc3[nH]c(-c4[nH]nc5cc(-c6ccc(CN)cc6)ccc45)nc23)CC1,437.5510000000002,33,1,CHEMBL474433,CHEMBL1143269,CHEMBL1143269,B
SAKHMWHBWMDUMO-UHFFFAOYSA-N,7.698970004336019,2,0.0,0.0,CNCCN1CCc2nc(Nc3ncc(F)c(-c4cc(F)c5nc(C)n(C6(C)CC6)c5c4)n3)ccc2C1,504.58900000000034,37,2,CHEMBL5933703,CHEMBL5727719,CHEMBL5727719|CHEMBL5728430,B
SALMKXDVOXFTFG-UHFFFAOYSA-N,7.266802734893431,2,0.0,0.0,Cc1nc2c(F)cc(-c3nc(Nc4ccc5c(n4)CCN(C(=O)NCCN(C)C)C5)ncc3F)cc2n1C(C)C,549.6300000000002,40,2,CHEMBL5976683,CHEMBL5727719,CHEMBL5727719|CHEMBL5728430,B
SBOSVLRBKPEZMQ-UHFFFAOYSA-N,6.772370350428991,1,,0.0,CC(C)N1c2cc(Nc3nccc(-c4cncc5ccccc45)n3)ccc2N(C)C(=O)C1C,438.5350000000002,33,1,CHEMBL4742169,CHEMBL4725348,CHEMBL4725348,B
SCACHXWSWJBIHG-DZGCQCFKSA-N,7.045757490560675,1,,0.0,CC[C@@H](Nc1nc(NCc2cccnc2)c2ncn(C(C)C)c2n1)[C@H](C)O,369.4730000000001,27,1,CHEMBL1922218,CHEMBL3639056,CHEMBL3639056,B
SCACHXWSWJBIHG-HIFRSBDPSA-N,7.240743030061056,2,0.39900015489294094,0.5642714304385628,CC[C@H](Nc1nc(NCc2cccnc2)c2ncn(C(C)C)c2n1)[C@@H](C)O,369.4730000000001,27,2,CHEMBL1922219,CHEMBL3639056,CHEMBL3639056|CHEMBL5223102,B
SCDIXZFAKXJIIG-UHFFFAOYSA-N,4.903089986991944,1,,0.0,O=c1[nH]c(O)c(C=NCc2ccc(O)c(O)c2)c2ccccc12,310.30899999999997,23,1,CHEMBL450383,CHEMBL1153424,CHEMBL1153424,B
SCIUSXXNEKMFGZ-VOTSOKGWSA-N,8.10790539730952,1,,0.0,CN(C)C/C=C/C(=O)Nc1ccc(C(=O)Nc2ncc(SCc3ncc(C(C)(C)C)o3)s2)cc1,499.66200000000026,34,1,CHEMBL4756353,CHEMBL4739712,CHEMBL4739712,B
SCJNYBYSTCRPAO-LXBQGUBHSA-N,5.674279141980588,1,,0.0,CN(C)C/C=C/C(=O)Nc1ccc(C(=O)N[C@@]2(C)CCC[C@@H](Nc3ncc(Cl)c(-c4c[nH]c5ccccc45)n3)C2)nc1,587.128,42,1,CHEMBL4582951,CHEMBL4610077,CHEMBL4610077,B
SDAWBLGFXWXOCC-UHFFFAOYSA-N,7.882728704344236,2,0.0,0.0,Cc1nc2c(F)cc(-c3nc(Nc4ccc5c(n4)CCN(CCS(C)(=O)=O)C5)ncc3F)cc2n1C(C)(C)C,555.6550000000002,39,2,CHEMBL5979303,CHEMBL5727719,CHEMBL5727719|CHEMBL5728430,B
SDGMMQJEGBDKJW-GFCCVEGCSA-N,7.366531544420414,1,,0.0,C#CCS(=O)(=O)c1ccc(Nc2ncc(C(F)(F)F)c(O[C@H](C)C(C)(C)O)n2)cc1,443.4470000000002,30,1,CHEMBL3644025,CHEMBL3639233,CHEMBL3639233,B
SDUVOQLCGBPUHH-UHFFFAOYSA-N,7.040958607678906,1,,0.0,COc1cc(F)c(C(=O)c2c(N)nc3ccc(C(=O)c4c(F)cccc4F)cn23)c(F)c1,443.3560000000001,32,1,CHEMBL360596,CHEMBL1138729,CHEMBL1138729,B
SDVAHCXGDGYWFA-UHFFFAOYSA-N,6.214670164989233,1,,0.0,CN1CCN(C(=O)c2ccc3c(c2)[nH]c2c(C(N)=O)ccc(-c4ccccc4F)c23)CC1,430.4830000000002,32,1,CHEMBL3621496,CHEMBL3621099,CHEMBL3621099,B
SEAAQBDCEFFTFY-UHFFFAOYSA-N,6.71397039949181,1,,0.0,O=C(Nc1ccc(N2CCNCC2)cc1)c1[nH]ncc1Nc1cc(C2CC2)ncn1,404.4780000000002,30,1,CHEMBL5415967,CHEMBL5370533,CHEMBL5370533,B
SEFQVFHHLQCVHJ-UHFFFAOYSA-N,6.47638358094563,1,,0.0,CC(C)N1CCC(c2cc3c(-c4cnn(CC5CC5)c4)c(Cl)cnc3[nH]2)CC1,397.95400000000006,28,1,CHEMBL6161225,CHEMBL6092142,CHEMBL6092142,B
SEKBBOWCTFTKRL-UHFFFAOYSA-N,9.0,1,,0.0,Cc1ncc(-c2nc(Nc3ccc(C(=O)NC4CCN(C)CC4)c(F)c3)ncc2F)n1C(C)C,469.5400000000002,34,1,CHEMBL509406,CHEMBL1152195,CHEMBL1152195,B
SELYMTMAYFSILA-UHFFFAOYSA-N,6.6401645176601125,1,,0.0,CC(C)(C)c1cnc(CSc2cnc(NCC3CCNCC3)s2)o1,366.55600000000015,24,1,CHEMBL524629,CHEMBL1143434,CHEMBL1143434,B
SESXHBRHIPVWPS-UHFFFAOYSA-N,7.220403508742176,2,0.0,0.0,CCOP(=O)(OCC)C1(O)CCN(CCN2CCc3nc(Nc4ncc(F)c(-c5cc(F)c6nc(C)n(C(C)(C)C)c6c5)n4)ccc3C2)C1,698.7559999999999,49,2,CHEMBL5845923,CHEMBL5727719,CHEMBL5727719|CHEMBL5728430,B
SEVGOOROBLVJGK-UHFFFAOYSA-N,4.886056647693163,1,,0.0,C#Cc1cccc(Nc2ncnc3ccc(OCc4ccc(C(=O)Nc5ccccc5N)cc4)cc23)c1,485.5470000000002,37,1,CHEMBL3218000,CHEMBL3217617,CHEMBL3217617,B
SFQJTSXHVUPLIV-UHFFFAOYSA-N,8.522878745280337,1,,0.0,Cc1ncc(-c2ccnc(Nc3ccc(N4CCN(S(=O)(=O)CCN(C)C)CC4)cc3)n2)n1C(C)C,512.6840000000003,36,1,CHEMBL477785,CHEMBL1155842,CHEMBL1155842,B
SGTZBEQVIHRDED-UHFFFAOYSA-N,5.0,1,,0.0,COC(=O)c1ccc(NCCc2c[nH]c3ccccc23)c(C(=O)O)c1,338.3630000000001,25,1,CHEMBL5419968,CHEMBL5380784,CHEMBL5380784,B
SHDGEOLPEYTGCG-FQEVSTJZSA-N,6.785288578994615,1,,0.0,Cc1[nH]nc2ccc(-c3cc(N[C@@H](CO)c4ccccc4)cnc3Cl)cc12,378.8630000000001,27,1,CHEMBL4876497,CHEMBL4840335,CHEMBL4840335,B
SHKLUCMYFCYADL-ZHACJKMWSA-N,6.187086643357144,1,,0.0,CCN(/C=C/c1nc(Nc2ccccc2)nc2[nH]cnc12)CC,308.3890000000001,23,1,CHEMBL6191482,CHEMBL6182841,CHEMBL6182841,B
SHYISNSHAFWMHQ-UHFFFAOYSA-N,4.772113295386326,1,,0.0,COc1coc(CN=Cc2c(=O)[nH]c(O)c3ccc(Br)cc23)cc1=O,405.2040000000001,25,1,CHEMBL489030,CHEMBL1153424,CHEMBL1153424,B
SICVBGDJQNMSDS-UHFFFAOYSA-N,6.093772736947641,1,,0.0,CC(C)c1cnn2c(NCc3ccc(NC(=O)C4(F)CC4)cc3)nc(NC3CCOCC3)nc12,467.5490000000003,34,1,CHEMBL5527848,CHEMBL5500401,CHEMBL5500401,B
SIDFXEKFFOCXKK-UHFFFAOYSA-N,5.09151498112135,1,,0.0,CC(=O)Nc1ccc2c(=O)[nH]c(O)c(C=Nc3ccc(CN4CCCCC4)cc3)c2c1,418.49700000000024,31,1,CHEMBL488548,CHEMBL1150411,CHEMBL1150411,B
SIJAJBIYANDPCR-UHFFFAOYSA-N,4.585026652029182,1,,0.0,Brc1cccc(-c2cc(NCc3ccncc3)n3ncnc3n2)c1,381.237,24,1,CHEMBL203006,CHEMBL1138980,CHEMBL1138980,B
SIMJTPTVYRLFAT-UHFFFAOYSA-N,5.7644055029316235,2,0.32706958756306914,0.4625462465714669,CC1CN(c2ccc(Nc3ncc4cc5n(c4n3)C3(CCCC3)CNC5=O)nc2)CCN1CC1CC1,486.6240000000005,36,1,CHEMBL3972093,CHEMBL3886995,CHEMBL3886995,B
SJSDASQLMLBPML-UHFFFAOYSA-N,8.045757490560675,1,,0.0,CC(C)(C)c1cnc(CSc2cnc(NC3CCCCC3)s2)o1,351.54100000000017,23,1,CHEMBL496785,CHEMBL1143434,CHEMBL1143434,B
SJXZTTFVVYAFTL-UHFFFAOYSA-N,6.620331965966346,1,,0.0,S=C(Nc1ccccc1)N1CCN(c2nnc(Cc3ccccc3)c3ccccc23)CC1,439.5880000000002,32,1,CHEMBL5407116,CHEMBL5352421,CHEMBL5352421,B
SLCCUCULKBLWSV-UHFFFAOYSA-N,4.4089353929735005,1,,0.0,COc1cc[nH]c1C=C1C(=O)Nc2ccc([N+](=O)[O-])cc21,285.259,21,1,CHEMBL1952030,CHEMBL5252532,CHEMBL5252532,B
SLPSOQSJJLVJPX-SUMWQHHRSA-N,7.1487416512809245,1,,0.0,CC[C@@H](NC(=O)N1CCc2cnc(N[C@@H](C)CO)nc2C1)c1ccc(OC)c(Cl)c1,433.94000000000017,30,1,CHEMBL3298312,CHEMBL3297705,CHEMBL3297705,B
SMJAMOAYGIVKRI-UHFFFAOYSA-N,6.805673786540629,2,0.0061247800336247235,0.008661746990104469,CC(C)(C)c1ccc(C(=O)Nc2cn3cc(-n4ccnc4)ccc3n2)cc1,359.43300000000005,27,2,CHEMBL1642655|CHEMBL4778541,CHEMBL4007491,CHEMBL4007491|CHEMBL5465560,B
SMYIRTWZKCFRRG-UHFFFAOYSA-N,5.102372908709558,1,,0.0,CN(C)C(=O)c1cc2cnc(Nc3ccc(-c4cnn(C)c4)cc3Cl)cc2[nH]1,394.86600000000004,28,1,CHEMBL5598262,CHEMBL5584232,CHEMBL5584232,B
SNHLUTGILRDGER-UHFFFAOYSA-N,6.537602002101044,1,,0.0,CCOc1cc(F)ccc1-c1nc(Nc2cc(F)cc(CS(C)(=O)=NC#N)c2)ncc1F,461.46900000000016,32,1,CHEMBL3923419,CHEMBL3886246,CHEMBL3886246,B
SNNGPRMPZIXZQE-UHFFFAOYSA-N,7.795880017344075,1,,0.0,Cc1ncc(-c2ccnc(Nc3ccc(N4CCN(C(=O)CN(C)C)CC4)cc3)n2)n1C(C)C,462.60200000000026,34,1,CHEMBL478241,CHEMBL1155842,CHEMBL1155842,B
SNTQCQYHQRHGKY-UHFFFAOYSA-N,7.619788758288394,1,,0.0,O=C(Cc1ccccc1Cl)Nc1[nH]nc2ccc(N3CCCS3(=O)=O)cc12,404.87900000000025,27,1,CHEMBL255463,CHEMBL1141545,CHEMBL1141545,B
SOFBJAGASYHSSD-UHFFFAOYSA-N,4.795880017344075,1,,0.0,CNc1nc2oc(-c3ccccc3)nc2c2c1ncn2C,279.303,21,1,CHEMBL493940,CHEMBL1153345,CHEMBL1153345,B
SOHOEERULHWXJB-UHFFFAOYSA-N,7.490797477668897,2,0.0,0.0,C=CC(=O)N1CCc2nc(Nc3ncc(F)c(-c4cc(F)c5nc(C)n(C(C)C)c5c4)n3)ccc2C1,489.53000000000026,36,2,CHEMBL5947385,CHEMBL5727719,CHEMBL5727719|CHEMBL5728430,B
SOKOQHNUYVVYND-UHFFFAOYSA-N,4.443697499232713,1,,0.0,COc1ccc2[nH]nc(C(=O)NCC3CCN(CCc4ccc(O)cc4)CC3)c2c1,408.5020000000002,30,1,CHEMBL3736216,CHEMBL3886303,CHEMBL3886303,B
SOSTXYOXUQYPHG-UHFFFAOYSA-N,6.366531544420413,1,,0.0,CNC(=O)N=S(C)(=O)Cc1cccc(Nc2ncc(F)c(-c3ccc(F)cc3OC)n2)c1,461.4940000000002,32,1,CHEMBL3916775,CHEMBL3886246,CHEMBL3886246,B
SOTHNRIRXPUQEZ-UHFFFAOYSA-N,5.7447274948966935,1,,0.0,O=C(Nc1ccccc1)Nc1c[nH]nc1-c1nc2cc(CN3CCOCC3)ccc2[nH]1,417.47300000000024,31,1,CHEMBL458420,CHEMBL1139387,CHEMBL1139387,B
SPKWRLBKVPRPMT-UHFFFAOYSA-N,7.787812395596042,2,0.0,0.0,Cc1nc2c(F)cc(-c3nc(Nc4ccc5c(n4)CCN(CCN(C)C)C5)ncc3F)cc2n1C1(C)CC1,518.6160000000003,38,2,CHEMBL4542247,CHEMBL5727719,CHEMBL5727719|CHEMBL5728430,B
SPOFFKVTLHJRNT-UHFFFAOYSA-N,4.954677021213342,1,,0.0,O=C1NCC2(CCCC2)n2c1cc1cnc(Nc3ccc(N4CCNCC4)cn3)nc12,418.5050000000002,31,1,CHEMBL3954643,CHEMBL3886995,CHEMBL3886995,B
SQAZXWOTKSSCBZ-UHFFFAOYSA-N,7.4179366370882915,1,,0.0,COC(=O)N1CCc2nc(Nc3ncc(F)c(-c4cc(F)c5nc(C)n(C(C)C)c5c4)n3)ccc2C1,493.51800000000026,36,1,CHEMBL5953872,CHEMBL5727719,CHEMBL5727719,B
SQLOMAVYVXFQBS-UHFFFAOYSA-N,7.031517051446065,3,0.0,0.0,CCOc1cccc2[nH]c(O)c(N=Nc3ccc(S(N)(=O)=O)cc3)c12,360.3950000000001,25,3,CHEMBL411696,CHEMBL1137075,CHEMBL1134300|CHEMBL1137075|CHEMBL1143196,B
SQUNOCMDMIQIQK-OAHLLOKOSA-N,7.3979400086720375,1,,0.0,CC[C@H](CO)Nc1nc(NCc2ccccc2)n2ncc(C(C)C)c2n1,354.45800000000014,26,1,CHEMBL482193,CHEMBL1143353,CHEMBL1143353,B
SQUNXPPTEPGMQR-HNNXBMFYSA-N,7.154901959985743,1,,0.0,CC[C@H](Nc1nc(NCc2cccnc2)c2ncn(C(C)C)c2n1)C(C)(C)O,383.50000000000017,28,1,CHEMBL1922212,CHEMBL3639056,CHEMBL3639056,B
SQUNXPPTEPGMQR-OAHLLOKOSA-N,6.698970004336019,1,,0.0,CC[C@@H](Nc1nc(NCc2cccnc2)c2ncn(C(C)C)c2n1)C(C)(C)O,383.50000000000017,28,1,CHEMBL1922123,CHEMBL3639056,CHEMBL3639056,B
SRVJJZNXRMYPNY-UHFFFAOYSA-N,5.327902142064282,1,,0.0,CN(C)C(=O)c1cc2cnc(Nc3ccc(C(=O)N(C)CCN)cn3)nc2n1C1CCCC1,450.5470000000003,33,1,CHEMBL3658028,CHEMBL3638874,CHEMBL3638874,B
SSIOYGMEKCPFAV-UHFFFAOYSA-N,7.392767500374136,4,0.17949365390702207,0.3108921282031458,Cc1nc2c(F)cc(-c3nc(Nc4ccc5c(n4)CCN(C(=O)C(C)N(C)C)C5)ncc3F)cc2n1C(C)C,534.6150000000002,39,2,CHEMBL5784667|CHEMBL5856237,CHEMBL5727719,CHEMBL5727719|CHEMBL5728430,B
SSMMYRQDZBSVCY-JHJMLUEUSA-N,7.872363747448347,2,0.6062256219581418,0.857332496431269,C[C@H]1CNCC(C(=O)Nc2ncc(SCc3ncc(C(C)(C)C)o3)s2)C1,394.5660000000002,26,1,CHEMBL452601|CHEMBL455450,CHEMBL1152130,CHEMBL1152130,B
SSMMYRQDZBSVCY-PXYINDEMSA-N,7.198970004336019,2,0.7071067811865476,1.0,C[C@@H]1CNCC(C(=O)Nc2ncc(SCc3ncc(C(C)(C)C)o3)s2)C1,394.5660000000002,26,1,CHEMBL452602|CHEMBL510566,CHEMBL1152130,CHEMBL1152130,B
SSMMYRQDZBSVCY-UHFFFAOYSA-N,6.853871964321762,1,,0.0,CC1CNCC(C(=O)Nc2ncc(SCc3ncc(C(C)(C)C)o3)s2)C1,394.5660000000002,26,1,CHEMBL454646,CHEMBL1152130,CHEMBL1152130,B
SSUYSUSCBUXMBR-VOTSOKGWSA-N,5.2860057323393566,1,,0.0,C(=C\c1nccc(-c2c[nH]c3cnccc23)n1)/c1ccccc1,298.349,23,1,CHEMBL3421978,CHEMBL3421608,CHEMBL3421608,B
SSVSKCKWUAPYHI-UHFFFAOYSA-N,7.4723700991286615,2,0.0,0.0,Cc1nc2c(F)cc(-c3nc(Nc4ccc5c(n4)CCN(C(=O)CN(C)C)C5)ncc3F)cc2n1C(C)C,520.5880000000003,38,2,CHEMBL4212532,CHEMBL5727719,CHEMBL5727719|CHEMBL5728430,B
STJKLSZICWMZSS-HSALFYBXSA-N,5.846912985333774,2,0.5333178716007358,0.7542253670737136,C[C@@H]1CN(c2ccc(Nc3ncc4cc5n(c4n3)C3(CCCCC3)CNC5=O)nc2)C[C@H](C)N1C[C@@H](C)O,518.6660000000005,38,1,CHEMBL4114182,CHEMBL3886995,CHEMBL3886995,B
STJKLSZICWMZSS-ZCNNSNEGSA-N,5.809860904858127,2,0.5363190179520054,0.7584696289463455,C[C@H](O)CN1[C@H](C)CN(c2ccc(Nc3ncc4cc5n(c4n3)C3(CCCCC3)CNC5=O)nc2)C[C@@H]1C,518.6660000000004,38,1,CHEMBL3938919,CHEMBL3886995,CHEMBL3886995,B
STUWLZLECDWAFU-UHFFFAOYSA-N,4.346787486224656,1,,0.0,COc1ccc(NCCc2c[nH]c3ccccc23)c(C(=O)O)c1,310.35300000000007,23,1,CHEMBL5427047,CHEMBL5380784,CHEMBL5380784,B
SUBNLERWESOYMX-YRNVUSSQSA-N,6.356547323513812,1,,0.0,ON=C(O)/C=C/c1ccc(-c2ccc3ncnc(Nc4ccc(OCc5cccc(F)c5)c(Cl)c4)c3c2)s1,547.0110000000002,38,1,CHEMBL1630108,CHEMBL1629443,CHEMBL1629443,B
SUEYATVNHWMTSO-UHFFFAOYSA-N,7.449771646944906,2,0.0,0.0,Cc1nc2c(F)cc(-c3nc(Nc4ccc5c(n4)CCN(CC#CCN(C)C)C5)ncc3F)cc2n1C(C)C,530.6270000000003,39,2,CHEMBL5976517,CHEMBL5727719,CHEMBL5727719|CHEMBL5728430,B
SUIVLXMKJVEBQK-UHFFFAOYSA-N,7.721246399047171,1,,0.0,NS(=O)(=O)c1cccc(Nc2nccc(-c3ccnc(N4CCOCC4)c3)n2)c1,412.47500000000025,29,1,CHEMBL2158845,CHEMBL2157945,CHEMBL2157945,B
SVCOVGATBWDHBS-UHFFFAOYSA-N,4.275724130399211,1,,0.0,COc1cc(N2CCN(C(C)=O)CC2)ccc1Nc1ncc(OC)c(-c2cnc3ccccn23)n1,473.5370000000002,35,1,CHEMBL1809197,CHEMBL1806477,CHEMBL1806477,B
SVDZAHIXXZVRSI-UHFFFAOYSA-N,4.42021640338319,1,,0.0,Cc1cc([N+](=O)[O-])cc(C(=O)O)c1NCCc1c[nH]c2ccccc12,339.351,25,1,CHEMBL5407688,CHEMBL5380784,CHEMBL5380784,B
SVOFPTVACXACGU-SECBINFHSA-N,9.096910013008056,1,,0.0,CC[C@@H](C)Oc1nc(Nc2ccc(S(N)(=O)=O)cc2)nc(N)c1C=O,365.41500000000013,25,1,CHEMBL4088242,CHEMBL4004788,CHEMBL4004788,B
SVSLKZGKLLNZJL-UHFFFAOYSA-N,4.393618634889395,1,,0.0,Cc1cc(C)nc(Sc2cc(=O)c3c(O)cc(O)c(C4CCN(C)CC4O)c3o2)n1,429.4980000000002,30,1,CHEMBL323015,CHEMBL1136795,CHEMBL1136795,B
SVXDTIUTCGVODS-UHFFFAOYSA-N,7.142064735280571,2,0.0,0.0,Cc1nc2c(F)cc(-c3nc(Nc4ccc5c(n4)CCNC5)ncc3F)cc2n1C1CCC1,447.4930000000002,33,2,CHEMBL5781074,CHEMBL5727719,CHEMBL5727719|CHEMBL5728430,B
SWDWTTRSGVDCKP-UHFFFAOYSA-N,7.267606240177031,1,,0.0,O=C1Nc2ccc(F)c3c(NCCO)cc(-c4ccc[nH]4)c1c23,311.31600000000003,23,1,CHEMBL83499,CHEMBL1136123,CHEMBL1136123,B
SWHALWMKROAPPG-UHFFFAOYSA-N,6.962573502059376,1,,0.0,Cc1nc2c(F)cc(-c3nc(Nc4ccc5c(n4)CCNC5)ncc3F)cc2n1CC1CC1,447.4930000000002,33,1,CHEMBL5751375,CHEMBL5727719,CHEMBL5727719,B
SWIJDJBVBQCVKN-UHFFFAOYSA-N,5.771856392402258,1,,0.0,Nc1nc2ccc(C(=Cc3nn[nH]n3)c3c(F)cccc3F)cn2c1C(=O)c1c(F)cccc1F,479.39700000000016,35,1,CHEMBL185914,CHEMBL1138729,CHEMBL1138729,B
SWKYFDMTGMTWDP-UHFFFAOYSA-N,5.173925197299173,1,,0.0,Nc1ccc(CN=Cc2c(=O)[nH]c(O)c3ccc(Br)cc23)cc1O,388.22100000000006,24,1,CHEMBL502651,CHEMBL1153424,CHEMBL1153424,B
SWWXXPBMWZJWOL-SNAWJCMRSA-N,6.1487416512809245,1,,0.0,CN1C/C=C/COCc2ccc(s2)-c2ccnc(n2)Nc2ccc(OCCN3CCCC3)c(c2)C1,491.66100000000046,35,1,CHEMBL2035055,CHEMBL2034857,CHEMBL2034857,B
SXJKXTZFHYHUNX-UHFFFAOYSA-N,6.3979400086720375,1,,0.0,COc1ccc(Nc2cc3[nH]c(-c4cn[nH]c4)cc3cn2)cc1,305.341,23,1,CHEMBL3109949,CHEMBL5584232,CHEMBL5584232,B
SXKFTXGXWMOOTG-UHFFFAOYSA-N,7.309803919971486,1,,0.0,O=C1NCC=c2c1c[nH]c2=Cc1c(O)[nH]c2cccc(C3CCNCC3)c12,362.43300000000005,27,1,CHEMBL58466,CHEMBL1136528,CHEMBL1136528,B
SXMLFYVKHGTDIW-UHFFFAOYSA-N,7.886056647693163,1,,0.0,COc1ccc(-c2[nH]nc3c2C(=O)c2c(NC(=O)CN4CCN(C(=N)N)CC4)cccc2-3)cc1,459.5100000000002,34,1,CHEMBL148580,CHEMBL4406795,CHEMBL4406795,B
SXVVQLGGDQUNKQ-UHFFFAOYSA-N,7.600326278518962,2,0.0,0.0,Cc1nc2c(F)cc(-c3nc(Nc4ccc5c(n4)CCN(CCN(C)CC[Si](C)(C)C)C5)ncc3F)cc2n1C(C)C,592.8150000000003,42,2,CHEMBL4439999,CHEMBL5727719,CHEMBL5727719|CHEMBL5728430,B
SXWPDFYGSHSGBS-UHFFFAOYSA-N,5.086186147616283,1,,0.0,Nc1nccc(-n2ccc3ccc(Br)cc32)n1,289.136,17,1,CHEMBL2334965,CHEMBL2346586,CHEMBL2346586,B
SYGZEVSXMXZNJX-UHFFFAOYSA-N,7.769551078621726,1,,0.0,CC(C)C1CC(C(=O)Nc2ncc(SCc3ncc(C(C)(C)C)o3)s2)CCN1,422.62000000000023,28,1,CHEMBL509012,CHEMBL1152130,CHEMBL1152130,B
SYIMHFDDXYQQAG-UHFFFAOYSA-N,5.875169850586141,1,,0.0,CC(C)c1cnn2c(NCc3ccc(N)cc3)nc(OC3CCN(C)CC3)nc12,395.51100000000025,29,1,CHEMBL5517798,CHEMBL5500401,CHEMBL5500401,B
SYLBCDWZFLYHIX-UHFFFAOYSA-N,5.612788199686269,1,,0.0,O=C1NC(=O)C2=C1c1cn(c3ccccc13)CCOCCOCCOCCn1cc2c2cccnc21,486.52800000000036,36,1,CHEMBL340935,CHEMBL1145082,CHEMBL1145082,B
SYPGWQCWWXBNKA-HAQNSBGRSA-N,8.154901959985743,1,,0.0,CC(C)(C)c1cnc(CSc2cnc(N[C@H]3CC[C@H](O)CC3)s2)o1,367.54000000000013,24,1,CHEMBL495557,CHEMBL1143434,CHEMBL1143434,B
SYQYDDZJODBESY-UHFFFAOYSA-N,8.0,1,,0.0,O=C(Cc1cccc(F)c1)Nc1[nH]nc2ccc(N3CCCS3(=O)=O)cc12,388.4240000000002,27,1,CHEMBL255262,CHEMBL1141545,CHEMBL1141545,B
SZRKXCASACKTFU-UHFFFAOYSA-N,6.234772078207662,2,0.48363565016541565,0.6839640957110609,O=C1NCC2(CCCCC2)n2c1cc1cnc(Nc3ccc(N4CCN(CC5CC5)CC4)cn3)nc12,486.6240000000004,36,1,CHEMBL3986852,CHEMBL3886995,CHEMBL3886995,B
SZRLOUJSZUQGCD-UHFFFAOYSA-N,6.503070351926786,1,,0.0,Cc1nc2c(F)cc(-c3nc(Nc4ccc5c(n4)CCN(C(=O)CCN(C)C)C5)ncc3F)cc2n1C1CC1,532.5990000000002,39,1,CHEMBL5839538,CHEMBL5727719,CHEMBL5727719,B
TUCLZQAUTAVVBA-UHFFFAOYSA-N,9.301029995663981,1,,0.0,CC(=O)NC1CN(c2ccc(Nc3ncc(F)c(-c4cnc(C)n4C(C)C)n3)cc2)C1,423.4960000000002,31,1,CHEMBL476577,CHEMBL1155842,CHEMBL1155842,B
TUSYHQBFGFIWOG-UHFFFAOYSA-N,7.522878745280337,1,,0.0,CC(C)C(CO)Nc1nc(NCc2cccc(O)c2)c2ncn(C(C)C)c2n1,384.4840000000001,28,1,CHEMBL84944,CHEMBL1133758,CHEMBL1133758,B
TVOSCVSFFYTFBC-KBPBESRZSA-N,7.376750709602099,1,,0.0,Cc1cc(-c2cc(N3C[C@H](O)[C@@H](O)C3)ccc2O)nc(N)n1,302.33400000000006,22,1,CHEMBL1800450,CHEMBL1799991,CHEMBL1799991,B
TVZCIMNGAOZHSH-UHFFFAOYSA-N,7.2441251443275085,1,,0.0,COc1ccc(-c2[nH]nc3c2C(=O)c2c(C=O)cccc2-3)cc1,304.305,23,1,CHEMBL4453997,CHEMBL4406795,CHEMBL4406795,B
TWAIYMKBHKNSRO-IBGZPJMESA-N,6.167491087293763,1,,0.0,O=C(N[C@@H](c1ccc(Cl)c(Cl)c1)C1CNC1)c1ccc2cnccc2c1,386.28200000000015,26,1,CHEMBL1823655,CHEMBL1821694,CHEMBL1821694,B
TWAIYMKBHKNSRO-LJQANCHMSA-N,5.008773924307505,1,,0.0,O=C(N[C@H](c1ccc(Cl)c(Cl)c1)C1CNC1)c1ccc2cnccc2c1,386.28200000000015,26,1,CHEMBL1823656,CHEMBL1821694,CHEMBL1821694,B
TWBXLKWAYLBJOV-UHFFFAOYSA-N,6.549055705855681,2,0.20286646946080208,0.2868965124622136,O=C1NCC2(CCCC2)n2c1cc1cnc(Nc3ccc(C(=O)N4CCN(CC5CC5)CC4)cn3)nc12,500.6070000000004,37,1,CHEMBL3942483,CHEMBL3886995,CHEMBL3886995,B
TWNUIDQVTSUXKY-UHFFFAOYSA-N,6.958607314841775,1,,0.0,C#CCN1CCC(N2CCc3nc(Nc4ncc(F)c(-c5cc(F)c6nc(C)n(C(C)C)c6c5)n4)ccc3C2)C1,542.6380000000001,40,1,CHEMBL5774473,CHEMBL5728430,CHEMBL5728430,B
TWRIPCVWWMPBCA-OWOJBTEDSA-N,6.698970004336019,1,,0.0,C1=C/COCc2cncc(c2)-c2ccnc(n2)Nc2cccc(c2)COC/1,360.41700000000014,27,1,CHEMBL2035046,CHEMBL2034857,CHEMBL2034857,B
TWTKMJWAXOPXSX-UHFFFAOYSA-N,7.242566808005372,4,1.7512586816894438,3.4480188730153545,O=C1NCC2(CCCCC2)n2c1cc1cnc(Nc3ccc(N4CCNCC4)cn3)nc12,432.53200000000027,32,1,CHEMBL3890528,CHEMBL3886995,CHEMBL3886995,B
TXYDVOWCSZIRIZ-UHFFFAOYSA-N,7.537602002101044,1,,0.0,COc1cc(F)c(C(=S)c2c(N)nc3ccc(C(=O)c4c(F)cccc4F)cn23)c(F)c1,459.42400000000015,32,1,CHEMBL185971,CHEMBL1138729,CHEMBL1138729,B
TYQOIFDVJMCWNW-XOKHGSTOSA-N,8.698970004336019,1,,0.0,C[C@@H](NC(=O)N1CCc2cnc(N[C@H]3CCO[C@@H](CO)C3)nc2C1)c1ccc(Cl)c(Cl)c1,480.3960000000003,32,1,CHEMBL3298199,CHEMBL3297705,CHEMBL3297705,B
TYRDCYYKRYFRKP-UHFFFAOYSA-N,8.698970004336019,1,,0.0,Cc1ncc(-c2nc(Nc3ccc(C(=O)N(C)C)c(F)c3)ncc2F)n1C(C)C,400.4330000000001,29,1,CHEMBL454648,CHEMBL1152177,CHEMBL1152177,B
TZPDLRQVOKYCOS-UHFFFAOYSA-N,7.522878745280337,1,,0.0,COc1ccc(-c2nn(-c3ccccc3)cc2C(=O)NC(=S)Nc2ccc(Cl)cc2)cc1,462.9620000000001,32,1,CHEMBL2426397,CHEMBL2424530,CHEMBL2424530,B
TZQUSNSHSLUEPS-KRWDZBQOSA-N,5.791579931463116,2,0.10589795227393121,0.14976232033333226,C[C@H]1CN(c2ccc(Nc3ncc4cc5n(c4n3)C3(CCCCC3)CNC5=O)nc2)CCN1C,460.5860000000004,34,1,CHEMBL3901454,CHEMBL3886995,CHEMBL3886995,B
TZQUSNSHSLUEPS-QGZVFWFLSA-N,5.56738877185491,2,0.33868523985693055,0.4789732595812559,C[C@@H]1CN(c2ccc(Nc3ncc4cc5n(c4n3)C3(CCCCC3)CNC5=O)nc2)CCN1C,460.5860000000004,34,1,CHEMBL4112645,CHEMBL3886995,CHEMBL3886995,B
TZRMWSCRZQGAKI-UHFFFAOYSA-N,4.349206960348069,1,,0.0,COc1ccc(NC(=O)NNC(=O)c2oc3ccccc3c2CN2CCN(c3ccccc3)CC2)cn1,500.5590000000003,37,1,CHEMBL6174162,CHEMBL6127051,CHEMBL6127051,B
TZWAPMQFRGZIFN-UHFFFAOYSA-N,6.0,1,,0.0,O=S(=O)(Nc1nccs1)c1ccc(N=Cc2c(O)[nH]c3ccccc23)cc1,398.46900000000005,27,1,CHEMBL1234088,CHEMBL1134300,CHEMBL1134300,B
UAOIPNOTWOYAMU-UHFFFAOYSA-N,6.516929133630484,4,1.0564852322775806,1.8300338988206608,CC(C(=O)Nc1cc(C2CC2)[nH]n1)c1ccc(N2CCCC2=O)cc1,338.4110000000001,25,1,CHEMBL191144|CHEMBL192471,CHEMBL1140962,CHEMBL1140962,B
UAXFZSPPERCTJU-UHFFFAOYSA-N,5.214670164989233,1,,0.0,CN1CCN(c2cccc3[nH]c(-c4[nH]nc5cc(-c6cccc(N)c6)ccc45)nc23)CC1,423.52400000000017,32,1,CHEMBL480392,CHEMBL1143269,CHEMBL1143269,B
UBHVSGGXYKHEIW-UHFFFAOYSA-N,5.958607314841775,1,,0.0,COc1cc(N2CCN(C(C)=O)CC2)ccc1Nc1ncc(Br)c(-c2cnc3ccccn23)n1,522.4070000000002,34,1,CHEMBL1809194,CHEMBL1806477,CHEMBL1806477,B
UBUCTCIBRLMJKZ-UHFFFAOYSA-N,5.79317412396815,1,,0.0,Cn1cc(C2=C(c3cn(CC(O)CO)c4ccccc34)C(=O)NC2=O)c2ccccc21,415.4490000000002,31,1,CHEMBL341110,CHEMBL2086254,CHEMBL2086254,B
UBVYPGDWOQOPMK-UHFFFAOYSA-N,5.324875990832918,2,0.6661002822244144,0.9420080530223132,COc1cc(F)ccc1-c1ccnc2[nH]c(C3CCNCC3)cc12,325.3870000000001,24,1,CHEMBL3663760,CHEMBL5096204,CHEMBL5096204,B
UBZYDNRWJFPDPN-HDICACEKSA-N,5.047309325261585,2,0.04311144810157872,0.06096879459879645,C[C@@H]1CN(c2ccc(Nc3ncc4cc5n(c4n3)C3(CCCCC3)CNC5=O)nc2)C[C@H](C)N1C,474.6130000000004,35,1,CHEMBL3919835,CHEMBL3886995,CHEMBL3886995,B
UCCQAENGEYATHZ-UHFFFAOYSA-N,7.920818753952375,1,,0.0,NCCOc1cc(-c2ccc[nH]2)c2c3c(ccc(F)c13)NC2=O,311.31600000000003,23,1,CHEMBL311992,CHEMBL1136123,CHEMBL1136123,B
UCKVPBMWWJALAJ-UHFFFAOYSA-N,5.5,2,0.7071067811865476,1.0,O=C(Nc1cc(C2CCCCC2)[nH]n1)c1ccc(Br)cc1,348.24399999999997,21,1,CHEMBL333382,CHEMBL1140962,CHEMBL1140962,B
UCLGCTLOEZZSLA-UHFFFAOYSA-N,4.6020599913279625,1,,0.0,COc1c(O)ccc2c1cc([N+](=O)[O-])c1c(C(=O)O)cc3c(c12)OCO3,357.2740000000001,26,1,CHEMBL600828,CHEMBL1156890,CHEMBL1156890,B
UCLLQNWKNKYTQR-UHFFFAOYSA-N,5.888065723667319,1,,0.0,Cc1ccccc1C(=O)c1ccc2nc(N)c(C(=O)c3c(F)cccc3F)n2c1,391.37700000000007,29,1,CHEMBL186204,CHEMBL1138729,CHEMBL1138729,B
UDDCMASGEGKOHK-WJDWOHSUSA-N,5.537602002101044,1,,0.0,N=C1NC(=O)/C(=C/c2ccc(-c3ccc(S(=O)(=O)N4CCNCC4)cc3)o2)S1,418.5000000000002,28,1,CHEMBL391493,CHEMBL1149560,CHEMBL1149560,B
UDIUKSLSDVCBFN-UHFFFAOYSA-N,5.740743030061056,2,0.11761407625550974,0.16633142176652527,Cc1nccc(-c2ccc(C(=O)N3CCOCC3)c(Cl)c2)c1C#Cc1ccc(N)nc1,432.91100000000006,31,1,CHEMBL3701062,CHEMBL3639177,CHEMBL3639177,B
UDJDOFKOOAFZRH-ONEGZZNKSA-N,5.494850021680094,1,,0.0,C1=C/COCc2cc(ccc2OCCN2CCCC2)Nc2nccc(n2)-c2cncc(c2)COC/1,473.57700000000017,35,1,CHEMBL2035051,CHEMBL2034857,CHEMBL2034857,B
UDJFNUQDJAQEGK-UHFFFAOYSA-N,4.031517051446065,1,,0.0,CN(C)CC(O)COc1ccc(Nc2cc(Nc3ccc(F)cc3F)ncn2)cc1,415.4440000000001,30,1,CHEMBL317281,CHEMBL1136191,CHEMBL1136191,B
UDRMFMIAECLEDA-UHFFFAOYSA-N,8.522951139760405,2,0.00010238125555250964,0.00014478896013514486,O=C(Cc1ccc(Cc2cccs2)cc1)Nc1cc(C2CC2)[nH]n1,337.44800000000015,24,1,CHEMBL490481,CHEMBL1140962,CHEMBL1140962,B
UDVYMPJUORTTMR-JOCQHMNTSA-N,6.6020599913279625,1,,0.0,CS(=O)(=O)c1ccc(Nc2cc(N[C@H]3CC[C@H](N)CC3)nc3ncnn23)cc1,401.49600000000015,28,1,CHEMBL206659,CHEMBL1138980,CHEMBL1138980,B
UEGPMXKTKCKXOK-UHFFFAOYSA-N,7.39577394691553,1,,0.0,CC(=NO)N(C)CCN1CCc2nc(Nc3ncc(F)c(-c4cc(F)c5nc(C)n(C(C)(C)C)c5c4)n3)ccc2C1,563.6570000000003,41,1,CHEMBL5818702,CHEMBL5727719,CHEMBL5727719,B
UELYDGOOJPRWGF-MFOHZAOFSA-N,8.045757490560675,7,0.09648393786511657,0.25527250510330646,C[C@@H](O)[C@@H](C)Oc1nc(Nc2ccc(S(=N)(=O)C3CC3)cc2)ncc1C(F)(F)F,430.45200000000017,29,7,CHEMBL4442620,CHEMBL4699469,CHEMBL4699469|CHEMBL5096150|CHEMBL5143610|CHEMBL5247634|CHEMBL5338803|CHEMBL5512649|CHEMBL5543128,B
UELYDGOOJPRWGF-SRQXXRKNSA-N,8.045757490560675,1,,0.0,C[C@@H](O)[C@@H](C)Oc1nc(Nc2ccc([S@](=N)(=O)C3CC3)cc2)ncc1C(F)(F)F,430.45200000000017,29,1,CHEMBL4282338,CHEMBL4270504,CHEMBL4270504,B
UEVWXXZKXKDLKI-UHFFFAOYSA-N,5.546681659952963,1,,0.0,O=C1NCC2(CCCC2)n2c1cc1cnc(Nc3ccc(N4CCC(N5CCCCC5)CC4)cn3)nc12,500.65100000000047,37,1,CHEMBL3940741,CHEMBL3886995,CHEMBL3886995,B
UEYQVGAFBVFHAU-UHFFFAOYSA-N,8.698970004336019,1,,0.0,FC(F)(F)c1cnc(Nc2ccc3[nH]cnc3c2)nc1Nc1ccccc1Cl,404.78300000000013,28,1,CHEMBL194721,CHEMBL1240533,CHEMBL1240533,B
UEZCXGAWLVJWFC-JNQZTWDXSA-N,7.552841968657781,1,,0.0,CCOC(=O)N=S(C)(=O)c1ccc(Nc2ncc(Br)c(N[C@@H](COC)[C@H](C)O)n2)cc1,516.4180000000002,31,1,CHEMBL3648087,CHEMBL3638817,CHEMBL3638817,B
UFDJSBYUXKDYQJ-UHFFFAOYSA-N,6.795880017344075,1,,0.0,CNC(=O)c1nn(C)c2c1C(C)(C)Cc1cnc(Nc3cccc(CN4CCOCC4)c3)nc1-2,461.5700000000003,34,1,CHEMBL565160,CHEMBL1151962,CHEMBL1151962,B
UFDKTUULSMNAME-GJZGRUSLSA-N,7.301029995663981,1,,0.0,CCc1cc(-c2cc(N3C[C@H](O)[C@@H](O)C3)ccc2O)nc(N)n1,316.36100000000005,23,1,CHEMBL1800451,CHEMBL1799991,CHEMBL1799991,B
UFLGJZHPDAVXQK-RMKNXTFCSA-N,6.107905397309519,1,,0.0,CNc1nc(C(=O)/C=C/c2ccc(OC)cc2)c(C)s1,288.37199999999996,20,1,CHEMBL5177698,CHEMBL5149961,CHEMBL5149961,B
UFPJNNFZCVYLKA-GFCCVEGCSA-N,7.638272163982407,1,,0.0,C[C@@H](NC(=O)N1CCc2cnc(Nc3ccnn3C)nc2C1)c1ccc(Cl)c(Cl)c1,446.3420000000002,30,1,CHEMBL3357951,CHEMBL3297705,CHEMBL3297705,B
UFTGPKOELOXALO-UHFFFAOYSA-N,7.3872161432802645,1,,0.0,Cc1ccc(-c2nn(-c3ccccc3)cc2C(=O)NC(=S)Nc2ccc(F)cc2)cc1,430.50800000000015,31,1,CHEMBL2426384,CHEMBL2424530,CHEMBL2424530,B
UGAJHTSPHACTLO-UHFFFAOYSA-N,6.521433504406156,1,,0.0,COc1ccc(C(=O)N2CCN(c3nnc(Cc4ccccc4)c4ccccc34)CC2)cc1,438.5310000000001,33,1,CHEMBL5417371,CHEMBL5352421,CHEMBL5352421,B
UGEGMLHKJYPRKJ-JLHYYAGUSA-N,4.769551078621726,1,,0.0,C#Cc1cccc(Nc2ncnc3ccc(S(=O)(=O)n4ccc(/C=C/C(=O)Nc5ccccc5N)c4)cc23)c1,534.6010000000002,39,1,CHEMBL3218001,CHEMBL3217617,CHEMBL3217617,B
UGHABJRZQKZAHP-UHFFFAOYSA-N,6.772113295386326,2,0.0,0.0,CCn1c(-c2nonc2N)nc2cnccc21,230.231,17,2,CHEMBL189657,CHEMBL1139578,CHEMBL1139578|CHEMBL5236544,B
UGMXVKWXOFIULK-UHFFFAOYSA-N,6.777283528852417,2,0.0,0.0,C#CCN(C)CCN1CCc2nc(Nc3ncc(F)c(-c4cc(F)c5nc(C)n(C(C)C)c5c4)n3)ccc2C1,530.6270000000002,39,2,CHEMBL4463716,CHEMBL5727719,CHEMBL5727719|CHEMBL5728430,B
UHCCZPSJWZLRKI-UHFFFAOYSA-N,6.180456064458131,1,,0.0,N=C(N)NS(=O)(=O)c1ccc(N=Cc2c(O)[nH]c3ccccc23)cc1,357.3950000000001,25,1,CHEMBL1234089,CHEMBL1134300,CHEMBL1134300,B
UHCHLTQBLNUYRT-GFCCVEGCSA-N,5.800000874803203,1,,0.0,COc1cc2ncn(-c3cc(O[C@H](C)c4ccccc4Cl)c(C(N)=O)s3)c2cc1OC,457.93900000000025,31,1,CHEMBL222419,CHEMBL1146152,CHEMBL1146152,B
UHPKVNVPEONGAY-UHFFFAOYSA-N,6.0,1,,0.0,CN(C)CC(O)COc1ccc(Nc2cc(N(CC#N)c3cc(Cl)ccc3Cl)ncn2)cc1,487.3910000000002,33,1,CHEMBL101119,CHEMBL1136191,CHEMBL1136191,B
UIUYDZQKYIIPIT-AZOLZQDUSA-N,6.443697499232712,1,,0.0,Nc1nc(-c2cc(N3C[C@H](O)[C@@H](O)C3)ccc2O)cc(C2CCCNC2)n1,371.4410000000002,27,1,CHEMBL1800458,CHEMBL1799991,CHEMBL1799991,B
UJHKKNOWOJMKCR-UHFFFAOYSA-N,6.835647144215563,2,0.0,0.0,Cc1nc2c(F)cc(-c3nc(Nc4ccc5c(n4)CCNC5)ncc3F)cc2n1C1CCCCC1,475.5470000000003,35,2,CHEMBL5775801,CHEMBL5727719,CHEMBL5727719|CHEMBL5728430,B
UJPGEXNKVDSXSC-UHFFFAOYSA-N,4.022276394711152,1,,0.0,Cc1nc2ccccn2c1-c1ccnc(NC(=O)C(F)(F)F)n1,321.26199999999994,23,1,CHEMBL102622,CHEMBL1136202,CHEMBL1136202,B
UKDNMBIYQCJECP-UHFFFAOYSA-N,5.810292847793915,2,0.19322217288511662,0.27325741744533083,CC1(C)CN(c2ccc(Nc3ncc4cc5n(c4n3)C3(CCCCC3)CNC5=O)nc2)CCN1,460.58600000000035,34,1,CHEMBL3929122,CHEMBL3886995,CHEMBL3886995,B
UKNGIFKYRYBARW-UHFFFAOYSA-N,7.795880017344075,1,,0.0,NC(=O)c1ccc(Nc2nccc(-c3cnn4ncccc34)n2)cc1,331.33900000000006,25,1,CHEMBL523735,CHEMBL1143431,CHEMBL1143431,B
UKXIKQXJARSCKC-KRWDZBQOSA-N,6.866461091629782,1,,0.0,N[C@H](CNc1ncc(-c2ccc3cncnc3c2)s1)Cc1ccc(C(F)(F)F)cc1,429.4710000000001,30,1,CHEMBL1081296,CHEMBL1154944,CHEMBL1154944,B
ULGOPTXVFIQHMI-UHFFFAOYSA-N,6.007004901568658,1,,0.0,COc1ccc(-c2nc3cc(-c4csc(C(N)=O)c4)cnc3[nH]2)cc1,350.403,25,1,CHEMBL3125732,CHEMBL3124838,CHEMBL3124838,B
ULVQOPPBCYXVIF-UHFFFAOYSA-N,6.42021640338319,3,0.03436684620909878,0.06871581236945978,CCS(=N)(=O)Cc1cccc(Nc2ncc(F)c(-c3ccc(F)cc3OC)n2)c1,418.46900000000016,29,1,CHEMBL3976450,CHEMBL3886246,CHEMBL3886246,B
UMBDWDIRLTVPBF-UHFFFAOYSA-N,5.568636235841012,1,,0.0,CC(=O)Nc1cccc(-c2ccc(C(N)=O)c3[nH]c4cc(C(=O)N5CCN(C)CC5)ccc4c23)c1C,483.57200000000034,36,1,CHEMBL3621515,CHEMBL3621099,CHEMBL3621099,B
UMCVHHHRVMNEFN-UHFFFAOYSA-N,4.625654983775391,1,,0.0,CC(=O)Nc1ccccc1CNc1nc(OC2CCN(C)CC2)nc2c(C(C)C)cnn12,437.54800000000023,32,1,CHEMBL5512510,CHEMBL5500401,CHEMBL5500401,B
UMHKPLNSKRNIJU-UHFFFAOYSA-N,6.406713932979542,1,,0.0,Cc1c(Nc2ncc(Cl)c(-c3cnc4ccccn34)n2)cnn1C1CCNCC1,408.89700000000016,29,1,CHEMBL3822543,CHEMBL3822394,CHEMBL3822394,B
UMHPDYCYVZAGAH-UHFFFAOYSA-N,7.609064892896621,1,,0.0,C=CC(=O)Nc1ccc(OC(=O)N2CCCC(Nc3ncc(SCc4ncc(C(C)(C)C)o4)s3)C2)cc1,541.6990000000002,37,1,CHEMBL5895271,CHEMBL5728751,CHEMBL5728751,B
UNSAZGGWYRHTHJ-UHFFFAOYSA-N,6.514278573518419,2,0.0,0.0,Cc1nc2c(F)cc(-c3nc(Nc4ccc5c(n4)CN(CCN(C)C)C5=O)ncc3F)cc2n1C(C)C,506.56100000000026,37,2,CHEMBL5867735,CHEMBL5727719,CHEMBL5727719|CHEMBL5728430,B
UNUCZJRZFFSFFA-UHFFFAOYSA-N,6.161150909262744,1,,0.0,CC(C)(C)c1cnc(CSc2cnc(N)s2)o1,269.395,17,1,CHEMBL507536,CHEMBL1143434,CHEMBL1143434,B
UODXTGBFBIFREQ-UHFFFAOYSA-N,7.3979400086720375,1,,0.0,CC(C)c1ccc(Nc2nccc(-c3cnn4ncccc34)n2)cc1,330.39500000000004,25,1,CHEMBL359963,CHEMBL1143431,CHEMBL1143431,B
UOOGYXHQWUAUFW-UHFFFAOYSA-N,4.657577319177793,1,,0.0,Cc1ccc(Cl)c(Nc2cc(Nc3ccc(OCC(O)CN(C)C)cc3)ncn2)c1,427.9360000000002,30,1,CHEMBL100675,CHEMBL1136192,CHEMBL1136192,B
UOQYPBAIFIZUMC-UHFFFAOYSA-N,4.638272163982407,1,,0.0,Cc1nnc2sc(SSc3nn4c(C)nnc4s3)nn12,342.46000000000004,20,1,CHEMBL551318,CHEMBL1152892,CHEMBL1152892,B
UOSAIBFGDGMQLI-UHFFFAOYSA-N,7.920818753952375,1,,0.0,NC(=O)c1nn(CC2CCNCC2)c2c1CCc1cnc(Nc3ccccc3)nc1-2,403.49,30,1,CHEMBL1171949,CHEMBL1177807,CHEMBL1177807,B
UOVCGJXDGOGOCZ-UHFFFAOYSA-N,5.876148359032914,1,,0.0,COc1cc2c(cc1F)C(c1ccccc1Cl)=Nc1c(C)n[nH]c1N2,356.78800000000007,25,1,CHEMBL1980391,CHEMBL2321712,CHEMBL2321712,B
UOXXHPOQLJPWNQ-UHFFFAOYSA-N,7.481486060122112,1,,0.0,CS(=N)(=O)c1ccc(Nc2ncc(Br)c(Nc3ccccc3)n2)cc1,418.3200000000001,25,1,CHEMBL3940661,CHEMBL3638817,CHEMBL3638817,B
UOZGSFYRTXKQQR-UHFFFAOYSA-N,7.721246399047171,1,,0.0,CNC(=O)c1nn(C)c2c1CCc1cnc(Nc3ccccc3)nc1-2,334.38300000000004,25,1,CHEMBL562104,CHEMBL1151962,CHEMBL1151962,B
UPGFDOZGSFRYIS-UHFFFAOYSA-N,5.161150909262744,1,,0.0,CN(C)C1CCN(c2ccc(Nc3ncc4cc5n(c4n3)C3(CCCC3)CNC5=O)nc2)CC1,460.5860000000004,34,1,CHEMBL3963064,CHEMBL3886995,CHEMBL3886995,B
UPPMBTMATLNYOX-UHFFFAOYSA-N,7.207608310501746,1,,0.0,O=C1Nc2ccc(F)c3c(OCCO)cc(-c4ccc[nH]4)c1c23,312.3,23,1,CHEMBL79848,CHEMBL1136123,CHEMBL1136123,B
UQAHWAQRLXARGK-FQEVSTJZSA-N,6.430626090384954,2,0.0,0.0,Cc1nc2c(F)cc(-c3nc(Nc4ccc5c(n4)CCN(C[C@@H](O)CN(C)C)C5)ncc3F)cc2n1C1CC1,534.6150000000001,39,2,CHEMBL5754925,CHEMBL5727719,CHEMBL5727719|CHEMBL5728430,B
UQDHAMQNTWHVFF-UHFFFAOYSA-N,6.6020599913279625,1,,0.0,COc1cc(F)ccc1-c1nc(Nc2cc(F)cc(CS(=O)(=NC#N)C3CC3)c2)ncc1F,473.48000000000025,33,1,CHEMBL3949630,CHEMBL3886246,CHEMBL3886246,B
UQEPZHPATDPKPO-UHFFFAOYSA-N,7.958607314841775,1,,0.0,Cc1ncc(-c2ccnc(Nc3ccc(S(N)(=O)=O)cc3)n2)n1C,344.4000000000001,24,1,CHEMBL484738,CHEMBL1142453,CHEMBL1142453,B
UQHMSIRKJLYDEJ-UHFFFAOYSA-N,7.657577319177793,3,0.0,0.0,CC(=Nc1ccc(S(N)(=O)=O)cc1)c1c(O)[nH]c2ccc(Cl)cc12,363.8260000000001,24,3,CHEMBL412097,CHEMBL1137075,CHEMBL1134300|CHEMBL1137075|CHEMBL1143196,B
UQKMSJFNACXHSL-HNNXBMFYSA-N,7.3979400086720375,1,,0.0,CCc1cnn2c(NCc3nc4c(F)c(F)ccc4[nH]3)cc(N3CCCC[C@H]3CCO)nc12,455.5130000000003,33,1,CHEMBL5414905,CHEMBL5356939,CHEMBL5356939,B
UQNCMHKLJYFMGT-UHFFFAOYSA-N,6.086186147616283,1,,0.0,Clc1ccc(OCc2nnc3sc(SSc4nn5c(COc6ccc(Cl)cc6)nnc5s4)nn23)cc1,595.5440000000001,36,1,CHEMBL551258,CHEMBL1152892,CHEMBL1152892,B
UQPQASRVEMBDQW-UHFFFAOYSA-N,7.221848749616356,1,,0.0,Nc1nccc(-n2cc(-c3ccc(Cl)cc3)c3cnccc32)n1,321.771,23,1,CHEMBL2348155,CHEMBL2346586,CHEMBL2346586,B
USAKOZCUIYTREA-UHFFFAOYSA-N,7.698970004336019,1,,0.0,CC(C)(C)c1cnc(CSc2cnc(NC(=O)C3CCCNC3)s2)o1,380.53900000000016,25,1,CHEMBL297570,CHEMBL1152130,CHEMBL1152130,B
USDBEZRARXRGGK-WKILWMFISA-N,6.1339786369261,1,,0.0,CC(=O)N[C@H]1CC[C@H](c2ncc(Cl)c(Nc3ccccc3S(=O)(=O)C(C)C)n2)CC1,450.99200000000025,30,1,CHEMBL5591779,CHEMBL5579874,CHEMBL5579874,B
UTDIUAOBXDHROL-UHFFFAOYSA-N,6.889410289700751,2,0.0,0.0,CNCC(=O)N1CCc2nc(Nc3ncc(F)c(-c4cc(F)c5nc(C)n(C6CCC6)c5c4)n3)ccc2C1,518.5720000000002,38,2,CHEMBL5879318,CHEMBL5727719,CHEMBL5727719|CHEMBL5728430,B
UTGUSPCINACJKQ-UHFFFAOYSA-N,8.301029995663981,1,,0.0,CN(C)CCNS(=O)(=O)c1ccc(Nc2cccc(-c3cnc4ccccn34)c2)cc1,435.5530000000001,31,1,CHEMBL1241849,CHEMBL1240533,CHEMBL1240533,B
UTHVZZKYYYMFGE-UHFFFAOYSA-N,7.769551078621726,3,0.0,0.0,CN(C)C(=O)c1ccc2[nH]c(O)c(N=Nc3ccc(S(N)(=O)=O)cc3)c2c1,387.42100000000005,27,3,CHEMBL409868,CHEMBL1137075,CHEMBL1134300|CHEMBL1137075|CHEMBL1143196,B
UTHWBIPHRYUJSU-UHFFFAOYSA-N,8.698970004336019,1,,0.0,Cn1nc(C(N)=O)c2c1-c1nc(Nc3ccccc3)ncc1CC2,320.35600000000017,24,1,CHEMBL559845,CHEMBL1151962,CHEMBL1151962,B
UTSGUQQUFYMTLL-MGCOHNPYSA-N,7.42021640338319,1,,0.0,N[C@H]1CC[C@H](NC(=O)c2[nH]ncc2NC(=O)c2c(F)cccc2F)CC1,363.3680000000001,26,1,CHEMBL507167,CHEMBL1156543,CHEMBL1156543,B
UUISESFNPSRBFN-UHFFFAOYSA-N,5.522878745280337,1,,0.0,Cc1ccc(N(CC#N)c2cc(Nc3ccc(OCC(O)CN(C)C)cc3)ncn2)c(Br)c1,511.42400000000015,33,1,CHEMBL421583,CHEMBL1136191,CHEMBL1136191,B
UULNNXNBBBWXDG-SJLPKXTDSA-N,6.600326278518962,2,0.0,0.0,C=CC(=O)Nc1ccc(O[C@@H]2CCC[C@@H](Nc3ncc(SCc4ncc(C(C)(C)C)o4)s3)C2)c(C(F)(F)F)c1,580.6980000000004,39,2,CHEMBL4752238,CHEMBL4739712,CHEMBL4739712|CHEMBL5728751,B
UUPJXVBCBPIVKZ-ZGTCLIOFSA-N,7.0,1,,0.0,Cc1ncc(CC(=O)Nc2cc(C3CC[C@@H](OC(=O)NC(C)C)C3)[nH]n2)s1,391.49700000000007,27,1,CHEMBL5170812,CHEMBL5113545,CHEMBL5113545,B
UVJHJIXYGIZLLF-UHFFFAOYSA-N,4.301029995663981,1,,0.0,c1ccc(-c2cccc3nc(-c4cncnc4)nc(NCc4ccccn4)c23)cc1,390.4500000000001,30,1,CHEMBL4097255,CHEMBL5727808,CHEMBL5727808,B
UVKIWKFJDSCWJY-CHWSQXEVSA-N,7.6777807052660805,1,,0.0,C[C@@H](O)[C@@H](C)Oc1nc(Nc2ccc(S(=O)(=O)C3CCCC3)cc2)ncc1C(F)(F)F,459.49000000000024,31,1,CHEMBL3644022,CHEMBL3639233,CHEMBL3639233,B
UVKYPTPDMYIXMG-UHFFFAOYSA-N,4.698970004336019,1,,0.0,CS(=O)(Cc1cccc(Nc2ncc(F)c(-c3ccc(F)cc3OCc3ccccc3)n2)c1)=NC#N,505.5500000000002,36,1,CHEMBL3892285,CHEMBL3886246,CHEMBL3886246,B
UVMVCEDKKHGTIW-UHFFFAOYSA-N,7.54515513999149,2,0.0,0.0,Cc1nc2c(F)cc(-c3nc(Nc4ccc5c(n4)CCN(CCCN(C)C)C5)ncc3F)cc2n1C(C)(C)C,534.6590000000003,39,2,CHEMBL5911327,CHEMBL5727719,CHEMBL5727719|CHEMBL5728430,B
UVSZGHBPMOAFSS-UHFFFAOYSA-N,6.872247484167026,1,,0.0,CC(C)n1nnc2ccc(-c3ccnc(Nc4cc(C(=O)N5CCCC5)ccn4)c3)cc21,427.5120000000003,32,1,CHEMBL5561839,CHEMBL5518230,CHEMBL5518230,B
UVVGSZJKQAELIC-UHFFFAOYSA-N,6.434152181326482,1,,0.0,CCN1CCC(COc2ccc(Nc3ncc(F)c(-c4cc(F)c5nc6n(c5c4)C(C)(C)CC6)n3)nc2)CC1,533.6270000000002,39,1,CHEMBL5981421,CHEMBL5729140,CHEMBL5729140,B
UVWRLACHEXXROY-UHFFFAOYSA-N,7.6307841425898575,1,,0.0,NS(=O)(=O)c1ccc(Nc2cc(-c3cccc(Br)c3)[nH]n2)cc1,393.266,23,1,CHEMBL103285,CHEMBL1136197,CHEMBL1136197,B
UWEHIBQNZMPNPF-UHFFFAOYSA-N,7.258060922270801,1,,0.0,CN1CCC(COc2ccc(Nc3ncc(F)c(-c4cc(F)c5nc6n(c5c4)C(C)(C)CC6)n3)nc2)CC1,519.6000000000003,38,1,CHEMBL6043427,CHEMBL5729140,CHEMBL5729140,B
UWMQPYVHFSVPRM-UHFFFAOYSA-N,6.200659450546418,1,,0.0,Cc1cc(N)c2oc(-c3ccc(O)c(O)c3)c(O)c(=O)c2c1,299.2820000000001,22,1,CHEMBL232123,CHEMBL1148833,CHEMBL1148833,B
UWQKULXATKCNBV-UHFFFAOYSA-N,6.327902142064282,1,,0.0,O=C(Nc1cnccc1-c1ccc(F)cc1)c1ccnc(Nc2ccc(F)cc2)n1,403.39200000000005,30,1,CHEMBL5402829,CHEMBL5338804,CHEMBL5338804,B
UXGASSHBBXBLJM-UHFFFAOYSA-N,8.823908740944319,2,0.0,0.0,NS(=O)(=O)c1ccc(N=Cc2c(=O)[nH]c3ccc4[nH]cccc4c23)cc1,366.40200000000004,26,2,CHEMBL445945,CHEMBL1134300,CHEMBL1134300|CHEMBL1143196,B
UXNFEAZGNVZCSX-UHFFFAOYSA-N,6.769551078621726,1,,0.0,O=C(Cc1ccccc1)Nc1[nH]nc2ccc(N3CCCC3=O)cc12,334.37900000000013,25,1,CHEMBL404747,CHEMBL1141545,CHEMBL1141545,B
UYJJLRIXIZKXPQ-UHFFFAOYSA-N,6.39040559077478,1,,0.0,COc1ccc(-c2cc(Nc3ccc(S(N)(=O)=O)cc3)[nH]n2)cc1F,362.386,25,1,CHEMBL102241,CHEMBL1136197,CHEMBL1136197,B
UYSFMAROJRGQCA-UHFFFAOYSA-N,8.0,1,,0.0,O=C(Cc1cccc(Cl)c1)Nc1[nH]nc2ccc(N3CCCS3(=O)=O)cc12,404.87900000000025,27,1,CHEMBL404504,CHEMBL1141545,CHEMBL1141545,B
UZGLLJQDQDOFFE-INIZCTEOSA-N,5.896533119059701,2,0.20088307827495816,0.2840915737477019,C[C@H]1CN(c2ccc(Nc3ncc4cc5n(c4n3)C3(CCCCC3)CNC5=O)nc2)CCN1,446.55900000000037,33,1,CHEMBL3918318,CHEMBL3886995,CHEMBL3886995,B
UZGLLJQDQDOFFE-MRXNPFEDSA-N,5.563776176105494,2,0.15251475919210283,0.2156884409115385,C[C@@H]1CN(c2ccc(Nc3ncc4cc5n(c4n3)C3(CCCCC3)CNC5=O)nc2)CCN1,446.55900000000037,33,1,CHEMBL4111196,CHEMBL3886995,CHEMBL3886995,B
UZUCFTPPULEGQO-UHFFFAOYSA-N,6.154901959985743,2,0.0,0.0,Cc1nc2c(F)cc(-c3nc(Nc4ccc5c(n4)CCN(CCN(C)C)C5)ncc3F)cc2n1C1CC1,504.58900000000034,37,2,CHEMBL4455210,CHEMBL5727719,CHEMBL5727719|CHEMBL5728430,B
UZVLKAPGUJAQCL-JTQLQIEISA-N,8.301029995663981,1,,0.0,O=C1Nc2ccc(F)c3c(S[C@H]4CCNC4)cc(-c4ccc[nH]4)c1c23,353.4220000000001,25,1,CHEMBL79498,CHEMBL1136123,CHEMBL1136123,B
UZWDCWONPYILKI-UHFFFAOYSA-N,6.898304035258079,4,0.44343440742212503,0.7680509234793185,CCN1CCN(Cc2ccc(Nc3ncc(F)c(-c4cc(F)c5nc(C)n(C(C)C)c5c4)n3)nc2)CC1,506.6050000000003,37,3,CHEMBL3301610,CHEMBL5727719,CHEMBL5727719|CHEMBL5728430|CHEMBL5729140,B
UZZGMJZTCZOSGC-UHFFFAOYSA-N,4.853871964321762,1,,0.0,CC(=O)Nc1ccc2[nH]cc(-c3cc(NC4CC4)n4ncc(C#N)c4n3)c2c1,371.4040000000001,28,1,CHEMBL2062581,CHEMBL2062503,CHEMBL2062503,B
VAFGRMAYAKICTQ-UHFFFAOYSA-N,7.958607314841775,1,,0.0,CC(Sc1nc(Nc2ccc(S(C)(=N)=O)cc2)ncc1Br)C(C)(C)O,445.40800000000013,25,1,CHEMBL3648104,CHEMBL3638817,CHEMBL3638817,B
VAXXXDBEUYQWBN-UHFFFAOYSA-N,4.4159063453936644,1,,0.0,Cc1nccc(-c2c[nH]c3cnccc23)n1,210.24,16,1,CHEMBL3421979,CHEMBL3421608,CHEMBL3421608,B
VBDYHKNTTWQTJA-UHFFFAOYSA-N,8.337242168318426,3,0.0,0.0,Cc1c([N+](=O)[O-])ccc2[nH]c(O)c(N=Nc3ccc(S(N)(=O)=O)cc3)c12,375.3660000000001,26,3,CHEMBL272667,CHEMBL1137075,CHEMBL1134300|CHEMBL1137075|CHEMBL1143196,B
VBMXVRDJHWHIPX-UHFFFAOYSA-N,5.916855856856948,1,,0.0,COc1ccccc1-c1ccnc(Nc2ccc3c(c2)CC(=O)C(C(C)=O)C3C)n1,401.4660000000002,30,1,CHEMBL5571625,CHEMBL5543128,CHEMBL5543128,B
VBVQRWCLJVUBMP-UHFFFAOYSA-N,6.599997654072045,1,,0.0,O=c1[nH]cc(-c2ccc(N3CCOCC3)cc2)c2sc(-c3cn[nH]c3)cc12,378.457,27,1,CHEMBL1809110,CHEMBL1806471,CHEMBL1806471,B
VBWQPLLCGUWXEE-UHFFFAOYSA-N,4.958607314841775,1,,0.0,COc1cc(C(=O)N2CCCC2)ccc1-c1ccnc2[nH]c(C3CCNCC3)cc12,404.5140000000002,30,1,CHEMBL5170524,CHEMBL5096204,CHEMBL5096204,B
VBYGXNURPHQSPG-MUUNZHRXSA-N,5.943095148663527,1,,0.0,C=CC(=O)Nc1ccc(C(=O)Nc2cccc(Nc3[nH]nc4c3CN(C(=O)N[C@H](CN(C)C)c3ccccc3)C4(C)C)c2)cc1,606.7310000000002,45,1,CHEMBL4434871,CHEMBL4610077,CHEMBL4610077,B
VCNGTVPMEVKOFO-UHFFFAOYSA-N,4.782516055786093,1,,0.0,COc1cccc2c1c(Cl)c([N+](=O)[O-])c1c(C(=O)O)cc(O)c(O)c12,363.70900000000006,25,1,CHEMBL606426,CHEMBL1156890,CHEMBL1156890,B
VCPXSBULBDYRLT-UHFFFAOYSA-N,8.0,3,0.7660127237664979,1.5051499783199063,Cc1nc2ccccn2c1-c1ccnc(Nc2ccc(OCC(O)CN(C)C)cc2)n1,418.5010000000002,31,3,CHEMBL102926,CHEMBL1136202,CHEMBL1136202|CHEMBL1144417|CHEMBL1240533,B
VDHLFJQYUMJVLC-HNNXBMFYSA-N,6.721246399047171,1,,0.0,N[C@H](CNc1nnc(-c2ccc3[nH]c(O)cc3c2)s1)Cc1ccc(C(F)(F)F)cc1,433.4590000000001,30,1,CHEMBL1823630,CHEMBL1821694,CHEMBL1821694,B
VDTYYNPPVROBPA-UHFFFAOYSA-N,7.75448733218585,1,,0.0,CC1(C)CCc2nc3c(F)cc(-c4nc(Nc5ccc6c(n5)CCN(C(=O)CO)C6)ncc4F)cc3n21,505.52900000000034,37,1,CHEMBL5748748,CHEMBL5729140,CHEMBL5729140,B
VDWADUHIPOMAQX-UHFFFAOYSA-N,5.3979400086720375,1,,0.0,CN(C)C(=O)c1cccc(-c2cnc(N)c(-c3nc4c(N5CCNCC5)cccc4[nH]3)c2)c1,441.5390000000002,33,1,CHEMBL3797828,CHEMBL3797138,CHEMBL3797138,B
VDXGLZJPQRGNLY-UHFFFAOYSA-N,6.1487416512809245,1,,0.0,COc1ccc(-c2ccnc3c(-c4noc(C)n4)c(C)nn23)cc1,321.34,24,1,CHEMBL5639303,CHEMBL5634157,CHEMBL5634157,B
VEGGRTFDFMUBPD-ONEGZZNKSA-N,4.933230545814891,2,0.23147772238657627,0.32735893438633035,Cc1cc(O)c(C=O)c2c1C(=O)Oc1c(COC(=O)/C=C/C(=O)O)c(O)c(C(=O)O)c(C)c1O2,472.35800000000023,34,1,CHEMBL366861,CHEMBL5380784,CHEMBL5380784,B
VELBXKDYGYBFSC-UHFFFAOYSA-N,7.886056647693163,1,,0.0,Cc1ncc(-c2ccnc(Nc3ccc(S(=O)(=O)CC4CCCO4)cc3)n2)n1C(C)C,441.5570000000003,31,1,CHEMBL515839,CHEMBL1142453,CHEMBL1142453,B
VEMUNZLIOXAWMA-VQLJPOJZSA-N,8.460409376976187,2,0.33737567466050744,0.4771212547196626,COc1cc(Nc2ncc(Br)c(N[C@H](C)C(C)(C)O)n2)ccc1S(C)(=N)=O,458.3820000000002,27,1,CHEMBL3648115,CHEMBL3638817,CHEMBL3638817,B
VERWOWGGCGHDQE-UHFFFAOYSA-N,5.401209493236885,1,,0.0,Cc1cc(Nc2ncc(Cl)c(Nc3ccccc3S(=O)(=O)C(C)C)n2)c(OC(C)C)cc1C1CCNCC1,558.1480000000001,38,1,CHEMBL2403108,CHEMBL2401692,CHEMBL2401692,B
VESKGNRSKDNTQM-WKILWMFISA-N,8.154901959985743,1,,0.0,CN(C)S(=O)(=O)c1ccc(Nc2cc(N[C@H]3CC[C@H](N)CC3)nc3c(C#N)cnn23)cc1,454.5600000000003,32,1,CHEMBL360573,CHEMBL1141971,CHEMBL1141971,B
VFEDEOUBYBLDKN-AAFJCEBUSA-N,6.657577319177793,1,,0.0,CCC(O)[C@@H](CC)Nc1nc(NCc2cccnc2)c2ncn(C(C)C)c2n1,383.5000000000001,28,1,CHEMBL1922120,CHEMBL3639056,CHEMBL3639056,B
VFEDEOUBYBLDKN-VYRBHSGPSA-N,6.958607314841775,1,,0.0,CCC(O)[C@H](CC)Nc1nc(NCc2cccnc2)c2ncn(C(C)C)c2n1,383.5000000000001,28,1,CHEMBL1922209,CHEMBL3639056,CHEMBL3639056,B
VFMSDTSKEUYQCV-HNNXBMFYSA-N,7.142667503568731,1,,0.0,Cc1[nH]nc2ccc(-c3nnc(NC[C@@H](N)Cc4ccc(Cl)cc4)s3)cc12,398.92300000000006,27,1,CHEMBL1080740,CHEMBL1154933,CHEMBL1154933,B
VFUTVVZNBWJHDY-UHFFFAOYSA-N,6.384049948343598,1,,0.0,Cc1nc2c(F)cc(-c3nc(Nc4ccc5c(n4)CCN(CC(=O)N(C)C)C5)ncc3F)cc2n1C1CC1,518.5720000000002,38,1,CHEMBL6044246,CHEMBL5728430,CHEMBL5728430,B
VHBHIENHYLRDFN-UHFFFAOYSA-N,4.866461091629782,1,,0.0,Cc1ccc(CN=Cc2c(=O)[nH]c(O)c3ccc(I)cc23)cc1O,434.2330000000001,24,1,CHEMBL478487,CHEMBL1153424,CHEMBL1153424,B
VIUGBRHEHAGOFV-HOTGVXAUSA-N,7.167491087293763,1,,0.0,CC(C)c1cc(-c2cc(N3C[C@H](O)[C@@H](O)C3)ccc2O)nc(N)n1,330.38800000000003,24,1,CHEMBL1800452,CHEMBL1799991,CHEMBL1799991,B
VIVMZQHQZFAZLX-UHFFFAOYSA-N,5.9714287473074625,1,,0.0,Nc1nc2ccc(C(=O)c3ccccc3C(F)(F)F)cn2c1C(=O)c1c(F)cccc1F,445.3470000000001,32,1,CHEMBL186401,CHEMBL1138729,CHEMBL1138729,B
VKFYQLQUQJGLMV-UHFFFAOYSA-N,7.060480747381382,1,,0.0,O=C(Cc1ccc(B2C=CC=CN2)cc1)Nc1cc(C2CC2)[nH]n1,318.1890000000001,24,1,CHEMBL5200108,CHEMBL5104111,CHEMBL5104111,B
VKGMPNUYYWDODX-UHFFFAOYSA-N,4.017728766960432,1,,0.0,N=C1NONC1N1NN=C(C(=O)NN=Cc2ccncc2)C1CN1CCCCC1,400.4470000000003,29,1,CHEMBL197077,CHEMBL1141936,CHEMBL1141936,B
VKKBPZYSVDKIKN-UHFFFAOYSA-N,8.481486060122112,1,,0.0,N=C(N)NS(=O)(=O)c1ccc(N=Cc2c(O)[nH]c3ccc4ncsc4c23)cc1,414.47200000000015,28,1,CHEMBL1964255,CHEMBL1134300,CHEMBL1134300,B
VKLOCUZCZFZGCR-JTQLQIEISA-N,6.522878745280337,1,,0.0,C[C@@H](CO)Nc1nc(N)c([N+]([O-])=NC#N)c(OCC2CCCCC2)n1,349.3950000000002,25,1,CHEMBL5269468,CHEMBL5230096,CHEMBL5230096,B
VKQFYXRYOWQEDG-VIFPVBQESA-N,6.795880017344075,1,,0.0,C[C@@H](CO)Nc1nc(N)c(N=O)c(OCC2CCCCC2)n1,309.37000000000006,22,1,CHEMBL5285495,CHEMBL5230096,CHEMBL5230096,B
VKXBNFWRQLNUFV-IBGZPJMESA-N,7.462432742847325,1,,0.0,Cc1[nH]nc2ccc(-c3cncc(N[C@@H](CO)c4cccc(F)c4)n3)cc12,363.3960000000001,27,1,CHEMBL4872952,CHEMBL4840335,CHEMBL4840335,B
VLWZGXZKJHXLTL-UHFFFAOYSA-N,8.13430394008393,1,,0.0,Cc1nc2c(F)cc(-c3nc(Nc4ccc5c(n4)CCN(CC(=O)O)C5)ncc3F)cc2n1C(C)C,493.51800000000026,36,1,CHEMBL5994315,CHEMBL5728430,CHEMBL5728430,B
VMZGYYCCAWUCHJ-UHFFFAOYSA-N,7.080921907623926,1,,0.0,CN(C)CC(=O)Nc1cc(Nc2ncc(F)c(Nc3c(F)cccc3F)n2)ccc1F,434.3970000000001,31,1,CHEMBL5279564,CHEMBL5500401,CHEMBL5500401,B
VNAJSBPSKADKDA-UHFFFAOYSA-N,7.1249387366083,2,0.0,0.0,CC(=O)NS(=O)(=O)c1ccc(N=Cc2c(O)[nH]c3ccc4ncsc4c23)cc1,414.46800000000013,28,2,CHEMBL1964243,CHEMBL1137075,CHEMBL1134300|CHEMBL1137075,B
VNDWQCSOSCCWIP-UHFFFAOYSA-N,5.481486060122112,1,,0.0,CC(C)(C)c1nc2c3cc[nH]c(=O)c3c3cc(F)ccc3c2[nH]1,309.34400000000005,23,1,CHEMBL21156,CHEMBL1135866,CHEMBL1135866,B
VNIUBQSCSHUUAR-UHFFFAOYSA-N,8.769551078621726,2,0.0,0.0,COc1cccc(OC)c1CNC(=O)c1ccc2[nH]c(O)c(N=Nc3ccc(S(N)(=O)=O)cc3)c2c1,509.5440000000002,36,2,CHEMBL271136,CHEMBL1134300,CHEMBL1134300|CHEMBL1143196,B
VNVKSDCWJDOWNE-UHFFFAOYSA-N,8.301029995663981,2,0.0,0.0,O=C(Nc1[nH]nc2nc(-c3ccc(O)cc3)c(Br)cc12)C1CC1,373.21000000000015,23,2,CHEMBL260417,CHEMBL1136207,CHEMBL1136207|CHEMBL1156672,B
VOEASXDMGAGUCL-HDJSIYSDSA-N,5.6777807052660805,1,,0.0,CCCc1c(N[C@H]2CC[C@H](N)CC2)nc2ccnn2c1Nc1ccc(F)c(Cl)c1,416.932,29,1,CHEMBL2163992,CHEMBL2163300,CHEMBL2163300,B
VORFQISDCVONQN-UHFFFAOYSA-N,6.3979400086720375,1,,0.0,COCCN(C)S(=O)(=O)c1ccc(Nc2nccc(-c3cnc(C)n3C)n2)cc1,416.5070000000002,29,1,CHEMBL485602,CHEMBL1142453,CHEMBL1142453,B
VOWVPWZVDZJMFQ-UHFFFAOYSA-N,8.443697499232712,1,,0.0,O=S(=O)(NCCc1c[nH]cn1)c1ccc(N=Cc2c(O)[nH]c3ccc4ncsc4c23)cc1,466.5480000000002,32,1,CHEMBL1964251,CHEMBL1134300,CHEMBL1134300,B
VOZSBSGPEIZDAJ-UHFFFAOYSA-N,5.962573502059376,1,,0.0,C=C(CN(C)C)N1CCc2nc(Nc3ncc(F)c(-c4cc(F)c5nc(C)n(C(C)C)c5c4)n3)ccc2C1,518.6160000000002,38,1,CHEMBL6046321,CHEMBL5727719,CHEMBL5727719,B
VPOGRVWIIVMWRI-UHFFFAOYSA-N,6.136677139879544,1,,0.0,NS(=O)(=O)c1ccc(Nc2cc(NC3CCCCC3)nc3ncnn23)cc1,387.4690000000001,27,1,CHEMBL203569,CHEMBL1138980,CHEMBL1138980,B
VQAYFOJQHDLFNL-UHFFFAOYSA-N,6.107905397309519,1,,0.0,CCOC(=O)N=S(C)(=O)Cc1cccc(Nc2ncc(F)c(-c3ccc(F)cc3OC)n2)c1,476.50500000000017,33,1,CHEMBL3906489,CHEMBL3886246,CHEMBL3886246,B
VQDFHMHLYSYRGJ-UHFFFAOYSA-N,5.795880017344075,1,,0.0,CCCOc1c[nH]c(CN=Cc2c(=O)[nH]c(O)c3ccc(I)cc23)cc1=O,479.27400000000006,27,1,CHEMBL477064,CHEMBL1153424,CHEMBL1153424,B
VQUQBABVYFSBGV-UHFFFAOYSA-N,6.161528720928072,1,,0.0,NC(=O)c1cccc2[nH]c(NC(=O)c3cccc(C(=O)N4CCC(Nc5ncc(I)cn5)CC4)c3)nc12,610.4159999999999,37,1,CHEMBL5633539,CHEMBL5625183,CHEMBL5625183,B
VQWBEJMNOVVXFG-UHFFFAOYSA-N,5.638272163982407,1,,0.0,O=c1cc(CN=Cc2c(=O)[nH]c(O)c3ccc(I)cc23)[nH]cc1-c1ccoc1,487.2530000000002,28,1,CHEMBL521922,CHEMBL1153424,CHEMBL1153424,B
VQZBANVBIFJMLH-UHFFFAOYSA-N,6.007004901568658,1,,0.0,CN(C)CCOc1cc(F)c(C(=O)c2c(N)nc3ccc(C(=O)c4c(Cl)cccc4Cl)cn23)c(F)c1,533.3620000000002,36,1,CHEMBL187969,CHEMBL1138729,CHEMBL1138729,B
VRAAFABYEISPSR-UHFFFAOYSA-N,6.80576325127617,1,,0.0,CC(C)c1cnn2c(NCc3ccc(NC(=O)C4CCOCC4)cc3)nc(NC3CCOCC3)nc12,493.6120000000004,36,1,CHEMBL5537078,CHEMBL5500401,CHEMBL5500401,B
VRFZKJZXBCWGJM-GOSISDBHSA-N,7.086292086019517,1,,0.0,CC(=O)Nc1ccc(CNc2nc(N3CCC[C@@H]3CO)nc3c(C(C)C)cnn23)cc1,423.52100000000013,31,1,CHEMBL5505838,CHEMBL5500401,CHEMBL5500401,B
VRGDZVSBXVILRP-YPMHNXCESA-N,6.795880017344075,1,,0.0,CC[C@H](Nc1nc(NC2CCC2)c2ncn(C(C)C)c2n1)[C@@H](C)O,332.45200000000006,24,1,CHEMBL3655769,CHEMBL3638727,CHEMBL3638727,B
VROOACNOMCZQDP-UHFFFAOYSA-N,5.180456064458131,1,,0.0,COc1ccc(CN=Cc2c(=O)[nH]c(O)c3ccc(F)cc23)cc1O,342.3260000000001,25,1,CHEMBL489432,CHEMBL1153424,CHEMBL1153424,B
VRZQAXBLQMWLAF-UHFFFAOYSA-N,6.241088107602026,1,,0.0,Cn1nc(C(=O)Nc2ccccc2)c2c1-c1nc(Nc3ccccc3)ncc1CC2,396.4540000000002,30,1,CHEMBL563150,CHEMBL1151962,CHEMBL1151962,B
VSDYUWIOYNTKSO-INIZCTEOSA-N,6.8696662315049934,1,,0.0,N[C@H](CNc1nnc(-c2ccc3[nH]nc(C4CC4)c3c2)s1)Cc1ccc(C(F)(F)F)cc1,458.5130000000001,32,1,CHEMBL1081437,CHEMBL1154933,CHEMBL1154933,B
VSEZBFXFRWVODC-UHFFFAOYSA-N,4.761953896871205,1,,0.0,O=c1[nH]c(O)c(C=NCc2ccc(O)cc2)c2ccccc12,294.30999999999995,22,1,CHEMBL489627,CHEMBL1153424,CHEMBL1153424,B
VSTRBHWJZOVRDC-HHHXNRCGSA-N,6.08460016478773,1,,0.0,C=CC(=O)Nc1ccc(C(=O)Nc2[nH]nc3ccc(-c4cncc(NC[C@@H](O)c5ccccc5)c4)cc23)cc1,518.5770000000002,39,1,CHEMBL5288241,CHEMBL5236590,CHEMBL5236590,B
VSTRBHWJZOVRDC-MHZLTWQESA-N,6.037157318798758,1,,0.0,C=CC(=O)Nc1ccc(C(=O)Nc2[nH]nc3ccc(-c4cncc(NC[C@H](O)c5ccccc5)c4)cc23)cc1,518.5770000000002,39,1,CHEMBL5286683,CHEMBL5236590,CHEMBL5236590,B
VSZKYBBLLRBZLS-UHFFFAOYSA-N,7.559090917934782,2,0.0,0.0,Cc1nc2c(F)cc(-c3nc(Nc4ccc5c(n4)CCN(CCN(C)CCP(=O)(O)O)C5)ncc3F)cc2n1C(C)(C)C,614.6380000000001,43,2,CHEMBL5953254,CHEMBL5727719,CHEMBL5727719|CHEMBL5728430,B
VSZVMUGJWVQEOS-UHFFFAOYSA-N,7.3979400086720375,1,,0.0,O=C(O)c1ccc(Nc2nccc(-c3cnn4ncccc34)n2)cc1,332.32300000000004,25,1,CHEMBL524059,CHEMBL1143431,CHEMBL1143431,B
VTIDGQOQJUVQBS-UHFFFAOYSA-N,5.214670164989233,1,,0.0,COc1cc(CN=Cc2c(=O)[nH]c(O)c3ccc(Br)cc23)ccn1,388.22100000000006,24,1,CHEMBL490241,CHEMBL1153424,CHEMBL1153424,B
VTLJOVYRGQXDDG-UHFFFAOYSA-N,6.167491087293763,1,,0.0,Clc1cccc(Nc2nccc(-n3cnc4ccccc43)n2)c1,321.771,23,1,CHEMBL74680,CHEMBL1147565,CHEMBL1147565,B
VUKGJVXJRDQYFA-UHFFFAOYSA-N,7.787812395596042,2,0.0,0.0,Cc1nc2c(F)cc(-c3nc(Nc4ccc5c(n4)CCN(CCN(C)C)C5)ncc3F)cc2n1C(C)C1CC1,532.6430000000001,39,2,CHEMBL4550287,CHEMBL5727719,CHEMBL5727719|CHEMBL5728430,B
VUKHUGGTAIUITQ-UHFFFAOYSA-N,6.060480747381382,1,,0.0,COc1ccc(CN=Cc2c(=O)[nH]c(O)c3ccc(I)cc23)cc1O,450.2320000000001,25,1,CHEMBL489245,CHEMBL1153424,CHEMBL1153424,B
VVKMHTWFAUCCOD-UHFFFAOYSA-N,6.301029995663981,1,,0.0,Cc1cc(CNC(=O)c2nn(CCCN)c3c2CCc2cnc(Nc4cccc(CC(=O)N(C)C)c4)nc2-3)ccn1,553.6710000000002,41,1,CHEMBL1172241,CHEMBL1177807,CHEMBL1177807,B
VVOYROSONSLQQK-UHFFFAOYSA-N,4.679853713888946,1,,0.0,CP(C)(=O)c1ccc(Nc2nc(C3CCCC3)nc3c2ncn3CCc2cccc(O)c2)cc1,475.53300000000013,34,1,CHEMBL1089405,CHEMBL1156260,CHEMBL1156260,B
VVVCNCSCTHVHSD-UHFFFAOYSA-N,7.460923901207224,2,0.0,0.0,Cc1nc2c(F)cc(-c3nc(Nc4ccc5c(n4)CCN(CCN(C)CC[Si](C)(C)C)C5)ncc3F)cc2n1C(C)(C)C,606.8420000000002,43,2,CHEMBL5921721,CHEMBL5727719,CHEMBL5727719|CHEMBL5728430,B
VVVOXIMEZCMSSA-UHFFFAOYSA-N,6.940739595878269,1,,0.0,O=C(c1ccccc1)N1CCN(c2nnc(Cc3ccccc3)c3ccccc23)CC1,408.5050000000001,31,1,CHEMBL5424761,CHEMBL5352421,CHEMBL5352421,B
VWDQVVDIPMQNAP-UHFFFAOYSA-N,5.698970004336019,1,,0.0,C#CCN(c1ccnc(Nc2ccc(OCC(O)CN(C)C)cc2)n1)c1cc(Cl)ccc1Cl,486.40300000000013,33,1,CHEMBL322019,CHEMBL1136192,CHEMBL1136192,B
VXBAJLGYBMTJCY-NSCUHMNNSA-N,8.093543321678572,4,0.7250458770441818,1.6368220975871743,CN1C/C=C/CCOc2cccc(c2)-c2ccnc(n2)Nc2cccc(c2)C1,372.4720000000001,28,4,CHEMBL1944698,CHEMBL1944548,CHEMBL1944548|CHEMBL3856187|CHEMBL4699469|CHEMBL5376015,B
VXHHRUITLRQZFT-UHFFFAOYSA-N,5.026872146400301,1,,0.0,COC1CCN(C(=O)c2ccc(Nc3cc4[nH]c(C(=O)N(C)C)cc4cn3)c(Cl)c2)CC1,455.94600000000025,32,1,CHEMBL5596321,CHEMBL5584232,CHEMBL5584232,B
VXLAKHWYGRKCGI-UHFFFAOYSA-N,8.607303046740334,1,,0.0,CN1CCN(Cc2ccc(NC(=O)c3[nH]ncc3Nc3ncnc4[nH]ccc34)cc2)CC1,431.50400000000013,32,1,CHEMBL4077071,CHEMBL5370533,CHEMBL5370533,B
VXXZEWXBMJSADU-UHFFFAOYSA-N,6.797546383654261,2,0.369731106526041,0.5228787452803383,CC(C)(C)CCN1CCN(c2ccc(Nc3ncc4cc5n(c4n3)C3(CCCC3)CNC5=O)nc2)CC1,502.6670000000005,37,1,CHEMBL3955818,CHEMBL3886995,CHEMBL3886995,B
VYKCLMALANGCDF-STQMWFEESA-N,6.402304814074488,1,,0.0,CCC(CC)c1cc(N[C@H]2CC[C@H](N)C2)n2nccc2n1,287.411,21,1,CHEMBL5199065,CHEMBL5223102,CHEMBL5223102,B
VYUIAGTXCYOIMK-UHFFFAOYSA-N,5.657577319177793,3,1.6542825496697222,2.865301426102544,O=C1N=c2ccccc2=C1c1[nH]c2ccccc2c1O,262.268,20,3,CHEMBL1276127,CHEMBL1146605,CHEMBL1146605|CHEMBL4346652|CHEMBL6134823,B
VYYVSGBSHKYYPS-UHFFFAOYSA-N,5.823908740944319,1,,0.0,O=C1NCC2(CCCCC2)n2c1cc1cnc(Nc3ccc(N4CCC(N5CCCCC5)CC4)cn3)nc12,514.6780000000005,38,1,CHEMBL3915889,CHEMBL3886995,CHEMBL3886995,B
VZNOTQXWDLWJSQ-UHFFFAOYSA-N,7.6020599913279625,1,,0.0,O=C(NCC1CC1)c1[nH]ncc1NC(=O)c1c(F)cccc1F,320.299,23,1,CHEMBL510578,CHEMBL1156543,CHEMBL1156543,B
VZPLQNFSKCQLPB-UHFFFAOYSA-N,7.549750891680639,2,0.0,0.0,Cc1nc2c(F)cc(-c3nc(Nc4ccc5c(n4)CCN(C(=O)NCCO)C5)ncc3F)cc2n1C(C)C,522.5600000000003,38,2,CHEMBL5894670,CHEMBL5727719,CHEMBL5727719|CHEMBL5728430,B
VZQVEDSPJWSGNE-UHFFFAOYSA-N,6.0,2,0.0,0.0,O=C(Nc1cc(C2CC2)[nH]n1)c1cccc(Cl)c1,261.712,18,1,CHEMBL326310,CHEMBL1140962,CHEMBL1140962,B
WAFHXBBZJZYUIJ-UHFFFAOYSA-N,7.966576244513051,1,,0.0,C=CC(=O)N1CCC(C(=O)Nc2ncc(SCc3ncc(C(C)(C)C)o3)s2)CC1,434.5870000000003,29,1,CHEMBL4641226,CHEMBL4739712,CHEMBL4739712,B
WAIWXFGIIWQVMF-UHFFFAOYSA-N,6.309803919971486,1,,0.0,CC(=O)N1CCN(C(=O)c2cc(Sc3cnc(Nc4cccc(Br)n4)s3)ccc2C)CC1,532.489,32,1,CHEMBL254050,CHEMBL1140800,CHEMBL1140800,B
WATZRHFPUUTHEW-UHFFFAOYSA-N,6.69898086196951,2,1.5355012538187923e-05,2.1715266981914283e-05,CC(C)c1cc(NC(=O)c2ccc(Br)cc2)[nH]n1,308.179,18,1,CHEMBL430703,CHEMBL1140962,CHEMBL1140962,B
WBPFBRSQEAARNO-UHFFFAOYSA-N,7.853871964321762,1,,0.0,COCCS(=O)(=O)c1ccc(Nc2nccc(-c3cnc(C)n3C(C)C)n2)cc1,415.5190000000002,29,1,CHEMBL515854,CHEMBL1142453,CHEMBL1142453,B
WBSMIPAMAXNXFS-UHFFFAOYSA-N,4.468521082957745,3,0.18900076888957687,0.32735893438633035,O=C(O)c1cc([N+](=O)[O-])ccc1NCCCc1ccccc1,300.31399999999996,22,2,CHEMBL1256759,CHEMBL5380784,CHEMBL5380784|CHEMBL5579822,B
WBUZWMNIWAQICA-UHFFFAOYSA-N,8.522878745280337,1,,0.0,CCC1CC(C(=O)Nc2ncc(SCc3ncc(C(C)(C)C)o3)s2)CCN1,408.5930000000002,27,1,CHEMBL455195,CHEMBL1152130,CHEMBL1152130,B
WCEJWHANTHYYCV-UHFFFAOYSA-N,6.892790030352131,2,0.0,0.0,Cc1nc2c(F)cc(-c3nc(Nc4ccc5c(n4)CCNC5)ncc3F)cc2n1C1CCCC1,461.52000000000027,34,2,CHEMBL5956369,CHEMBL5727719,CHEMBL5727719|CHEMBL5728430,B
WCWKPLLIOVVNLB-UHFFFAOYSA-N,8.397940008672037,1,,0.0,CNS(=O)(=O)c1ccc2[nH]c(O)c(C=c3[nH]cc4c3=CCOC4=O)c2c1,373.39000000000016,26,1,CHEMBL60541,CHEMBL1136528,CHEMBL1136528,B
WCWLSNGOKLMMBH-UHFFFAOYSA-N,7.769551078621726,1,,0.0,Cc1ncc(-c2ccnc(Nc3ccc(N4CCN(C(=O)C(C)O)CC4)cc3)n2)n1C(C)C,449.5590000000002,33,1,CHEMBL515311,CHEMBL1155842,CHEMBL1155842,B
WDVFSNIVMZTNHY-UHFFFAOYSA-N,7.823908740944319,1,,0.0,CC1CC(C(=O)Nc2ncc(SCc3ncc(C(C)(C)C)o3)s2)CCN1,394.5660000000002,26,1,CHEMBL455194,CHEMBL1152130,CHEMBL1152130,B
WDZGPEAXLWZUHU-UHFFFAOYSA-N,7.056011124926228,1,,0.0,O=C(c1ccc2ccccc2c1)c1cn(-c2ccccc2)nc1C1=Nn2c(Cc3nnc4n3N=C(c3nn(-c5ccccc5)cc3C(=O)c3ccc5ccccc5c3)CS4)nnc2SC1,885.011,65,1,CHEMBL6176188,CHEMBL6134823,CHEMBL6134823,B
WEIJWGUXTMLFKT-UHFFFAOYSA-N,7.4179366370882915,1,,0.0,COC(=O)CN1CCc2nc(Nc3ncc(F)c(-c4cc(F)c5nc(C)n(C(C)C)c5c4)n3)ccc2C1,507.5450000000003,37,1,CHEMBL5935222,CHEMBL5728430,CHEMBL5728430,B
WEPVISFEMWVLFZ-UHFFFAOYSA-N,5.300000202445418,1,,0.0,COc1cc(F)ccc1-c1c[nH]c(=O)c2cc(-c3ccncc3)sc12,352.39000000000004,25,1,CHEMBL1809120,CHEMBL1806471,CHEMBL1806471,B
WEZGTMJXSVLNML-UHFFFAOYSA-N,5.97061622231479,1,,0.0,Cn1cc(C2=C(c3coc4ccccc34)C(=O)NC2=O)c2cc(I)ccc21,468.2500000000001,27,1,CHEMBL522751,CHEMBL1153825,CHEMBL1153825,B
WEZJDYISKHZTRE-UHFFFAOYSA-N,7.886056647693163,3,0.0,0.0,Cc1ccc2[nH]c(O)c(N=Nc3ccc(S(N)(=O)=O)cc3)c2c1Cl,364.81400000000014,24,3,CHEMBL411490,CHEMBL1137075,CHEMBL1134300|CHEMBL1137075|CHEMBL1143196,B
WFBVMRMNIMMRCE-UHFFFAOYSA-N,6.301029995663981,1,,0.0,CN(C)S(=O)(=O)c1ccc(Nc2ccc(C(=O)c3c(F)cccc3F)c(N)n2)cc1,432.4520000000001,30,1,CHEMBL193456,CHEMBL1144370,CHEMBL1144370,B
WFFGKDZTGGLZGQ-OWOJBTEDSA-N,5.431798275933005,1,,0.0,OCCN1CCN(c2ccc3cc2COC/C=C/COCc2cccc(c2)-c2ccnc(n2)N3)CC1,487.60400000000027,36,1,CHEMBL5434272,CHEMBL5376015,CHEMBL5376015,B
WFNUAOKMXUQUHV-QLWIJMGASA-N,8.397940008672037,1,,0.0,C[C@H](Nc1nc(Nc2ccc(S(=N)(=O)CCO)cc2)ncc1Br)C(C)(C)O,458.3820000000001,27,1,CHEMBL3648108,CHEMBL3638817,CHEMBL3638817,B
WFNUAOKMXUQUHV-TYUJQUHCSA-N,8.397940008672037,1,,0.0,C[C@@H](Nc1nc(Nc2ccc(S(=N)(=O)CCO)cc2)ncc1Br)C(C)(C)O,458.3820000000001,27,1,CHEMBL3648107,CHEMBL3638817,CHEMBL3638817,B
WGVVIVGNBSSANI-UHFFFAOYSA-N,5.6020599913279625,1,,0.0,CCCC(=O)Nc1[nH]nc2cc(Cl)c(-c3ccccc3)cc12,313.788,22,1,CHEMBL1095040,CHEMBL1155393,CHEMBL1155393,B
WHDJEAZLMYPLGL-UHFFFAOYSA-N,5.096910013008056,1,,0.0,CC(C)n1cnc2c(NCc3ccccc3)nc(NCCO)nc21,326.4040000000001,24,1,CHEMBL86066,CHEMBL1133758,CHEMBL1133758,B
WHESKSKXFHVUOZ-UHFFFAOYSA-N,6.147062774018503,1,,0.0,CC(=O)Nc1ccc(CNc2nc(NC3CCOCC3)nc3c(C(C)C)cnn23)cc1,423.5210000000002,31,1,CHEMBL5542710,CHEMBL5500401,CHEMBL5500401,B
WHHJYUVJNITNFN-UHFFFAOYSA-N,6.462180904926726,1,,0.0,COc1ccc(-c2nc3c(NCCCNC(=O)C4CC(O)C4)c(Br)cnc3[nH]2)cc1,474.3590000000001,30,1,CHEMBL2011935,CHEMBL2010664,CHEMBL2010664,B
WIAMCDYCLOMHKF-INIZCTEOSA-N,6.8696662315049934,2,0.0,0.0,Cc1nc2c(F)cc(-c3nc(Nc4ccc5c(n4)CCN(C[C@H](C)N(C)C)C5)ncc3F)cc2n1C1CC1,518.6160000000002,38,2,CHEMBL5925248,CHEMBL5727719,CHEMBL5727719|CHEMBL5728430,B
WIAMCDYCLOMHKF-MRXNPFEDSA-N,6.189095719331299,2,0.0,0.0,Cc1nc2c(F)cc(-c3nc(Nc4ccc5c(n4)CCN(C[C@@H](C)N(C)C)C5)ncc3F)cc2n1C1CC1,518.6160000000002,38,2,CHEMBL6007400,CHEMBL5727719,CHEMBL5727719|CHEMBL5728430,B
WIINVKDUAJXWIM-UHFFFAOYSA-N,5.2914941190447635,1,,0.0,CS(=O)(=O)N1CCC(Nc2ncc(C(F)(F)F)c(-c3cnn(-c4ccccc4F)c3)n2)CC1,484.47900000000027,33,1,CHEMBL5572788,CHEMBL5528049,CHEMBL5528049,B
WIPVOTCWCILSOJ-UHFFFAOYSA-N,5.698970004336019,1,,0.0,O=C(Cc1ccccc1)Nc1[nH]nc2ccc(-n3c(O)c[nH]c3=O)cc12,349.35,26,1,CHEMBL258404,CHEMBL1141545,CHEMBL1141545,B
WIXXOCCJPBPLGM-YVEFUNNKSA-N,7.920818753952375,1,,0.0,CC[C@@H](NC(=O)N1CCc2cnc(N[C@@H](C)CO)nc2C1)c1ccc(Cl)c(Cl)c1,438.35900000000015,29,1,CHEMBL3298310,CHEMBL3297705,CHEMBL3297705,B
WJDGUKDMQOOHQB-UHFFFAOYSA-N,6.958607314841775,3,0.07504161477763178,0.14468279480405766,COc1cc(F)ccc1-c1nc(Nc2cc(Br)cc(CS(C)(=N)=O)c2)ncc1F,483.33800000000014,29,1,CHEMBL3946675,CHEMBL3886246,CHEMBL3886246,B
WJOUGMPFYANZMI-INIZCTEOSA-N,4.638272163982407,1,,0.0,CCOc1ccc(Nc2c(C)c(N[C@H]3CCCNC3)nc3ccnn23)cc1,366.46900000000005,27,1,CHEMBL1235213,CHEMBL2163300,CHEMBL2163300,B
WJRRGYBTGDJBFX-UHFFFAOYSA-N,8.221848749616356,5,0.0025725196849889116,0.005752328889091274,Cc1ncc(-c2ccnc(Nc3ccc(S(C)(=O)=O)cc3)n2)n1C(C)C,371.4660000000001,26,5,CHEMBL488436,CHEMBL1142453,CHEMBL1142453|CHEMBL1152195|CHEMBL5230096|CHEMBL5518230|CHEMBL5543128,B
WKBMRZDYCZPLFO-LJQANCHMSA-N,7.002613615602686,1,,0.0,Cc1cnc(Nc2ccnn2C)nc1-c1cc2n(c1)C(=O)N([C@H](CO)c1cccc(Cl)c1)C2,463.9290000000002,33,1,CHEMBL5070887,CHEMBL5046322,CHEMBL5046322,B
WKJFXCUHHGQVFY-UHFFFAOYSA-N,5.596879478824182,1,,0.0,Cc1ccc(S(=O)(=O)Nc2ccc(-c3ccnc(Nc4ccc(S(=O)(=O)Nc5cc(C)no5)cc4)c3C#N)cc2)cc1,600.6820000000001,42,1,CHEMBL5287479,CHEMBL5230096,CHEMBL5230096,B
WLLPLBBZUNXTEC-UHFFFAOYSA-N,6.275724130399211,1,,0.0,O=C1NCC=c2c1c[nH]c2=Cc1c(O)[nH]c2ccc(Br)cc12,358.1950000000001,22,1,CHEMBL57639,CHEMBL1136528,CHEMBL1136528,B
WLZKCCYFHBISQS-UHFFFAOYSA-N,5.297052753818444,1,,0.0,CS(=O)(=O)N1CCC(Nc2ncc(C(F)(F)F)c(-c3cnn(C4CCCCC4)c3)n2)CC1,472.53700000000043,32,1,CHEMBL5590050,CHEMBL5528049,CHEMBL5528049,B
WMDZRXZMGILJMX-UHFFFAOYSA-N,5.431798275933005,1,,0.0,Nc1nccc(-n2ccc3ccc(Cl)cc32)n1,244.685,17,1,CHEMBL2334964,CHEMBL2346586,CHEMBL2346586,B
WMEWCRUOYDVJLT-UHFFFAOYSA-N,7.619788758288394,1,,0.0,Cc1ncc(-c2ccnc(Nc3ccc(N(C)C)cc3)n2)n1C(C)C,336.44300000000004,25,1,CHEMBL476518,CHEMBL1155842,CHEMBL1155842,B
WMJDKJPJZVMOIF-UHFFFAOYSA-N,6.356547323513812,1,,0.0,O=C(Nc1ncnc2oc(-c3cccnc3)cc12)C1CC1,280.2870000000001,21,1,CHEMBL361196,CHEMBL1137112,CHEMBL1137112,B
WMUSBRFXXCFZTI-UHFFFAOYSA-N,7.610833915635467,1,,0.0,COc1cccc(-c2cc(Nc3ccc(S(N)(=O)=O)cc3)[nH]n2)c1,344.396,24,1,CHEMBL319685,CHEMBL1136197,CHEMBL1136197,B
WMZYZYFPPQOFKY-UHFFFAOYSA-N,4.013228265733755,1,,0.0,O=C(Nc1ccccc1)c1cc[nH]n1,187.202,14,1,CHEMBL445420,CHEMBL1156543,CHEMBL1156543,B
WNMRVXGHICLEOM-UHFFFAOYSA-N,8.0,1,,0.0,CSc1ccc(CC(=O)Nc2[nH]nc3ccc(N4CCCS4(=O)=O)cc23)cc1,416.52800000000025,28,1,CHEMBL415789,CHEMBL1141545,CHEMBL1141545,B
WOMGVWQLZBGOHL-UHFFFAOYSA-N,7.267606240177031,3,0.0,0.0,COc1ccc2[nH]c(O)c(N=Nc3ccc(S(N)(=O)=O)cc3)c2c1Cl,380.8130000000001,25,3,CHEMBL271822,CHEMBL1137075,CHEMBL1134300|CHEMBL1137075|CHEMBL1143196,B
WOQQURWNFMADML-UHFFFAOYSA-N,7.552841968657781,1,,0.0,CC(C)(C)c1cnc(CSc2cnc(NC3CCCC(O)C3)s2)o1,367.54000000000013,24,1,CHEMBL495558,CHEMBL1143434,CHEMBL1143434,B
WOTWXKACTZFRQE-UHFFFAOYSA-N,6.8696662315049934,1,,0.0,COc1ccc(-c2nc3c(NCC4CCNCC4)c(Br)cnc3[nH]2)cc1,416.323,26,1,CHEMBL2011926,CHEMBL2010664,CHEMBL2010664,B
WPMMQMUUPOYKSQ-UHFFFAOYSA-N,6.301016967220374,2,1.8425001646353834e-05,2.6056887215020197e-05,O=C(Nc1cc(C2CC2)[nH]n1)c1cccc(C(F)(F)F)c1,295.264,21,1,CHEMBL333605,CHEMBL1140962,CHEMBL1140962,B
WQCXLUNOPQPYFK-IBGZPJMESA-N,7.171082438383314,1,,0.0,Cc1[nH]nc2ccc(-c3cncc(N[C@@H](CO)c4ccccc4)n3)cc12,345.40600000000006,26,1,CHEMBL4856767,CHEMBL4840335,CHEMBL4840335,B
WQCXLUNOPQPYFK-UHFFFAOYSA-N,6.833126049141181,1,,0.0,Cc1[nH]nc2ccc(-c3cncc(NC(CO)c4ccccc4)n3)cc12,345.40600000000006,26,1,CHEMBL4855785,CHEMBL4840335,CHEMBL4840335,B
WQGCPJJNZKLUAU-UHFFFAOYSA-N,7.153044674980176,1,,0.0,CC1(C)CCc2nc3c(F)cc(-c4nc(Nc5ccc(OC6CCN(CCO)CC6)cn5)ncc4F)cc3n21,535.5990000000003,39,1,CHEMBL5915046,CHEMBL5729140,CHEMBL5729140,B
WQGWDDDVZFFDIG-UHFFFAOYSA-N,5.109050540324425,2,0.08264741411654011,0.11688109393867663,Oc1cccc(O)c1O,126.11099999999998,9,1,CHEMBL307145,CHEMBL5380784,CHEMBL5380784,B
WQKQYNIPTVKSRI-UHFFFAOYSA-N,8.031517051446064,2,0.0,0.0,NS(=O)(=O)c1ccc(N=Nc2c(O)[nH]c3cccc(C=Cc4ccc(O)cc4)c23)cc1,434.47700000000015,31,2,CHEMBL272380,CHEMBL1134300,CHEMBL1134300|CHEMBL1143196,B
WQZCQSZZPWAGRX-OAHLLOKOSA-N,7.161150909262744,1,,0.0,C[C@@H](NC(=O)N1CCc2cnc(NC3CCOCC3)nc2C1)c1ccc2cc[nH]c2c1,420.51700000000017,31,1,CHEMBL3298983,CHEMBL3297705,CHEMBL3297705,B
WRNSLYRANAMPHH-UHFFFAOYSA-N,7.431798275933005,1,,0.0,Cc1ncc(-c2ccnc(Nc3ccc(C(=O)NC4CCN(C)CC4)cc3)n2)n1C(C)C,433.5600000000003,32,1,CHEMBL455468,CHEMBL1152195,CHEMBL1152195,B
WRQLOEJMGPUESY-UHFFFAOYSA-N,6.6020599913279625,1,,0.0,COc1ccc2[nH]c(O)c(C=c3[nH]cc4c3=CCNC4=O)c2c1,309.32500000000005,23,1,CHEMBL417228,CHEMBL1136528,CHEMBL1136528,B
WRSFTFVJTOOSMY-UHFFFAOYSA-N,8.045878161439553,2,0.00017065439349167122,0.00024134175775536448,Cc1cc(CC(=O)Nc2cc(C3CC3)[nH]n2)ccc1-c1ccccc1,331.41900000000004,25,1,CHEMBL490480,CHEMBL1140962,CHEMBL1140962,B
WRYQEGMCPJCDEP-UHFFFAOYSA-N,6.573488738635424,1,,0.0,C=CC(=O)NCc1ccc(C(=O)N2CCCC(Nc3ncc(SCc4ncc(C(C)(C)C)o4)s3)C2)cc1,539.7270000000003,37,1,CHEMBL5807535,CHEMBL5728751,CHEMBL5728751,B
WSNJGDJRGNRVDV-UHFFFAOYSA-N,8.154901959985743,1,,0.0,O=C(Cc1ccc(Br)cc1)Nc1[nH]nc2ccc(N3CCCS3(=O)=O)cc12,449.33000000000027,27,1,CHEMBL402370,CHEMBL1141545,CHEMBL1141545,B
WTJMIUVUDTWXSC-UHFFFAOYSA-N,8.67778070526608,3,0.0,0.0,NS(=O)(=O)c1ccc(N=Nc2c(O)[nH]c3ccc(C(=O)NCc4cccnc4)cc23)cc1,450.4800000000002,32,3,CHEMBL271953,CHEMBL1137075,CHEMBL1134300|CHEMBL1137075|CHEMBL1143196,B
WTNLCQZGISMWKP-UHFFFAOYSA-N,5.167491087293763,1,,0.0,CCN=C(N)SCCCN1C(=O)C2=C(C1=O)n1ccc3cccc(c31)C1Cc3ccccc3N21,471.5860000000002,34,1,CHEMBL474724,CHEMBL1151764,CHEMBL1151764,B
WUBSWWREBHQMBO-UHFFFAOYSA-N,7.696803942579511,1,,0.0,O=C(NCC1CCOCC1)c1cc(C(F)(F)F)c(N2CCOCC2)nn1,374.36300000000017,26,1,CHEMBL6144593,CHEMBL6083188,CHEMBL6083188,B
WUFVFWHZRSJNAV-UHFFFAOYSA-N,5.605023280445436,1,,0.0,CCNC(=O)N1CCC(Nc2ncc(Cl)c(-c3c[nH]c4ccccc34)n2)C1,384.8710000000001,27,1,CHEMBL246544,CHEMBL1139954,CHEMBL1139954,B
WUGJIPFLBOATGL-UHFFFAOYSA-N,6.489454989793388,1,,0.0,Nc1nc2ccc(C(=O)c3c(F)cccc3F)cn2c1C(=O)c1ccccc1,377.3500000000001,28,1,CHEMBL189607,CHEMBL1138729,CHEMBL1138729,B
WUILNKCFCLNXOK-CFBAGHHKSA-N,5.508638306165727,2,0.0,0.0,CC(C)=CCC/C(C)=C/CC/C(C)=C/CSc1ccccc1C(=O)O,358.547,25,1,CHEMBL23293,CHEMBL5380784,CHEMBL5380784,B
WVTQEDQHWYJROA-UHFFFAOYSA-N,6.301029995663981,1,,0.0,CN(C)CC(O)COc1ccc(Nc2ncc(Cl)c(Nc3ccccc3)n2)cc1,413.90900000000005,29,1,CHEMBL100391,CHEMBL1136192,CHEMBL1136192,B
WVUDZDGNXHQQNC-UHFFFAOYSA-N,8.110924374808178,2,0.15687075525148192,0.22184874961635614,Clc1ccccc1-c1cc(NCc2ccncc2)n2ncc(Br)c2n1,414.6940000000001,25,1,CHEMBL3642650,CHEMBL3639187,CHEMBL3639187,B
WWAPUHXVVWFCFW-UHFFFAOYSA-N,5.107905397309519,1,,0.0,CN(C)C(=O)c1cc2cnc(Nc3ccc(S(=O)(=O)N(C)C)cc3Cl)cc2[nH]1,421.91000000000014,28,1,CHEMBL5597436,CHEMBL5584232,CHEMBL5584232,B
WWAYNSNYYIIADR-UHFFFAOYSA-N,8.397940008672037,1,,0.0,CC(CO)Sc1nc(Nc2ccc(S(C)(=N)=O)cc2)ncc1Br,417.3540000000001,23,1,CHEMBL3648106,CHEMBL3638817,CHEMBL3638817,B
WWCTWZWHBBXROW-UHFFFAOYSA-N,4.6020599913279625,1,,0.0,CN(C)CC(O)COc1ccc(Nc2cc(Nc3ccccc3[N+](=O)[O-])ncn2)cc1,424.4610000000001,31,1,CHEMBL316887,CHEMBL1136191,CHEMBL1136191,B
WWHNHBJMWMVKHQ-UHFFFAOYSA-N,5.374790474618119,1,,0.0,CCNC(=O)N1CCC(Nc2nccc(-c3cnc4ccccn34)n2)CC1,365.44100000000014,27,1,CHEMBL246543,CHEMBL1139954,CHEMBL1139954,B
WWJLGEMPECUYJI-UHFFFAOYSA-N,6.657577319177793,1,,0.0,COc1ccc(Nc2nc(N)c(N=O)c(OCC3CCCCC3)n2)cc1,357.4140000000002,26,1,CHEMBL102636,CHEMBL1136212,CHEMBL1136212,B
WWPOWSOSERGQKM-UHFFFAOYSA-N,7.173925197299173,2,0.0,0.0,Cc1nc2c(F)cc(-c3nc(Nc4ccc5c(n4)CCN(CCN4CCP(C)(=O)CC4)C5)ncc3F)cc2n1C(C)(C)C,608.6780000000002,43,2,CHEMBL6002613,CHEMBL5727719,CHEMBL5727719|CHEMBL5728430,B
WWZIGIHYULFNFK-UHFFFAOYSA-N,5.853871964321762,1,,0.0,Cc1cc(N2CCCS2(=O)=O)c2oc(-c3ccc(O)c(C#N)c3)c(O)c(=O)c2c1,412.4230000000002,29,1,CHEMBL233152,CHEMBL1148833,CHEMBL1148833,B
WXCBCOGGWQFFHG-UHFFFAOYSA-N,7.508638306165727,1,,0.0,CNC(=O)c1nn(C)c2c1C(C)(C)Cc1cnc(Nc3cccc(N4CCN(C)CC4)c3)nc1-2,460.58600000000024,34,1,CHEMBL564884,CHEMBL1151962,CHEMBL1151962,B
WXFGSMZOKBRNIJ-RKWVHCRBSA-N,8.397940008672037,1,,0.0,C[C@@H](Nc1nc(Nc2ccc(S(=N)(=O)CC3CC3)cc2)ncc1Br)C(C)(C)O,468.42100000000016,28,1,CHEMBL3648076,CHEMBL3638817,CHEMBL3638817,B
WYEKJPYMYWLHSC-UHFFFAOYSA-N,8.096910013008056,1,,0.0,O=C(Nc1cccc2c1C(=O)c1c(-c3ccc(C(=O)N4CCNCC4)s3)n[nH]c1-2)NN1CCOCC1,507.5760000000003,36,1,CHEMBL334285,CHEMBL4406795,CHEMBL4406795,B
WYHMIZJZCQZTDC-UHFFFAOYSA-N,7.045757490560675,1,,0.0,O=C(Nc1ccc(F)cc1)c1[nH]ncc1NC(=O)C1CCCCC1,330.3630000000002,24,1,CHEMBL463579,CHEMBL1156543,CHEMBL1156543,B
WYUGQOIRDIKGIM-HDJSIYSDSA-N,8.0,1,,0.0,CN(C)S(=O)(=O)c1ccc(Nc2cc(N[C@H]3CC[C@H](N)CC3)nc3c(Br)cnn23)cc1,508.44600000000025,31,1,CHEMBL178785,CHEMBL1141971,CHEMBL1141971,B
WYVKLTXZXWGGHJ-UHFFFAOYSA-N,5.675717544702307,1,,0.0,Nc1nccc(-c2cc(N3CCC(O)C3)ccc2O)n1,272.30799999999994,20,1,CHEMBL1800448,CHEMBL1799991,CHEMBL1799991,B
WYZOMYWEQQWFAG-UHFFFAOYSA-N,5.853871964321762,1,,0.0,Nc1ccccc1NC(=O)CCc1ccc(-c2ccc3ncnc(Nc4ccc(OCc5cccc(F)c5)c(Cl)c4)c3c2)cc1,618.1120000000002,45,1,CHEMBL1630116,CHEMBL1629443,CHEMBL1629443,B
WZOVTPHXONVIIJ-SFHVURJKSA-N,7.275724130399211,3,0.014610348122691597,0.02530586526477041,N[C@H](CNc1nnc(-c2ccc3cnccc3c2)s1)Cc1ccc(C(F)(F)F)cc1,429.4710000000001,30,3,CHEMBL1080569,CHEMBL1154933,CHEMBL1154933|CHEMBL1154944|CHEMBL1821694,B
WZYNLEWNDAIQEV-UHFFFAOYSA-N,8.346787486224656,3,0.0,0.0,NC(=O)c1ccc2[nH]c(O)c(N=Nc3ccc(S(N)(=O)=O)cc3)c2c1,359.3670000000001,25,3,CHEMBL410883,CHEMBL1137075,CHEMBL1134300|CHEMBL1137075|CHEMBL1143196,B
XAGNSTCBIXPKPO-UHFFFAOYSA-N,5.735182176990463,1,,0.0,Cn1cc(C2=C(c3coc4ccc(F)cc34)C(=O)NC2=O)c2cc(Cl)ccc21,394.78900000000016,28,1,CHEMBL523113,CHEMBL1153825,CHEMBL1153825,B
XANUTEQSZWRXHI-UHFFFAOYSA-N,6.051279930245874,2,0.11407570974744105,0.1613274158621678,CC1CCN(C2CCN(c3ccc(Nc4ncc5cc6n(c5n4)C4(CCCCC4)CNC6=O)nc3)CC2)C1,514.6780000000005,38,1,CHEMBL3920205,CHEMBL3886995,CHEMBL3886995,B
XAOVCENYRWWHPR-UHFFFAOYSA-N,6.318758762624412,1,,0.0,NC(=O)c1cccc(Nc2nc(OCC3CCCCC3)c3[nH]cnc3n2)c1,366.42500000000007,27,1,CHEMBL4742985,CHEMBL6182841,CHEMBL6182841,B
XAOYRTHHGGFHKY-UHFFFAOYSA-N,5.366531544420413,1,,0.0,N=C(N)SCCCN1C(=O)C2=C(C1=O)n1ccc3cccc(c31)C1Cc3ccccc3N21,443.5320000000002,32,1,CHEMBL514316,CHEMBL1151764,CHEMBL1151764,B
XCPITERAYNQRGL-UHFFFAOYSA-N,8.096910013008056,1,,0.0,Cc1ncc(-c2nc(Nc3ccc(N4CCOCC4)cc3)ncc2F)n1C(C)C,396.47,29,1,CHEMBL515001,CHEMBL1155842,CHEMBL1155842,B
XCYLMCOZDQCDRH-UHFFFAOYSA-N,5.667561540084394,1,,0.0,O=C1Nc2cc3ccc(O)cc3c3c4c(cc1c23)OCO4,279.25100000000003,21,1,CHEMBL607579,CHEMBL1156890,CHEMBL1156890,B
XDPKOVYWCYQSBM-UHFFFAOYSA-N,6.3872161432802645,3,0.09790125779052458,0.18364439694612678,COc1cc(F)ccc1-c1nc(Nc2cc(F)cc(CS(=N)(=O)C3CC3)c2)ncc1F,448.4700000000002,31,1,CHEMBL3934257,CHEMBL3886246,CHEMBL3886246,B
XDSHGIGIKRXBCF-HOTGVXAUSA-N,7.518557371497695,1,,0.0,CN1CC(F)(F)CCN(C)[C@H]2CC[C@@H](C2)Nc2ncc(C(F)(F)F)c(n2)-c2c[nH]c3c(P(C)(C)=O)c(ccc23)C1=O,598.557,41,1,CHEMBL6144731,CHEMBL6092221,CHEMBL6092221,B
XEFTWEXMOFWWNB-UHFFFAOYSA-N,4.42021640338319,1,,0.0,O=C(O)c1cccc([N+](=O)[O-])c1NCCc1c[nH]c2ccccc12,325.324,24,1,CHEMBL5432063,CHEMBL5380784,CHEMBL5380784,B
XFDHKLXZOHVBQC-UHFFFAOYSA-N,4.853871964321762,1,,0.0,Nc1nc(O)c(Cc2nn3c(Cc4ccccc4)nnc3s2)s1,344.425,23,1,CHEMBL550712,CHEMBL1152892,CHEMBL1152892,B
XFHXEJDPACITOO-UHFFFAOYSA-N,5.0,1,,0.0,CN1CCN(c2cccc3[nH]c(-c4[nH]nc5cc(-c6ccc(C(=O)O)cc6)ccc45)nc23)CC1,452.5180000000002,34,1,CHEMBL471791,CHEMBL1143269,CHEMBL1143269,B
XFNINEDWLFKZMH-UHFFFAOYSA-N,7.218963061378869,2,0.0,0.0,Cc1nc2c(F)cc(-c3nc(Nc4ccc5c(n4)CCN(CC(F)(F)F)C5)ncc3F)cc2n1C(C)C,517.5060000000002,37,2,CHEMBL5805137,CHEMBL5727719,CHEMBL5727719|CHEMBL5728430,B
XFOONFRMTLLSTQ-UHFFFAOYSA-N,6.726767165956955,1,,0.0,CC(=O)N1CCC(C(=O)Nc2ccc(CNc3nc(NC4CCOCC4)nc4c(C(C)C)cnn34)cc2)CC1,534.6650000000002,39,1,CHEMBL5512555,CHEMBL5500401,CHEMBL5500401,B
XGBQWTNNJKUZID-UHFFFAOYSA-N,6.721246399047171,1,,0.0,Nc1[nH]c(=O)nc2c1cnn2-c1ccc(S(N)(=O)=O)cc1,306.307,21,1,CHEMBL4161364,CHEMBL4130351,CHEMBL4130351,B
XGKULQQVQWCASY-UHFFFAOYSA-N,4.301029995663981,1,,0.0,NS(=O)(=O)c1cncc(-c2nc(NCc3ccccn3)c3c(-c4ccccc4)cccc3n2)c1,468.54200000000014,34,1,CHEMBL4094440,CHEMBL5727808,CHEMBL5727808,B
XGMVZQXAYCWSTR-UHFFFAOYSA-N,6.86518562967954,1,,0.0,Nc1cc(-c2c[nH]c3ccccc23)nn1-c1nc(Nc2ccc(Br)cc2)nc(N2CCOCC2)n1,532.4060000000002,35,1,CHEMBL6166339,CHEMBL6134823,CHEMBL6134823,B
XHCXEGJOAXJLFH-UHFFFAOYSA-N,8.220403508742175,3,0.2116170858376144,0.3665315444204129,Cc1nc2c(F)cc(-c3nc(Nc4ccc5c(n4)CCN(CC=NO)C5)ncc3F)cc2n1C(C)C,492.5340000000002,36,2,CHEMBL6004741|CHEMBL6020156,CHEMBL5727719,CHEMBL5727719|CHEMBL5728430,B
XHEFDIBZLJXQHF-UHFFFAOYSA-N,5.301029995663981,1,,0.0,O=c1c(O)c(-c2ccc(O)c(O)c2)oc2cc(O)ccc12,286.23900000000003,21,1,CHEMBL31574,CHEMBL1148833,CHEMBL1148833,B
XHEQSRJCJTWWAH-UHFFFAOYSA-N,6.3979400086720375,1,,0.0,CCN(CC)C(=O)c1ccc(Nc2nc(OCC3CCCCC3)c3[nH]cnc3n2)cc1,422.53300000000024,31,1,CHEMBL1802728,CHEMBL4308846,CHEMBL4308846,B
XHJMMMPXTUEBMQ-UHFFFAOYSA-N,7.6020599913279625,1,,0.0,Nc1nc(Nc2cccnc2)sc1C(=O)c1ccccc1F,314.34499999999997,22,1,CHEMBL1761791,CHEMBL1759882,CHEMBL1759882,B
XHMWJKANNMHUAS-UHFFFAOYSA-N,5.679853713888946,1,,0.0,O=C(NCCc1ccccc1)c1cnn2c(-c3ccc(Cl)cc3)nc(NCCc3ccccc3)nc12,497.00200000000024,36,1,CHEMBL5275667,CHEMBL5241085,CHEMBL5241085,B
XHPNYYOUZWOWNT-ATNAJCNCSA-N,6.4089353929735005,1,,0.0,CC[C@H](Nc1nc(NCc2cccnc2)c2ncn(C(C)C)c2n1)C(O)C(C)(C)C,411.5540000000002,30,1,CHEMBL1922211,CHEMBL3639056,CHEMBL3639056,B
XHPNYYOUZWOWNT-PYUWXLGESA-N,6.0,1,,0.0,CC[C@@H](Nc1nc(NCc2cccnc2)c2ncn(C(C)C)c2n1)C(O)C(C)(C)C,411.5540000000002,30,1,CHEMBL1922122,CHEMBL3639056,CHEMBL3639056,B
XHQBOSUFOHFXGZ-CYBMUJFWSA-N,7.886056647693163,1,,0.0,C[C@@H](NC(=O)N1CCc2cnc(NC3CCOCC3)nc2C1)c1ccc(Cl)c(F)c1,433.9150000000002,30,1,CHEMBL3298984,CHEMBL3297705,CHEMBL3297705,B
XHVBPBBATVRGNA-UHFFFAOYSA-N,5.585026652029182,1,,0.0,O=c1[nH]c(O)c(C=NCc2ccn(-c3ccoc3)c(=O)c2)c2cc(I)ccc12,487.2530000000002,28,1,CHEMBL490451,CHEMBL1153424,CHEMBL1153424,B
XHVVXSLELBPOBX-UHFFFAOYSA-N,5.055517327849831,1,,0.0,Cc1nc2ccccn2c1-c1ccnc(Nc2ccccc2Cl)n1,335.79800000000006,24,1,CHEMBL308848,CHEMBL1147565,CHEMBL1147565,B
XIMWEYFXANOPPN-UHFFFAOYSA-N,5.5,2,0.7071067811865476,1.0,O=C(Nc1cc(C2CC2)[nH]n1)c1ccccc1Cl,261.712,18,1,CHEMBL115446,CHEMBL1140962,CHEMBL1140962,B
XIRBBABZYUQIMH-QFIPXVFZSA-N,8.397940008672037,1,,0.0,CCCN(C)[C@H]1CCN(C(=O)c2ccc(Nc3nccc(-c4cnc(C)n4C(C)C)n3)cc2)C1,461.6140000000002,34,1,CHEMBL518826,CHEMBL1152195,CHEMBL1152195,B
XIRPRIIMUGKGHD-UHFFFAOYSA-N,7.823908740944319,1,,0.0,Cc1cc(C)cc(NNC(=O)C2CCCN2C(=O)Nc2ccc(Cl)cc2)c1,386.88300000000004,27,1,CHEMBL6163941,CHEMBL6134823,CHEMBL6134823,B
XIVVCWMLPOQNDX-UHFFFAOYSA-N,7.455931955649724,2,0.0,0.0,Cc1nc2c(F)cc(-c3nc(Nc4ccc5c(n4)CCN(C(C)C)C5)ncc3F)cc2n1C(C)C,477.5630000000002,35,2,CHEMBL5905735,CHEMBL5727719,CHEMBL5727719|CHEMBL5728430,B
XIXCDPUONOFFOT-UHFFFAOYSA-N,7.481486060122112,1,,0.0,Cc1ncc(-c2ccnc(Nc3ccc(S(=O)(=O)CCCN4CCOCC4)cc3)n2)n1C(C)C,484.62600000000043,34,1,CHEMBL457888,CHEMBL1142453,CHEMBL1142453,B
XJMUQSPFRGDRSM-UHFFFAOYSA-N,4.667561540084395,1,,0.0,CN1CCN(c2cccc3[nH]c(-c4[nH]nc5cc(-c6ccc(CO)cc6)ccc45)nc23)CC1,438.5350000000002,33,1,CHEMBL474807,CHEMBL1143269,CHEMBL1143269,B
XJQPUMGIUIXVMH-QEZCQBAUSA-N,8.698970004336019,1,,0.0,C[C@H](Nc1nc(Nc2ccc(S(C)(=N)=O)cc2)ncc1Br)C(C)(C)O,428.3560000000001,25,1,CHEMBL3648116,CHEMBL3638817,CHEMBL3638817,B
XJQPUMGIUIXVMH-XIVKRJNJSA-N,8.221848749616356,1,,0.0,C[C@@H](Nc1nc(Nc2ccc(S(C)(=N)=O)cc2)ncc1Br)C(C)(C)O,428.3560000000001,25,1,CHEMBL3648072,CHEMBL3638817,CHEMBL3638817,B
XJYQXFOMCPXSMR-UHFFFAOYSA-N,6.853871964321762,1,,0.0,CN1CCN(c2cc(NCc3cccnc3)n3ncc(Br)c3n2)CC1,402.3000000000001,25,1,CHEMBL3642655,CHEMBL3639187,CHEMBL3639187,B
XJYUSNWXKXUGGH-OXQOHEQNSA-N,6.455931955649724,1,,0.0,CNS(=O)(=O)c1ccc(Nc2ncc3c(n2)N([C@@H]2CCC[C@@]2(C)O)C(=O)C32CC2)cc1,443.52900000000034,31,1,CHEMBL5190046,CHEMBL5126669,CHEMBL5126669,B
XJYUSNWXKXUGGH-VTIXCXEBSA-N,6.127261172527332,1,,0.0,[2H]C([2H])([2H])NS(=O)(=O)c1ccc(Nc2ncc3c(n2)N([C@@H]2CCC[C@@]2(C)O)C(=O)C32CC2)cc1,446.5473053340004,31,1,CHEMBL5190067,CHEMBL5126669,CHEMBL5126669,B
XJZGBIWHBPHGTM-UHFFFAOYSA-N,4.494850021680094,1,,0.0,Cn1cc(C2=C(c3coc4ccccc34)C(=O)NC2=O)c2cc(C3CC3)ccc21,382.4190000000002,29,1,CHEMBL491064,CHEMBL1153825,CHEMBL1153825,B
XKDKTKPNGXUGSV-UHFFFAOYSA-N,8.154901959985743,1,,0.0,O=C(Cc1cccc(Br)c1)Nc1[nH]nc2ccc(N3CCCS3(=O)=O)cc12,449.33000000000027,27,1,CHEMBL402158,CHEMBL1141545,CHEMBL1141545,B
XKFTZKGMDDZMJI-UHFFFAOYSA-N,6.335358024443874,1,,0.0,COC(C(=O)N1Cc2[nH]nc(NC(=O)c3ccc(N4CCN(C)CC4)cc3)c2C1)c1ccccc1,474.56500000000034,35,1,CHEMBL402548,CHEMBL1137365,CHEMBL1137365,B
XKPZMRRASYJBKC-KRWDZBQOSA-N,7.347753658996677,1,,0.0,Cc1nc2c(F)cc(-c3nc(Nc4ccc5c(n4)C[C@H](C)N(CCN(C)C)C5)ncc3F)cc2n1C(C)(C)C,534.6590000000002,39,1,CHEMBL6058303,CHEMBL5728430,CHEMBL5728430,B
XKPZMRRASYJBKC-QGZVFWFLSA-N,7.487420828013285,2,0.19751920464154335,0.27933433803321694,Cc1nc2c(F)cc(-c3nc(Nc4ccc5c(n4)C[C@@H](C)N(CCN(C)C)C5)ncc3F)cc2n1C(C)(C)C,534.6590000000002,39,1,CHEMBL5982253,CHEMBL5727719,CHEMBL5727719,B
XLFNLJYGUOLEJS-SFHVURJKSA-N,6.2182446253475305,1,,0.0,CC1(C)C(=O)N([C@H]2CCc3c(O)cccc32)c2nc(Nc3ccccc3)ncc21,386.45500000000004,29,1,CHEMBL3884319,CHEMBL3875183,CHEMBL3875183,B
XLGNAHMZWBLDIJ-UHFFFAOYSA-N,8.221848749616356,1,,0.0,Cc1ncc(-c2ccnc(Nc3ccc(C(=O)N(C)C)c(F)c3)n2)n1C(C)C,382.4430000000001,28,1,CHEMBL510436,CHEMBL1152177,CHEMBL1152177,B
XLKQEANBUUJYHI-BZSJEYESSA-N,7.0,1,,0.0,CC(C)NC(=O)O[C@@H]1CCC(c2cc(NC(=O)Cc3ccccc3S(C)(=O)=O)[nH]n2)C1,448.54500000000013,31,1,CHEMBL5179286,CHEMBL5113545,CHEMBL5113545,B
XLMDNKMMDBSPSJ-SFHVURJKSA-N,7.8124792791635365,1,,0.0,Nc1cc2cc(-c3cnc(NC[C@@H](N)Cc4ccc(C(F)(F)F)cc4)s3)ccc2cn1,443.49800000000005,31,1,CHEMBL1081295,CHEMBL1154944,CHEMBL1154944,B
XLSYZSRXVVCHLS-UHFFFAOYSA-N,8.522878745280337,1,,0.0,COCCN1CCN(Cc2ccc(-c3[nH]nc4c3C(=O)c3c(NC(=O)NN5CCOCC5)cccc3-4)cc2)CC1,545.6440000000002,40,1,CHEMBL3545083,CHEMBL5143610,CHEMBL5143610,B
XLTFNNCXVBYBSX-UHFFFAOYSA-N,5.835647144215563,1,,0.0,COc1c(O)cc(O)c2c(=O)cc(-c3ccccc3)oc12,284.267,21,1,CHEMBL16171,CHEMBL4368927,CHEMBL4368927,B
XLZHLULRODUOPS-UHFFFAOYSA-N,6.460923901207224,2,0.0,0.0,Cc1nc2c(F)cc(-c3nc(Nc4ccc5c(n4)CCN(C(=O)OCCN(C)C)C5)ncc3F)cc2n1C1CC1,548.5980000000002,40,2,CHEMBL5774515,CHEMBL5727719,CHEMBL5727719|CHEMBL5728430,B
XMACWTIHZLGTLY-UHFFFAOYSA-N,5.096910013008056,1,,0.0,O=C(O)c1cc(Cl)ccc1NCCc1c[nH]c2ccccc12,314.77200000000005,22,1,CHEMBL5400738,CHEMBL5380784,CHEMBL5380784,B
XMMSPSBDKCHHAF-FOCZCJQRSA-N,7.267606240177031,1,,0.0,C[C@H](O)[C@@H](C)Oc1nc(Nc2ccc(S(=O)(CCO)=NS(=O)(=O)CC[Si](C)(C)C)cc2)ncc1Br,609.6410000000003,35,1,CHEMBL3648081,CHEMBL3638817,CHEMBL3638817,B
XMQUZQUEHXAOEE-UHFFFAOYSA-N,6.657577319177793,1,,0.0,COc1cc(F)ccc1-c1nc(Nc2cc(C)cc(CS(C)(=O)=NC#N)c2)ncc1F,443.47900000000016,31,1,CHEMBL3953160,CHEMBL3886246,CHEMBL3886246,B
XNBFIYZPJDNHMB-UHFFFAOYSA-N,7.207608310501746,1,,0.0,CCOC(=O)CCC(=O)NS(=O)(=O)c1ccc(Nc2nc(N)n(C(=O)c3c(F)cccc3F)n2)cc1,522.4900000000002,36,1,CHEMBL379193,CHEMBL1138960,CHEMBL1138960,B
XNKBKFNLOYVTSF-UHFFFAOYSA-N,6.650514997831991,4,1.2106691113050574,2.096970809979834,CC(C(=O)Nc1cc(C2CC2)[nH]n1)c1ccc(N2CCOC2=O)cc1,340.3830000000001,25,1,CHEMBL191834|CHEMBL192179,CHEMBL1140962,CHEMBL1140962,B
XNSBIDVYGUYMMI-UHFFFAOYSA-N,5.935542010773082,1,,0.0,COc1cccc2c(C3=C(c4cn(C)c5ccc(Br)cc45)C(=O)NC3=O)coc12,451.2760000000002,29,1,CHEMBL505673,CHEMBL1153825,CHEMBL1153825,B
XNTGSYBCSRJAPL-UHFFFAOYSA-N,5.8221210361269105,2,0.5968039331944489,0.8440082164011962,CC1CN(c2ccc(Nc3ncc4cc5n(c4n3)C3(CCCCC3)CNC5=O)nc2)CC(C)N1CC1CC1,514.6780000000005,38,1,CHEMBL3896827,CHEMBL3886995,CHEMBL3886995,B
XOKMDOXIMWIBTG-UHFFFAOYSA-N,6.7827530729909435,2,0.0003351929456149912,0.0004740344097005078,O=C(O)c1ccc(C(=O)Nc2cc(C3CC3)[nH]n2)cc1,271.27599999999995,20,1,CHEMBL324186,CHEMBL1140962,CHEMBL1140962,B
XONAFDRMWJEXGF-UHFFFAOYSA-N,5.0,1,,0.0,COc1cc(N)ccc1-c1ccc2c(-c3nc4c(N5CCN(C)CC5)cccc4[nH]3)[nH]nc2c1,453.55000000000024,34,1,CHEMBL471790,CHEMBL1143269,CHEMBL1143269,B
XOTQSFMYDHXIOI-UHFFFAOYSA-N,6.585026652029182,3,0.1798078510448403,0.32735893438633035,CCOc1cc(F)ccc1-c1nc(Nc2cc(F)cc(CS(C)(=N)=O)c2)ncc1F,436.4590000000001,30,1,CHEMBL3959867,CHEMBL3886246,CHEMBL3886246,B
XOZQJBAUFVCEOP-UHFFFAOYSA-N,6.154901959985743,1,,0.0,CN(C)CC(O)COc1ccc(Nc2nccc(N(CC#N)c3cc(Cl)ccc3Cl)n2)cc1,487.39100000000025,33,1,CHEMBL430507,CHEMBL1136192,CHEMBL1136192,B
XPBRJXPIAAHIDG-UHFFFAOYSA-N,4.33832926395964,1,,0.0,O=C(NC1CCCC1)c1ccc(-c2nccc(-c3c[nH]c4cnccc34)n2)cc1,383.4550000000001,29,1,CHEMBL3421974,CHEMBL3421608,CHEMBL3421608,B
XPWCZMMPBBEBJG-UHFFFAOYSA-N,6.136677139879544,1,,0.0,O=C(CO)Nc1c[nH]nc1C(=O)Nc1ccc(F)cc1,278.243,20,1,CHEMBL443198,CHEMBL1156543,CHEMBL1156543,B
XQCBTNFRVPULKC-UHFFFAOYSA-N,5.7667499904589,1,,0.0,ON=C(O)CCCCCCn1cc(Nc2ncc(Cl)c(-c3cnc4ccccn34)n2)cn1,454.92200000000014,32,1,CHEMBL5598317,CHEMBL5584345,CHEMBL5584345,B
XQJXNILPLUCHQG-UHFFFAOYSA-N,5.522878745280337,1,,0.0,O=C(Nc1ccccc1)c1[nH]nc2ccccc12,237.262,18,1,CHEMBL508964,CHEMBL1156543,CHEMBL1156543,B
XQKJVNGGVLHNLA-UHFFFAOYSA-N,6.221848749616356,1,,0.0,CC(C)(C)Nc1nc(C(F)(F)F)nc2ccc(-c3cccc(N)c3)cc12,360.38300000000004,26,1,CHEMBL278894,CHEMBL5214889,CHEMBL5214889,B
XQLINAVACFUFEH-UHFFFAOYSA-N,5.177047759452519,1,,0.0,CC1CCN(NC(=O)N2CCC(Nc3ncc(Cl)c(-c4c[nH]c5ccccc45)n3)CC2)CC1,468.0050000000003,33,1,CHEMBL245935,CHEMBL1139954,CHEMBL1139954,B
XQYCTMGXRKRCSW-UHFFFAOYSA-N,6.2441251443275085,1,,0.0,CC(C)n1cnc2c(NCc3cccnc3)nc(NCC(O)C(F)(F)F)nc21,395.38900000000007,28,1,CHEMBL3655776,CHEMBL3638727,CHEMBL3638727,B
XQZSGOBAYDQIAM-UHFFFAOYSA-N,6.861570979993996,1,,0.0,O=C(c1ccc(Cl)cc1)N1CCN(c2nnc(Cc3ccccc3)c3ccccc23)CC1,442.9500000000002,32,1,CHEMBL5423237,CHEMBL5352421,CHEMBL5352421,B
XRMXIRZGNIFUDY-UHFFFAOYSA-N,7.136677139879544,1,,0.0,COc1cc(F)ccc1-c1nc(Nc2cc(F)c(F)c(CS(C)(=O)=NC#N)c2)ncc1F,465.4320000000002,32,1,CHEMBL3973367,CHEMBL3886246,CHEMBL3886246,B
XRSQDHGAKCVALI-UHFFFAOYSA-N,4.431798275933005,1,,0.0,S=c1[nH]c(=S)c2c(Cc3nn4c(COc5ccc(Cl)cc5)nnc4s3)[nH]nc2[nH]1,462.973,29,1,CHEMBL563733,CHEMBL1152892,CHEMBL1152892,B
XSEZGKIQUGAAIC-UHFFFAOYSA-N,7.214670164989233,3,0.0,0.0,NS(=O)(=O)c1ccc(N=Cc2c(O)[nH]c3cc(CO)ccc23)cc1,345.38000000000005,24,3,CHEMBL410293,CHEMBL1137075,CHEMBL1134300|CHEMBL1137075|CHEMBL1143196,B
XSHQBIXMLULFEV-UHFFFAOYSA-N,4.7447274948966935,1,,0.0,CC(C)(C)n1nc(-c2cccc3ccccc23)c2c(N)ncnc21,317.3960000000001,24,1,CHEMBL264406,CHEMBL1240301,CHEMBL1240301,B
XTSFMAFWRLGELC-UHFFFAOYSA-N,6.476253533188435,2,0.0,0.0,Cc1nc2c(F)cc(-c3nc(Nc4ccc5c(n4)CCN(C(=O)NCCO)C5)ncc3F)cc2n1C1CC1,520.5440000000002,38,2,CHEMBL5950277,CHEMBL5727719,CHEMBL5727719|CHEMBL5728430,B
XTSPZUAGERHHRG-UHFFFAOYSA-N,4.327902142064283,1,,0.0,CN1CCN(c2ccc(N=Cc3c(=O)[nH]c(O)c4ccc(C(=O)N(C)C)cc34)cc2)CC1,433.5120000000002,32,1,CHEMBL487526,CHEMBL1150411,CHEMBL1150411,B
XUCPNXUEDQNSTP-RDTXWAMCSA-N,6.113509274827518,1,,0.0,C[C@@H]1CCC[C@H]1N1C(=O)C2(CC2)c2cnc(Nc3ccc(S(=O)(=O)NCCO)cc3)nc21,457.55600000000015,32,1,CHEMBL5169515,CHEMBL5126669,CHEMBL5126669,B
XUECOEIJYADXBH-UHFFFAOYSA-N,8.096910013008056,2,0.0,0.0,CC(C)(O)CSc1nc(Nc2ccc(S(C)(=N)=O)cc2)ncc1Br,431.3810000000001,24,1,CHEMBL3648128,CHEMBL3638817,CHEMBL3638817,B
XUELBKVSGYWSKD-UHFFFAOYSA-N,7.154901959985743,1,,0.0,COc1ccc(-c2nc3c(NCCCNC(=O)C4(CN)CC4)c(Br)cnc3[nH]2)cc1,473.3750000000001,30,1,CHEMBL2011932,CHEMBL2010664,CHEMBL2010664,B
XVBWTZHNQZHFHR-QGZVFWFLSA-N,6.346787486224656,1,,0.0,CN(C)C[C@@H](OC(=O)N1Cc2c(NC(=O)C(C)(C)C)n[nH]c2C1(C)C)c1ccccc1,427.5490000000001,31,1,CHEMBL2064628,CHEMBL2062373,CHEMBL2062373,B
XVLIRDXMQGPGCW-UHFFFAOYSA-N,6.3851027839668655,1,,0.0,CCNC(=O)N1CCC(Nc2ncc(C#N)c(-c3c[nH]c4cc(F)ccc34)n2)CC1,407.45300000000015,30,1,CHEMBL248370,CHEMBL1139954,CHEMBL1139954,B
XVLUNMSWJVTNRP-UHFFFAOYSA-N,6.876148359032914,1,,0.0,COc1ccc(-c2nc3c(OCC4CCNCC4)c(Br)cnc3[nH]2)cc1,417.30699999999996,26,1,CHEMBL2011927,CHEMBL2010664,CHEMBL2010664,B
XVRFIUSGDOJQMI-UHFFFAOYSA-N,6.4241925139919935,2,0.3764315739349201,0.5323546371642145,CC(C)C1CN(c2ccc(Nc3ncc4cc5n(c4n3)C3(CCCCC3)CNC5=O)nc2)CCN1,474.6130000000004,35,1,CHEMBL3943554,CHEMBL3886995,CHEMBL3886995,B
XWQVQSXLXAXOPJ-NJDAHSKKSA-N,6.151195298948196,1,,0.0,COC[C@@H](C)N[C@H]1CC[C@H](Nc2cc(-c3cccc(NCC4(C#N)CCOCC4)n3)c(Cl)cn2)CC1,513.0860000000004,36,1,CHEMBL3656841,CHEMBL5223102,CHEMBL5223102,B
XWRIZUXQGQPRHA-UHFFFAOYSA-N,8.0,3,0.0,0.0,NS(=O)(=O)c1ccc(N=Nc2c(O)[nH]c3ccc(O)cc23)cc1,332.34100000000007,23,3,CHEMBL409690,CHEMBL1137075,CHEMBL1134300|CHEMBL1137075|CHEMBL1143196,B
XWSWBBJOBJLNNN-UHFFFAOYSA-N,8.638272163982407,3,0.0,0.0,NS(=O)(=O)c1ccc(N=Nc2c(O)[nH]c3ccc(-c4cnco4)cc23)cc1,383.3890000000001,27,3,CHEMBL269827,CHEMBL1137075,CHEMBL1134300|CHEMBL1137075|CHEMBL1143196,B
XWWRLKIBRPJQJX-UHFFFAOYSA-N,6.0,1,,0.0,c1ccc(Nc2nc(OCC3CCCCC3)c3[nH]cnc3n2)cc1,323.4,24,1,CHEMBL122264,CHEMBL1138472,CHEMBL1138472,B
XXBMNYHUMYIUIC-UHFFFAOYSA-N,8.074172425375258,1,,0.0,Cc1nc2c(F)cc(-c3nc(Nc4ccc5c(n4)CCN(CCC(N)NO)C5)ncc3F)cc2n1C(C)C,523.5920000000002,38,1,CHEMBL5794081,CHEMBL5727719,CHEMBL5727719,B
XXGOOUIALHIZEV-UHFFFAOYSA-N,7.275724130399211,1,,0.0,COc1ccc2[nH]c(O)c(N=NC(=O)c3cc4cc(Br)ccc4o3)c2c1,414.21500000000003,26,1,CHEMBL5172659,CHEMBL5149978,CHEMBL5149978,B
XXLVWAXFJXMBMJ-UHFFFAOYSA-N,6.148860384576463,4,1.0703644536979033,1.8541305499095762,CC(C(=O)Nc1cc(C2CC2)[nH]n1)c1ccccc1,255.321,19,1,CHEMBL365988|CHEMBL366230,CHEMBL1140962,CHEMBL1140962,B
XYDAVXLWFUQNSH-UHFFFAOYSA-N,6.236572006437063,1,,0.0,Cc1nnc(-c2cccc(-c3cnn4ccc(NCCN)nc34)c2)o1,335.3710000000001,25,1,CHEMBL2442291,CHEMBL2440090,CHEMBL2440090,B
XYZIPKBTOPMPRH-UHFFFAOYSA-N,7.327902142064282,1,,0.0,COc1ccc(NC(=S)NC(=O)c2cn(-c3ccccc3)nc2-c2ccc(C)cc2)cc1,442.54400000000015,32,1,CHEMBL2426383,CHEMBL2424530,CHEMBL2424530,B
XYZNJJAFIUQYLC-UHFFFAOYSA-N,8.096910013008056,1,,0.0,COCCNS(=O)(=O)c1ccc(Nc2nccc(-c3cnc(C)n3C)n2)cc1,402.48000000000013,28,1,CHEMBL520187,CHEMBL1142453,CHEMBL1142453,B
YAEMHJKFIIIULI-UHFFFAOYSA-N,4.0,1,,0.0,COc1ccc(CNC(=O)Nc2ncc([N+](=O)[O-])s2)cc1,308.319,21,1,CHEMBL259850,CHEMBL1240296,CHEMBL1240296,B
YAZNPWINUJRGSE-UHFFFAOYSA-N,5.818156412055227,1,,0.0,Cc1nn(C2CCNCC2)c(C)c1Nc1ncc(Cl)c(-c2cnn3ccccc23)n1,422.9240000000001,30,1,CHEMBL3824296,CHEMBL3822394,CHEMBL3822394,B
YBJHTHAFJHFCAF-UHFFFAOYSA-N,5.568636235841012,1,,0.0,COc1cc(N2CCN(C(C)=O)CC2)ccc1Nc1ncc(F)c(-c2cnc3ccccn23)n1,461.50100000000015,34,1,CHEMBL1809193,CHEMBL1806477,CHEMBL1806477,B
YBKLJTXDSBEVRV-UHFFFAOYSA-N,7.468521082957745,1,,0.0,NC(=O)c1ccc(Nc2nc(N)c(N=O)c(OCC3CCCCC3)n2)cc1,370.4130000000002,27,1,CHEMBL101801,CHEMBL1136212,CHEMBL1136212,B
YBSJMSSCZQIUNY-UHFFFAOYSA-N,4.568636235841013,1,,0.0,COc1cc(N2CCN(C(C)=O)CC2)ccc1Nc1ncc(C#N)c(-c2cnc3ccccn23)n1,468.5210000000002,35,1,CHEMBL1806525,CHEMBL1806477,CHEMBL1806477,B
YCQDQQRGBMNFGC-UHFFFAOYSA-N,4.468521082957745,1,,0.0,Nc1nccc(-n2ccc3ccc(F)cc32)n1,228.23,17,1,CHEMBL2348175,CHEMBL2346586,CHEMBL2346586,B
YCVGLKWJKIKVBI-MJGOQNOKSA-N,6.207608310501746,3,0.0,0.0,CC(C)c1cnn2c(NCc3ccccc3)cc(NC[C@H]3CCNC[C@@H]3O)nc12,394.5230000000002,29,3,CHEMBL4297488,CHEMBL4406837,CHEMBL4406837|CHEMBL4610077|CHEMBL5143610,B
YDAZSMGTKCIGJO-UHFFFAOYSA-N,8.221848749616356,1,,0.0,Cc1ncc(-c2ccnc(Nc3ccc(S(=O)(=O)NCCCOC(C)C)cc3)n2)n1C,444.56100000000026,31,1,CHEMBL520353,CHEMBL1142453,CHEMBL1142453,B
YDCTYUJPLMLUQI-UHFFFAOYSA-N,6.795880017344075,1,,0.0,O=C(O)c1cc(C(F)(F)F)ccc1NCCc1c[nH]c2cc(Br)ccc12,427.22,26,1,CHEMBL5432928,CHEMBL5380784,CHEMBL5380784,B
YDELNSXADYPQGS-BKUYFWCQSA-N,7.449771646944906,1,,0.0,Cn1cc(/C=C2\Oc3cccc(O)c3C2=O)c2c(-c3ccc(C(=O)NCCO)cc3)ccnc21,455.47000000000014,34,1,CHEMBL1092754,CHEMBL1156283,CHEMBL1156283,B
YDLIDSKVQPSYJF-UHFFFAOYSA-N,7.075720713938118,1,,0.0,CCCCOc1cc(Nc2ccc(S(N)(=O)=O)cc2)nc(N)c1C(=O)c1c(F)cccc1F,476.50500000000017,33,1,CHEMBL2113092,CHEMBL1144370,CHEMBL1144370,B
YECDMWPRVSKSOX-UHFFFAOYSA-N,7.6020599913279625,1,,0.0,COc1ccc(NC(=S)NC(=O)c2cn(-c3ccccc3)nc2-c2ccc(OC)cc2)cc1,458.5430000000002,33,1,CHEMBL2426395,CHEMBL2424530,CHEMBL2424530,B
YECNFOINGSEHDU-UHFFFAOYSA-N,6.356547323513812,1,,0.0,Cn1cc(CCNc2ccc([N+](=O)[O-])cc2C(=O)O)c2ccc(Cl)cc21,373.7960000000001,26,1,CHEMBL5439522,CHEMBL5380784,CHEMBL5380784,B
YEJVJNPGUUFGLZ-UHFFFAOYSA-N,8.022276394711152,2,0.0,0.0,NS(=O)(=O)c1ccc(N=Nc2c(=O)[nH]c3ccc4[nH][nH]nc4c23)cc1,357.355,25,2,CHEMBL271952,CHEMBL1134300,CHEMBL1134300|CHEMBL1143196,B
YEPIOFDLMGAKEX-UHFFFAOYSA-N,7.481486060122112,1,,0.0,CCC(C)Sc1nc(Nc2ccc(S(C)(=N)=O)cc2)ncc1Br,415.38200000000006,23,1,CHEMBL3648100,CHEMBL3638817,CHEMBL3638817,B
YERVFCNDCWMBBO-UHFFFAOYSA-N,7.057495893831919,2,0.0,0.0,Cc1nc2c(F)cc(-c3nc(Nc4ccc5c(n4)CCN(C(=O)CN(C)C)C5)ncc3F)cc2n1C1CCC(C)CC1,574.6800000000001,42,2,CHEMBL5943083,CHEMBL5727719,CHEMBL5727719|CHEMBL5728430,B
YFAZVYJDWIMMBA-UHFFFAOYSA-N,6.3036436112666685,2,0.0,0.0,O=C(Nc1[nH]nc2cc(-c3ccc[nH]3)ccc12)C1CC1,266.30400000000003,20,2,CHEMBL260929,CHEMBL1136207,CHEMBL1136207|CHEMBL1156672,B
YFCGHMHGBHKLKH-OCCSQVGLSA-N,7.3979400086720375,1,,0.0,CC[C@H](Nc1nc(NCc2ccc(C(F)(F)F)nc2)c2ncn(C(C)C)c2n1)[C@@H](C)O,437.47000000000014,31,1,CHEMBL3655772,CHEMBL3638727,CHEMBL3638727,B
YFIUABKREHXFIM-UHFFFAOYSA-N,7.3979400086720375,1,,0.0,CCN(CC)c1ccc(CC(=O)Nc2[nH]nc3ccc(N4CCCS4(=O)=O)cc23)cc1,441.55700000000024,31,1,CHEMBL258039,CHEMBL1141545,CHEMBL1141545,B
YFRIHUMUDOXHTG-UHFFFAOYSA-N,6.8696662315049934,2,0.0,0.0,Cc1nc2c(F)cc(-c3nc(Nc4ccc5c(n4)CCN(CCN(C)P(C)(C)=O)C5)ncc3F)cc2n1C(C)C,568.6130000000002,40,2,CHEMBL4461442,CHEMBL5727719,CHEMBL5727719|CHEMBL5728430,B
YFXWYMXXKFMSOB-UHFFFAOYSA-N,7.173957609754036,2,4.583813325732107e-05,6.482490972636867e-05,O=C(Cc1ccc(OC(F)(F)F)cc1)Nc1cc(C2CC2)[nH]n1,325.29,23,1,CHEMBL115994,CHEMBL1140962,CHEMBL1140962,B
YGAYAOJKEATGGP-UHFFFAOYSA-N,8.594212497064703,2,0.9523225643266383,1.346787486224656,O=S(=O)(NCCOCCO)c1ccc(N=Cc2c(O)[nH]c3ccc4ncsc4c23)cc1,460.53700000000026,31,2,CHEMBL1964259,CHEMBL1134300,CHEMBL1134300|CHEMBL5252532,B
YGFOLYFTLSRURR-UHFFFAOYSA-N,5.7447274948966935,1,,0.0,Nc1c([N+](=O)[O-])cnc(NC2CCCCC2)c1[N+](=O)[O-],281.272,20,1,CHEMBL5279871,CHEMBL5230096,CHEMBL5230096,B
YGKBJTINUACXLA-UHFFFAOYSA-N,8.045757490560675,1,,0.0,CNS(=O)(=O)c1ccc2[nH]c(O)c(C=c3[nH]cc4c3=CCNC4=O)c2c1,372.4060000000001,26,1,CHEMBL294884,CHEMBL1136528,CHEMBL1136528,B
YHTPDTJLAXLJAP-UHFFFAOYSA-N,4.040958607678906,1,,0.0,CN(CCc1c[nH]c2ccccc12)C(=O)c1ccc(-c2ccc(-c3ccccc3)cc2)cc1,430.5510000000001,33,1,CHEMBL498705,CHEMBL1155938,CHEMBL1155938,B
YHUQQZMBCQTEJM-NRFANRHFSA-N,6.938547520912807,1,,0.0,CC[C@@H](CO)Nc1nc(NCc2ccc(NC(=O)C3CCN(C(C)=O)CC3)cc2)n2ncc(C(C)C)c2n1,522.6540000000003,38,1,CHEMBL5537062,CHEMBL5500401,CHEMBL5500401,B
YHUQQZMBCQTEJM-OAQYLSRUSA-N,6.904133546521457,1,,0.0,CC[C@H](CO)Nc1nc(NCc2ccc(NC(=O)C3CCN(C(C)=O)CC3)cc2)n2ncc(C(C)C)c2n1,522.6540000000003,38,1,CHEMBL5542804,CHEMBL5500401,CHEMBL5500401,B
YIOLMUUAQMURCL-UHFFFAOYSA-N,6.698970004336019,1,,0.0,CCN(CC)c1ccc2[nH]nc(NC(=O)Cc3ccccc3)c2c1,322.41200000000003,24,1,CHEMBL402910,CHEMBL1141545,CHEMBL1141545,B
YJAHDBYTVJLWQB-UHFFFAOYSA-N,7.769551078621726,1,,0.0,CN1CCN(c2ccc(Nc3ncc4c(n3)-c3c(c(C(N)=O)nn3C)C(C)(C)C4)cc2)CC1,446.55900000000025,33,1,CHEMBL563641,CHEMBL1151962,CHEMBL1151962,B
YJIHRITUIVWNPX-UHFFFAOYSA-N,6.910094888560602,1,,0.0,CNC(=O)CN1CCC(Nc2ncc(Cl)c(-c3c[nH]c4ccccc34)n2)CC1,398.89800000000014,28,1,CHEMBL245336,CHEMBL1139954,CHEMBL1139954,B
YKHVIOOOXXEIBK-UHFFFAOYSA-N,6.335358024443874,1,,0.0,COc1cccc(OC)c1C(=S)c1c(N)nc2ccc(C(=O)c3c(F)cccc3F)cn12,453.47000000000014,32,1,CHEMBL188074,CHEMBL1138729,CHEMBL1138729,B
YKVXFJUHOCXIAS-UHFFFAOYSA-N,5.522878745280337,1,,0.0,CCN(CC)S(=O)(=O)c1cc(Nc2nccc(-c3ccnc(-c4ccc(NC(=O)NC)cc4)c3)n2)ccc1C,545.6690000000002,39,1,CHEMBL2158863,CHEMBL2157945,CHEMBL2157945,B
YLDHRDIOVUTLTI-UHFFFAOYSA-N,4.568636235841013,1,,0.0,CC(=O)N1CCN(C(=O)c2cccc(CSc3cnc(NC(=O)c4ccc(N(C)C)cc4)s3)c2)CC1,523.6840000000002,36,1,CHEMBL205799,CHEMBL5715936,CHEMBL5715936,B
YLFCUUAEVUYDPH-UHFFFAOYSA-N,6.221848749616356,1,,0.0,CC(C)(C)Nc1nc(C(F)(F)F)nc2ccc(Nc3ccccc3)cc12,360.38300000000004,26,1,CHEMBL1242833,CHEMBL1240533,CHEMBL1240533,B
YLRRTJLWOJHWFB-UHFFFAOYSA-N,8.698970004336019,1,,0.0,Cc1ncc(-c2nc(Nc3ccc(C(=O)NCCN(C)C)c(F)c3)ncc2F)n1C(C)C,443.5020000000001,32,1,CHEMBL462385,CHEMBL1152195,CHEMBL1152195,B
YMBNZUUECWJCDF-HNNXBMFYSA-N,7.142667503568731,1,,0.0,Cc1[nH]nc2ccc(-c3nnc(NC[C@@H](N)Cc4ccccc4)s3)cc12,364.478,26,1,CHEMBL1087281,CHEMBL1154933,CHEMBL1154933,B
YMFWMHNWDMYUDT-UHFFFAOYSA-N,4.726258163788953,1,,0.0,COc1cc(Nc2nccc(-c3ccc(Cl)cc3)n2)cc(OC)c1OC,371.8240000000002,26,1,CHEMBL3134612,CHEMBL3132747,CHEMBL3132747,B
YNJJUSMMVIXAQM-UHFFFAOYSA-N,6.899369733874604,2,0.24212939964145905,0.3424226808222066,CN1CCN(C(=O)c2ccc(Nc3ncc4cc5n(c4n3)C3(CCCC3)CNC5=O)nc2)CC1,460.54200000000037,34,1,CHEMBL3972676,CHEMBL3886995,CHEMBL3886995,B
YNZARLLQQVOHLU-UHFFFAOYSA-N,7.494850021680094,1,,0.0,COc1ccc(-c2nn(-c3ccccc3)cc2C(=O)NC(=S)Nc2ccc(F)cc2)cc1,446.50700000000006,32,1,CHEMBL2426396,CHEMBL2424530,CHEMBL2424530,B
YOFJPZPGHXWQJB-UHFFFAOYSA-N,6.958607314841775,1,,0.0,Cn1cc(Nc2ncc(C3CC3)c(NCCCNC(=O)C3CCC3)n2)cn1,369.4730000000001,27,1,CHEMBL2207208,CHEMBL2203069,CHEMBL2203069,B
YOVNFNXUCOWYSG-UHFFFAOYSA-N,5.455931955649724,1,,0.0,CCn1c(-c2nonc2N)nc2cnc(Oc3cccc(NC(=O)c4ccc(OCCN5CCOCC5)cc4)c3)cc21,570.6100000000005,42,1,CHEMBL220241,CHEMBL1955726,CHEMBL1955726,B
YOWAPKICKYMWFY-UHFFFAOYSA-N,6.0369935005645585,2,0.3709521521633118,0.5246055645808436,CC1(C)CN(c2ccc(Nc3ncc4cc5n(c4n3)C3(CCCCC3)CNC5=O)nc2)CCN1C1CC1,500.65100000000047,37,1,CHEMBL3947713,CHEMBL3886995,CHEMBL3886995,B
YPJRHEKCFKOVRT-UHFFFAOYSA-N,7.133570013031479,4,1.7455232805030243,3.3749060793507057,CC(C)N1CCN(c2ccc(Nc3ncc4cc5n(c4n3)C3(CCCCC3)CNC5=O)nc2)CC1,474.61300000000045,35,1,CHEMBL3904602,CHEMBL3886995,CHEMBL3886995,B
YPMOBRWHNOTUIL-UHFFFAOYSA-N,7.782516055786093,2,0.0,0.0,CCC(CC)n1c(C)nc2c(F)cc(-c3nc(Nc4ccc5c(n4)CCNC5)ncc3F)cc21,463.53600000000023,34,2,CHEMBL5964401,CHEMBL5727719,CHEMBL5727719|CHEMBL5728430,B
YPRFZGADERCJFT-UHFFFAOYSA-N,6.42027566078428,4,1.5582776593099128,2.6994812398063592,CC(C(=O)Nc1cc(C2CC2)[nH]n1)c1ccc(N2CCN(C)C2=O)cc1,353.4260000000001,26,1,CHEMBL192042|CHEMBL365355,CHEMBL1140962,CHEMBL1140962,B
YQFCBJPXMPWMGS-UHFFFAOYSA-N,7.1938200260161125,1,,0.0,CC(C)NS(=O)(=O)c1ccc2[nH]c(O)c(C=c3[nH]cc4c3=CCOC4=O)c2c1,401.4440000000002,28,1,CHEMBL299032,CHEMBL1136528,CHEMBL1136528,B
YRMCFRAIIGMZRN-UHFFFAOYSA-N,7.315577746587089,2,0.7612629832673897,1.0765884354693451,N#Cc1cnc(NC2CCN(S(=O)(=O)c3ccccn3)CC2)nc1-c1cnn(CC(F)(F)F)c1,492.4870000000002,34,1,CHEMBL5591731,CHEMBL5528049,CHEMBL5528049,B
YRSCDRTXWYUNBB-UHFFFAOYSA-N,8.698970004336019,1,,0.0,N#Cc1ccc(Nc2nccc(-c3cnn4ncccc34)n2)cc1,313.32400000000007,24,1,CHEMBL359794,CHEMBL1143431,CHEMBL1143431,B
YRUAMADPOZOPBF-ZDUSSCGKSA-N,7.672935804369094,2,0.23432980393412198,0.33139238679186356,Cc1nc2c(F)cc(-c3nc(Nc4ccc5c(n4)CCN[C@H]5C)ncc3F)cc2n1C(C)(C)C,463.5360000000002,34,1,CHEMBL5971879,CHEMBL5727719,CHEMBL5727719,B
YRVHFKJCZJVYTE-UHFFFAOYSA-N,6.259637310505756,1,,0.0,Nc1nccc(-n2cc(-c3cc[nH]n3)c3cnccc32)n1,277.29100000000005,21,1,CHEMBL2348159,CHEMBL2346586,CHEMBL2346586,B
YRZXUXSUYHXYHL-UHFFFAOYSA-N,5.585026652029182,1,,0.0,CCCOc1ccc(CN=Cc2c(=O)[nH]c(O)c3ccc(I)cc23)cc1O,478.28600000000006,27,1,CHEMBL477861,CHEMBL1153424,CHEMBL1153424,B
YSRIAKNKGZXFQD-UHFFFAOYSA-N,7.267606240177031,3,0.0,0.0,NS(=O)(=O)c1ccc(N=Cc2c(O)[nH]c3cccc(CO)c23)cc1,345.3800000000001,24,3,CHEMBL271137,CHEMBL1137075,CHEMBL1134300|CHEMBL1137075|CHEMBL1143196,B
YTPKEJXVUUNXRA-CYBMUJFWSA-N,5.898252926053633,1,,0.0,CCNC(=O)N1CCC[C@@H](Nc2ncc(Cl)c(-c3c[nH]c4ccccc34)n2)C1,398.89800000000014,28,1,CHEMBL245335,CHEMBL1139954,CHEMBL1139954,B
YTPKEJXVUUNXRA-ZDUSSCGKSA-N,6.255707016877324,1,,0.0,CCNC(=O)N1CCC[C@H](Nc2ncc(Cl)c(-c3c[nH]c4ccccc34)n2)C1,398.89800000000014,28,1,CHEMBL392614,CHEMBL1139954,CHEMBL1139954,B
YTWUJKTZUCBCKZ-UHFFFAOYSA-N,7.6777807052660805,2,0.0,0.0,NS(=O)(=O)c1ccc(N=Nc2c(O)[nH]c3cccc(CCc4ccncc4)c23)cc1,421.4820000000002,30,2,CHEMBL1794054,CHEMBL1137075,CHEMBL1134300|CHEMBL1137075,B
YTXYPBGFOFQODO-UHFFFAOYSA-N,4.638272163982407,1,,0.0,S=c1[nH]n2c(Cc3ccccc3)nnc2s1,248.33600000000004,16,1,CHEMBL550856,CHEMBL1152892,CHEMBL1152892,B
YUCANQKNMKNWJA-UHFFFAOYSA-N,6.575118363368933,1,,0.0,CN1CCN(CCC(=O)NS(=O)(=O)c2ccc(Nc3nc(N)n(C(=O)c4c(F)cccc4F)n3)cc2)CC1,548.5760000000001,38,1,CHEMBL210765,CHEMBL1138960,CHEMBL1138960,B
YUDFZFTYQHGUIE-UHFFFAOYSA-N,7.167491087293763,1,,0.0,O=C(O)c1ccc2[nH]c(O)c(C=c3[nH]cc4c3=CCNC4=O)c2c1,323.30800000000005,24,1,CHEMBL60990,CHEMBL1136528,CHEMBL1136528,B
YUFBUGUHCWVGCY-UHFFFAOYSA-N,6.949620243738542,1,,0.0,Clc1cnc2[nH]c(C3CCNCC3)cc2c1-c1cnn(CC2CC2)c1,355.8730000000001,25,1,CHEMBL6152017,CHEMBL6092142,CHEMBL6092142,B
YWCPAMUOHSOOGH-UHFFFAOYSA-N,5.0,1,,0.0,COc1ccc(-c2ccc3c(-c4nc5c(N6CCN(C)CC6)cccc5[nH]4)[nH]nc3c2)c(OC)c1,468.56100000000015,35,1,CHEMBL475640,CHEMBL1143269,CHEMBL1143269,B
YWFDRCJLBFJCBB-UHFFFAOYSA-N,5.2839966563652006,1,,0.0,O=C(c1ccccc1)n1c(=O)c(-c2c(O)n(-c3ccc(F)cc3)c(=S)n(C(=O)c3ccccc3)c2=O)c(O)n(-c2ccc(F)cc2)c1=S,682.686,48,1,CHEMBL5281901,CHEMBL5230096,CHEMBL5230096,B
YWKHYOGNLAAFGK-AWKYBWMHSA-N,5.609064892896621,1,,0.0,COc1cc(F)ccc1-c1cc(NC(=O)C2CCC[C@@H](NC(C)=O)C2)ncc1Cl,419.8840000000001,29,1,CHEMBL4755256,CHEMBL4699469,CHEMBL4699469,B
YWUCEUICJFTKSJ-UHFFFAOYSA-N,6.288049435271313,1,,0.0,COc1ccc(Cc2nnc(N3CCN(C(=O)Nc4ccccc4)CC3)c3ccccc23)cc1,453.54600000000016,34,1,CHEMBL5417190,CHEMBL5352421,CHEMBL5352421,B
YXJHRAJQRBFYSF-UHFFFAOYSA-N,6.869634062734793,1,,0.0,O=C(Nc1ccc(N2CCNCC2)cc1)c1[nH]ncc1Nc1cc(OC2CCCC2)ncn1,448.5310000000003,33,1,CHEMBL5435746,CHEMBL5370533,CHEMBL5370533,B
YXVXFUBOIUONRY-UHFFFAOYSA-N,4.022276394711152,2,0.0,0.0,CN(C)CC(O)COc1ccc(Nc2cc(Nc3ccccc3Cl)ncn2)cc1,413.9090000000001,29,2,CHEMBL99647,CHEMBL1136192,CHEMBL1136191|CHEMBL1136192,B
YXXLSGQPJORXAM-UHFFFAOYSA-N,7.443697499232712,1,,0.0,Cc1ncc(-c2ccnc(Nc3ccc(S(=O)(=O)CCCN(C)C)cc3)n2)n1C(C)C,442.5890000000003,31,1,CHEMBL457887,CHEMBL1142453,CHEMBL1142453,B
YYWWXDBYEUYMKM-UHFFFAOYSA-N,7.690369832574101,1,,0.0,Cc1nc2c(F)cc(-c3nc(Nc4ccc5c(n4)CCN(C(=O)CC4CC(O)C4)C5)ncc3F)cc2n1C1CC1,545.5940000000002,40,1,CHEMBL5791509,CHEMBL5727719,CHEMBL5727719,B
YZANFKNGZATACL-IBGZPJMESA-N,5.97061622231479,1,,0.0,N[C@H](CNc1cnc(-c2ccc3cnccc3c2)s1)Cc1ccc(C(F)(F)F)cc1,428.4830000000001,30,1,CHEMBL1081425,CHEMBL1154944,CHEMBL1154944,B
YZCUMZWULWOUMD-UHFFFAOYSA-N,6.636388020107855,1,,0.0,COc1cc(F)ccc1-c1cc(Nc2cc(CS(C)(=N)=O)ccn2)ncc1F,404.44200000000006,28,1,CHEMBL4756595,CHEMBL6092142,CHEMBL6092142,B
YZDYJOYZOMZSAA-UHFFFAOYSA-N,7.167491087293763,1,,0.0,CN(C)S(=O)(=O)c1ccc2[nH]c(O)c(C=c3[nH]cc4c3=CCNC4=O)c2c1,386.43300000000016,27,1,CHEMBL58139,CHEMBL1136528,CHEMBL1136528,B
YZUCJGXJSJSVQK-STQMWFEESA-N,7.6777807052660805,1,,0.0,Nc1nccc(-c2cc(N3C[C@H](O)[C@@H](O)C3)ccc2O)n1,288.307,21,1,CHEMBL1800449,CHEMBL1799991,CHEMBL1799991,B
YZVUSTSAIKJMLH-UHFFFAOYSA-N,7.7447274948966935,1,,0.0,COc1cc(-c2ccc[nH]2)c2c3c(ccc(F)c13)NC2=O,282.274,21,1,CHEMBL83775,CHEMBL1136123,CHEMBL1136123,B
ZAFJPCZWYDCVJT-UHFFFAOYSA-N,7.542118103266008,1,,0.0,COCC(=O)N1CCc2nc(Nc3ncc(F)c(-c4cc(F)c5nc(C)n(C(C)C)c5c4)n3)ccc2C1,507.5450000000003,37,1,CHEMBL6060984,CHEMBL5728430,CHEMBL5728430,B
ZALAVZQOVAVODO-UHFFFAOYSA-N,6.267606240177031,3,0.1981138565976822,0.3692948272225074,COc1cc(F)ccc1-c1nc(Nc2cccc(CS(C)(=N)=O)c2)ncc1F,404.44200000000006,28,1,CHEMBL3965161,CHEMBL3886246,CHEMBL3886246,B
ZAPGHPQYYDYEQW-UHFFFAOYSA-N,7.701146923590294,2,0.0,0.0,Cc1nc2c(F)cc(-c3nc(Nc4ccc5c(n4)CCN(CCO)C5)ncc3F)cc2n1C(C)C,479.53500000000025,35,2,CHEMBL5908734,CHEMBL5727719,CHEMBL5727719|CHEMBL5728430,B
ZCAJFUVAZBCUQN-UHFFFAOYSA-N,6.017728766960431,1,,0.0,CCCOc1c[nH]c(CN=Cc2c(=O)[nH]c(O)c3ccc(C(C)(C)C)cc23)cc1=O,409.48600000000016,30,1,CHEMBL515631,CHEMBL1153424,CHEMBL1153424,B
ZCMULLRERXYJLF-UHFFFAOYSA-N,5.301029995663981,1,,0.0,CN(C)CC(O)COc1ccc(Nc2cc(N(CCC#N)c3cc(Cl)ccc3Cl)ncn2)cc1,501.41800000000023,34,1,CHEMBL317378,CHEMBL1136191,CHEMBL1136191,B
ZCRPPLDDHBLUES-UHFFFAOYSA-N,5.537602002101044,1,,0.0,CC(=O)Nc1nccc(-c2c(C)nc3ccccn23)n1,267.292,20,1,CHEMBL99842,CHEMBL1136202,CHEMBL1136202,B
ZCUPJNMFZQFHTK-YVLHZVERSA-N,6.508638306165727,3,0.0,0.0,CN1CCC(c2c(O)cc(O)c3c2O/C(=C\c2ccc([N+](=O)[O-])cc2)C3=O)CC1,396.39900000000017,29,3,CHEMBL45477,CHEMBL1137075,CHEMBL1135924|CHEMBL1136795|CHEMBL1137075,B
ZCWLZHSHBXLTNE-UHFFFAOYSA-N,6.6280090885350855,1,,0.0,COCCN1CCC(c2cc3c(-c4cnn(CC5CC5)c4)c(Cl)cnc3[nH]2)CC1,413.9530000000002,29,1,CHEMBL6141840,CHEMBL6092142,CHEMBL6092142,B
ZDXQLMBSNKHXCJ-HAQNSBGRSA-N,7.259637310505756,1,,0.0,N[C@H]1CC[C@H](Nc2cc(Nc3ccc(F)c(Cl)c3)n3nccc3n2)CC1,374.8510000000001,26,1,CHEMBL2163999,CHEMBL2163300,CHEMBL2163300,B
ZEBJHCDQKLZHME-UHFFFAOYSA-N,7.376750709602099,1,,0.0,Cc1ccc(NC(=S)NC(=O)c2cn(-c3ccccc3)nc2-c2ccc(Cl)cc2)cc1,446.9630000000002,31,1,CHEMBL2426386,CHEMBL2424530,CHEMBL2424530,B
ZEBTXFXNRXGPKC-UHFFFAOYSA-N,6.931814138253838,1,,0.0,CCOP(=O)(OCC)N(C)CC[N+]1([O-])CCc2nc(Nc3ncc(F)c(-c4cc(F)c5nc(C)n(C(C)C)c5c4)n3)ccc2C1,644.664,45,1,CHEMBL5976175,CHEMBL5727719,CHEMBL5727719,B
ZEOPSFAALLTZPL-UHFFFAOYSA-N,7.522878745280337,1,,0.0,C=C(c1ccc(-c2ccc(S(N)(=O)=O)cc2)o1)c1sc(N)nc1O,363.42000000000013,24,1,CHEMBL231950,CHEMBL1149560,CHEMBL1149560,B
ZERGASSJZLEYGD-UHFFFAOYSA-N,7.366531544420414,4,0.07817360042996221,0.1563472008599236,NS(=O)(=O)c1ccc(N=Nc2c(O)[nH]c3ccc(Cl)cc23)cc1,350.7870000000001,23,4,CHEMBL270054,CHEMBL1148343,CHEMBL1134300|CHEMBL1137075|CHEMBL1143196|CHEMBL1148343,B
ZFBKXLJPSOHGSJ-UHFFFAOYSA-N,4.900000142057633,1,,0.0,O=c1[nH]cc(-c2cccc3cccnc23)c2sc(-c3ccncc3)cc12,355.4220000000001,26,1,CHEMBL1809122,CHEMBL1806471,CHEMBL1806471,B
ZFFPZCADMXKXTH-UHFFFAOYSA-N,6.830612437533213,2,0.1922818598227632,0.271927613959674,O=C1NCC2(CCCCC2)n2c1cc1cnc(Nc3ccc(C(=O)N4CCN(C5CCC5)CC4)cn3)nc12,514.6340000000005,38,1,CHEMBL3895782,CHEMBL3886995,CHEMBL3886995,B
ZFJLPIJNZJYZGU-QRVIBDJDSA-N,5.954677021213342,2,0.0,0.0,COc1cc(/C=C2\Oc3cc4occc4c(OC)c3C2=O)ccc1OCC(=O)Nc1ccccc1,471.4650000000002,35,2,CHEMBL4637085,CHEMBL4613211,CHEMBL4613211|CHEMBL5223077,B
ZFKGDYZACMFEDS-UHFFFAOYSA-N,4.638272163982407,1,,0.0,COc1cc(C2=C(c3cn(COC(C)(C)C)c4ccccc34)CNC2=O)cc(OC)c1OC,450.5350000000002,33,1,CHEMBL488646,CHEMBL1157465,CHEMBL1157465,B
ZFKQQXLECNVLOF-OKILXGFUSA-N,6.0783655389462945,1,,0.0,CN(C)C(=O)c1ccc(Nc2ncc(C(F)(F)F)c(N[C@H]3CC[C@@H](N)CC3)n2)cc1,422.4550000000002,30,1,CHEMBL5092606,CHEMBL5042545,CHEMBL5042545,B
ZFKYLNGVYDRHQY-UHFFFAOYSA-N,5.236572006437063,1,,0.0,Cn1cc(CCNc2ccc([N+](=O)[O-])cc2C(=O)O)c2cc(Cl)ccc21,373.7960000000001,26,1,CHEMBL5421310,CHEMBL5380784,CHEMBL5380784,B
ZFQFDCSTGATGQP-UHFFFAOYSA-N,6.809668301829708,1,,0.0,Nc1cccc(-c2nc3c(NCCCNC(=O)C4CCC4)c(Br)cnc3[nH]2)c1,443.3490000000001,28,1,CHEMBL2011940,CHEMBL2010664,CHEMBL2010664,B
ZFXSUJXETQKSKI-UHFFFAOYSA-N,6.714442690992226,2,0.0,0.0,Cc1nc2c(F)cc(-c3nc(Nc4ccc5c(n4)CCN(C(=O)CN(C)C)C5)ncc3F)cc2n1C1CCCC1,546.6260000000001,40,2,CHEMBL5759958,CHEMBL5727719,CHEMBL5727719|CHEMBL5728430,B
ZGOWDCNCCJWTOO-CQSZACIVSA-N,8.045757490560675,1,,0.0,Cc1cc(Nc2ncc3c(n2)CN(C(=O)N[C@H](C)c2ccc(Cl)c(Cl)c2)CC3)ccn1,457.3650000000002,31,1,CHEMBL3298418,CHEMBL3297705,CHEMBL3297705,B
ZHVGDOYWNSYNSU-UHFFFAOYSA-N,5.63292375773125,1,,0.0,CC(=O)Nc1ccc(CNc2nc(NC3CCN(C)CC3)nc3c(C(C)C)cnn23)cc1,436.5640000000002,32,1,CHEMBL5559020,CHEMBL5500401,CHEMBL5500401,B
ZHWJNEDXBUMFCE-UHFFFAOYSA-N,4.576754126063192,1,,0.0,N#Cc1ccc2c(=O)[nH]c(O)c(C=Nc3ccc(CN4CCCCC4)cc3)c2c1,386.4550000000001,29,1,CHEMBL483535,CHEMBL1150411,CHEMBL1150411,B
ZHXNIYGJAOPMSO-UHFFFAOYSA-N,4.5376020021010435,3,0.0,0.0,COc1cc(C)c(Sc2cnc(NC(=O)c3ccc(CNC(C)C(C)(C)C)cc3)s2)cc1C(=O)N1CCN(C(C)=O)CC1,623.8449999999999,43,3,CHEMBL209148,CHEMBL1138957,CHEMBL1138957|CHEMBL5465560|CHEMBL5715936,B
ZICDFYRPBWSYAQ-UHFFFAOYSA-N,6.943095148663527,1,,0.0,CNc1ncc2c(-c3ccc(N4CCNCC4)cc3)nn(CC3CCC(N)CC3)c2n1,420.5650000000002,31,1,CHEMBL2036792,CHEMBL4368903,CHEMBL4368903,B
ZJCKMANGHDJUQT-UHFFFAOYSA-N,7.3979400086720375,1,,0.0,CCN(CC)CCNC(=O)c1cccc(Nc2nccc(-c3cnn4ncccc34)n2)c1,430.51600000000013,32,1,CHEMBL495751,CHEMBL1143431,CHEMBL1143431,B
ZJJZCHNTRMUXMT-UHFFFAOYSA-N,8.698970004336019,1,,0.0,Cc1ncc(-c2nc(Nc3ccc(C(=O)N4CCCN(C)CC4)cc3)ncc2F)n1C(C)C,451.5500000000002,33,1,CHEMBL462192,CHEMBL1152195,CHEMBL1152195,B
ZJSUFVUNHNCHCI-UHFFFAOYSA-N,4.886056647693163,1,,0.0,c1nc(OCC2CCCCC2)c2[nH]cnc2n1,232.287,17,1,CHEMBL405551,CHEMBL1133452,CHEMBL1133452,B
ZJVCNOOQHUYJRJ-AWEZNQCLSA-N,7.154901959985743,1,,0.0,Cc1[nH]nc2ccc(-c3nnc(NC[C@@H](N)Cc4ccc(Cl)cc4Cl)s3)cc12,433.3680000000001,28,1,CHEMBL1080912,CHEMBL1154933,CHEMBL1154933,B
ZJXAYHKSLDKUOY-UHFFFAOYSA-N,6.958607314841775,1,,0.0,C#CN1CCC(N2CCc3nc(Nc4ncc(F)c(-c5cc(F)c6nc(C)n(C(C)C)c6c5)n4)ccc3C2)C1,528.6110000000002,39,1,CHEMBL5760424,CHEMBL5727719,CHEMBL5727719,B
ZKCUEAJARGYWOA-UHFFFAOYSA-N,5.499999678657065,1,,0.0,CC(C)n1cnnc1-c1cccc(NC(=O)C2CCCCO2)n1,315.3770000000001,23,1,CHEMBL4759397,CHEMBL4725315,CHEMBL4725315,B
ZKDXRFMOHZVXSG-HNNXBMFYSA-N,8.133803120088515,2,0.12451532338594933,0.17609125905568135,CC(C)[C@H](CO)Nc1nc(Nc2ccc(C(=O)O)c(Cl)c2)c2ncn(C(C)C)c2n1,432.9120000000001,30,1,CHEMBL23254,CHEMBL1153829,CHEMBL1153829,B
ZKGCHTUYVMLBSI-UHFFFAOYSA-N,5.292429823902063,1,,0.0,N=C(Nc1ccccc1)SCCCN1C(=O)C2=C(C1=O)n1ccc3cccc(c31)C1Cc3ccccc3N21,519.6300000000002,38,1,CHEMBL487254,CHEMBL1151764,CHEMBL1151764,B
ZKOQFSUEYNBDLG-UHFFFAOYSA-N,5.400116927926312,1,,0.0,Nc1nccc(-c2cc(N3CCS(=O)(=O)CC3)ccc2O)n1,320.37399999999997,22,1,CHEMBL1800219,CHEMBL1799991,CHEMBL1799991,B
ZLRQBYKTDVAMPK-SNAWJCMRSA-N,5.0,1,,0.0,Cc1cnc2nc1-c1cccc(c1)COC/C=C/COCc1cc(ccc1OCCN1CCCC1)N2,486.6160000000004,36,1,CHEMBL5439075,CHEMBL5376015,CHEMBL5376015,B
ZLUXKRIOOANRPI-UHFFFAOYSA-N,7.619788758288394,1,,0.0,Cn1nc(C(N)=O)c2c1-c1nc(Nc3ccccc3)ncc1CC2(C)C,348.4100000000002,26,1,CHEMBL560818,CHEMBL1151962,CHEMBL1151962,B
ZMWYSLJBNJUCRK-UHFFFAOYSA-N,6.853871964321762,1,,0.0,O=C(Nc1c[nH]nc1C(=O)Nc1ccc(F)cc1)c1ccccc1,324.31500000000005,24,1,CHEMBL463580,CHEMBL1156543,CHEMBL1156543,B
ZMYUKKKHJVNBAM-UHFFFAOYSA-N,6.337242168318426,1,,0.0,ON=C(O)c1ccc(-c2ccc3ncnc(Nc4ccc(OCc5cccc(F)c5)c(Cl)c4)c3c2)o1,504.90500000000026,36,1,CHEMBL1630117,CHEMBL1629443,CHEMBL1629443,B
ZNJIRQMCOQXGAV-UHFFFAOYSA-N,6.206258493644402,1,,0.0,S=C(Nc1cccc(Cl)c1)N1CCN(c2nnc(Cc3ccccc3)c3ccccc23)CC1,474.03300000000024,33,1,CHEMBL5426122,CHEMBL5352421,CHEMBL5352421,B
ZNLCRBCFRLCIFE-UHFFFAOYSA-N,5.958607314841775,1,,0.0,COc1cc(N2CCN(C(C)=O)CC2)ccc1Nc1ncc(Cl)c(-c2cnc3ccccn23)n1,477.95600000000013,34,1,CHEMBL1809044,CHEMBL1806477,CHEMBL1806477,B
ZNSLBWYTFVGWPI-UHFFFAOYSA-N,5.301029995663981,1,,0.0,Nc1nccc(-n2ccc3ccc(O)cc32)n1,226.239,17,1,CHEMBL2348173,CHEMBL2346586,CHEMBL2346586,B
ZNSULAZTNWFKEW-UHFFFAOYSA-N,5.823908740944319,1,,0.0,CC(C)(C(N)=O)C(=O)NCCCNc1nc(Nc2cccc(NC(=O)N3CCCC3)c2)ncc1Br,547.4580000000003,35,1,CHEMBL573108,CHEMBL1933054,CHEMBL1933054,B
ZORUMGHLMKWRPP-UHFFFAOYSA-N,6.149353764816933,1,,0.0,CS(=O)(=O)N1CCC(Nc2ncc(C(F)(F)F)c(-c3cnn(CC(F)(F)F)c3)n2)CC1,472.41500000000025,31,1,CHEMBL5573816,CHEMBL5528049,CHEMBL5528049,B
ZOTNSCLLJKXGSD-UHFFFAOYSA-N,8.397940008672037,1,,0.0,CN1CCN(c2ccc(Nc3nccc(-c4cnn5ncccc45)n3)cc2C(F)(F)F)CC1,454.46000000000015,33,1,CHEMBL468963,CHEMBL1143431,CHEMBL1143431,B
ZPEMVEMJOPVLNU-UHFFFAOYSA-N,5.795880017344075,1,,0.0,Cc1cc(N2CCCC2=O)c2oc(-c3ccc(O)c(O)c3)c(O)c(=O)c2c1,367.3570000000001,27,1,CHEMBL232934,CHEMBL1148833,CHEMBL1148833,B
ZPHUHTHDIXSANO-SHTZXODSSA-N,7.958607314841775,1,,0.0,N[C@H]1CC[C@H](Nc2cc(Nc3ccc(S(=O)(=O)c4cccs4)cc3)n3ncc(Cl)c3n2)CC1,503.0530000000002,33,1,CHEMBL181114,CHEMBL1141971,CHEMBL1141971,B
ZPIDHGGDZDTVCL-UHFFFAOYSA-N,5.423658649794207,1,,0.0,CC(C)N1CCN(c2ccc(Nc3ncc4cc5n(c4n3)C3(CCCC3)CNC5=O)nc2)CC1,460.5860000000004,34,1,CHEMBL3973664,CHEMBL3886995,CHEMBL3886995,B
ZPLZSKVVFXBZBN-UHFFFAOYSA-N,7.886056647693163,3,0.0,0.0,NS(=O)(=O)c1ccc(N=Nc2c(O)[nH]c3cccc(Oc4ccccc4)c23)cc1,408.43900000000014,29,3,CHEMBL409104,CHEMBL1137075,CHEMBL1134300|CHEMBL1137075|CHEMBL1143196,B
ZPPIIWDAWGGQAA-UHFFFAOYSA-N,8.167491087293763,2,0.0,0.0,CC(C)(CO)CNC(=O)c1ccc2[nH]c(O)c(N=Nc3ccc(S(N)(=O)=O)cc3)c2c1,445.50100000000015,31,2,CHEMBL410072,CHEMBL1134300,CHEMBL1134300|CHEMBL1143196,B
ZPWUMOCCPBUNND-UHFFFAOYSA-N,5.800000874803203,1,,0.0,O=c1[nH]cc(-c2ccc3c(c2)OCCO3)c2sc(-c3ccncc3)cc12,362.41,26,1,CHEMBL1809114,CHEMBL1806471,CHEMBL1806471,B
ZQCTWYIBQJNZCK-UHFFFAOYSA-N,6.6020599913279625,1,,0.0,Cc1nnc2sc(Cc3sc(N)nc3O)nn12,268.327,17,1,CHEMBL556214,CHEMBL1152892,CHEMBL1152892,B
ZQFHOHAIVVOIJY-UHFFFAOYSA-N,6.120674699215193,1,,0.0,CCC(=O)Nc1ccc(CNc2nc(NC3CCNCC3)nc3c(C(C)C)cnn23)cc1,436.56400000000014,32,1,CHEMBL5505745,CHEMBL5500401,CHEMBL5500401,B
ZQNYFQLNCVPOKT-LJQANCHMSA-N,6.906578314837764,1,,0.0,C=CC(=O)N1CCc2cc(S(=O)(=O)N3CCC[C@@H](Nc4ncc(SCc5ncc(C(C)(C)C)o5)s4)C3)ccc21,587.7930000000001,39,1,CHEMBL5870086,CHEMBL5728751,CHEMBL5728751,B
ZQNYFQLNCVPOKT-UHFFFAOYSA-N,6.906578314837764,1,,0.0,C=CC(=O)N1CCc2cc(S(=O)(=O)N3CCCC(Nc4ncc(SCc5ncc(C(C)(C)C)o5)s4)C3)ccc21,587.7930000000001,39,1,CHEMBL4744627,CHEMBL4739712,CHEMBL4739712,B
ZQQBIGSVNNCTCR-IBGZPJMESA-N,7.102372908709558,1,,0.0,N[C@H](CNc1nnc(-c2ccc3[nH]nc(-c4ccccc4)c3c2)s1)Cc1cccc(C(F)(F)F)c1,494.54600000000016,35,1,CHEMBL1081438,CHEMBL1154933,CHEMBL1154933,B
ZRKZVQWEOWMPPZ-UHFFFAOYSA-N,7.537826753448641,2,0.0003178464039330352,0.0004495026951936154,COc1cccc(CC(=O)Nc2cc(C3CC3)[nH]n2)c1,271.32,20,1,CHEMBL114917,CHEMBL1140962,CHEMBL1140962,B
ZSHLDYRMMYPQTP-YPMHNXCESA-N,7.3979400086720375,1,,0.0,CC[C@H](Nc1nc(NCC2CC2)c2ncn(C(C)C)c2n1)[C@@H](C)O,332.45200000000006,24,1,CHEMBL3655768,CHEMBL3638727,CHEMBL3638727,B
ZSNPHFWSNIDXSN-UHFFFAOYSA-N,7.494850021680094,2,0.0,0.0,Cc1nc2c(F)cc(-c3nc(Nc4ccc5c(n4)CCN(CCN4CC=C(B(O)O)CC4)C5)ncc3F)cc2n1C(C)(C)C,602.4990000000001,44,2,CHEMBL5775776,CHEMBL5727719,CHEMBL5727719|CHEMBL5728430,B
ZSPPFDDJLOSQKQ-UHFFFAOYSA-N,6.346787486224656,1,,0.0,O=C(Nc1ncnc2oc(-c3cccnc3)cc12)C1CCCC1,308.3410000000002,23,1,CHEMBL182419,CHEMBL1137112,CHEMBL1137112,B
ZTKKJFAJTKWNOE-UHFFFAOYSA-N,7.1249387366083,1,,0.0,Cc1cc(N2CCCS2(=O)=O)c2oc(-c3ccc(O)c(Br)c3)c(O)c(=O)c2c1,466.30900000000014,28,1,CHEMBL392776,CHEMBL1148833,CHEMBL1148833,B
ZTODCSAQBQAGAF-UHFFFAOYSA-N,6.102372908709558,1,,0.0,Nc1nccc(-c2cc(N3CCOCC3)ccc2O)n1,272.30799999999994,20,1,CHEMBL1800218,CHEMBL1799991,CHEMBL1799991,B
ZTOMRPCAEDOVKA-UHFFFAOYSA-N,4.4089353929735005,1,,0.0,N#Cc1ccc2ccn(-c3ccnc(N)c3)c2c1,234.262,18,1,CHEMBL2348180,CHEMBL2346586,CHEMBL2346586,B
ZTXZICVBZWFLGQ-UHFFFAOYSA-N,7.6777807052660805,2,0.0,0.0,CC(=N)NCCN1CCc2nc(Nc3ncc(F)c(-c4cc(F)c5nc(C)n(C(C)C)c5c4)n3)ccc2C1,519.6040000000003,38,2,CHEMBL5981008,CHEMBL5727719,CHEMBL5727719|CHEMBL5728430,B
ZUBSRRZQLYNLKF-SAABIXHNSA-N,7.769551078621726,1,,0.0,CC(C)c1cnn2c(Nc3ccc(S(=O)(=O)N(C)C)cc3)cc(O[C@H]3CC[C@H](N)CC3)nc12,472.61500000000035,33,1,CHEMBL180814,CHEMBL1141971,CHEMBL1141971,B
ZUOVZWHQGAJGQA-UHFFFAOYSA-N,6.8124792791635365,1,,0.0,Cc1nc2c(F)cc(-c3nc(Nc4ccc5c(n4)CCN(C(=O)CN4CCCCC4)C5)ncc3F)cc2n1C1CC1,558.6370000000003,41,1,CHEMBL5859057,CHEMBL5727719,CHEMBL5727719,B
ZUZDKICRQXWQSH-UHFFFAOYSA-N,8.050609993355087,1,,0.0,O=S1(=O)Cc2ccc(N=Cc3c(O)[nH]c4ccc(-c5cnco5)cc34)cc2C1,393.42400000000015,28,1,CHEMBL1234087,CHEMBL1134300,CHEMBL1134300,B
ZVJCKKRUKYOZQC-KIYNQFGBSA-N,7.0,1,,0.0,CC(C)NC(=O)O[C@H]1CCC(c2cc(NC(=O)c3ccnn3C)[nH]n2)C1,360.418,26,1,CHEMBL5179057,CHEMBL5113545,CHEMBL5113545,B
ZVSBKYYVBCKDBO-UHFFFAOYSA-N,4.42021640338319,1,,0.0,CN(C)CC(O)COc1ccc(Nc2cc(Nc3c(F)cccc3F)ncn2)cc1,415.4440000000001,30,1,CHEMBL101558,CHEMBL1136191,CHEMBL1136191,B
ZVYXVPZGGHYOJL-UHFFFAOYSA-N,6.113509274827518,1,,0.0,CS(=N)(=O)Cc1cccc(Nc2ncc(F)c(-c3ccc(F)cc3OCc3ccc(F)cc3)n2)c1,498.5300000000002,35,1,CHEMBL3892881,CHEMBL3886246,CHEMBL3886246,B
ZWWTZNLYKPWLQS-IBGZPJMESA-N,6.445631999009912,1,,0.0,CC[C@@H](CO)Nc1nc(NCc2ccc(NC(=O)C3CCOCC3)cc2)n2ncc(C(C)C)c2n1,481.60100000000034,35,1,CHEMBL5555666,CHEMBL5500401,CHEMBL5500401,B
ZWWTZNLYKPWLQS-LJQANCHMSA-N,7.14551177495557,1,,0.0,CC[C@H](CO)Nc1nc(NCc2ccc(NC(=O)C3CCOCC3)cc2)n2ncc(C(C)C)c2n1,481.60100000000034,35,1,CHEMBL5532052,CHEMBL5500401,CHEMBL5500401,B
ZXDDMQWKXGSSLJ-UHFFFAOYSA-N,6.141300423496395,1,,0.0,O=C(Nc1ccc(Cl)c(C(F)(F)F)c1)N1CCN(c2nnc(Cc3ccccc3)c3ccccc23)CC1,525.9620000000002,37,1,CHEMBL5414410,CHEMBL5352421,CHEMBL5352421,B
ZXJZXTATRONGHN-AULYBMBSSA-N,5.130768280269024,1,,0.0,NS(=O)(=O)c1ccc(Nc2cc(N[C@H]3CC[C@H](O)CC3)nc3ncnn23)cc1,403.46800000000013,28,1,CHEMBL203573,CHEMBL1138980,CHEMBL1138980,B
ZXSYFAVSCAKWOK-UHFFFAOYSA-N,8.397994302269257,2,7.678274154024319e-05,0.00010858719444151177,O=C(Cc1ccc(-c2ccccc2)c(F)c1)Nc1cc(C2CC2)[nH]n1,335.3820000000001,25,1,CHEMBL489477,CHEMBL1140962,CHEMBL1140962,B
ZXVMJYMFJTYFQL-UHFFFAOYSA-N,6.1938200260161125,1,,0.0,Cc1cc(N2CCN(C)CC2)c2oc(-c3ccc(O)c(O)c3)c(O)c(=O)c2c1,382.4160000000001,28,1,CHEMBL232737,CHEMBL1148833,CHEMBL1148833,B
ZXWDEAQOOQXIND-IRUYWQDXSA-N,7.924453038607469,2,0.0,0.0,CN(C)C/C=C/C(=O)Nc1ccc(C(=O)N2CC[C@@H](Nc3ncc(SCc4ncc(C(C)(C)C)o4)s3)C2)cc1,568.7690000000001,39,2,CHEMBL4758168,CHEMBL4739712,CHEMBL4739712|CHEMBL5728751,B
ZXYIRNXOAJYLCU-UHFFFAOYSA-N,7.522878745280337,1,,0.0,O=C(Cc1ccc(N2CCCCC2)cc1)Nc1[nH]nc2ccc(N3CCCS3(=O)=O)cc12,453.56800000000027,32,1,CHEMBL258040,CHEMBL1141545,CHEMBL1141545,B
ZYONZFOMVOBYKS-UHFFFAOYSA-N,7.4698003017969175,2,0.0,0.0,C#CCN1CCc2nc(Nc3ncc(F)c(-c4cc(F)c5nc(C)n(C(C)C)c5c4)n3)ccc2C1,473.53100000000023,35,2,CHEMBL5942702,CHEMBL5727719,CHEMBL5727719|CHEMBL5728430,B
ZYQLGVMUVCWJRA-UHFFFAOYSA-N,8.301029995663981,1,,0.0,COC1CCN(c2nccc(Nc3cc4[nH]c(-c5cn[nH]c5)cc4cn3)n2)CC1,390.45100000000014,29,1,CHEMBL3354186,CHEMBL3351701,CHEMBL3351701,B
ZYVXTMKTGDARKR-UHFFFAOYSA-N,5.349401101827343,1,,0.0,COc1cc(N2CCN(C)CC2)ccc1Nc1nccc(-c2cn(C)c3cnccc23)n1,429.5280000000002,32,1,CHEMBL3421968,CHEMBL3421608,CHEMBL3421608,B
ZZHLJJZYXUQIBQ-UHFFFAOYSA-N,7.346787486224656,1,,0.0,CNC(=O)c1nn(C)c2c1CCc1cnc(Nc3ccc(N4CCN(C)CC4)cc3)nc1-2,432.53200000000027,32,1,CHEMBL559844,CHEMBL1151962,CHEMBL1151962,B
ZZPQBANVXDRDLD-UHFFFAOYSA-N,8.823908740944319,3,0.0,0.0,CC(C)=Cc1cccc2[nH]c(O)c(N=Nc3ccc(S(N)(=O)=O)cc3)c12,370.4340000000001,26,3,CHEMBL270544,CHEMBL1137075,CHEMBL1134300|CHEMBL1137075|CHEMBL1143196,B
