row,inchikey,eligible_primary,reason_primary,eligible_relaxed,reason_relaxed,tautomer_status
0,AACAOIDOQXDMCI-UHFFFAOYSA-N,True,,True,,Completed
1,AAKJLRGGTJKAMG-UHFFFAOYSA-N,True,,True,,Completed
2,AALKGMAUAAHNQK-HDJSIYSDSA-N,True,,True,,Completed
3,AAUJENUAEZGRJZ-UHFFFAOYSA-N,True,,True,,Completed
4,AAYPLLWGPJQWCC-UHFFFAOYSA-N,True,,True,,Completed
5,AAYWXOINDKYXKL-UHFFFAOYSA-N,True,,True,,Completed
6,ABRBNWJYESXFLE-PWSAKUHLSA-N,True,,True,,Completed
7,ABXYGMKNQJBBKL-UHFFFAOYSA-N,False,size,True,,
8,ABZXRAQIVBXXPG-UHFFFAOYSA-N,True,,True,,Completed
9,ACASJCMNZMOGPH-AWEZNQCLSA-N,True,,True,,Completed
10,ACCHERNYKNJQCA-UHFFFAOYSA-N,True,,True,,Completed
11,ACISHMVGWWWZAU-UHFFFAOYSA-N,True,,True,,Completed
12,ACNJMIYZGUUYIE-UHFFFAOYSA-N,True,,True,,Completed
13,ACWKGTGIJRCOOM-HHHXNRCGSA-N,True,,True,,Completed
14,ACXOEEATUCCUJW-HOTGVXAUSA-N,True,,True,,Completed
15,ADNQLYCKDLXBLL-UHFFFAOYSA-N,True,,True,,Completed
16,AEMJGAHADFWBRW-UHFFFAOYSA-N,True,,True,,Completed
17,AEQVIUQQIMQNRU-UHFFFAOYSA-N,True,,True,,Completed
18,AEZMHSFAAKOLNC-UHFFFAOYSA-N,True,,True,,Completed
19,AFTBNZZMNUUEFO-UHFFFAOYSA-N,False,size,True,,
20,AGGGWZCOULSEER-ATNAJCNCSA-N,True,,True,,Completed
21,AGGGWZCOULSEER-PYUWXLGESA-N,True,,True,,Completed
22,AGIIDJZSMZSLJN-UHFFFAOYSA-N,True,,True,,Completed
23,AGKFRSBXJJPUFG-UHFFFAOYSA-N,False,size,True,,
24,AHERCVYSASKJDT-UHFFFAOYSA-N,True,,True,,Completed
25,AHFARWUGWOGTLO-UHFFFAOYSA-N,True,,True,,Completed
26,AHIGNMOICQUWNV-UHFFFAOYSA-N,True,,True,,Completed
27,AHJRHEGDXFFMBM-UHFFFAOYSA-N,True,,True,,Completed
28,AHNKZHOSFCUALJ-HIFRSBDPSA-N,True,,True,,Completed
29,AHVALJRQHQNXRG-UHFFFAOYSA-N,True,,True,,Completed
30,AIEKRKAVLKYXDY-UHFFFAOYSA-N,True,,True,,Completed
31,AILLCBRMQPBNQN-UHFFFAOYSA-N,True,,True,,Completed
32,AILSZRQGUSMGLC-UHFFFAOYSA-N,True,,True,,Completed
33,AJGWZNNOCKCXMO-UHFFFAOYSA-N,True,,True,,Completed
34,AJLPDJZYNSSQJO-UHFFFAOYSA-N,True,,True,,Completed
35,AJNPBOWCTJZTHG-SANMLTNESA-N,False,size,True,,
36,AKDZNPFQMDRCMU-UHFFFAOYSA-N,False,size,True,,
37,AKEMXASAMBDUOC-UHFFFAOYSA-N,True,,True,,Completed
38,AKGTYSYXMRZPBV-UHFFFAOYSA-N,True,,True,,Completed
39,AKIIIZOJWRPEPQ-UHFFFAOYSA-N,True,,True,,Completed
40,AKKYFIFRTKACRF-UHFFFAOYSA-N,True,,True,,Completed
41,AKQOBHZKBDHWQI-BZEFIUHZSA-N,True,,True,,Completed
42,AKQOBHZKBDHWQI-HUUCEWRRSA-N,True,,True,,Completed
43,AKUJQCDZMJSNMC-UHFFFAOYSA-N,True,,True,,Completed
44,ALIGWJQALOEVKJ-UHFFFAOYSA-N,True,,True,,Completed
45,ALNJIRVGTQKZMG-UHFFFAOYSA-N,True,,True,,Completed
46,AMDWMDLEIXAHBS-UHFFFAOYSA-N,True,,True,,Completed
47,AMVGGNXTABOYMX-UHFFFAOYSA-N,True,,True,,Completed
48,ANELMUPUYRZVHZ-UHFFFAOYSA-N,True,,True,,Completed
49,ANQDQWWAMYOUDW-UHFFFAOYSA-N,True,,True,,Completed
50,AOMMPEGZDRAGRC-UHFFFAOYSA-N,True,,True,,Completed
51,AOSKHAXBGHJEBD-XYPYZODXSA-N,True,,True,,Completed
52,APLSHXFBXOJEDP-UHFFFAOYSA-N,True,,True,,Completed
53,APPNGZTWXMXGRZ-UHFFFAOYSA-N,True,,True,,Completed
54,APWGKQAYROBBCL-UHFFFAOYSA-N,True,,True,,Completed
55,ARBBEKDOCAENFF-UHFFFAOYSA-N,True,,True,,Completed
56,ARMFMDYRYOKSOW-UHFFFAOYSA-N,True,,True,,Completed
57,ARRKXMMPNGFEAU-UHFFFAOYSA-N,True,,True,,Completed
58,ARWADAMVSZOLNL-UHFFFAOYSA-N,True,,True,,Completed
59,ASHIKBJIMQAXRA-UHFFFAOYSA-N,False,size,True,,
60,ATFLVTOQJPRCSY-UHFFFAOYSA-N,True,,True,,Completed
61,ATVWBFJVDAHZRG-UHFFFAOYSA-N,True,,True,,Completed
62,AUAUBVTWWCYNPP-UHFFFAOYSA-N,True,,True,,Completed
63,AUEDZAHHSVPOOC-UHFFFAOYSA-N,True,,True,,Completed
64,AVBAKIPEZOKYCC-UHFFFAOYSA-N,True,,True,,Completed
65,AVIWDYSJSPOOAR-YSSOQSIOSA-N,True,,True,,Completed
66,AVKHUGZDSUKIKQ-UHFFFAOYSA-N,True,,True,,Completed
67,AWCHMFGQIYZKHQ-UHFFFAOYSA-N,True,,True,,Completed
68,AWSGLYKKQMTOCZ-UHFFFAOYSA-N,True,,True,,MaxTransformsReached
69,AWSLSQGTMWLKRH-UHFFFAOYSA-N,False,size,True,,
70,AWSQADBSXFTFKL-UHFFFAOYSA-N,True,,True,,Completed
71,AWTKTGLFVCACHC-UHFFFAOYSA-N,True,,True,,Completed
72,AWYIDZJUHWGVPJ-WDZFZDKYSA-N,True,,True,,Completed
73,AWZRGPIFBNJODY-UHFFFAOYSA-N,False,size,True,,
74,AXRLMUXJHUDPKS-UHFFFAOYSA-N,True,,True,,Completed
75,AXTGGTFVALFVDO-UHFFFAOYSA-N,True,,True,,Completed
76,AXTMWNUGUQHTGO-UHFFFAOYSA-N,True,,True,,Completed
77,AXWDQRXGOKDXJT-UHFFFAOYSA-N,True,,True,,MaxTransformsReached
78,AYAUBPBWQRHWHG-UHFFFAOYSA-N,True,,True,,Completed
79,AYHWTHWMLDRSHF-GOSISDBHSA-N,True,,True,,Completed
80,AYHWTHWMLDRSHF-UHFFFAOYSA-N,True,,True,,Completed
81,AYOMJWCPTKKGCF-UHFFFAOYSA-N,True,,True,,Completed
82,AZENZYQBDCPVQO-UHFFFAOYSA-N,True,,True,,Completed
83,AZHXFKCTCUPFGL-UHFFFAOYSA-N,True,,True,,Completed
84,AZVXQMYRGLZWMS-UHFFFAOYSA-N,True,,True,,Completed
85,BACSZMCLZIDTIO-IBGZPJMESA-N,True,,True,,Completed
86,BACSZMCLZIDTIO-LJQANCHMSA-N,True,,True,,Completed
87,BAFFTSARAOAHFW-UHFFFAOYSA-N,True,,True,,Completed
88,BAOWDLOLYGOWOE-GHMZBOCLSA-N,True,,True,,Completed
89,BAPMZESGRJMZNL-UHFFFAOYSA-N,False,size,True,,
90,BASWGBOBVOPWNF-UHFFFAOYSA-N,True,,True,,Completed
91,BAUPLMMFMLNKKB-UHFFFAOYSA-N,True,,True,,Completed
92,BAXOFTOLAUCFNW-UHFFFAOYSA-N,False,size,False,size,
93,BBACZASSMOBONU-UHFFFAOYSA-N,True,,True,,Completed
94,BBQOARXEMKNYLC-UHFFFAOYSA-N,True,,True,,Completed
95,BBUVDDPUURMFOX-MAEOIBBWSA-N,True,,True,,Completed
96,BCFGMOOMADDAQU-UHFFFAOYSA-N,False,size,True,,
97,BDKLBVUOSJBBMO-UHFFFAOYSA-N,True,,True,,Completed
98,BDPITHPBMLTQRJ-UHFFFAOYSA-N,True,,True,,Completed
99,BDRDBXXWQDFXEC-UHFFFAOYSA-N,True,,True,,Completed
100,BDRPEEVXRRASAS-UHFFFAOYSA-N,True,,True,,Completed
101,BDSZDRUCZASOJD-UHFFFAOYSA-N,True,,True,,Completed
102,BDYPUORSRWNQAZ-UHFFFAOYSA-N,False,size,True,,
103,BEFVJTSMLGHNEY-UHFFFAOYSA-N,True,,True,,Completed
104,BENAWDZPBLPFCU-UHFFFAOYSA-N,True,,True,,MaxTransformsReached
105,BETBNWGUKZUUAX-OTVXOJSOSA-N,True,,True,,Completed
106,BEUXYMIIIBPCKC-UHFFFAOYSA-N,True,,True,,Completed
107,BEYPVZLSMWIZRD-UHFFFAOYSA-N,False,size,True,,
108,BFEVMCZTMCQMQX-UHFFFAOYSA-N,True,,True,,Completed
109,BHEDZIRZEYUIFN-UHFFFAOYSA-N,True,,True,,Completed
110,BHZSNUSFIUCOCH-UHFFFAOYSA-N,True,,True,,Completed
111,BIIVYFLTOXDAOV-PXAZEXFGSA-N,True,,True,,Completed
112,BIIVYFLTOXDAOV-TYJDENFWSA-N,True,,True,,Completed
113,BIIVYFLTOXDAOV-YVEFUNNKSA-N,True,,True,,Completed
114,BIOJVWLNPPOUGW-AIGWJHGLSA-N,True,,True,,Completed
115,BIOJVWLNPPOUGW-RRSIMWOXSA-N,True,,True,,Completed
116,BIUSOGXDWCLKOI-WJDWOHSUSA-N,True,,True,,Completed
117,BJCMPHPEECZLCT-LSDHQDQOSA-N,True,,True,,Completed
118,BJDCORPGTMJYTL-UHFFFAOYSA-N,True,,True,,Completed
119,BJNLYPVJPNQSND-UHFFFAOYSA-N,True,,True,,Completed
120,BJQYAIRJKXXIOH-UHFFFAOYSA-N,True,,True,,Completed
121,BKBYGIARQARTNG-UHFFFAOYSA-N,True,,True,,Completed
122,BKDUVKJYBJDZQW-UHFFFAOYSA-N,True,,True,,Completed
123,BKUMVXIXUVYKDQ-GHXNOFRVSA-N,True,,True,,Completed
124,BLGAPWCYLDPMFH-UHFFFAOYSA-N,True,,True,,Completed
125,BLILWBDSCDHCKK-UHFFFAOYSA-N,True,,True,,Completed
126,BLUORUUGUNHQIW-HXUWFJFHSA-N,True,,True,,Completed
127,BLUORUUGUNHQIW-UHFFFAOYSA-N,True,,True,,Completed
128,BLVLYWOLAOAKQM-GOSISDBHSA-N,True,,True,,Completed
129,BLVLYWOLAOAKQM-UHFFFAOYSA-N,True,,True,,Completed
130,BMBFWSJTQOPTEI-UHFFFAOYSA-N,True,,True,,Completed
131,BMCMBYDRKUTWFB-UHFFFAOYSA-N,True,,True,,Completed
132,BMFODXAZKLMRNP-UHFFFAOYSA-N,True,,True,,Completed
133,BMPXFYMECYEYOL-UHFFFAOYSA-N,True,,True,,Completed
134,BMXGRFBSHSEZOP-UHFFFAOYSA-N,True,,True,,Completed
135,BNDYIYYKEIXHNK-UHFFFAOYSA-N,True,,True,,Completed
136,BNXUVHSQMZRHIA-UHFFFAOYSA-N,True,,True,,Completed
137,BONJLZFNDLMWRE-UHFFFAOYSA-N,True,,True,,Completed
138,BOPIEFLHGAQWGB-KRWDZBQOSA-N,True,,True,,Completed
139,BPFRWNTWHHVPFL-UHFFFAOYSA-N,True,,True,,Completed
140,BPJJVLZTUAVNKR-UHFFFAOYSA-N,True,,True,,Completed
141,BPLVKTXNSGOTOW-UHFFFAOYSA-N,False,size,True,,
142,BRBRKNBXGRFQOJ-UHFFFAOYSA-N,True,,True,,Completed
143,BRNNWQGRVMEXRL-UHFFFAOYSA-N,True,,True,,Completed
144,BRROKWAZCDMWEU-UHFFFAOYSA-N,False,size,True,,
145,BRTIFMBVAUCZIX-HNNXBMFYSA-N,True,,True,,Completed
146,BSGQHAMZJBZCDP-UHFFFAOYSA-N,True,,True,,Completed
147,BSIBGXRENHGRJA-UHFFFAOYSA-N,True,,True,,Completed
148,BSNLHQAHNBSHIX-UHFFFAOYSA-N,True,,True,,Completed
149,BSQNZDHZPYKQMW-UHFFFAOYSA-N,True,,True,,Completed
150,BTEZMGVGCNGXKJ-UHFFFAOYSA-N,True,,True,,Completed
151,BTIHMVBBUGXLCJ-HNNXBMFYSA-N,True,,True,,Completed
152,BTIHMVBBUGXLCJ-OAHLLOKOSA-N,True,,True,,Completed
153,BUHOUIDYEMVBPL-UHFFFAOYSA-N,True,,True,,Completed
154,BULBBWSMORELAY-HXUWFJFHSA-N,True,,True,,Completed
155,BULBBWSMORELAY-UHFFFAOYSA-N,True,,True,,Completed
156,BUWKEFCPLBPYPS-UHFFFAOYSA-N,True,,True,,Completed
157,BUXUEPKVOZSCGP-UHFFFAOYSA-N,True,,True,,Completed
158,BVZZSEVVEDNIOM-UHFFFAOYSA-N,True,,True,,Completed
159,BWJDMRPMFRWAOP-UHFFFAOYSA-N,True,,True,,Completed
160,BXCQAEHFWJFGAT-YVLHZVERSA-N,True,,True,,Completed
161,BXNJHAXVSOCGBA-UHFFFAOYSA-N,False,size,True,,
162,BXOSDELNTKJOFY-UHFFFAOYSA-N,True,,True,,Completed
163,BYMFSZLMPVZBJV-UHFFFAOYSA-N,True,,True,,Completed
164,BYUAPXZEZUYLJI-QGZVFWFLSA-N,True,,True,,Completed
165,BZUYVWAZFWOBLI-CJNGLKHVSA-N,True,,True,,Completed
166,BZYZLWXWWROSRX-UHFFFAOYSA-N,True,,True,,Completed
167,CAGHIASAHLPQMS-UHFFFAOYSA-N,False,size,True,,
168,CAGQJBIABPQRCU-UHFFFAOYSA-N,True,,True,,Completed
169,CBAKEHNEEJTUGB-UHFFFAOYSA-N,True,,True,,Completed
170,CBARNMHMGRVVLO-SRQXXRKNSA-N,True,,True,,Completed
171,CBFCBMJPNCKBPX-UHFFFAOYSA-N,True,,True,,Completed
172,CBLSWPLVIPVELR-UHFFFAOYSA-N,True,,True,,Completed
173,CCCPUPRKQZVNNE-UHFFFAOYSA-N,True,,True,,Completed
174,CCEAKNFETFDIHE-UHFFFAOYSA-N,True,,True,,Completed
175,CCHCEDJEDOOBOI-UHFFFAOYSA-N,True,,True,,Completed
176,CCQSGDMLTCISMB-HXUWFJFHSA-N,True,,True,,Completed
177,CCYZUUUAWLVFFY-UHFFFAOYSA-N,True,,True,,Completed
178,CDKIUTDNGTUHKC-RKDXNWHRSA-N,True,,True,,Completed
179,CDNIYBIKHDLGMT-UHFFFAOYSA-N,True,,True,,Completed
180,CDPMBNCYGOAWNG-UHFFFAOYSA-N,True,,True,,Completed
181,CDQQTKCDLMOQJT-UHFFFAOYSA-N,False,size,True,,
182,CDSZKWUUDLFLDE-UHFFFAOYSA-N,False,size,True,,
183,CEIAWFVLEUQXHI-UHFFFAOYSA-N,True,,True,,Completed
184,CENYIRCGHXZATJ-UHFFFAOYSA-N,True,,True,,Completed
185,CEXBEGBNDJVZPK-UHFFFAOYSA-N,True,,True,,Completed
186,CFBXWHPXNROFFK-UHFFFAOYSA-N,True,,True,,Completed
187,CFCFOHDIBWRIJY-LLVKDONJSA-N,True,,True,,Completed
188,CFPNWWZAVOZYGZ-UHFFFAOYSA-N,True,,True,,Completed
189,CFVOAVDAPUQRNK-UHFFFAOYSA-N,True,,True,,Completed
190,CGECJCJUHCZZGO-UHFFFAOYSA-N,True,,True,,Completed
191,CGHADMRBCNGDHX-UWJYYQICSA-N,True,,True,,Completed
192,CHCQXFQJHTYEHC-UHFFFAOYSA-N,True,,True,,Completed
193,CIBIVMWDVTYWNT-PMACEKPBSA-N,True,,True,,Completed
194,CIBXXWUKOQTXNE-UHFFFAOYSA-N,True,,True,,Completed
195,CJEPQTSCKKXACU-UHFFFAOYSA-N,True,,True,,Completed
196,CJGRDNJVZKGEBB-UHFFFAOYSA-N,True,,True,,Completed
197,CJOCXJOHQLURIU-UHFFFAOYSA-N,False,size,True,,
198,CJPMSUUANYLPET-UHFFFAOYSA-N,True,,True,,Completed
199,CKAYFBSKGOPXBW-UHFFFAOYSA-N,True,,True,,Completed
200,CLOQRRBPZHLSQE-UHFFFAOYSA-N,True,,True,,Completed
201,CLPCOIGXIBZTFX-UHFFFAOYSA-N,False,size,True,,
202,CLPJINDFWLTLAW-JLHYYAGUSA-N,True,,True,,Completed
203,CLRWMPFUTCKUQH-UHFFFAOYSA-N,True,,True,,Completed
204,CLSSTGLQHZQBJO-AWEZNQCLSA-N,True,,True,,Completed
205,CMEKRUHUVGTVLK-UHFFFAOYSA-N,True,,True,,Completed
206,CMKYBUFVJSEEFL-UHFFFAOYSA-N,True,,True,,Completed
207,CMMFUTDFYILBCW-UHFFFAOYSA-N,True,,True,,Completed
208,CMVLDSZYDWJTCG-UHFFFAOYSA-N,True,,True,,Completed
209,CMZSDEFKYDBOOO-UHFFFAOYSA-N,True,,True,,Completed
210,CNOCMZIRTIXMIA-UHFFFAOYSA-N,True,,True,,Completed
211,CNSXYUZUUPJMQL-UHFFFAOYSA-N,True,,True,,Completed
212,COALBSOMQOGPKG-NRFANRHFSA-N,True,,True,,Completed
213,COALBSOMQOGPKG-UHFFFAOYSA-N,True,,True,,Completed
214,COAWUQNGTGZZLZ-UHFFFAOYSA-N,True,,True,,Completed
215,COCSQCRETSHJCO-UHFFFAOYSA-N,True,,True,,Completed
216,COGUZYALRYMQTD-UHFFFAOYSA-N,True,,True,,Completed
217,COZXWPYGNVMBST-UHFFFAOYSA-N,True,,True,,Completed
218,CPJULNXNBQMSHF-HCGLCNNCSA-N,False,size,True,,
219,CQCXWWWNUFQYJS-UHFFFAOYSA-N,True,,True,,Completed
220,CQHOSPMLVTXHPG-UHFFFAOYSA-N,True,,True,,Completed
221,CQRIAAFLHSDGDT-JSYYRVNXSA-N,False,size,True,,
222,CQTLZLNINBOMGH-UHFFFAOYSA-N,True,,True,,Completed
223,CRSRQGVEEUYTNA-UHFFFAOYSA-N,True,,True,,Completed
224,CRXBYOWJISXKAI-LCYFTJDESA-N,True,,True,,Completed
225,CRXBYOWJISXKAI-UKTHLTGXSA-N,True,,True,,Completed
226,CSDWDUQSLKTTMK-ZIAGYGMSSA-N,True,,True,,Completed
227,CSEWCIIPSWNSJT-UHFFFAOYSA-N,False,size,True,,
228,CSGCDMVLAQPKKB-UHFFFAOYSA-N,True,,True,,Completed
229,CSLDJIQXODIGOA-UHFFFAOYSA-N,False,size,True,,
230,CSLZMUNSYBEMJM-UHFFFAOYSA-N,True,,True,,Completed
231,CTBIJMZOVXFZMW-UHFFFAOYSA-N,True,,True,,Completed
232,CTVGUZZYYBOQJM-ONEGZZNKSA-N,True,,True,,Completed
233,CVIBDXQYFNZNMA-ZBFHGGJFSA-N,True,,True,,Completed
234,CVNQRFZZFGTWIK-UHFFFAOYSA-N,False,size,True,,
235,CWQKPKYIMQTGJK-UHFFFAOYSA-N,False,size,True,,
236,CWRTWFWDDAJOMG-UHFFFAOYSA-N,True,,True,,Completed
237,CWZJACZPSOWPBL-UYAOXDASSA-N,True,,True,,Completed
238,CXBHMSHVCKEEGW-UHFFFAOYSA-N,True,,True,,Completed
239,CXCNOMPSSIJKDE-XYOKQWHBSA-N,False,size,True,,
240,CXDXSBLYPKFPLO-VXMTXHJISA-N,True,,True,,Completed
241,CXDXSBLYPKFPLO-WSQDCVBFSA-N,True,,True,,Completed
242,CXNXFUAHKZOVID-UHFFFAOYSA-N,True,,True,,Completed
243,CXQJGJMKSNFPQC-UHFFFAOYSA-N,False,size,True,,
244,CYDLLVRGTOAFHG-UHFFFAOYSA-N,True,,True,,Completed
245,CYEPJSLJPCILCR-UHFFFAOYSA-N,True,,True,,Completed
246,CYGFBAYJGHPNBO-UHFFFAOYSA-N,True,,True,,Completed
247,CYNLHOIMJSFAKV-XYPYZODXSA-N,True,,True,,Completed
248,CZCUSHJQJWKYTD-UHFFFAOYSA-N,True,,True,,Completed
249,CZDONRYGQBBPBK-UHFFFAOYSA-N,True,,True,,Completed
250,CZGMEOAMQWAJOY-UHFFFAOYSA-N,True,,True,,Completed
251,CZJUVDUMFZEZIA-UHFFFAOYSA-N,True,,True,,Completed
252,CZQMPFCNIINMMC-UHFFFAOYSA-N,True,,True,,Completed
253,CZZAPCPWFCGOCC-GHXNOFRVSA-N,True,,True,,Completed
254,DARUYCQCOQATNX-UHFFFAOYSA-N,True,,True,,Completed
255,DAWLRKYDSIQUEZ-UHFFFAOYSA-N,True,,True,,Completed
256,DAZBLQDQZWHNQD-UHFFFAOYSA-N,False,size,True,,
257,DBAYOMQZYDSJKV-UHFFFAOYSA-N,True,,True,,Completed
258,DBMDDPPJNJATQH-UHFFFAOYSA-N,True,,True,,Completed
259,DCQUEYKYABNNDA-VIFPVBQESA-N,True,,True,,Completed
260,DCRIEDZZYPOGPK-UHFFFAOYSA-N,True,,True,,Completed
261,DDPXHKZKKGHHCY-UHFFFAOYSA-N,False,size,True,,
262,DEHIJMMDFWASMK-UHFFFAOYSA-N,True,,True,,Completed
263,DENIPLMYQYHPPA-UHFFFAOYSA-N,True,,True,,Completed
264,DENRRAMLWBYAGF-AWEZNQCLSA-N,True,,True,,Completed
265,DEQKSXYLYYLTSY-UHFFFAOYSA-N,True,,True,,Completed
266,DESNULOADHHAOA-UHFFFAOYSA-N,True,,True,,Completed
267,DFCUTNCAGIEUFG-UHFFFAOYSA-N,True,,True,,Completed
268,DFFKHQMOSUXPAS-HDJSIYSDSA-N,True,,True,,Completed
269,DFGYFXJMFRWQGT-GOSISDBHSA-N,True,,True,,Completed
270,DFGYFXJMFRWQGT-SFHVURJKSA-N,True,,True,,Completed
271,DFIVVEORDIGFRH-UHFFFAOYSA-N,True,,True,,Completed
272,DGGPZPWZNMDOFP-UHFFFAOYSA-N,True,,True,,Completed
273,DGKDQGNOYZSJDK-UHFFFAOYSA-N,True,,True,,Completed
274,DGMWYGXZHPOYKH-UHFFFAOYSA-N,True,,True,,Completed
275,DGPFURGWWCIZHR-UHFFFAOYSA-N,True,,True,,Completed
276,DGUMNVQVABBBNL-UHFFFAOYSA-N,True,,True,,Completed
277,DGWXOLHKVGDQLN-UHFFFAOYSA-N,False,size,True,,
278,DHFSWODVDVUGGC-INIZCTEOSA-N,True,,True,,Completed
279,DHMHGKLKKIGMHX-UHFFFAOYSA-N,True,,True,,Completed
280,DHWHLFAGRRCACI-UHFFFAOYSA-N,True,,True,,Completed
281,DICCZNJWXHXBSD-UHFFFAOYSA-N,True,,True,,Completed
282,DIGPJWWRUONFBO-UHFFFAOYSA-N,True,,True,,Completed
283,DILAVBXKBLNCME-UHFFFAOYSA-N,True,,True,,Completed
284,DIWXPXNCGSGMLS-UHFFFAOYSA-N,True,,True,,Completed
285,DJOPDQNHJUNVIQ-UHFFFAOYSA-N,True,,True,,Completed
286,DJXFMECMJJONCX-UHFFFAOYSA-N,True,,True,,Completed
287,DKGCKUUOPCFNNH-UHFFFAOYSA-N,True,,True,,Completed
288,DKLSGSVYDCGNPU-UHFFFAOYSA-N,True,,True,,Completed
289,DKTHMZUTCUNQAZ-UHFFFAOYSA-N,True,,True,,Completed
290,DKXHSOUZPMHNIZ-UHFFFAOYSA-N,False,size,True,,
291,DLFSESWOWKXVMD-UHFFFAOYSA-N,True,,True,,Completed
292,DLIDUXYWQPLFEM-UHFFFAOYSA-N,True,,True,,Completed
293,DLKLSEQEOIJHQF-UHFFFAOYSA-N,True,,True,,Completed
294,DLNVXQGIVOPKFV-KTDAUSLXSA-N,True,,True,,Completed
295,DLPIYBKBHMZCJI-DOTOQJQBSA-N,True,,True,,Completed
296,DLPIYBKBHMZCJI-WBVHZDCISA-N,True,,True,,Completed
297,DLSGMAQHSIRVJJ-UHFFFAOYSA-N,True,,True,,Completed
298,DLYVGVOGPLQZFG-UHFFFAOYSA-N,True,,True,,Completed
299,DMBVYCDISNAJPU-INIZCTEOSA-N,True,,True,,Completed
300,DNBJCVYANBEAGR-UHFFFAOYSA-N,True,,True,,Completed
301,DNFNQGHGGVBVSY-UHFFFAOYSA-N,False,size,True,,
302,DNGHYRYQEMRIDG-UHFFFAOYSA-N,True,,True,,Completed
303,DNPAFFFLKNOGHD-UHFFFAOYSA-N,True,,True,,Completed
304,DNSNIVPZDDXYEL-UHFFFAOYSA-N,True,,True,,Completed
305,DNXLFICBXNMUNW-NSHDSACASA-N,True,,True,,Completed
306,DNYBIOICMDTDAP-UHFFFAOYSA-N,True,,True,,Completed
307,DNZGEPPZYMAFLN-MRXNPFEDSA-N,True,,True,,Completed
308,DNZYOZKYEXTOPJ-UHFFFAOYSA-N,True,,True,,Completed
309,DODVGTHDEMMYPW-UHFFFAOYSA-N,True,,True,,Completed
310,DOEBKADJUANKHT-UHFFFAOYSA-N,False,size,True,,
311,DPPNUGHHPDHVMX-SFGWALBWSA-N,True,,True,,Completed
312,DQHGXHGUNOSYSE-UHFFFAOYSA-N,True,,True,,Completed
313,DQPJVNQWPBLBAB-UHFFFAOYSA-N,False,size,True,,
314,DREJCZYHSLQQGT-UHFFFAOYSA-N,True,,True,,Completed
315,DSAZIMVNBOYSQB-UHFFFAOYSA-N,True,,True,,Completed
316,DSMBDRWDECFDNR-NRFANRHFSA-N,True,,True,,Completed
317,DSMBDRWDECFDNR-OAQYLSRUSA-N,True,,True,,Completed
318,DTNXNLFOABWGKC-UHFFFAOYSA-N,True,,True,,Completed
319,DTOOAXMGUHDYNM-UHFFFAOYSA-N,True,,True,,Completed
320,DTRNBPVOMBKUTK-UHFFFAOYSA-N,False,size,True,,
321,DTTIISYOYISNJH-UHFFFAOYSA-N,True,,True,,MaxTransformsReached
322,DULGHLDQYKRXTJ-UHFFFAOYSA-N,True,,True,,Completed
323,DULLSEQKLNMVJV-UHFFFAOYSA-N,True,,True,,Completed
324,DUNAJBJGTYHHFR-UHFFFAOYSA-N,True,,True,,Completed
325,DUPIINAVKMGMHG-UHFFFAOYSA-N,True,,True,,Completed
326,DUPJERCDKVJCCS-UHFFFAOYSA-N,True,,True,,Completed
327,DUQLWBPQEZFAKS-UHFFFAOYSA-N,True,,True,,Completed
328,DUTKJVVQSQITCC-UHFFFAOYSA-N,True,,True,,Completed
329,DVBJHZDVRNGXLE-QAQDUYKDSA-N,True,,True,,Completed
330,DVDLZLUKYIFIOR-UHFFFAOYSA-N,True,,True,,Completed
331,DVJXBMQCLHDFIV-UHFFFAOYSA-N,True,,True,,Completed
332,DWBSENKAVBVZEJ-GOSISDBHSA-N,True,,True,,Completed
333,DWCBCNDYPFILIY-UHFFFAOYSA-N,False,size,True,,
334,DWJBOQXBZKRPLV-UHFFFAOYSA-N,True,,True,,Completed
335,DWLVUAOJOFAURW-UHFFFAOYSA-N,False,size,True,,
336,DWMYQJBUFRLTQG-GORDUTHDSA-N,True,,True,,Completed
337,DWVMFMWELQFMNJ-UHFFFAOYSA-N,True,,True,,Completed
338,DXIAHMIZSNQSST-HNNXBMFYSA-N,True,,True,,Completed
339,DXSFSGMRGCIRSG-UHFFFAOYSA-N,False,size,True,,
340,DXYJEPWQHDFWKC-UHFFFAOYSA-N,True,,True,,Completed
341,DXZFQTAPRSQZBA-UHFFFAOYSA-N,True,,True,,Completed
342,DYNJFQAYZGECBV-UHFFFAOYSA-N,False,size,True,,
343,DYNVDYWVVYCHHR-UHFFFAOYSA-N,True,,True,,Completed
344,DYRKHLOFLBMAGH-UHFFFAOYSA-N,True,,True,,Completed
345,DZSDYDGUHYPYPC-UHFFFAOYSA-N,True,,True,,Completed
346,FADBFXGGKHHVNR-HHHXNRCGSA-N,True,,True,,Completed
347,FAJUKMUPSMAZEK-UHFFFAOYSA-N,True,,True,,Completed
348,FBFCEASGGVTKEY-UHFFFAOYSA-N,True,,True,,Completed
349,FBMRMTHKZVMVDV-UHFFFAOYSA-N,True,,True,,Completed
350,FDEXXQUKUXAVRQ-ROUUACIJSA-N,True,,True,,Completed
351,FEBXDTFBHZJUJT-UHFFFAOYSA-N,True,,True,,Completed
352,FEEKGGYBLXCKCC-UHFFFAOYSA-N,True,,True,,Completed
353,FGFWZFYILZKNBW-UHFFFAOYSA-N,False,size,True,,
354,FHDPQTHZTKXVCW-UHFFFAOYSA-N,True,,True,,Completed
355,FHEKOHYCVBZJPQ-UHFFFAOYSA-N,True,,True,,Completed
356,FHTOFDBQMPQMLQ-UHFFFAOYSA-N,True,,True,,Completed
357,FHUULRWYKIDOHF-UHFFFAOYSA-N,False,size,True,,
358,FIRZNFNHYVXQPP-IBGZPJMESA-N,True,,True,,Completed
359,FISPOMCKBOYLEG-JOCQHMNTSA-N,True,,True,,Completed
360,FITNLFQULPJFRL-UHFFFAOYSA-N,True,,True,,Completed
361,FJEXBYVIDPXIBM-HSZRJFAPSA-N,True,,True,,Completed
362,FJEXBYVIDPXIBM-QHCPKHFHSA-N,True,,True,,Completed
363,FJJJERLTHDXEPT-JYRVWZFOSA-N,True,,True,,Completed
364,FLAQHSSOAXIOIA-HNNXBMFYSA-N,True,,True,,Completed
365,FLDQRJGKJVDZNA-UHFFFAOYSA-N,True,,True,,Completed
366,FLYNZEXUURBXAW-JTQLQIEISA-N,True,,True,,Completed
367,FMYDWZBWZKJPCK-UHFFFAOYSA-N,False,size,True,,
368,FNECORBUMBYEPJ-UHFFFAOYSA-N,True,,True,,Completed
369,FNZRNRPNWVXECL-UHFFFAOYSA-N,True,,True,,Completed
370,FOBQDUDIHLWHMU-UHFFFAOYSA-N,True,,True,,Completed
371,FOESVLPZMGVWBM-JOCQHMNTSA-N,True,,True,,Completed
372,FOFHDVOENOAIGR-UHFFFAOYSA-N,True,,True,,Completed
373,FOKOZXITMRFJDN-UHFFFAOYSA-N,True,,True,,Completed
374,FONRCZUZCHXWBD-VGOFMYFVSA-N,False,size,True,,
375,FPFZKLQQOCTYKM-IBGZPJMESA-N,True,,True,,Completed
376,FPKSFXFWECAIBR-UHFFFAOYSA-N,True,,True,,Completed
377,FPRLDACYCIWFIM-UHFFFAOYSA-N,True,,True,,Completed
378,FPZYYCPZIIPVNT-IBGZPJMESA-N,True,,True,,Completed
379,FQJFTSMSJXOYME-UHFFFAOYSA-N,True,,True,,Completed
380,FQTJEZMOBVVNAD-UHFFFAOYSA-N,True,,True,,Completed
381,FQXIPYVUOFUNCY-UHFFFAOYSA-N,True,,True,,Completed
382,FRHDZWLQTMKUPC-UHFFFAOYSA-N,True,,True,,Completed
383,FRMUVPUWSPBSID-UHFFFAOYSA-N,True,,True,,Completed
384,FRPNTLUZPVREQA-UHFFFAOYSA-N,True,,True,,Completed
385,FRUDYEUOYPWKKU-UHFFFAOYSA-N,True,,True,,Completed
386,FSACDFYOLXPJSX-UHFFFAOYSA-N,True,,True,,Completed
387,FSBZLMWCSXRVNQ-UHFFFAOYSA-N,True,,True,,Completed
388,FSSNONJREOQPMO-UHFFFAOYSA-N,True,,True,,Completed
389,FTFDOZLQPLTYBX-UHFFFAOYSA-N,True,,True,,Completed
390,FTFHCSWIOVPGGS-UHFFFAOYSA-N,True,,True,,Completed
391,FTRPIMYLRVCHMY-UHFFFAOYSA-N,True,,True,,Completed
392,FTVSRDXTCVDLNI-UHFFFAOYSA-N,True,,True,,Completed
393,FUMJKSZLZJFCAQ-UHFFFAOYSA-N,True,,True,,Completed
394,FUTLJNOGKQFKCL-UHFFFAOYSA-N,True,,True,,Completed
395,FUUWOHHJIKTUIR-UHFFFAOYSA-N,True,,True,,Completed
396,FVTBNLXYEQBKLR-UHFFFAOYSA-N,True,,True,,Completed
397,FWEOQOXTVHGIFQ-UHFFFAOYSA-N,True,,True,,Completed
398,FWVDYURMNWRTHU-UHFFFAOYSA-N,True,,True,,Completed
399,FWXFLHLNXMUVDC-UHFFFAOYSA-N,True,,True,,Completed
400,FXDWNCFVVOSWKM-UHFFFAOYSA-N,True,,True,,Completed
401,FXIMIJCGTDGDFQ-UHFFFAOYSA-N,True,,True,,Completed
402,FXNYFKNNCUKUAE-UHFFFAOYSA-N,True,,True,,Completed
403,FYHSDKCDJZHNOM-UHFFFAOYSA-N,True,,True,,Completed
404,FYPBWYRJVFZUDM-UHFFFAOYSA-N,True,,True,,Completed
405,FYTKRHWUZSNWFH-UHFFFAOYSA-N,True,,True,,Completed
406,FYYYMEMZRSXLIX-UHFFFAOYSA-N,True,,True,,Completed
407,FZIXLWQFVIFLAF-UHFFFAOYSA-N,True,,True,,Completed
408,FZPJYIIJUFGDEH-UHFFFAOYSA-N,True,,True,,Completed
409,FZTJERAWWYKCDB-UHFFFAOYSA-N,True,,True,,Completed
410,GAQZTUHMZFHHGQ-PWSUYJOCSA-N,True,,True,,Completed
411,GASKLLGYESCIOX-UHFFFAOYSA-N,False,size,False,size,
412,GAVACURIHQESLA-UHFFFAOYSA-N,True,,True,,Completed
413,GAVPKFXPGFHFSY-UHFFFAOYSA-N,True,,True,,Completed
414,GAWLYGKVBBQKJR-UHFFFAOYSA-N,True,,True,,Completed
415,GAYYZQYKXQJXQA-UHFFFAOYSA-N,True,,True,,Completed
416,GBFWZCHKVJJGKE-ONEGZZNKSA-N,True,,True,,Completed
417,GBRORGYPYNNDGL-UHFFFAOYSA-N,True,,True,,Completed
418,GCELNWHYDYQJHB-UHFFFAOYSA-N,True,,True,,MaxTransformsReached
419,GCIMHCJOZUYMTH-UHFFFAOYSA-N,True,,True,,Completed
420,GCKFVYKOXJCXQH-UHFFFAOYSA-N,True,,True,,Completed
421,GCNSUXMONRYRHL-UHFFFAOYSA-N,True,,True,,Completed
422,GCNUHXYSZTZUGC-UHFFFAOYSA-N,True,,True,,Completed
423,GCWMGQFAGIVZCJ-UHFFFAOYSA-N,True,,True,,Completed
424,GDKFMMHDPYDGQS-JCMHNJIXSA-N,True,,True,,Completed
425,GDMFHZWESGTFGR-UHFFFAOYSA-N,True,,True,,Completed
426,GDQXJQSQYMMKRA-UHFFFAOYSA-N,True,,True,,Completed
427,GDSQVLMYYCNAGP-UHFFFAOYSA-N,True,,True,,Completed
428,GDZULWKNFKCRJP-UHFFFAOYSA-N,True,,True,,Completed
429,GDZVTFLLGJNTRE-UHFFFAOYSA-N,True,,True,,Completed
430,GEICEYBJACBCSI-CPYOLTPOSA-N,True,,True,,Completed
431,GFAOBTBGGGZDLI-UHFFFAOYSA-N,True,,True,,Completed
432,GFHRPONHRZBFNC-UHFFFAOYSA-N,True,,True,,Completed
433,GFPPHSHWJZFXOY-UHFFFAOYSA-N,False,size,True,,
434,GFTNFPLXWATKRF-UHFFFAOYSA-N,True,,True,,Completed
435,GGQSOEXSCZITMC-HNNXBMFYSA-N,True,,True,,Completed
436,GGTPTLANFCGFPU-UHFFFAOYSA-N,True,,True,,Completed
437,GGYDJNHAXDHSOW-UHFFFAOYSA-N,True,,True,,Completed
438,GHBIFDBGDNHWRO-OWOJBTEDSA-N,True,,True,,Completed
439,GHRNSZVMIARHIS-UHFFFAOYSA-N,True,,True,,Completed
440,GHZHWLNSNHLNPM-UHFFFAOYSA-N,True,,True,,Completed
441,GIDICEDQVLRALE-AWEZNQCLSA-N,True,,True,,Completed
442,GILWXCHDCXNXEJ-NSCUHMNNSA-N,True,,True,,Completed
443,GIOKUJORFDKSSG-UHFFFAOYSA-N,False,size,True,,
444,GIXFRBHZNMDGTA-UHFFFAOYSA-N,True,,True,,Completed
445,GIZPFVOLECDOMF-UHFFFAOYSA-N,False,size,True,,
446,GJEWTVQXBHSVAU-UHFFFAOYSA-N,True,,True,,Completed
447,GJHVXBPCYTULDM-UHFFFAOYSA-N,True,,True,,Completed
448,GJVPWZGJUOVEBA-CPYOLTPOSA-N,True,,True,,Completed
449,GJWREBSBNVGINK-UHFFFAOYSA-N,True,,True,,Completed
450,GJWWXUHHULUCNL-UHFFFAOYSA-N,True,,True,,MaxTransformsReached
451,GJYYBRPTBQFCBQ-UHFFFAOYSA-N,True,,True,,Completed
452,GKJRCQIJVHMRJB-AIGWJHGLSA-N,True,,True,,Completed
453,GKJRCQIJVHMRJB-RRSIMWOXSA-N,True,,True,,Completed
454,GKMHWPHQBQHBKR-UHFFFAOYSA-N,True,,True,,Completed
455,GKWZHZVUJVOVJN-FQEVSTJZSA-N,True,,True,,Completed
456,GKYWYTPELQGBKI-UHFFFAOYSA-N,True,,True,,Completed
457,GKYYTSZOQJZHGT-UHFFFAOYSA-N,True,,True,,Completed
458,GLDNWRDDANDORD-UHFFFAOYSA-N,True,,True,,Completed
459,GLHAYKFNIDJXMB-UHFFFAOYSA-N,True,,True,,Completed
460,GLRKPAPXDMFPQG-UHFFFAOYSA-N,True,,True,,Completed
461,GLYHKPNATCXTDU-UHFFFAOYSA-N,True,,True,,Completed
462,GLZATFDWZHAPRP-UHFFFAOYSA-N,True,,True,,Completed
463,GMZMBNHSARXFJO-UHFFFAOYSA-N,True,,True,,Completed
464,GNEARXSVRDSWKT-UHFFFAOYSA-N,False,size,True,,
465,GNHNRVSQWNAGHC-UHFFFAOYSA-N,True,,True,,Completed
466,GNKBIOXXCOOUOE-UHFFFAOYSA-N,False,size,True,,
467,GNLAGGCSJGJECE-UHFFFAOYSA-N,True,,True,,Completed
468,GNNITDMBZFNNES-SEJPIABJSA-N,True,,True,,Completed
469,GNODSQUZRSUVER-MVVIKVQCSA-N,True,,True,,Completed
470,GNODSQUZRSUVER-QILFFNKJSA-N,True,,True,,Completed
471,GNWQPICFCPORII-UHFFFAOYSA-N,True,,True,,Completed
472,GNWYRGSZYKTRDA-UHFFFAOYSA-N,True,,True,,Completed
473,GOMFPMNFGUSIKQ-UHFFFAOYSA-N,True,,True,,Completed
474,GOSZNPGORCKQLX-UHFFFAOYSA-N,True,,True,,Completed
475,GOTKZROZHBWZJH-UHFFFAOYSA-N,True,,True,,Completed
476,GOWOIXBMOFKIQJ-YVLHZVERSA-N,True,,True,,Completed
477,GOXVDXLRXMYVPC-INIZCTEOSA-N,True,,True,,Completed
478,GOXVDXLRXMYVPC-MRXNPFEDSA-N,True,,True,,Completed
479,GOXWKSGPJSRKKD-UHFFFAOYSA-N,True,,True,,Completed
480,GPJNTQGFTWMDLA-UHFFFAOYSA-N,True,,True,,Completed
481,GRIONNZJVZNNLU-UHFFFAOYSA-N,True,,True,,Completed
482,GRRNIYUPAMFHIY-UHFFFAOYSA-N,True,,True,,Completed
483,GRRRTSYISZLDQL-UHFFFAOYSA-N,True,,True,,Completed
484,GRTUMJJZJZNLTJ-UHFFFAOYSA-N,True,,True,,Completed
485,GSEWODUYOOBDMD-UHFFFAOYSA-N,True,,True,,Completed
486,GSQNTGGWLBUZMI-XGAFWQRZSA-N,True,,True,,Completed
487,GSQSUXUGIZIZKM-UHFFFAOYSA-N,True,,True,,Completed
488,GSZZPZBMJBFRPF-UHFFFAOYSA-N,False,size,True,,
489,GTVPOLSIJWJJNY-UHFFFAOYSA-N,True,,True,,Completed
490,GUFBPMJFZODEDT-UHFFFAOYSA-N,True,,True,,Completed
491,GUKYWSVRGDINLN-UHFFFAOYSA-N,True,,True,,Completed
492,GULJQUMNCSFQCO-UHFFFAOYSA-N,True,,True,,Completed
493,GUPLVXQEYAKBCK-UHFFFAOYSA-N,True,,True,,Completed
494,GUQGKTHAOXNYHX-UHFFFAOYSA-N,True,,True,,Completed
495,GUQGZGWZZNIUIH-LXAPUOBYSA-N,True,,True,,Completed
496,GUWIPPRZYFNPFL-UHFFFAOYSA-N,True,,True,,Completed
497,GVBSYPNRBBBGNI-UHFFFAOYSA-N,True,,True,,Completed
498,GVDFEEWXDDADBG-UHFFFAOYSA-N,True,,True,,Completed
499,GVLNOGGRKFWOTC-UHFFFAOYSA-N,True,,True,,Completed
500,GWBAJFXUTFQGQH-UHFFFAOYSA-N,True,,True,,Completed
501,GWTAEVKZCDFFEX-UHFFFAOYSA-N,True,,True,,Completed
502,GWZYVJHBZJZRJD-UHFFFAOYSA-N,True,,True,,Completed
503,GXDMNAKMJVMWKQ-UHFFFAOYSA-N,True,,True,,Completed
504,GXLXGKDGYHMQHG-AZFZMOAFSA-N,True,,True,,Completed
505,GXSHOVGORXNAQT-UHFFFAOYSA-N,True,,True,,Completed
506,GXZJLHQMNOLIAB-UHFFFAOYSA-N,True,,True,,Completed
507,GXZUVRUIKBPARL-UHFFFAOYSA-N,True,,True,,Completed
508,GYDXFTMHNUETBY-UHFFFAOYSA-N,True,,True,,Completed
509,GYHRPYWPGXCVOY-INIZCTEOSA-N,True,,True,,Completed
510,GYHRPYWPGXCVOY-MRXNPFEDSA-N,True,,True,,Completed
511,GYNZGXINUJMHPX-UHFFFAOYSA-N,True,,True,,Completed
512,GYXIWAUJTCPXPZ-UHFFFAOYSA-N,True,,True,,Completed
513,GYZWOONBQFZWQO-UHFFFAOYSA-N,True,,True,,Completed
514,GZAGBRPFBCDRDL-UHFFFAOYSA-N,True,,True,,Completed
515,GZCPTOJBBPEFMY-UHFFFAOYSA-N,True,,True,,Completed
516,GZCREURYZWXRHS-UHFFFAOYSA-N,True,,True,,Completed
517,GZEWMDYKYJQWHT-UHFFFAOYSA-N,True,,True,,Completed
518,GZVCTQMUVXOZHD-UHFFFAOYSA-N,True,,True,,Completed
519,GZVRXEGFMOGBKP-QAQDUYKDSA-N,True,,True,,Completed
520,HAFBFLQYRSRGDY-UHFFFAOYSA-N,True,,True,,Completed
521,HARCNHPDYDKMHE-UHFFFAOYSA-N,True,,True,,Completed
522,HATXFEHOSXEUOA-BWFPZVSSSA-N,True,,True,,Completed
523,HBGBNRBGCBVAFP-UHFFFAOYSA-N,True,,True,,Completed
524,HBLUJJRKHYEUPJ-UHFFFAOYSA-N,True,,True,,Completed
525,HCAPKVUYVLOOHA-UHFFFAOYSA-N,False,size,True,,
526,HCCNJLKJQAHREN-UHFFFAOYSA-N,False,size,True,,
527,HCDMTAFKVSYHRC-OEMAIJDKSA-N,True,,True,,Completed
528,HCZOVFUFNUCZIL-NRSAYIQQSA-N,True,,True,,Completed
529,HDCDSMRDFBKWMT-UHFFFAOYSA-N,True,,True,,Completed
530,HEFHQIBQGOCQAF-UHFFFAOYSA-N,True,,True,,Completed
531,HENSNQXDVSMDLC-UHFFFAOYSA-N,True,,True,,Completed
532,HERHKHDLLDTTOJ-UHFFFAOYSA-N,True,,True,,Completed
533,HERLPXJOFZEMRL-UHFFFAOYSA-N,True,,True,,Completed
534,HESTVKKGEPAUNN-UHFFFAOYSA-N,True,,True,,Completed
535,HFIXLXXNEZMSGH-UHFFFAOYSA-N,True,,True,,Completed
536,HFKACECLQSWOGF-UHFFFAOYSA-N,True,,True,,Completed
537,HFKMNAUFISJBSK-UHFFFAOYSA-N,True,,True,,Completed
538,HFTLYNKTSANXFA-UHFFFAOYSA-N,False,size,True,,
539,HFXIFLRPECMUAU-UHFFFAOYSA-N,True,,True,,Completed
540,HFXTVBKCYHMPRP-LFIBNONCSA-N,True,,True,,Completed
541,HGBNXMUZCGQMOG-UHFFFAOYSA-N,True,,True,,Completed
542,HGEJNHUGVPFHIF-UHFFFAOYSA-N,True,,True,,Completed
543,HGFLDVQTDYSNRS-BOPFTXTBSA-N,True,,True,,Completed
544,HGHDRKJHOUHEHA-UHFFFAOYSA-N,True,,True,,Completed
545,HHNFRVFYHNQUPY-HNNXBMFYSA-N,True,,True,,Completed
546,HHPDSXQOWLZSJM-UHFFFAOYSA-N,True,,True,,Completed
547,HHSIUHRARDLCPM-UHFFFAOYSA-N,True,,True,,Completed
548,HIKMYPBLGKUYLS-UHFFFAOYSA-N,True,,True,,Completed
549,HIMUEIQDEDWCOT-UHFFFAOYSA-N,True,,True,,Completed
550,HJLQTCJLJAJRFH-ONEGZZNKSA-N,True,,True,,Completed
551,HJQWAOOLYPCQMS-UHFFFAOYSA-N,True,,True,,Completed
552,HKSZLNNOFSGOKW-FYTWVXJKSA-N,True,,True,,Completed
553,HKTRJIILONQAFK-UHFFFAOYSA-N,True,,True,,Completed
554,HLOKDQHOCMHLLI-UHFFFAOYSA-N,True,,True,,MaxTransformsReached
555,HLPOAKREBSMEOL-UHFFFAOYSA-N,True,,True,,Completed
556,HLSOKPIRBWPIEF-KRWDZBQOSA-N,True,,True,,Completed
557,HMAJGFYNRRZUJX-UHFFFAOYSA-N,True,,True,,Completed
558,HNMARRTVPIAGPR-GZWOMBDOSA-N,True,,True,,Completed
559,HOCNIFWVFFJCFT-UHFFFAOYSA-N,True,,True,,Completed
560,HOIDDIAWOSDERZ-QHCPKHFHSA-N,True,,True,,Completed
561,HOOQLZPFGONGJY-UHFFFAOYSA-N,True,,True,,Completed
562,HOPYTUITHBXQSC-UHFFFAOYSA-N,True,,True,,Completed
563,HPCOUXPDYAOAFD-UHFFFAOYSA-N,True,,True,,Completed
564,HPMKMPNNTLGDLY-UHFFFAOYSA-N,True,,True,,Completed
565,HQGMRHNRHQZULO-UHFFFAOYSA-N,True,,True,,Completed
566,HQHSJJZIICGOIX-UHFFFAOYSA-N,False,size,True,,
567,HQXQQINRSRUUEJ-UHFFFAOYSA-N,True,,True,,Completed
568,HQYBJDBTJVHYKB-UHFFFAOYSA-N,True,,True,,Completed
569,HRCGSBHCRJQDMC-NWDGAFQWSA-N,True,,True,,Completed
570,HRIQVCCRXNQUAH-KPKJPENVSA-N,True,,True,,Completed
571,HRJWTAWVFDCTGO-UHFFFAOYSA-N,True,,True,,Completed
572,HRLAEVMLTWVMMY-UHFFFAOYSA-N,True,,True,,Completed
573,HRNCZTCMTNQKPN-UHFFFAOYSA-N,True,,True,,Completed
574,HRZWXMORMBRUEE-UHFFFAOYSA-N,True,,True,,Completed
575,HSEUQWUJSFQRHV-IRXDYDNUSA-N,True,,True,,Completed
576,HTBKVAJZYRVZSW-UHFFFAOYSA-N,True,,True,,Completed
577,HTFBNTYFTGIOEK-UHFFFAOYSA-N,True,,True,,Completed
578,HUUCUGRZFSMNOH-UHFFFAOYSA-N,True,,True,,Completed
579,HUUHWIKDYLSDJJ-UHFFFAOYSA-N,True,,True,,Completed
580,HUUYQUKEWGQKGJ-UHFFFAOYSA-N,True,,True,,Completed
581,HUXYBQXJVXOMKX-UHFFFAOYSA-N,True,,True,,Completed
582,HVFVQLFPRQYJTR-ZDUSSCGKSA-N,True,,True,,Completed
583,HVKMMDVZQKUXML-IBGZPJMESA-N,True,,True,,Completed
584,HVMRLFSFHWCUCG-UHFFFAOYSA-N,False,size,False,size,
585,HVRRMJKBJSKZOK-UHFFFAOYSA-N,True,,True,,Completed
586,HVTYFANOGPVRAE-UHFFFAOYSA-N,True,,True,,Completed
587,HVWXMQOSMQSZLU-UHFFFAOYSA-N,True,,True,,Completed
588,HWOAQZBIJPMRLH-UHFFFAOYSA-N,False,size,True,,
589,HWSNASOWCNIMEX-UHFFFAOYSA-N,True,,True,,Completed
590,HWUQUQZRNDZMLC-AWEZNQCLSA-N,True,,True,,Completed
591,HWUQUQZRNDZMLC-CQSZACIVSA-N,True,,True,,Completed
592,HXETYVYQZULBML-ONEGZZNKSA-N,True,,True,,Completed
593,HXHDANBBZJXJAF-GDNBJRDFSA-N,True,,True,,Completed
594,HXJZLLNYPHBNSR-UHFFFAOYSA-N,True,,True,,Completed
595,HXKORJQOSCRLJP-UHFFFAOYSA-N,False,size,True,,
596,HXLBSRYLXTTYQD-UHFFFAOYSA-N,True,,True,,Completed
597,HXLFOHIDCPNVHE-UHFFFAOYSA-N,True,,True,,Completed
598,HXOQBWYSGHJGAI-UHFFFAOYSA-N,True,,True,,Completed
599,HYBCPKCAHCAFSQ-UHFFFAOYSA-N,True,,True,,Completed
600,HYCASJGOJJSHLV-GUYCJALGSA-N,True,,True,,Completed
601,HYCRTUWVJJGNKA-UHFFFAOYSA-N,True,,True,,Completed
602,HYJXGLGQVHGUAQ-UHFFFAOYSA-N,True,,True,,Completed
603,HYNZVOLLNHBFQJ-UHFFFAOYSA-N,True,,True,,Completed
604,HYQWMHHQUXUURL-FUBQLUNQSA-N,True,,True,,Completed
605,HZEDOBNROFBZAQ-HXUWFJFHSA-N,True,,True,,Completed
606,HZNQONMMEIJNNU-UHFFFAOYSA-N,True,,True,,Completed
607,IADKHXRZAFUCSV-NSCUHMNNSA-N,True,,True,,Completed
608,IAGKTSFTVZCTOS-UHFFFAOYSA-N,True,,True,,Completed
609,IAHVSHNBRRKKBX-UHFFFAOYSA-N,True,,True,,Completed
610,IARGFZHXWHLMNG-UHFFFAOYSA-N,True,,True,,Completed
611,IATKMBHPUAENLP-UHFFFAOYSA-N,True,,True,,Completed
612,IBFFTYPPDPEPLJ-IYBDPMFKSA-N,True,,True,,Completed
613,IBQDZKBTVFJMSQ-UHFFFAOYSA-N,True,,True,,Completed
614,IBUAKKIEDFKTKJ-RVDMUPIBSA-N,False,size,True,,
615,ICEZFAGZFCHSIY-UHFFFAOYSA-N,True,,True,,Completed
616,IDCRJWFFCASEPM-UHFFFAOYSA-N,True,,True,,Completed
617,IDSUOWSRHKZENY-UHFFFAOYSA-N,True,,True,,Completed
618,IERADWKVXKEABW-UHFFFAOYSA-N,True,,True,,Completed
619,IEZVBDUJVUPHKM-UHFFFAOYSA-N,True,,True,,Completed
620,IFAKQBBVXIIUEC-UXBLZVDNSA-N,False,size,True,,
621,IFKBZXCALDVHTD-UHFFFAOYSA-N,True,,True,,Completed
622,IFRYUGXGLYZVSY-AXFCNIPNSA-N,True,,True,,Completed
623,IFRYUGXGLYZVSY-LOMOHKHYSA-N,True,,True,,Completed
624,IFWRXHDSVNMZIT-UHFFFAOYSA-N,False,size,True,,
625,IGXYXCWSBYCRDU-UHFFFAOYSA-N,True,,True,,Completed
626,IHKGTVZWLMITRF-UHFFFAOYSA-N,True,,True,,MaxTransformsReached
627,IHSJJFRMGGAMME-UILWBTOOSA-N,False,size,True,,
628,IHTIFKUCLCXNDN-LJQANCHMSA-N,True,,True,,Completed
629,IHXLYYIQXFWVCK-UHFFFAOYSA-N,True,,True,,Completed
630,IIBNWMLKRSXDKD-UHFFFAOYSA-N,True,,True,,Completed
631,IIHKFIWSMAISST-UHFFFAOYSA-N,True,,True,,Completed
632,IITFTNRBVADYMI-UHFFFAOYSA-N,True,,True,,Completed
633,IIZQAPDECJYKDK-UHFFFAOYSA-N,True,,True,,Completed
634,IJMSMJUUYYSKBT-UHFFFAOYSA-N,True,,True,,Completed
635,IKTSXTHXYZRAPU-UHFFFAOYSA-N,True,,True,,Completed
636,IKUYWTLLGLHBDR-NRSAYIQQSA-N,True,,True,,Completed
637,ILMIYDPNAZCUKV-UHFFFAOYSA-N,True,,True,,Completed
638,ILMQREGUORVTSS-UHFFFAOYSA-N,True,,True,,Completed
639,IMACCNVRJOXLEO-UHFFFAOYSA-N,False,size,False,size,
640,IMYMNIYFOVENLL-UHFFFAOYSA-N,True,,True,,Completed
641,INJUVNWOFHYUIN-UHFFFAOYSA-N,True,,True,,Completed
642,IOCPGDFUHJLQTO-ROUUACIJSA-N,True,,True,,Completed
643,IOKHECWXZNKBBH-UHFFFAOYSA-N,True,,True,,Completed
644,IONNIVUSNDKSMT-UHFFFAOYSA-N,True,,True,,Completed
645,IPAXTZAGMDYSHM-UHFFFAOYSA-N,True,,True,,Completed
646,IPMYMEWFZKHGAX-ZKSIBHASSA-N,False,size,True,,
647,IQMPZJYDZWUWHT-UHFFFAOYSA-N,True,,True,,Completed
648,IQPNAANSBPBGFQ-UHFFFAOYSA-N,True,,True,,MaxTransformsReached
649,IQTQYWDGDRKZSH-XMMPIXPASA-N,True,,True,,Completed
650,IRBHAVXRXYJMRS-UHFFFAOYSA-N,True,,True,,Completed
651,IRHOQMGOYMQRJB-UHFFFAOYSA-N,False,size,True,,
652,ISFRHUBPXUQPEV-UHFFFAOYSA-N,True,,True,,Completed
653,ISHSOFVJNNNVCJ-YSSOQSIOSA-N,True,,True,,Completed
654,ISOFTVGEVPDPPK-UHFFFAOYSA-N,True,,True,,Completed
655,ISWNVTVWJJQFQV-UHFFFAOYSA-N,False,size,True,,
656,ITFLOJJAVYXCTM-OAHLLOKOSA-N,True,,True,,Completed
657,ITPMJBWIUZYXDS-UHFFFAOYSA-N,True,,True,,Completed
658,ITTPODBQPIXMDP-UHFFFAOYSA-N,True,,True,,Completed
659,IUCLAKBWNSRBAI-UHFFFAOYSA-N,True,,True,,Completed
660,IUDBEIQBJIEKNX-UHFFFAOYSA-N,True,,True,,Completed
661,IUYBREVMXPBARL-UHFFFAOYSA-N,True,,True,,Completed
662,IUYLNMPIDQAYSG-UHFFFAOYSA-N,True,,True,,Completed
663,IVKYJVDFJKEXIH-UHFFFAOYSA-N,False,size,True,,
664,IVOOTFUQQDDILX-UHFFFAOYSA-N,True,,True,,Completed
665,IVSLHVMDZYSVFA-UHFFFAOYSA-N,True,,True,,Completed
666,IVVSBEQDCAZLFY-UHFFFAOYSA-N,True,,True,,Completed
667,IVWJZINWGOSNLM-UHFFFAOYSA-N,True,,True,,Completed
668,IWDDMLCHUYBHHD-UHFFFAOYSA-N,True,,True,,Completed
669,IWQIIBKBBPPPCF-UHFFFAOYSA-N,True,,True,,Completed
670,IWSDTEGBQVXXON-UHFFFAOYSA-N,True,,True,,Completed
671,IWXVPEORISOBQZ-SAIGFBBZSA-N,True,,True,,Completed
672,IXWVFGNWJLEFIG-AQYVVDRMSA-N,True,,True,,Completed
673,IXZMFISRHHRXRQ-UHFFFAOYSA-N,True,,True,,Completed
674,IYLDFGXTNQSFHI-UHFFFAOYSA-O,True,,True,,Completed
675,IYLZLRHLJPCJMN-UHFFFAOYSA-N,True,,True,,Completed
676,IYTGPPNUOLLGBE-UHFFFAOYSA-N,False,size,False,size,
677,IZIPWCFRXVNDNX-MGCOHNPYSA-N,True,,True,,Completed
678,IZMRGDJABMFQQG-UHFFFAOYSA-N,True,,True,,Completed
679,IZSLXRORDBBGDE-UHFFFAOYSA-N,False,size,True,,
680,IZVADJXWZKIYOV-UHFFFAOYSA-N,True,,True,,Completed
681,JABUMBYVIQWISU-UHFFFAOYSA-N,True,,True,,Completed
682,JAZHDXRHOSJZHB-UHFFFAOYSA-N,True,,True,,Completed
683,JBILJNLULSNZND-UHFFFAOYSA-N,True,,True,,Completed
684,JBKFSYGZKCTBDB-UHFFFAOYSA-N,True,,True,,Completed
685,JBKMTXNTOPCVOT-UHFFFAOYSA-N,True,,True,,Completed
686,JBLZWJCKPDQCNX-UHFFFAOYSA-N,True,,True,,Completed
687,JBRXERAIDOFGSA-UHFFFAOYSA-N,True,,True,,Completed
688,JBYFOPPGLVHSDJ-UHFFFAOYSA-N,True,,True,,Completed
689,JBYQAIUKYVTEFI-IRXDYDNUSA-N,True,,True,,Completed
690,JBZSHFMYVGCDBI-UHFFFAOYSA-N,True,,True,,Completed
691,JCJAEEODSKNKTC-UHFFFAOYSA-N,True,,True,,Completed
692,JCPZVGATKUQPOE-GFCCVEGCSA-N,True,,True,,Completed
693,JDIAYVMOUUKPNK-UHFFFAOYSA-N,True,,True,,Completed
694,JDOKMDILBRSOLL-UHFFFAOYSA-N,True,,True,,Completed
695,JDVCOPUEQIAVNW-UHFFFAOYSA-N,False,size,True,,
696,JDXDUTOQTGQWJD-UHFFFAOYSA-N,True,,True,,Completed
697,JECHSYMSTXETFI-UHFFFAOYSA-N,True,,True,,Completed
698,JEJQCXCBSIHCGU-CYBMUJFWSA-N,True,,True,,Completed
699,JFDFHRDTOSTHPU-SNVBAGLBSA-N,True,,True,,Completed
700,JFKPCBJEJGPBFI-GOSISDBHSA-N,True,,True,,Completed
701,JFKPCBJEJGPBFI-SFHVURJKSA-N,True,,True,,Completed
702,JFSGUSJACVSEKX-HAQNSBGRSA-N,True,,True,,Completed
703,JFSGUSJACVSEKX-TXEJJXNPSA-N,True,,True,,Completed
704,JFXBJZCDBBMRSA-YSSOQSIOSA-N,True,,True,,MaxTransformsReached
705,JIINJBBLYOFRPP-UHFFFAOYSA-N,True,,True,,Completed
706,JIQRMBNAYWCUEG-UHFFFAOYSA-N,True,,True,,MaxTransformsReached
707,JITNHYKCFBSHCI-IBGZPJMESA-N,True,,True,,Completed
708,JJPAZEYTVSKMAD-UHFFFAOYSA-N,True,,True,,Completed
709,JKEUUKRCNVYFCW-UHFFFAOYSA-N,True,,True,,Completed
710,JKKUZTDMJDZHEB-CYBMUJFWSA-N,True,,True,,Completed
711,JKNBNAZZNVQNBP-QGZVFWFLSA-N,True,,True,,Completed
712,JKTDPJGOPWGJLD-UHFFFAOYSA-N,False,size,True,,
713,JLLFLJDJZNJSTE-LBPRGKRZSA-N,True,,True,,Completed
714,JLMIHNJHBAEFKC-NXEZZACHSA-N,True,,True,,Completed
715,JLRKRQCTYQGDKJ-GHXNOFRVSA-N,True,,True,,Completed
716,JLVZDHKSMGCACD-UHFFFAOYSA-N,True,,True,,Completed
717,JMBGZDQTEDTGBR-UHFFFAOYSA-N,True,,True,,Completed
718,JMOMBPSAYLGZAN-CYBMUJFWSA-N,True,,True,,Completed
719,JMPFSEBWVLAJKM-UHFFFAOYSA-N,True,,True,,Completed
720,JMPLGCVMPMVPMF-UHFFFAOYSA-N,True,,True,,Completed
721,JNCFUVQWIVLATB-UHFFFAOYSA-N,False,size,True,,
722,JNKXYDCPHHUMKG-UHFFFAOYSA-N,True,,True,,Completed
723,JNPRTUHVCHGFHJ-GHXNOFRVSA-N,True,,True,,Completed
724,JNZTWAOEOYBNNP-UHFFFAOYSA-N,True,,True,,Completed
725,JONIGSIXPCHLPF-UHFFFAOYSA-N,True,,True,,Completed
726,JOSDAWJORYYQIX-UHFFFAOYSA-N,True,,True,,Completed
727,JOVKKVDNLDKENF-KBPBESRZSA-N,True,,True,,Completed
728,JPEZXBCEWYKFBS-KRWDZBQOSA-N,True,,True,,Completed
729,JPOSFPUHBHRUAX-UHFFFAOYSA-N,True,,True,,Completed
730,JPPZQBFIHPEKKB-GFCCVEGCSA-N,True,,True,,Completed
731,JQBISHBIDUIUDU-QGZVFWFLSA-N,True,,True,,Completed
732,JQERPJPPYOGLLF-UHFFFAOYSA-N,True,,True,,Completed
733,JQLOWVFMFQYNIP-LFYNBYACSA-N,True,,True,,Completed
734,JQPRYVRLQIAUKN-UHFFFAOYSA-N,False,size,True,,
735,JRGMQQCQWFMKLA-UHFFFAOYSA-N,True,,True,,Completed
736,JRNXAQINDCOHGS-CBINBANVSA-N,True,,True,,Completed
737,JRTSBKRFLSGRIV-UHFFFAOYSA-N,True,,True,,Completed
738,JRXHBWDCJDGWTA-UHFFFAOYSA-N,True,,True,,Completed
739,JSEXADIMPQQDMW-UHFFFAOYSA-N,True,,True,,Completed
740,JSKUWFIZUALZLX-UHFFFAOYSA-N,True,,True,,Completed
741,JSPJZRZQPACRSQ-UHFFFAOYSA-N,True,,True,,Completed
742,JSYVMXAHYRRFOQ-UHFFFAOYSA-N,True,,True,,Completed
743,JTBIKPSVKQZGLW-UHFFFAOYSA-N,True,,True,,Completed
744,JTBZUSIDMCXPIU-ZYHUDNBSSA-N,False,size,True,,
745,JTPXVCKCLBROOJ-UHFFFAOYSA-N,False,size,False,size,
746,JTVILUUAQWQWBK-IYARVYRRSA-N,True,,True,,Completed
747,JUCGBCAPXDBWDV-UHFFFAOYSA-N,True,,True,,Completed
748,JURAKDUDMWGHDP-UHFFFAOYSA-N,True,,True,,Completed
749,JUSBGYZKUCMHQQ-UHFFFAOYSA-N,True,,True,,Completed
750,JUTKIHOLXQFFON-UHFFFAOYSA-N,True,,True,,Completed
751,JUWVGQDRIAVTIK-UHFFFAOYSA-N,True,,True,,Completed
752,JVFLXTNKVBOVBS-UHFFFAOYSA-N,True,,True,,Completed
753,JVJOVGZWOUPWTG-UHFFFAOYSA-N,True,,True,,Completed
754,JWOJZWRKDLDOEO-KOAHPMOKSA-N,True,,True,,Completed
755,JWOJZWRKDLDOEO-MECYXVKMSA-N,True,,True,,Completed
756,JWOJZWRKDLDOEO-XGJBOMSMSA-N,True,,True,,Completed
757,JXKQPAFSJBFUHW-GFCCVEGCSA-N,True,,True,,Completed
758,JXSGQHRSUUOSAF-UHFFFAOYSA-N,True,,True,,Completed
759,JXZDETNFHHPYMT-UHFFFAOYSA-N,True,,True,,Completed
760,JYDCSNUDYUATTI-UHFFFAOYSA-N,True,,True,,Completed
761,JYEZPRTUGSHLCK-UHFFFAOYSA-N,True,,True,,Completed
762,JYFOMGSUMMIIPE-UHFFFAOYSA-N,True,,True,,Completed
763,JYGNOLIKBUTZNC-UHFFFAOYSA-N,False,size,True,,
764,JYLHONINWOWQPB-ZBFHGGJFSA-N,True,,True,,Completed
765,JYPAWUMVEPMZMD-UHFFFAOYSA-N,True,,True,,Completed
766,JYXOSIVDNXWNLM-UHFFFAOYSA-N,True,,True,,Completed
767,JZGPEQNPASOUFO-UHFFFAOYSA-N,True,,True,,Completed
768,JZIBYQSTSSPYNE-UHFFFAOYSA-N,False,size,True,,
769,JZXFOFIIRIBORV-ROUUACIJSA-N,True,,True,,Completed
770,JZXIDVJITODWRO-UHFFFAOYSA-N,True,,True,,Completed
771,KAAFPSZABFPQAX-CPYOLTPOSA-N,True,,True,,Completed
772,KAAFPSZABFPQAX-KFFJFEDVSA-N,True,,True,,Completed
773,KAEBPVNZHCYYSN-UHFFFAOYSA-N,True,,True,,Completed
774,KAJIDAUQCMSGGN-XQASTXFUSA-N,True,,True,,Completed
775,KAQTYVZQFWHKBB-UHFFFAOYSA-N,True,,True,,Completed
776,KBLPHMRCKHFBJB-OLZOCXBDSA-N,True,,True,,Completed
777,KBLPHMRCKHFBJB-QWHCGFSZSA-N,True,,True,,Completed
778,KBXGRHZPYVSAOL-UHFFFAOYSA-N,True,,True,,Completed
779,KBXYDHLQCHHCKO-UHFFFAOYSA-N,True,,True,,Completed
780,KCANZFMNTNHING-UHFFFAOYSA-N,True,,True,,Completed
781,KCBBKYDLIADLOS-UHFFFAOYSA-N,True,,True,,Completed
782,KCKWQKDFLCMFNR-OYKVQYDMSA-N,True,,True,,Completed
783,KCTDSUFNGUGTOM-UHFFFAOYSA-N,True,,True,,Completed
784,KCTYPUKDSRNILF-JOCQHMNTSA-N,True,,True,,Completed
785,KDKUVYLMPJIGKA-UHFFFAOYSA-N,True,,True,,Completed
786,KDLIWXJGIZBHKK-VXGBXAGGSA-N,True,,True,,Completed
787,KDTSSKKTVGNZJD-UHFFFAOYSA-N,True,,True,,Completed
788,KDXCZWWTDMYEDB-UHFFFAOYSA-N,True,,True,,Completed
789,KDYHYRKDQJLNGS-UHFFFAOYSA-N,True,,True,,Completed
790,KEDOBGISUFYCKN-UHFFFAOYSA-N,True,,True,,Completed
791,KEVSDOAMFUXCEG-UHFFFAOYSA-N,True,,True,,Completed
792,KFLLCGLJRIFHBA-UHFFFAOYSA-N,True,,True,,Completed
793,KGHKTEALHPGTKH-UHFFFAOYSA-N,True,,True,,Completed
794,KGIDFBNHNUZTPT-UHFFFAOYSA-N,True,,True,,MaxTransformsReached
795,KGMVZSJAPXYTKH-UHFFFAOYSA-N,True,,True,,Completed
796,KGPDSYGBPTVYJV-WBVHZDCISA-N,True,,True,,Completed
797,KGPGWJDNPGCBFQ-UHFFFAOYSA-N,True,,True,,Completed
798,KGWSQGUVJUGIPF-UHFFFAOYSA-N,True,,True,,Completed
799,KHIKNBAQPNFRJV-UHFFFAOYSA-N,True,,True,,Completed
800,KHTQGWKOTJZKCD-UHFFFAOYSA-N,True,,True,,Completed
801,KHUWOOWXQFGVBZ-UHFFFAOYSA-N,True,,True,,Completed
802,KHVVJKLNKLQLJZ-UHFFFAOYSA-N,True,,True,,Completed
803,KIBQAHRNVOBWRT-UHFFFAOYSA-N,True,,True,,Completed
804,KICIHZWOGVIVMX-UHFFFAOYSA-N,True,,True,,Completed
805,KISZMOFCHHISIV-JOCQHMNTSA-N,True,,True,,Completed
806,KIXOBYUEJWGOEY-UHFFFAOYSA-N,True,,True,,Completed
807,KJKOBDWTGMVEHK-UHFFFAOYSA-N,True,,True,,Completed
808,KJLKMQRZXPBHID-UHFFFAOYSA-N,True,,True,,Completed
809,KJMALBRUCRDMTE-JTQLQIEISA-N,True,,True,,Completed
810,KJSJBGZSEZVHMS-CTCMXSBHSA-N,True,,True,,Completed
811,KJSJBGZSEZVHMS-ZNTSSAEJSA-N,True,,True,,Completed
812,KKMLIJHOUUKCSW-UHFFFAOYSA-N,True,,True,,Completed
813,KLBPVYAMTJCVSW-UHFFFAOYSA-N,True,,True,,Completed
814,KLHSJLSXMSEODL-UHFFFAOYSA-N,True,,True,,Completed
815,KLVYMYQTRZCMLE-CYBMUJFWSA-N,True,,True,,Completed
816,KMOIDYHHPHGHBT-MEDUHNTESA-N,True,,True,,Completed
817,KMOIDYHHPHGHBT-UHFFFAOYSA-N,True,,True,,Completed
818,KMVBIPSQSSTTCJ-UHFFFAOYSA-N,True,,True,,Completed
819,KNBMQUZJLISDFQ-INIZCTEOSA-N,True,,True,,Completed
820,KNBMQUZJLISDFQ-MRXNPFEDSA-N,True,,True,,Completed
821,KNDPXYAMINMLED-UHFFFAOYSA-N,True,,True,,Completed
822,KNXDMFACKQCJPS-UHFFFAOYSA-N,True,,True,,Completed
823,KNZQDNDPUYJIQG-UHFFFAOYSA-N,True,,True,,Completed
824,KOCGMVOWSRIEAZ-UHFFFAOYSA-N,True,,True,,Completed
825,KOFUCJJVAIILNY-UHFFFAOYSA-N,True,,True,,Completed
826,KOMNQBZWMCFDTQ-VIFPVBQESA-N,True,,True,,Completed
827,KOOSKJVCROTXBQ-UHFFFAOYSA-N,True,,True,,Completed
828,KOQSEURLFTUQRS-UHFFFAOYSA-N,True,,True,,Completed
829,KPABJHHKKJIDGX-JOCHJYFZSA-N,True,,True,,Completed
830,KPCVCNZJVUSNOC-UHFFFAOYSA-N,True,,True,,Completed
831,KPEABKWUJCTBRM-UHFFFAOYSA-N,True,,True,,Completed
832,KPGMHZQXQVDYNT-UHFFFAOYSA-N,True,,True,,Completed
833,KPHZQZOEATXSQO-UHFFFAOYSA-N,True,,True,,Completed
834,KPLDUFFSXVTMOF-LJQANCHMSA-N,True,,True,,Completed
835,KPPLCUYUCVJBTH-UHFFFAOYSA-N,True,,True,,Completed
836,KPQLRNNPRYBTLP-UHFFFAOYSA-N,False,size,False,size,
837,KPUBBCGAMBGWSV-UHFFFAOYSA-N,True,,True,,Completed
838,KPVDACWQNCRKTG-UHFFFAOYSA-N,True,,True,,Completed
839,KPYFHKXGOZSVEX-UHFFFAOYSA-N,True,,True,,Completed
840,KQCNFTQXQFIITD-SOAUALDESA-N,False,size,True,,
841,KQQOVCCCJDXXLJ-UHFFFAOYSA-N,True,,True,,Completed
842,KRIWIRSMQRQYJG-DLBZAZTESA-N,True,,True,,Completed
843,KRIWIRSMQRQYJG-IRXDYDNUSA-N,True,,True,,Completed
844,KRKDQSSYLDUOBP-HNNXBMFYSA-N,True,,True,,Completed
845,KRPKKDOBBAEXNM-UHFFFAOYSA-N,True,,True,,Completed
846,KRVKNVPEZJKGOV-UHFFFAOYSA-N,True,,True,,Completed
847,KSGRHPFFOUUFPR-UHFFFAOYSA-N,True,,True,,Completed
848,KSIRCFGDZWDBAM-UHFFFAOYSA-N,True,,True,,Completed
849,KSNJAABLKBXTJG-UHFFFAOYSA-N,True,,True,,Completed
850,KSQYDVJSFQHSCE-UHFFFAOYSA-N,True,,True,,Completed
851,KSWHFEKZCFYTPR-UHFFFAOYSA-N,True,,True,,Completed
852,KTEUANCPUUWBLK-UHFFFAOYSA-N,True,,True,,Completed
853,KTHMSZIGCQCCFJ-UHFFFAOYSA-N,False,size,True,,
854,KTIAVDWJHSVFJO-UHFFFAOYSA-N,True,,True,,Completed
855,KULPPFCRBINTBS-AWEZNQCLSA-N,True,,True,,Completed
856,KUOVCBYFBMMJGI-UHFFFAOYSA-N,True,,True,,Completed
857,KUPYSMGYFLHPHG-UHFFFAOYSA-N,True,,True,,Completed
858,KUQKNRWKCUBLRL-OALUTQOASA-N,True,,True,,Completed
859,KVCWGWGQOGKCFH-UHFFFAOYSA-N,True,,True,,Completed
860,KVJXNCXRESCVKS-UHFFFAOYSA-N,True,,True,,Completed
861,KVPNOQAXVUMKFJ-UHFFFAOYSA-N,True,,True,,Completed
862,KVSIJRIBZQPYQR-UHFFFAOYSA-N,True,,True,,Completed
863,KXNZPASCSDMHFQ-UHFFFAOYSA-N,True,,True,,Completed
864,KYEOZKUGBAEJRO-UHFFFAOYSA-N,True,,True,,Completed
865,KYMNNSMBWCZWCF-UHFFFAOYSA-N,False,size,True,,
866,KYTXZKLSVMDSST-UHFFFAOYSA-N,True,,True,,Completed
867,KZHHXCCLGNIRRE-YVEFUNNKSA-N,True,,True,,Completed
868,KZHUDHDVXIZFPR-UHFFFAOYSA-N,True,,True,,Completed
869,KZLNMNBKUXXLSY-UHFFFAOYSA-N,True,,True,,Completed
870,KZQIFEGNIUKQLQ-UHFFFAOYSA-N,True,,True,,Completed
871,KZTJASZKBUWOAR-LOTLZRDFSA-N,True,,True,,Completed
872,KZZDDXBCJROTIP-UHFFFAOYSA-N,False,size,True,,
873,LAAXCJUGGGGBEQ-UHFFFAOYSA-N,False,size,True,,
874,LAFXEUQJIIHQOD-UHFFFAOYSA-N,True,,True,,Completed
875,LCBAQTCTQXHTJG-ZETCQYMHSA-N,True,,True,,Completed
876,LCDCVRYMEWMBEV-UHFFFAOYSA-N,True,,True,,Completed
877,LCQRNLSJVMJXSZ-UHFFFAOYSA-N,True,,True,,Completed
878,LCTGDIGFDXPBRR-UHFFFAOYSA-N,False,size,True,,
879,LCYDFIUWKWJIDS-IBGZPJMESA-N,True,,True,,Completed
880,LDJNLOZYHRVQME-UHFFFAOYSA-N,True,,True,,Completed
881,LDWUDAGYQNRJLN-UHFFFAOYSA-N,True,,True,,Completed
882,LDXLQEXLXZCYSR-UHFFFAOYSA-N,True,,True,,Completed
883,LDYXBLNHACBPJZ-UHFFFAOYSA-N,True,,True,,Completed
884,LEFGJNMAJJYGGQ-UHFFFAOYSA-N,True,,True,,Completed
885,LEFKZSWCBZBDLU-UHFFFAOYSA-N,False,size,True,,
886,LEPCIRKHMJHAPC-HZCBDIJESA-N,True,,True,,Completed
887,LFOFPAVIHNJEGB-INIZCTEOSA-N,True,,True,,Completed
888,LFQMLGQIYUNNLN-UHFFFAOYSA-N,True,,True,,Completed
889,LGCAIPXMWBZXAJ-UHFFFAOYSA-N,True,,True,,Completed
890,LGZIKBZSCRORQN-UHFFFAOYSA-N,True,,True,,Completed
891,LHIUZPIDLZYPRL-MXVIHJGJSA-N,True,,True,,Completed
892,LIJUCWLALFXGCL-UHFFFAOYSA-N,True,,True,,Completed
893,LIPCBHIBAKMSAU-UHFFFAOYSA-N,True,,True,,Completed
894,LIYXXFOSHNQSRD-UHFFFAOYSA-N,True,,True,,Completed
895,LKPSCTJYYAVIIL-UHFFFAOYSA-N,True,,True,,MaxTransformsReached
896,LLEOOSLUHRQCHZ-AFNCTOJWSA-N,True,,True,,Completed
897,LLEOOSLUHRQCHZ-LMVHVUTASA-N,True,,True,,Completed
898,LLFOBMRPWNABCB-UHFFFAOYSA-N,True,,True,,Completed
899,LLHGACFYBCCFIW-UHFFFAOYSA-N,True,,True,,Completed
900,LLHGFGUOUWJTLQ-UHFFFAOYSA-N,True,,True,,Completed
901,LMIPCDJYZXYYLQ-UHFFFAOYSA-N,True,,True,,Completed
902,LMOGABSWSZHKQR-UHFFFAOYSA-N,True,,True,,Completed
903,LMRBJOUAEXZHHL-SNAWJCMRSA-N,True,,True,,Completed
904,LMRZWFITLLJWPB-UHFFFAOYSA-N,True,,True,,Completed
905,LMTSMIQNBKUPBR-UHFFFAOYSA-N,True,,True,,Completed
906,LMWWKOWQEHLVFX-UHFFFAOYSA-N,True,,True,,Completed
907,LNWXGYVVZJDLCP-UHFFFAOYSA-N,True,,True,,Completed
908,LOTLHAUOJRZXNQ-GOSISDBHSA-N,True,,True,,Completed
909,LOUYPYUMEQLFIO-UHFFFAOYSA-N,True,,True,,Completed
910,LOXABGFYQLXZMY-UHFFFAOYSA-N,True,,True,,Completed
911,LPMINUZUMUXWKI-UHFFFAOYSA-N,True,,True,,Completed
912,LPPPFWQCXCFAAN-NEDPPGOKSA-N,True,,True,,Completed
913,LPSCCOBGZSKECZ-UHFFFAOYSA-N,True,,True,,Completed
914,LQHMJVOJVOLFTJ-FQEVSTJZSA-N,False,size,True,,
915,LQHMJVOJVOLFTJ-HXUWFJFHSA-N,False,size,True,,
916,LQKBDFWBLIOIGB-UHFFFAOYSA-N,True,,True,,Completed
917,LQPLEEYQXIQYSE-UHFFFAOYSA-N,True,,True,,Completed
918,LRNZETHOQYGLNM-UHFFFAOYSA-N,True,,True,,Completed
919,LRTVAHMMILMPNA-IBGZPJMESA-N,True,,True,,Completed
920,LRXFEHJUJZDISP-FGBWHXJSSA-N,False,size,True,,
921,LRXFEHJUJZDISP-VQHVLOKHSA-N,False,size,True,,
922,LSEAQLOYCHTEOK-OKILXGFUSA-N,True,,True,,Completed
923,LSGRZENCFIIHNV-UHFFFAOYSA-N,True,,True,,Completed
924,LSHHTTHIUZQLLM-UHFFFAOYSA-N,True,,True,,Completed
925,LSQFFRJLLOWWOG-UHFFFAOYSA-N,True,,True,,Completed
926,LSXXISAPRYZBDC-MSOLQXFVSA-N,True,,True,,Completed
927,LSXXISAPRYZBDC-ZWKOTPCHSA-N,True,,True,,Completed
928,LSYKAZDUIZMLHK-UHFFFAOYSA-N,True,,True,,Completed
929,LTEOAXVFLCXKFR-UHFFFAOYSA-N,True,,True,,Completed
930,LTJQUBUPNMQGJL-UHFFFAOYSA-N,True,,True,,Completed
931,LTNIHYAIRMIXOL-UHFFFAOYSA-N,True,,True,,Completed
932,LUCORKWTQSQFFU-UHFFFAOYSA-N,False,size,True,,
933,LVHNHGTWHQOKPD-UHFFFAOYSA-N,True,,True,,Completed
934,LVRKQJAEQWVSCM-HAQNSBGRSA-N,True,,True,,Completed
935,LWCQVHGNSZVWQE-UHFFFAOYSA-N,True,,True,,Completed
936,LWHMSHBMCRYSON-UHFFFAOYSA-N,True,,True,,Completed
937,LWZGGYIOLDKNFI-UHFFFAOYSA-N,True,,True,,Completed
938,LXICPRRLAICBCA-UHFFFAOYSA-N,True,,True,,Completed
939,LYADGAGFYYXXIO-ZWKOTPCHSA-N,True,,True,,Completed
940,LYDDQDABXBIFGQ-UHFFFAOYSA-N,True,,True,,Completed
941,LYRJEVGXXUHVHG-UHFFFAOYSA-N,True,,True,,Completed
942,LYSVMDJSAMSOKD-FQEVSTJZSA-N,True,,True,,Completed
943,LZCHLXVPHWVKTF-UHFFFAOYSA-N,True,,True,,Completed
944,LZHSIINQOGIBJP-UHFFFAOYSA-N,True,,True,,Completed
945,LZIMDAVLHJHTBU-UHFFFAOYSA-N,True,,True,,Completed
946,LZKPGMAQYKQMKG-UHFFFAOYSA-N,True,,True,,Completed
947,LZURCICLQQQODJ-UHFFFAOYSA-N,False,size,True,,
948,MAHFVAHPQSLLJF-UHFFFAOYSA-N,True,,True,,Completed
949,MBFRPRCYZAVISU-UHFFFAOYSA-N,True,,True,,Completed
950,MCHYSTQTMONBPK-SNAWJCMRSA-N,True,,True,,Completed
951,MDHHYPFBVYJHPN-UHFFFAOYSA-N,True,,True,,Completed
952,MDIWBYRNTPTYQI-QAQDUYKDSA-N,True,,True,,Completed
953,MDLZFWHQTJGZMT-UHFFFAOYSA-N,True,,True,,Completed
954,MDWVZPYTEKJUEK-UHFFFAOYSA-N,True,,True,,Completed
955,MDXKUBVNBVFUOJ-CALCHBBNSA-N,True,,True,,Completed
956,MDZCVSJGYQSCCO-HSZRJFAPSA-N,True,,True,,Completed
957,MDZCVSJGYQSCCO-QHCPKHFHSA-N,True,,True,,Completed
958,MEIJADBULOETOV-UHFFFAOYSA-N,True,,True,,Completed
959,MEKPYYSXKWGWRX-UHFFFAOYSA-N,True,,True,,Completed
960,MEKQZIRNPYPHGO-UHFFFAOYSA-N,True,,True,,Completed
961,MENVSADYTLLXLP-UHFFFAOYSA-N,True,,True,,Completed
962,MENVZXUPTOFKRC-JCNLHEQBSA-N,True,,True,,Completed
963,MEXRTWCANVVSBH-AWEZNQCLSA-N,True,,True,,Completed
964,MFFUZTBYSYJSTO-UHFFFAOYSA-N,True,,True,,Completed
965,MFMLSRTXWSRZJT-UHFFFAOYSA-N,True,,True,,Completed
966,MGLSXXJUCASPKK-UHFFFAOYSA-N,True,,True,,Completed
967,MHAJGINRQAEMIM-UHFFFAOYSA-N,True,,True,,Completed
968,MHAZFQTWVWWROD-HNNXBMFYSA-N,True,,True,,Completed
969,MHDUXNMHCRWOIT-UHFFFAOYSA-N,False,size,True,,
970,MHSMKEQLFFWYOS-UHFFFAOYSA-N,True,,True,,Completed
971,MIFAIQVSQMDIEY-UHFFFAOYSA-N,True,,True,,Completed
972,MIFKOPLXBUQROK-UHFFFAOYSA-N,True,,True,,Completed
973,MIGKKDVNMPOUSL-UHFFFAOYSA-N,True,,True,,Completed
974,MJIALGDLOLWBRQ-MRVPVSSYSA-N,True,,True,,Completed
975,MJMXHOMSRGAWAM-UHFFFAOYSA-N,True,,True,,Completed
976,MJQVDJSEAMOVCO-UHFFFAOYSA-N,True,,True,,Completed
977,MJRPKDKGAYBJSG-UHFFFAOYSA-N,True,,True,,Completed
978,MKCHHXTWUNRKMA-UHFFFAOYSA-N,True,,True,,Completed
979,MKDYTOGJVAOMKI-VQHVLOKHSA-N,False,size,True,,
980,MKDYTOGJVAOMKI-WFNSPDMASA-N,False,size,True,,
981,MKEZXJZAKPJGKM-UHFFFAOYSA-N,True,,True,,Completed
982,MLJSLRKQDZHWEX-UHFFFAOYSA-N,True,,True,,Completed
983,MLRFEYKWKAWGAL-NRFANRHFSA-N,True,,True,,Completed
984,MLRFEYKWKAWGAL-OAQYLSRUSA-N,True,,True,,Completed
985,MLRODODNCCTIOL-UHFFFAOYSA-N,True,,True,,Completed
986,MNEKYKJSTRPKKY-UHFFFAOYSA-N,True,,True,,Completed
987,MNGXBJAUUYRGET-UHFFFAOYSA-N,True,,True,,Completed
988,MNHCYTKOZZNQIL-UHFFFAOYSA-N,True,,True,,Completed
989,MNHPHKFLWAPNOV-UHFFFAOYSA-N,True,,True,,Completed
990,MNMACALOHIRIIT-UHFFFAOYSA-N,True,,True,,Completed
991,MNPXDFVGSLMIRV-KDURUIRLSA-N,True,,True,,Completed
992,MNYUOPLMNNYIFQ-UHFFFAOYSA-N,False,size,False,size,
993,MQTACRYTEYGQLN-UHFFFAOYSA-N,True,,True,,Completed
994,MRPGRAKIAJJGMM-OCCSQVGLSA-N,True,,True,,Completed
995,MSIYPAKNNNBUFM-UHFFFAOYSA-N,True,,True,,Completed
996,MTNBRBDFNSGQKB-TYZXPVIJSA-N,True,,True,,Completed
997,MTNUEJMJUDNRFN-UHFFFAOYSA-N,True,,True,,Completed
998,MTYBEFAXRMHIIW-UHFFFAOYSA-N,True,,True,,Completed
999,MUASSOXJDXNHOV-UHFFFAOYSA-N,True,,True,,Completed
1000,MUJNGTCNOBZJOC-UHFFFAOYSA-N,True,,True,,Completed
1001,MVAAFWQKSLBVDG-UHFFFAOYSA-N,True,,True,,Completed
1002,MVDJPUVLCKJATA-UHFFFAOYSA-N,True,,True,,Completed
1003,MVLHZSCONJMXFJ-UHFFFAOYSA-N,True,,True,,Completed
1004,MWGXGTJJAOZBNW-UHFFFAOYSA-N,False,size,True,,
1005,MXCVVCABILAXTR-AWKYBWMHSA-N,True,,True,,Completed
1006,MXOKGWUJNGEKBH-UHFFFAOYSA-N,True,,True,,Completed
1007,MXQMYWXBECXGHZ-UHFFFAOYSA-N,True,,True,,Completed
1008,MYIYDTISJDJCKB-UHFFFAOYSA-N,False,size,True,,
1009,MYKPWRUVZULGRH-UHFFFAOYSA-N,True,,True,,Completed
1010,MYTXIMZXJZWJKG-UHFFFAOYSA-N,False,size,True,,
1011,MZDVXECOCKJZLD-UHFFFAOYSA-N,True,,True,,Completed
1012,MZGANASDMYZAGW-UHFFFAOYSA-N,True,,True,,Completed
1013,MZPDPRITYJNRSG-ZEQRLZLVSA-N,True,,True,,Completed
1014,NAGRAHWEIBPVTR-UHFFFAOYSA-N,True,,True,,Completed
1015,NAGXMQRFQOVRBT-UHFFFAOYSA-N,True,,True,,Completed
1016,NAMNDYOCPPYNFK-NSCUHMNNSA-N,True,,True,,Completed
1017,NAXHLQWKWRGFOK-UHFFFAOYSA-N,True,,True,,Completed
1018,NBEJIOMDWFNHOW-UHFFFAOYSA-N,False,size,False,size,
1019,NBFGYDJKTHENDP-UHFFFAOYSA-N,True,,True,,Completed
1020,NBTIJTDAEXPUCZ-UHFFFAOYSA-N,False,size,True,,
1021,NBWQLTANUJBFJB-UHFFFAOYSA-N,True,,True,,Completed
1022,NCACIGFDMRLLIY-UHFFFAOYSA-N,True,,True,,Completed
1023,NCAQNCOMJJVZLQ-UHFFFAOYSA-N,True,,True,,Completed
1024,NCAQSQYHTSCOCV-UHFFFAOYSA-N,True,,True,,Completed
1025,NCJKZPXFXOMPSP-UHFFFAOYSA-N,True,,True,,Completed
1026,NDBJFFCSTXBTFV-UHFFFAOYSA-N,True,,True,,Completed
1027,NDLAFOKSJSLKGG-UHFFFAOYSA-N,True,,True,,Completed
1028,NDXJIXWTFPGHAI-UHFFFAOYSA-N,True,,True,,Completed
1029,NECPZRGQLGYEAG-YSAJCMGZSA-N,True,,True,,Completed
1030,NEOUGQSZLHGZRA-UHFFFAOYSA-N,True,,True,,Completed
1031,NEWXQDRWGLAOAY-UHFFFAOYSA-N,True,,True,,Completed
1032,NFBXAEBBIROPOO-IAGOWNOFSA-N,True,,True,,Completed
1033,NFLNGTZCZDPIPL-UHFFFAOYSA-N,True,,True,,Completed
1034,NFSKEXQRNDSSAN-UHFFFAOYSA-N,True,,True,,Completed
1035,NFVBVKHGDDDCEA-UHFFFAOYSA-N,False,size,True,,
1036,NGFGTMFVWSDFPS-UKRRQHHQSA-N,True,,True,,Completed
1037,NGGAHECCHDZGJU-UHFFFAOYSA-N,True,,True,,Completed
1038,NGHCWGJHYFQFOG-WGSAOQKQSA-N,True,,True,,Completed
1039,NHCKWRFRGQYSQI-HNNXBMFYSA-N,True,,True,,Completed
1040,NHOACLCXCKJMAK-UHFFFAOYSA-N,False,size,True,,
1041,NHXUMHPIKLWBMN-PNDARSKBSA-N,False,size,True,,
1042,NIKDKNHGEBMTNT-AWEZNQCLSA-N,True,,True,,Completed
1043,NINIJRDUJSFATI-UHFFFAOYSA-N,True,,True,,Completed
1044,NJEGTXWDENZTOP-UHFFFAOYSA-N,True,,True,,Completed
1045,NJQJCBOOCSJMMO-UHFFFAOYSA-N,True,,True,,Completed
1046,NJVQQTPQKOLKDZ-UHFFFAOYSA-N,True,,True,,Completed
1047,NKORVPQBJCGYEC-UHFFFAOYSA-N,True,,True,,Completed
1048,NLDYQHKBIFMHJC-UHFFFAOYSA-N,True,,True,,Completed
1049,NLHJLMBCNCNHRL-UHFFFAOYSA-N,True,,True,,Completed
1050,NLNZVMKXWYYCKF-UHFFFAOYSA-N,True,,True,,Completed
1051,NMAZGYDYIYLSLJ-UHFFFAOYSA-N,True,,True,,Completed
1052,NMGNSIMSXTWPBG-UHFFFAOYSA-N,True,,True,,Completed
1053,NMIBTJKGMMFLAN-UHFFFAOYSA-N,True,,True,,Completed
1054,NMLLDEVPZUKFBQ-OALUTQOASA-N,True,,True,,Completed
1055,NMLSMKNXYWXSKI-VOTSOKGWSA-N,True,,True,,Completed
1056,NNAYMZZCUHMCGB-UHFFFAOYSA-N,True,,True,,Completed
1057,NNKPEAVJHRIXJX-UHFFFAOYSA-N,True,,True,,Completed
1058,NNPBFSPJFKAAAF-UHFFFAOYSA-N,True,,True,,Completed
1059,NNPPLWRLBHWXNQ-UHFFFAOYSA-N,True,,True,,Completed
1060,NNRGQYRRIKHXND-UHFFFAOYSA-N,True,,True,,Completed
1061,NNXDIGHYPZHXTR-ONEGZZNKSA-N,True,,True,,Completed
1062,NOCXREGHIRXAHY-LBPRGKRZSA-N,True,,True,,Completed
1063,NPBWMMRUXMTIRC-UHFFFAOYSA-N,True,,True,,Completed
1064,NPJXEUKGIZEGCB-UHFFFAOYSA-N,True,,True,,Completed
1065,NPPBDFFMJNUJRY-UHFFFAOYSA-N,True,,True,,Completed
1066,NQGZGEDGGMEYQG-UHFFFAOYSA-N,True,,True,,Completed
1067,NQKAFIFFMXPFFK-ZDUSSCGKSA-N,True,,True,,Completed
1068,NQOBQXGFENCWJP-UHFFFAOYSA-N,True,,True,,Completed
1069,NREXZVOJRVRMAI-LICLKQGHSA-N,False,size,True,,
1070,NRMPHDDNVXWXEK-UHFFFAOYSA-N,True,,True,,Completed
1071,NSBUFSWCDJEGDQ-UHFFFAOYSA-N,True,,True,,Completed
1072,NSJOYQIOHVHMCZ-UHFFFAOYSA-N,True,,True,,Completed
1073,NSKVOJSVXKFYHW-FQEVSTJZSA-N,True,,True,,Completed
1074,NSRQMGVNAQLUID-UHFFFAOYSA-N,False,size,True,,
1075,NTOXNDUPXCOGPS-UHFFFAOYSA-N,True,,True,,Completed
1076,NTQUCCVMCHSPRQ-UHFFFAOYSA-N,True,,True,,Completed
1077,NTSDIJMNXYJJNG-SFHVURJKSA-N,True,,True,,Completed
1078,NTUMJMHWGWBERQ-UHFFFAOYSA-N,True,,True,,Completed
1079,NUDSGDYZHKNNPW-UHFFFAOYSA-N,False,size,True,,
1080,NUTHTHBJRHLFCA-UHFFFAOYSA-N,True,,True,,Completed
1081,NVRIZFZJZGOIOM-UHFFFAOYSA-N,True,,True,,Completed
1082,NVVASLWKXTZLJN-UHFFFAOYSA-N,False,size,True,,
1083,NVVRIZGTMNCPSN-NSCUHMNNSA-N,True,,True,,Completed
1084,NWIYVWKNSRTHFA-UHFFFAOYSA-N,True,,True,,Completed
1085,NWMOJGWJNSLCBU-UHFFFAOYSA-N,False,size,True,,
1086,NWQHTOFIQMYFRC-UHFFFAOYSA-N,True,,True,,Completed
1087,NWXGFDVFXJMUDD-UHFFFAOYSA-N,True,,True,,Completed
1088,NXJKCQVESZBNDC-CJNGLKHVSA-N,True,,True,,Completed
1089,NXJOGINZFZUJPP-JXMROGBWSA-N,True,,True,,Completed
1090,NXMIQKJGFTVADM-UHFFFAOYSA-N,False,size,True,,
1091,NXZVLIWBXMLTSL-UHFFFAOYSA-N,True,,True,,Completed
1092,NYAGCZSLJIRCHU-UHFFFAOYSA-N,True,,True,,Completed
1093,NYDFVFWQQZXRJN-JOCQHMNTSA-N,True,,True,,Completed
1094,NYJBTSYJXIHYOP-UHFFFAOYSA-N,True,,True,,Completed
1095,NYMCPPOTJXQMEJ-UHFFFAOYSA-N,True,,True,,Completed
1096,NYOFHLULMCQJHO-UHFFFAOYSA-N,True,,True,,Completed
1097,NYQAYVWQCAKOAI-UHFFFAOYSA-N,True,,True,,Completed
1098,NYYMLWAYQLILSL-UHFFFAOYSA-N,True,,True,,Completed
1099,NYYOXMWJWCGLQX-UHFFFAOYSA-N,True,,True,,Completed
1100,NZUWPUWPWYAAFJ-GHXNOFRVSA-N,True,,True,,Completed
1101,NZVVXITYPLCRRD-UHFFFAOYSA-N,True,,True,,Completed
1102,NZYLQCXLZVYEQE-UHFFFAOYSA-N,True,,True,,Completed
1103,OAAHCIALZYFQLH-UHFFFAOYSA-N,True,,True,,Completed
1104,OAAPSDVPLURZJC-UHFFFAOYSA-N,False,size,True,,
1105,OAFSEOBYSMNKHG-UHFFFAOYSA-N,True,,True,,Completed
1106,OAHVODOTYKJQAZ-IBGZPJMESA-N,True,,True,,Completed
1107,OALHHIHQOFIMEF-UHFFFAOYSA-N,True,,True,,Completed
1108,OAPSKQCSGQNNJG-UHFFFAOYSA-N,True,,True,,Completed
1109,OCBFHTQGXPIABP-UHFFFAOYSA-N,True,,True,,Completed
1110,OCBSRJOAZOWGSW-UHFFFAOYSA-N,True,,True,,Completed
1111,ODCJFPOGXDCLCK-UHFFFAOYSA-N,True,,True,,Completed
1112,ODCSBSWHVYIKSJ-UHFFFAOYSA-N,True,,True,,Completed
1113,ODDISVVZPVDGCA-UHFFFAOYSA-N,True,,True,,Completed
1114,ODZNFTDJLNIURO-UHFFFAOYSA-N,True,,True,,Completed
1115,OEMURATYWKELKJ-UHFFFAOYSA-N,True,,True,,Completed
1116,OEOVBBKVSXNPSX-ONEGZZNKSA-N,True,,True,,Completed
1117,OFEARPZEWOLQGZ-UHFFFAOYSA-N,True,,True,,Completed
1118,OFKPBSZSSNDQJL-WGSAOQKQSA-N,True,,True,,Completed
1119,OFOKNGAIALWCMY-UHFFFAOYSA-N,True,,True,,Completed
1120,OGLNGEVLSGWBEB-UHFFFAOYSA-N,True,,True,,Completed
1121,OGQLDQMZYSIOND-UHFFFAOYSA-N,True,,True,,Completed
1122,OGRGRBGYCZWQRA-UHFFFAOYSA-N,True,,True,,Completed
1123,OHDQHRAKDCCIMS-UHFFFAOYSA-N,True,,True,,Completed
1124,OHNWBGGGJMOKIX-SFHVURJKSA-N,True,,True,,Completed
1125,OIQZLVBXHSEFQP-UHFFFAOYSA-N,True,,True,,Completed
1126,OIWYLNVPMZPVEK-UHFFFAOYSA-N,True,,True,,Completed
1127,OJRJASQFNLOAKZ-LJQANCHMSA-N,True,,True,,Completed
1128,OKVAXHZNBTZJCB-GHMZBOCLSA-N,True,,True,,Completed
1129,OLIMHWOZGCDGAN-QAQDUYKDSA-N,True,,True,,Completed
1130,OLSJFKRZJSIFMG-UHFFFAOYSA-N,True,,True,,Completed
1131,OLSYHLURTGEIBH-UHFFFAOYSA-N,False,size,True,,
1132,OLUKILHGKRVDCT-UHFFFAOYSA-N,True,,True,,Completed
1133,OMCNPZUKTXGTFK-UHFFFAOYSA-N,True,,True,,Completed
1134,OMJIKMBHYTTXTC-UHFFFAOYSA-N,False,size,True,,
1135,ONAKMDBQGGEZMO-UHFFFAOYSA-N,True,,True,,Completed
1136,ONAOYFWOLYWDEY-UHFFFAOYSA-N,True,,True,,Completed
1137,ONDLPAJKNFWPJO-UHFFFAOYSA-N,True,,True,,Completed
1138,OPBOOIFXQHPAPJ-UHFFFAOYSA-N,True,,True,,Completed
1139,OPQGFIAVPSXOBO-UHFFFAOYSA-N,True,,True,,Completed
1140,OPZCPKBSWZFNRM-UHFFFAOYSA-N,True,,True,,Completed
1141,OPZYOZIXBOTMIQ-IBGZPJMESA-N,True,,True,,Completed
1142,OPZYOZIXBOTMIQ-LJQANCHMSA-N,True,,True,,Completed
1143,OPZYOZIXBOTMIQ-UHFFFAOYSA-N,True,,True,,Completed
1144,OQEFZDKDXVHSRX-UHFFFAOYSA-N,True,,True,,Completed
1145,OQUASBDHCWBKGD-UHFFFAOYSA-N,True,,True,,Completed
1146,ORZSTHMXZBZWIN-UHFFFAOYSA-N,True,,True,,Completed
1147,OSCWQKTUILTARV-UHFFFAOYSA-N,True,,True,,Completed
1148,OSOVLHOKGZLVLY-UHFFFAOYSA-N,True,,True,,Completed
1149,OSTSMXLBOZDZHJ-RUZDIDTESA-N,True,,True,,Completed
1150,OSTSMXLBOZDZHJ-VWLOTQADSA-N,True,,True,,Completed
1151,OSYGWSQOIPWVAM-UHFFFAOYSA-N,True,,True,,Completed
1152,OTCJMZXMPRAJEN-UHFFFAOYSA-N,True,,True,,Completed
1153,OTCLOCMUCBILAR-UHFFFAOYSA-N,True,,True,,Completed
1154,OTEUBDUXVNFEFC-UHFFFAOYSA-N,True,,True,,Completed
1155,OTPNDVKVEAIXTI-IYBDPMFKSA-N,True,,True,,Completed
1156,OTYOSKLKYVXQAT-UHFFFAOYSA-N,True,,True,,Completed
1157,OUFGAEIXDBKNPC-UHFFFAOYSA-N,True,,True,,Completed
1158,OUKYUETWWIPKQR-UHFFFAOYSA-N,True,,True,,Completed
1159,OUSFTKFNBAZUKL-UHFFFAOYSA-N,True,,True,,Completed
1160,OVACCXPNQSWBBB-UHFFFAOYSA-N,True,,True,,Completed
1161,OVPNQJVDAFNBDN-UHFFFAOYSA-N,True,,True,,Completed
1162,OVSXVWXYBBOHGF-UHFFFAOYSA-N,True,,True,,Completed
1163,OVYIYNNLJLEXCW-GOSISDBHSA-N,True,,True,,Completed
1164,OVYIYNNLJLEXCW-SFHVURJKSA-N,True,,True,,Completed
1165,OWHMMNCEQSPPJR-UHFFFAOYSA-N,True,,True,,Completed
1166,OWLZQWZFSLKVIT-SFHVURJKSA-N,True,,True,,Completed
1167,OWXORKPNCHJYOF-UHFFFAOYSA-N,True,,True,,Completed
1168,OXICUMLYVMEXBW-UHFFFAOYSA-N,True,,True,,Completed
1169,OXTDGTVIBFENNG-DAFODLJHSA-N,True,,True,,Completed
1170,OXUJEFSIVFXBIB-ROUUACIJSA-N,True,,True,,Completed
1171,OXVRYVDABLVQCW-UHFFFAOYSA-N,True,,True,,Completed
1172,OZHSZLCNRSFFOM-UHFFFAOYSA-N,True,,True,,Completed
1173,OZOUTOVDXHHQIZ-UHFFFAOYSA-N,True,,True,,Completed
1174,OZWPBBYNOKRDFB-LFIBNONCSA-N,False,size,True,,
1175,PADIFGYTAXNCRK-UHFFFAOYSA-N,True,,True,,Completed
1176,PAEDTQQTYBULPN-SNVBAGLBSA-N,True,,True,,Completed
1177,PAICWQZQWHFNIR-UHFFFAOYSA-N,True,,True,,Completed
1178,PAJUGXUVYBQAGG-UHFFFAOYSA-N,True,,True,,Completed
1179,PBCZSGKMGDDXIJ-KRUBCLEUSA-N,True,,True,,Completed
1180,PBDNNWWYSHCMCH-NRFANRHFSA-N,False,size,True,,
1181,PBDNNWWYSHCMCH-OAQYLSRUSA-N,False,size,True,,
1182,PCSKJPPAHVCSPT-UHFFFAOYSA-N,True,,True,,Completed
1183,PCSNHSCJJFGAOB-UHFFFAOYSA-N,True,,True,,Completed
1184,PDGKHKMBHVFCMG-UHFFFAOYSA-N,True,,True,,Completed
1185,PEMNVVTZKGRLSX-UHFFFAOYSA-N,False,size,True,,
1186,PEOPNFFYHMAVJA-UHFFFAOYSA-N,True,,True,,Completed
1187,PFCAHEMJANLCHH-UHFFFAOYSA-N,True,,True,,Completed
1188,PFRMQZGBTCACGO-LSDHHAIUSA-N,True,,True,,Completed
1189,PFXGXKFPTAJYHV-UHFFFAOYSA-N,True,,True,,Completed
1190,PGHDEZZAJHSYTK-UHFFFAOYSA-N,True,,True,,Completed
1191,PGSHABRJZCOCPJ-UHFFFAOYSA-N,False,size,True,,
1192,PGWURUYAKNYOPM-SUMWQHHRSA-N,True,,True,,Completed
1193,PHKLPPLFTQEZFS-UHFFFAOYSA-N,True,,True,,Completed
1194,PHSSTQVIBIMDLX-UHFFFAOYSA-N,True,,True,,Completed
1195,PHWHNHYZZNJPLB-QMMMGPOBSA-N,True,,True,,Completed
1196,PIGVRBXVSCGJKI-UHFFFAOYSA-N,True,,True,,Completed
1197,PIMQWRZWLQKKBJ-GOSISDBHSA-N,True,,True,,Completed
1198,PIMQWRZWLQKKBJ-SFHVURJKSA-N,True,,True,,Completed
1199,PIRRYRRDDTYFPP-VIFPVBQESA-N,True,,True,,Completed
1200,PIVLHBNDKATOGM-UHFFFAOYSA-N,True,,True,,Completed
1201,PJROIFLISSJQQQ-SFHVURJKSA-N,True,,True,,Completed
1202,PKSFLOGCPXWJIU-MEDUHNTESA-N,True,,True,,Completed
1203,PKSFLOGCPXWJIU-UHFFFAOYSA-N,True,,True,,Completed
1204,PLDZLKXHZTZEPC-HDJSIYSDSA-N,True,,True,,Completed
1205,PLXAEHIIAZHAND-RNHBAAACSA-N,True,,True,,Completed
1206,PMCGYDRAUVMLBE-UHFFFAOYSA-N,True,,True,,Completed
1207,PMIUHCUGSNZOBV-UHFFFAOYSA-N,True,,True,,Completed
1208,PMXCMJLOPOFPBT-HNNXBMFYSA-N,True,,True,,Completed
1209,PNLPHGXRRNXSNB-UHFFFAOYSA-N,True,,True,,Completed
1210,PNMIKKBZSAFSGY-UHFFFAOYSA-N,True,,True,,Completed
1211,POHPLECFWMXLII-UHFFFAOYSA-N,True,,True,,Completed
1212,POMYHNIMGZPDRA-NSCUHMNNSA-N,True,,True,,Completed
1213,POTKDJWRAMHALZ-UHFFFAOYSA-N,True,,True,,Completed
1214,POTXVFDXGOEAHO-UHFFFAOYSA-N,True,,True,,Completed
1215,POVBNEVJRAXZQO-UHFFFAOYSA-N,True,,True,,Completed
1216,PPMGWZOVBXDTHU-UHFFFAOYSA-N,True,,True,,Completed
1217,PPVMYMZOVUTVPA-UHFFFAOYSA-N,True,,True,,Completed
1218,PPWJHBUYVAYYHW-UHFFFAOYSA-N,True,,True,,Completed
1219,PQDMZMITVLVBIU-UHFFFAOYSA-N,True,,True,,Completed
1220,PQIBENCOUWMQIQ-UHFFFAOYSA-N,True,,True,,Completed
1221,PQLPYLQFEKWGIO-UHFFFAOYSA-N,True,,True,,Completed
1222,PQWACVUXFPZERA-UHFFFAOYSA-N,False,size,True,,
1223,PRASIGARSOSUQT-UHFFFAOYSA-N,True,,True,,Completed
1224,PREQLWGLUIHGJV-UHFFFAOYSA-N,True,,True,,Completed
1225,PRNSGUXODRTOMU-UHFFFAOYSA-N,True,,True,,Completed
1226,PROGKLMIRQVLRO-UHFFFAOYSA-N,True,,True,,Completed
1227,PRUWEZPTRAKXLQ-UHFFFAOYSA-N,True,,True,,Completed
1228,PRZSXZWFJHEZBJ-UHFFFAOYSA-N,True,,True,,Completed
1229,PSDOGBDKRWOMIK-UHFFFAOYSA-N,True,,True,,Completed
1230,PTGLBPUUXBDPBG-UHFFFAOYSA-N,True,,True,,Completed
1231,PUBDIGIICIUOBQ-NWDGAFQWSA-N,True,,True,,Completed
1232,PUQPISAECVJMHV-UHFFFAOYSA-N,True,,True,,Completed
1233,PUWYYRSVRUBXLF-ZBFHGGJFSA-N,True,,True,,Completed
1234,PUXKEKPYASIYGT-FQEVSTJZSA-N,True,,True,,Completed
1235,PUXKEKPYASIYGT-HXUWFJFHSA-N,True,,True,,Completed
1236,PVCKGYNFGXACAQ-UHFFFAOYSA-N,True,,True,,Completed
1237,PVGISXUMPLSTOM-UHFFFAOYSA-N,False,size,True,,
1238,PVLOKYREDKFWTF-UHFFFAOYSA-N,True,,True,,Completed
1239,PVTKDXZNSUHUMO-UHFFFAOYSA-N,True,,True,,Completed
1240,PVWKJEMTFKKCDT-UHFFFAOYSA-N,True,,True,,Completed
1241,PVWYDIXRBUUPQE-UHFFFAOYSA-N,True,,True,,Completed
1242,PWYZHNQEKGCWRP-UHFFFAOYSA-N,True,,True,,Completed
1243,PXFUPQJFMDTOBX-UHFFFAOYSA-N,True,,True,,Completed
1244,PXJOCPODSAQBED-UHFFFAOYSA-N,True,,True,,Completed
1245,PXLNCBTUYNESDD-UHFFFAOYSA-N,False,size,True,,
1246,PXVCFDHPZYVHEG-GOSISDBHSA-N,True,,True,,Completed
1247,PXVCFDHPZYVHEG-SFHVURJKSA-N,True,,True,,Completed
1248,PZKWAHCUWGHBLH-UHFFFAOYSA-N,True,,True,,Completed
1249,QACIKAGZYYIWDY-UHFFFAOYSA-N,True,,True,,Completed
1250,QALGDBRHRSNPSF-UHFFFAOYSA-N,True,,True,,Completed
1251,QAOHRJLCWLORBL-UHFFFAOYSA-N,True,,True,,Completed
1252,QAQXTNHOYJTPGB-AWNIVKPZSA-N,True,,True,,Completed
1253,QBQOHKFVYIDSIJ-UHFFFAOYSA-N,True,,True,,MaxTransformsReached
1254,QCCNJYPQBCTGGP-UHFFFAOYSA-N,False,size,True,,
1255,QDQHFTSJJASKSA-UHFFFAOYSA-N,True,,True,,Completed
1256,QDTMPQOORBQFIG-UHFFFAOYSA-N,False,size,True,,
1257,QEASAEABBPXQEO-UHFFFAOYSA-N,True,,True,,Completed
1258,QENSBTHLGFPXQZ-ZTRAIXJASA-N,True,,True,,Completed
1259,QEYANDLEJXFZFA-UHFFFAOYSA-N,True,,True,,Completed
1260,QFLOEOVVFKHAFI-UHFFFAOYSA-N,True,,True,,Completed
1261,QFMIUUHQPLSESZ-UHFFFAOYSA-N,True,,True,,Completed
1262,QFUXJZMXUXQIIB-FVOQNFDRSA-N,True,,True,,Completed
1263,QFUXJZMXUXQIIB-FXBGSENESA-N,True,,True,,Completed
1264,QGBOALFDSLDKNK-AWEZNQCLSA-N,True,,True,,Completed
1265,QGGLESNNYLSYEA-UHFFFAOYSA-N,True,,True,,Completed
1266,QGYOSHFQLATNCO-CABCVRRESA-N,True,,True,,Completed
1267,QHCHMOFMVBOPSK-UHFFFAOYSA-N,False,size,True,,
1268,QHPKKGUGRGRSGA-UHFFFAOYSA-N,True,,True,,MaxTransformsReached
1269,QHRXZUMETMHYMU-UHFFFAOYSA-N,True,,True,,Completed
1270,QIGGJMQSVPHSJB-YRNVUSSQSA-N,True,,True,,Completed
1271,QILKZVWUDWYXAN-UHFFFAOYSA-N,True,,True,,Completed
1272,QIVDJZPAORKXAY-UHFFFAOYSA-N,True,,True,,Completed
1273,QJQJQFTXPSNLML-UHFFFAOYSA-N,True,,True,,Completed
1274,QJQNTDVPMQGHTO-UHFFFAOYSA-N,True,,True,,Completed
1275,QJQUGFBJWYPQMZ-UHFFFAOYSA-N,True,,True,,Completed
1276,QJWIKMKAGFNAJH-UHFFFAOYSA-N,True,,True,,Completed
1277,QKAVQJBBCRMGMX-UHFFFAOYSA-N,True,,True,,Completed
1278,QKKIWEILHCXECO-UHFFFAOYSA-N,True,,True,,Completed
1279,QKLPRGKIKLSPLY-UHFFFAOYSA-N,True,,True,,Completed
1280,QKSPSTLAHSVWOT-UHFFFAOYSA-N,True,,True,,Completed
1281,QKUXZFIUKOCULS-UHFFFAOYSA-N,True,,True,,Completed
1282,QKVOBTHWPHZLET-UHFFFAOYSA-N,True,,True,,Completed
1283,QLWFPXXGZGCHFQ-UHFFFAOYSA-N,True,,True,,Completed
1284,QMRCPJWGPKSHGQ-OQLLNIDSSA-N,True,,True,,Completed
1285,QMYLLJCZMCNDNK-UHFFFAOYSA-N,True,,True,,Completed
1286,QNABDSWBQJKBHK-UHFFFAOYSA-N,True,,True,,Completed
1287,QNFNNVQKMNFIAM-UHFFFAOYSA-N,True,,True,,Completed
1288,QNIZBMDMEQUCHR-UHFFFAOYSA-N,True,,True,,Completed
1289,QNJAKUMXJFWQOG-UHFFFAOYSA-N,False,size,True,,
1290,QNWXRLPZIFMTBK-OMOCHNIRSA-N,True,,True,,Completed
1291,QNZSVEIPQWPBJO-UHFFFAOYSA-N,False,size,True,,
1292,QPFWOQDGUBRECV-UHFFFAOYSA-N,True,,True,,Completed
1293,QPKLKELWAIIBCT-UHFFFAOYSA-N,True,,True,,Completed
1294,QPLDBIKDKDFDHK-UHFFFAOYSA-N,True,,True,,Completed
1295,QPSCTAMMABVQIH-KRWDZBQOSA-N,True,,True,,Completed
1296,QPSCTAMMABVQIH-QGZVFWFLSA-N,True,,True,,Completed
1297,QQILFGKZUJYXGS-UHFFFAOYSA-N,True,,True,,Completed
1298,QRFLQPASPZXMRX-BWFPZVSSSA-N,True,,True,,Completed
1299,QRVJVTAVMDZGBU-UHFFFAOYSA-N,True,,True,,Completed
1300,QRXILYGJPUNEPE-UHFFFAOYSA-N,True,,True,,Completed
1301,QSFLJKWUAIYKRN-UHFFFAOYSA-N,True,,True,,Completed
1302,QSGKPYRFWJINEH-UHFFFAOYSA-N,True,,True,,Completed
1303,QSQLSTWOUFBPKW-UHFFFAOYSA-N,True,,True,,Completed
1304,QTAXCQYCXMOZAD-IBGZPJMESA-N,True,,True,,Completed
1305,QTEXRPQBMDQPDE-UHFFFAOYSA-N,True,,True,,Completed
1306,QTFCKBFCXDAZIU-UHFFFAOYSA-N,True,,True,,Completed
1307,QTJTZEQEKPLJHY-UHFFFAOYSA-N,True,,True,,Completed
1308,QTLSVBHPZACPBO-KRWDZBQOSA-N,True,,True,,Completed
1309,QTMWRIBZHAYRNM-UHFFFAOYSA-N,True,,True,,Completed
1310,QTTGJROYRLDUFU-CYBMUJFWSA-N,True,,True,,Completed
1311,QTTLRBURMUNSGV-UHFFFAOYSA-N,True,,True,,Completed
1312,QTZUMCMRRPENJM-LJQANCHMSA-N,True,,True,,Completed
1313,QUSLQUWKRMPMAG-UHFFFAOYSA-N,True,,True,,Completed
1314,QVUJFGWIMPTAEH-UHFFFAOYSA-N,True,,True,,Completed
1315,QVUYUALKISODNR-UHFFFAOYSA-N,True,,True,,Completed
1316,QVWIVWPIJUYRRF-UHFFFAOYSA-N,False,size,True,,
1317,QXBRBWDRQIISAT-UHFFFAOYSA-N,True,,True,,Completed
1318,QXHYWPVNYRELDC-UHFFFAOYSA-N,True,,True,,Completed
1319,QYHOUFKSRXQWPG-NSCUHMNNSA-N,True,,True,,Completed
1320,QYNHHEWCMHMCIH-UHFFFAOYSA-N,True,,True,,Completed
1321,QYPPYGDPSPCIPP-UHFFFAOYSA-N,True,,True,,Completed
1322,QYSWLINIQVNEDI-SFHVURJKSA-N,True,,True,,Completed
1323,QZQGXMDLWJNGQH-JCNLHEQBSA-N,True,,True,,Completed
1324,QZYYANMOAVILCF-UHFFFAOYSA-N,True,,True,,Completed
1325,QZZHYZMBAUORBR-UHFFFAOYSA-N,True,,True,,Completed
1326,RACWEUJOKLUZLV-UHFFFAOYSA-N,True,,True,,Completed
1327,RADMAAOUVWABJD-OWOJBTEDSA-N,True,,True,,Completed
1328,RAIPOUVWZMOUJL-UHFFFAOYSA-N,True,,True,,Completed
1329,RAKYKJWUUUKCCW-ZJEXCSKESA-N,True,,True,,Completed
1330,RAPHAQZUOBFENV-UHFFFAOYSA-N,True,,True,,Completed
1331,RASWQTYRURGDRW-IBGZPJMESA-N,True,,True,,Completed
1332,RAUORSGJEKKDRM-UHFFFAOYSA-N,True,,True,,Completed
1333,RAXZSEGXMBWYQK-SNVBAGLBSA-N,True,,True,,Completed
1334,RBARWKMXQSXULQ-XUTJKUGGSA-N,True,,True,,Completed
1335,RBFPHINFSBMIFN-UHFFFAOYSA-N,False,size,True,,
1336,RBIXMEJKIVHVPF-UHFFFAOYSA-N,True,,True,,Completed
1337,RCASSTFEWXEOHP-UHFFFAOYSA-N,True,,True,,Completed
1338,RCBOIPKMQXPOTA-UHFFFAOYSA-N,True,,True,,Completed
1339,RCNKCTKLWHVLHI-UHFFFAOYSA-N,True,,True,,Completed
1340,RDAXOPGNTONHMU-UHFFFAOYSA-N,True,,True,,Completed
1341,RDDWSKPOAYXHNU-UHFFFAOYSA-N,True,,True,,Completed
1342,RDLYLDRPPNVESE-UHFFFAOYSA-N,True,,True,,Completed
1343,RDQDBMHYRNUCMV-UHFFFAOYSA-N,True,,True,,Completed
1344,REFJWTPEDVJJIY-UHFFFAOYSA-N,True,,True,,MaxTransformsReached
1345,REKSFCCYDQMSIN-UHFFFAOYSA-N,True,,True,,Completed
1346,REWAULXFDBKSQO-UHFFFAOYSA-N,True,,True,,Completed
1347,REXVDVJGJLCSGU-ZDOIGZRISA-N,True,,True,,Completed
1348,RFSDQDHHBKYQOD-UHFFFAOYSA-N,True,,True,,Completed
1349,RGIIRDQMJISXTQ-UHFFFAOYSA-N,True,,True,,Completed
1350,RGIXMSXCHQWNPC-UHFFFAOYSA-N,True,,True,,Completed
1351,RGKJUXUCXBXHFO-OAQYLSRUSA-N,False,size,True,,
1352,RGVVHQNJKUNSFQ-WDZFZDKYSA-N,True,,True,,Completed
1353,RHWIDIZNQRAAIU-UHFFFAOYSA-N,False,size,True,,
1354,RHXHGRAEPCAFML-UHFFFAOYSA-N,True,,True,,Completed
1355,RHZYTLOZMHUSKU-UHFFFAOYSA-N,True,,True,,Completed
1356,RIFATCZEERAEMN-UHFFFAOYSA-N,True,,True,,Completed
1357,RIGZCVNCFXYBEG-UHFFFAOYSA-N,True,,True,,Completed
1358,RJESYXNLLLQOLH-UHFFFAOYSA-N,True,,True,,MaxTransformsReached
1359,RJVBVUWFYMRHRI-UHFFFAOYSA-N,True,,True,,Completed
1360,RJXWGPDMMDILGJ-UHFFFAOYSA-N,True,,True,,Completed
1361,RKKBVXKJICHLRV-UHFFFAOYSA-N,False,size,True,,
1362,RKKHUCNMQPWUKF-UHFFFAOYSA-N,True,,True,,Completed
1363,RLAJOHAIIACFAM-UHFFFAOYSA-N,True,,True,,Completed
1364,RLSSWKHNBFFPTF-OALUTQOASA-N,True,,True,,Completed
1365,RLSSWKHNBFFPTF-RTBURBONSA-N,True,,True,,Completed
1366,RLVCFRZZHAKDOE-UHFFFAOYSA-N,True,,True,,Completed
1367,RMCUBSCEQXEGSP-UHFFFAOYSA-N,True,,True,,Completed
1368,RMHPTNZDIDOFNC-CJNGLKHVSA-N,True,,True,,Completed
1369,RMLDMCRTWNEELE-UHFFFAOYSA-N,True,,True,,Completed
1370,RMTMSYZHBIXLDA-UHFFFAOYSA-N,True,,True,,Completed
1371,RNDQOIVOIGWXEJ-UHFFFAOYSA-N,True,,True,,Completed
1372,RNEFKROUXLVXSI-UHFFFAOYSA-N,True,,True,,Completed
1373,RNFCTZWAYWPDNW-UHFFFAOYSA-N,True,,True,,Completed
1374,RNLFZYRGFMHTMW-UHFFFAOYSA-N,True,,True,,Completed
1375,RNNLZMUJWKWKMT-UHFFFAOYSA-N,True,,True,,Completed
1376,ROBBBICPCFFJRN-UHFFFAOYSA-N,True,,True,,Completed
1377,ROMAHJZEHBXJSU-UHFFFAOYSA-N,True,,True,,Completed
1378,RPAYUDDKBDJILL-ONEGZZNKSA-N,True,,True,,Completed
1379,RPIBISHYKGHEDG-SCELNBNSSA-N,False,size,False,size,
1380,RPJIMTALCNCQLV-UHFFFAOYSA-N,True,,True,,Completed
1381,RPUUVOATUZVRNA-HNKWHGCMSA-N,False,size,True,,
1382,RPWBLTVOOYNWFG-UHFFFAOYSA-N,True,,True,,Completed
1383,RQQPWZPNFCJSRC-UHFFFAOYSA-N,True,,True,,Completed
1384,RQXOBAMSPDGWSL-UHFFFAOYSA-N,True,,True,,Completed
1385,RQZBMIFWKSDKDP-UHFFFAOYSA-N,True,,True,,Completed
1386,RRHORVAOECWFPT-UHFFFAOYSA-N,False,size,False,size,
1387,RRQDXVLCGBXZKN-UHFFFAOYSA-N,True,,True,,Completed
1388,RSDHVIKBVVEOQN-UHFFFAOYSA-N,True,,True,,Completed
1389,RSNSGNZRUMHXAY-UHFFFAOYSA-N,False,size,True,,
1390,RSZBDSJQRIEBFQ-UHFFFAOYSA-N,True,,True,,Completed
1391,RTHKPHCVZVYDFN-UHFFFAOYSA-N,True,,True,,Completed
1392,RTRPLGDFQSRVPC-UHFFFAOYSA-N,False,size,True,,
1393,RUDUPLMEWHJYEC-UHFFFAOYSA-N,True,,True,,Completed
1394,RUKXABJVRPYOJF-UHFFFAOYSA-N,True,,True,,Completed
1395,RULLFMXSDPINFN-UHFFFAOYSA-N,True,,True,,Completed
1396,RUQPVADMLMMXDR-IBGZPJMESA-N,True,,True,,Completed
1397,RUTCIZOQGCWURK-UHFFFAOYSA-N,True,,True,,Completed
1398,RVBGHTGHDLQSCG-SNAWJCMRSA-N,True,,True,,Completed
1399,RVBOIHXTZQGXRV-UHFFFAOYSA-N,True,,True,,Completed
1400,RVONHYLJCYPGQH-JOCQHMNTSA-N,True,,True,,Completed
1401,RWFVTYXPQZEJCN-UHFFFAOYSA-N,True,,True,,Completed
1402,RWKMHYNDBBVNAX-UHFFFAOYSA-N,True,,True,,Completed
1403,RXPIWEJYJNBHBB-UHFFFAOYSA-N,True,,True,,Completed
1404,RXQXACYMRVINQU-UHFFFAOYSA-N,True,,True,,MaxTransformsReached
1405,RXZMYLDMFYNEIM-UHFFFAOYSA-N,True,,True,,Completed
1406,RYGAYBGVUQJRJA-UHFFFAOYSA-N,True,,True,,Completed
1407,RYHLQSVMWLBCJO-JWIMYKKASA-N,True,,True,,Completed
1408,RYPUWZOEFAAXRB-UHFFFAOYSA-N,True,,True,,Completed
1409,RYPZLFZFYMAFNB-UHFFFAOYSA-N,True,,True,,Completed
1410,RYQTYXLOEDUZBQ-TYUJQUHCSA-N,True,,True,,Completed
1411,RYUQDJFJKIZISW-UHFFFAOYSA-N,True,,True,,Completed
1412,RYUUEMRVNZONDM-UHFFFAOYSA-N,False,size,False,size,
1413,RZFJBSIAXYEPBX-UHFFFAOYSA-N,True,,True,,Completed
1414,RZFLNGLSNUTNMG-UHFFFAOYSA-N,True,,True,,Completed
1415,RZZXVVUNTHOTSQ-UHFFFAOYSA-N,True,,True,,Completed
1416,SAIXTBXXQWMWMW-UHFFFAOYSA-N,False,size,True,,
1417,SAKBODKHQMFEKY-UHFFFAOYSA-N,True,,True,,Completed
1418,SAKHMWHBWMDUMO-UHFFFAOYSA-N,True,,True,,Completed
1419,SALMKXDVOXFTFG-UHFFFAOYSA-N,False,size,True,,
1420,SBOSVLRBKPEZMQ-UHFFFAOYSA-N,True,,True,,Completed
1421,SCACHXWSWJBIHG-DZGCQCFKSA-N,True,,True,,Completed
1422,SCACHXWSWJBIHG-HIFRSBDPSA-N,True,,True,,Completed
1423,SCDIXZFAKXJIIG-UHFFFAOYSA-N,True,,True,,Completed
1424,SCIUSXXNEKMFGZ-VOTSOKGWSA-N,True,,True,,Completed
1425,SCJNYBYSTCRPAO-LXBQGUBHSA-N,False,size,True,,
1426,SDAWBLGFXWXOCC-UHFFFAOYSA-N,True,,True,,Completed
1427,SDGMMQJEGBDKJW-GFCCVEGCSA-N,True,,True,,Completed
1428,SDUVOQLCGBPUHH-UHFFFAOYSA-N,True,,True,,Completed
1429,SDVAHCXGDGYWFA-UHFFFAOYSA-N,True,,True,,Completed
1430,SEAAQBDCEFFTFY-UHFFFAOYSA-N,True,,True,,Completed
1431,SEFQVFHHLQCVHJ-UHFFFAOYSA-N,True,,True,,Completed
1432,SEKBBOWCTFTKRL-UHFFFAOYSA-N,True,,True,,Completed
1433,SELYMTMAYFSILA-UHFFFAOYSA-N,True,,True,,Completed
1434,SESXHBRHIPVWPS-UHFFFAOYSA-N,False,size,True,,
1435,SEVGOOROBLVJGK-UHFFFAOYSA-N,True,,True,,Completed
1436,SFQJTSXHVUPLIV-UHFFFAOYSA-N,True,,True,,Completed
1437,SGTZBEQVIHRDED-UHFFFAOYSA-N,True,,True,,Completed
1438,SHDGEOLPEYTGCG-FQEVSTJZSA-N,True,,True,,Completed
1439,SHKLUCMYFCYADL-ZHACJKMWSA-N,True,,True,,Completed
1440,SHYISNSHAFWMHQ-UHFFFAOYSA-N,True,,True,,Completed
1441,SICVBGDJQNMSDS-UHFFFAOYSA-N,True,,True,,Completed
1442,SIDFXEKFFOCXKK-UHFFFAOYSA-N,True,,True,,Completed
1443,SIJAJBIYANDPCR-UHFFFAOYSA-N,True,,True,,Completed
1444,SIMJTPTVYRLFAT-UHFFFAOYSA-N,True,,True,,Completed
1445,SJSDASQLMLBPML-UHFFFAOYSA-N,True,,True,,Completed
1446,SJXZTTFVVYAFTL-UHFFFAOYSA-N,True,,True,,Completed
1447,SLCCUCULKBLWSV-UHFFFAOYSA-N,True,,True,,Completed
1448,SLPSOQSJJLVJPX-SUMWQHHRSA-N,True,,True,,Completed
1449,SMJAMOAYGIVKRI-UHFFFAOYSA-N,True,,True,,Completed
1450,SMYIRTWZKCFRRG-UHFFFAOYSA-N,True,,True,,Completed
1451,SNHLUTGILRDGER-UHFFFAOYSA-N,True,,True,,Completed
1452,SNNGPRMPZIXZQE-UHFFFAOYSA-N,True,,True,,Completed
1453,SNTQCQYHQRHGKY-UHFFFAOYSA-N,True,,True,,Completed
1454,SOFBJAGASYHSSD-UHFFFAOYSA-N,True,,True,,Completed
1455,SOHOEERULHWXJB-UHFFFAOYSA-N,True,,True,,Completed
1456,SOKOQHNUYVVYND-UHFFFAOYSA-N,True,,True,,Completed
1457,SOSTXYOXUQYPHG-UHFFFAOYSA-N,True,,True,,Completed
1458,SOTHNRIRXPUQEZ-UHFFFAOYSA-N,True,,True,,Completed
1459,SPKWRLBKVPRPMT-UHFFFAOYSA-N,True,,True,,Completed
1460,SPOFFKVTLHJRNT-UHFFFAOYSA-N,True,,True,,Completed
1461,SQAZXWOTKSSCBZ-UHFFFAOYSA-N,True,,True,,Completed
1462,SQLOMAVYVXFQBS-UHFFFAOYSA-N,True,,True,,Completed
1463,SQUNOCMDMIQIQK-OAHLLOKOSA-N,True,,True,,Completed
1464,SQUNXPPTEPGMQR-HNNXBMFYSA-N,True,,True,,Completed
1465,SQUNXPPTEPGMQR-OAHLLOKOSA-N,True,,True,,Completed
1466,SRVJJZNXRMYPNY-UHFFFAOYSA-N,True,,True,,Completed
1467,SSIOYGMEKCPFAV-UHFFFAOYSA-N,True,,True,,Completed
1468,SSMMYRQDZBSVCY-JHJMLUEUSA-N,True,,True,,Completed
1469,SSMMYRQDZBSVCY-PXYINDEMSA-N,True,,True,,Completed
1470,SSMMYRQDZBSVCY-UHFFFAOYSA-N,True,,True,,Completed
1471,SSUYSUSCBUXMBR-VOTSOKGWSA-N,True,,True,,Completed
1472,SSVSKCKWUAPYHI-UHFFFAOYSA-N,True,,True,,Completed
1473,STJKLSZICWMZSS-HSALFYBXSA-N,True,,True,,Completed
1474,STJKLSZICWMZSS-ZCNNSNEGSA-N,True,,True,,Completed
1475,STUWLZLECDWAFU-UHFFFAOYSA-N,True,,True,,Completed
1476,SUBNLERWESOYMX-YRNVUSSQSA-N,True,,True,,Completed
1477,SUEYATVNHWMTSO-UHFFFAOYSA-N,True,,True,,Completed
1478,SUIVLXMKJVEBQK-UHFFFAOYSA-N,True,,True,,Completed
1479,SVCOVGATBWDHBS-UHFFFAOYSA-N,True,,True,,Completed
1480,SVDZAHIXXZVRSI-UHFFFAOYSA-N,True,,True,,Completed
1481,SVOFPTVACXACGU-SECBINFHSA-N,True,,True,,Completed
1482,SVSLKZGKLLNZJL-UHFFFAOYSA-N,True,,True,,Completed
1483,SVXDTIUTCGVODS-UHFFFAOYSA-N,True,,True,,Completed
1484,SWDWTTRSGVDCKP-UHFFFAOYSA-N,True,,True,,Completed
1485,SWHALWMKROAPPG-UHFFFAOYSA-N,True,,True,,Completed
1486,SWIJDJBVBQCVKN-UHFFFAOYSA-N,True,,True,,Completed
1487,SWKYFDMTGMTWDP-UHFFFAOYSA-N,True,,True,,Completed
1488,SWWXXPBMWZJWOL-SNAWJCMRSA-N,True,,True,,Completed
1489,SXJKXTZFHYHUNX-UHFFFAOYSA-N,True,,True,,Completed
1490,SXKFTXGXWMOOTG-UHFFFAOYSA-N,True,,True,,Completed
1491,SXMLFYVKHGTDIW-UHFFFAOYSA-N,True,,True,,Completed
1492,SXVVQLGGDQUNKQ-UHFFFAOYSA-N,False,size,True,,
1493,SXWPDFYGSHSGBS-UHFFFAOYSA-N,False,size,True,,
1494,SYGZEVSXMXZNJX-UHFFFAOYSA-N,True,,True,,Completed
1495,SYIMHFDDXYQQAG-UHFFFAOYSA-N,True,,True,,Completed
1496,SYLBCDWZFLYHIX-UHFFFAOYSA-N,True,,True,,Completed
1497,SYPGWQCWWXBNKA-HAQNSBGRSA-N,True,,True,,Completed
1498,SYQYDDZJODBESY-UHFFFAOYSA-N,True,,True,,Completed
1499,SZRKXCASACKTFU-UHFFFAOYSA-N,True,,True,,Completed
1500,SZRLOUJSZUQGCD-UHFFFAOYSA-N,True,,True,,Completed
1501,TUCLZQAUTAVVBA-UHFFFAOYSA-N,True,,True,,Completed
1502,TUSYHQBFGFIWOG-UHFFFAOYSA-N,True,,True,,Completed
1503,TVOSCVSFFYTFBC-KBPBESRZSA-N,True,,True,,Completed
1504,TVZCIMNGAOZHSH-UHFFFAOYSA-N,True,,True,,Completed
1505,TWAIYMKBHKNSRO-IBGZPJMESA-N,True,,True,,Completed
1506,TWAIYMKBHKNSRO-LJQANCHMSA-N,True,,True,,Completed
1507,TWBXLKWAYLBJOV-UHFFFAOYSA-N,True,,True,,Completed
1508,TWNUIDQVTSUXKY-UHFFFAOYSA-N,False,size,True,,
1509,TWRIPCVWWMPBCA-OWOJBTEDSA-N,True,,True,,Completed
1510,TWTKMJWAXOPXSX-UHFFFAOYSA-N,True,,True,,Completed
1511,TXYDVOWCSZIRIZ-UHFFFAOYSA-N,True,,True,,Completed
1512,TYQOIFDVJMCWNW-XOKHGSTOSA-N,True,,True,,Completed
1513,TYRDCYYKRYFRKP-UHFFFAOYSA-N,True,,True,,Completed
1514,TZPDLRQVOKYCOS-UHFFFAOYSA-N,True,,True,,Completed
1515,TZQUSNSHSLUEPS-KRWDZBQOSA-N,True,,True,,Completed
1516,TZQUSNSHSLUEPS-QGZVFWFLSA-N,True,,True,,Completed
1517,TZRMWSCRZQGAKI-UHFFFAOYSA-N,True,,True,,Completed
1518,TZWAPMQFRGZIFN-UHFFFAOYSA-N,True,,True,,Completed
1519,UAOIPNOTWOYAMU-UHFFFAOYSA-N,True,,True,,Completed
1520,UAXFZSPPERCTJU-UHFFFAOYSA-N,True,,True,,Completed
1521,UBHVSGGXYKHEIW-UHFFFAOYSA-N,True,,True,,Completed
1522,UBUCTCIBRLMJKZ-UHFFFAOYSA-N,True,,True,,Completed
1523,UBVYPGDWOQOPMK-UHFFFAOYSA-N,True,,True,,Completed
1524,UBZYDNRWJFPDPN-HDICACEKSA-N,True,,True,,Completed
1525,UCCQAENGEYATHZ-UHFFFAOYSA-N,True,,True,,Completed
1526,UCKVPBMWWJALAJ-UHFFFAOYSA-N,True,,True,,Completed
1527,UCLGCTLOEZZSLA-UHFFFAOYSA-N,True,,True,,Completed
1528,UCLLQNWKNKYTQR-UHFFFAOYSA-N,True,,True,,Completed
1529,UDDCMASGEGKOHK-WJDWOHSUSA-N,True,,True,,Completed
1530,UDIUKSLSDVCBFN-UHFFFAOYSA-N,True,,True,,Completed
1531,UDJDOFKOOAFZRH-ONEGZZNKSA-N,True,,True,,Completed
1532,UDJFNUQDJAQEGK-UHFFFAOYSA-N,True,,True,,Completed
1533,UDRMFMIAECLEDA-UHFFFAOYSA-N,True,,True,,Completed
1534,UDVYMPJUORTTMR-JOCQHMNTSA-N,True,,True,,Completed
1535,UEGPMXKTKCKXOK-UHFFFAOYSA-N,False,size,True,,
1536,UELYDGOOJPRWGF-MFOHZAOFSA-N,True,,True,,Completed
1537,UELYDGOOJPRWGF-SRQXXRKNSA-N,True,,True,,Completed
1538,UEVWXXZKXKDLKI-UHFFFAOYSA-N,True,,True,,Completed
1539,UEYQVGAFBVFHAU-UHFFFAOYSA-N,True,,True,,Completed
1540,UEZCXGAWLVJWFC-JNQZTWDXSA-N,True,,True,,Completed
1541,UFDJSBYUXKDYQJ-UHFFFAOYSA-N,True,,True,,Completed
1542,UFDKTUULSMNAME-GJZGRUSLSA-N,True,,True,,Completed
1543,UFLGJZHPDAVXQK-RMKNXTFCSA-N,True,,True,,Completed
1544,UFPJNNFZCVYLKA-GFCCVEGCSA-N,True,,True,,Completed
1545,UFTGPKOELOXALO-UHFFFAOYSA-N,True,,True,,Completed
1546,UGAJHTSPHACTLO-UHFFFAOYSA-N,True,,True,,Completed
1547,UGEGMLHKJYPRKJ-JLHYYAGUSA-N,True,,True,,Completed
1548,UGHABJRZQKZAHP-UHFFFAOYSA-N,False,size,True,,
1549,UGMXVKWXOFIULK-UHFFFAOYSA-N,True,,True,,Completed
1550,UHCCZPSJWZLRKI-UHFFFAOYSA-N,True,,True,,Completed
1551,UHCHLTQBLNUYRT-GFCCVEGCSA-N,True,,True,,Completed
1552,UHPKVNVPEONGAY-UHFFFAOYSA-N,True,,True,,Completed
1553,UIUYDZQKYIIPIT-AZOLZQDUSA-N,True,,True,,Completed
1554,UJHKKNOWOJMKCR-UHFFFAOYSA-N,True,,True,,Completed
1555,UJPGEXNKVDSXSC-UHFFFAOYSA-N,True,,True,,Completed
1556,UKDNMBIYQCJECP-UHFFFAOYSA-N,True,,True,,Completed
1557,UKNGIFKYRYBARW-UHFFFAOYSA-N,True,,True,,Completed
1558,UKXIKQXJARSCKC-KRWDZBQOSA-N,True,,True,,Completed
1559,ULGOPTXVFIQHMI-UHFFFAOYSA-N,True,,True,,Completed
1560,ULVQOPPBCYXVIF-UHFFFAOYSA-N,True,,True,,Completed
1561,UMBDWDIRLTVPBF-UHFFFAOYSA-N,True,,True,,Completed
1562,UMCVHHHRVMNEFN-UHFFFAOYSA-N,True,,True,,Completed
1563,UMHKPLNSKRNIJU-UHFFFAOYSA-N,True,,True,,Completed
1564,UMHPDYCYVZAGAH-UHFFFAOYSA-N,True,,True,,Completed
1565,UNSAZGGWYRHTHJ-UHFFFAOYSA-N,True,,True,,Completed
1566,UNUCZJRZFFSFFA-UHFFFAOYSA-N,False,size,True,,
1567,UODXTGBFBIFREQ-UHFFFAOYSA-N,True,,True,,Completed
1568,UOOGYXHQWUAUFW-UHFFFAOYSA-N,True,,True,,Completed
1569,UOQYPBAIFIZUMC-UHFFFAOYSA-N,True,,True,,Completed
1570,UOSAIBFGDGMQLI-UHFFFAOYSA-N,True,,True,,Completed
1571,UOVCGJXDGOGOCZ-UHFFFAOYSA-N,True,,True,,Completed
1572,UOXXHPOQLJPWNQ-UHFFFAOYSA-N,True,,True,,Completed
1573,UOZGSFYRTXKQQR-UHFFFAOYSA-N,True,,True,,Completed
1574,UPGFDOZGSFRYIS-UHFFFAOYSA-N,True,,True,,Completed
1575,UPPMBTMATLNYOX-UHFFFAOYSA-N,True,,True,,Completed
1576,UQAHWAQRLXARGK-FQEVSTJZSA-N,True,,True,,Completed
1577,UQDHAMQNTWHVFF-UHFFFAOYSA-N,True,,True,,Completed
1578,UQEPZHPATDPKPO-UHFFFAOYSA-N,True,,True,,Completed
1579,UQHMSIRKJLYDEJ-UHFFFAOYSA-N,True,,True,,Completed
1580,UQKMSJFNACXHSL-HNNXBMFYSA-N,True,,True,,Completed
1581,UQNCMHKLJYFMGT-UHFFFAOYSA-N,True,,True,,Completed
1582,UQPQASRVEMBDQW-UHFFFAOYSA-N,True,,True,,Completed
1583,USAKOZCUIYTREA-UHFFFAOYSA-N,True,,True,,Completed
1584,USDBEZRARXRGGK-WKILWMFISA-N,True,,True,,Completed
1585,UTDIUAOBXDHROL-UHFFFAOYSA-N,True,,True,,Completed
1586,UTGUSPCINACJKQ-UHFFFAOYSA-N,True,,True,,Completed
1587,UTHVZZKYYYMFGE-UHFFFAOYSA-N,True,,True,,Completed
1588,UTHWBIPHRYUJSU-UHFFFAOYSA-N,True,,True,,Completed
1589,UTSGUQQUFYMTLL-MGCOHNPYSA-N,True,,True,,Completed
1590,UUISESFNPSRBFN-UHFFFAOYSA-N,True,,True,,Completed
1591,UULNNXNBBBWXDG-SJLPKXTDSA-N,True,,True,,Completed
1592,UUPJXVBCBPIVKZ-ZGTCLIOFSA-N,True,,True,,Completed
1593,UVJHJIXYGIZLLF-UHFFFAOYSA-N,True,,True,,Completed
1594,UVKIWKFJDSCWJY-CHWSQXEVSA-N,True,,True,,Completed
1595,UVKYPTPDMYIXMG-UHFFFAOYSA-N,True,,True,,Completed
1596,UVMVCEDKKHGTIW-UHFFFAOYSA-N,True,,True,,Completed
1597,UVSZGHBPMOAFSS-UHFFFAOYSA-N,True,,True,,Completed
1598,UVVGSZJKQAELIC-UHFFFAOYSA-N,True,,True,,Completed
1599,UVWRLACHEXXROY-UHFFFAOYSA-N,True,,True,,Completed
1600,UWEHIBQNZMPNPF-UHFFFAOYSA-N,True,,True,,Completed
1601,UWMQPYVHFSVPRM-UHFFFAOYSA-N,True,,True,,Completed
1602,UWQKULXATKCNBV-UHFFFAOYSA-N,True,,True,,Completed
1603,UXGASSHBBXBLJM-UHFFFAOYSA-N,True,,True,,Completed
1604,UXNFEAZGNVZCSX-UHFFFAOYSA-N,True,,True,,Completed
1605,UYJJLRIXIZKXPQ-UHFFFAOYSA-N,True,,True,,Completed
1606,UYSFMAROJRGQCA-UHFFFAOYSA-N,True,,True,,Completed
1607,UZGLLJQDQDOFFE-INIZCTEOSA-N,True,,True,,Completed
1608,UZGLLJQDQDOFFE-MRXNPFEDSA-N,True,,True,,Completed
1609,UZUCFTPPULEGQO-UHFFFAOYSA-N,True,,True,,Completed
1610,UZVLKAPGUJAQCL-JTQLQIEISA-N,True,,True,,Completed
1611,UZWDCWONPYILKI-UHFFFAOYSA-N,True,,True,,Completed
1612,UZZGMJZTCZOSGC-UHFFFAOYSA-N,True,,True,,Completed
1613,VAFGRMAYAKICTQ-UHFFFAOYSA-N,True,,True,,Completed
1614,VAXXXDBEUYQWBN-UHFFFAOYSA-N,False,size,True,,
1615,VBDYHKNTTWQTJA-UHFFFAOYSA-N,True,,True,,Completed
1616,VBMXVRDJHWHIPX-UHFFFAOYSA-N,True,,True,,Completed
1617,VBVQRWCLJVUBMP-UHFFFAOYSA-N,True,,True,,Completed
1618,VBWQPLLCGUWXEE-UHFFFAOYSA-N,True,,True,,Completed
1619,VBYGXNURPHQSPG-MUUNZHRXSA-N,False,size,True,,
1620,VCNGTVPMEVKOFO-UHFFFAOYSA-N,True,,True,,Completed
1621,VCPXSBULBDYRLT-UHFFFAOYSA-N,True,,True,,Completed
1622,VDHLFJQYUMJVLC-HNNXBMFYSA-N,True,,True,,Completed
1623,VDTYYNPPVROBPA-UHFFFAOYSA-N,True,,True,,Completed
1624,VDWADUHIPOMAQX-UHFFFAOYSA-N,True,,True,,Completed
1625,VDXGLZJPQRGNLY-UHFFFAOYSA-N,True,,True,,Completed
1626,VEGGRTFDFMUBPD-ONEGZZNKSA-N,True,,True,,Completed
1627,VELBXKDYGYBFSC-UHFFFAOYSA-N,True,,True,,Completed
1628,VEMUNZLIOXAWMA-VQLJPOJZSA-N,True,,True,,Completed
1629,VERWOWGGCGHDQE-UHFFFAOYSA-N,True,,True,,Completed
1630,VESKGNRSKDNTQM-WKILWMFISA-N,True,,True,,Completed
1631,VFEDEOUBYBLDKN-AAFJCEBUSA-N,True,,True,,Completed
1632,VFEDEOUBYBLDKN-VYRBHSGPSA-N,True,,True,,Completed
1633,VFMSDTSKEUYQCV-HNNXBMFYSA-N,True,,True,,Completed
1634,VFUTVVZNBWJHDY-UHFFFAOYSA-N,True,,True,,Completed
1635,VHBHIENHYLRDFN-UHFFFAOYSA-N,True,,True,,Completed
1636,VIUGBRHEHAGOFV-HOTGVXAUSA-N,True,,True,,Completed
1637,VIVMZQHQZFAZLX-UHFFFAOYSA-N,True,,True,,Completed
1638,VKFYQLQUQJGLMV-UHFFFAOYSA-N,True,,True,,Completed
1639,VKGMPNUYYWDODX-UHFFFAOYSA-N,True,,True,,Completed
1640,VKKBPZYSVDKIKN-UHFFFAOYSA-N,True,,True,,Completed
1641,VKLOCUZCZFZGCR-JTQLQIEISA-N,True,,True,,Completed
1642,VKQFYXRYOWQEDG-VIFPVBQESA-N,True,,True,,Completed
1643,VKXBNFWRQLNUFV-IBGZPJMESA-N,True,,True,,Completed
1644,VLWZGXZKJHXLTL-UHFFFAOYSA-N,True,,True,,Completed
1645,VMZGYYCCAWUCHJ-UHFFFAOYSA-N,True,,True,,Completed
1646,VNAJSBPSKADKDA-UHFFFAOYSA-N,True,,True,,Completed
1647,VNDWQCSOSCCWIP-UHFFFAOYSA-N,True,,True,,Completed
1648,VNIUBQSCSHUUAR-UHFFFAOYSA-N,True,,True,,Completed
1649,VNVKSDCWJDOWNE-UHFFFAOYSA-N,True,,True,,MaxTransformsReached
1650,VOEASXDMGAGUCL-HDJSIYSDSA-N,True,,True,,Completed
1651,VORFQISDCVONQN-UHFFFAOYSA-N,True,,True,,Completed
1652,VOWVPWZVDZJMFQ-UHFFFAOYSA-N,True,,True,,Completed
1653,VOZSBSGPEIZDAJ-UHFFFAOYSA-N,True,,True,,Completed
1654,VPOGRVWIIVMWRI-UHFFFAOYSA-N,True,,True,,Completed
1655,VQAYFOJQHDLFNL-UHFFFAOYSA-N,True,,True,,Completed
1656,VQDFHMHLYSYRGJ-UHFFFAOYSA-N,True,,True,,Completed
1657,VQUQBABVYFSBGV-UHFFFAOYSA-N,True,,True,,Completed
1658,VQWBEJMNOVVXFG-UHFFFAOYSA-N,True,,True,,Completed
1659,VQZBANVBIFJMLH-UHFFFAOYSA-N,True,,True,,Completed
1660,VRAAFABYEISPSR-UHFFFAOYSA-N,True,,True,,Completed
1661,VRFZKJZXBCWGJM-GOSISDBHSA-N,True,,True,,Completed
1662,VRGDZVSBXVILRP-YPMHNXCESA-N,True,,True,,Completed
1663,VROOACNOMCZQDP-UHFFFAOYSA-N,True,,True,,Completed
1664,VRZQAXBLQMWLAF-UHFFFAOYSA-N,True,,True,,Completed
1665,VSDYUWIOYNTKSO-INIZCTEOSA-N,True,,True,,Completed
1666,VSEZBFXFRWVODC-UHFFFAOYSA-N,True,,True,,Completed
1667,VSTRBHWJZOVRDC-HHHXNRCGSA-N,True,,True,,Completed
1668,VSTRBHWJZOVRDC-MHZLTWQESA-N,True,,True,,Completed
1669,VSZKYBBLLRBZLS-UHFFFAOYSA-N,False,size,True,,
1670,VSZVMUGJWVQEOS-UHFFFAOYSA-N,True,,True,,Completed
1671,VTIDGQOQJUVQBS-UHFFFAOYSA-N,True,,True,,Completed
1672,VTLJOVYRGQXDDG-UHFFFAOYSA-N,True,,True,,Completed
1673,VUKGJVXJRDQYFA-UHFFFAOYSA-N,True,,True,,Completed
1674,VUKHUGGTAIUITQ-UHFFFAOYSA-N,True,,True,,Completed
1675,VVKMHTWFAUCCOD-UHFFFAOYSA-N,False,size,True,,
1676,VVOYROSONSLQQK-UHFFFAOYSA-N,True,,True,,Completed
1677,VVVCNCSCTHVHSD-UHFFFAOYSA-N,False,size,True,,
1678,VVVOXIMEZCMSSA-UHFFFAOYSA-N,True,,True,,Completed
1679,VWDQVVDIPMQNAP-UHFFFAOYSA-N,True,,True,,Completed
1680,VXBAJLGYBMTJCY-NSCUHMNNSA-N,True,,True,,Completed
1681,VXHHRUITLRQZFT-UHFFFAOYSA-N,True,,True,,Completed
1682,VXLAKHWYGRKCGI-UHFFFAOYSA-N,True,,True,,Completed
1683,VXXZEWXBMJSADU-UHFFFAOYSA-N,True,,True,,Completed
1684,VYKCLMALANGCDF-STQMWFEESA-N,True,,True,,Completed
1685,VYUIAGTXCYOIMK-UHFFFAOYSA-N,True,,True,,Completed
1686,VYYVSGBSHKYYPS-UHFFFAOYSA-N,True,,True,,Completed
1687,VZNOTQXWDLWJSQ-UHFFFAOYSA-N,True,,True,,Completed
1688,VZPLQNFSKCQLPB-UHFFFAOYSA-N,True,,True,,Completed
1689,VZQVEDSPJWSGNE-UHFFFAOYSA-N,False,size,True,,
1690,WAFHXBBZJZYUIJ-UHFFFAOYSA-N,True,,True,,Completed
1691,WAIWXFGIIWQVMF-UHFFFAOYSA-N,True,,True,,Completed
1692,WATZRHFPUUTHEW-UHFFFAOYSA-N,False,size,True,,
1693,WBPFBRSQEAARNO-UHFFFAOYSA-N,True,,True,,Completed
1694,WBSMIPAMAXNXFS-UHFFFAOYSA-N,True,,True,,Completed
1695,WBUZWMNIWAQICA-UHFFFAOYSA-N,True,,True,,Completed
1696,WCEJWHANTHYYCV-UHFFFAOYSA-N,True,,True,,Completed
1697,WCWKPLLIOVVNLB-UHFFFAOYSA-N,True,,True,,Completed
1698,WCWLSNGOKLMMBH-UHFFFAOYSA-N,True,,True,,Completed
1699,WDVFSNIVMZTNHY-UHFFFAOYSA-N,True,,True,,Completed
1700,WDZGPEAXLWZUHU-UHFFFAOYSA-N,False,size,False,size,
1701,WEIJWGUXTMLFKT-UHFFFAOYSA-N,True,,True,,Completed
1702,WEPVISFEMWVLFZ-UHFFFAOYSA-N,True,,True,,Completed
1703,WEZGTMJXSVLNML-UHFFFAOYSA-N,True,,True,,Completed
1704,WEZJDYISKHZTRE-UHFFFAOYSA-N,True,,True,,Completed
1705,WFBVMRMNIMMRCE-UHFFFAOYSA-N,True,,True,,Completed
1706,WFFGKDZTGGLZGQ-OWOJBTEDSA-N,True,,True,,Completed
1707,WFNUAOKMXUQUHV-QLWIJMGASA-N,True,,True,,Completed
1708,WFNUAOKMXUQUHV-TYUJQUHCSA-N,True,,True,,Completed
1709,WGVVIVGNBSSANI-UHFFFAOYSA-N,True,,True,,Completed
1710,WHDJEAZLMYPLGL-UHFFFAOYSA-N,True,,True,,Completed
1711,WHESKSKXFHVUOZ-UHFFFAOYSA-N,True,,True,,Completed
1712,WHHJYUVJNITNFN-UHFFFAOYSA-N,True,,True,,Completed
1713,WIAMCDYCLOMHKF-INIZCTEOSA-N,True,,True,,Completed
1714,WIAMCDYCLOMHKF-MRXNPFEDSA-N,True,,True,,Completed
1715,WIINVKDUAJXWIM-UHFFFAOYSA-N,True,,True,,Completed
1716,WIPVOTCWCILSOJ-UHFFFAOYSA-N,True,,True,,Completed
1717,WIXXOCCJPBPLGM-YVEFUNNKSA-N,True,,True,,Completed
1718,WJDGUKDMQOOHQB-UHFFFAOYSA-N,True,,True,,Completed
1719,WJOUGMPFYANZMI-INIZCTEOSA-N,True,,True,,Completed
1720,WJRRGYBTGDJBFX-UHFFFAOYSA-N,True,,True,,Completed
1721,WKBMRZDYCZPLFO-LJQANCHMSA-N,True,,True,,Completed
1722,WKJFXCUHHGQVFY-UHFFFAOYSA-N,False,size,True,,
1723,WLLPLBBZUNXTEC-UHFFFAOYSA-N,True,,True,,Completed
1724,WLZKCCYFHBISQS-UHFFFAOYSA-N,True,,True,,Completed
1725,WMDZRXZMGILJMX-UHFFFAOYSA-N,False,size,True,,
1726,WMEWCRUOYDVJLT-UHFFFAOYSA-N,True,,True,,Completed
1727,WMJDKJPJZVMOIF-UHFFFAOYSA-N,True,,True,,Completed
1728,WMUSBRFXXCFZTI-UHFFFAOYSA-N,True,,True,,Completed
1729,WMZYZYFPPQOFKY-UHFFFAOYSA-N,False,size,False,size,
1730,WNMRVXGHICLEOM-UHFFFAOYSA-N,True,,True,,Completed
1731,WOMGVWQLZBGOHL-UHFFFAOYSA-N,True,,True,,Completed
1732,WOQQURWNFMADML-UHFFFAOYSA-N,True,,True,,Completed
1733,WOTWXKACTZFRQE-UHFFFAOYSA-N,True,,True,,Completed
1734,WPMMQMUUPOYKSQ-UHFFFAOYSA-N,True,,True,,Completed
1735,WQCXLUNOPQPYFK-IBGZPJMESA-N,True,,True,,Completed
1736,WQCXLUNOPQPYFK-UHFFFAOYSA-N,True,,True,,Completed
1737,WQGCPJJNZKLUAU-UHFFFAOYSA-N,True,,True,,Completed
1738,WQGWDDDVZFFDIG-UHFFFAOYSA-N,False,size,False,size,
1739,WQKQYNIPTVKSRI-UHFFFAOYSA-N,True,,True,,Completed
1740,WQZCQSZZPWAGRX-OAHLLOKOSA-N,True,,True,,Completed
1741,WRNSLYRANAMPHH-UHFFFAOYSA-N,True,,True,,Completed
1742,WRQLOEJMGPUESY-UHFFFAOYSA-N,True,,True,,Completed
1743,WRSFTFVJTOOSMY-UHFFFAOYSA-N,True,,True,,Completed
1744,WRYQEGMCPJCDEP-UHFFFAOYSA-N,True,,True,,Completed
1745,WSNJGDJRGNRVDV-UHFFFAOYSA-N,True,,True,,Completed
1746,WTJMIUVUDTWXSC-UHFFFAOYSA-N,True,,True,,Completed
1747,WTNLCQZGISMWKP-UHFFFAOYSA-N,True,,True,,Completed
1748,WUBSWWREBHQMBO-UHFFFAOYSA-N,True,,True,,Completed
1749,WUFVFWHZRSJNAV-UHFFFAOYSA-N,True,,True,,Completed
1750,WUGJIPFLBOATGL-UHFFFAOYSA-N,True,,True,,Completed
1751,WUILNKCFCLNXOK-CFBAGHHKSA-N,True,,True,,Completed
1752,WVTQEDQHWYJROA-UHFFFAOYSA-N,True,,True,,Completed
1753,WVUDZDGNXHQQNC-UHFFFAOYSA-N,True,,True,,Completed
1754,WWAPUHXVVWFCFW-UHFFFAOYSA-N,True,,True,,Completed
1755,WWAYNSNYYIIADR-UHFFFAOYSA-N,True,,True,,Completed
1756,WWCTWZWHBBXROW-UHFFFAOYSA-N,True,,True,,Completed
1757,WWHNHBJMWMVKHQ-UHFFFAOYSA-N,True,,True,,Completed
1758,WWJLGEMPECUYJI-UHFFFAOYSA-N,True,,True,,Completed
1759,WWPOWSOSERGQKM-UHFFFAOYSA-N,False,size,True,,
1760,WWZIGIHYULFNFK-UHFFFAOYSA-N,True,,True,,Completed
1761,WXCBCOGGWQFFHG-UHFFFAOYSA-N,True,,True,,Completed
1762,WXFGSMZOKBRNIJ-RKWVHCRBSA-N,True,,True,,Completed
1763,WYEKJPYMYWLHSC-UHFFFAOYSA-N,True,,True,,Completed
1764,WYHMIZJZCQZTDC-UHFFFAOYSA-N,True,,True,,Completed
1765,WYUGQOIRDIKGIM-HDJSIYSDSA-N,True,,True,,Completed
1766,WYVKLTXZXWGGHJ-UHFFFAOYSA-N,True,,True,,Completed
1767,WYZOMYWEQQWFAG-UHFFFAOYSA-N,False,size,True,,
1768,WZOVTPHXONVIIJ-SFHVURJKSA-N,True,,True,,Completed
1769,WZYNLEWNDAIQEV-UHFFFAOYSA-N,True,,True,,Completed
1770,XAGNSTCBIXPKPO-UHFFFAOYSA-N,True,,True,,Completed
1771,XANUTEQSZWRXHI-UHFFFAOYSA-N,True,,True,,Completed
1772,XAOVCENYRWWHPR-UHFFFAOYSA-N,True,,True,,Completed
1773,XAOYRTHHGGFHKY-UHFFFAOYSA-N,True,,True,,Completed
1774,XCPITERAYNQRGL-UHFFFAOYSA-N,True,,True,,Completed
1775,XCYLMCOZDQCDRH-UHFFFAOYSA-N,True,,True,,Completed
1776,XDPKOVYWCYQSBM-UHFFFAOYSA-N,True,,True,,Completed
1777,XDSHGIGIKRXBCF-HOTGVXAUSA-N,False,size,True,,
1778,XEFTWEXMOFWWNB-UHFFFAOYSA-N,True,,True,,Completed
1779,XFDHKLXZOHVBQC-UHFFFAOYSA-N,True,,True,,Completed
1780,XFHXEJDPACITOO-UHFFFAOYSA-N,True,,True,,Completed
1781,XFNINEDWLFKZMH-UHFFFAOYSA-N,True,,True,,Completed
1782,XFOONFRMTLLSTQ-UHFFFAOYSA-N,True,,True,,Completed
1783,XGBQWTNNJKUZID-UHFFFAOYSA-N,True,,True,,Completed
1784,XGKULQQVQWCASY-UHFFFAOYSA-N,True,,True,,Completed
1785,XGMVZQXAYCWSTR-UHFFFAOYSA-N,True,,True,,Completed
1786,XHCXEGJOAXJLFH-UHFFFAOYSA-N,True,,True,,Completed
1787,XHEFDIBZLJXQHF-UHFFFAOYSA-N,True,,True,,Completed
1788,XHEQSRJCJTWWAH-UHFFFAOYSA-N,True,,True,,Completed
1789,XHJMMMPXTUEBMQ-UHFFFAOYSA-N,True,,True,,Completed
1790,XHMWJKANNMHUAS-UHFFFAOYSA-N,True,,True,,Completed
1791,XHPNYYOUZWOWNT-ATNAJCNCSA-N,True,,True,,Completed
1792,XHPNYYOUZWOWNT-PYUWXLGESA-N,True,,True,,Completed
1793,XHQBOSUFOHFXGZ-CYBMUJFWSA-N,True,,True,,Completed
1794,XHVBPBBATVRGNA-UHFFFAOYSA-N,True,,True,,Completed
1795,XHVVXSLELBPOBX-UHFFFAOYSA-N,True,,True,,Completed
1796,XIMWEYFXANOPPN-UHFFFAOYSA-N,False,size,True,,
1797,XIRBBABZYUQIMH-QFIPXVFZSA-N,True,,True,,Completed
1798,XIRPRIIMUGKGHD-UHFFFAOYSA-N,True,,True,,Completed
1799,XIVVCWMLPOQNDX-UHFFFAOYSA-N,True,,True,,Completed
1800,XIXCDPUONOFFOT-UHFFFAOYSA-N,True,,True,,Completed
1801,XJMUQSPFRGDRSM-UHFFFAOYSA-N,True,,True,,Completed
1802,XJQPUMGIUIXVMH-QEZCQBAUSA-N,True,,True,,Completed
1803,XJQPUMGIUIXVMH-XIVKRJNJSA-N,True,,True,,Completed
1804,XJYQXFOMCPXSMR-UHFFFAOYSA-N,True,,True,,Completed
1805,XJYUSNWXKXUGGH-OXQOHEQNSA-N,True,,True,,Completed
1806,XJYUSNWXKXUGGH-VTIXCXEBSA-N,True,,True,,Completed
1807,XJZGBIWHBPHGTM-UHFFFAOYSA-N,True,,True,,Completed
1808,XKDKTKPNGXUGSV-UHFFFAOYSA-N,True,,True,,Completed
1809,XKFTZKGMDDZMJI-UHFFFAOYSA-N,True,,True,,Completed
1810,XKPZMRRASYJBKC-KRWDZBQOSA-N,True,,True,,Completed
1811,XKPZMRRASYJBKC-QGZVFWFLSA-N,True,,True,,Completed
1812,XLFNLJYGUOLEJS-SFHVURJKSA-N,True,,True,,Completed
1813,XLGNAHMZWBLDIJ-UHFFFAOYSA-N,True,,True,,Completed
1814,XLKQEANBUUJYHI-BZSJEYESSA-N,True,,True,,Completed
1815,XLMDNKMMDBSPSJ-SFHVURJKSA-N,True,,True,,Completed
1816,XLSYZSRXVVCHLS-UHFFFAOYSA-N,False,size,True,,
1817,XLTFNNCXVBYBSX-UHFFFAOYSA-N,True,,True,,Completed
1818,XLZHLULRODUOPS-UHFFFAOYSA-N,False,size,True,,
1819,XMACWTIHZLGTLY-UHFFFAOYSA-N,True,,True,,Completed
1820,XMMSPSBDKCHHAF-FOCZCJQRSA-N,True,,True,,Completed
1821,XMQUZQUEHXAOEE-UHFFFAOYSA-N,True,,True,,Completed
1822,XNBFIYZPJDNHMB-UHFFFAOYSA-N,True,,True,,Completed
1823,XNKBKFNLOYVTSF-UHFFFAOYSA-N,True,,True,,Completed
1824,XNSBIDVYGUYMMI-UHFFFAOYSA-N,True,,True,,Completed
1825,XNTGSYBCSRJAPL-UHFFFAOYSA-N,True,,True,,Completed
1826,XOKMDOXIMWIBTG-UHFFFAOYSA-N,True,,True,,Completed
1827,XONAFDRMWJEXGF-UHFFFAOYSA-N,True,,True,,Completed
1828,XOTQSFMYDHXIOI-UHFFFAOYSA-N,True,,True,,Completed
1829,XOZQJBAUFVCEOP-UHFFFAOYSA-N,True,,True,,Completed
1830,XPBRJXPIAAHIDG-UHFFFAOYSA-N,True,,True,,Completed
1831,XPWCZMMPBBEBJG-UHFFFAOYSA-N,True,,True,,Completed
1832,XQCBTNFRVPULKC-UHFFFAOYSA-N,True,,True,,Completed
1833,XQJXNILPLUCHQG-UHFFFAOYSA-N,False,size,True,,
1834,XQKJVNGGVLHNLA-UHFFFAOYSA-N,True,,True,,Completed
1835,XQLINAVACFUFEH-UHFFFAOYSA-N,True,,True,,Completed
1836,XQYCTMGXRKRCSW-UHFFFAOYSA-N,True,,True,,Completed
1837,XQZSGOBAYDQIAM-UHFFFAOYSA-N,True,,True,,Completed
1838,XRMXIRZGNIFUDY-UHFFFAOYSA-N,True,,True,,Completed
1839,XRSQDHGAKCVALI-UHFFFAOYSA-N,True,,True,,Completed
1840,XSEZGKIQUGAAIC-UHFFFAOYSA-N,True,,True,,Completed
1841,XSHQBIXMLULFEV-UHFFFAOYSA-N,True,,True,,Completed
1842,XTSFMAFWRLGELC-UHFFFAOYSA-N,True,,True,,Completed
1843,XTSPZUAGERHHRG-UHFFFAOYSA-N,True,,True,,Completed
1844,XUCPNXUEDQNSTP-RDTXWAMCSA-N,True,,True,,Completed
1845,XUECOEIJYADXBH-UHFFFAOYSA-N,True,,True,,Completed
1846,XUELBKVSGYWSKD-UHFFFAOYSA-N,True,,True,,Completed
1847,XVBWTZHNQZHFHR-QGZVFWFLSA-N,True,,True,,Completed
1848,XVLIRDXMQGPGCW-UHFFFAOYSA-N,True,,True,,Completed
1849,XVLUNMSWJVTNRP-UHFFFAOYSA-N,True,,True,,Completed
1850,XVRFIUSGDOJQMI-UHFFFAOYSA-N,True,,True,,Completed
1851,XWQVQSXLXAXOPJ-NJDAHSKKSA-N,True,,True,,Completed
1852,XWRIZUXQGQPRHA-UHFFFAOYSA-N,True,,True,,Completed
1853,XWSWBBJOBJLNNN-UHFFFAOYSA-N,True,,True,,Completed
1854,XWWRLKIBRPJQJX-UHFFFAOYSA-N,True,,True,,Completed
1855,XXBMNYHUMYIUIC-UHFFFAOYSA-N,True,,True,,Completed
1856,XXGOOUIALHIZEV-UHFFFAOYSA-N,True,,True,,Completed
1857,XXLVWAXFJXMBMJ-UHFFFAOYSA-N,False,size,True,,
1858,XYDAVXLWFUQNSH-UHFFFAOYSA-N,True,,True,,Completed
1859,XYZIPKBTOPMPRH-UHFFFAOYSA-N,True,,True,,Completed
1860,XYZNJJAFIUQYLC-UHFFFAOYSA-N,True,,True,,Completed
1861,YAEMHJKFIIIULI-UHFFFAOYSA-N,True,,True,,Completed
1862,YAZNPWINUJRGSE-UHFFFAOYSA-N,True,,True,,Completed
1863,YBJHTHAFJHFCAF-UHFFFAOYSA-N,True,,True,,Completed
1864,YBKLJTXDSBEVRV-UHFFFAOYSA-N,True,,True,,Completed
1865,YBSJMSSCZQIUNY-UHFFFAOYSA-N,True,,True,,Completed
1866,YCQDQQRGBMNFGC-UHFFFAOYSA-N,False,size,True,,
1867,YCVGLKWJKIKVBI-MJGOQNOKSA-N,True,,True,,Completed
1868,YDAZSMGTKCIGJO-UHFFFAOYSA-N,True,,True,,Completed
1869,YDCTYUJPLMLUQI-UHFFFAOYSA-N,True,,True,,Completed
1870,YDELNSXADYPQGS-BKUYFWCQSA-N,True,,True,,Completed
1871,YDLIDSKVQPSYJF-UHFFFAOYSA-N,True,,True,,Completed
1872,YECDMWPRVSKSOX-UHFFFAOYSA-N,True,,True,,Completed
1873,YECNFOINGSEHDU-UHFFFAOYSA-N,True,,True,,Completed
1874,YEJVJNPGUUFGLZ-UHFFFAOYSA-N,True,,True,,Completed
1875,YEPIOFDLMGAKEX-UHFFFAOYSA-N,True,,True,,Completed
1876,YERVFCNDCWMBBO-UHFFFAOYSA-N,False,size,True,,
1877,YFAZVYJDWIMMBA-UHFFFAOYSA-N,True,,True,,MaxTransformsReached
1878,YFCGHMHGBHKLKH-OCCSQVGLSA-N,True,,True,,Completed
1879,YFIUABKREHXFIM-UHFFFAOYSA-N,True,,True,,Completed
1880,YFRIHUMUDOXHTG-UHFFFAOYSA-N,False,size,True,,
1881,YFXWYMXXKFMSOB-UHFFFAOYSA-N,True,,True,,Completed
1882,YGAYAOJKEATGGP-UHFFFAOYSA-N,True,,True,,Completed
1883,YGFOLYFTLSRURR-UHFFFAOYSA-N,True,,True,,Completed
1884,YGKBJTINUACXLA-UHFFFAOYSA-N,True,,True,,Completed
1885,YHTPDTJLAXLJAP-UHFFFAOYSA-N,True,,True,,Completed
1886,YHUQQZMBCQTEJM-NRFANRHFSA-N,True,,True,,Completed
1887,YHUQQZMBCQTEJM-OAQYLSRUSA-N,True,,True,,Completed
1888,YIOLMUUAQMURCL-UHFFFAOYSA-N,True,,True,,Completed
1889,YJAHDBYTVJLWQB-UHFFFAOYSA-N,True,,True,,Completed
1890,YJIHRITUIVWNPX-UHFFFAOYSA-N,True,,True,,Completed
1891,YKHVIOOOXXEIBK-UHFFFAOYSA-N,True,,True,,Completed
1892,YKVXFJUHOCXIAS-UHFFFAOYSA-N,True,,True,,Completed
1893,YLDHRDIOVUTLTI-UHFFFAOYSA-N,True,,True,,Completed
1894,YLFCUUAEVUYDPH-UHFFFAOYSA-N,True,,True,,Completed
1895,YLRRTJLWOJHWFB-UHFFFAOYSA-N,True,,True,,Completed
1896,YMBNZUUECWJCDF-HNNXBMFYSA-N,True,,True,,Completed
1897,YMFWMHNWDMYUDT-UHFFFAOYSA-N,True,,True,,Completed
1898,YNJJUSMMVIXAQM-UHFFFAOYSA-N,True,,True,,Completed
1899,YNZARLLQQVOHLU-UHFFFAOYSA-N,True,,True,,Completed
1900,YOFJPZPGHXWQJB-UHFFFAOYSA-N,True,,True,,Completed
1901,YOVNFNXUCOWYSG-UHFFFAOYSA-N,False,size,True,,
1902,YOWAPKICKYMWFY-UHFFFAOYSA-N,True,,True,,Completed
1903,YPJRHEKCFKOVRT-UHFFFAOYSA-N,True,,True,,Completed
1904,YPMOBRWHNOTUIL-UHFFFAOYSA-N,True,,True,,Completed
1905,YPRFZGADERCJFT-UHFFFAOYSA-N,True,,True,,Completed
1906,YQFCBJPXMPWMGS-UHFFFAOYSA-N,True,,True,,Completed
1907,YRMCFRAIIGMZRN-UHFFFAOYSA-N,True,,True,,Completed
1908,YRSCDRTXWYUNBB-UHFFFAOYSA-N,True,,True,,Completed
1909,YRUAMADPOZOPBF-ZDUSSCGKSA-N,True,,True,,Completed
1910,YRVHFKJCZJVYTE-UHFFFAOYSA-N,True,,True,,Completed
1911,YRZXUXSUYHXYHL-UHFFFAOYSA-N,True,,True,,Completed
1912,YSRIAKNKGZXFQD-UHFFFAOYSA-N,True,,True,,Completed
1913,YTPKEJXVUUNXRA-CYBMUJFWSA-N,True,,True,,Completed
1914,YTPKEJXVUUNXRA-ZDUSSCGKSA-N,True,,True,,Completed
1915,YTWUJKTZUCBCKZ-UHFFFAOYSA-N,True,,True,,Completed
1916,YTXYPBGFOFQODO-UHFFFAOYSA-N,False,size,True,,
1917,YUCANQKNMKNWJA-UHFFFAOYSA-N,True,,True,,Completed
1918,YUDFZFTYQHGUIE-UHFFFAOYSA-N,True,,True,,Completed
1919,YUFBUGUHCWVGCY-UHFFFAOYSA-N,True,,True,,Completed
1920,YWCPAMUOHSOOGH-UHFFFAOYSA-N,True,,True,,Completed
1921,YWFDRCJLBFJCBB-UHFFFAOYSA-N,False,size,True,,
1922,YWKHYOGNLAAFGK-AWKYBWMHSA-N,True,,True,,Completed
1923,YWUCEUICJFTKSJ-UHFFFAOYSA-N,True,,True,,Completed
1924,YXJHRAJQRBFYSF-UHFFFAOYSA-N,True,,True,,Completed
1925,YXVXFUBOIUONRY-UHFFFAOYSA-N,True,,True,,Completed
1926,YXXLSGQPJORXAM-UHFFFAOYSA-N,True,,True,,Completed
1927,YYWWXDBYEUYMKM-UHFFFAOYSA-N,False,size,True,,
1928,YZANFKNGZATACL-IBGZPJMESA-N,True,,True,,Completed
1929,YZCUMZWULWOUMD-UHFFFAOYSA-N,True,,True,,Completed
1930,YZDYJOYZOMZSAA-UHFFFAOYSA-N,True,,True,,Completed
1931,YZUCJGXJSJSVQK-STQMWFEESA-N,True,,True,,Completed
1932,YZVUSTSAIKJMLH-UHFFFAOYSA-N,True,,True,,Completed
1933,ZAFJPCZWYDCVJT-UHFFFAOYSA-N,True,,True,,Completed
1934,ZALAVZQOVAVODO-UHFFFAOYSA-N,True,,True,,Completed
1935,ZAPGHPQYYDYEQW-UHFFFAOYSA-N,True,,True,,Completed
1936,ZCAJFUVAZBCUQN-UHFFFAOYSA-N,True,,True,,Completed
1937,ZCMULLRERXYJLF-UHFFFAOYSA-N,True,,True,,Completed
1938,ZCRPPLDDHBLUES-UHFFFAOYSA-N,True,,True,,Completed
1939,ZCUPJNMFZQFHTK-YVLHZVERSA-N,True,,True,,Completed
1940,ZCWLZHSHBXLTNE-UHFFFAOYSA-N,True,,True,,Completed
1941,ZDXQLMBSNKHXCJ-HAQNSBGRSA-N,True,,True,,Completed
1942,ZEBJHCDQKLZHME-UHFFFAOYSA-N,True,,True,,Completed
1943,ZEBTXFXNRXGPKC-UHFFFAOYSA-N,False,size,True,,
1944,ZEOPSFAALLTZPL-UHFFFAOYSA-N,True,,True,,Completed
1945,ZERGASSJZLEYGD-UHFFFAOYSA-N,True,,True,,Completed
1946,ZFBKXLJPSOHGSJ-UHFFFAOYSA-N,True,,True,,Completed
1947,ZFFPZCADMXKXTH-UHFFFAOYSA-N,True,,True,,Completed
1948,ZFJLPIJNZJYZGU-QRVIBDJDSA-N,True,,True,,Completed
1949,ZFKGDYZACMFEDS-UHFFFAOYSA-N,True,,True,,Completed
1950,ZFKQQXLECNVLOF-OKILXGFUSA-N,True,,True,,Completed
1951,ZFKYLNGVYDRHQY-UHFFFAOYSA-N,True,,True,,Completed
1952,ZFQFDCSTGATGQP-UHFFFAOYSA-N,True,,True,,Completed
1953,ZFXSUJXETQKSKI-UHFFFAOYSA-N,False,size,True,,
1954,ZGOWDCNCCJWTOO-CQSZACIVSA-N,True,,True,,Completed
1955,ZHVGDOYWNSYNSU-UHFFFAOYSA-N,True,,True,,Completed
1956,ZHWJNEDXBUMFCE-UHFFFAOYSA-N,True,,True,,Completed
1957,ZHXNIYGJAOPMSO-UHFFFAOYSA-N,False,size,True,,
1958,ZICDFYRPBWSYAQ-UHFFFAOYSA-N,True,,True,,Completed
1959,ZJCKMANGHDJUQT-UHFFFAOYSA-N,True,,True,,Completed
1960,ZJJZCHNTRMUXMT-UHFFFAOYSA-N,True,,True,,Completed
1961,ZJSUFVUNHNCHCI-UHFFFAOYSA-N,False,size,True,,
1962,ZJVCNOOQHUYJRJ-AWEZNQCLSA-N,True,,True,,Completed
1963,ZJXAYHKSLDKUOY-UHFFFAOYSA-N,True,,True,,Completed
1964,ZKCUEAJARGYWOA-UHFFFAOYSA-N,True,,True,,Completed
1965,ZKDXRFMOHZVXSG-HNNXBMFYSA-N,True,,True,,Completed
1966,ZKGCHTUYVMLBSI-UHFFFAOYSA-N,True,,True,,Completed
1967,ZKOQFSUEYNBDLG-UHFFFAOYSA-N,True,,True,,Completed
1968,ZLRQBYKTDVAMPK-SNAWJCMRSA-N,True,,True,,Completed
1969,ZLUXKRIOOANRPI-UHFFFAOYSA-N,True,,True,,Completed
1970,ZMWYSLJBNJUCRK-UHFFFAOYSA-N,True,,True,,Completed
1971,ZMYUKKKHJVNBAM-UHFFFAOYSA-N,True,,True,,Completed
1972,ZNJIRQMCOQXGAV-UHFFFAOYSA-N,True,,True,,Completed
1973,ZNLCRBCFRLCIFE-UHFFFAOYSA-N,True,,True,,Completed
1974,ZNSLBWYTFVGWPI-UHFFFAOYSA-N,False,size,True,,
1975,ZNSULAZTNWFKEW-UHFFFAOYSA-N,True,,True,,Completed
1976,ZORUMGHLMKWRPP-UHFFFAOYSA-N,True,,True,,Completed
1977,ZOTNSCLLJKXGSD-UHFFFAOYSA-N,True,,True,,Completed
1978,ZPEMVEMJOPVLNU-UHFFFAOYSA-N,True,,True,,Completed
1979,ZPHUHTHDIXSANO-SHTZXODSSA-N,True,,True,,Completed
1980,ZPIDHGGDZDTVCL-UHFFFAOYSA-N,True,,True,,Completed
1981,ZPLZSKVVFXBZBN-UHFFFAOYSA-N,True,,True,,Completed
1982,ZPPIIWDAWGGQAA-UHFFFAOYSA-N,True,,True,,Completed
1983,ZPWUMOCCPBUNND-UHFFFAOYSA-N,True,,True,,Completed
1984,ZQCTWYIBQJNZCK-UHFFFAOYSA-N,False,size,True,,
1985,ZQFHOHAIVVOIJY-UHFFFAOYSA-N,True,,True,,Completed
1986,ZQNYFQLNCVPOKT-LJQANCHMSA-N,True,,True,,Completed
1987,ZQNYFQLNCVPOKT-UHFFFAOYSA-N,True,,True,,Completed
1988,ZQQBIGSVNNCTCR-IBGZPJMESA-N,True,,True,,Completed
1989,ZRKZVQWEOWMPPZ-UHFFFAOYSA-N,True,,True,,Completed
1990,ZSHLDYRMMYPQTP-YPMHNXCESA-N,True,,True,,Completed
1991,ZSNPHFWSNIDXSN-UHFFFAOYSA-N,False,size,True,,
1992,ZSPPFDDJLOSQKQ-UHFFFAOYSA-N,True,,True,,Completed
1993,ZTKKJFAJTKWNOE-UHFFFAOYSA-N,True,,True,,Completed
1994,ZTODCSAQBQAGAF-UHFFFAOYSA-N,True,,True,,Completed
1995,ZTOMRPCAEDOVKA-UHFFFAOYSA-N,False,size,True,,
1996,ZTXZICVBZWFLGQ-UHFFFAOYSA-N,True,,True,,Completed
1997,ZUBSRRZQLYNLKF-SAABIXHNSA-N,True,,True,,Completed
1998,ZUOVZWHQGAJGQA-UHFFFAOYSA-N,False,size,True,,
1999,ZUZDKICRQXWQSH-UHFFFAOYSA-N,True,,True,,Completed
2000,ZVJCKKRUKYOZQC-KIYNQFGBSA-N,True,,True,,Completed
2001,ZVSBKYYVBCKDBO-UHFFFAOYSA-N,True,,True,,Completed
2002,ZVYXVPZGGHYOJL-UHFFFAOYSA-N,True,,True,,Completed
2003,ZWWTZNLYKPWLQS-IBGZPJMESA-N,True,,True,,Completed
2004,ZWWTZNLYKPWLQS-LJQANCHMSA-N,True,,True,,Completed
2005,ZXDDMQWKXGSSLJ-UHFFFAOYSA-N,True,,True,,Completed
2006,ZXJZXTATRONGHN-AULYBMBSSA-N,True,,True,,Completed
2007,ZXSYFAVSCAKWOK-UHFFFAOYSA-N,True,,True,,Completed
2008,ZXVMJYMFJTYFQL-UHFFFAOYSA-N,True,,True,,Completed
2009,ZXWDEAQOOQXIND-IRUYWQDXSA-N,True,,True,,Completed
2010,ZXYIRNXOAJYLCU-UHFFFAOYSA-N,True,,True,,Completed
2011,ZYONZFOMVOBYKS-UHFFFAOYSA-N,True,,True,,Completed
2012,ZYQLGVMUVCWJRA-UHFFFAOYSA-N,True,,True,,Completed
2013,ZYVXTMKTGDARKR-UHFFFAOYSA-N,True,,True,,Completed
2014,ZZHLJJZYXUQIBQ-UHFFFAOYSA-N,True,,True,,Completed
2015,ZZPQBANVXDRDLD-UHFFFAOYSA-N,True,,True,,Completed
