pose_id,record_position,smiles,parsed,status,pb_pass,n_failed,n_missing,failed_checks,missing_checks,mol_pred_loaded,mol_cond_loaded,sanitization,inchi_convertible,all_atoms_connected,no_radicals,bond_lengths,bond_angles,internal_steric_clash,aromatic_ring_flatness,non-aromatic_ring_non-flatness,double_bond_flatness,internal_energy,protein-ligand_maximum_distance,minimum_distance_to_protein,minimum_distance_to_organic_cofactors,minimum_distance_to_inorganic_cofactors,minimum_distance_to_waters,volume_overlap_with_protein,volume_overlap_with_organic_cofactors,volume_overlap_with_inorganic_cofactors,volume_overlap_with_waters
pose000000,0,CS(=O)(=O)Nc1ccc(-c2ccc(S(C)(=O)=O)cc2)cc1,True,pass,True,0,0,,,True,True,True,True,True,True,True,True,True,True,True,True,True,True,True,True,True,True,True,True,True,True
pose000001,1,O=C(Nc1ccccc1)C1CCN(Cc2ccccc2)CC1,True,pass,True,0,0,,,True,True,True,True,True,True,True,True,True,True,True,True,True,True,True,True,True,True,True,True,True,True
pose000002,2,N#Cc1cccc(Nc2nccc(-c3cnn4ncccc34)n2)c1,True,pass,True,0,0,,,True,True,True,True,True,True,True,True,True,True,True,True,True,True,True,True,True,True,True,True,True,True
pose000003,3,O=C(c1ccccc1)c1cccc(C(=O)N2CCCCC2)c1,True,pass,True,0,0,,,True,True,True,True,True,True,True,True,True,True,True,True,True,True,True,True,True,True,True,True,True,True
pose000004,4,Cc1ncc(-c2cc(NC(=O)C(C)C)ncc2F)n1C(C)C,True,pass,True,0,0,,,True,True,True,True,True,True,True,True,True,True,True,True,True,True,True,True,True,True,True,True,True,True
pose000005,5,O=C(c1cc(Cc2ccccc2)ccc1O)N1CCOCC1,True,pass,True,0,0,,,True,True,True,True,True,True,True,True,True,True,True,True,True,True,True,True,True,True,True,True,True,True
pose000006,6,O=C(Cc1cccc(F)c1)Nc1ccc(N2CCOCC2)cc1,True,pass,True,0,0,,,True,True,True,True,True,True,True,True,True,True,True,True,True,True,True,True,True,True,True,True,True,True
pose000007,7,CCN(CC)CCNC(=O)c1cccc(Nc2nccc(-c3cnn4ncccc34)n2)c1,True,pass,True,0,0,,,True,True,True,True,True,True,True,True,True,True,True,True,True,True,True,True,True,True,True,True,True,True
pose000008,8,Cc1ncc(-c2nc(NC3CCC3)ncc2F)n1C(C)C,True,pass,True,0,0,,,True,True,True,True,True,True,True,True,True,True,True,True,True,True,True,True,True,True,True,True,True,True
pose000009,9,C=CC(=CCNc1ncc(F)c(C2CCN(C)CC2)n1)CS(C)(=O)=NC(=O)OCC,True,pass,True,0,0,,,True,True,True,True,True,True,True,True,True,True,True,True,True,True,True,True,True,True,True,True,True,True
pose000010,10,CC(=O)Cc1ccc(Oc2ccc(S(N)(=O)=O)cc2)cc1,True,pass,True,0,0,,,True,True,True,True,True,True,True,True,True,True,True,True,True,True,True,True,True,True,True,True,True,True
pose000011,11,O=C(Nc1ccccc1)NC1CCN(c2ccccn2)CC1,True,pass,True,0,0,,,True,True,True,True,True,True,True,True,True,True,True,True,True,True,True,True,True,True,True,True,True,True
pose000012,12,C=C(C)[C@H](C)C[SH]=NC(=O)c1ccc(Nc2ncc(F)c(-c3cnc(C)n3C(C)C)n2)cc1,True,pass,True,0,0,,,True,True,True,True,True,True,True,True,True,True,True,True,True,True,True,True,True,True,True,True,True,True
pose000013,13,Cc1ncc(-c2nc(NCC3CC3)ncc2F)n1C(C)C,True,pass,True,0,0,,,True,True,True,True,True,True,True,True,True,True,True,True,True,True,True,True,True,True,True,True,True,True
pose000014,14,C[C@@H](O)[C@@H](C)Oc1nc(Nc2ccc(S(=O)(=O)C(F)(F)F)cc2)ncc1C(F)(F)F,True,pass,True,0,0,,,True,True,True,True,True,True,True,True,True,True,True,True,True,True,True,True,True,True,True,True,True,True
pose000015,15,Nc1nccc(-n2cc(-c3ccc(Cl)cc3)c3cnccc32)n1,True,pass,True,0,0,,,True,True,True,True,True,True,True,True,True,True,True,True,True,True,True,True,True,True,True,True,True,True
pose000016,16,CN1CCN(Nc2ncc3c(n2)-c2c(c(C(N)=O)nn2C)CC3)CC1,True,pass,True,0,0,,,True,True,True,True,True,True,True,True,True,True,True,True,True,True,True,True,True,True,True,True,True,True
pose000017,17,COC(=O)N(C)Cc1ccc(Cc2ccc(O)cc2)cc1,True,pass,True,0,0,,,True,True,True,True,True,True,True,True,True,True,True,True,True,True,True,True,True,True,True,True,True,True
pose000018,18,CNC(=O)c1ccc(NC(=O)c2cccc(C(=O)N(C)C)c2)cc1,True,pass,True,0,0,,,True,True,True,True,True,True,True,True,True,True,True,True,True,True,True,True,True,True,True,True,True,True
pose000019,19,COC(=O)CNON=CNC(=O)c1ccc2[nH]c(O)c(N=Nc3ccc(S(N)(=O)=O)cc3)c2c1,True,pass,True,0,0,,,True,True,True,True,True,True,True,True,True,True,True,True,True,True,True,True,True,True,True,True,True,True
pose000020,20,O=C(NC1CCCC1)c1ccc(-c2nccc(-c3c[nH]c4cnccc34)n2)cc1,True,pass,True,0,0,,,True,True,True,True,True,True,True,True,True,True,True,True,True,True,True,True,True,True,True,True,True,True
pose000021,21,NS(=O)(=O)c1ccc(N=NSC(=O)N=Nc2c(=O)[nH]c3ccc4[nH]cccc4c23)cc1,True,pass,True,0,0,,,True,True,True,True,True,True,True,True,True,True,True,True,True,True,True,True,True,True,True,True,True,True
pose000022,22,NS(=O)(=O)c1ccc(N=Nc2ccc(N=Nc3c(=O)[nH]c4ccc5[nH]cccc5c34)cc2)cc1,True,pass,True,0,0,,,True,True,True,True,True,True,True,True,True,True,True,True,True,True,True,True,True,True,True,True,True,True
pose000023,23,COc1cccc(N2CCCN(c3ccc(NC(C)=O)c(OC)c3)CC2)c1,True,pass,True,0,0,,,True,True,True,True,True,True,True,True,True,True,True,True,True,True,True,True,True,True,True,True,True,True
pose000024,24,CNC(=O)c1ccc(C(=O)c2c(Cl)cccc2Cl)cc1,True,pass,True,0,0,,,True,True,True,True,True,True,True,True,True,True,True,True,True,True,True,True,True,True,True,True,True,True
pose000025,25,Cc1cnc(Nc2ccc(OCC(O)CN(C)C)cc2)nc1Nc1ccccc1,True,pass,True,0,0,,,True,True,True,True,True,True,True,True,True,True,True,True,True,True,True,True,True,True,True,True,True,True
pose000026,26,Cc1ncc(-c2nc(-c3nc(Nc4ccc(C(=O)CO)c(F)c4)ncc3F)ncc2F)n1C(C)C,True,pass,True,0,0,,,True,True,True,True,True,True,True,True,True,True,True,True,True,True,True,True,True,True,True,True,True,True
pose000027,27,C=C(C)c1ccc(SC(=O)C(=O)c2ccc(Nc3ncc(F)c(-c4cnc(C)n4C(C)C)n3)cc2)cc1,True,pass,True,0,0,,,True,True,True,True,True,True,True,True,True,True,True,True,True,True,True,True,True,True,True,True,True,True
pose000028,28,CCNC(=O)N1CCNC(Nc2ncc(C#N)c(C3CCCCC3)n2)CC1,True,pass,True,0,0,,,True,True,True,True,True,True,True,True,True,True,True,True,True,True,True,True,True,True,True,True,True,True
pose000029,29,NC(=O)c1ccc(C(=O)Nc2ccc(C(=O)N3CCCC3)cc2)cc1,True,pass,True,0,0,,,True,True,True,True,True,True,True,True,True,True,True,True,True,True,True,True,True,True,True,True,True,True
pose000030,30,C[C@@H](O)[C@@H](C)Oc1nc(Nc2ccc(S(=N)(=O)O[C@H](C)[C@@H](C)O)cc2)ncc1C(F)(F)F,True,pass,True,0,0,,,True,True,True,True,True,True,True,True,True,True,True,True,True,True,True,True,True,True,True,True,True,True
pose000031,31,Cc1nc2c(F)cc(-c3nc(Nc4ccc5c(n4)CCN(C[C@@H](O)CN(C)C)C5)ncc3F)cc2n1C1CC1,True,pass,True,0,0,,,True,True,True,True,True,True,True,True,True,True,True,True,True,True,True,True,True,True,True,True,True,True
pose000032,32,Cc1cc(Oc2ccc(S(N)(=O)=O)cc2)ccc1C(C)C,True,pass,True,0,0,,,True,True,True,True,True,True,True,True,True,True,True,True,True,True,True,True,True,True,True,True,True,True
pose000033,33,CNC(=O)c1ccc(COc2ccc(C(=O)NC)cc2)cc1,True,pass,True,0,0,,,True,True,True,True,True,True,True,True,True,True,True,True,True,True,True,True,True,True,True,True,True,True
pose000034,34,O=C(CC1CC1)N1CCCc2cnc(Nc3ccc(Cl)cc3)nc2C1,True,pass,True,0,0,,,True,True,True,True,True,True,True,True,True,True,True,True,True,True,True,True,True,True,True,True,True,True
pose000035,35,CN1CCN(CCCCOc2c(OCc3ccc(C#N)cc3)cc(O)c3c(=O)cc(-c4ccccc4)oc23)CC1,True,pass,True,0,0,,,True,True,True,True,True,True,True,True,True,True,True,True,True,True,True,True,True,True,True,True,True,True
pose000036,36,CNC(=O)c1ccc(-c2ccc(N3CCOCC3)cc2)cc1,True,pass,True,0,0,,,True,True,True,True,True,True,True,True,True,True,True,True,True,True,True,True,True,True,True,True,True,True
pose000037,37,NC(=O)c1ccc(N2CCN(c3cccc(Cl)c3)CC2)cc1,True,pass,True,0,0,,,True,True,True,True,True,True,True,True,True,True,True,True,True,True,True,True,True,True,True,True,True,True
pose000038,38,NS(=O)(=O)c1ccc(N=Nc2c(O)[nH]c3cccc(N=Nc4cccc(O)c4)c23)cc1,True,pass,True,0,0,,,True,True,True,True,True,True,True,True,True,True,True,True,True,True,True,True,True,True,True,True,True,True
pose000039,39,C[SH]=C(C)SC(=O)c1ccc(-c2ccc(Nc3ncc(F)c(-c4cnc(C)n4C(C)C)n3)cc2)cc1,True,pass,True,0,0,,,True,True,True,True,True,True,True,True,True,True,True,True,True,True,True,True,True,True,True,True,True,True
pose000040,40,COc1ccc(Nc2ccc(N3CCOCC3)cc2)cc1Cl,True,pass,True,0,0,,,True,True,True,True,True,True,True,True,True,True,True,True,True,True,True,True,True,True,True,True,True,True
pose000041,41,CCC(C)(C)Nc1ncc2c(n1)-c1c(c(C(N)=O)nn1C)CSC2,True,pass,True,0,0,,,True,True,True,True,True,True,True,True,True,True,True,True,True,True,True,True,True,True,True,True,True,True
pose000042,42,CNC(=O)c1ccc(Nc2ccc(N3CCN(C(C)=O)CC3)cc2NC)cc1,True,pass,True,0,0,,,True,True,True,True,True,True,True,True,True,True,True,True,True,True,True,True,True,True,True,True,True,True
pose000043,43,C[C@@H](c1ccc(C(F)F)cc1)c1ccc(S(N)(=O)=O)cc1,True,pass,True,0,0,,,True,True,True,True,True,True,True,True,True,True,True,True,True,True,True,True,True,True,True,True,True,True
pose000044,44,CCNC(C)c1ccc(-c2ccc(S(N)(=O)=O)cc2)cc1,True,pass,True,0,0,,,True,True,True,True,True,True,True,True,True,True,True,True,True,True,True,True,True,True,True,True,True,True
pose000045,45,CS(=N)(=O)c1cccc(-c2cc(N3CCC(O)CC3)ccc2O)c1,True,pass,True,0,0,,,True,True,True,True,True,True,True,True,True,True,True,True,True,True,True,True,True,True,True,True,True,True
pose000046,46,Cc1ccccc1C(=O)Nc1ccc(S(C)(=O)=O)cc1,True,pass,True,0,0,,,True,True,True,True,True,True,True,True,True,True,True,True,True,True,True,True,True,True,True,True,True,True
pose000047,47,CC(C)(C)c1cccc(Nc2ccc(S(N)(=O)=O)cc2)c1,True,pass,True,0,0,,,True,True,True,True,True,True,True,True,True,True,True,True,True,True,True,True,True,True,True,True,True,True
pose000048,48,CC(=O)Nc1ccc(CNc2nc(NC3CCN(C)CC3)nc3c(C(C)C)cnn23)cc1,True,pass,True,0,0,,,True,True,True,True,True,True,True,True,True,True,True,True,True,True,True,True,True,True,True,True,True,True
pose000049,49,N=C1NC(=O)/C(=C/c2ccc(-c3ccc(S(N)(=O)=O)c(C(F)(F)F)c3)o2)S1,True,pass,True,0,0,,,True,True,True,True,True,True,True,True,True,True,True,True,True,True,True,True,True,True,True,True,True,True
pose000050,50,CN(C)C(=O)c1ccc(NC(=O)c2ccc(C(N)=O)cc2)cc1,True,pass,True,0,0,,,True,True,True,True,True,True,True,True,True,True,True,True,True,True,True,True,True,True,True,True,True,True
pose000051,51,CC(=O)Nc1cccc(CNc2nc(OS(N)(=O)=O)nc3c(C(C)C)cnn23)c1,True,pass,True,0,0,,,True,True,True,True,True,True,True,True,True,True,True,True,True,True,True,True,True,True,True,True,True,True
pose000052,52,CNc1ccc(-c2ccc(C3=CCN(C(C)=O)CCC3)cc2)cc1,True,pass,True,0,0,,,True,True,True,True,True,True,True,True,True,True,True,True,True,True,True,True,True,True,True,True,True,True
pose000053,53,CCCC(C)COc1nc(NC2CCN(C)C[C@@H]2O)nc2[nH]cnc12,True,pass,True,0,0,,,True,True,True,True,True,True,True,True,True,True,True,True,True,True,True,True,True,True,True,True,True,True
pose000054,54,CN(C)C(=O)c1ccc(F)c(Nc2c(F)cccc2F)c1,True,pass,True,0,0,,,True,True,True,True,True,True,True,True,True,True,True,True,True,True,True,True,True,True,True,True,True,True
pose000055,55,c1ccc(NCc2ccc(N3CCCNCC3)cc2)nc1,True,pass,True,0,0,,,True,True,True,True,True,True,True,True,True,True,True,True,True,True,True,True,True,True,True,True,True,True
pose000056,56,CN1CCN(c2ccc(Nc3ccc(Nc4ncc5c(n4)-c4c(c(C(N)=O)nn4C)CC5)cc3)cc2)CC1,True,pass,True,0,0,,,True,True,True,True,True,True,True,True,True,True,True,True,True,True,True,True,True,True,True,True,True,True
pose000057,57,CC(C)c1ccc(Nc2ncc3c(n2)-c2c(c(C(N)=O)nn2C)CC3)cc1,True,pass,True,0,0,,,True,True,True,True,True,True,True,True,True,True,True,True,True,True,True,True,True,True,True,True,True,True
pose000058,58,O=C(C1CC1)N1CCc2cnc(Nc3c(F)cccc3F)nc2C1,True,pass,True,0,0,,,True,True,True,True,True,True,True,True,True,True,True,True,True,True,True,True,True,True,True,True,True,True
pose000059,59,CN1CC=C(N2CCc3nc(Nc4ccc(N5CCCC[C@H]5CCO)cc4)ccc3C2)C1,True,pass,True,0,0,,,True,True,True,True,True,True,True,True,True,True,True,True,True,True,True,True,True,True,True,True,True,True
pose000060,60,NS(=O)(=O)c1ccc(N=Nc2c(O)[nH]c3ccc(S)c(-c4ccc(S(N)(=O)=O)cc4)c23)cc1,True,pass,True,0,0,,,True,True,True,True,True,True,True,True,True,True,True,True,True,True,True,True,True,True,True,True,True,True
pose000061,61,CC(C)C(=O)N1CCCc2cnc(NC3CCC3)nc2C1,True,pass,True,0,0,,,True,True,True,True,True,True,True,True,True,True,True,True,True,True,True,True,True,True,True,True,True,True
pose000062,62,Fc1ccc(Nc2cccc(N3CCOCC3)c2)cc1,True,pass,True,0,0,,,True,True,True,True,True,True,True,True,True,True,True,True,True,True,True,True,True,True,True,True,True,True
pose000063,63,CCc1cnn2c(NCc3ccc[n+]([O-])c3)cc(N3CCCCC[C@H]3CCO)nc12,True,pass,True,0,0,,,True,True,True,True,True,True,True,True,True,True,True,True,True,True,True,True,True,True,True,True,True,True
pose000064,64,CC(=O)Nc1ccc(C(C)C(=O)NCc2cccc3ccccc23)cc1,True,pass,True,0,0,,,True,True,True,True,True,True,True,True,True,True,True,True,True,True,True,True,True,True,True,True,True,True
pose000065,65,CC1NCC(C(=O)N2Cc3c(NC(=O)C(C)(C)C)n[nH]c3C2(C)C)C[C@H]1C,True,pass,True,0,0,,,True,True,True,True,True,True,True,True,True,True,True,True,True,True,True,True,True,True,True,True,True,True
pose000066,66,CC(c1ccc(OC(C)(C)C)cc1)c1ccc(S(N)(=O)=O)cc1,True,pass,True,0,0,,,True,True,True,True,True,True,True,True,True,True,True,True,True,True,True,True,True,True,True,True,True,True
pose000067,67,Cc1ncc(-c2nc(NC(=O)CNC(C)C)ncc2F)n1C(C)C,True,pass,True,0,0,,,True,True,True,True,True,True,True,True,True,True,True,True,True,True,True,True,True,True,True,True,True,True
pose000068,68,CCc1cnc(Nc2ncc3c(n2)-c2c(c(C(N)=O)nn2C)CC3)nc1Nc1ccccc1,True,pass,True,0,0,,,True,True,True,True,True,True,True,True,True,True,True,True,True,True,True,True,True,True,True,True,True,True
pose000069,69,NC(C(=O)Nc1cc(C2CC2)[nH]n1)c1ccccc1,True,pass,True,0,0,,,True,True,True,True,True,True,True,True,True,True,True,True,True,True,True,True,True,True,True,True,True,True
pose000070,70,Cc1ncc(-c2ccnc(Nc3ccnc(Sc4ccnc(Nc5ccc(C(N)=O)cc5)n4)n3)n2)n1C(C)C,True,pass,True,0,0,,,True,True,True,True,True,True,True,True,True,True,True,True,True,True,True,True,True,True,True,True,True,True
pose000071,71,CC(=Nc1ccc(S(N)(=O)=O)cc1)c1ccc2[nH]c(O)c(Cc3c(O)[nH]c4ccc(-c5cnco5)cc34)c2c1,True,pass,True,0,0,,,True,True,True,True,True,True,True,True,True,True,True,True,True,True,True,True,True,True,True,True,True,True
pose000072,72,CC(=O)Nc1ccc(-c2ccc(S(C)(=O)=O)cc2)cc1,True,pass,True,0,0,,,True,True,True,True,True,True,True,True,True,True,True,True,True,True,True,True,True,True,True,True,True,True
pose000073,73,CNC(=O)c1ccc(-c2ccc(CC(=O)O)cc2)cc1,True,pass,True,0,0,,,True,True,True,True,True,True,True,True,True,True,True,True,True,True,True,True,True,True,True,True,True,True
pose000074,74,CC(C)S(=O)(=O)c1ccc(Nc2ncc(C(F)(F)F)c(O[C@H](C)[C@@H](C)O)n2)cc1,True,pass,True,0,0,,,True,True,True,True,True,True,True,True,True,True,True,True,True,True,True,True,True,True,True,True,True,True
pose000075,75,COc1ccc(N2CCN(C(=O)c3ccccc3)CC2)cc1C,True,pass,True,0,0,,,True,True,True,True,True,True,True,True,True,True,True,True,True,True,True,True,True,True,True,True,True,True
pose000076,76,Cc1nc2c(F)cc(-c3nc(Nc4ncc5c(n4)CCN(C(=O)CN(C)C)C5)ncc3F)cc2n1C(C)C,True,pass,True,0,0,,,True,True,True,True,True,True,True,True,True,True,True,True,True,True,True,True,True,True,True,True,True,True
pose000077,77,Cc1cc(-c2ccc(S(N)(=O)=O)cc2)ccc1NC(C)C,True,fail,False,1,0,internal_energy,,True,True,True,True,True,True,True,True,True,True,True,True,False,True,True,True,True,True,True,True,True,True
pose000078,78,CN(C)CC(O)COc1ccc(Nc2ncc(Cl)c(Nc3ccccc3)n2)cc1,True,pass,True,0,0,,,True,True,True,True,True,True,True,True,True,True,True,True,True,True,True,True,True,True,True,True,True,True
pose000079,79,Cc1ncc(Nc2ccc(N3CCCN(C)CC3)c(F)c2)n1C(C)C,True,pass,True,0,0,,,True,True,True,True,True,True,True,True,True,True,True,True,True,True,True,True,True,True,True,True,True,True
pose000080,80,CC(C)OCc1nnc2sc(Cc3[nH]nc4[nH]c(=S)[nH]c(=S)c34)nn12,True,pass,True,0,0,,,True,True,True,True,True,True,True,True,True,True,True,True,True,True,True,True,True,True,True,True,True,True
pose000081,81,CN1CCN(C(=O)Nc2ccc(Cc3ccccc3)cn2)CC1,True,pass,True,0,0,,,True,True,True,True,True,True,True,True,True,True,True,True,True,True,True,True,True,True,True,True,True,True
pose000082,82,CC(C1CC1)n1cnc2c(NCc3cccc(C(F)(F)F)c3)nc(NCC(N)=O)nc21,True,pass,True,0,0,,,True,True,True,True,True,True,True,True,True,True,True,True,True,True,True,True,True,True,True,True,True,True
pose000083,83,O=C1Cc2c(-c3ccc[nH]3)cc(NCCO)c3c(F)ccc(c23)N1,True,pass,True,0,0,,,True,True,True,True,True,True,True,True,True,True,True,True,True,True,True,True,True,True,True,True,True,True
pose000084,84,C[C@@H](O)[C@@H](C)Oc1nc(Nc2ccc(S(=N)(=O)c3ccc(S(=N)(=O)[SH](=N)(N)O)cc3)cc2)ncc1C(F)(F)F,True,unevaluable,False,0,1,,internal_energy,True,True,True,True,True,True,True,True,True,True,True,True,,True,True,True,True,True,True,True,True,True
pose000085,85,O=C(c1ccccc1F)N1CCN(Nc2ccccc2)CC1,True,pass,True,0,0,,,True,True,True,True,True,True,True,True,True,True,True,True,True,True,True,True,True,True,True,True,True,True
pose000086,86,CN(C)C1CCN(c2ccc(Nc3ncc4cc5n(c4n3)C3(CCCCC3)CNC5=O)nn2)CC1,True,pass,True,0,0,,,True,True,True,True,True,True,True,True,True,True,True,True,True,True,True,True,True,True,True,True,True,True
pose000087,87,CC(=CC(=O)CC(=O)c1ccc(Nc2ncc(F)c(-c3cnc(C)n3C(C)C)n2)cc1)CN,True,pass,True,0,0,,,True,True,True,True,True,True,True,True,True,True,True,True,True,True,True,True,True,True,True,True,True,True
pose000088,88,COc1cc(N2CCN(C)CC2)ccc1Nc1cc(-c2c[nH]c3cnccc23)ncn1,True,pass,True,0,0,,,True,True,True,True,True,True,True,True,True,True,True,True,True,True,True,True,True,True,True,True,True,True
pose000089,89,CC(C)(C)C(=O)Nc1ccc(Nc2ncc3cc4n(c3n2)C2(CCCCC2)CNC4=O)nc1,True,pass,True,0,0,,,True,True,True,True,True,True,True,True,True,True,True,True,True,True,True,True,True,True,True,True,True,True
pose000090,90,CC[C@H](CO)Nc1nc(NCc2ccc(NC(=O)C3CCOCC3)cc2)n2ncc(C(C)C)c2n1,True,pass,True,0,0,,,True,True,True,True,True,True,True,True,True,True,True,True,True,True,True,True,True,True,True,True,True,True
pose000091,91,O=C1NCC2(CCCCC2)n2c1cc1cnc(NNc3ccccc3)nc12,True,pass,True,0,0,,,True,True,True,True,True,True,True,True,True,True,True,True,True,True,True,True,True,True,True,True,True,True
pose000092,92,COc1cc(F)ccc1-c1nc(Nc2cccc(C(N)=O)c2)ncc1F,True,pass,True,0,0,,,True,True,True,True,True,True,True,True,True,True,True,True,True,True,True,True,True,True,True,True,True,True
pose000093,93,CNC(=O)c1ccc(-c2ccc(N3CC=NCC3)cc2F)cc1,True,pass,True,0,0,,,True,True,True,True,True,True,True,True,True,True,True,True,True,True,True,True,True,True,True,True,True,True
pose000094,94,CNC(=O)Nc1ccc(-c2cc(-c3ccnc(-c4c(F)cccc4F)n3)cnn2)cc1,True,pass,True,0,0,,,True,True,True,True,True,True,True,True,True,True,True,True,True,True,True,True,True,True,True,True,True,True
pose000095,95,CNC(=O)c1ccc(C(=O)N2CCN(C3CC3)CC2)cc1,True,pass,True,0,0,,,True,True,True,True,True,True,True,True,True,True,True,True,True,True,True,True,True,True,True,True,True,True
pose000096,96,C=C(C)c1ccc(Nc2cc(OC)c(OC)c(OC)c2)nc1,True,pass,True,0,0,,,True,True,True,True,True,True,True,True,True,True,True,True,True,True,True,True,True,True,True,True,True,True
pose000097,97,CC(C)=Cc1cccc(-c2ccc(S(N)(=O)=O)cc2)c1,True,pass,True,0,0,,,True,True,True,True,True,True,True,True,True,True,True,True,True,True,True,True,True,True,True,True,True,True
pose000098,98,CC(C)c1ccc(C(=O)Nc2ccc(S(N)(=O)=O)cc2)cc1,True,pass,True,0,0,,,True,True,True,True,True,True,True,True,True,True,True,True,True,True,True,True,True,True,True,True,True,True
pose000099,99,C=CC(=O)Nc1ccc(S(=O)(=O)N2CCC[C@@H](Nc3ncc(SCc4ncc(C(C)(C)C)o4)s3)C2)cc1,True,pass,True,0,0,,,True,True,True,True,True,True,True,True,True,True,True,True,True,True,True,True,True,True,True,True,True,True
pose000100,100,CC(C)c1c2cc(-c3nc(Nc4ccc(N5CCNCC5)cn4)ncc3F)ccc2nn1C,True,pass,True,0,0,,,True,True,True,True,True,True,True,True,True,True,True,True,True,True,True,True,True,True,True,True,True,True
pose000101,101,CC(C)C(C)Cc1ccc(-c2ccc(S(N)(=O)=O)cc2)cc1,True,pass,True,0,0,,,True,True,True,True,True,True,True,True,True,True,True,True,True,True,True,True,True,True,True,True,True,True
pose000102,102,CN(C)C(=O)c1ccc(Nc2cccc(C(=O)N(C)C)c2)cc1,True,pass,True,0,0,,,True,True,True,True,True,True,True,True,True,True,True,True,True,True,True,True,True,True,True,True,True,True
pose000103,103,CN1CCC(c2ccc(NC(=O)c3ccc(F)cc3)cc2)CC1,True,pass,True,0,0,,,True,True,True,True,True,True,True,True,True,True,True,True,True,True,True,True,True,True,True,True,True,True
pose000104,104,Oc1ccc(-c2nc(Nc3cccc(Cl)c3)nc3[nH]cnc23)cc1,True,pass,True,0,0,,,True,True,True,True,True,True,True,True,True,True,True,True,True,True,True,True,True,True,True,True,True,True
pose000105,105,CCN(CC)C1CCN(C(=O)NC(=O)c2ccccc2C)CC1,True,fail,False,1,0,internal_energy,,True,True,True,True,True,True,True,True,True,True,True,True,False,True,True,True,True,True,True,True,True,True
pose000106,106,c1ccc2[nH]c(-c3cc[nH]n3)nc2c1,True,pass,True,0,0,,,True,True,True,True,True,True,True,True,True,True,True,True,True,True,True,True,True,True,True,True,True,True
pose000107,107,Fc1cc(N2CCCNCC2)ccc1COC1CCC1,True,pass,True,0,0,,,True,True,True,True,True,True,True,True,True,True,True,True,True,True,True,True,True,True,True,True,True,True
pose000108,108,Cc1ccc(F)c(NC(=O)CNC(=O)c2cc(C)ccc2F)c1,True,pass,True,0,0,,,True,True,True,True,True,True,True,True,True,True,True,True,True,True,True,True,True,True,True,True,True,True
pose000109,109,Cc1nc2c(F)cc(-c3nc(Nc4ccc5c(n4)CCN(CCS(C)(=O)=NC#N)C5)ncc3F)cc2n1C(C)C,True,pass,True,0,0,,,True,True,True,True,True,True,True,True,True,True,True,True,True,True,True,True,True,True,True,True,True,True
pose000110,110,C[C@@H]1CN(c2ccc(NC(=O)Nc3cc(C4CC4)[nH]n3)nc2)C[C@H](C)N1C[C@@H](C)O,True,pass,True,0,0,,,True,True,True,True,True,True,True,True,True,True,True,True,True,True,True,True,True,True,True,True,True,True
pose000111,111,CCOC(=O)n1cnc2c(NCc3cccc(O)c3)nc(NC(CO)C(C)C)nc21,True,pass,True,0,0,,,True,True,True,True,True,True,True,True,True,True,True,True,True,True,True,True,True,True,True,True,True,True
pose000112,112,O=C(Cc1ccc(N2CCC(O)CC2)cc1)c1ccccc1,True,pass,True,0,0,,,True,True,True,True,True,True,True,True,True,True,True,True,True,True,True,True,True,True,True,True,True,True
pose000113,113,CC1CCN(C(=O)N2CCC(Nc3nccc(-c4c[nH]c5ccccc45)n3)CC2)CC1,True,pass,True,0,0,,,True,True,True,True,True,True,True,True,True,True,True,True,True,True,True,True,True,True,True,True,True,True
pose000114,114,CN(C)c1ccc(N2CCN(C(=O)c3ccccc3)CC2)cc1,True,pass,True,0,0,,,True,True,True,True,True,True,True,True,True,True,True,True,True,True,True,True,True,True,True,True,True,True
pose000115,115,CC1CCN(C(=O)Nc2ccc3c(c2)c(C(=O)O)cn3C)CC1,True,pass,True,0,0,,,True,True,True,True,True,True,True,True,True,True,True,True,True,True,True,True,True,True,True,True,True,True
pose000116,116,NC(=O)c1ccc(Cc2ccccc2C(=O)N2CCCCCC2)cc1,True,pass,True,0,0,,,True,True,True,True,True,True,True,True,True,True,True,True,True,True,True,True,True,True,True,True,True,True
pose000117,117,CC(=O)Nc1c[nH]nc1-c1nc2ccccc2[nH]1,True,pass,True,0,0,,,True,True,True,True,True,True,True,True,True,True,True,True,True,True,True,True,True,True,True,True,True,True
pose000118,118,COc1cc(NC(=O)Cc2cccc(Cl)c2)cc(OC)c1OC,True,pass,True,0,0,,,True,True,True,True,True,True,True,True,True,True,True,True,True,True,True,True,True,True,True,True,True,True
pose000119,119,Clc1cccc(CNCc2cccc3c2ONCCC3)c1,True,pass,True,0,0,,,True,True,True,True,True,True,True,True,True,True,True,True,True,True,True,True,True,True,True,True,True,True
pose000120,120,COC(C(=O)N1Cc2[nH]nc(NC(=O)c3ccc(N4CCN(C)CC4)cc3)c2C1)c1cccc(C)c1,True,pass,True,0,0,,,True,True,True,True,True,True,True,True,True,True,True,True,True,True,True,True,True,True,True,True,True,True
pose000121,121,COCCNS(=O)(=O)c1ccc(-c2ccc(Nc3nccc(-c4cnc(C)n4C(C)C)n3)cc2)cc1,True,pass,True,0,0,,,True,True,True,True,True,True,True,True,True,True,True,True,True,True,True,True,True,True,True,True,True,True
pose000122,122,CC(CO)Sc1nc(Nc2ccc(S(C)(=N)=O)cc2)ncc1Br,True,pass,True,0,0,,,True,True,True,True,True,True,True,True,True,True,True,True,True,True,True,True,True,True,True,True,True,True
pose000123,123,C=C(C)c1ncc(F)c(-c2ccc(S(N)(=O)=O)cc2)n1,True,pass,True,0,0,,,True,True,True,True,True,True,True,True,True,True,True,True,True,True,True,True,True,True,True,True,True,True
pose000124,124,CCCCc1ccc(-c2ccc(S(N)(=O)=O)cc2)cc1,True,pass,True,0,0,,,True,True,True,True,True,True,True,True,True,True,True,True,True,True,True,True,True,True,True,True,True,True
pose000125,125,NS(=O)(=O)c1ccc(N=Cc2c(O)[nH]c3ccc(SF)c(CNc4ccc[nH]4)c23)cc1,True,pass,True,0,0,,,True,True,True,True,True,True,True,True,True,True,True,True,True,True,True,True,True,True,True,True,True,True
pose000126,126,OC[C@H]1CC[C@H](n2cnc3c(NCc4ccccc4)ncnc32)CC1,True,pass,True,0,0,,,True,True,True,True,True,True,True,True,True,True,True,True,True,True,True,True,True,True,True,True,True,True
pose000127,127,Cc1ncc(-c2nc(NC(=O)CCC(N)=O)ncc2F)n1C(C)C,True,pass,True,0,0,,,True,True,True,True,True,True,True,True,True,True,True,True,True,True,True,True,True,True,True,True,True,True
pose000128,128,CC(C)(C)c1cnc(C(=O)NCc2cccc(Cl)c2)o1,True,pass,True,0,0,,,True,True,True,True,True,True,True,True,True,True,True,True,True,True,True,True,True,True,True,True,True,True
pose000129,129,Cc1cc(S(N)(=O)=O)ccc1N1CCN(C(C)C)CC1,True,pass,True,0,0,,,True,True,True,True,True,True,True,True,True,True,True,True,True,True,True,True,True,True,True,True,True,True
pose000130,130,NS(=O)(=O)c1ccc(NNc2c(O)[nH]c3ccc(-c4ccc([N+](=O)[O-])cc4)cc23)cc1,True,pass,True,0,0,,,True,True,True,True,True,True,True,True,True,True,True,True,True,True,True,True,True,True,True,True,True,True
pose000131,131,Cc1ccc(CC(=O)NC2CCN(c3ccccc3)CC2)cc1,True,pass,True,0,0,,,True,True,True,True,True,True,True,True,True,True,True,True,True,True,True,True,True,True,True,True,True,True
pose000132,132,CC(=O)Nc1cccc(C(=O)N2CCN(Cc3ccc(O)cc3)CC2)c1,True,pass,True,0,0,,,True,True,True,True,True,True,True,True,True,True,True,True,True,True,True,True,True,True,True,True,True,True
pose000133,133,CC(C)C(=O)N1CCN(c2ccc(NC(=O)c3ccccc3)cc2)CC1,True,pass,True,0,0,,,True,True,True,True,True,True,True,True,True,True,True,True,True,True,True,True,True,True,True,True,True,True
pose000134,134,CN1CCCCN(c2ncnc3cc(Nc4ncc5c(n4)-c4c(c(C(N)=O)nn4C)CC5)ccc23)CC1,True,pass,True,0,0,,,True,True,True,True,True,True,True,True,True,True,True,True,True,True,True,True,True,True,True,True,True,True
pose000135,135,Cc1ncc(-c2ccnc(NC(C)C)n2)n1C1CCCC1,True,pass,True,0,0,,,True,True,True,True,True,True,True,True,True,True,True,True,True,True,True,True,True,True,True,True,True,True
pose000136,136,CCc1cnn2c(NCc3ccc[n+]([O-])c3)cc(C3CCCC[C@H]3CCCCO)nc12,True,pass,True,0,0,,,True,True,True,True,True,True,True,True,True,True,True,True,True,True,True,True,True,True,True,True,True,True
pose000137,137,CC(C)c1ccc(-c2ccc(S(N)(=O)=O)cc2)cc1F,True,pass,True,0,0,,,True,True,True,True,True,True,True,True,True,True,True,True,True,True,True,True,True,True,True,True,True,True
pose000138,138,CC(C)N1CCc2nc(-c3ccc(S(N)(=O)=O)cc3)ccc2C1,True,pass,True,0,0,,,True,True,True,True,True,True,True,True,True,True,True,True,True,True,True,True,True,True,True,True,True,True
pose000139,139,COc1cccc(C(=O)Nc2ccc(C3CCC3)cc2)c1,True,pass,True,0,0,,,True,True,True,True,True,True,True,True,True,True,True,True,True,True,True,True,True,True,True,True,True,True
pose000140,140,CS(=O)(=O)N1CCC(Nc2ncc(C(F)(F)F)c(-c3cnn(-c4ccc(C#N)cc4Cl)c3)n2)CC1,True,pass,True,0,0,,,True,True,True,True,True,True,True,True,True,True,True,True,True,True,True,True,True,True,True,True,True,True
pose000141,141,CC(C)C(=O)N1CCc2nc(-c3ccc(S(N)(=O)=O)cc3)ccc2C1,True,pass,True,0,0,,,True,True,True,True,True,True,True,True,True,True,True,True,True,True,True,True,True,True,True,True,True,True
pose000142,142,Nc1ccc2[nH]c(O)c(-c3ccc[nH]3)c2c1C=Nc1ccc(NNc2ccc(S(N)(=O)=O)cc2)cc1,True,pass,True,0,0,,,True,True,True,True,True,True,True,True,True,True,True,True,True,True,True,True,True,True,True,True,True,True
pose000143,143,COc1ccc2nc(N3CCN(C)CC3)nc(NC(C)(C)C)c2c1,True,pass,True,0,0,,,True,True,True,True,True,True,True,True,True,True,True,True,True,True,True,True,True,True,True,True,True,True
pose000144,144,COc1ccc(CN=Cc2c(=O)[nH]c(O)c3cccc(Br)c23)cc1O,True,pass,True,0,0,,,True,True,True,True,True,True,True,True,True,True,True,True,True,True,True,True,True,True,True,True,True,True
pose000145,145,Nc1ccc(N=Cc2c(=O)[nH]c3ccc4[nH]cccc4c23)cc1SC=NN=Nc1ccc(S(N)(=O)=O)cc1,True,pass,True,0,0,,,True,True,True,True,True,True,True,True,True,True,True,True,True,True,True,True,True,True,True,True,True,True
pose000146,146,C[SH]=C(C)CC(=O)CC(=O)c1ccc(Nc2ncc(F)c(-c3cnc(C)n3C(C)C)n2)cc1,True,pass,True,0,0,,,True,True,True,True,True,True,True,True,True,True,True,True,True,True,True,True,True,True,True,True,True,True
pose000147,147,O=C(c1ccc(Nc2ccc(Cl)cc2)cc1)N1CCOCC1,True,pass,True,0,0,,,True,True,True,True,True,True,True,True,True,True,True,True,True,True,True,True,True,True,True,True,True,True
pose000148,148,O=C(Nc1cccc(Cl)c1)c1ccc(N2CCOCC2)cc1,True,pass,True,0,0,,,True,True,True,True,True,True,True,True,True,True,True,True,True,True,True,True,True,True,True,True,True,True
pose000149,149,Cc1ccc(CN=Cc2c(=O)[nH]c(O)c3ccc(I)cc23)cc1O,True,pass,True,0,0,,,True,True,True,True,True,True,True,True,True,True,True,True,True,True,True,True,True,True,True,True,True,True
pose000150,150,COc1cc(F)ccc1-c1nc(Nc2ccccc2)ncc1F,True,pass,True,0,0,,,True,True,True,True,True,True,True,True,True,True,True,True,True,True,True,True,True,True,True,True,True,True
pose000151,151,Cn1nc(C(N)=O)c2c1-c1nc(Nc3ccc(SNc4ccccc4)cc3)ncc1CC2,True,pass,True,0,0,,,True,True,True,True,True,True,True,True,True,True,True,True,True,True,True,True,True,True,True,True,True,True
pose000152,152,CC(C)c1c2cc(-c3ccnc(N[C@H]4CC[C@H](NC5CCOCC5)CC4)n3)ccc2nn1C,True,pass,True,0,0,,,True,True,True,True,True,True,True,True,True,True,True,True,True,True,True,True,True,True,True,True,True,True
pose000153,153,CC(C)=Cc1cccc(CNc2ccc(S(N)(=O)=O)cc2)c1,True,pass,True,0,0,,,True,True,True,True,True,True,True,True,True,True,True,True,True,True,True,True,True,True,True,True,True,True
pose000154,154,C[C@@H](N)OS(=O)(=O)c1ccc(Nc2ncc(C(F)(F)F)c(O[C@@H](SC(F)(F)SF)[C@@H](C)O)n2)cc1,True,pass,True,0,0,,,True,True,True,True,True,True,True,True,True,True,True,True,True,True,True,True,True,True,True,True,True,True
pose000155,155,CC(C)(C)c1ccc(CCCc2ccc(S(N)(=O)=O)cc2)cc1,True,pass,True,0,0,,,True,True,True,True,True,True,True,True,True,True,True,True,True,True,True,True,True,True,True,True,True,True
pose000156,156,NS(=O)(=O)c1ccc(N=Cc2c(=O)[nH]c3ccc4[nH]cccc4c23)cc1,True,pass,True,0,0,,,True,True,True,True,True,True,True,True,True,True,True,True,True,True,True,True,True,True,True,True,True,True
pose000157,157,CC(C)S(=N)(=O)[C@@H](C)OS(=N)(=O)c1ccc(Nc2ncc(C(F)(F)F)c(O[C@H](C)[C@@H](C)O)n2)cc1,True,pass,True,0,0,,,True,True,True,True,True,True,True,True,True,True,True,True,True,True,True,True,True,True,True,True,True,True
pose000158,158,NS(=O)(=O)c1ccc(N=Nc2c(O)[nH]c3ccc(C(=O)NCc4cccnc4)cc23)cc1,True,pass,True,0,0,,,True,True,True,True,True,True,True,True,True,True,True,True,True,True,True,True,True,True,True,True,True,True
pose000159,159,COc1ccccc1-c1ccc(CN2CCCNCC2)c(CF)c1,True,pass,True,0,0,,,True,True,True,True,True,True,True,True,True,True,True,True,True,True,True,True,True,True,True,True,True,True
pose000160,160,c1cc(Nc2cccc(CN3CCCC3)n2)cc(N2CCCNCC2)c1,True,pass,True,0,0,,,True,True,True,True,True,True,True,True,True,True,True,True,True,True,True,True,True,True,True,True,True,True
pose000161,161,COc1cc(F)ccc1-c1ccnc(NC(=O)C2CCC(NC(C)=O)C2)c1,True,pass,True,0,0,,,True,True,True,True,True,True,True,True,True,True,True,True,True,True,True,True,True,True,True,True,True,True
pose000162,162,CC(=NCC(=O)c1ccc(Nc2ncc(F)c(-c3cnc(C)n3C(C)C)n2)cc1)SC(=O)CO,True,pass,True,0,0,,,True,True,True,True,True,True,True,True,True,True,True,True,True,True,True,True,True,True,True,True,True,True
pose000163,163,O=C(Nc1ccc(N2CCC(C3CCNCC3)CC2)cn1)c1c(Cl)cccc1Cl,True,pass,True,0,0,,,True,True,True,True,True,True,True,True,True,True,True,True,True,True,True,True,True,True,True,True,True,True
pose000164,164,C[C@@H](Oc1nc(Nc2ccc(S(=O)(=O)C(F)(F)F)cc2)ncc1C(F)(F)F)C(C)(O)O,True,pass,True,0,0,,,True,True,True,True,True,True,True,True,True,True,True,True,True,True,True,True,True,True,True,True,True,True
pose000165,165,CC(C)n1nnc2ccc(-c3ccnc(Nc4cc(C(=O)N5CCCC5)ccn4)c3)cc21,True,pass,True,0,0,,,True,True,True,True,True,True,True,True,True,True,True,True,True,True,True,True,True,True,True,True,True,True
pose000166,166,CC(=Nc1ccc(S(N)(=O)=O)cc1)c1ccc2[nH]c(O)c(C=Nc3cnco3)c2c1,True,pass,True,0,0,,,True,True,True,True,True,True,True,True,True,True,True,True,True,True,True,True,True,True,True,True,True,True
pose000167,167,C[C@@H](Oc1nc(Nc2ccc(S(N)(=O)=S)cc2)ncc1C(F)(F)F)C(C)(C)O,True,pass,True,0,0,,,True,True,True,True,True,True,True,True,True,True,True,True,True,True,True,True,True,True,True,True,True,True
pose000168,168,C[C@H]1CNCC(C(=O)Nc2ncc(OSCc3ncc(C(C)(C)C)o3)s2)C1,True,pass,True,0,0,,,True,True,True,True,True,True,True,True,True,True,True,True,True,True,True,True,True,True,True,True,True,True
pose000169,169,CN1CCN(Cc2ccc(N3CCCNCC3)cc2)CC1,True,pass,True,0,0,,,True,True,True,True,True,True,True,True,True,True,True,True,True,True,True,True,True,True,True,True,True,True
pose000170,170,CN(C)c1ccc(N2CCN(C(=O)c3cccc(C(=O)O)c3)CC2)cc1,True,pass,True,0,0,,,True,True,True,True,True,True,True,True,True,True,True,True,True,True,True,True,True,True,True,True,True,True
pose000171,171,Nc1nc(N)c(N=O)c(OCC2CCCCC2)n1,True,pass,True,0,0,,,True,True,True,True,True,True,True,True,True,True,True,True,True,True,True,True,True,True,True,True,True,True
pose000172,172,CCc1cnn2c(NCc3ccc[n+]([O-])c3)cc(N3CCCCC3CCO)nc12,True,pass,True,0,0,,,True,True,True,True,True,True,True,True,True,True,True,True,True,True,True,True,True,True,True,True,True,True
pose000173,173,CN1C/C=C/COCc2cncc(c2)-c2ccnc(n2)Nc2cccc(c2)C1,True,fail,False,3,0,bond_lengths|bond_angles|internal_energy,,True,True,True,True,True,True,False,False,True,True,True,True,False,True,True,True,True,True,True,True,True,True
pose000174,174,CC(C)Nc1ncc2c(n1)CN(C(=O)C(C)C)CCC2,True,pass,True,0,0,,,True,True,True,True,True,True,True,True,True,True,True,True,True,True,True,True,True,True,True,True,True,True
pose000175,175,CNC(=O)c1ccc(C(=O)c2ccc(OC)cc2)cc1,True,pass,True,0,0,,,True,True,True,True,True,True,True,True,True,True,True,True,True,True,True,True,True,True,True,True,True,True
pose000176,176,CCn1c(-c2ccnc(Nc3ccc(S(C)(=O)=O)cc3)n2)cnc1C,True,pass,True,0,0,,,True,True,True,True,True,True,True,True,True,True,True,True,True,True,True,True,True,True,True,True,True,True
pose000177,177,NS(=O)(=O)c1ccc(C(=O)Nc2ccccc2F)cc1,True,pass,True,0,0,,,True,True,True,True,True,True,True,True,True,True,True,True,True,True,True,True,True,True,True,True,True,True
pose000178,178,CC(=O)N1CCC(n2ncc(Nc3ncc(Cl)c(-c4cnc5ccccn45)n3)c2C)CC1,True,pass,True,0,0,,,True,True,True,True,True,True,True,True,True,True,True,True,True,True,True,True,True,True,True,True,True,True
pose000179,179,Cc1ncc(-c2ccnc(Nc3ccc(Nc4ccc(S(=O)(=O)[C@@H](C)O)cc4)cc3)n2)n1C(C)C,True,pass,True,0,0,,,True,True,True,True,True,True,True,True,True,True,True,True,True,True,True,True,True,True,True,True,True,True
pose000180,180,NS(=O)(=O)c1ccc(NNNNc2c(O)[nH]c3ccc(-c4ccc([N+](=O)[O-])cc4)cc23)cc1,True,pass,True,0,0,,,True,True,True,True,True,True,True,True,True,True,True,True,True,True,True,True,True,True,True,True,True,True
pose000181,181,CC(CN(C)C)N1CCc2nc(Nc3ncc(F)c(N[C@H]4CC[C@H](N)CC4)n3)ccc2C1,True,pass,True,0,0,,,True,True,True,True,True,True,True,True,True,True,True,True,True,True,True,True,True,True,True,True,True,True
pose000182,182,CC(=O)NCCc1ccc(NC(=O)c2ccccc2)cc1,True,pass,True,0,0,,,True,True,True,True,True,True,True,True,True,True,True,True,True,True,True,True,True,True,True,True,True,True
pose000183,183,COc1cc(CNC(=O)c2ncoc2-c2oc3ccccc3c(=O)c2O)ccn1,True,pass,True,0,0,,,True,True,True,True,True,True,True,True,True,True,True,True,True,True,True,True,True,True,True,True,True,True
pose000184,184,CN(C)S(=O)(=O)c1ccc(Nc2cc(N[C@H]3CC[C@H](N)CC3)nc3c(Cl)cnn23)cc1,True,pass,True,0,0,,,True,True,True,True,True,True,True,True,True,True,True,True,True,True,True,True,True,True,True,True,True,True
pose000185,185,O=C(Nc1ccc(N2CCNCC2)cc1)c1[nH]ncc1Nc1cc(Oc2ccccc2)ncn1,True,pass,True,0,0,,,True,True,True,True,True,True,True,True,True,True,True,True,True,True,True,True,True,True,True,True,True,True
pose000186,186,CC(C)CCc1ccc(-c2ccc(S(N)(=O)=O)cc2)cc1,True,pass,True,0,0,,,True,True,True,True,True,True,True,True,True,True,True,True,True,True,True,True,True,True,True,True,True,True
pose000187,187,NS(=O)(=O)c1ccc(-c2ccc(OC(F)(F)F)cc2)cc1,True,pass,True,0,0,,,True,True,True,True,True,True,True,True,True,True,True,True,True,True,True,True,True,True,True,True,True,True
pose000188,188,CN1CCNN([SH](Cl)C(O)c2ccc(Nc3ncc4c(n3)-c3c(c(C(N)=O)nn3C)CC4)cc2)CC1,True,pass,True,0,0,,,True,True,True,True,True,True,True,True,True,True,True,True,True,True,True,True,True,True,True,True,True,True
pose000189,189,Cc1ncc(-c2ccnc(Nc3ccc(N4CCOCC4)cc3)n2)n1C(C)C,True,pass,True,0,0,,,True,True,True,True,True,True,True,True,True,True,True,True,True,True,True,True,True,True,True,True,True,True
pose000190,190,CSCCc1c(Cc2ccc[nH]2)ccc2[nH]c(O)c(C=NC=Nc3ccc(S(N)(=O)=O)cc3)c12,True,pass,True,0,0,,,True,True,True,True,True,True,True,True,True,True,True,True,True,True,True,True,True,True,True,True,True,True
pose000191,191,O=C(NC1CCNCC1)c1[nH]ncc1-c1cnn2ncccc12,True,pass,True,0,0,,,True,True,True,True,True,True,True,True,True,True,True,True,True,True,True,True,True,True,True,True,True,True
pose000192,192,CC(C)(C)Cc1cccc(-c2ccc(S(N)(=O)=O)cc2)n1,True,pass,True,0,0,,,True,True,True,True,True,True,True,True,True,True,True,True,True,True,True,True,True,True,True,True,True,True
pose000193,193,COc1ccc2c(=O)[nH]c(O)c(C=NCc3ccc(OC)c(O)c3)c2c1,True,pass,True,0,0,,,True,True,True,True,True,True,True,True,True,True,True,True,True,True,True,True,True,True,True,True,True,True
pose000194,194,CC(C(=O)Nc1cc(C2CC2)[nH]n1)c1ccc(N2CCNC2=O)cc1,True,pass,True,0,0,,,True,True,True,True,True,True,True,True,True,True,True,True,True,True,True,True,True,True,True,True,True,True
pose000195,195,c1ccc(Nc2ccc(N3CCCNCC3)cc2)cc1,True,pass,True,0,0,,,True,True,True,True,True,True,True,True,True,True,True,True,True,True,True,True,True,True,True,True,True,True
pose000196,196,CC(C)c1ccc(CCCc2ccc(CC(=O)Nc3[nH]nc4ccc(N5CCCS5(=O)=O)cc34)cc2)cc1,True,pass,True,0,0,,,True,True,True,True,True,True,True,True,True,True,True,True,True,True,True,True,True,True,True,True,True,True
pose000197,197,Cn1cc(-c2cnc3c(-c4csc(C(=O)N[C@@H]5CCCC[C@@H]5N)c4)cnn3c2)cn1,True,pass,True,0,0,,,True,True,True,True,True,True,True,True,True,True,True,True,True,True,True,True,True,True,True,True,True,True
pose000198,198,CN1CCN(C(=O)Oc2ccc(Nc3ccccc3)nc2)CC1,True,pass,True,0,0,,,True,True,True,True,True,True,True,True,True,True,True,True,True,True,True,True,True,True,True,True,True,True
pose000199,199,CC(C)(C)c1ccc(-c2ccc(S(N)(=O)=O)cc2)cc1Br,True,pass,True,0,0,,,True,True,True,True,True,True,True,True,True,True,True,True,True,True,True,True,True,True,True,True,True,True
pose000200,200,O=C(Nc1ccc(C(=O)C2CC2)cc1)c1ccccc1,True,pass,True,0,0,,,True,True,True,True,True,True,True,True,True,True,True,True,True,True,True,True,True,True,True,True,True,True
pose000201,201,COc1cc2c(cc1F)C(c1ccccc1Cl)=Nc1c(C)n[nH]c1N2,True,pass,True,0,0,,,True,True,True,True,True,True,True,True,True,True,True,True,True,True,True,True,True,True,True,True,True,True
pose000202,202,Cc1ccccc1C(=O)NC(=O)Cc1ccc(N2CCN(C)CC2)cc1,True,pass,True,0,0,,,True,True,True,True,True,True,True,True,True,True,True,True,True,True,True,True,True,True,True,True,True,True
pose000203,203,CC(=O)c1ccc(NC(=O)c2cccc(N(C)C)c2)cc1,True,pass,True,0,0,,,True,True,True,True,True,True,True,True,True,True,True,True,True,True,True,True,True,True,True,True,True,True
pose000204,204,C[C@@H]([C@H]([C@@H](C)S(=O)(=O)c1ccc(Nc2ncc(C(F)(F)F)c(O[C@H](C)[C@@H](C)O)n2)cc1)C(F)(F)F)[C@@H](C)O,True,pass,True,0,0,,,True,True,True,True,True,True,True,True,True,True,True,True,True,True,True,True,True,True,True,True,True,True
pose000205,205,O=C(Nc1[nH]nc2nc(-c3ccc(O)cc3)ccc12)C1CC1,True,pass,True,0,0,,,True,True,True,True,True,True,True,True,True,True,True,True,True,True,True,True,True,True,True,True,True,True
pose000206,206,Cc1cnc(OC2CCCCC2)nc1-c1cnc(Nc2ccccn2)s1,True,pass,True,0,0,,,True,True,True,True,True,True,True,True,True,True,True,True,True,True,True,True,True,True,True,True,True,True
pose000207,207,CCN=Cc1c(O)[nH]c2ccc(C(=Nc3ccc(S(N)(=O)=O)cc3)Oc3cnco3)cc12,True,pass,True,0,0,,,True,True,True,True,True,True,True,True,True,True,True,True,True,True,True,True,True,True,True,True,True,True
pose000208,208,CS(=O)(=O)c1ccc(-c2ccc(S(N)(=O)=O)cc2)cc1,True,pass,True,0,0,,,True,True,True,True,True,True,True,True,True,True,True,True,True,True,True,True,True,True,True,True,True,True
pose000209,209,CC(=NC=NC(=Nc1ccc(S(N)(=O)=O)cc1)c1cnco1)c1c(O)[nH]c2ccc(-c3cnco3)cc12,True,pass,True,0,0,,,True,True,True,True,True,True,True,True,True,True,True,True,True,True,True,True,True,True,True,True,True,True
pose000210,210,CC(=O)NCCc1nc(Nc2ncc(F)c(NCN(C)C)n2)ccc1C,True,pass,True,0,0,,,True,True,True,True,True,True,True,True,True,True,True,True,True,True,True,True,True,True,True,True,True,True
pose000211,211,CC(=O)C(C)CCCSC(=O)CC(=O)c1ccc(Nc2ncc(F)c(-c3cnc(C)n3C(C)C)n2)cc1,True,pass,True,0,0,,,True,True,True,True,True,True,True,True,True,True,True,True,True,True,True,True,True,True,True,True,True,True
pose000212,212,O=C(CNC(=O)c1ccc(F)cc1)Nc1ccccc1,True,pass,True,0,0,,,True,True,True,True,True,True,True,True,True,True,True,True,True,True,True,True,True,True,True,True,True,True
pose000213,213,COc1ccc(C(=O)Nc2ccc(CN(C)C)cc2)cc1C,True,pass,True,0,0,,,True,True,True,True,True,True,True,True,True,True,True,True,True,True,True,True,True,True,True,True,True,True
pose000214,214,CC(C)=Cc1cccc2[nH]c(O)c(N=Nc3ccc(S(N)(=O)=O)cc3)c12,True,pass,True,0,0,,,True,True,True,True,True,True,True,True,True,True,True,True,True,True,True,True,True,True,True,True,True,True
pose000215,215,Cc1ncc(-c2nc(Nc3ccccc3)ncc2F)n1C(C)C,True,pass,True,0,0,,,True,True,True,True,True,True,True,True,True,True,True,True,True,True,True,True,True,True,True,True,True,True
pose000216,216,COc1ccc(Nc2nccc(-c3cnc(C)n3C(C)C)n2)cc1,True,pass,True,0,0,,,True,True,True,True,True,True,True,True,True,True,True,True,True,True,True,True,True,True,True,True,True,True
pose000217,217,Cc1ncc(-c2nc(Nc3ccc(C(=O)CC(=O)CCC(O)C[C@H](C)[C@H](C)O)cc3)ncc2F)n1C(C)C,True,pass,True,0,0,,,True,True,True,True,True,True,True,True,True,True,True,True,True,True,True,True,True,True,True,True,True,True
pose000218,218,O=C(Cc1ccc(F)cc1)Nc1ccc(N2CCOCC2)cc1,True,pass,True,0,0,,,True,True,True,True,True,True,True,True,True,True,True,True,True,True,True,True,True,True,True,True,True,True
pose000219,219,Cc1nc2c(F)cc(-c3nc(Nc4ccc5c(n4)CCN(C(=O)C(C)N(C)C)C5)ncc3F)cc2n1C(C)C,True,pass,True,0,0,,,True,True,True,True,True,True,True,True,True,True,True,True,True,True,True,True,True,True,True,True,True,True
pose000220,220,CC(=O)c1ccc(NC(=O)c2cccc(C(=O)N(C)C)c2)cc1,True,pass,True,0,0,,,True,True,True,True,True,True,True,True,True,True,True,True,True,True,True,True,True,True,True,True,True,True
pose000221,221,Cc1ccccc1CC(=O)NC(=O)c1ccc(N2CCCC2)cc1,True,pass,True,0,0,,,True,True,True,True,True,True,True,True,True,True,True,True,True,True,True,True,True,True,True,True,True,True
pose000222,222,CC(=O)Nc1ccc(Nc2ncc3c(n2)N([C@@H]2CCC[C@@]2(C)O)C(=O)C32CC2)cc1,True,pass,True,0,0,,,True,True,True,True,True,True,True,True,True,True,True,True,True,True,True,True,True,True,True,True,True,True
pose000223,223,CN(C)C(=O)c1ccc(Cc2cccc(C(=O)NC3CC3)c2)cc1,True,pass,True,0,0,,,True,True,True,True,True,True,True,True,True,True,True,True,True,True,True,True,True,True,True,True,True,True
pose000224,224,CC(=O)N1CCC(n2cc(Nc3ncc(Cl)c(-c4cnc5ccccn45)n3)cn2)CC1,True,pass,True,0,0,,,True,True,True,True,True,True,True,True,True,True,True,True,True,True,True,True,True,True,True,True,True,True
pose000225,225,CC(CN(C)C)N1CCc2nc(Nc3ncc(F)c(NC(=O)C4CC4)n3)ccc2C1,True,pass,True,0,0,,,True,True,True,True,True,True,True,True,True,True,True,True,True,True,True,True,True,True,True,True,True,True
pose000226,226,C[C@@H](O)[C@@H](C)Oc1nc(Nc2ccc(-c3ccc(S(=O)(=O)[C@@H](C)O)cc3)cc2)ncc1C(F)(F)F,True,pass,True,0,0,,,True,True,True,True,True,True,True,True,True,True,True,True,True,True,True,True,True,True,True,True,True,True
pose000227,227,CC=C(C)C(CSC(=O)C(=O)c1ccc(Nc2ncc(F)c(-c3cnc(C)n3C(C)C)n2)cc1)NC,True,pass,True,0,0,,,True,True,True,True,True,True,True,True,True,True,True,True,True,True,True,True,True,True,True,True,True,True
pose000228,228,C[C@@H](O)[C@@H](C)Oc1nc(Nc2ccc(S(=O)(=O)CCO)cc2)ncc1C(F)(F)F,True,pass,True,0,0,,,True,True,True,True,True,True,True,True,True,True,True,True,True,True,True,True,True,True,True,True,True,True
pose000229,229,CNc1nc2c(nc(-c3ccccc3)n2C)c2c1ncn2C,True,pass,True,0,0,,,True,True,True,True,True,True,True,True,True,True,True,True,True,True,True,True,True,True,True,True,True,True
pose000230,230,CCC(=O)Nc1ccc(CNc2nc(OC3CCN(C)CC3)nc3c(C(C)C)cnn23)cc1,True,pass,True,0,0,,,True,True,True,True,True,True,True,True,True,True,True,True,True,True,True,True,True,True,True,True,True,True
pose000231,231,CC(C)=Cc1ccc(-c2ccc(S(N)(=O)=O)cc2)cc1,True,pass,True,0,0,,,True,True,True,True,True,True,True,True,True,True,True,True,True,True,True,True,True,True,True,True,True,True
pose000232,232,CN(C)C(=O)Cc1ccc(C(=O)Nc2ccccc2)cc1F,True,pass,True,0,0,,,True,True,True,True,True,True,True,True,True,True,True,True,True,True,True,True,True,True,True,True,True,True
pose000233,233,CC[C@H](Nc1nc(Nc2ccccc2)c2ncn(C(C)C)c2n1)[C@@H](C)O,True,pass,True,0,0,,,True,True,True,True,True,True,True,True,True,True,True,True,True,True,True,True,True,True,True,True,True,True
pose000234,234,Cc1cc(Nc2ccc(S(N)(=O)=O)cc2)cc(S(C)(=O)=O)c1,True,pass,True,0,0,,,True,True,True,True,True,True,True,True,True,True,True,True,True,True,True,True,True,True,True,True,True,True
pose000235,235,Nc1ccc(NNc2c(S(N)(=O)=O)ccc3[nH]c(O)c(C=Nc4ccc(S(N)(=O)=O)cc4)c23)cc1,True,pass,True,0,0,,,True,True,True,True,True,True,True,True,True,True,True,True,True,True,True,True,True,True,True,True,True,True
pose000236,236,C=C(C)C(=O)C(=O)c1ccc(Nc2ncc(F)c(-c3ncc(F)c(-c4cnc(C)n4C(C)C)n3)n2)cc1,True,pass,True,0,0,,,True,True,True,True,True,True,True,True,True,True,True,True,True,True,True,True,True,True,True,True,True,True
pose000237,237,c1ccc(-c2ccc(CN3CCCNCC3)cc2)nc1,True,pass,True,0,0,,,True,True,True,True,True,True,True,True,True,True,True,True,True,True,True,True,True,True,True,True,True,True
pose000238,238,Cc1ncc(-c2nc(NC(=O)CC3CC3)ncc2F)n1C(C)C,True,pass,True,0,0,,,True,True,True,True,True,True,True,True,True,True,True,True,True,True,True,True,True,True,True,True,True,True
pose000239,239,CCOc1ccccc1-c1ccc(N2CCCNCC2)cc1Cl,True,pass,True,0,0,,,True,True,True,True,True,True,True,True,True,True,True,True,True,True,True,True,True,True,True,True,True,True
pose000240,240,CO[C@@H](O)Oc1nc(Nc2ccc(S(=O)(=O)[C@@H](C)[C@@H](C)O)cc2)ncc1C(F)(F)F,True,pass,True,0,0,,,True,True,True,True,True,True,True,True,True,True,True,True,True,True,True,True,True,True,True,True,True,True
pose000241,241,CN[C@@H]1C[C@H]2O[C@@](C)([C@@H]1OC)n1c3ccccc3c3c4c(c5c6ccccc6n2c5c31)C(=O)NC4,True,pass,True,0,0,,,True,True,True,True,True,True,True,True,True,True,True,True,True,True,True,True,True,True,True,True,True,True
pose000242,242,Cc1ncc(-c2nc(Nc3ccc(C(=O)N4CC[C@@H](N(C)C)C4)cc3)ncc2F)n1C(C)C,True,pass,True,0,0,,,True,True,True,True,True,True,True,True,True,True,True,True,True,True,True,True,True,True,True,True,True,True
pose000243,243,O=C(Nc1ccc(Cl)c(C(F)(F)F)c1)N1CCN(c2nnc(Cc3ccccc3)c3ccccc23)CC1,True,pass,True,0,0,,,True,True,True,True,True,True,True,True,True,True,True,True,True,True,True,True,True,True,True,True,True,True
pose000244,244,Cc1ccc(Nc2ncc3c(n2)CN(C(=O)C(C)C)CC3)cc1Cl,True,pass,True,0,0,,,True,True,True,True,True,True,True,True,True,True,True,True,True,True,True,True,True,True,True,True,True,True
pose000245,245,COc1cccc(OC)c1C(=S)c1c(N)nc2ccc(C(=O)c3c(F)cccc3F)cn12,True,pass,True,0,0,,,True,True,True,True,True,True,True,True,True,True,True,True,True,True,True,True,True,True,True,True,True,True
pose000246,246,CN1CCN(c2cc(NCc3cccnc3)n3nccc3n2)CC1,True,pass,True,0,0,,,True,True,True,True,True,True,True,True,True,True,True,True,True,True,True,True,True,True,True,True,True,True
pose000247,247,C[C@@H](Oc1nc(Nc2ccc(S(=O)(=O)[SH](N)(=O)S(N)(=O)=O)cc2)ncc1C(F)(F)F)C(C)(C)O,True,unevaluable,False,0,1,,internal_energy,True,True,True,True,True,True,True,True,True,True,True,True,,True,True,True,True,True,True,True,True,True
pose000248,248,CNc1nc2sc(-c3cccc(CNC(C)=O)c3)nc2c2c1ncn2C,True,pass,True,0,0,,,True,True,True,True,True,True,True,True,True,True,True,True,True,True,True,True,True,True,True,True,True,True
pose000249,249,Clc1ccc(N2CCc3cnc(NC4CCOCC4)nc3C2)cc1Cl,True,pass,True,0,0,,,True,True,True,True,True,True,True,True,True,True,True,True,True,True,True,True,True,True,True,True,True,True
pose000250,250,CC(C)(C)Nc1nccc(-c2ccc(S(N)(=O)=O)cc2)n1,True,pass,True,0,0,,,True,True,True,True,True,True,True,True,True,True,True,True,True,True,True,True,True,True,True,True,True,True
pose000251,251,CC(C)NC(=O)c1ccc(CN2CCN(C)CC2)cc1,True,pass,True,0,0,,,True,True,True,True,True,True,True,True,True,True,True,True,True,True,True,True,True,True,True,True,True,True
pose000252,252,C[C@@H](O)[C@@H](C)Oc1nc(Nc2ccc(Nc3ccc(S(=O)(=O)C(O)F)cc3)cc2)ncc1C(F)(F)F,True,pass,True,0,0,,,True,True,True,True,True,True,True,True,True,True,True,True,True,True,True,True,True,True,True,True,True,True
pose000253,253,Cc1ccccc1C(=O)NC(=O)Cc1cccc(F)c1,True,pass,True,0,0,,,True,True,True,True,True,True,True,True,True,True,True,True,True,True,True,True,True,True,True,True,True,True
pose000254,254,CN(C)N1CCc2nc(Nc3ncc(F)c(C4CCCC4)n3)ccc2C1,True,pass,True,0,0,,,True,True,True,True,True,True,True,True,True,True,True,True,True,True,True,True,True,True,True,True,True,True
pose000255,255,CCCS(=O)(=O)c1ccc(Nc2nccc(-c3cnc(C)n3C(C)C)n2)cc1,True,pass,True,0,0,,,True,True,True,True,True,True,True,True,True,True,True,True,True,True,True,True,True,True,True,True,True,True
pose000256,256,CC(C)c1cnc(Nc2ccc(S(N)(=O)=O)cc2)nc1C(C)C,True,pass,True,0,0,,,True,True,True,True,True,True,True,True,True,True,True,True,True,True,True,True,True,True,True,True,True,True
pose000257,257,COc1cc(F)ccc1-c1nc(C(=O)Nc2cc(C3CC3)[nH]n2)ncc1F,True,pass,True,0,0,,,True,True,True,True,True,True,True,True,True,True,True,True,True,True,True,True,True,True,True,True,True,True
pose000258,258,Cc1ccccc1NC(=O)NC(=O)c1ccc(C(C)(C)C)cc1,True,pass,True,0,0,,,True,True,True,True,True,True,True,True,True,True,True,True,True,True,True,True,True,True,True,True,True,True
pose000259,259,CC(=O)Nc1ccc2ccn(-c3[nH]nnc3C3CCC(O)CC3)c2c1,True,pass,True,0,0,,,True,True,True,True,True,True,True,True,True,True,True,True,True,True,True,True,True,True,True,True,True,True
pose000260,260,CC(C)CC(C)c1cccc(-c2ccc(S(N)(=O)=O)cc2)c1,True,pass,True,0,0,,,True,True,True,True,True,True,True,True,True,True,True,True,True,True,True,True,True,True,True,True,True,True
pose000261,261,CC[C@@H](CNC)Nc1nc2ccnn2c(N[C@H]2CC[C@H](N)CC2)c1C,True,pass,True,0,0,,,True,True,True,True,True,True,True,True,True,True,True,True,True,True,True,True,True,True,True,True,True,True
pose000262,262,CC(=O)Nc1ccc(CNc2nc(O[C@H]3CCCNC3)nc3c(C(C)C)cnn23)cc1,True,pass,True,0,0,,,True,True,True,True,True,True,True,True,True,True,True,True,True,True,True,True,True,True,True,True,True,True
pose000263,263,C=C(C)SC(C)=NNCC(=O)c1ccc(Nc2ncc(F)c(-c3cnc(C)n3C(C)C)n2)cc1,True,pass,True,0,0,,,True,True,True,True,True,True,True,True,True,True,True,True,True,True,True,True,True,True,True,True,True,True
pose000264,264,CC(C)=NN=CC(=O)c1ccc(Nc2ncc(F)c(-c3cnc(C)n3C(C)C)n2)cc1,True,pass,True,0,0,,,True,True,True,True,True,True,True,True,True,True,True,True,True,True,True,True,True,True,True,True,True,True
pose000265,265,CNc1ccc(C(C)c2ccc(S(N)(=O)=O)cc2)cc1,True,pass,True,0,0,,,True,True,True,True,True,True,True,True,True,True,True,True,True,True,True,True,True,True,True,True,True,True
pose000266,266,CC1CN(c2ccc(NCc3ccccc3S(C)(=O)=O)nc2)CCN1CC(C)(C)O,True,pass,True,0,0,,,True,True,True,True,True,True,True,True,True,True,True,True,True,True,True,True,True,True,True,True,True,True
pose000267,267,CN(C)C(=O)c1ccc(-c2ccc(C(N)=O)cc2)cc1,True,pass,True,0,0,,,True,True,True,True,True,True,True,True,True,True,True,True,True,True,True,True,True,True,True,True,True,True
pose000268,268,NS(=O)(=O)c1cccc(COc2ccc(F)c(F)c2)c1,True,pass,True,0,0,,,True,True,True,True,True,True,True,True,True,True,True,True,True,True,True,True,True,True,True,True,True,True
pose000269,269,COc1ccc(Cc2nccc(N3CCN(C(=O)Nc4ccccc4)CC3)n2)cc1,True,pass,True,0,0,,,True,True,True,True,True,True,True,True,True,True,True,True,True,True,True,True,True,True,True,True,True,True
pose000270,270,CC(C)CC(=O)Nc1[nH]nc2c1CN(Nc1cccc(-c3cocn3)c1)C2(C)C,True,pass,True,0,0,,,True,True,True,True,True,True,True,True,True,True,True,True,True,True,True,True,True,True,True,True,True,True
pose000271,271,N#Cc1ccc(NC=c2[nH]cc3c2=CCNC3=O)c(C(=O)O)c1,True,pass,True,0,0,,,True,True,True,True,True,True,True,True,True,True,True,True,True,True,True,True,True,True,True,True,True,True
pose000272,272,Cc1ccc(NC(=O)c2ccc(N3CCOCC3)cc2)cc1,True,pass,True,0,0,,,True,True,True,True,True,True,True,True,True,True,True,True,True,True,True,True,True,True,True,True,True,True
pose000273,273,CC=NC(=Nc1ccc(-c2ccc(S(N)(=O)=O)cc2)cc1)c1c(O)[nH]c2ccc(-c3cnco3)cc12,True,pass,True,0,0,,,True,True,True,True,True,True,True,True,True,True,True,True,True,True,True,True,True,True,True,True,True,True
pose000274,274,CC(C)C(=O)N1CCCc2cnc(NC(=O)Cc3ccccc3)nc2C1,True,pass,True,0,0,,,True,True,True,True,True,True,True,True,True,True,True,True,True,True,True,True,True,True,True,True,True,True
pose000275,275,Cc1ncc(-c2ccnc(Nc3ccc(-c4ccc(S(=O)(=O)ONS)cc4)cc3)n2)n1C(C)C,True,pass,True,0,0,,,True,True,True,True,True,True,True,True,True,True,True,True,True,True,True,True,True,True,True,True,True,True
pose000276,276,Cc1ncc(-c2ccnc(Nc3ccc(-c4ccc(-c5ccc(S(C)(=O)=O)cc5)cc4)cc3)n2)n1C(C)C,True,pass,True,0,0,,,True,True,True,True,True,True,True,True,True,True,True,True,True,True,True,True,True,True,True,True,True,True
pose000277,277,CNC(=O)c1nn(C)c2c1C(C)(C)Cc1cnc(Nc3ccc(N4CCN(C)CC4)cc3)nc1-2,True,pass,True,0,0,,,True,True,True,True,True,True,True,True,True,True,True,True,True,True,True,True,True,True,True,True,True,True
pose000278,278,C[C@H]([C@@H](C)O)[C@@H](C)Oc1nc(Nc2ccc(-c3ccc(S(=N)(=O)[C@H](C)[C@@H](C)O)cc3)cc2)ncc1C(F)(F)F,True,pass,True,0,0,,,True,True,True,True,True,True,True,True,True,True,True,True,True,True,True,True,True,True,True,True,True,True
pose000279,279,O=C(c1ccccc1)N1CCCN(c2ccccc2)CC1,True,pass,True,0,0,,,True,True,True,True,True,True,True,True,True,True,True,True,True,True,True,True,True,True,True,True,True,True
pose000280,280,NOc1[nH]c2ccc([N+](=O)[O-])cc2c1-c1ccc2[nH]c(O)c(N=Nc3ccc(S(N)(=O)=O)cc3)c2c1,True,pass,True,0,0,,,True,True,True,True,True,True,True,True,True,True,True,True,True,True,True,True,True,True,True,True,True,True
pose000281,281,Cc1ncc(-c2nc(Nc3ccc(C(=O)N4CCCN(C)CC4)cc3)ncc2F)n1C(C)C,True,pass,True,0,0,,,True,True,True,True,True,True,True,True,True,True,True,True,True,True,True,True,True,True,True,True,True,True
pose000282,282,CNS(=O)(=O)c1ccc(-c2ccc(S(N)(=O)=O)cc2)cc1,True,pass,True,0,0,,,True,True,True,True,True,True,True,True,True,True,True,True,True,True,True,True,True,True,True,True,True,True
pose000283,283,CC(C)C(=O)N1CCCc2cnc(Nc3ccc(Cl)cc3)nc2C1,True,pass,True,0,0,,,True,True,True,True,True,True,True,True,True,True,True,True,True,True,True,True,True,True,True,True,True,True
pose000284,284,O=S(=O)(NCCOCCO)c1ccc(N=Cc2c(O)[nH]c3ccc4ncsc4c23)cc1,True,pass,True,0,0,,,True,True,True,True,True,True,True,True,True,True,True,True,True,True,True,True,True,True,True,True,True,True
pose000285,285,CC(=O)[N+](=CC=CC(N)=O)c1ccc(Nc2ncc(F)c(-c3cnc(C)n3C(C)C)n2)cc1,True,pass,True,0,0,,,True,True,True,True,True,True,True,True,True,True,True,True,True,True,True,True,True,True,True,True,True,True
pose000286,286,O=C(Nc1ccccn1)c1ccc(N2CCCNCCC2)cc1,True,pass,True,0,0,,,True,True,True,True,True,True,True,True,True,True,True,True,True,True,True,True,True,True,True,True,True,True
pose000287,287,CC(C)Cc1cccc(C(=O)c2ccc(S(N)(=O)=O)cc2)c1,True,pass,True,0,0,,,True,True,True,True,True,True,True,True,True,True,True,True,True,True,True,True,True,True,True,True,True,True
pose000288,288,Cc1c(N[C@H]2CCCNC2)nc2ccnn2c1Nc1ccc2c(cnn2C)c1,True,pass,True,0,0,,,True,True,True,True,True,True,True,True,True,True,True,True,True,True,True,True,True,True,True,True,True,True
pose000289,289,Nc1ccc(Nc2nccc(-c3ccc(S(N)(=O)=O)cc3)n2)cc1,True,pass,True,0,0,,,True,True,True,True,True,True,True,True,True,True,True,True,True,True,True,True,True,True,True,True,True,True
pose000290,290,N[C@H]1CCN(c2c3cc(-c4ccnc(NC(=O)C5CC5)c4)ccc3nc3c2[nH]c2ccccc23)C1,True,pass,True,0,0,,,True,True,True,True,True,True,True,True,True,True,True,True,True,True,True,True,True,True,True,True,True,True
pose000291,291,CC(C)OC(=O)N1CCn2cc(C3=C(c4cnc5ccccn45)C(=O)NC3=O)c3cccc(c32)C1,True,pass,True,0,0,,,True,True,True,True,True,True,True,True,True,True,True,True,True,True,True,True,True,True,True,True,True,True
pose000292,292,Nc1ccc(CSC(=O)Nc2[nH]nc3ccc(S(N)(=O)=O)cc23)cc1,True,pass,True,0,0,,,True,True,True,True,True,True,True,True,True,True,True,True,True,True,True,True,True,True,True,True,True,True
pose000293,293,CC(C)c1cccc(Nc2ccc(S(N)(=O)=O)cc2)c1,True,pass,True,0,0,,,True,True,True,True,True,True,True,True,True,True,True,True,True,True,True,True,True,True,True,True,True,True
pose000294,294,O=C(Cc1ccc(Cc2cccs2)cc1)Nc1cc(C2CC2)[nH]n1,True,pass,True,0,0,,,True,True,True,True,True,True,True,True,True,True,True,True,True,True,True,True,True,True,True,True,True,True
pose000295,295,CN=C(N)SCCCn1c(=O)c2c(c1=O)n1c3ccccc3cc1c1cccc3ccn2c31,True,pass,True,0,0,,,True,True,True,True,True,True,True,True,True,True,True,True,True,True,True,True,True,True,True,True,True,True
pose000296,296,COc1ccc(CC(=O)c2ccc(S(N)(=O)=O)cc2)cc1,True,pass,True,0,0,,,True,True,True,True,True,True,True,True,True,True,True,True,True,True,True,True,True,True,True,True,True,True
pose000297,297,C[C@@H](Oc1nc(Nc2ccc(S(=O)(=O)S(=N)(N)=O)cc2)ncc1C(F)(F)F)C(C)(C)O,True,pass,True,0,0,,,True,True,True,True,True,True,True,True,True,True,True,True,True,True,True,True,True,True,True,True,True,True
pose000298,298,CC(=Nc1ccc(S(N)(=O)=O)cc1)c1ccc2[nH]c(SO)c(-c3ccc4[nH]c(O)c(-c5cnco5)c4c3)c2c1,True,pass,True,0,0,,,True,True,True,True,True,True,True,True,True,True,True,True,True,True,True,True,True,True,True,True,True,True
pose000299,299,CC(=O)Nc1ccc(-c2ccc(N3CC=NCCO3)cc2)nc1,True,pass,True,0,0,,,True,True,True,True,True,True,True,True,True,True,True,True,True,True,True,True,True,True,True,True,True,True
pose000300,300,CNC(=O)c1cccc(Nc2cccc(N3CCOCC3)c2)c1,True,pass,True,0,0,,,True,True,True,True,True,True,True,True,True,True,True,True,True,True,True,True,True,True,True,True,True,True
pose000301,301,Cn1nc(C(N)=O)c2c1-c1nc(Nc3ccc(N)cc3)ncc1CC2,True,pass,True,0,0,,,True,True,True,True,True,True,True,True,True,True,True,True,True,True,True,True,True,True,True,True,True,True
pose000302,302,CN1CCC(Oc2nc(Nc3ccc([S+]([O-])C4CC4)cc3)ncc2C(F)(F)F)CC1,True,pass,True,0,0,,,True,True,True,True,True,True,True,True,True,True,True,True,True,True,True,True,True,True,True,True,True,True
pose000303,303,CC(=O)Nc1ccc(-c2ccc(N3CCOCC3)cc2)cc1,True,pass,True,0,0,,,True,True,True,True,True,True,True,True,True,True,True,True,True,True,True,True,True,True,True,True,True,True
pose000304,304,Cn1nc(C(N)=O)c2c1-c1nc(Nc3ccc(-c4ccc(NSc5ccccc5Br)cc4)cc3)ncc1CC2,True,pass,True,0,0,,,True,True,True,True,True,True,True,True,True,True,True,True,True,True,True,True,True,True,True,True,True,True
pose000305,305,c1cc(NNc2ccc3c(n2)CCN(C[C@@H]2CNCCO2)C3)ncc1N1CCN(CC2CC2)CC1,True,pass,True,0,0,,,True,True,True,True,True,True,True,True,True,True,True,True,True,True,True,True,True,True,True,True,True,True
pose000306,306,Cc1ccccc1Nc1ccc(N2CCN(C)CC2)cc1,True,pass,True,0,0,,,True,True,True,True,True,True,True,True,True,True,True,True,True,True,True,True,True,True,True,True,True,True
pose000307,307,CC(C)C(=O)Nc1nc(OCC2CCCCC2)c2[nH]cnc2n1,True,pass,True,0,0,,,True,True,True,True,True,True,True,True,True,True,True,True,True,True,True,True,True,True,True,True,True,True
pose000308,308,Cc1cc(CNC(=O)c2nn(C)c3c2CCc2cnc(Nc4ccc(N5CCN(C)CC5)cc4)nc2-3)ccn1,True,pass,True,0,0,,,True,True,True,True,True,True,True,True,True,True,True,True,True,True,True,True,True,True,True,True,True,True
pose000309,309,CN(C)CC(=O)NCc1cccc(-c2ccccc2)c1,True,pass,True,0,0,,,True,True,True,True,True,True,True,True,True,True,True,True,True,True,True,True,True,True,True,True,True,True
pose000310,310,NS(=O)(=O)c1ccc(-c2ccc(S(N)(=O)=O)cc2)cc1,True,pass,True,0,0,,,True,True,True,True,True,True,True,True,True,True,True,True,True,True,True,True,True,True,True,True,True,True
pose000311,311,CCC(=O)N1CCc2cnc(NC(=O)c3ccc(Cl)cc3)nc2C1,True,pass,True,0,0,,,True,True,True,True,True,True,True,True,True,True,True,True,True,True,True,True,True,True,True,True,True,True
pose000312,312,CCOc1cc(NC(=O)Nc2ccccn2)cc(OC)c1OC,True,pass,True,0,0,,,True,True,True,True,True,True,True,True,True,True,True,True,True,True,True,True,True,True,True,True,True,True
pose000313,313,CC(C)NC(=O)O[C@@H]1CCC(c2cc(NC(=O)Cc3ccccc3S(C)(=O)=O)[nH]n2)C1,True,pass,True,0,0,,,True,True,True,True,True,True,True,True,True,True,True,True,True,True,True,True,True,True,True,True,True,True
pose000314,314,C[C@@H]1C[C@H]2CN1CCn1[nH]c3c(cccc3c1=O)-c1nc3c(cccc3[nH]c1=O)O2,True,pass,True,0,0,,,True,True,True,True,True,True,True,True,True,True,True,True,True,True,True,True,True,True,True,True,True,True
pose000315,315,Cc1ncc(-c2nc(NCC(C)C)ncc2F)n1C(C)C,True,pass,True,0,0,,,True,True,True,True,True,True,True,True,True,True,True,True,True,True,True,True,True,True,True,True,True,True
pose000316,316,COC(=O)c1ccc2[nH]c(O)c(C=Nc3ccc(S(N)(=O)=O)cc3)c2c1,True,pass,True,0,0,,,True,True,True,True,True,True,True,True,True,True,True,True,True,True,True,True,True,True,True,True,True,True
pose000317,317,Cc1nc2c(F)cc(-c3nc(Nc4ccc5c(n4)CCN(CC=NO)C5)ncc3F)cc2n1C(C)C,True,pass,True,0,0,,,True,True,True,True,True,True,True,True,True,True,True,True,True,True,True,True,True,True,True,True,True,True
pose000318,318,CC(C)n1cc(-c2ccnc3[nH]c(C4CCN(CC(=O)N5CCCCC5)CC4)cc23)ccc1=O,True,pass,True,0,0,,,True,True,True,True,True,True,True,True,True,True,True,True,True,True,True,True,True,True,True,True,True,True
pose000319,319,CNC(=O)c1ccc(-c2ccc(S(N)(=O)=O)cc2)cc1,True,pass,True,0,0,,,True,True,True,True,True,True,True,True,True,True,True,True,True,True,True,True,True,True,True,True,True,True
pose000320,320,O=C(Cc1cccc(F)c1)Nc1ccc(N2CCCCC2)cc1,True,pass,True,0,0,,,True,True,True,True,True,True,True,True,True,True,True,True,True,True,True,True,True,True,True,True,True,True
pose000321,321,COc1ccccc1-c1ccc(CN2CCCNCC2)c(F)c1,True,pass,True,0,0,,,True,True,True,True,True,True,True,True,True,True,True,True,True,True,True,True,True,True,True,True,True,True
pose000322,322,CC(C)Cc1cc(-c2ccc(S(N)(=O)=O)cc2)nc(N)n1,True,pass,True,0,0,,,True,True,True,True,True,True,True,True,True,True,True,True,True,True,True,True,True,True,True,True,True,True
pose000323,323,Cc1nc2c(F)cc(Cc3[nH]nc4[nH]c(=S)[nH]c(=S)c34)cc2n1C1CC1,True,pass,True,0,0,,,True,True,True,True,True,True,True,True,True,True,True,True,True,True,True,True,True,True,True,True,True,True
pose000324,324,Cc1ncc(-c2nc(NCCC(N)=O)ncc2F)n1C(C)C,True,pass,True,0,0,,,True,True,True,True,True,True,True,True,True,True,True,True,True,True,True,True,True,True,True,True,True,True
pose000325,325,O=C(Cc1ccccc1)Nc1c[nH]nc1C(=O)Nc1ccc(F)cc1,True,pass,True,0,0,,,True,True,True,True,True,True,True,True,True,True,True,True,True,True,True,True,True,True,True,True,True,True
pose000326,326,C[C@@H]1CN(c2ccc(Nc3c[nH]c4ccccc34)nc2)C[C@H](C)N1C[C@@H](C)O,True,pass,True,0,0,,,True,True,True,True,True,True,True,True,True,True,True,True,True,True,True,True,True,True,True,True,True,True
pose000327,327,C[C@@H](O)[C@@H](C)Oc1nc(Nc2ccc(S(C)(=N)=O)cc2)ncc1C(F)(F)F,True,pass,True,0,0,,,True,True,True,True,True,True,True,True,True,True,True,True,True,True,True,True,True,True,True,True,True,True
pose000328,328,CNC(=O)c1nn(C)c2c1C(C)(C)Cc1cnc(Nc3ccc(CO)c(O)c3)nc1-2,True,pass,True,0,0,,,True,True,True,True,True,True,True,True,True,True,True,True,True,True,True,True,True,True,True,True,True,True
pose000329,329,CN=C(C)SC(=O)C(=O)c1ccc(Nc2ncc(F)c(-c3cnc(C)n3C(C)C)n2)cc1,True,pass,True,0,0,,,True,True,True,True,True,True,True,True,True,True,True,True,True,True,True,True,True,True,True,True,True,True
pose000330,330,CC(C)Oc1ccc(-c2ccc(S(N)(=O)=O)cc2)cc1Br,True,pass,True,0,0,,,True,True,True,True,True,True,True,True,True,True,True,True,True,True,True,True,True,True,True,True,True,True
pose000331,331,CN1CCN(c2ccnc(Nc3ccc(S(N)(=O)=O)cc3)n2)CC1,True,pass,True,0,0,,,True,True,True,True,True,True,True,True,True,True,True,True,True,True,True,True,True,True,True,True,True,True
pose000332,332,Cc1cccc(CC(=O)Cc2ccc(S(N)(=O)=O)cc2)c1,True,pass,True,0,0,,,True,True,True,True,True,True,True,True,True,True,True,True,True,True,True,True,True,True,True,True,True,True
pose000333,333,CC(=CC(=O)c1ccc(Nc2ncc(F)c(-c3cnc(C)n3C(C)C)n2)cc1)c1cnc(C)n1C(C)C,True,pass,True,0,0,,,True,True,True,True,True,True,True,True,True,True,True,True,True,True,True,True,True,True,True,True,True,True
pose000334,334,O=C(Nc1cccc(Cl)c1)N1CCN(c2ccccc2)CC1,True,pass,True,0,0,,,True,True,True,True,True,True,True,True,True,True,True,True,True,True,True,True,True,True,True,True,True,True
pose000335,335,O=C(Nc1ncc2c(n1)CN(C(=O)C1CCC1)CC2)c1ccccc1,True,pass,True,0,0,,,True,True,True,True,True,True,True,True,True,True,True,True,True,True,True,True,True,True,True,True,True,True
pose000336,336,COc1ccc(N2CCN(c3cccc(CN)c3)CC2)cc1,True,pass,True,0,0,,,True,True,True,True,True,True,True,True,True,True,True,True,True,True,True,True,True,True,True,True,True,True
pose000337,337,CC(C)=Cc1cccc2[nH]c(O)c(N=Nc3cccc4[nH]c(O)c(SN=Nc5ccc(S(N)(=O)=O)cc5)c34)c12,True,pass,True,0,0,,,True,True,True,True,True,True,True,True,True,True,True,True,True,True,True,True,True,True,True,True,True,True
pose000338,338,COC1CCN(c2nccc(Nc3cc4c(ccn4C(=O)c4c(F)cccc4Cl)cn3)n2)CC1,True,pass,True,0,0,,,True,True,True,True,True,True,True,True,True,True,True,True,True,True,True,True,True,True,True,True,True,True
pose000339,339,COc1cccc(C(C)c2ccc(S(N)(=O)=O)cc2)c1,True,pass,True,0,0,,,True,True,True,True,True,True,True,True,True,True,True,True,True,True,True,True,True,True,True,True,True,True
pose000340,340,COc1ccccc1-c1ccc(N2CCNCC2)cc1,True,pass,True,0,0,,,True,True,True,True,True,True,True,True,True,True,True,True,True,True,True,True,True,True,True,True,True,True
pose000341,341,O=C(NN1CCOCC1)c1ccc(-c2ccc(F)cc2)cc1,True,pass,True,0,0,,,True,True,True,True,True,True,True,True,True,True,True,True,True,True,True,True,True,True,True,True,True,True
pose000342,342,COc1cccc(N2CCCN(C(=O)Nc3ccc(OC)c(OC)c3)CC2)c1,True,pass,True,0,0,,,True,True,True,True,True,True,True,True,True,True,True,True,True,True,True,True,True,True,True,True,True,True
pose000343,343,CC(C)=Cc1ccc(Nc2ncc(F)c(-c3cnc(C)n3C(C)C)n2)cc1F,True,pass,True,0,0,,,True,True,True,True,True,True,True,True,True,True,True,True,True,True,True,True,True,True,True,True,True,True
pose000344,344,c1ccc2c(c1)Cc1c(-c3ccncc3)n[nH]c1-2,True,pass,True,0,0,,,True,True,True,True,True,True,True,True,True,True,True,True,True,True,True,True,True,True,True,True,True,True
pose000345,345,CC(C)c1ccc(-c2ccc(S(N)(=O)=O)cc2)cc1Br,True,pass,True,0,0,,,True,True,True,True,True,True,True,True,True,True,True,True,True,True,True,True,True,True,True,True,True,True
pose000346,346,Cc1cc(N2C(=O)CCCC2=O)c2oc(-c3ccc(O)c(O)c3)c(O)c(=O)c2c1,True,pass,True,0,0,,,True,True,True,True,True,True,True,True,True,True,True,True,True,True,True,True,True,True,True,True,True,True
pose000347,347,CC1CCN(c2ccc(N3CCCNCC3)cc2Cl)CC1,True,pass,True,0,0,,,True,True,True,True,True,True,True,True,True,True,True,True,True,True,True,True,True,True,True,True,True,True
pose000348,348,CC(C)c1cnn2c(Nc3cccnc3)nc(NC3CCNCC3)nc12,True,pass,True,0,0,,,True,True,True,True,True,True,True,True,True,True,True,True,True,True,True,True,True,True,True,True,True,True
pose000349,349,CC(C)COC(=O)c1ccc2[nH]c(O)c(C=Nc3ccc(S(N)(=O)=O)cc3)c2c1,True,pass,True,0,0,,,True,True,True,True,True,True,True,True,True,True,True,True,True,True,True,True,True,True,True,True,True,True
pose000350,350,NS(=O)(=O)c1ccc(-c2c(N=O)[nH]c3ccc(NNSc4c(O)[nH]c5ccc([N+](=O)[O-])cc45)cc23)cc1,True,pass,True,0,0,,,True,True,True,True,True,True,True,True,True,True,True,True,True,True,True,True,True,True,True,True,True,True
pose000351,351,C[C@H](Nc1nc(Nc2ccc(S(C)(=N)=O)cc2)ncc1Br)C(C)(C)O,True,pass,True,0,0,,,True,True,True,True,True,True,True,True,True,True,True,True,True,True,True,True,True,True,True,True,True,True
pose000352,352,COc1ccc(-c2ocnc2C(=O)Nc2ccc(N3CCN(CC4CC4)CC3)cn2)cc1Cl,True,pass,True,0,0,,,True,True,True,True,True,True,True,True,True,True,True,True,True,True,True,True,True,True,True,True,True,True
pose000353,353,NCCCn1nc(C(N)=O)c2c1-c1nc(Nc3ccccc3)ncc1CC2,True,pass,True,0,0,,,True,True,True,True,True,True,True,True,True,True,True,True,True,True,True,True,True,True,True,True,True,True
pose000354,354,CCc1ccc(N=Cc2c(O)[nH]c3ccc(C(C)=NC(C)C(=O)c4ccc(S(N)(=O)=O)cc4)cc23)cc1,True,pass,True,0,0,,,True,True,True,True,True,True,True,True,True,True,True,True,True,True,True,True,True,True,True,True,True,True
pose000355,355,Cc1ccc(CC(=O)NC(=O)c2ccc(F)cc2)cc1,True,pass,True,0,0,,,True,True,True,True,True,True,True,True,True,True,True,True,True,True,True,True,True,True,True,True,True,True
pose000356,356,CC(=O)Cc1ccc(C(=O)Nc2ccc(C(=O)N(C)C)cc2)cc1,True,pass,True,0,0,,,True,True,True,True,True,True,True,True,True,True,True,True,True,True,True,True,True,True,True,True,True,True
pose000357,357,CN1CCC(NC(=O)c2ccc(-c3cccc(Cl)c3)cc2)CC1,True,pass,True,0,0,,,True,True,True,True,True,True,True,True,True,True,True,True,True,True,True,True,True,True,True,True,True,True
pose000358,358,COC(=O)Nc1ccc(Cc2ccc(N3CCN(C)CC3)cc2)cc1,True,pass,True,0,0,,,True,True,True,True,True,True,True,True,True,True,True,True,True,True,True,True,True,True,True,True,True,True
pose000359,359,CCc1cnn2c(NCc3ccc[n+]([O-])c3)cc(C3CC(S)CC[C@H]3CN3CCCC[C@H]3CCO)nc12,True,pass,True,0,0,,,True,True,True,True,True,True,True,True,True,True,True,True,True,True,True,True,True,True,True,True,True,True
pose000360,360,CC(C)c1ccc(C(=O)N2CCCN(c3ccc(C(=O)O)cc3)CC2)cc1,True,pass,True,0,0,,,True,True,True,True,True,True,True,True,True,True,True,True,True,True,True,True,True,True,True,True,True,True
pose000361,361,CC(=O)N1CCC(CNc2ccc(-c3ccccc3)cn2)CC1,True,pass,True,0,0,,,True,True,True,True,True,True,True,True,True,True,True,True,True,True,True,True,True,True,True,True,True,True
pose000362,362,Cc1nc2c(F)cc(N3CCC(O)CC3)cc2n1CC1CC1,True,pass,True,0,0,,,True,True,True,True,True,True,True,True,True,True,True,True,True,True,True,True,True,True,True,True,True,True
pose000363,363,CC(C)NC(=O)c1ccc(OCc2ccccc2)cc1,True,pass,True,0,0,,,True,True,True,True,True,True,True,True,True,True,True,True,True,True,True,True,True,True,True,True,True,True
pose000364,364,N[C@H](CNc1nnc(C2CCNCC2)s1)Cc1ccc(C(F)(F)F)cc1,True,pass,True,0,0,,,True,True,True,True,True,True,True,True,True,True,True,True,True,True,True,True,True,True,True,True,True,True
pose000365,365,CC(C)n1cnc2c(-c3ccc(NC(=O)C4(F)CC4)cc3)nc(NCCO)nc21,True,pass,True,0,0,,,True,True,True,True,True,True,True,True,True,True,True,True,True,True,True,True,True,True,True,True,True,True
pose000366,366,CC(C)=Cc1cccc2[nH]c(O)c(N=Nc3ccc(-c4ccc(S(N)(=O)=O)cc4)nc3)c12,True,pass,True,0,0,,,True,True,True,True,True,True,True,True,True,True,True,True,True,True,True,True,True,True,True,True,True,True
pose000367,367,CN(C)S(=O)(=O)c1ccc(Nc2cc3[nH]c(-c4cn[nH]c4)cc3cn2)cc1,True,pass,True,0,0,,,True,True,True,True,True,True,True,True,True,True,True,True,True,True,True,True,True,True,True,True,True,True
pose000368,368,O=C(Cc1ccc(Br)cc1)Nc1[nH]nc2ccc(N3CCCS3(=O)=O)cc12,True,pass,True,0,0,,,True,True,True,True,True,True,True,True,True,True,True,True,True,True,True,True,True,True,True,True,True,True
pose000369,369,CN1CCN(c2ccc(N3CCCNCC3)cc2)CC1,True,pass,True,0,0,,,True,True,True,True,True,True,True,True,True,True,True,True,True,True,True,True,True,True,True,True,True,True
pose000370,370,Cc1cccc(NC(=O)N2CCN(COc3ccccc3)CC2)c1,True,pass,True,0,0,,,True,True,True,True,True,True,True,True,True,True,True,True,True,True,True,True,True,True,True,True,True,True
pose000371,371,Cc1c(NC2CCCNC2)nc2ccnn2c1Nc1ccc(F)c(Cl)c1,True,pass,True,0,0,,,True,True,True,True,True,True,True,True,True,True,True,True,True,True,True,True,True,True,True,True,True,True
pose000372,372,O=C(c1ccccc1)c1ccc(C(=O)N2CCCC2)cc1,True,pass,True,0,0,,,True,True,True,True,True,True,True,True,True,True,True,True,True,True,True,True,True,True,True,True,True,True
pose000373,373,Cc1nnc(-c2cccc(-c3cnn4ccc(NCCN)nc34)c2)o1,True,pass,True,0,0,,,True,True,True,True,True,True,True,True,True,True,True,True,True,True,True,True,True,True,True,True,True,True
pose000374,374,CC[C@H](CO)Nc1nc(NCc2ccc(NC(=O)C3(F)CC3)cc2)n2ncc(C(C)C)c2n1,True,pass,True,0,0,,,True,True,True,True,True,True,True,True,True,True,True,True,True,True,True,True,True,True,True,True,True,True
pose000375,375,CNC(=O)c1ccc(Nc2nccc(-c3cnc(C)n3C(C)C)n2)cc1,True,pass,True,0,0,,,True,True,True,True,True,True,True,True,True,True,True,True,True,True,True,True,True,True,True,True,True,True
pose000376,376,C[C@H](CO)Nc1nc(Nc2ccc(S(C)(=O)=NS(=O)(=O)CC[Si](C)(C)C)cc2)ncc1Br,True,pass,True,0,0,,,True,True,True,True,True,True,True,True,True,True,True,True,True,True,True,True,True,True,True,True,True,True
pose000377,377,C=CC(=O)Nc1ccc(OC(=O)N2CCCC(Nc3ncc(SCc4ncc(C(C)(C)C)o4)s3)C2)cc1,True,pass,True,0,0,,,True,True,True,True,True,True,True,True,True,True,True,True,True,True,True,True,True,True,True,True,True,True
pose000378,378,O=C(NCc1ccc(N2CCCCC2)cc1)c1ccccc1,True,pass,True,0,0,,,True,True,True,True,True,True,True,True,True,True,True,True,True,True,True,True,True,True,True,True,True,True
pose000379,379,CNC(=O)c1cccc(C(=O)Nc2cccc(N3CCOCC3)c2)c1,True,pass,True,0,0,,,True,True,True,True,True,True,True,True,True,True,True,True,True,True,True,True,True,True,True,True,True,True
pose000380,380,CS(=O)(=O)c1cccc(-c2ccc(S(N)(=O)=O)cc2)n1,True,pass,True,0,0,,,True,True,True,True,True,True,True,True,True,True,True,True,True,True,True,True,True,True,True,True,True,True
pose000381,381,Cn1cc(C2=C(c3cn(CC(O)CO)c4ccccc34)C(=O)NC2=O)c2ccccc21,True,pass,True,0,0,,,True,True,True,True,True,True,True,True,True,True,True,True,True,True,True,True,True,True,True,True,True,True
pose000382,382,O=C(c1ccccc1)N1CCN(Nc2ccccc2)CC1,True,pass,True,0,0,,,True,True,True,True,True,True,True,True,True,True,True,True,True,True,True,True,True,True,True,True,True,True
pose000383,383,CC(C)(C)c1ccc(CC(=O)Nc2ccc(S(N)(=O)=O)cc2)cc1,True,pass,True,0,0,,,True,True,True,True,True,True,True,True,True,True,True,True,True,True,True,True,True,True,True,True,True,True
pose000384,384,C=C(C)n1c(-c2nc(NC3CCN(C)CC3)ncc2F)cnc1C,True,pass,True,0,0,,,True,True,True,True,True,True,True,True,True,True,True,True,True,True,True,True,True,True,True,True,True,True
pose000385,385,CN(C)C(=O)c1ccc(C(=O)NCCc2ccc(F)cc2)cc1,True,pass,True,0,0,,,True,True,True,True,True,True,True,True,True,True,True,True,True,True,True,True,True,True,True,True,True,True
pose000386,386,CC(C)OC(=O)c1ccc(-c2ccc(S(N)(=O)=O)cc2)cc1,True,pass,True,0,0,,,True,True,True,True,True,True,True,True,True,True,True,True,True,True,True,True,True,True,True,True,True,True
pose000387,387,NS(=O)(=O)c1ccc(Cc2ccc(N3CCOCC3)cc2)cc1,True,pass,True,0,0,,,True,True,True,True,True,True,True,True,True,True,True,True,True,True,True,True,True,True,True,True,True,True
pose000388,388,CC(C)n1cnc2c(NCC3CCCC3)nc(NCC(O)C(F)(F)F)nc21,True,pass,True,0,0,,,True,True,True,True,True,True,True,True,True,True,True,True,True,True,True,True,True,True,True,True,True,True
pose000389,389,COC(C(=O)N1Cc2[nH]nc(NC(=O)c3ccc(N4CCN(C)CC4)cc3)c2C1)c1ccccc1,True,pass,True,0,0,,,True,True,True,True,True,True,True,True,True,True,True,True,True,True,True,True,True,True,True,True,True,True
pose000390,390,CC(=O)Nc1ccc(Cc2ccc(S(C)(=O)=O)cc2)cc1,True,pass,True,0,0,,,True,True,True,True,True,True,True,True,True,True,True,True,True,True,True,True,True,True,True,True,True,True
pose000391,391,CNOC(=O)C1CCC(c2nccc(-c3cnc(C)n3C(C)C)n2)CC1,True,pass,True,0,0,,,True,True,True,True,True,True,True,True,True,True,True,True,True,True,True,True,True,True,True,True,True,True
pose000392,392,COC(=O)c1ccc2[nH]c(O)c(C(=O)c3ccc4[nH]c(O)c(N=Nc5ccc(S(N)(=O)=O)cc5)c4c3)c2c1,True,pass,True,0,0,,,True,True,True,True,True,True,True,True,True,True,True,True,True,True,True,True,True,True,True,True,True,True
pose000393,393,C=C(CCN(C)C)N1CCc2nc(Nc3ncc(F)c(-c4cc(F)c5nc(C)n(C6CC6)c5c4)n3)ccc2C1,True,pass,True,0,0,,,True,True,True,True,True,True,True,True,True,True,True,True,True,True,True,True,True,True,True,True,True,True
pose000394,394,Cc1ccc(C(=O)N2CCN(Nc3ccccc3)CC2)cc1,True,pass,True,0,0,,,True,True,True,True,True,True,True,True,True,True,True,True,True,True,True,True,True,True,True,True,True,True
pose000395,395,CN1C/C=C/CCOc2cccc(c2)-c2ccnc(n2)Nc2cccc(c2)C1,True,fail,False,4,0,bond_lengths|bond_angles|double_bond_flatness|internal_energy,,True,True,True,True,True,True,False,False,True,True,True,False,False,True,True,True,True,True,True,True,True,True
pose000396,396,CON1CCN(C(=O)Oc2ccc(Nc3ccccc3)nc2)CC1,True,pass,True,0,0,,,True,True,True,True,True,True,True,True,True,True,True,True,True,True,True,True,True,True,True,True,True,True
pose000397,397,CCCC(=O)Nc1nc(Nc2ccc(N3CCN(C(C)=O)CC3)cc2OC)ncc1Br,True,pass,True,0,0,,,True,True,True,True,True,True,True,True,True,True,True,True,True,True,True,True,True,True,True,True,True,True
pose000398,398,COS[C@H](Oc1nc(Nc2ccc(S(=O)(=O)[C@@H](C)[C@@H](C)O)cc2)ncc1C(F)(F)F)[C@@H](C)OF,True,pass,True,0,0,,,True,True,True,True,True,True,True,True,True,True,True,True,True,True,True,True,True,True,True,True,True,True
pose000399,399,NS(=O)(=O)c1ccc(Nc2nccc(-c3cnc4ccccn34)n2)cc1,True,pass,True,0,0,,,True,True,True,True,True,True,True,True,True,True,True,True,True,True,True,True,True,True,True,True,True,True
pose000400,400,C=C(C)C(C)CC(=O)c1ccc(Nc2ncc(F)c(-c3cnc(C)n3C(C)C)n2)cc1,True,pass,True,0,0,,,True,True,True,True,True,True,True,True,True,True,True,True,True,True,True,True,True,True,True,True,True,True
pose000401,401,COc1cc(N2CCN(C)CC2)ccc1Nc1ccccc1F,True,pass,True,0,0,,,True,True,True,True,True,True,True,True,True,True,True,True,True,True,True,True,True,True,True,True,True,True
pose000402,402,C[C@@H]1CN(c2ccc(Nc3ncc4cc5n(c4n3)C3(CCCCC3)CNC5=O)nc2)CCN1C,True,pass,True,0,0,,,True,True,True,True,True,True,True,True,True,True,True,True,True,True,True,True,True,True,True,True,True,True
pose000403,403,Nc1nc(Nc2ccc(S(N)(=O)=O)cc2)nc(OCC2CCCCC2)c1N=O,True,pass,True,0,0,,,True,True,True,True,True,True,True,True,True,True,True,True,True,True,True,True,True,True,True,True,True,True
pose000404,404,O=C(N=C1NNC2=CC=CC21)C1CC1,True,pass,True,0,0,,,True,True,True,True,True,True,True,True,True,True,True,True,True,True,True,True,True,True,True,True,True,True
pose000405,405,Cc1ccccc1Nc1ccnc(N2CCOCC2)n1,True,pass,True,0,0,,,True,True,True,True,True,True,True,True,True,True,True,True,True,True,True,True,True,True,True,True,True,True
pose000406,406,CC(C)(C)c1cc2cnc(Nc3ccc(N4CCCNCCC4)cn3)nc2n1C1CCCC1,True,pass,True,0,0,,,True,True,True,True,True,True,True,True,True,True,True,True,True,True,True,True,True,True,True,True,True,True
pose000407,407,O=C(c1nc2c(OCC3CCNCC3)c(Br)cnc2[nH]1)c1cccs1,True,pass,True,0,0,,,True,True,True,True,True,True,True,True,True,True,True,True,True,True,True,True,True,True,True,True,True,True
pose000408,408,O=C(NC1CCNCC1)c1[nH]ncc1NC(=O)c1c(Cl)cccc1Cl,True,pass,True,0,0,,,True,True,True,True,True,True,True,True,True,True,True,True,True,True,True,True,True,True,True,True,True,True
pose000409,409,COc1ccccc1NC(=O)c1cccc2c1OCCC2,True,pass,True,0,0,,,True,True,True,True,True,True,True,True,True,True,True,True,True,True,True,True,True,True,True,True,True,True
pose000410,410,CNc1ccc(N=Cc2c(N)ccc3[nH]c(O)c(NCc4ccc(S(N)(=O)=O)cc4)c23)cc1,True,pass,True,0,0,,,True,True,True,True,True,True,True,True,True,True,True,True,True,True,True,True,True,True,True,True,True,True
pose000411,411,CN1C/C=C/CCOc2cc(ccn2)-c2ccnc(n2)Nc2cccc(c2)C1,True,fail,False,4,0,bond_lengths|bond_angles|double_bond_flatness|internal_energy,,True,True,True,True,True,True,False,False,True,True,True,False,False,True,True,True,True,True,True,True,True,True
pose000412,412,CN1CCN(c2ccc(NC(=O)c3ccccc3)cc2)CC1,True,pass,True,0,0,,,True,True,True,True,True,True,True,True,True,True,True,True,True,True,True,True,True,True,True,True,True,True
pose000413,413,O=C(NN1CCN(C(=O)c2ccccc2)CC1)c1ccccc1,True,pass,True,0,0,,,True,True,True,True,True,True,True,True,True,True,True,True,True,True,True,True,True,True,True,True,True,True
pose000414,414,CNC(=O)c1ccc(-c2ccc(N3CCN(C)CC3)cc2)cc1,True,pass,True,0,0,,,True,True,True,True,True,True,True,True,True,True,True,True,True,True,True,True,True,True,True,True,True,True
pose000415,415,Cc1nc2c(F)cc(-c3nc(Nc4ccc5c(n4)CCN(CCC(N)NO)C5)ncc3F)cc2n1C(C)C,True,pass,True,0,0,,,True,True,True,True,True,True,True,True,True,True,True,True,True,True,True,True,True,True,True,True,True,True
pose000416,416,Nc1ccc2[nH]c(O)c(C=CC=Nc3ccc(-c4[nH]ccc4S)cc3)c2c1NNc1ccc(S(N)(=O)=O)cc1,True,pass,True,0,0,,,True,True,True,True,True,True,True,True,True,True,True,True,True,True,True,True,True,True,True,True,True,True
pose000417,417,Cc1cccc(Nc2ccccc2N2CCOCC2)c1,True,pass,True,0,0,,,True,True,True,True,True,True,True,True,True,True,True,True,True,True,True,True,True,True,True,True,True,True
pose000418,418,COc1cc(F)ccc1NC(=O)Oc1ccc(C)cc1,True,pass,True,0,0,,,True,True,True,True,True,True,True,True,True,True,True,True,True,True,True,True,True,True,True,True,True,True
pose000419,419,NS(=O)(=O)c1ccc(N=NN=NN=NN=Nc2c(=O)[nH]c3ccc4[nH]cccc4c23)cc1,True,pass,True,0,0,,,True,True,True,True,True,True,True,True,True,True,True,True,True,True,True,True,True,True,True,True,True,True
pose000420,420,O=C(Nc1ccccn1)c1ccc(N2CCCNCC2)cc1,True,pass,True,0,0,,,True,True,True,True,True,True,True,True,True,True,True,True,True,True,True,True,True,True,True,True,True,True
pose000421,421,Cc1cc(Nc2ncc(Br)c(N[C@H](C)[C@H](C)O)n2)ccc1S(C)(=N)=O,True,pass,True,0,0,,,True,True,True,True,True,True,True,True,True,True,True,True,True,True,True,True,True,True,True,True,True,True
pose000422,422,CCc1ccccc1-c1ccc(N2CCCNCC2)cc1,True,pass,True,0,0,,,True,True,True,True,True,True,True,True,True,True,True,True,True,True,True,True,True,True,True,True,True,True
pose000423,423,CC(C)(C)c1nccc(-c2ccc(S(N)(=O)=O)cc2)n1,True,pass,True,0,0,,,True,True,True,True,True,True,True,True,True,True,True,True,True,True,True,True,True,True,True,True,True,True
pose000424,424,Cc1ccc(Nc2nccc(-c3cnc(C)n3C(C)C)n2)cc1,True,pass,True,0,0,,,True,True,True,True,True,True,True,True,True,True,True,True,True,True,True,True,True,True,True,True,True,True
pose000425,425,CC(=O)N1CCN(Cc2cccc(C(=O)Nc3ccc(Cl)cc3)c2)CC1,True,pass,True,0,0,,,True,True,True,True,True,True,True,True,True,True,True,True,True,True,True,True,True,True,True,True,True,True
pose000426,426,CSC(=O)Nc1ncc(F)c(-c2cnc(C)n2C(C)C)n1,True,pass,True,0,0,,,True,True,True,True,True,True,True,True,True,True,True,True,True,True,True,True,True,True,True,True,True,True
pose000427,427,COc1cc(N2CCN(C(C)=O)CC2)ccc1Nc1ncc(C)c(C2CCC(N)CC2)n1,True,pass,True,0,0,,,True,True,True,True,True,True,True,True,True,True,True,True,True,True,True,True,True,True,True,True,True,True
pose000428,428,CN1CCC(OCc2ccc(Nc3ncc(F)c(-c4cc(F)c5nc6n(c5c4)C(C)(C)CC6)n3)nc2)CC1,True,pass,True,0,0,,,True,True,True,True,True,True,True,True,True,True,True,True,True,True,True,True,True,True,True,True,True,True
pose000429,429,CNC(=O)Nc1ncc2c(n1)-c1c(c(N(C)[C@H](C)CC[C@@H](C)N)nn1C)CC2,True,pass,True,0,0,,,True,True,True,True,True,True,True,True,True,True,True,True,True,True,True,True,True,True,True,True,True,True
pose000430,430,CC(C)(N)C(C)(C)OC(=O)N1CCN(c2ccccc2)CC1,True,pass,True,0,0,,,True,True,True,True,True,True,True,True,True,True,True,True,True,True,True,True,True,True,True,True,True,True
pose000431,431,CC(=O)N1CCc2nc(-c3nc(NC4CCN(C)CC4)nc4c(C(C)C)cnn34)ccc2C1,True,pass,True,0,0,,,True,True,True,True,True,True,True,True,True,True,True,True,True,True,True,True,True,True,True,True,True,True
pose000432,432,NS(=O)(=O)c1cncc(-c2nc(NCc3ccccn3)c3c(-c4ccccc4)cccc3n2)c1,True,pass,True,0,0,,,True,True,True,True,True,True,True,True,True,True,True,True,True,True,True,True,True,True,True,True,True,True
pose000433,433,C[C@H](Nc1nc(Nc2ccc(S(=N)(=O)CCO)cc2)ncc1Br)C(C)(C)O,True,pass,True,0,0,,,True,True,True,True,True,True,True,True,True,True,True,True,True,True,True,True,True,True,True,True,True,True
pose000434,434,Cc1ncc(-c2cc(NC(C)C)ncc2F)n1C(C)C,True,pass,True,0,0,,,True,True,True,True,True,True,True,True,True,True,True,True,True,True,True,True,True,True,True,True,True,True
pose000435,435,CCOC(=O)N=S(C)(=O)Cc1cccc(Nc2ncc(F)c(-c3cccc4c3OCCC4)n2)c1,True,pass,True,0,0,,,True,True,True,True,True,True,True,True,True,True,True,True,True,True,True,True,True,True,True,True,True,True
pose000436,436,O=C(NCc1ccccc1)N1CCN(c2ccccc2Cl)CC1,True,pass,True,0,0,,,True,True,True,True,True,True,True,True,True,True,True,True,True,True,True,True,True,True,True,True,True,True
pose000437,437,Cc1cccc(N2CCN(C(=O)NCc3ccccc3C)CC2)c1,True,pass,True,0,0,,,True,True,True,True,True,True,True,True,True,True,True,True,True,True,True,True,True,True,True,True,True,True
pose000438,438,CNC(=O)c1ccc(Nc2nccc(N3CCN(C(=O)Nc4ccccc4)CC3)n2)cc1,True,pass,True,0,0,,,True,True,True,True,True,True,True,True,True,True,True,True,True,True,True,True,True,True,True,True,True,True
pose000439,439,CCc1c(C(=O)NCCc2ccc(N3CCOCC3)cc2)[nH]c2ccc(C)cc12,True,pass,True,0,0,,,True,True,True,True,True,True,True,True,True,True,True,True,True,True,True,True,True,True,True,True,True,True
pose000440,440,CN1CCN(C(=O)c2ccc(CNc3ccc(Cl)cc3)cc2)CC1,True,pass,True,0,0,,,True,True,True,True,True,True,True,True,True,True,True,True,True,True,True,True,True,True,True,True,True,True
pose000441,441,COc1cc(N2CCCNCC2)cc(N2CCOCC2)c1OC,True,pass,True,0,0,,,True,True,True,True,True,True,True,True,True,True,True,True,True,True,True,True,True,True,True,True,True,True
pose000442,442,O=C(c1cccc(Nc2ccccc2)c1)N1CCOCC1,True,pass,True,0,0,,,True,True,True,True,True,True,True,True,True,True,True,True,True,True,True,True,True,True,True,True,True,True
pose000443,443,Cc1ccc(CC(=O)Nc2ccc(N3CCOCC3)cc2)cc1,True,pass,True,0,0,,,True,True,True,True,True,True,True,True,True,True,True,True,True,True,True,True,True,True,True,True,True,True
pose000444,444,Cc1ncc(OCc2ccc(S(N)(=O)=O)cc2)n1C(C)C,True,pass,True,0,0,,,True,True,True,True,True,True,True,True,True,True,True,True,True,True,True,True,True,True,True,True,True,True
pose000445,445,CC(C)(C)c1ccc(Nc2nccc(NC3CCCC(N)C3)n2)cc1,True,pass,True,0,0,,,True,True,True,True,True,True,True,True,True,True,True,True,True,True,True,True,True,True,True,True,True,True
pose000446,446,CNC(=O)c1ccc(-c2ccc(N3CCCOCC3)cn2)cc1,True,pass,True,0,0,,,True,True,True,True,True,True,True,True,True,True,True,True,True,True,True,True,True,True,True,True,True,True
pose000447,447,C=C(C)c1ccc2c(c1)c(CNC(=O)C1CCN(C)CC1)cn2C,True,pass,True,0,0,,,True,True,True,True,True,True,True,True,True,True,True,True,True,True,True,True,True,True,True,True,True,True
pose000448,448,CC(C)CCc1ccc(Oc2ccc(S(N)(=O)=O)cc2)cc1,True,pass,True,0,0,,,True,True,True,True,True,True,True,True,True,True,True,True,True,True,True,True,True,True,True,True,True,True
pose000449,449,CC(C)N(C)c1ccc(-c2ccc(S(N)(=O)=O)cc2)cc1,True,pass,True,0,0,,,True,True,True,True,True,True,True,True,True,True,True,True,True,True,True,True,True,True,True,True,True,True
pose000450,450,O=C(Cc1cccc(Cl)c1)NC(=O)c1cccc(F)c1,True,pass,True,0,0,,,True,True,True,True,True,True,True,True,True,True,True,True,True,True,True,True,True,True,True,True,True,True
pose000451,451,CN(C)CC(=O)N1CCc2nc(Nc3ncc(F)c(-c4ccccc4O[N+](=O)[O-])n3)ccc2C1,True,pass,True,0,0,,,True,True,True,True,True,True,True,True,True,True,True,True,True,True,True,True,True,True,True,True,True,True
pose000452,452,CNC(=O)c1ccccc1N(C)C(=O)c1ccc(C)cc1,True,pass,True,0,0,,,True,True,True,True,True,True,True,True,True,True,True,True,True,True,True,True,True,True,True,True,True,True
pose000453,453,CC(=O)NCc1ccc(-c2ccccc2NC(C)=O)cc1,True,pass,True,0,0,,,True,True,True,True,True,True,True,True,True,True,True,True,True,True,True,True,True,True,True,True,True,True
pose000454,454,CC(C)N(C)C(=O)c1ccc(Nc2ccccc2)cc1,True,pass,True,0,0,,,True,True,True,True,True,True,True,True,True,True,True,True,True,True,True,True,True,True,True,True,True,True
pose000455,455,c1ccc(Cc2nnc3sc(SSc4nn5c(Cc6ccccc6)nnc5s4)nn23)cc1,True,pass,True,0,0,,,True,True,True,True,True,True,True,True,True,True,True,True,True,True,True,True,True,True,True,True,True,True
pose000456,456,CCc1cnn2c(NCc3ccc[n+]([O-])c3)cc(C3CCCC[C@H]3C3CCCC[C@H]3CCCO)nc12,True,pass,True,0,0,,,True,True,True,True,True,True,True,True,True,True,True,True,True,True,True,True,True,True,True,True,True,True
pose000457,457,Cc1ncc(-c2nc(NCC3CC3)ccc2F)n1C(C)C,True,pass,True,0,0,,,True,True,True,True,True,True,True,True,True,True,True,True,True,True,True,True,True,True,True,True,True,True
pose000458,458,O=C(Nc1cccc(N2CCCC2)c1)c1cccc(Cl)c1,True,pass,True,0,0,,,True,True,True,True,True,True,True,True,True,True,True,True,True,True,True,True,True,True,True,True,True,True
pose000459,459,O=C(Nc1ccccc1)c1cccc(N2CCCC2)c1,True,pass,True,0,0,,,True,True,True,True,True,True,True,True,True,True,True,True,True,True,True,True,True,True,True,True,True,True
pose000460,460,O=C(Nc1ccc(N2CCOCC2)cc1)C1CCCC1,True,pass,True,0,0,,,True,True,True,True,True,True,True,True,True,True,True,True,True,True,True,True,True,True,True,True,True,True
pose000461,461,C1=C/COCc2cc(ccc2OCCN2CCCC2)Nc2nccc(n2)-c2csc(c2)COC/1,True,fail,False,4,0,bond_lengths|bond_angles|double_bond_flatness|internal_energy,,True,True,True,True,True,True,False,False,True,True,True,False,False,True,True,True,True,True,True,True,True,True
pose000462,462,ClC1CCN(C2OCc3ccc(Nc4nccc(N5CCNCC5)n4)cc32)CC1,True,pass,True,0,0,,,True,True,True,True,True,True,True,True,True,True,True,True,True,True,True,True,True,True,True,True,True,True
pose000463,463,Cc1ncc(-c2ccnc(Nc3ccc(C(N)=O)cc3)n2)n1C(C)C,True,pass,True,0,0,,,True,True,True,True,True,True,True,True,True,True,True,True,True,True,True,True,True,True,True,True,True,True
pose000464,464,CC(C)C(=O)N1CCN(c2ccc(N3CCC(O)CC3)cc2)CC1,True,pass,True,0,0,,,True,True,True,True,True,True,True,True,True,True,True,True,True,True,True,True,True,True,True,True,True,True
pose000465,465,CC(=N)CCC(=O)CC(=O)c1ccc(Nc2ncc(F)c(-c3cnc(C)n3C(C)C)n2)cc1,True,pass,True,0,0,,,True,True,True,True,True,True,True,True,True,True,True,True,True,True,True,True,True,True,True,True,True,True
pose000466,466,NS(=O)(=O)c1ccc(NC(=O)Cc2ccc(F)cc2)cc1,True,pass,True,0,0,,,True,True,True,True,True,True,True,True,True,True,True,True,True,True,True,True,True,True,True,True,True,True
pose000467,467,CC(C)C(=O)N1CCc2cnc(NCc3ccccc3)nc2C1,True,pass,True,0,0,,,True,True,True,True,True,True,True,True,True,True,True,True,True,True,True,True,True,True,True,True,True,True
pose000468,468,CC(C)N(C)c1ccc(C(=O)Nc2ccccc2)cc1,True,pass,True,0,0,,,True,True,True,True,True,True,True,True,True,True,True,True,True,True,True,True,True,True,True,True,True,True
pose000469,469,C=C(N=C(c1cnco1)C(C)CC)c1ccc2[nH]c(O)c(C=Nc3ccc(S(N)(=O)=O)cc3)c2c1,True,pass,True,0,0,,,True,True,True,True,True,True,True,True,True,True,True,True,True,True,True,True,True,True,True,True,True,True
pose000470,470,Cc1ncc(-c2ccnc(Nc3ccc(C(=O)N(C)C)c(F)c3)n2)n1C(C)C,True,pass,True,0,0,,,True,True,True,True,True,True,True,True,True,True,True,True,True,True,True,True,True,True,True,True,True,True
pose000471,471,O=C(NC(=S)Nc1ccc(Cl)cc1)c1cn(-c2ccccc2)nc1-c1ccc(Cl)cc1,True,pass,True,0,0,,,True,True,True,True,True,True,True,True,True,True,True,True,True,True,True,True,True,True,True,True,True,True
pose000472,472,O=C(c1cccc(-c2ccc(CO)cc2)c1)N1CCOCC1,True,pass,True,0,0,,,True,True,True,True,True,True,True,True,True,True,True,True,True,True,True,True,True,True,True,True,True,True
pose000473,473,NS(=O)(=O)c1ccc(Nc2ncc(C3CCCC3)cn2)cc1,True,pass,True,0,0,,,True,True,True,True,True,True,True,True,True,True,True,True,True,True,True,True,True,True,True,True,True,True
pose000474,474,NC(=O)n1cc(C(=O)NC(=S)Nc2ccc(Cl)cc2)c(-c2ccc(Cl)cc2)n1,True,pass,True,0,0,,,True,True,True,True,True,True,True,True,True,True,True,True,True,True,True,True,True,True,True,True,True,True
pose000475,475,Oc1ccc(N2CCC(O)CC2)cc1-c1nc(OCC2CCCCC2)c2[nH]cnc2n1,True,pass,True,0,0,,,True,True,True,True,True,True,True,True,True,True,True,True,True,True,True,True,True,True,True,True,True,True
pose000476,476,CN(C)CCNS(=O)(=O)c1ccc(Nc2cccc(-c3cnc4ccccn34)c2)cc1,True,pass,True,0,0,,,True,True,True,True,True,True,True,True,True,True,True,True,True,True,True,True,True,True,True,True,True,True
pose000477,477,CNC(=O)c1nn(C)c(-c2nc(Nc3cccc(S(N)(=O)=O)c3)ncc2C)c1C(C)C,True,pass,True,0,0,,,True,True,True,True,True,True,True,True,True,True,True,True,True,True,True,True,True,True,True,True,True,True
pose000478,478,CCNC(=O)c1ccc(-c2ccc(N(C)C)cc2)cc1,True,pass,True,0,0,,,True,True,True,True,True,True,True,True,True,True,True,True,True,True,True,True,True,True,True,True,True,True
pose000479,479,O=C(Cc1ccccc1)Nc1[nH]nc2ccc(NC(=O)C3CCC3)cc12,True,pass,True,0,0,,,True,True,True,True,True,True,True,True,True,True,True,True,True,True,True,True,True,True,True,True,True,True
pose000480,480,NS(=O)(=O)c1ccc(CN2CCc3ncccc3C2)cc1,True,pass,True,0,0,,,True,True,True,True,True,True,True,True,True,True,True,True,True,True,True,True,True,True,True,True,True,True
pose000481,481,Cc1cc(Nc2cnc(C#N)c(N[C@@H](C)c3ccc(F)cn3)n2)[nH]n1,True,pass,True,0,0,,,True,True,True,True,True,True,True,True,True,True,True,True,True,True,True,True,True,True,True,True,True,True
pose000482,482,CN=S(C)(=O)c1ccc(Nc2ncc(Br)c(N[C@H](C)[C@H](C)O)n2)cc1,True,pass,True,0,0,,,True,True,True,True,True,True,True,True,True,True,True,True,True,True,True,True,True,True,True,True,True,True
pose000483,483,COc1cc(F)ccc1Nc1ncc2c(n1)N([C@@H]1CCC[C@@H](O)C1)C(=O)C21CC1,True,pass,True,0,0,,,True,True,True,True,True,True,True,True,True,True,True,True,True,True,True,True,True,True,True,True,True,True
pose000484,484,CCCOc1ccc(-c2ccc(S(N)(=O)=O)cc2)cc1,True,pass,True,0,0,,,True,True,True,True,True,True,True,True,True,True,True,True,True,True,True,True,True,True,True,True,True,True
pose000485,485,O=C(Cc1ccc(O)cc1)Nc1[nH]nc2ccc(Nc3[nH]nc4ccc(N5CCCS5(=O)=O)cc34)cc12,True,pass,True,0,0,,,True,True,True,True,True,True,True,True,True,True,True,True,True,True,True,True,True,True,True,True,True,True
pose000486,486,CN(C)C(=O)c1ccc(-c2ccc(S(N)(=O)=O)cc2)cc1,True,pass,True,0,0,,,True,True,True,True,True,True,True,True,True,True,True,True,True,True,True,True,True,True,True,True,True,True
pose000487,487,Cc1ccc(F)c(C(=O)Nc2ccc(N3CCOCC3)cc2)c1,True,pass,True,0,0,,,True,True,True,True,True,True,True,True,True,True,True,True,True,True,True,True,True,True,True,True,True,True
pose000488,488,CC(C)=C(C)c1ccc(C(=O)c2ccc(Nc3ncc(F)c(-c4cnc(C)n4C(C)C)n3)cc2)cc1,True,pass,True,0,0,,,True,True,True,True,True,True,True,True,True,True,True,True,True,True,True,True,True,True,True,True,True,True
pose000489,489,COc1ccc(-c2ccc(N3CCNCC3)cc2)c(OC)c1,True,pass,True,0,0,,,True,True,True,True,True,True,True,True,True,True,True,True,True,True,True,True,True,True,True,True,True,True
pose000490,490,CN1CCN(c2nc(-c3ccc(N4CCCNCC4)cc3)ncc2F)CC1,True,pass,True,0,0,,,True,True,True,True,True,True,True,True,True,True,True,True,True,True,True,True,True,True,True,True,True,True
pose000491,491,CN(C)CCCS(=O)(=O)c1ccc(Nc2nccc(Nc3ccc(F)cc3)n2)cc1,True,pass,True,0,0,,,True,True,True,True,True,True,True,True,True,True,True,True,True,True,True,True,True,True,True,True,True,True
pose000492,492,CC(C)C(F)(F)c1cccc(-c2ccc(S(N)(=O)=O)cc2)c1,True,pass,True,0,0,,,True,True,True,True,True,True,True,True,True,True,True,True,True,True,True,True,True,True,True,True,True,True
pose000493,493,C=C(C)c1nccc(-c2cc(NC)c(OC)c(OC)c2)n1,True,pass,True,0,0,,,True,True,True,True,True,True,True,True,True,True,True,True,True,True,True,True,True,True,True,True,True,True
pose000494,494,CS(=O)(=O)C=Cc1cccc(-c2ccc(S(N)(=O)=O)cc2)c1,True,pass,True,0,0,,,True,True,True,True,True,True,True,True,True,True,True,True,True,True,True,True,True,True,True,True,True,True
pose000495,495,O=C(O)c1ccc(-c2nccc(C(=O)N3CCCC3)n2)cc1,True,pass,True,0,0,,,True,True,True,True,True,True,True,True,True,True,True,True,True,True,True,True,True,True,True,True,True,True
pose000496,496,CN1CCN(Cc2ccc(C(=O)NC3CCC3)cc2)CC1,True,pass,True,0,0,,,True,True,True,True,True,True,True,True,True,True,True,True,True,True,True,True,True,True,True,True,True,True
pose000497,497,C1=C/COCc2cncc(c2)-c2ccnc(n2)Nc2cccc(c2)COC/1,True,pass,True,0,0,,,True,True,True,True,True,True,True,True,True,True,True,True,True,True,True,True,True,True,True,True,True,True
pose000498,498,CC(CNc1ccc(C(=O)C(C)C)cc1)=Nc1ccc(Nc2ncc(F)c(-c3cnc(C)n3C(C)C)n2)cc1,True,pass,True,0,0,,,True,True,True,True,True,True,True,True,True,True,True,True,True,True,True,True,True,True,True,True,True,True
pose000499,499,Nc1ncccc1-c1nc2ccccc2[nH]1,True,pass,True,0,0,,,True,True,True,True,True,True,True,True,True,True,True,True,True,True,True,True,True,True,True,True,True,True
pose000500,500,CCC(C)c1cccc(-c2ccc(S(N)(=O)=O)cc2)c1,True,pass,True,0,0,,,True,True,True,True,True,True,True,True,True,True,True,True,True,True,True,True,True,True,True,True,True,True
pose000501,501,Cc1ncc(-c2nc(Nc3ccc(C(=O)N4CC[C@H](N(C)C)C4)cc3)ncc2F)n1C(C)C,True,pass,True,0,0,,,True,True,True,True,True,True,True,True,True,True,True,True,True,True,True,True,True,True,True,True,True,True
pose000502,502,COc1cc(N2CCN(C(=O)O)CC2)ccc1-c1ccccc1,True,pass,True,0,0,,,True,True,True,True,True,True,True,True,True,True,True,True,True,True,True,True,True,True,True,True,True,True
pose000503,503,O=S(=O)(NCCO)c1ccc(N=Cc2c(O)[nH]c3ccc4ncsc4c23)cc1,True,pass,True,0,0,,,True,True,True,True,True,True,True,True,True,True,True,True,True,True,True,True,True,True,True,True,True,True
pose000504,504,N=C1NC(=O)/C(=C/c2ccc(-c3ccc(CCO)c(C(F)(F)CF)c3)o2)S1,True,pass,True,0,0,,,True,True,True,True,True,True,True,True,True,True,True,True,True,True,True,True,True,True,True,True,True,True
pose000505,505,CCc1cnn2c(NCc3ccc[n+]([O-])c3)cc(N3CCCC[C@H]3CN3CCC4C[C@H]3CC4CCO)nc12,True,pass,True,0,0,,,True,True,True,True,True,True,True,True,True,True,True,True,True,True,True,True,True,True,True,True,True,True
pose000506,506,COc1cc(N2CCON(c3ccnc(N)n3)CC2)ccc1C(C)C,True,pass,True,0,0,,,True,True,True,True,True,True,True,True,True,True,True,True,True,True,True,True,True,True,True,True,True,True
pose000507,507,CN(CCc1nn(C(C)(C)C)c2ncnc(N)c12)C(C)(C)C,True,pass,True,0,0,,,True,True,True,True,True,True,True,True,True,True,True,True,True,True,True,True,True,True,True,True,True,True
pose000508,508,CC(C)C(=O)N1CCN(c2ccc(NC(=O)O)cc2)CC1,True,pass,True,0,0,,,True,True,True,True,True,True,True,True,True,True,True,True,True,True,True,True,True,True,True,True,True,True
pose000509,509,c1cnc(N2CCOCC2)c(-c2ccc(N3CCCNCC3)cc2)c1,True,pass,True,0,0,,,True,True,True,True,True,True,True,True,True,True,True,True,True,True,True,True,True,True,True,True,True,True
pose000510,510,NS(=O)(=O)c1ccc(-c2ccc(N3CCCS3(=O)=O)cc2)cc1,True,pass,True,0,0,,,True,True,True,True,True,True,True,True,True,True,True,True,True,True,True,True,True,True,True,True,True,True
pose000511,511,CC(C)c1ccc(Nc2ccc(S(N)(=O)=O)cc2)cc1F,True,pass,True,0,0,,,True,True,True,True,True,True,True,True,True,True,True,True,True,True,True,True,True,True,True,True,True,True
pose000512,512,Cc1ncc(-c2ccnc(Nc3ccc(-c4ccc(C(N)=O)cn4)cc3)n2)n1C(C)C,True,pass,True,0,0,,,True,True,True,True,True,True,True,True,True,True,True,True,True,True,True,True,True,True,True,True,True,True
pose000513,513,Cc1cccc(CCNC(=O)c2cc(C)ccc2F)c1,True,pass,True,0,0,,,True,True,True,True,True,True,True,True,True,True,True,True,True,True,True,True,True,True,True,True,True,True
pose000514,514,Cc1ncc(-c2cc(NC3CCOCC3)ncc2F)n1C(C)C,True,pass,True,0,0,,,True,True,True,True,True,True,True,True,True,True,True,True,True,True,True,True,True,True,True,True,True,True
pose000515,515,CC(C)NCc1cccc(F)c1-c1ccc(C(=O)NC(C)C)nc1,True,pass,True,0,0,,,True,True,True,True,True,True,True,True,True,True,True,True,True,True,True,True,True,True,True,True,True,True
pose000516,516,Cc1ncc(-c2nc(NC(=O)N(C)C)ncc2F)n1C(C)C,True,pass,True,0,0,,,True,True,True,True,True,True,True,True,True,True,True,True,True,True,True,True,True,True,True,True,True,True
pose000517,517,COc1ccc(C(=O)Nc2ccc(Cl)cc2)cc1OC,True,pass,True,0,0,,,True,True,True,True,True,True,True,True,True,True,True,True,True,True,True,True,True,True,True,True,True,True
pose000518,518,CN1CCN(NNSc2cnc(Nc3ncc4c(n3)-c3c(c(C(N)=O)nn3C)CC4)nc2)CC1,True,pass,True,0,0,,,True,True,True,True,True,True,True,True,True,True,True,True,True,True,True,True,True,True,True,True,True,True
pose000519,519,COc1cccc(N2CCN(c3ccc(O)cc3)CC2)c1,True,pass,True,0,0,,,True,True,True,True,True,True,True,True,True,True,True,True,True,True,True,True,True,True,True,True,True,True
pose000520,520,COc1ccc(Nc2ccc(S(=O)(=O)N(C)C)cc2)cc1,True,pass,True,0,0,,,True,True,True,True,True,True,True,True,True,True,True,True,True,True,True,True,True,True,True,True,True,True
pose000521,521,O=c1cc(-c2ccc(O)c(O)c2)oc2cc(O)cc(O)c12,True,pass,True,0,0,,,True,True,True,True,True,True,True,True,True,True,True,True,True,True,True,True,True,True,True,True,True,True
pose000522,522,N[C@H]1CC[C@H](Nc2nc(Nc3ccccc3)c3ncn(C4CCCC4)c3n2)CC1,True,pass,True,0,0,,,True,True,True,True,True,True,True,True,True,True,True,True,True,True,True,True,True,True,True,True,True,True
pose000523,523,N[S+]([O-])c1cccc2[nH]c(O)c(N=Nc3ccc(N=Nc4ccc(S(N)(=O)=O)cc4)cc3)c12,True,pass,True,0,0,,,True,True,True,True,True,True,True,True,True,True,True,True,True,True,True,True,True,True,True,True,True,True
pose000524,524,CC(=O)Nc1cccc(C(=O)N2CCN(c3ccc(C(C)C)cc3)CC2)c1,True,pass,True,0,0,,,True,True,True,True,True,True,True,True,True,True,True,True,True,True,True,True,True,True,True,True,True,True
pose000525,525,CN1CCN(c2ccc(NC(=O)Cc3cccc(Cl)c3)cc2)CC1,True,pass,True,0,0,,,True,True,True,True,True,True,True,True,True,True,True,True,True,True,True,True,True,True,True,True,True,True
pose000526,526,Cc1ncc(-c2ccnc(Nc3ccc(C(=O)NCCO)cc3)n2)n1C(C)C,True,pass,True,0,0,,,True,True,True,True,True,True,True,True,True,True,True,True,True,True,True,True,True,True,True,True,True,True
pose000527,527,Cc1cc(CNC(=O)c2nn(C)c3c2CCc2cnc(NCc4cccnc4)nc2-3)ccn1,True,pass,True,0,0,,,True,True,True,True,True,True,True,True,True,True,True,True,True,True,True,True,True,True,True,True,True,True
pose000528,528,CN1CCC(Cc2cn(C)c3ccc(C(N)=O)cc23)CC1,True,pass,True,0,0,,,True,True,True,True,True,True,True,True,True,True,True,True,True,True,True,True,True,True,True,True,True,True
pose000529,529,O=C(c1ccccc1)N1CCN(c2ccccc2)CC1,True,pass,True,0,0,,,True,True,True,True,True,True,True,True,True,True,True,True,True,True,True,True,True,True,True,True,True,True
pose000530,530,CC(C)(C)Cc1ccc(Nc2ccc(S(N)(=O)=O)cc2)cc1,True,pass,True,0,0,,,True,True,True,True,True,True,True,True,True,True,True,True,True,True,True,True,True,True,True,True,True,True
pose000531,531,CC(=O)Nc1cccc(C(=O)N2CCN(c3ccccc3)CC2)c1,True,pass,True,0,0,,,True,True,True,True,True,True,True,True,True,True,True,True,True,True,True,True,True,True,True,True,True,True
pose000532,532,COC(=O)[C@@]1(Cc2ccc(O)c(CC=C(C)C)c2)OC(=O)C(=O)C1c1ccc(O)cc1,True,fail,False,1,0,minimum_distance_to_protein,,True,True,True,True,True,True,True,True,True,True,True,True,True,True,False,True,True,True,True,True,True,True
pose000533,533,CCc1cnn2c(NCc3ccc[n+]([O-])c3)cc(N3CCCC[C@H]3N3CCCC[C@H]3CCO)nc12,True,pass,True,0,0,,,True,True,True,True,True,True,True,True,True,True,True,True,True,True,True,True,True,True,True,True,True,True
pose000534,534,NC(=O)c1ccc(-c2cccc(C(=O)N3CCCC3)c2)cc1,True,pass,True,0,0,,,True,True,True,True,True,True,True,True,True,True,True,True,True,True,True,True,True,True,True,True,True,True
pose000535,535,Nc1ccc2[nH]c(O)c(NCc3ccc[nH]3)c2c1N=NNNc1ccc(S(N)(=O)=O)cc1,True,pass,True,0,0,,,True,True,True,True,True,True,True,True,True,True,True,True,True,True,True,True,True,True,True,True,True,True
pose000536,536,CC(C)C1CCN(c2ccc(Nc3ncc4cc5n(c4n3)C3(CCCCC3)CNC5=O)nc2)CC1,True,pass,True,0,0,,,True,True,True,True,True,True,True,True,True,True,True,True,True,True,True,True,True,True,True,True,True,True
pose000537,537,O=C(Cc1[nH]nc2ccc(N3CCCS3(=O)=O)cc12)Nc1[nH]nc2ccc(N3CCCS3(=O)=O)cc12,True,pass,True,0,0,,,True,True,True,True,True,True,True,True,True,True,True,True,True,True,True,True,True,True,True,True,True,True
pose000538,538,CCc1cccc(NC(=O)c2ccnc(C)c2)c1OC,True,pass,True,0,0,,,True,True,True,True,True,True,True,True,True,True,True,True,True,True,True,True,True,True,True,True,True,True
pose000539,539,CNC(=O)Cc1ccccc1C(=O)N1CCCCCCC1,True,pass,True,0,0,,,True,True,True,True,True,True,True,True,True,True,True,True,True,True,True,True,True,True,True,True,True,True
pose000540,540,CN(C)CC(=O)Nc1ccccc1-c1cccc(C(=O)N2CCOCC2)c1,True,fail,False,1,0,internal_energy,,True,True,True,True,True,True,True,True,True,True,True,True,False,True,True,True,True,True,True,True,True,True
pose000541,541,CN(c1ccc(-c2ccc(S(N)(=O)=O)cc2)cc1)C1CC1,True,pass,True,0,0,,,True,True,True,True,True,True,True,True,True,True,True,True,True,True,True,True,True,True,True,True,True,True
pose000542,542,O=C(Nc1ccccc1)C1CCN(C(=O)c2ccc(F)cc2)CC1,True,pass,True,0,0,,,True,True,True,True,True,True,True,True,True,True,True,True,True,True,True,True,True,True,True,True,True,True
pose000543,543,CN1CCN(c2ccc(NC(=O)c3ccccn3)cc2)CC1,True,pass,True,0,0,,,True,True,True,True,True,True,True,True,True,True,True,True,True,True,True,True,True,True,True,True,True,True
pose000544,544,CN(C)CC(=O)Nc1cccc(-c2cccc(N(C)C)c2)c1,True,pass,True,0,0,,,True,True,True,True,True,True,True,True,True,True,True,True,True,True,True,True,True,True,True,True,True,True
pose000545,545,CCN(CC)C1CCN(c2ccc(CCO)nc2)CC1,True,pass,True,0,0,,,True,True,True,True,True,True,True,True,True,True,True,True,True,True,True,True,True,True,True,True,True,True
pose000546,546,CS(=N)(=O)Cc1cccc(Nc2ncc(F)c(-c3cccc4c3OCCC4)n2)c1,True,pass,True,0,0,,,True,True,True,True,True,True,True,True,True,True,True,True,True,True,True,True,True,True,True,True,True,True
pose000547,547,COc1cc(-c2cc(OC)c3c(F)ccc4c3c2C(=O)N4)cc(OC)c1OC,True,pass,True,0,0,,,True,True,True,True,True,True,True,True,True,True,True,True,True,True,True,True,True,True,True,True,True,True
pose000548,548,NS(=O)(=O)c1ccc(NC(=O)Nc2ccccc2)cc1,True,pass,True,0,0,,,True,True,True,True,True,True,True,True,True,True,True,True,True,True,True,True,True,True,True,True,True,True
pose000549,549,O=C(Nc1[nH]nc2cc(-c3ccc(O)cc3)ccc12)C1CC1,True,pass,True,0,0,,,True,True,True,True,True,True,True,True,True,True,True,True,True,True,True,True,True,True,True,True,True,True
pose000550,550,CN(C)C(=O)c1ccccc1Nc1ccc(N2CCOCC2)cc1,True,pass,True,0,0,,,True,True,True,True,True,True,True,True,True,True,True,True,True,True,True,True,True,True,True,True,True,True
pose000551,551,COCCOCCOCCOCCN(C)S(=O)(=O)c1ccc(N=Cc2c(O)[nH]c3ccc4ncsc4c23)cc1,True,pass,True,0,0,,,True,True,True,True,True,True,True,True,True,True,True,True,True,True,True,True,True,True,True,True,True,True
pose000552,552,O=C(c1cc(Cc2ccccc2)ccc1O)N1CCCCC1,True,pass,True,0,0,,,True,True,True,True,True,True,True,True,True,True,True,True,True,True,True,True,True,True,True,True,True,True
pose000553,553,Cc1ccccc1C(=O)NC(=O)Cc1ccccc1F,True,pass,True,0,0,,,True,True,True,True,True,True,True,True,True,True,True,True,True,True,True,True,True,True,True,True,True,True
pose000554,554,CCc1cnn2c(NCc3ccc[n+]([O-])c3)cc(N3CCCC[C@H]3CN3CCCC[C@H]3SSCO)nc12,True,pass,True,0,0,,,True,True,True,True,True,True,True,True,True,True,True,True,True,True,True,True,True,True,True,True,True,True
pose000555,555,CN(C)c1ccc(Nc2ccc(N3CCOCC3)cc2)cc1,True,pass,True,0,0,,,True,True,True,True,True,True,True,True,True,True,True,True,True,True,True,True,True,True,True,True,True,True
pose000556,556,CNC(=O)c1ccc(Nc2ccc(F)cc2OC)cc1,True,pass,True,0,0,,,True,True,True,True,True,True,True,True,True,True,True,True,True,True,True,True,True,True,True,True,True,True
pose000557,557,CNCc1ccc(C(C)c2ccc(S(N)(=O)=O)cc2)cc1,True,pass,True,0,0,,,True,True,True,True,True,True,True,True,True,True,True,True,True,True,True,True,True,True,True,True,True,True
pose000558,558,CC(C1CC1)n1cnc2c(NCc3cccc(C(F)(F)F)c3)nc(NCCC#N)nc21,True,pass,True,0,0,,,True,True,True,True,True,True,True,True,True,True,True,True,True,True,True,True,True,True,True,True,True,True
pose000559,559,CC(=O)N1CCC(C(=O)Nc2ccc(CN(C)C)cc2)CC1,True,pass,True,0,0,,,True,True,True,True,True,True,True,True,True,True,True,True,True,True,True,True,True,True,True,True,True,True
pose000560,560,C=C(C)c1ccc2c(c1)c(CCNC(=O)N1CCC(N)CC1)cn2C,True,pass,True,0,0,,,True,True,True,True,True,True,True,True,True,True,True,True,True,True,True,True,True,True,True,True,True,True
pose000561,561,O=C(OCc1ccccc1)N1CCN(Nc2ccccc2)CC1,True,pass,True,0,0,,,True,True,True,True,True,True,True,True,True,True,True,True,True,True,True,True,True,True,True,True,True,True
pose000562,562,CCn1c(-c2nc(NC(=O)CC(C)(C)C)ncc2F)cnc1C,True,pass,True,0,0,,,True,True,True,True,True,True,True,True,True,True,True,True,True,True,True,True,True,True,True,True,True,True
pose000563,563,Cc1ncc(-c2nc(Nc3ccc(N4CCOCC4)cc3)ncc2F)n1C(C)C,True,pass,True,0,0,,,True,True,True,True,True,True,True,True,True,True,True,True,True,True,True,True,True,True,True,True,True,True
pose000564,564,COc1cc(N2CCN(C(C)=O)CC2)ccc1Nc1ccccc1,True,pass,True,0,0,,,True,True,True,True,True,True,True,True,True,True,True,True,True,True,True,True,True,True,True,True,True,True
pose000565,565,Cn1cc(CCC(=O)N2CCCCNCC2)c2cc(C3CC3)ccc21,True,pass,True,0,0,,,True,True,True,True,True,True,True,True,True,True,True,True,True,True,True,True,True,True,True,True,True,True
pose000566,566,NS(=O)(=O)c1ccc(N=NSC(=O)c2c(=O)[nH]c3ccc4[nH]cccc4c23)cc1,True,pass,True,0,0,,,True,True,True,True,True,True,True,True,True,True,True,True,True,True,True,True,True,True,True,True,True,True
pose000567,567,CCC(C)Nc1ncc(F)c(-c2cnc(C)n2C(C)C)n1,True,pass,True,0,0,,,True,True,True,True,True,True,True,True,True,True,True,True,True,True,True,True,True,True,True,True,True,True
pose000568,568,CC(C)=CC=Cc1ccc(N=C(N)c2ccc(Nc3nccc(-c4cnc(C)n4C(C)C)n3)cc2)cc1,True,pass,True,0,0,,,True,True,True,True,True,True,True,True,True,True,True,True,True,True,True,True,True,True,True,True,True,True
pose000569,569,COC(=O)Nc1ncc(F)c(-c2cnc(C)n2C(C)C)n1,True,pass,True,0,0,,,True,True,True,True,True,True,True,True,True,True,True,True,True,True,True,True,True,True,True,True,True,True
pose000570,570,C=C(C)N=CS[SH](N)C(=O)CC(=O)c1ccc(Nc2ncc(F)c(-c3cnc(C)n3C(C)C)n2)cc1,True,pass,True,0,0,,,True,True,True,True,True,True,True,True,True,True,True,True,True,True,True,True,True,True,True,True,True,True
pose000571,571,CCOC(=O)N=S(C)(=O)Cc1cccc(Nc2ncc(F)c(-c3ccc(F)cc3OC)n2)c1,True,pass,True,0,0,,,True,True,True,True,True,True,True,True,True,True,True,True,True,True,True,True,True,True,True,True,True,True
pose000572,572,c1cc(N2CCNCC2)nc(Nc2ccc3c(c2)C(C2CCCCC2)OC3)n1,True,pass,True,0,0,,,True,True,True,True,True,True,True,True,True,True,True,True,True,True,True,True,True,True,True,True,True,True
pose000573,573,O=C(c1ccccc1)c1cccc(N2CCCNCC2)c1,True,pass,True,0,0,,,True,True,True,True,True,True,True,True,True,True,True,True,True,True,True,True,True,True,True,True,True,True
pose000574,574,NS(=O)(=O)c1ccc(N=Nc2c(O)[nH]c3ccc4ncsc4c23)cc1,True,pass,True,0,0,,,True,True,True,True,True,True,True,True,True,True,True,True,True,True,True,True,True,True,True,True,True,True
pose000575,575,NC(=O)c1ccc2[nH]c(O)c(N=Nc3ccc(S(N)(=O)=O)cc3)c2c1,True,pass,True,0,0,,,True,True,True,True,True,True,True,True,True,True,True,True,True,True,True,True,True,True,True,True,True,True
pose000576,576,Cc1ccc(C(=O)Nc2ncccc2N2CCOCC2)cc1,True,pass,True,0,0,,,True,True,True,True,True,True,True,True,True,True,True,True,True,True,True,True,True,True,True,True,True,True
pose000577,577,CN1CCN(c2ccc(Nc3ccc(F)cc3)cc2)CC1,True,pass,True,0,0,,,True,True,True,True,True,True,True,True,True,True,True,True,True,True,True,True,True,True,True,True,True,True
pose000578,578,CSS[C@H](Oc1nc(Nc2ccc(S(=O)(=O)C(=O)NN[C@@H](C)O)cc2)ncc1C(F)(F)F)[C@@H](C)O,True,pass,True,0,0,,,True,True,True,True,True,True,True,True,True,True,True,True,True,True,True,True,True,True,True,True,True,True
pose000579,579,Nc1ccccc1NC(=O)/C=C/c1ccc(-c2ccc3ncnc(Nc4ccc(OCc5cccc(F)c5)c(Cl)c4)c3c2)cc1,True,pass,True,0,0,,,True,True,True,True,True,True,True,True,True,True,True,True,True,True,True,True,True,True,True,True,True,True
pose000580,580,CC(C)C(=O)N1CCc2cnc(Nc3cnn(C)c3)nc2C1,True,pass,True,0,0,,,True,True,True,True,True,True,True,True,True,True,True,True,True,True,True,True,True,True,True,True,True,True
pose000581,581,O=C(Nc1ccc(N2CC=NCC2)cc1)c1ccccc1,True,pass,True,0,0,,,True,True,True,True,True,True,True,True,True,True,True,True,True,True,True,True,True,True,True,True,True,True
pose000582,582,NS(=O)(=O)c1ccc(Nc2ccc(C(F)F)cc2)cc1,True,pass,True,0,0,,,True,True,True,True,True,True,True,True,True,True,True,True,True,True,True,True,True,True,True,True,True,True
pose000583,583,CNc1nc(-c2ccc(C3=CCN(C(C)=O)CC3)cn2)ncc1F,True,pass,True,0,0,,,True,True,True,True,True,True,True,True,True,True,True,True,True,True,True,True,True,True,True,True,True,True
pose000584,584,C=CC(=O)Nc1ccc(C(=O)N2CCCC(Nc3ncc(CNCc4ncc(C(C)(C)C)o4)s3)C2)cc1,True,pass,True,0,0,,,True,True,True,True,True,True,True,True,True,True,True,True,True,True,True,True,True,True,True,True,True,True
pose000585,585,Cc1ncc(-c2nc(NCCC(C)C)ncc2F)n1C(C)C,True,pass,True,0,0,,,True,True,True,True,True,True,True,True,True,True,True,True,True,True,True,True,True,True,True,True,True,True
pose000586,586,CCN(CC)C1CCN(c2ccc(-c3ccc(O)cn3)nc2)CC1,True,pass,True,0,0,,,True,True,True,True,True,True,True,True,True,True,True,True,True,True,True,True,True,True,True,True,True,True
pose000587,587,NS(=O)(=O)c1ccc(-c2ccc(OC3=CCC3)cc2)cc1,True,pass,True,0,0,,,True,True,True,True,True,True,True,True,True,True,True,True,True,True,True,True,True,True,True,True,True,True
pose000588,588,COc1cc(NC(=O)c2ccccn2)cc(C(=O)O)c1OC,True,pass,True,0,0,,,True,True,True,True,True,True,True,True,True,True,True,True,True,True,True,True,True,True,True,True,True,True
pose000589,589,O=C(c1ccccc1)N1CCN(NCc2ccccc2)CC1,True,pass,True,0,0,,,True,True,True,True,True,True,True,True,True,True,True,True,True,True,True,True,True,True,True,True,True,True
pose000590,590,CC(=O)NC(=O)Nc1ncc(F)c(-c2cnc(C)n2C(C)C)n1,True,pass,True,0,0,,,True,True,True,True,True,True,True,True,True,True,True,True,True,True,True,True,True,True,True,True,True,True
pose000591,591,CC(C)c1ccc(Nc2cccc(S(N)(=O)=O)c2)cc1,True,pass,True,0,0,,,True,True,True,True,True,True,True,True,True,True,True,True,True,True,True,True,True,True,True,True,True,True
pose000592,592,O=C(Nc1ccc(Cl)cc1)N1CCc2cnc(NC3CC3)nc2C1,True,pass,True,0,0,,,True,True,True,True,True,True,True,True,True,True,True,True,True,True,True,True,True,True,True,True,True,True
pose000593,593,CC(=O)Nc1ccc(N=Cc2c(=O)[nH]c(O)c3cc(Br)ccc23)cc1,True,pass,True,0,0,,,True,True,True,True,True,True,True,True,True,True,True,True,True,True,True,True,True,True,True,True,True,True
pose000594,594,COc1cc(-c2ccc3c(-c4nc5c(N6CCN(C)CC6)cccc5[nH]4)[nH]nc3c2)ccc1O,True,pass,True,0,0,,,True,True,True,True,True,True,True,True,True,True,True,True,True,True,True,True,True,True,True,True,True,True
pose000595,595,CC(=O)Nc1ccc(-c2ccc(C(=O)N3CCCCC3)o2)cc1,True,pass,True,0,0,,,True,True,True,True,True,True,True,True,True,True,True,True,True,True,True,True,True,True,True,True,True,True
pose000596,596,NS(=O)(=O)c1ccc(CCc2c(F)cccc2F)cc1,True,pass,True,0,0,,,True,True,True,True,True,True,True,True,True,True,True,True,True,True,True,True,True,True,True,True,True,True
pose000597,597,CCn1c(-c2ccnc(Nc3ccc(S(=O)(=O)NCCOC)cc3)n2)cnc1C,True,pass,True,0,0,,,True,True,True,True,True,True,True,True,True,True,True,True,True,True,True,True,True,True,True,True,True,True
pose000598,598,CCc1cnn2c(NCc3ccc[n+]([O-])c3)cc(N3CCCC[C@H]3CCCc3ccc[n+]([O-])c3)nc12,True,pass,True,0,0,,,True,True,True,True,True,True,True,True,True,True,True,True,True,True,True,True,True,True,True,True,True,True
pose000599,599,C[C@@H](Oc1cc(-c2cc(-c3cc(CN(C)C)cs3)cnc2N)ccc1C(N)=O)c1ccccc1C(F)(F)F,True,pass,True,0,0,,,True,True,True,True,True,True,True,True,True,True,True,True,True,True,True,True,True,True,True,True,True,True
pose000600,600,O=C1NC(=O)C(c2cnc3ccccn23)=C1c1cn2c3c(cc(F)cc13)CN(C(=O)N1CCCCC1)CC2,True,pass,True,0,0,,,True,True,True,True,True,True,True,True,True,True,True,True,True,True,True,True,True,True,True,True,True,True
pose000601,601,Cc1ncc(-c2ccnc(Nc3ccc(S(=O)(=O)Oc4cnc(C)n4C(C)C)cc3)n2)n1OC(C)C,True,pass,True,0,0,,,True,True,True,True,True,True,True,True,True,True,True,True,True,True,True,True,True,True,True,True,True,True
pose000602,602,Cc1ncc(-c2ccnc(Nc3ccc(F)cc3)n2)n1C(C)C,True,pass,True,0,0,,,True,True,True,True,True,True,True,True,True,True,True,True,True,True,True,True,True,True,True,True,True,True
pose000603,603,CC(C)Oc1nc(Nc2ccc(S(=O)(=O)O[C@@H]([C@H](C)[C@@H](C)O)[C@@H](C)O)cc2)ncc1C(F)(F)F,True,fail,False,1,0,internal_energy,,True,True,True,True,True,True,True,True,True,True,True,True,False,True,True,True,True,True,True,True,True,True
pose000604,604,Cc1ncc(Nc2ccnc(Nc3cccc([SH](=O)=O)c3)n2)n1C(C)C,True,pass,True,0,0,,,True,True,True,True,True,True,True,True,True,True,True,True,True,True,True,True,True,True,True,True,True,True
pose000605,605,CC(Oc1nc(Nc2ccc(S(=O)(=O)C(O)[C@@H](C)O)cc2)ncc1C(F)(F)F)[C@@H](C)O,True,pass,True,0,0,,,True,True,True,True,True,True,True,True,True,True,True,True,True,True,True,True,True,True,True,True,True,True
pose000606,606,CC(C)(C)CCN1CCN(c2ccc(Nc3ncc4cc5n(c4n3)C3(CCCC3)CNC5=O)nc2)CC1,True,pass,True,0,0,,,True,True,True,True,True,True,True,True,True,True,True,True,True,True,True,True,True,True,True,True,True,True
pose000607,607,C[C@@H](O)[C@@H](C)Oc1nc(Nc2ccc(S(=N)(=O)C(F)(NF)NF)cc2)ncc1C(F)(F)F,True,pass,True,0,0,,,True,True,True,True,True,True,True,True,True,True,True,True,True,True,True,True,True,True,True,True,True,True
pose000608,608,Oc1ccc(CN2CCN(c3ccccc3)CC2)cc1,True,pass,True,0,0,,,True,True,True,True,True,True,True,True,True,True,True,True,True,True,True,True,True,True,True,True,True,True
pose000609,609,C[C@H]1CC[C@@H](n2c3cnccc3c3cnc(Nc4ccc5c(n4)CCN(C(=O)CO)C5)nc32)CC1,True,pass,True,0,0,,,True,True,True,True,True,True,True,True,True,True,True,True,True,True,True,True,True,True,True,True,True,True
pose000610,610,CCN(C)c1ccc(-c2ccc(N3CCCNCC3)cc2)cc1,True,pass,True,0,0,,,True,True,True,True,True,True,True,True,True,True,True,True,True,True,True,True,True,True,True,True,True,True
pose000611,611,CC(C)(C)S(=O)(=O)c1ccc(-c2ccc(S(N)(=O)=O)cc2)cc1,True,pass,True,0,0,,,True,True,True,True,True,True,True,True,True,True,True,True,True,True,True,True,True,True,True,True,True,True
pose000612,612,C=C(C)C(=O)C(=O)C(=O)c1ccc(Nc2ncc(F)c(-c3cnc(C)n3C(C)C)n2)cc1,True,pass,True,0,0,,,True,True,True,True,True,True,True,True,True,True,True,True,True,True,True,True,True,True,True,True,True,True
pose000613,613,CC(C)Cc1ccc(Nc2ccc(S(N)(=O)=O)cc2)cc1,True,pass,True,0,0,,,True,True,True,True,True,True,True,True,True,True,True,True,True,True,True,True,True,True,True,True,True,True
pose000614,614,CC(C)C(F)(F)c1ccc(Cc2ccc(S(N)(=O)=O)cc2)cc1,True,pass,True,0,0,,,True,True,True,True,True,True,True,True,True,True,True,True,True,True,True,True,True,True,True,True,True,True
pose000615,615,CCCN(C)c1ccc(-c2ccc(S(N)(=O)=O)cc2)cc1,True,pass,True,0,0,,,True,True,True,True,True,True,True,True,True,True,True,True,True,True,True,True,True,True,True,True,True,True
pose000616,616,CC(C)NC(=O)c1ccc(O)c(-c2cc(N=C3CCCC3)nc(N)n2)c1,True,pass,True,0,0,,,True,True,True,True,True,True,True,True,True,True,True,True,True,True,True,True,True,True,True,True,True,True
pose000617,617,Cc1ncc(-c2ccnc(-c3ccnc(Nc4ccc(C(N)=O)cc4)n3)n2)n1C(C)C,True,pass,True,0,0,,,True,True,True,True,True,True,True,True,True,True,True,True,True,True,True,True,True,True,True,True,True,True
pose000618,618,Nc1nccc(-c2cc(N3CCC(O)C3)ccc2O)n1,True,pass,True,0,0,,,True,True,True,True,True,True,True,True,True,True,True,True,True,True,True,True,True,True,True,True,True,True
pose000619,619,NS(=O)(=O)c1ccc(-c2cccc(S(N)(=O)=O)c2)cc1,True,pass,True,0,0,,,True,True,True,True,True,True,True,True,True,True,True,True,True,True,True,True,True,True,True,True,True,True
pose000620,620,Cc1ccccc1NCC(=O)Nc1c(C)cccc1C,True,pass,True,0,0,,,True,True,True,True,True,True,True,True,True,True,True,True,True,True,True,True,True,True,True,True,True,True
pose000621,621,CNc1nccc(-n2ccc3ccc(C#N)cc32)n1,True,pass,True,0,0,,,True,True,True,True,True,True,True,True,True,True,True,True,True,True,True,True,True,True,True,True,True,True
pose000622,622,O=c1[nH]c(O)c(C=NCCc2ccc(O)cc2)c2c(Br)cccc12,True,pass,True,0,0,,,True,True,True,True,True,True,True,True,True,True,True,True,True,True,True,True,True,True,True,True,True,True
pose000623,623,CC(C)(C)N1CC=C(c2ccc(Nc3ccc(S(C)(=O)=O)cc3)cc2)CC1,True,pass,True,0,0,,,True,True,True,True,True,True,True,True,True,True,True,True,True,True,True,True,True,True,True,True,True,True
pose000624,624,CC(=O)c1c(C)c2cnc(Nc3cocn3)nc2n(C2CCCC2)c1=O,True,pass,True,0,0,,,True,True,True,True,True,True,True,True,True,True,True,True,True,True,True,True,True,True,True,True,True,True
pose000625,625,Cn1cnc(S(=O)(=O)N2CCC(Nc3ncc(C(F)(F)F)c(Nc4cccc(Cl)c4)n3)CC2)c1,True,pass,True,0,0,,,True,True,True,True,True,True,True,True,True,True,True,True,True,True,True,True,True,True,True,True,True,True
pose000626,626,CC(C)Nc1ccc(-c2ccc(S(N)(=O)=O)cc2)nc1,True,fail,False,1,0,internal_energy,,True,True,True,True,True,True,True,True,True,True,True,True,False,True,True,True,True,True,True,True,True,True
pose000627,627,CC(=O)NC(=O)c1ccc(NC(=O)c2ccc(C)cc2)cc1,True,pass,True,0,0,,,True,True,True,True,True,True,True,True,True,True,True,True,True,True,True,True,True,True,True,True,True,True
pose000628,628,NS(=O)(=O)c1ccc(N=Nc2ccc(SC(=O)c3c(=O)[nH]c4ccc5[nH]cccc5c34)cc2)cc1,True,pass,True,0,0,,,True,True,True,True,True,True,True,True,True,True,True,True,True,True,True,True,True,True,True,True,True,True
pose000629,629,Cc1ccc(F)c(CNC(=O)c2ccc(N(C)C)cc2)c1,True,pass,True,0,0,,,True,True,True,True,True,True,True,True,True,True,True,True,True,True,True,True,True,True,True,True,True,True
pose000630,630,CN1CC([C@@H](NC(=O)c2ccc3cnccc3c2)c2ccc(Cl)c(Cl)c2)C1,True,pass,True,0,0,,,True,True,True,True,True,True,True,True,True,True,True,True,True,True,True,True,True,True,True,True,True,True
pose000631,631,NS(=O)(=O)c1ccc(Nc2cc(-c3cccc(NC(=O)Nc4cc(C(F)(F)F)ccc4F)c3)[nH]n2)cc1,True,pass,True,0,0,,,True,True,True,True,True,True,True,True,True,True,True,True,True,True,True,True,True,True,True,True,True,True
pose000632,632,Nc1ccc2[nH]c(O)c(C=Cc3ccc(NNc4ccc[nH]4)cc3)c2c1C=Nc1ccc(S(N)(=O)=O)cc1,True,pass,True,0,0,,,True,True,True,True,True,True,True,True,True,True,True,True,True,True,True,True,True,True,True,True,True,True
pose000633,633,CC(C)C(=O)N1CCc2cnc(NCC3CCC3)nc2C1,True,pass,True,0,0,,,True,True,True,True,True,True,True,True,True,True,True,True,True,True,True,True,True,True,True,True,True,True
pose000634,634,CC(O)C(C)Sc1nc(Nc2ccc(S(C)(=N)=O)cc2)ncc1Br,True,pass,True,0,0,,,True,True,True,True,True,True,True,True,True,True,True,True,True,True,True,True,True,True,True,True,True,True
pose000635,635,CC(=O)Nc1ccc(Nc2ccc(N3CC=NCC3)cc2)c(C)c1,True,pass,True,0,0,,,True,True,True,True,True,True,True,True,True,True,True,True,True,True,True,True,True,True,True,True,True,True
pose000636,636,CCS(=O)(=O)Nc1ccc2[nH]nc(Nc3ccc(S(N)(=O)=O)cc3)c2c1,True,pass,True,0,0,,,True,True,True,True,True,True,True,True,True,True,True,True,True,True,True,True,True,True,True,True,True,True
pose000637,637,CC(=O)Nc1ccc(CNc2nc(N3CCC[C@H](O)C3)nc3c(C(C)C)cnn23)cc1,True,pass,True,0,0,,,True,True,True,True,True,True,True,True,True,True,True,True,True,True,True,True,True,True,True,True,True,True
pose000638,638,O=C(c1ccccc1)N1CCN(Nc2ccc(Cl)cc2)CC1,True,pass,True,0,0,,,True,True,True,True,True,True,True,True,True,True,True,True,True,True,True,True,True,True,True,True,True,True
pose000639,639,CC(C)Nc1ncc2c(n1)CN(Cc1ccccc1)CCC2,True,pass,True,0,0,,,True,True,True,True,True,True,True,True,True,True,True,True,True,True,True,True,True,True,True,True,True,True
pose000640,640,CC(C)c1ccc(CC(=O)c2ccc(S(N)(=O)=O)cc2)cc1,True,pass,True,0,0,,,True,True,True,True,True,True,True,True,True,True,True,True,True,True,True,True,True,True,True,True,True,True
pose000641,641,Cc1nc(-c2ccc(S(N)(=O)=O)cc2)ccc1C(C)(C)C,True,pass,True,0,0,,,True,True,True,True,True,True,True,True,True,True,True,True,True,True,True,True,True,True,True,True,True,True
pose000642,642,COc1ccc(NC(=O)c2ccc(OC)c(Cl)c2)cc1Cl,True,pass,True,0,0,,,True,True,True,True,True,True,True,True,True,True,True,True,True,True,True,True,True,True,True,True,True,True
pose000643,643,C[C@@H](O)c1cc2cnc(Nc3ccc(N4CCNCC4)cn3)nc2n1C1CCCC1,True,pass,True,0,0,,,True,True,True,True,True,True,True,True,True,True,True,True,True,True,True,True,True,True,True,True,True,True
pose000644,644,COc1cc(-c2ccc(O)cc2C)c(F)c(OC)c1OC,True,pass,True,0,0,,,True,True,True,True,True,True,True,True,True,True,True,True,True,True,True,True,True,True,True,True,True,True
pose000645,645,CCC(=O)N1CCc2cnc(Nc3ccc(C)c(Cl)c3)nc2C1,True,pass,True,0,0,,,True,True,True,True,True,True,True,True,True,True,True,True,True,True,True,True,True,True,True,True,True,True
pose000646,646,N#Cc1cnn2c(Nc3ccc(F)c(Cl)c3)cc(N[C@H]3CC[C@H](N)CC3)nc12,True,pass,True,0,0,,,True,True,True,True,True,True,True,True,True,True,True,True,True,True,True,True,True,True,True,True,True,True
pose000647,647,Cc1ccc(N(CC#N)c2cc(Nc3ccc(OCC(O)CN(C)C)cc3)ncn2)c(Br)c1,True,pass,True,0,0,,,True,True,True,True,True,True,True,True,True,True,True,True,True,True,True,True,True,True,True,True,True,True
pose000648,648,NS(=O)(=O)c1ccc(N=Cc2ccc3[nH]c(O)c(C=Nc4ccc(S(N)(=O)=O)cc4)c3c2-c2ccc[nH]2)cc1,True,pass,True,0,0,,,True,True,True,True,True,True,True,True,True,True,True,True,True,True,True,True,True,True,True,True,True,True
pose000649,649,Nc1nc(Nc2ccc(S(N)(=O)=O)cc2)nn1C(=O)c1c(F)cccc1F,True,pass,True,0,0,,,True,True,True,True,True,True,True,True,True,True,True,True,True,True,True,True,True,True,True,True,True,True
pose000650,650,Cc1ccc(-c2ccc(S(N)(=O)=O)cc2)nc1CCCC(C)C,True,pass,True,0,0,,,True,True,True,True,True,True,True,True,True,True,True,True,True,True,True,True,True,True,True,True,True,True
pose000651,651,CCOc1cc(F)ccc1-c1nc(Nc2cc(F)cc(CS(C)(=O)=NC#N)c2)ncc1F,True,pass,True,0,0,,,True,True,True,True,True,True,True,True,True,True,True,True,True,True,True,True,True,True,True,True,True,True
pose000652,652,O=C(Cc1ccc(Cl)cc1)Nc1ccc(N2CCOCC2)cc1,True,pass,True,0,0,,,True,True,True,True,True,True,True,True,True,True,True,True,True,True,True,True,True,True,True,True,True,True
pose000653,653,Oc1cc(F)ccc1-c1nc(CNc2ccc(CN3CCOCC3)cc2)ncc1F,True,pass,True,0,0,,,True,True,True,True,True,True,True,True,True,True,True,True,True,True,True,True,True,True,True,True,True,True
pose000654,654,COc1ccc(CN(C)/C=C2\C(=O)NC(=O)c3ccc(Br)cc32)cc1O,True,pass,True,0,0,,,True,True,True,True,True,True,True,True,True,True,True,True,True,True,True,True,True,True,True,True,True,True
pose000655,655,NCCNCCn1nc(C(N)=O)c2c1-c1nc(Nc3ccccc3)ncc1CC2,True,pass,True,0,0,,,True,True,True,True,True,True,True,True,True,True,True,True,True,True,True,True,True,True,True,True,True,True
pose000656,656,Cc1nnc2sc(SCc3ccccc3)nn12,True,pass,True,0,0,,,True,True,True,True,True,True,True,True,True,True,True,True,True,True,True,True,True,True,True,True,True,True
pose000657,657,CCc1cnn2c(NCc3ccc[n+]([O-])c3)cc(N3CCCC[C@H]3CO)nc12,True,pass,True,0,0,,,True,True,True,True,True,True,True,True,True,True,True,True,True,True,True,True,True,True,True,True,True,True
pose000658,658,Cn1cc(CCC2CCN(C(=O)C(F)F)CC2)c2cc(C(N)=O)ccc21,True,pass,True,0,0,,,True,True,True,True,True,True,True,True,True,True,True,True,True,True,True,True,True,True,True,True,True,True
pose000659,659,O=C(O)c1ccc(-c2ccc(N3CCCCNCC3)cc2)cc1,True,pass,True,0,0,,,True,True,True,True,True,True,True,True,True,True,True,True,True,True,True,True,True,True,True,True,True,True
pose000660,660,O=C(Cc1ccc(-c2ccccc2)c(F)c1)Nc1cc(C2CC2)[nH]n1,True,pass,True,0,0,,,True,True,True,True,True,True,True,True,True,True,True,True,True,True,True,True,True,True,True,True,True,True
pose000661,661,CCN1CCC(c2c(O)cc(O)c3c2O/C(=C\c2ccc(CC(O)CN(C)C)cc2)C3=O)CC1,True,pass,True,0,0,,,True,True,True,True,True,True,True,True,True,True,True,True,True,True,True,True,True,True,True,True,True,True
pose000662,662,O=S(=O)(Nc1ccccc1)c1ccc(N=Cc2c(O)[nH]c3ccc4ncsc4c23)cc1,True,pass,True,0,0,,,True,True,True,True,True,True,True,True,True,True,True,True,True,True,True,True,True,True,True,True,True,True
pose000663,663,Cc1ccccc1NC(=O)c1ccnc(N2CCCOCC2)c1,True,pass,True,0,0,,,True,True,True,True,True,True,True,True,True,True,True,True,True,True,True,True,True,True,True,True,True,True
pose000664,664,CC(C)C=c1cc(-c2ccc[nH]2)c2c(O)[nH]c3ccc(F)c1c32,True,pass,True,0,0,,,True,True,True,True,True,True,True,True,True,True,True,True,True,True,True,True,True,True,True,True,True,True
pose000665,665,CC(C)C(=O)c1ccc(Nc2ccc(S(N)(=O)=O)cc2)cc1,True,pass,True,0,0,,,True,True,True,True,True,True,True,True,True,True,True,True,True,True,True,True,True,True,True,True,True,True
pose000666,666,CNC(=O)Cc1ccc(NC(=O)c2ccccc2C)cc1,True,pass,True,0,0,,,True,True,True,True,True,True,True,True,True,True,True,True,True,True,True,True,True,True,True,True,True,True
pose000667,667,C=C(C)c1cc(C(=O)Nc2ccccc2C)cc(OC)c1N1CCOCC1,True,pass,True,0,0,,,True,True,True,True,True,True,True,True,True,True,True,True,True,True,True,True,True,True,True,True,True,True
pose000668,668,C=C(C)c1ccc(-c2ccc(S(N)(=O)=O)cc2)cc1Br,True,pass,True,0,0,,,True,True,True,True,True,True,True,True,True,True,True,True,True,True,True,True,True,True,True,True,True,True
pose000669,669,COCCc1nnc(N2CCCNCC2)c2cccc(C)c12,True,pass,True,0,0,,,True,True,True,True,True,True,True,True,True,True,True,True,True,True,True,True,True,True,True,True,True,True
pose000670,670,CNC(C)c1cccc(C(C)c2ccc(S(N)(=O)=O)cc2)c1,True,pass,True,0,0,,,True,True,True,True,True,True,True,True,True,True,True,True,True,True,True,True,True,True,True,True,True,True
pose000671,671,CC(C)(C)c1ccc(Cc2ccc(S(N)(=O)=O)cc2)nc1,True,pass,True,0,0,,,True,True,True,True,True,True,True,True,True,True,True,True,True,True,True,True,True,True,True,True,True,True
pose000672,672,COc1cccc(C(=O)N2CCN(C(=O)C(C)C)CC2)c1,True,pass,True,0,0,,,True,True,True,True,True,True,True,True,True,True,True,True,True,True,True,True,True,True,True,True,True,True
pose000673,673,C=c1[nH]c(O)c(NCCc2c[nH]c3ccccc23)c1=C1CN=CS1,True,pass,True,0,0,,,True,True,True,True,True,True,True,True,True,True,True,True,True,True,True,True,True,True,True,True,True,True
pose000674,674,CO[C@@]1(C)C(=O)C(O)C(C)=C2OC(=O)c3c(C)cc(O)c(C)c3O[C@@H]21,True,pass,True,0,0,,,True,True,True,True,True,True,True,True,True,True,True,True,True,True,True,True,True,True,True,True,True,True
pose000675,675,COc1cc(/C=C2\Oc3cc4occc4c(OC)c3C2=O)ccc1OCC(=O)Nc1ccccc1,True,pass,True,0,0,,,True,True,True,True,True,True,True,True,True,True,True,True,True,True,True,True,True,True,True,True,True,True
pose000676,676,COc1ccc2[nH]c(O)c(N=Nc3ccc(S(N)(=O)=O)cc3)c2c1,True,pass,True,0,0,,,True,True,True,True,True,True,True,True,True,True,True,True,True,True,True,True,True,True,True,True,True,True
pose000677,677,CCC(=O)Nc1ccc(NC(=O)c2ccccc2F)cc1,True,pass,True,0,0,,,True,True,True,True,True,True,True,True,True,True,True,True,True,True,True,True,True,True,True,True,True,True
pose000678,678,CN(C)C(=O)c1cccc(C(=O)Nc2cc(N3CCOCC3)ccc2F)c1,True,pass,True,0,0,,,True,True,True,True,True,True,True,True,True,True,True,True,True,True,True,True,True,True,True,True,True,True
pose000679,679,Cc1cc(C(=O)N(C)C)ccc1-c1ccccc1CO,True,pass,True,0,0,,,True,True,True,True,True,True,True,True,True,True,True,True,True,True,True,True,True,True,True,True,True,True
pose000680,680,CS(=O)(=O)N1CCC(Nc2ncc(C(F)(F)F)c(-c3cnn(-c4ccccc4F)c3)n2)CC1,True,pass,True,0,0,,,True,True,True,True,True,True,True,True,True,True,True,True,True,True,True,True,True,True,True,True,True,True
pose000681,681,COc1ccc(-c2nc3c(NCCCNC(=O)C4CC(O)C4)c(Br)cnc3[nH]2)cc1,True,pass,True,0,0,,,True,True,True,True,True,True,True,True,True,True,True,True,True,True,True,True,True,True,True,True,True,True
pose000682,682,NS(=O)(=O)c1ccc(N=Nc2c(O)[nH]c3ccc(C(=O)NCCc4c[nH]cn4)cc23)cc1,True,pass,True,0,0,,,True,True,True,True,True,True,True,True,True,True,True,True,True,True,True,True,True,True,True,True,True,True
pose000683,683,CC(C)c1cccc(Cc2ccc(S(N)(=O)=O)cn2)c1,True,pass,True,0,0,,,True,True,True,True,True,True,True,True,True,True,True,True,True,True,True,True,True,True,True,True,True,True
pose000684,684,CNC(=O)c1ccc(Nc2ccc(N3CCCOCC3)cc2)cc1,True,pass,True,0,0,,,True,True,True,True,True,True,True,True,True,True,True,True,True,True,True,True,True,True,True,True,True,True
pose000685,685,O=C(O)c1ccccc1NNc1ncc2c(n1)CN(C(=O)C1CCC1)CC2,True,pass,True,0,0,,,True,True,True,True,True,True,True,True,True,True,True,True,True,True,True,True,True,True,True,True,True,True
pose000686,686,CCc1cnn2c(NCc3ccc[n+]([O-])c3)cc(C3CCCC[C@H]3CCO)nc12,True,pass,True,0,0,,,True,True,True,True,True,True,True,True,True,True,True,True,True,True,True,True,True,True,True,True,True,True
pose000687,687,CC(=O)C(C)CCSC(=O)c1ccc(Nc2ncc(F)c(-c3cnc(C)n3C(C)C)n2)cc1,True,pass,True,0,0,,,True,True,True,True,True,True,True,True,True,True,True,True,True,True,True,True,True,True,True,True,True,True
pose000688,688,COc1cc(F)ccc1-c1nc(Nc2cc(Br)cc(CS(C)(=O)=NC#N)c2)ncc1F,True,pass,True,0,0,,,True,True,True,True,True,True,True,True,True,True,True,True,True,True,True,True,True,True,True,True,True,True
pose000689,689,CC(C)S(=O)(=O)c1ccc(-c2ccc(Nc3ncc(C(F)(F)F)c(O[C@H](C)[C@@H](C)O)n3)cc2)cc1,True,pass,True,0,0,,,True,True,True,True,True,True,True,True,True,True,True,True,True,True,True,True,True,True,True,True,True,True
pose000690,690,Cc1ccccc1NC(=O)N1CCN(c2ccccc2)CC1,True,pass,True,0,0,,,True,True,True,True,True,True,True,True,True,True,True,True,True,True,True,True,True,True,True,True,True,True
pose000691,691,CC(C)(C)c1nccc(CCc2ccc(S(N)(=O)=O)cc2)n1,True,pass,True,0,0,,,True,True,True,True,True,True,True,True,True,True,True,True,True,True,True,True,True,True,True,True,True,True
pose000692,692,COc1ccccc1NC(=O)c1ccc(N2CCN(C)CC2)cc1,True,pass,True,0,0,,,True,True,True,True,True,True,True,True,True,True,True,True,True,True,True,True,True,True,True,True,True,True
pose000693,693,C[C@@H](NC(=O)N1CCc2cnc(N[C@H]3CCO[C@@H](CO)C3)nc2C1)c1ccc(Cl)c(Cl)c1,True,pass,True,0,0,,,True,True,True,True,True,True,True,True,True,True,True,True,True,True,True,True,True,True,True,True,True,True
pose000694,694,CCS(=N)(=O)c1ccc(Nc2ncc(Br)c(N[C@H](COC)[C@H](C)O)n2)cc1,True,pass,True,0,0,,,True,True,True,True,True,True,True,True,True,True,True,True,True,True,True,True,True,True,True,True,True,True
pose000695,695,Cc1ncc(-c2nc(NCC3CCN(C)CC3)ncc2F)n1C(C)C,True,pass,True,0,0,,,True,True,True,True,True,True,True,True,True,True,True,True,True,True,True,True,True,True,True,True,True,True
pose000696,696,COC(=O)CC(=O)CC(=O)c1ccc2[nH]c(O)c(C=Nc3ccc(S(N)(=O)=O)cc3)c2c1,True,pass,True,0,0,,,True,True,True,True,True,True,True,True,True,True,True,True,True,True,True,True,True,True,True,True,True,True
pose000697,697,CCC(C)=NCC(=O)c1ccc(Nc2ncc(F)c(-c3cnc(C)n3C(C)C)n2)cc1,True,pass,True,0,0,,,True,True,True,True,True,True,True,True,True,True,True,True,True,True,True,True,True,True,True,True,True,True
pose000698,698,C=C(C)c1ccc2c(c1)c(CNC(=O)N1CCC(N)CC1)cn2C,True,pass,True,0,0,,,True,True,True,True,True,True,True,True,True,True,True,True,True,True,True,True,True,True,True,True,True,True
pose000699,699,C[C@@H](O)[C@@H](C)Oc1nc(Nc2ccc(S(=O)(=O)C(C)(C)C)cc2)ncc1C(F)(F)F,True,pass,True,0,0,,,True,True,True,True,True,True,True,True,True,True,True,True,True,True,True,True,True,True,True,True,True,True
pose000700,700,O=c1[nH]cc(-c2ccc(N3CCNCC3)cn2)c2sc(-c3ccncc3)cc12,True,pass,True,0,0,,,True,True,True,True,True,True,True,True,True,True,True,True,True,True,True,True,True,True,True,True,True,True
pose000701,701,CN1CCC(Cc2cn(C)c3ccc(N4CCCNCC4)cc23)CC1,True,pass,True,0,0,,,True,True,True,True,True,True,True,True,True,True,True,True,True,True,True,True,True,True,True,True,True,True
pose000702,702,CS(=O)(=O)c1ccc2[nH]c(O)c(N=Nc3ccc(S(N)(=O)=O)cc3)c2c1,True,pass,True,0,0,,,True,True,True,True,True,True,True,True,True,True,True,True,True,True,True,True,True,True,True,True,True,True
pose000703,703,O=C(NC1CCC1)c1ccc(CN2CCCCC2)cc1,True,pass,True,0,0,,,True,True,True,True,True,True,True,True,True,True,True,True,True,True,True,True,True,True,True,True,True,True
pose000704,704,CN1CCCN(c2cccc(C(=O)Nc3ccccc3)c2)CC1,True,pass,True,0,0,,,True,True,True,True,True,True,True,True,True,True,True,True,True,True,True,True,True,True,True,True,True,True
pose000705,705,Cc1ncc(-c2ccnc(Nc3ccc(Nc4nccc(-c5cnc(C)n5C(C)C)n4)cc3)n2)n1C(C)C,True,pass,True,0,0,,,True,True,True,True,True,True,True,True,True,True,True,True,True,True,True,True,True,True,True,True,True,True
pose000706,706,COc1ccc(Nc2nc(N)c(N=O)c(OCC3CCCCC3)n2)cc1,True,pass,True,0,0,,,True,True,True,True,True,True,True,True,True,True,True,True,True,True,True,True,True,True,True,True,True,True
pose000707,707,O=C(Nc1ccc(N2CCCCC2)cc1)c1ccc(F)cc1,True,pass,True,0,0,,,True,True,True,True,True,True,True,True,True,True,True,True,True,True,True,True,True,True,True,True,True,True
pose000708,708,O=C(Cc1ccc(N=C2CCOCC2)cc1)Nc1ccc(N2CCOCC2)cc1,True,pass,True,0,0,,,True,True,True,True,True,True,True,True,True,True,True,True,True,True,True,True,True,True,True,True,True,True
pose000709,709,CC(C)c1ccc(Oc2ccc(S(N)(=O)=O)cc2)cc1F,True,pass,True,0,0,,,True,True,True,True,True,True,True,True,True,True,True,True,True,True,True,True,True,True,True,True,True,True
pose000710,710,c1cc2c(nc1N1CCC(NN3CCCCC3)CC1)CCNC2,True,pass,True,0,0,,,True,True,True,True,True,True,True,True,True,True,True,True,True,True,True,True,True,True,True,True,True,True
pose000711,711,O=C(O)N1CCN(C(=O)c2ccc(CCc3ccccc3)cc2)CC1,True,pass,True,0,0,,,True,True,True,True,True,True,True,True,True,True,True,True,True,True,True,True,True,True,True,True,True,True
pose000712,712,CNC(=O)Cc1ccc(-c2ccc(C(=O)NC)cc2)cc1,True,pass,True,0,0,,,True,True,True,True,True,True,True,True,True,True,True,True,True,True,True,True,True,True,True,True,True,True
pose000713,713,CN(C)Cc1ccc(NC(=O)c2ccccc2)c(C(=O)N(C)C)c1,True,fail,False,1,0,internal_energy,,True,True,True,True,True,True,True,True,True,True,True,True,False,True,True,True,True,True,True,True,True,True
pose000714,714,CC(C)S(=O)(=O)Cc1ccc(-c2ccc(S(N)(=O)=O)cc2)cc1,True,pass,True,0,0,,,True,True,True,True,True,True,True,True,True,True,True,True,True,True,True,True,True,True,True,True,True,True
pose000715,715,COC[C@@H](Nc1nc(Nc2ccc(S(C)(=N)=O)cc2)ncc1Br)[C@@H](C)O,True,pass,True,0,0,,,True,True,True,True,True,True,True,True,True,True,True,True,True,True,True,True,True,True,True,True,True,True
pose000716,716,O=c1[nH]c(O)c(C=Nc2ccc(CN3CCOCC3)cc2)c2ccccc12,True,pass,True,0,0,,,True,True,True,True,True,True,True,True,True,True,True,True,True,True,True,True,True,True,True,True,True,True
pose000717,717,O=C(Nc1ncc2c(n1)CN(C(=O)c1ccccc1)CC2)C1CCC1,True,pass,True,0,0,,,True,True,True,True,True,True,True,True,True,True,True,True,True,True,True,True,True,True,True,True,True,True
pose000718,718,CCNC(=O)N1CCC[C@H](Nc2ncc(Cl)c(-c3c[nH]c4ccccc34)n2)C1,True,pass,True,0,0,,,True,True,True,True,True,True,True,True,True,True,True,True,True,True,True,True,True,True,True,True,True,True
pose000719,719,C[C@@H](Oc1nc(Nc2ccc(-c3ccc(S(=O)(=O)S(N)(=O)=O)cc3)cc2)ncc1C(F)(F)F)C(C)(C)O,True,pass,True,0,0,,,True,True,True,True,True,True,True,True,True,True,True,True,True,True,True,True,True,True,True,True,True,True
pose000720,720,COc1cc(Nc2ncc(Br)c(N[C@H](C)C(C)(C)O)n2)ccc1S(C)(=N)=O,True,pass,True,0,0,,,True,True,True,True,True,True,True,True,True,True,True,True,True,True,True,True,True,True,True,True,True,True
pose000721,721,CCc1cnc(Nc2ccc(S(=O)(=O)C3CC3)cc2)nc1O[C@H](C)C(C)(C)O,True,pass,True,0,0,,,True,True,True,True,True,True,True,True,True,True,True,True,True,True,True,True,True,True,True,True,True,True
pose000722,722,Cn1cc(CC(=O)C2CCNCC2)c2cc(C3CC3)ccc21,True,pass,True,0,0,,,True,True,True,True,True,True,True,True,True,True,True,True,True,True,True,True,True,True,True,True,True,True
pose000723,723,CC(C=CCc1ccc[nH]1)=Nc1c(O)[nH]c2ccc(-c3ccc[nH]3)c(C=Nc3ccc(S(N)(=O)=O)cc3)c12,True,pass,True,0,0,,,True,True,True,True,True,True,True,True,True,True,True,True,True,True,True,True,True,True,True,True,True,True
pose000724,724,CCN(CCNC)Cc1ccc(NC(=O)C2CCN(S(=O)(=O)c3cnn(C)c3)CC2)cc1,True,pass,True,0,0,,,True,True,True,True,True,True,True,True,True,True,True,True,True,True,True,True,True,True,True,True,True,True
pose000725,725,N#CCCN(c1ccnc(Nc2ccc(S(N)(=O)=O)cc2)n1)c1cc(Cl)ccc1Cl,True,pass,True,0,0,,,True,True,True,True,True,True,True,True,True,True,True,True,True,True,True,True,True,True,True,True,True,True
pose000726,726,O=C1NCC2(CCCCCS2)n2c1cc1cnc(C3CCCCC3)nc12,True,pass,True,0,0,,,True,True,True,True,True,True,True,True,True,True,True,True,True,True,True,True,True,True,True,True,True,True
pose000727,727,CC(C)c1ccc(C(C)c2ccc(S(N)(=O)=O)cc2)cc1,True,pass,True,0,0,,,True,True,True,True,True,True,True,True,True,True,True,True,True,True,True,True,True,True,True,True,True,True
pose000728,728,CC(C)[C@@H](C)[C@@H](C)Oc1nc(Nc2ccc(S(=N)(=O)[C@H](C)[C@@H](C)O)cc2)ncc1C(F)(F)F,True,pass,True,0,0,,,True,True,True,True,True,True,True,True,True,True,True,True,True,True,True,True,True,True,True,True,True,True
pose000729,729,O=C(Cc1cccc2c1OCCC2)NCc1ccccc1,True,pass,True,0,0,,,True,True,True,True,True,True,True,True,True,True,True,True,True,True,True,True,True,True,True,True,True,True
pose000730,730,CNC(=O)C1CCN(c2ccc(C(=O)N(C)C)cc2)CC1,True,pass,True,0,0,,,True,True,True,True,True,True,True,True,True,True,True,True,True,True,True,True,True,True,True,True,True,True
pose000731,731,Cn1nc(C(N)=O)c2c1-c1nc(Nc3ccc(Nc4ccc(SC(=O)CN)cc4)cc3)ncc1CC2,True,pass,True,0,0,,,True,True,True,True,True,True,True,True,True,True,True,True,True,True,True,True,True,True,True,True,True,True
pose000732,732,NS(=O)(=O)c1ccc(NNNc2c(O)[nH]c3ccc(-c4c(N=O)[nH]c5ccc([N+](=O)[O-])cc45)cc23)cc1,True,pass,True,0,0,,,True,True,True,True,True,True,True,True,True,True,True,True,True,True,True,True,True,True,True,True,True,True
pose000733,733,Nc1nc(NC(=O)Cc2ccc(O)cc2)cc(C2CCCCCC2)n1,True,pass,True,0,0,,,True,True,True,True,True,True,True,True,True,True,True,True,True,True,True,True,True,True,True,True,True,True
pose000734,734,CC(C)(C)c1ccc(Nc2ccc(S(N)(=O)=O)cc2)nc1,True,pass,True,0,0,,,True,True,True,True,True,True,True,True,True,True,True,True,True,True,True,True,True,True,True,True,True,True
pose000735,735,COc1cc(F)ccc1-c1cc(Nc2cnn(CCCCCC(O)=NO)c2)ncc1F,True,pass,True,0,0,,,True,True,True,True,True,True,True,True,True,True,True,True,True,True,True,True,True,True,True,True,True,True
pose000736,736,COc1ccc(CCc2ccc(S(N)(=O)=O)cc2)cc1,True,pass,True,0,0,,,True,True,True,True,True,True,True,True,True,True,True,True,True,True,True,True,True,True,True,True,True,True
pose000737,737,CC(=O)N1CCC(NCc2ccc(C(=O)c3ccccc3)cc2)CC1,True,pass,True,0,0,,,True,True,True,True,True,True,True,True,True,True,True,True,True,True,True,True,True,True,True,True,True,True
pose000738,738,O=C(Cc1ccc(-c2ccccc2)cc1)Nc1cc(C2CC2)[nH]n1,True,pass,True,0,0,,,True,True,True,True,True,True,True,True,True,True,True,True,True,True,True,True,True,True,True,True,True,True
pose000739,739,O=C(c1ccc(-c2ccc(N3CCNCC3)cc2)cc1)N1CCCC1,True,pass,True,0,0,,,True,True,True,True,True,True,True,True,True,True,True,True,True,True,True,True,True,True,True,True,True,True
pose000740,740,NC(=O)c1cc(F)c(C(=O)c2c(N)nc3ccc(C(=O)c4c(Cl)cccc4Cl)cn23)c(F)c1,True,pass,True,0,0,,,True,True,True,True,True,True,True,True,True,True,True,True,True,True,True,True,True,True,True,True,True,True
pose000741,741,Cc1ncc(-c2nc(NC(=O)C3CC3)ncc2F)n1C(C)C,True,pass,True,0,0,,,True,True,True,True,True,True,True,True,True,True,True,True,True,True,True,True,True,True,True,True,True,True
pose000742,742,Cc1ncc(Nc2ccc(S(N)(=O)=O)cc2)n1C(C)C,True,pass,True,0,0,,,True,True,True,True,True,True,True,True,True,True,True,True,True,True,True,True,True,True,True,True,True,True
pose000743,743,CN1CCCN(Cc2ccc(-c3ccc(S(N)(=O)=O)cc3)cc2)CC1,True,pass,True,0,0,,,True,True,True,True,True,True,True,True,True,True,True,True,True,True,True,True,True,True,True,True,True,True
pose000744,744,COc1cc[nH]c1C=C1C(=O)Nc2ccc(F)c(C#C[C@@H]3CCCN3)c21,True,pass,True,0,0,,,True,True,True,True,True,True,True,True,True,True,True,True,True,True,True,True,True,True,True,True,True,True
pose000745,745,Cc1ncc(-c2nc(Nc3cnn(C)c3)ncc2F)n1C(C)C,True,pass,True,0,0,,,True,True,True,True,True,True,True,True,True,True,True,True,True,True,True,True,True,True,True,True,True,True
pose000746,746,N=C1NC(=O)/C(=C/c2ccc(-c3ccc(C(N)=O)cc3)o2)S1,True,pass,True,0,0,,,True,True,True,True,True,True,True,True,True,True,True,True,True,True,True,True,True,True,True,True,True,True
pose000747,747,CCc1cnn2c(NCc3ccc[n+]([O-])c3)cc(C3CCCC[C@H]3C[SH]=NN3CCCC[C@H]3CCO)nc12,True,pass,True,0,0,,,True,True,True,True,True,True,True,True,True,True,True,True,True,True,True,True,True,True,True,True,True,True
pose000748,748,O=C(Nc1ccccc1)c1ccc(C(=O)N2CCCC2)cc1,True,pass,True,0,0,,,True,True,True,True,True,True,True,True,True,True,True,True,True,True,True,True,True,True,True,True,True,True
pose000749,749,CNC(=O)c1ccc(C2=c3ccccc3=NC2=O)cc1,True,pass,True,0,0,,,True,True,True,True,True,True,True,True,True,True,True,True,True,True,True,True,True,True,True,True,True,True
pose000750,750,C[C@@H](O)[C@@H](C)Oc1nc(Nc2ccc(S(=O)(=O)C(F)O[C@H](C)[C@@H](C)O)cc2)ncc1C(F)(F)F,True,pass,True,0,0,,,True,True,True,True,True,True,True,True,True,True,True,True,True,True,True,True,True,True,True,True,True,True
pose000751,751,CN1CCN(c2ccc(NC(=O)c3ccccc3Cl)cc2)CC1,True,pass,True,0,0,,,True,True,True,True,True,True,True,True,True,True,True,True,True,True,True,True,True,True,True,True,True,True
pose000752,752,CNS(=O)(=O)c1cccc(Nc2nccc(Cc3ccc(O)cc3)n2)c1,True,pass,True,0,0,,,True,True,True,True,True,True,True,True,True,True,True,True,True,True,True,True,True,True,True,True,True,True
pose000753,753,CNc1ccc(-c2ccc(C(=O)N3CCN(C)CC3)cc2)cc1,True,pass,True,0,0,,,True,True,True,True,True,True,True,True,True,True,True,True,True,True,True,True,True,True,True,True,True,True
pose000754,754,Cc1ncc(-c2ccnc(Nc3ccc(S(=O)(=O)C(C)S)cc3)n2)n1C(C)C,True,pass,True,0,0,,,True,True,True,True,True,True,True,True,True,True,True,True,True,True,True,True,True,True,True,True,True,True
pose000755,755,COc1ccc(NC(=O)c2ccccc2)c(C(=O)N(C)C)c1,True,pass,True,0,0,,,True,True,True,True,True,True,True,True,True,True,True,True,True,True,True,True,True,True,True,True,True,True
pose000756,756,O=C(Nc1ccccc1)C1CCN(c2ccccc2)CC1,True,pass,True,0,0,,,True,True,True,True,True,True,True,True,True,True,True,True,True,True,True,True,True,True,True,True,True,True
pose000757,757,O=C(NCc1cccnc1)C1CCN(c2ccccc2)CC1,True,pass,True,0,0,,,True,True,True,True,True,True,True,True,True,True,True,True,True,True,True,True,True,True,True,True,True,True
pose000758,758,CN1C/C=C/CCOc2cccc(c2)-c2nc(nc3[nH]cnc23)Nc2cccc(c2)C1,True,pass,True,0,0,,,True,True,True,True,True,True,True,True,True,True,True,True,True,True,True,True,True,True,True,True,True,True
pose000759,759,COc1cc(-c2ccccn2)c(OC)c(N2CCCNCCC2)c1,True,pass,True,0,0,,,True,True,True,True,True,True,True,True,True,True,True,True,True,True,True,True,True,True,True,True,True,True
pose000760,760,CCc1nc(Nc2ccc(S(N)(=O)=O)cc2)ncc1Br,True,pass,True,0,0,,,True,True,True,True,True,True,True,True,True,True,True,True,True,True,True,True,True,True,True,True,True,True
pose000761,761,Cc1ncc(-c2ccnc(Nc3ccc(S(=O)(=O)NCCCOC(C)C)cc3)n2)n1C,True,pass,True,0,0,,,True,True,True,True,True,True,True,True,True,True,True,True,True,True,True,True,True,True,True,True,True,True
pose000762,762,COC1CCN(c2nccc(Nc3cc(OCC4CCCCC4)cc(=O)[nH]3)n2)CC1,True,pass,True,0,0,,,True,True,True,True,True,True,True,True,True,True,True,True,True,True,True,True,True,True,True,True,True,True
pose000763,763,CC(C)c1ccc(C(=O)Nc2ccc(N(C)C)cc2)cc1,True,pass,True,0,0,,,True,True,True,True,True,True,True,True,True,True,True,True,True,True,True,True,True,True,True,True,True,True
pose000764,764,C[C@@H](Oc1nc(Nc2ccc(S(C)(=O)=O)cc2)ncc1C(F)(F)F)C(C)(C)OC(F)(F)F,True,pass,True,0,0,,,True,True,True,True,True,True,True,True,True,True,True,True,True,True,True,True,True,True,True,True,True,True
pose000765,765,CC(C)c1cnn2c(NCc3ccccc3-n3cccn3)nc(OC3CCCNC3)nc12,True,pass,True,0,0,,,True,True,True,True,True,True,True,True,True,True,True,True,True,True,True,True,True,True,True,True,True,True
pose000766,766,CCc1cc(Nc2cc(NC3CCN3)n3ncc(C#N)c3n2)ccc1C,True,pass,True,0,0,,,True,True,True,True,True,True,True,True,True,True,True,True,True,True,True,True,True,True,True,True,True,True
pose000767,767,O=C1NCC2(CCCC2)n2c1cc1cnc(Nc3ccc(N4CC=C(C(F)(F)F)CC4)cn3)nc12,True,pass,True,0,0,,,True,True,True,True,True,True,True,True,True,True,True,True,True,True,True,True,True,True,True,True,True,True
pose000768,768,CCc1cccc2[nH]c(O)c(N=Nc3ccc(S(N)(=O)=O)cc3)c12,True,pass,True,0,0,,,True,True,True,True,True,True,True,True,True,True,True,True,True,True,True,True,True,True,True,True,True,True
pose000769,769,CN1CCN(c2ccc(N=Cc3c(=O)[nH]c(O)c4ccc(-c5ccc(C=O)cc5)cc34)cc2)CC1,True,pass,True,0,0,,,True,True,True,True,True,True,True,True,True,True,True,True,True,True,True,True,True,True,True,True,True,True
pose000770,770,COc1cccc(CNC(=O)c2ccc(S(N)(=O)=O)cc2)c1,True,pass,True,0,0,,,True,True,True,True,True,True,True,True,True,True,True,True,True,True,True,True,True,True,True,True,True,True
pose000771,771,CCN1CCC(COc2ccc(-c3cnc(NC(=O)C(C)CCNC)s3)nc2)CC1,True,pass,True,0,0,,,True,True,True,True,True,True,True,True,True,True,True,True,True,True,True,True,True,True,True,True,True,True
pose000772,772,COC=Cc1c(C)c(O)[nH]c(=O)c1NC(=O)c1ccc(C(C)(C)SC)cc1,True,pass,True,0,0,,,True,True,True,True,True,True,True,True,True,True,True,True,True,True,True,True,True,True,True,True,True,True
pose000773,773,CNC(=O)c1nn(C)c2c1C(C)(C)Cc1cnc(Nc3cccc(SCC4CC4)c3)nc1-2,True,pass,True,0,0,,,True,True,True,True,True,True,True,True,True,True,True,True,True,True,True,True,True,True,True,True,True,True
pose000774,774,NC(=O)SCCn1nc(C(N)=O)c2c1-c1nc(Nc3ccccc3)ncc1CC2,True,pass,True,0,0,,,True,True,True,True,True,True,True,True,True,True,True,True,True,True,True,True,True,True,True,True,True,True
pose000775,775,CCc1cnn2c(NCc3ccc[n+]([O-])c3)cc(N3CCCCC3CN3CCCC[C@H]3CCCO)nc12,True,pass,True,0,0,,,True,True,True,True,True,True,True,True,True,True,True,True,True,True,True,True,True,True,True,True,True,True
pose000776,776,Cc1cc(C)c(Nc2cc(N3CCCOCC3)ccn2)cn1,True,pass,True,0,0,,,True,True,True,True,True,True,True,True,True,True,True,True,True,True,True,True,True,True,True,True,True,True
pose000777,777,CNC(=O)c1cccc(Nc2ccc(N3CCOCC3)cc2)c1,True,pass,True,0,0,,,True,True,True,True,True,True,True,True,True,True,True,True,True,True,True,True,True,True,True,True,True,True
pose000778,778,CC(O[C@H](C)[C@@H](C)O)S(=N)(=O)c1ccc(Nc2ncc(C(F)(F)F)c(O[C@H](C)[C@@H](C)O)n2)cc1,True,fail,False,1,0,internal_energy,,True,True,True,True,True,True,True,True,True,True,True,True,False,True,True,True,True,True,True,True,True,True
pose000779,779,C[C@H](N)CN1CCc2nc(N3CCN(c4nnc(Cc5ccccc5)c5ccccc45)CC3)ccc2C1,True,pass,True,0,0,,,True,True,True,True,True,True,True,True,True,True,True,True,True,True,True,True,True,True,True,True,True,True
pose000780,780,CNC(=O)c1ccc(C2CCN(C3CCN(C(C)=O)CC3)CC2)cc1,True,pass,True,0,0,,,True,True,True,True,True,True,True,True,True,True,True,True,True,True,True,True,True,True,True,True,True,True
pose000781,781,O=C(Nc1[nH]nc2nc(-c3ccc(O)cc3)c(Br)cc12)C1CC1,True,pass,True,0,0,,,True,True,True,True,True,True,True,True,True,True,True,True,True,True,True,True,True,True,True,True,True,True
pose000782,782,CN(C)C(=O)NC(=O)c1ccc(-c2ccc(Cl)cc2)cc1,True,pass,True,0,0,,,True,True,True,True,True,True,True,True,True,True,True,True,True,True,True,True,True,True,True,True,True,True
pose000783,783,CN(C)c1ccccc1C(=O)NC(=O)Cc1ccccc1,True,pass,True,0,0,,,True,True,True,True,True,True,True,True,True,True,True,True,True,True,True,True,True,True,True,True,True,True
pose000784,784,CC(C)CCc1cccc(-c2ccc(S(N)(=O)=O)cc2)n1,True,pass,True,0,0,,,True,True,True,True,True,True,True,True,True,True,True,True,True,True,True,True,True,True,True,True,True,True
pose000785,785,Cc1ncc(-c2nc(Nc3ccc(C(=O)CC(=O)CCCN(CCS)[SH](=O)=O)cc3)ncc2F)n1C(C)C,True,pass,True,0,0,,,True,True,True,True,True,True,True,True,True,True,True,True,True,True,True,True,True,True,True,True,True,True
pose000786,786,CNC(=O)c1ccc(C(=O)N2CCC(c3ccc(F)cc3OC)CC2)cc1,True,pass,True,0,0,,,True,True,True,True,True,True,True,True,True,True,True,True,True,True,True,True,True,True,True,True,True,True
pose000787,787,C[C@@H](O)[C@@H](C)Oc1nc(Nc2ccc(S(=N)(=O)C(F)(F)SF)cc2)ncc1C(F)(F)F,True,pass,True,0,0,,,True,True,True,True,True,True,True,True,True,True,True,True,True,True,True,True,True,True,True,True,True,True
pose000788,788,O=C(O)c1ccc(N2CCC(Cc3ccccc3)CC2)cc1,True,pass,True,0,0,,,True,True,True,True,True,True,True,True,True,True,True,True,True,True,True,True,True,True,True,True,True,True
pose000789,789,NS(=O)(=O)c1ccc(N=Nc2c(=O)[nH]c3ccc4[nH][nH]c(Cl)c4c23)cc1,True,pass,True,0,0,,,True,True,True,True,True,True,True,True,True,True,True,True,True,True,True,True,True,True,True,True,True,True
pose000790,790,COc1ccc(NC(=O)N2CCN(c3nnc(CC(C)(N)CBr)c4ccccc34)CC2)cc1,True,pass,True,0,0,,,True,True,True,True,True,True,True,True,True,True,True,True,True,True,True,True,True,True,True,True,True,True
pose000791,791,O=C(CNCc1cccc(Cl)c1)Nc1cccc(F)c1,True,pass,True,0,0,,,True,True,True,True,True,True,True,True,True,True,True,True,True,True,True,True,True,True,True,True,True,True
pose000792,792,N[C@H]1CC[C@H](Nc2cc(Nc3ccc(F)c(Cl)c3)n3ncc(Cl)c3n2)CC1,True,pass,True,0,0,,,True,True,True,True,True,True,True,True,True,True,True,True,True,True,True,True,True,True,True,True,True,True
pose000793,793,CCC(=O)Nc1ccc(C(=O)c2ccccc2C)cc1Cl,True,pass,True,0,0,,,True,True,True,True,True,True,True,True,True,True,True,True,True,True,True,True,True,True,True,True,True,True
pose000794,794,CN1CCN(Cc2ccc(O)c(-c3cccnc3)c2)CC1,True,pass,True,0,0,,,True,True,True,True,True,True,True,True,True,True,True,True,True,True,True,True,True,True,True,True,True,True
pose000795,795,Cc1ccc(N2CCOCC2)cc1NCCc1ccccc1,True,pass,True,0,0,,,True,True,True,True,True,True,True,True,True,True,True,True,True,True,True,True,True,True,True,True,True,True
pose000796,796,Cc1ccc(F)c(-c2ccc(C(=O)NN3CCOCC3)cc2)c1,True,pass,True,0,0,,,True,True,True,True,True,True,True,True,True,True,True,True,True,True,True,True,True,True,True,True,True,True
pose000797,797,CC(=O)Nc1ccc(Cc2ccc(S(N)(=O)=O)cc2)cc1,True,pass,True,0,0,,,True,True,True,True,True,True,True,True,True,True,True,True,True,True,True,True,True,True,True,True,True,True
pose000798,798,NS(=O)(=O)c1ccc(Cc2ccc(C(F)F)cc2)cc1,True,pass,True,0,0,,,True,True,True,True,True,True,True,True,True,True,True,True,True,True,True,True,True,True,True,True,True,True
pose000799,799,CCc1cccc(CCc2ccc(S(N)(=O)=O)cc2)c1,True,pass,True,0,0,,,True,True,True,True,True,True,True,True,True,True,True,True,True,True,True,True,True,True,True,True,True,True
pose000800,800,CC(C)(C)Cc1ccc(-c2ccc(S(N)(=O)=O)cc2)nc1,True,pass,True,0,0,,,True,True,True,True,True,True,True,True,True,True,True,True,True,True,True,True,True,True,True,True,True,True
pose000801,801,C1=C/COCc2cc(ccc2OCCN2CCCC2)Nc2nccc(n2)-c2cncc(c2)COC/1,True,pass,True,0,0,,,True,True,True,True,True,True,True,True,True,True,True,True,True,True,True,True,True,True,True,True,True,True
pose000802,802,CN(C)C1CCN(c2ccc(NC(=O)c3c(Cl)cccc3Cl)nc2)CC1,True,pass,True,0,0,,,True,True,True,True,True,True,True,True,True,True,True,True,True,True,True,True,True,True,True,True,True,True
pose000803,803,CCNC(=O)N1CCC(NC(=S)Nc2ccc3nc(C)sc3c2)CC1,True,pass,True,0,0,,,True,True,True,True,True,True,True,True,True,True,True,True,True,True,True,True,True,True,True,True,True,True
pose000804,804,CNC(=O)c1ccccc1-c1ccc(N2CCN(C)CC2)cc1,True,pass,True,0,0,,,True,True,True,True,True,True,True,True,True,True,True,True,True,True,True,True,True,True,True,True,True,True
pose000805,805,CC(C)c1coc(CSNc2ccc(C(=O)N3CCCN(C)CC3)cc2)n1,True,pass,True,0,0,,,True,True,True,True,True,True,True,True,True,True,True,True,True,True,True,True,True,True,True,True,True,True
pose000806,806,CNC(C)(C)c1ccc(N2CCN(C(=O)OC(C)(C)C)CC2)cc1,True,pass,True,0,0,,,True,True,True,True,True,True,True,True,True,True,True,True,True,True,True,True,True,True,True,True,True,True
pose000807,807,Cc1nnc2sc(Cc3[nH]nc4[nH]c(=S)[nH]c(=S)c34)nn12,True,pass,True,0,0,,,True,True,True,True,True,True,True,True,True,True,True,True,True,True,True,True,True,True,True,True,True,True
pose000808,808,O=C(CCc1c(F)cccc1F)NC(=O)c1ccccc1,True,pass,True,0,0,,,True,True,True,True,True,True,True,True,True,True,True,True,True,True,True,True,True,True,True,True,True,True
pose000809,809,CC[C@H](CO)Nc1nc(NCc2ccccc2)c2ncc(C(C)C)n2n1,True,pass,True,0,0,,,True,True,True,True,True,True,True,True,True,True,True,True,True,True,True,True,True,True,True,True,True,True
pose000810,810,CC(C)N1CCN(NC(=O)c2ccc(C(C)(C)C)cc2)CC1,True,pass,True,0,0,,,True,True,True,True,True,True,True,True,True,True,True,True,True,True,True,True,True,True,True,True,True,True
pose000811,811,CC(Oc1nc(Nc2ccc(S(C)(=N)=O)cc2)ncc1C(F)(F)F)[C@@H](C)O,True,pass,True,0,0,,,True,True,True,True,True,True,True,True,True,True,True,True,True,True,True,True,True,True,True,True,True,True
pose000812,812,CS(C)(C)c1ccc(Oc2ccc(S(N)(=O)=O)cc2)cc1,True,unevaluable,False,0,1,,internal_energy,True,True,True,True,True,True,True,True,True,True,True,True,,True,True,True,True,True,True,True,True,True
pose000813,813,CC(C)c1nc(Oc2ccc(S(N)(=O)=O)cc2)ncc1F,True,pass,True,0,0,,,True,True,True,True,True,True,True,True,True,True,True,True,True,True,True,True,True,True,True,True,True,True
pose000814,814,CC(=O)Nc1cccc(-c2ccc(N3CC=NCC3)cn2)c1,True,pass,True,0,0,,,True,True,True,True,True,True,True,True,True,True,True,True,True,True,True,True,True,True,True,True,True,True
pose000815,815,CN(C)S(=O)(=O)c1ccc(Nc2cc(N[C@H]3CC[C@H](N)CC3)nc3c(C#N)cnn23)cc1,True,pass,True,0,0,,,True,True,True,True,True,True,True,True,True,True,True,True,True,True,True,True,True,True,True,True,True,True
pose000816,816,NS(=O)(=O)c1ccc(-c2ccc(N3CCCC3)cc2)cc1,True,pass,True,0,0,,,True,True,True,True,True,True,True,True,True,True,True,True,True,True,True,True,True,True,True,True,True,True
pose000817,817,CNC(=O)c1ccc(C(=O)Nc2c(Cl)cccc2Cl)cc1,True,pass,True,0,0,,,True,True,True,True,True,True,True,True,True,True,True,True,True,True,True,True,True,True,True,True,True,True
pose000818,818,C=C(C)c1ccc(C(=O)c2ccc(Nc3ncc(F)c(-c4cnc(C)n4C(C)C)n3)cc2)cc1N,True,pass,True,0,0,,,True,True,True,True,True,True,True,True,True,True,True,True,True,True,True,True,True,True,True,True,True,True
pose000819,819,N#Cc1cnc(NC2CCN(CCN3CCC[C@@H](N)C3)CC2)nc1-c1c[nH]c2cc(F)ccc12,True,pass,True,0,0,,,True,True,True,True,True,True,True,True,True,True,True,True,True,True,True,True,True,True,True,True,True,True
pose000820,820,Cc1nc2ccc(Nc3c(C)c(N[C@H]4CCCNC4)nc4ccnn34)cc2s1,True,pass,True,0,0,,,True,True,True,True,True,True,True,True,True,True,True,True,True,True,True,True,True,True,True,True,True,True
pose000821,821,CC=C(CCC(N)=O)c1ccc(Nc2nccc(-c3cnc(C)n3C(C)C)n2)cc1,True,pass,True,0,0,,,True,True,True,True,True,True,True,True,True,True,True,True,True,True,True,True,True,True,True,True,True,True
pose000822,822,COc1ccc(C(=O)NC2CCN(c3ccccc3)CC2)cc1,True,pass,True,0,0,,,True,True,True,True,True,True,True,True,True,True,True,True,True,True,True,True,True,True,True,True,True,True
pose000823,823,Cc1ncc(-c2ccnc(NC(=O)C(C)C)n2)n1C(C)C,True,pass,True,0,0,,,True,True,True,True,True,True,True,True,True,True,True,True,True,True,True,True,True,True,True,True,True,True
pose000824,824,O=C(Nc1[nH]nc2nc(-c3ccc(O)cc3)c(-c3ccccc3)cc12)C1CC1,True,pass,True,0,0,,,True,True,True,True,True,True,True,True,True,True,True,True,True,True,True,True,True,True,True,True,True,True
pose000825,825,CC(=CCCN1CCC[C@@H](N)C1)c1cc(N2C[C@H](O)[C@@H](O)C2)ccc1O,True,pass,True,0,0,,,True,True,True,True,True,True,True,True,True,True,True,True,True,True,True,True,True,True,True,True,True,True
pose000826,826,c1ccc(CCN2CCC(Nc3ccccc3)CC2)cc1,True,pass,True,0,0,,,True,True,True,True,True,True,True,True,True,True,True,True,True,True,True,True,True,True,True,True,True,True
pose000827,827,O=C(Cc1ccc(F)cc1)NCc1ccc(F)c(F)c1,True,pass,True,0,0,,,True,True,True,True,True,True,True,True,True,True,True,True,True,True,True,True,True,True,True,True,True,True
pose000828,828,CC(C)(C)OCCc1nn(C(C)(C)C)c2ncnc(N)c12,True,pass,True,0,0,,,True,True,True,True,True,True,True,True,True,True,True,True,True,True,True,True,True,True,True,True,True,True
pose000829,829,COc1coc(CN=Cc2c(=O)[nH]c(O)c3ccc(Br)cc23)cc1=O,True,pass,True,0,0,,,True,True,True,True,True,True,True,True,True,True,True,True,True,True,True,True,True,True,True,True,True,True
pose000830,830,CCc1ccc(-c2ccc(C(=O)NC(C)=O)cc2)cc1,True,pass,True,0,0,,,True,True,True,True,True,True,True,True,True,True,True,True,True,True,True,True,True,True,True,True,True,True
pose000831,831,CN(C)C(=O)c1ccc(CNC(=O)c2ccc(C(N)=O)cc2)cc1,True,pass,True,0,0,,,True,True,True,True,True,True,True,True,True,True,True,True,True,True,True,True,True,True,True,True,True,True
pose000832,832,CN1CCN(c2ccc(C(=O)Nc3cncc(Cl)c3)cc2)CC1,True,pass,True,0,0,,,True,True,True,True,True,True,True,True,True,True,True,True,True,True,True,True,True,True,True,True,True,True
pose000833,833,CN(C)CC(O)COc1ccc(Nc2nccc(N(CC#N)c3cc(Cl)ccc3Cl)n2)cc1,True,pass,True,0,0,,,True,True,True,True,True,True,True,True,True,True,True,True,True,True,True,True,True,True,True,True,True,True
pose000834,834,Cc1ccccc1C(=O)NCc1ccc(N2CCN(C)CC2)cc1,True,pass,True,0,0,,,True,True,True,True,True,True,True,True,True,True,True,True,True,True,True,True,True,True,True,True,True,True
pose000835,835,CN(C)c1cccc(C(=O)Nc2ccccc2N2CCOCC2)c1,True,pass,True,0,0,,,True,True,True,True,True,True,True,True,True,True,True,True,True,True,True,True,True,True,True,True,True,True
pose000836,836,CN(C)C(=O)N1CCc2cnc(Nc3ccc(Cl)cc3)nc2C1,True,pass,True,0,0,,,True,True,True,True,True,True,True,True,True,True,True,True,True,True,True,True,True,True,True,True,True,True
pose000837,837,C=C(C)c1ccc(Nc2ncc(F)c(-c3cnc(C)n3-c3ncc(F)c(-c4cnc(C)n4C(C)C)n3)n2)cc1,True,pass,True,0,0,,,True,True,True,True,True,True,True,True,True,True,True,True,True,True,True,True,True,True,True,True,True,True
pose000838,838,NS(=O)(=O)c1ccc(Nc2ccc(C(F)(F)F)cc2)cc1,True,pass,True,0,0,,,True,True,True,True,True,True,True,True,True,True,True,True,True,True,True,True,True,True,True,True,True,True
pose000839,839,CN(C)S(=O)(=O)c1ccc(Nc2cc(N[C@H]3CC[C@H](N)CC3)nc3c(C4CCCC4)cnn23)cc1,True,pass,True,0,0,,,True,True,True,True,True,True,True,True,True,True,True,True,True,True,True,True,True,True,True,True,True,True
pose000840,840,Cc1ccc(Nc2ncc3c(n2)CN(C2CC2)CCC3)cc1Cl,True,pass,True,0,0,,,True,True,True,True,True,True,True,True,True,True,True,True,True,True,True,True,True,True,True,True,True,True
pose000841,841,N[C@H]1CC[C@H](Nc2nc(NCc3ccccc3)c3ncn(C4CCCC4)c3n2)CC1,True,pass,True,0,0,,,True,True,True,True,True,True,True,True,True,True,True,True,True,True,True,True,True,True,True,True,True,True
pose000842,842,CC(=O)c1ccc(Oc2ccc(S(N)(=O)=O)cc2)cc1,True,pass,True,0,0,,,True,True,True,True,True,True,True,True,True,True,True,True,True,True,True,True,True,True,True,True,True,True
pose000843,843,CC(O)C(=O)N1CCN(c2c(N)nc3ccc(C(=O)c4c(F)cccc4F)cn23)CC1,True,pass,True,0,0,,,True,True,True,True,True,True,True,True,True,True,True,True,True,True,True,True,True,True,True,True,True,True
pose000844,844,C=CC(=O)Nc1ccc(O[C@@H]2CCC[C@@H](Nc3ncc(OC)s3)CO2)cc1,True,pass,True,0,0,,,True,True,True,True,True,True,True,True,True,True,True,True,True,True,True,True,True,True,True,True,True,True
pose000845,845,C[C@@H](O)[C@@H](C)Nc1nc(Nc2ccc(-c3ccc(S(=O)(=O)OS(N)(=O)=O)cc3)cc2)ncc1Br,True,pass,True,0,0,,,True,True,True,True,True,True,True,True,True,True,True,True,True,True,True,True,True,True,True,True,True,True
pose000846,846,CN(C)C1CCN(c2ccc(Nc3ncc4ccn(C5(CNC=O)CCCC5)c4n3)nc2)CC1,True,pass,True,0,0,,,True,True,True,True,True,True,True,True,True,True,True,True,True,True,True,True,True,True,True,True,True,True
pose000847,847,O=C(Nc1cc(C2CC2)[nH]n1)c1cccc(C(F)(F)F)c1,True,pass,True,0,0,,,True,True,True,True,True,True,True,True,True,True,True,True,True,True,True,True,True,True,True,True,True,True
pose000848,848,Cc1cc(N2CCCS2(=O)=O)c2oc(-c3ccc4[nH]ccc4c3)c(O)c(=O)c2c1,True,pass,True,0,0,,,True,True,True,True,True,True,True,True,True,True,True,True,True,True,True,True,True,True,True,True,True,True
pose000849,849,Cc1ncc(-c2nc(Nc3ccc(C(=O)N(C)C)c(F)c3)ncc2F)n1C(C)C,True,pass,True,0,0,,,True,True,True,True,True,True,True,True,True,True,True,True,True,True,True,True,True,True,True,True,True,True
pose000850,850,COc1ccc(C(=O)Nc2cc(C3CC3)[nH]n2)cc1,True,pass,True,0,0,,,True,True,True,True,True,True,True,True,True,True,True,True,True,True,True,True,True,True,True,True,True,True
pose000851,851,CN1CCCN(c2ccc(-c3ccc(S(N)(=O)=O)cc3)cc2)CC1,True,pass,True,0,0,,,True,True,True,True,True,True,True,True,True,True,True,True,True,True,True,True,True,True,True,True,True,True
pose000852,852,CC(Nc1c(O)[nH]c2ccc(O)c(C=Nc3ccc(S(N)(=O)=O)cc3)c12)c1ccc[nH]1,True,pass,True,0,0,,,True,True,True,True,True,True,True,True,True,True,True,True,True,True,True,True,True,True,True,True,True,True
pose000853,853,Cc1ccc(Cl)cc1NC(=O)COc1ccccc1C,True,pass,True,0,0,,,True,True,True,True,True,True,True,True,True,True,True,True,True,True,True,True,True,True,True,True,True,True
pose000854,854,CN[C@@H]1CCN(C(=O)c2ccc(Nc3ncc(F)c(-c4cnc(C)n4C(C)C)n3)cc2)C1,True,pass,True,0,0,,,True,True,True,True,True,True,True,True,True,True,True,True,True,True,True,True,True,True,True,True,True,True
pose000855,855,CCc1cnn2c(NCc3ccc[n+]([O-])c3)cc(C(CC)[C@@H](CC)CN3CCCC[C@H]3CCO)nc12,True,pass,True,0,0,,,True,True,True,True,True,True,True,True,True,True,True,True,True,True,True,True,True,True,True,True,True,True
pose000856,856,CCC(Nc1nc(Nc2ccc[nH]2)c2ncn(C(C)C)c2n1)C(=O)C(C)(C)C,True,pass,True,0,0,,,True,True,True,True,True,True,True,True,True,True,True,True,True,True,True,True,True,True,True,True,True,True
pose000857,857,C=C(C)c1ccc2c(c1)c(CC(=O)N1CCCCNCC1)cn2C,True,fail,False,1,0,internal_energy,,True,True,True,True,True,True,True,True,True,True,True,True,False,True,True,True,True,True,True,True,True,True
pose000858,858,O=C(O)c1ccc(CN2CCCN(C(=O)c3ccccc3)CC2)cc1,True,pass,True,0,0,,,True,True,True,True,True,True,True,True,True,True,True,True,True,True,True,True,True,True,True,True,True,True
pose000859,859,COc1cc(N2CCN(C(C)=O)CC2)ccc1Nc1ncc(C)c(-c2cnc3ccccn23)n1,True,pass,True,0,0,,,True,True,True,True,True,True,True,True,True,True,True,True,True,True,True,True,True,True,True,True,True,True
pose000860,860,FC(F)(F)c1cnc(Nc2ccc3[nH]cnc3c2)nc1Nc1ccccc1Cl,True,pass,True,0,0,,,True,True,True,True,True,True,True,True,True,True,True,True,True,True,True,True,True,True,True,True,True,True
pose000861,861,Cc1ccc(-c2ccc(-c3ccc(S(N)(=O)=O)cc3)cc2)cc1,True,pass,True,0,0,,,True,True,True,True,True,True,True,True,True,True,True,True,True,True,True,True,True,True,True,True,True,True
pose000862,862,Cc1nc2c(F)cc(-c3nc(Nc4ccc5c(n4)CCN(C[C@H]4CNCCO4)C5)ncc3F)cc2n1C(C)C,True,pass,True,0,0,,,True,True,True,True,True,True,True,True,True,True,True,True,True,True,True,True,True,True,True,True,True,True
pose000863,863,CCCCCNc1cc(C)cc2c(=O)c(O)c(S(=N)(=O)C3CC3)oc12,True,pass,True,0,0,,,True,True,True,True,True,True,True,True,True,True,True,True,True,True,True,True,True,True,True,True,True,True
pose000864,864,Cc1ncc(-c2ccnc(-c3ccnc(Nc4ccc(Nc5ccc(C(N)=O)cc5)cc4)n3)n2)n1C(C)C,True,pass,True,0,0,,,True,True,True,True,True,True,True,True,True,True,True,True,True,True,True,True,True,True,True,True,True,True
pose000865,865,CN(C)C(=O)c1ccc(C(=O)Nc2cccc(S(C)(=O)=O)c2)cc1,True,pass,True,0,0,,,True,True,True,True,True,True,True,True,True,True,True,True,True,True,True,True,True,True,True,True,True,True
pose000866,866,CNC(=O)c1ccc(COc2ccc(S(C)(=O)=O)cc2)cc1,True,pass,True,0,0,,,True,True,True,True,True,True,True,True,True,True,True,True,True,True,True,True,True,True,True,True,True,True
pose000867,867,COCCNS(=O)(=O)c1ccc(Nc2nccc(-c3cnc(C)n3C(C)C)n2)cc1,True,pass,True,0,0,,,True,True,True,True,True,True,True,True,True,True,True,True,True,True,True,True,True,True,True,True,True,True
pose000868,868,Cn1nc(C(N)=O)c2c1-c1nc(Nc3ccc(NNc4ccc(-c5ccccc5)cc4)cc3)ncc1CC2,True,pass,True,0,0,,,True,True,True,True,True,True,True,True,True,True,True,True,True,True,True,True,True,True,True,True,True,True
pose000869,869,CC(C)Cc1ccc(Sc2ccc(S(N)(=O)=O)cc2)cc1,True,pass,True,0,0,,,True,True,True,True,True,True,True,True,True,True,True,True,True,True,True,True,True,True,True,True,True,True
pose000870,870,CC(=O)Nc1ccc(-c2ccc(C3=CCN(C(C)=O)CC3)cc2)cc1,True,pass,True,0,0,,,True,True,True,True,True,True,True,True,True,True,True,True,True,True,True,True,True,True,True,True,True,True
pose000871,871,CN(C)CC(=O)NC(=O)c1cccc(-c2ccccc2)c1,True,pass,True,0,0,,,True,True,True,True,True,True,True,True,True,True,True,True,True,True,True,True,True,True,True,True,True,True
pose000872,872,CC(=O)CNc1ncc(C)c(-c2cnc(C)n2C(C)C)n1,True,pass,True,0,0,,,True,True,True,True,True,True,True,True,True,True,True,True,True,True,True,True,True,True,True,True,True,True
pose000873,873,COc1cc(Nc2ncc(Br)c(N[C@H](C)[C@H](C)O)n2)ccc1S(C)(=N)=O,True,pass,True,0,0,,,True,True,True,True,True,True,True,True,True,True,True,True,True,True,True,True,True,True,True,True,True,True
pose000874,874,CC(C)Cc1cnc(Cc2ccc(S(N)(=O)=O)cc2)o1,True,pass,True,0,0,,,True,True,True,True,True,True,True,True,True,True,True,True,True,True,True,True,True,True,True,True,True,True
pose000875,875,CNC(=O)c1ccc(C(=O)c2ccc(N3CCOCC3)cc2)cc1,True,pass,True,0,0,,,True,True,True,True,True,True,True,True,True,True,True,True,True,True,True,True,True,True,True,True,True,True
pose000876,876,Cc1cc(-c2ccc(S(N)(=O)=O)cc2)ccc1CC(C)C,True,pass,True,0,0,,,True,True,True,True,True,True,True,True,True,True,True,True,True,True,True,True,True,True,True,True,True,True
pose000877,877,CC(C)c1cc(-c2ccc(CN3CCCNCC3)cc2)ccn1,True,pass,True,0,0,,,True,True,True,True,True,True,True,True,True,True,True,True,True,True,True,True,True,True,True,True,True,True
pose000878,878,O=C(Nc1ncc(-c2ccnc(/C=C/c3ccccc3)n2)s1)C(O)CO,True,pass,True,0,0,,,True,True,True,True,True,True,True,True,True,True,True,True,True,True,True,True,True,True,True,True,True,True
pose000879,879,CN1CCN(c2ccc(-c3ccc(CO)nc3)cc2)CC1,True,pass,True,0,0,,,True,True,True,True,True,True,True,True,True,True,True,True,True,True,True,True,True,True,True,True,True,True
pose000880,880,O=C(NCCc1ccccc1)N1CCN(c2ccccc2)CC1,True,pass,True,0,0,,,True,True,True,True,True,True,True,True,True,True,True,True,True,True,True,True,True,True,True,True,True,True
pose000881,881,Nc1ccc(N=NC(=O)c2c(=O)[nH]c3ccc4[nH]cccc4c23)cc1N=Nc1ccc(S(N)(=O)=O)cc1,True,pass,True,0,0,,,True,True,True,True,True,True,True,True,True,True,True,True,True,True,True,True,True,True,True,True,True,True
pose000882,882,COc1cc(N2CCN(C(C)=O)CC2)ccc1-c1ccc(O)cc1,True,pass,True,0,0,,,True,True,True,True,True,True,True,True,True,True,True,True,True,True,True,True,True,True,True,True,True,True
pose000883,883,COc1ccc(-c2ccc(NC(=O)N(C)C)cc2)cc1,True,pass,True,0,0,,,True,True,True,True,True,True,True,True,True,True,True,True,True,True,True,True,True,True,True,True,True,True
pose000884,884,CCNC(=O)N1CCC(c2cnc3c(NC(=O)O)nc(SSC)cn23)CC1,True,pass,True,0,0,,,True,True,True,True,True,True,True,True,True,True,True,True,True,True,True,True,True,True,True,True,True,True
pose000885,885,CC(=Nc1ccc(S(N)(=O)=O)cc1)Oc1c(O)[nH]c2ccc(-c3cnco3)cc12,True,pass,True,0,0,,,True,True,True,True,True,True,True,True,True,True,True,True,True,True,True,True,True,True,True,True,True,True
pose000886,886,CCCCC(=O)Nc1ncc(F)c(-c2cnc(C)n2C(C)C)n1,True,pass,True,0,0,,,True,True,True,True,True,True,True,True,True,True,True,True,True,True,True,True,True,True,True,True,True,True
pose000887,887,O=C1NCCc2[nH]c(-c3ccncc3)cc21,True,pass,True,0,0,,,True,True,True,True,True,True,True,True,True,True,True,True,True,True,True,True,True,True,True,True,True,True
pose000888,888,CC(=O)c1ccc(Nc2ncc(F)c(-c3cnc(C)n3C(C)C)n2)cc1,True,pass,True,0,0,,,True,True,True,True,True,True,True,True,True,True,True,True,True,True,True,True,True,True,True,True,True,True
pose000889,889,CN(C)C(=O)c1ccc(CNc2cccc(Cl)c2)cc1,True,pass,True,0,0,,,True,True,True,True,True,True,True,True,True,True,True,True,True,True,True,True,True,True,True,True,True,True
pose000890,890,Cc1ncc(-c2ccnc(NC(C)(C)C)n2)n1C(C)C,True,pass,True,0,0,,,True,True,True,True,True,True,True,True,True,True,True,True,True,True,True,True,True,True,True,True,True,True
pose000891,891,CC(C)C(=O)N1CCc2cnc(NC(=O)C3=CCC3)nc2C1,True,pass,True,0,0,,,True,True,True,True,True,True,True,True,True,True,True,True,True,True,True,True,True,True,True,True,True,True
pose000892,892,CC(C)CNc1ccc(-c2ccc(S(N)(=O)=O)cc2)nc1,True,pass,True,0,0,,,True,True,True,True,True,True,True,True,True,True,True,True,True,True,True,True,True,True,True,True,True,True
pose000893,893,COCCNS(=O)(=O)c1ccc(Nc2nccc(-c3cnc(C)n3CC(C)C)n2)cc1,True,pass,True,0,0,,,True,True,True,True,True,True,True,True,True,True,True,True,True,True,True,True,True,True,True,True,True,True
pose000894,894,CC(=O)NC(=O)c1ccc(CC(=O)Cc2cccc(C)c2)cc1,True,pass,True,0,0,,,True,True,True,True,True,True,True,True,True,True,True,True,True,True,True,True,True,True,True,True,True,True
pose000895,895,CCNC(=O)N1CCC(Nc2ccc3c(CS(C)(=N)=O)[nH]nc3n2)CC1,True,pass,True,0,0,,,True,True,True,True,True,True,True,True,True,True,True,True,True,True,True,True,True,True,True,True,True,True
pose000896,896,COCCCNS(=O)(=O)c1ccc(Nc2nccc(-c3cnc4ccccn34)n2)cc1,True,pass,True,0,0,,,True,True,True,True,True,True,True,True,True,True,True,True,True,True,True,True,True,True,True,True,True,True
pose000897,897,Cc1ncc(-c2nc(NC(C)C)ncc2F)n1CC(C)C,True,pass,True,0,0,,,True,True,True,True,True,True,True,True,True,True,True,True,True,True,True,True,True,True,True,True,True,True
pose000898,898,COc1ccc(-c2ocnc2C(=O)Nc2ccc(N3CCN(C(=O)OC(C)(C)C)CC3)nn2)cc1Cl,True,pass,True,0,0,,,True,True,True,True,True,True,True,True,True,True,True,True,True,True,True,True,True,True,True,True,True,True
pose000899,899,CC(C)(C)c1cccc(NCc2ccc(S(N)(=O)=O)cc2)c1,True,pass,True,0,0,,,True,True,True,True,True,True,True,True,True,True,True,True,True,True,True,True,True,True,True,True,True,True
pose000900,900,O=C(Nc1[nH]nc2nc(-c3ccc(O)c(Cl)c3)ccc12)C1CC1,True,pass,True,0,0,,,True,True,True,True,True,True,True,True,True,True,True,True,True,True,True,True,True,True,True,True,True,True
pose000901,901,CC(=O)N1CCN(c2ccc(Cc3ccc(O)cc3)cc2)CC1,True,pass,True,0,0,,,True,True,True,True,True,True,True,True,True,True,True,True,True,True,True,True,True,True,True,True,True,True
pose000902,902,CCCS(=O)(=O)c1ccc(-c2ccc(S(N)(=O)=O)cc2)cc1,True,pass,True,0,0,,,True,True,True,True,True,True,True,True,True,True,True,True,True,True,True,True,True,True,True,True,True,True
pose000903,903,NS(=O)(=O)c1ccc(N=Nc2c(O)[nH]c3cccc(Oc4ccccc4)c23)cc1,True,pass,True,0,0,,,True,True,True,True,True,True,True,True,True,True,True,True,True,True,True,True,True,True,True,True,True,True
pose000904,904,O=C(c1ccc(F)cc1)N1CCC(Nc2ccccc2)CC1,True,pass,True,0,0,,,True,True,True,True,True,True,True,True,True,True,True,True,True,True,True,True,True,True,True,True,True,True
pose000905,905,CN(C)CC(=O)NCc1ccccc1-c1ccccc1,True,pass,True,0,0,,,True,True,True,True,True,True,True,True,True,True,True,True,True,True,True,True,True,True,True,True,True,True
pose000906,906,CC(=CCCN=Cc1c(O)[nH]c2ccc(-c3ccc[nH]3)c(NNc3ccc(S(N)(=O)=O)cc3)c12)S(N)(=O)=O,True,pass,True,0,0,,,True,True,True,True,True,True,True,True,True,True,True,True,True,True,True,True,True,True,True,True,True,True
pose000907,907,CCCC(=O)Nc1ncc(F)c(-c2cnc(C)n2C(C)C)n1,True,pass,True,0,0,,,True,True,True,True,True,True,True,True,True,True,True,True,True,True,True,True,True,True,True,True,True,True
pose000908,908,C[C@@H](O)[C@@H](C)Oc1nc(Nc2ccc(S(=O)(=O)O[C@H](C)C(C)(C)C)cc2)ncc1C(F)(F)F,True,pass,True,0,0,,,True,True,True,True,True,True,True,True,True,True,True,True,True,True,True,True,True,True,True,True,True,True
pose000909,909,COc1ccc2c(=O)[nH]c(O)c(C=NCc3ccccc3OF)c2c1,True,pass,True,0,0,,,True,True,True,True,True,True,True,True,True,True,True,True,True,True,True,True,True,True,True,True,True,True
pose000910,910,Cc1ccccc1C(=O)Nc1ccc(S(N)(=O)=O)cc1,True,pass,True,0,0,,,True,True,True,True,True,True,True,True,True,True,True,True,True,True,True,True,True,True,True,True,True,True
pose000911,911,CC(C)(CO)CNC(=O)c1ccc2[nH]c(O)c(N=Nc3ccc(S(N)(=O)=O)cc3)c2c1,True,pass,True,0,0,,,True,True,True,True,True,True,True,True,True,True,True,True,True,True,True,True,True,True,True,True,True,True
pose000912,912,N=S(=O)(c1ccc(-c2ccnc(-c3cc(=O)c(O)c[nH]3)n2)cc1)C1CC1,True,pass,True,0,0,,,True,True,True,True,True,True,True,True,True,True,True,True,True,True,True,True,True,True,True,True,True,True
pose000913,913,COS(=O)(=O)c1ccc(Nc2ccc(Nc3nccc(-c4cnc(C)n4C(C)C)n3)cc2)cc1,True,pass,True,0,0,,,True,True,True,True,True,True,True,True,True,True,True,True,True,True,True,True,True,True,True,True,True,True
pose000914,914,Clc1ccc(Nc2ncc3c(n2)CN(CC2CCC2)CC3)cc1,True,pass,True,0,0,,,True,True,True,True,True,True,True,True,True,True,True,True,True,True,True,True,True,True,True,True,True,True
pose000915,915,CN1CCN(c2ccccc2Cc2ccc(N3CCCNCC3)cc2)CC1,True,pass,True,0,0,,,True,True,True,True,True,True,True,True,True,True,True,True,True,True,True,True,True,True,True,True,True,True
pose000916,916,CC(C)(C)c1nc2c3cc[nH]c(=O)c3c3cc(F)ccc3c2[nH]1,True,pass,True,0,0,,,True,True,True,True,True,True,True,True,True,True,True,True,True,True,True,True,True,True,True,True,True,True
pose000917,917,NS(=O)(=O)c1ccc(-c2ccc(CC(F)(F)F)cc2)cc1,True,pass,True,0,0,,,True,True,True,True,True,True,True,True,True,True,True,True,True,True,True,True,True,True,True,True,True,True
pose000918,918,C[C@H](CO)Nc1nc(Nc2ccc(S(N)(=O)=O)cc2)ncc1Br,True,pass,True,0,0,,,True,True,True,True,True,True,True,True,True,True,True,True,True,True,True,True,True,True,True,True,True,True
pose000919,919,NS(=O)(=O)c1ccc(N=S=Nc2ccc(N=Cc3c(=O)[nH]c4ccc5[nH]cccc5c34)cc2)cc1,True,pass,True,0,0,,,True,True,True,True,True,True,True,True,True,True,True,True,True,True,True,True,True,True,True,True,True,True
pose000920,920,COS[C@H]([C@H](Oc1nc(Nc2ccc(S(=O)(=O)O[C@@H](C)N)cc2)ncc1C(F)(F)F)C(C)NO)[C@@H](C)O,True,pass,True,0,0,,,True,True,True,True,True,True,True,True,True,True,True,True,True,True,True,True,True,True,True,True,True,True
pose000921,921,CC(=O)C1C(=O)Cc2cc(-c3ncc4cc5n(c4n3)[C@H](CC(C)C)CNC5=O)ccc2C1C,True,pass,True,0,0,,,True,True,True,True,True,True,True,True,True,True,True,True,True,True,True,True,True,True,True,True,True,True
pose000922,922,CN1CCN(c2cccc(Nc3ncc4c(n3)-c3c(c(C(N)=O)nn3C)CC4)c2)CC1,True,pass,True,0,0,,,True,True,True,True,True,True,True,True,True,True,True,True,True,True,True,True,True,True,True,True,True,True
pose000923,923,CC1CCN(NCc2cn(C)c3ccc(C4CC4)cc23)CC1,True,pass,True,0,0,,,True,True,True,True,True,True,True,True,True,True,True,True,True,True,True,True,True,True,True,True,True,True
pose000924,924,Cc1ncc(-c2ccnc(Nc3ccc(S(=O)(=O)Oc4cnc(C)n4S(=O)(=O)NS)cc3)n2)n1C(C)C,True,pass,True,0,0,,,True,True,True,True,True,True,True,True,True,True,True,True,True,True,True,True,True,True,True,True,True,True
pose000925,925,NS(=O)(=O)Cc1ccc(N=Cc2c(O)[nH]c3ccc4ncsc4c23)cc1,True,pass,True,0,0,,,True,True,True,True,True,True,True,True,True,True,True,True,True,True,True,True,True,True,True,True,True,True
pose000926,926,CN1CCNN(c2ccc(-c3ccc(Nc4ncc5c(n4)-c4c(c(C(N)=O)nn4C)CC5)cc3)cc2)CC1,True,pass,True,0,0,,,True,True,True,True,True,True,True,True,True,True,True,True,True,True,True,True,True,True,True,True,True,True
pose000927,927,COC(=O)Nc1ccc(-c2ccc(CN3CCN(C)CC3)cc2)cc1,True,fail,False,1,0,internal_steric_clash,,True,True,True,True,True,True,True,True,False,True,True,True,True,True,True,True,True,True,True,True,True,True
pose000928,928,CNC(=O)Nc1ncc(Cl)c(-c2ccc(NC(=O)C3CCOCC3)cc2)n1,True,pass,True,0,0,,,True,True,True,True,True,True,True,True,True,True,True,True,True,True,True,True,True,True,True,True,True,True
pose000929,929,NCCSc1cc(-c2ccc[nH]2)c2c3c(ccc(F)c13)NC2=O,True,pass,True,0,0,,,True,True,True,True,True,True,True,True,True,True,True,True,True,True,True,True,True,True,True,True,True,True
pose000930,930,Cc1ncc(-c2ccnc(NC3CC3)n2)n1C1CCCC1,True,pass,True,0,0,,,True,True,True,True,True,True,True,True,True,True,True,True,True,True,True,True,True,True,True,True,True,True
pose000931,931,Cc1c(N=Cc2c(=O)[nH]c(O)c3cc(Br)ccc23)cnn1C(C)N,True,pass,True,0,0,,,True,True,True,True,True,True,True,True,True,True,True,True,True,True,True,True,True,True,True,True,True,True
pose000932,932,CNC(=O)c1ccc(Nc2nccc(-c3cnc(C)n3C3CCCC3)n2)cc1,True,pass,True,0,0,,,True,True,True,True,True,True,True,True,True,True,True,True,True,True,True,True,True,True,True,True,True,True
pose000933,933,CN1CCN(C(=O)NC(=O)c2ccc(Cc3ccccc3)cc2)CC1,True,pass,True,0,0,,,True,True,True,True,True,True,True,True,True,True,True,True,True,True,True,True,True,True,True,True,True,True
pose000934,934,N[C@@H](Cc1ccc(Cl)cc1)c1oc2cc(O)cc(O)c2c(=O)c1OF,True,pass,True,0,0,,,True,True,True,True,True,True,True,True,True,True,True,True,True,True,True,True,True,True,True,True,True,True
pose000935,935,C=C(C)c1ccc(NC(=O)c2ccc(S(N)(=O)=O)cc2)cc1,True,pass,True,0,0,,,True,True,True,True,True,True,True,True,True,True,True,True,True,True,True,True,True,True,True,True,True,True
pose000936,936,CC(NC(=O)C(C)c1ccc(N2CCCC2)cc1)Nc1ccc(S(N)(=O)=O)cc1,True,pass,True,0,0,,,True,True,True,True,True,True,True,True,True,True,True,True,True,True,True,True,True,True,True,True,True,True
pose000937,937,CC(O)Nc1ccc(CCc2ccc3c(n2)CCN(C[C@H]2CNCCO2)C3)cc1,True,pass,True,0,0,,,True,True,True,True,True,True,True,True,True,True,True,True,True,True,True,True,True,True,True,True,True,True
pose000938,938,CCN(CC)C1CCN(c2ccc(C(N)=O)nc2)CC1,True,pass,True,0,0,,,True,True,True,True,True,True,True,True,True,True,True,True,True,True,True,True,True,True,True,True,True,True
pose000939,939,NS(=O)(=O)c1ccc(N=C(Oc2cnco2)Sc2c(O)[nH]c3ccc(-c4cnco4)cc23)cc1,True,pass,True,0,0,,,True,True,True,True,True,True,True,True,True,True,True,True,True,True,True,True,True,True,True,True,True,True
pose000940,940,O=C(Cc1ncc(-c2cccc3c2OCCC3)cn1)NC1CC1,True,pass,True,0,0,,,True,True,True,True,True,True,True,True,True,True,True,True,True,True,True,True,True,True,True,True,True,True
pose000941,941,O=C(Nc1ccc(Cl)cc1)c1ccc(C(=O)C2CC2)cc1,True,pass,True,0,0,,,True,True,True,True,True,True,True,True,True,True,True,True,True,True,True,True,True,True,True,True,True,True
pose000942,942,CC(=O)Nc1ccc(-c2ccc(N3CCSCC3)cc2)cc1,True,pass,True,0,0,,,True,True,True,True,True,True,True,True,True,True,True,True,True,True,True,True,True,True,True,True,True,True
pose000943,943,NS(=O)(=O)c1ccc(Cc2ccc(C3CC3)c(Br)c2)cc1,True,pass,True,0,0,,,True,True,True,True,True,True,True,True,True,True,True,True,True,True,True,True,True,True,True,True,True,True
pose000944,944,CC(c1ccc(CC(F)F)cc1)c1ccc(S(N)(=O)=O)cc1,True,pass,True,0,0,,,True,True,True,True,True,True,True,True,True,True,True,True,True,True,True,True,True,True,True,True,True,True
pose000945,945,COc1cc(NCCc2c[nH]c3ccccc23)c(C(=O)O)cc1[N+](=O)[O-],True,pass,True,0,0,,,True,True,True,True,True,True,True,True,True,True,True,True,True,True,True,True,True,True,True,True,True,True
pose000946,946,OCc1nc(-c2ccc(N3CCCNCC3)cc2)ncc1F,True,pass,True,0,0,,,True,True,True,True,True,True,True,True,True,True,True,True,True,True,True,True,True,True,True,True,True,True
pose000947,947,NC(=O)NN1CCc2cc(Nc3ccc(F)c(Cl)c3)ccc21,True,pass,True,0,0,,,True,True,True,True,True,True,True,True,True,True,True,True,True,True,True,True,True,True,True,True,True,True
pose000948,948,CN1CCN(c2ccnc(NC(=O)c3ccccc3)c2)CC1,True,pass,True,0,0,,,True,True,True,True,True,True,True,True,True,True,True,True,True,True,True,True,True,True,True,True,True,True
pose000949,949,CN1CCN(C[C@H](N)CNc2ncc(-c3ccc4c[nH]c(=S)cc4c3)s2)CC1,True,pass,True,0,0,,,True,True,True,True,True,True,True,True,True,True,True,True,True,True,True,True,True,True,True,True,True,True
pose000950,950,O=C(Nc1ccccc1)Nc1ccc(N2CCOCC2)nc1,True,pass,True,0,0,,,True,True,True,True,True,True,True,True,True,True,True,True,True,True,True,True,True,True,True,True,True,True
pose000951,951,COc1cc(N2CCCNCC2)cc(-c2ccccn2)c1OC,True,pass,True,0,0,,,True,True,True,True,True,True,True,True,True,True,True,True,True,True,True,True,True,True,True,True,True,True
pose000952,952,CC(C)Nc1ccc(CCc2ccc(S(N)(=O)=O)cc2)cc1,True,pass,True,0,0,,,True,True,True,True,True,True,True,True,True,True,True,True,True,True,True,True,True,True,True,True,True,True
pose000953,953,Cc1nc2c(F)cc(-c3nc(Nc4ccc5c(n4)CCN(C(=O)CCN(C)C)C5)ncc3F)cc2n1C1CC1,True,pass,True,0,0,,,True,True,True,True,True,True,True,True,True,True,True,True,True,True,True,True,True,True,True,True,True,True
pose000954,954,CNC(=O)c1ccc(C(=O)Nc2ccc(C3CCN(C(C)=O)CC3)cc2)cc1,True,pass,True,0,0,,,True,True,True,True,True,True,True,True,True,True,True,True,True,True,True,True,True,True,True,True,True,True
pose000955,955,CCC(=O)Nc1ccc(-c2ccc(N(C)C)cc2)cc1,True,pass,True,0,0,,,True,True,True,True,True,True,True,True,True,True,True,True,True,True,True,True,True,True,True,True,True,True
pose000956,956,Cc1cc(Nc2ncc(Br)c(N[C@@H](C)C(C)(C)O)n2)ccc1S(C)(=N)=O,True,pass,True,0,0,,,True,True,True,True,True,True,True,True,True,True,True,True,True,True,True,True,True,True,True,True,True,True
pose000957,957,O=[N+]([O-])c1ccc(Nc2nccc(-c3cnn4ncccc34)n2)cc1,True,pass,True,0,0,,,True,True,True,True,True,True,True,True,True,True,True,True,True,True,True,True,True,True,True,True,True,True
pose000958,958,CC(C)n1cnc2c(NCc3ccccc3O)nc(CC(C)(O)O)nc21,True,pass,True,0,0,,,True,True,True,True,True,True,True,True,True,True,True,True,True,True,True,True,True,True,True,True,True,True
pose000959,959,CCC(C)n1c(CCN2CCCC2)cc2cnc(Nc3ccc(CN4CCNCC4)cn3)nc21,True,pass,True,0,0,,,True,True,True,True,True,True,True,True,True,True,True,True,True,True,True,True,True,True,True,True,True,True
pose000960,960,Cc1cccc(Nc2ccc(N3CCN(C)COC3)cn2)c1,True,pass,True,0,0,,,True,True,True,True,True,True,True,True,True,True,True,True,True,True,True,True,True,True,True,True,True,True
pose000961,961,Cc1nc2c(F)cc(CC(N)=O)cc2n1C1CCCC1,True,pass,True,0,0,,,True,True,True,True,True,True,True,True,True,True,True,True,True,True,True,True,True,True,True,True,True,True
pose000962,962,CNC(=O)c1ccc(Cc2ccc(N3CCCOCC3)cc2)cc1,True,pass,True,0,0,,,True,True,True,True,True,True,True,True,True,True,True,True,True,True,True,True,True,True,True,True,True,True
pose000963,963,CC(C)Cc1cccc(-c2ccc(S(N)(=O)=O)cc2)c1,True,pass,True,0,0,,,True,True,True,True,True,True,True,True,True,True,True,True,True,True,True,True,True,True,True,True,True,True
pose000964,964,CCCc1ccc(C(C)c2ccc(S(N)(=O)=O)cc2)cc1,True,pass,True,0,0,,,True,True,True,True,True,True,True,True,True,True,True,True,True,True,True,True,True,True,True,True,True,True
pose000965,965,CC(C)Nc1nccc(-c2ccc(S(N)(=O)=O)cc2)n1,True,pass,True,0,0,,,True,True,True,True,True,True,True,True,True,True,True,True,True,True,True,True,True,True,True,True,True,True
pose000966,966,CCN(CC)c1ccc(Nc2ncc(C(F)(F)F)c(N[C@H](C)[C@H](C)OO)n2)cc1,True,pass,True,0,0,,,True,True,True,True,True,True,True,True,True,True,True,True,True,True,True,True,True,True,True,True,True,True
pose000967,967,Cc1nc2c(F)cc(-c3nc(Nc4ccc5c(n4)CCN(CCN(C)C(=S)n4ccnc4)C5)ncc3F)cc2n1C(C)C,True,pass,True,0,0,,,True,True,True,True,True,True,True,True,True,True,True,True,True,True,True,True,True,True,True,True,True,True
pose000968,968,CC(C)C(=O)c1ccc(Oc2ccc(S(N)(=O)=O)cc2)cc1,True,pass,True,0,0,,,True,True,True,True,True,True,True,True,True,True,True,True,True,True,True,True,True,True,True,True,True,True
pose000969,969,CNC(=O)c1ccc(Nc2ncc(F)c(-c3cnc(C)n3C(C)C)n2)cc1,True,pass,True,0,0,,,True,True,True,True,True,True,True,True,True,True,True,True,True,True,True,True,True,True,True,True,True,True
pose000970,970,CCC(C)Cc1nc(-c2ccc(S(N)(=O)=O)cc2)ccc1C,True,pass,True,0,0,,,True,True,True,True,True,True,True,True,True,True,True,True,True,True,True,True,True,True,True,True,True,True
pose000971,971,CC(C)c1ccc(C(=O)Cc2ccc(S(N)(=O)=O)cc2)cc1,True,pass,True,0,0,,,True,True,True,True,True,True,True,True,True,True,True,True,True,True,True,True,True,True,True,True,True,True
pose000972,972,O=C(Cc1ccccc1)Nc1cc(C2CC2)[nH]n1,True,pass,True,0,0,,,True,True,True,True,True,True,True,True,True,True,True,True,True,True,True,True,True,True,True,True,True,True
pose000973,973,COCCN1CCC(c2cc3c(-c4cnn(CC5CC5)c4)c(Cl)cnc3[nH]2)CC1,True,pass,True,0,0,,,True,True,True,True,True,True,True,True,True,True,True,True,True,True,True,True,True,True,True,True,True,True
pose000974,974,NS(=O)(=O)c1ccc(CNC=C2CNC(=O)c3ccc(C4CC4)cc32)cc1O,True,pass,True,0,0,,,True,True,True,True,True,True,True,True,True,True,True,True,True,True,True,True,True,True,True,True,True,True
pose000975,975,NS(=O)(=O)c1ccc(-c2ccc(N3CCOCC3)cc2)cc1,True,pass,True,0,0,,,True,True,True,True,True,True,True,True,True,True,True,True,True,True,True,True,True,True,True,True,True,True
pose000976,976,O=C(NC(c1ccccc1)C1CCNCC1)c1ccc2cnccc2c1,True,pass,True,0,0,,,True,True,True,True,True,True,True,True,True,True,True,True,True,True,True,True,True,True,True,True,True,True
pose000977,977,Cc1cc(-c2ccc(S(N)(=O)=O)cc2)cc(S(C)(=O)=O)c1,True,pass,True,0,0,,,True,True,True,True,True,True,True,True,True,True,True,True,True,True,True,True,True,True,True,True,True,True
pose000978,978,Cc1ncc(-c2nc(NC3CCCC3)ncc2F)n1C(C)C,True,pass,True,0,0,,,True,True,True,True,True,True,True,True,True,True,True,True,True,True,True,True,True,True,True,True,True,True
pose000979,979,COCCOCCOCCOCCNS(=O)(=O)c1ccc(N=Cc2c(O)[nH]c3ccc4ncsc4c23)cc1,True,pass,True,0,0,,,True,True,True,True,True,True,True,True,True,True,True,True,True,True,True,True,True,True,True,True,True,True
pose000980,980,COC(=O)C(=O)c1ccc2[nH]c(O)c(N=NN=Nc3ccc(S(N)(=O)=O)cc3)c2c1,True,pass,True,0,0,,,True,True,True,True,True,True,True,True,True,True,True,True,True,True,True,True,True,True,True,True,True,True
pose000981,981,Cc1ncc(Nc2ccc(S(C)(=O)=O)cc2)n1C(C)C,True,pass,True,0,0,,,True,True,True,True,True,True,True,True,True,True,True,True,True,True,True,True,True,True,True,True,True,True
pose000982,982,CC(CCN(C)C)c1c(O)cc(O)c2c1OC(=CC(=O)Nc1ccccc1)C2=O,True,pass,True,0,0,,,True,True,True,True,True,True,True,True,True,True,True,True,True,True,True,True,True,True,True,True,True,True
pose000983,983,CS(=O)(=O)N1CCC(Nc2ncc(C(F)(F)F)c(-c3cnn(-c4ccccc4Cl)c3)n2)CC1,True,pass,True,0,0,,,True,True,True,True,True,True,True,True,True,True,True,True,True,True,True,True,True,True,True,True,True,True
pose000984,984,CC(=O)N(C)c1ccc(-c2ccc(S(N)(=O)=O)cc2)nc1,True,pass,True,0,0,,,True,True,True,True,True,True,True,True,True,True,True,True,True,True,True,True,True,True,True,True,True,True
pose000985,985,CCS(=O)(Cc1cc(F)cc(Nc2ncc(F)c(NCCN(C)C)n2)c1)=NC#N,True,pass,True,0,0,,,True,True,True,True,True,True,True,True,True,True,True,True,True,True,True,True,True,True,True,True,True,True
pose000986,986,CC[C@@H](Nc1nc(NCc2cccnc2)c2ncn(C(C)C)c2n1)N1CCN(C)CC1,True,pass,True,0,0,,,True,True,True,True,True,True,True,True,True,True,True,True,True,True,True,True,True,True,True,True,True,True
pose000987,987,CC(C)c1cnn2c(NCc3ccc(N)cc3)nc(OC3CCN(C)CC3)nc12,True,pass,True,0,0,,,True,True,True,True,True,True,True,True,True,True,True,True,True,True,True,True,True,True,True,True,True,True
pose000988,988,Cc1nc2ccc(Nc3ccc(N4CCN(C(=O)C(C)O)CC4)cc3)cc2s1,True,pass,True,0,0,,,True,True,True,True,True,True,True,True,True,True,True,True,True,True,True,True,True,True,True,True,True,True
pose000989,989,CNC(=O)c1ccc(-c2ccc(S(C)(=O)=O)cc2)cc1,True,pass,True,0,0,,,True,True,True,True,True,True,True,True,True,True,True,True,True,True,True,True,True,True,True,True,True,True
pose000990,990,Clc1cc(Nc2ccccc2)ccc1N1CCOCC1,True,pass,True,0,0,,,True,True,True,True,True,True,True,True,True,True,True,True,True,True,True,True,True,True,True,True,True,True
pose000991,991,CCCCC1(C)CNC(=O)c2cc3cnc(Nc4ccc(N5CCOCC5)cc4)nc3n21,True,pass,True,0,0,,,True,True,True,True,True,True,True,True,True,True,True,True,True,True,True,True,True,True,True,True,True,True
pose000992,992,CN1CCN(c2ccc(Nc3nccc(-c4cnn5ncccc45)n3)cc2C(F)(F)F)CC1,True,pass,True,0,0,,,True,True,True,True,True,True,True,True,True,True,True,True,True,True,True,True,True,True,True,True,True,True
pose000993,993,C[C@@H](Nc1nc(Nc2ccc(S(C)(=N)=O)cc2)ncc1Br)C(C)(C)O,True,pass,True,0,0,,,True,True,True,True,True,True,True,True,True,True,True,True,True,True,True,True,True,True,True,True,True,True
pose000994,994,CC(C)c1ccc2c(n1)CCN(c1ccc(S(N)(=O)=O)cc1)C2,True,pass,True,0,0,,,True,True,True,True,True,True,True,True,True,True,True,True,True,True,True,True,True,True,True,True,True,True
pose000995,995,CC(=O)N1CCc2nc(Nc3ncc(F)c(-c4cc(F)c5nc(C)n(C(C)C)c5c4)n3)ccc2C1,True,pass,True,0,0,,,True,True,True,True,True,True,True,True,True,True,True,True,True,True,True,True,True,True,True,True,True,True
pose000996,996,CC(C)CN1CCc2nc(-c3ccc(S(N)(=O)=O)cc3)ccc2C1,True,pass,True,0,0,,,True,True,True,True,True,True,True,True,True,True,True,True,True,True,True,True,True,True,True,True,True,True
pose000997,997,Cc1ncc(-c2ccnc(Nc3ccc(S(C)(=O)=O)cc3)n2)n1C(C)C,True,pass,True,0,0,,,True,True,True,True,True,True,True,True,True,True,True,True,True,True,True,True,True,True,True,True,True,True
pose000998,998,CC(C)=NC(=O)C(=O)c1ccc(Nc2ncc(F)c(-c3cnc(C)n3C(C)C)n2)cc1,True,pass,True,0,0,,,True,True,True,True,True,True,True,True,True,True,True,True,True,True,True,True,True,True,True,True,True,True
pose000999,999,CCC(=O)Nc1ccc(-c2ccc(N3CCOCC3)cc2)cc1,True,pass,True,0,0,,,True,True,True,True,True,True,True,True,True,True,True,True,True,True,True,True,True,True,True,True,True,True
pose001000,1000,NS(=O)(=O)c1ccc(N=Nc2c(O)[nH]c3cccc(I)c23)cc1,True,pass,True,0,0,,,True,True,True,True,True,True,True,True,True,True,True,True,True,True,True,True,True,True,True,True,True,True
pose001001,1001,Oc1ccc(CN2CCC(c3ccccc3)CC2)cc1,True,pass,True,0,0,,,True,True,True,True,True,True,True,True,True,True,True,True,True,True,True,True,True,True,True,True,True,True
pose001002,1002,CC(C)C(=O)N1CCN(C(=O)c2cccc(NC(C)(C)C)c2)CC1,True,pass,True,0,0,,,True,True,True,True,True,True,True,True,True,True,True,True,True,True,True,True,True,True,True,True,True,True
pose001003,1003,C[SH]=C(C)CSCC(=O)c1ccc(Nc2ncc(F)c(-c3cnc(C)n3C(C)C)n2)cc1,True,pass,True,0,0,,,True,True,True,True,True,True,True,True,True,True,True,True,True,True,True,True,True,True,True,True,True,True
pose001004,1004,C=C(C)C(=O)c1ccc(Nc2ccc(Nc3ncc(F)c(-c4cnc(C)n4C(C)C)n3)cc2)cc1,True,pass,True,0,0,,,True,True,True,True,True,True,True,True,True,True,True,True,True,True,True,True,True,True,True,True,True,True
pose001005,1005,C=C(C)C(C)(N)CC(=O)c1ccc(Nc2ncc(F)c(-c3ncc(F)c(-c4cnc(C)n4C(C)C)n3)n2)cc1,True,pass,True,0,0,,,True,True,True,True,True,True,True,True,True,True,True,True,True,True,True,True,True,True,True,True,True,True
pose001006,1006,CC(C)c1ccc(Oc2ccc(S(N)(=O)=O)cc2)cc1,True,pass,True,0,0,,,True,True,True,True,True,True,True,True,True,True,True,True,True,True,True,True,True,True,True,True,True,True
pose001007,1007,C[C@H]([C@@H](C)O)[C@@H](C)Oc1nc(Nc2ccc(S(=N)(=O)[C@H](C)[C@@H](C)O)cc2)ncc1C(F)(F)F,True,pass,True,0,0,,,True,True,True,True,True,True,True,True,True,True,True,True,True,True,True,True,True,True,True,True,True,True
pose001008,1008,COS[C@H](OS(=O)(=O)c1ccc(Nc2ncc(C(F)(F)F)c(OC(C)C)n2)cc1)[C@@H](C)O,True,pass,True,0,0,,,True,True,True,True,True,True,True,True,True,True,True,True,True,True,True,True,True,True,True,True,True,True
pose001009,1009,CCCNc1ccc(Oc2ccc(S(N)(=O)=O)cc2)cc1,True,pass,True,0,0,,,True,True,True,True,True,True,True,True,True,True,True,True,True,True,True,True,True,True,True,True,True,True
pose001010,1010,CNC(=O)c1cccc(C(=O)Nc2cc(N3CCOCC3)ccc2F)c1,True,pass,True,0,0,,,True,True,True,True,True,True,True,True,True,True,True,True,True,True,True,True,True,True,True,True,True,True
pose001011,1011,Fc1ccc(CNc2ccc(N3CCOCC3)cc2)cc1,True,pass,True,0,0,,,True,True,True,True,True,True,True,True,True,True,True,True,True,True,True,True,True,True,True,True,True,True
pose001012,1012,CC(O)C(=O)N1CCCN(c2ccc(-c3ccc(C(=O)O)cc3)cc2)CC1,True,pass,True,0,0,,,True,True,True,True,True,True,True,True,True,True,True,True,True,True,True,True,True,True,True,True,True,True
pose001013,1013,COc1ccccc1NCc1cccc(Nc2cccc(N3CCCNCC3)c2)n1,True,pass,True,0,0,,,True,True,True,True,True,True,True,True,True,True,True,True,True,True,True,True,True,True,True,True,True,True
pose001014,1014,O=C(NC1CCCCC1)c1ccc(N2CCOCC2)nc1,True,pass,True,0,0,,,True,True,True,True,True,True,True,True,True,True,True,True,True,True,True,True,True,True,True,True,True,True
pose001015,1015,C=C(C)C(C)c1ccc(C(=O)c2ccc(Nc3ncc(F)c(-c4cnc(C)n4C(C)C)n3)cc2)cc1,True,pass,True,0,0,,,True,True,True,True,True,True,True,True,True,True,True,True,True,True,True,True,True,True,True,True,True,True
pose001016,1016,CN1CCCN(NCc2cccc(-c3ccccc3)c2)CC1,True,pass,True,0,0,,,True,True,True,True,True,True,True,True,True,True,True,True,True,True,True,True,True,True,True,True,True,True
pose001017,1017,CC1CCN(c2cn(C)c3ccc(C4CNC4)cc23)CC1,True,pass,True,0,0,,,True,True,True,True,True,True,True,True,True,True,True,True,True,True,True,True,True,True,True,True,True,True
pose001018,1018,CC(=O)Nc1ccc(N2CCN(c3ccccc3)CC2)cc1,True,pass,True,0,0,,,True,True,True,True,True,True,True,True,True,True,True,True,True,True,True,True,True,True,True,True,True,True
pose001019,1019,CC(=O)N1CCN(c2ccc(CNc3ccc(Cl)cc3)cc2)CC1,True,pass,True,0,0,,,True,True,True,True,True,True,True,True,True,True,True,True,True,True,True,True,True,True,True,True,True,True
pose001020,1020,Cc1ncc(-c2nc(Nc3ccc(C(=O)CC(=O)CNN)cc3)ncc2F)n1C(C)C,True,pass,True,0,0,,,True,True,True,True,True,True,True,True,True,True,True,True,True,True,True,True,True,True,True,True,True,True
pose001021,1021,CN1CCN(c2ccc(NCCc3ccccc3)cc2)CC1,True,pass,True,0,0,,,True,True,True,True,True,True,True,True,True,True,True,True,True,True,True,True,True,True,True,True,True,True
pose001022,1022,CC(C)(C)OC(=O)CCc1nn(C(C)(C)C)c2ncnc(N)c12,True,pass,True,0,0,,,True,True,True,True,True,True,True,True,True,True,True,True,True,True,True,True,True,True,True,True,True,True
pose001023,1023,CN(C)CCNS(=O)(=O)c1ccc(Nc2nccc(-c3cnc4ccccn34)n2)cc1,True,pass,True,0,0,,,True,True,True,True,True,True,True,True,True,True,True,True,True,True,True,True,True,True,True,True,True,True
pose001024,1024,Cc1cccc2c(N3CCCNCC3)nnc(CCC(C)C)c12,True,pass,True,0,0,,,True,True,True,True,True,True,True,True,True,True,True,True,True,True,True,True,True,True,True,True,True,True
pose001025,1025,CC(=Nc1ccc(S(N)(=O)=O)cc1)c1c(O)[nH]c2ccc(-c3cnco3)cc12,True,pass,True,0,0,,,True,True,True,True,True,True,True,True,True,True,True,True,True,True,True,True,True,True,True,True,True,True
pose001026,1026,O=C(NNc1cccc(N2CCOCC2)c1)c1ccccc1,True,pass,True,0,0,,,True,True,True,True,True,True,True,True,True,True,True,True,True,True,True,True,True,True,True,True,True,True
pose001027,1027,CC(C)CC(=O)Nc1[nH]nc2c1CN(C(=O)C1CCN(C)CC1)C2(C)C,True,pass,True,0,0,,,True,True,True,True,True,True,True,True,True,True,True,True,True,True,True,True,True,True,True,True,True,True
pose001028,1028,C[C@H]([C@@H](C)O)[C@@H](C)Oc1nc(Nc2ccc(Nc3ccc(S(=N)(=O)C(F)(F)F)cc3)cc2)ncc1C(F)(F)F,True,pass,True,0,0,,,True,True,True,True,True,True,True,True,True,True,True,True,True,True,True,True,True,True,True,True,True,True
pose001029,1029,CN1CCN(NC(O)c2ccc(Nc3ncc4c(n3)-c3c(c(C(N)=O)nn3C)CC4)cc2)CC1,True,pass,True,0,0,,,True,True,True,True,True,True,True,True,True,True,True,True,True,True,True,True,True,True,True,True,True,True
pose001030,1030,Cn1nc(C(N)=O)c2c1-c1nc(Nc3ccc(NSc4ccccc4)cc3)ncc1CC2,True,pass,True,0,0,,,True,True,True,True,True,True,True,True,True,True,True,True,True,True,True,True,True,True,True,True,True,True
pose001031,1031,c1ncc(-c2cc3cnc(Nc4ccc(N5CCNCC5)cn4)nc3n2C2CCCC2)o1,True,pass,True,0,0,,,True,True,True,True,True,True,True,True,True,True,True,True,True,True,True,True,True,True,True,True,True,True
pose001032,1032,COc1cc(C2CNC(=O)C2=Nc2cc(F)cc(CS(=N)(=O)C3CC3)c2)cc(OC)c1OC,True,pass,True,0,0,,,True,True,True,True,True,True,True,True,True,True,True,True,True,True,True,True,True,True,True,True,True,True
pose001033,1033,CC(C)(C)c1ccc(Oc2ccc(S(N)(=O)=O)cc2)cc1,True,pass,True,0,0,,,True,True,True,True,True,True,True,True,True,True,True,True,True,True,True,True,True,True,True,True,True,True
pose001034,1034,Cc1ncc(-c2ccnc(Nc3ccc(S(=O)(=O)NOS(=O)(=O)C(C)C)cc3)n2)n1C(C)C,True,pass,True,0,0,,,True,True,True,True,True,True,True,True,True,True,True,True,True,True,True,True,True,True,True,True,True,True
pose001035,1035,C[C@@H](Oc1nc(Nc2ccc(S(=O)(=O)[SH](N)(=O)O)cc2)ncc1C(F)(F)F)C(C)(C)O,True,fail,False,1,1,bond_angles,internal_energy,True,True,True,True,True,True,True,False,True,True,True,True,,True,True,True,True,True,True,True,True,True
pose001036,1036,CN1CCCN(c2ccc(N3CCCNCC3)cc2)CC1,True,pass,True,0,0,,,True,True,True,True,True,True,True,True,True,True,True,True,True,True,True,True,True,True,True,True,True,True
pose001037,1037,CN(C)CCN(C)c1ccc2cc1COC/C=C/COCc1cccc(c1)-c1ccnc(n1)N2,True,pass,True,0,0,,,True,True,True,True,True,True,True,True,True,True,True,True,True,True,True,True,True,True,True,True,True,True
pose001038,1038,C[C@@H](O)[C@@H](C)N=NS(=O)(=O)c1ccc(Nc2ncc(C(F)(F)F)c(O[C@H](C)[C@H](C)S(=O)(=O)S(N)(=O)=O)n2)cc1,True,pass,True,0,0,,,True,True,True,True,True,True,True,True,True,True,True,True,True,True,True,True,True,True,True,True,True,True
pose001039,1039,O=c1[nH]cc(-c2ccc(CN3CCOCC3)cc2)c2sc(-c3cnn(O)c3)cc12,True,pass,True,0,0,,,True,True,True,True,True,True,True,True,True,True,True,True,True,True,True,True,True,True,True,True,True,True
pose001040,1040,CN(C)C(=O)c1cccc(C(=O)Nc2cccc(N3CCOCC3)c2)c1,True,pass,True,0,0,,,True,True,True,True,True,True,True,True,True,True,True,True,True,True,True,True,True,True,True,True,True,True
pose001041,1041,O=C(c1ccc(O)cc1)N1CCN(Cc2ccccc2)CC1,True,pass,True,0,0,,,True,True,True,True,True,True,True,True,True,True,True,True,True,True,True,True,True,True,True,True,True,True
pose001042,1042,CC[C@@H](C)Oc1nc(Nc2ccc(S(N)(=O)=O)cc2)nc(N)c1C=O,True,pass,True,0,0,,,True,True,True,True,True,True,True,True,True,True,True,True,True,True,True,True,True,True,True,True,True,True
pose001043,1043,CCCc1cc(NC(=O)c2ccc(Br)cc2)[nH]n1,True,pass,True,0,0,,,True,True,True,True,True,True,True,True,True,True,True,True,True,True,True,True,True,True,True,True,True,True
pose001044,1044,NC(=O)c1ccc(NC(=O)c2ccc(N3CCCC3)cc2)cc1,True,pass,True,0,0,,,True,True,True,True,True,True,True,True,True,True,True,True,True,True,True,True,True,True,True,True,True,True
pose001045,1045,CC(C)CC(=O)N1CCc2nc(-c3ccc(S(N)(=O)=O)cc3)ccc2C1,True,pass,True,0,0,,,True,True,True,True,True,True,True,True,True,True,True,True,True,True,True,True,True,True,True,True,True,True
pose001046,1046,CCc1ccc(-c2cc(N3CCN(C)CC3)ccc2O)cc1,True,pass,True,0,0,,,True,True,True,True,True,True,True,True,True,True,True,True,True,True,True,True,True,True,True,True,True,True
pose001047,1047,COC(=O)c1ccc(-c2ccc(S(N)(=O)=O)cc2)cc1,True,pass,True,0,0,,,True,True,True,True,True,True,True,True,True,True,True,True,True,True,True,True,True,True,True,True,True,True
pose001048,1048,Cc1ncc(-c2nc(NCC(C)(C)C)ncc2F)n1C(C)C,True,pass,True,0,0,,,True,True,True,True,True,True,True,True,True,True,True,True,True,True,True,True,True,True,True,True,True,True
pose001049,1049,CS[C@H](OS(=O)(=O)c1ccc(Nc2ncc(C(F)(F)F)c(OC(C)S(=O)(=O)C(C)O)n2)cc1)[C@@H](C)O,True,pass,True,0,0,,,True,True,True,True,True,True,True,True,True,True,True,True,True,True,True,True,True,True,True,True,True,True
pose001050,1050,CC(O)C(=O)N1CCN(c2ccc(Nc3nccc(CCCN)n3)cc2)CC1,True,pass,True,0,0,,,True,True,True,True,True,True,True,True,True,True,True,True,True,True,True,True,True,True,True,True,True,True
pose001051,1051,COc1ccc(-c2ccc(N3CCCCC3)c(C(N)=O)c2)cc1,True,pass,True,0,0,,,True,True,True,True,True,True,True,True,True,True,True,True,True,True,True,True,True,True,True,True,True,True
pose001052,1052,NS(=O)(=O)c1ccc(N=Cc2c(O)[nH]c3ccc4ncsc4c23)cc1,True,pass,True,0,0,,,True,True,True,True,True,True,True,True,True,True,True,True,True,True,True,True,True,True,True,True,True,True
pose001053,1053,CCNC(=O)N1CCC(c2nc3ccnn3c(Nc3ccc(F)c(Cl)c3)c2C)CC1,True,pass,True,0,0,,,True,True,True,True,True,True,True,True,True,True,True,True,True,True,True,True,True,True,True,True,True,True
pose001054,1054,Nc1cc(OCC2CCCCC2)nc(NC(=O)NC(=S)Nc2ccc(Cl)cc2)n1,True,pass,True,0,0,,,True,True,True,True,True,True,True,True,True,True,True,True,True,True,True,True,True,True,True,True,True,True
pose001055,1055,O=C(Nc1ccccc1)c1ccc(NC(=O)N2CCOCC2)cc1,True,pass,True,0,0,,,True,True,True,True,True,True,True,True,True,True,True,True,True,True,True,True,True,True,True,True,True,True
pose001056,1056,C[C@@H](Oc1nc(Nc2ccc(S(=O)(=O)[C@@H](C)O)cc2)ncc1C(F)(F)F)c1ccc(S(=N)(=O)C(F)(F)F)cc1,True,pass,True,0,0,,,True,True,True,True,True,True,True,True,True,True,True,True,True,True,True,True,True,True,True,True,True,True
pose001057,1057,NS(=O)(=O)c1ccc(-c2ccc(C3CCCC3)nc2)cc1,True,pass,True,0,0,,,True,True,True,True,True,True,True,True,True,True,True,True,True,True,True,True,True,True,True,True,True,True
pose001058,1058,CN1CCN(Cc2ccc(-c3cnc4[nH]cc(-c5ccc6[nH]ccc6c5)c4c3)cc2)CC1,True,pass,True,0,0,,,True,True,True,True,True,True,True,True,True,True,True,True,True,True,True,True,True,True,True,True,True,True
pose001059,1059,COc1ccc(C(=O)Nc2ccc(C3=CCC3)cc2)cc1,True,pass,True,0,0,,,True,True,True,True,True,True,True,True,True,True,True,True,True,True,True,True,True,True,True,True,True,True
pose001060,1060,Cn1cc(S(=O)(=O)N2CCC(Nc3ncc4c(n3)N([C@@H]3CCC[C@@H](O)C3)C(=O)C43CC3)CC2)cn1,True,pass,True,0,0,,,True,True,True,True,True,True,True,True,True,True,True,True,True,True,True,True,True,True,True,True,True,True
pose001061,1061,CN(C)CCCN(C)S(=O)(=O)c1ccc(Nc2nccc(-c3cnc4ccccn34)n2)cc1,True,pass,True,0,0,,,True,True,True,True,True,True,True,True,True,True,True,True,True,True,True,True,True,True,True,True,True,True
pose001062,1062,CCn1c(-c2nc(NC3CCOCC3)ncc2F)cnc1C,True,pass,True,0,0,,,True,True,True,True,True,True,True,True,True,True,True,True,True,True,True,True,True,True,True,True,True,True
pose001063,1063,CN1CCN(C(=O)c2ccc(Nc3ccc(N(C)C)cc3)cc2)CC1,True,pass,True,0,0,,,True,True,True,True,True,True,True,True,True,True,True,True,True,True,True,True,True,True,True,True,True,True
pose001064,1064,CN(C)C(=O)c1cccc(-c2cnc(N)c(-c3nc4c(N5CCNCC5)cccc4[nH]3)n2)c1,True,pass,True,0,0,,,True,True,True,True,True,True,True,True,True,True,True,True,True,True,True,True,True,True,True,True,True,True
pose001065,1065,O=C(Nc1ccccc1)c1cccc(CCN2CCOCC2)c1,True,pass,True,0,0,,,True,True,True,True,True,True,True,True,True,True,True,True,True,True,True,True,True,True,True,True,True,True
pose001066,1066,NS(=O)(=O)c1ccc(N=Nc2ccc(SC(=O)N=Cc3c(=O)[nH]c4ccc5[nH]cccc5c34)cc2)cc1,True,pass,True,0,0,,,True,True,True,True,True,True,True,True,True,True,True,True,True,True,True,True,True,True,True,True,True,True
pose001067,1067,CC(c1ccc(C(C)(C)C)cc1)c1ccc(S(N)(=O)=O)cc1,True,pass,True,0,0,,,True,True,True,True,True,True,True,True,True,True,True,True,True,True,True,True,True,True,True,True,True,True
pose001068,1068,Cc1ccc(F)c(NC(=O)c2ccc(S(N)(=O)=O)cc2)c1,True,pass,True,0,0,,,True,True,True,True,True,True,True,True,True,True,True,True,True,True,True,True,True,True,True,True,True,True
pose001069,1069,O=C(Cc1ccccc1)NC(=O)Cc1ccc(F)cc1,True,pass,True,0,0,,,True,True,True,True,True,True,True,True,True,True,True,True,True,True,True,True,True,True,True,True,True,True
pose001070,1070,CON(C)C(=O)Nc1ccnc(/C=C/c2ccccc2)n1,True,pass,True,0,0,,,True,True,True,True,True,True,True,True,True,True,True,True,True,True,True,True,True,True,True,True,True,True
pose001071,1071,CC(C)(C)Oc1ccc(-c2ccc(S(N)(=O)=O)cc2)cc1,True,pass,True,0,0,,,True,True,True,True,True,True,True,True,True,True,True,True,True,True,True,True,True,True,True,True,True,True
pose001072,1072,C=CC(=O)NCc1ccc(C(=O)N2CCCC(Nc3ncc(SCc4ncc(C(C)(C)C)o4)s3)C2)cc1,True,pass,True,0,0,,,True,True,True,True,True,True,True,True,True,True,True,True,True,True,True,True,True,True,True,True,True,True
pose001073,1073,CN1CC=C(c2cnc(Nc3cnn(C)c3)nc2OC2CCCCC2)CC1,True,pass,True,0,0,,,True,True,True,True,True,True,True,True,True,True,True,True,True,True,True,True,True,True,True,True,True,True
pose001074,1074,CN(C)C(=O)c1cccc(-c2ccc(N3CCCNCC3)cc2)c1,True,pass,True,0,0,,,True,True,True,True,True,True,True,True,True,True,True,True,True,True,True,True,True,True,True,True,True,True
pose001075,1075,Cc1cc(C(C#N)c2ccc(Cl)cc2)c(Cl)cc1NC(=O)c1cc(I)cc(I)c1O,True,pass,True,0,0,,,True,True,True,True,True,True,True,True,True,True,True,True,True,True,True,True,True,True,True,True,True,True
pose001076,1076,CC(C)(C)Nc1nc(C(F)(F)F)nc2ccc(-c3cccnc3)cc12,True,pass,True,0,0,,,True,True,True,True,True,True,True,True,True,True,True,True,True,True,True,True,True,True,True,True,True,True
pose001077,1077,Cc1ncc(-c2ccnc(Nc3ccc(-c4ccc(S(C)(=O)=O)cc4)cc3)n2)n1C(C)C,True,pass,True,0,0,,,True,True,True,True,True,True,True,True,True,True,True,True,True,True,True,True,True,True,True,True,True,True
pose001078,1078,CN(C)CC(O)COc1ccc(Nc2ccc(N3CCNCC3)cn2)cc1,True,pass,True,0,0,,,True,True,True,True,True,True,True,True,True,True,True,True,True,True,True,True,True,True,True,True,True,True
pose001079,1079,NCc1ccc(C2CCN(c3ccccc3)CC2)cc1,True,pass,True,0,0,,,True,True,True,True,True,True,True,True,True,True,True,True,True,True,True,True,True,True,True,True,True,True
pose001080,1080,CC(C)(C)NC(=O)c1ccc(Cc2ccc(S(N)(=O)=O)cc2)cc1,True,pass,True,0,0,,,True,True,True,True,True,True,True,True,True,True,True,True,True,True,True,True,True,True,True,True,True,True
pose001081,1081,Fc1ccccc1Nc1ccc(N2CCOCC2)cc1,True,pass,True,0,0,,,True,True,True,True,True,True,True,True,True,True,True,True,True,True,True,True,True,True,True,True,True,True
pose001082,1082,CC(C)S(=O)(=O)c1ccc(Oc2ccc(S(N)(=O)=O)cc2)cc1,True,pass,True,0,0,,,True,True,True,True,True,True,True,True,True,True,True,True,True,True,True,True,True,True,True,True,True,True
pose001083,1083,O=C(Nc1ccc(CN2CCCCC2)cc1)c1ccccc1,True,pass,True,0,0,,,True,True,True,True,True,True,True,True,True,True,True,True,True,True,True,True,True,True,True,True,True,True
pose001084,1084,Cc1ccccc1C(=O)Nc1ccc(N2CCCN(C)CC2)cc1,True,pass,True,0,0,,,True,True,True,True,True,True,True,True,True,True,True,True,True,True,True,True,True,True,True,True,True,True
pose001085,1085,CC(C)Nc1ccc(-c2ccc(S(C)(=O)=O)cc2)cc1,True,pass,True,0,0,,,True,True,True,True,True,True,True,True,True,True,True,True,True,True,True,True,True,True,True,True,True,True
pose001086,1086,O=C(O)Nc1ccc(N2CCC(c3nc(NCO)ncc3F)CC2)cn1,True,pass,True,0,0,,,True,True,True,True,True,True,True,True,True,True,True,True,True,True,True,True,True,True,True,True,True,True
pose001087,1087,NS(=O)(=O)c1ccc(N=Nc2c(O)[nH]c3ccc(C(=S)c4ccc([N+](=O)[O-])cc4)cc23)cc1,True,pass,True,0,0,,,True,True,True,True,True,True,True,True,True,True,True,True,True,True,True,True,True,True,True,True,True,True
pose001088,1088,C[C@@H](NC(=O)N1CCc2cnc(NC3CCOCC3)nc2C1)c1ccc(Cl)c(F)c1,True,pass,True,0,0,,,True,True,True,True,True,True,True,True,True,True,True,True,True,True,True,True,True,True,True,True,True,True
pose001089,1089,Cc1cccc(-c2ccc(N3CCN(C(=O)C(C)O)CC3)cc2)c1,True,pass,True,0,0,,,True,True,True,True,True,True,True,True,True,True,True,True,True,True,True,True,True,True,True,True,True,True
pose001090,1090,CCc1ccc(CNC(=O)c2cc(C)ccc2F)cc1,True,pass,True,0,0,,,True,True,True,True,True,True,True,True,True,True,True,True,True,True,True,True,True,True,True,True,True,True
pose001091,1091,Cc1ccccc1NC(=O)Nc1ccc(OC(F)(F)F)cc1,True,pass,True,0,0,,,True,True,True,True,True,True,True,True,True,True,True,True,True,True,True,True,True,True,True,True,True,True
pose001092,1092,COC(Oc1nc(Nc2ccc(S(=O)(=O)C(F)(F)F)cc2)ncc1C(F)(F)F)[C@@H](C)O,True,pass,True,0,0,,,True,True,True,True,True,True,True,True,True,True,True,True,True,True,True,True,True,True,True,True,True,True
pose001093,1093,O=C(Cc1ccc(-c2cc(=O)c3c(O)cc(O)cc3o2)cc1)C(=O)C1CCNCC1,True,pass,True,0,0,,,True,True,True,True,True,True,True,True,True,True,True,True,True,True,True,True,True,True,True,True,True,True
pose001094,1094,C[C@@H](Oc1nc(Nc2ccc(S(C)(=O)=O)cc2)ncc1C(F)(F)F)C(C)(C)[SH](N)(=O)CO,True,unevaluable,False,0,1,,internal_energy,True,True,True,True,True,True,True,True,True,True,True,True,,True,True,True,True,True,True,True,True,True
pose001095,1095,CN(C)C(=O)c1ccc(F)c(NC(=O)c2cccnc2)c1,True,pass,True,0,0,,,True,True,True,True,True,True,True,True,True,True,True,True,True,True,True,True,True,True,True,True,True,True
pose001096,1096,CN1CCN(c2ccc(Nc3nccc(-c4cnn5ncccc45)n3)cc2)CC1,True,pass,True,0,0,,,True,True,True,True,True,True,True,True,True,True,True,True,True,True,True,True,True,True,True,True,True,True
pose001097,1097,CN1CCCN(c2ccc(CN3CCCNCC3)cc2)CC1,True,pass,True,0,0,,,True,True,True,True,True,True,True,True,True,True,True,True,True,True,True,True,True,True,True,True,True,True
pose001098,1098,O=C(O)NC(=O)c1cccc(-c2ccc(N3CC=NCC3)cc2)c1,True,pass,True,0,0,,,True,True,True,True,True,True,True,True,True,True,True,True,True,True,True,True,True,True,True,True,True,True
pose001099,1099,CCCC(=O)Nc1[nH]nc2cc(Cl)c(-c3ccccc3)cc12,True,pass,True,0,0,,,True,True,True,True,True,True,True,True,True,True,True,True,True,True,True,True,True,True,True,True,True,True
pose001100,1100,COc1ccccc1N1CCN(C(=O)c2ccccc2)CC1,True,pass,True,0,0,,,True,True,True,True,True,True,True,True,True,True,True,True,True,True,True,True,True,True,True,True,True,True
pose001101,1101,C=C(C)c1ccc2c(c1)c(CC(=O)N1CCCNCC1)cn2C,True,pass,True,0,0,,,True,True,True,True,True,True,True,True,True,True,True,True,True,True,True,True,True,True,True,True,True,True
pose001102,1102,NS(=O)(=O)c1ccc(N=NN=NN=NC(O)c2c(=O)[nH]c3ccc4[nH]cccc4c23)cc1,True,pass,True,0,0,,,True,True,True,True,True,True,True,True,True,True,True,True,True,True,True,True,True,True,True,True,True,True
pose001103,1103,NC(=O)c1ccc(-c2cccc(N3CCOCC3)c2)cc1,True,pass,True,0,0,,,True,True,True,True,True,True,True,True,True,True,True,True,True,True,True,True,True,True,True,True,True,True
pose001104,1104,CC(C)Cc1ccc(CCc2ccc(S(N)(=O)=O)cc2)cc1,True,pass,True,0,0,,,True,True,True,True,True,True,True,True,True,True,True,True,True,True,True,True,True,True,True,True,True,True
pose001105,1105,CC(C)(C)n1nc(-c2cccc3ccccc23)c2c(N)ncnc21,True,pass,True,0,0,,,True,True,True,True,True,True,True,True,True,True,True,True,True,True,True,True,True,True,True,True,True,True
pose001106,1106,Cc1ccccc1CCc1cc(N2CCN(C)CC2)ccc1O,True,pass,True,0,0,,,True,True,True,True,True,True,True,True,True,True,True,True,True,True,True,True,True,True,True,True,True,True
pose001107,1107,CN1CCN(c2ccc(-c3cccc(F)c3)cc2CO)CC1,True,pass,True,0,0,,,True,True,True,True,True,True,True,True,True,True,True,True,True,True,True,True,True,True,True,True,True,True
pose001108,1108,CC(=O)CNc1ncc(F)c(-c2cnc(C)n2C(C)C)n1,True,pass,True,0,0,,,True,True,True,True,True,True,True,True,True,True,True,True,True,True,True,True,True,True,True,True,True,True
pose001109,1109,Nc1ncnc2occ(-c3ccc(NC(=O)Nc4cc(C(F)(F)F)ccc4F)cc3)c12,True,pass,True,0,0,,,True,True,True,True,True,True,True,True,True,True,True,True,True,True,True,True,True,True,True,True,True,True
pose001110,1110,Cc1ccccc1Nc1cc(Nc2ccc(Oc3ccc(S(N)(=O)=O)cc3)cc2)ncn1,True,pass,True,0,0,,,True,True,True,True,True,True,True,True,True,True,True,True,True,True,True,True,True,True,True,True,True,True
pose001111,1111,CC(=O)C(=O)c1ccc(Nc2ncc(F)c(Nc3ncc(F)c(-c4cnc(C)n4C(C)C)n3)n2)cc1,True,pass,True,0,0,,,True,True,True,True,True,True,True,True,True,True,True,True,True,True,True,True,True,True,True,True,True,True
pose001112,1112,CC(C)=NCC(=O)CC(=O)c1ccc(-c2ccc(Nc3ncc(F)c(-c4cnc(C)n4C(C)C)n3)cc2)cc1,True,pass,True,0,0,,,True,True,True,True,True,True,True,True,True,True,True,True,True,True,True,True,True,True,True,True,True,True
pose001113,1113,Cc1ncc(OS(=O)(=O)c2ccc(Nc3nccc(-c4cnc(C)n4C(C)C)n3)cc2)n1C(C)C,True,pass,True,0,0,,,True,True,True,True,True,True,True,True,True,True,True,True,True,True,True,True,True,True,True,True,True,True
pose001114,1114,CN(C)CCNS(=O)(=O)c1ccc(-c2cccc(NC(=O)C3CCCCO3)n2)cc1,True,pass,True,0,0,,,True,True,True,True,True,True,True,True,True,True,True,True,True,True,True,True,True,True,True,True,True,True
pose001115,1115,Nc1nccc(-n2ccc3ccncc32)n1,True,pass,True,0,0,,,True,True,True,True,True,True,True,True,True,True,True,True,True,True,True,True,True,True,True,True,True,True
pose001116,1116,CC(C)C(=O)N1CCCc2cnc(Nc3ccccc3)nc2C1,True,pass,True,0,0,,,True,True,True,True,True,True,True,True,True,True,True,True,True,True,True,True,True,True,True,True,True,True
pose001117,1117,Cc1nc2c(F)cc(-c3nc(Nc4ccc5c(n4)CCN[C@H]5C)ncc3F)cc2n1C(C)(C)C,True,pass,True,0,0,,,True,True,True,True,True,True,True,True,True,True,True,True,True,True,True,True,True,True,True,True,True,True
pose001118,1118,NS(=O)(=O)c1ccc(N=C(Oc2cnco2)c2c(O)[nH]c3ccc(-c4cnco4)cc23)cc1,True,pass,True,0,0,,,True,True,True,True,True,True,True,True,True,True,True,True,True,True,True,True,True,True,True,True,True,True
pose001119,1119,O=C(NCc1cccc(C(=O)N2CCCC2)c1)c1ccccc1,True,pass,True,0,0,,,True,True,True,True,True,True,True,True,True,True,True,True,True,True,True,True,True,True,True,True,True,True
pose001120,1120,C=C(C)C(=O)c1ccc(Nc2ncc(F)c(Nc3ncc(F)c(-c4cnc(C)n4C(C)C)n3)n2)cc1,True,pass,True,0,0,,,True,True,True,True,True,True,True,True,True,True,True,True,True,True,True,True,True,True,True,True,True,True
pose001121,1121,CN1CCN(Cc2ccc(NC(=O)c3[nH]ncc3Nc3ccncn3)cc2)CC1,True,pass,True,0,0,,,True,True,True,True,True,True,True,True,True,True,True,True,True,True,True,True,True,True,True,True,True,True
pose001122,1122,CC(C)N(C)C(=O)O[C@@H]1CCC(c2cc(NNCc3ccn4ccnc4c3)[nH]n2)C1,True,pass,True,0,0,,,True,True,True,True,True,True,True,True,True,True,True,True,True,True,True,True,True,True,True,True,True,True
pose001123,1123,CC(C)=C[N+](=CC=CC(N)=O)CC(=O)c1ccc(Nc2ncc(F)c(-c3cnc(C)n3C(C)C)n2)cc1,True,pass,True,0,0,,,True,True,True,True,True,True,True,True,True,True,True,True,True,True,True,True,True,True,True,True,True,True
pose001124,1124,CNC(=O)c1nn(C)c2c1C(C)(C)Cc1cnc(Nc3cccc(CN4CCN(C)CC4)c3)nc1-2,True,pass,True,0,0,,,True,True,True,True,True,True,True,True,True,True,True,True,True,True,True,True,True,True,True,True,True,True
pose001125,1125,CNC(=O)c1ccc(C(=O)Nc2ccc(F)cc2F)cc1,True,pass,True,0,0,,,True,True,True,True,True,True,True,True,True,True,True,True,True,True,True,True,True,True,True,True,True,True
pose001126,1126,Cc1ncc(-c2nc(Nc3ccc(C(=O)NCCN(C)C)c(F)c3)ncc2F)n1C(C)C,True,pass,True,0,0,,,True,True,True,True,True,True,True,True,True,True,True,True,True,True,True,True,True,True,True,True,True,True
pose001127,1127,CC(=O)C(=O)c1ccc(C(=O)c2ccc(Nc3ncc(F)c(-c4cnc(C)n4C(C)C)n3)cc2)cc1,True,pass,True,0,0,,,True,True,True,True,True,True,True,True,True,True,True,True,True,True,True,True,True,True,True,True,True,True
pose001128,1128,C[C@H]1CNCC(C(=O)Nc2ncc(SCc3cc(N4CCOCC4)ccc3O)s2)C1,True,pass,True,0,0,,,True,True,True,True,True,True,True,True,True,True,True,True,True,True,True,True,True,True,True,True,True,True
pose001129,1129,Cc1nccc(-c2ccc(C(=O)N(C)C)c(Cl)c2)c1C#Cc1ccc(N)nc1,True,pass,True,0,0,,,True,True,True,True,True,True,True,True,True,True,True,True,True,True,True,True,True,True,True,True,True,True
pose001130,1130,CC[C@@H](Nc1nc(NCc2cccnc2)c2ncn(C(C)C)c2n1)C(O)C(C)(C)C,True,pass,True,0,0,,,True,True,True,True,True,True,True,True,True,True,True,True,True,True,True,True,True,True,True,True,True,True
pose001131,1131,Clc1cc(Nc2ccccc2)ccc1CN1CCOCC1,True,pass,True,0,0,,,True,True,True,True,True,True,True,True,True,True,True,True,True,True,True,True,True,True,True,True,True,True
pose001132,1132,CCc1cnc(Nc2ccc(S(N)(=O)=O)cc2)nc1C,True,pass,True,0,0,,,True,True,True,True,True,True,True,True,True,True,True,True,True,True,True,True,True,True,True,True,True,True
pose001133,1133,Cc1ccc(F)c(C(=O)Nc2ccc(N3CCN(C)CC3)cc2)c1,True,pass,True,0,0,,,True,True,True,True,True,True,True,True,True,True,True,True,True,True,True,True,True,True,True,True,True,True
pose001134,1134,NS(=O)(=O)c1ccc(N=Nc2c(O)[nH]c3ccc(C(=O)N=CNc4ccc([N+](=O)[O-])cc4)cc23)cc1,True,pass,True,0,0,,,True,True,True,True,True,True,True,True,True,True,True,True,True,True,True,True,True,True,True,True,True,True
pose001135,1135,CC(C)(C)Nc1ccc(Cc2ccc(S(N)(=O)=O)cc2)cc1,True,pass,True,0,0,,,True,True,True,True,True,True,True,True,True,True,True,True,True,True,True,True,True,True,True,True,True,True
pose001136,1136,Cc1cccc(COC(=O)c2ccc(S(N)(=O)=O)cc2)c1,True,pass,True,0,0,,,True,True,True,True,True,True,True,True,True,True,True,True,True,True,True,True,True,True,True,True,True,True
pose001137,1137,O=C(Nc1[nH]nc2nc(-c3ccc(O)c(Br)c3)ccc12)C1CC1,True,pass,True,0,0,,,True,True,True,True,True,True,True,True,True,True,True,True,True,True,True,True,True,True,True,True,True,True
pose001138,1138,O=C(Cc1cccc(Cl)c1)NCC(=O)Nc1[nH]nc2ccc(N3CCCS3(=O)=O)cc12,True,pass,True,0,0,,,True,True,True,True,True,True,True,True,True,True,True,True,True,True,True,True,True,True,True,True,True,True
pose001139,1139,Cc1ncc(-c2nc(NCCC(C)(C)C)ncc2F)n1C(C)C,True,pass,True,0,0,,,True,True,True,True,True,True,True,True,True,True,True,True,True,True,True,True,True,True,True,True,True,True
pose001140,1140,COc1ccc(-c2nn(-c3ccccc3)cc2C(=O)NC(=S)Nc2ccc(Cl)cc2)cc1,True,pass,True,0,0,,,True,True,True,True,True,True,True,True,True,True,True,True,True,True,True,True,True,True,True,True,True,True
pose001141,1141,CC(=O)c1ccc(C(=O)c2ccc(C(N)=O)cc2)cc1,True,pass,True,0,0,,,True,True,True,True,True,True,True,True,True,True,True,True,True,True,True,True,True,True,True,True,True,True
pose001142,1142,COC(=O)c1ccc(C(=O)Nc2ccc(Cl)cc2)cc1,True,pass,True,0,0,,,True,True,True,True,True,True,True,True,True,True,True,True,True,True,True,True,True,True,True,True,True,True
pose001143,1143,CCc1cnn2c(NCc3ccc[n+]([O-])c3)cc(N3CCCC[C@H]3CCNN3CSCC[C@H]3CCO)nc12,True,pass,True,0,0,,,True,True,True,True,True,True,True,True,True,True,True,True,True,True,True,True,True,True,True,True,True,True
pose001144,1144,Cc1cccc(NC(=O)c2ccc(N3CCCOCC3)cc2)c1,True,pass,True,0,0,,,True,True,True,True,True,True,True,True,True,True,True,True,True,True,True,True,True,True,True,True,True,True
pose001145,1145,CC1CN(c2ccc(Nc3ncc4cc5n(c4n3)C3(CCCC3)CNC5=O)nc2)CCN1CC1CC1,True,fail,False,1,0,internal_energy,,True,True,True,True,True,True,True,True,True,True,True,True,False,True,True,True,True,True,True,True,True,True
pose001146,1146,CC(c1ccc(S(C)(=O)=O)cc1)c1ccc(S(N)(=O)=O)cc1,True,pass,True,0,0,,,True,True,True,True,True,True,True,True,True,True,True,True,True,True,True,True,True,True,True,True,True,True
pose001147,1147,CS(=O)(=O)c1ccc(NC(=O)c2ccc(S(C)(=O)=O)cc2)cc1,True,pass,True,0,0,,,True,True,True,True,True,True,True,True,True,True,True,True,True,True,True,True,True,True,True,True,True,True
pose001148,1148,CN(C)C/C=C/C(=O)Nc1ccc(C(=O)Nc2ncc(SCc3ncc(C(C)(C)C)o3)s2)cc1,True,pass,True,0,0,,,True,True,True,True,True,True,True,True,True,True,True,True,True,True,True,True,True,True,True,True,True,True
pose001149,1149,COc1cc(N2CCN(C(C)=O)CC2)ccc1Nc1ncc(C)c(C(F)(F)NC2CCCCC2)n1,True,pass,True,0,0,,,True,True,True,True,True,True,True,True,True,True,True,True,True,True,True,True,True,True,True,True,True,True
pose001150,1150,Cc1cc(Nc2ncc(Br)c(N[C@H](C)C(C)(C)O)n2)ccc1S(C)(=N)=O,True,pass,True,0,0,,,True,True,True,True,True,True,True,True,True,True,True,True,True,True,True,True,True,True,True,True,True,True
pose001151,1151,Oc1ccc(Cc2ccc(N3CCOCC3)cc2)cc1,True,pass,True,0,0,,,True,True,True,True,True,True,True,True,True,True,True,True,True,True,True,True,True,True,True,True,True,True
pose001152,1152,CC(C)Cc1ncc(F)c(-c2ccc(S(N)(=O)=O)cc2)n1,True,pass,True,0,0,,,True,True,True,True,True,True,True,True,True,True,True,True,True,True,True,True,True,True,True,True,True,True
pose001153,1153,c1cc(C2CC2)ccc1-c1ccc(N2CCCNCC2)cc1,True,pass,True,0,0,,,True,True,True,True,True,True,True,True,True,True,True,True,True,True,True,True,True,True,True,True,True,True
pose001154,1154,Cc1ncc(-c2nc(Nc3ccc(C(=O)NC4CCN(C)CC4)c(F)c3)ncc2F)n1C(C)C,True,pass,True,0,0,,,True,True,True,True,True,True,True,True,True,True,True,True,True,True,True,True,True,True,True,True,True,True
pose001155,1155,C[C@@H](c1ccc(S(N)(=O)=O)cc1)c1cccc(C(C)(C)C)c1,True,pass,True,0,0,,,True,True,True,True,True,True,True,True,True,True,True,True,True,True,True,True,True,True,True,True,True,True
pose001156,1156,CCC(=O)Nc1ccc(-c2ccc(N3CCN(C)CC3)cc2)nc1,True,pass,True,0,0,,,True,True,True,True,True,True,True,True,True,True,True,True,True,True,True,True,True,True,True,True,True,True
pose001157,1157,NS(=O)(=O)c1ccc(N=NN=Nc2c(=O)[nH]c3ccc4[nH]cccc4c23)cc1,True,pass,True,0,0,,,True,True,True,True,True,True,True,True,True,True,True,True,True,True,True,True,True,True,True,True,True,True
pose001158,1158,NS(=O)(=O)c1cccc(Nc2nccc(-c3ccnc(NCCCO)c3)n2)c1,True,pass,True,0,0,,,True,True,True,True,True,True,True,True,True,True,True,True,True,True,True,True,True,True,True,True,True,True
pose001159,1159,CN1CCN(C(=O)c2ccc(O)c(-c3ccccc3)c2)CCC1=O,True,pass,True,0,0,,,True,True,True,True,True,True,True,True,True,True,True,True,True,True,True,True,True,True,True,True,True,True
pose001160,1160,Cc1cc(N2CCCS2(=O)=O)c2oc(-c3ccc(O)cc3)c(O)c(=O)c2c1,True,pass,True,0,0,,,True,True,True,True,True,True,True,True,True,True,True,True,True,True,True,True,True,True,True,True,True,True
pose001161,1161,Cc1nc2c(F)cc(-c3nc(Nc4ccc5c(n4)CCN(C(=O)O)C5)ncc3F)cc2n1C(C)C,True,pass,True,0,0,,,True,True,True,True,True,True,True,True,True,True,True,True,True,True,True,True,True,True,True,True,True,True
pose001162,1162,COc1ccc(Nc2ccc(N3CCOCC3)c(C)c2)cc1,True,pass,True,0,0,,,True,True,True,True,True,True,True,True,True,True,True,True,True,True,True,True,True,True,True,True,True,True
pose001163,1163,Cc1ncc(-c2nc(NCC3CCOCC3)ncc2F)n1C(C)C,True,pass,True,0,0,,,True,True,True,True,True,True,True,True,True,True,True,True,True,True,True,True,True,True,True,True,True,True
pose001164,1164,CC(N=Nc1ccc(N=NN=Nc2ccc(S(N)(=O)=O)cc2)cc1)=Nc1c(=O)[nH]c2ccc3[nH]cccc3c12,True,pass,True,0,0,,,True,True,True,True,True,True,True,True,True,True,True,True,True,True,True,True,True,True,True,True,True,True
pose001165,1165,O=c1cc(-c2ccc(O)cc2Cl)oc2c(CC3CCCCC3)c(O)cc(O)c12,True,pass,True,0,0,,,True,True,True,True,True,True,True,True,True,True,True,True,True,True,True,True,True,True,True,True,True,True
pose001166,1166,CCCNc1nccc(-c2ccc(S(N)(=O)=O)cc2)n1,True,pass,True,0,0,,,True,True,True,True,True,True,True,True,True,True,True,True,True,True,True,True,True,True,True,True,True,True
pose001167,1167,CC(=O)N1CCc2cnc(Nc3ccc(Cl)cc3)nc2C1,True,pass,True,0,0,,,True,True,True,True,True,True,True,True,True,True,True,True,True,True,True,True,True,True,True,True,True,True
pose001168,1168,CNC(=O)Nc1ccc(-c2cc(-c3ccnc(Nc4ccc(C)c(S(=O)(=O)NC)c4)n3)ccn2)cc1,True,pass,True,0,0,,,True,True,True,True,True,True,True,True,True,True,True,True,True,True,True,True,True,True,True,True,True,True
pose001169,1169,CN1CCN(Nc2ccc(Nc3ccc(S(N)(=O)=O)cc3)cn2)CC1,True,pass,True,0,0,,,True,True,True,True,True,True,True,True,True,True,True,True,True,True,True,True,True,True,True,True,True,True
pose001170,1170,CCS(=N)(=O)c1ccc(Nc2ncc(Br)c(N[C@H](COC)[C@@H](C)O)n2)cc1,True,pass,True,0,0,,,True,True,True,True,True,True,True,True,True,True,True,True,True,True,True,True,True,True,True,True,True,True
pose001171,1171,COc1ccccc1-c1nc(Nc2cccc(NC(=O)N(C)C)c2)ncc1F,True,pass,True,0,0,,,True,True,True,True,True,True,True,True,True,True,True,True,True,True,True,True,True,True,True,True,True,True
pose001172,1172,C[C@H]1CN(c2ccc(Nc3ncc4cc5n(c4n3)C3(CCCCC3)CNC5=O)nc2)CCN1,True,pass,True,0,0,,,True,True,True,True,True,True,True,True,True,True,True,True,True,True,True,True,True,True,True,True,True,True
pose001173,1173,Cc1ncc(-c2nc(NC(=O)NC(C)(C)C)ncc2F)n1C(C)C,True,pass,True,0,0,,,True,True,True,True,True,True,True,True,True,True,True,True,True,True,True,True,True,True,True,True,True,True
pose001174,1174,C=C(C)N(c1ccc(-c2ccc(S(N)(=O)=O)cc2)cc1)C(C)C,True,pass,True,0,0,,,True,True,True,True,True,True,True,True,True,True,True,True,True,True,True,True,True,True,True,True,True,True
pose001175,1175,Cc1ccc(F)c(Nc2nccc(-c3ccc(S(N)(=O)=O)cc3)n2)c1,True,pass,True,0,0,,,True,True,True,True,True,True,True,True,True,True,True,True,True,True,True,True,True,True,True,True,True,True
pose001176,1176,CNC(=O)c1ccc(C2CCN(c3ccccc3Cl)CC2)cc1,True,pass,True,0,0,,,True,True,True,True,True,True,True,True,True,True,True,True,True,True,True,True,True,True,True,True,True,True
pose001177,1177,C=C(C)c1ccc(-c2ccc(S(N)(=O)=O)cc2)cc1C,True,pass,True,0,0,,,True,True,True,True,True,True,True,True,True,True,True,True,True,True,True,True,True,True,True,True,True,True
pose001178,1178,CCC(=O)Nc1c(C)c2cnc(Nc3ccc(N4CCNCC4)cc3)nc2n(C2CCCC2)c1=O,True,pass,True,0,0,,,True,True,True,True,True,True,True,True,True,True,True,True,True,True,True,True,True,True,True,True,True,True
pose001179,1179,COc1cccc(N=O)c1CC(=O)c1ccc2[nH]c(O)c(N=Nc3ccc(S(N)(=O)=O)cc3)c2c1,True,pass,True,0,0,,,True,True,True,True,True,True,True,True,True,True,True,True,True,True,True,True,True,True,True,True,True,True
pose001180,1180,CS(=O)(=O)c1ccc(N=Cc2c(O)[nH]c3ccc4ncsc4c23)cc1,True,pass,True,0,0,,,True,True,True,True,True,True,True,True,True,True,True,True,True,True,True,True,True,True,True,True,True,True
pose001181,1181,CCc1cnn2c(NCc3ccc[n+]([O-])c3)cc(N3CCCCC[C@H]3CCN3CCC(Br)C[C@H]3CCO)nc12,True,pass,True,0,0,,,True,True,True,True,True,True,True,True,True,True,True,True,True,True,True,True,True,True,True,True,True,True
pose001182,1182,CN=S(C)(=O)c1ccc(Nc2ncc(Br)c(N[C@H](C)[C@H](C)O)n2)cc1OC,True,pass,True,0,0,,,True,True,True,True,True,True,True,True,True,True,True,True,True,True,True,True,True,True,True,True,True,True
pose001183,1183,Cc1ccc(Nc2ncc(F)c(CO)n2)nc1CCNC(=O)C(C)N(C)C,True,pass,True,0,0,,,True,True,True,True,True,True,True,True,True,True,True,True,True,True,True,True,True,True,True,True,True,True
pose001184,1184,O=C(NCc1ccc(N2CCOCC2)cc1)c1ccc(F)cc1,True,pass,True,0,0,,,True,True,True,True,True,True,True,True,True,True,True,True,True,True,True,True,True,True,True,True,True,True
pose001185,1185,N[C@H](CNc1nnc(N[C@H]2CC[C@H](N)CC2)s1)Cc1cccc(Cl)c1,True,pass,True,0,0,,,True,True,True,True,True,True,True,True,True,True,True,True,True,True,True,True,True,True,True,True,True,True
pose001186,1186,COc1cc(N2CCN(C(C)=O)CC2)ccc1Nc1ncc(C)c(C(F)(F)C(F)(F)F)n1,True,pass,True,0,0,,,True,True,True,True,True,True,True,True,True,True,True,True,True,True,True,True,True,True,True,True,True,True
pose001187,1187,CC(=O)NNc1ncc(F)c(-c2cnc(C)n2C(C)C)n1,True,pass,True,0,0,,,True,True,True,True,True,True,True,True,True,True,True,True,True,True,True,True,True,True,True,True,True,True
pose001188,1188,CN(C)Cc1ccc(Nc2cc(OCC3CCCCC3)nc3ncnn23)cc1,True,pass,True,0,0,,,True,True,True,True,True,True,True,True,True,True,True,True,True,True,True,True,True,True,True,True,True,True
pose001189,1189,CC(C)Oc1ccc(CCc2ccc(S(N)(=O)=O)cc2)cc1,True,pass,True,0,0,,,True,True,True,True,True,True,True,True,True,True,True,True,True,True,True,True,True,True,True,True,True,True
pose001190,1190,NS(=O)(=O)c1ccc(-c2ccc3[nH]c(O)c(N=Nc4ccc([N+](=O)[O-])cc4)c3c2)cc1,True,pass,True,0,0,,,True,True,True,True,True,True,True,True,True,True,True,True,True,True,True,True,True,True,True,True,True,True
pose001191,1191,COc1cc(F)ccc1OC(=O)NC(=O)c1cc(C)ccc1F,True,pass,True,0,0,,,True,True,True,True,True,True,True,True,True,True,True,True,True,True,True,True,True,True,True,True,True,True
pose001192,1192,CNC(=O)c1cccc(NC(=O)c2ccc(C(=O)N(C)C)cc2)c1,True,pass,True,0,0,,,True,True,True,True,True,True,True,True,True,True,True,True,True,True,True,True,True,True,True,True,True,True
pose001193,1193,CN(C)C(=O)N1CCc2cnc(NC(=O)c3ccccc3)nc2C1,True,pass,True,0,0,,,True,True,True,True,True,True,True,True,True,True,True,True,True,True,True,True,True,True,True,True,True,True
pose001194,1194,Cc1ccccc1C(=O)Nc1ccc(C(=O)N2CCN(C)CC2)cc1,True,pass,True,0,0,,,True,True,True,True,True,True,True,True,True,True,True,True,True,True,True,True,True,True,True,True,True,True
pose001195,1195,NS(=O)(=O)c1ccc(N=Nc2c(O)[nH]c3ccc(C(=O)N=CNCSC(=O)c4ccc[nH]4)cc23)cc1,True,pass,True,0,0,,,True,True,True,True,True,True,True,True,True,True,True,True,True,True,True,True,True,True,True,True,True,True
pose001196,1196,CC[C@H](CO)Nc1nc(-c2ccc(O)c(O)c2)n2ncc(C(C)C)c2n1,True,pass,True,0,0,,,True,True,True,True,True,True,True,True,True,True,True,True,True,True,True,True,True,True,True,True,True,True
pose001197,1197,CCC(=O)c1ccc(Nc2nccc(C3CCN(C)CC3)n2)cc1,True,pass,True,0,0,,,True,True,True,True,True,True,True,True,True,True,True,True,True,True,True,True,True,True,True,True,True,True
pose001198,1198,O=C(NC(=O)c1cccc(N2CCOCC2)c1)c1ccccc1,True,pass,True,0,0,,,True,True,True,True,True,True,True,True,True,True,True,True,True,True,True,True,True,True,True,True,True,True
pose001199,1199,Cc1ccccc1C(=O)NC(=O)Cc1cccc(Cl)c1,True,pass,True,0,0,,,True,True,True,True,True,True,True,True,True,True,True,True,True,True,True,True,True,True,True,True,True,True
pose001200,1200,CN1CCN(c2ccc(-c3ccccc3CO)cc2)CC1,True,pass,True,0,0,,,True,True,True,True,True,True,True,True,True,True,True,True,True,True,True,True,True,True,True,True,True,True
pose001201,1201,CO[C@@H]([C@@H](C)O)[C@@H](C)Oc1nc(Nc2ccc(S(=N)(=O)C3CC3)cc2)ncc1C(F)(F)F,True,pass,True,0,0,,,True,True,True,True,True,True,True,True,True,True,True,True,True,True,True,True,True,True,True,True,True,True
pose001202,1202,CC(=O)Nc1ccc(CNc2nc(NC3CCOCC3)nc3c(C(C)C)cnn23)cc1,True,pass,True,0,0,,,True,True,True,True,True,True,True,True,True,True,True,True,True,True,True,True,True,True,True,True,True,True
pose001203,1203,CC(C)Cc1ccc(-c2cccc(S(N)(=O)=O)c2)cc1,True,pass,True,0,0,,,True,True,True,True,True,True,True,True,True,True,True,True,True,True,True,True,True,True,True,True,True,True
pose001204,1204,CN1CCN(NC(=O)NNC(=O)c2oc3ccccc3c2CN2CCN(c3ccccc3)CC2)CC1,True,pass,True,0,0,,,True,True,True,True,True,True,True,True,True,True,True,True,True,True,True,True,True,True,True,True,True,True
pose001205,1205,NS(=O)(=O)c1ccc(NNNc2ccc(NNSC(=O)NNc3c(O)[nH]c4ccc([N+](=O)[O-])cc34)cc2)cc1,True,pass,True,0,0,,,True,True,True,True,True,True,True,True,True,True,True,True,True,True,True,True,True,True,True,True,True,True
pose001206,1206,CCc1cnn2c(NCc3ccc[n+]([O-])c3)cc(N3CCCC[C@H]3CCSCO)nc12,True,pass,True,0,0,,,True,True,True,True,True,True,True,True,True,True,True,True,True,True,True,True,True,True,True,True,True,True
pose001207,1207,Cc1ccccc1NCc1ccc(N2CCN(C)CC2)cc1,True,pass,True,0,0,,,True,True,True,True,True,True,True,True,True,True,True,True,True,True,True,True,True,True,True,True,True,True
pose001208,1208,NS(=O)(=O)c1ccc(N=Nc2ccc(N=NC(O)c3c(=O)[nH]c4ccc5[nH]cccc5c34)cc2)cc1,True,pass,True,0,0,,,True,True,True,True,True,True,True,True,True,True,True,True,True,True,True,True,True,True,True,True,True,True
pose001209,1209,O=C(NCc1ccccc1)N1CCN(C(=O)OCc2ccccc2)CC1,True,pass,True,0,0,,,True,True,True,True,True,True,True,True,True,True,True,True,True,True,True,True,True,True,True,True,True,True
pose001210,1210,N[C@H]1CC[C@H](Nc2cc(Nc3ccc(F)c(Cl)c3)n3ncc(Br)c3n2)CC1,True,pass,True,0,0,,,True,True,True,True,True,True,True,True,True,True,True,True,True,True,True,True,True,True,True,True,True,True
pose001211,1211,CS(=O)(=O)Nc1ccccc1-c1ccc(N2CCCCC2)cc1,True,pass,True,0,0,,,True,True,True,True,True,True,True,True,True,True,True,True,True,True,True,True,True,True,True,True,True,True
pose001212,1212,CC(=O)N1CCC(Nc2ccc(-c3ccccc3)cc2)CC1,True,pass,True,0,0,,,True,True,True,True,True,True,True,True,True,True,True,True,True,True,True,True,True,True,True,True,True,True
pose001213,1213,CNc1c(C=Nc2ccc(S(N)(=O)=O)cc2)ccc2[nH]c(O)c(N=CC=Nc3ccc(S(N)(=O)=O)cc3)c12,True,pass,True,0,0,,,True,True,True,True,True,True,True,True,True,True,True,True,True,True,True,True,True,True,True,True,True,True
pose001214,1214,CN(C)CCNS(=O)(=O)c1ccc(Nc2nccc(-c3cnc4cccnn34)n2)cc1,True,pass,True,0,0,,,True,True,True,True,True,True,True,True,True,True,True,True,True,True,True,True,True,True,True,True,True,True
pose001215,1215,Cc1ncc(-c2nc(NC3CCN(C)CC3)ncc2F)n1C(C)C,True,pass,True,0,0,,,True,True,True,True,True,True,True,True,True,True,True,True,True,True,True,True,True,True,True,True,True,True
pose001216,1216,Clc1ccc(N2CCc3cnc(NC4CC4)nc3C2)cc1,True,pass,True,0,0,,,True,True,True,True,True,True,True,True,True,True,True,True,True,True,True,True,True,True,True,True,True,True
pose001217,1217,COc1ccc(-c2ocnc2C(=O)NCc2ccncc2)cc1Cl,True,pass,True,0,0,,,True,True,True,True,True,True,True,True,True,True,True,True,True,True,True,True,True,True,True,True,True,True
pose001218,1218,O=C(NCc1ccccc1)N1CCN(C(=O)c2ccccc2)CC1,True,pass,True,0,0,,,True,True,True,True,True,True,True,True,True,True,True,True,True,True,True,True,True,True,True,True,True,True
pose001219,1219,CC(C)(C)NC(=O)c1cccc(Nc2ccc3c(n2)CCNC3)c1,True,pass,True,0,0,,,True,True,True,True,True,True,True,True,True,True,True,True,True,True,True,True,True,True,True,True,True,True
pose001220,1220,CC(=O)NCc1ccc(-c2ccc(C3CC3)cc2)cc1,True,pass,True,0,0,,,True,True,True,True,True,True,True,True,True,True,True,True,True,True,True,True,True,True,True,True,True,True
pose001221,1221,Cc1ncc(-c2nc(NC(N)=O)ncc2F)n1C(C)C,True,pass,True,0,0,,,True,True,True,True,True,True,True,True,True,True,True,True,True,True,True,True,True,True,True,True,True,True
pose001222,1222,COc1cc(CNc2ncc(-c3ccc4cnccc4c3)s2)ccc1O,True,pass,True,0,0,,,True,True,True,True,True,True,True,True,True,True,True,True,True,True,True,True,True,True,True,True,True,True
pose001223,1223,CC(=O)Nc1ccc(Nc2ccc(N3CC=NCC3)cc2)cc1,True,pass,True,0,0,,,True,True,True,True,True,True,True,True,True,True,True,True,True,True,True,True,True,True,True,True,True,True
pose001224,1224,CN(C)C[C@H](O)COc1ccc(NN2CCN3C(=O)OC(C)(C)CC3C2)cc1,True,pass,True,0,0,,,True,True,True,True,True,True,True,True,True,True,True,True,True,True,True,True,True,True,True,True,True,True
pose001225,1225,Cc1ccccc1NC(=O)c1ccc(N2CCN(C)CC2)cc1,True,pass,True,0,0,,,True,True,True,True,True,True,True,True,True,True,True,True,True,True,True,True,True,True,True,True,True,True
pose001226,1226,CN1CCN(CNc2ncc(Br)c(Nc3cc(C4CC4)[nH]n3)n2)CC1,True,pass,True,0,0,,,True,True,True,True,True,True,True,True,True,True,True,True,True,True,True,True,True,True,True,True,True,True
pose001227,1227,CC(C)(C)Nc1ccc(-c2ccc(S(N)(=O)=O)cc2)cc1,True,pass,True,0,0,,,True,True,True,True,True,True,True,True,True,True,True,True,True,True,True,True,True,True,True,True,True,True
pose001228,1228,CCC(N=C(C)c1ccc2[nH]c(O)c(C=Nc3ccc(S(N)(=O)=O)cc3)c2c1)c1cnco1,True,pass,True,0,0,,,True,True,True,True,True,True,True,True,True,True,True,True,True,True,True,True,True,True,True,True,True,True
pose001229,1229,Cc1ncc(C(=O)CC(=O)c2ccc(Nc3ncc(F)c(-c4cnc(C)n4C(C)C)n3)cc2)n1C(C)C,True,pass,True,0,0,,,True,True,True,True,True,True,True,True,True,True,True,True,True,True,True,True,True,True,True,True,True,True
pose001230,1230,COc1ccc(CN=CC2=C(c3cc(OC)c(OC)c(OC)c3)C(=O)NC2)cc1O,True,pass,True,0,0,,,True,True,True,True,True,True,True,True,True,True,True,True,True,True,True,True,True,True,True,True,True,True
pose001231,1231,NS(=O)(=O)c1ccc(N=Cc2c(O)[nH]c3ccc([SH](N)(=O)NO)c(NNc4ccc[nH]4)c23)cc1,True,unevaluable,False,0,1,,internal_energy,True,True,True,True,True,True,True,True,True,True,True,True,,True,True,True,True,True,True,True,True,True
pose001232,1232,Cc1cccc(C)c1CC(=O)Nc1ccc(N2CCN(C)CC2)cc1,True,pass,True,0,0,,,True,True,True,True,True,True,True,True,True,True,True,True,True,True,True,True,True,True,True,True,True,True
pose001233,1233,Cc1nc2c(F)cc(-c3nc(Nc4ccc5c(n4)CCN(C(=O)CN(C)C)C5)ncc3F)cc2n1C(C)C,True,pass,True,0,0,,,True,True,True,True,True,True,True,True,True,True,True,True,True,True,True,True,True,True,True,True,True,True
pose001234,1234,O=C(Cc1ccccc1)N1CCN(c2ccc(O)cc2)CC1,True,pass,True,0,0,,,True,True,True,True,True,True,True,True,True,True,True,True,True,True,True,True,True,True,True,True,True,True
pose001235,1235,COCc1cccc(-c2ccc(N3CCNCC3)cc2)c1,True,pass,True,0,0,,,True,True,True,True,True,True,True,True,True,True,True,True,True,True,True,True,True,True,True,True,True,True
pose001236,1236,NS(=O)(=O)c1ccc(N=Nc2ccc(Sc3c(=O)[nH]c4ccc5[nH]cccc5c34)cc2)cc1,True,pass,True,0,0,,,True,True,True,True,True,True,True,True,True,True,True,True,True,True,True,True,True,True,True,True,True,True
pose001237,1237,NS(=O)(=O)c1ccc(-c2ccc(C3CCC3)cc2)cc1,True,pass,True,0,0,,,True,True,True,True,True,True,True,True,True,True,True,True,True,True,True,True,True,True,True,True,True,True
pose001238,1238,O=C(NCc1ccc(F)c(F)c1)c1ccc(N2CCOCC2)cc1,True,pass,True,0,0,,,True,True,True,True,True,True,True,True,True,True,True,True,True,True,True,True,True,True,True,True,True,True
pose001239,1239,O=C(NC1CCC1)c1ccc(Cc2ccncc2)cc1,True,pass,True,0,0,,,True,True,True,True,True,True,True,True,True,True,True,True,True,True,True,True,True,True,True,True,True,True
pose001240,1240,Cc1ncc(-c2nc(Nc3ccc(N4CCN(C(=O)CO)CC4)cc3)ncc2F)n1C(C)C,True,pass,True,0,0,,,True,True,True,True,True,True,True,True,True,True,True,True,True,True,True,True,True,True,True,True,True,True
pose001241,1241,CC(=NNCC(=O)c1ccc(Nc2ncc(F)c(-c3cnc(C)n3C(C)C)n2)cc1)C(C)C,True,pass,True,0,0,,,True,True,True,True,True,True,True,True,True,True,True,True,True,True,True,True,True,True,True,True,True,True
pose001242,1242,COc1ccc(-c2ccc(F)cc2C(=O)O)cc1OC,True,pass,True,0,0,,,True,True,True,True,True,True,True,True,True,True,True,True,True,True,True,True,True,True,True,True,True,True
pose001243,1243,NS(=O)(=O)c1ccc(-c2ccc(CCC(F)(F)F)cc2)cc1,True,pass,True,0,0,,,True,True,True,True,True,True,True,True,True,True,True,True,True,True,True,True,True,True,True,True,True,True
pose001244,1244,CNOCc1c(Cc2ccc[nH]2)ccc2[nH]c(O)c(C=Nc3ccc(S(N)(=O)=O)cc3)c12,True,pass,True,0,0,,,True,True,True,True,True,True,True,True,True,True,True,True,True,True,True,True,True,True,True,True,True,True
pose001245,1245,O=C(OCCO)c1nnc(N2CCN(C(=O)Nc3ccccc3)CC2)c2ccccc12,True,pass,True,0,0,,,True,True,True,True,True,True,True,True,True,True,True,True,True,True,True,True,True,True,True,True,True,True
pose001246,1246,Cc1ncc(-c2nc(NCC(N)=O)ncc2F)n1C(C)C,True,pass,True,0,0,,,True,True,True,True,True,True,True,True,True,True,True,True,True,True,True,True,True,True,True,True,True,True
pose001247,1247,C[C@@H]1CNCC(C(=O)Nc2ncc(SCc3ncc(C(C)(C)C)o3)s2)C1,True,pass,True,0,0,,,True,True,True,True,True,True,True,True,True,True,True,True,True,True,True,True,True,True,True,True,True,True
pose001248,1248,Cc1ncc(-c2ccnc(Nc3ccc(Nc4ccc(S(=O)(=O)OC(C)C)cc4)cc3)n2)n1C(C)C,True,pass,True,0,0,,,True,True,True,True,True,True,True,True,True,True,True,True,True,True,True,True,True,True,True,True,True,True
pose001249,1249,CC(=O)CCN1CCN(c2ccc(Nc3ncc4cc5n(c4n3)C3(CCCC3)CNC5=O)nc2)CC1(C)C,True,pass,True,0,0,,,True,True,True,True,True,True,True,True,True,True,True,True,True,True,True,True,True,True,True,True,True,True
pose001250,1250,COc1ccc(-c2ccc(C(=O)N3CCCCC3)cc2C(=O)O)cc1,True,pass,True,0,0,,,True,True,True,True,True,True,True,True,True,True,True,True,True,True,True,True,True,True,True,True,True,True
pose001251,1251,O=C(Cc1ccccc1)Nc1[nH]nc2ccc(-n3c(O)c[nH]c3=O)cc12,True,pass,True,0,0,,,True,True,True,True,True,True,True,True,True,True,True,True,True,True,True,True,True,True,True,True,True,True
pose001252,1252,CC(C)N1CCCc2cnc(NC(=O)Nc3ccccc3)nc2C1,True,pass,True,0,0,,,True,True,True,True,True,True,True,True,True,True,True,True,True,True,True,True,True,True,True,True,True,True
pose001253,1253,CCN(Cc1ccc(NC(=O)N2Cc3c(NC(=O)C(C)(C)C)n[nH]c3C2(C)C)nc1)C(=O)CCN(C)C,True,pass,True,0,0,,,True,True,True,True,True,True,True,True,True,True,True,True,True,True,True,True,True,True,True,True,True,True
pose001254,1254,O=C(Nc1cc(C2CC2)[nH]n1)C(=O)c1ccccc1,True,pass,True,0,0,,,True,True,True,True,True,True,True,True,True,True,True,True,True,True,True,True,True,True,True,True,True,True
pose001255,1255,CCCC(C)n1c(=O)c(C(C)=O)c(C)c2cnc(Nc3ccc(C(=O)O)cn3)nc21,True,pass,True,0,0,,,True,True,True,True,True,True,True,True,True,True,True,True,True,True,True,True,True,True,True,True,True,True
pose001256,1256,O=C(c1cccc(CCN2CCCCC2)c1)N1CCCNCC1,True,pass,True,0,0,,,True,True,True,True,True,True,True,True,True,True,True,True,True,True,True,True,True,True,True,True,True,True
pose001257,1257,NS(=O)(=O)c1ccc(N=NN=NN=Nc2c(O)[nH]c3ccc(-c4c(O)[nH]c5ccc([N+](=O)[O-])cc45)cc23)cc1,True,pass,True,0,0,,,True,True,True,True,True,True,True,True,True,True,True,True,True,True,True,True,True,True,True,True,True,True
pose001258,1258,CC(=O)Nc1ncc(F)c(-c2cnc(C)n2C(C)C)n1,True,pass,True,0,0,,,True,True,True,True,True,True,True,True,True,True,True,True,True,True,True,True,True,True,True,True,True,True
pose001259,1259,Cc1cccc(CN2CCN(C(=O)c3ccc(O)cc3)CC2)c1,True,pass,True,0,0,,,True,True,True,True,True,True,True,True,True,True,True,True,True,True,True,True,True,True,True,True,True,True
pose001260,1260,CC(C)(C)NC(=O)c1cc2cnc(Nc3ccc(CN4CC(O)C4)cn3)nc2n1C1CCCC1,True,pass,True,0,0,,,True,True,True,True,True,True,True,True,True,True,True,True,True,True,True,True,True,True,True,True,True,True
pose001261,1261,CC(C)CNc1nccc(-c2ccc(S(N)(=O)=O)cc2)n1,True,pass,True,0,0,,,True,True,True,True,True,True,True,True,True,True,True,True,True,True,True,True,True,True,True,True,True,True
pose001262,1262,C[C@H](O)[C@@H](C)Nc1nc(Nc2ccc(S(=N)(=O)CCO)cc2)ncc1Br,True,pass,True,0,0,,,True,True,True,True,True,True,True,True,True,True,True,True,True,True,True,True,True,True,True,True,True,True
pose001263,1263,Cn1cc(Nc2ncc3c(n2)CN(C(=O)C2CCC2)CC3)cn1,True,pass,True,0,0,,,True,True,True,True,True,True,True,True,True,True,True,True,True,True,True,True,True,True,True,True,True,True
pose001264,1264,CC(C)C(=O)N1CCCN(C(=O)c2ccc(C(C)C)cc2)CC1,True,pass,True,0,0,,,True,True,True,True,True,True,True,True,True,True,True,True,True,True,True,True,True,True,True,True,True,True
pose001265,1265,CC(C)c1nc(Nc2ccc3c(n2)CCN(C(=O)C2(O)CC(O)C2)C3)ncc1F,True,pass,True,0,0,,,True,True,True,True,True,True,True,True,True,True,True,True,True,True,True,True,True,True,True,True,True,True
pose001266,1266,O=C(NC1CCCCC1)c1cccc(CN2CCOCC2)c1,True,pass,True,0,0,,,True,True,True,True,True,True,True,True,True,True,True,True,True,True,True,True,True,True,True,True,True,True
pose001267,1267,CC(C)c1ccc(Nc2ccc(N3C=CN=CC3)cc2)cc1,True,pass,True,0,0,,,True,True,True,True,True,True,True,True,True,True,True,True,True,True,True,True,True,True,True,True,True,True
pose001268,1268,CCCCN1CCc2nc(-c3ccc(S(N)(=O)=O)cc3)ccc2C1,True,pass,True,0,0,,,True,True,True,True,True,True,True,True,True,True,True,True,True,True,True,True,True,True,True,True,True,True
pose001269,1269,ON=C(O)CCCn1cc(CNC2CCCCC2)c(-c2ccccc2)n1,True,pass,True,0,0,,,True,True,True,True,True,True,True,True,True,True,True,True,True,True,True,True,True,True,True,True,True,True
pose001270,1270,CC(C)n1cnc2c(N[C@H]3CC[C@H](N)CC3)nc(NCC(O)C(F)(F)F)nc21,True,pass,True,0,0,,,True,True,True,True,True,True,True,True,True,True,True,True,True,True,True,True,True,True,True,True,True,True
pose001271,1271,C=CC(=O)N1C=CC(c2ncnc(Nc3cccc(C[S@](C)(=N)=O)c3)n2)CC1,True,pass,True,0,0,,,True,True,True,True,True,True,True,True,True,True,True,True,True,True,True,True,True,True,True,True,True,True
pose001272,1272,CN(C)C[C@@H](OC(=O)N1Cc2c(NC(=O)C(C)(C)C)n[nH]c2C1(C)C)c1ccccc1,True,pass,True,0,0,,,True,True,True,True,True,True,True,True,True,True,True,True,True,True,True,True,True,True,True,True,True,True
pose001273,1273,Cc1ccccc1NC(=O)Nc1ccc(N2CCN(C)CC2)cc1,True,pass,True,0,0,,,True,True,True,True,True,True,True,True,True,True,True,True,True,True,True,True,True,True,True,True,True,True
pose001274,1274,CC(C)C(=O)N1CCOc2cnc(NC(=O)c3ccccc3)nc2C1,True,pass,True,0,0,,,True,True,True,True,True,True,True,True,True,True,True,True,True,True,True,True,True,True,True,True,True,True
pose001275,1275,CNCCN1CCc2nc(Nc3ncc(F)c(-c4cc(F)c5nc(C)n(C(C)(C)C)c5c4)n3)ccc2C1,True,pass,True,0,0,,,True,True,True,True,True,True,True,True,True,True,True,True,True,True,True,True,True,True,True,True,True,True
pose001276,1276,C=C(C)c1nccc(-c2ccc(N3CCOCC3)cc2)n1,True,pass,True,0,0,,,True,True,True,True,True,True,True,True,True,True,True,True,True,True,True,True,True,True,True,True,True,True
pose001277,1277,C[C@@H]1CN(c2ccc(Nc3ncc4cc5n(c4n3)C3(CCCCC3)CNC5=O)nc2)C[C@H](C)N1,True,pass,True,0,0,,,True,True,True,True,True,True,True,True,True,True,True,True,True,True,True,True,True,True,True,True,True,True
pose001278,1278,COc1ccc(CNc2ccc(N3CCOCC3)cc2)cc1,True,pass,True,0,0,,,True,True,True,True,True,True,True,True,True,True,True,True,True,True,True,True,True,True,True,True,True,True
pose001279,1279,CNC(=O)c1ccc(-c2ccc(N3CC=NCC3)cc2)cc1,True,pass,True,0,0,,,True,True,True,True,True,True,True,True,True,True,True,True,True,True,True,True,True,True,True,True,True,True
pose001280,1280,C#CCN(c1ccnc(Nc2ccc(OCC(O)CN(C)C)cc2)n1)c1cc(Cl)ccc1Cl,True,pass,True,0,0,,,True,True,True,True,True,True,True,True,True,True,True,True,True,True,True,True,True,True,True,True,True,True
pose001281,1281,COc1ccc(Nc2ncc(C(F)(F)F)c(N[C@H](C)[C@@H](C)O)n2)cc1,True,pass,True,0,0,,,True,True,True,True,True,True,True,True,True,True,True,True,True,True,True,True,True,True,True,True,True,True
pose001282,1282,CC(=O)CSC(C)=NC(C)=NC(=O)c1ccc(Nc2ncc(F)c(-c3cnc(C)n3C(C)C)n2)cc1,True,pass,True,0,0,,,True,True,True,True,True,True,True,True,True,True,True,True,True,True,True,True,True,True,True,True,True,True
pose001283,1283,CC(C)c1ccc(Nc2ncc3c(n2)CN(C2CCC2)CC3)cc1,True,pass,True,0,0,,,True,True,True,True,True,True,True,True,True,True,True,True,True,True,True,True,True,True,True,True,True,True
pose001284,1284,CC(=CCC(=O)c1ccc(Nc2ncc(F)c(-c3cnc(C)n3C(C)C)n2)cc1)c1cnc(C)n1C(C)C,True,pass,True,0,0,,,True,True,True,True,True,True,True,True,True,True,True,True,True,True,True,True,True,True,True,True,True,True
pose001285,1285,CN(C)C(=O)c1ccc(CNc2ccc(N(C)C)cc2)cc1,True,pass,True,0,0,,,True,True,True,True,True,True,True,True,True,True,True,True,True,True,True,True,True,True,True,True,True,True
pose001286,1286,COS[C@H]([C@H](Oc1nc(Nc2ccc(S(=O)(=O)O[C@@H](C)O)cc2)ncc1C(F)(F)F)C(C)NO)[C@@H](C)O,True,pass,True,0,0,,,True,True,True,True,True,True,True,True,True,True,True,True,True,True,True,True,True,True,True,True,True,True
pose001287,1287,CCNc1ncc(F)c(-c2cnc(C)n2C(C)(C)C)n1,True,pass,True,0,0,,,True,True,True,True,True,True,True,True,True,True,True,True,True,True,True,True,True,True,True,True,True,True
pose001288,1288,CCNC(=O)c1ccc(C(=O)Nc2ccccc2)cc1,True,pass,True,0,0,,,True,True,True,True,True,True,True,True,True,True,True,True,True,True,True,True,True,True,True,True,True,True
pose001289,1289,COc1cccc(C(=O)NN2CCN(C(=O)OC(C)(C)C)CC2)c1,True,pass,True,0,0,,,True,True,True,True,True,True,True,True,True,True,True,True,True,True,True,True,True,True,True,True,True,True
pose001290,1290,CCN(CC)C1CCN(c2ccc(Nc3ncc4cc5n(c4n3)C3(CCCCC3)CNC5=O)nc2)C1,True,pass,True,0,0,,,True,True,True,True,True,True,True,True,True,True,True,True,True,True,True,True,True,True,True,True,True,True
pose001291,1291,CC(C)c1cc(NC(=O)c2ccc(C(N)=O)cc2)ncn1,True,pass,True,0,0,,,True,True,True,True,True,True,True,True,True,True,True,True,True,True,True,True,True,True,True,True,True,True
pose001292,1292,CNC(=O)c1ccc(C(C)c2ccc(S(N)(=O)=O)cc2)cc1,True,pass,True,0,0,,,True,True,True,True,True,True,True,True,True,True,True,True,True,True,True,True,True,True,True,True,True,True
pose001293,1293,C[C@@H](O)[C@@H](C)NOc1nc(Nc2ccc(Nc3ccc(S(=O)(=O)NS(=O)(=O)NS)cc3)cc2)ncc1Br,True,pass,True,0,0,,,True,True,True,True,True,True,True,True,True,True,True,True,True,True,True,True,True,True,True,True,True,True
pose001294,1294,NS(=O)(=O)c1ccc(N=Nc2c(O)[nH]c3cccc(OCCc4ccncc4)c23)cc1,True,pass,True,0,0,,,True,True,True,True,True,True,True,True,True,True,True,True,True,True,True,True,True,True,True,True,True,True
pose001295,1295,COc1ccccc1C(=O)c1ccc2nc(N)c(C(=O)c3c(F)cccc3F)n2c1,True,pass,True,0,0,,,True,True,True,True,True,True,True,True,True,True,True,True,True,True,True,True,True,True,True,True,True,True
pose001296,1296,COc1ccc2cc(Nc3cc(C4CC[C@@H](OC(=O)N(C)C(C)C)C4)[nH]n3)[nH]c2c1,True,pass,True,0,0,,,True,True,True,True,True,True,True,True,True,True,True,True,True,True,True,True,True,True,True,True,True,True
pose001297,1297,CN1CCN(c2ccc(C(=O)NCc3ccccc3)cc2)CC1,True,pass,True,0,0,,,True,True,True,True,True,True,True,True,True,True,True,True,True,True,True,True,True,True,True,True,True,True
pose001298,1298,CC(C)c1cnn2c(Nc3ccc(S(=O)(=O)N(C)C)cc3)cc(OCN3CCN(C)CC3)nc12,True,pass,True,0,0,,,True,True,True,True,True,True,True,True,True,True,True,True,True,True,True,True,True,True,True,True,True,True
pose001299,1299,CC(C)S(=O)(=O)c1ccc(-c2cccc(S(N)(=O)=O)c2)cc1,True,pass,True,0,0,,,True,True,True,True,True,True,True,True,True,True,True,True,True,True,True,True,True,True,True,True,True,True
pose001300,1300,CC(=O)NC1CCC(c2nc3c(-c4ccc(F)cc4[C@@H](C)O)ccnc3[nH]2)C1,True,pass,True,0,0,,,True,True,True,True,True,True,True,True,True,True,True,True,True,True,True,True,True,True,True,True,True,True
pose001301,1301,CCOc1ccc(Cc2ccc(S(N)(=O)=O)cc2)c(C)c1,True,pass,True,0,0,,,True,True,True,True,True,True,True,True,True,True,True,True,True,True,True,True,True,True,True,True,True,True
pose001302,1302,CN1CCN(c2ccc(CNc3ccccc3)cc2)CC1,True,pass,True,0,0,,,True,True,True,True,True,True,True,True,True,True,True,True,True,True,True,True,True,True,True,True,True,True
pose001303,1303,C[C@H]([C@H](C)[C@@H](C)O)[C@@H](C)S(=O)(=O)[C@@H](O)Oc1nc(Nc2ccc(S(=N)(=O)C(F)(F)F)cc2)ncc1C(F)(F)F,True,fail,False,1,0,minimum_distance_to_protein,,True,True,True,True,True,True,True,True,True,True,True,True,True,True,False,True,True,True,True,True,True,True
pose001304,1304,CC(C)C1CN(c2ccc(Nc3ncc4cc5n(c4n3)C3(CCCCC3)CNC5=O)nc2)CCN1,True,pass,True,0,0,,,True,True,True,True,True,True,True,True,True,True,True,True,True,True,True,True,True,True,True,True,True,True
pose001305,1305,COc1ccc(Cc2ccc(CN3CCN(C[C@H](C)O)[C@H](C)C3)cn2)cc1O,True,pass,True,0,0,,,True,True,True,True,True,True,True,True,True,True,True,True,True,True,True,True,True,True,True,True,True,True
pose001306,1306,Cc1ccc(Oc2c(=O)[nH]c(O)c3ccc(S(C)(=O)=O)cc23)cc1Cl,True,pass,True,0,0,,,True,True,True,True,True,True,True,True,True,True,True,True,True,True,True,True,True,True,True,True,True,True
pose001307,1307,C=C(C=CCC[C@H](N)CNc1nnc(C2CCC(N)CC2)s1)C(F)(F)F,True,pass,True,0,0,,,True,True,True,True,True,True,True,True,True,True,True,True,True,True,True,True,True,True,True,True,True,True
pose001308,1308,NS(=O)(=O)c1ccc(Nc2ccc(NNc3c(O)[nH]c4ccc([N+](=O)[O-])cc34)cc2)cc1,True,pass,True,0,0,,,True,True,True,True,True,True,True,True,True,True,True,True,True,True,True,True,True,True,True,True,True,True
pose001309,1309,Cc1ccc(CC(=O)Nc2[nH]nc3ccc(N4CCCS4(=O)=O)cc23)cc1,True,pass,True,0,0,,,True,True,True,True,True,True,True,True,True,True,True,True,True,True,True,True,True,True,True,True,True,True
pose001310,1310,O=C(Nc1cccc(N2CCOCC2)c1)c1ccccc1,True,pass,True,0,0,,,True,True,True,True,True,True,True,True,True,True,True,True,True,True,True,True,True,True,True,True,True,True
pose001311,1311,O=C(c1ccc(N2CCN(C(=O)c3ccccc3)CC2)cc1)N1CCCC1,True,pass,True,0,0,,,True,True,True,True,True,True,True,True,True,True,True,True,True,True,True,True,True,True,True,True,True,True
pose001312,1312,CN1CCN(c2ccc(Nc3cccc(S(N)(=O)=O)c3)cc2)CC1,True,pass,True,0,0,,,True,True,True,True,True,True,True,True,True,True,True,True,True,True,True,True,True,True,True,True,True,True
pose001313,1313,CCC=Nc1c(C#N)c2n(c1C(=O)Nc1ccccc1)CCC2,True,pass,True,0,0,,,True,True,True,True,True,True,True,True,True,True,True,True,True,True,True,True,True,True,True,True,True,True
pose001314,1314,c1ccc(Nc2ccc(CN3CCOCC3)cc2)cc1,True,pass,True,0,0,,,True,True,True,True,True,True,True,True,True,True,True,True,True,True,True,True,True,True,True,True,True,True
pose001315,1315,O=C1NCC2(CCCCC2)n2c1cc1cnc(Nc3ccc(C(=O)N4CCNCC4)cn3)nc12,True,pass,True,0,0,,,True,True,True,True,True,True,True,True,True,True,True,True,True,True,True,True,True,True,True,True,True,True
pose001316,1316,O=C(O)c1ccc2[nH]c(O)c(C=c3[nH]cc4c3=CCOC4=O)c2c1,True,pass,True,0,0,,,True,True,True,True,True,True,True,True,True,True,True,True,True,True,True,True,True,True,True,True,True,True
pose001317,1317,COc1ncccc1-c1ccc(N2CCCNCC2)cc1,True,pass,True,0,0,,,True,True,True,True,True,True,True,True,True,True,True,True,True,True,True,True,True,True,True,True,True,True
pose001318,1318,C=CC(=O)Nc1cccc(C(=O)N2CCCC(Nc3ncc(SCc4ncc(C(C)(C)C)o4)s3)C2)c1,True,pass,True,0,0,,,True,True,True,True,True,True,True,True,True,True,True,True,True,True,True,True,True,True,True,True,True,True
pose001319,1319,NS(=O)(=O)c1ccc(-c2ccnc(NC3CCCCC3)n2)cc1,True,pass,True,0,0,,,True,True,True,True,True,True,True,True,True,True,True,True,True,True,True,True,True,True,True,True,True,True
pose001320,1320,COc1ccc(C(=O)Nc2cccc(N3CCCCC3)c2)cc1OC,True,pass,True,0,0,,,True,True,True,True,True,True,True,True,True,True,True,True,True,True,True,True,True,True,True,True,True,True
pose001321,1321,CN[C@H]1CCN(C(=O)c2ccc(Nc3nccc(-c4cnc(C)n4C(C)C)n3)cc2)C1,True,pass,True,0,0,,,True,True,True,True,True,True,True,True,True,True,True,True,True,True,True,True,True,True,True,True,True,True
pose001322,1322,O=c1[nH]cc(-c2cccc3cccnc23)c2sc(-c3ccncc3)cc12,True,pass,True,0,0,,,True,True,True,True,True,True,True,True,True,True,True,True,True,True,True,True,True,True,True,True,True,True
pose001323,1323,CNc1ccc(Nc2ncc3cc4n(c3n2)C2(CCCCC2)CNC4=O)nc1,True,pass,True,0,0,,,True,True,True,True,True,True,True,True,True,True,True,True,True,True,True,True,True,True,True,True,True,True
pose001324,1324,C[C@@H](O)[C@@H](C)Oc1nc(Nc2ccc(S(=O)(=O)[C@H](C)S(=O)(=O)[C@@H](C)O)cc2)ncc1C(F)(F)F,True,pass,True,0,0,,,True,True,True,True,True,True,True,True,True,True,True,True,True,True,True,True,True,True,True,True,True,True
pose001325,1325,CC(=O)c1c(CC2CCN(C)CC2)oc(C=C2CCN(C)C[C@@H]2O)c1O,True,pass,True,0,0,,,True,True,True,True,True,True,True,True,True,True,True,True,True,True,True,True,True,True,True,True,True,True
pose001326,1326,Cc1nc2c(F)cc(-c3nc(Nc4ccc5c(n4)CCN(CC(=O)O)C5)ncc3F)cc2n1C(C)C,True,pass,True,0,0,,,True,True,True,True,True,True,True,True,True,True,True,True,True,True,True,True,True,True,True,True,True,True
pose001327,1327,C[C@@H](O)[C@@H](C)Oc1nc(Nc2ccc(S(C)(=O)=O)cc2)ncc1C(F)(F)F,True,pass,True,0,0,,,True,True,True,True,True,True,True,True,True,True,True,True,True,True,True,True,True,True,True,True,True,True
pose001328,1328,Cc1nc2c(F)cc(-c3nc(Nc4ccc5c(n4)CCN(C(C)CN(C)C)C5)ncc3F)cc2n1C(C)(C)C,True,pass,True,0,0,,,True,True,True,True,True,True,True,True,True,True,True,True,True,True,True,True,True,True,True,True,True,True
pose001329,1329,CC[C@@H](CO)Nc1nc(NCc2ccc(NC(=O)C3CCN(C(C)=O)CC3)cc2)n2ncc(C(C)C)c2n1,True,pass,True,0,0,,,True,True,True,True,True,True,True,True,True,True,True,True,True,True,True,True,True,True,True,True,True,True
pose001330,1330,CCOc1nc(Nc2ccc(S(=N)(=O)CC)cc2)ncc1Br,True,pass,True,0,0,,,True,True,True,True,True,True,True,True,True,True,True,True,True,True,True,True,True,True,True,True,True,True
pose001331,1331,CC(=O)Nc1ccc(CNC(=O)c2ccccc2C)cc1,True,pass,True,0,0,,,True,True,True,True,True,True,True,True,True,True,True,True,True,True,True,True,True,True,True,True,True,True
pose001332,1332,CCS(=N)(=O)Cc1cc(F)cc(Nc2ncc(F)c(-c3ccc(F)cc3OC)n2)c1,True,pass,True,0,0,,,True,True,True,True,True,True,True,True,True,True,True,True,True,True,True,True,True,True,True,True,True,True
pose001333,1333,CCNC(=O)c1ccc(CC2CCN(C(C)=O)CC2)cc1,True,pass,True,0,0,,,True,True,True,True,True,True,True,True,True,True,True,True,True,True,True,True,True,True,True,True,True,True
pose001334,1334,Cc1cccc(NC(=O)c2ccc(S(N)(=O)=O)cc2)c1,True,pass,True,0,0,,,True,True,True,True,True,True,True,True,True,True,True,True,True,True,True,True,True,True,True,True,True,True
pose001335,1335,CCOc1ccc(-c2ccc(S(N)(=O)=O)cc2)c(C)c1,True,pass,True,0,0,,,True,True,True,True,True,True,True,True,True,True,True,True,True,True,True,True,True,True,True,True,True,True
pose001336,1336,CN[C@H]1CCN(C(=O)c2ccc(Nc3ncc(F)c(-c4cnc(C)n4C(C)C)n3)cc2)C1,True,pass,True,0,0,,,True,True,True,True,True,True,True,True,True,True,True,True,True,True,True,True,True,True,True,True,True,True
pose001337,1337,Cc1ncc(-c2ccnc(Nc3ccc(Nc4ccc(NS)cc4)cc3)n2)n1C(C)C,True,pass,True,0,0,,,True,True,True,True,True,True,True,True,True,True,True,True,True,True,True,True,True,True,True,True,True,True
pose001338,1338,NS(=O)(=O)c1ccc(Oc2ccc(C3CC3)cc2)cc1,True,pass,True,0,0,,,True,True,True,True,True,True,True,True,True,True,True,True,True,True,True,True,True,True,True,True,True,True
pose001339,1339,COC(=O)Nc1ccc(-c2ccc(C(=O)N(C)C)cc2)c(OC)c1,True,pass,True,0,0,,,True,True,True,True,True,True,True,True,True,True,True,True,True,True,True,True,True,True,True,True,True,True
pose001340,1340,CC(C)c1ccc(NC(=O)c2ccc(S(N)(=O)=O)cc2)cc1,True,pass,True,0,0,,,True,True,True,True,True,True,True,True,True,True,True,True,True,True,True,True,True,True,True,True,True,True
pose001341,1341,CC(C)(C)c1cnc(CSc2cnc(NC(=O)C3CCNCC3)s2)o1,True,pass,True,0,0,,,True,True,True,True,True,True,True,True,True,True,True,True,True,True,True,True,True,True,True,True,True,True
pose001342,1342,CS(=O)(=O)c1ccc(-c2ccc(CCC(=O)O)cc2)cc1,True,pass,True,0,0,,,True,True,True,True,True,True,True,True,True,True,True,True,True,True,True,True,True,True,True,True,True,True
pose001343,1343,COc1c(O)ccc2c1cc1c3c(cc4c(c32)OCO4)C(=O)N1,True,pass,True,0,0,,,True,True,True,True,True,True,True,True,True,True,True,True,True,True,True,True,True,True,True,True,True,True
pose001344,1344,CCc1cnn2c(NCc3ccc[n+]([O-])c3)cc(CN3CCCC[C@H]3CCO)nc12,True,pass,True,0,0,,,True,True,True,True,True,True,True,True,True,True,True,True,True,True,True,True,True,True,True,True,True,True
pose001345,1345,c1ccc(Nc2cccc(OCN3CCOCC3)c2)cc1,True,pass,True,0,0,,,True,True,True,True,True,True,True,True,True,True,True,True,True,True,True,True,True,True,True,True,True,True
pose001346,1346,CCCCc1nnc(N2CCCNCCC2)c2cccc(C)c12,True,pass,True,0,0,,,True,True,True,True,True,True,True,True,True,True,True,True,True,True,True,True,True,True,True,True,True,True
pose001347,1347,CN(C)CC(O)COc1ccc(Nc2nccc(N3CCN(C)CC3)n2)cc1,True,pass,True,0,0,,,True,True,True,True,True,True,True,True,True,True,True,True,True,True,True,True,True,True,True,True,True,True
pose001348,1348,O=C(O)c1ccc(-c2ccc(N3CCCNCC3)cc2)cc1,True,pass,True,0,0,,,True,True,True,True,True,True,True,True,True,True,True,True,True,True,True,True,True,True,True,True,True,True
pose001349,1349,CN1CCN(c2ccc(NC(=O)c3ccccc3)nc2)CC1,True,pass,True,0,0,,,True,True,True,True,True,True,True,True,True,True,True,True,True,True,True,True,True,True,True,True,True,True
pose001350,1350,Cc1cc(N2CCOCC2)oc1NC(=O)c1ccccc1,True,pass,True,0,0,,,True,True,True,True,True,True,True,True,True,True,True,True,True,True,True,True,True,True,True,True,True,True
pose001351,1351,COC(=O)Nc1ccc(CNc2nc(NC3CCOCC3)nc3c(C(C)C)cnn23)cc1,True,fail,False,2,0,internal_steric_clash|internal_energy,,True,True,True,True,True,True,True,True,False,True,True,True,False,True,True,True,True,True,True,True,True,True
pose001352,1352,COCCNS(=O)(=O)c1ccc(Nc2nccc(-c3cnc(C)n3C)n2)cc1,True,pass,True,0,0,,,True,True,True,True,True,True,True,True,True,True,True,True,True,True,True,True,True,True,True,True,True,True
pose001353,1353,C[C@@H](O)CC=CCCC(=O)c1ccc(CC(=O)Nc2[nH]nc3ccc(N4CCCS4(=O)=O)cc23)cc1,True,pass,True,0,0,,,True,True,True,True,True,True,True,True,True,True,True,True,True,True,True,True,True,True,True,True,True,True
pose001354,1354,CN(C)c1ccc(Nc2ccc(S(=O)(=O)N(C)C)cc2)cc1,True,pass,True,0,0,,,True,True,True,True,True,True,True,True,True,True,True,True,True,True,True,True,True,True,True,True,True,True
pose001355,1355,CC(C)C(F)S(=O)(=O)c1ccc(Nc2ncc(C(F)(F)F)c(O[C@H](C)[C@@H](C)O)n2)cc1,True,pass,True,0,0,,,True,True,True,True,True,True,True,True,True,True,True,True,True,True,True,True,True,True,True,True,True,True
pose001356,1356,O=C(c1ccccc1)N1CCC(Nc2ccccc2)CC1,True,pass,True,0,0,,,True,True,True,True,True,True,True,True,True,True,True,True,True,True,True,True,True,True,True,True,True,True
pose001357,1357,O=c1[nH]c(O)c(C=NCc2ccn(-c3ccoc3)c(=O)c2)c2cc(I)ccc12,True,pass,True,0,0,,,True,True,True,True,True,True,True,True,True,True,True,True,True,True,True,True,True,True,True,True,True,True
pose001358,1358,Cn1nc(C(N)=O)c2c1-c1nc(-c3ccc(-c4ccccn4)cc3)ncc1CC(C)(C)O2,True,pass,True,0,0,,,True,True,True,True,True,True,True,True,True,True,True,True,True,True,True,True,True,True,True,True,True,True
pose001359,1359,Cc1c([N+](=O)[O-])ccc2[nH]c(O)c(N=Nc3ccc(S(N)(=O)=O)cc3)c12,True,pass,True,0,0,,,True,True,True,True,True,True,True,True,True,True,True,True,True,True,True,True,True,True,True,True,True,True
pose001360,1360,CC(=O)NC1CN(c2ccc(Nc3ncc(F)c(-c4cnc(C)n4C(C)C)n3)cc2)C1,True,pass,True,0,0,,,True,True,True,True,True,True,True,True,True,True,True,True,True,True,True,True,True,True,True,True,True,True
pose001361,1361,CN(C)C(=O)c1cccc(Nc2ccc(S(N)(=O)=O)cc2)c1,True,pass,True,0,0,,,True,True,True,True,True,True,True,True,True,True,True,True,True,True,True,True,True,True,True,True,True,True
pose001362,1362,CC(=O)N1CCC(n2cc(CNc3nc(NCCO)nc4c3ncn4C(C)C)c(C)n2)CC1,True,pass,True,0,0,,,True,True,True,True,True,True,True,True,True,True,True,True,True,True,True,True,True,True,True,True,True,True
pose001363,1363,CCc1cnn2c(NCc3ccc[n+]([O-])c3)cc(N3CCCCC3CO)nc12,True,pass,True,0,0,,,True,True,True,True,True,True,True,True,True,True,True,True,True,True,True,True,True,True,True,True,True,True
pose001364,1364,C[C@@H](Nc1nc(Nc2ccc(S(=N)(=O)CCO)cc2)ncc1Br)C(C)(C)O,True,pass,True,0,0,,,True,True,True,True,True,True,True,True,True,True,True,True,True,True,True,True,True,True,True,True,True,True
pose001365,1365,Nc1ccc2[nH]c(O)c(NCc3ccc[nH]3)c2c1NNc1ccc(S(N)(=O)=O)cc1,True,pass,True,0,0,,,True,True,True,True,True,True,True,True,True,True,True,True,True,True,True,True,True,True,True,True,True,True
pose001366,1366,CC(C)C(=O)Nc1ncc2c(n1)CN(c1ccc(Cl)cc1)CC2,True,pass,True,0,0,,,True,True,True,True,True,True,True,True,True,True,True,True,True,True,True,True,True,True,True,True,True,True
pose001367,1367,C[C@@H](O)[C@@H](C)Oc1nc(Nc2ccc(S(=O)(=O)C(=O)C(F)(F)F)cc2)ncc1C(F)(F)F,True,pass,True,0,0,,,True,True,True,True,True,True,True,True,True,True,True,True,True,True,True,True,True,True,True,True,True,True
pose001368,1368,CC(=O)c1c(C)c2cnc(Nc3ccc(N4CCNCC4)cc3)nc2n(C2CCCC2)c1=O,True,pass,True,0,0,,,True,True,True,True,True,True,True,True,True,True,True,True,True,True,True,True,True,True,True,True,True,True
pose001369,1369,CC(C)c1c(O)[nH]c2ccc(C(=Nc3ccc(S(N)(=O)=O)cc3)Oc3cnco3)cc12,True,pass,True,0,0,,,True,True,True,True,True,True,True,True,True,True,True,True,True,True,True,True,True,True,True,True,True,True
pose001370,1370,CCC(=O)N(C)c1ccc(-c2ccc(S(N)(=O)=O)cc2)cc1,True,pass,True,0,0,,,True,True,True,True,True,True,True,True,True,True,True,True,True,True,True,True,True,True,True,True,True,True
pose001371,1371,Nc1nccc(-c2cc(N3C[C@H](O)[C@@H](O)C3)ccc2O)n1,True,pass,True,0,0,,,True,True,True,True,True,True,True,True,True,True,True,True,True,True,True,True,True,True,True,True,True,True
pose001372,1372,c1ccc(Nc2nccc(-c3cnn4ncccc34)n2)cc1,True,pass,True,0,0,,,True,True,True,True,True,True,True,True,True,True,True,True,True,True,True,True,True,True,True,True,True,True
pose001373,1373,CC[C@H](Nc1nc(NCc2ccccc2)c2ncn(C(C)C)c2n1)[C@@H](C)O,True,pass,True,0,0,,,True,True,True,True,True,True,True,True,True,True,True,True,True,True,True,True,True,True,True,True,True,True
pose001374,1374,Cc1ncc(-c2ccnc(Nc3ccc(S(=O)(=O)OS(=O)(=O)C(C)C)cc3)n2)n1C(C)C,True,pass,True,0,0,,,True,True,True,True,True,True,True,True,True,True,True,True,True,True,True,True,True,True,True,True,True,True
pose001375,1375,O=C(Nc1c[nH]nc1-c1nc2cc(CN3CCOCC3)ccc2[nH]1)SC(=O)C1CC1,True,pass,True,0,0,,,True,True,True,True,True,True,True,True,True,True,True,True,True,True,True,True,True,True,True,True,True,True
pose001376,1376,O=C(NN1CCCC1)c1cccc(C(=O)N2CCCC2)c1,True,pass,True,0,0,,,True,True,True,True,True,True,True,True,True,True,True,True,True,True,True,True,True,True,True,True,True,True
pose001377,1377,O=C(Nc1ccccc1)N1CCN(c2ccccc2)CC1,True,pass,True,0,0,,,True,True,True,True,True,True,True,True,True,True,True,True,True,True,True,True,True,True,True,True,True,True
pose001378,1378,c1ccc(-c2cccc3nc(-c4cncnc4)nc(NCc4ccccn4)c23)cc1,True,pass,True,0,0,,,True,True,True,True,True,True,True,True,True,True,True,True,True,True,True,True,True,True,True,True,True,True
pose001379,1379,Cc1nc2c(F)cc(-c3nc(Nc4ccc5c(n4)CCN(CCN(C)C(N)=S)C5)ncc3F)cc2n1C(C)C,True,pass,True,0,0,,,True,True,True,True,True,True,True,True,True,True,True,True,True,True,True,True,True,True,True,True,True,True
pose001380,1380,Cc1ncc(-c2nc(NC(=O)NC(=O)CN(C)C)ncc2F)n1C(C)C,True,fail,False,1,0,internal_steric_clash,,True,True,True,True,True,True,True,True,False,True,True,True,True,True,True,True,True,True,True,True,True,True
pose001381,1381,O=C(c1ccccc1)N1CCN(C(=O)c2ccccc2)CC1,True,pass,True,0,0,,,True,True,True,True,True,True,True,True,True,True,True,True,True,True,True,True,True,True,True,True,True,True
pose001382,1382,Cc1ncc(-c2nc(Nc3ccc(C(=O)N(C)C)cc3)ncc2F)n1C(C)C,True,pass,True,0,0,,,True,True,True,True,True,True,True,True,True,True,True,True,True,True,True,True,True,True,True,True,True,True
pose001383,1383,NS(=O)(=O)c1cccc(Nc2cc(-c3ccc(F)cc3)[nH]n2)c1,True,pass,True,0,0,,,True,True,True,True,True,True,True,True,True,True,True,True,True,True,True,True,True,True,True,True,True,True
pose001384,1384,O=c1cc(CN=Cc2c(=O)[nH]c(O)c3ccc(Br)cc23)cc[nH]1,True,pass,True,0,0,,,True,True,True,True,True,True,True,True,True,True,True,True,True,True,True,True,True,True,True,True,True,True
pose001385,1385,CNC(=O)c1ccc(Cc2ccc(S(N)(=O)=O)cc2)cc1,True,pass,True,0,0,,,True,True,True,True,True,True,True,True,True,True,True,True,True,True,True,True,True,True,True,True,True,True
pose001386,1386,CC(=O)Nc1cccc(C(=O)c2ccc(S(C)(=O)=O)cc2)c1,True,pass,True,0,0,,,True,True,True,True,True,True,True,True,True,True,True,True,True,True,True,True,True,True,True,True,True,True
pose001387,1387,CCN(C(=O)c1ccccc1)c1ccc(NC(C)=O)cc1,True,pass,True,0,0,,,True,True,True,True,True,True,True,True,True,True,True,True,True,True,True,True,True,True,True,True,True,True
pose001388,1388,CCNC(=O)N1CCC(Nc2ncc(Cl)c(-n3ccc4ccccc43)n2)CC1,True,pass,True,0,0,,,True,True,True,True,True,True,True,True,True,True,True,True,True,True,True,True,True,True,True,True,True,True
pose001389,1389,O=C(NC1CCCCC1)c1[nH]ncc1-c1cc(N2CCOCC2)ccc1O,True,pass,True,0,0,,,True,True,True,True,True,True,True,True,True,True,True,True,True,True,True,True,True,True,True,True,True,True
pose001390,1390,CC(C)c1ccc(Cc2ccc(S(N)(=O)=O)cc2)cc1F,True,pass,True,0,0,,,True,True,True,True,True,True,True,True,True,True,True,True,True,True,True,True,True,True,True,True,True,True
pose001391,1391,CC(C)c1cccc2[nH]c(O)c(N=Nc3ccc(S(N)(=O)=O)cc3)c12,True,pass,True,0,0,,,True,True,True,True,True,True,True,True,True,True,True,True,True,True,True,True,True,True,True,True,True,True
pose001392,1392,Cc1cc(S(N)(=O)=O)ccc1Nc1ccc(C(C)(C)C)cc1,True,pass,True,0,0,,,True,True,True,True,True,True,True,True,True,True,True,True,True,True,True,True,True,True,True,True,True,True
pose001393,1393,C[C@@H](O)[C@@H](C)Oc1nc(Nc2ccc(S(=N)(=O)C(C)(C)O)cc2)ncc1C(F)(F)F,True,pass,True,0,0,,,True,True,True,True,True,True,True,True,True,True,True,True,True,True,True,True,True,True,True,True,True,True
pose001394,1394,Cc1ncc(-c2nc(NS(N)(=O)=O)ncc2F)n1C(C)C,True,pass,True,0,0,,,True,True,True,True,True,True,True,True,True,True,True,True,True,True,True,True,True,True,True,True,True,True
pose001395,1395,CNS(=O)(=O)c1cc(Nc2nccc(-c3ccnc(C(=O)N(C)C)c3)n2)ccc1Cl,True,pass,True,0,0,,,True,True,True,True,True,True,True,True,True,True,True,True,True,True,True,True,True,True,True,True,True,True
pose001396,1396,COc1nn(C2CCN(C(C)=O)CC2)cc1Nc1ncc(Cl)c(-c2cnn3ccccc23)n1,True,pass,True,0,0,,,True,True,True,True,True,True,True,True,True,True,True,True,True,True,True,True,True,True,True,True,True,True
pose001397,1397,Cn1cc(CCC(=O)N2CCC(N)CC2)c2cc(C3CC3)ccc21,True,pass,True,0,0,,,True,True,True,True,True,True,True,True,True,True,True,True,True,True,True,True,True,True,True,True,True,True
pose001398,1398,O=C(NN1CCN(c2ccccc2)CC1)c1ccccc1,True,pass,True,0,0,,,True,True,True,True,True,True,True,True,True,True,True,True,True,True,True,True,True,True,True,True,True,True
pose001399,1399,COc1cccc(-c2ccc(N3CCNCC3)cc2)c1,True,pass,True,0,0,,,True,True,True,True,True,True,True,True,True,True,True,True,True,True,True,True,True,True,True,True,True,True
pose001400,1400,N[S+]([O-])c1ccc(C(=Nc2ccc(S(N)(=O)=O)cc2)c2c(O)[nH]c3ccc(-c4cnco4)cc23)cc1,True,pass,True,0,0,,,True,True,True,True,True,True,True,True,True,True,True,True,True,True,True,True,True,True,True,True,True,True
pose001401,1401,Cc1ccccc1Nc1ccnc(N2CCN(C)CC2)n1,True,pass,True,0,0,,,True,True,True,True,True,True,True,True,True,True,True,True,True,True,True,True,True,True,True,True,True,True
pose001402,1402,CC(=O)N(C)C(=O)c1cccc(Nc2ccccc2)c1,True,pass,True,0,0,,,True,True,True,True,True,True,True,True,True,True,True,True,True,True,True,True,True,True,True,True,True,True
pose001403,1403,NS(=O)(=O)c1ccc(N=NC(=O)Sc2c(=O)[nH]c3ccc4[nH]cccc4c23)cc1,True,pass,True,0,0,,,True,True,True,True,True,True,True,True,True,True,True,True,True,True,True,True,True,True,True,True,True,True
pose001404,1404,CC(C)c1ccc(NC(=O)c2ccc(CC(=O)N(C)C)cc2)cc1,True,pass,True,0,0,,,True,True,True,True,True,True,True,True,True,True,True,True,True,True,True,True,True,True,True,True,True,True
pose001405,1405,CC(C)c1c2cc(-c3ccnc(Nc4ccc5c(N6CCN(C)CC6)ncnc5c4)n3)ccc2nn1C,True,pass,True,0,0,,,True,True,True,True,True,True,True,True,True,True,True,True,True,True,True,True,True,True,True,True,True,True
pose001406,1406,Cc1ccc(Cc2ccc(NC(=O)C3CC3)cc2)cc1,True,pass,True,0,0,,,True,True,True,True,True,True,True,True,True,True,True,True,True,True,True,True,True,True,True,True,True,True
pose001407,1407,CCc1cnn2c(NCc3ccc[n+]([O-])c3)cc(N3CCCCC3N3CCCC[C@H]3CCCSCO)nc12,True,pass,True,0,0,,,True,True,True,True,True,True,True,True,True,True,True,True,True,True,True,True,True,True,True,True,True,True
pose001408,1408,CCCN(C)[C@H]1CCN(C(=O)c2ccc(Nc3nccc(-c4cnc(C)n4C(C)C)n3)cc2)C1,True,pass,True,0,0,,,True,True,True,True,True,True,True,True,True,True,True,True,True,True,True,True,True,True,True,True,True,True
pose001409,1409,Nc1nccc(-c2c[nH]c3ncc(-c4ccc(F)cc4)cc23)n1,True,pass,True,0,0,,,True,True,True,True,True,True,True,True,True,True,True,True,True,True,True,True,True,True,True,True,True,True
pose001410,1410,O=C(Nc1nccc(-c2ccc([C@@H]3CCC[C@@H](O)C3)s2)n1)C(F)(F)F,True,pass,True,0,0,,,True,True,True,True,True,True,True,True,True,True,True,True,True,True,True,True,True,True,True,True,True,True
pose001411,1411,COc1c(O)cc(O)c2c(=O)cc(-c3ccccc3)oc12,True,pass,True,0,0,,,True,True,True,True,True,True,True,True,True,True,True,True,True,True,True,True,True,True,True,True,True,True
pose001412,1412,CCN1CCCN(c2cccc(Nc3ccccc3)n2)CC1,True,pass,True,0,0,,,True,True,True,True,True,True,True,True,True,True,True,True,True,True,True,True,True,True,True,True,True,True
pose001413,1413,O=C(Nc1[nH]nc2cc(-c3ccco3)ccc12)C1CC1,True,pass,True,0,0,,,True,True,True,True,True,True,True,True,True,True,True,True,True,True,True,True,True,True,True,True,True,True
pose001414,1414,CC(C)c1nc(-c2ccc(S(N)(=O)=O)cc2)ncc1C(F)(F)F,True,pass,True,0,0,,,True,True,True,True,True,True,True,True,True,True,True,True,True,True,True,True,True,True,True,True,True,True
pose001415,1415,CN1CCN(CCC(=O)NS(=O)(=O)c2ccc(Nc3nc(N)n(C(=O)c4c(F)cccc4F)n3)cc2)CC1,True,pass,True,0,0,,,True,True,True,True,True,True,True,True,True,True,True,True,True,True,True,True,True,True,True,True,True,True
pose001416,1416,CC(=O)N1CCN(c2ccc(C(=O)Nc3cccc(C)c3)cc2)CC1,True,pass,True,0,0,,,True,True,True,True,True,True,True,True,True,True,True,True,True,True,True,True,True,True,True,True,True,True
pose001417,1417,O=C(Nc1ccccc1N1CCOCC1)c1cccc(CCO)c1,True,pass,True,0,0,,,True,True,True,True,True,True,True,True,True,True,True,True,True,True,True,True,True,True,True,True,True,True
pose001418,1418,CC(C)Oc1ccc(-c2ccc(S(N)(=O)=O)cc2)cc1,True,pass,True,0,0,,,True,True,True,True,True,True,True,True,True,True,True,True,True,True,True,True,True,True,True,True,True,True
pose001419,1419,CCn1c(C)nc2c(F)cc(-c3cc(NCc4cccnc4)n4nccc4n3)cc21,True,pass,True,0,0,,,True,True,True,True,True,True,True,True,True,True,True,True,True,True,True,True,True,True,True,True,True,True
pose001420,1420,Cc1ncc(-c2ccnc(Nc3ccc(NNNc4ccc(C(N)=O)cc4)cc3)n2)n1C(C)C,True,pass,True,0,0,,,True,True,True,True,True,True,True,True,True,True,True,True,True,True,True,True,True,True,True,True,True,True
pose001421,1421,N=C1NC(=O)/C(=C/c2ccc(C(=O)Nc3ccc(Cl)cc3)o2)S1,True,pass,True,0,0,,,True,True,True,True,True,True,True,True,True,True,True,True,True,True,True,True,True,True,True,True,True,True
pose001422,1422,NS(=O)(=O)c1ccc(-c2ccc(C3CCCCC3)cc2)cc1,True,pass,True,0,0,,,True,True,True,True,True,True,True,True,True,True,True,True,True,True,True,True,True,True,True,True,True,True
pose001423,1423,CC(C)c1ccc(CC(=O)NC(=O)Cc2cccc(Cl)c2)cc1,True,pass,True,0,0,,,True,True,True,True,True,True,True,True,True,True,True,True,True,True,True,True,True,True,True,True,True,True
pose001424,1424,CNC(=O)c1ccc(C(=O)Nc2cccc(C(=O)N(C)C)c2)cc1,True,pass,True,0,0,,,True,True,True,True,True,True,True,True,True,True,True,True,True,True,True,True,True,True,True,True,True,True
pose001425,1425,CC(=O)Nc1ccc(CNc2nc(N3CCC[C@@H]3CO)nc3c(C(C)C)cnn23)cc1,True,pass,True,0,0,,,True,True,True,True,True,True,True,True,True,True,True,True,True,True,True,True,True,True,True,True,True,True
pose001426,1426,COS[C@H](OS(=O)(=O)c1ccc(Nc2ncc(C(F)(F)F)c(O[C@@H](C)[C@@H](C)O)n2)cc1)[C@@H](C)O,True,pass,True,0,0,,,True,True,True,True,True,True,True,True,True,True,True,True,True,True,True,True,True,True,True,True,True,True
pose001427,1427,CN1CCCN(c2ccc(Nc3ccccc3)cc2)CC1,True,pass,True,0,0,,,True,True,True,True,True,True,True,True,True,True,True,True,True,True,True,True,True,True,True,True,True,True
pose001428,1428,CC(C)COc1cc(Nc2ccc(S(C)(=O)=O)cc2)n2ncc(C(C)C)c2n1,True,pass,True,0,0,,,True,True,True,True,True,True,True,True,True,True,True,True,True,True,True,True,True,True,True,True,True,True
pose001429,1429,CN1CCC(c2ccc(Nc3ccc(S(N)(=O)=O)cc3)cc2F)CC1,True,pass,True,0,0,,,True,True,True,True,True,True,True,True,True,True,True,True,True,True,True,True,True,True,True,True,True,True
pose001430,1430,Cc1cc(-c2ccc(S(N)(=O)=O)cc2)ccc1C(=O)OF,True,pass,True,0,0,,,True,True,True,True,True,True,True,True,True,True,True,True,True,True,True,True,True,True,True,True,True,True
pose001431,1431,Cc1nc2c(F)cc(-c3nc(Nc4ccc5c(n4)CCN(C(=O)CN(C)C)C5)ncc3F)cc2n1C1CCC1,True,pass,True,0,0,,,True,True,True,True,True,True,True,True,True,True,True,True,True,True,True,True,True,True,True,True,True,True
pose001432,1432,COc1ccc(CN=Cc2c(=O)[nH]c(O)c3ccc(I)cc23)cc1O,True,pass,True,0,0,,,True,True,True,True,True,True,True,True,True,True,True,True,True,True,True,True,True,True,True,True,True,True
pose001433,1433,C=CC(=O)N1CCc2cc(S(=O)(=O)N3CCC[C@@H](Nc4ncc(SCC5CC5)s4)C3)ccc21,True,pass,True,0,0,,,True,True,True,True,True,True,True,True,True,True,True,True,True,True,True,True,True,True,True,True,True,True
pose001434,1434,Cc1cc(S(N)(=O)=O)ccc1-c1ccc(C(C)C)cc1F,True,pass,True,0,0,,,True,True,True,True,True,True,True,True,True,True,True,True,True,True,True,True,True,True,True,True,True,True
pose001435,1435,Cc1cccc(C(=O)NC(=O)Cc2ccccc2C)c1,True,pass,True,0,0,,,True,True,True,True,True,True,True,True,True,True,True,True,True,True,True,True,True,True,True,True,True,True
pose001436,1436,COc1ccc(-c2ccc(N3CCNCC3)cc2)cc1,True,pass,True,0,0,,,True,True,True,True,True,True,True,True,True,True,True,True,True,True,True,True,True,True,True,True,True,True
pose001437,1437,Cn1nc(C(N)=O)c2c1-c1nc(Nc3ccccc3)ncc1CC2,True,pass,True,0,0,,,True,True,True,True,True,True,True,True,True,True,True,True,True,True,True,True,True,True,True,True,True,True
pose001438,1438,CCc1cnn2c(NCc3ccc[n+]([O-])c3)cc(N3CCCC[C@@H]3CCO)nc12,True,pass,True,0,0,,,True,True,True,True,True,True,True,True,True,True,True,True,True,True,True,True,True,True,True,True,True,True
pose001439,1439,CNC(=O)c1ccc(-c2ccc(C(=O)NC)cc2)cc1,True,pass,True,0,0,,,True,True,True,True,True,True,True,True,True,True,True,True,True,True,True,True,True,True,True,True,True,True
pose001440,1440,CC(C)c1ccc(NC(=O)c2ccccc2N2CCOCC2)cc1,True,pass,True,0,0,,,True,True,True,True,True,True,True,True,True,True,True,True,True,True,True,True,True,True,True,True,True,True
pose001441,1441,CC(=O)c1ccc(NC(=O)CC(=O)c2ccc(Nc3ncc(F)c(-c4cnc(C)n4C(C)C)n3)cc2)cc1,True,pass,True,0,0,,,True,True,True,True,True,True,True,True,True,True,True,True,True,True,True,True,True,True,True,True,True,True
pose001442,1442,Cc1ncc(-c2nc(Nc3ccc(C(N)=O)cc3)ncc2F)n1C(C)C,True,pass,True,0,0,,,True,True,True,True,True,True,True,True,True,True,True,True,True,True,True,True,True,True,True,True,True,True
pose001443,1443,CN(C)C(=O)c1cccc(-c2cnc(N)c(-c3nc4cccc(N5CCNCC5)c4n3C)n2)c1,True,pass,True,0,0,,,True,True,True,True,True,True,True,True,True,True,True,True,True,True,True,True,True,True,True,True,True,True
pose001444,1444,O=C(C1CC1)N1CCc2cnc(Nc3ccccc3)nc2C1,True,pass,True,0,0,,,True,True,True,True,True,True,True,True,True,True,True,True,True,True,True,True,True,True,True,True,True,True
pose001445,1445,N#Cc1ccc2ccn(-c3cccc(N)n3)c2c1,True,pass,True,0,0,,,True,True,True,True,True,True,True,True,True,True,True,True,True,True,True,True,True,True,True,True,True,True
pose001446,1446,CNc1c(C=Nc2ccc(-c3ccc[nH]3)cc2)ccc2[nH]c(O)c(NNNc3ccc(S(N)(=O)=O)cc3)c12,True,pass,True,0,0,,,True,True,True,True,True,True,True,True,True,True,True,True,True,True,True,True,True,True,True,True,True,True
pose001447,1447,CN1CCC(c2ccc(-c3ccc(S(N)(=O)=O)cc3)cc2)CC1,True,pass,True,0,0,,,True,True,True,True,True,True,True,True,True,True,True,True,True,True,True,True,True,True,True,True,True,True
pose001448,1448,Cn1cc(CCNc2ccc([N+](=O)[O-])cc2C(=O)O)c2ccc(F)cc21,True,pass,True,0,0,,,True,True,True,True,True,True,True,True,True,True,True,True,True,True,True,True,True,True,True,True,True,True
pose001449,1449,O=C(NCc1ccccc1)c1cccc(N2CCOCC2)n1,True,pass,True,0,0,,,True,True,True,True,True,True,True,True,True,True,True,True,True,True,True,True,True,True,True,True,True,True
pose001450,1450,Cc1nccc(-c2csc(C(N)=O)c2)c1NC(=O)c1ccnc(NC(C)C)n1,True,pass,True,0,0,,,True,True,True,True,True,True,True,True,True,True,True,True,True,True,True,True,True,True,True,True,True,True
pose001451,1451,NS(=O)(=O)c1ccc(-c2ccc(C(F)(F)F)cc2)nc1,True,pass,True,0,0,,,True,True,True,True,True,True,True,True,True,True,True,True,True,True,True,True,True,True,True,True,True,True
pose001452,1452,CC(=O)Nc1cc(-c2ccc(CN(C)C)cc2)c(Cl)cn1,True,pass,True,0,0,,,True,True,True,True,True,True,True,True,True,True,True,True,True,True,True,True,True,True,True,True,True,True
pose001453,1453,O=C(c1cccc(N2CCCNCC2)c1)N1CCCC1,True,pass,True,0,0,,,True,True,True,True,True,True,True,True,True,True,True,True,True,True,True,True,True,True,True,True,True,True
pose001454,1454,CNC(=O)c1nn(C)c2c1C(C)(C)Cc1cnc(Nc3cccc(CN4CCOCC4)c3)nc1-2,True,pass,True,0,0,,,True,True,True,True,True,True,True,True,True,True,True,True,True,True,True,True,True,True,True,True,True,True
pose001455,1455,C=C(C)SC(C)=NS[SH](N)C(=O)CC(=O)c1ccc(Nc2ncc(F)c(-c3cnc(C)n3C(C)C)n2)cc1,True,pass,True,0,0,,,True,True,True,True,True,True,True,True,True,True,True,True,True,True,True,True,True,True,True,True,True,True
pose001456,1456,C=C(C)n1cncc1C(=O)c1ccc(Nc2ncc(F)c(-c3cnc(C)n3C(C)C)n2)cc1,True,pass,True,0,0,,,True,True,True,True,True,True,True,True,True,True,True,True,True,True,True,True,True,True,True,True,True,True
pose001457,1457,CNC(=O)c1ccc(Nc2ncc(F)c(-c3cnc(C)n3C(C)C)n2)cc1F,True,pass,True,0,0,,,True,True,True,True,True,True,True,True,True,True,True,True,True,True,True,True,True,True,True,True,True,True
pose001458,1458,Cc1cc(C(C)(C)C)ccc1-c1ccc(S(N)(=O)=O)cc1,True,pass,True,0,0,,,True,True,True,True,True,True,True,True,True,True,True,True,True,True,True,True,True,True,True,True,True,True
pose001459,1459,NCc1cccc(N2CCN(C(=O)c3ccccc3)CC2)c1,True,pass,True,0,0,,,True,True,True,True,True,True,True,True,True,True,True,True,True,True,True,True,True,True,True,True,True,True
pose001460,1460,CNC(=O)c1ccc(-c2ccccc2NC(=O)CN(C)C)cc1,True,pass,True,0,0,,,True,True,True,True,True,True,True,True,True,True,True,True,True,True,True,True,True,True,True,True,True,True
pose001461,1461,O=C(Nc1ccc(C(F)(F)F)cc1C(=O)O)c1ccccc1,True,pass,True,0,0,,,True,True,True,True,True,True,True,True,True,True,True,True,True,True,True,True,True,True,True,True,True,True
pose001462,1462,COc1cc(C(=O)NC(=O)Nc2ccccc2C)cc(OC)c1OC,True,pass,True,0,0,,,True,True,True,True,True,True,True,True,True,True,True,True,True,True,True,True,True,True,True,True,True,True
pose001463,1463,CC(C)OCc1ccc(Cc2ccc(S(N)(=O)=O)cc2)cc1,True,pass,True,0,0,,,True,True,True,True,True,True,True,True,True,True,True,True,True,True,True,True,True,True,True,True,True,True
pose001464,1464,Nc1ccc2[nH]c(O)c(C=CC=Nc3ccc(S(N)(=O)=O)cc3)c2c1NNc1ccc[nH]1,True,pass,True,0,0,,,True,True,True,True,True,True,True,True,True,True,True,True,True,True,True,True,True,True,True,True,True,True
pose001465,1465,CN1CCN(C(=O)c2ccc(Nc3ccccc3)cc2)CC1,True,pass,True,0,0,,,True,True,True,True,True,True,True,True,True,True,True,True,True,True,True,True,True,True,True,True,True,True
pose001466,1466,C=C(C)C(=O)n1cncc1C(=O)c1ccc(Nc2ncc(F)c(-c3cnc(C)n3C(C)C)n2)cc1,True,pass,True,0,0,,,True,True,True,True,True,True,True,True,True,True,True,True,True,True,True,True,True,True,True,True,True,True
pose001467,1467,COc1cc(F)ccc1-c1ccc(NC(=O)CN(C)C)cc1,True,pass,True,0,0,,,True,True,True,True,True,True,True,True,True,True,True,True,True,True,True,True,True,True,True,True,True,True
pose001468,1468,COCC(C)N1CCc2nc(Nc3ncc(F)c(N[C@H]4CC[C@H](N)CC4)n3)ccc2C1,True,pass,True,0,0,,,True,True,True,True,True,True,True,True,True,True,True,True,True,True,True,True,True,True,True,True,True,True
pose001469,1469,CC(C)(C)c1ccc(-c2ccc(S(N)(=O)=O)cc2)cc1,True,pass,True,0,0,,,True,True,True,True,True,True,True,True,True,True,True,True,True,True,True,True,True,True,True,True,True,True
pose001470,1470,CC(C)Oc1cccc2[nH]c(O)c(N=Nc3ccc(S(N)(=O)=O)cc3)c12,True,pass,True,0,0,,,True,True,True,True,True,True,True,True,True,True,True,True,True,True,True,True,True,True,True,True,True,True
pose001471,1471,CC(C)C(=O)N1CCc2cnc(Nc3ccccc3)nc2C1,True,pass,True,0,0,,,True,True,True,True,True,True,True,True,True,True,True,True,True,True,True,True,True,True,True,True,True,True
pose001472,1472,NC(=O)c1ccc(Nc2nc(N)cc(-c3c(F)cccc3F)n2)cc1,True,pass,True,0,0,,,True,True,True,True,True,True,True,True,True,True,True,True,True,True,True,True,True,True,True,True,True,True
pose001473,1473,Cc1ncc(-c2ccnc(Nc3ccc(S(=O)(=O)CCCN4CCOCC4)cc3)n2)n1C(C)C,True,pass,True,0,0,,,True,True,True,True,True,True,True,True,True,True,True,True,True,True,True,True,True,True,True,True,True,True
pose001474,1474,CCS(=N)(=O)c1ccc(Nc2ncc(Br)c(N[C@H](C)[C@H](C)O)n2)cc1,True,pass,True,0,0,,,True,True,True,True,True,True,True,True,True,True,True,True,True,True,True,True,True,True,True,True,True,True
pose001475,1475,O=C(Nc1cccc(N2CCCCC2)c1)c1ccccc1,True,pass,True,0,0,,,True,True,True,True,True,True,True,True,True,True,True,True,True,True,True,True,True,True,True,True,True,True
pose001476,1476,C=C(C)C=[N+](CC(=O)c1ccc(Nc2ncc(F)c(-c3cnc(C)n3C(C)C)n2)cc1)NC(C)C,True,pass,True,0,0,,,True,True,True,True,True,True,True,True,True,True,True,True,True,True,True,True,True,True,True,True,True,True
pose001477,1477,CSC(C)(C)c1ccc(-c2ccc(S(N)(=O)=O)cc2)cc1,True,pass,True,0,0,,,True,True,True,True,True,True,True,True,True,True,True,True,True,True,True,True,True,True,True,True,True,True
pose001478,1478,Cc1cnc(Nc2ccccc2)nc1-c1c(C)c(Nc2ncc3c(n2)-c2c(c(C(N)=O)nn2C)CC3)nn1C,True,pass,True,0,0,,,True,True,True,True,True,True,True,True,True,True,True,True,True,True,True,True,True,True,True,True,True,True
pose001479,1479,Oc1ccc(-c2nccc(Nc3cnc4ccccc4c3)n2)cc1O,True,pass,True,0,0,,,True,True,True,True,True,True,True,True,True,True,True,True,True,True,True,True,True,True,True,True,True,True
pose001480,1480,NS(=O)(=O)c1ccc(Nc2ccc(CC(F)F)cc2)cc1,True,pass,True,0,0,,,True,True,True,True,True,True,True,True,True,True,True,True,True,True,True,True,True,True,True,True,True,True
pose001481,1481,CNS(=O)(=O)c1ccc2[nH]c(O)c(C=c3[nH]cc4c3=CCNC4=O)c2c1,True,pass,True,0,0,,,True,True,True,True,True,True,True,True,True,True,True,True,True,True,True,True,True,True,True,True,True,True
pose001482,1482,Cc1ccccc1CC(=O)NN1CCCN(c2ccccc2)CCC1,True,pass,True,0,0,,,True,True,True,True,True,True,True,True,True,True,True,True,True,True,True,True,True,True,True,True,True,True
pose001483,1483,CNC(=O)N=S(C)(=O)Cc1cccc(Nc2ncc(F)c(-c3ccc(F)cc3OC)n2)c1,True,pass,True,0,0,,,True,True,True,True,True,True,True,True,True,True,True,True,True,True,True,True,True,True,True,True,True,True
pose001484,1484,CSn1cnc(-c2cc(NC[C@H]3CCNC[C@@H]3O)nc3c(C(C)C)cnn23)c1,True,pass,True,0,0,,,True,True,True,True,True,True,True,True,True,True,True,True,True,True,True,True,True,True,True,True,True,True
pose001485,1485,Cc1ncc(-c2ccnc(Nc3ccc(N4CCN(S(=O)(=O)CCN(C)C)CC4)cc3)n2)n1C(C)C,True,pass,True,0,0,,,True,True,True,True,True,True,True,True,True,True,True,True,True,True,True,True,True,True,True,True,True,True
pose001486,1486,NS(=O)(=O)c1ccc(N=Nc2c(=O)[nH]c3ccc4[nH]cccc4c23)cc1,True,pass,True,0,0,,,True,True,True,True,True,True,True,True,True,True,True,True,True,True,True,True,True,True,True,True,True,True
pose001487,1487,COc1cc(NC(=O)c2ccc(C#N)cc2)cc(OC)c1OC,True,pass,True,0,0,,,True,True,True,True,True,True,True,True,True,True,True,True,True,True,True,True,True,True,True,True,True,True
pose001488,1488,CC(=O)N1CCN(CNc2ccc(C(=O)c3ccccc3)cc2)CC1,True,pass,True,0,0,,,True,True,True,True,True,True,True,True,True,True,True,True,True,True,True,True,True,True,True,True,True,True
pose001489,1489,CNS(=O)(=O)Cc1ccc(N=Nc2c(O)[nH]c3ccc4ncsc4c23)cc1,True,pass,True,0,0,,,True,True,True,True,True,True,True,True,True,True,True,True,True,True,True,True,True,True,True,True,True,True
pose001490,1490,NS(=O)(=O)c1ccc(N=Nc2c(O)[nH]c3ccc(C(=O)NCc4ccncc4)cc23)cc1,True,pass,True,0,0,,,True,True,True,True,True,True,True,True,True,True,True,True,True,True,True,True,True,True,True,True,True,True
pose001491,1491,O=C(Nc1ncc(SCc2cnn(CC(F)(F)F)c2)s1)NN1CCOCC1,True,pass,True,0,0,,,True,True,True,True,True,True,True,True,True,True,True,True,True,True,True,True,True,True,True,True,True,True
pose001492,1492,O=C(c1c(F)cccc1F)N1CCN(Cc2ccc(O)cc2)CC1,True,pass,True,0,0,,,True,True,True,True,True,True,True,True,True,True,True,True,True,True,True,True,True,True,True,True,True,True
pose001493,1493,O=C(O)c1ccc(NC(=O)c2c(F)cccc2F)cc1,True,pass,True,0,0,,,True,True,True,True,True,True,True,True,True,True,True,True,True,True,True,True,True,True,True,True,True,True
pose001494,1494,COc1ccccc1NC(=O)c1ccc(N2CCCC2)cc1,True,pass,True,0,0,,,True,True,True,True,True,True,True,True,True,True,True,True,True,True,True,True,True,True,True,True,True,True
pose001495,1495,C[C@H]([C@@H](C)N)S(=N)(=O)c1ccc(Nc2ncc(C(F)(F)F)c(O[C@H](C)[C@@H](C)O)n2)cc1,True,pass,True,0,0,,,True,True,True,True,True,True,True,True,True,True,True,True,True,True,True,True,True,True,True,True,True,True
pose001496,1496,Cc1cc(C(=O)NC(C)C)ccc1-c1ccc(N(C)C)cc1,True,pass,True,0,0,,,True,True,True,True,True,True,True,True,True,True,True,True,True,True,True,True,True,True,True,True,True,True
pose001497,1497,O=C(C1CCC1)N1CCCc2cnc(NCc3ccccc3)nc2C1,True,pass,True,0,0,,,True,True,True,True,True,True,True,True,True,True,True,True,True,True,True,True,True,True,True,True,True,True
pose001498,1498,Cc1ncc(-c2nc(NC3CCCCC3)ncc2F)n1C(C)C,True,pass,True,0,0,,,True,True,True,True,True,True,True,True,True,True,True,True,True,True,True,True,True,True,True,True,True,True
pose001499,1499,O=C1Nc2cc3ccc(O)cc3c3c4c(cc1c23)OCO4,True,pass,True,0,0,,,True,True,True,True,True,True,True,True,True,True,True,True,True,True,True,True,True,True,True,True,True,True
pose001500,1500,CN1CCN(c2ccc(NCc3ccccc3)cc2)CC1,True,pass,True,0,0,,,True,True,True,True,True,True,True,True,True,True,True,True,True,True,True,True,True,True,True,True,True,True
pose001501,1501,NS(=O)(=O)c1ccc(N=Nc2c(O)[nH]c3ccc(N=Cc4c(=O)[nH]c5ccc6[nH]cccc6c45)cc23)cc1,True,pass,True,0,0,,,True,True,True,True,True,True,True,True,True,True,True,True,True,True,True,True,True,True,True,True,True,True
pose001502,1502,C=C(C)c1ccc(-c2cc(NC)c(OC)c(OC)c2)cn1,True,pass,True,0,0,,,True,True,True,True,True,True,True,True,True,True,True,True,True,True,True,True,True,True,True,True,True,True
pose001503,1503,Cc1ccccc1NC(=O)c1ccc(CC2CC2)cc1,True,pass,True,0,0,,,True,True,True,True,True,True,True,True,True,True,True,True,True,True,True,True,True,True,True,True,True,True
pose001504,1504,CC(C)c1nc(CNc2ncc(F)c(-c3cccc4c3OCCC4)n2)ncc1F,True,pass,True,0,0,,,True,True,True,True,True,True,True,True,True,True,True,True,True,True,True,True,True,True,True,True,True,True
pose001505,1505,NS(=O)(=O)c1cccc(Nc2nc(OCC3CCCCC3)c3[nH]cnc3n2)c1,True,pass,True,0,0,,,True,True,True,True,True,True,True,True,True,True,True,True,True,True,True,True,True,True,True,True,True,True
pose001506,1506,Cc1ncc(Nc2ccc(N3CCCS(=O)(=O)CC3)cc2)n1C(C)C,True,pass,True,0,0,,,True,True,True,True,True,True,True,True,True,True,True,True,True,True,True,True,True,True,True,True,True,True
pose001507,1507,CCCc1ccc(Oc2ccc(S(N)(=O)=O)cc2)cc1,True,pass,True,0,0,,,True,True,True,True,True,True,True,True,True,True,True,True,True,True,True,True,True,True,True,True,True,True
pose001508,1508,CC(C)NC(=O)c1ccc(OCc2cccc(F)c2)cc1,True,pass,True,0,0,,,True,True,True,True,True,True,True,True,True,True,True,True,True,True,True,True,True,True,True,True,True,True
pose001509,1509,O=C(Nc1ccc(F)cc1)C1CCN(C(=O)c2ccc(F)cc2)CC1,True,pass,True,0,0,,,True,True,True,True,True,True,True,True,True,True,True,True,True,True,True,True,True,True,True,True,True,True
pose001510,1510,COC(=O)c1ccc2[nH]c(O)c(N=Nc3ccc(S(N)(=O)=O)cc3)c2c1,True,pass,True,0,0,,,True,True,True,True,True,True,True,True,True,True,True,True,True,True,True,True,True,True,True,True,True,True
pose001511,1511,CCN(CC)c1ccc(CC(=O)Nc2[nH]nc3ccc(N4CCCS4(=O)=O)cc23)cc1,True,pass,True,0,0,,,True,True,True,True,True,True,True,True,True,True,True,True,True,True,True,True,True,True,True,True,True,True
pose001512,1512,O=C(Cc1ccc(-c2ccccc2)cc1)Nc1[nH]nc2ccc(N3CCCS3(=O)=O)cc12,True,pass,True,0,0,,,True,True,True,True,True,True,True,True,True,True,True,True,True,True,True,True,True,True,True,True,True,True
pose001513,1513,CC(=O)N1CCC(Nc2nc(C(F)(F)F)nc3ccc(Nc4ccccc4)cc23)COC1,True,pass,True,0,0,,,True,True,True,True,True,True,True,True,True,True,True,True,True,True,True,True,True,True,True,True,True,True
pose001514,1514,O=S1(=O)Cc2ccc(N=Cc3c(O)[nH]c4ccc(-c5cnco5)cc34)cc2C1,True,pass,True,0,0,,,True,True,True,True,True,True,True,True,True,True,True,True,True,True,True,True,True,True,True,True,True,True
pose001515,1515,NC(=O)Nc1cc(Nc2ccc(F)c(Cl)c2)n2nccc2n1,True,pass,True,0,0,,,True,True,True,True,True,True,True,True,True,True,True,True,True,True,True,True,True,True,True,True,True,True
pose001516,1516,Clc1ccccc1-c1cc(NCc2ccncc2)n2ncc(Br)c2n1,True,pass,True,0,0,,,True,True,True,True,True,True,True,True,True,True,True,True,True,True,True,True,True,True,True,True,True,True
pose001517,1517,Cc1ncc(-c2nc(NC3CCN(C(C)C)CC3)ncc2F)n1C(C)C,True,pass,True,0,0,,,True,True,True,True,True,True,True,True,True,True,True,True,True,True,True,True,True,True,True,True,True,True
pose001518,1518,COC[C@H](Nc1nc(Nc2ccc(S(C)(=N)=O)cc2)ncc1Br)[C@H](C)O,True,pass,True,0,0,,,True,True,True,True,True,True,True,True,True,True,True,True,True,True,True,True,True,True,True,True,True,True
pose001519,1519,C=C(C)C(=O)C=Cc1ccc(Nc2ncc(F)c(-c3cnc(C)n3C(C)C)n2)cc1,True,pass,True,0,0,,,True,True,True,True,True,True,True,True,True,True,True,True,True,True,True,True,True,True,True,True,True,True
pose001520,1520,CC(=O)CSC(=O)c1ccc(Nc2ncc(F)c(-c3ncc(F)c(-c4cnc(C)n4C(C)C)n3)n2)cc1,True,pass,True,0,0,,,True,True,True,True,True,True,True,True,True,True,True,True,True,True,True,True,True,True,True,True,True,True
pose001521,1521,CC(C)S(=O)(=O)c1ccc(Nc2ccc(S(N)(=O)=O)cc2)cc1,True,pass,True,0,0,,,True,True,True,True,True,True,True,True,True,True,True,True,True,True,True,True,True,True,True,True,True,True
pose001522,1522,CC(C)C(=O)N1CCN(c2ccc(Nc3ccccc3)cc2)CC1,True,pass,True,0,0,,,True,True,True,True,True,True,True,True,True,True,True,True,True,True,True,True,True,True,True,True,True,True
pose001523,1523,O=C(Nc1cccc2c1C(=O)c1c(-c3ccc(C(=O)N4CCNCC4)s3)n[nH]c1-2)NN1CCOCC1,True,pass,True,0,0,,,True,True,True,True,True,True,True,True,True,True,True,True,True,True,True,True,True,True,True,True,True,True
pose001524,1524,C=CC(=O)Nc1ccc(C(=O)Nc2[nH]nc3ccc(-c4cncc(NC(=O)C(N)Cc5ccccc5)c4)cc23)cc1,True,pass,True,0,0,,,True,True,True,True,True,True,True,True,True,True,True,True,True,True,True,True,True,True,True,True,True,True
pose001525,1525,CNC(=O)c1ccc(Cc2ccc(C(=O)N(C)C)cc2)cc1,True,pass,True,0,0,,,True,True,True,True,True,True,True,True,True,True,True,True,True,True,True,True,True,True,True,True,True,True
pose001526,1526,CCS(=N)(=O)c1ccc(Nc2ncc(Br)c(N[C@@H](C)[C@H](C)O)n2)cc1,True,pass,True,0,0,,,True,True,True,True,True,True,True,True,True,True,True,True,True,True,True,True,True,True,True,True,True,True
pose001527,1527,CNC(=O)c1ccc(C(=O)Nc2ccc(N(C)C)cn2)cc1,True,pass,True,0,0,,,True,True,True,True,True,True,True,True,True,True,True,True,True,True,True,True,True,True,True,True,True,True
pose001528,1528,CCCC(=O)c1ccc(-c2ccc(S(N)(=O)=O)cc2)cc1,True,pass,True,0,0,,,True,True,True,True,True,True,True,True,True,True,True,True,True,True,True,True,True,True,True,True,True,True
pose001529,1529,CC(C)c1ccc(Oc2cc(N3CCC(O)CC3)ccc2O)cc1,True,pass,True,0,0,,,True,True,True,True,True,True,True,True,True,True,True,True,True,True,True,True,True,True,True,True,True,True
pose001530,1530,N[C@H]1CCN(c2c3c(nc4ccc(-c5ccnc(NC(=O)C6CC6)n5)cc24)CCCC3)C1,True,pass,True,0,0,,,True,True,True,True,True,True,True,True,True,True,True,True,True,True,True,True,True,True,True,True,True,True
pose001531,1531,Cc1cccc(C(=O)NC(=O)Cc2cc(C)ccc2Cl)c1,True,pass,True,0,0,,,True,True,True,True,True,True,True,True,True,True,True,True,True,True,True,True,True,True,True,True,True,True
pose001532,1532,CC(Cc1ccc(Nc2ncc3cc4n(c3n2)C2(CCCC2)CNC4=O)nc1)N(C)C,True,pass,True,0,0,,,True,True,True,True,True,True,True,True,True,True,True,True,True,True,True,True,True,True,True,True,True,True
pose001533,1533,CCC(=O)NC(=O)c1ccc(-c2ccc(OC)cc2)cc1,True,pass,True,0,0,,,True,True,True,True,True,True,True,True,True,True,True,True,True,True,True,True,True,True,True,True,True,True
pose001534,1534,O=C(NC1CC1)c1cccc(-c2cccc(C3CC3)c2)c1,True,pass,True,0,0,,,True,True,True,True,True,True,True,True,True,True,True,True,True,True,True,True,True,True,True,True,True,True
pose001535,1535,CC(=O)CC(=O)c1ccc(Nc2ncc(F)c(-c3cnc(C)n3C(C)C)n2)cc1,True,pass,True,0,0,,,True,True,True,True,True,True,True,True,True,True,True,True,True,True,True,True,True,True,True,True,True,True
pose001536,1536,CNCc1ccccc1-c1cccc(CN2CCOCC2)c1,True,pass,True,0,0,,,True,True,True,True,True,True,True,True,True,True,True,True,True,True,True,True,True,True,True,True,True,True
pose001537,1537,COC(=O)Nc1ccc(NC(=O)c2cccc(C)c2)cc1,True,pass,True,0,0,,,True,True,True,True,True,True,True,True,True,True,True,True,True,True,True,True,True,True,True,True,True,True
pose001538,1538,CC(C)=Cc1cccc(Cc2ccc(S(N)(=O)=O)cn2)c1,True,pass,True,0,0,,,True,True,True,True,True,True,True,True,True,True,True,True,True,True,True,True,True,True,True,True,True,True
pose001539,1539,Cc1nc2ccccn2c1-c1ccnc(Nc2ccc(S(N)(=O)=O)cc2)n1,True,pass,True,0,0,,,True,True,True,True,True,True,True,True,True,True,True,True,True,True,True,True,True,True,True,True,True,True
pose001540,1540,CC(=O)N1CCc2nc(Nc3ccc(N4CC=NCC4)cn3)ccc2C1,True,pass,True,0,0,,,True,True,True,True,True,True,True,True,True,True,True,True,True,True,True,True,True,True,True,True,True,True
pose001541,1541,CCOC(=NC(CC)=Nc1ccc(S(N)(=O)=O)cc1)c1c(O)[nH]c2ccc(-c3cnco3)cc12,True,pass,True,0,0,,,True,True,True,True,True,True,True,True,True,True,True,True,True,True,True,True,True,True,True,True,True,True
pose001542,1542,C=C(N=C(c1cnco1)C(C)C)c1ccc2[nH]c(O)c(C=Nc3ccc(S(N)(=O)=O)cc3)c2c1,True,pass,True,0,0,,,True,True,True,True,True,True,True,True,True,True,True,True,True,True,True,True,True,True,True,True,True,True
pose001543,1543,COc1cc(Nc2ncc(Br)c(N[C@H](C)[C@@H](C)O)n2)ccc1S(C)(=N)=O,True,pass,True,0,0,,,True,True,True,True,True,True,True,True,True,True,True,True,True,True,True,True,True,True,True,True,True,True
pose001544,1544,CN1CCN(c2ccc(C(=O)NCCc3ccccc3)cc2)CC1,True,pass,True,0,0,,,True,True,True,True,True,True,True,True,True,True,True,True,True,True,True,True,True,True,True,True,True,True
pose001545,1545,NCc1ccc(-c2ccc(N3CCC(O)CC3)cc2)cc1,True,pass,True,0,0,,,True,True,True,True,True,True,True,True,True,True,True,True,True,True,True,True,True,True,True,True,True,True
pose001546,1546,CCOC(=O)c1cccc2[nH]c(O)c(C=Nc3ccc(S(N)(=O)=O)cc3)c12,True,pass,True,0,0,,,True,True,True,True,True,True,True,True,True,True,True,True,True,True,True,True,True,True,True,True,True,True
pose001547,1547,O=C(O)c1ccc(N2CCN(C(=O)Cc3ccccc3)CC2)cc1,True,pass,True,0,0,,,True,True,True,True,True,True,True,True,True,True,True,True,True,True,True,True,True,True,True,True,True,True
pose001548,1548,CCC(=O)NC(=O)c1ccc(-c2ccccc2)c(F)c1,True,pass,True,0,0,,,True,True,True,True,True,True,True,True,True,True,True,True,True,True,True,True,True,True,True,True,True,True
pose001549,1549,COc1ccc(-c2nn(-c3ccccc3)cc2C(=O)NC(=S)Nc2ccc(C)cc2)cn1,True,pass,True,0,0,,,True,True,True,True,True,True,True,True,True,True,True,True,True,True,True,True,True,True,True,True,True,True
pose001550,1550,NS(=O)(=O)c1ccc(N=Cc2c(O)[nH]c3ccc(S(N)(=O)=O)c(NNc4ccc[nH]4)c23)cc1,True,pass,True,0,0,,,True,True,True,True,True,True,True,True,True,True,True,True,True,True,True,True,True,True,True,True,True,True
pose001551,1551,CC(=O)Nc1cc(Nc2ccc(C)c(NC(C)=O)c2)nc(C(C)C#N)n1,True,pass,True,0,0,,,True,True,True,True,True,True,True,True,True,True,True,True,True,True,True,True,True,True,True,True,True,True
pose001552,1552,O=C(Cc1cccc(F)c1)NC(=O)c1ccc(Cl)cc1,True,pass,True,0,0,,,True,True,True,True,True,True,True,True,True,True,True,True,True,True,True,True,True,True,True,True,True,True
pose001553,1553,O=C(Nc1ccc(CN2CCOCC2)cc1)c1ccccc1,True,pass,True,0,0,,,True,True,True,True,True,True,True,True,True,True,True,True,True,True,True,True,True,True,True,True,True,True
pose001554,1554,CC(C)CCc1ccc(Cc2ccc(S(N)(=O)=O)cc2)cc1,True,pass,True,0,0,,,True,True,True,True,True,True,True,True,True,True,True,True,True,True,True,True,True,True,True,True,True,True
pose001555,1555,CC(C)C(C)(C)c1ccc(-c2ccc(S(N)(=O)=O)cc2)nc1,True,pass,True,0,0,,,True,True,True,True,True,True,True,True,True,True,True,True,True,True,True,True,True,True,True,True,True,True
pose001556,1556,COc1cccc2c1cc1c3c(cc4c(c32)OCO4)C(=O)N1,True,pass,True,0,0,,,True,True,True,True,True,True,True,True,True,True,True,True,True,True,True,True,True,True,True,True,True,True
pose001557,1557,CC(=O)C(C)CCCSc1ccc(Nc2ncc(F)c(-c3cnc(C)n3C(C)C)n2)cc1,True,pass,True,0,0,,,True,True,True,True,True,True,True,True,True,True,True,True,True,True,True,True,True,True,True,True,True,True
pose001558,1558,CC(C)c1cnn2c(NCc3ccccc3N(C)C)nc(OC3CCN(C)CC3)nc12,True,pass,True,0,0,,,True,True,True,True,True,True,True,True,True,True,True,True,True,True,True,True,True,True,True,True,True,True
pose001559,1559,CC(C)CC(=O)Nc1ccc(-c2ccc(S(N)(=O)=O)cc2)cc1,True,pass,True,0,0,,,True,True,True,True,True,True,True,True,True,True,True,True,True,True,True,True,True,True,True,True,True,True
pose001560,1560,COc1ccc(C(=O)Nc2ccc(N(C)C)cc2)cc1,True,pass,True,0,0,,,True,True,True,True,True,True,True,True,True,True,True,True,True,True,True,True,True,True,True,True,True,True
pose001561,1561,CCCC(CSCCO)NCC[C@@H]1CCCCN1c1cc(NCc2ccc[n+]([O-])c2)n2ncc(CC)c2n1,True,pass,True,0,0,,,True,True,True,True,True,True,True,True,True,True,True,True,True,True,True,True,True,True,True,True,True,True
pose001562,1562,COC(=O)Nc1ccc(-c2ccc(N3CCN(C)CC3)cc2)cc1,True,fail,False,1,0,internal_steric_clash,,True,True,True,True,True,True,True,True,False,True,True,True,True,True,True,True,True,True,True,True,True,True
pose001563,1563,Cc1ncc(-c2nc(NC(=O)C(C)C)ncc2F)n1C(C)C,True,pass,True,0,0,,,True,True,True,True,True,True,True,True,True,True,True,True,True,True,True,True,True,True,True,True,True,True
pose001564,1564,c1cc(CNc2ccc(N3CCCNCC3)cc2)ccn1,True,pass,True,0,0,,,True,True,True,True,True,True,True,True,True,True,True,True,True,True,True,True,True,True,True,True,True,True
pose001565,1565,CC(C)C1CCN(c2ccc(C(=O)Nc3ccc(N(C)C)cn3)nc2)CC1,True,pass,True,0,0,,,True,True,True,True,True,True,True,True,True,True,True,True,True,True,True,True,True,True,True,True,True,True
pose001566,1566,CCNC(=O)N1CCC(Nc2nccc(-c3cnc4ccccn34)n2)CC1,True,pass,True,0,0,,,True,True,True,True,True,True,True,True,True,True,True,True,True,True,True,True,True,True,True,True,True,True
pose001567,1567,CNC(CSC(=O)C(=O)c1ccc(Nc2ncc(F)c(-c3cnc(C)n3C(C)C)n2)cc1)C(C)=[SH]C,True,pass,True,0,0,,,True,True,True,True,True,True,True,True,True,True,True,True,True,True,True,True,True,True,True,True,True,True
pose001568,1568,Cn1cc(C2=C(c3coc4cc(CO)ccc34)C(=O)NC2=O)c2cc(F)ccc21,True,pass,True,0,0,,,True,True,True,True,True,True,True,True,True,True,True,True,True,True,True,True,True,True,True,True,True,True
pose001569,1569,C1=C/COCc2cc(ccc2OCCN2CCCC2)Nc2nccc(n2)-c2ccc(o2)COC/1,True,pass,True,0,0,,,True,True,True,True,True,True,True,True,True,True,True,True,True,True,True,True,True,True,True,True,True,True
pose001570,1570,O=C(O)c1ccc(C(=O)Nc2cc(C3CC3)[nH]n2)cc1,True,pass,True,0,0,,,True,True,True,True,True,True,True,True,True,True,True,True,True,True,True,True,True,True,True,True,True,True
pose001571,1571,Cc1ncc(-c2ccnc(Nc3ccc(-c4ccc(C(N)=O)cc4)cc3)n2)n1C(C)C,True,pass,True,0,0,,,True,True,True,True,True,True,True,True,True,True,True,True,True,True,True,True,True,True,True,True,True,True
pose001572,1572,CCCC(C)c1cccc(-c2ccc(S(N)(=O)=O)cc2)c1,True,pass,True,0,0,,,True,True,True,True,True,True,True,True,True,True,True,True,True,True,True,True,True,True,True,True,True,True
pose001573,1573,NS(=O)(=O)c1ccc(-c2cc(-c3cccc(O)c3)[nH]n2)cc1,True,pass,True,0,0,,,True,True,True,True,True,True,True,True,True,True,True,True,True,True,True,True,True,True,True,True,True,True
pose001574,1574,CC[C@H](Nc1nc(NC2CC2)c2ncn(C(C)C)c2n1)[C@@H](C)O,True,pass,True,0,0,,,True,True,True,True,True,True,True,True,True,True,True,True,True,True,True,True,True,True,True,True,True,True
pose001575,1575,CNC(=O)c1ccc(-c2ccc(C(=O)N(C)C)cc2)cc1,True,pass,True,0,0,,,True,True,True,True,True,True,True,True,True,True,True,True,True,True,True,True,True,True,True,True,True,True
pose001576,1576,Cc1ccc(CNC(=O)c2ccc(F)cc2C(=O)N2CCCC2)cc1,True,pass,True,0,0,,,True,True,True,True,True,True,True,True,True,True,True,True,True,True,True,True,True,True,True,True,True,True
pose001577,1577,CC(C)(N)c1ccc(-c2ccc(S(N)(=O)=O)cc2)cc1,True,pass,True,0,0,,,True,True,True,True,True,True,True,True,True,True,True,True,True,True,True,True,True,True,True,True,True,True
pose001578,1578,Cc1cc(C)c(NC(=O)c2ccnc(N3CCCCC3)n2)cn1,True,pass,True,0,0,,,True,True,True,True,True,True,True,True,True,True,True,True,True,True,True,True,True,True,True,True,True,True
pose001579,1579,CCNc1ccc2[nH]nc(NC(=O)Cc3ccccc3)c2c1,True,pass,True,0,0,,,True,True,True,True,True,True,True,True,True,True,True,True,True,True,True,True,True,True,True,True,True,True
pose001580,1580,Cc1nc2c(F)cc(-c3nc(Nc4ccc5c(n4)CCNC5)ncc3F)cc2n1C(C)C1CC1,True,pass,True,0,0,,,True,True,True,True,True,True,True,True,True,True,True,True,True,True,True,True,True,True,True,True,True,True
pose001581,1581,O=C(NC(=O)c1ccc(F)cc1)Oc1ccc(Cl)cc1,True,pass,True,0,0,,,True,True,True,True,True,True,True,True,True,True,True,True,True,True,True,True,True,True,True,True,True,True
pose001582,1582,CN1CCN(c2ccc(NCc3cccc(Cl)c3)cc2)CC1,True,pass,True,0,0,,,True,True,True,True,True,True,True,True,True,True,True,True,True,True,True,True,True,True,True,True,True,True
pose001583,1583,Cc1ncc(-c2nc(CNC(C)(C)C)ncc2F)n1C(C)C,True,pass,True,0,0,,,True,True,True,True,True,True,True,True,True,True,True,True,True,True,True,True,True,True,True,True,True,True
pose001584,1584,CCCNC(=O)Nc1ncc(F)c(-c2cnc(C)n2C(C)C)n1,True,pass,True,0,0,,,True,True,True,True,True,True,True,True,True,True,True,True,True,True,True,True,True,True,True,True,True,True
pose001585,1585,Cc1ncc(-c2nc(NC3CCC3)ncc2F)n1C(C)(C)C,True,pass,True,0,0,,,True,True,True,True,True,True,True,True,True,True,True,True,True,True,True,True,True,True,True,True,True,True
pose001586,1586,COc1ccc(NC(=O)Nc2ccc(N3CCN(CC4CC4)CC3)cn2)cc1,True,pass,True,0,0,,,True,True,True,True,True,True,True,True,True,True,True,True,True,True,True,True,True,True,True,True,True,True
pose001587,1587,O=C(NCc1cccnc1)N1CCN(Cc2ccccc2)CC1,True,pass,True,0,0,,,True,True,True,True,True,True,True,True,True,True,True,True,True,True,True,True,True,True,True,True,True,True
pose001588,1588,Cc1cccc(CC(=O)NC(=O)Cc2ccccc2)c1,True,pass,True,0,0,,,True,True,True,True,True,True,True,True,True,True,True,True,True,True,True,True,True,True,True,True,True,True
pose001589,1589,CCCN1CCc2nc(-c3ccc(S(N)(=O)=O)cc3)ccc2C1,True,pass,True,0,0,,,True,True,True,True,True,True,True,True,True,True,True,True,True,True,True,True,True,True,True,True,True,True
pose001590,1590,COc1ccc(C(=O)NCCc2ccccc2)cc1OC,True,pass,True,0,0,,,True,True,True,True,True,True,True,True,True,True,True,True,True,True,True,True,True,True,True,True,True,True
pose001591,1591,N=C1NC(=O)/C(=C/c2ccc(-c3c(S)cccc3C3CCCCC3)o2)S1,True,pass,True,0,0,,,True,True,True,True,True,True,True,True,True,True,True,True,True,True,True,True,True,True,True,True,True,True
pose001592,1592,CC(=Nc1ccc(-c2ccc(S(N)(=O)=O)cc2)cc1)c1ccc2[nH]c(O)c(C=Nc3cnco3)c2c1,True,pass,True,0,0,,,True,True,True,True,True,True,True,True,True,True,True,True,True,True,True,True,True,True,True,True,True,True
pose001593,1593,C[C@@H](O)[C@H](C)S(=O)(=O)c1ccc(Nc2ncc(C(F)(F)F)c(O[C@H](C(F)(F)F)S(=O)(=O)[C@@H](C)O)n2)cc1,True,pass,True,0,0,,,True,True,True,True,True,True,True,True,True,True,True,True,True,True,True,True,True,True,True,True,True,True
pose001594,1594,O=C(Nc1ccc(N2CCCNCC2)cc1)c1ccccc1,True,pass,True,0,0,,,True,True,True,True,True,True,True,True,True,True,True,True,True,True,True,True,True,True,True,True,True,True
pose001595,1595,Nc1nc2ccc(C(=Cc3nn[nH]n3)c3c(F)cccc3F)cn2c1C(=O)c1c(F)cccc1F,True,pass,True,0,0,,,True,True,True,True,True,True,True,True,True,True,True,True,True,True,True,True,True,True,True,True,True,True
pose001596,1596,COc1ccc(NC(=O)c2ccc(C(F)(F)F)cc2)cc1,True,pass,True,0,0,,,True,True,True,True,True,True,True,True,True,True,True,True,True,True,True,True,True,True,True,True,True,True
pose001597,1597,Cn1nc(C(N)=O)c2c1-c1nc(Nc3ccc(-c4ccc(Nc5ccccc5)cc4)cc3)ncc1CC2,True,pass,True,0,0,,,True,True,True,True,True,True,True,True,True,True,True,True,True,True,True,True,True,True,True,True,True,True
pose001598,1598,CCCN(C)c1cccc(-c2ccc(S(N)(=O)=O)cc2)n1,True,pass,True,0,0,,,True,True,True,True,True,True,True,True,True,True,True,True,True,True,True,True,True,True,True,True,True,True
pose001599,1599,Cc1nc2c(F)cc(-c3nc(Nc4ccc5c(n4)CCN(CC(C)(C)N)C5)ncc3F)cc2n1C1CC1,True,pass,True,0,0,,,True,True,True,True,True,True,True,True,True,True,True,True,True,True,True,True,True,True,True,True,True,True
pose001600,1600,Cc1ccc(Nc2ccc(S(=O)(=O)N3CCOCC3)cc2)cc1,True,pass,True,0,0,,,True,True,True,True,True,True,True,True,True,True,True,True,True,True,True,True,True,True,True,True,True,True
pose001601,1601,Cc1ccc(C(=O)N2CCC(C(=O)Nc3ccccc3)CC2)cc1,True,pass,True,0,0,,,True,True,True,True,True,True,True,True,True,True,True,True,True,True,True,True,True,True,True,True,True,True
pose001602,1602,O=C(CNc1ccc(C(F)(F)F)cc1)NCCc1ccc(N2CCOCC2)cc1,True,pass,True,0,0,,,True,True,True,True,True,True,True,True,True,True,True,True,True,True,True,True,True,True,True,True,True,True
pose001603,1603,CCCCc1c(C)c2cnc(Nc3ccc(N4CCNCC4)cn3)nc2n(C2CCCC2)c1=O,True,pass,True,0,0,,,True,True,True,True,True,True,True,True,True,True,True,True,True,True,True,True,True,True,True,True,True,True
pose001604,1604,Cn1nc(C(N)=O)c2c1-c1nc(Nc3ccc(Nc4ccc(Nc5ccccc5)cc4)cc3)ncc1CC2,True,pass,True,0,0,,,True,True,True,True,True,True,True,True,True,True,True,True,True,True,True,True,True,True,True,True,True,True
pose001605,1605,O=C(c1ccc(Cl)cc1)N1CCc2cnc(NC3CCOCC3)nc2C1,True,pass,True,0,0,,,True,True,True,True,True,True,True,True,True,True,True,True,True,True,True,True,True,True,True,True,True,True
pose001606,1606,ON=C(O)CCCn1cc(CNC2CC2)c(-c2ccccc2)n1,True,pass,True,0,0,,,True,True,True,True,True,True,True,True,True,True,True,True,True,True,True,True,True,True,True,True,True,True
pose001607,1607,CN1CCN(c2cccc3[nH]c(-c4[nH]nc5cc(-c6ccc(CO)cc6)ccc45)nc23)CC1,True,pass,True,0,0,,,True,True,True,True,True,True,True,True,True,True,True,True,True,True,True,True,True,True,True,True,True,True
pose001608,1608,CC(=O)N1CC=C(c2ccc(NCc3cccnc3)nc2)CC1,True,pass,True,0,0,,,True,True,True,True,True,True,True,True,True,True,True,True,True,True,True,True,True,True,True,True,True,True
pose001609,1609,C[C@@H](Oc1nc(Nc2ccc(S(C)(=O)=O)cc2)ncc1C(F)(F)F)C(C)(C)S(N)(=O)=O,True,pass,True,0,0,,,True,True,True,True,True,True,True,True,True,True,True,True,True,True,True,True,True,True,True,True,True,True
pose001610,1610,CCC(=O)c1ccc(-c2ccc(S(N)(=O)=O)cc2)cc1,True,pass,True,0,0,,,True,True,True,True,True,True,True,True,True,True,True,True,True,True,True,True,True,True,True,True,True,True
pose001611,1611,C[C@@H](Nc1nc(Nc2ccc(S(=N)(=O)C3CC3)cc2)ncc1Br)C(C)(C)O,True,pass,True,0,0,,,True,True,True,True,True,True,True,True,True,True,True,True,True,True,True,True,True,True,True,True,True,True
pose001612,1612,CC(C)(C)Nc1cnc(CSc2sc(-c3ccncc3)nc2O)o1,True,pass,True,0,0,,,True,True,True,True,True,True,True,True,True,True,True,True,True,True,True,True,True,True,True,True,True,True
pose001613,1613,CC(C)[C@@H](C)Nc1ncc(F)c(-c2cccc3c2OCCC3)n1,True,pass,True,0,0,,,True,True,True,True,True,True,True,True,True,True,True,True,True,True,True,True,True,True,True,True,True,True
pose001614,1614,CNC(=O)c1ccc(-c2cccc(C(=O)NC)c2)cc1,True,pass,True,0,0,,,True,True,True,True,True,True,True,True,True,True,True,True,True,True,True,True,True,True,True,True,True,True
pose001615,1615,CC(C)(C)c1ccc(C(=O)Nc2ccc(S(N)(=O)=O)cc2)cc1,True,pass,True,0,0,,,True,True,True,True,True,True,True,True,True,True,True,True,True,True,True,True,True,True,True,True,True,True
pose001616,1616,O=C(Nc1ccccc1)c1ccc(N2CCCCC2)cc1O,True,pass,True,0,0,,,True,True,True,True,True,True,True,True,True,True,True,True,True,True,True,True,True,True,True,True,True,True
pose001617,1617,CNC(=O)c1cccc(Nc2cc(C(=O)N(C)C)ccc2F)c1,True,pass,True,0,0,,,True,True,True,True,True,True,True,True,True,True,True,True,True,True,True,True,True,True,True,True,True,True
pose001618,1618,Cc1ccc(N2CCc3cnc(NC4CC4)nc3C2)cc1Cl,True,pass,True,0,0,,,True,True,True,True,True,True,True,True,True,True,True,True,True,True,True,True,True,True,True,True,True,True
pose001619,1619,NS(=O)(=O)c1ccc(Cc2ccc(OC(F)(F)F)cc2)cc1,True,pass,True,0,0,,,True,True,True,True,True,True,True,True,True,True,True,True,True,True,True,True,True,True,True,True,True,True
pose001620,1620,CC(=O)N(C)CCc1cccc(-c2ccc(Nc3ccccc3)cc2)n1,True,pass,True,0,0,,,True,True,True,True,True,True,True,True,True,True,True,True,True,True,True,True,True,True,True,True,True,True
pose001621,1621,CC=C(CC=CCC(N)=O)c1ccc(-c2ccc(Nc3nccc(-c4cnc(C)n4C(C)C)n3)cc2)cc1,True,pass,True,0,0,,,True,True,True,True,True,True,True,True,True,True,True,True,True,True,True,True,True,True,True,True,True,True
pose001622,1622,CCc1cnn2c(NCc3ccc[n+]([O-])c3)cc(CN3CCCC[C@H]3N3CCCC[C@H]3CCO)nc12,True,pass,True,0,0,,,True,True,True,True,True,True,True,True,True,True,True,True,True,True,True,True,True,True,True,True,True,True
pose001623,1623,Cn1nc(C(N)=O)c2c1-c1nc(Nc3ccc(N4CCOCC4)cc3)ncc1CC2,True,pass,True,0,0,,,True,True,True,True,True,True,True,True,True,True,True,True,True,True,True,True,True,True,True,True,True,True
pose001624,1624,Fc1ccccc1NCc1ccc(N2CCOCC2)cc1,True,pass,True,0,0,,,True,True,True,True,True,True,True,True,True,True,True,True,True,True,True,True,True,True,True,True,True,True
pose001625,1625,Cc1cccc(C)c1Nc1ccc(N2CCN(C)CC2)cc1,True,pass,True,0,0,,,True,True,True,True,True,True,True,True,True,True,True,True,True,True,True,True,True,True,True,True,True,True
pose001626,1626,Nc1nc(-c2cc(C(=O)c3c(F)cc(F)cc3F)ccc2O)cc(C2CCNCC2)n1,True,pass,True,0,0,,,True,True,True,True,True,True,True,True,True,True,True,True,True,True,True,True,True,True,True,True,True,True
pose001627,1627,CNC(=O)c1cccc(C(=O)Nc2ccc(N3CCOCC3)cc2)c1,True,pass,True,0,0,,,True,True,True,True,True,True,True,True,True,True,True,True,True,True,True,True,True,True,True,True,True,True
pose001628,1628,COc1cccc(OC)c1CNC(=O)c1ccc2[nH]c(O)c(N=Nc3ccc(S(N)(=O)=O)cc3)c2c1,True,pass,True,0,0,,,True,True,True,True,True,True,True,True,True,True,True,True,True,True,True,True,True,True,True,True,True,True
pose001629,1629,O=C(O)c1cc(O)c(O)c2c1c([N+](=O)[O-])cc1c(O)cccc12,True,pass,True,0,0,,,True,True,True,True,True,True,True,True,True,True,True,True,True,True,True,True,True,True,True,True,True,True
pose001630,1630,CCCc1cc(-c2ccc(N3CCCNCC3)cc2)ccn1,True,pass,True,0,0,,,True,True,True,True,True,True,True,True,True,True,True,True,True,True,True,True,True,True,True,True,True,True
pose001631,1631,O=C(NCc1ccccc1)c1cccc(N2CCCCC2)n1,True,pass,True,0,0,,,True,True,True,True,True,True,True,True,True,True,True,True,True,True,True,True,True,True,True,True,True,True
pose001632,1632,CCN(CC)S(=O)(=O)c1cccc(Nc2nccc(-c3ccnc(-c4ccc(NC(=O)NC)cc4)c3)n2)c1,True,pass,True,0,0,,,True,True,True,True,True,True,True,True,True,True,True,True,True,True,True,True,True,True,True,True,True,True
pose001633,1633,COc1cccc(C(=O)N2CCCN(C(=O)C(C)O)CC2)c1,True,pass,True,0,0,,,True,True,True,True,True,True,True,True,True,True,True,True,True,True,True,True,True,True,True,True,True,True
pose001634,1634,O=C(NCc1cccc(Cl)c1)Nc1cccc2c1OCCCC2,True,pass,True,0,0,,,True,True,True,True,True,True,True,True,True,True,True,True,True,True,True,True,True,True,True,True,True,True
pose001635,1635,CC(C)(C)c1cnc(CSc2cnc(N[C@H]3CC[C@H](O)CC3)s2)o1,True,pass,True,0,0,,,True,True,True,True,True,True,True,True,True,True,True,True,True,True,True,True,True,True,True,True,True,True
pose001636,1636,CC(C)(C)OC(=O)Nc1ccc(N2CCN(C(=O)OC(C)(C)C)CC2)cc1,True,pass,True,0,0,,,True,True,True,True,True,True,True,True,True,True,True,True,True,True,True,True,True,True,True,True,True,True
pose001637,1637,O=c1[nH]c(O)c(C=NCc2ccc(-c3ccoc3)c(O)c2)c2cc(I)ccc12,True,pass,True,0,0,,,True,True,True,True,True,True,True,True,True,True,True,True,True,True,True,True,True,True,True,True,True,True
pose001638,1638,Cc1ncc(-c2nc(NC(=O)c3ccccc3)ncc2F)n1C(C)C,True,pass,True,0,0,,,True,True,True,True,True,True,True,True,True,True,True,True,True,True,True,True,True,True,True,True,True,True
pose001639,1639,Cc1ncc(-c2ccnc(Nc3ccc(S(=O)(=O)Oc4cnc(C)n4[S+]([O-])NS)cc3)n2)n1C(C)C,True,pass,True,0,0,,,True,True,True,True,True,True,True,True,True,True,True,True,True,True,True,True,True,True,True,True,True,True
pose001640,1640,CC(CCO)C(=O)NCCc1nn2c(COc3ccc(Cl)cc3)nnc2s1,True,pass,True,0,0,,,True,True,True,True,True,True,True,True,True,True,True,True,True,True,True,True,True,True,True,True,True,True
pose001641,1641,O=C(Nc1cccc(C(=O)N2CCCC2)c1)c1cccc(Cl)c1,True,pass,True,0,0,,,True,True,True,True,True,True,True,True,True,True,True,True,True,True,True,True,True,True,True,True,True,True
pose001642,1642,Cc1c(Nc2ccc(S(N)(=O)=O)cc2)cccc1C(C)C,True,pass,True,0,0,,,True,True,True,True,True,True,True,True,True,True,True,True,True,True,True,True,True,True,True,True,True,True
pose001643,1643,COc1ccc(CN2CCN(C(=O)c3ccccc3)CC2)cc1Cl,True,pass,True,0,0,,,True,True,True,True,True,True,True,True,True,True,True,True,True,True,True,True,True,True,True,True,True,True
pose001644,1644,Cc1cccc(CC(=O)NC(=O)c2cccc(F)c2)c1,True,pass,True,0,0,,,True,True,True,True,True,True,True,True,True,True,True,True,True,True,True,True,True,True,True,True,True,True
pose001645,1645,CC=Cc1ncc(F)c(-c2ccc(S(N)(=O)=O)cc2)n1,True,pass,True,0,0,,,True,True,True,True,True,True,True,True,True,True,True,True,True,True,True,True,True,True,True,True,True,True
pose001646,1646,Cc1ncc(-c2nc(NC(=O)N=C3CCOCC3)ncc2F)n1C(C)C,True,pass,True,0,0,,,True,True,True,True,True,True,True,True,True,True,True,True,True,True,True,True,True,True,True,True,True,True
pose001647,1647,CCc1nc(Nc2ccc(S(N)(=O)=O)cc2)ncc1C(C)C,True,pass,True,0,0,,,True,True,True,True,True,True,True,True,True,True,True,True,True,True,True,True,True,True,True,True,True,True
pose001648,1648,CN(c1ccccn1)S(=O)(=O)c1ccc(N=Cc2c(O)[nH]c3ccc4ncsc4c23)cc1,True,pass,True,0,0,,,True,True,True,True,True,True,True,True,True,True,True,True,True,True,True,True,True,True,True,True,True,True
pose001649,1649,CCc1ccc(CNc2ccc(N3CCOCC3)cc2)cc1,True,pass,True,0,0,,,True,True,True,True,True,True,True,True,True,True,True,True,True,True,True,True,True,True,True,True,True,True
pose001650,1650,N#C/C=C(/c1ccc2nc(N)c(C(=O)c3c(F)cccc3F)n2c1)c1c(F)cccc1F,True,pass,True,0,0,,,True,True,True,True,True,True,True,True,True,True,True,True,True,True,True,True,True,True,True,True,True,True
pose001651,1651,NS(=O)(=O)c1ccc(-c2ccc(CN3CCOCC3)cc2)cc1,True,pass,True,0,0,,,True,True,True,True,True,True,True,True,True,True,True,True,True,True,True,True,True,True,True,True,True,True
pose001652,1652,CCCOc1c[nH]c(NCc2ccc(NC(=O)C3CCOCC3)cc2)cc1=O,True,pass,True,0,0,,,True,True,True,True,True,True,True,True,True,True,True,True,True,True,True,True,True,True,True,True,True,True
pose001653,1653,C[C@@H](O)[C@@H](C)Oc1nc(Nc2ccc(S(=O)(=O)S(=O)(=O)NNC(F)(F)F)cc2)ncc1C(F)(F)F,True,pass,True,0,0,,,True,True,True,True,True,True,True,True,True,True,True,True,True,True,True,True,True,True,True,True,True,True
pose001654,1654,Cc1ccc(Cl)c(CC(=O)NC(=O)c2ccccc2)c1,True,pass,True,0,0,,,True,True,True,True,True,True,True,True,True,True,True,True,True,True,True,True,True,True,True,True,True,True
pose001655,1655,CN(C)C(=O)c1cccc(NCc2ccc(CO)cc2)c1,True,pass,True,0,0,,,True,True,True,True,True,True,True,True,True,True,True,True,True,True,True,True,True,True,True,True,True,True
pose001656,1656,Clc1cccc(Nc2nccc(-c3cnc4ccccn34)n2)c1,True,pass,True,0,0,,,True,True,True,True,True,True,True,True,True,True,True,True,True,True,True,True,True,True,True,True,True,True
pose001657,1657,Cc1ncc(-c2nc(NCN3CCOCC3)ncc2F)n1C(C)C,True,pass,True,0,0,,,True,True,True,True,True,True,True,True,True,True,True,True,True,True,True,True,True,True,True,True,True,True
pose001658,1658,NS(=O)(=O)c1ccc(Oc2ccc(C(F)(F)F)cc2)cc1,True,pass,True,0,0,,,True,True,True,True,True,True,True,True,True,True,True,True,True,True,True,True,True,True,True,True,True,True
pose001659,1659,CNC(=O)c1ccc(C2CCN(C(=O)Nc3ccccc3)CC2)cc1,True,pass,True,0,0,,,True,True,True,True,True,True,True,True,True,True,True,True,True,True,True,True,True,True,True,True,True,True
pose001660,1660,N=C(N)NS(=O)(=O)c1ccc(N=Cc2c(O)[nH]c3ccc4ncsc4c23)cc1,True,pass,True,0,0,,,True,True,True,True,True,True,True,True,True,True,True,True,True,True,True,True,True,True,True,True,True,True
pose001661,1661,Cn1nc(C(N)=O)c2c1-c1nc(Nc3ccc(-c4ccc(-c5ccccc5)cc4)nc3)ncc1CC2,True,pass,True,0,0,,,True,True,True,True,True,True,True,True,True,True,True,True,True,True,True,True,True,True,True,True,True,True
pose001662,1662,CC(C)c1ccc(C(=O)c2ccc(S(N)(=O)=O)cc2)cc1,True,pass,True,0,0,,,True,True,True,True,True,True,True,True,True,True,True,True,True,True,True,True,True,True,True,True,True,True
pose001663,1663,NS(=O)(=O)c1ccc(-c2ccc(N=Nc3c(O)[nH]c4ccc(S)c(-c5ccc(S(N)(=O)=O)cc5)c34)cc2)cc1,True,pass,True,0,0,,,True,True,True,True,True,True,True,True,True,True,True,True,True,True,True,True,True,True,True,True,True,True
pose001664,1664,COc1cc(F)ccc1Cc1ccc(N2CCCNCC2)cc1,True,pass,True,0,0,,,True,True,True,True,True,True,True,True,True,True,True,True,True,True,True,True,True,True,True,True,True,True
pose001665,1665,Oc1ccc(CCN2CCC(c3ccccc3)CC2)cc1,True,pass,True,0,0,,,True,True,True,True,True,True,True,True,True,True,True,True,True,True,True,True,True,True,True,True,True,True
pose001666,1666,CCCC(=O)c1ccc(Nc2ncc3cc4n(c3n2)C(C)(CCC)CNC4=O)nc1,True,pass,True,0,0,,,True,True,True,True,True,True,True,True,True,True,True,True,True,True,True,True,True,True,True,True,True,True
pose001667,1667,CCc1ccc(C(=O)Nc2ccc(S(C)(=O)=O)cc2)cc1,True,pass,True,0,0,,,True,True,True,True,True,True,True,True,True,True,True,True,True,True,True,True,True,True,True,True,True,True
pose001668,1668,Fc1ccccc1NCCc1ccc(N2CCOCC2)cc1,True,pass,True,0,0,,,True,True,True,True,True,True,True,True,True,True,True,True,True,True,True,True,True,True,True,True,True,True
pose001669,1669,CCCCOc1c(C(=O)c2c(F)cc(C)cc2F)ccc2[nH]ncc12,True,pass,True,0,0,,,True,True,True,True,True,True,True,True,True,True,True,True,True,True,True,True,True,True,True,True,True,True
pose001670,1670,COc1ccc(-c2nn(-c3ccccc3)cc2C(=O)NC(=S)Nc2ccc(F)cc2)cc1,True,pass,True,0,0,,,True,True,True,True,True,True,True,True,True,True,True,True,True,True,True,True,True,True,True,True,True,True
pose001671,1671,CC(C)CCCc1ccc(-c2ccc(S(N)(=O)=O)cc2)cc1,True,pass,True,0,0,,,True,True,True,True,True,True,True,True,True,True,True,True,True,True,True,True,True,True,True,True,True,True
pose001672,1672,c1ccc(CNc2cccc(CN3CCOCC3)c2)cc1,True,pass,True,0,0,,,True,True,True,True,True,True,True,True,True,True,True,True,True,True,True,True,True,True,True,True,True,True
pose001673,1673,O=C(Nc1ncc2c(n1)CN(C(=O)c1ccc(Cl)cc1)CC2)C1CCC1,True,pass,True,0,0,,,True,True,True,True,True,True,True,True,True,True,True,True,True,True,True,True,True,True,True,True,True,True
pose001674,1674,NS(=O)(=O)c1ccc(-c2ccc(C(O)(F)F)cc2)cc1,True,pass,True,0,0,,,True,True,True,True,True,True,True,True,True,True,True,True,True,True,True,True,True,True,True,True,True,True
pose001675,1675,COc1cnn2c(NCc3ccc(NC(C)=O)cc3)nc(NC3CCOCC3)nc12,True,pass,True,0,0,,,True,True,True,True,True,True,True,True,True,True,True,True,True,True,True,True,True,True,True,True,True,True
pose001676,1676,N[C@H](CNc1nnc(NCc2cccnc2)s1)Cc1cccc(Cl)c1,True,pass,True,0,0,,,True,True,True,True,True,True,True,True,True,True,True,True,True,True,True,True,True,True,True,True,True,True
pose001677,1677,CN1CCN(c2cccc(NC(=O)c3ccccc3)c2)CC1,True,pass,True,0,0,,,True,True,True,True,True,True,True,True,True,True,True,True,True,True,True,True,True,True,True,True,True,True
pose001678,1678,Nc1nccc(-c2c[nH]c3[nH]ccc(=O)c23)n1,True,pass,True,0,0,,,True,True,True,True,True,True,True,True,True,True,True,True,True,True,True,True,True,True,True,True,True,True
pose001679,1679,CNC(CSC(=O)C(=O)C(=O)c1ccc(Nc2ncc(F)c(-c3cnc(C)n3C(C)C)n2)cc1)SC(C)=[SH]C,True,pass,True,0,0,,,True,True,True,True,True,True,True,True,True,True,True,True,True,True,True,True,True,True,True,True,True,True
pose001680,1680,CN=S(C)(=O)c1ccc(Nc2ncc(Br)c(N[C@H](C)[C@@H](C)O)n2)cc1OC,True,pass,True,0,0,,,True,True,True,True,True,True,True,True,True,True,True,True,True,True,True,True,True,True,True,True,True,True
pose001681,1681,Cc1cc(CC(C)C)ccc1-c1ccc(S(N)(=O)=O)cc1,True,pass,True,0,0,,,True,True,True,True,True,True,True,True,True,True,True,True,True,True,True,True,True,True,True,True,True,True
pose001682,1682,Cc1ccccc1-c1ccc(O)c(C(=O)N2CCN(C)CC2)c1,True,pass,True,0,0,,,True,True,True,True,True,True,True,True,True,True,True,True,True,True,True,True,True,True,True,True,True,True
pose001683,1683,C=C(C)n1c(CC(=O)c2ccc(Nc3ncc(F)c(-c4cnc(C)n4C(C)C)n3)cc2)cnc1NC(=O)CC,True,pass,True,0,0,,,True,True,True,True,True,True,True,True,True,True,True,True,True,True,True,True,True,True,True,True,True,True
pose001684,1684,Cc1ccccc1C(=O)NCC(=O)NC(=O)Oc1ccccc1,True,pass,True,0,0,,,True,True,True,True,True,True,True,True,True,True,True,True,True,True,True,True,True,True,True,True,True,True
pose001685,1685,CC(=O)NCCc1ccc(-c2ccc(N(C)C)cc2)cc1,True,pass,True,0,0,,,True,True,True,True,True,True,True,True,True,True,True,True,True,True,True,True,True,True,True,True,True,True
pose001686,1686,O=C(NC1CCN(c2ccccc2)CC1)c1ccccc1,True,pass,True,0,0,,,True,True,True,True,True,True,True,True,True,True,True,True,True,True,True,True,True,True,True,True,True,True
pose001687,1687,C[C@@H](O)[C@@H](C)Oc1nc(Nc2ccc(S(=O)(=O)S(N)(=O)=O)cc2)ncc1C(F)(F)F,True,pass,True,0,0,,,True,True,True,True,True,True,True,True,True,True,True,True,True,True,True,True,True,True,True,True,True,True
pose001688,1688,Cc1nc2c(F)cc(-c3nc(Nc4ccc5c(n4)CCN(CCN(C)CC[Si](C)(C)C)C5)ncc3F)cc2n1C(C)C,True,pass,True,0,0,,,True,True,True,True,True,True,True,True,True,True,True,True,True,True,True,True,True,True,True,True,True,True
pose001689,1689,CCNC(=O)c1ccc(-c2ccc(N3CCCCC3)cc2)cn1,True,pass,True,0,0,,,True,True,True,True,True,True,True,True,True,True,True,True,True,True,True,True,True,True,True,True,True,True
pose001690,1690,CCCC(CCO)NCC[C@@H]1CCCCCN1c1cc(NCc2ccc[n+]([O-])c2)n2ncc(CC)c2n1,True,fail,False,1,0,minimum_distance_to_protein,,True,True,True,True,True,True,True,True,True,True,True,True,True,True,False,True,True,True,True,True,True,True
pose001691,1691,O=S(=O)(c1ccc(Nc2ncc(C(F)(F)OF)c(OCN3CCCC3)n2)cc1)C1CCCC1,True,pass,True,0,0,,,True,True,True,True,True,True,True,True,True,True,True,True,True,True,True,True,True,True,True,True,True,True
pose001692,1692,CC(C)C(=O)N1CCc2cnc(Nc3ccc(C(C)C)cc3)nc2C1,True,pass,True,0,0,,,True,True,True,True,True,True,True,True,True,True,True,True,True,True,True,True,True,True,True,True,True,True
pose001693,1693,CC(=O)NC(=O)c1cccc(-c2ccc(N3CC=NCC3)cc2)c1,True,pass,True,0,0,,,True,True,True,True,True,True,True,True,True,True,True,True,True,True,True,True,True,True,True,True,True,True
pose001694,1694,C[C@H]([C@H](Oc1nc(Nc2ccc(S(=O)(=O)[C@@H](C)[C@@H](C)O)cc2)ncc1C(F)(F)F)[C@@H](C)OF)[C@@H](C)O,True,pass,True,0,0,,,True,True,True,True,True,True,True,True,True,True,True,True,True,True,True,True,True,True,True,True,True,True
pose001695,1695,CCOc1ccccc1-c1ccc(N2CCCNCC2)cc1,True,pass,True,0,0,,,True,True,True,True,True,True,True,True,True,True,True,True,True,True,True,True,True,True,True,True,True,True
pose001696,1696,CC1CCN(NC(=O)N2CCC(Nc3ncc(Cl)c(N4CCCNCC4)n3)CC2)CC1,True,pass,True,0,0,,,True,True,True,True,True,True,True,True,True,True,True,True,True,True,True,True,True,True,True,True,True,True
pose001697,1697,CCC[C@@H](CCCO)NCC[C@@H]1CCCCN1c1cc(NCc2ccc[n+]([O-])c2)n2ncc(CC)c2n1,True,pass,True,0,0,,,True,True,True,True,True,True,True,True,True,True,True,True,True,True,True,True,True,True,True,True,True,True
pose001698,1698,CC(=O)Nc1ccc(-c2ccc(C(=O)N3CCOCC3)cc2)cc1,True,pass,True,0,0,,,True,True,True,True,True,True,True,True,True,True,True,True,True,True,True,True,True,True,True,True,True,True
pose001699,1699,Cc1ncc(-c2nc(NN3CCOCC3)ncc2F)n1C(C)C,True,pass,True,0,0,,,True,True,True,True,True,True,True,True,True,True,True,True,True,True,True,True,True,True,True,True,True,True
pose001700,1700,NS(=O)(=O)c1ccc(N=CN=CN=Nc2ccc(Sc3c(=O)[nH]c4ccc5[nH]cccc5c34)cc2)cc1,True,pass,True,0,0,,,True,True,True,True,True,True,True,True,True,True,True,True,True,True,True,True,True,True,True,True,True,True
pose001701,1701,CNCCN(C)c1ccc(NNc2ccc(C(F)(F)F)cc2C(=O)O)nc1,True,pass,True,0,0,,,True,True,True,True,True,True,True,True,True,True,True,True,True,True,True,True,True,True,True,True,True,True
pose001702,1702,CC(=O)Nc1ccccc1CN1Cc2ccccc2C1=O,True,pass,True,0,0,,,True,True,True,True,True,True,True,True,True,True,True,True,True,True,True,True,True,True,True,True,True,True
pose001703,1703,CCN(CC)C1CCN(c2ccc(NC(=O)Nc3ccccc3)nc2)CC1,True,pass,True,0,0,,,True,True,True,True,True,True,True,True,True,True,True,True,True,True,True,True,True,True,True,True,True,True
pose001704,1704,CC(C)c1cccc(NCc2ccc(S(N)(=O)=O)cc2)c1,True,pass,True,0,0,,,True,True,True,True,True,True,True,True,True,True,True,True,True,True,True,True,True,True,True,True,True,True
pose001705,1705,CCc1cnn2c(NCc3ccc[n+]([O-])c3)cc(N3CCCCC3CCC(N)=O)nc12,True,pass,True,0,0,,,True,True,True,True,True,True,True,True,True,True,True,True,True,True,True,True,True,True,True,True,True,True
pose001706,1706,Cc1ncc(OOS(=O)(=O)c2ccc(Nc3nccc(-c4cnc(C)n4C(C)C)n3)cc2)n1C(C)C,True,pass,True,0,0,,,True,True,True,True,True,True,True,True,True,True,True,True,True,True,True,True,True,True,True,True,True,True
pose001707,1707,Nc1ccc(N=Cc2c(=O)[nH]c3ccc4[nH]cccc4c23)cc1N=Nc1ccc(S(N)(=O)=O)cc1,True,pass,True,0,0,,,True,True,True,True,True,True,True,True,True,True,True,True,True,True,True,True,True,True,True,True,True,True
pose001708,1708,Oc1ccccc1-c1ccc(N2CCCNCC2)cc1,True,pass,True,0,0,,,True,True,True,True,True,True,True,True,True,True,True,True,True,True,True,True,True,True,True,True,True,True
pose001709,1709,O=C(Nc1cc(C2CCCCC2)[nH]n1)c1ccc(Br)cc1,True,pass,True,0,0,,,True,True,True,True,True,True,True,True,True,True,True,True,True,True,True,True,True,True,True,True,True,True
pose001710,1710,COc1ccc(-c2nc3c(NCCCNC(=O)C4CCCC4)c(-c4nc(C(=O)O)cs4)cnc3[nH]2)cc1,True,pass,True,0,0,,,True,True,True,True,True,True,True,True,True,True,True,True,True,True,True,True,True,True,True,True,True,True
pose001711,1711,COC(=O)Nc1ccc(-c2ccc(N3CCCCC3)cn2)cc1,True,fail,False,1,0,internal_steric_clash,,True,True,True,True,True,True,True,True,False,True,True,True,True,True,True,True,True,True,True,True,True,True
pose001712,1712,NS(=O)(=O)c1ccc(NCc2ccc(NC(=O)CCCCCCO)cc2)cc1,True,pass,True,0,0,,,True,True,True,True,True,True,True,True,True,True,True,True,True,True,True,True,True,True,True,True,True,True
pose001713,1713,CN(C)C(=O)c1cccc(Nc2cccc3c2CN(C)C3=O)c1,True,pass,True,0,0,,,True,True,True,True,True,True,True,True,True,True,True,True,True,True,True,True,True,True,True,True,True,True
pose001714,1714,COS[C@H](OS(=O)(=O)c1ccc(Nc2ncc(C(F)(F)F)c(O[C@@H](C)O)n2)cc1)[C@@H](C)O,True,pass,True,0,0,,,True,True,True,True,True,True,True,True,True,True,True,True,True,True,True,True,True,True,True,True,True,True
pose001715,1715,CC(C)(C)CCOc1ccc(-c2ccc(S(N)(=O)=O)cc2)cc1,True,pass,True,0,0,,,True,True,True,True,True,True,True,True,True,True,True,True,True,True,True,True,True,True,True,True,True,True
pose001716,1716,CCCc1cccc(Nc2ccc(S(N)(=O)=O)cc2)c1,True,pass,True,0,0,,,True,True,True,True,True,True,True,True,True,True,True,True,True,True,True,True,True,True,True,True,True,True
pose001717,1717,CCc1ccc(Cc2ccc(O)c(C(=O)N(C)C)c2)cc1,True,pass,True,0,0,,,True,True,True,True,True,True,True,True,True,True,True,True,True,True,True,True,True,True,True,True,True,True
pose001718,1718,CCN(C)CCNc1ccc(-c2cc3c(cn2)cc(C(=O)N(C)C)n3C(=O)OC(C)(C)C)nc1,True,pass,True,0,0,,,True,True,True,True,True,True,True,True,True,True,True,True,True,True,True,True,True,True,True,True,True,True
pose001719,1719,CCCC(=O)CNc1ncc(F)c(-c2cnc(C)n2C(C)C)n1,True,pass,True,0,0,,,True,True,True,True,True,True,True,True,True,True,True,True,True,True,True,True,True,True,True,True,True,True
pose001720,1720,N=S(=O)(CCO)c1ccc(-c2cc(N[C@H]3CC[C@H](N)CC3)nc3ccnn23)cc1,True,pass,True,0,0,,,True,True,True,True,True,True,True,True,True,True,True,True,True,True,True,True,True,True,True,True,True,True
pose001721,1721,CC(C)=NCCC(=O)c1ccc(Nc2ncc(F)c(-c3cnc(C)n3C(C)C)n2)cc1,True,pass,True,0,0,,,True,True,True,True,True,True,True,True,True,True,True,True,True,True,True,True,True,True,True,True,True,True
pose001722,1722,NS(=O)(=O)c1ccc(-c2ccc(-c3ccc(S(N)(=O)=O)cc3)cc2)cc1,True,pass,True,0,0,,,True,True,True,True,True,True,True,True,True,True,True,True,True,True,True,True,True,True,True,True,True,True
pose001723,1723,O=C(Cc1ccc(F)cc1)Nc1[nH]nc2ccc(N3CCCS3(=O)=O)cc12,True,pass,True,0,0,,,True,True,True,True,True,True,True,True,True,True,True,True,True,True,True,True,True,True,True,True,True,True
pose001724,1724,CCc1cnn2c(NCc3ccc[n+]([O-])c3)cc(N3CCCC[C@H]3CN3CCCC[C@H]3CCO)nc12,True,pass,True,0,0,,,True,True,True,True,True,True,True,True,True,True,True,True,True,True,True,True,True,True,True,True,True,True
pose001725,1725,CC(C[SH](N)(=O)CC(N)=O)=NC(=N)c1ccc(Nc2nccc(-c3cnc(C)n3C(C)C)n2)cc1,True,unevaluable,False,0,1,,internal_energy,True,True,True,True,True,True,True,True,True,True,True,True,,True,True,True,True,True,True,True,True,True
pose001726,1726,Cc1ccc(F)c(C(=O)Nc2ccc(S(N)(=O)=O)cc2)c1,True,pass,True,0,0,,,True,True,True,True,True,True,True,True,True,True,True,True,True,True,True,True,True,True,True,True,True,True
pose001727,1727,C[C@H](O)[C@@H](C)Nc1nc(Nc2ccc(S(C)(=N)=O)cc2)ncc1Br,True,pass,True,0,0,,,True,True,True,True,True,True,True,True,True,True,True,True,True,True,True,True,True,True,True,True,True,True
pose001728,1728,Cc1cccc(C(=O)Nc2ccc(S(N)(=O)=O)cc2)c1,True,pass,True,0,0,,,True,True,True,True,True,True,True,True,True,True,True,True,True,True,True,True,True,True,True,True,True,True
pose001729,1729,O=C(Nc1cc(CN2CCCCC2)ccn1)c1ccc(F)cc1,True,pass,True,0,0,,,True,True,True,True,True,True,True,True,True,True,True,True,True,True,True,True,True,True,True,True,True,True
pose001730,1730,Cc1ccc(-c2nn(-c3ccccc3)cc2C(=O)NC(=S)Nc2ccc(F)cc2)cc1,True,pass,True,0,0,,,True,True,True,True,True,True,True,True,True,True,True,True,True,True,True,True,True,True,True,True,True,True
pose001731,1731,COS[C@H]([C@H](Oc1nc(Nc2ccc(S(=O)(=O)OC(F)(F)F)cc2)ncc1C(F)(F)F)C(C)O)[C@@H](C)O,True,pass,True,0,0,,,True,True,True,True,True,True,True,True,True,True,True,True,True,True,True,True,True,True,True,True,True,True
pose001732,1732,CCCc1ccc(NC(=O)c2ccc(S(C)(=O)=O)cc2)cc1,True,pass,True,0,0,,,True,True,True,True,True,True,True,True,True,True,True,True,True,True,True,True,True,True,True,True,True,True
pose001733,1733,Cc1cc(-c2cc(-c3ccc(-c4ccc(C(N)=O)cc4)o3)ccc2O)nc(N)n1,True,pass,True,0,0,,,True,True,True,True,True,True,True,True,True,True,True,True,True,True,True,True,True,True,True,True,True,True
pose001734,1734,CN1CCC(c2ccc(Oc3ccc(S(N)(=O)=O)cc3)cc2)CC1,True,pass,True,0,0,,,True,True,True,True,True,True,True,True,True,True,True,True,True,True,True,True,True,True,True,True,True,True
pose001735,1735,COc1cc[nH]c1C=C1C(=O)Nc2ccc(F)c(C#C[C@@H](O)[C@@H](N)[C@@H](C)O)c21,True,pass,True,0,0,,,True,True,True,True,True,True,True,True,True,True,True,True,True,True,True,True,True,True,True,True,True,True
pose001736,1736,CN(C)C1CCN(c2ccc(Nc3ncc4cc5n(c4n3)C3(CCCC3)CNC5=O)nn2)CC1,True,pass,True,0,0,,,True,True,True,True,True,True,True,True,True,True,True,True,True,True,True,True,True,True,True,True,True,True
pose001737,1737,Cn1nc(C(N)=O)c2c1-c1nc(Nc3ccc(NCNc4ccccc4)cc3)ncc1CC2,True,pass,True,0,0,,,True,True,True,True,True,True,True,True,True,True,True,True,True,True,True,True,True,True,True,True,True,True
pose001738,1738,Cc1ncc(-c2nc(NC3CC3)ccc2F)n1C(C)C,True,pass,True,0,0,,,True,True,True,True,True,True,True,True,True,True,True,True,True,True,True,True,True,True,True,True,True,True
pose001739,1739,NS(=O)(=O)c1ccc(Oc2ccc(C(=O)OF)cc2)cc1,True,pass,True,0,0,,,True,True,True,True,True,True,True,True,True,True,True,True,True,True,True,True,True,True,True,True,True,True
pose001740,1740,CN1CCC(Oc2ccc(Nc3ncc(F)c(-c4cc(F)c5nc6n(c5c4)C(C)(C)CC6)n3)nc2)CC1,True,pass,True,0,0,,,True,True,True,True,True,True,True,True,True,True,True,True,True,True,True,True,True,True,True,True,True,True
pose001741,1741,COc1cc(NC(=O)c2cccs2)cc(C(=O)O)c1OC,True,pass,True,0,0,,,True,True,True,True,True,True,True,True,True,True,True,True,True,True,True,True,True,True,True,True,True,True
pose001742,1742,Cn1cc(CCNc2ccc([N+](=O)[O-])cc2C(=O)O)c2cc(Cl)ccc21,True,pass,True,0,0,,,True,True,True,True,True,True,True,True,True,True,True,True,True,True,True,True,True,True,True,True,True,True
pose001743,1743,CN(CCC(=O)Cc1ccccc1)CC(=O)Nc1sc2c(c1C(N)=O)C=CC2,True,pass,True,0,0,,,True,True,True,True,True,True,True,True,True,True,True,True,True,True,True,True,True,True,True,True,True,True
pose001744,1744,CN(C)C(=O)N1CCCc2cnc(NCC3CCC3)nc2C1,True,pass,True,0,0,,,True,True,True,True,True,True,True,True,True,True,True,True,True,True,True,True,True,True,True,True,True,True
pose001745,1745,O=C(Nc1ccc(N2CCOCC2)cc1)c1ccccc1,True,pass,True,0,0,,,True,True,True,True,True,True,True,True,True,True,True,True,True,True,True,True,True,True,True,True,True,True
pose001746,1746,O=Nc1c(-c2c(O)[nH]c3ccc([N+](=O)[O-])cc23)[nH]c2ccc(O)cc12,True,pass,True,0,0,,,True,True,True,True,True,True,True,True,True,True,True,True,True,True,True,True,True,True,True,True,True,True
pose001747,1747,CN1CCN(Cc2cn(C)c3ccc(C(N)=O)cc23)CC1,True,pass,True,0,0,,,True,True,True,True,True,True,True,True,True,True,True,True,True,True,True,True,True,True,True,True,True,True
pose001748,1748,NS(=O)(=O)c1ccc(CNCc2ccc(C(F)(F)F)cc2)cc1,True,pass,True,0,0,,,True,True,True,True,True,True,True,True,True,True,True,True,True,True,True,True,True,True,True,True,True,True
pose001749,1749,CC(=O)c1c(C)c2cnc(Nc3ccc([C@H]4CC[C@H](N)CC4)cn3)nc2n(C2CCCC2)c1=O,True,pass,True,0,0,,,True,True,True,True,True,True,True,True,True,True,True,True,True,True,True,True,True,True,True,True,True,True
pose001750,1750,NS(=O)(=O)c1ccc(Nc2nc(OCC3CCCCC3)c3[nH]cnc3n2)cc1,True,pass,True,0,0,,,True,True,True,True,True,True,True,True,True,True,True,True,True,True,True,True,True,True,True,True,True,True
pose001751,1751,C=C(C)C(=O)C(=O)C(Cl)=[N+](CC(=O)c1ccc(Nc2ncc(F)c(-c3cnc(C)n3C(C)C)n2)cc1)C(=C)C,True,pass,True,0,0,,,True,True,True,True,True,True,True,True,True,True,True,True,True,True,True,True,True,True,True,True,True,True
pose001752,1752,NS(=O)(=O)c1ccc(Nc2nccc(C3CCOCC3)n2)cc1,True,pass,True,0,0,,,True,True,True,True,True,True,True,True,True,True,True,True,True,True,True,True,True,True,True,True,True,True
pose001753,1753,CCc1ccc(CNc2nc(N3CCC[C@@H]3CO)nc3c(C(C)C)cnn23)cc1,True,pass,True,0,0,,,True,True,True,True,True,True,True,True,True,True,True,True,True,True,True,True,True,True,True,True,True,True
pose001754,1754,NS(=O)(=O)c1ccc(Nc2ccc(C(=O)N=C3CC3)cc2)cc1,True,pass,True,0,0,,,True,True,True,True,True,True,True,True,True,True,True,True,True,True,True,True,True,True,True,True,True,True
pose001755,1755,C[C@@H](O)[C@@H](C)Oc1nc(Nc2ccc(S(=O)(=O)C(F)(F)C(F)(F)F)cc2)ncc1C(F)(F)F,True,pass,True,0,0,,,True,True,True,True,True,True,True,True,True,True,True,True,True,True,True,True,True,True,True,True,True,True
pose001756,1756,C=CC(=O)Nc1ccc(C(=O)Nc2[nH]nc3c2CN(C(=O)N[C@H](CN(C)C)c2ccccc2)C3(C)C)cc1,True,pass,True,0,0,,,True,True,True,True,True,True,True,True,True,True,True,True,True,True,True,True,True,True,True,True,True,True
pose001757,1757,O=c1c(O)c(-c2ccc(O)c(O)c2)oc2cc(O)cc(O)c12,True,pass,True,0,0,,,True,True,True,True,True,True,True,True,True,True,True,True,True,True,True,True,True,True,True,True,True,True
pose001758,1758,Cc1cc(NC2CC2)ccc1-c1ccc(N2CC=NCC2)cc1,True,pass,True,0,0,,,True,True,True,True,True,True,True,True,True,True,True,True,True,True,True,True,True,True,True,True,True,True
pose001759,1759,CC(C)c1cnn2c(NCc3ccccc3)cc(N[C@@H](CO)[C@@H](O)CO)nc12,True,pass,True,0,0,,,True,True,True,True,True,True,True,True,True,True,True,True,True,True,True,True,True,True,True,True,True,True
pose001760,1760,O=C(Nc1ccc(N2CCNCC2)cc1)c1[nH]ncc1Nc1cc(OC2CCCC2)ncn1,True,pass,True,0,0,,,True,True,True,True,True,True,True,True,True,True,True,True,True,True,True,True,True,True,True,True,True,True
pose001761,1761,CC(=O)Nc1ccc(N2CCCN(C(=O)c3ccccc3)CC2)cc1C,True,pass,True,0,0,,,True,True,True,True,True,True,True,True,True,True,True,True,True,True,True,True,True,True,True,True,True,True
pose001762,1762,CC(=O)C(O)C(C)Oc1nc(Nc2ccc(S(=O)(=O)[C@H]([C@@H](C)O)[SH](C)F)cc2)ncc1C(F)(F)F,True,pass,True,0,0,,,True,True,True,True,True,True,True,True,True,True,True,True,True,True,True,True,True,True,True,True,True,True
pose001763,1763,CNCc1c(-c2ccc(N)cc2)ccc2[nH]c(O)c(C=Nc3ccc(S(N)(=O)=O)cc3)c12,True,pass,True,0,0,,,True,True,True,True,True,True,True,True,True,True,True,True,True,True,True,True,True,True,True,True,True,True
pose001764,1764,CCC1(CC)CNC(=O)c2cc3cnc(Nc4cccc(N5CCCNCC5)c4)nc3n21,True,pass,True,0,0,,,True,True,True,True,True,True,True,True,True,True,True,True,True,True,True,True,True,True,True,True,True,True
pose001765,1765,Cc1ccc(F)c(Cc2ccc(N3CCNCC3)cc2)c1,True,pass,True,0,0,,,True,True,True,True,True,True,True,True,True,True,True,True,True,True,True,True,True,True,True,True,True,True
pose001766,1766,C=C(C)N=CSC(=O)c1ccc(Nc2ccc(Nc3ncc(F)c(-c4cnc(C)n4C(C)C)n3)cc2)cc1,True,pass,True,0,0,,,True,True,True,True,True,True,True,True,True,True,True,True,True,True,True,True,True,True,True,True,True,True
pose001767,1767,CN1CCN(c2ccc(Nc3cc(-c4c[nH]c5ccccc45)ncn3)cc2)CC1,True,pass,True,0,0,,,True,True,True,True,True,True,True,True,True,True,True,True,True,True,True,True,True,True,True,True,True,True
pose001768,1768,Cc1[nH]nc2c1N=C(c1ccccc1Cl)c1cc(N)ccc1N2,True,fail,False,1,0,internal_energy,,True,True,True,True,True,True,True,True,True,True,True,True,False,True,True,True,True,True,True,True,True,True
pose001769,1769,CC(C)Cc1ccc(-c2ccc(S(N)(=O)=O)cc2)cc1,True,pass,True,0,0,,,True,True,True,True,True,True,True,True,True,True,True,True,True,True,True,True,True,True,True,True,True,True
pose001770,1770,O=C(Nc1ccc(F)cc1)c1[nH]ncc1NC(=O)c1c(F)cccc1F,True,pass,True,0,0,,,True,True,True,True,True,True,True,True,True,True,True,True,True,True,True,True,True,True,True,True,True,True
pose001771,1771,CC(=O)Cc1ccccc1-c1ccc(NC(C)=O)cc1,True,pass,True,0,0,,,True,True,True,True,True,True,True,True,True,True,True,True,True,True,True,True,True,True,True,True,True,True
pose001772,1772,CC(C)C(=O)N1CCc2cnc(NC(=O)c3ccccc3)nc2C1,True,pass,True,0,0,,,True,True,True,True,True,True,True,True,True,True,True,True,True,True,True,True,True,True,True,True,True,True
pose001773,1773,COc1cc2c(Nc3ncc(CC(=O)Nc4cccc(F)c4)s3)ncnc2cc1OCCCN1CCC(CO)CC1,True,pass,True,0,0,,,True,True,True,True,True,True,True,True,True,True,True,True,True,True,True,True,True,True,True,True,True,True
pose001774,1774,O=S(=O)(c1cc(-c2ccc(O)c(O)c2)ccc1Cl)C1CCNCC1,True,pass,True,0,0,,,True,True,True,True,True,True,True,True,True,True,True,True,True,True,True,True,True,True,True,True,True,True
pose001775,1775,CNC(=O)c1ccc(OCc2ccc(C(=O)N(C)C)cc2)cc1,True,pass,True,0,0,,,True,True,True,True,True,True,True,True,True,True,True,True,True,True,True,True,True,True,True,True,True,True
pose001776,1776,Clc1ccc(NCc2ccc(N3CCOCC3)cc2)cc1,True,pass,True,0,0,,,True,True,True,True,True,True,True,True,True,True,True,True,True,True,True,True,True,True,True,True,True,True
pose001777,1777,CNC(=O)c1ccc(-c2ccc(N3CCCCCC3)cc2)cc1,True,pass,True,0,0,,,True,True,True,True,True,True,True,True,True,True,True,True,True,True,True,True,True,True,True,True,True,True
pose001778,1778,CCN(C)C(=O)c1ccc(C(=O)Nc2cccc(Cl)c2)cc1,True,pass,True,0,0,,,True,True,True,True,True,True,True,True,True,True,True,True,True,True,True,True,True,True,True,True,True,True
pose001779,1779,O=C(C1CCC1)N1CCc2cnc(NCc3ccccc3)nc2C1,True,pass,True,0,0,,,True,True,True,True,True,True,True,True,True,True,True,True,True,True,True,True,True,True,True,True,True,True
pose001780,1780,CN(C)S(=O)(=O)c1ccc(Nc2cc(N[C@H]3CC[C@H](N)CC3)nc3c(Br)cnn23)cc1Cl,True,pass,True,0,0,,,True,True,True,True,True,True,True,True,True,True,True,True,True,True,True,True,True,True,True,True,True,True
pose001781,1781,COc1cc(Oc2ccccc2C)cc(OC)c1OC,True,pass,True,0,0,,,True,True,True,True,True,True,True,True,True,True,True,True,True,True,True,True,True,True,True,True,True,True
pose001782,1782,O=C(Nc1ccc(Cl)cc1)c1ccc(N2CCOCC2)cc1,True,pass,True,0,0,,,True,True,True,True,True,True,True,True,True,True,True,True,True,True,True,True,True,True,True,True,True,True
pose001783,1783,CN(C)C(=O)c1cccc(NC(=O)c2cccc(N3CCOCC3)c2)c1,True,pass,True,0,0,,,True,True,True,True,True,True,True,True,True,True,True,True,True,True,True,True,True,True,True,True,True,True
pose001784,1784,C=C(C)c1ccc2c(c1)c(CCC1CCNCC1)cn2C,True,pass,True,0,0,,,True,True,True,True,True,True,True,True,True,True,True,True,True,True,True,True,True,True,True,True,True,True
pose001785,1785,CC1CN(c2ccncc2NC(=O)c2ccnn3cc(-c4ccccc4)nc23)CCO1,True,pass,True,0,0,,,True,True,True,True,True,True,True,True,True,True,True,True,True,True,True,True,True,True,True,True,True,True
pose001786,1786,CC(c1ccc(S(N)(=O)=O)cc1)c1ccc(S(N)(=O)=O)cc1,True,pass,True,0,0,,,True,True,True,True,True,True,True,True,True,True,True,True,True,True,True,True,True,True,True,True,True,True
pose001787,1787,CNC(=O)c1ccccc1-c1ccc(NC(C)=O)cc1,True,pass,True,0,0,,,True,True,True,True,True,True,True,True,True,True,True,True,True,True,True,True,True,True,True,True,True,True
pose001788,1788,C=C(C)n1c(-c2nc(NC3CCOCC3)ncc2F)cnc1C,True,pass,True,0,0,,,True,True,True,True,True,True,True,True,True,True,True,True,True,True,True,True,True,True,True,True,True,True
pose001789,1789,CC(=O)Nc1ccc(-c2cccc(NC(C)=O)c2)cc1,True,pass,True,0,0,,,True,True,True,True,True,True,True,True,True,True,True,True,True,True,True,True,True,True,True,True,True,True
pose001790,1790,NS(=O)(=O)c1ccc(-c2ccc(NC3CC3)cc2)cc1,True,pass,True,0,0,,,True,True,True,True,True,True,True,True,True,True,True,True,True,True,True,True,True,True,True,True,True,True
pose001791,1791,CC1CCN(c2ccc3c(c2)c(C(=O)O)cn3C)CC1,True,pass,True,0,0,,,True,True,True,True,True,True,True,True,True,True,True,True,True,True,True,True,True,True,True,True,True,True
pose001792,1792,CC[C@@H](Nc1nc(NCc2cnc(C)cc2C)c2ncn(C(C)C)c2n1)[C@H](C)O,True,pass,True,0,0,,,True,True,True,True,True,True,True,True,True,True,True,True,True,True,True,True,True,True,True,True,True,True
pose001793,1793,COc1ccc(-c2cccc(C(=O)N3CCCNCC3)c2)cc1,True,pass,True,0,0,,,True,True,True,True,True,True,True,True,True,True,True,True,True,True,True,True,True,True,True,True,True,True
pose001794,1794,CCC(C)Nc1ccc(-c2ccc(S(N)(=O)=O)cc2)cc1,True,pass,True,0,0,,,True,True,True,True,True,True,True,True,True,True,True,True,True,True,True,True,True,True,True,True,True,True
pose001795,1795,CC(C)C(=O)c1ccc(C(=O)c2ccc(S(N)(=O)=O)cc2)cc1,True,pass,True,0,0,,,True,True,True,True,True,True,True,True,True,True,True,True,True,True,True,True,True,True,True,True,True,True
pose001796,1796,CC(C)(N)C(=Nc1ccc(S(N)(=O)=O)cc1)N=C(c1c(O)[nH]c2ccc(-c3cnco3)cc12)S(N)(=O)=O,True,pass,True,0,0,,,True,True,True,True,True,True,True,True,True,True,True,True,True,True,True,True,True,True,True,True,True,True
pose001797,1797,Cc1ncc(-c2ccnc(Nc3ccc(C(=O)N(C)C)cc3)n2)n1C(C)C,True,pass,True,0,0,,,True,True,True,True,True,True,True,True,True,True,True,True,True,True,True,True,True,True,True,True,True,True
pose001798,1798,Cc1ccc(C(=O)Nc2ccc(C(=O)N3CCOCC3)cc2)cc1,True,pass,True,0,0,,,True,True,True,True,True,True,True,True,True,True,True,True,True,True,True,True,True,True,True,True,True,True
pose001799,1799,C[C@@H](O)[C@@H](C)Oc1nc(Nc2ccc(S(=O)(=O)C(C)(C)O)cc2)ncc1C(F)(F)F,True,pass,True,0,0,,,True,True,True,True,True,True,True,True,True,True,True,True,True,True,True,True,True,True,True,True,True,True
pose001800,1800,CC[C@H](Nc1nc(NCc2cccnc2)c2ncn(CC3CC3)c2n1)C(C)(C)C,True,pass,True,0,0,,,True,True,True,True,True,True,True,True,True,True,True,True,True,True,True,True,True,True,True,True,True,True
pose001801,1801,COc1ccc(C(=O)Nc2cccc(Cl)c2)cc1OC,True,pass,True,0,0,,,True,True,True,True,True,True,True,True,True,True,True,True,True,True,True,True,True,True,True,True,True,True
pose001802,1802,O=S(=O)(c1ccc(NCc2ccccc2)cc1)C1CC1,True,pass,True,0,0,,,True,True,True,True,True,True,True,True,True,True,True,True,True,True,True,True,True,True,True,True,True,True
pose001803,1803,O=c1[nH]c(O)c(C=NC[C@H]2CCCNC2)c2cc(-c3ccsc3)ccc12,True,pass,True,0,0,,,True,True,True,True,True,True,True,True,True,True,True,True,True,True,True,True,True,True,True,True,True,True
pose001804,1804,Oc1ccc(N2CCN(CCc3ccccc3)CC2)cc1,True,pass,True,0,0,,,True,True,True,True,True,True,True,True,True,True,True,True,True,True,True,True,True,True,True,True,True,True
pose001805,1805,CNS(=O)(=O)c1ccc(N=Cc2c(O)[nH]c3ccc4ncsc4c23)cc1,True,pass,True,0,0,,,True,True,True,True,True,True,True,True,True,True,True,True,True,True,True,True,True,True,True,True,True,True
pose001806,1806,CS(=O)(=O)c1ccc(Nc2cccc(S(N)(=O)=O)c2)cc1,True,pass,True,0,0,,,True,True,True,True,True,True,True,True,True,True,True,True,True,True,True,True,True,True,True,True,True,True
pose001807,1807,C=C(C)c1ccc(NCC(=O)c2ccc(Nc3ncc(F)c(-c4cnc(C)n4C(C)C)n3)cc2)cc1,True,pass,True,0,0,,,True,True,True,True,True,True,True,True,True,True,True,True,True,True,True,True,True,True,True,True,True,True
pose001808,1808,Cc1nc2c(F)cc(-c3nc(Nc4ccc5c(n4)CCN(CC(N)=NO)C5)ncc3F)cc2n1C(C)C,True,pass,True,0,0,,,True,True,True,True,True,True,True,True,True,True,True,True,True,True,True,True,True,True,True,True,True,True
pose001809,1809,CC(C)NC(=O)N1CCCc2cnc(Nc3ccc(Cl)cc3)nc2C1,True,pass,True,0,0,,,True,True,True,True,True,True,True,True,True,True,True,True,True,True,True,True,True,True,True,True,True,True
pose001810,1810,Cc1ncc(-c2ccnc(Nc3ccccc3)n2)n1C(C)C,True,pass,True,0,0,,,True,True,True,True,True,True,True,True,True,True,True,True,True,True,True,True,True,True,True,True,True,True
pose001811,1811,Cc1ncc(-c2nc(Nc3ccc(C(=O)NC4CCN(C)CC4)cc3)ncc2F)n1C(C)C,True,pass,True,0,0,,,True,True,True,True,True,True,True,True,True,True,True,True,True,True,True,True,True,True,True,True,True,True
pose001812,1812,N[C@H]1CCS[C@@H](NN2CCc3c(nn(Cc4ccccc4)c3Br)C2=O)CC1,True,pass,True,0,0,,,True,True,True,True,True,True,True,True,True,True,True,True,True,True,True,True,True,True,True,True,True,True
pose001813,1813,CN1C(=O)C(N2CCc3cn(CC4CCS(=O)(=O)CC4)nc3C2=O)COc2ccccc21,True,pass,True,0,0,,,True,True,True,True,True,True,True,True,True,True,True,True,True,True,True,True,True,True,True,True,True,True
pose001814,1814,CN(C)C[C@H](O)Cc1c(O)cc(O)c2c(=O)cc(-c3ccccc3Cl)oc12,True,pass,True,0,0,,,True,True,True,True,True,True,True,True,True,True,True,True,True,True,True,True,True,True,True,True,True,True
pose001815,1815,CC(C)[C@H](CO)Nc1nc(Nc2ccc(C(=O)O)c(Cl)c2)c2ncn(C(C)C)c2n1,True,pass,True,0,0,,,True,True,True,True,True,True,True,True,True,True,True,True,True,True,True,True,True,True,True,True,True,True
pose001816,1816,CC(=O)Cc1ccc(Nc2ccc(S(N)(=O)=O)cc2)cc1,True,pass,True,0,0,,,True,True,True,True,True,True,True,True,True,True,True,True,True,True,True,True,True,True,True,True,True,True
pose001817,1817,CCc1ccccc1-c1ccc(N2CCCNCC2)cc1Cl,True,pass,True,0,0,,,True,True,True,True,True,True,True,True,True,True,True,True,True,True,True,True,True,True,True,True,True,True
pose001818,1818,Cc1ncc(-c2nc(NC(=S)C(C)C)ncc2F)n1C(C)C,True,pass,True,0,0,,,True,True,True,True,True,True,True,True,True,True,True,True,True,True,True,True,True,True,True,True,True,True
pose001819,1819,O=C(C1CCC1)N1CCc2cnc(Nc3ccc(Cl)cc3)nc2C1,True,pass,True,0,0,,,True,True,True,True,True,True,True,True,True,True,True,True,True,True,True,True,True,True,True,True,True,True
pose001820,1820,O=C(Nc1cc(C2CC2)[nH]n1)c1ccc(C2CCNCC2)cc1,True,pass,True,0,0,,,True,True,True,True,True,True,True,True,True,True,True,True,True,True,True,True,True,True,True,True,True,True
pose001821,1821,CCc1ccc([C@H](C)c2ccc(S(N)(=O)=O)cc2)cc1,True,pass,True,0,0,,,True,True,True,True,True,True,True,True,True,True,True,True,True,True,True,True,True,True,True,True,True,True
pose001822,1822,CC(C)Cc1ccc(NC(=O)c2ccc(S(N)(=O)=O)cc2)cc1,True,pass,True,0,0,,,True,True,True,True,True,True,True,True,True,True,True,True,True,True,True,True,True,True,True,True,True,True
pose001823,1823,Oc1ccc(N2CCC(O)CC2)cc1-c1ccc(N2CCC(O)CC2)cc1,True,pass,True,0,0,,,True,True,True,True,True,True,True,True,True,True,True,True,True,True,True,True,True,True,True,True,True,True
pose001824,1824,CC(C)OCC(=O)c1ccc(CC(=O)Nc2[nH]nc3ccc(N4CCCS4(=O)=O)cc23)cc1,True,pass,True,0,0,,,True,True,True,True,True,True,True,True,True,True,True,True,True,True,True,True,True,True,True,True,True,True
pose001825,1825,CC(=O)NCc1ccc(-c2ccc(S(N)(=O)=O)cc2)cc1,True,pass,True,0,0,,,True,True,True,True,True,True,True,True,True,True,True,True,True,True,True,True,True,True,True,True,True,True
pose001826,1826,CC(=O)N[C@@H]1CCCC(C(=O)Nc2cc(-c3cnn4c3CC(C)(C)C4)c(Cl)cn2)C1,True,pass,True,0,0,,,True,True,True,True,True,True,True,True,True,True,True,True,True,True,True,True,True,True,True,True,True,True
pose001827,1827,COc1ccc(F)cc1-c1c(F)cnc2[nH]c(C3=CCN(C4CCC(C(=O)O)CC4)CC3)cc12,True,pass,True,0,0,,,True,True,True,True,True,True,True,True,True,True,True,True,True,True,True,True,True,True,True,True,True,True
pose001828,1828,COc1cccc(NC(=S)N2CCN(c3nnc(CCN)c4ccccc34)CC2)c1,True,pass,True,0,0,,,True,True,True,True,True,True,True,True,True,True,True,True,True,True,True,True,True,True,True,True,True,True
pose001829,1829,COc1cc(F)ccc1-c1cc(Nc2cc(CS(C)(=N)=O)ccn2)ncc1F,True,pass,True,0,0,,,True,True,True,True,True,True,True,True,True,True,True,True,True,True,True,True,True,True,True,True,True,True
pose001830,1830,CCc1ccc(Nc2ccc(C(=O)N(C)C)cc2)cc1,True,pass,True,0,0,,,True,True,True,True,True,True,True,True,True,True,True,True,True,True,True,True,True,True,True,True,True,True
pose001831,1831,CN(C)S(=O)(=O)c1ccc(-c2ccc(CO)cc2)cc1,True,pass,True,0,0,,,True,True,True,True,True,True,True,True,True,True,True,True,True,True,True,True,True,True,True,True,True,True
pose001832,1832,O=C(Nc1cccc(N2CCOCC2)c1)c1cccc(N2CCOCC2)c1,True,pass,True,0,0,,,True,True,True,True,True,True,True,True,True,True,True,True,True,True,True,True,True,True,True,True,True,True
pose001833,1833,COc1ccc(Nc2ccc(C(=O)N3CCCN(C)CC3)cc2)cc1,True,pass,True,0,0,,,True,True,True,True,True,True,True,True,True,True,True,True,True,True,True,True,True,True,True,True,True,True
pose001834,1834,CC(C)CNc1ccc(CC(=O)Nc2[nH]nc3ccc(N4CCCS4(=O)=O)cc23)cc1,True,pass,True,0,0,,,True,True,True,True,True,True,True,True,True,True,True,True,True,True,True,True,True,True,True,True,True,True
pose001835,1835,Cc1ncc(-c2ccc(Nc3nccc(-c4cnc(C)n4C(C)C)n3)cc2)n1-c1ccc(C(N)=O)cc1,True,pass,True,0,0,,,True,True,True,True,True,True,True,True,True,True,True,True,True,True,True,True,True,True,True,True,True,True
pose001836,1836,CN(C)Cc1ccc(C=CC(=O)c2c(O)cc(O)c(C3CCN(C)CC3)c2O)cc1,True,pass,True,0,0,,,True,True,True,True,True,True,True,True,True,True,True,True,True,True,True,True,True,True,True,True,True,True
pose001837,1837,COC(=O)NCCc1nc(Nc2ncc(F)c(C3CCC(N)CC3)n2)ccc1C,True,pass,True,0,0,,,True,True,True,True,True,True,True,True,True,True,True,True,True,True,True,True,True,True,True,True,True,True
pose001838,1838,Cc1nc2c(F)cc(-c3nc(Nc4ccc5c(n4)CCNC5)ncc3F)cc2n1C1(C)CC1,True,pass,True,0,0,,,True,True,True,True,True,True,True,True,True,True,True,True,True,True,True,True,True,True,True,True,True,True
pose001839,1839,CN1CCN(c2ccc(-c3ccc(CO)cn3)cc2)CC1,True,pass,True,0,0,,,True,True,True,True,True,True,True,True,True,True,True,True,True,True,True,True,True,True,True,True,True,True
pose001840,1840,C=C(C)C(=O)c1ccc(Cc2ccc(Nc3ncc(F)c(-c4cnc(C)n4C(C)C)n3)cc2)cc1,True,pass,True,0,0,,,True,True,True,True,True,True,True,True,True,True,True,True,True,True,True,True,True,True,True,True,True,True
pose001841,1841,COc1ccc(C(=O)Nc2ccc(N3CCN(C)CC3)cc2)cc1C,True,pass,True,0,0,,,True,True,True,True,True,True,True,True,True,True,True,True,True,True,True,True,True,True,True,True,True,True
pose001842,1842,CN1CCN(Cc2ccc(NC(=O)c3[nH]ncc3Nc3ncnc4[nH]ccc34)cc2)CC1,True,pass,True,0,0,,,True,True,True,True,True,True,True,True,True,True,True,True,True,True,True,True,True,True,True,True,True,True
pose001843,1843,CNC(=O)c1ccc(C(=O)c2ccc(S(C)(=O)=O)cc2)cc1,True,pass,True,0,0,,,True,True,True,True,True,True,True,True,True,True,True,True,True,True,True,True,True,True,True,True,True,True
pose001844,1844,COc1cccc(C(=O)Nc2ccc(C(C)C)cc2)c1,True,pass,True,0,0,,,True,True,True,True,True,True,True,True,True,True,True,True,True,True,True,True,True,True,True,True,True,True
pose001845,1845,C=C(Cc1cccc(C)c1)c1ccc(S(N)(=O)=O)cc1,True,pass,True,0,0,,,True,True,True,True,True,True,True,True,True,True,True,True,True,True,True,True,True,True,True,True,True,True
pose001846,1846,CCc1cnn2c(NCc3ccc[n+]([O-])c3)cc(N3CCCC[C@H]3CCNNCc3ccc[n+]([O-])c3)nc12,True,pass,True,0,0,,,True,True,True,True,True,True,True,True,True,True,True,True,True,True,True,True,True,True,True,True,True,True
pose001847,1847,CNS(=O)(=O)c1cc(F)ccc1-c1ncnc(Nc2cccc(C[S@](C)(=N)=O)c2)n1,True,pass,True,0,0,,,True,True,True,True,True,True,True,True,True,True,True,True,True,True,True,True,True,True,True,True,True,True
pose001848,1848,CCCCC1(C)CNC(=O)c2cc3cnc(Nc4ccc(C(=O)NC)cc4)nc3n21,True,pass,True,0,0,,,True,True,True,True,True,True,True,True,True,True,True,True,True,True,True,True,True,True,True,True,True,True
pose001849,1849,c1ccc(CN2CCN(Nc3ccccc3)CC2)cc1,True,pass,True,0,0,,,True,True,True,True,True,True,True,True,True,True,True,True,True,True,True,True,True,True,True,True,True,True
pose001850,1850,CC(C)(C)NCc1ccc(-c2ccc(N3CC=NCC3)cc2)cc1,True,pass,True,0,0,,,True,True,True,True,True,True,True,True,True,True,True,True,True,True,True,True,True,True,True,True,True,True
pose001851,1851,CC(C)C(=O)N1CCCc2cnc(NC(=O)C3CCOCC3)nc2C1,True,pass,True,0,0,,,True,True,True,True,True,True,True,True,True,True,True,True,True,True,True,True,True,True,True,True,True,True
pose001852,1852,CN1CCN(c2ccc(-c3ccc(S(N)(=O)=O)cc3)cc2F)CC1,True,pass,True,0,0,,,True,True,True,True,True,True,True,True,True,True,True,True,True,True,True,True,True,True,True,True,True,True
pose001853,1853,COc1ccc(Nc2ccnc(Nc3ccc(OCC(O)CN(C)C)cc3)n2)cc1,True,pass,True,0,0,,,True,True,True,True,True,True,True,True,True,True,True,True,True,True,True,True,True,True,True,True,True,True
pose001854,1854,Cc1ccc(NCN2CCN(c3ccc(N4CCCCC4)nc3)CC2)cc1,True,pass,True,0,0,,,True,True,True,True,True,True,True,True,True,True,True,True,True,True,True,True,True,True,True,True,True,True
pose001855,1855,CC(C)C(=O)N1CCc2cnc(Nc3ccccc3)nc2CC1,True,pass,True,0,0,,,True,True,True,True,True,True,True,True,True,True,True,True,True,True,True,True,True,True,True,True,True,True
pose001856,1856,Fc1cccc(F)c1Nc1ncc2c(n1)CN(C1CC1)CC2,True,pass,True,0,0,,,True,True,True,True,True,True,True,True,True,True,True,True,True,True,True,True,True,True,True,True,True,True
pose001857,1857,O=C(NCc1ccc(N2CCOCC2)cc1)c1c(Cl)cccc1Cl,True,pass,True,0,0,,,True,True,True,True,True,True,True,True,True,True,True,True,True,True,True,True,True,True,True,True,True,True
pose001858,1858,COc1cccc(NC(=S)N2CCN(c3nnc(OC(C)C)c4ccccc34)CC2)c1,True,pass,True,0,0,,,True,True,True,True,True,True,True,True,True,True,True,True,True,True,True,True,True,True,True,True,True,True
pose001859,1859,Nc1ccc(CC(=O)NNc2ncc(C(F)(F)F)c(OC3CCCCC3)n2)cc1,True,pass,True,0,0,,,True,True,True,True,True,True,True,True,True,True,True,True,True,True,True,True,True,True,True,True,True,True
pose001860,1860,CONC1CCC(c2nc3c(-c4ccc(F)cc4OC)ccnc3[nH]2)C1,True,pass,True,0,0,,,True,True,True,True,True,True,True,True,True,True,True,True,True,True,True,True,True,True,True,True,True,True
pose001861,1861,O=C(Nc1ccc(Cl)cc1)N1CCN(Cc2ccc(Cl)cc2)CC1,True,pass,True,0,0,,,True,True,True,True,True,True,True,True,True,True,True,True,True,True,True,True,True,True,True,True,True,True
pose001862,1862,CNS(=O)(=O)c1ccc(-c2cnc(C)n2C(C)C)cc1,True,pass,True,0,0,,,True,True,True,True,True,True,True,True,True,True,True,True,True,True,True,True,True,True,True,True,True,True
pose001863,1863,Cc1cc(C)c(CNc2nc(N[C@@H](C)[C@@H](C)O)nc3c2ncn3C(C)C)cn1,True,pass,True,0,0,,,True,True,True,True,True,True,True,True,True,True,True,True,True,True,True,True,True,True,True,True,True,True
pose001864,1864,Cc1ncc(-c2nc(NC(=O)CN3CCOCC3)ncc2F)n1C(C)C,True,pass,True,0,0,,,True,True,True,True,True,True,True,True,True,True,True,True,True,True,True,True,True,True,True,True,True,True
pose001865,1865,CC(C)(C)OC(=O)N1CCN(C(=O)O[C@@H]2CCC(c3cc(NC(=O)Cc4ccccc4)[nH]n3)C2)CC1,True,pass,True,0,0,,,True,True,True,True,True,True,True,True,True,True,True,True,True,True,True,True,True,True,True,True,True,True
pose001866,1866,CN1CCN(Cc2cc3c(N)ncc(C4CCC4)c3s2)COC1,True,pass,True,0,0,,,True,True,True,True,True,True,True,True,True,True,True,True,True,True,True,True,True,True,True,True,True,True
pose001867,1867,CCC(=O)Nc1ncc(F)c(-c2cnc(C)n2C(C)C)n1,True,pass,True,0,0,,,True,True,True,True,True,True,True,True,True,True,True,True,True,True,True,True,True,True,True,True,True,True
pose001868,1868,CC(C)=Cc1ccc(NNCCCn2nc(C(N)=O)c3c2-c2nc(Nc4ccccc4)ncc2CC3)cc1O,True,pass,True,0,0,,,True,True,True,True,True,True,True,True,True,True,True,True,True,True,True,True,True,True,True,True,True,True
pose001869,1869,C=C(C)c1ccc(Nc2ccc(S(N)(=O)=O)cc2)cc1,True,pass,True,0,0,,,True,True,True,True,True,True,True,True,True,True,True,True,True,True,True,True,True,True,True,True,True,True
pose001870,1870,CCc1cnn2c(NCc3ccc[n+]([O-])c3)cc(N3CCCC[C@H]3CCO)nc12,True,pass,True,0,0,,,True,True,True,True,True,True,True,True,True,True,True,True,True,True,True,True,True,True,True,True,True,True
pose001871,1871,CNC(=O)c1ccc(NNc2ccc(N3CCN(CC4CC4)CC3)cn2)cc1,True,pass,True,0,0,,,True,True,True,True,True,True,True,True,True,True,True,True,True,True,True,True,True,True,True,True,True,True
pose001872,1872,NC(=O)c1ccc(Nc2nc(N[C@H]3CC[C@H](N)CC3)nc3c2ncn3C2CCCC2)cc1,True,pass,True,0,0,,,True,True,True,True,True,True,True,True,True,True,True,True,True,True,True,True,True,True,True,True,True,True
pose001873,1873,CC(=O)NC1CCC(c2nc3c(N[C@H]4CC[C@H](N)CC4)ccnc3[nH]2)C1,True,pass,True,0,0,,,True,True,True,True,True,True,True,True,True,True,True,True,True,True,True,True,True,True,True,True,True,True
pose001874,1874,Cc1ncc(-c2ccnc(Nc3ccc(C(=O)NCCN(C)C)c(F)c3)n2)n1C(C)C,True,pass,True,0,0,,,True,True,True,True,True,True,True,True,True,True,True,True,True,True,True,True,True,True,True,True,True,True
pose001875,1875,CC1(C)CN(c2ccc(Nc3cc(-c4c[nH]c5cnccc45)ncn3)nc2)CCN1C1CC1,True,pass,True,0,0,,,True,True,True,True,True,True,True,True,True,True,True,True,True,True,True,True,True,True,True,True,True,True
pose001876,1876,CCC(=O)Nc1ccc(-c2ccc(S(N)(=O)=O)cc2)cc1C,True,pass,True,0,0,,,True,True,True,True,True,True,True,True,True,True,True,True,True,True,True,True,True,True,True,True,True,True
pose001877,1877,CN(C)C(=O)Cc1ccc(C(=O)NC2CCCCC2)cc1,True,pass,True,0,0,,,True,True,True,True,True,True,True,True,True,True,True,True,True,True,True,True,True,True,True,True,True,True
pose001878,1878,CC(C)=Nc1ccc(-c2ccc(S(N)(=O)=O)cc2)nc1,True,pass,True,0,0,,,True,True,True,True,True,True,True,True,True,True,True,True,True,True,True,True,True,True,True,True,True,True
pose001879,1879,CCC(C)c1ccc(-c2ccc(S(N)(=O)=O)cc2)cc1,True,pass,True,0,0,,,True,True,True,True,True,True,True,True,True,True,True,True,True,True,True,True,True,True,True,True,True,True
pose001880,1880,NS(=O)(=O)c1ccc(CCN2CCc3ncccc3C2)cc1,True,pass,True,0,0,,,True,True,True,True,True,True,True,True,True,True,True,True,True,True,True,True,True,True,True,True,True,True
pose001881,1881,CCN(CC)C1CCN(c2ccc(Nc3ncc4cc5n(c4n3)C3(CCCCC3)CNC5=O)nc2)CC1,True,pass,True,0,0,,,True,True,True,True,True,True,True,True,True,True,True,True,True,True,True,True,True,True,True,True,True,True
pose001882,1882,CNC(=O)c1nn(C)c2c1CCc1cnc(Nc3ccc(N4CCN(C)CC4)cc3)nc1-2,True,pass,True,0,0,,,True,True,True,True,True,True,True,True,True,True,True,True,True,True,True,True,True,True,True,True,True,True
pose001883,1883,COc1cc(Nc2cnc(NC3CCNCC3)s2)cc(OC)c1OC,True,pass,True,0,0,,,True,True,True,True,True,True,True,True,True,True,True,True,True,True,True,True,True,True,True,True,True,True
pose001884,1884,NS(=O)(=O)c1ccc(-c2ccc(N=Nc3c(O)[nH]c4ccc(S)c(-c5cccc(O)c5)c34)cc2)cc1,True,pass,True,0,0,,,True,True,True,True,True,True,True,True,True,True,True,True,True,True,True,True,True,True,True,True,True,True
pose001885,1885,COc1ccc(-c2ccc(N3CCN(C(=O)C(C)O)CC3)cc2)cc1C,True,pass,True,0,0,,,True,True,True,True,True,True,True,True,True,True,True,True,True,True,True,True,True,True,True,True,True,True
pose001886,1886,[O-][n+]1cccc(CNc2cc(N3CCCCC3CCO)nc3c(Cc4ccc[n+]([O-])c4)cnn23)c1,True,pass,True,0,0,,,True,True,True,True,True,True,True,True,True,True,True,True,True,True,True,True,True,True,True,True,True,True
pose001887,1887,CN1CCN(c2nccc(-c3ccc(N4CCCNCC4)cc3)n2)CC1,True,pass,True,0,0,,,True,True,True,True,True,True,True,True,True,True,True,True,True,True,True,True,True,True,True,True,True,True
pose001888,1888,C=C(C)c1cc(C(=O)Nc2ccccc2)cc(OC)c1N1CCOCC1,True,pass,True,0,0,,,True,True,True,True,True,True,True,True,True,True,True,True,True,True,True,True,True,True,True,True,True,True
pose001889,1889,NS(=O)(=O)c1ccc(N=NSN=Cc2c(=O)[nH]c3ccc4[nH]cccc4c23)cc1,True,pass,True,0,0,,,True,True,True,True,True,True,True,True,True,True,True,True,True,True,True,True,True,True,True,True,True,True
pose001890,1890,CC1CCN(C(=O)c2cn(C)c3ccc(C(=O)O)cc23)CC1,True,pass,True,0,0,,,True,True,True,True,True,True,True,True,True,True,True,True,True,True,True,True,True,True,True,True,True,True
pose001891,1891,Nc1ccc(-c2cc(Nc3ccc(S(N)(=O)=O)cc3)[nH]n2)cc1,True,pass,True,0,0,,,True,True,True,True,True,True,True,True,True,True,True,True,True,True,True,True,True,True,True,True,True,True
pose001892,1892,Nc1nc2ccc(N[C@H]3CC[C@@H](N)CCO3)cn2c1C(=O)c1c(F)cccc1F,True,pass,True,0,0,,,True,True,True,True,True,True,True,True,True,True,True,True,True,True,True,True,True,True,True,True,True,True
pose001893,1893,O=C(c1ccc(-c2ccccc2)cc1)N1CCNCC1,True,pass,True,0,0,,,True,True,True,True,True,True,True,True,True,True,True,True,True,True,True,True,True,True,True,True,True,True
pose001894,1894,C[C@H]([C@@H](C)O)S(=N)(=O)[C@@H](C)OS(=N)(=O)c1ccc(Nc2ncc(C(F)(F)F)c(O[C@H](C)[C@@H](C)O)n2)cc1,True,pass,True,0,0,,,True,True,True,True,True,True,True,True,True,True,True,True,True,True,True,True,True,True,True,True,True,True
pose001895,1895,CNc1ccc(N=Cc2ccc3[nH]c(O)c(N=CC=Nc4ccc(S(N)(=O)=O)cc4)c3c2NC)cc1,True,pass,True,0,0,,,True,True,True,True,True,True,True,True,True,True,True,True,True,True,True,True,True,True,True,True,True,True
pose001896,1896,COc1ccc(C(=O)Nc2ccc(N(C)C)cc2)cc1Cl,True,pass,True,0,0,,,True,True,True,True,True,True,True,True,True,True,True,True,True,True,True,True,True,True,True,True,True,True
pose001897,1897,NS(=O)(=O)c1ccccc1CC1CCN(c2ccccc2)CC1,True,pass,True,0,0,,,True,True,True,True,True,True,True,True,True,True,True,True,True,True,True,True,True,True,True,True,True,True
pose001898,1898,C=C(C)n1c(C(=O)c2ccc(Nc3ncc(F)c(-c4cnc(C)n4C(C)C)n3)cc2)cnc1NC(=O)CC,True,pass,True,0,0,,,True,True,True,True,True,True,True,True,True,True,True,True,True,True,True,True,True,True,True,True,True,True
pose001899,1899,Cc1ccccc1N1CCCN(CNc2ccc(N3CCOCC3)cc2)CCC1,True,pass,True,0,0,,,True,True,True,True,True,True,True,True,True,True,True,True,True,True,True,True,True,True,True,True,True,True
pose001900,1900,COc1ccc(-c2ccc3c(-c4nc5c(N6CCN(C)CC6)cccc5[nH]4)[nH]nc3c2)c(OC)c1,True,pass,True,0,0,,,True,True,True,True,True,True,True,True,True,True,True,True,True,True,True,True,True,True,True,True,True,True
pose001901,1901,CN(C)C(=O)c1cc(C(F)(F)F)ccc1NC(=O)c1ccccc1,True,pass,True,0,0,,,True,True,True,True,True,True,True,True,True,True,True,True,True,True,True,True,True,True,True,True,True,True
pose001902,1902,Cc1ncc(-c2nc(Nc3ccc(C(=O)CCC(C)CBr)cc3)ncc2F)n1C(C)C,True,pass,True,0,0,,,True,True,True,True,True,True,True,True,True,True,True,True,True,True,True,True,True,True,True,True,True,True
pose001903,1903,CCOc1ccc(Cc2ccc(S(N)(=O)=O)cc2)cc1,True,pass,True,0,0,,,True,True,True,True,True,True,True,True,True,True,True,True,True,True,True,True,True,True,True,True,True,True
pose001904,1904,NCCC=c1cc(-c2ccc[nH]2)c2c(O)[nH]c3ccc(F)c1c32,True,pass,True,0,0,,,True,True,True,True,True,True,True,True,True,True,True,True,True,True,True,True,True,True,True,True,True,True
pose001905,1905,CC(=O)Cc1ccc(NC(=O)NC(=O)c2ccccc2)cc1,True,pass,True,0,0,,,True,True,True,True,True,True,True,True,True,True,True,True,True,True,True,True,True,True,True,True,True,True
pose001906,1906,C[SH]=C(C)c1ccc(C(=O)C(=O)c2ccc(Nc3ncc(F)c(-c4cnc(C)n4C(C)C)n3)cc2)cc1,True,pass,True,0,0,,,True,True,True,True,True,True,True,True,True,True,True,True,True,True,True,True,True,True,True,True,True,True
pose001907,1907,CC(=O)Nc1ccc(C(=O)Nc2ccccc2F)cc1,True,pass,True,0,0,,,True,True,True,True,True,True,True,True,True,True,True,True,True,True,True,True,True,True,True,True,True,True
pose001908,1908,C[C@@H](O)[C@@H](C)Nc1nc(Nc2ccc(S(=N)(=O)CCO)cc2)ncc1Br,True,pass,True,0,0,,,True,True,True,True,True,True,True,True,True,True,True,True,True,True,True,True,True,True,True,True,True,True
pose001909,1909,Oc1cccnc1Cc1ccc(N2CCCNCC2)cc1,True,pass,True,0,0,,,True,True,True,True,True,True,True,True,True,True,True,True,True,True,True,True,True,True,True,True,True,True
pose001910,1910,CNC(=O)c1ccc(Nc2ccc(C(=O)N(C)C)cc2)cc1,True,pass,True,0,0,,,True,True,True,True,True,True,True,True,True,True,True,True,True,True,True,True,True,True,True,True,True,True
pose001911,1911,CC(=O)Nc1cccc(C(=O)N2CCN(C(=O)c3ccccc3)CC2)c1,True,pass,True,0,0,,,True,True,True,True,True,True,True,True,True,True,True,True,True,True,True,True,True,True,True,True,True,True
pose001912,1912,O=C(Nc1ncc2c(n1)CN(C(=O)C1CC1)CC2)C1CCCCC1,True,pass,True,0,0,,,True,True,True,True,True,True,True,True,True,True,True,True,True,True,True,True,True,True,True,True,True,True
pose001913,1913,COCCN1CCN(Cc2ccc(-c3[nH]nc4c3C(=O)c3c(NC(=O)NN5CCOCC5)cccc3-4)cc2)CC1,True,pass,True,0,0,,,True,True,True,True,True,True,True,True,True,True,True,True,True,True,True,True,True,True,True,True,True,True
pose001914,1914,O=C(O)c1cc(O)c(O)c2c1c([N+](=O)[O-])cc1ccccc12,True,pass,True,0,0,,,True,True,True,True,True,True,True,True,True,True,True,True,True,True,True,True,True,True,True,True,True,True
pose001915,1915,Clc1cccc(Nc2nccc(-c3ccnc(N4CCOCC4)c3)n2)c1,True,pass,True,0,0,,,True,True,True,True,True,True,True,True,True,True,True,True,True,True,True,True,True,True,True,True,True,True
pose001916,1916,N[S+]([O-])c1cccc2[nH]c(O)c(N=Nc3ccc(N=Nc4ccc(-c5ccc(S(N)(=O)=O)cc5)cc4)cc3)c12,True,pass,True,0,0,,,True,True,True,True,True,True,True,True,True,True,True,True,True,True,True,True,True,True,True,True,True,True
pose001917,1917,Oc1ccc(C2CCN(Cc3ccccc3)CC2)cc1,True,pass,True,0,0,,,True,True,True,True,True,True,True,True,True,True,True,True,True,True,True,True,True,True,True,True,True,True
pose001918,1918,CC(O)CSc1nc(Nc2ccc(S(C)(=N)=O)cc2)ncc1Br,True,pass,True,0,0,,,True,True,True,True,True,True,True,True,True,True,True,True,True,True,True,True,True,True,True,True,True,True
pose001919,1919,Cn1nc(C(N)=O)c2c1-c1nc(Nc3ccc(SNNNc4ccc(N)cc4)cc3)ncc1CC2,True,pass,True,0,0,,,True,True,True,True,True,True,True,True,True,True,True,True,True,True,True,True,True,True,True,True,True,True
pose001920,1920,O=C(Cc1ccc(F)cc1)NC(=O)c1c(F)cccc1F,True,pass,True,0,0,,,True,True,True,True,True,True,True,True,True,True,True,True,True,True,True,True,True,True,True,True,True,True
pose001921,1921,Cc1ncc(Nc2ccc(S(N)(=O)=O)cc2)n1C1CC1,True,pass,True,0,0,,,True,True,True,True,True,True,True,True,True,True,True,True,True,True,True,True,True,True,True,True,True,True
pose001922,1922,Cn1nc(NCCc2ccccc2)c2c1-c1nc(N)ncc1NCC2(C)C,True,pass,True,0,0,,,True,True,True,True,True,True,True,True,True,True,True,True,True,True,True,True,True,True,True,True,True,True
pose001923,1923,Cc1nc2c(F)cc(-c3nc(Nc4ncc5c(n4)CCNC5)ncc3F)cc2n1C(C)C,True,pass,True,0,0,,,True,True,True,True,True,True,True,True,True,True,True,True,True,True,True,True,True,True,True,True,True,True
pose001924,1924,O=C(CCc1ccc(Cl)cc1)NC(=O)c1ccncc1,True,pass,True,0,0,,,True,True,True,True,True,True,True,True,True,True,True,True,True,True,True,True,True,True,True,True,True,True
pose001925,1925,CC(C)CCc1cc(-c2ccc(S(N)(=O)=O)cc2)nc(N)n1,True,pass,True,0,0,,,True,True,True,True,True,True,True,True,True,True,True,True,True,True,True,True,True,True,True,True,True,True
pose001926,1926,CC(=O)N(C)C(=O)Nc1ccc(C(=O)Nc2ccccc2)cc1,True,pass,True,0,0,,,True,True,True,True,True,True,True,True,True,True,True,True,True,True,True,True,True,True,True,True,True,True
pose001927,1927,C[C@H](O)CN1CCN(c2ccc(Nc3ccc(S(=O)(=O)C4CCCC4)cc3)nc2)C[C@H]1C,True,pass,True,0,0,,,True,True,True,True,True,True,True,True,True,True,True,True,True,True,True,True,True,True,True,True,True,True
pose001928,1928,CC(=O)[N+](=CC=CC(N)=O)CC(=O)c1ccc(Nc2ncc(F)c(-c3cnc(C)n3C(C)C)n2)cc1,True,pass,True,0,0,,,True,True,True,True,True,True,True,True,True,True,True,True,True,True,True,True,True,True,True,True,True,True
pose001929,1929,Cn1nc(C(N)=O)c2c1-c1nc(Nc3ccc(-c4ccc(-c5ccccc5)cc4)cc3)ncc1CC2,True,pass,True,0,0,,,True,True,True,True,True,True,True,True,True,True,True,True,True,True,True,True,True,True,True,True,True,True
pose001930,1930,CSS[C@H](Oc1nc(Nc2ccc(S(=O)(=O)ON)cc2)ncc1C(F)(F)F)[C@@H](C)O,True,pass,True,0,0,,,True,True,True,True,True,True,True,True,True,True,True,True,True,True,True,True,True,True,True,True,True,True
pose001931,1931,CNC1=C(CC(=O)Cc2cccc(Cl)c2)CCc2cnc(C[C@@H](N)C#N)nc21,True,pass,True,0,0,,,True,True,True,True,True,True,True,True,True,True,True,True,True,True,True,True,True,True,True,True,True,True
pose001932,1932,CCc1nnc(N2CCCNCC2)c2cccc(C)c12,True,pass,True,0,0,,,True,True,True,True,True,True,True,True,True,True,True,True,True,True,True,True,True,True,True,True,True,True
pose001933,1933,CC(C)n1cnnc1-c1cccc(NC(=O)ON2CCCCC2)n1,True,pass,True,0,0,,,True,True,True,True,True,True,True,True,True,True,True,True,True,True,True,True,True,True,True,True,True,True
pose001934,1934,CC(=O)Nc1ccc(-c2ccc(CN3CCOCC3)cc2)cc1,True,pass,True,0,0,,,True,True,True,True,True,True,True,True,True,True,True,True,True,True,True,True,True,True,True,True,True,True
pose001935,1935,N#Cc1ccc2c(CCNc3ccc(C(F)(F)F)cc3C(=O)O)c[nH]c2c1,True,pass,True,0,0,,,True,True,True,True,True,True,True,True,True,True,True,True,True,True,True,True,True,True,True,True,True,True
pose001936,1936,CN1CCC(NC(=O)c2ccc(NSc3ncc(F)c(C#N)n3)cc2)CC1,True,pass,True,0,0,,,True,True,True,True,True,True,True,True,True,True,True,True,True,True,True,True,True,True,True,True,True,True
pose001937,1937,CC(C)(C)NC(=O)c1ccc(-c2ccc(S(N)(=O)=O)cc2)cc1,True,pass,True,0,0,,,True,True,True,True,True,True,True,True,True,True,True,True,True,True,True,True,True,True,True,True,True,True
pose001938,1938,COc1ccccc1Nc1ccnc(Nc2ccc(OCS(N)(=O)=O)cn2)n1,True,pass,True,0,0,,,True,True,True,True,True,True,True,True,True,True,True,True,True,True,True,True,True,True,True,True,True,True
pose001939,1939,O=[N+]([O-])c1cccc(Nc2nccc(-c3cnn4ncccc34)n2)c1,True,pass,True,0,0,,,True,True,True,True,True,True,True,True,True,True,True,True,True,True,True,True,True,True,True,True,True,True
pose001940,1940,COC(=O)CN1CCc2nc(Nc3ncc(F)c(-c4cc(F)c5nc(C)n(C(C)C)c5c4)n3)ccc2C1,True,pass,True,0,0,,,True,True,True,True,True,True,True,True,True,True,True,True,True,True,True,True,True,True,True,True,True,True
pose001941,1941,Cc1nnc2sc(Nc3nc(Nc4ccc(F)c(NC(=O)CN(C)C)c4)ncc3F)nn12,True,pass,True,0,0,,,True,True,True,True,True,True,True,True,True,True,True,True,True,True,True,True,True,True,True,True,True,True
pose001942,1942,CC(=O)Nc1ccc(CNc2nc(S(=O)(=O)N(C)C)nc3c(C(C)C)cnn23)cc1,True,pass,True,0,0,,,True,True,True,True,True,True,True,True,True,True,True,True,True,True,True,True,True,True,True,True,True,True
pose001943,1943,Cn1nc(C(N)=O)c2c1-c1nc(Nc3ccc(Sc4ccc(NSc5ccccc5)cc4)cc3)ncc1CC2,True,pass,True,0,0,,,True,True,True,True,True,True,True,True,True,True,True,True,True,True,True,True,True,True,True,True,True,True
pose001944,1944,O=c1cc(Sc2ccccc2Cl)oc2c(C3CCNCC3)c(O)cc(O)c12,True,pass,True,0,0,,,True,True,True,True,True,True,True,True,True,True,True,True,True,True,True,True,True,True,True,True,True,True
pose001945,1945,COc1cc(Nc2ncc(Br)c(O[C@H](C)[C@H](C)O)n2)ccc1S(C)(=N)=O,True,pass,True,0,0,,,True,True,True,True,True,True,True,True,True,True,True,True,True,True,True,True,True,True,True,True,True,True
pose001946,1946,COc1ccc(-c2ocnc2C(=O)NCc2ccncc2)cc1F,True,pass,True,0,0,,,True,True,True,True,True,True,True,True,True,True,True,True,True,True,True,True,True,True,True,True,True,True
pose001947,1947,CS(=O)(=O)NC(=O)Cc1ccc(-c2ccccc2)cc1,True,pass,True,0,0,,,True,True,True,True,True,True,True,True,True,True,True,True,True,True,True,True,True,True,True,True,True,True
pose001948,1948,O=C1Nc2ccc(F)c3c(S[C@H]4CCNC4)cc(-c4ccc[nH]4)c1c23,True,pass,True,0,0,,,True,True,True,True,True,True,True,True,True,True,True,True,True,True,True,True,True,True,True,True,True,True
pose001949,1949,C[C@H]([C@@H](C)O)S(=O)(=O)c1ccc(Nc2ncc(C(F)(F)F)c(O[C@@H](C)O)n2)cc1,True,pass,True,0,0,,,True,True,True,True,True,True,True,True,True,True,True,True,True,True,True,True,True,True,True,True,True,True
pose001950,1950,CC(C)c1cnn2c(NCc3ccccc3)cc(N[C@@H](CO)[C@H](O)CO)nc12,True,pass,True,0,0,,,True,True,True,True,True,True,True,True,True,True,True,True,True,True,True,True,True,True,True,True,True,True
pose001951,1951,Cc1ccccc1NC(=O)NCC(=O)Nc1ccccc1,True,pass,True,0,0,,,True,True,True,True,True,True,True,True,True,True,True,True,True,True,True,True,True,True,True,True,True,True
pose001952,1952,CC(C)=Cc1cccc2[nH]c(O)c(N=Nc3ccc(Cc4ccc(-c5ccc(S(N)(=O)=O)cc5)cc4)cc3)c12,True,pass,True,0,0,,,True,True,True,True,True,True,True,True,True,True,True,True,True,True,True,True,True,True,True,True,True,True
pose001953,1953,COc1c[nH]c(CN=Cc2c(=O)[nH]c(O)c3ccc(I)cc23)cc1=O,True,pass,True,0,0,,,True,True,True,True,True,True,True,True,True,True,True,True,True,True,True,True,True,True,True,True,True,True
pose001954,1954,CN(C)C(=O)c1ccc(Nc2cc3c(cn2)cc(C(=O)N(C)C)n3C(=O)N2C[C@H](O)[C@@H](O)C2)c(Cl)c1,True,pass,True,0,0,,,True,True,True,True,True,True,True,True,True,True,True,True,True,True,True,True,True,True,True,True,True,True
pose001955,1955,N#Cc1ccc(Nc2nccc(-c3cnn4ncccc34)n2)cc1,True,pass,True,0,0,,,True,True,True,True,True,True,True,True,True,True,True,True,True,True,True,True,True,True,True,True,True,True
pose001956,1956,Cc1ccc(N2CCc3cnc(NCC4CC4)nc3C2)cc1Cl,True,pass,True,0,0,,,True,True,True,True,True,True,True,True,True,True,True,True,True,True,True,True,True,True,True,True,True,True
pose001957,1957,CC(C)(O)CSc1nc(Nc2ccc(S(C)(=N)=O)cc2)ncc1Br,True,pass,True,0,0,,,True,True,True,True,True,True,True,True,True,True,True,True,True,True,True,True,True,True,True,True,True,True
pose001958,1958,O=C1Nc2cc3c(O)cccc3c3c4c(cc1c23)OCO4,True,pass,True,0,0,,,True,True,True,True,True,True,True,True,True,True,True,True,True,True,True,True,True,True,True,True,True,True
pose001959,1959,CC(=O)CCc1ccc(-c2ccc(S(N)(=O)=O)cc2)cc1,True,pass,True,0,0,,,True,True,True,True,True,True,True,True,True,True,True,True,True,True,True,True,True,True,True,True,True,True
pose001960,1960,Cc1c(N[C@H]2CCCNC2)nc2ccnn2c1N[C@H]1CC[C@H](N)CC1,True,pass,True,0,0,,,True,True,True,True,True,True,True,True,True,True,True,True,True,True,True,True,True,True,True,True,True,True
pose001961,1961,CCC(CC)n1c(C)nc2c(F)cc(-c3nc(Nc4ccc5c(n4)CCN(CCN(C)C)C5)ncc3F)cc21,True,pass,True,0,0,,,True,True,True,True,True,True,True,True,True,True,True,True,True,True,True,True,True,True,True,True,True,True
pose001962,1962,CN(C)S(=O)(=O)c1ccc(N=Cc2c(O)[nH]c3ccc4ncsc4c23)cc1,True,pass,True,0,0,,,True,True,True,True,True,True,True,True,True,True,True,True,True,True,True,True,True,True,True,True,True,True
pose001963,1963,O=C(O)c1cc(C(F)(F)F)ccc1NCCc1c[nH]c2ccccc12,True,pass,True,0,0,,,True,True,True,True,True,True,True,True,True,True,True,True,True,True,True,True,True,True,True,True,True,True
pose001964,1964,CCC(=O)Nc1ccc(C2=CCN(S(C)(=O)=O)CC2)cc1,True,pass,True,0,0,,,True,True,True,True,True,True,True,True,True,True,True,True,True,True,True,True,True,True,True,True,True,True
pose001965,1965,Cc1ncc(-c2ccnc(NC(C)C)n2)n1C1CCN(C)CC1,True,pass,True,0,0,,,True,True,True,True,True,True,True,True,True,True,True,True,True,True,True,True,True,True,True,True,True,True
pose001966,1966,NS(=O)(=O)c1ccc(Nc2ccc(C3CC3)cc2)cc1,True,pass,True,0,0,,,True,True,True,True,True,True,True,True,True,True,True,True,True,True,True,True,True,True,True,True,True,True
pose001967,1967,O=C(Cc1cccc2c1OCCC2)NCc1cccc(Cl)c1,True,pass,True,0,0,,,True,True,True,True,True,True,True,True,True,True,True,True,True,True,True,True,True,True,True,True,True,True
pose001968,1968,O=C(Nc1ccc(CN2CCCCC2)cn1)c1ccccc1F,True,pass,True,0,0,,,True,True,True,True,True,True,True,True,True,True,True,True,True,True,True,True,True,True,True,True,True,True
pose001969,1969,Cc1ncc(OS(=O)(=O)c2ccc(Nc3nccc(-c4cnc(C)n4C(C)C)n3)cc2)n1OS(=O)(=O)C(C)C,True,pass,True,0,0,,,True,True,True,True,True,True,True,True,True,True,True,True,True,True,True,True,True,True,True,True,True,True
pose001970,1970,C=C(C=CCCC(=O)c1ccc(CC(=O)Nc2[nH]nc3ccc(N4CCCS4(=O)=O)cc23)cc1)C(C)C,True,pass,True,0,0,,,True,True,True,True,True,True,True,True,True,True,True,True,True,True,True,True,True,True,True,True,True,True
pose001971,1971,C[C@@H](NC(=O)N1CCc2cnc(Nc3cnn(C)c3)nc2C1)c1ccc(Cl)c(Cl)c1,True,pass,True,0,0,,,True,True,True,True,True,True,True,True,True,True,True,True,True,True,True,True,True,True,True,True,True,True
pose001972,1972,NS(=O)(=O)c1ccc(N=Nc2ccc(Nc3cc(-c4cccc(O)c4)[nH]n3)cc2)cc1,True,pass,True,0,0,,,True,True,True,True,True,True,True,True,True,True,True,True,True,True,True,True,True,True,True,True,True,True
pose001973,1973,CC(=O)Nc1ccc(CNc2nc(N=C3CCN(C)CC3)nc3c(C(C)C)cnn23)cc1,True,pass,True,0,0,,,True,True,True,True,True,True,True,True,True,True,True,True,True,True,True,True,True,True,True,True,True,True
pose001974,1974,CC(C)Cc1ccc(-c2ccc(S(N)(=O)=O)cc2)nc1,True,pass,True,0,0,,,True,True,True,True,True,True,True,True,True,True,True,True,True,True,True,True,True,True,True,True,True,True
pose001975,1975,CC(=O)c1c(C)c2cnc(Nc3ccc(CN(C)C)cn3)nc2n(C2CCCC2)c1=O,True,pass,True,0,0,,,True,True,True,True,True,True,True,True,True,True,True,True,True,True,True,True,True,True,True,True,True,True
pose001976,1976,CC(=Nc1ccc(S(N)(=O)=O)cc1)N=C(c1ccc([S+](N)[O-])cc1)c1c(O)[nH]c2ccc(-c3cnco3)cc12,True,pass,True,0,0,,,True,True,True,True,True,True,True,True,True,True,True,True,True,True,True,True,True,True,True,True,True,True
pose001977,1977,CN(CCc1ccc(N2CCNCC2)cc1)C(=O)OC(C)(C)C,True,pass,True,0,0,,,True,True,True,True,True,True,True,True,True,True,True,True,True,True,True,True,True,True,True,True,True,True
pose001978,1978,O=C(Nc1ccccc1)c1cccc(CN2CCCCC2)n1,True,pass,True,0,0,,,True,True,True,True,True,True,True,True,True,True,True,True,True,True,True,True,True,True,True,True,True,True
pose001979,1979,CC(C)Nc1ccc(Oc2ccc(S(N)(=O)=O)cc2)cc1,True,pass,True,0,0,,,True,True,True,True,True,True,True,True,True,True,True,True,True,True,True,True,True,True,True,True,True,True
pose001980,1980,CCOc1ccccc1Nc1ccc(N2CCOCOC2)c(C)c1,True,pass,True,0,0,,,True,True,True,True,True,True,True,True,True,True,True,True,True,True,True,True,True,True,True,True,True,True
pose001981,1981,C[C@@H](O)C(Oc1nc(Nc2ccc(S(=N)(=O)C3CC3)cc2)ncc1C(F)(F)F)C(F)(F)F,True,pass,True,0,0,,,True,True,True,True,True,True,True,True,True,True,True,True,True,True,True,True,True,True,True,True,True,True
pose001982,1982,CC[C@@H](CO)Nc1nc(NCc2ccc(NC(C)=O)cc2)n2ncc(C(C)C)c2n1,True,pass,True,0,0,,,True,True,True,True,True,True,True,True,True,True,True,True,True,True,True,True,True,True,True,True,True,True
pose001983,1983,Cc1nn(C2CCNCC2)c(C)c1Nc1ncc(Cl)c(-c2ccc[nH]2)n1,True,pass,True,0,0,,,True,True,True,True,True,True,True,True,True,True,True,True,True,True,True,True,True,True,True,True,True,True
pose001984,1984,CCc1ccc(C(=O)NCC(=O)Nc2ccccc2)cc1,True,pass,True,0,0,,,True,True,True,True,True,True,True,True,True,True,True,True,True,True,True,True,True,True,True,True,True,True
pose001985,1985,Cc1ncc(-c2nc(NC(=O)NC(C)C)ncc2F)n1C(C)C,True,pass,True,0,0,,,True,True,True,True,True,True,True,True,True,True,True,True,True,True,True,True,True,True,True,True,True,True
pose001986,1986,O=C(Cc1cccc(Cl)c1)C(=O)Nc1[nH]nc2ccc(N3CCCS3(=O)=O)cc12,True,pass,True,0,0,,,True,True,True,True,True,True,True,True,True,True,True,True,True,True,True,True,True,True,True,True,True,True
pose001987,1987,COc1ccc2[nH]nc(C(=O)NCC3CCN(CCc4ccc(O)cc4)CC3)c2c1,True,pass,True,0,0,,,True,True,True,True,True,True,True,True,True,True,True,True,True,True,True,True,True,True,True,True,True,True
pose001988,1988,O=C(Nc1ccc(N2CCOCC2)cc1)c1ccccc1F,True,pass,True,0,0,,,True,True,True,True,True,True,True,True,True,True,True,True,True,True,True,True,True,True,True,True,True,True
pose001989,1989,CC1CCN(c2cn(C)c3ccc(C(=O)O)cc23)CC1,True,pass,True,0,0,,,True,True,True,True,True,True,True,True,True,True,True,True,True,True,True,True,True,True,True,True,True,True
pose001990,1990,Cc1ncc(-c2ccnc(Sc3ccnc(Nc4ccc(C(N)=O)cc4)n3)n2)n1C(C)C,True,pass,True,0,0,,,True,True,True,True,True,True,True,True,True,True,True,True,True,True,True,True,True,True,True,True,True,True
pose001991,1991,O=c1[nH]c(O)c(C=Nc2ccc(CN3CCCCC3)cc2)c2ccccc12,True,pass,True,0,0,,,True,True,True,True,True,True,True,True,True,True,True,True,True,True,True,True,True,True,True,True,True,True
pose001992,1992,O=C(Nc1ccc(Nc2cccc(CN3CCOCC3)c2)cn1)c1c(O)cccc1Cl,True,pass,True,0,0,,,True,True,True,True,True,True,True,True,True,True,True,True,True,True,True,True,True,True,True,True,True,True
pose001993,1993,CC(C)Cc1ccc(C(=O)Nc2ccc(S(N)(=O)=O)cc2)cc1,True,pass,True,0,0,,,True,True,True,True,True,True,True,True,True,True,True,True,True,True,True,True,True,True,True,True,True,True
pose001994,1994,CON=CNC(=O)c1ccc2[nH]c(O)c(C=Nc3ccc(S(N)(=O)=O)cc3)c2c1,True,pass,True,0,0,,,True,True,True,True,True,True,True,True,True,True,True,True,True,True,True,True,True,True,True,True,True,True
pose001995,1995,C[C@@H](Nc1nc(Nc2ccc(S(=N)(=O)CC3CC3)cc2)ncc1Br)C(C)(C)O,True,pass,True,0,0,,,True,True,True,True,True,True,True,True,True,True,True,True,True,True,True,True,True,True,True,True,True,True
