arm,seed,generation,n_generated,median_size_pctile,best_pred_real,median_pred_real,median_pred_scrambled,median_max_tanimoto,median_qed,median_sa,median_heavy_atoms,median_fitness,median_followed_pred
activity_only,42,0,100,100.0,8.4666,6.66064,6.59201,1.0,0.51425,2.83206,30.0,0.53213,6.66064
activity_only,42,1,48,6.7557,8.08512,7.125365,6.563095000000001,0.54345,0.42140999999999995,3.273025,30.0,0.625075,7.125365
activity_only,42,2,63,6.49819,8.40016,7.42602,6.55852,0.52564,0.38704,3.27417,32.0,0.6852,7.42602
activity_only,42,3,70,6.7557,8.44628,7.611940000000001,6.50911,0.55001,0.346385,3.234635,33.0,0.722385,7.611940000000001
activity_only,42,4,76,6.494415,8.44628,7.695155,6.494400000000001,0.55243,0.31644,3.201685,33.0,0.739035,7.695155
activity_only,42,5,81,7.16113,8.44628,7.82934,6.51882,0.58065,0.28623,3.22482,33.0,0.76587,7.82934
activity_only,42,6,83,8.0597,8.44628,7.91717,6.5323,0.5977,0.28623,3.21372,33.0,0.78343,7.91717
activity_only,42,7,85,7.76119,8.44628,8.00366,6.5323,0.60345,0.25884,3.28101,34.0,0.80073,8.00366
activity_only,42,8,89,8.64198,8.44628,8.08048,6.60251,0.625,0.29201,3.27536,33.0,0.8161,8.08048
activity_only,42,9,91,10.01927,8.44628,8.10476,6.62756,0.63768,0.31702,3.26641,33.0,0.82095,8.10476
activity_only,42,10,91,11.30298,8.44628,8.14321,6.66006,0.64151,0.33499,3.11573,33.0,0.82864,8.14321
activity_only,42,11,91,14.77833,8.44628,8.17419,6.65593,0.66667,0.37861,3.08029,32.0,0.83484,8.17419
activity_only,42,12,94,13.783909999999999,8.52779,8.19647,6.64771,0.66667,0.377245,3.1268000000000002,32.0,0.839295,8.19647
activity_only,42,13,95,11.94605,8.53008,8.21177,6.64209,0.66667,0.36052,3.17048,33.0,0.84235,8.21177
activity_only,42,14,95,11.94605,8.53008,8.23284,6.66188,0.67213,0.34642,3.2001,32.0,0.84657,8.23284
activity_only,42,15,95,15.92775,8.55027,8.2505,6.66006,0.68852,0.36889,3.11575,33.0,0.8501,8.2505
activity_only,42,16,95,13.24042,8.55027,8.27197,6.64091,0.67273,0.36841,3.11575,33.0,0.85439,8.27197
activity_only,42,17,95,15.22158,8.55027,8.28332,6.64209,0.67692,0.37799,3.11478,33.0,0.85666,8.28332
activity_only,42,18,95,15.22158,8.55027,8.35347,6.62431,0.67692,0.39038,3.11478,32.0,0.87069,8.35347
activity_only,42,19,96,14.08451,8.55027,8.37255,6.57366,0.674525,0.368045,3.11376,33.0,0.8745099999999999,8.37255
activity_only,42,20,98,14.516825,8.55027,8.39301,6.57799,0.677445,0.366325,3.07087,33.0,0.878605,8.39301
activity_only,42,21,98,15.376745,8.60082,8.40016,6.582435,0.6798949999999999,0.368045,3.07087,33.0,0.88003,8.40016
activity_only,42,22,99,14.25532,8.60082,8.41446,6.57606,0.67692,0.36768,3.08029,33.0,0.88289,8.41446
activity_only,42,23,99,14.68144,8.60082,8.4267,6.56307,0.67797,0.37535,3.08423,33.0,0.88534,8.4267
activity_only,42,24,99,16.41791,8.60082,8.45679,6.5374,0.68966,0.37535,3.07298,33.0,0.89136,8.45679
activity_only,42,25,99,16.41791,8.60082,8.46733,6.51827,0.6962,0.36497,3.08871,33.0,0.89347,8.46733
activity_only,42,26,99,17.14836,8.60082,8.47052,6.48453,0.70175,0.36188,3.08423,34.0,0.8941,8.47052
activity_only,42,27,99,16.02787,8.60082,8.48016,6.47565,0.69643,0.35504,3.09753,34.0,0.89603,8.48016
activity_only,42,28,99,16.02787,8.60082,8.48587,6.46907,0.70312,0.34769,3.04775,34.0,0.89717,8.48587
activity_only,42,29,99,15.79961,8.60082,8.49881,6.47565,0.70312,0.32215,3.04215,34.0,0.89976,8.49881
activity_only,42,30,99,16.02787,8.60082,8.50752,6.47531,0.70312,0.32215,3.03846,34.0,0.9015,8.50752
activity_only,42,31,100,15.796890000000001,8.60082,8.510815000000001,6.472615,0.699205,0.31768,3.0390300000000003,34.0,0.902165,8.510815000000001
activity_only,42,32,100,14.78753,8.60082,8.51265,6.47546,0.70156,0.31964000000000004,3.0408749999999998,34.0,0.90253,8.51265
activity_only,42,33,100,16.220565,8.60082,8.521325000000001,6.472615,0.7073,0.322705,3.04344,34.0,0.904265,8.521325000000001
activity_only,42,34,100,16.220565,8.60546,8.52726,6.47223,0.70402,0.309285,3.07441,34.0,0.90545,8.52726
activity_only,42,35,100,16.532335,8.60546,8.528765,6.46915,0.7063999999999999,0.30689500000000003,3.105,34.0,0.9057550000000001,8.528765
activity_only,42,36,100,16.89751,8.61488,8.529959999999999,6.46915,0.70968,0.309285,3.069755,34.0,0.9059950000000001,8.529959999999999
activity_only,42,37,100,17.119275000000002,8.61488,8.532385,6.46341,0.7178,0.308145,3.09043,34.0,0.9064749999999999,8.532385
activity_only,42,38,100,17.555535,8.61488,8.534255,6.46341,0.72131,0.30703,3.113495,34.0,0.9068499999999999,8.534255
activity_only,42,39,100,17.885265,8.61488,8.542555,6.46699,0.7221949999999999,0.309285,3.06041,34.0,0.90851,8.542555
activity_only,42,40,100,17.119275000000002,8.61488,8.54784,6.47914,0.72131,0.30583000000000005,3.06041,34.0,0.90957,8.54784
activity_only,42,41,100,16.863390000000003,8.62558,8.553745,6.48299,0.71199,0.30308999999999997,3.0667299999999997,34.0,0.91075,8.553745
activity_only,42,42,100,15.570834999999999,8.62558,8.558235,6.484495,0.70968,0.28256,3.1212999999999997,35.0,0.9116500000000001,8.558235
activity_only,42,43,100,14.951509999999999,8.6347,8.56562,6.48924,0.700765,0.26768000000000003,3.1212999999999997,35.0,0.913125,8.56562
activity_only,42,44,100,14.015585,8.63724,8.572845,6.48924,0.69841,0.265385,3.119995,35.0,0.91457,8.572845
activity_only,42,45,100,14.015585,8.63724,8.576335,6.49206,0.69841,0.24994,3.1147299999999998,35.0,0.915265,8.576335
activity_only,42,46,100,13.652375,8.63724,8.58287,6.48299,0.69841,0.245775,3.12473,35.0,0.916575,8.58287
activity_only,42,47,100,13.802085,8.63724,8.584375000000001,6.48299,0.69841,0.238625,3.1147299999999998,35.5,0.916875,8.584375000000001
activity_only,42,48,100,13.87283,8.63724,8.585235,6.47481,0.69841,0.242535,3.095755,35.5,0.9170499999999999,8.585235
activity_only,42,49,100,13.87283,8.63724,8.586745,6.47481,0.69841,0.245775,3.071895,35.0,0.91735,8.586745
activity_only,42,50,100,13.87283,8.63724,8.58897,6.46608,0.69841,0.245165,3.071895,35.0,0.91779,8.58897
activity_only,43,0,100,100.0,8.56234,6.514155,6.699425,1.0,0.53384,2.744945,29.0,0.50283,6.514155
activity_only,43,1,51,8.02469,8.1484,7.0865,6.59404,0.5679,0.51306,3.05092,28.0,0.6173,7.0865
activity_only,43,2,63,7.15421,8.1484,7.30489,6.58209,0.56452,0.49336,3.06675,30.0,0.66098,7.30489
activity_only,43,3,73,8.80503,8.15755,7.52263,6.57698,0.57333,0.46044,3.16977,29.0,0.70453,7.52263
activity_only,43,4,81,8.96226,8.15755,7.63026,6.5928,0.59701,0.49336,3.19373,29.0,0.72605,7.63026
activity_only,43,5,85,7.83972,8.4588,7.70288,6.6133,0.57812,0.44287,3.17548,30.0,0.74058,7.70288
activity_only,43,6,89,7.47922,8.4588,7.74937,6.62435,0.56667,0.44287,3.23434,30.0,0.74987,7.74937
activity_only,43,7,89,8.53659,8.55398,7.81509,6.6133,0.60656,0.404,3.31805,32.0,0.76302,7.81509
activity_only,43,8,89,8.53659,8.55398,7.85002,6.6133,0.61039,0.37201,3.37422,32.0,0.77,7.85002
activity_only,43,9,89,10.67504,8.55398,7.91599,6.55866,0.62264,0.37199,3.38901,32.0,0.7832,7.91599
activity_only,43,10,90,10.75624,8.55398,8.00396,6.590825,0.627265,0.36601,3.4043,33.0,0.80079,8.00396
activity_only,43,11,90,11.324045,8.55398,8.032855,6.60031,0.639,0.37370000000000003,3.34045,32.0,0.80657,8.032855
activity_only,43,12,91,10.67504,8.55398,8.06013,6.59796,0.64615,0.3758,3.31802,32.0,0.81203,8.06013
activity_only,43,13,91,11.14983,8.55398,8.08352,6.6133,0.66154,0.3609,3.20778,33.0,0.8167,8.08352
activity_only,43,14,94,15.902365,8.55398,8.121675,6.68252,0.67579,0.36835,3.14944,33.0,0.824335,8.121675
activity_only,43,15,94,17.581595,8.55398,8.15122,6.67537,0.686345,0.40301,3.1143099999999997,32.0,0.83024,8.15122
activity_only,43,16,94,15.902365,8.55398,8.157350000000001,6.693985,0.67742,0.38875000000000004,3.11542,32.0,0.8314699999999999,8.157350000000001
activity_only,43,17,94,18.37979,8.55398,8.168285000000001,6.707555,0.686345,0.40893,3.097335,32.0,0.833655,8.168285000000001
activity_only,43,18,95,16.89895,8.55398,8.17886,6.72784,0.6875,0.41386,3.09444,32.0,0.83577,8.17886
activity_only,43,19,95,20.59701,8.55398,8.19239,6.72784,0.71154,0.41386,3.0959,32.0,0.83848,8.19239
activity_only,43,20,97,20.59701,8.55398,8.1994,6.72784,0.71154,0.42476,3.04979,31.0,0.83988,8.1994
activity_only,43,21,97,23.61809,8.55398,8.20324,6.73913,0.71154,0.42476,2.99577,31.0,0.84065,8.20324
activity_only,43,22,97,20.59701,8.55398,8.21127,6.75674,0.71154,0.41386,3.00503,31.0,0.84225,8.21127
activity_only,43,23,98,20.597245,8.55398,8.220095,6.742405,0.71154,0.423025,3.0309,31.0,0.84402,8.220095
activity_only,43,24,98,18.777105,8.55398,8.232545,6.739305,0.7008749999999999,0.416395,3.0279,31.0,0.84651,8.232545
activity_only,43,25,98,19.86063,8.55398,8.235575,6.753615,0.71154,0.41458,3.024375,31.0,0.8471150000000001,8.235575
activity_only,43,26,98,17.70068,8.55398,8.2424,6.753615,0.706645,0.369225,3.03601,32.0,0.84848,8.2424
activity_only,43,27,98,17.184745,8.55398,8.250615,6.76924,0.7008749999999999,0.365765,3.01427,32.0,0.850125,8.250615
activity_only,43,28,98,16.3752,8.55398,8.251225,6.7646,0.68519,0.362035,3.01427,32.0,0.850245,8.251225
activity_only,43,29,98,16.42936,8.65201,8.25353,6.742405,0.69165,0.35716000000000003,3.01427,32.0,0.8507100000000001,8.25353
activity_only,43,30,98,16.646015,8.65201,8.255325,6.73909,0.69165,0.351275,3.002945,32.0,0.851065,8.255325
activity_only,43,31,98,16.646015,8.65201,8.26155,6.73909,0.692805,0.358575,2.98961,32.0,0.85231,8.26155
activity_only,43,32,98,17.70068,8.65201,8.26821,6.73909,0.6983699999999999,0.358575,2.97797,32.0,0.853645,8.26821
activity_only,43,33,98,18.777105,8.65201,8.26919,6.7413799999999995,0.70019,0.365765,2.91502,32.0,0.8538399999999999,8.26919
activity_only,43,34,98,18.025370000000002,8.65201,8.281375,6.735585,0.70019,0.37531000000000003,2.91502,31.5,0.8562749999999999,8.281375
activity_only,43,35,98,20.976135,8.65201,8.28748,6.727275,0.713075,0.362035,2.91314,32.0,0.857495,8.28748
activity_only,43,36,98,20.102255,8.65201,8.29331,6.727275,0.7167950000000001,0.36618,2.945125,32.0,0.858665,8.29331
activity_only,43,37,98,20.102255,8.65201,8.297105,6.69327,0.713075,0.358575,2.91502,32.0,0.8594200000000001,8.297105
activity_only,43,38,98,20.102255,8.65201,8.303935,6.673415,0.71186,0.35436,2.9107149999999997,32.0,0.860785,8.303935
activity_only,43,39,98,19.762575,8.65201,8.303935,6.666345,0.7108399999999999,0.3408,2.90876,32.0,0.860785,8.303935
activity_only,43,40,98,20.102255,8.65201,8.312585,6.666345,0.71429,0.32836,2.90876,32.0,0.862515,8.312585
activity_only,43,41,98,20.512765,8.65201,8.324269999999999,6.66364,0.72172,0.32836,2.90876,32.0,0.8648549999999999,8.324269999999999
activity_only,43,42,98,23.113909999999997,8.65201,8.329485,6.6597349999999995,0.725705,0.35094000000000003,2.9133199999999997,32.0,0.8659,8.329485
activity_only,43,43,98,27.35849,8.65201,8.33748,6.640895,0.74788,0.33982,2.9665749999999997,32.0,0.8674999999999999,8.33748
activity_only,43,44,98,28.652720000000002,8.65201,8.339365,6.636229999999999,0.75385,0.34887,2.923245,32.0,0.8678699999999999,8.339365
activity_only,43,45,98,28.49549,8.65201,8.34074,6.636229999999999,0.751925,0.33982,2.923245,32.5,0.868145,8.34074
activity_only,43,46,98,30.95665,8.65201,8.351565,6.61758,0.754555,0.350395,2.923245,32.5,0.870315,8.351565
activity_only,43,47,98,31.98817,8.65201,8.353355,6.6285050000000005,0.7680549999999999,0.350395,2.907765,32.0,0.87067,8.353355
activity_only,43,48,98,36.32075,8.65201,8.361865,6.59961,0.773175,0.362305,2.907765,32.0,0.872375,8.361865
activity_only,43,49,98,36.453059999999994,8.65201,8.362359999999999,6.5997900000000005,0.7768200000000001,0.36876,2.9116,32.0,0.872475,8.362359999999999
activity_only,43,50,98,36.453059999999994,8.65201,8.365034999999999,6.588850000000001,0.7768200000000001,0.362305,2.9116,32.0,0.8730100000000001,8.365034999999999
activity_only,44,0,100,100.0,8.88689,6.5950500000000005,6.802695,1.0,0.5159549999999999,2.964695,29.0,0.51901,6.5950500000000005
activity_only,44,1,51,6.07553,8.36899,7.01452,6.6287,0.5,0.44466,3.15011,29.0,0.6029,7.01452
activity_only,44,2,63,7.12909,8.36899,7.32118,6.69337,0.53947,0.46583,3.25122,29.0,0.66424,7.32118
activity_only,44,3,71,8.7234,8.49373,7.55561,6.76888,0.57647,0.43813,3.26775,31.0,0.71112,7.55561
activity_only,44,4,76,8.053215,8.49373,7.672465,6.752605,0.57143,0.39842500000000003,3.3455399999999997,30.5,0.734495,7.672465
activity_only,44,5,79,8.7234,8.49373,7.79446,6.71749,0.56667,0.39707,3.23196,29.0,0.75889,7.79446
activity_only,44,6,82,7.211855,8.49373,7.84912,6.791845,0.552785,0.34492500000000004,3.3455399999999997,31.0,0.769825,7.84912
activity_only,44,7,83,6.76101,8.49373,7.98874,6.79311,0.53247,0.31778,3.44461,32.0,0.79775,7.98874
activity_only,44,8,85,7.47922,8.55264,8.06058,6.87182,0.5625,0.32356,3.48503,31.0,0.81212,8.06058
activity_only,44,9,85,9.01288,8.55264,8.08289,6.87291,0.57143,0.32771,3.48503,31.0,0.81658,8.08289
activity_only,44,10,88,8.583694999999999,8.55264,8.12763,6.906615,0.58963,0.30643,3.499455,32.0,0.8255250000000001,8.12763
activity_only,44,11,89,9.1954,8.55264,8.1626,7.03014,0.58667,0.3064,3.48503,31.0,0.83252,8.1626
activity_only,44,12,90,9.56679,8.55264,8.19208,7.041175,0.5942,0.30512,3.45922,31.0,0.8384199999999999,8.19208
activity_only,44,13,90,11.52263,8.55264,8.23249,7.109395,0.61204,0.319005,3.435455,31.0,0.8465,8.23249
activity_only,44,14,91,13.04348,8.55264,8.25755,7.19873,0.64151,0.3358,3.4686,31.0,0.85151,8.25755
activity_only,44,15,91,14.19753,8.60139,8.27424,7.15225,0.65432,0.32046,3.52222,31.0,0.85485,8.27424
activity_only,44,16,91,14.19753,8.60139,8.28736,7.15225,0.67143,0.3241,3.53223,31.0,0.85747,8.28736
activity_only,44,17,91,19.54733,8.66863,8.31009,7.12491,0.7,0.33704,3.61001,31.0,0.86202,8.31009
activity_only,44,18,92,19.977745,8.66863,8.312805,7.105075,0.70366,0.33795,3.6100149999999998,31.0,0.86256,8.312805
activity_only,44,19,92,19.977745,8.66863,8.34645,7.150195,0.70732,0.33795,3.7092650000000003,31.5,0.8692899999999999,8.34645
activity_only,44,20,92,19.977745,8.66863,8.36328,7.21945,0.707505,0.33795,3.699775,31.5,0.872655,8.36328
activity_only,44,21,93,22.35067,8.66863,8.37131,7.32469,0.73171,0.3366,3.76259,32.0,0.87426,8.37131
activity_only,44,22,94,25.789955,8.66863,8.391425000000002,7.58904,0.753335,0.32391000000000003,3.810785,32.0,0.878285,8.391425000000002
activity_only,44,23,94,26.643610000000002,8.74486,8.395055,7.58904,0.756455,0.32391000000000003,3.817305,32.5,0.879015,8.395055
activity_only,44,24,94,31.960755,8.74486,8.40832,7.6684149999999995,0.7622249999999999,0.32391000000000003,3.8067599999999997,32.0,0.881665,8.40832
activity_only,44,25,94,34.759355,8.74486,8.420925,7.721385,0.77096,0.325545,3.8067599999999997,31.5,0.884185,8.420925
activity_only,44,26,94,36.441990000000004,8.88689,8.426459999999999,7.76718,0.77333,0.31328,3.816375,32.0,0.8852949999999999,8.426459999999999
activity_only,44,27,94,35.591584999999995,8.88689,8.433135,7.781395,0.77705,0.30711,3.840535,33.0,0.886625,8.433135
activity_only,44,28,94,38.71582,8.88689,8.4512,7.7964,0.78667,0.301935,3.912455,33.0,0.8902399999999999,8.4512
activity_only,44,29,94,39.71812,8.88689,8.457555,7.78992,0.79057,0.30462500000000003,3.9223,33.5,0.89151,8.457555
activity_only,44,30,94,38.71582,8.88689,8.48198,7.784575,0.78667,0.30633,3.930195,33.0,0.896395,8.48198
activity_only,44,31,94,40.871785,8.88689,8.499455000000001,7.90696,0.79057,0.30717,3.9452,33.5,0.899895,8.499455000000001
activity_only,44,32,94,43.348985,8.88689,8.51347,7.93938,0.801315,0.307395,3.9434750000000003,34.0,0.902695,8.51347
activity_only,44,33,94,44.311465,8.88689,8.52163,7.942975000000001,0.805895,0.311635,3.9248250000000002,34.0,0.904325,8.52163
activity_only,44,34,94,48.209985,8.88689,8.551089999999999,7.942975000000001,0.809515,0.313535,3.92793,34.0,0.91022,8.551089999999999
activity_only,44,35,95,40.99723,8.88689,8.5629,7.8995,0.8,0.30684,3.93449,35.0,0.91258,8.5629
activity_only,44,36,95,39.40345,8.88689,8.57406,7.9413,0.79221,0.30143,3.9593,35.0,0.91481,8.57406
activity_only,44,37,95,40.99723,8.88689,8.58068,7.95002,0.80822,0.30189,3.94515,35.0,0.91614,8.58068
activity_only,44,38,96,45.963715,8.88689,8.58577,7.9549900000000004,0.82005,0.30166,3.938145,35.0,0.9171499999999999,8.58577
activity_only,44,39,97,47.63948,8.88689,8.6005,7.95498,0.81818,0.30189,3.93449,35.0,0.9201,8.6005
activity_only,44,40,97,44.28795,8.88689,8.60238,7.94048,0.81579,0.30627,3.93405,35.0,0.92048,8.60238
activity_only,44,41,97,48.78049,8.88689,8.60252,7.94465,0.81818,0.30189,3.92783,35.0,0.9205,8.60252
activity_only,44,42,97,46.02076,8.88689,8.6165,7.95498,0.82051,0.29172,3.93449,35.0,0.9233,8.6165
activity_only,44,43,97,43.03136,8.88689,8.62542,7.95002,0.81818,0.29044,3.9418,35.0,0.92508,8.62542
activity_only,44,44,97,46.02076,8.88689,8.64286,7.97742,0.82051,0.28633,3.93405,35.0,0.92857,8.64286
activity_only,44,45,97,47.63948,8.88689,8.65807,7.96464,0.82051,0.29261,3.92793,35.0,0.93161,8.65807
activity_only,44,46,97,43.03136,8.88689,8.66098,7.97742,0.81579,0.2952,3.94515,35.0,0.9322,8.66098
activity_only,44,47,97,39.40345,8.88689,8.66612,7.955,0.81081,0.2952,3.9594,35.0,0.93322,8.66612
activity_only,44,48,97,38.921,8.88689,8.66612,7.95498,0.81081,0.28819,3.9594,35.0,0.93322,8.66612
activity_only,44,49,97,39.05817,8.88689,8.66863,7.96464,0.81579,0.28819,3.95786,36.0,0.93373,8.66863
activity_only,44,50,97,39.05817,8.88689,8.67591,7.97742,0.81579,0.28819,3.9594,36.0,0.93518,8.67591
activity_only,45,0,100,100.0,8.50158,6.71856,6.6071100000000005,1.0,0.493815,2.916545,30.0,0.543715,6.71856
activity_only,45,1,50,7.189585,8.30795,6.8948350000000005,6.49292,0.5414749999999999,0.43257,3.277845,31.0,0.578965,6.8948350000000005
activity_only,45,2,60,6.830690000000001,8.40637,7.42088,6.510515,0.486805,0.42439,3.48921,30.5,0.684175,7.42088
activity_only,45,3,72,5.5315,8.41762,7.700345,6.50196,0.48131999999999997,0.42518,3.58454,32.0,0.74007,7.700345
activity_only,45,4,80,6.97085,8.53328,7.88833,6.483535,0.5390349999999999,0.38959,3.46454,32.0,0.77767,7.88833
activity_only,45,5,84,6.772410000000001,8.53328,8.003055,6.48916,0.54066,0.375885,3.46454,32.0,0.80061,8.003055
activity_only,45,6,86,7.142860000000001,8.53328,8.09531,6.448425,0.5539000000000001,0.35061,3.414265,32.0,0.8190649999999999,8.09531
activity_only,45,7,87,7.49129,8.53328,8.12431,6.40353,0.59459,0.34572,3.37058,32.0,0.82486,8.12431
activity_only,45,8,87,9.0535,8.53328,8.16871,6.41948,0.60345,0.36629,3.36155,32.0,0.83374,8.16871
activity_only,45,9,88,9.222955,8.53328,8.189345,6.40362,0.6017250000000001,0.35125,3.3585599999999998,33.5,0.83787,8.189345
activity_only,45,10,91,12.18837,8.53328,8.23388,6.42099,0.65,0.33832,3.22449,34.0,0.84678,8.23388
activity_only,45,11,91,14.04255,8.53328,8.27772,6.42699,0.67164,0.33832,3.1909,33.0,0.85554,8.27772
activity_only,45,12,91,14.39024,8.55395,8.32166,6.44385,0.67692,0.36923,3.13308,33.0,0.86433,8.32166
activity_only,45,13,91,14.87805,8.55395,8.34059,6.45024,0.68966,0.36923,3.04874,34.0,0.86812,8.34059
activity_only,45,14,92,14.951509999999999,8.58715,8.39799,6.463665000000001,0.6875,0.382455,3.022405,33.0,0.8795999999999999,8.39799
activity_only,45,15,94,15.471845,8.58715,8.406935,6.47572,0.6875,0.37717500000000004,3.01464,33.0,0.881385,8.406935
activity_only,45,16,94,16.096195,8.58715,8.423345000000001,6.463665000000001,0.68909,0.37273,2.9811199999999998,33.0,0.884665,8.423345000000001
activity_only,45,17,94,16.898229999999998,8.59013,8.431930000000001,6.495324999999999,0.68909,0.37314,2.9811199999999998,33.0,0.886385,8.431930000000001
activity_only,45,18,96,16.90596,8.59013,8.444205,6.49264,0.695675,0.38019000000000003,2.973175,33.0,0.88884,8.444205
activity_only,45,19,96,17.030665,8.59013,8.465025,6.472595,0.69841,0.36776,3.002,33.0,0.893005,8.465025
activity_only,45,20,96,17.945635,8.59013,8.480235,6.456665,0.70968,0.35264,2.97644,33.5,0.896045,8.480235
activity_only,45,21,97,17.87234,8.60082,8.49421,6.45866,0.70968,0.34803,2.90227,34.0,0.89884,8.49421
activity_only,45,22,98,17.44681,8.60646,8.509630000000001,6.4584150000000005,0.70968,0.349545,2.90823,34.0,0.9019250000000001,8.509630000000001
activity_only,45,23,98,16.863390000000003,8.60646,8.514325,6.4584150000000005,0.70968,0.33447000000000005,2.952205,34.0,0.902865,8.514325
activity_only,45,24,99,17.14836,8.61754,8.51675,6.46216,0.70968,0.34543,2.97718,34.0,0.90335,8.51675
activity_only,45,25,99,18.08511,8.61754,8.52101,6.46316,0.71642,0.34543,2.92761,34.0,0.9042,8.52101
activity_only,45,26,99,20.03284,8.61754,8.52268,6.46444,0.72131,0.34543,2.91419,33.0,0.90454,8.52268
activity_only,45,27,99,18.55956,8.61754,8.52491,6.46417,0.72131,0.33597,2.89574,34.0,0.90498,8.52491
activity_only,45,28,100,18.322335000000002,8.64818,8.529155,6.45739,0.71899,0.326805,2.90068,34.0,0.90583,8.529155
activity_only,45,29,100,18.85952,8.64818,8.5336,6.45157,0.72131,0.31993000000000005,2.90068,34.0,0.90672,8.5336
activity_only,45,30,100,18.039095,8.64818,8.534994999999999,6.4611350000000005,0.72131,0.31993000000000005,2.9209,34.0,0.907,8.534994999999999
activity_only,45,31,100,18.698065,8.64818,8.537625,6.45157,0.72131,0.32909,2.911675,34.0,0.907525,8.537625
activity_only,45,32,100,18.502285,8.64818,8.545380000000002,6.45157,0.72131,0.310875,2.933755,35.0,0.9090750000000001,8.545380000000002
activity_only,45,33,100,17.77703,8.64818,8.551105,6.456175,0.72131,0.306315,2.928335,35.0,0.9102250000000001,8.551105
activity_only,45,34,100,17.229245,8.64818,8.554885,6.456175,0.71899,0.310875,2.9915700000000003,35.0,0.910975,8.554885
activity_only,45,35,100,16.50712,8.64818,8.55879,6.463165,0.71186,0.302595,2.9804700000000004,35.0,0.9117550000000001,8.55879
activity_only,45,36,100,15.614855,8.64818,8.563375,6.464525,0.70968,0.286645,2.99453,35.0,0.912675,8.563375
activity_only,45,37,100,14.77497,8.64818,8.56767,6.472625000000001,0.69536,0.28058,2.9971550000000002,35.0,0.913535,8.56767
activity_only,45,38,100,13.271925,8.64818,8.57039,6.48114,0.6875,0.26466999999999996,3.000245,35.0,0.91408,8.57039
activity_only,45,39,100,12.5576,8.64818,8.576995,6.501005,0.6875,0.25801,3.029775,36.0,0.915395,8.576995
activity_only,45,40,100,12.06721,8.66032,8.582975000000001,6.51616,0.6875,0.25529999999999997,3.029775,36.0,0.916595,8.582975000000001
activity_only,45,41,100,12.18837,8.66032,8.584620000000001,6.511620000000001,0.689905,0.25985,3.029775,36.0,0.916925,8.584620000000001
activity_only,45,42,100,11.943175,8.66032,8.58955,6.511620000000001,0.6875,0.2573,3.0727450000000003,36.0,0.91791,8.58955
activity_only,45,43,100,11.416319999999999,8.66032,8.59045,6.489240000000001,0.67904,0.254015,3.0727450000000003,36.0,0.91809,8.59045
activity_only,45,44,100,11.037495,8.66032,8.5907,6.474795,0.67692,0.25212999999999997,3.07022,36.0,0.91814,8.5907
activity_only,45,45,100,11.48936,8.66032,8.59232,6.47332,0.67692,0.254015,3.09541,36.0,0.91846,8.59232
activity_only,45,46,100,11.037495,8.66032,8.5936,6.47332,0.67395,0.254015,3.098375,36.0,0.91872,8.5936
activity_only,45,47,100,10.73171,8.66032,8.594335000000001,6.48413,0.66667,0.2422,3.1343050000000003,36.0,0.9188700000000001,8.594335000000001
activity_only,45,48,100,10.629014999999999,8.66032,8.596165,6.48413,0.66667,0.246005,3.1343050000000003,36.0,0.91923,8.596165
activity_only,45,49,100,10.52632,8.66032,8.597155,6.496905,0.66667,0.246005,3.1343050000000003,36.0,0.91943,8.597155
activity_only,45,50,100,10.48704,8.66032,8.599595,6.496905,0.66667,0.24423,3.12187,36.0,0.91992,8.599595
activity_only,46,0,100,100.0,8.71457,6.490385,6.761205,1.0,0.5439350000000001,2.8631349999999998,28.0,0.49807999999999997,6.490385
activity_only,46,1,52,7.03765,8.06391,7.068105,6.55006,0.57673,0.38002499999999995,3.227135,32.0,0.613625,7.068105
activity_only,46,2,61,6.89655,8.41382,7.33161,6.56882,0.55738,0.36291,3.10297,31.0,0.66632,7.33161
activity_only,46,3,68,7.4237649999999995,8.41382,7.5649049999999995,6.59384,0.5881700000000001,0.35769,3.124255,32.0,0.71298,7.5649049999999995
activity_only,46,4,74,7.4237649999999995,8.41382,7.726795,6.5231,0.5881700000000001,0.35769,3.18615,32.0,0.74536,7.726795
activity_only,46,5,79,8.65672,8.4335,7.8376,6.52912,0.60345,0.33987,3.14487,32.0,0.76752,7.8376
activity_only,46,6,87,10.23018,8.53925,7.92556,6.53936,0.63889,0.33166,3.11576,32.0,0.78511,7.92556
activity_only,46,7,90,9.44251,8.53925,8.023455,6.54401,0.64496,0.32373,3.18009,33.0,0.80469,8.023455
activity_only,46,8,93,10.0,8.53925,8.0904,6.49263,0.64706,0.30485,3.19614,33.0,0.81808,8.0904
activity_only,46,9,94,11.39509,8.53925,8.160525,6.4550149999999995,0.65753,0.30347999999999997,3.17591,32.5,0.832105,8.160525
activity_only,46,10,95,12.90323,8.53925,8.18938,6.41231,0.66197,0.30158,3.17153,33.0,0.83788,8.18938
activity_only,46,11,96,14.284225,8.53925,8.209465,6.402575000000001,0.6742349999999999,0.30184500000000003,3.1966650000000003,33.0,0.84189,8.209465
activity_only,46,12,96,14.435385,8.53925,8.226085000000001,6.363625000000001,0.67649,0.30184500000000003,3.200295,33.0,0.845215,8.226085000000001
activity_only,46,13,96,14.284225,8.53925,8.23844,6.366815000000001,0.6974199999999999,0.30057999999999996,3.200295,34.0,0.847685,8.23844
activity_only,46,14,96,15.450645,8.53925,8.26954,6.38452,0.7054,0.30057999999999996,3.20581,34.0,0.85391,8.26954
activity_only,46,15,96,16.38867,8.53925,8.310815,6.373715000000001,0.71642,0.281305,3.227965,34.0,0.8621650000000001,8.310815
activity_only,46,16,96,14.700315,8.53925,8.335844999999999,6.34817,0.69841,0.2721,3.274845,34.0,0.86717,8.335844999999999
activity_only,46,17,96,15.344095,8.53925,8.35113,6.38452,0.6974199999999999,0.2721,3.25901,34.0,0.8702300000000001,8.35113
activity_only,46,18,96,14.1476,8.53925,8.372354999999999,6.36934,0.68571,0.2721,3.281675,34.0,0.87447,8.372354999999999
activity_only,46,19,96,16.466749999999998,8.53925,8.395825,6.374795000000001,0.696315,0.282225,3.22606,34.0,0.879165,8.395825
activity_only,46,20,96,15.67944,8.5541,8.406205,6.41649,0.695925,0.29611,3.22606,33.0,0.88124,8.406205
activity_only,46,21,96,16.041215,8.5541,8.413505,6.437535,0.689905,0.31349000000000005,3.2074249999999997,33.0,0.8827,8.413505
activity_only,46,22,96,16.679515,8.5541,8.433465,6.480090000000001,0.685855,0.31993499999999997,3.1139349999999997,33.0,0.886695,8.433465
activity_only,46,23,96,17.022935,8.60082,8.4573,6.468814999999999,0.6942550000000001,0.32745,3.08665,33.0,0.89146,8.4573
activity_only,46,24,96,16.898229999999998,8.60082,8.470415,6.4574300000000004,0.696315,0.31993499999999997,3.1139349999999997,33.0,0.89408,8.470415
activity_only,46,25,96,17.023654999999998,8.60082,8.4944,6.44028,0.70008,0.31876499999999997,3.1597999999999997,33.0,0.89888,8.4944
activity_only,46,26,96,16.898229999999998,8.60082,8.50114,6.439185,0.7063999999999999,0.31876499999999997,3.15359,34.0,0.90023,8.50114
activity_only,46,27,96,16.147460000000002,8.60082,8.51271,6.449375,0.69841,0.30410499999999996,3.1859599999999997,34.0,0.902545,8.51271
activity_only,46,28,97,16.76301,8.60082,8.51736,6.45119,0.69492,0.2953,3.21623,34.0,0.90347,8.51736
activity_only,46,29,98,16.863390000000003,8.60082,8.5214,6.45549,0.69841,0.295905,3.195595,34.0,0.90428,8.5214
activity_only,46,30,98,16.90596,8.60082,8.525,6.45293,0.69841,0.295905,3.211645,33.0,0.905,8.525
activity_only,46,31,98,16.90596,8.60082,8.5289,6.45918,0.7063999999999999,0.28546000000000005,3.214775,34.0,0.90578,8.5289
activity_only,46,32,98,17.030665,8.60277,8.53107,6.463165,0.7063999999999999,0.292775,3.1948600000000003,33.5,0.90621,8.53107
activity_only,46,33,98,17.821185,8.60369,8.533380000000001,6.4497,0.70968,0.29673,3.204035,34.0,0.906675,8.533380000000001
activity_only,46,34,98,17.87234,8.60369,8.53737,6.456675000000001,0.70968,0.31196,3.1948600000000003,34.0,0.907475,8.53737
activity_only,46,35,98,17.821185,8.60369,8.540725,6.4497,0.70968,0.29934499999999997,3.18093,34.0,0.908145,8.540725
activity_only,46,36,98,17.87234,8.60369,8.541475,6.46255,0.70968,0.31196,3.1681850000000003,34.0,0.9082950000000001,8.541475
activity_only,46,37,98,17.77003,8.60369,8.54441,6.45615,0.70968,0.29934499999999997,3.1681850000000003,34.0,0.90888,8.54441
activity_only,46,38,98,16.495449999999998,8.63006,8.54864,6.4497,0.69841,0.292885,3.211645,34.0,0.9097299999999999,8.54864
activity_only,46,39,98,15.53191,8.63006,8.550955,6.447885,0.69841,0.29007,3.206815,34.0,0.91019,8.550955
activity_only,46,40,98,13.887635,8.63006,8.554025,6.444710000000001,0.6875,0.280875,3.227275,34.0,0.910805,8.554025
activity_only,46,41,98,12.274875,8.63006,8.563410000000001,6.4384049999999995,0.67692,0.26879,3.29685,34.0,0.9126799999999999,8.563410000000001
activity_only,46,42,98,11.23601,8.63006,8.57021,6.41036,0.67649,0.26879,3.30581,35.0,0.91404,8.57021
activity_only,46,43,99,10.98266,8.63006,8.57211,6.41046,0.67692,0.25903,3.30589,35.0,0.91442,8.57211
activity_only,46,44,99,10.42553,8.63006,8.58251,6.4402,0.66667,0.2491,3.32945,35.0,0.9165,8.58251
activity_only,46,45,99,10.78998,8.63006,8.58287,6.4402,0.66667,0.2416,3.33713,35.0,0.91657,8.58287
activity_only,46,46,99,10.42553,8.65869,8.58745,6.4515,0.66667,0.23408,3.36451,35.0,0.91749,8.58745
activity_only,46,47,99,10.44776,8.65869,8.58897,6.4515,0.66667,0.23514,3.36451,35.0,0.91779,8.58897
activity_only,46,48,99,10.80332,8.65869,8.59092,6.46111,0.67164,0.23514,3.33713,35.0,0.91818,8.59092
activity_only,46,49,99,10.4878,8.65869,8.59282,6.42461,0.66667,0.23002,3.33713,35.0,0.91856,8.59282
activity_only,46,50,99,10.73171,8.65869,8.59457,6.4159,0.66667,0.22046,3.36307,35.0,0.91891,8.59457
druglike_only,42,0,100,100.0,8.4666,6.66064,6.59201,1.0,0.51425,2.83206,30.0,0.62456,
druglike_only,42,1,50,8.927215,8.29826,6.3709050000000005,6.498145,0.4796,0.669445,2.8333250000000003,24.0,0.7141200000000001,
druglike_only,42,2,67,8.95141,8.19425,6.31927,6.57406,0.52459,0.70489,2.77144,24.0,0.74717,
druglike_only,42,3,82,6.564439999999999,8.2013,6.2482500000000005,6.576755,0.439085,0.7625500000000001,2.74885,23.0,0.774,
druglike_only,42,4,88,5.69756,8.2013,6.22851,6.559895,0.412545,0.785495,2.7069349999999996,23.0,0.792325,
druglike_only,42,5,94,5.2998,8.2013,6.2168399999999995,6.553655,0.387895,0.7936449999999999,2.581015,22.0,0.80245,
druglike_only,42,6,95,5.22876,8.05094,6.20993,6.56358,0.37333,0.81934,2.50517,22.0,0.81327,
druglike_only,42,7,95,5.22876,8.07545,6.13395,6.54967,0.35616,0.83577,2.47059,22.0,0.82572,
druglike_only,42,8,97,5.06912,8.07545,6.20993,6.53878,0.35616,0.85289,2.42004,22.0,0.83707,
druglike_only,42,9,99,5.06912,8.05094,6.2132,6.56358,0.36111,0.86967,2.37533,22.0,0.84903,
druglike_only,42,10,99,4.93827,7.30894,6.19368,6.56469,0.35526,0.87242,2.30992,22.0,0.85766,
druglike_only,42,11,100,5.0036950000000004,7.30894,6.1372599999999995,6.563535,0.36033,0.877725,2.2478,22.0,0.861765,
druglike_only,42,12,100,5.186395,7.2388,6.15148,6.564395,0.35187,0.883205,2.2206599999999996,22.0,0.868435,
druglike_only,42,13,100,5.106574999999999,7.2388,6.16738,6.54422,0.35526,0.885255,2.202655,22.0,0.87572,
druglike_only,42,14,100,4.93827,7.2388,6.19213,6.564769999999999,0.34785,0.88842,2.1640699999999997,22.0,0.87846,
druglike_only,42,15,100,4.47806,7.2388,6.19213,6.577165,0.346025,0.894105,2.0974250000000003,22.0,0.8803399999999999,
druglike_only,42,16,100,4.60829,7.36148,6.203189999999999,6.58096,0.34375,0.88919,2.0313049999999997,22.0,0.881945,
druglike_only,42,17,100,4.60829,7.36148,6.2292950000000005,6.57969,0.34483,0.8948750000000001,1.981825,22.0,0.88594,
druglike_only,42,18,100,4.60829,7.36148,6.210075,6.58704,0.346025,0.90123,1.951085,22.0,0.8890750000000001,
druglike_only,42,19,100,4.650715,7.36148,6.22944,6.58495,0.35088,0.9061250000000001,1.93618,22.0,0.89096,
druglike_only,42,20,100,4.60829,7.36148,6.238065000000001,6.57969,0.35044,0.9069400000000001,1.93618,22.0,0.8927350000000001,
druglike_only,42,21,100,4.4817,7.36148,6.25488,6.57801,0.34785,0.909565,1.93618,22.0,0.89385,
druglike_only,42,22,100,4.1594750000000005,7.36148,6.22386,6.588815,0.34429,0.9075850000000001,1.91007,22.0,0.89454,
druglike_only,42,23,100,4.21995,7.36148,6.199294999999999,6.602235,0.346025,0.9083950000000001,1.876085,22.0,0.89522,
druglike_only,42,24,100,4.475705,7.36148,6.188235,6.6068999999999996,0.34785,0.909675,1.869755,22.0,0.896385,
druglike_only,42,25,100,4.605935000000001,7.69459,6.210075,6.621225,0.35166,0.9105449999999999,1.86484,22.0,0.899365,
druglike_only,42,26,100,4.605935000000001,7.69459,6.210075,6.6254550000000005,0.35484,0.9117500000000001,1.86051,22.0,0.900935,
druglike_only,42,27,100,4.605935000000001,7.69459,6.199294999999999,6.63101,0.355385,0.9117500000000001,1.858295,22.0,0.90157,
druglike_only,42,28,100,4.34783,7.69459,6.199294999999999,6.63489,0.348155,0.91474,1.86184,22.0,0.90412,
druglike_only,42,29,100,4.77328,7.69459,6.226845,6.62432,0.350325,0.9162699999999999,1.8563450000000001,22.0,0.9050199999999999,
druglike_only,42,30,100,4.60829,7.69459,6.21822,6.62125,0.35385,0.915485,1.85248,22.0,0.9056299999999999,
druglike_only,42,31,100,5.06912,7.69459,6.210075,6.626905000000001,0.360885,0.9172450000000001,1.84351,22.0,0.909245,
druglike_only,42,32,100,5.06912,7.69459,6.184955,6.61891,0.36066,0.9172450000000001,1.83677,22.0,0.90963,
druglike_only,42,33,100,4.60829,7.69459,6.17387,6.6149249999999995,0.35225,0.917555,1.83677,22.0,0.910435,
druglike_only,42,34,100,4.650715,7.69459,6.165505,6.608695,0.355385,0.91852,1.83256,22.0,0.910515,
druglike_only,42,35,100,4.60829,7.69459,6.161110000000001,6.61891,0.34993,0.91942,1.83677,22.0,0.91109,
druglike_only,42,36,100,4.60829,7.69459,6.15821,6.615595,0.34993,0.92021,1.83256,22.0,0.91176,
druglike_only,42,37,100,4.650715,7.69459,6.15609,6.608695,0.355385,0.9214450000000001,1.82632,22.0,0.912155,
druglike_only,42,38,100,4.8157049999999995,7.69459,6.153824999999999,6.589180000000001,0.36066,0.924765,1.824565,22.0,0.91303,
druglike_only,42,39,100,4.8157049999999995,7.69459,6.139665000000001,6.590445000000001,0.36002,0.92631,1.81398,22.0,0.91333,
druglike_only,42,40,100,4.8157049999999995,7.11551,6.139665000000001,6.598165,0.358795,0.926515,1.818505,22.0,0.91379,
druglike_only,42,41,100,4.93827,7.11551,6.139665000000001,6.608695,0.35707,0.92665,1.813305,22.0,0.914785,
druglike_only,42,42,100,4.8157049999999995,7.11551,6.139665000000001,6.598165,0.35707,0.9280900000000001,1.818695,22.0,0.91614,
druglike_only,42,43,100,4.650715,7.11551,6.139665000000001,6.588755000000001,0.35707,0.9300200000000001,1.818695,22.0,0.91734,
druglike_only,42,44,100,4.650715,7.11551,6.146125,6.588755000000001,0.35484,0.9300200000000001,1.8137349999999999,22.0,0.918075,
druglike_only,42,45,100,4.60829,7.17748,6.13999,6.58354,0.35484,0.92959,1.8137349999999999,22.0,0.918275,
druglike_only,42,46,100,4.650715,7.11551,6.146125,6.577445,0.35484,0.9304749999999999,1.8126799999999998,22.0,0.91893,
druglike_only,42,47,100,4.650715,7.11551,6.153824999999999,6.5791,0.356525,0.93255,1.81104,22.0,0.919535,
druglike_only,42,48,100,4.93827,7.11551,6.146125,6.577445,0.356525,0.933145,1.80527,22.0,0.92006,
druglike_only,42,49,100,4.650715,7.11551,6.13999,6.5791,0.35484,0.9335800000000001,1.80849,22.0,0.920365,
druglike_only,42,50,100,4.60829,7.11551,6.136355,6.58354,0.35484,0.9337500000000001,1.7999450000000001,22.0,0.9205099999999999,
druglike_only,43,0,100,100.0,8.56234,6.514155,6.699425,1.0,0.53384,2.744945,29.0,0.64967,
druglike_only,43,1,45,7.22496,7.57216,6.37082,6.53574,0.50704,0.6679,2.85072,25.0,0.72204,
druglike_only,43,2,67,7.20268,7.62116,6.27245,6.50457,0.50746,0.73275,2.73768,24.0,0.75592,
druglike_only,43,3,83,7.11864,7.65451,6.20237,6.54232,0.44828,0.75833,2.65001,23.0,0.77954,
druglike_only,43,4,88,6.165325,7.65451,6.16907,6.544695,0.41469,0.787405,2.48606,22.0,0.8019000000000001,
druglike_only,43,5,91,5.6266,7.65451,6.16342,6.59181,0.39535,0.81121,2.44974,22.0,0.81812,
druglike_only,43,6,92,4.7738700000000005,7.65451,6.09596,6.597135,0.377595,0.8309850000000001,2.35044,22.0,0.8365400000000001,
druglike_only,43,7,95,4.0678,7.65451,6.04415,6.62759,0.36364,0.8506,2.28844,22.0,0.84665,
druglike_only,43,8,97,3.97112,7.65451,6.04415,6.60043,0.34921,0.86744,2.33746,22.0,0.85189,
druglike_only,43,9,98,3.946345,7.65451,6.048575,6.602475,0.357265,0.883655,2.29139,22.0,0.86019,
druglike_only,43,10,98,3.97112,7.65451,6.010870000000001,6.60974,0.357115,0.888325,2.310785,22.0,0.86278,
druglike_only,43,11,98,3.97112,7.65451,5.973485,6.6055600000000005,0.352235,0.8949400000000001,2.2799050000000003,22.0,0.865405,
druglike_only,43,12,98,3.97112,7.65451,5.959975,6.6055600000000005,0.34852,0.89854,2.310785,22.0,0.872195,
druglike_only,43,13,98,3.97112,7.65451,5.94062,6.602475,0.357115,0.904775,2.2268749999999997,22.5,0.8759600000000001,
druglike_only,43,14,98,3.940295,7.08394,5.96067,6.605175,0.348155,0.901,2.18239,23.0,0.88036,
druglike_only,43,15,98,4.194395,6.96964,5.926295,6.608005,0.34894000000000003,0.905775,2.1321399999999997,22.5,0.88264,
druglike_only,43,16,98,4.194395,6.96964,5.895195,6.61257,0.35162499999999997,0.9083749999999999,2.1156800000000002,22.5,0.88483,
druglike_only,43,17,98,4.283135,6.96964,5.89481,6.616245,0.35162499999999997,0.907735,2.0587,22.0,0.886945,
druglike_only,43,18,99,4.60358,7.07086,5.85927,6.6159,0.35938,0.9122,2.03831,22.0,0.88993,
druglike_only,43,19,99,4.85934,7.07086,5.84757,6.6159,0.36207,0.91165,2.01688,22.0,0.89218,
druglike_only,43,20,99,4.93827,7.38633,5.8305,6.61797,0.36207,0.90874,1.99323,22.0,0.89441,
druglike_only,43,21,99,4.93827,7.38633,5.82821,6.6053,0.36207,0.91165,1.99258,22.0,0.89501,
druglike_only,43,22,99,4.93827,7.38633,5.83823,6.60043,0.36207,0.91345,1.96957,22.0,0.89963,
druglike_only,43,23,100,5.0036950000000004,7.38633,5.84044,6.596299999999999,0.36285500000000004,0.914715,1.963775,22.0,0.900605,
druglike_only,43,24,100,5.106574999999999,7.38633,5.85429,6.58726,0.36002,0.916275,1.9509349999999999,22.0,0.90342,
druglike_only,43,25,100,5.106574999999999,7.38633,5.834365,6.58726,0.36066,0.916275,1.939895,22.0,0.904255,
druglike_only,43,26,100,5.06912,7.38633,5.818490000000001,6.59187,0.36214999999999997,0.917045,1.90999,22.0,0.905815,
druglike_only,43,27,100,5.186395,7.28377,5.818490000000001,6.6028649999999995,0.36364,0.917045,1.889775,22.0,0.90642,
druglike_only,43,28,100,5.186395,7.28377,5.80662,6.6079,0.367045,0.919495,1.8845399999999999,22.0,0.907115,
druglike_only,43,29,100,5.186395,7.24418,5.7841000000000005,6.61679,0.372115,0.9206449999999999,1.86627,22.0,0.909995,
druglike_only,43,30,100,5.186395,7.24418,5.756425,6.62044,0.375905,0.92198,1.84844,22.0,0.9107099999999999,
druglike_only,43,31,100,5.186395,7.24418,5.756425,6.62044,0.375,0.92198,1.833035,22.0,0.9114800000000001,
druglike_only,43,32,100,5.22876,7.24418,5.7499400000000005,6.626725,0.37416499999999997,0.92372,1.8276400000000002,22.0,0.91322,
druglike_only,43,33,100,5.22876,7.24418,5.7517949999999995,6.628135,0.37416499999999997,0.92269,1.8237450000000002,22.0,0.91322,
druglike_only,43,34,100,5.22876,7.24418,5.7499400000000005,6.62873,0.37416499999999997,0.92372,1.8237450000000002,22.0,0.91334,
druglike_only,43,35,100,5.22876,7.45899,5.7517949999999995,6.62873,0.375905,0.92469,1.80966,22.0,0.91487,
druglike_only,43,36,100,5.22876,7.45899,5.753125,6.646695,0.365155,0.92611,1.79988,22.0,0.9174500000000001,
druglike_only,43,37,100,5.22876,7.45899,5.75501,6.65222,0.368825,0.92621,1.7926449999999998,22.0,0.91784,
druglike_only,43,38,100,5.186395,7.45899,5.753125,6.653035,0.36364,0.92621,1.77541,22.0,0.91795,
druglike_only,43,39,100,5.22876,7.45899,5.75501,6.650355,0.365155,0.9274,1.76803,22.0,0.917975,
druglike_only,43,40,100,5.186395,7.45899,5.753125,6.657275,0.36364,0.92866,1.759035,22.0,0.91893,
druglike_only,43,41,100,5.186395,7.45899,5.7734950000000005,6.663195,0.36603,0.92866,1.74684,22.0,0.919255,
druglike_only,43,42,100,5.186395,7.45899,5.793200000000001,6.659879999999999,0.36603,0.930435,1.7521,22.0,0.919735,
druglike_only,43,43,100,5.186395,7.45899,5.800995,6.659879999999999,0.36603,0.93055,1.74684,22.0,0.92023,
druglike_only,43,44,100,5.186395,7.45899,5.800995,6.659879999999999,0.36603,0.93106,1.74684,22.0,0.920345,
druglike_only,43,45,100,5.22876,7.45899,5.793200000000001,6.656465,0.36923,0.9309,1.74335,22.0,0.9208050000000001,
druglike_only,43,46,100,5.22876,7.45899,5.801195,6.659879999999999,0.36923,0.9313450000000001,1.74335,22.0,0.921085,
druglike_only,43,47,100,5.22876,7.45899,5.795920000000001,6.65564,0.3701,0.93106,1.7193450000000001,22.0,0.9217,
druglike_only,43,48,100,5.2998,7.45899,5.814674999999999,6.659305,0.37394,0.93106,1.71777,22.0,0.9222250000000001,
druglike_only,43,49,100,5.2998,7.45899,5.83467,6.663815,0.37394,0.9309,1.7147700000000001,22.0,0.922515,
druglike_only,43,50,100,5.42373,7.45899,5.87495,6.65564,0.37792000000000003,0.9309,1.7147700000000001,22.0,0.922925,
druglike_only,44,0,100,100.0,8.88689,6.5950500000000005,6.802695,1.0,0.5159549999999999,2.964695,29.0,0.6176999999999999,
druglike_only,44,1,45,6.70017,7.94918,6.29316,6.53053,0.46667,0.6673,3.17611,25.0,0.71098,
druglike_only,44,2,64,5.59468,7.96013,6.265905,6.53978,0.42434499999999997,0.73566,2.95784,23.5,0.745085,
druglike_only,44,3,77,6.19765,7.96013,6.17259,6.54578,0.4321,0.75748,2.9091,23.0,0.76997,
druglike_only,44,4,87,6.04134,7.96013,6.14523,6.54675,0.41538,0.77431,2.81946,23.0,0.78559,
druglike_only,44,5,91,5.23466,8.17647,6.17259,6.54675,0.375,0.80646,2.6471,23.0,0.7991,
druglike_only,44,6,92,5.14894,8.17647,6.20854,6.571635000000001,0.349605,0.835,2.54976,22.0,0.81448,
druglike_only,44,7,93,4.69012,8.17647,6.21089,6.60131,0.33333,0.86768,2.545,22.0,0.82676,
druglike_only,44,8,96,4.0194600000000005,8.17647,6.205575,6.578315,0.335495,0.87003,2.504495,22.0,0.839415,
druglike_only,44,9,98,3.68664,8.17647,6.20876,6.549605,0.33114,0.8761950000000001,2.5177199999999997,22.0,0.84415,
druglike_only,44,10,98,3.68664,8.17647,6.206825,6.546265,0.32895,0.881335,2.466335,22.0,0.84963,
druglike_only,44,11,99,3.68664,8.17647,6.20496,6.57567,0.33721,0.88421,2.41399,22.0,0.85235,
druglike_only,44,12,100,3.68664,8.17647,6.20876,6.57768,0.33527,0.88747,2.40207,22.0,0.858075,
druglike_only,44,13,100,3.68664,8.17647,6.19469,6.58551,0.32799500000000004,0.89043,2.36024,22.0,0.8617,
druglike_only,44,14,100,3.68664,8.17647,6.1947600000000005,6.58551,0.32582500000000003,0.893185,2.358305,22.0,0.8685499999999999,
druglike_only,44,15,100,3.68664,7.38979,6.1464300000000005,6.57461,0.33333,0.8955150000000001,2.358305,22.0,0.871035,
druglike_only,44,16,100,3.68664,7.76117,6.181755000000001,6.6225000000000005,0.33333,0.900555,2.308605,22.0,0.8744149999999999,
druglike_only,44,17,100,3.68664,7.76117,6.119225,6.594245,0.33072500000000005,0.90161,2.2459550000000004,22.0,0.87608,
druglike_only,44,18,100,3.68664,7.76117,6.06887,6.57461,0.32308,0.90377,2.2235050000000003,22.0,0.877115,
druglike_only,44,19,100,3.68664,7.76117,6.08478,6.5870750000000005,0.33333,0.906675,2.215885,22.0,0.879865,
druglike_only,44,20,100,3.68664,7.76117,6.04604,6.585185,0.32812,0.90615,2.19839,21.0,0.88482,
druglike_only,44,21,100,3.68664,7.76117,6.027175,6.5571,0.32308,0.906675,2.13802,21.0,0.888035,
druglike_only,44,22,100,3.68664,7.76117,6.0493749999999995,6.5635650000000005,0.31818,0.907385,2.124965,21.0,0.88903,
druglike_only,44,23,100,3.68664,7.76117,6.03504,6.554795,0.32193499999999997,0.907385,2.107615,21.0,0.889275,
druglike_only,44,24,100,3.68664,7.46919,6.024839999999999,6.5571,0.32812,0.908255,2.0707899999999997,21.0,0.8905449999999999,
druglike_only,44,25,100,3.68664,7.46919,6.04033,6.563385,0.32812,0.909465,2.03621,21.0,0.892055,
druglike_only,44,26,100,3.68664,7.46919,6.04033,6.57672,0.32812,0.9111,2.00598,21.0,0.894255,
druglike_only,44,27,100,3.68664,7.46919,6.013165,6.576475,0.322555,0.91187,1.970015,21.0,0.895265,
druglike_only,44,28,100,3.68664,7.51368,6.0302299999999995,6.574895,0.31746,0.91304,1.970015,21.0,0.896485,
druglike_only,44,29,100,3.68664,7.51368,6.0169049999999995,6.575699999999999,0.32172999999999996,0.91304,1.96587,21.0,0.8982399999999999,
druglike_only,44,30,100,3.7980549999999997,7.51368,6.032395,6.57702,0.3237,0.913905,1.943765,21.0,0.8986149999999999,
druglike_only,44,31,100,3.707725,7.51368,6.032395,6.563445,0.33105,0.91504,1.937405,21.0,0.899945,
druglike_only,44,32,100,3.68664,7.51368,6.032395,6.563445,0.32432,0.91557,1.923715,21.0,0.9003,
druglike_only,44,33,100,3.68664,7.51368,6.021135,6.563445,0.328445,0.91557,1.91512,21.0,0.9014150000000001,
druglike_only,44,34,100,3.68664,7.51368,6.01201,6.57702,0.33333,0.91557,1.870835,21.0,0.90242,
druglike_only,44,35,100,4.47806,7.51368,6.049045,6.558680000000001,0.338585,0.917925,1.88042,21.0,0.905205,
druglike_only,44,36,100,4.60829,7.51368,6.054855,6.563445,0.34123000000000003,0.917455,1.86623,21.0,0.9070849999999999,
druglike_only,44,37,100,4.60829,7.52172,6.0646249999999995,6.55386,0.33899999999999997,0.917455,1.8615650000000001,21.0,0.90734,
druglike_only,44,38,100,4.60829,7.52172,6.054855,6.563445,0.33871,0.9167099999999999,1.8615650000000001,21.0,0.90899,
druglike_only,44,39,100,4.77328,7.52172,6.065284999999999,6.563445,0.33871,0.91722,1.848155,21.0,0.910795,
druglike_only,44,40,100,5.0036950000000004,7.52172,6.06386,6.595095000000001,0.34152,0.91722,1.839525,21.0,0.9112,
druglike_only,44,41,100,5.06912,7.52172,6.070235,6.582405,0.34615,0.919115,1.8336199999999998,21.0,0.91197,
druglike_only,44,42,100,5.06912,7.52172,6.067864999999999,6.582405,0.346685,0.9195450000000001,1.8115,21.0,0.912615,
druglike_only,44,43,100,5.06912,7.51368,6.072089999999999,6.59217,0.347525,0.9205650000000001,1.7950599999999999,21.0,0.914455,
druglike_only,44,44,100,5.06912,7.51368,6.07621,6.60335,0.348845,0.921915,1.7950599999999999,21.0,0.91545,
druglike_only,44,45,100,5.0036950000000004,7.51368,6.071535,6.59737,0.347525,0.92216,1.7950599999999999,21.0,0.9157,
druglike_only,44,46,100,5.0036950000000004,7.51368,6.067864999999999,6.59737,0.34574,0.922055,1.79353,21.0,0.91572,
druglike_only,44,47,100,5.0036950000000004,7.51368,6.071535,6.58887,0.347525,0.922055,1.78373,21.0,0.916005,
druglike_only,44,48,100,5.0036950000000004,7.51368,6.060655000000001,6.578245,0.347525,0.92216,1.778315,21.0,0.9164749999999999,
druglike_only,44,49,100,4.60829,7.51368,6.0671,6.58266,0.34574,0.92216,1.775305,21.5,0.9166799999999999,
druglike_only,44,50,100,4.77328,7.51368,6.071535,6.60335,0.348155,0.923075,1.7721200000000001,22.0,0.9174549999999999,
druglike_only,45,0,100,100.0,8.50158,6.71856,6.6071100000000005,1.0,0.493815,2.916545,30.0,0.6244149999999999,
druglike_only,45,1,48,8.30325,8.27851,6.432595,6.50749,0.54412,0.678485,2.905275,25.5,0.71024,
druglike_only,45,2,68,7.404064999999999,7.41947,6.32942,6.461304999999999,0.494625,0.736,2.74743,24.5,0.741915,
druglike_only,45,3,80,7.079175,7.41947,6.2571,6.463509999999999,0.45321500000000003,0.7593799999999999,2.6530449999999997,23.0,0.784265,
druglike_only,45,4,90,6.408385,7.41947,6.209655,6.461304999999999,0.43062500000000004,0.7870699999999999,2.6478149999999996,23.0,0.794615,
druglike_only,45,5,94,6.281405,7.41947,6.25902,6.46101,0.417425,0.83215,2.61733,23.0,0.8126199999999999,
druglike_only,45,6,95,5.95668,7.18984,6.23211,6.47282,0.39726,0.83966,2.58772,22.0,0.8238,
druglike_only,45,7,97,5.6266,7.18984,6.24503,6.50679,0.37975,0.85293,2.54119,22.0,0.83936,
druglike_only,45,8,98,5.210695,7.18984,6.160295,6.507275,0.36688,0.85714,2.53561,22.0,0.8432,
druglike_only,45,9,100,5.0036950000000004,7.18984,6.156345,6.496545,0.353685,0.85807,2.463545,22.0,0.8482449999999999,
druglike_only,45,10,100,4.605935000000001,7.18984,6.16062,6.506955,0.34246,0.86106,2.4091899999999997,22.0,0.85717,
druglike_only,45,11,100,4.475705,7.18984,6.188765,6.522005,0.33699500000000004,0.876285,2.380205,22.0,0.86048,
druglike_only,45,12,100,4.605935000000001,7.18984,6.181165,6.52528,0.339345,0.88375,2.295445,22.0,0.86578,
druglike_only,45,13,100,4.0678,7.18984,6.145535,6.52101,0.33527,0.885315,2.226245,22.0,0.86724,
druglike_only,45,14,100,3.881035,7.18984,6.1186050000000005,6.527229999999999,0.33333,0.891295,2.18093,22.0,0.87037,
druglike_only,45,15,100,3.881035,7.18984,6.10773,6.52101,0.33333,0.8925350000000001,2.18093,22.0,0.872635,
druglike_only,45,16,100,3.881035,7.18984,6.11228,6.5336,0.33333,0.8952850000000001,2.1393750000000002,22.0,0.873415,
druglike_only,45,17,100,3.881035,7.18984,6.0881,6.52101,0.33333,0.8992,2.1374,22.0,0.875515,
druglike_only,45,18,100,3.68664,7.18984,6.045555,6.54836,0.32206,0.898995,2.112815,22.0,0.8774599999999999,
druglike_only,45,19,100,3.68664,7.18984,6.040935,6.5536449999999995,0.31746,0.8999649999999999,2.10438,22.0,0.88003,
druglike_only,45,20,100,3.7696199999999997,7.18984,6.02525,6.52206,0.31706500000000004,0.90225,2.08553,22.0,0.883425,
druglike_only,45,21,100,3.68664,7.18984,6.01971,6.52101,0.31623,0.90544,2.080875,22.0,0.8851800000000001,
druglike_only,45,22,100,3.7696199999999997,6.88849,5.983815,6.52101,0.32143,0.9024449999999999,2.03338,22.0,0.88704,
druglike_only,45,23,100,3.7696199999999997,6.88849,6.01994,6.510125,0.329315,0.902015,2.03037,22.0,0.88913,
druglike_only,45,24,100,3.68664,6.88849,6.02683,6.5133600000000005,0.32703499999999996,0.9045650000000001,2.0277849999999997,22.0,0.89103,
druglike_only,45,25,100,3.9602,6.88849,6.024430000000001,6.52206,0.33333,0.90554,1.9920149999999999,22.0,0.892995,
druglike_only,45,26,100,4.34783,6.88849,6.02683,6.5133600000000005,0.33105,0.906615,1.999885,22.0,0.8942950000000001,
druglike_only,45,27,100,4.34783,6.88849,6.02525,6.563090000000001,0.33105,0.9077,1.96733,22.0,0.897615,
druglike_only,45,28,100,3.91186,6.88849,6.01053,6.57553,0.33333,0.90896,1.95649,22.0,0.89951,
druglike_only,45,29,100,3.68664,6.88849,5.983815,6.55757,0.33105,0.90993,1.952115,22.0,0.900555,
druglike_only,45,30,100,4.0194600000000005,6.88849,5.9635,6.542385,0.33333,0.911025,1.946725,22.0,0.9017,
druglike_only,45,31,100,4.0194600000000005,6.88849,5.9635,6.553435,0.33333,0.9114450000000001,1.9437950000000002,22.0,0.90196,
druglike_only,45,32,100,4.34783,6.88849,5.977679999999999,6.528145,0.33333,0.91378,1.9437950000000002,22.0,0.903065,
druglike_only,45,33,100,4.47806,6.88849,5.9635,6.528145,0.33333,0.91418,1.9295900000000001,22.0,0.9038349999999999,
druglike_only,45,34,100,4.34783,6.88849,5.977679999999999,6.550995,0.33333,0.919455,1.920525,22.0,0.90506,
druglike_only,45,35,100,3.91552,6.88849,5.9542850000000005,6.575415,0.330845,0.92004,1.8950900000000002,22.0,0.906195,
druglike_only,45,36,100,3.994685,6.88849,5.955755,6.550995,0.33333,0.92004,1.88864,22.0,0.907375,
druglike_only,45,37,100,4.0678,6.88849,5.9635,6.550995,0.335495,0.920725,1.88376,22.0,0.90865,
druglike_only,45,38,100,4.0678,6.88849,5.9813600000000005,6.530915,0.335495,0.920725,1.882955,22.0,0.9094,
druglike_only,45,39,100,4.0678,6.88849,5.957034999999999,6.55043,0.335895,0.92101,1.882955,22.0,0.9100900000000001,
druglike_only,45,40,100,4.0678,6.88849,5.9635,6.550995,0.33333,0.92167,1.88553,22.0,0.9102699999999999,
druglike_only,45,41,100,3.782565,6.88849,5.955755,6.55589,0.33333,0.922775,1.8780299999999999,22.0,0.911185,
druglike_only,45,42,100,3.8728949999999998,6.88849,5.9551300000000005,6.56044,0.33333,0.922775,1.868235,22.0,0.911665,
druglike_only,45,43,100,4.0678,6.88849,5.9551300000000005,6.555545,0.33333,0.9235599999999999,1.8658800000000002,22.0,0.912045,
druglike_only,45,44,100,4.0678,6.88849,5.9479299999999995,6.555545,0.33333,0.922775,1.860395,22.0,0.91212,
druglike_only,45,45,100,3.994685,6.88849,5.943085,6.555545,0.33333,0.9235599999999999,1.86191,22.0,0.9128099999999999,
druglike_only,45,46,100,3.91552,6.88849,5.943085,6.56044,0.33333,0.9237299999999999,1.86191,22.0,0.9128499999999999,
druglike_only,45,47,100,3.91552,6.88849,5.943085,6.55701,0.33333,0.9243699999999999,1.859495,22.0,0.91339,
druglike_only,45,48,100,3.8728949999999998,6.88849,5.95172,6.552295,0.33333,0.923995,1.860395,22.0,0.91339,
druglike_only,45,49,100,3.994685,6.88849,5.95172,6.552295,0.33333,0.9241699999999999,1.859495,22.0,0.913405,
druglike_only,45,50,100,3.994685,6.88849,5.95172,6.552295,0.338585,0.924635,1.859435,22.0,0.91408,
druglike_only,46,0,100,100.0,8.71457,6.490385,6.761205,1.0,0.5439350000000001,2.8631349999999998,28.0,0.63734,
druglike_only,46,1,50,6.564495,7.70696,6.1131899999999995,6.642085,0.48809,0.690685,2.76257,25.0,0.728285,
druglike_only,46,2,70,6.415105,8.40713,6.16598,6.599215,0.42978,0.7477750000000001,2.61674,24.0,0.7827949999999999,
druglike_only,46,3,83,6.49819,7.70696,6.13054,6.60261,0.41791,0.78365,2.60479,23.0,0.79676,
druglike_only,46,4,89,6.13718,7.70696,6.09059,6.59671,0.38596,0.80322,2.55653,22.0,0.81328,
druglike_only,46,5,93,5.22876,7.7162,6.09059,6.58619,0.36066,0.81657,2.50192,22.0,0.82002,
druglike_only,46,6,94,5.37084,7.82795,6.098985,6.57741,0.353475,0.8327800000000001,2.413075,22.0,0.827445,
druglike_only,46,7,95,5.22876,7.82795,6.10788,6.56197,0.34783,0.84181,2.38147,21.0,0.83596,
druglike_only,46,8,97,5.22876,7.92008,6.15585,6.53078,0.35065,0.85078,2.30354,21.0,0.84756,
druglike_only,46,9,97,5.22876,7.92008,6.18186,6.54824,0.34783,0.85716,2.23196,21.0,0.85334,
druglike_only,46,10,97,5.22876,7.92008,6.19036,6.53116,0.35714,0.86979,2.20958,21.0,0.85796,
druglike_only,46,11,97,5.22876,7.92008,6.18576,6.50222,0.35417,0.88072,2.18977,21.0,0.86748,
druglike_only,46,12,99,5.22876,7.92008,6.19036,6.49098,0.35714,0.88177,2.17444,21.0,0.86995,
druglike_only,46,13,100,5.14894,7.92008,6.192550000000001,6.54128,0.348155,0.886425,2.167495,21.0,0.87354,
druglike_only,46,14,100,5.0036950000000004,7.75734,6.194100000000001,6.5677900000000005,0.35401,0.88991,2.1251800000000003,21.0,0.881045,
druglike_only,46,15,100,4.93827,7.75734,6.194100000000001,6.57315,0.353395,0.900365,2.0766299999999998,21.0,0.88471,
druglike_only,46,16,100,4.650715,7.73334,6.192405000000001,6.57895,0.353395,0.902425,2.0562449999999997,21.0,0.886815,
druglike_only,46,17,100,4.60829,7.73334,6.196325,6.58697,0.35146999999999995,0.9069,2.0495200000000002,21.5,0.89042,
druglike_only,46,18,100,4.377305,7.73334,6.179304999999999,6.58756,0.350925,0.90833,2.0341699999999996,22.0,0.8926350000000001,
druglike_only,46,19,100,4.107635,7.73334,6.18576,6.5866299999999995,0.34641,0.90833,1.990235,22.0,0.8948849999999999,
druglike_only,46,20,100,4.249725,7.68517,6.17673,6.574905,0.34924,0.9105099999999999,1.941895,22.0,0.898315,
druglike_only,46,21,100,4.06137,7.68517,6.174135,6.579219999999999,0.348915,0.9128149999999999,1.940585,22.0,0.9009799999999999,
druglike_only,46,22,100,4.06137,7.68517,6.219415,6.56548,0.34783,0.914125,1.913685,22.0,0.90277,
druglike_only,46,23,100,4.60829,7.68517,6.17968,6.577265000000001,0.35463500000000003,0.92077,1.89517,21.5,0.906175,
druglike_only,46,24,100,4.60829,7.68517,6.183065,6.5866299999999995,0.35484,0.921095,1.887545,22.0,0.9079950000000001,
druglike_only,46,25,100,4.60829,7.55286,6.17614,6.584455,0.3543,0.921095,1.880305,22.0,0.9089700000000001,
druglike_only,46,26,100,4.650715,7.55286,6.17968,6.61326,0.35463500000000003,0.92167,1.864945,21.5,0.909995,
druglike_only,46,27,100,4.650715,7.52526,6.193365,6.62733,0.353395,0.9223,1.83907,21.0,0.91259,
druglike_only,46,28,100,4.650715,7.53241,6.193365,6.61883,0.353395,0.9223,1.8323999999999998,21.0,0.913845,
druglike_only,46,29,100,4.507535000000001,7.53241,6.193365,6.631209999999999,0.35070999999999997,0.9246300000000001,1.8263449999999999,21.0,0.914455,
druglike_only,46,30,100,4.507535000000001,7.53241,6.180065,6.6448350000000005,0.350165,0.9246300000000001,1.815995,21.0,0.91449,
druglike_only,46,31,100,4.40678,7.53241,6.184285,6.66756,0.34785,0.926025,1.812885,21.0,0.9153450000000001,
druglike_only,46,32,100,4.377305,7.53241,6.219505,6.66756,0.346685,0.925405,1.808805,21.0,0.916215,
druglike_only,46,33,100,4.40678,7.53241,6.180065,6.677375,0.346685,0.925405,1.7868650000000001,21.0,0.917605,
druglike_only,46,34,100,4.377305,7.53241,6.184285,6.676095,0.35631999999999997,0.927845,1.784365,22.0,0.9181699999999999,
druglike_only,46,35,100,4.507535000000001,7.53241,6.219505,6.654434999999999,0.361365,0.92799,1.775985,22.0,0.918845,
druglike_only,46,36,100,4.377305,7.53241,6.197445,6.654434999999999,0.35631999999999997,0.928905,1.77457,22.0,0.918955,
druglike_only,46,37,100,4.40678,7.53241,6.197445,6.646405,0.35943499999999995,0.92837,1.7661449999999999,22.0,0.9194100000000001,
druglike_only,46,38,100,4.650715,7.53241,6.219505,6.654434999999999,0.35943499999999995,0.928585,1.75478,22.0,0.9202250000000001,
druglike_only,46,39,100,4.507535000000001,7.53241,6.2145150000000005,6.676595000000001,0.351325,0.929235,1.75478,22.0,0.92086,
druglike_only,46,40,100,4.650715,7.53241,6.17511,6.6755700000000004,0.3543,0.928585,1.74434,22.0,0.9209849999999999,
druglike_only,46,41,100,4.69314,7.53241,6.169125,6.6755700000000004,0.352525,0.928585,1.738755,22.0,0.921325,
druglike_only,46,42,100,4.650715,7.53241,6.16244,6.668835,0.357415,0.928585,1.730295,22.0,0.9213899999999999,
druglike_only,46,43,100,4.60829,7.53241,6.182404999999999,6.65978,0.35829500000000003,0.928585,1.726275,22.0,0.92151,
druglike_only,46,44,100,4.650715,7.53241,6.196205,6.654434999999999,0.36285500000000004,0.93103,1.72767,22.0,0.9219550000000001,
druglike_only,46,45,100,4.69314,7.53241,6.19345,6.65978,0.36735,0.933315,1.721255,22.0,0.92389,
druglike_only,46,46,100,4.377305,7.53241,6.182404999999999,6.667585000000001,0.36285500000000004,0.93496,1.721015,22.0,0.9248799999999999,
druglike_only,46,47,100,4.377305,7.53241,6.19345,6.660115,0.36285500000000004,0.93567,1.721015,22.0,0.925225,
druglike_only,46,48,100,4.34783,7.53241,6.19345,6.660115,0.361365,0.93608,1.72004,22.0,0.9257299999999999,
druglike_only,46,49,100,4.507535000000001,7.53241,6.19345,6.66939,0.35829500000000003,0.935875,1.714345,22.0,0.92677,
druglike_only,46,50,100,4.650715,7.53241,6.2066099999999995,6.66939,0.361365,0.93634,1.7121149999999998,22.0,0.92709,
multi_real,42,0,100,100.0,8.4666,6.66064,6.59201,1.0,0.51425,2.83206,30.0,0.579975,6.66064
multi_real,42,1,44,9.685355,7.93731,6.54295,6.567805,0.56677,0.690565,2.8204599999999997,26.0,0.656,6.54295
multi_real,42,2,63,7.41688,8.10562,6.63535,6.57883,0.4875,0.7477,2.76209,23.0,0.67397,6.63535
multi_real,42,3,75,8.47724,8.10562,6.77172,6.55678,0.5,0.74925,2.76858,23.0,0.68174,6.77172
multi_real,42,4,83,8.29493,8.10562,6.89243,6.55686,0.5,0.76813,2.77732,23.0,0.69676,6.89243
multi_real,42,5,84,7.37327,8.10562,6.94392,6.558235,0.47762,0.77658,2.770515,23.0,0.704765,6.94392
multi_real,42,6,86,7.412145,8.04548,7.0892,6.6220099999999995,0.46265500000000004,0.7833950000000001,2.69881,23.0,0.716575,7.0892
multi_real,42,7,86,7.343235,8.24911,7.19879,6.6787849999999995,0.46265500000000004,0.78743,2.72103,23.0,0.7303649999999999,7.19879
multi_real,42,8,88,7.09271,8.24911,7.204245,6.616725,0.45743500000000004,0.7962450000000001,2.7045649999999997,23.0,0.73363,7.204245
multi_real,42,9,90,7.18954,8.22556,7.228615,6.6720950000000006,0.430635,0.80216,2.664815,22.0,0.7390300000000001,7.228615
multi_real,42,10,91,6.86767,8.4186,7.3102,6.63884,0.42105,0.81366,2.55043,22.0,0.74841,7.3102
multi_real,42,11,92,6.657805,8.4186,7.32247,6.61633,0.414585,0.815485,2.538505,22.0,0.7500450000000001,7.32247
multi_real,42,12,92,6.45161,8.4186,7.454325000000001,6.61633,0.417365,0.791775,2.498285,22.0,0.759115,7.454325000000001
multi_real,42,13,92,6.24348,8.4186,7.534235,6.568905,0.40629,0.804165,2.4835149999999997,22.0,0.764705,7.534235
multi_real,42,14,96,6.56986,8.4186,7.534235,6.568905,0.40747,0.842105,2.471585,22.0,0.777975,7.534235
multi_real,42,15,96,6.44068,8.4186,7.5641300000000005,6.5450800000000005,0.39639,0.8471299999999999,2.452465,22.0,0.782985,7.5641300000000005
multi_real,42,16,96,6.44068,8.4186,7.570485,6.517645,0.39669,0.852275,2.444655,22.0,0.7850250000000001,7.570485
multi_real,42,17,97,6.45161,8.4186,7.58445,6.54269,0.38596,0.85713,2.36014,22.0,0.78939,7.58445
multi_real,42,18,99,6.60377,8.4186,7.59183,6.54747,0.39655,0.86185,2.34811,22.0,0.79288,7.59183
multi_real,42,19,99,6.45161,8.4186,7.59183,6.55218,0.38596,0.86385,2.36585,22.0,0.79458,7.59183
multi_real,42,20,99,6.45161,8.4186,7.59183,6.55631,0.38596,0.86483,2.32824,22.0,0.79822,7.59183
multi_real,42,21,99,6.45161,8.38861,7.59183,6.55218,0.38462,0.86877,2.31227,22.0,0.80406,7.59183
multi_real,42,22,99,6.45161,8.38861,7.60254,6.55898,0.39344,0.87213,2.31227,22.0,0.80644,7.60254
multi_real,42,23,99,6.45161,8.33187,7.60859,6.55898,0.38667,0.87647,2.3028,21.0,0.8072,7.60859
multi_real,42,24,99,6.45161,8.33187,7.59957,6.55827,0.38596,0.87709,2.2645,21.0,0.81005,7.59957
multi_real,42,25,100,6.446145,8.33187,7.5919550000000005,6.55189,0.38529,0.881615,2.24894,21.0,0.8114300000000001,7.5919550000000005
multi_real,42,26,100,6.446145,8.33187,7.598084999999999,6.558625,0.38227999999999995,0.88599,2.2394249999999998,21.0,0.815585,7.598084999999999
multi_real,42,27,100,5.88235,8.33187,7.5916049999999995,6.56201,0.374065,0.88965,2.24894,21.0,0.816335,7.5916049999999995
multi_real,42,28,100,5.82253,8.33187,7.58268,6.580745,0.37288,0.89011,2.24894,21.0,0.816695,7.58268
multi_real,42,29,100,6.1381049999999995,8.33187,7.587485,6.5855250000000005,0.37288,0.88965,2.2394249999999998,21.0,0.817965,7.587485
multi_real,42,30,100,6.1381049999999995,8.33187,7.587485,6.58128,0.37288,0.89011,2.2394249999999998,21.0,0.817965,7.587485
multi_real,42,31,100,5.82253,8.33187,7.60865,6.577215,0.371925,0.894255,2.2203049999999998,21.0,0.820595,7.60865
multi_real,42,32,100,5.646330000000001,8.27619,7.62598,6.560175,0.37097,0.89188,2.087015,21.0,0.82291,7.62598
multi_real,42,33,100,5.76271,8.35823,7.628835,6.563205,0.37097,0.89188,2.087015,21.0,0.82291,7.628835
multi_real,42,34,100,5.646330000000001,8.35823,7.631964999999999,6.568614999999999,0.37097,0.8961749999999999,2.0102700000000002,21.0,0.82411,7.631964999999999
multi_real,42,35,100,5.76271,8.27619,7.63916,6.563205,0.369695,0.894255,1.9673699999999998,21.0,0.8252600000000001,7.63916
multi_real,42,36,100,5.76271,8.27619,7.63916,6.563205,0.369695,0.894255,1.9673699999999998,21.0,0.8252600000000001,7.63916
multi_real,42,37,100,5.397285,7.84637,7.63943,6.563205,0.36207,0.894255,1.982765,21.0,0.8252600000000001,7.63943
multi_real,42,38,100,5.22876,7.84637,7.649134999999999,6.560175,0.3589,0.897195,1.982765,21.0,0.8271,7.649134999999999
multi_real,42,39,100,5.2998,7.84637,7.6588449999999995,6.54225,0.36066,0.8961749999999999,1.9634749999999999,21.0,0.82882,7.6588449999999995
multi_real,42,40,100,5.22876,7.84637,7.66336,6.546615,0.3589,0.901,1.951015,21.0,0.8302050000000001,7.66336
multi_real,42,41,100,5.2998,7.84637,7.665585,6.546615,0.36066,0.9042950000000001,1.9440849999999998,21.0,0.83064,7.665585
multi_real,42,42,100,5.22876,7.85032,7.66991,6.55237,0.35653500000000005,0.90617,1.9440849999999998,21.0,0.831485,7.66991
multi_real,42,43,100,5.22876,7.85032,7.66991,6.546615,0.35653500000000005,0.907595,1.9440849999999998,21.0,0.8317950000000001,7.66991
multi_real,42,44,100,5.22876,7.85032,7.6739049999999995,6.55237,0.35653500000000005,0.90761,1.9440849999999998,21.0,0.8321050000000001,7.6739049999999995
multi_real,42,45,100,5.14894,7.85032,7.66991,6.538035000000001,0.35484,0.9079250000000001,1.91177,21.0,0.83249,7.66991
multi_real,42,46,100,5.22876,7.85032,7.66991,6.5116499999999995,0.35484,0.9079250000000001,1.91063,21.0,0.83297,7.66991
multi_real,42,47,100,5.22876,7.85032,7.6739049999999995,6.509040000000001,0.355385,0.90797,1.8967450000000001,21.0,0.83379,7.6739049999999995
multi_real,42,48,100,5.397285,7.85032,7.67822,6.509040000000001,0.3589,0.90797,1.910135,21.0,0.83462,7.67822
multi_real,42,49,100,5.42373,7.89232,7.68543,6.50434,0.361365,0.9083,1.922835,21.0,0.836025,7.68543
multi_real,42,50,100,5.397285,7.89232,7.686655,6.507065000000001,0.361365,0.90807,1.92516,21.0,0.836025,7.686655
multi_real,43,0,100,100.0,8.56234,6.514155,6.699425,1.0,0.53384,2.744945,29.0,0.572645,6.514155
multi_real,43,1,49,8.8632,7.75556,6.643,6.52629,0.57143,0.62786,2.91131,26.0,0.62741,6.643
multi_real,43,2,64,7.30467,8.29799,6.690614999999999,6.54177,0.529855,0.632555,2.78864,25.0,0.639405,6.690614999999999
multi_real,43,3,73,6.90738,8.29799,6.72611,6.59046,0.45763,0.71564,2.72448,25.0,0.66796,6.72611
multi_real,43,4,77,6.13208,8.29799,6.77947,6.59046,0.42647,0.73248,2.73475,24.0,0.68208,6.77947
multi_real,43,5,84,5.871625,8.29799,6.77844,6.5684000000000005,0.41339499999999996,0.764895,2.69299,24.0,0.695025,6.77844
multi_real,43,6,87,5.97484,8.29799,6.88843,6.56468,0.41667,0.78629,2.65047,24.0,0.71005,6.88843
multi_real,43,7,88,6.45161,8.29799,6.95962,6.582330000000001,0.418335,0.7873,2.645345,23.0,0.7176,6.95962
multi_real,43,8,89,5.76271,8.29799,7.00858,6.57924,0.4,0.79788,2.67698,23.0,0.72391,7.00858
multi_real,43,9,91,5.22876,8.29799,7.03268,6.59752,0.39394,0.8042,2.67635,23.0,0.72775,7.03268
multi_real,43,10,92,5.7694399999999995,8.29799,7.18998,6.576635,0.41339499999999996,0.809585,2.666555,23.0,0.733745,7.18998
multi_real,43,11,92,6.155975,8.29799,7.34036,6.57001,0.414455,0.80097,2.5973300000000004,23.0,0.742145,7.34036
multi_real,43,12,92,6.123755,8.29799,7.386125,6.54343,0.418015,0.809315,2.583415,23.0,0.74702,7.386125
multi_real,43,13,93,6.39386,8.29799,7.43065,6.54428,0.42045,0.80561,2.5667,23.0,0.7492,7.43065
multi_real,43,14,93,5.76271,8.29799,7.50783,6.55056,0.38462,0.8118,2.5667,23.0,0.75722,7.50783
multi_real,43,15,94,5.88235,8.33627,7.55291,6.565910000000001,0.38529,0.8036350000000001,2.5193149999999997,23.0,0.772475,7.55291
multi_real,43,16,95,5.76271,8.33627,7.55296,6.56174,0.37705,0.81701,2.49839,23.0,0.78049,7.55296
multi_real,43,17,96,5.82253,8.33627,7.561215000000001,6.6084,0.37321499999999996,0.8254250000000001,2.430185,22.0,0.7823899999999999,7.561215000000001
multi_real,43,18,96,5.762015,8.33627,7.569595,6.6084,0.3705,0.8347450000000001,2.3478399999999997,22.0,0.79362,7.569595
multi_real,43,19,97,5.76271,8.33627,7.57999,6.52633,0.36957,0.85296,2.33085,22.0,0.79934,7.57999
multi_real,43,20,98,5.76271,8.19477,7.58136,6.506495,0.368995,0.85978,2.24331,22.0,0.80386,7.58136
multi_real,43,21,98,5.5932200000000005,8.19477,7.58136,6.488985,0.359605,0.86783,2.2064899999999996,22.0,0.808145,7.58136
multi_real,43,22,98,5.5932200000000005,8.19477,7.590590000000001,6.49101,0.359605,0.8690100000000001,2.21424,22.0,0.81114,7.590590000000001
multi_real,43,23,98,5.5932200000000005,7.98945,7.58136,6.50072,0.35911499999999996,0.87617,2.167325,21.0,0.813225,7.58136
multi_real,43,24,98,5.06912,7.99784,7.60396,6.487915,0.35401,0.8774150000000001,2.167325,21.0,0.814295,7.60396
multi_real,43,25,98,5.06912,7.99784,7.596895,6.493015,0.35088,0.879085,2.12293,21.0,0.81593,7.596895
multi_real,43,26,98,5.06912,7.99784,7.59427,6.493015,0.35088,0.87971,2.1100000000000003,21.0,0.817975,7.59427
multi_real,43,27,99,5.06912,7.99784,7.58273,6.4995,0.35385,0.87936,2.09142,21.0,0.81799,7.58273
multi_real,43,28,99,5.06912,7.99784,7.60581,6.48608,0.35185,0.88495,2.09129,21.0,0.82279,7.60581
multi_real,43,29,99,5.22876,7.99784,7.61106,6.48407,0.35417,0.88598,2.06606,21.0,0.82346,7.61106
multi_real,43,30,99,5.22876,7.99784,7.62519,6.47209,0.35593,0.88814,2.04912,21.0,0.82552,7.62519
multi_real,43,31,99,5.42373,7.95954,7.60581,6.48407,0.36207,0.8906,2.00238,21.0,0.8268,7.60581
multi_real,43,32,99,5.76271,7.95954,7.61405,6.48169,0.36364,0.8906,1.99796,21.0,0.82681,7.61405
multi_real,43,33,99,5.6266,7.95954,7.61405,6.45952,0.36207,0.89319,1.95879,21.0,0.82905,7.61405
multi_real,43,34,100,5.2998,7.95954,7.60147,6.45807,0.35653500000000005,0.898705,1.95654,21.0,0.82915,7.60147
multi_real,43,35,100,5.22876,7.95954,7.58353,6.456155000000001,0.35653500000000005,0.9014,1.956505,21.0,0.829285,7.58353
multi_real,43,36,100,5.22876,7.95954,7.582935,6.467404999999999,0.35593,0.90296,1.95214,21.0,0.82959,7.582935
multi_real,43,37,100,5.2998,7.95954,7.5842600000000004,6.458114999999999,0.35505,0.90605,1.956505,21.0,0.83031,7.5842600000000004
multi_real,43,38,100,5.22876,7.95954,7.582145,6.46302,0.35301,0.906675,1.94917,21.0,0.83072,7.582145
multi_real,43,39,100,5.22876,7.95954,7.582145,6.463825,0.35136500000000004,0.906675,1.9485549999999998,21.0,0.83106,7.582145
multi_real,43,40,100,5.22876,7.95954,7.582935,6.46302,0.35136500000000004,0.90817,1.94917,21.0,0.8314250000000001,7.582935
multi_real,43,41,100,5.14894,7.95954,7.6156749999999995,6.458114999999999,0.34891000000000005,0.91062,1.958645,21.0,0.83197,7.6156749999999995
multi_real,43,42,100,5.22876,7.95954,7.621245,6.45315,0.35136500000000004,0.9116500000000001,1.95665,21.0,0.832155,7.621245
multi_real,43,43,100,5.22876,7.96204,7.62707,6.46302,0.35136500000000004,0.91508,1.97808,21.0,0.8333699999999999,7.62707
multi_real,43,44,100,5.22876,7.96204,7.62983,6.457755000000001,0.35136500000000004,0.91508,1.97808,21.0,0.83344,7.62983
multi_real,43,45,100,5.22876,8.0093,7.63279,6.4677050000000005,0.35136500000000004,0.916975,1.98445,21.0,0.8340350000000001,7.63279
multi_real,43,46,100,5.22876,8.0093,7.63279,6.473134999999999,0.35185,0.917225,1.98445,21.0,0.8344400000000001,7.63279
multi_real,43,47,100,5.22876,8.0093,7.633345,6.46302,0.35185,0.917225,1.991665,21.0,0.834905,7.633345
multi_real,43,48,100,5.22876,8.0093,7.635985,6.46302,0.35301,0.917225,1.97808,21.0,0.83536,7.635985
multi_real,43,49,100,5.22876,8.0093,7.63966,6.47157,0.35185,0.91794,1.97808,21.0,0.835815,7.63966
multi_real,43,50,100,5.326245,8.0093,7.646165,6.47157,0.35301,0.917225,1.97808,21.0,0.83589,7.646165
multi_real,44,0,100,100.0,8.88689,6.5950500000000005,6.802695,1.0,0.5159549999999999,2.964695,29.0,0.583375,6.5950500000000005
multi_real,44,1,49,7.40741,8.26044,6.48361,6.67201,0.46667,0.65018,2.99474,25.0,0.62906,6.48361
multi_real,44,2,63,7.40741,8.33437,6.72951,6.67201,0.46269,0.74216,2.78651,25.0,0.66742,6.72951
multi_real,44,3,69,9.02527,8.37853,6.86296,6.64563,0.5,0.75435,2.74898,25.0,0.68086,6.86296
multi_real,44,4,79,8.64198,8.37853,6.9505,6.60975,0.49462,0.77429,2.6683,24.0,0.70916,6.9505
multi_real,44,5,84,7.404064999999999,8.37853,7.07067,6.616035,0.47639,0.7735799999999999,2.7253499999999997,24.0,0.721445,7.07067
multi_real,44,6,85,7.70519,8.37853,7.14002,6.6077,0.47273,0.79607,2.66557,24.0,0.72623,7.14002
multi_real,44,7,89,7.03971,8.37853,7.1803,6.62232,0.43939,0.81233,2.66634,24.0,0.73306,7.1803
multi_real,44,8,92,5.89963,8.37853,7.2195,6.606730000000001,0.41561000000000003,0.8376950000000001,2.678025,24.0,0.74063,7.2195
multi_real,44,9,94,6.431675,8.37853,7.318205000000001,6.616345,0.4298,0.843195,2.6659550000000003,24.0,0.7462,7.318205000000001
multi_real,44,10,94,6.0160599999999995,8.37853,7.343260000000001,6.603669999999999,0.41356,0.85824,2.6281549999999996,23.5,0.760255,7.343260000000001
multi_real,44,11,95,6.53595,8.37853,7.39004,6.59837,0.41379,0.86072,2.57014,23.0,0.76794,7.39004
multi_real,44,12,95,6.53595,8.37853,7.43275,6.56495,0.40678,0.86208,2.50619,23.0,0.77366,7.43275
multi_real,44,13,95,6.58436,8.37853,7.46708,6.55434,0.39683,0.86385,2.43868,22.0,0.78226,7.46708
multi_real,44,14,95,5.37084,8.37853,7.48644,6.53732,0.38462,0.86413,2.43616,23.0,0.78469,7.48644
multi_real,44,15,95,4.85762,8.42595,7.49333,6.54717,0.37778,0.86385,2.39974,22.0,0.78842,7.49333
multi_real,44,16,96,5.379355,8.42595,7.518395,6.53293,0.388255,0.87811,2.414865,22.5,0.792215,7.518395
multi_real,44,17,96,5.186395,8.42595,7.528425,6.542245,0.388255,0.879135,2.382815,22.5,0.793395,7.528425
multi_real,44,18,96,5.186395,8.42595,7.53435,6.529014999999999,0.39086,0.88219,2.380275,22.0,0.79922,7.53435
multi_real,44,19,96,5.4450400000000005,8.30839,7.531675,6.52767,0.387895,0.886085,2.35923,22.0,0.8004100000000001,7.531675
multi_real,44,20,96,5.450395,8.30839,7.5647,6.505405,0.39086,0.886085,2.343225,22.0,0.8043,7.5647
multi_real,44,21,99,5.76271,8.30839,7.53247,6.48835,0.38462,0.8906,2.27709,22.0,0.80885,7.53247
multi_real,44,22,99,5.76271,8.30839,7.53088,6.48375,0.38333,0.89137,2.27632,22.0,0.81073,7.53088
multi_real,44,23,99,5.76271,8.30839,7.52877,6.48375,0.38298,0.89801,2.27709,21.0,0.81325,7.52877
multi_real,44,24,99,5.88235,8.30839,7.53073,6.48375,0.38333,0.89817,2.27205,21.0,0.81459,7.53073
multi_real,44,25,99,5.99078,8.30839,7.53088,6.48375,0.38333,0.90231,2.26196,21.0,0.81563,7.53088
multi_real,44,26,99,6.3786,8.30839,7.56517,6.49343,0.38298,0.90246,2.24257,21.0,0.81692,7.56517
multi_real,44,27,100,6.45161,8.30839,7.56545,6.491054999999999,0.38298,0.902385,2.245545,21.0,0.8177000000000001,7.56545
multi_real,44,28,100,6.45161,8.30839,7.56968,6.486215,0.38088500000000003,0.90166,2.22712,21.0,0.819295,7.56968
multi_real,44,29,100,6.18469,8.30839,7.56668,6.486215,0.37067,0.9020600000000001,2.20639,21.0,0.821105,7.56668
multi_real,44,30,100,6.40964,8.30839,7.58081,6.492595,0.37067,0.903235,2.236535,21.0,0.82255,7.58081
multi_real,44,31,100,5.936565,8.30839,7.600275,6.485625,0.37037,0.9027050000000001,2.23242,21.0,0.823275,7.600275
multi_real,44,32,100,5.88235,8.30839,7.60416,6.485625,0.36923,0.9027050000000001,2.23242,21.0,0.82518,7.60416
multi_real,44,33,100,6.215730000000001,8.30839,7.608169999999999,6.50225,0.37037,0.9044650000000001,2.23242,21.0,0.82596,7.608169999999999
multi_real,44,34,100,6.215730000000001,8.30839,7.609825,6.50225,0.37037,0.905385,2.23242,21.0,0.82624,7.609825
multi_real,44,35,100,6.446145,8.30839,7.609825,6.50225,0.37037,0.9063749999999999,2.23242,21.0,0.82668,7.609825
multi_real,44,36,100,6.446145,8.30839,7.610355,6.50225,0.3698,0.905385,2.22374,21.0,0.8267800000000001,7.610355
multi_real,44,37,100,6.53595,8.30839,7.610105,6.485625,0.3698,0.905385,2.17194,21.0,0.8295399999999999,7.610105
multi_real,44,38,100,6.493779999999999,8.30839,7.609825,6.49659,0.36923,0.905385,2.15816,21.0,0.83066,7.609825
multi_real,44,39,100,6.53595,8.30839,7.610105,6.49659,0.37037,0.9063749999999999,2.15816,21.0,0.83066,7.610105
multi_real,44,40,100,6.53595,8.30839,7.612565,6.49022,0.37037,0.905385,2.1372150000000003,21.0,0.830705,7.612565
multi_real,44,41,100,6.446145,8.17615,7.653205,6.49022,0.36603,0.90788,2.143745,21.0,0.831195,7.653205
multi_real,44,42,100,6.161515,8.17615,7.653205,6.49022,0.36285500000000004,0.90788,2.143745,21.0,0.8316749999999999,7.653205
multi_real,44,43,100,6.161515,8.17615,7.679615,6.49659,0.36207,0.90788,2.0953850000000003,21.0,0.831905,7.679615
multi_real,44,44,100,5.88235,8.17615,7.705255,6.49022,0.359575,0.90788,2.144365,21.0,0.8322050000000001,7.705255
multi_real,44,45,100,6.446145,8.17615,7.721550000000001,6.501745,0.36285500000000004,0.9081,2.1609949999999998,21.0,0.83245,7.721550000000001
multi_real,44,46,100,6.45161,8.17615,7.721550000000001,6.49659,0.36603,0.9081,2.1609949999999998,21.0,0.83253,7.721550000000001
multi_real,44,47,100,6.45161,8.17615,7.721550000000001,6.49659,0.36603,0.9081,2.1609949999999998,21.0,0.83253,7.721550000000001
multi_real,44,48,100,6.493779999999999,8.17615,7.718815,6.501745,0.36939500000000003,0.9079250000000001,2.144365,21.0,0.8333699999999999,7.718815
multi_real,44,49,100,6.53595,8.17615,7.711765,6.502575,0.36939500000000003,0.90823,2.144365,21.0,0.8336349999999999,7.711765
multi_real,44,50,100,6.53595,8.17615,7.711765,6.502575,0.36939500000000003,0.90823,2.144365,21.0,0.8336349999999999,7.711765
multi_real,45,0,100,100.0,8.50158,6.71856,6.6071100000000005,1.0,0.493815,2.916545,30.0,0.59015,6.71856
multi_real,45,1,44,9.73146,8.42918,6.619225,6.5077750000000005,0.530975,0.66418,2.990665,24.5,0.628795,6.619225
multi_real,45,2,61,7.8341,8.42918,6.6477,6.49826,0.49398,0.69077,2.92232,24.0,0.65667,6.6477
multi_real,45,3,71,8.7234,8.26598,6.76574,6.49826,0.5,0.73116,2.90945,24.0,0.67206,6.76574
multi_real,45,4,81,8.02469,8.26598,6.78308,6.51286,0.49231,0.76429,2.88441,24.0,0.68023,6.78308
multi_real,45,5,83,8.69565,8.27183,6.86896,6.53606,0.48387,0.77623,2.8594,23.0,0.69376,6.86896
multi_real,45,6,85,8.13559,8.26598,6.96729,6.5715,0.48438,0.78302,2.88441,23.0,0.70393,6.96729
multi_real,45,7,87,8.47458,8.26598,6.96729,6.56427,0.47761,0.81851,2.88441,23.0,0.71829,6.96729
multi_real,45,8,88,8.780395,8.36513,6.988849999999999,6.57607,0.45607,0.8101149999999999,2.8705,23.0,0.727115,6.988849999999999
multi_real,45,9,91,8.47458,8.36513,7.10117,6.5942,0.45161,0.82202,2.87016,23.0,0.73153,7.10117
multi_real,45,10,92,7.386995,8.40244,7.11506,6.6418800000000005,0.452365,0.82599,2.86943,23.0,0.736245,7.11506
multi_real,45,11,92,8.485655,8.41446,7.251225,6.641745,0.452365,0.831825,2.8402450000000004,23.0,0.74223,7.251225
multi_real,45,12,92,7.68891,8.41446,7.34434,6.63875,0.465215,0.821985,2.826505,23.0,0.748095,7.34434
multi_real,45,13,93,8.47458,8.41446,7.48381,6.64169,0.49231,0.80281,2.8041,23.0,0.75055,7.48381
multi_real,45,14,93,9.0535,8.40244,7.53487,6.63684,0.49231,0.81954,2.80247,23.0,0.75435,7.53487
multi_real,45,15,93,9.46292,8.40244,7.60131,6.63466,0.49231,0.84442,2.81509,23.0,0.76124,7.60131
multi_real,45,16,94,9.477225,8.40244,7.659665,6.63205,0.50878,0.844815,2.8268649999999997,23.0,0.76468,7.659665
multi_real,45,17,95,9.97442,8.40244,7.69617,6.63684,0.52055,0.84442,2.83052,23.0,0.76913,7.69617
multi_real,45,18,96,10.743425,8.40244,7.720095000000001,6.61489,0.53128,0.84504,2.837535,22.0,0.777655,7.720095000000001
multi_real,45,19,96,11.08551,8.40244,7.720095000000001,6.63673,0.53226,0.84504,2.8282499999999997,22.0,0.7812749999999999,7.720095000000001
multi_real,45,20,97,11.11111,8.40244,7.7355,6.61301,0.53226,0.84472,2.82598,22.0,0.78194,7.7355
multi_real,45,21,97,11.76471,8.40244,7.73879,6.63662,0.53704,0.84472,2.83205,23.0,0.78266,7.73879
multi_real,45,22,98,11.86441,8.40244,7.785270000000001,6.620225,0.544655,0.85023,2.8312850000000003,22.0,0.792575,7.785270000000001
multi_real,45,23,98,11.86441,8.40244,7.793635,6.615130000000001,0.55172,0.85505,2.8234250000000003,22.0,0.7928900000000001,7.793635
multi_real,45,24,99,12.90323,8.40244,7.82156,6.59183,0.55556,0.85751,2.79403,22.0,0.79605,7.82156
multi_real,45,25,99,13.0719,8.40244,7.86588,6.57153,0.56452,0.86084,2.80912,22.0,0.80206,7.86588
multi_real,45,26,99,12.90323,8.40244,7.87738,6.56235,0.5614,0.86994,2.83052,22.0,0.80338,7.87738
multi_real,45,27,99,13.0719,8.40244,7.88519,6.55941,0.5614,0.87213,2.80912,22.0,0.8058,7.88519
multi_real,45,28,99,13.55932,8.40244,7.94731,6.55631,0.57143,0.87213,2.8061,22.0,0.80663,7.94731
multi_real,45,29,99,13.55932,8.40244,7.94731,6.55941,0.57143,0.87289,2.80912,22.0,0.80788,7.94731
multi_real,45,30,99,13.55932,8.40244,8.0558,6.55941,0.57377,0.87289,2.82234,22.0,0.8105,8.0558
multi_real,45,31,99,13.58025,8.40244,8.07271,6.55978,0.57377,0.87433,2.82087,22.0,0.81267,8.07271
multi_real,45,32,99,14.28571,8.40244,8.09443,6.55941,0.57895,0.87373,2.81643,22.0,0.81441,8.09443
multi_real,45,33,99,14.28571,8.40244,8.09775,6.5483,0.57377,0.87911,2.81643,22.0,0.81485,8.09775
multi_real,45,34,99,14.91525,8.40244,8.10226,6.5483,0.57377,0.87911,2.81643,22.0,0.81485,8.10226
multi_real,45,35,99,14.91525,8.40244,8.09843,6.5483,0.58333,0.88192,2.81643,22.0,0.81859,8.09843
multi_real,45,36,99,14.91525,8.40244,8.10226,6.5483,0.58333,0.88173,2.81121,22.0,0.81929,8.10226
multi_real,45,37,99,14.91525,8.40244,8.09775,6.5483,0.58333,0.88196,2.77784,22.0,0.82021,8.09775
multi_real,45,38,99,14.32225,8.40244,8.10112,6.54767,0.58333,0.88873,2.7627,22.0,0.8233,8.10112
multi_real,45,39,99,14.28571,8.40244,8.10112,6.5483,0.58333,0.89465,2.76136,22.0,0.82454,8.10112
multi_real,45,40,99,14.23729,8.40244,8.10226,6.55935,0.58333,0.89637,2.76136,22.0,0.82575,8.10226
multi_real,45,41,99,14.23729,8.40244,8.10226,6.54767,0.58333,0.90119,2.76186,22.0,0.82575,8.10226
multi_real,45,42,99,14.32225,8.40244,8.10226,6.54767,0.58333,0.903,2.76186,22.0,0.82589,8.10226
multi_real,45,43,99,14.28571,8.40244,8.10226,6.54762,0.58333,0.903,2.7627,22.0,0.8264,8.10226
multi_real,45,44,99,14.23729,8.40244,8.11236,6.54717,0.58333,0.90261,2.76186,22.0,0.82747,8.11236
multi_real,45,45,99,14.23729,8.40244,8.11236,6.54343,0.58333,0.90331,2.75418,22.0,0.82818,8.11236
multi_real,45,46,99,13.81074,8.40244,8.11679,6.54343,0.58333,0.904,2.74749,22.0,0.82915,8.11679
multi_real,45,47,99,13.58025,8.40244,8.11811,6.54667,0.58333,0.90331,2.74674,22.0,0.82915,8.11811
multi_real,45,48,99,13.55932,8.40244,8.11811,6.54343,0.58065,0.904,2.74674,22.0,0.82915,8.11811
multi_real,45,49,99,13.04348,8.40244,8.11679,6.54667,0.57377,0.90688,2.74674,22.0,0.82919,8.11679
multi_real,45,50,99,13.58025,8.40244,8.11811,6.54667,0.58333,0.90717,2.74749,22.0,0.82946,8.11811
multi_real,46,0,100,100.0,8.71457,6.490385,6.761205,1.0,0.5439350000000001,2.8631349999999998,28.0,0.586575,6.490385
multi_real,46,1,41,8.75576,7.69247,6.71421,6.69915,0.49275,0.65385,2.86477,25.0,0.62738,6.71421
multi_real,46,2,66,9.101915,7.86116,6.72023,6.655844999999999,0.5110950000000001,0.7203900000000001,2.8344750000000003,24.0,0.65886,6.72023
multi_real,46,3,73,7.40741,7.86116,6.88913,6.66942,0.47059,0.72898,2.86676,24.0,0.67271,6.88913
multi_real,46,4,78,8.365570000000002,8.30687,6.959315,6.64923,0.46863,0.7456849999999999,2.749365,24.0,0.68505,6.959315
multi_real,46,5,78,8.744855000000001,8.30687,7.0150950000000005,6.61509,0.487835,0.76251,2.691685,24.0,0.707045,7.0150950000000005
multi_real,46,6,82,7.515025,8.30687,7.02514,6.666755,0.46709999999999996,0.7736350000000001,2.642225,23.0,0.71838,7.02514
multi_real,46,7,85,8.13559,8.30687,7.02113,6.68605,0.46,0.78872,2.62283,23.0,0.72073,7.02113
multi_real,46,8,86,7.41688,8.30687,7.178825,6.677530000000001,0.453225,0.788285,2.642225,23.0,0.72787,7.178825
multi_real,46,9,89,7.41688,8.44154,7.34568,6.62947,0.4375,0.78976,2.71484,23.0,0.7344,7.34568
multi_real,46,10,89,7.11864,8.44154,7.41182,6.63169,0.43548,0.79763,2.65055,23.0,0.74867,7.41182
multi_real,46,11,89,6.76101,8.44154,7.49438,6.63624,0.42623,0.80772,2.51185,23.0,0.7594,7.49438
multi_real,46,12,91,6.45161,8.44154,7.52172,6.56359,0.42593,0.82386,2.51185,22.0,0.76659,7.52172
multi_real,46,13,95,6.45161,8.44154,7.53537,6.54433,0.41667,0.81282,2.5049,22.0,0.78189,7.53537
multi_real,46,14,96,7.20488,8.44154,7.514889999999999,6.539855,0.42638,0.84083,2.4782599999999997,22.0,0.7863450000000001,7.514889999999999
multi_real,46,15,98,6.657805,8.44154,7.546374999999999,6.522055,0.41886,0.8647800000000001,2.406155,22.0,0.793105,7.546374999999999
multi_real,46,16,99,6.45161,8.44154,7.56413,6.54943,0.38961,0.87237,2.38085,22.0,0.79884,7.56413
multi_real,46,17,99,6.53595,8.44154,7.56661,6.53044,0.39394,0.87424,2.3696,22.0,0.80032,7.56661
multi_real,46,18,100,7.18954,8.44154,7.56537,6.53701,0.388685,0.87626,2.2954,22.0,0.8013049999999999,7.56537
multi_real,46,19,100,7.18954,8.44154,7.573309999999999,6.512405,0.38529,0.8781650000000001,2.3496699999999997,21.0,0.802715,7.573309999999999
multi_real,46,20,100,7.15409,8.44154,7.60505,6.51923,0.38462,0.8752800000000001,2.2954,21.0,0.8046599999999999,7.60505
multi_real,46,21,100,7.15409,8.44154,7.654525,6.501405,0.382575,0.87849,2.305705,21.0,0.807855,7.654525
multi_real,46,22,100,7.18954,8.44154,7.67835,6.487635,0.383975,0.88277,2.263855,21.0,0.813665,7.67835
multi_real,46,23,100,7.0509900000000005,8.44154,7.67835,6.49972,0.383975,0.88353,2.24123,21.0,0.81664,7.67835
multi_real,46,24,100,7.0509900000000005,8.44154,7.679565,6.50684,0.382575,0.8856250000000001,2.208735,21.0,0.819455,7.679565
multi_real,46,25,100,6.657805,8.44154,7.67365,6.511085,0.37736,0.888415,2.184405,21.0,0.822965,7.67365
multi_real,46,26,100,6.45161,8.34116,7.679565,6.515135,0.37377499999999997,0.888965,2.1729950000000002,21.0,0.8264450000000001,7.679565
multi_real,46,27,100,6.45161,8.34116,7.68285,6.511085,0.370485,0.893475,2.175405,21.0,0.827225,7.68285
multi_real,46,28,100,6.493779999999999,8.34116,7.68581,6.51645,0.3669,0.89515,2.16682,21.0,0.82775,7.68581
multi_real,46,29,100,6.493779999999999,8.34116,7.68581,6.51645,0.36302,0.89515,2.16682,21.0,0.82775,7.68581
multi_real,46,30,100,6.45161,8.34116,7.688015,6.52317,0.36002,0.8960250000000001,2.173965,21.0,0.828265,7.688015
multi_real,46,31,100,6.422734999999999,8.34116,7.68581,6.52317,0.36002,0.90361,2.154995,21.0,0.8284149999999999,7.68581
multi_real,46,32,100,6.1923200000000005,8.34116,7.688015,6.517575000000001,0.36002,0.90361,2.173965,21.0,0.8284149999999999,7.688015
multi_real,46,33,100,6.1923200000000005,8.34116,7.697465,6.49225,0.359575,0.90629,2.117055,21.0,0.83114,7.697465
multi_real,46,34,100,6.1923200000000005,8.34116,7.713005,6.510854999999999,0.361365,0.9078200000000001,2.132385,21.0,0.8325,7.713005
multi_real,46,35,100,5.936565,8.34116,7.7133,6.515135,0.36207,0.9079550000000001,2.132385,21.0,0.833005,7.7133
multi_real,46,36,100,6.422734999999999,8.34116,7.713115,6.519025,0.36451,0.911205,2.12686,21.0,0.83491,7.713115
multi_real,46,37,100,6.45161,8.34116,7.7133,6.517135,0.36451,0.912015,2.095455,21.0,0.836445,7.7133
multi_real,46,38,100,6.45161,8.28304,7.71508,6.515135,0.366025,0.913115,2.07971,21.0,0.837985,7.71508
multi_real,46,39,100,6.45161,8.28304,7.731400000000001,6.505845000000001,0.366025,0.9137900000000001,2.10655,21.0,0.8392,7.731400000000001
multi_real,46,40,100,6.45161,8.28304,7.731400000000001,6.484500000000001,0.366025,0.91428,2.0867449999999996,21.0,0.8403700000000001,7.731400000000001
multi_real,46,41,100,6.45161,8.28304,7.735055,6.4912,0.361365,0.91544,2.07645,21.0,0.840525,7.735055
multi_real,46,42,100,5.99078,8.28304,7.737705,6.4996,0.35934,0.9137900000000001,2.0867449999999996,21.0,0.84111,7.737705
multi_real,46,43,100,6.45161,8.28304,7.74343,6.4912,0.36066,0.91544,2.08352,21.0,0.8415,7.74343
multi_real,46,44,100,6.45161,8.28304,7.74343,6.4856750000000005,0.361365,0.9169050000000001,2.08352,21.0,0.84205,7.74343
multi_real,46,45,100,6.45161,8.28304,7.74343,6.484305,0.36066,0.91725,2.08026,21.0,0.842355,7.74343
multi_real,46,46,100,6.493779999999999,8.28304,7.74496,6.47772,0.361365,0.91544,2.08026,21.0,0.842355,7.74496
multi_real,46,47,100,6.45161,8.28304,7.745915,6.4720949999999995,0.36066,0.91725,2.0978399999999997,21.0,0.84242,7.745915
multi_real,46,48,100,6.493779999999999,8.28304,7.75071,6.4720949999999995,0.36066,0.91725,2.0834849999999996,21.0,0.84242,7.75071
multi_real,46,49,100,6.45161,8.28304,7.75071,6.4744600000000005,0.36066,0.91806,2.0834849999999996,21.0,0.8432,7.75071
multi_real,46,50,100,6.493779999999999,8.28304,7.745915,6.47987,0.36066,0.918865,2.07233,21.0,0.843535,7.745915
multi_scrambled,42,0,100,100.0,8.4666,6.66064,6.59201,1.0,0.51425,2.83206,30.0,0.58458,6.59201
multi_scrambled,42,1,50,6.68872,8.19425,6.415755,6.667695,0.5186200000000001,0.70014,3.003795,25.0,0.64635,6.667695
multi_scrambled,42,2,69,7.11864,8.19425,6.32667,6.71951,0.5,0.72528,2.9563,25.0,0.66256,6.71951
multi_scrambled,42,3,81,6.36516,8.19425,6.4165,6.74326,0.44737,0.75006,2.83867,24.0,0.68157,6.74326
multi_scrambled,42,4,86,6.071065,8.19425,6.339605000000001,6.801105,0.42281,0.7827,2.82834,23.0,0.6941900000000001,6.801105
multi_scrambled,42,5,92,6.8272949999999994,8.19425,6.219435000000001,6.868435,0.43852,0.79228,2.755715,23.0,0.709505,6.868435
multi_scrambled,42,6,93,7.11864,8.19425,6.20673,6.88886,0.43421,0.80375,2.72415,23.0,0.71377,6.88886
multi_scrambled,42,7,94,7.2814049999999995,8.19425,6.230605,6.885385,0.433525,0.8157650000000001,2.6994499999999997,23.0,0.716905,6.885385
multi_scrambled,42,8,95,7.53769,8.19425,6.2688,6.85494,0.43284,0.83548,2.66883,22.0,0.72388,6.85494
multi_scrambled,42,9,96,7.429175,8.19425,6.28824,6.88494,0.424775,0.850325,2.6765499999999998,22.0,0.726015,6.88494
multi_scrambled,42,10,96,7.55946,8.20319,6.30252,6.908935,0.42875,0.86255,2.663945,22.0,0.731385,6.908935
multi_scrambled,42,11,97,7.53769,8.20319,6.31087,6.96948,0.42424,0.87293,2.6594,22.0,0.73911,6.96948
multi_scrambled,42,12,97,7.45763,8.20319,6.28187,6.96003,0.41772,0.88333,2.65133,22.0,0.74201,6.96003
multi_scrambled,42,13,97,6.45161,8.20319,6.28187,6.96003,0.4058,0.89165,2.5822,22.0,0.74773,6.96003
multi_scrambled,42,14,98,6.240145,8.20319,6.305475,6.95669,0.38939999999999997,0.89337,2.633635,22.0,0.749005,6.95669
multi_scrambled,42,15,98,6.240145,8.20319,6.2909749999999995,6.95669,0.38906,0.8938649999999999,2.598565,22.0,0.7529250000000001,6.95669
multi_scrambled,42,16,98,5.4276800000000005,7.71265,6.2909749999999995,6.9586,0.385165,0.9044300000000001,2.590135,22.0,0.75527,6.9586
multi_scrambled,42,17,98,5.22876,7.47934,6.3116,6.958119999999999,0.376035,0.906115,2.57422,22.0,0.7576700000000001,6.958119999999999
multi_scrambled,42,18,98,5.22876,7.47934,6.2909749999999995,6.953749999999999,0.36664,0.90863,2.5708349999999998,22.0,0.7595149999999999,6.953749999999999
multi_scrambled,42,19,98,4.83539,7.47934,6.315305,6.973435,0.35297999999999996,0.9138649999999999,2.5708349999999998,22.0,0.7621500000000001,6.973435
multi_scrambled,42,20,98,5.14894,7.47934,6.2909749999999995,7.0037,0.347765,0.91413,2.5634699999999997,22.0,0.764955,7.0037
multi_scrambled,42,21,98,4.670400000000001,7.47934,6.153485,7.0175,0.33333,0.91553,2.49047,22.0,0.76694,7.0175
multi_scrambled,42,22,99,4.73251,7.47934,6.17608,7.01744,0.33333,0.91606,2.42355,22.0,0.76764,7.01744
multi_scrambled,42,23,99,4.60829,7.47934,6.17358,7.02119,0.33333,0.91606,2.41851,22.0,0.76992,7.02119
multi_scrambled,42,24,100,4.670400000000001,7.47934,6.0863700000000005,7.0222999999999995,0.335205,0.917475,2.39839,22.0,0.77097,7.0222999999999995
multi_scrambled,42,25,100,4.60829,7.47934,6.051055,7.047485,0.33333,0.91553,2.39783,22.0,0.7725150000000001,7.047485
multi_scrambled,42,26,100,4.377305,7.47934,6.023645,7.054069999999999,0.33333,0.917055,2.39839,22.0,0.77408,7.054069999999999
multi_scrambled,42,27,100,4.24765,7.47934,6.03205,7.05607,0.33333,0.91648,2.38003,22.0,0.775135,7.05607
multi_scrambled,42,28,100,4.079935,7.47934,6.03205,7.0548649999999995,0.330845,0.917055,2.37404,22.0,0.77637,7.0548649999999995
multi_scrambled,42,29,100,3.91552,6.81946,6.03205,7.05607,0.330845,0.91577,2.3182400000000003,22.0,0.777655,7.05607
multi_scrambled,42,30,100,3.994685,6.81946,6.026055,7.057040000000001,0.33333,0.91524,2.294595,22.0,0.7780499999999999,7.057040000000001
multi_scrambled,42,31,100,3.91552,6.75032,5.99946,7.05919,0.33333,0.91577,2.253775,22.0,0.779995,7.05919
multi_scrambled,42,32,100,3.707725,6.75032,5.99946,7.061375,0.32824,0.916635,2.224615,22.0,0.78057,7.061375
multi_scrambled,42,33,100,3.68664,6.68721,5.99258,7.074365,0.32431,0.91505,2.189825,22.0,0.78112,7.074365
multi_scrambled,42,34,100,3.707725,6.68721,5.960825,7.062165,0.32282999999999995,0.9148499999999999,2.147815,21.0,0.7834,7.062165
multi_scrambled,42,35,100,3.68664,6.68721,5.94613,7.074365,0.31967500000000004,0.9148499999999999,2.0289200000000003,21.0,0.785675,7.074365
multi_scrambled,42,36,100,3.68664,6.68721,5.933014999999999,7.090205,0.31876000000000004,0.9143650000000001,1.997555,21.0,0.7864800000000001,7.090205
multi_scrambled,42,37,100,3.68664,6.68721,5.92601,7.102755,0.31767500000000004,0.91457,1.997555,21.0,0.788025,7.102755
multi_scrambled,42,38,100,3.68664,6.68721,5.938525,7.110215,0.31876000000000004,0.9143650000000001,2.0026450000000002,21.0,0.788025,7.110215
multi_scrambled,42,39,100,3.68664,6.68721,5.970585,7.113455,0.32221,0.91318,2.0026450000000002,21.0,0.78855,7.113455
multi_scrambled,42,40,100,3.68664,6.68721,5.941075,7.129985,0.31967500000000004,0.912855,1.9856850000000001,21.0,0.7904100000000001,7.129985
multi_scrambled,42,41,100,3.898305,6.68721,5.963685,7.131600000000001,0.32431,0.912315,1.979895,21.0,0.79403,7.131600000000001
multi_scrambled,42,42,100,4.079935,6.68721,5.9769000000000005,7.131085000000001,0.32326,0.912855,1.9515099999999999,21.0,0.79513,7.131085000000001
multi_scrambled,42,43,100,4.0678,6.68721,5.98735,7.13708,0.32326,0.91505,1.9459,21.0,0.7965800000000001,7.13708
multi_scrambled,42,44,100,4.0194600000000005,6.68418,6.00495,7.133425,0.32326,0.91505,1.9459,21.0,0.796695,7.133425
multi_scrambled,42,45,100,4.14747,6.68418,6.00235,7.133425,0.32431,0.91638,1.95242,21.0,0.797015,7.133425
multi_scrambled,42,46,100,4.47806,6.68418,5.981035,7.13947,0.325975,0.91691,1.9547249999999998,21.0,0.79769,7.13947
multi_scrambled,42,47,100,4.60829,6.68418,5.986475,7.141395,0.32757000000000003,0.917905,1.968925,21.0,0.7982549999999999,7.141395
multi_scrambled,42,48,100,4.14747,6.55722,5.990095,7.15658,0.32906,0.9171849999999999,1.96393,21.0,0.79897,7.15658
multi_scrambled,42,49,100,4.47806,6.55722,6.00495,7.17224,0.32821999999999996,0.9188000000000001,1.979895,21.0,0.7996300000000001,7.17224
multi_scrambled,42,50,100,4.47806,6.55722,6.011825,7.16882,0.32821999999999996,0.919465,1.979895,21.0,0.800895,7.16882
multi_scrambled,43,0,100,100.0,8.56234,6.514155,6.699425,1.0,0.53384,2.744945,29.0,0.59623,6.699425
multi_scrambled,43,1,49,6.77966,7.5073,6.10554,6.69599,0.5,0.68411,2.97745,27.0,0.64902,6.69599
multi_scrambled,43,2,64,6.46111,7.36873,6.32922,6.701034999999999,0.473305,0.72652,2.8583100000000004,24.0,0.674535,6.701034999999999
multi_scrambled,43,3,73,7.40072,7.36873,6.2436,6.73974,0.46774,0.74753,2.76039,23.0,0.68655,6.73974
multi_scrambled,43,4,81,6.44068,7.36873,6.2059,6.75059,0.41791,0.78347,2.6883,23.0,0.70076,6.75059
multi_scrambled,43,5,83,6.44068,7.53855,6.07948,6.79151,0.40541,0.84563,2.53388,23.0,0.71261,6.79151
multi_scrambled,43,6,87,6.77966,7.62166,6.15363,6.81577,0.40789,0.84877,2.53388,22.0,0.71943,6.81577
multi_scrambled,43,7,89,5.88235,7.62166,6.15563,6.82216,0.4,0.85946,2.45746,22.0,0.73278,6.82216
multi_scrambled,43,8,89,5.22876,7.62166,6.05497,6.83043,0.37681,0.86564,2.46936,22.0,0.73572,6.83043
multi_scrambled,43,9,91,5.22876,7.62166,6.04245,6.87836,0.37662,0.87548,2.44819,22.0,0.74696,6.87836
multi_scrambled,43,10,92,5.14894,7.62166,5.963165,6.92784,0.36938,0.88166,2.38854,22.0,0.755395,6.92784
multi_scrambled,43,11,94,5.14894,7.62166,5.94746,6.96348,0.37681,0.8848100000000001,2.382735,23.0,0.760375,6.96348
multi_scrambled,43,12,96,4.85934,7.62166,5.926155,6.981635,0.37681,0.88693,2.345645,23.0,0.7625200000000001,6.981635
multi_scrambled,43,13,96,4.85934,7.62166,5.893715,7.02683,0.37681,0.88693,2.3042499999999997,23.0,0.766905,7.02683
multi_scrambled,43,14,97,4.93827,7.62166,5.89542,7.02994,0.37209,0.89006,2.29174,23.0,0.76876,7.02994
multi_scrambled,43,15,98,4.733815,7.62166,5.854395,7.04848,0.36553,0.89063,2.261955,23.0,0.770065,7.04848
multi_scrambled,43,16,99,4.34783,7.62166,5.80757,7.05981,0.36207,0.88981,2.19239,23.0,0.77283,7.05981
multi_scrambled,43,17,99,4.34783,7.62166,5.82128,7.07206,0.36207,0.89006,2.13083,23.0,0.77409,7.07206
multi_scrambled,43,18,99,4.60829,7.62166,5.80359,7.07206,0.36111,0.90254,2.12732,23.0,0.77598,7.07206
multi_scrambled,43,19,99,4.34783,7.62166,5.7859,7.08121,0.36066,0.90303,2.11916,23.0,0.77688,7.08121
multi_scrambled,43,20,99,4.60829,7.62166,5.78444,7.08121,0.36111,0.90307,2.0864,23.0,0.77966,7.08121
multi_scrambled,43,21,99,4.34783,7.33036,5.77123,7.07242,0.36111,0.90303,2.02416,23.0,0.78078,7.07242
multi_scrambled,43,22,99,4.0678,7.33036,5.74856,7.07242,0.35849,0.90327,2.00985,23.0,0.78158,7.07242
multi_scrambled,43,23,99,3.97112,7.33036,5.73485,7.08118,0.35294,0.90307,2.01272,23.0,0.78305,7.08118
multi_scrambled,43,24,99,4.0678,7.33036,5.73225,7.08797,0.36111,0.90509,2.02416,23.0,0.78596,7.08797
multi_scrambled,43,25,99,4.0678,7.33036,5.73225,7.09126,0.36207,0.90637,1.99685,23.0,0.78754,7.09126
multi_scrambled,43,26,99,3.97112,7.33036,5.73225,7.0945,0.36111,0.90834,1.98844,23.0,0.78812,7.0945
multi_scrambled,43,27,99,3.97112,7.33036,5.70629,7.09565,0.36111,0.91233,1.9471,23.0,0.78921,7.09565
multi_scrambled,43,28,99,3.97112,6.92148,5.70629,7.09546,0.36066,0.91,1.9439,23.0,0.79058,7.09546
multi_scrambled,43,29,99,4.0678,6.92148,5.72441,7.08797,0.35849,0.91233,1.9439,23.0,0.79058,7.08797
multi_scrambled,43,30,99,4.0678,6.92148,5.72714,7.0945,0.35849,0.91379,1.9106,23.0,0.79093,7.0945
multi_scrambled,43,31,99,4.0678,6.92148,5.70629,7.0814,0.35484,0.91449,1.88321,23.0,0.79188,7.0814
multi_scrambled,43,32,100,4.0678,6.92148,5.705635,7.081390000000001,0.356665,0.914675,1.870095,23.0,0.7920149999999999,7.081390000000001
multi_scrambled,43,33,100,4.0678,6.92148,5.7257750000000005,7.06724,0.35389,0.915095,1.86788,23.0,0.79223,7.06724
multi_scrambled,43,34,100,4.0678,6.92148,5.705635,7.075950000000001,0.356665,0.915535,1.8454899999999999,23.0,0.7935300000000001,7.075950000000001
multi_scrambled,43,35,100,4.0678,6.92148,5.702780000000001,7.081390000000001,0.358935,0.91583,1.8454899999999999,23.0,0.794125,7.081390000000001
multi_scrambled,43,36,100,4.0678,6.92148,5.705635,7.07522,0.36002,0.91576,1.8408449999999998,23.0,0.79435,7.07522
multi_scrambled,43,37,100,4.3809450000000005,6.92148,5.705635,7.0818650000000005,0.36158999999999997,0.91583,1.836295,23.0,0.79493,7.0818650000000005
multi_scrambled,43,38,100,4.40678,6.92148,5.724745,7.0818650000000005,0.36372499999999997,0.91727,1.83007,23.0,0.79599,7.0818650000000005
multi_scrambled,43,39,100,4.61049,6.92148,5.724745,7.095955,0.3709,0.91583,1.83007,23.0,0.7961849999999999,7.095955
multi_scrambled,43,40,100,4.69163,6.92148,5.7115849999999995,7.104625,0.377975,0.915535,1.828565,23.0,0.796225,7.104625
multi_scrambled,43,41,100,4.69163,6.92148,5.724745,7.104625,0.37321499999999996,0.91576,1.828565,23.0,0.796225,7.104625
multi_scrambled,43,42,100,4.3809450000000005,6.92148,5.724745,7.11023,0.368285,0.91727,1.83669,23.0,0.79666,7.11023
multi_scrambled,43,43,100,4.60939,6.92148,5.72611,7.12096,0.3709,0.9177150000000001,1.836295,23.0,0.79713,7.12096
multi_scrambled,43,44,100,4.650305,6.92148,5.724745,7.130800000000001,0.3709,0.91727,1.83007,23.0,0.797625,7.130800000000001
multi_scrambled,43,45,100,4.60829,6.92148,5.728535000000001,7.130800000000001,0.36372499999999997,0.9177150000000001,1.83007,23.0,0.798735,7.130800000000001
multi_scrambled,43,46,100,4.61049,6.92148,5.7257750000000005,7.135735,0.368285,0.91727,1.8337150000000002,23.0,0.7988200000000001,7.135735
multi_scrambled,43,47,100,4.69163,6.92148,5.728535000000001,7.13138,0.37199,0.91818,1.828245,23.0,0.79903,7.13138
multi_scrambled,43,48,100,4.650305,6.92148,5.728535000000001,7.13138,0.37199,0.91818,1.825235,23.0,0.79903,7.13138
multi_scrambled,43,49,100,4.60829,6.49449,5.71795,7.13138,0.36579,0.9192100000000001,1.81937,23.0,0.7991699999999999,7.13138
multi_scrambled,43,50,100,4.60829,6.49449,5.71795,7.151595,0.36579,0.918485,1.825235,23.0,0.799385,7.151595
multi_scrambled,44,0,100,100.0,8.88689,6.5950500000000005,6.802695,1.0,0.5159549999999999,2.964695,29.0,0.59318,6.802695
multi_scrambled,44,1,44,7.54784,7.78324,6.35705,6.754175,0.47434,0.724255,3.129555,24.0,0.654195,6.754175
multi_scrambled,44,2,69,7.40741,7.56665,6.32223,6.68597,0.45882,0.74943,2.86719,23.0,0.6766,6.68597
multi_scrambled,44,3,74,6.877085,7.54961,6.26856,6.795109999999999,0.46284499999999995,0.795435,2.831695,23.0,0.6974400000000001,6.795109999999999
multi_scrambled,44,4,82,5.90316,7.53631,6.26856,6.846025,0.42801500000000003,0.83665,2.735855,23.0,0.712835,6.846025
multi_scrambled,44,5,88,6.035745,7.53095,6.340335,6.88817,0.4013,0.844565,2.70298,23.0,0.72847,6.88817
multi_scrambled,44,6,90,6.5179849999999995,7.53095,6.364305,6.878755,0.41459,0.8546400000000001,2.644045,23.0,0.73424,6.878755
multi_scrambled,44,7,93,6.03015,7.53095,6.37277,6.93792,0.3908,0.85534,2.6598,23.0,0.73873,6.93792
multi_scrambled,44,8,96,5.047124999999999,7.53095,6.337655,6.970045,0.377975,0.869525,2.64323,23.0,0.748845,6.970045
multi_scrambled,44,9,96,5.5416,7.53095,6.3187999999999995,6.98986,0.38771,0.877135,2.614255,23.0,0.75351,6.98986
multi_scrambled,44,10,97,5.06912,7.53095,6.42235,7.02328,0.4058,0.88055,2.65875,23.0,0.75958,7.02328
multi_scrambled,44,11,98,5.698255,7.53095,6.54932,7.056465,0.41125999999999996,0.8811599999999999,2.6595899999999997,23.0,0.76143,7.056465
multi_scrambled,44,12,98,5.698255,7.48476,6.772930000000001,7.08749,0.419705,0.88564,2.6643499999999998,23.5,0.76273,7.08749
multi_scrambled,44,13,98,4.718170000000001,7.48476,6.6587,7.09569,0.397345,0.8864,2.613775,24.0,0.764705,7.09569
multi_scrambled,44,14,98,4.5299,7.48476,6.38547,7.096635,0.37637,0.8864,2.568635,24.0,0.77026,7.096635
multi_scrambled,44,15,98,4.377305,7.48476,6.37104,7.104495,0.38492000000000004,0.8902749999999999,2.532775,24.0,0.771945,7.104495
multi_scrambled,44,16,98,4.8167100000000005,7.48476,6.5734200000000005,7.13677,0.38925,0.89101,2.503135,24.0,0.772675,7.13677
multi_scrambled,44,17,98,5.22876,7.48476,6.713975,7.186445,0.38925,0.89101,2.49421,23.5,0.77419,7.186445
multi_scrambled,44,18,98,5.22876,7.48476,6.746545,7.205335,0.40849,0.892335,2.49001,23.5,0.775055,7.205335
multi_scrambled,44,19,98,5.50232,7.48476,6.78656,7.247835,0.42566499999999996,0.89516,2.49448,23.0,0.777575,7.247835
multi_scrambled,44,20,98,5.2998,7.48476,6.783635,7.2619050000000005,0.42317499999999997,0.899985,2.497865,23.5,0.7789900000000001,7.2619050000000005
multi_scrambled,44,21,98,5.50232,7.48476,6.796625000000001,7.271775,0.42317499999999997,0.9017,2.49934,24.0,0.78056,7.271775
multi_scrambled,44,22,98,5.69756,7.48476,6.830755,7.273095,0.42566499999999996,0.9017,2.49934,24.0,0.78137,7.273095
multi_scrambled,44,23,98,5.76132,7.48476,6.830755,7.271775,0.41125999999999996,0.904235,2.49001,24.0,0.783185,7.271775
multi_scrambled,44,24,98,5.762015,7.48476,6.890000000000001,7.273095,0.416775,0.904975,2.493665,24.0,0.78381,7.273095
multi_scrambled,44,25,98,6.288125,7.48476,6.92522,7.27613,0.42566499999999996,0.905335,2.49001,24.0,0.7865800000000001,7.27613
multi_scrambled,44,26,98,6.281405,7.48476,6.99855,7.2918400000000005,0.42861499999999997,0.91324,2.4601949999999997,23.0,0.78687,7.2918400000000005
multi_scrambled,44,27,99,6.39386,7.48476,7.01111,7.30081,0.43243,0.91405,2.46583,23.0,0.78828,7.30081
multi_scrambled,44,28,99,6.45161,7.48476,7.01904,7.30171,0.4375,0.91682,2.45954,23.0,0.78958,7.30171
multi_scrambled,44,29,99,6.39386,7.48476,7.02557,7.30136,0.42667,0.91832,2.41948,23.0,0.79095,7.30136
multi_scrambled,44,30,99,6.44068,7.48476,7.02607,7.30171,0.4321,0.9185,2.41125,23.0,0.79162,7.30171
multi_scrambled,44,31,99,6.53595,7.48476,7.04415,7.31158,0.43243,0.91865,2.41042,23.0,0.79388,7.31158
multi_scrambled,44,32,99,6.64962,7.48476,7.04415,7.32416,0.43243,0.91832,2.41042,23.0,0.79434,7.32416
multi_scrambled,44,33,99,6.64962,7.48476,7.04207,7.32416,0.43284,0.91832,2.41125,23.0,0.79446,7.32416
multi_scrambled,44,34,100,6.714639999999999,7.48476,7.06204,7.344955000000001,0.43437000000000003,0.91841,2.411145,23.0,0.79594,7.344955000000001
multi_scrambled,44,35,100,6.77966,7.48476,7.103455,7.34949,0.4359,0.918715,2.411145,23.0,0.79707,7.34949
multi_scrambled,44,36,100,6.714639999999999,7.48476,7.08935,7.36209,0.4359,0.919055,2.403735,23.0,0.798295,7.36209
multi_scrambled,44,37,100,6.77966,7.48476,7.1254100000000005,7.384645,0.4389,0.919055,2.40357,23.0,0.8013300000000001,7.384645
multi_scrambled,44,38,100,6.77966,7.48476,7.1254100000000005,7.391275,0.43626,0.91921,2.40357,23.0,0.8042549999999999,7.391275
multi_scrambled,44,39,100,6.77966,7.48476,7.163069999999999,7.4024,0.43626,0.92005,2.39771,23.0,0.805565,7.4024
multi_scrambled,44,40,100,6.77966,7.48476,7.1402350000000006,7.404745,0.432265,0.9226449999999999,2.3785,23.0,0.8063,7.404745
multi_scrambled,44,41,100,6.714639999999999,7.48476,7.1402350000000006,7.406155,0.43123999999999996,0.9226749999999999,2.35827,23.0,0.80637,7.406155
multi_scrambled,44,42,100,6.64962,7.48476,7.12465,7.4024,0.42674999999999996,0.922795,2.35827,23.0,0.80637,7.4024
multi_scrambled,44,43,100,6.64962,7.48476,7.13317,7.404745,0.42674999999999996,0.922795,2.3611050000000002,23.0,0.807695,7.404745
multi_scrambled,44,44,100,6.386229999999999,7.48476,7.12465,7.40751,0.42667,0.9238200000000001,2.3634649999999997,23.0,0.8085450000000001,7.40751
multi_scrambled,44,45,100,6.3786,7.48476,7.1216,7.40609,0.42645,0.924275,2.3634649999999997,23.0,0.8085450000000001,7.40609
multi_scrambled,44,46,100,6.3786,7.48476,7.12465,7.4024,0.42386999999999997,0.9243250000000001,2.3611050000000002,23.0,0.80864,7.4024
multi_scrambled,44,47,100,6.288125,7.48476,7.1216,7.41006,0.42281,0.92465,2.3611050000000002,23.0,0.809035,7.41006
multi_scrambled,44,48,100,6.1139,7.48476,7.12465,7.42438,0.42281,0.92442,2.351605,23.0,0.8091649999999999,7.42438
multi_scrambled,44,49,100,6.010465,7.48476,7.12465,7.42438,0.42281,0.92442,2.351605,23.5,0.8091649999999999,7.42438
multi_scrambled,44,50,100,5.96708,7.48476,7.105555000000001,7.4141200000000005,0.421145,0.92486,2.334765,23.0,0.80919,7.4141200000000005
multi_scrambled,45,0,100,100.0,8.50158,6.71856,6.6071100000000005,1.0,0.493815,2.916545,30.0,0.562925,6.6071100000000005
multi_scrambled,45,1,50,7.7313849999999995,8.41169,6.466125,6.696035,0.495615,0.6827650000000001,3.15222,25.0,0.62934,6.696035
multi_scrambled,45,2,69,7.79014,7.73905,6.44273,6.70881,0.47619,0.73669,3.08777,23.0,0.66903,6.70881
multi_scrambled,45,3,82,7.18954,7.73719,6.326075,6.743845,0.44444,0.771085,2.935375,23.0,0.687095,6.743845
multi_scrambled,45,4,87,6.91244,8.38979,6.32122,6.74802,0.4375,0.78631,2.88823,22.0,0.70014,6.74802
multi_scrambled,45,5,90,6.25534,8.38979,6.31461,6.765345,0.4298,0.812,2.8554649999999997,22.0,0.7088099999999999,6.765345
multi_scrambled,45,6,93,6.91244,8.38979,6.2947,6.7763,0.41935,0.81634,2.78587,22.0,0.71404,6.7763
multi_scrambled,45,7,93,6.91244,8.38979,6.28947,6.78137,0.41053,0.85015,2.67298,22.0,0.71961,6.78137
multi_scrambled,45,8,95,7.18954,8.38979,6.26592,6.83158,0.40845,0.86853,2.67274,22.0,0.72625,6.83158
multi_scrambled,45,9,95,6.91244,8.38979,6.26592,6.85729,0.4058,0.8696,2.68212,22.0,0.73019,6.85729
multi_scrambled,45,10,95,6.77966,8.38979,6.31568,6.88062,0.4,0.87113,2.69553,22.0,0.73205,6.88062
multi_scrambled,45,11,96,5.646330000000001,8.38979,6.383649999999999,6.904935,0.37998,0.8801749999999999,2.667795,22.0,0.737355,6.904935
multi_scrambled,45,12,97,5.42373,8.38979,6.40216,6.9386,0.375,0.87451,2.67231,22.0,0.74113,6.9386
multi_scrambled,45,13,98,5.397285,8.38979,6.4124099999999995,6.964275000000001,0.37668999999999997,0.87677,2.6148949999999997,22.0,0.7457400000000001,6.964275000000001
multi_scrambled,45,14,99,5.06912,8.38979,6.43135,6.98379,0.36,0.87903,2.5113,22.0,0.74983,6.98379
multi_scrambled,45,15,99,4.35511,8.38979,6.42646,6.98379,0.35135,0.8844,2.46098,22.0,0.75415,6.98379
multi_scrambled,45,16,99,4.0678,7.86588,6.42646,7.02792,0.35088,0.88555,2.43132,22.0,0.75684,7.02792
multi_scrambled,45,17,99,3.4296,7.86588,6.40284,7.05293,0.31944,0.88841,2.50333,22.0,0.76219,7.05293
multi_scrambled,45,18,99,3.29218,7.44556,6.42646,7.07556,0.32308,0.89146,2.46098,23.0,0.76437,7.07556
multi_scrambled,45,19,99,3.08642,7.44556,6.43666,7.10663,0.32308,0.88841,2.51742,23.0,0.76597,7.10663
multi_scrambled,45,20,99,2.76498,7.47944,6.43666,7.11731,0.32184,0.88868,2.51742,23.0,0.76752,7.11731
multi_scrambled,45,21,99,2.76498,7.47944,6.45368,7.13355,0.31944,0.90077,2.51742,23.0,0.76972,7.13355
multi_scrambled,45,22,99,2.8133,7.47944,6.51158,7.18158,0.32184,0.90005,2.58258,23.0,0.77053,7.18158
multi_scrambled,45,23,99,2.71186,7.47944,6.53735,7.18158,0.31746,0.90158,2.58258,23.0,0.77284,7.18158
multi_scrambled,45,24,99,2.71186,7.47944,6.53735,7.177,0.31746,0.90376,2.5536,23.0,0.77413,7.177
multi_scrambled,45,25,100,2.71186,7.47944,6.55865,7.18642,0.319445,0.903895,2.5731349999999997,23.0,0.774565,7.18642
multi_scrambled,45,26,100,2.71186,7.47944,6.5711200000000005,7.18266,0.319445,0.906085,2.52243,23.0,0.7771049999999999,7.18266
multi_scrambled,45,27,100,2.71186,7.47944,6.5711200000000005,7.18266,0.319445,0.9050549999999999,2.4812000000000003,23.0,0.7771049999999999,7.18266
multi_scrambled,45,28,100,2.890225,7.47944,6.549615,7.18642,0.32245999999999997,0.906455,2.4624,23.0,0.779235,7.18642
multi_scrambled,45,29,100,2.71186,7.42516,6.499090000000001,7.202245,0.32245999999999997,0.908,2.4624,23.0,0.78067,7.202245
multi_scrambled,45,30,100,2.71186,7.42516,6.491685,7.2160150000000005,0.31311500000000003,0.9096500000000001,2.4812000000000003,23.0,0.78122,7.2160150000000005
multi_scrambled,45,31,100,2.695965,7.42516,6.490305,7.23735,0.31311500000000003,0.912995,2.501325,23.0,0.7824899999999999,7.23735
multi_scrambled,45,32,100,2.695965,7.42516,6.490305,7.239085,0.31311500000000003,0.915785,2.5141150000000003,23.0,0.782575,7.239085
multi_scrambled,45,33,100,2.67024,7.42516,6.481820000000001,7.239085,0.30986,0.918275,2.51211,23.0,0.78333,7.239085
multi_scrambled,45,34,100,2.667655,7.42516,6.498735,7.241745,0.30695,0.919395,2.497185,23.0,0.784305,7.241745
multi_scrambled,45,35,100,2.55754,7.42516,6.481820000000001,7.2421050000000005,0.30269500000000005,0.919395,2.51211,23.0,0.785425,7.2421050000000005
multi_scrambled,45,36,100,2.667655,7.42516,6.459435,7.24113,0.30986,0.922655,2.4488000000000003,23.0,0.787155,7.24113
multi_scrambled,45,37,100,2.667655,7.42516,6.459435,7.239085,0.30934,0.922655,2.4473450000000003,23.0,0.7872399999999999,7.239085
multi_scrambled,45,38,100,2.677485,7.42516,6.426865,7.237525,0.30269500000000005,0.9230700000000001,2.4409400000000003,23.0,0.787935,7.237525
multi_scrambled,45,39,100,2.677485,7.42516,6.426865,7.23226,0.30148,0.9230700000000001,2.4409400000000003,23.0,0.788035,7.23226
multi_scrambled,45,40,100,2.677485,7.42516,6.426865,7.241899999999999,0.30003500000000005,0.9230700000000001,2.4488000000000003,23.0,0.788825,7.241899999999999
multi_scrambled,45,41,100,2.695965,7.42516,6.448370000000001,7.241745,0.30003500000000005,0.9230700000000001,2.4473450000000003,23.0,0.788825,7.241745
multi_scrambled,45,42,100,2.695965,7.42516,6.389305,7.2418949999999995,0.29779,0.9238850000000001,2.4409400000000003,23.0,0.789105,7.2418949999999995
multi_scrambled,45,43,100,2.70728,7.42516,6.42065,7.2418949999999995,0.29779,0.9227449999999999,2.408595,23.0,0.790265,7.2418949999999995
multi_scrambled,45,44,100,2.6913850000000004,7.42516,6.368259999999999,7.2442150000000005,0.29659,0.9227449999999999,2.41716,23.0,0.7923150000000001,7.2442150000000005
multi_scrambled,45,45,100,2.64464,7.42516,6.372515,7.241490000000001,0.29577,0.9238850000000001,2.410825,23.0,0.792805,7.241490000000001
multi_scrambled,45,46,100,2.58596,7.42516,6.38552,7.241490000000001,0.29231,0.92465,2.422895,23.0,0.7930200000000001,7.241490000000001
multi_scrambled,45,47,100,2.58596,7.42516,6.403305,7.241490000000001,0.29231,0.92465,2.4162749999999997,23.0,0.79317,7.241490000000001
multi_scrambled,45,48,100,2.55754,7.42516,6.368259999999999,7.254665,0.29281999999999997,0.92411,2.422895,23.0,0.793795,7.254665
multi_scrambled,45,49,100,2.55754,7.42516,6.40231,7.27863,0.294205,0.92465,2.4396500000000003,23.0,0.79433,7.27863
multi_scrambled,45,50,100,2.55754,7.42516,6.38552,7.27863,0.29281999999999997,0.92465,2.437415,23.0,0.79433,7.27863
multi_scrambled,46,0,100,100.0,8.71457,6.490385,6.761205,1.0,0.5439350000000001,2.8631349999999998,28.0,0.59855,6.761205
multi_scrambled,46,1,45,8.18414,7.72393,6.08362,6.67339,0.48649,0.62353,2.91027,25.0,0.62689,6.67339
multi_scrambled,46,2,58,6.0892599999999995,7.72393,6.0657,6.65477,0.46706000000000003,0.724755,2.7217849999999997,23.5,0.6598999999999999,6.65477
multi_scrambled,46,3,68,5.864085,7.72393,5.9620750000000005,6.66022,0.41876,0.764845,2.60784,23.0,0.69552,6.66022
multi_scrambled,46,4,80,5.186395,7.72393,6.042210000000001,6.76447,0.40249999999999997,0.8004450000000001,2.61564,23.0,0.70755,6.76447
multi_scrambled,46,5,89,4.60829,7.50269,6.08074,6.77291,0.38028,0.82499,2.61399,23.0,0.7162,6.77291
multi_scrambled,46,6,91,4.61049,7.4742,6.01259,6.86374,0.38028,0.82934,2.54638,22.0,0.72586,6.86374
multi_scrambled,46,7,92,6.682024999999999,7.4742,5.961265,6.834,0.397045,0.8467,2.48959,22.0,0.732445,6.834
multi_scrambled,46,8,93,5.22876,7.20936,5.93382,6.87063,0.38667,0.85567,2.49629,23.0,0.73819,6.87063
multi_scrambled,46,9,94,5.566775,7.20936,5.9132549999999995,6.877995,0.387365,0.85834,2.4990750000000004,22.0,0.7399199999999999,6.877995
multi_scrambled,46,10,97,4.93827,7.20936,5.89614,6.9023,0.375,0.86305,2.49629,23.0,0.74436,6.9023
multi_scrambled,46,11,97,4.93827,7.41693,5.8805,6.91113,0.38028,0.8697,2.43298,22.0,0.74846,6.91113
multi_scrambled,46,12,97,5.22876,7.41693,5.87245,6.91412,0.38554,0.86888,2.42049,23.0,0.74957,6.91412
multi_scrambled,46,13,97,5.22876,6.73626,5.84816,6.93017,0.38095,0.8697,2.41648,22.0,0.75295,6.93017
multi_scrambled,46,14,97,5.22876,6.73626,5.81592,6.9375,0.38095,0.8697,2.3849,22.0,0.75538,6.9375
multi_scrambled,46,15,97,5.88235,6.73626,5.85303,6.98938,0.38667,0.8697,2.32247,22.0,0.75868,6.98938
multi_scrambled,46,16,97,5.52995,6.73626,5.84767,7.01913,0.39437,0.87326,2.31799,23.0,0.76304,7.01913
multi_scrambled,46,17,98,5.70615,6.84652,5.88331,7.05023,0.39571500000000004,0.874965,2.294855,23.0,0.7645949999999999,7.05023
multi_scrambled,46,18,98,5.397285,7.15735,5.8922,7.025024999999999,0.383455,0.888695,2.196575,22.0,0.7679549999999999,7.025024999999999
multi_scrambled,46,19,98,5.646330000000001,7.15735,5.8938299999999995,7.087875,0.390735,0.8861600000000001,2.294855,23.0,0.769065,7.087875
multi_scrambled,46,20,98,5.37084,7.15735,5.8922,7.100345,0.3871,0.8857200000000001,2.294855,23.0,0.76968,7.100345
multi_scrambled,46,21,99,4.93827,7.15735,5.89107,7.09675,0.375,0.88713,2.19788,23.0,0.77053,7.09675
multi_scrambled,46,22,99,4.93827,7.15735,5.89143,7.07923,0.38095,0.88715,2.19788,23.0,0.77083,7.07923
multi_scrambled,46,23,99,4.93827,7.15735,5.89107,7.07923,0.37931,0.88857,2.19788,23.0,0.77104,7.07923
multi_scrambled,46,24,99,4.93827,7.15735,5.87694,7.10226,0.37736,0.89307,2.19811,23.0,0.77285,7.10226
multi_scrambled,46,25,99,4.93827,7.15735,5.87694,7.10277,0.37736,0.89547,2.19811,23.0,0.77289,7.10277
multi_scrambled,46,26,99,4.85762,7.15735,5.87694,7.09675,0.36986,0.89772,2.11446,23.0,0.77455,7.09675
multi_scrambled,46,27,99,4.93827,7.15735,5.86864,7.09652,0.375,0.89772,2.09351,23.0,0.77584,7.09652
multi_scrambled,46,28,99,5.22876,7.15735,5.86864,7.0762,0.375,0.89949,2.09351,23.0,0.77662,7.0762
multi_scrambled,46,29,99,5.22876,7.15735,5.85488,7.0762,0.375,0.90277,2.05254,23.0,0.77753,7.0762
multi_scrambled,46,30,99,5.22876,7.15735,5.85449,7.09652,0.375,0.90303,2.09027,22.0,0.77867,7.09652
multi_scrambled,46,31,99,4.93827,7.15735,5.81299,7.09946,0.375,0.90303,2.09027,22.0,0.77942,7.09946
multi_scrambled,46,32,99,4.93827,7.15735,5.80959,7.10205,0.375,0.90415,2.09027,23.0,0.77979,7.10205
multi_scrambled,46,33,99,5.22876,6.77588,5.80959,7.10277,0.375,0.90415,2.05254,22.0,0.78031,7.10277
multi_scrambled,46,34,99,5.22876,6.77588,5.80959,7.10277,0.375,0.90818,2.05029,22.0,0.78088,7.10277
multi_scrambled,46,35,99,5.22876,6.77588,5.80002,7.11948,0.36923,0.90818,2.05029,22.0,0.78129,7.11948
multi_scrambled,46,36,99,4.93827,6.77588,5.7907,7.10219,0.36735,0.90991,2.04458,22.0,0.78202,7.10219
multi_scrambled,46,37,99,5.22876,6.77588,5.78786,7.12558,0.36986,0.91024,2.04458,22.0,0.78308,7.12558
multi_scrambled,46,38,99,5.22876,6.77588,5.79129,7.12978,0.375,0.91071,2.05254,22.0,0.7857,7.12978
multi_scrambled,46,39,99,5.22876,6.77588,5.79129,7.13276,0.37705,0.9119,2.05029,22.0,0.78611,7.13276
multi_scrambled,46,40,99,5.22876,6.77588,5.7907,7.13541,0.37705,0.91071,2.03351,22.0,0.78716,7.13541
multi_scrambled,46,41,99,5.19263,6.77588,5.79129,7.13541,0.37931,0.91071,2.0181,22.0,0.78736,7.13541
multi_scrambled,46,42,99,5.22876,6.77588,5.78786,7.14458,0.38462,0.9119,2.03351,22.0,0.78747,7.14458
multi_scrambled,46,43,99,5.22876,6.77588,5.7907,7.14808,0.37879,0.91071,2.03351,22.0,0.78788,7.14808
multi_scrambled,46,44,99,5.22876,6.77588,5.77003,7.15693,0.38571,0.9119,2.0181,22.0,0.78816,7.15693
multi_scrambled,46,45,99,5.22876,6.77588,5.77304,7.16071,0.38571,0.90965,2.03351,22.0,0.78937,7.16071
multi_scrambled,46,46,99,5.22876,6.77588,5.77304,7.16071,0.38462,0.90965,2.0181,22.0,0.79031,7.16071
multi_scrambled,46,47,99,5.22876,6.77588,5.78786,7.16137,0.38235,0.90965,2.00844,22.0,0.79064,7.16137
multi_scrambled,46,48,99,4.93827,6.81783,5.78786,7.15409,0.37705,0.9123,2.00844,22.0,0.79138,7.15409
multi_scrambled,46,49,99,5.22876,6.81783,5.78786,7.14808,0.38235,0.9123,1.99853,22.0,0.79237,7.14808
multi_scrambled,46,50,99,5.19263,6.81783,5.80405,7.1368,0.38462,0.91437,1.97618,22.0,0.79273,7.1368
