smiles,group,set,role,policy,pactivity,source,cluster,replicate,surrogate_training
CC(=O)N[C@@H]1CCCC(C(=O)Nc2cc(-c3cnn4c3CC(C)(C)C4)c(Cl)cn2)C1,P,P:training_top_decile,in_sample_top_decile,shared,9.0,curated row 65,O=C(Nc1cc(-c2cnn3c2CCC3)ccn1)C1CCCCC1,True,all curated molecules (the comparator actives were in the training data)
Cc1ncc(-c2nc(Nc3ccc(C(=O)N4CC[C@H](N(C)C)C4)cc3)ncc2F)n1C(C)C,P,P:training_top_decile,in_sample_top_decile,shared,8.698970004336019,curated row 85,O=C(c1ccc(Nc2nccc(-c3cnc[nH]3)n2)cc1)N1CCCC1,False,all curated molecules (the comparator actives were in the training data)
Cc1ncc(-c2nc(Nc3ccc(C(=O)N4CC[C@@H](N(C)C)C4)cc3)ncc2F)n1C(C)C,P,P:training_top_decile,in_sample_top_decile,shared,8.221848749616356,curated row 86,O=C(c1ccc(Nc2nccc(-c3cnc[nH]3)n2)cc1)N1CCCC1,False,all curated molecules (the comparator actives were in the training data)
O=C(Nc1ccc(F)cc1)c1[nH]ncc1NC(=O)c1c(F)cccc1F,P,P:training_top_decile,in_sample_top_decile,shared,8.522878745280337,curated row 99,O=C(Nc1cn[nH]c1C(=O)Nc1ccccc1)c1ccccc1,False,all curated molecules (the comparator actives were in the training data)
NS(=O)(=O)c1cccc(Nc2nc(OCC3CCCCC3)c3[nH]cnc3n2)c1,P,P:training_top_decile,in_sample_top_decile,shared,8.301029995663981,curated row 122,c1ccc(Nc2nc(OCC3CCCCC3)c3[nH]cnc3n2)cc1,False,all curated molecules (the comparator actives were in the training data)
Cc1ccc(CC(=O)Nc2[nH]nc3ccc(N4CCCS4(=O)=O)cc23)cc1,P,P:training_top_decile,in_sample_top_decile,shared,8.154901959985743,curated row 136,O=C(Cc1ccccc1)Nc1[nH]nc2ccc(N3CCCS3(=O)=O)cc12,False,all curated molecules (the comparator actives were in the training data)
Cc1nc2c(F)cc(-c3nc(Nc4ccc5c(n4)CCN(C(=O)O)C5)ncc3F)cc2n1C(C)C,P,P:training_top_decile,in_sample_top_decile,shared,8.13430394008393,curated row 158,c1cc(-c2ccc3nc[nH]c3c2)nc(Nc2ccc3c(n2)CCNC3)n1,False,all curated molecules (the comparator actives were in the training data)
CN(c1ccccn1)S(=O)(=O)c1ccc(N=Cc2c(O)[nH]c3ccc4ncsc4c23)cc1,P,P:training_top_decile,in_sample_top_decile,shared,8.2518119729938,curated row 184,O=S(=O)(Nc1ccccn1)c1ccc(N=Cc2c[nH]c3ccc4ncsc4c23)cc1,False,all curated molecules (the comparator actives were in the training data)
Cc1ncc(-c2ccnc(Nc3ccc(C(=O)NCCN(C)C)c(F)c3)n2)n1C(C)C,P,P:training_top_decile,in_sample_top_decile,shared,8.522878745280337,curated row 211,c1ccc(Nc2nccc(-c3cnc[nH]3)n2)cc1,False,all curated molecules (the comparator actives were in the training data)
N#Cc1cccc(Nc2nccc(-c3cnn4ncccc34)n2)c1,P,P:training_top_decile,in_sample_top_decile,shared,8.698970004336019,curated row 236,c1ccc(Nc2nccc(-c3cnn4ncccc34)n2)cc1,False,all curated molecules (the comparator actives were in the training data)
COC[C@@H](Nc1nc(Nc2ccc(S(C)(=N)=O)cc2)ncc1Br)[C@@H](C)O,P,P:training_top_decile,in_sample_top_decile,shared,8.397940008672037,curated row 240,c1ccc(Nc2ncccn2)cc1,False,all curated molecules (the comparator actives were in the training data)
O=C(O)c1ccc2[nH]c(O)c(C=c3[nH]cc4c3=CCOC4=O)c2c1,P,P:training_top_decile,in_sample_top_decile,shared,8.397940008672037,curated row 245,O=C1OCC=c2c1c[nH]c2=Cc1c[nH]c2ccccc12,False,all curated molecules (the comparator actives were in the training data)
N[C@H]1CC[C@H](Nc2cc(Nc3ccc(F)c(Cl)c3)n3ncc(Br)c3n2)CC1,P,P:training_top_decile,in_sample_top_decile,shared,8.468521082957745,curated row 247,c1ccc(Nc2cc(NC3CCCCC3)nc3ccnn23)cc1,False,all curated molecules (the comparator actives were in the training data)
O=[N+]([O-])c1cccc(Nc2nccc(-c3cnn4ncccc34)n2)c1,P,P:training_top_decile,in_sample_top_decile,shared,9.522878745280336,curated row 263,c1ccc(Nc2nccc(-c3cnn4ncccc34)n2)cc1,False,all curated molecules (the comparator actives were in the training data)
CS(=O)(=O)c1ccc(N=Cc2c(O)[nH]c3ccc4ncsc4c23)cc1,P,P:training_top_decile,in_sample_top_decile,shared,8.244125144327509,curated row 281,C(=Nc1ccccc1)c1c[nH]c2ccc3ncsc3c12,False,all curated molecules (the comparator actives were in the training data)
COc1ccc(Nc2nccc(-c3cnc(C)n3C(C)C)n2)cc1,P,P:training_top_decile,in_sample_top_decile,shared,8.096910013008056,curated row 283,c1ccc(Nc2nccc(-c3cnc[nH]3)n2)cc1,False,all curated molecules (the comparator actives were in the training data)
O=C(Nc1[nH]nc2nc(-c3ccc(O)c(Cl)c3)ccc12)C1CC1,P,P:training_top_decile,in_sample_top_decile,shared,8.698970004336019,curated row 321,O=C(Nc1[nH]nc2nc(-c3ccccc3)ccc12)C1CC1,True,all curated molecules (the comparator actives were in the training data)
CC(=Nc1ccc(S(N)(=O)=O)cc1)c1c(O)[nH]c2ccc(-c3cnco3)cc12,P,P:training_top_decile,in_sample_top_decile,shared,8.698970004336019,curated row 365,C(=Nc1ccccc1)c1c[nH]c2ccc(-c3cnco3)cc12,False,all curated molecules (the comparator actives were in the training data)
NS(=O)(=O)c1ccc(N=Nc2c(O)[nH]c3cccc(I)c23)cc1,P,P:training_top_decile,in_sample_top_decile,shared,8.337242168318426,curated row 377,c1ccc(N=Nc2c[nH]c3ccccc23)cc1,False,all curated molecules (the comparator actives were in the training data)
NS(=O)(=O)c1cccc(Nc2nccc(-c3ccnc(NCCCO)c3)n2)c1,P,P:training_top_decile,in_sample_top_decile,shared,8.173925197299173,curated row 406,c1ccc(Nc2nccc(-c3ccncc3)n2)cc1,False,all curated molecules (the comparator actives were in the training data)
CCOC(=O)c1cccc2[nH]c(O)c(C=Nc3ccc(S(N)(=O)=O)cc3)c12,P,P:training_top_decile,in_sample_top_decile,shared,8.050609993355087,curated row 434,C(=Nc1ccccc1)c1c[nH]c2ccccc12,False,all curated molecules (the comparator actives were in the training data)
Cc1cc(Nc2ncc(Br)c(N[C@H](C)[C@H](C)O)n2)ccc1S(C)(=N)=O,P,P:training_top_decile,in_sample_top_decile,shared,8.397940008672037,curated row 448,c1ccc(Nc2ncccn2)cc1,False,all curated molecules (the comparator actives were in the training data)
O=C(Nc1[nH]nc2nc(-c3ccc(O)c(Br)c3)ccc12)C1CC1,P,P:training_top_decile,in_sample_top_decile,shared,8.698970004336019,curated row 450,O=C(Nc1[nH]nc2nc(-c3ccccc3)ccc12)C1CC1,False,all curated molecules (the comparator actives were in the training data)
Cc1ncc(-c2ccnc(Nc3ccc(C(=O)N(C)C)cc3)n2)n1C(C)C,P,P:training_top_decile,in_sample_top_decile,shared,8.096910013008056,curated row 458,c1ccc(Nc2nccc(-c3cnc[nH]3)n2)cc1,True,all curated molecules (the comparator actives were in the training data)
COc1cc(Nc2ncc(Br)c(N[C@H](C)[C@H](C)O)n2)ccc1S(C)(=N)=O,P,P:training_top_decile,in_sample_top_decile,shared,8.460409376976187,curated row 470,c1ccc(Nc2ncccn2)cc1,False,all curated molecules (the comparator actives were in the training data)
CN(C)CCNS(=O)(=O)c1ccc(Nc2nccc(-c3cnc4ccccn34)n2)cc1,P,P:training_top_decile,in_sample_top_decile,shared,8.301029995663981,curated row 599,c1ccc(Nc2nccc(-c3cnc4ccccn34)n2)cc1,False,all curated molecules (the comparator actives were in the training data)
Cc1ncc(-c2nc(Nc3ccc(N4CCN(C(=O)CO)CC4)cc3)ncc2F)n1C(C)C,P,P:training_top_decile,in_sample_top_decile,shared,8.221848749616356,curated row 613,c1cc(-c2cnc[nH]2)nc(Nc2ccc(N3CCNCC3)cc2)n1,True,all curated molecules (the comparator actives were in the training data)
CN=S(C)(=O)c1ccc(Nc2ncc(Br)c(N[C@H](C)[C@@H](C)O)n2)cc1OC,P,P:training_top_decile,in_sample_top_decile,shared,8.397940008672037,curated row 623,c1ccc(Nc2ncccn2)cc1,False,all curated molecules (the comparator actives were in the training data)
CCCS(=O)(=O)c1ccc(Nc2nccc(-c3cnc(C)n3C(C)C)n2)cc1,P,P:training_top_decile,in_sample_top_decile,shared,8.096910013008056,curated row 625,c1ccc(Nc2nccc(-c3cnc[nH]3)n2)cc1,False,all curated molecules (the comparator actives were in the training data)
NS(=O)(=O)c1ccc(N=Nc2c(O)[nH]c3ccc(C(=O)NCc4ccncc4)cc23)cc1,P,P:training_top_decile,in_sample_top_decile,shared,8.050609993355087,curated row 673,O=C(NCc1ccncc1)c1ccc2[nH]cc(N=Nc3ccccc3)c2c1,False,all curated molecules (the comparator actives were in the training data)
C[C@@H](NC(=O)N1CCc2cnc(Nc3cnn(C)c3)nc2C1)c1ccc(Cl)c(Cl)c1,P,P:training_top_decile,in_sample_top_decile,shared,8.397940008672037,curated row 730,O=C(NCc1ccccc1)N1CCc2cnc(Nc3cn[nH]c3)nc2C1,False,all curated molecules (the comparator actives were in the training data)
N[C@H]1CC[C@H](Nc2nc(NCc3ccccc3)c3ncn(C4CCCC4)c3n2)CC1,P,P:training_top_decile,in_sample_top_decile,shared,8.154901959985743,curated row 746,c1ccc(CNc2nc(NC3CCCCC3)nc3c2ncn3C2CCCC2)cc1,False,all curated molecules (the comparator actives were in the training data)
CCS(=N)(=O)c1ccc(Nc2ncc(Br)c(N[C@@H](C)[C@H](C)O)n2)cc1,P,P:training_top_decile,in_sample_top_decile,shared,8.397940008672037,curated row 772,c1ccc(Nc2ncccn2)cc1,False,all curated molecules (the comparator actives were in the training data)
C[C@@H]1C[C@H]2CN1CCn1[nH]c3c(cccc3c1=O)-c1nc3c(cccc3[nH]c1=O)O2,P,P:training_top_decile,in_sample_top_decile,shared,8.468521082957745,curated row 776,O=c1[nH]c2cccc3c2nc1-c1cccc2c(=O)n([nH]c12)CCN1CCC(C1)O3,False,all curated molecules (the comparator actives were in the training data)
Nc1nc(Nc2ccc(S(N)(=O)=O)cc2)nn1C(=O)c1c(F)cccc1F,P,P:training_top_decile,in_sample_top_decile,shared,8.698970004336019,curated row 785,O=C(c1ccccc1)n1cnc(Nc2ccccc2)n1,False,all curated molecules (the comparator actives were in the training data)
O=C(Nc1[nH]nc2nc(-c3ccc(O)cc3)c(-c3ccccc3)cc12)C1CC1,P,P:training_top_decile,in_sample_top_decile,shared,8.301029995663981,curated row 794,O=C(Nc1[nH]nc2nc(-c3ccccc3)c(-c3ccccc3)cc12)C1CC1,False,all curated molecules (the comparator actives were in the training data)
CN1CCN(c2cccc(Nc3ncc4c(n3)-c3c(c(C(N)=O)nn3C)CC4)c2)CC1,P,P:training_top_decile,in_sample_top_decile,shared,9.0,curated row 803,c1cc(Nc2ncc3c(n2)-c2[nH]ncc2CC3)cc(N2CCNCC2)c1,True,all curated molecules (the comparator actives were in the training data)
CN(C)S(=O)(=O)c1ccc(Nc2cc(N[C@H]3CC[C@H](N)CC3)nc3c(Br)cnn23)cc1Cl,P,P:training_top_decile,in_sample_top_decile,shared,8.698970004336019,curated row 805,c1ccc(Nc2cc(NC3CCCCC3)nc3ccnn23)cc1,False,all curated molecules (the comparator actives were in the training data)
C[C@H](O)[C@@H](C)Nc1nc(Nc2ccc(S(=N)(=O)CCO)cc2)ncc1Br,P,P:training_top_decile,in_sample_top_decile,shared,8.221848749616356,curated row 810,c1ccc(Nc2ncccn2)cc1,False,all curated molecules (the comparator actives were in the training data)
COc1cc(-c2ccc3c(-c4nc5c(N6CCN(C)CC6)cccc5[nH]4)[nH]nc3c2)ccc1O,P,P:training_top_decile,in_sample_top_decile,shared,8.387216143280265,curated row 812,c1ccc(-c2ccc3c(-c4nc5c(N6CCNCC6)cccc5[nH]4)[nH]nc3c2)cc1,False,all curated molecules (the comparator actives were in the training data)
CC(C)c1cnn2c(NCc3ccccc3)cc(N[C@@H](CO)[C@H](O)CO)nc12,P,P:training_top_decile,in_sample_top_decile,shared,8.522878745280337,curated row 842,c1ccc(CNc2ccnc3ccnn23)cc1,False,all curated molecules (the comparator actives were in the training data)
CC(C)c1cnn2c(NCc3ccccc3)cc(N[C@@H](CO)[C@@H](O)CO)nc12,P,P:training_top_decile,in_sample_top_decile,shared,8.522878745280337,curated row 843,c1ccc(CNc2ccnc3ccnn23)cc1,False,all curated molecules (the comparator actives were in the training data)
COCCNS(=O)(=O)c1ccc(Nc2nccc(-c3cnc(C)n3C(C)C)n2)cc1,P,P:training_top_decile,in_sample_top_decile,shared,9.0,curated row 882,c1ccc(Nc2nccc(-c3cnc[nH]3)n2)cc1,False,all curated molecules (the comparator actives were in the training data)
c1ccc(Nc2nccc(-c3cnn4ncccc34)n2)cc1,P,P:training_top_decile,in_sample_top_decile,shared,8.096910013008056,curated row 894,c1ccc(Nc2nccc(-c3cnn4ncccc34)n2)cc1,False,all curated molecules (the comparator actives were in the training data)
CC(C)c1c2cc(-c3nc(Nc4ccc(N5CCNCC5)cn4)ncc3F)ccc2nn1C,P,P:training_top_decile,in_sample_top_decile,shared,8.619788758288394,curated row 898,c1cc(-c2ccc3n[nH]cc3c2)nc(Nc2ccc(N3CCNCC3)cn2)n1,False,all curated molecules (the comparator actives were in the training data)
CC(C)c1c2cc(-c3ccnc(Nc4ccc5c(N6CCN(C)CC6)ncnc5c4)n3)ccc2nn1C,P,P:training_top_decile,in_sample_top_decile,shared,8.55284196865778,curated row 901,c1cc(-c2ccc3n[nH]cc3c2)nc(Nc2ccc3c(N4CCNCC4)ncnc3c2)n1,True,all curated molecules (the comparator actives were in the training data)
NS(=O)(=O)c1ccc(N=Nc2c(=O)[nH]c3ccc4[nH][nH]c(Cl)c4c23)cc1,P,P:training_top_decile,in_sample_top_decile,shared,8.657577319177793,curated row 937,O=c1[nH]c2ccc3[nH][nH]cc3c2c1N=Nc1ccccc1,False,all curated molecules (the comparator actives were in the training data)
Cn1cc(-c2cnc3c(-c4csc(C(=O)N[C@@H]5CCCC[C@@H]5N)c4)cnn3c2)cn1,P,P:training_top_decile,in_sample_top_decile,shared,8.657577319177793,curated row 939,O=C(NC1CCCCC1)c1cc(-c2cnn3cc(-c4cn[nH]c4)cnc23)cs1,False,all curated molecules (the comparator actives were in the training data)
COC(=O)c1ccc2[nH]c(O)c(C=Nc3ccc(S(N)(=O)=O)cc3)c2c1,P,P:training_top_decile,in_sample_top_decile,shared,8.67778070526608,curated row 940,C(=Nc1ccccc1)c1c[nH]c2ccccc12,False,all curated molecules (the comparator actives were in the training data)
NC(=O)c1ccc(Nc2nc(N[C@H]3CC[C@H](N)CC3)nc3c2ncn3C2CCCC2)cc1,P,P:training_top_decile,in_sample_top_decile,shared,8.397940008672037,curated row 962,c1ccc(Nc2nc(NC3CCCCC3)nc3c2ncn3C2CCCC2)cc1,False,all curated molecules (the comparator actives were in the training data)
C[C@H](CO)Nc1nc(Nc2ccc(S(N)(=O)=O)cc2)ncc1Br,P,P:training_top_decile,in_sample_top_decile,shared,8.397940008672037,curated row 974,c1ccc(Nc2ncccn2)cc1,False,all curated molecules (the comparator actives were in the training data)
O=S(=O)(Nc1ccccc1)c1ccc(N=Cc2c(O)[nH]c3ccc4ncsc4c23)cc1,P,P:training_top_decile,in_sample_top_decile,shared,8.366531544420413,curated row 1001,O=S(=O)(Nc1ccccc1)c1ccc(N=Cc2c[nH]c3ccc4ncsc4c23)cc1,False,all curated molecules (the comparator actives were in the training data)
O=S(=O)(NCCO)c1ccc(N=Cc2c(O)[nH]c3ccc4ncsc4c23)cc1,P,P:training_top_decile,in_sample_top_decile,shared,8.327902142064282,curated row 1014,C(=Nc1ccccc1)c1c[nH]c2ccc3ncsc3c12,False,all curated molecules (the comparator actives were in the training data)
CNCCN1CCc2nc(Nc3ncc(F)c(-c4cc(F)c5nc(C)n(C(C)(C)C)c5c4)n3)ccc2C1,P,P:training_top_decile,in_sample_top_decile,shared,8.175223537524454,curated row 1024,c1cc(-c2ccc3nc[nH]c3c2)nc(Nc2ccc3c(n2)CCNC3)n1,False,all curated molecules (the comparator actives were in the training data)
COc1cc[nH]c1C=C1C(=O)Nc2ccc(F)c(C#C[C@@H]3CCCN3)c21,P,P:training_top_decile,in_sample_top_decile,shared,8.698970004336019,curated row 1062,O=C1Nc2cccc(C#CC3CCCN3)c2C1=Cc1ccc[nH]1,False,all curated molecules (the comparator actives were in the training data)
Cc1ncc(-c2ccnc(Nc3ccc(C(N)=O)cc3)n2)n1C(C)C,P,P:training_top_decile,in_sample_top_decile,shared,8.522878745280337,curated row 1068,c1ccc(Nc2nccc(-c3cnc[nH]3)n2)cc1,False,all curated molecules (the comparator actives were in the training data)
N#Cc1cnn2c(Nc3ccc(F)c(Cl)c3)cc(N[C@H]3CC[C@H](N)CC3)nc12,P,P:training_top_decile,in_sample_top_decile,shared,8.397940008672037,curated row 1093,c1ccc(Nc2cc(NC3CCCCC3)nc3ccnn23)cc1,False,all curated molecules (the comparator actives were in the training data)
C[C@@H](O)[C@@H](C)Oc1nc(Nc2ccc(S(=O)(=O)CCO)cc2)ncc1C(F)(F)F,P,P:training_top_decile,in_sample_top_decile,shared,8.522878745280337,curated row 1128,c1ccc(Nc2ncccn2)cc1,False,all curated molecules (the comparator actives were in the training data)
COCCOCCOCCOCCNS(=O)(=O)c1ccc(N=Cc2c(O)[nH]c3ccc4ncsc4c23)cc1,P,P:training_top_decile,in_sample_top_decile,shared,8.346787486224656,curated row 1153,C(=Nc1ccccc1)c1c[nH]c2ccc3ncsc3c12,False,all curated molecules (the comparator actives were in the training data)
NCCCn1nc(C(N)=O)c2c1-c1nc(Nc3ccccc3)ncc1CC2,P,P:training_top_decile,in_sample_top_decile,shared,9.0,curated row 1168,c1ccc(Nc2ncc3c(n2)-c2[nH]ncc2CC3)cc1,False,all curated molecules (the comparator actives were in the training data)
Cc1cc(C)c(CNc2nc(N[C@@H](C)[C@@H](C)O)nc3c2ncn3C(C)C)cn1,P,P:training_top_decile,in_sample_top_decile,shared,8.301029995663981,curated row 1188,c1cncc(CNc2ncnc3[nH]cnc23)c1,False,all curated molecules (the comparator actives were in the training data)
CNC(=O)c1ccc(Nc2nccc(-c3cnc(C)n3C(C)C)n2)cc1,P,P:training_top_decile,in_sample_top_decile,shared,8.522878745280337,curated row 1194,c1ccc(Nc2nccc(-c3cnc[nH]3)n2)cc1,False,all curated molecules (the comparator actives were in the training data)
CCc1cnn2c(NCc3ccc[n+]([O-])c3)cc(N3CCCC[C@H]3CCO)nc12,P,P:training_top_decile,in_sample_top_decile,shared,9.0,curated row 1198,c1c[nH+]cc(CNc2cc(N3CCCCC3)nc3ccnn23)c1,False,all curated molecules (the comparator actives were in the training data)
NS(=O)(=O)c1ccc(N=Nc2c(=O)[nH]c3ccc4[nH]cccc4c23)cc1,P,P:training_top_decile,in_sample_top_decile,shared,8.795880017344075,curated row 1244,O=c1[nH]c2ccc3[nH]cccc3c2c1N=Nc1ccccc1,False,all curated molecules (the comparator actives were in the training data)
CN(C)S(=O)(=O)c1ccc(N=Cc2c(O)[nH]c3ccc4ncsc4c23)cc1,P,P:training_top_decile,in_sample_top_decile,shared,8.337242168318426,curated row 1294,C(=Nc1ccccc1)c1c[nH]c2ccc3ncsc3c12,False,all curated molecules (the comparator actives were in the training data)
N[C@H]1CC[C@H](Nc2nc(Nc3ccccc3)c3ncn(C4CCCC4)c3n2)CC1,P,P:training_top_decile,in_sample_top_decile,shared,8.154901959985743,curated row 1323,c1ccc(Nc2nc(NC3CCCCC3)nc3c2ncn3C2CCCC2)cc1,False,all curated molecules (the comparator actives were in the training data)
COc1cc[nH]c1C=C1C(=O)Nc2ccc(F)c(C#C[C@@H](O)[C@@H](N)[C@@H](C)O)c21,P,P:training_top_decile,in_sample_top_decile,shared,8.522878745280337,curated row 1329,O=C1Nc2ccccc2C1=Cc1ccc[nH]1,False,all curated molecules (the comparator actives were in the training data)
Cc1ncc(-c2ccnc(Nc3ccc(F)cc3)n2)n1C(C)C,P,P:training_top_decile,in_sample_top_decile,shared,8.522878745280337,curated row 1403,c1ccc(Nc2nccc(-c3cnc[nH]3)n2)cc1,False,all curated molecules (the comparator actives were in the training data)
O=C(Nc1[nH]nc2cc(-c3ccc(O)cc3)ccc12)C1CC1,P,P:training_top_decile,in_sample_top_decile,shared,8.301029995663981,curated row 1404,O=C(Nc1[nH]nc2cc(-c3ccccc3)ccc12)C1CC1,False,all curated molecules (the comparator actives were in the training data)
C[C@@H](Nc1nc(Nc2ccc(S(=N)(=O)C3CC3)cc2)ncc1Br)C(C)(C)O,P,P:training_top_decile,in_sample_top_decile,shared,8.096910013008056,curated row 1410,N=S(=O)(c1ccc(Nc2ncccn2)cc1)C1CC1,False,all curated molecules (the comparator actives were in the training data)
Cc1ncc(-c2nc(Nc3ccc(C(=O)NC4CCN(C)CC4)c(F)c3)ncc2F)n1C(C)C,P,P:training_top_decile,in_sample_top_decile,shared,9.0,curated row 1432,O=C(NC1CCNCC1)c1ccc(Nc2nccc(-c3cnc[nH]3)n2)cc1,False,all curated molecules (the comparator actives were in the training data)
Cc1ncc(-c2ccnc(Nc3ccc(N4CCN(S(=O)(=O)CCN(C)C)CC4)cc3)n2)n1C(C)C,P,P:training_top_decile,in_sample_top_decile,shared,8.522878745280337,curated row 1436,c1cc(-c2cnc[nH]2)nc(Nc2ccc(N3CCNCC3)cc2)n1,False,all curated molecules (the comparator actives were in the training data)
CC(C)(C)c1cnc(CSc2cnc(N[C@H]3CC[C@H](O)CC3)s2)o1,P,P:training_top_decile,in_sample_top_decile,shared,8.154901959985743,curated row 1497,c1coc(CSc2cnc(NC3CCCCC3)s2)n1,False,all curated molecules (the comparator actives were in the training data)
CC(=O)NC1CN(c2ccc(Nc3ncc(F)c(-c4cnc(C)n4C(C)C)n3)cc2)C1,P,P:training_top_decile,in_sample_top_decile,shared,9.30102999566398,curated row 1501,c1cc(-c2cnc[nH]2)nc(Nc2ccc(N3CCC3)cc2)n1,False,all curated molecules (the comparator actives were in the training data)
Cc1ncc(-c2nc(Nc3ccc(C(=O)N(C)C)c(F)c3)ncc2F)n1C(C)C,P,P:training_top_decile,in_sample_top_decile,shared,8.698970004336019,curated row 1513,c1ccc(Nc2nccc(-c3cnc[nH]3)n2)cc1,False,all curated molecules (the comparator actives were in the training data)
FC(F)(F)c1cnc(Nc2ccc3[nH]cnc3c2)nc1Nc1ccccc1Cl,P,P:training_top_decile,in_sample_top_decile,shared,8.698970004336019,curated row 1539,c1ccc(Nc2ccnc(Nc3ccc4[nH]cnc4c3)n2)cc1,False,all curated molecules (the comparator actives were in the training data)
CN(C)CCNS(=O)(=O)c1ccc(Nc2cccc(-c3cnc4ccccn34)c2)cc1,P,P:training_top_decile,in_sample_top_decile,shared,8.301029995663981,curated row 1586,c1ccc(Nc2cccc(-c3cnc4ccccn34)c2)cc1,False,all curated molecules (the comparator actives were in the training data)
Cc1c([N+](=O)[O-])ccc2[nH]c(O)c(N=Nc3ccc(S(N)(=O)=O)cc3)c12,P,P:training_top_decile,in_sample_top_decile,shared,8.337242168318426,curated row 1615,c1ccc(N=Nc2c[nH]c3ccccc23)cc1,False,all curated molecules (the comparator actives were in the training data)
COc1cc(Nc2ncc(Br)c(N[C@H](C)C(C)(C)O)n2)ccc1S(C)(=N)=O,P,P:training_top_decile,in_sample_top_decile,shared,8.460409376976187,curated row 1628,c1ccc(Nc2ncccn2)cc1,False,all curated molecules (the comparator actives were in the training data)
CN(C)S(=O)(=O)c1ccc(Nc2cc(N[C@H]3CC[C@H](N)CC3)nc3c(C#N)cnn23)cc1,P,P:training_top_decile,in_sample_top_decile,shared,8.154901959985743,curated row 1630,c1ccc(Nc2cc(NC3CCCCC3)nc3ccnn23)cc1,False,all curated molecules (the comparator actives were in the training data)
COc1cccc(OC)c1CNC(=O)c1ccc2[nH]c(O)c(N=Nc3ccc(S(N)(=O)=O)cc3)c2c1,P,P:training_top_decile,in_sample_top_decile,shared,8.769551078621726,curated row 1648,O=C(NCc1ccccc1)c1ccc2[nH]cc(N=Nc3ccccc3)c2c1,False,all curated molecules (the comparator actives were in the training data)
O=C(Nc1[nH]nc2nc(-c3ccc(O)cc3)c(Br)cc12)C1CC1,P,P:training_top_decile,in_sample_top_decile,shared,8.301029995663981,curated row 1649,O=C(Nc1[nH]nc2nc(-c3ccccc3)ccc12)C1CC1,False,all curated molecules (the comparator actives were in the training data)
CN1C/C=C/CCOc2cccc(c2)-c2ccnc(n2)Nc2cccc(c2)C1,P,P:training_top_decile,in_sample_top_decile,shared,8.093543321678572,curated row 1680,C1=CCNCc2cccc(c2)Nc2nccc(n2)-c2cccc(c2)OCC1,False,all curated molecules (the comparator actives were in the training data)
Cc1ncc(-c2ccnc(Nc3ccc(S(C)(=O)=O)cc3)n2)n1C(C)C,P,P:training_top_decile,in_sample_top_decile,shared,8.221848749616356,curated row 1720,c1ccc(Nc2nccc(-c3cnc[nH]3)n2)cc1,False,all curated molecules (the comparator actives were in the training data)
O=C(Cc1ccc(Br)cc1)Nc1[nH]nc2ccc(N3CCCS3(=O)=O)cc12,P,P:training_top_decile,in_sample_top_decile,shared,8.154901959985743,curated row 1745,O=C(Cc1ccccc1)Nc1[nH]nc2ccc(N3CCCS3(=O)=O)cc12,False,all curated molecules (the comparator actives were in the training data)
NS(=O)(=O)c1ccc(N=Nc2c(O)[nH]c3ccc(C(=O)NCc4cccnc4)cc23)cc1,P,P:training_top_decile,in_sample_top_decile,shared,8.67778070526608,curated row 1746,O=C(NCc1cccnc1)c1ccc2[nH]cc(N=Nc3ccccc3)c2c1,False,all curated molecules (the comparator actives were in the training data)
Clc1ccccc1-c1cc(NCc2ccncc2)n2ncc(Br)c2n1,P,P:training_top_decile,in_sample_top_decile,shared,8.110924374808178,curated row 1753,c1ccc(-c2cc(NCc3ccncc3)n3nccc3n2)cc1,False,all curated molecules (the comparator actives were in the training data)
O=C(Nc1cccc2c1C(=O)c1c(-c3ccc(C(=O)N4CCNCC4)s3)n[nH]c1-2)NN1CCOCC1,P,P:training_top_decile,in_sample_top_decile,shared,8.096910013008056,curated row 1763,O=C(Nc1cccc2c1C(=O)c1c(-c3ccc(C(=O)N4CCNCC4)s3)n[nH]c1-2)NN1CCOCC1,False,all curated molecules (the comparator actives were in the training data)
NC(=O)c1ccc2[nH]c(O)c(N=Nc3ccc(S(N)(=O)=O)cc3)c2c1,P,P:training_top_decile,in_sample_top_decile,shared,8.346787486224656,curated row 1769,c1ccc(N=Nc2c[nH]c3ccccc23)cc1,False,all curated molecules (the comparator actives were in the training data)
Cc1ncc(-c2nc(Nc3ccc(N4CCOCC4)cc3)ncc2F)n1C(C)C,P,P:training_top_decile,in_sample_top_decile,shared,8.096910013008056,curated row 1774,c1cc(-c2cnc[nH]2)nc(Nc2ccc(N3CCOCC3)cc2)n1,False,all curated molecules (the comparator actives were in the training data)
C[C@@H](Nc1nc(Nc2ccc(S(C)(=N)=O)cc2)ncc1Br)C(C)(C)O,P,P:training_top_decile,in_sample_top_decile,shared,8.221848749616356,curated row 1803,c1ccc(Nc2ncccn2)cc1,False,all curated molecules (the comparator actives were in the training data)
Cc1ncc(-c2ccnc(Nc3ccc(C(=O)N(C)C)c(F)c3)n2)n1C(C)C,P,P:training_top_decile,in_sample_top_decile,shared,8.221848749616356,curated row 1813,c1ccc(Nc2nccc(-c3cnc[nH]3)n2)cc1,False,all curated molecules (the comparator actives were in the training data)
COCCN1CCN(Cc2ccc(-c3[nH]nc4c3C(=O)c3c(NC(=O)NN5CCOCC5)cccc3-4)cc2)CC1,P,P:training_top_decile,in_sample_top_decile,shared,8.522878745280337,curated row 1816,O=C(Nc1cccc2c1C(=O)c1c-2n[nH]c1-c1ccc(CN2CCNCC2)cc1)NN1CCOCC1,False,all curated molecules (the comparator actives were in the training data)
CC(C)(O)CSc1nc(Nc2ccc(S(C)(=N)=O)cc2)ncc1Br,P,P:training_top_decile,in_sample_top_decile,shared,8.096910013008056,curated row 1845,c1ccc(Nc2ncccn2)cc1,False,all curated molecules (the comparator actives were in the training data)
COCCNS(=O)(=O)c1ccc(Nc2nccc(-c3cnc(C)n3C)n2)cc1,P,P:training_top_decile,in_sample_top_decile,shared,8.096910013008056,curated row 1860,c1ccc(Nc2nccc(-c3cnc[nH]3)n2)cc1,False,all curated molecules (the comparator actives were in the training data)
Cc1ncc(-c2ccnc(Nc3ccc(S(=O)(=O)NCCCOC(C)C)cc3)n2)n1C,P,P:training_top_decile,in_sample_top_decile,shared,8.221848749616356,curated row 1868,c1ccc(Nc2nccc(-c3cnc[nH]3)n2)cc1,False,all curated molecules (the comparator actives were in the training data)
Cc1ncc(-c2nc(Nc3ccc(C(=O)N4CCCN(C)CC4)cc3)ncc2F)n1C(C)C,P,P:training_top_decile,in_sample_top_decile,shared,8.698970004336019,curated row 1960,O=C(c1ccc(Nc2nccc(-c3cnc[nH]3)n2)cc1)N1CCCNCC1,False,all curated molecules (the comparator actives were in the training data)
CN1CCN(c2ccc(Nc3nccc(-c4cnn5ncccc45)n3)cc2C(F)(F)F)CC1,P,P:training_top_decile,in_sample_top_decile,shared,8.397940008672037,curated row 1977,c1cnn2ncc(-c3ccnc(Nc4ccc(N5CCNCC5)cc4)n3)c2c1,False,all curated molecules (the comparator actives were in the training data)
O=C(Cc1ccc(-c2ccccc2)c(F)c1)Nc1cc(C2CC2)[nH]n1,P,P:training_top_decile,in_sample_top_decile,shared,8.397994302269257,curated row 2007,O=C(Cc1ccc(-c2ccccc2)cc1)Nc1cc(C2CC2)[nH]n1,False,all curated molecules (the comparator actives were in the training data)
CC(C)=Cc1cccc2[nH]c(O)c(N=Nc3ccc(S(N)(=O)=O)cc3)c12,P,P:training_top_decile,in_sample_top_decile,shared,8.823908740944319,curated row 2015,c1ccc(N=Nc2c[nH]c3ccccc23)cc1,False,all curated molecules (the comparator actives were in the training data)
Clc1cccc(Nc2nccc(-c3cnc4ccccn34)n2)c1,M,M:heldout_actives,heldout_active,shared,8.301029995663981,curated row 15,c1ccc(Nc2nccc(-c3cnc4ccccn34)n2)cc1,False,curated molecules without the 204 top-decile actives
CCCCOc1c(C(=O)c2c(F)cc(C)cc2F)ccc2[nH]ncc12,M,M:heldout_actives,heldout_active,shared,8.221848749616356,curated row 97,O=C(c1ccccc1)c1ccc2[nH]ncc2c1,False,curated molecules without the 204 top-decile actives
NS(=O)(=O)c1cccc(Nc2nc(OCC3CCCCC3)c3[nH]cnc3n2)c1,M,M:heldout_actives,heldout_active,shared,8.301029995663981,curated row 122,c1ccc(Nc2nc(OCC3CCCCC3)c3[nH]cnc3n2)cc1,False,curated molecules without the 204 top-decile actives
Cc1nc2c(F)cc(-c3nc(Nc4ccc5c(n4)CCN(C(=O)O)C5)ncc3F)cc2n1C(C)C,M,M:heldout_actives,heldout_active,shared,8.13430394008393,curated row 158,c1cc(-c2ccc3nc[nH]c3c2)nc(Nc2ccc3c(n2)CCNC3)n1,False,curated molecules without the 204 top-decile actives
Cc1ncc(-c2ccnc(Nc3ccc(C(=O)NCCO)cc3)n2)n1C(C)C,M,M:heldout_actives,heldout_active,shared,8.698970004336019,curated row 177,c1ccc(Nc2nccc(-c3cnc[nH]3)n2)cc1,False,curated molecules without the 204 top-decile actives
CN(c1ccccn1)S(=O)(=O)c1ccc(N=Cc2c(O)[nH]c3ccc4ncsc4c23)cc1,M,M:heldout_actives,heldout_active,shared,8.2518119729938,curated row 184,O=S(=O)(Nc1ccccn1)c1ccc(N=Cc2c[nH]c3ccc4ncsc4c23)cc1,False,curated molecules without the 204 top-decile actives
Cc1ncc(-c2ccnc(Nc3ccc(C(=O)NCCN(C)C)c(F)c3)n2)n1C(C)C,M,M:heldout_actives,heldout_active,shared,8.522878745280337,curated row 211,c1ccc(Nc2nccc(-c3cnc[nH]3)n2)cc1,False,curated molecules without the 204 top-decile actives
N#Cc1cccc(Nc2nccc(-c3cnn4ncccc34)n2)c1,M,M:heldout_actives,heldout_active,shared,8.698970004336019,curated row 236,c1ccc(Nc2nccc(-c3cnn4ncccc34)n2)cc1,False,curated molecules without the 204 top-decile actives
COC[C@@H](Nc1nc(Nc2ccc(S(C)(=N)=O)cc2)ncc1Br)[C@@H](C)O,M,M:heldout_actives,heldout_active,shared,8.397940008672037,curated row 240,c1ccc(Nc2ncccn2)cc1,False,curated molecules without the 204 top-decile actives
O=C(O)c1ccc2[nH]c(O)c(C=c3[nH]cc4c3=CCOC4=O)c2c1,M,M:heldout_actives,heldout_active,shared,8.397940008672037,curated row 245,O=C1OCC=c2c1c[nH]c2=Cc1c[nH]c2ccccc12,False,curated molecules without the 204 top-decile actives
N[C@H]1CC[C@H](Nc2cc(Nc3ccc(F)c(Cl)c3)n3ncc(Br)c3n2)CC1,M,M:heldout_actives,heldout_active,shared,8.468521082957745,curated row 247,c1ccc(Nc2cc(NC3CCCCC3)nc3ccnn23)cc1,False,curated molecules without the 204 top-decile actives
CNS(=O)(=O)Cc1ccc(N=Nc2c(O)[nH]c3ccc4ncsc4c23)cc1,M,M:heldout_actives,heldout_active,shared,8.244125144327509,curated row 272,c1ccc(N=Nc2c[nH]c3ccc4ncsc4c23)cc1,False,curated molecules without the 204 top-decile actives
Clc1cccc(Nc2nccc(-c3ccnc(N4CCOCC4)c3)n2)c1,M,M:heldout_actives,heldout_active,shared,8.050609993355087,curated row 276,c1ccc(Nc2nccc(-c3ccnc(N4CCOCC4)c3)n2)cc1,False,curated molecules without the 204 top-decile actives
CS(=O)(=O)c1ccc(N=Cc2c(O)[nH]c3ccc4ncsc4c23)cc1,M,M:heldout_actives,heldout_active,shared,8.244125144327509,curated row 281,C(=Nc1ccccc1)c1c[nH]c2ccc3ncsc3c12,True,curated molecules without the 204 top-decile actives
CC[C@@H](Nc1nc(NCc2cnc(C)cc2C)c2ncn(C(C)C)c2n1)[C@H](C)O,M,M:heldout_actives,heldout_active,shared,8.301029995663981,curated row 295,c1cncc(CNc2ncnc3[nH]cnc23)c1,False,curated molecules without the 204 top-decile actives
O=C(Nc1[nH]nc2nc(-c3ccc(O)c(Cl)c3)ccc12)C1CC1,M,M:heldout_actives,heldout_active,shared,8.698970004336019,curated row 321,O=C(Nc1[nH]nc2nc(-c3ccccc3)ccc12)C1CC1,False,curated molecules without the 204 top-decile actives
CC(O)C(C)Sc1nc(Nc2ccc(S(C)(=N)=O)cc2)ncc1Br,M,M:heldout_actives,heldout_active,shared,8.096910013008056,curated row 322,c1ccc(Nc2ncccn2)cc1,False,curated molecules without the 204 top-decile actives
CC(=Nc1ccc(S(N)(=O)=O)cc1)c1c(O)[nH]c2ccc(-c3cnco3)cc12,M,M:heldout_actives,heldout_active,shared,8.698970004336019,curated row 365,C(=Nc1ccccc1)c1c[nH]c2ccc(-c3cnco3)cc12,False,curated molecules without the 204 top-decile actives
CNC(=O)c1ccc(Nc2nccc(-c3cnc(C)n3C3CCCC3)n2)cc1,M,M:heldout_actives,heldout_active,shared,8.698970004336019,curated row 383,c1ccc(Nc2nccc(-c3cncn3C3CCCC3)n2)cc1,False,curated molecules without the 204 top-decile actives
Cc1cc(Nc2ncc(Br)c(N[C@H](C)[C@H](C)O)n2)ccc1S(C)(=N)=O,M,M:heldout_actives,heldout_active,shared,8.397940008672037,curated row 448,c1ccc(Nc2ncccn2)cc1,False,curated molecules without the 204 top-decile actives
NCCSc1cc(-c2ccc[nH]2)c2c3c(ccc(F)c13)NC2=O,M,M:heldout_actives,heldout_active,shared,8.522878745280337,curated row 449,O=C1Nc2cccc3ccc(-c4ccc[nH]4)c1c23,False,curated molecules without the 204 top-decile actives
O=C(Nc1[nH]nc2nc(-c3ccc(O)c(Br)c3)ccc12)C1CC1,M,M:heldout_actives,heldout_active,shared,8.698970004336019,curated row 450,O=C(Nc1[nH]nc2nc(-c3ccccc3)ccc12)C1CC1,False,curated molecules without the 204 top-decile actives
Cc1ncc(-c2ccnc(Nc3ccc(C(=O)N(C)C)cc3)n2)n1C(C)C,M,M:heldout_actives,heldout_active,shared,8.096910013008056,curated row 458,c1ccc(Nc2nccc(-c3cnc[nH]3)n2)cc1,True,curated molecules without the 204 top-decile actives
COc1cc(Nc2ncc(Br)c(N[C@H](C)[C@@H](C)O)n2)ccc1S(C)(=N)=O,M,M:heldout_actives,heldout_active,shared,8.397940008672037,curated row 469,c1ccc(Nc2ncccn2)cc1,False,curated molecules without the 204 top-decile actives
CNS(=O)(=O)c1ccc(N=Cc2c(O)[nH]c3ccc4ncsc4c23)cc1,M,M:heldout_actives,heldout_active,shared,8.2518119729938,curated row 482,C(=Nc1ccccc1)c1c[nH]c2ccc3ncsc3c12,False,curated molecules without the 204 top-decile actives
CC(C)COC(=O)c1ccc2[nH]c(O)c(C=Nc3ccc(S(N)(=O)=O)cc3)c2c1,M,M:heldout_actives,heldout_active,shared,8.522878745280337,curated row 492,C(=Nc1ccccc1)c1c[nH]c2ccccc12,False,curated molecules without the 204 top-decile actives
CN[C@@H]1C[C@H]2O[C@@](C)([C@@H]1OC)n1c3ccccc3c3c4c(c5c6ccccc6n2c5c31)C(=O)NC4,M,M:heldout_actives,heldout_active,shared,8.853871964321762,curated row 552,O=C1NCc2c1c1c3ccccc3n3c1c1c2c2ccccc2n1C1CCCC3O1,False,curated molecules without the 204 top-decile actives
CC(C)CC(=O)Nc1[nH]nc2c1CN(C(=O)C1CCN(C)CC1)C2(C)C,M,M:heldout_actives,heldout_active,shared,8.096910013008056,curated row 581,O=C(C1CCNCC1)N1Cc2c[nH]nc2C1,False,curated molecules without the 204 top-decile actives
CN(C)S(=O)(=O)c1ccc(Nc2cc3[nH]c(-c4cn[nH]c4)cc3cn2)cc1,M,M:heldout_actives,heldout_active,shared,8.301029995663981,curated row 630,c1ccc(Nc2cc3[nH]c(-c4cn[nH]c4)cc3cn2)cc1,False,curated molecules without the 204 top-decile actives
Nc1nc(Nc2ccc(S(N)(=O)=O)cc2)nc(OCC2CCCCC2)c1N=O,M,M:heldout_actives,heldout_active,shared,8.958607314841775,curated row 650,c1ccc(Nc2nccc(OCC3CCCCC3)n2)cc1,False,curated molecules without the 204 top-decile actives
NS(=O)(=O)c1ccc(N=Nc2c(O)[nH]c3ccc(C(=O)NCc4ccncc4)cc23)cc1,M,M:heldout_actives,heldout_active,shared,8.050609993355087,curated row 673,O=C(NCc1ccncc1)c1ccc2[nH]cc(N=Nc3ccccc3)c2c1,False,curated molecules without the 204 top-decile actives
C[C@@H](O)[C@@H](C)Oc1nc(Nc2ccc(S(C)(=O)=O)cc2)ncc1C(F)(F)F,M,M:heldout_actives,heldout_active,shared,8.247425010840047,curated row 714,c1ccc(Nc2ncccn2)cc1,False,curated molecules without the 204 top-decile actives
N[C@H]1CC[C@H](Nc2nc(NCc3ccccc3)c3ncn(C4CCCC4)c3n2)CC1,M,M:heldout_actives,heldout_active,shared,8.154901959985743,curated row 746,c1ccc(CNc2nc(NC3CCCCC3)nc3c2ncn3C2CCCC2)cc1,False,curated molecules without the 204 top-decile actives
CCS(=N)(=O)c1ccc(Nc2ncc(Br)c(N[C@H](COC)[C@H](C)O)n2)cc1,M,M:heldout_actives,heldout_active,shared,8.154901959985743,curated row 756,c1ccc(Nc2ncccn2)cc1,False,curated molecules without the 204 top-decile actives
NS(=O)(=O)c1ccc(N=Nc2c(O)[nH]c3ccc4ncsc4c23)cc1,M,M:heldout_actives,heldout_active,shared,8.148741651280925,curated row 761,c1ccc(N=Nc2c[nH]c3ccc4ncsc4c23)cc1,False,curated molecules without the 204 top-decile actives
CCS(=N)(=O)c1ccc(Nc2ncc(Br)c(N[C@H](C)[C@H](C)O)n2)cc1,M,M:heldout_actives,heldout_active,shared,8.397940008672037,curated row 771,c1ccc(Nc2ncccn2)cc1,False,curated molecules without the 204 top-decile actives
CCc1cnn2c(NCc3ccc[n+]([O-])c3)cc(C3CCCC[C@H]3CCO)nc12,M,M:heldout_actives,heldout_active,shared,9.0,curated row 782,c1c[nH+]cc(CNc2cc(C3CCCCC3)nc3ccnn23)c1,False,curated molecules without the 204 top-decile actives
O=Nc1c(-c2c(O)[nH]c3ccc([N+](=O)[O-])cc23)[nH]c2ccc(O)cc12,M,M:heldout_actives,heldout_active,shared,8.698970004336019,curated row 789,c1ccc2[nH]c(-c3c[nH]c4ccccc34)cc2c1,False,curated molecules without the 204 top-decile actives
CN1CCN(c2cccc(Nc3ncc4c(n3)-c3c(c(C(N)=O)nn3C)CC4)c2)CC1,M,M:heldout_actives,heldout_active,shared,9.0,curated row 803,c1cc(Nc2ncc3c(n2)-c2[nH]ncc2CC3)cc(N2CCNCC2)c1,False,curated molecules without the 204 top-decile actives
CN(C)S(=O)(=O)c1ccc(Nc2cc(N[C@H]3CC[C@H](N)CC3)nc3c(Br)cnn23)cc1Cl,M,M:heldout_actives,heldout_active,shared,8.698970004336019,curated row 805,c1ccc(Nc2cc(NC3CCCCC3)nc3ccnn23)cc1,False,curated molecules without the 204 top-decile actives
C[C@H](O)[C@@H](C)Nc1nc(Nc2ccc(S(=N)(=O)CCO)cc2)ncc1Br,M,M:heldout_actives,heldout_active,shared,8.221848749616356,curated row 810,c1ccc(Nc2ncccn2)cc1,False,curated molecules without the 204 top-decile actives
C[C@@H](O)[C@@H](C)Nc1nc(Nc2ccc(S(=N)(=O)CCO)cc2)ncc1Br,M,M:heldout_actives,heldout_active,shared,8.522878745280337,curated row 811,c1ccc(Nc2ncccn2)cc1,False,curated molecules without the 204 top-decile actives
CCn1c(-c2ccnc(Nc3ccc(S(=O)(=O)NCCOC)cc3)n2)cnc1C,M,M:heldout_actives,heldout_active,shared,8.397940008672037,curated row 860,c1ccc(Nc2nccc(-c3cnc[nH]3)n2)cc1,False,curated molecules without the 204 top-decile actives
COCCNS(=O)(=O)c1ccc(Nc2nccc(-c3cnc(C)n3C(C)C)n2)cc1,M,M:heldout_actives,heldout_active,shared,9.0,curated row 882,c1ccc(Nc2nccc(-c3cnc[nH]3)n2)cc1,False,curated molecules without the 204 top-decile actives
CC(C)c1c2cc(-c3nc(Nc4ccc(N5CCNCC5)cn4)ncc3F)ccc2nn1C,M,M:heldout_actives,heldout_active,shared,8.619788758288394,curated row 898,c1cc(-c2ccc3n[nH]cc3c2)nc(Nc2ccc(N3CCNCC3)cn2)n1,False,curated molecules without the 204 top-decile actives
CC(C)c1cnn2c(NCc3ccccc3-n3cccn3)nc(OC3CCCNC3)nc12,M,M:heldout_actives,heldout_active,shared,8.193820026016112,curated row 923,c1ccc(-n2cccn2)c(CNc2nc(OC3CCCNC3)nc3ccnn23)c1,False,curated molecules without the 204 top-decile actives
Cn1cc(-c2cnc3c(-c4csc(C(=O)N[C@@H]5CCCC[C@@H]5N)c4)cnn3c2)cn1,M,M:heldout_actives,heldout_active,shared,8.657577319177793,curated row 939,O=C(NC1CCCCC1)c1cc(-c2cnn3cc(-c4cn[nH]c4)cnc23)cs1,False,curated molecules without the 204 top-decile actives
C[C@H](CO)Nc1nc(Nc2ccc(S(N)(=O)=O)cc2)ncc1Br,M,M:heldout_actives,heldout_active,shared,8.397940008672037,curated row 974,c1ccc(Nc2ncccn2)cc1,False,curated molecules without the 204 top-decile actives
O=S(=O)(Nc1ccccc1)c1ccc(N=Cc2c(O)[nH]c3ccc4ncsc4c23)cc1,M,M:heldout_actives,heldout_active,shared,8.366531544420413,curated row 1001,O=S(=O)(Nc1ccccc1)c1ccc(N=Cc2c[nH]c3ccc4ncsc4c23)cc1,False,curated molecules without the 204 top-decile actives
CNCCN1CCc2nc(Nc3ncc(F)c(-c4cc(F)c5nc(C)n(C(C)(C)C)c5c4)n3)ccc2C1,M,M:heldout_actives,heldout_active,shared,8.175223537524454,curated row 1024,c1cc(-c2ccc3nc[nH]c3c2)nc(Nc2ccc3c(n2)CCNC3)n1,False,curated molecules without the 204 top-decile actives
NCCC=c1cc(-c2ccc[nH]2)c2c(O)[nH]c3ccc(F)c1c32,M,M:heldout_actives,heldout_active,shared,8.154901959985743,curated row 1045,C=c1cc(-c2ccc[nH]2)c2c[nH]c3cccc1c32,True,curated molecules without the 204 top-decile actives
NS(=O)(=O)Cc1ccc(N=Cc2c(O)[nH]c3ccc4ncsc4c23)cc1,M,M:heldout_actives,heldout_active,shared,8.1249387366083,curated row 1050,C(=Nc1ccccc1)c1c[nH]c2ccc3ncsc3c12,False,curated molecules without the 204 top-decile actives
CCc1cccc2[nH]c(O)c(N=Nc3ccc(S(N)(=O)=O)cc3)c12,M,M:heldout_actives,heldout_active,shared,8.102372908709558,curated row 1060,c1ccc(N=Nc2c[nH]c3ccccc23)cc1,False,curated molecules without the 204 top-decile actives
CN[C@H]1CCN(C(=O)c2ccc(Nc3ncc(F)c(-c4cnc(C)n4C(C)C)n3)cc2)C1,M,M:heldout_actives,heldout_active,shared,8.698970004336019,curated row 1077,O=C(c1ccc(Nc2nccc(-c3cnc[nH]3)n2)cc1)N1CCCC1,False,curated molecules without the 204 top-decile actives
N#Cc1cnn2c(Nc3ccc(F)c(Cl)c3)cc(N[C@H]3CC[C@H](N)CC3)nc12,M,M:heldout_actives,heldout_active,shared,8.397940008672037,curated row 1093,c1ccc(Nc2cc(NC3CCCCC3)nc3ccnn23)cc1,False,curated molecules without the 204 top-decile actives
CN(C)S(=O)(=O)c1ccc(Nc2cc(N[C@H]3CC[C@H](N)CC3)nc3c(C4CCCC4)cnn23)cc1,M,M:heldout_actives,heldout_active,shared,8.397940008672037,curated row 1118,c1ccc(Nc2cc(NC3CCCCC3)nc3c(C4CCCC4)cnn23)cc1,False,curated molecules without the 204 top-decile actives
COCCOCCOCCOCCNS(=O)(=O)c1ccc(N=Cc2c(O)[nH]c3ccc4ncsc4c23)cc1,M,M:heldout_actives,heldout_active,shared,8.346787486224656,curated row 1153,C(=Nc1ccccc1)c1c[nH]c2ccc3ncsc3c12,False,curated molecules without the 204 top-decile actives
NCCCn1nc(C(N)=O)c2c1-c1nc(Nc3ccccc3)ncc1CC2,M,M:heldout_actives,heldout_active,shared,9.0,curated row 1168,c1ccc(Nc2ncc3c(n2)-c2[nH]ncc2CC3)cc1,False,curated molecules without the 204 top-decile actives
Cc1cc(C)c(CNc2nc(N[C@@H](C)[C@@H](C)O)nc3c2ncn3C(C)C)cn1,M,M:heldout_actives,heldout_active,shared,8.301029995663981,curated row 1188,c1cncc(CNc2ncnc3[nH]cnc23)c1,False,curated molecules without the 204 top-decile actives
CNC(=O)c1ccc(Nc2nccc(-c3cnc(C)n3C(C)C)n2)cc1,M,M:heldout_actives,heldout_active,shared,8.522878745280337,curated row 1194,c1ccc(Nc2nccc(-c3cnc[nH]3)n2)cc1,False,curated molecules without the 204 top-decile actives
CCc1cnn2c(NCc3ccc[n+]([O-])c3)cc(N3CCCC[C@@H]3CCO)nc12,M,M:heldout_actives,heldout_active,shared,9.0,curated row 1197,c1c[nH+]cc(CNc2cc(N3CCCCC3)nc3ccnn23)c1,False,curated molecules without the 204 top-decile actives
NS(=O)(=O)c1ccc(N=Nc2c(=O)[nH]c3ccc4[nH]cccc4c23)cc1,M,M:heldout_actives,heldout_active,shared,8.795880017344075,curated row 1244,O=c1[nH]c2ccc3[nH]cccc3c2c1N=Nc1ccccc1,False,curated molecules without the 204 top-decile actives
Nc1ccc(-c2cc(Nc3ccc(S(N)(=O)=O)cc3)[nH]n2)cc1,M,M:heldout_actives,heldout_active,shared,9.468521082957745,curated row 1260,c1ccc(Nc2cc(-c3ccccc3)n[nH]2)cc1,False,curated molecules without the 204 top-decile actives
C[C@H](O)[C@@H](C)Nc1nc(Nc2ccc(S(C)(=N)=O)cc2)ncc1Br,M,M:heldout_actives,heldout_active,shared,8.698970004336019,curated row 1262,c1ccc(Nc2ncccn2)cc1,False,curated molecules without the 204 top-decile actives
CN(C)S(=O)(=O)c1ccc(N=Cc2c(O)[nH]c3ccc4ncsc4c23)cc1,M,M:heldout_actives,heldout_active,shared,8.337242168318426,curated row 1294,C(=Nc1ccccc1)c1c[nH]c2ccc3ncsc3c12,False,curated molecules without the 204 top-decile actives
CN[C@H]1CCN(C(=O)c2ccc(Nc3nccc(-c4cnc(C)n4C(C)C)n3)cc2)C1,M,M:heldout_actives,heldout_active,shared,8.698970004336019,curated row 1304,O=C(c1ccc(Nc2nccc(-c3cnc[nH]3)n2)cc1)N1CCCC1,False,curated molecules without the 204 top-decile actives
N[C@H]1CC[C@H](Nc2nc(Nc3ccccc3)c3ncn(C4CCCC4)c3n2)CC1,M,M:heldout_actives,heldout_active,shared,8.154901959985743,curated row 1323,c1ccc(Nc2nc(NC3CCCCC3)nc3c2ncn3C2CCCC2)cc1,False,curated molecules without the 204 top-decile actives
CN(C)CCNS(=O)(=O)c1ccc(Nc2nccc(-c3cnc4cccnn34)n2)cc1,M,M:heldout_actives,heldout_active,shared,8.096910013008056,curated row 1371,c1ccc(Nc2nccc(-c3cnc4cccnn34)n2)cc1,False,curated molecules without the 204 top-decile actives
O=[N+]([O-])c1ccc(Nc2nccc(-c3cnn4ncccc34)n2)cc1,M,M:heldout_actives,heldout_active,shared,8.522878745280337,curated row 1399,c1ccc(Nc2nccc(-c3cnn4ncccc34)n2)cc1,False,curated molecules without the 204 top-decile actives
O=C(N=C1NNC2=CC=CC21)C1CC1,M,M:heldout_actives,heldout_active,shared,8.301029995663981,curated row 1412,O=C(N=C1NNC2=CC=CC21)C1CC1,False,curated molecules without the 204 top-decile actives
CN(C)C/C=C/C(=O)Nc1ccc(C(=O)Nc2ncc(SCc3ncc(C(C)(C)C)o3)s2)cc1,M,M:heldout_actives,heldout_active,shared,8.10790539730952,curated row 1424,O=C(Nc1ncc(SCc2ncco2)s1)c1ccccc1,False,curated molecules without the 204 top-decile actives
CC(C)(C)c1cnc(CSc2cnc(N[C@H]3CC[C@H](O)CC3)s2)o1,M,M:heldout_actives,heldout_active,shared,8.154901959985743,curated row 1497,c1coc(CSc2cnc(NC3CCCCC3)s2)n1,False,curated molecules without the 204 top-decile actives
CC(=O)NC1CN(c2ccc(Nc3ncc(F)c(-c4cnc(C)n4C(C)C)n3)cc2)C1,M,M:heldout_actives,heldout_active,shared,9.30102999566398,curated row 1501,c1cc(-c2cnc[nH]2)nc(Nc2ccc(N3CCC3)cc2)n1,True,curated molecules without the 204 top-decile actives
C[C@@H](NC(=O)N1CCc2cnc(N[C@H]3CCO[C@@H](CO)C3)nc2C1)c1ccc(Cl)c(Cl)c1,M,M:heldout_actives,heldout_active,shared,8.698970004336019,curated row 1512,O=C(NCc1ccccc1)N1CCc2cnc(NC3CCOCC3)nc2C1,True,curated molecules without the 204 top-decile actives
Cc1ncc(-c2nc(Nc3ccc(C(=O)N(C)C)c(F)c3)ncc2F)n1C(C)C,M,M:heldout_actives,heldout_active,shared,8.698970004336019,curated row 1513,c1ccc(Nc2nccc(-c3cnc[nH]3)n2)cc1,False,curated molecules without the 204 top-decile actives
O=C(Cc1ccc(Cc2cccs2)cc1)Nc1cc(C2CC2)[nH]n1,M,M:heldout_actives,heldout_active,shared,8.522951139760405,curated row 1533,O=C(Cc1ccc(Cc2cccs2)cc1)Nc1cc(C2CC2)[nH]n1,False,curated molecules without the 204 top-decile actives
FC(F)(F)c1cnc(Nc2ccc3[nH]cnc3c2)nc1Nc1ccccc1Cl,M,M:heldout_actives,heldout_active,shared,8.698970004336019,curated row 1539,c1ccc(Nc2ccnc(Nc3ccc4[nH]cnc4c3)n2)cc1,False,curated molecules without the 204 top-decile actives
CN(C)CCNS(=O)(=O)c1ccc(Nc2cccc(-c3cnc4ccccn34)c2)cc1,M,M:heldout_actives,heldout_active,shared,8.301029995663981,curated row 1586,c1ccc(Nc2cccc(-c3cnc4ccccn34)c2)cc1,False,curated molecules without the 204 top-decile actives
Cn1nc(C(N)=O)c2c1-c1nc(Nc3ccccc3)ncc1CC2,M,M:heldout_actives,heldout_active,shared,8.698970004336019,curated row 1588,c1ccc(Nc2ncc3c(n2)-c2[nH]ncc2CC3)cc1,False,curated molecules without the 204 top-decile actives
NS(=O)(=O)c1ccc(N=Cc2c(=O)[nH]c3ccc4[nH]cccc4c23)cc1,M,M:heldout_actives,heldout_active,shared,8.823908740944319,curated row 1603,O=c1[nH]c2ccc3[nH]cccc3c2c1C=Nc1ccccc1,False,curated molecules without the 204 top-decile actives
Cc1c([N+](=O)[O-])ccc2[nH]c(O)c(N=Nc3ccc(S(N)(=O)=O)cc3)c12,M,M:heldout_actives,heldout_active,shared,8.337242168318426,curated row 1615,c1ccc(N=Nc2c[nH]c3ccccc23)cc1,False,curated molecules without the 204 top-decile actives
COc1cc(Nc2ncc(Br)c(N[C@H](C)C(C)(C)O)n2)ccc1S(C)(=N)=O,M,M:heldout_actives,heldout_active,shared,8.460409376976187,curated row 1628,c1ccc(Nc2ncccn2)cc1,False,curated molecules without the 204 top-decile actives
COc1cccc(OC)c1CNC(=O)c1ccc2[nH]c(O)c(N=Nc3ccc(S(N)(=O)=O)cc3)c2c1,M,M:heldout_actives,heldout_active,shared,8.769551078621726,curated row 1648,O=C(NCc1ccccc1)c1ccc2[nH]cc(N=Nc3ccccc3)c2c1,False,curated molecules without the 204 top-decile actives
O=C(Nc1[nH]nc2nc(-c3ccc(O)cc3)c(Br)cc12)C1CC1,M,M:heldout_actives,heldout_active,shared,8.301029995663981,curated row 1649,O=C(Nc1[nH]nc2nc(-c3ccccc3)ccc12)C1CC1,False,curated molecules without the 204 top-decile actives
CN1C/C=C/CCOc2cccc(c2)-c2ccnc(n2)Nc2cccc(c2)C1,M,M:heldout_actives,heldout_active,shared,8.093543321678572,curated row 1680,C1=CCNCc2cccc(c2)Nc2nccc(n2)-c2cccc(c2)OCC1,False,curated molecules without the 204 top-decile actives
CN1CCN(Cc2ccc(NC(=O)c3[nH]ncc3Nc3ncnc4[nH]ccc34)cc2)CC1,M,M:heldout_actives,heldout_active,shared,8.607303046740334,curated row 1682,O=C(Nc1ccc(CN2CCNCC2)cc1)c1[nH]ncc1Nc1ncnc2[nH]ccc12,False,curated molecules without the 204 top-decile actives
C[C@H](Nc1nc(Nc2ccc(S(=N)(=O)CCO)cc2)ncc1Br)C(C)(C)O,M,M:heldout_actives,heldout_active,shared,8.397940008672037,curated row 1707,c1ccc(Nc2ncccn2)cc1,False,curated molecules without the 204 top-decile actives
C[C@@H](Nc1nc(Nc2ccc(S(=N)(=O)CCO)cc2)ncc1Br)C(C)(C)O,M,M:heldout_actives,heldout_active,shared,8.397940008672037,curated row 1708,c1ccc(Nc2ncccn2)cc1,False,curated molecules without the 204 top-decile actives
Clc1ccccc1-c1cc(NCc2ccncc2)n2ncc(Br)c2n1,M,M:heldout_actives,heldout_active,shared,8.110924374808178,curated row 1753,c1ccc(-c2cc(NCc3ccncc3)n3nccc3n2)cc1,False,curated molecules without the 204 top-decile actives
O=C(Nc1cccc2c1C(=O)c1c(-c3ccc(C(=O)N4CCNCC4)s3)n[nH]c1-2)NN1CCOCC1,M,M:heldout_actives,heldout_active,shared,8.096910013008056,curated row 1763,O=C(Nc1cccc2c1C(=O)c1c(-c3ccc(C(=O)N4CCNCC4)s3)n[nH]c1-2)NN1CCOCC1,False,curated molecules without the 204 top-decile actives
Cc1nc2c(F)cc(-c3nc(Nc4ccc5c(n4)CCN(CC=NO)C5)ncc3F)cc2n1C(C)C,M,M:heldout_actives,heldout_active,shared,8.220403508742175,curated row 1786,c1cc(-c2ccc3nc[nH]c3c2)nc(Nc2ccc3c(n2)CCNC3)n1,False,curated molecules without the 204 top-decile actives
C[C@H](Nc1nc(Nc2ccc(S(C)(=N)=O)cc2)ncc1Br)C(C)(C)O,M,M:heldout_actives,heldout_active,shared,8.698970004336019,curated row 1802,c1ccc(Nc2ncccn2)cc1,False,curated molecules without the 204 top-decile actives
C[C@@H](Nc1nc(Nc2ccc(S(C)(=N)=O)cc2)ncc1Br)C(C)(C)O,M,M:heldout_actives,heldout_active,shared,8.221848749616356,curated row 1803,c1ccc(Nc2ncccn2)cc1,True,curated molecules without the 204 top-decile actives
Cc1ncc(-c2ccnc(Nc3ccc(S(=O)(=O)NCCCOC(C)C)cc3)n2)n1C,M,M:heldout_actives,heldout_active,shared,8.221848749616356,curated row 1868,c1ccc(Nc2nccc(-c3cnc[nH]3)n2)cc1,False,curated molecules without the 204 top-decile actives
O=S(=O)(NCCOCCO)c1ccc(N=Cc2c(O)[nH]c3ccc4ncsc4c23)cc1,M,M:heldout_actives,heldout_active,shared,8.594212497064703,curated row 1882,C(=Nc1ccccc1)c1c[nH]c2ccc3ncsc3c12,False,curated molecules without the 204 top-decile actives
Cc1ncc(-c2nc(Nc3ccc(C(=O)NCCN(C)C)c(F)c3)ncc2F)n1C(C)C,M,M:heldout_actives,heldout_active,shared,8.698970004336019,curated row 1895,c1ccc(Nc2nccc(-c3cnc[nH]3)n2)cc1,False,curated molecules without the 204 top-decile actives
Cc1ncc(-c2nc(Nc3ccc(C(=O)N4CCCN(C)CC4)cc3)ncc2F)n1C(C)C,M,M:heldout_actives,heldout_active,shared,8.698970004336019,curated row 1960,O=C(c1ccc(Nc2nccc(-c3cnc[nH]3)n2)cc1)N1CCCNCC1,False,curated molecules without the 204 top-decile actives
CC(C)[C@H](CO)Nc1nc(Nc2ccc(C(=O)O)c(Cl)c2)c2ncn(C(C)C)c2n1,M,M:heldout_actives,heldout_active,shared,8.133803120088515,curated row 1965,c1ccc(Nc2ncnc3[nH]cnc23)cc1,False,curated molecules without the 204 top-decile actives
CN1CCN(c2ccc(Nc3nccc(-c4cnn5ncccc45)n3)cc2C(F)(F)F)CC1,M,M:heldout_actives,heldout_active,shared,8.397940008672037,curated row 1977,c1cnn2ncc(-c3ccnc(Nc4ccc(N5CCNCC5)cc4)n3)c2c1,False,curated molecules without the 204 top-decile actives
O=S1(=O)Cc2ccc(N=Cc3c(O)[nH]c4ccc(-c5cnco5)cc34)cc2C1,M,M:heldout_actives,heldout_active,shared,8.050609993355087,curated row 1999,O=S1(=O)Cc2ccc(N=Cc3c[nH]c4ccc(-c5cnco5)cc34)cc2C1,False,curated molecules without the 204 top-decile actives
Clc1cccc(Nc2nccc(-c3cnc4ccccn34)n2)c1,S,S:heldout_actives,heldout_active,shared,8.301029995663981,curated row 15,c1ccc(Nc2nccc(-c3cnc4ccccn34)n2)cc1,False,"curated molecules without 9 scaffold families (260 molecules, 93 top-decile actives)"
N[C@H]1CC[C@H](Nc2cc(Nc3ccc(F)c(Cl)c3)n3ncc(Cl)c3n2)CC1,S,S:heldout_actives,heldout_active,shared,8.522878745280337,curated row 51,c1ccc(Nc2cc(NC3CCCCC3)nc3ccnn23)cc1,False,"curated molecules without 9 scaffold families (260 molecules, 93 top-decile actives)"
Cc1ncc(-c2nc(Nc3ccc(C(=O)N4CC[C@H](N(C)C)C4)cc3)ncc2F)n1C(C)C,S,S:heldout_actives,heldout_active,shared,8.698970004336019,curated row 85,O=C(c1ccc(Nc2nccc(-c3cnc[nH]3)n2)cc1)N1CCCC1,False,"curated molecules without 9 scaffold families (260 molecules, 93 top-decile actives)"
Cc1ncc(-c2nc(Nc3ccc(C(=O)N4CC[C@@H](N(C)C)C4)cc3)ncc2F)n1C(C)C,S,S:heldout_actives,heldout_active,shared,8.221848749616356,curated row 86,O=C(c1ccc(Nc2nccc(-c3cnc[nH]3)n2)cc1)N1CCCC1,False,"curated molecules without 9 scaffold families (260 molecules, 93 top-decile actives)"
Cc1nc2c(F)cc(-c3nc(Nc4ccc5c(n4)CCN(CC(N)=NO)C5)ncc3F)cc2n1C(C)C,S,S:heldout_actives,heldout_active,shared,8.074172425375258,curated row 104,c1cc(-c2ccc3nc[nH]c3c2)nc(Nc2ccc3c(n2)CCNC3)n1,False,"curated molecules without 9 scaffold families (260 molecules, 93 top-decile actives)"
Cc1nc2c(F)cc(-c3nc(Nc4ccc5c(n4)CCN(C(=O)O)C5)ncc3F)cc2n1C(C)C,S,S:heldout_actives,heldout_active,shared,8.13430394008393,curated row 158,c1cc(-c2ccc3nc[nH]c3c2)nc(Nc2ccc3c(n2)CCNC3)n1,False,"curated molecules without 9 scaffold families (260 molecules, 93 top-decile actives)"
Cc1ncc(-c2ccnc(Nc3ccc(C(=O)NCCO)cc3)n2)n1C(C)C,S,S:heldout_actives,heldout_active,shared,8.698970004336019,curated row 177,c1ccc(Nc2nccc(-c3cnc[nH]3)n2)cc1,False,"curated molecules without 9 scaffold families (260 molecules, 93 top-decile actives)"
Cc1ncc(-c2ccnc(Nc3ccc(C(=O)NCCN(C)C)c(F)c3)n2)n1C(C)C,S,S:heldout_actives,heldout_active,shared,8.522878745280337,curated row 211,c1ccc(Nc2nccc(-c3cnc[nH]3)n2)cc1,False,"curated molecules without 9 scaffold families (260 molecules, 93 top-decile actives)"
N#Cc1cccc(Nc2nccc(-c3cnn4ncccc34)n2)c1,S,S:heldout_actives,heldout_active,shared,8.698970004336019,curated row 236,c1ccc(Nc2nccc(-c3cnn4ncccc34)n2)cc1,False,"curated molecules without 9 scaffold families (260 molecules, 93 top-decile actives)"
COC[C@@H](Nc1nc(Nc2ccc(S(C)(=N)=O)cc2)ncc1Br)[C@@H](C)O,S,S:heldout_actives,heldout_active,shared,8.397940008672037,curated row 240,c1ccc(Nc2ncccn2)cc1,False,"curated molecules without 9 scaffold families (260 molecules, 93 top-decile actives)"
COC[C@H](Nc1nc(Nc2ccc(S(C)(=N)=O)cc2)ncc1Br)[C@H](C)O,S,S:heldout_actives,heldout_active,shared,8.221848749616356,curated row 241,c1ccc(Nc2ncccn2)cc1,False,"curated molecules without 9 scaffold families (260 molecules, 93 top-decile actives)"
N[C@H]1CC[C@H](Nc2cc(Nc3ccc(F)c(Cl)c3)n3ncc(Br)c3n2)CC1,S,S:heldout_actives,heldout_active,shared,8.468521082957745,curated row 247,c1ccc(Nc2cc(NC3CCCCC3)nc3ccnn23)cc1,True,"curated molecules without 9 scaffold families (260 molecules, 93 top-decile actives)"
O=[N+]([O-])c1cccc(Nc2nccc(-c3cnn4ncccc34)n2)c1,S,S:heldout_actives,heldout_active,shared,9.522878745280336,curated row 263,c1ccc(Nc2nccc(-c3cnn4ncccc34)n2)cc1,False,"curated molecules without 9 scaffold families (260 molecules, 93 top-decile actives)"
CS(=O)(=O)c1ccc(N=Cc2c(O)[nH]c3ccc4ncsc4c23)cc1,S,S:heldout_actives,heldout_active,shared,8.244125144327509,curated row 281,C(=Nc1ccccc1)c1c[nH]c2ccc3ncsc3c12,False,"curated molecules without 9 scaffold families (260 molecules, 93 top-decile actives)"
COc1ccc(Nc2nccc(-c3cnc(C)n3C(C)C)n2)cc1,S,S:heldout_actives,heldout_active,shared,8.096910013008056,curated row 283,c1ccc(Nc2nccc(-c3cnc[nH]3)n2)cc1,False,"curated molecules without 9 scaffold families (260 molecules, 93 top-decile actives)"
CC(O)C(C)Sc1nc(Nc2ccc(S(C)(=N)=O)cc2)ncc1Br,S,S:heldout_actives,heldout_active,shared,8.096910013008056,curated row 322,c1ccc(Nc2ncccn2)cc1,False,"curated molecules without 9 scaffold families (260 molecules, 93 top-decile actives)"
NS(=O)(=O)c1ccc(N=Nc2c(O)[nH]c3cccc(I)c23)cc1,S,S:heldout_actives,heldout_active,shared,8.337242168318426,curated row 377,c1ccc(N=Nc2c[nH]c3ccccc23)cc1,False,"curated molecules without 9 scaffold families (260 molecules, 93 top-decile actives)"
CN=S(C)(=O)c1ccc(Nc2ncc(Br)c(N[C@H](C)[C@H](C)O)n2)cc1,S,S:heldout_actives,heldout_active,shared,8.154901959985743,curated row 430,c1ccc(Nc2ncccn2)cc1,False,"curated molecules without 9 scaffold families (260 molecules, 93 top-decile actives)"
Cc1cc(Nc2ncc(Br)c(N[C@H](C)[C@H](C)O)n2)ccc1S(C)(=N)=O,S,S:heldout_actives,heldout_active,shared,8.397940008672037,curated row 448,c1ccc(Nc2ncccn2)cc1,False,"curated molecules without 9 scaffold families (260 molecules, 93 top-decile actives)"
Cc1cc(Nc2ncc(Br)c(N[C@@H](C)C(C)(C)O)n2)ccc1S(C)(=N)=O,S,S:heldout_actives,heldout_active,shared,8.154901959985743,curated row 452,c1ccc(Nc2ncccn2)cc1,False,"curated molecules without 9 scaffold families (260 molecules, 93 top-decile actives)"
Cc1cc(Nc2ncc(Br)c(N[C@H](C)C(C)(C)O)n2)ccc1S(C)(=N)=O,S,S:heldout_actives,heldout_active,shared,8.27642098432889,curated row 453,c1ccc(Nc2ncccn2)cc1,False,"curated molecules without 9 scaffold families (260 molecules, 93 top-decile actives)"
Cc1ncc(-c2ccnc(Nc3ccc(C(=O)N(C)C)cc3)n2)n1C(C)C,S,S:heldout_actives,heldout_active,shared,8.096910013008056,curated row 458,c1ccc(Nc2nccc(-c3cnc[nH]3)n2)cc1,False,"curated molecules without 9 scaffold families (260 molecules, 93 top-decile actives)"
COc1cc(Nc2ncc(Br)c(N[C@H](C)[C@@H](C)O)n2)ccc1S(C)(=N)=O,S,S:heldout_actives,heldout_active,shared,8.397940008672037,curated row 469,c1ccc(Nc2ncccn2)cc1,True,"curated molecules without 9 scaffold families (260 molecules, 93 top-decile actives)"
COc1cc(Nc2ncc(Br)c(N[C@H](C)[C@H](C)O)n2)ccc1S(C)(=N)=O,S,S:heldout_actives,heldout_active,shared,8.460409376976187,curated row 470,c1ccc(Nc2ncccn2)cc1,False,"curated molecules without 9 scaffold families (260 molecules, 93 top-decile actives)"
CNS(=O)(=O)c1ccc(N=Cc2c(O)[nH]c3ccc4ncsc4c23)cc1,S,S:heldout_actives,heldout_active,shared,8.2518119729938,curated row 482,C(=Nc1ccccc1)c1c[nH]c2ccc3ncsc3c12,False,"curated molecules without 9 scaffold families (260 molecules, 93 top-decile actives)"
CN(C)CCNS(=O)(=O)c1ccc(Nc2nccc(-c3cnc4ccccn34)n2)cc1,S,S:heldout_actives,heldout_active,shared,8.301029995663981,curated row 599,c1ccc(Nc2nccc(-c3cnc4ccccn34)n2)cc1,False,"curated molecules without 9 scaffold families (260 molecules, 93 top-decile actives)"
CN=S(C)(=O)c1ccc(Nc2ncc(Br)c(N[C@H](C)[C@H](C)O)n2)cc1OC,S,S:heldout_actives,heldout_active,shared,8.221848749616356,curated row 622,c1ccc(Nc2ncccn2)cc1,False,"curated molecules without 9 scaffold families (260 molecules, 93 top-decile actives)"
CN=S(C)(=O)c1ccc(Nc2ncc(Br)c(N[C@H](C)[C@@H](C)O)n2)cc1OC,S,S:heldout_actives,heldout_active,shared,8.397940008672037,curated row 623,c1ccc(Nc2ncccn2)cc1,False,"curated molecules without 9 scaffold families (260 molecules, 93 top-decile actives)"
CCCS(=O)(=O)c1ccc(Nc2nccc(-c3cnc(C)n3C(C)C)n2)cc1,S,S:heldout_actives,heldout_active,shared,8.096910013008056,curated row 625,c1ccc(Nc2nccc(-c3cnc[nH]3)n2)cc1,False,"curated molecules without 9 scaffold families (260 molecules, 93 top-decile actives)"
COCCCNS(=O)(=O)c1ccc(Nc2nccc(-c3cnc4ccccn34)n2)cc1,S,S:heldout_actives,heldout_active,shared,8.397940008672037,curated row 696,c1ccc(Nc2nccc(-c3cnc4ccccn34)n2)cc1,False,"curated molecules without 9 scaffold families (260 molecules, 93 top-decile actives)"
C[C@@H](O)[C@@H](C)Oc1nc(Nc2ccc(S(C)(=O)=O)cc2)ncc1C(F)(F)F,S,S:heldout_actives,heldout_active,shared,8.247425010840047,curated row 714,c1ccc(Nc2ncccn2)cc1,False,"curated molecules without 9 scaffold families (260 molecules, 93 top-decile actives)"
CNC(=O)c1ccc(Nc2ncc(F)c(-c3cnc(C)n3C(C)C)n2)cc1,S,S:heldout_actives,heldout_active,shared,8.522878745280337,curated row 716,c1ccc(Nc2nccc(-c3cnc[nH]3)n2)cc1,False,"curated molecules without 9 scaffold families (260 molecules, 93 top-decile actives)"
COc1cc(Nc2ncc(Br)c(O[C@H](C)[C@H](C)O)n2)ccc1S(C)(=N)=O,S,S:heldout_actives,heldout_active,shared,8.096910013008056,curated row 733,c1ccc(Nc2ncccn2)cc1,False,"curated molecules without 9 scaffold families (260 molecules, 93 top-decile actives)"
CCS(=N)(=O)c1ccc(Nc2ncc(Br)c(N[C@H](COC)[C@H](C)O)n2)cc1,S,S:heldout_actives,heldout_active,shared,8.154901959985743,curated row 756,c1ccc(Nc2ncccn2)cc1,True,"curated molecules without 9 scaffold families (260 molecules, 93 top-decile actives)"
CCS(=N)(=O)c1ccc(Nc2ncc(Br)c(N[C@H](C)[C@H](C)O)n2)cc1,S,S:heldout_actives,heldout_active,shared,8.397940008672037,curated row 771,c1ccc(Nc2ncccn2)cc1,False,"curated molecules without 9 scaffold families (260 molecules, 93 top-decile actives)"
CCS(=N)(=O)c1ccc(Nc2ncc(Br)c(N[C@@H](C)[C@H](C)O)n2)cc1,S,S:heldout_actives,heldout_active,shared,8.397940008672037,curated row 772,c1ccc(Nc2ncccn2)cc1,False,"curated molecules without 9 scaffold families (260 molecules, 93 top-decile actives)"
CC(C)c1cccc2[nH]c(O)c(N=Nc3ccc(S(N)(=O)=O)cc3)c12,S,S:heldout_actives,heldout_active,shared,8.602059991327963,curated row 780,c1ccc(N=Nc2c[nH]c3ccccc23)cc1,False,"curated molecules without 9 scaffold families (260 molecules, 93 top-decile actives)"
CC(C)S(=O)(=O)c1ccc(Nc2ncc(C(F)(F)F)c(O[C@H](C)[C@@H](C)O)n2)cc1,S,S:heldout_actives,heldout_active,shared,8.221848749616356,curated row 786,c1ccc(Nc2ncccn2)cc1,False,"curated molecules without 9 scaffold families (260 molecules, 93 top-decile actives)"
CN(C)S(=O)(=O)c1ccc(Nc2cc(N[C@H]3CC[C@H](N)CC3)nc3c(Br)cnn23)cc1Cl,S,S:heldout_actives,heldout_active,shared,8.698970004336019,curated row 805,c1ccc(Nc2cc(NC3CCCCC3)nc3ccnn23)cc1,False,"curated molecules without 9 scaffold families (260 molecules, 93 top-decile actives)"
C[C@H](O)[C@@H](C)Nc1nc(Nc2ccc(S(=N)(=O)CCO)cc2)ncc1Br,S,S:heldout_actives,heldout_active,shared,8.221848749616356,curated row 810,c1ccc(Nc2ncccn2)cc1,False,"curated molecules without 9 scaffold families (260 molecules, 93 top-decile actives)"
C[C@@H](O)[C@@H](C)Nc1nc(Nc2ccc(S(=N)(=O)CCO)cc2)ncc1Br,S,S:heldout_actives,heldout_active,shared,8.522878745280337,curated row 811,c1ccc(Nc2ncccn2)cc1,False,"curated molecules without 9 scaffold families (260 molecules, 93 top-decile actives)"
CC(C)Oc1cccc2[nH]c(O)c(N=Nc3ccc(S(N)(=O)=O)cc3)c12,S,S:heldout_actives,heldout_active,shared,8.468521082957745,curated row 841,c1ccc(N=Nc2c[nH]c3ccccc23)cc1,False,"curated molecules without 9 scaffold families (260 molecules, 93 top-decile actives)"
CCn1c(-c2ccnc(Nc3ccc(S(=O)(=O)NCCOC)cc3)n2)cnc1C,S,S:heldout_actives,heldout_active,shared,8.397940008672037,curated row 860,c1ccc(Nc2nccc(-c3cnc[nH]3)n2)cc1,False,"curated molecules without 9 scaffold families (260 molecules, 93 top-decile actives)"
COCCNS(=O)(=O)c1ccc(Nc2nccc(-c3cnc(C)n3C(C)C)n2)cc1,S,S:heldout_actives,heldout_active,shared,9.0,curated row 882,c1ccc(Nc2nccc(-c3cnc[nH]3)n2)cc1,True,"curated molecules without 9 scaffold families (260 molecules, 93 top-decile actives)"
c1ccc(Nc2nccc(-c3cnn4ncccc34)n2)cc1,S,S:heldout_actives,heldout_active,shared,8.096910013008056,curated row 894,c1ccc(Nc2nccc(-c3cnn4ncccc34)n2)cc1,False,"curated molecules without 9 scaffold families (260 molecules, 93 top-decile actives)"
C[C@H](CO)Nc1nc(Nc2ccc(S(N)(=O)=O)cc2)ncc1Br,S,S:heldout_actives,heldout_active,shared,8.397940008672037,curated row 974,c1ccc(Nc2ncccn2)cc1,False,"curated molecules without 9 scaffold families (260 molecules, 93 top-decile actives)"
O=S(=O)(NCCO)c1ccc(N=Cc2c(O)[nH]c3ccc4ncsc4c23)cc1,S,S:heldout_actives,heldout_active,shared,8.327902142064282,curated row 1014,C(=Nc1ccccc1)c1c[nH]c2ccc3ncsc3c12,False,"curated molecules without 9 scaffold families (260 molecules, 93 top-decile actives)"
CNCCN1CCc2nc(Nc3ncc(F)c(-c4cc(F)c5nc(C)n(C(C)(C)C)c5c4)n3)ccc2C1,S,S:heldout_actives,heldout_active,shared,8.175223537524454,curated row 1024,c1cc(-c2ccc3nc[nH]c3c2)nc(Nc2ccc3c(n2)CCNC3)n1,False,"curated molecules without 9 scaffold families (260 molecules, 93 top-decile actives)"
NS(=O)(=O)c1ccc(Nc2nccc(-c3cnc4ccccn34)n2)cc1,S,S:heldout_actives,heldout_active,shared,8.84948500216801,curated row 1047,c1ccc(Nc2nccc(-c3cnc4ccccn34)n2)cc1,False,"curated molecules without 9 scaffold families (260 molecules, 93 top-decile actives)"
NS(=O)(=O)Cc1ccc(N=Cc2c(O)[nH]c3ccc4ncsc4c23)cc1,S,S:heldout_actives,heldout_active,shared,8.1249387366083,curated row 1050,C(=Nc1ccccc1)c1c[nH]c2ccc3ncsc3c12,False,"curated molecules without 9 scaffold families (260 molecules, 93 top-decile actives)"
CCc1cccc2[nH]c(O)c(N=Nc3ccc(S(N)(=O)=O)cc3)c12,S,S:heldout_actives,heldout_active,shared,8.102372908709558,curated row 1060,c1ccc(N=Nc2c[nH]c3ccccc23)cc1,False,"curated molecules without 9 scaffold families (260 molecules, 93 top-decile actives)"
Cc1ncc(-c2ccnc(Nc3ccc(C(N)=O)cc3)n2)n1C(C)C,S,S:heldout_actives,heldout_active,shared,8.522878745280337,curated row 1068,c1ccc(Nc2nccc(-c3cnc[nH]3)n2)cc1,False,"curated molecules without 9 scaffold families (260 molecules, 93 top-decile actives)"
CN[C@H]1CCN(C(=O)c2ccc(Nc3ncc(F)c(-c4cnc(C)n4C(C)C)n3)cc2)C1,S,S:heldout_actives,heldout_active,shared,8.698970004336019,curated row 1077,O=C(c1ccc(Nc2nccc(-c3cnc[nH]3)n2)cc1)N1CCCC1,True,"curated molecules without 9 scaffold families (260 molecules, 93 top-decile actives)"
N#Cc1cnn2c(Nc3ccc(F)c(Cl)c3)cc(N[C@H]3CC[C@H](N)CC3)nc12,S,S:heldout_actives,heldout_active,shared,8.397940008672037,curated row 1093,c1ccc(Nc2cc(NC3CCCCC3)nc3ccnn23)cc1,False,"curated molecules without 9 scaffold families (260 molecules, 93 top-decile actives)"
C[C@@H](O)[C@@H](C)Oc1nc(Nc2ccc(S(=O)(=O)CCO)cc2)ncc1C(F)(F)F,S,S:heldout_actives,heldout_active,shared,8.522878745280337,curated row 1128,c1ccc(Nc2ncccn2)cc1,False,"curated molecules without 9 scaffold families (260 molecules, 93 top-decile actives)"
COCCOCCOCCOCCNS(=O)(=O)c1ccc(N=Cc2c(O)[nH]c3ccc4ncsc4c23)cc1,S,S:heldout_actives,heldout_active,shared,8.346787486224656,curated row 1153,C(=Nc1ccccc1)c1c[nH]c2ccc3ncsc3c12,False,"curated molecules without 9 scaffold families (260 molecules, 93 top-decile actives)"
NS(=O)(=O)c1ccc(N=Cc2c(O)[nH]c3ccc4ncsc4c23)cc1,S,S:heldout_actives,heldout_active,shared,8.55284196865778,curated row 1154,C(=Nc1ccccc1)c1c[nH]c2ccc3ncsc3c12,False,"curated molecules without 9 scaffold families (260 molecules, 93 top-decile actives)"
Cc1ncc(-c2nc(Nc3ccc(C(=O)N(C)C)cc3)ncc2F)n1C(C)C,S,S:heldout_actives,heldout_active,shared,8.698970004336019,curated row 1173,c1ccc(Nc2nccc(-c3cnc[nH]3)n2)cc1,False,"curated molecules without 9 scaffold families (260 molecules, 93 top-decile actives)"
CNC(=O)c1ccc(Nc2nccc(-c3cnc(C)n3C(C)C)n2)cc1,S,S:heldout_actives,heldout_active,shared,8.522878745280337,curated row 1194,c1ccc(Nc2nccc(-c3cnc[nH]3)n2)cc1,False,"curated molecules without 9 scaffold families (260 molecules, 93 top-decile actives)"
CN(C)S(=O)(=O)c1ccc(Nc2cc(N[C@H]3CC[C@H](N)CC3)nc3c(Cl)cnn23)cc1,S,S:heldout_actives,heldout_active,shared,8.096910013008056,curated row 1204,c1ccc(Nc2cc(NC3CCCCC3)nc3ccnn23)cc1,False,"curated molecules without 9 scaffold families (260 molecules, 93 top-decile actives)"
C[C@H](O)[C@@H](C)Nc1nc(Nc2ccc(S(C)(=N)=O)cc2)ncc1Br,S,S:heldout_actives,heldout_active,shared,8.698970004336019,curated row 1262,c1ccc(Nc2ncccn2)cc1,False,"curated molecules without 9 scaffold families (260 molecules, 93 top-decile actives)"
COCCOCCOCCOCCN(C)S(=O)(=O)c1ccc(N=Cc2c(O)[nH]c3ccc4ncsc4c23)cc1,S,S:heldout_actives,heldout_active,shared,9.0,curated row 1271,C(=Nc1ccccc1)c1c[nH]c2ccc3ncsc3c12,False,"curated molecules without 9 scaffold families (260 molecules, 93 top-decile actives)"
CN(C)S(=O)(=O)c1ccc(N=Cc2c(O)[nH]c3ccc4ncsc4c23)cc1,S,S:heldout_actives,heldout_active,shared,8.337242168318426,curated row 1294,C(=Nc1ccccc1)c1c[nH]c2ccc3ncsc3c12,False,"curated molecules without 9 scaffold families (260 molecules, 93 top-decile actives)"
CN[C@H]1CCN(C(=O)c2ccc(Nc3nccc(-c4cnc(C)n4C(C)C)n3)cc2)C1,S,S:heldout_actives,heldout_active,shared,8.698970004336019,curated row 1304,O=C(c1ccc(Nc2nccc(-c3cnc[nH]3)n2)cc1)N1CCCC1,False,"curated molecules without 9 scaffold families (260 molecules, 93 top-decile actives)"
CN(C)CCCN(C)S(=O)(=O)c1ccc(Nc2nccc(-c3cnc4ccccn34)n2)cc1,S,S:heldout_actives,heldout_active,shared,8.301029995663981,curated row 1374,c1ccc(Nc2nccc(-c3cnc4ccccn34)n2)cc1,False,"curated molecules without 9 scaffold families (260 molecules, 93 top-decile actives)"
O=[N+]([O-])c1ccc(Nc2nccc(-c3cnn4ncccc34)n2)cc1,S,S:heldout_actives,heldout_active,shared,8.522878745280337,curated row 1399,c1ccc(Nc2nccc(-c3cnn4ncccc34)n2)cc1,False,"curated molecules without 9 scaffold families (260 molecules, 93 top-decile actives)"
Cc1ncc(-c2ccnc(Nc3ccc(F)cc3)n2)n1C(C)C,S,S:heldout_actives,heldout_active,shared,8.522878745280337,curated row 1403,c1ccc(Nc2nccc(-c3cnc[nH]3)n2)cc1,False,"curated molecules without 9 scaffold families (260 molecules, 93 top-decile actives)"
CC[C@@H](C)Oc1nc(Nc2ccc(S(N)(=O)=O)cc2)nc(N)c1C=O,S,S:heldout_actives,heldout_active,shared,9.096910013008056,curated row 1481,c1ccc(Nc2ncccn2)cc1,False,"curated molecules without 9 scaffold families (260 molecules, 93 top-decile actives)"
Cc1ncc(-c2nc(Nc3ccc(C(=O)N(C)C)c(F)c3)ncc2F)n1C(C)C,S,S:heldout_actives,heldout_active,shared,8.698970004336019,curated row 1513,c1ccc(Nc2nccc(-c3cnc[nH]3)n2)cc1,False,"curated molecules without 9 scaffold families (260 molecules, 93 top-decile actives)"
Cc1c([N+](=O)[O-])ccc2[nH]c(O)c(N=Nc3ccc(S(N)(=O)=O)cc3)c12,S,S:heldout_actives,heldout_active,shared,8.337242168318426,curated row 1615,c1ccc(N=Nc2c[nH]c3ccccc23)cc1,False,"curated molecules without 9 scaffold families (260 molecules, 93 top-decile actives)"
COc1cc(Nc2ncc(Br)c(N[C@H](C)C(C)(C)O)n2)ccc1S(C)(=N)=O,S,S:heldout_actives,heldout_active,shared,8.460409376976187,curated row 1628,c1ccc(Nc2ncccn2)cc1,False,"curated molecules without 9 scaffold families (260 molecules, 93 top-decile actives)"
CN(C)S(=O)(=O)c1ccc(Nc2cc(N[C@H]3CC[C@H](N)CC3)nc3c(C#N)cnn23)cc1,S,S:heldout_actives,heldout_active,shared,8.154901959985743,curated row 1630,c1ccc(Nc2cc(NC3CCCCC3)nc3ccnn23)cc1,False,"curated molecules without 9 scaffold families (260 molecules, 93 top-decile actives)"
N=C(N)NS(=O)(=O)c1ccc(N=Cc2c(O)[nH]c3ccc4ncsc4c23)cc1,S,S:heldout_actives,heldout_active,shared,8.481486060122112,curated row 1640,C(=Nc1ccccc1)c1c[nH]c2ccc3ncsc3c12,False,"curated molecules without 9 scaffold families (260 molecules, 93 top-decile actives)"
Cc1nc2c(F)cc(-c3nc(Nc4ccc5c(n4)CCN(CC(=O)O)C5)ncc3F)cc2n1C(C)C,S,S:heldout_actives,heldout_active,shared,8.13430394008393,curated row 1644,c1cc(-c2ccc3nc[nH]c3c2)nc(Nc2ccc3c(n2)CCNC3)n1,False,"curated molecules without 9 scaffold families (260 molecules, 93 top-decile actives)"
C[C@H](Nc1nc(Nc2ccc(S(=N)(=O)CCO)cc2)ncc1Br)C(C)(C)O,S,S:heldout_actives,heldout_active,shared,8.397940008672037,curated row 1707,c1ccc(Nc2ncccn2)cc1,False,"curated molecules without 9 scaffold families (260 molecules, 93 top-decile actives)"
C[C@@H](Nc1nc(Nc2ccc(S(=N)(=O)CCO)cc2)ncc1Br)C(C)(C)O,S,S:heldout_actives,heldout_active,shared,8.397940008672037,curated row 1708,c1ccc(Nc2ncccn2)cc1,False,"curated molecules without 9 scaffold families (260 molecules, 93 top-decile actives)"
Cc1ncc(-c2ccnc(Nc3ccc(S(C)(=O)=O)cc3)n2)n1C(C)C,S,S:heldout_actives,heldout_active,shared,8.221848749616356,curated row 1720,c1ccc(Nc2nccc(-c3cnc[nH]3)n2)cc1,False,"curated molecules without 9 scaffold families (260 molecules, 93 top-decile actives)"
CC(CO)Sc1nc(Nc2ccc(S(C)(=N)=O)cc2)ncc1Br,S,S:heldout_actives,heldout_active,shared,8.397940008672037,curated row 1755,c1ccc(Nc2ncccn2)cc1,False,"curated molecules without 9 scaffold families (260 molecules, 93 top-decile actives)"
NC(=O)c1ccc2[nH]c(O)c(N=Nc3ccc(S(N)(=O)=O)cc3)c2c1,S,S:heldout_actives,heldout_active,shared,8.346787486224656,curated row 1769,c1ccc(N=Nc2c[nH]c3ccccc23)cc1,False,"curated molecules without 9 scaffold families (260 molecules, 93 top-decile actives)"
Cc1nc2c(F)cc(-c3nc(Nc4ccc5c(n4)CCN(CC=NO)C5)ncc3F)cc2n1C(C)C,S,S:heldout_actives,heldout_active,shared,8.220403508742175,curated row 1786,c1cc(-c2ccc3nc[nH]c3c2)nc(Nc2ccc3c(n2)CCNC3)n1,False,"curated molecules without 9 scaffold families (260 molecules, 93 top-decile actives)"
CCCN(C)[C@H]1CCN(C(=O)c2ccc(Nc3nccc(-c4cnc(C)n4C(C)C)n3)cc2)C1,S,S:heldout_actives,heldout_active,shared,8.397940008672037,curated row 1797,O=C(c1ccc(Nc2nccc(-c3cnc[nH]3)n2)cc1)N1CCCC1,False,"curated molecules without 9 scaffold families (260 molecules, 93 top-decile actives)"
C[C@H](Nc1nc(Nc2ccc(S(C)(=N)=O)cc2)ncc1Br)C(C)(C)O,S,S:heldout_actives,heldout_active,shared,8.698970004336019,curated row 1802,c1ccc(Nc2ncccn2)cc1,False,"curated molecules without 9 scaffold families (260 molecules, 93 top-decile actives)"
C[C@@H](Nc1nc(Nc2ccc(S(C)(=N)=O)cc2)ncc1Br)C(C)(C)O,S,S:heldout_actives,heldout_active,shared,8.221848749616356,curated row 1803,c1ccc(Nc2ncccn2)cc1,False,"curated molecules without 9 scaffold families (260 molecules, 93 top-decile actives)"
Cc1ncc(-c2ccnc(Nc3ccc(C(=O)N(C)C)c(F)c3)n2)n1C(C)C,S,S:heldout_actives,heldout_active,shared,8.221848749616356,curated row 1813,c1ccc(Nc2nccc(-c3cnc[nH]3)n2)cc1,False,"curated molecules without 9 scaffold families (260 molecules, 93 top-decile actives)"
CC(C)(O)CSc1nc(Nc2ccc(S(C)(=N)=O)cc2)ncc1Br,S,S:heldout_actives,heldout_active,shared,8.096910013008056,curated row 1845,c1ccc(Nc2ncccn2)cc1,False,"curated molecules without 9 scaffold families (260 molecules, 93 top-decile actives)"
Cc1nc2c(F)cc(-c3nc(Nc4ccc5c(n4)CCN(CCC(N)NO)C5)ncc3F)cc2n1C(C)C,S,S:heldout_actives,heldout_active,shared,8.074172425375258,curated row 1855,c1cc(-c2ccc3nc[nH]c3c2)nc(Nc2ccc3c(n2)CCNC3)n1,True,"curated molecules without 9 scaffold families (260 molecules, 93 top-decile actives)"
COCCNS(=O)(=O)c1ccc(Nc2nccc(-c3cnc(C)n3C)n2)cc1,S,S:heldout_actives,heldout_active,shared,8.096910013008056,curated row 1860,c1ccc(Nc2nccc(-c3cnc[nH]3)n2)cc1,False,"curated molecules without 9 scaffold families (260 molecules, 93 top-decile actives)"
Cc1ncc(-c2ccnc(Nc3ccc(S(=O)(=O)NCCCOC(C)C)cc3)n2)n1C,S,S:heldout_actives,heldout_active,shared,8.221848749616356,curated row 1868,c1ccc(Nc2nccc(-c3cnc[nH]3)n2)cc1,False,"curated molecules without 9 scaffold families (260 molecules, 93 top-decile actives)"
O=S(=O)(NCCOCCO)c1ccc(N=Cc2c(O)[nH]c3ccc4ncsc4c23)cc1,S,S:heldout_actives,heldout_active,shared,8.594212497064703,curated row 1882,C(=Nc1ccccc1)c1c[nH]c2ccc3ncsc3c12,False,"curated molecules without 9 scaffold families (260 molecules, 93 top-decile actives)"
Cc1ncc(-c2nc(Nc3ccc(C(=O)NCCN(C)C)c(F)c3)ncc2F)n1C(C)C,S,S:heldout_actives,heldout_active,shared,8.698970004336019,curated row 1895,c1ccc(Nc2nccc(-c3cnc[nH]3)n2)cc1,False,"curated molecules without 9 scaffold families (260 molecules, 93 top-decile actives)"
N#Cc1ccc(Nc2nccc(-c3cnn4ncccc34)n2)cc1,S,S:heldout_actives,heldout_active,shared,8.698970004336019,curated row 1908,c1ccc(Nc2nccc(-c3cnn4ncccc34)n2)cc1,False,"curated molecules without 9 scaffold families (260 molecules, 93 top-decile actives)"
CC(C)(CO)CNC(=O)c1ccc2[nH]c(O)c(N=Nc3ccc(S(N)(=O)=O)cc3)c2c1,S,S:heldout_actives,heldout_active,shared,8.167491087293763,curated row 1982,c1ccc(N=Nc2c[nH]c3ccccc23)cc1,False,"curated molecules without 9 scaffold families (260 molecules, 93 top-decile actives)"
CC(C)=Cc1cccc2[nH]c(O)c(N=Nc3ccc(S(N)(=O)=O)cc3)c12,S,S:heldout_actives,heldout_active,shared,8.823908740944319,curated row 2015,c1ccc(N=Nc2c[nH]c3ccccc23)cc1,False,"curated molecules without 9 scaffold families (260 molecules, 93 top-decile actives)"
C[C@H](CO)Nc1nc(Nc2ccc(S(C)(=O)=NS(=O)(=O)CC[Si](C)(C)C)cc2)ncc1Br,P,P:random_training,random_reference,shared,6.4089353929735005,curated row 6,c1ccc(Nc2ncccn2)cc1,False,all curated molecules (the comparator actives were in the training data)
CN1CCN(c2ccc(Nc3nccc(-c4cnn5ncccc45)n3)cc2)CC1,P,P:random_training,random_reference,shared,7.0,curated row 62,c1cnn2ncc(-c3ccnc(Nc4ccc(N5CCNCC5)cc4)n3)c2c1,False,all curated molecules (the comparator actives were in the training data)
CC(=O)N1CCc2nc(Nc3ncc(F)c(-c4cc(F)c5nc(C)n(C(C)C)c5c4)n3)ccc2C1,P,P:random_training,random_reference,shared,7.496209316942819,curated row 82,c1cc(-c2ccc3nc[nH]c3c2)nc(Nc2ccc3c(n2)CCNC3)n1,False,all curated molecules (the comparator actives were in the training data)
Cn1nc(C(N)=O)c2c1-c1nc(Nc3ccc(N4CCOCC4)cc3)ncc1CC2,P,P:random_training,random_reference,shared,7.853871964321762,curated row 125,c1cc(N2CCOCC2)ccc1Nc1ncc2c(n1)-c1[nH]ncc1CC2,False,all curated molecules (the comparator actives were in the training data)
CC(O)CSc1nc(Nc2ccc(S(C)(=N)=O)cc2)ncc1Br,P,P:random_training,random_reference,shared,7.387216143280264,curated row 131,c1ccc(Nc2ncccn2)cc1,False,all curated molecules (the comparator actives were in the training data)
Cc1cc(CNC(=O)c2nn(C)c3c2CCc2cnc(Nc4ccc(N5CCN(C)CC5)cc4)nc2-3)ccn1,P,P:random_training,random_reference,shared,6.496209316942819,curated row 133,O=C(NCc1ccncc1)c1n[nH]c2c1CCc1cnc(Nc3ccc(N4CCNCC4)cc3)nc1-2,False,all curated molecules (the comparator actives were in the training data)
Cc1nc2c(F)cc(-c3nc(Nc4ccc5c(n4)CCNC5)ncc3F)cc2n1C1(C)CC1,P,P:random_training,random_reference,shared,7.987162775294828,curated row 137,c1cc(-c2ccc3ncn(C4CC4)c3c2)nc(Nc2ccc3c(n2)CCNC3)n1,False,all curated molecules (the comparator actives were in the training data)
CN(C)C(=O)c1cccc(-c2cnc(N)c(-c3nc4c(N5CCNCC5)cccc4[nH]3)n2)c1,P,P:random_training,random_reference,shared,4.958607314841775,curated row 169,c1ccc(-c2cncc(-c3nc4c(N5CCNCC5)cccc4[nH]3)n2)cc1,False,all curated molecules (the comparator actives were in the training data)
CS(=N)(=O)Cc1cccc(Nc2ncc(F)c(-c3cccc4c3OCCC4)n2)c1,P,P:random_training,random_reference,shared,6.568636235841012,curated row 195,c1ccc(Nc2nccc(-c3cccc4c3OCCC4)n2)cc1,False,all curated molecules (the comparator actives were in the training data)
COc1ccc2[nH]c(O)c(N=Nc3ccc(S(N)(=O)=O)cc3)c2c1,P,P:random_training,random_reference,shared,7.920818753952375,curated row 214,c1ccc(N=Nc2c[nH]c3ccccc23)cc1,False,all curated molecules (the comparator actives were in the training data)
N#C/C=C(/c1ccc2nc(N)c(C(=O)c3c(F)cccc3F)n2c1)c1c(F)cccc1F,P,P:random_training,random_reference,shared,6.795880017344075,curated row 224,C=C(c1ccccc1)c1ccc2ncc(C(=O)c3ccccc3)n2c1,False,all curated molecules (the comparator actives were in the training data)
NC(=O)c1cc(F)c(C(=O)c2c(N)nc3ccc(C(=O)c4c(Cl)cccc4Cl)cn23)c(F)c1,P,P:random_training,random_reference,shared,7.337242168318426,curated row 258,O=C(c1ccccc1)c1ccc2ncc(C(=O)c3ccccc3)n2c1,False,all curated molecules (the comparator actives were in the training data)
C=CC(=O)Nc1cccc(C(=O)N2CCCC(Nc3ncc(SCc4ncc(C(C)(C)C)o4)s3)C2)c1,P,P:random_training,random_reference,shared,6.505845405981557,curated row 271,O=C(c1ccccc1)N1CCCC(Nc2ncc(SCc3ncco3)s2)C1,False,all curated molecules (the comparator actives were in the training data)
O=C1NCCc2[nH]c(-c3ccncc3)cc21,P,P:random_training,random_reference,shared,6.619788758288394,curated row 290,O=C1NCCc2[nH]c(-c3ccncc3)cc21,False,all curated molecules (the comparator actives were in the training data)
CCN(CC)S(=O)(=O)c1cccc(Nc2nccc(-c3ccnc(-c4ccc(NC(=O)NC)cc4)c3)n2)c1,P,P:random_training,random_reference,shared,6.251811972993799,curated row 318,c1ccc(Nc2nccc(-c3ccnc(-c4ccccc4)c3)n2)cc1,False,all curated molecules (the comparator actives were in the training data)
Nc1ncccc1-c1nc2ccccc2[nH]1,P,P:random_training,random_reference,shared,4.6020599913279625,curated row 339,c1cncc(-c2nc3ccccc3[nH]2)c1,False,all curated molecules (the comparator actives were in the training data)
O=c1[nH]c(O)c(C=Nc2ccc(CN3CCOCC3)cc2)c2ccccc12,P,P:random_training,random_reference,shared,4.6777807052660805,curated row 386,O=c1[nH]cc(C=Nc2ccc(CN3CCOCC3)cc2)c2ccccc12,True,all curated molecules (the comparator actives were in the training data)
COc1cc(F)ccc1-c1ccnc(NC(=O)C2CCC(NC(C)=O)C2)c1,P,P:random_training,random_reference,shared,6.039529222465701,curated row 393,O=C(Nc1cc(-c2ccccc2)ccn1)C1CCCC1,False,all curated molecules (the comparator actives were in the training data)
CNc1nc2c(nc(-c3ccccc3)n2C)c2c1ncn2C,P,P:random_training,random_reference,shared,4.638272163982407,curated row 394,c1ccc(-c2nc3c(ncc4nc[nH]c43)[nH]2)cc1,False,all curated molecules (the comparator actives were in the training data)
CNC(=O)Nc1ccc(-c2cc(-c3ccnc(Nc4ccc(C)c(S(=O)(=O)NC)c4)n3)ccn2)cc1,P,P:random_training,random_reference,shared,6.958607314841775,curated row 444,c1ccc(Nc2nccc(-c3ccnc(-c4ccccc4)c3)n2)cc1,False,all curated molecules (the comparator actives were in the training data)
Cc1cc(Nc2ncc(Br)c(N[C@@H](C)C(C)(C)O)n2)ccc1S(C)(=N)=O,P,P:random_training,random_reference,shared,8.154901959985743,curated row 452,c1ccc(Nc2ncccn2)cc1,False,all curated molecules (the comparator actives were in the training data)
ON=C(O)CCCn1cc(CNC2CC2)c(-c2ccccc2)n1,P,P:random_training,random_reference,shared,5.431798275933005,curated row 457,c1ccc(-c2n[nH]cc2CNC2CC2)cc1,False,all curated molecules (the comparator actives were in the training data)
COc1cc(N2CCN(C)CC2)ccc1Nc1cc(-c2c[nH]c3cnccc23)ncn1,P,P:random_training,random_reference,shared,4.910271466925264,curated row 515,c1cc2c(-c3cc(Nc4ccc(N5CCNCC5)cc4)ncn3)c[nH]c2cn1,False,all curated molecules (the comparator actives were in the training data)
CCOC(=O)N=S(C)(=O)Cc1cccc(Nc2ncc(F)c(-c3cccc4c3OCCC4)n2)c1,P,P:random_training,random_reference,shared,6.481486060122112,curated row 517,c1ccc(Nc2nccc(-c3cccc4c3OCCC4)n2)cc1,False,all curated molecules (the comparator actives were in the training data)
C1=C/COCc2cc(ccc2OCCN2CCCC2)Nc2nccc(n2)-c2csc(c2)COC/1,P,P:random_training,random_reference,shared,5.167491087293763,curated row 550,C1=CCOCc2cc(ccc2OCCN2CCCC2)Nc2nccc(n2)-c2csc(c2)COC1,False,all curated molecules (the comparator actives were in the training data)
O=C1NC(=O)C(c2cnc3ccccn23)=C1c1cn2c3c(cc(F)cc13)CN(C(=O)N1CCCCC1)CC2,P,P:random_training,random_reference,shared,5.552841968657781,curated row 571,O=C1NC(=O)C(c2cnc3ccccn23)=C1c1cn2c3c(cccc13)CN(C(=O)N1CCCCC1)CC2,False,all curated molecules (the comparator actives were in the training data)
O=C(Nc1[nH]nc2cc(-c3ccco3)ccc12)C1CC1,P,P:random_training,random_reference,shared,6.199970640755866,curated row 634,O=C(Nc1[nH]nc2cc(-c3ccco3)ccc12)C1CC1,True,all curated molecules (the comparator actives were in the training data)
N#Cc1ccc2c(CCNc3ccc(C(F)(F)F)cc3C(=O)O)c[nH]c2c1,P,P:random_training,random_reference,shared,7.0,curated row 637,c1ccc(NCCc2c[nH]c3ccccc23)cc1,False,all curated molecules (the comparator actives were in the training data)
CC[C@H](CO)Nc1nc(NCc2ccccc2)c2ncc(C(C)C)n2n1,P,P:random_training,random_reference,shared,6.657577319177793,curated row 656,c1ccc(CNc2ncnn3ccnc23)cc1,False,all curated molecules (the comparator actives were in the training data)
CCC=Nc1c(C#N)c2n(c1C(=O)Nc1ccccc1)CCC2,P,P:random_training,random_reference,shared,6.236572006437063,curated row 675,O=C(Nc1ccccc1)c1ccc2n1CCC2,False,all curated molecules (the comparator actives were in the training data)
c1ccc2[nH]c(-c3cc[nH]n3)nc2c1,P,P:random_training,random_reference,shared,4.5774509799928715,curated row 676,c1ccc2[nH]c(-c3cc[nH]n3)nc2c1,False,all curated molecules (the comparator actives were in the training data)
CCNc1ccc2[nH]nc(NC(=O)Cc3ccccc3)c2c1,P,P:random_training,random_reference,shared,6.301029995663981,curated row 709,O=C(Cc1ccccc1)Nc1n[nH]c2ccccc12,False,all curated molecules (the comparator actives were in the training data)
CCS(=N)(=O)c1ccc(Nc2ncc(Br)c(N[C@H](COC)[C@@H](C)O)n2)cc1,P,P:random_training,random_reference,shared,8.045757490560675,curated row 754,c1ccc(Nc2ncccn2)cc1,False,all curated molecules (the comparator actives were in the training data)
CC(C)c1cnn2c(NCc3ccccc3N(C)C)nc(OC3CCN(C)CC3)nc12,P,P:random_training,random_reference,shared,5.4089353929735005,curated row 765,c1ccc(CNc2nc(OC3CCNCC3)nc3ccnn23)cc1,False,all curated molecules (the comparator actives were in the training data)
NS(=O)(=O)c1cccc(Nc2cc(-c3ccc(F)cc3)[nH]n2)c1,P,P:random_training,random_reference,shared,6.059981844992336,curated row 852,c1ccc(Nc2cc(-c3ccccc3)[nH]n2)cc1,False,all curated molecules (the comparator actives were in the training data)
Nc1nccc(-n2ccc3ccncc32)n1,P,P:random_training,random_reference,shared,4.345823458122039,curated row 873,c1cc(-n2ccc3ccncc32)ncn1,False,all curated molecules (the comparator actives were in the training data)
COc1ccc(-c2nc3c(NCCCNC(=O)C4CCCC4)c(-c4nc(C(=O)O)cs4)cnc3[nH]2)cc1,P,P:random_training,random_reference,shared,4.866461091629782,curated row 900,O=C(NCCCNc1c(-c2nccs2)cnc2[nH]c(-c3ccccc3)nc12)C1CCCC1,False,all curated molecules (the comparator actives were in the training data)
Cc1cnc(OC2CCCCC2)nc1-c1cnc(Nc2ccccn2)s1,P,P:random_training,random_reference,shared,6.568636235841012,curated row 943,c1ccc(Nc2ncc(-c3ccnc(OC4CCCCC4)n3)s2)nc1,False,all curated molecules (the comparator actives were in the training data)
CN(C)C1CCN(c2ccc(Nc3ncc4cc5n(c4n3)C3(CCCCC3)CNC5=O)nn2)CC1,P,P:random_training,random_reference,shared,5.8463161719807335,curated row 944,O=C1NCC2(CCCCC2)n2c1cc1cnc(Nc3ccc(N4CCCCC4)nn3)nc12,False,all curated molecules (the comparator actives were in the training data)
CN(C)CCN(C)c1ccc2cc1COC/C=C/COCc1cccc(c1)-c1ccnc(n1)N2,P,P:random_training,random_reference,shared,7.055517327849831,curated row 950,C1=CCOCc2cccc(c2)-c2ccnc(n2)Nc2cccc(c2)COC1,False,all curated molecules (the comparator actives were in the training data)
CC1CN(c2ccncc2NC(=O)c2ccnn3cc(-c4ccccc4)nc23)CCO1,P,P:random_training,random_reference,shared,5.853871964321762,curated row 961,O=C(Nc1cnccc1N1CCOCC1)c1ccnn2cc(-c3ccccc3)nc12,True,all curated molecules (the comparator actives were in the training data)
Cc1nc2ccc(Nc3c(C)c(N[C@H]4CCCNC4)nc4ccnn34)cc2s1,P,P:random_training,random_reference,shared,4.6020599913279625,curated row 968,c1cc2nc(NC3CCCNC3)cc(Nc3ccc4ncsc4c3)n2n1,False,all curated molecules (the comparator actives were in the training data)
CN1CCN(c2ccc(N=Cc3c(=O)[nH]c(O)c4ccc(-c5ccc(C=O)cc5)cc34)cc2)CC1,P,P:random_training,random_reference,shared,5.113509274827518,curated row 1000,O=c1[nH]cc2ccc(-c3ccccc3)cc2c1C=Nc1ccc(N2CCNCC2)cc1,True,all curated molecules (the comparator actives were in the training data)
O=C(Cc1ccccc1)Nc1cc(C2CC2)[nH]n1,P,P:random_training,random_reference,shared,7.318894522079257,curated row 1008,O=C(Cc1ccccc1)Nc1cc(C2CC2)[nH]n1,False,all curated molecules (the comparator actives were in the training data)
CN1CCC(OCc2ccc(Nc3ncc(F)c(-c4cc(F)c5nc6n(c5c4)C(C)(C)CC6)n3)nc2)CC1,P,P:random_training,random_reference,shared,6.7594507517174005,curated row 1009,c1cc(-c2ccc3nc4n(c3c2)CCC4)nc(Nc2ccc(COC3CCNCC3)cn2)n1,False,all curated molecules (the comparator actives were in the training data)
Cc1nnc2sc(SCc3ccccc3)nn12,P,P:random_training,random_reference,shared,4.795880017344075,curated row 1010,c1ccc(CSc2nn3cnnc3s2)cc1,False,all curated molecules (the comparator actives were in the training data)
CCS(=N)(=O)Cc1cc(F)cc(Nc2ncc(F)c(-c3ccc(F)cc3OC)n2)c1,P,P:random_training,random_reference,shared,6.6020599913279625,curated row 1103,c1ccc(Nc2nccc(-c3ccccc3)n2)cc1,False,all curated molecules (the comparator actives were in the training data)
CC(C)(C)c1cnc(CSc2cnc(NC(=O)C3CCNCC3)s2)o1,P,P:random_training,random_reference,shared,7.24601812122771,curated row 1159,O=C(Nc1ncc(SCc2ncco2)s1)C1CCNCC1,False,all curated molecules (the comparator actives were in the training data)
O=C1Nc2cc3c(O)cccc3c3c4c(cc1c23)OCO4,P,P:random_training,random_reference,shared,7.455931955649724,curated row 1160,O=C1Nc2cc3ccccc3c3c4c(cc1c23)OCO4,False,all curated molecules (the comparator actives were in the training data)
O=C(NC1CCNCC1)c1[nH]ncc1NC(=O)c1c(Cl)cccc1Cl,P,P:random_training,random_reference,shared,7.327902142064282,curated row 1161,O=C(Nc1cn[nH]c1C(=O)NC1CCNCC1)c1ccccc1,False,all curated molecules (the comparator actives were in the training data)
Cc1nc2c(F)cc(-c3nc(Nc4ccc5c(n4)CCN(CCS(C)(=O)=NC#N)C5)ncc3F)cc2n1C(C)C,P,P:random_training,random_reference,shared,7.627087997029894,curated row 1185,c1cc(-c2ccc3nc[nH]c3c2)nc(Nc2ccc3c(n2)CCNC3)n1,False,all curated molecules (the comparator actives were in the training data)
Cc1nc2c(F)cc(-c3nc(Nc4ccc5c(n4)CCN(C[C@H]4CNCCO4)C5)ncc3F)cc2n1C(C)C,P,P:random_training,random_reference,shared,7.844663962534938,curated row 1235,c1cc(-c2ccc3nc[nH]c3c2)nc(Nc2ccc3c(n2)CCN(CC2CNCCO2)C3)n1,True,all curated molecules (the comparator actives were in the training data)
CN1CCN(Cc2ccc(NC(=O)c3[nH]ncc3Nc3ccncn3)cc2)CC1,P,P:random_training,random_reference,shared,7.637706062035769,curated row 1265,O=C(Nc1ccc(CN2CCNCC2)cc1)c1[nH]ncc1Nc1ccncn1,False,all curated molecules (the comparator actives were in the training data)
CC(=O)c1c(C)c2cnc(Nc3ccc(N4CCNCC4)cc3)nc2n(C2CCCC2)c1=O,P,P:random_training,random_reference,shared,7.298439739412091,curated row 1276,O=c1ccc2cnc(Nc3ccc(N4CCNCC4)cc3)nc2n1C1CCCC1,False,all curated molecules (the comparator actives were in the training data)
Cc1ncc(-c2nc(Nc3ccc(C(=O)NC4CCN(C)CC4)cc3)ncc2F)n1C(C)C,P,P:random_training,random_reference,shared,7.443697499232712,curated row 1300,O=C(NC1CCNCC1)c1ccc(Nc2nccc(-c3cnc[nH]3)n2)cc1,False,all curated molecules (the comparator actives were in the training data)
N[C@H]1CCN(c2c3c(nc4ccc(-c5ccnc(NC(=O)C6CC6)n5)cc24)CCCC3)C1,P,P:random_training,random_reference,shared,7.2611401979278,curated row 1308,O=C(Nc1nccc(-c2ccc3nc4c(c(N5CCCC5)c3c2)CCCC4)n1)C1CC1,False,all curated molecules (the comparator actives were in the training data)
Cc1cnc(Nc2ccc(OCC(O)CN(C)C)cc2)nc1Nc1ccccc1,P,P:random_training,random_reference,shared,5.096910013008056,curated row 1342,c1ccc(Nc2ccnc(Nc3ccccc3)n2)cc1,False,all curated molecules (the comparator actives were in the training data)
O=c1c(O)c(-c2ccc(O)c(O)c2)oc2cc(O)cc(O)c12,P,P:random_training,random_reference,shared,4.3979400086720375,curated row 1344,O=c1cc(-c2ccccc2)oc2ccccc12,False,all curated molecules (the comparator actives were in the training data)
Cn1cc(CCNc2ccc([N+](=O)[O-])cc2C(=O)O)c2ccc(F)cc21,P,P:random_training,random_reference,shared,6.431798275933005,curated row 1356,c1ccc(NCCc2c[nH]c3ccccc23)cc1,False,all curated molecules (the comparator actives were in the training data)
NS(=O)(=O)c1ccc(N=Nc2c(O)[nH]c3cccc(OCCc4ccncc4)c23)cc1,P,P:random_training,random_reference,shared,7.67778070526608,curated row 1382,c1ccc(N=Nc2c[nH]c3cccc(OCCc4ccncc4)c23)cc1,False,all curated molecules (the comparator actives were in the training data)
NS(=O)(=O)c1ccc(Nc2cc(-c3cccc(NC(=O)Nc4cc(C(F)(F)F)ccc4F)c3)[nH]n2)cc1,P,P:random_training,random_reference,shared,7.210419287835575,curated row 1388,O=C(Nc1ccccc1)Nc1cccc(-c2cc(Nc3ccccc3)n[nH]2)c1,False,all curated molecules (the comparator actives were in the training data)
O=C(Nc1ccc(N2CCNCC2)cc1)c1[nH]ncc1Nc1cc(Oc2ccccc2)ncn1,P,P:random_training,random_reference,shared,7.007402303897962,curated row 1390,O=C(Nc1ccc(N2CCNCC2)cc1)c1[nH]ncc1Nc1cc(Oc2ccccc2)ncn1,False,all curated molecules (the comparator actives were in the training data)
CNC(=O)c1nn(C)c2c1C(C)(C)Cc1cnc(Nc3ccc(N4CCN(C)CC4)cc3)nc1-2,P,P:random_training,random_reference,shared,7.346787486224656,curated row 1405,c1cc(N2CCNCC2)ccc1Nc1ncc2c(n1)-c1[nH]ncc1CC2,False,all curated molecules (the comparator actives were in the training data)
COc1ccc(F)cc1-c1c(F)cnc2[nH]c(C3=CCN(C4CCC(C(=O)O)CC4)CC3)cc12,P,P:random_training,random_reference,shared,6.484126156288321,curated row 1408,C1=C(c2cc3c(-c4ccccc4)ccnc3[nH]2)CCN(C2CCCCC2)C1,False,all curated molecules (the comparator actives were in the training data)
Cc1nc2c(F)cc(-c3nc(Nc4ccc5c(n4)CCN(C(=O)C(C)N(C)C)C5)ncc3F)cc2n1C(C)C,P,P:random_training,random_reference,shared,7.392767500374136,curated row 1467,c1cc(-c2ccc3nc[nH]c3c2)nc(Nc2ccc3c(n2)CCNC3)n1,False,all curated molecules (the comparator actives were in the training data)
C[C@@H]1CNCC(C(=O)Nc2ncc(SCc3ncc(C(C)(C)C)o3)s2)C1,P,P:random_training,random_reference,shared,7.198970004336019,curated row 1469,O=C(Nc1ncc(SCc2ncco2)s1)C1CCCNC1,False,all curated molecules (the comparator actives were in the training data)
Cc1nc2c(F)cc(-c3nc(Nc4ccc5c(n4)CCN(C(=O)CN(C)C)C5)ncc3F)cc2n1C(C)C,P,P:random_training,random_reference,shared,7.472370099128661,curated row 1472,c1cc(-c2ccc3nc[nH]c3c2)nc(Nc2ccc3c(n2)CCNC3)n1,False,all curated molecules (the comparator actives were in the training data)
Cc1nc2c(F)cc(-c3nc(Nc4ccc5c(n4)CCN(CCN(C)CC[Si](C)(C)C)C5)ncc3F)cc2n1C(C)C,P,P:random_training,random_reference,shared,7.600326278518962,curated row 1492,c1cc(-c2ccc3nc[nH]c3c2)nc(Nc2ccc3c(n2)CCNC3)n1,False,all curated molecules (the comparator actives were in the training data)
Cc1nc2c(F)cc(-c3nc(Nc4ccc5c(n4)CCN(C(=O)CCN(C)C)C5)ncc3F)cc2n1C1CC1,P,P:random_training,random_reference,shared,6.503070351926786,curated row 1500,c1cc(-c2ccc3ncn(C4CC4)c3c2)nc(Nc2ccc3c(n2)CCNC3)n1,False,all curated molecules (the comparator actives were in the training data)
C1=C/COCc2cncc(c2)-c2ccnc(n2)Nc2cccc(c2)COC/1,P,P:random_training,random_reference,shared,6.698970004336019,curated row 1509,C1=CCOCc2cncc(c2)-c2ccnc(n2)Nc2cccc(c2)COC1,False,all curated molecules (the comparator actives were in the training data)
C1=C/COCc2cc(ccc2OCCN2CCCC2)Nc2nccc(n2)-c2cncc(c2)COC/1,P,P:random_training,random_reference,shared,5.494850021680094,curated row 1531,C1=CCOCc2cc(ccc2OCCN2CCCC2)Nc2nccc(n2)-c2cncc(c2)COC1,False,all curated molecules (the comparator actives were in the training data)
COc1cc2c(cc1F)C(c1ccccc1Cl)=Nc1c(C)n[nH]c1N2,P,P:random_training,random_reference,shared,5.876148359032914,curated row 1571,c1ccc(C2=Nc3cn[nH]c3Nc3ccccc32)cc1,False,all curated molecules (the comparator actives were in the training data)
Cc1ccc(N(CC#N)c2cc(Nc3ccc(OCC(O)CN(C)C)cc3)ncn2)c(Br)c1,P,P:random_training,random_reference,shared,5.522878745280337,curated row 1590,c1ccc(Nc2cc(Nc3ccccc3)ncn2)cc1,False,all curated molecules (the comparator actives were in the training data)
CC(C)n1nnc2ccc(-c3ccnc(Nc4cc(C(=O)N5CCCC5)ccn4)c3)cc21,P,P:random_training,random_reference,shared,6.872247484167026,curated row 1597,O=C(c1ccnc(Nc2cc(-c3ccc4nn[nH]c4c3)ccn2)c1)N1CCCC1,False,all curated molecules (the comparator actives were in the training data)
COC(=O)CN1CCc2nc(Nc3ncc(F)c(-c4cc(F)c5nc(C)n(C(C)C)c5c4)n3)ccc2C1,P,P:random_training,random_reference,shared,7.4179366370882915,curated row 1701,c1cc(-c2ccc3nc[nH]c3c2)nc(Nc2ccc3c(n2)CCNC3)n1,False,all curated molecules (the comparator actives were in the training data)
CC(=O)Nc1ccc(CNc2nc(NC3CCOCC3)nc3c(C(C)C)cnn23)cc1,P,P:random_training,random_reference,shared,6.147062774018503,curated row 1711,c1ccc(CNc2nc(NC3CCOCC3)nc3ccnn23)cc1,False,all curated molecules (the comparator actives were in the training data)
O=C(Cc1ccccc1)Nc1[nH]nc2ccc(-n3c(O)c[nH]c3=O)cc12,P,P:random_training,random_reference,shared,5.698970004336019,curated row 1716,O=C(Cc1ccccc1)Nc1[nH]nc2ccc(-n3cc[nH]c3=O)cc12,False,all curated molecules (the comparator actives were in the training data)
C=CC(=O)NCc1ccc(C(=O)N2CCCC(Nc3ncc(SCc4ncc(C(C)(C)C)o4)s3)C2)cc1,P,P:random_training,random_reference,shared,6.573488738635424,curated row 1744,O=C(c1ccccc1)N1CCCC(Nc2ncc(SCc3ncco3)s2)C1,False,all curated molecules (the comparator actives were in the training data)
COc1ccc(Nc2nc(N)c(N=O)c(OCC3CCCCC3)n2)cc1,P,P:random_training,random_reference,shared,6.657577319177793,curated row 1758,c1ccc(Nc2nccc(OCC3CCCCC3)n2)cc1,False,all curated molecules (the comparator actives were in the training data)
C[C@@H](Nc1nc(Nc2ccc(S(=N)(=O)CC3CC3)cc2)ncc1Br)C(C)(C)O,P,P:random_training,random_reference,shared,8.397940008672037,curated row 1762,N=S(=O)(CC1CC1)c1ccc(Nc2ncccn2)cc1,False,all curated molecules (the comparator actives were in the training data)
Nc1nccc(-c2cc(N3CCC(O)C3)ccc2O)n1,P,P:random_training,random_reference,shared,5.675717544702307,curated row 1766,c1cc(-c2ccncn2)cc(N2CCCC2)c1,False,all curated molecules (the comparator actives were in the training data)
NS(=O)(=O)c1cncc(-c2nc(NCc3ccccn3)c3c(-c4ccccc4)cccc3n2)c1,P,P:random_training,random_reference,shared,4.301029995663981,curated row 1784,c1ccc(-c2cccc3nc(-c4cccnc4)nc(NCc4ccccn4)c23)cc1,False,all curated molecules (the comparator actives were in the training data)
O=c1[nH]c(O)c(C=NCc2ccn(-c3ccoc3)c(=O)c2)c2cc(I)ccc12,P,P:random_training,random_reference,shared,5.585026652029182,curated row 1794,O=c1[nH]cc(C=NCc2ccn(-c3ccoc3)c(=O)c2)c2ccccc12,False,all curated molecules (the comparator actives were in the training data)
Cc1ncc(-c2ccnc(Nc3ccc(S(=O)(=O)CCCN4CCOCC4)cc3)n2)n1C(C)C,P,P:random_training,random_reference,shared,7.481486060122112,curated row 1800,O=S(=O)(CCCN1CCOCC1)c1ccc(Nc2nccc(-c3cnc[nH]3)n2)cc1,False,all curated molecules (the comparator actives were in the training data)
CC(C)NC(=O)O[C@@H]1CCC(c2cc(NC(=O)Cc3ccccc3S(C)(=O)=O)[nH]n2)C1,P,P:random_training,random_reference,shared,7.0,curated row 1814,O=C(Cc1ccccc1)Nc1cc(C2CCCC2)n[nH]1,False,all curated molecules (the comparator actives were in the training data)
COc1c(O)cc(O)c2c(=O)cc(-c3ccccc3)oc12,P,P:random_training,random_reference,shared,5.835647144215563,curated row 1817,O=c1cc(-c2ccccc2)oc2ccccc12,False,all curated molecules (the comparator actives were in the training data)
O=C(O)c1ccc(C(=O)Nc2cc(C3CC3)[nH]n2)cc1,P,P:random_training,random_reference,shared,6.7827530729909435,curated row 1826,O=C(Nc1cc(C2CC2)[nH]n1)c1ccccc1,False,all curated molecules (the comparator actives were in the training data)
CN(C)CC(O)COc1ccc(Nc2nccc(N(CC#N)c3cc(Cl)ccc3Cl)n2)cc1,P,P:random_training,random_reference,shared,6.154901959985743,curated row 1829,c1ccc(Nc2ccnc(Nc3ccccc3)n2)cc1,False,all curated molecules (the comparator actives were in the training data)
CC(C)(C)n1nc(-c2cccc3ccccc23)c2c(N)ncnc21,P,P:random_training,random_reference,shared,4.7447274948966935,curated row 1841,c1ccc2c(-c3n[nH]c4ncncc34)cccc2c1,False,all curated molecules (the comparator actives were in the training data)
CNS(=O)(=O)c1ccc2[nH]c(O)c(C=c3[nH]cc4c3=CCNC4=O)c2c1,P,P:random_training,random_reference,shared,8.045757490560675,curated row 1884,O=C1NCC=c2c1c[nH]c2=Cc1c[nH]c2ccccc12,False,all curated molecules (the comparator actives were in the training data)
CC[C@@H](CO)Nc1nc(NCc2ccc(NC(=O)C3CCN(C(C)=O)CC3)cc2)n2ncc(C(C)C)c2n1,P,P:random_training,random_reference,shared,6.938547520912807,curated row 1886,O=C(Nc1ccc(CNc2ncnc3ccnn23)cc1)C1CCNCC1,False,all curated molecules (the comparator actives were in the training data)
Cc1nc2c(F)cc(-c3nc(Nc4ccc5c(n4)CCN[C@H]5C)ncc3F)cc2n1C(C)(C)C,P,P:random_training,random_reference,shared,7.672935804369094,curated row 1909,c1cc(-c2ccc3nc[nH]c3c2)nc(Nc2ccc3c(n2)CCNC3)n1,False,all curated molecules (the comparator actives were in the training data)
COc1ccc(-c2ccc3c(-c4nc5c(N6CCN(C)CC6)cccc5[nH]4)[nH]nc3c2)c(OC)c1,P,P:random_training,random_reference,shared,5.0,curated row 1920,c1ccc(-c2ccc3c(-c4nc5c(N6CCNCC6)cccc5[nH]4)[nH]nc3c2)cc1,False,all curated molecules (the comparator actives were in the training data)
COc1cc(F)ccc1-c1cc(Nc2cc(CS(C)(=N)=O)ccn2)ncc1F,P,P:random_training,random_reference,shared,6.636388020107855,curated row 1929,c1ccc(-c2ccnc(Nc3ccccn3)c2)cc1,False,all curated molecules (the comparator actives were in the training data)
COCCN1CCC(c2cc3c(-c4cnn(CC5CC5)c4)c(Cl)cnc3[nH]2)CC1,P,P:random_training,random_reference,shared,6.6280090885350855,curated row 1940,c1cc(-c2cnn(CC3CC3)c2)c2cc(C3CCNCC3)[nH]c2n1,True,all curated molecules (the comparator actives were in the training data)
O=c1[nH]cc(-c2cccc3cccnc23)c2sc(-c3ccncc3)cc12,P,P:random_training,random_reference,shared,4.900000142057633,curated row 1946,O=c1[nH]cc(-c2cccc3cccnc23)c2sc(-c3ccncc3)cc12,False,all curated molecules (the comparator actives were in the training data)
Cn1cc(CCNc2ccc([N+](=O)[O-])cc2C(=O)O)c2cc(Cl)ccc21,P,P:random_training,random_reference,shared,5.236572006437063,curated row 1951,c1ccc(NCCc2c[nH]c3ccccc23)cc1,False,all curated molecules (the comparator actives were in the training data)
NS(=O)(=O)c1ccc(N=Nc2c(O)[nH]c3cccc(Oc4ccccc4)c23)cc1,P,P:random_training,random_reference,shared,7.886056647693163,curated row 1981,c1ccc(N=Nc2c[nH]c3cccc(Oc4ccccc4)c23)cc1,False,all curated molecules (the comparator actives were in the training data)
CC[C@H](CO)Nc1nc(NCc2ccc(NC(=O)C3CCOCC3)cc2)n2ncc(C(C)C)c2n1,P,P:random_training,random_reference,shared,7.14551177495557,curated row 2004,O=C(Nc1ccc(CNc2ncnc3ccnn23)cc1)C1CCOCC1,False,all curated molecules (the comparator actives were in the training data)
O=C(Nc1ccc(Cl)c(C(F)(F)F)c1)N1CCN(c2nnc(Cc3ccccc3)c3ccccc23)CC1,P,P:random_training,random_reference,shared,6.141300423496395,curated row 2005,O=C(Nc1ccccc1)N1CCN(c2nnc(Cc3ccccc3)c3ccccc23)CC1,False,all curated molecules (the comparator actives were in the training data)
COc1ccc(Nc2ccnc(Nc3ccc(OCC(O)CN(C)C)cc3)n2)cc1,M,M:random_remaining,random_reference,shared,4.443697499232713,curated row 11,c1ccc(Nc2ccnc(Nc3ccccc3)n2)cc1,False,curated molecules without the 204 top-decile actives
Cn1cc(C2=C(c3coc4cc(CO)ccc34)C(=O)NC2=O)c2cc(F)ccc21,M,M:random_remaining,random_reference,shared,6.625251653989896,curated row 26,O=C1NC(=O)C(c2coc3ccccc23)=C1c1c[nH]c2ccccc12,False,curated molecules without the 204 top-decile actives
CS(=O)(=O)N1CCC(Nc2ncc(C(F)(F)F)c(-c3cnn(-c4ccc(C#N)cc4Cl)c3)n2)CC1,M,M:random_remaining,random_reference,shared,7.189100387998666,curated row 31,c1ccc(-n2cc(-c3ccnc(NC4CCNCC4)n3)cn2)cc1,False,curated molecules without the 204 top-decile actives
CCOc1nc(Nc2ccc(S(=N)(=O)CC)cc2)ncc1Br,M,M:random_remaining,random_reference,shared,7.200659450546418,curated row 57,c1ccc(Nc2ncccn2)cc1,False,curated molecules without the 204 top-decile actives
Cc1nc2c(F)cc(-c3nc(Nc4ncc5c(n4)CCN(C(=O)CN(C)C)C5)ncc3F)cc2n1C(C)C,M,M:random_remaining,random_reference,shared,5.962573502059376,curated row 87,c1cc(-c2ccc3nc[nH]c3c2)nc(Nc2ncc3c(n2)CCNC3)n1,False,curated molecules without the 204 top-decile actives
C[C@H]1CC[C@@H](n2c3cnccc3c3cnc(Nc4ccc5c(n4)CCN(C(=O)CO)C5)nc32)CC1,M,M:random_remaining,random_reference,shared,6.425968732272281,curated row 95,c1cc2c3cnc(Nc4ccc5c(n4)CCNC5)nc3n(C3CCCCC3)c2cn1,False,curated molecules without the 204 top-decile actives
CS(=O)(=O)c1ccc2[nH]c(O)c(N=Nc3ccc(S(N)(=O)=O)cc3)c2c1,M,M:random_remaining,random_reference,shared,7.795880017344075,curated row 120,c1ccc(N=Nc2c[nH]c3ccccc23)cc1,False,curated molecules without the 204 top-decile actives
CN1CCN(c2ccc(Nc3cc(-c4c[nH]c5ccccc45)ncn3)cc2)CC1,M,M:random_remaining,random_reference,shared,4.4786657432224315,curated row 132,c1ccc2c(-c3cc(Nc4ccc(N5CCNCC5)cc4)ncn3)c[nH]c2c1,False,curated molecules without the 204 top-decile actives
COc1c[nH]c(CN=Cc2c(=O)[nH]c(O)c3ccc(I)cc23)cc1=O,M,M:random_remaining,random_reference,shared,6.301029995663981,curated row 142,O=c1cc[nH]c(CN=Cc2c(=O)[nH]cc3ccccc23)c1,False,curated molecules without the 204 top-decile actives
CN(C)C1CCN(c2ccc(Nc3ncc4cc5n(c4n3)C3(CCCC3)CNC5=O)nn2)CC1,M,M:random_remaining,random_reference,shared,5.518557371497695,curated row 153,O=C1NCC2(CCCC2)n2c1cc1cnc(Nc3ccc(N4CCCCC4)nn3)nc12,False,curated molecules without the 204 top-decile actives
Cc1c(NC2CCCNC2)nc2ccnn2c1Nc1ccc(F)c(Cl)c1,M,M:random_remaining,random_reference,shared,4.481486060122113,curated row 199,c1ccc(Nc2cc(NC3CCCNC3)nc3ccnn23)cc1,False,curated molecules without the 204 top-decile actives
N#Cc1ccc2ccn(-c3cccc(N)n3)c2c1,M,M:random_remaining,random_reference,shared,4.346787486224656,curated row 229,c1ccc(-n2ccc3ccccc32)nc1,False,curated molecules without the 204 top-decile actives
NC(=O)c1cc(F)c(C(=O)c2c(N)nc3ccc(C(=O)c4c(Cl)cccc4Cl)cn23)c(F)c1,M,M:random_remaining,random_reference,shared,7.337242168318426,curated row 258,O=C(c1ccccc1)c1ccc2ncc(C(=O)c3ccccc3)n2c1,False,curated molecules without the 204 top-decile actives
CC(=O)Nc1ccc(CNc2nc(O[C@H]3CCCNC3)nc3c(C(C)C)cnn23)cc1,M,M:random_remaining,random_reference,shared,6.36291072646967,curated row 270,c1ccc(CNc2nc(OC3CCCNC3)nc3ccnn23)cc1,False,curated molecules without the 204 top-decile actives
Cc1cc(N2C(=O)CCCC2=O)c2oc(-c3ccc(O)c(O)c3)c(O)c(=O)c2c1,M,M:random_remaining,random_reference,shared,5.356547323513812,curated row 274,O=C1CCCC(=O)N1c1cccc2c(=O)cc(-c3ccccc3)oc12,False,curated molecules without the 204 top-decile actives
Nc1nc(N)c(N=O)c(OCC2CCCCC2)n1,M,M:random_remaining,random_reference,shared,5.657577319177793,curated row 277,c1cc(OCC2CCCCC2)ncn1,False,curated molecules without the 204 top-decile actives
COCCNS(=O)(=O)c1ccc(Nc2nccc(-c3cnc(C)n3CC(C)C)n2)cc1,M,M:random_remaining,random_reference,shared,7.823908740944319,curated row 280,c1ccc(Nc2nccc(-c3cnc[nH]3)n2)cc1,False,curated molecules without the 204 top-decile actives
Cc1nc2c(F)cc(-c3nc(Nc4ccc5c(n4)CCN(CCN(C)C(N)=S)C5)ncc3F)cc2n1C(C)C,M,M:random_remaining,random_reference,shared,7.838631997765026,curated row 289,c1cc(-c2ccc3nc[nH]c3c2)nc(Nc2ccc3c(n2)CCNC3)n1,False,curated molecules without the 204 top-decile actives
Cc1nc2ccccn2c1-c1ccnc(Nc2ccc(S(N)(=O)=O)cc2)n1,M,M:random_remaining,random_reference,shared,7.42021640338319,curated row 298,c1ccc(Nc2nccc(-c3cnc4ccccn34)n2)cc1,False,curated molecules without the 204 top-decile actives
CN1CCN(CCCCOc2c(OCc3ccc(C#N)cc3)cc(O)c3c(=O)cc(-c4ccccc4)oc23)CC1,M,M:random_remaining,random_reference,shared,5.173925197299173,curated row 310,O=c1cc(-c2ccccc2)oc2c(OCCCCN3CCNCC3)c(OCc3ccccc3)ccc12,False,curated molecules without the 204 top-decile actives
C=C(CCN(C)C)N1CCc2nc(Nc3ncc(F)c(-c4cc(F)c5nc(C)n(C6CC6)c5c4)n3)ccc2C1,M,M:random_remaining,random_reference,shared,6.503070351926786,curated row 337,c1cc(-c2ccc3ncn(C4CC4)c3c2)nc(Nc2ccc3c(n2)CCNC3)n1,False,curated molecules without the 204 top-decile actives
c1ccc(Cc2nnc3sc(SSc4nn5c(Cc6ccccc6)nnc5s4)nn23)cc1,M,M:random_remaining,random_reference,shared,4.823908740944319,curated row 340,c1ccc(Cc2nnc3sc(SSc4nn5c(Cc6ccccc6)nnc5s4)nn23)cc1,False,curated molecules without the 204 top-decile actives
CC(=O)N1CCC(n2cc(Nc3ncc(Cl)c(-c4cnc5ccccn45)n3)cn2)CC1,M,M:random_remaining,random_reference,shared,7.602059991327963,curated row 348,c1ccn2c(-c3ccnc(Nc4cnn(C5CCNCC5)c4)n3)cnc2c1,False,curated molecules without the 204 top-decile actives
O=C(Cc1ccc(-c2ccccc2)cc1)Nc1cc(C2CC2)[nH]n1,M,M:random_remaining,random_reference,shared,7.2518895394318275,curated row 379,O=C(Cc1ccc(-c2ccccc2)cc1)Nc1cc(C2CC2)[nH]n1,False,curated molecules without the 204 top-decile actives
CC(C)OC(=O)N1CCn2cc(C3=C(c4cnc5ccccn45)C(=O)NC3=O)c3cccc(c32)C1,M,M:random_remaining,random_reference,shared,5.468521082957745,curated row 421,O=C1NC(=O)C(c2cnc3ccccn23)=C1c1cn2c3c(cccc13)CNCC2,False,curated molecules without the 204 top-decile actives
O=C(Nc1cc(C2CC2)[nH]n1)C(=O)c1ccccc1,M,M:random_remaining,random_reference,shared,5.585013289533196,curated row 433,O=C(Nc1cc(C2CC2)[nH]n1)C(=O)c1ccccc1,False,curated molecules without the 204 top-decile actives
COc1ccc2c(=O)[nH]c(O)c(C=NCc3ccc(OC)c(O)c3)c2c1,M,M:random_remaining,random_reference,shared,5.537602002101044,curated row 437,O=c1[nH]cc(C=NCc2ccccc2)c2ccccc12,False,curated molecules without the 204 top-decile actives
CN1C/C=C/CCOc2cc(ccn2)-c2ccnc(n2)Nc2cccc(c2)C1,M,M:random_remaining,random_reference,shared,7.657577319177793,curated row 442,C1=CCNCc2cccc(c2)Nc2nccc(n2)-c2ccnc(c2)OCC1,False,curated molecules without the 204 top-decile actives
ON=C(O)CCCn1cc(CNC2CC2)c(-c2ccccc2)n1,M,M:random_remaining,random_reference,shared,5.431798275933005,curated row 457,c1ccc(-c2n[nH]cc2CNC2CC2)cc1,False,curated molecules without the 204 top-decile actives
CC(C)n1cc(-c2ccnc3[nH]c(C4CCN(CC(=O)N5CCCCC5)CC4)cc23)ccc1=O,M,M:random_remaining,random_reference,shared,5.531743128760553,curated row 461,O=C(CN1CCC(c2cc3c(-c4ccc(=O)[nH]c4)ccnc3[nH]2)CC1)N1CCCCC1,False,curated molecules without the 204 top-decile actives
O=C(NC(c1ccccc1)C1CCNCC1)c1ccc2cnccc2c1,M,M:random_remaining,random_reference,shared,4.705533773838407,curated row 533,O=C(NC(c1ccccc1)C1CCNCC1)c1ccc2cnccc2c1,False,curated molecules without the 204 top-decile actives
COc1ccc(CN(C)/C=C2\C(=O)NC(=O)c3ccc(Br)cc32)cc1O,M,M:random_remaining,random_reference,shared,4.35261702988538,curated row 593,O=C1NC(=O)c2ccccc2C1=CNCc1ccccc1,False,curated molecules without the 204 top-decile actives
CN1C/C=C/CCOc2cccc(c2)-c2nc(nc3[nH]cnc23)Nc2cccc(c2)C1,M,M:random_remaining,random_reference,shared,5.3872161432802645,curated row 607,C1=CCNCc2cccc(c2)Nc2nc(c3nc[nH]c3n2)-c2cccc(c2)OCC1,False,curated molecules without the 204 top-decile actives
COc1c(O)ccc2c1cc1c3c(cc4c(c32)OCO4)C(=O)N1,M,M:random_remaining,random_reference,shared,5.537602002101044,curated row 617,O=C1Nc2cc3ccccc3c3c4c(cc1c23)OCO4,False,curated molecules without the 204 top-decile actives
O=C(Nc1[nH]nc2nc(-c3ccc(O)cc3)ccc12)C1CC1,M,M:random_remaining,random_reference,shared,7.886056647693163,curated row 626,O=C(Nc1[nH]nc2nc(-c3ccccc3)ccc12)C1CC1,False,curated molecules without the 204 top-decile actives
O=c1[nH]c(O)c(C=NCc2ccc(-c3ccoc3)c(O)c2)c2cc(I)ccc12,M,M:random_remaining,random_reference,shared,5.327902142064282,curated row 632,O=c1[nH]cc(C=NCc2ccc(-c3ccoc3)cc2)c2ccccc12,False,curated molecules without the 204 top-decile actives
CN1C(=O)C(N2CCc3cn(CC4CCS(=O)(=O)CC4)nc3C2=O)COc2ccccc21,M,M:random_remaining,random_reference,shared,6.0,curated row 666,O=C1Nc2ccccc2OCC1N1CCc2cn(CC3CCS(=O)(=O)CC3)nc2C1=O,False,curated molecules without the 204 top-decile actives
CNc1nc2sc(-c3cccc(CNC(C)=O)c3)nc2c2c1ncn2C,M,M:random_remaining,random_reference,shared,4.508638306165727,curated row 687,c1ccc(-c2nc3c(ncc4nc[nH]c43)s2)cc1,False,curated molecules without the 204 top-decile actives
CC(=O)Nc1ccc(CNc2nc(N3CCC[C@H](O)C3)nc3c(C(C)C)cnn23)cc1,M,M:random_remaining,random_reference,shared,6.400226060853612,curated row 701,c1ccc(CNc2nc(N3CCCCC3)nc3ccnn23)cc1,False,curated molecules without the 204 top-decile actives
ON=C(O)CCCn1cc(CNC2CCCCC2)c(-c2ccccc2)n1,M,M:random_remaining,random_reference,shared,5.334419008982047,curated row 760,c1ccc(-c2n[nH]cc2CNC2CCCCC2)cc1,False,curated molecules without the 204 top-decile actives
Nc1nccc(-c2c[nH]c3[nH]ccc(=O)c23)n1,M,M:random_remaining,random_reference,shared,5.508638306165727,curated row 763,O=c1cc[nH]c2[nH]cc(-c3ccncn3)c12,False,curated molecules without the 204 top-decile actives
COc1ccc(-c2ocnc2C(=O)NCc2ccncc2)cc1F,M,M:random_remaining,random_reference,shared,6.299997602857746,curated row 792,O=C(NCc1ccncc1)c1ncoc1-c1ccccc1,False,curated molecules without the 204 top-decile actives
Cc1cc(Nc2cnc(C#N)c(N[C@@H](C)c3ccc(F)cn3)n2)[nH]n1,M,M:random_remaining,random_reference,shared,7.522878745280337,curated row 809,c1ccc(CNc2cncc(Nc3ccn[nH]3)n2)nc1,False,curated molecules without the 204 top-decile actives
Nc1ncnc2occ(-c3ccc(NC(=O)Nc4cc(C(F)(F)F)ccc4F)cc3)c12,M,M:random_remaining,random_reference,shared,4.750000100140428,curated row 821,O=C(Nc1ccccc1)Nc1ccc(-c2coc3ncncc23)cc1,False,curated molecules without the 204 top-decile actives
Cc1nnc2sc(Cc3[nH]nc4[nH]c(=S)[nH]c(=S)c34)nn12,M,M:random_remaining,random_reference,shared,4.619788758288394,curated row 823,S=c1[nH]c(=S)c2c(Cc3nn4cnnc4s3)[nH]nc2[nH]1,False,curated molecules without the 204 top-decile actives
C=CC(=O)Nc1ccc(C(=O)Nc2[nH]nc3c2CN(C(=O)N[C@H](CN(C)C)c2ccccc2)C3(C)C)cc1,M,M:random_remaining,random_reference,shared,5.886056647693163,curated row 829,O=C(Nc1[nH]nc2c1CN(C(=O)NCc1ccccc1)C2)c1ccccc1,False,curated molecules without the 204 top-decile actives
Cc1nc2c(F)cc(-c3nc(Nc4ccc5c(n4)CCN(C(=O)CN(C)C)C5)ncc3F)cc2n1C1CCC1,M,M:random_remaining,random_reference,shared,6.531652669587842,curated row 830,c1cc(-c2ccc3ncn(C4CCC4)c3c2)nc(Nc2ccc3c(n2)CCNC3)n1,False,curated molecules without the 204 top-decile actives
NC(C(=O)Nc1cc(C2CC2)[nH]n1)c1ccccc1,M,M:random_remaining,random_reference,shared,6.017864526415276,curated row 853,O=C(Cc1ccccc1)Nc1cc(C2CC2)[nH]n1,False,curated molecules without the 204 top-decile actives
CCCc1cc(NC(=O)c2ccc(Br)cc2)[nH]n1,M,M:random_remaining,random_reference,shared,6.18704321825132,curated row 878,O=C(Nc1ccn[nH]1)c1ccccc1,False,curated molecules without the 204 top-decile actives
CC(=O)Nc1c[nH]nc1-c1nc2ccccc2[nH]1,M,M:random_remaining,random_reference,shared,6.004364805402449,curated row 885,c1ccc2[nH]c(-c3cc[nH]n3)nc2c1,False,curated molecules without the 204 top-decile actives
CC(C)c1c2cc(-c3ccnc(N[C@H]4CC[C@H](NC5CCOCC5)CC4)n3)ccc2nn1C,M,M:random_remaining,random_reference,shared,6.3979400086720375,curated row 891,c1cc(-c2ccc3n[nH]cc3c2)nc(NC2CCC(NC3CCOCC3)CC2)n1,False,curated molecules without the 204 top-decile actives
O=C(O)c1cc(O)c(O)c2c1c([N+](=O)[O-])cc1ccccc12,M,M:random_remaining,random_reference,shared,4.872895201635193,curated row 930,c1ccc2c(c1)ccc1ccccc12,False,curated molecules without the 204 top-decile actives
CCN(CC)C1CCN(c2ccc(Nc3ncc4cc5n(c4n3)C3(CCCCC3)CNC5=O)nc2)CC1,M,M:random_remaining,random_reference,shared,6.012571517681378,curated row 935,O=C1NCC2(CCCCC2)n2c1cc1cnc(Nc3ccc(N4CCCCC4)cn3)nc12,True,curated molecules without the 204 top-decile actives
CNC(=O)c1nn(C)c2c1C(C)(C)Cc1cnc(Nc3cccc(CN4CCN(C)CC4)c3)nc1-2,M,M:random_remaining,random_reference,shared,7.229147988357855,curated row 941,c1cc(CN2CCNCC2)cc(Nc2ncc3c(n2)-c2[nH]ncc2CC3)c1,False,curated molecules without the 204 top-decile actives
CC(C)C=c1cc(-c2ccc[nH]2)c2c(O)[nH]c3ccc(F)c1c32,M,M:random_remaining,random_reference,shared,6.906578314837764,curated row 946,C=c1cc(-c2ccc[nH]2)c2c[nH]c3cccc1c32,False,curated molecules without the 204 top-decile actives
Cc1nc2c(F)cc(-c3nc(Nc4ccc5c(n4)CCN(C(C)CN(C)C)C5)ncc3F)cc2n1C(C)(C)C,M,M:random_remaining,random_reference,shared,7.298432014944073,curated row 953,c1cc(-c2ccc3nc[nH]c3c2)nc(Nc2ccc3c(n2)CCNC3)n1,False,curated molecules without the 204 top-decile actives
Cc1nccc(-c2ccc(C(=O)N(C)C)c(Cl)c2)c1C#Cc1ccc(N)nc1,M,M:random_remaining,random_reference,shared,5.382741358243656,curated row 988,C(#Cc1cnccc1-c1ccccc1)c1cccnc1,False,curated molecules without the 204 top-decile actives
c1ccc2c(c1)Cc1c(-c3ccncc3)n[nH]c1-2,M,M:random_remaining,random_reference,shared,5.886056647693163,curated row 1040,c1ccc2c(c1)Cc1c(-c3ccncc3)n[nH]c1-2,False,curated molecules without the 204 top-decile actives
CCNC(=O)N1CCC(Nc2ncc(Cl)c(-n3ccc4ccccc43)n2)CC1,M,M:random_remaining,random_reference,shared,5.35232368675913,curated row 1043,c1ccc2c(c1)ccn2-c1ccnc(NC2CCNCC2)n1,False,curated molecules without the 204 top-decile actives
c1ncc(-c2cc3cnc(Nc4ccc(N5CCNCC5)cn4)nc3n2C2CCCC2)o1,M,M:random_remaining,random_reference,shared,5.455931955649724,curated row 1056,c1ncc(-c2cc3cnc(Nc4ccc(N5CCNCC5)cn4)nc3n2C2CCCC2)o1,False,curated molecules without the 204 top-decile actives
CCN(CC)C1CCN(c2ccc(Nc3ncc4cc5n(c4n3)C3(CCCCC3)CNC5=O)nc2)C1,M,M:random_remaining,random_reference,shared,5.552172725093563,curated row 1059,O=C1NCC2(CCCCC2)n2c1cc1cnc(Nc3ccc(N4CCCC4)cn3)nc12,False,curated molecules without the 204 top-decile actives
Cc1cc(N2CCCS2(=O)=O)c2oc(-c3ccc(O)cc3)c(O)c(=O)c2c1,M,M:random_remaining,random_reference,shared,6.6020599913279625,curated row 1092,O=c1cc(-c2ccccc2)oc2c(N3CCCS3(=O)=O)cccc12,True,curated molecules without the 204 top-decile actives
N=C1NC(=O)/C(=C/c2ccc(-c3ccc(C(N)=O)cc3)o2)S1,M,M:random_remaining,random_reference,shared,5.031517051446064,curated row 1100,N=C1NC(=O)C(=Cc2ccc(-c3ccccc3)o2)S1,False,curated molecules without the 204 top-decile actives
N[C@H]1CCN(c2c3cc(-c4ccnc(NC(=O)C5CC5)c4)ccc3nc3c2[nH]c2ccccc23)C1,M,M:random_remaining,random_reference,shared,6.838631997765026,curated row 1106,O=C(Nc1cc(-c2ccc3nc4c([nH]c5ccccc54)c(N4CCCC4)c3c2)ccn1)C1CC1,False,curated molecules without the 204 top-decile actives
CC(=O)N1CCC(n2ncc(Nc3ncc(Cl)c(-c4cnc5ccccn45)n3)c2C)CC1,M,M:random_remaining,random_reference,shared,6.634512015109101,curated row 1137,c1ccn2c(-c3ccnc(Nc4cnn(C5CCNCC5)c4)n3)cnc2c1,False,curated molecules without the 204 top-decile actives
CC(C)(C)c1cnc(CSc2cnc(NC(=O)C3CCNCC3)s2)o1,M,M:random_remaining,random_reference,shared,7.24601812122771,curated row 1159,O=C(Nc1ncc(SCc2ncco2)s1)C1CCNCC1,False,curated molecules without the 204 top-decile actives
CCC(CC)n1c(C)nc2c(F)cc(-c3nc(Nc4ccc5c(n4)CCN(CCN(C)C)C5)ncc3F)cc21,M,M:random_remaining,random_reference,shared,7.7594507517174,curated row 1213,c1cc(-c2ccc3nc[nH]c3c2)nc(Nc2ccc3c(n2)CCNC3)n1,False,curated molecules without the 204 top-decile actives
CCn1c(-c2ccnc(Nc3ccc(S(C)(=O)=O)cc3)n2)cnc1C,M,M:random_remaining,random_reference,shared,7.638272163982407,curated row 1236,c1ccc(Nc2nccc(-c3cnc[nH]3)n2)cc1,False,curated molecules without the 204 top-decile actives
Cc1nc2c(F)cc(-c3nc(Nc4ccc5c(n4)CCN(CCN(C)C(=S)n4ccnc4)C5)ncc3F)cc2n1C(C)C,M,M:random_remaining,random_reference,shared,6.832682665251824,curated row 1256,S=C(NCCN1CCc2nc(Nc3nccc(-c4ccc5nc[nH]c5c4)n3)ccc2C1)n1ccnc1,False,curated molecules without the 204 top-decile actives
CN1C/C=C/COCc2cncc(c2)-c2ccnc(n2)Nc2cccc(c2)C1,M,M:random_remaining,random_reference,shared,6.376750709602099,curated row 1319,C1=CCOCc2cncc(c2)-c2ccnc(n2)Nc2cccc(c2)CNC1,True,curated molecules without the 204 top-decile actives
O=c1cc(CN=Cc2c(=O)[nH]c(O)c3ccc(Br)cc23)cc[nH]1,M,M:random_remaining,random_reference,shared,5.568636235841012,curated row 1321,O=c1cc(CN=Cc2c(=O)[nH]cc3ccccc23)cc[nH]1,False,curated molecules without the 204 top-decile actives
N=C1NC(=O)/C(=C/c2ccc(-c3ccc(S(N)(=O)=O)c(C(F)(F)F)c3)o2)S1,M,M:random_remaining,random_reference,shared,6.214670164989233,curated row 1352,N=C1NC(=O)C(=Cc2ccc(-c3ccccc3)o2)S1,False,curated molecules without the 204 top-decile actives
C=CC(=O)Nc1ccc(C(=O)Nc2[nH]nc3ccc(-c4cncc(NC(=O)C(N)Cc5ccccc5)c4)cc23)cc1,M,M:random_remaining,random_reference,shared,6.3214816209598865,curated row 1361,O=C(CCc1ccccc1)Nc1cncc(-c2ccc3n[nH]c(NC(=O)c4ccccc4)c3c2)c1,False,curated molecules without the 204 top-decile actives
Cc1ccc(F)c(Nc2nccc(-c3ccc(S(N)(=O)=O)cc3)n2)c1,M,M:random_remaining,random_reference,shared,7.494850021680094,curated row 1383,c1ccc(Nc2nccc(-c3ccccc3)n2)cc1,False,curated molecules without the 204 top-decile actives
COC(=O)[C@@]1(Cc2ccc(O)c(CC=C(C)C)c2)OC(=O)C(=O)C1c1ccc(O)cc1,M,M:random_remaining,random_reference,shared,5.823908740944319,curated row 1407,O=C1OC(Cc2ccccc2)C(c2ccccc2)C1=O,False,curated molecules without the 204 top-decile actives
COc1cc(NCCc2c[nH]c3ccccc23)c(C(=O)O)cc1[N+](=O)[O-],M,M:random_remaining,random_reference,shared,5.337242168318426,curated row 1414,c1ccc(NCCc2c[nH]c3ccccc23)cc1,False,curated molecules without the 204 top-decile actives
CC1CN(c2ccc(Nc3ncc4cc5n(c4n3)C3(CCCC3)CNC5=O)nc2)CCN1CC1CC1,M,M:random_remaining,random_reference,shared,5.7644055029316235,curated row 1444,O=C1NCC2(CCCC2)n2c1cc1cnc(Nc3ccc(N4CCN(CC5CC5)CC4)cn3)nc12,False,curated molecules without the 204 top-decile actives
CNC(=O)N=S(C)(=O)Cc1cccc(Nc2ncc(F)c(-c3ccc(F)cc3OC)n2)c1,M,M:random_remaining,random_reference,shared,6.366531544420413,curated row 1457,c1ccc(Nc2nccc(-c3ccccc3)n2)cc1,False,curated molecules without the 204 top-decile actives
CC(C)c1cnn2c(NCc3ccc(N)cc3)nc(OC3CCN(C)CC3)nc12,M,M:random_remaining,random_reference,shared,5.875169850586141,curated row 1495,c1ccc(CNc2nc(OC3CCNCC3)nc3ccnn23)cc1,True,curated molecules without the 204 top-decile actives
CNC(=O)c1nn(C)c2c1C(C)(C)Cc1cnc(Nc3cccc(CN4CCOCC4)c3)nc1-2,M,M:random_remaining,random_reference,shared,6.795880017344075,curated row 1541,c1cc(CN2CCOCC2)cc(Nc2ncc3c(n2)-c2[nH]ncc2CC3)c1,False,curated molecules without the 204 top-decile actives
Cc1ccc(-c2nn(-c3ccccc3)cc2C(=O)NC(=S)Nc2ccc(F)cc2)cc1,M,M:random_remaining,random_reference,shared,7.387216143280264,curated row 1545,O=C(NC(=S)Nc1ccccc1)c1cn(-c2ccccc2)nc1-c1ccccc1,False,curated molecules without the 204 top-decile actives
C=CC(=O)Nc1ccc(OC(=O)N2CCCC(Nc3ncc(SCc4ncc(C(C)(C)C)o4)s3)C2)cc1,M,M:random_remaining,random_reference,shared,7.609064892896621,curated row 1564,O=C(Oc1ccccc1)N1CCCC(Nc2ncc(SCc3ncco3)s2)C1,False,curated molecules without the 204 top-decile actives
CC(C)n1nnc2ccc(-c3ccnc(Nc4cc(C(=O)N5CCCC5)ccn4)c3)cc21,M,M:random_remaining,random_reference,shared,6.872247484167026,curated row 1597,O=C(c1ccnc(Nc2cc(-c3ccc4nn[nH]c4c3)ccn2)c1)N1CCCC1,False,curated molecules without the 204 top-decile actives
Cc1ccc(CN=Cc2c(=O)[nH]c(O)c3ccc(I)cc23)cc1O,M,M:random_remaining,random_reference,shared,4.866461091629782,curated row 1635,O=c1[nH]cc2ccccc2c1C=NCc1ccccc1,False,curated molecules without the 204 top-decile actives
CC(=O)Nc1ccc(CNc2nc(N3CCC[C@@H]3CO)nc3c(C(C)C)cnn23)cc1,M,M:random_remaining,random_reference,shared,7.086292086019517,curated row 1661,c1ccc(CNc2nc(N3CCCC3)nc3ccnn23)cc1,True,curated molecules without the 204 top-decile actives
CC(C)(C)CCN1CCN(c2ccc(Nc3ncc4cc5n(c4n3)C3(CCCC3)CNC5=O)nc2)CC1,M,M:random_remaining,random_reference,shared,6.797546383654261,curated row 1683,O=C1NCC2(CCCC2)n2c1cc1cnc(Nc3ccc(N4CCNCC4)cn3)nc12,False,curated molecules without the 204 top-decile actives
CN(C)CC(O)COc1ccc(Nc2ncc(Cl)c(Nc3ccccc3)n2)cc1,M,M:random_remaining,random_reference,shared,6.301029995663981,curated row 1752,c1ccc(Nc2ccnc(Nc3ccccc3)n2)cc1,False,curated molecules without the 204 top-decile actives
CCNC(=O)N1CCC(Nc2nccc(-c3cnc4ccccn34)n2)CC1,M,M:random_remaining,random_reference,shared,5.374790474618119,curated row 1757,c1ccn2c(-c3ccnc(NC4CCNCC4)n3)cnc2c1,False,curated molecules without the 204 top-decile actives
CC[C@@H](Nc1nc(NCc2cccnc2)c2ncn(C(C)C)c2n1)C(O)C(C)(C)C,M,M:random_remaining,random_reference,shared,6.0,curated row 1792,c1cncc(CNc2ncnc3[nH]cnc23)c1,False,curated molecules without the 204 top-decile actives
O=c1[nH]c(O)c(C=NCc2ccn(-c3ccoc3)c(=O)c2)c2cc(I)ccc12,M,M:random_remaining,random_reference,shared,5.585026652029182,curated row 1794,O=c1[nH]cc(C=NCc2ccn(-c3ccoc3)c(=O)c2)c2ccccc12,True,curated molecules without the 204 top-decile actives
CN1CCN(c2cccc3[nH]c(-c4[nH]nc5cc(-c6ccc(CO)cc6)ccc45)nc23)CC1,M,M:random_remaining,random_reference,shared,4.667561540084395,curated row 1801,c1ccc(-c2ccc3c(-c4nc5c(N6CCNCC6)cccc5[nH]4)[nH]nc3c2)cc1,False,curated molecules without the 204 top-decile actives
O=C(O)c1ccc(C(=O)Nc2cc(C3CC3)[nH]n2)cc1,M,M:random_remaining,random_reference,shared,6.7827530729909435,curated row 1826,O=C(Nc1cc(C2CC2)[nH]n1)c1ccccc1,False,curated molecules without the 204 top-decile actives
CN(C)C[C@@H](OC(=O)N1Cc2c(NC(=O)C(C)(C)C)n[nH]c2C1(C)C)c1ccccc1,M,M:random_remaining,random_reference,shared,6.346787486224656,curated row 1847,O=C(OCc1ccccc1)N1Cc2cn[nH]c2C1,False,curated molecules without the 204 top-decile actives
CCN(CC)c1ccc(CC(=O)Nc2[nH]nc3ccc(N4CCCS4(=O)=O)cc23)cc1,M,M:random_remaining,random_reference,shared,7.397940008672037,curated row 1879,O=C(Cc1ccccc1)Nc1[nH]nc2ccc(N3CCCS3(=O)=O)cc12,False,curated molecules without the 204 top-decile actives
CNS(=O)(=O)c1ccc2[nH]c(O)c(C=c3[nH]cc4c3=CCNC4=O)c2c1,M,M:random_remaining,random_reference,shared,8.045757490560675,curated row 1884,O=C1NCC=c2c1c[nH]c2=Cc1c[nH]c2ccccc12,False,curated molecules without the 204 top-decile actives
COc1ccc(-c2nn(-c3ccccc3)cc2C(=O)NC(=S)Nc2ccc(F)cc2)cc1,M,M:random_remaining,random_reference,shared,7.494850021680094,curated row 1899,O=C(NC(=S)Nc1ccccc1)c1cn(-c2ccccc2)nc1-c1ccccc1,False,curated molecules without the 204 top-decile actives
CCNC(=O)N1CCC[C@H](Nc2ncc(Cl)c(-c3c[nH]c4ccccc34)n2)C1,M,M:random_remaining,random_reference,shared,6.255707016877324,curated row 1914,c1ccc2c(-c3ccnc(NC4CCCNC4)n3)c[nH]c2c1,False,curated molecules without the 204 top-decile actives
Nc1nccc(-c2cc(N3C[C@H](O)[C@@H](O)C3)ccc2O)n1,M,M:random_remaining,random_reference,shared,7.67778070526608,curated row 1931,c1cc(-c2ccncn2)cc(N2CCCC2)c1,False,curated molecules without the 204 top-decile actives
CCN(CC)CCNC(=O)c1cccc(Nc2nccc(-c3cnn4ncccc34)n2)c1,M,M:random_remaining,random_reference,shared,7.397940008672037,curated row 1959,c1ccc(Nc2nccc(-c3cnn4ncccc34)n2)cc1,False,curated molecules without the 204 top-decile actives
CNC(=O)c1nn(C)c2c1CCc1cnc(Nc3ccc(N4CCN(C)CC4)cc3)nc1-2,M,M:random_remaining,random_reference,shared,7.346787486224656,curated row 2014,c1cc(N2CCNCC2)ccc1Nc1ncc2c(n1)-c1[nH]ncc1CC2,False,curated molecules without the 204 top-decile actives
O=C(Cc1ccc(-c2ccccc2)cc1)Nc1[nH]nc2ccc(N3CCCS3(=O)=O)cc12,S,S:random_remaining,random_reference,shared,7.853871964321762,curated row 12,O=C(Cc1ccc(-c2ccccc2)cc1)Nc1[nH]nc2ccc(N3CCCS3(=O)=O)cc12,False,"curated molecules without 9 scaffold families (260 molecules, 93 top-decile actives)"
Cc1nc2c(F)cc(-c3nc(Nc4ccc5c(n4)CCNC5)ncc3F)cc2n1C(C)C1CC1,S,S:random_remaining,random_reference,shared,7.823908740944319,curated row 48,c1cc(-c2ccc3ncn(CC4CC4)c3c2)nc(Nc2ccc3c(n2)CCNC3)n1,False,"curated molecules without 9 scaffold families (260 molecules, 93 top-decile actives)"
COc1ccccc1C(=O)c1ccc2nc(N)c(C(=O)c3c(F)cccc3F)n2c1,S,S:random_remaining,random_reference,shared,6.219682687859849,curated row 53,O=C(c1ccccc1)c1ccc2ncc(C(=O)c3ccccc3)n2c1,False,"curated molecules without 9 scaffold families (260 molecules, 93 top-decile actives)"
CC(C)(C)Nc1nc(C(F)(F)F)nc2ccc(-c3cccnc3)cc12,S,S:random_remaining,random_reference,shared,5.920818753952375,curated row 63,c1cncc(-c2ccc3ncncc3c2)c1,False,"curated molecules without 9 scaffold families (260 molecules, 93 top-decile actives)"
C=CC(=O)Nc1ccc(S(=O)(=O)N2CCC[C@@H](Nc3ncc(SCc4ncc(C(C)(C)C)o4)s3)C2)cc1,S,S:random_remaining,random_reference,shared,6.578396073130168,curated row 79,O=S(=O)(c1ccccc1)N1CCCC(Nc2ncc(SCc3ncco3)s2)C1,False,"curated molecules without 9 scaffold families (260 molecules, 93 top-decile actives)"
CCCCOc1c(C(=O)c2c(F)cc(C)cc2F)ccc2[nH]ncc12,S,S:random_remaining,random_reference,shared,8.221848749616356,curated row 97,O=C(c1ccccc1)c1ccc2[nH]ncc2c1,False,"curated molecules without 9 scaffold families (260 molecules, 93 top-decile actives)"
CC(C(=O)Nc1cc(C2CC2)[nH]n1)c1ccc(N2CCNC2=O)cc1,S,S:random_remaining,random_reference,shared,7.520484076358732,curated row 118,O=C(Cc1ccc(N2CCNC2=O)cc1)Nc1cc(C2CC2)[nH]n1,False,"curated molecules without 9 scaffold families (260 molecules, 93 top-decile actives)"
O=C1NCC2(CCCCC2)n2c1cc1cnc(Nc3ccc(C(=O)N4CCNCC4)cn3)nc12,S,S:random_remaining,random_reference,shared,7.060624239913499,curated row 146,O=C1NCC2(CCCCC2)n2c1cc1cnc(Nc3ccc(C(=O)N4CCNCC4)cn3)nc12,False,"curated molecules without 9 scaffold families (260 molecules, 93 top-decile actives)"
CN(C)C1CCN(c2ccc(Nc3ncc4cc5n(c4n3)C3(CCCC3)CNC5=O)nn2)CC1,S,S:random_remaining,random_reference,shared,5.518557371497695,curated row 153,O=C1NCC2(CCCC2)n2c1cc1cnc(Nc3ccc(N4CCCCC4)nn3)nc12,False,"curated molecules without 9 scaffold families (260 molecules, 93 top-decile actives)"
C=CC(=O)Nc1ccc(C(=O)N2CCCC(Nc3ncc(CNCc4ncc(C(C)(C)C)o4)s3)C2)cc1,S,S:random_remaining,random_reference,shared,5.498940737782249,curated row 155,O=C(c1ccccc1)N1CCCC(Nc2ncc(CNCc3ncco3)s2)C1,False,"curated molecules without 9 scaffold families (260 molecules, 93 top-decile actives)"
CC[C@H](Nc1nc(NCc2ccccc2)c2ncn(C(C)C)c2n1)[C@@H](C)O,S,S:random_remaining,random_reference,shared,8.301029995663981,curated row 233,c1ccc(CNc2ncnc3[nH]cnc23)cc1,False,"curated molecules without 9 scaffold families (260 molecules, 93 top-decile actives)"
COc1cc(F)ccc1-c1nc(Nc2cc(Br)cc(CS(C)(=O)=NC#N)c2)ncc1F,S,S:random_remaining,random_reference,shared,6.920818753952375,curated row 265,c1ccc(Nc2nccc(-c3ccccc3)n2)cc1,True,"curated molecules without 9 scaffold families (260 molecules, 93 top-decile actives)"
COc1nn(C2CCN(C(C)=O)CC2)cc1Nc1ncc(Cl)c(-c2cnn3ccccc23)n1,S,S:random_remaining,random_reference,shared,6.442492798094342,curated row 273,c1ccn2ncc(-c3ccnc(Nc4cnn(C5CCNCC5)c4)n3)c2c1,False,"curated molecules without 9 scaffold families (260 molecules, 93 top-decile actives)"
O=C(NC(=S)Nc1ccc(Cl)cc1)c1cn(-c2ccccc2)nc1-c1ccc(Cl)cc1,S,S:random_remaining,random_reference,shared,7.236572006437063,curated row 288,O=C(NC(=S)Nc1ccccc1)c1cn(-c2ccccc2)nc1-c1ccccc1,False,"curated molecules without 9 scaffold families (260 molecules, 93 top-decile actives)"
Cc1c(N[C@H]2CCCNC2)nc2ccnn2c1Nc1ccc2c(cnn2C)c1,S,S:random_remaining,random_reference,shared,4.568636235841013,curated row 299,c1cc2nc(NC3CCCNC3)cc(Nc3ccc4[nH]ncc4c3)n2n1,False,"curated molecules without 9 scaffold families (260 molecules, 93 top-decile actives)"
C[C@@H](Oc1cc(-c2cc(-c3cc(CN(C)C)cs3)cnc2N)ccc1C(N)=O)c1ccccc1C(F)(F)F,S,S:random_remaining,random_reference,shared,4.575118363368933,curated row 307,c1ccc(COc2cccc(-c3cncc(-c4cccs4)c3)c2)cc1,False,"curated molecules without 9 scaffold families (260 molecules, 93 top-decile actives)"
CN1CCN(CCCCOc2c(OCc3ccc(C#N)cc3)cc(O)c3c(=O)cc(-c4ccccc4)oc23)CC1,S,S:random_remaining,random_reference,shared,5.173925197299173,curated row 310,O=c1cc(-c2ccccc2)oc2c(OCCCCN3CCNCC3)c(OCc3ccccc3)ccc12,False,"curated molecules without 9 scaffold families (260 molecules, 93 top-decile actives)"
CCc1c(C(=O)NCCc2ccc(N3CCOCC3)cc2)[nH]c2ccc(C)cc12,S,S:random_remaining,random_reference,shared,7.795880017344075,curated row 314,O=C(NCCc1ccc(N2CCOCC2)cc1)c1cc2ccccc2[nH]1,False,"curated molecules without 9 scaffold families (260 molecules, 93 top-decile actives)"
Oc1ccc(-c2nc(Nc3cccc(Cl)c3)nc3[nH]cnc23)cc1,S,S:random_remaining,random_reference,shared,5.154901959985743,curated row 331,c1ccc(Nc2nc(-c3ccccc3)c3nc[nH]c3n2)cc1,False,"curated molecules without 9 scaffold families (260 molecules, 93 top-decile actives)"
CNc1nccc(-n2ccc3ccc(C#N)cc32)n1,S,S:random_remaining,random_reference,shared,5.568636235841012,curated row 342,c1ccc2c(c1)ccn2-c1ccncn1,False,"curated molecules without 9 scaffold families (260 molecules, 93 top-decile actives)"
CNC(=O)c1ccc(Nc2nccc(-c3cnc(C)n3C3CCCC3)n2)cc1,S,S:random_remaining,random_reference,shared,8.698970004336019,curated row 383,c1ccc(Nc2nccc(-c3cncn3C3CCCC3)n2)cc1,False,"curated molecules without 9 scaffold families (260 molecules, 93 top-decile actives)"
COc1ccc(CN=Cc2c(=O)[nH]c(O)c3cccc(Br)c23)cc1O,S,S:random_remaining,random_reference,shared,5.508638306165727,curated row 391,O=c1[nH]cc2ccccc2c1C=NCc1ccccc1,False,"curated molecules without 9 scaffold families (260 molecules, 93 top-decile actives)"
CC[C@H](Nc1nc(NC2CC2)c2ncn(C(C)C)c2n1)[C@@H](C)O,S,S:random_remaining,random_reference,shared,7.301029995663981,curated row 410,c1nc(NC2CC2)c2nc[nH]c2n1,False,"curated molecules without 9 scaffold families (260 molecules, 93 top-decile actives)"
O=C(Nc1cc(C2CC2)[nH]n1)C(=O)c1ccccc1,S,S:random_remaining,random_reference,shared,5.585013289533196,curated row 433,O=C(Nc1cc(C2CC2)[nH]n1)C(=O)c1ccccc1,False,"curated molecules without 9 scaffold families (260 molecules, 93 top-decile actives)"
CNC(=O)Nc1ccc(-c2cc(-c3ccnc(Nc4ccc(C)c(S(=O)(=O)NC)c4)n3)ccn2)cc1,S,S:random_remaining,random_reference,shared,6.958607314841775,curated row 444,c1ccc(Nc2nccc(-c3ccnc(-c4ccccc4)c3)n2)cc1,False,"curated molecules without 9 scaffold families (260 molecules, 93 top-decile actives)"
Nc1nccc(-c2c[nH]c3ncc(-c4ccc(F)cc4)cc23)n1,S,S:random_remaining,random_reference,shared,8.259637310505756,curated row 451,c1ccc(-c2cnc3[nH]cc(-c4ccncn4)c3c2)cc1,False,"curated molecules without 9 scaffold families (260 molecules, 93 top-decile actives)"
CN1CC([C@@H](NC(=O)c2ccc3cnccc3c2)c2ccc(Cl)c(Cl)c2)C1,S,S:random_remaining,random_reference,shared,6.443697499232712,curated row 455,O=C(NC(c1ccccc1)C1CNC1)c1ccc2cnccc2c1,False,"curated molecules without 9 scaffold families (260 molecules, 93 top-decile actives)"
COc1ccc(C(=O)Nc2cc(C3CC3)[nH]n2)cc1,S,S:random_remaining,random_reference,shared,6.151906387191478,curated row 466,O=C(Nc1cc(C2CC2)[nH]n1)c1ccccc1,False,"curated molecules without 9 scaffold families (260 molecules, 93 top-decile actives)"
CC[C@@H](CO)Nc1nc(NCc2ccc(NC(C)=O)cc2)n2ncc(C(C)C)c2n1,S,S:random_remaining,random_reference,shared,6.454198242840723,curated row 477,c1ccc(CNc2ncnc3ccnn23)cc1,False,"curated molecules without 9 scaffold families (260 molecules, 93 top-decile actives)"
Cc1nc2c(F)cc(-c3nc(Nc4ncc5c(n4)CCNC5)ncc3F)cc2n1C(C)C,S,S:random_remaining,random_reference,shared,6.253365801062421,curated row 493,c1cc(-c2ccc3nc[nH]c3c2)nc(Nc2ncc3c(n2)CCNC3)n1,True,"curated molecules without 9 scaffold families (260 molecules, 93 top-decile actives)"
CCC(=O)Nc1ccc(CNc2nc(OC3CCN(C)CC3)nc3c(C(C)C)cnn23)cc1,S,S:random_remaining,random_reference,shared,5.898081166319576,curated row 499,c1ccc(CNc2nc(OC3CCNCC3)nc3ccnn23)cc1,False,"curated molecules without 9 scaffold families (260 molecules, 93 top-decile actives)"
O=c1[nH]c(O)c(C=Nc2ccc(CN3CCCCC3)cc2)c2ccccc12,S,S:random_remaining,random_reference,shared,4.707743928643524,curated row 534,O=c1[nH]cc(C=Nc2ccc(CN3CCCCC3)cc2)c2ccccc12,False,"curated molecules without 9 scaffold families (260 molecules, 93 top-decile actives)"
O=C(Cc1ccccc1)Nc1c[nH]nc1C(=O)Nc1ccc(F)cc1,S,S:random_remaining,random_reference,shared,5.795880017344075,curated row 587,O=C(Cc1ccccc1)Nc1c[nH]nc1C(=O)Nc1ccccc1,False,"curated molecules without 9 scaffold families (260 molecules, 93 top-decile actives)"
COc1cc(N2CCN(C(C)=O)CC2)ccc1Nc1ncc(C)c(-c2cnc3ccccn23)n1,S,S:random_remaining,random_reference,shared,5.0,curated row 597,c1ccn2c(-c3ccnc(Nc4ccc(N5CCNCC5)cc4)n3)cnc2c1,False,"curated molecules without 9 scaffold families (260 molecules, 93 top-decile actives)"
O=c1cc(-c2ccc(O)c(O)c2)oc2cc(O)cc(O)c12,S,S:random_remaining,random_reference,shared,4.698970004336019,curated row 648,O=c1cc(-c2ccccc2)oc2ccccc12,False,"curated molecules without 9 scaffold families (260 molecules, 93 top-decile actives)"
COc1ccc(-c2ocnc2C(=O)NCc2ccncc2)cc1Cl,S,S:random_remaining,random_reference,shared,6.299997602857746,curated row 652,O=C(NCc1ccncc1)c1ncoc1-c1ccccc1,False,"curated molecules without 9 scaffold families (260 molecules, 93 top-decile actives)"
CN1CCN(c2cc(NCc3cccnc3)n3nccc3n2)CC1,S,S:random_remaining,random_reference,shared,5.251811972993799,curated row 658,c1cncc(CNc2cc(N3CCNCC3)nc3ccnn23)c1,False,"curated molecules without 9 scaffold families (260 molecules, 93 top-decile actives)"
Cc1cc(C(C#N)c2ccc(Cl)cc2)c(Cl)cc1NC(=O)c1cc(I)cc(I)c1O,S,S:random_remaining,random_reference,shared,5.0,curated row 719,O=C(Nc1ccc(Cc2ccccc2)cc1)c1ccccc1,False,"curated molecules without 9 scaffold families (260 molecules, 93 top-decile actives)"
CN(C)C(=O)c1cccc(-c2cnc(N)c(-c3nc4cccc(N5CCNCC5)c4n3C)n2)c1,S,S:random_remaining,random_reference,shared,5.853871964321762,curated row 725,c1ccc(-c2cncc(-c3nc4cccc(N5CCNCC5)c4[nH]3)n2)cc1,False,"curated molecules without 9 scaffold families (260 molecules, 93 top-decile actives)"
O=C(Cc1ccc(F)cc1)Nc1[nH]nc2ccc(N3CCCS3(=O)=O)cc12,S,S:random_remaining,random_reference,shared,7.698970004336019,curated row 758,O=C(Cc1ccccc1)Nc1[nH]nc2ccc(N3CCCS3(=O)=O)cc12,False,"curated molecules without 9 scaffold families (260 molecules, 93 top-decile actives)"
Nc1nccc(-c2c[nH]c3[nH]ccc(=O)c23)n1,S,S:random_remaining,random_reference,shared,5.508638306165727,curated row 763,O=c1cc[nH]c2[nH]cc(-c3ccncn3)c12,False,"curated molecules without 9 scaffold families (260 molecules, 93 top-decile actives)"
CN1CCC(Oc2ccc(Nc3ncc(F)c(-c4cc(F)c5nc6n(c5c4)C(C)(C)CC6)n3)nc2)CC1,S,S:random_remaining,random_reference,shared,7.193141970481182,curated row 800,c1cc(-c2ccc3nc4n(c3c2)CCC4)nc(Nc2ccc(OC3CCNCC3)cn2)n1,False,"curated molecules without 9 scaffold families (260 molecules, 93 top-decile actives)"
CC[C@H](CO)Nc1nc(NCc2ccc(NC(=O)C3(F)CC3)cc2)n2ncc(C(C)C)c2n1,S,S:random_remaining,random_reference,shared,6.242983765268699,curated row 820,O=C(Nc1ccc(CNc2ncnc3ccnn23)cc1)C1CC1,False,"curated molecules without 9 scaffold families (260 molecules, 93 top-decile actives)"
Cc1[nH]nc2c1N=C(c1ccccc1Cl)c1cc(N)ccc1N2,S,S:random_remaining,random_reference,shared,7.055517327849831,curated row 828,c1ccc(C2=Nc3c[nH]nc3Nc3ccccc32)cc1,False,"curated molecules without 9 scaffold families (260 molecules, 93 top-decile actives)"
CC(=O)Nc1c[nH]nc1-c1nc2ccccc2[nH]1,S,S:random_remaining,random_reference,shared,6.004364805402449,curated row 885,c1ccc2[nH]c(-c3cc[nH]n3)nc2c1,False,"curated molecules without 9 scaffold families (260 molecules, 93 top-decile actives)"
COc1cc(F)ccc1-c1cc(Nc2cnn(CCCCCC(O)=NO)c2)ncc1F,S,S:random_remaining,random_reference,shared,5.052909535780378,curated row 899,c1ccc(-c2ccnc(Nc3cn[nH]c3)c2)cc1,False,"curated molecules without 9 scaffold families (260 molecules, 93 top-decile actives)"
CC(C)COc1cc(Nc2ccc(S(C)(=O)=O)cc2)n2ncc(C(C)C)c2n1,S,S:random_remaining,random_reference,shared,5.920818753952375,curated row 906,c1ccc(Nc2ccnc3ccnn23)cc1,False,"curated molecules without 9 scaffold families (260 molecules, 93 top-decile actives)"
C[C@@H]1CN(c2ccc(Nc3ncc4cc5n(c4n3)C3(CCCCC3)CNC5=O)nc2)C[C@H](C)N1,S,S:random_remaining,random_reference,shared,5.722114314122241,curated row 955,O=C1NCC2(CCCCC2)n2c1cc1cnc(Nc3ccc(N4CCNCC4)cn3)nc12,False,"curated molecules without 9 scaffold families (260 molecules, 93 top-decile actives)"
CN=C(N)SCCCn1c(=O)c2c(c1=O)n1c3ccccc3cc1c1cccc3ccn2c31,S,S:random_remaining,random_reference,shared,5.200659450546418,curated row 998,O=c1[nH]c(=O)c2c1n1ccc3cccc(c31)c1cc3ccccc3n12,False,"curated molecules without 9 scaffold families (260 molecules, 93 top-decile actives)"
COc1cccc2c1cc1c3c(cc4c(c32)OCO4)C(=O)N1,S,S:random_remaining,random_reference,shared,5.920818753952375,curated row 1006,O=C1Nc2cc3ccccc3c3c4c(cc1c23)OCO4,False,"curated molecules without 9 scaffold families (260 molecules, 93 top-decile actives)"
O=C(Cc1ccccc1)Nc1cc(C2CC2)[nH]n1,S,S:random_remaining,random_reference,shared,7.318894522079257,curated row 1008,O=C(Cc1ccccc1)Nc1cc(C2CC2)[nH]n1,False,"curated molecules without 9 scaffold families (260 molecules, 93 top-decile actives)"
CO[C@@]1(C)C(=O)C(O)C(C)=C2OC(=O)c3c(C)cc(O)c(C)c3O[C@@H]21,S,S:random_remaining,random_reference,shared,6.011138197355576,curated row 1029,O=C1CC=C2OC(=O)c3ccccc3OC2C1,False,"curated molecules without 9 scaffold families (260 molecules, 93 top-decile actives)"
Cn1cc(S(=O)(=O)N2CCC(Nc3ncc4c(n3)N([C@@H]3CCC[C@@H](O)C3)C(=O)C43CC3)CC2)cn1,S,S:random_remaining,random_reference,shared,6.500312917381596,curated row 1032,O=C1N(C2CCCCC2)c2nc(NC3CCN(S(=O)(=O)c4cn[nH]c4)CC3)ncc2C12CC2,False,"curated molecules without 9 scaffold families (260 molecules, 93 top-decile actives)"
C1=C/COCc2cc(ccc2OCCN2CCCC2)Nc2nccc(n2)-c2ccc(o2)COC/1,S,S:random_remaining,random_reference,shared,5.154901959985743,curated row 1061,C1=CCOCc2cc(ccc2OCCN2CCCC2)Nc2nccc(n2)-c2ccc(o2)COC1,False,"curated molecules without 9 scaffold families (260 molecules, 93 top-decile actives)"
Nc1ccccc1NC(=O)/C=C/c1ccc(-c2ccc3ncnc(Nc4ccc(OCc5cccc(F)c5)c(Cl)c4)c3c2)cc1,S,S:random_remaining,random_reference,shared,5.920818753952375,curated row 1069,O=C(C=Cc1ccc(-c2ccc3ncnc(Nc4ccc(OCc5ccccc5)cc4)c3c2)cc1)Nc1ccccc1,False,"curated molecules without 9 scaffold families (260 molecules, 93 top-decile actives)"
N=C1NC(=O)/C(=C/c2ccc(-c3ccc(C(N)=O)cc3)o2)S1,S,S:random_remaining,random_reference,shared,5.031517051446064,curated row 1100,N=C1NC(=O)C(=Cc2ccc(-c3ccccc3)o2)S1,False,"curated molecules without 9 scaffold families (260 molecules, 93 top-decile actives)"
NS(=O)(=O)c1ccc(Nc2nc(OCC3CCCCC3)c3[nH]cnc3n2)cc1,S,S:random_remaining,random_reference,shared,8.17956061064919,curated row 1167,c1ccc(Nc2nc(OCC3CCCCC3)c3[nH]cnc3n2)cc1,False,"curated molecules without 9 scaffold families (260 molecules, 93 top-decile actives)"
O=C(O)c1cc(O)c(O)c2c1c([N+](=O)[O-])cc1c(O)cccc12,S,S:random_remaining,random_reference,shared,5.2441251443275085,curated row 1227,c1ccc2c(c1)ccc1ccccc12,False,"curated molecules without 9 scaffold families (260 molecules, 93 top-decile actives)"
CN1CCN(Cc2ccc(-c3cnc4[nH]cc(-c5ccc6[nH]ccc6c5)c4c3)cc2)CC1,S,S:random_remaining,random_reference,shared,5.928117992693874,curated row 1278,c1cc2cc(-c3c[nH]c4ncc(-c5ccc(CN6CCNCC6)cc5)cc34)ccc2[nH]1,False,"curated molecules without 9 scaffold families (260 molecules, 93 top-decile actives)"
COc1cc2c(Nc3ncc(CC(=O)Nc4cccc(F)c4)s3)ncnc2cc1OCCCN1CCC(CO)CC1,S,S:random_remaining,random_reference,shared,4.2076083105017466,curated row 1289,O=C(Cc1cnc(Nc2ncnc3cc(OCCCN4CCCCC4)ccc23)s1)Nc1ccccc1,False,"curated molecules without 9 scaffold families (260 molecules, 93 top-decile actives)"
NS(=O)(=O)c1ccc(N=Nc2c(O)[nH]c3ccc(C(=O)NCCc4c[nH]cn4)cc23)cc1,S,S:random_remaining,random_reference,shared,7.920818753952375,curated row 1292,O=C(NCCc1c[nH]cn1)c1ccc2[nH]cc(N=Nc3ccccc3)c2c1,False,"curated molecules without 9 scaffold families (260 molecules, 93 top-decile actives)"
CS(=O)(=O)N1CCC(Nc2ncc(C(F)(F)F)c(-c3cnn(-c4ccccc4Cl)c3)n2)CC1,S,S:random_remaining,random_reference,shared,6.08460016478773,curated row 1299,c1ccc(-n2cc(-c3ccnc(NC4CCNCC4)n3)cn2)cc1,False,"curated molecules without 9 scaffold families (260 molecules, 93 top-decile actives)"
O=c1cc(CN=Cc2c(=O)[nH]c(O)c3ccc(Br)cc23)cc[nH]1,S,S:random_remaining,random_reference,shared,5.568636235841012,curated row 1321,O=c1cc(CN=Cc2c(=O)[nH]cc3ccccc23)cc[nH]1,False,"curated molecules without 9 scaffold families (260 molecules, 93 top-decile actives)"
Cc1nc2c(F)cc(-c3nc(Nc4ccc5c(n4)CCN(CC(C)(C)N)C5)ncc3F)cc2n1C1CC1,S,S:random_remaining,random_reference,shared,6.246416941107094,curated row 1328,c1cc(-c2ccc3ncn(C4CC4)c3c2)nc(Nc2ccc3c(n2)CCNC3)n1,False,"curated molecules without 9 scaffold families (260 molecules, 93 top-decile actives)"
O=C(O)c1cc(C(F)(F)F)ccc1NCCc1c[nH]c2ccccc12,S,S:random_remaining,random_reference,shared,5.958607314841775,curated row 1402,c1ccc(NCCc2c[nH]c3ccccc23)cc1,False,"curated molecules without 9 scaffold families (260 molecules, 93 top-decile actives)"
COc1coc(CN=Cc2c(=O)[nH]c(O)c3ccc(Br)cc23)cc1=O,S,S:random_remaining,random_reference,shared,4.772113295386326,curated row 1440,O=c1ccoc(CN=Cc2c(=O)[nH]cc3ccccc23)c1,False,"curated molecules without 9 scaffold families (260 molecules, 93 top-decile actives)"
CCOc1cc(F)ccc1-c1nc(Nc2cc(F)cc(CS(C)(=O)=NC#N)c2)ncc1F,S,S:random_remaining,random_reference,shared,6.537602002101044,curated row 1451,c1ccc(Nc2nccc(-c3ccccc3)n2)cc1,True,"curated molecules without 9 scaffold families (260 molecules, 93 top-decile actives)"
COc1ccc2[nH]nc(C(=O)NCC3CCN(CCc4ccc(O)cc4)CC3)c2c1,S,S:random_remaining,random_reference,shared,4.443697499232713,curated row 1456,O=C(NCC1CCN(CCc2ccccc2)CC1)c1n[nH]c2ccccc12,False,"curated molecules without 9 scaffold families (260 molecules, 93 top-decile actives)"
Nc1nc2ccc(C(=Cc3nn[nH]n3)c3c(F)cccc3F)cn2c1C(=O)c1c(F)cccc1F,S,S:random_remaining,random_reference,shared,5.771856392402258,curated row 1486,O=C(c1ccccc1)c1cnc2ccc(C(=Cc3nn[nH]n3)c3ccccc3)cn12,False,"curated molecules without 9 scaffold families (260 molecules, 93 top-decile actives)"
COc1ccc(-c2nn(-c3ccccc3)cc2C(=O)NC(=S)Nc2ccc(Cl)cc2)cc1,S,S:random_remaining,random_reference,shared,7.522878745280337,curated row 1514,O=C(NC(=S)Nc1ccccc1)c1cn(-c2ccccc2)nc1-c1ccccc1,False,"curated molecules without 9 scaffold families (260 molecules, 93 top-decile actives)"
C[C@@H]1CN(c2ccc(Nc3ncc4cc5n(c4n3)C3(CCCCC3)CNC5=O)nc2)CCN1C,S,S:random_remaining,random_reference,shared,5.56738877185491,curated row 1516,O=C1NCC2(CCCCC2)n2c1cc1cnc(Nc3ccc(N4CCNCC4)cn3)nc12,False,"curated molecules without 9 scaffold families (260 molecules, 93 top-decile actives)"
Cn1cc(C2=C(c3cn(CC(O)CO)c4ccccc34)C(=O)NC2=O)c2ccccc21,S,S:random_remaining,random_reference,shared,5.79317412396815,curated row 1522,O=C1NC(=O)C(c2c[nH]c3ccccc23)=C1c1c[nH]c2ccccc12,True,"curated molecules without 9 scaffold families (260 molecules, 93 top-decile actives)"
O=C(Nc1cc(C2CCCCC2)[nH]n1)c1ccc(Br)cc1,S,S:random_remaining,random_reference,shared,5.5,curated row 1526,O=C(Nc1cc(C2CCCCC2)[nH]n1)c1ccccc1,False,"curated molecules without 9 scaffold families (260 molecules, 93 top-decile actives)"
FC(F)(F)c1cnc(Nc2ccc3[nH]cnc3c2)nc1Nc1ccccc1Cl,S,S:random_remaining,random_reference,shared,8.698970004336019,curated row 1539,c1ccc(Nc2ccnc(Nc3ccc4[nH]cnc4c3)n2)cc1,True,"curated molecules without 9 scaffold families (260 molecules, 93 top-decile actives)"
Cc1nc2c(F)cc(-c3nc(Nc4ccc5c(n4)CCN(C[C@@H](O)CN(C)C)C5)ncc3F)cc2n1C1CC1,S,S:random_remaining,random_reference,shared,6.430626090384954,curated row 1576,c1cc(-c2ccc3ncn(C4CC4)c3c2)nc(Nc2ccc3c(n2)CCNC3)n1,False,"curated molecules without 9 scaffold families (260 molecules, 93 top-decile actives)"
Nc1nccc(-n2cc(-c3ccc(Cl)cc3)c3cnccc32)n1,S,S:random_remaining,random_reference,shared,7.221848749616356,curated row 1582,c1ccc(-c2cn(-c3ccncn3)c3ccncc23)cc1,False,"curated molecules without 9 scaffold families (260 molecules, 93 top-decile actives)"
c1ccc(-c2cccc3nc(-c4cncnc4)nc(NCc4ccccn4)c23)cc1,S,S:random_remaining,random_reference,shared,4.301029995663981,curated row 1593,c1ccc(-c2cccc3nc(-c4cncnc4)nc(NCc4ccccn4)c23)cc1,True,"curated molecules without 9 scaffold families (260 molecules, 93 top-decile actives)"
C[C@H]1CN(c2ccc(Nc3ncc4cc5n(c4n3)C3(CCCCC3)CNC5=O)nc2)CCN1,S,S:random_remaining,random_reference,shared,5.896533119059701,curated row 1607,O=C1NCC2(CCCCC2)n2c1cc1cnc(Nc3ccc(N4CCNCC4)cn3)nc12,False,"curated molecules without 9 scaffold families (260 molecules, 93 top-decile actives)"
O=C1Nc2ccc(F)c3c(S[C@H]4CCNC4)cc(-c4ccc[nH]4)c1c23,S,S:random_remaining,random_reference,shared,8.301029995663981,curated row 1610,O=C1Nc2cccc3c(SC4CCNC4)cc(-c4ccc[nH]4)c1c23,False,"curated molecules without 9 scaffold families (260 molecules, 93 top-decile actives)"
CC(C)(C)c1nc2c3cc[nH]c(=O)c3c3cc(F)ccc3c2[nH]1,S,S:random_remaining,random_reference,shared,5.481486060122112,curated row 1647,O=c1[nH]ccc2c3nc[nH]c3c3ccccc3c12,False,"curated molecules without 9 scaffold families (260 molecules, 93 top-decile actives)"
COc1cccc(OC)c1CNC(=O)c1ccc2[nH]c(O)c(N=Nc3ccc(S(N)(=O)=O)cc3)c2c1,S,S:random_remaining,random_reference,shared,8.769551078621726,curated row 1648,O=C(NCc1ccccc1)c1ccc2[nH]cc(N=Nc3ccccc3)c2c1,False,"curated molecules without 9 scaffold families (260 molecules, 93 top-decile actives)"
CCOC(=O)N=S(C)(=O)Cc1cccc(Nc2ncc(F)c(-c3ccc(F)cc3OC)n2)c1,S,S:random_remaining,random_reference,shared,6.107905397309519,curated row 1655,c1ccc(Nc2nccc(-c3ccccc3)n2)cc1,False,"curated molecules without 9 scaffold families (260 molecules, 93 top-decile actives)"
COc1ccc(CN=Cc2c(=O)[nH]c(O)c3ccc(I)cc23)cc1O,S,S:random_remaining,random_reference,shared,6.060480747381382,curated row 1674,O=c1[nH]cc2ccccc2c1C=NCc1ccccc1,False,"curated molecules without 9 scaffold families (260 molecules, 93 top-decile actives)"
C#CCN(c1ccnc(Nc2ccc(OCC(O)CN(C)C)cc2)n1)c1cc(Cl)ccc1Cl,S,S:random_remaining,random_reference,shared,5.698970004336019,curated row 1679,c1ccc(Nc2ccnc(Nc3ccccc3)n2)cc1,False,"curated molecules without 9 scaffold families (260 molecules, 93 top-decile actives)"
CCCC(=O)Nc1[nH]nc2cc(Cl)c(-c3ccccc3)cc12,S,S:random_remaining,random_reference,shared,5.6020599913279625,curated row 1709,c1ccc(-c2ccc3n[nH]cc3c2)cc1,False,"curated molecules without 9 scaffold families (260 molecules, 93 top-decile actives)"
COc1ccc(-c2nc3c(NCCCNC(=O)C4CC(O)C4)c(Br)cnc3[nH]2)cc1,S,S:random_remaining,random_reference,shared,6.462180904926726,curated row 1712,O=C(NCCCNc1ccnc2[nH]c(-c3ccccc3)nc12)C1CCC1,False,"curated molecules without 9 scaffold families (260 molecules, 93 top-decile actives)"
CS(=O)(=O)N1CCC(Nc2ncc(C(F)(F)F)c(-c3cnn(-c4ccccc4F)c3)n2)CC1,S,S:random_remaining,random_reference,shared,5.2914941190447635,curated row 1715,c1ccc(-n2cc(-c3ccnc(NC4CCNCC4)n3)cn2)cc1,False,"curated molecules without 9 scaffold families (260 molecules, 93 top-decile actives)"
O=C(Nc1cc(C2CC2)[nH]n1)c1cccc(C(F)(F)F)c1,S,S:random_remaining,random_reference,shared,6.301016967220374,curated row 1734,O=C(Nc1cc(C2CC2)[nH]n1)c1ccccc1,False,"curated molecules without 9 scaffold families (260 molecules, 93 top-decile actives)"
O=C1Nc2cc3ccc(O)cc3c3c4c(cc1c23)OCO4,S,S:random_remaining,random_reference,shared,5.667561540084394,curated row 1775,O=C1Nc2cc3ccccc3c3c4c(cc1c23)OCO4,False,"curated molecules without 9 scaffold families (260 molecules, 93 top-decile actives)"
C[C@@H](NC(=O)N1CCc2cnc(NC3CCOCC3)nc2C1)c1ccc(Cl)c(F)c1,S,S:random_remaining,random_reference,shared,7.886056647693163,curated row 1793,O=C(NCc1ccccc1)N1CCc2cnc(NC3CCOCC3)nc2C1,False,"curated molecules without 9 scaffold families (260 molecules, 93 top-decile actives)"
COC(C(=O)N1Cc2[nH]nc(NC(=O)c3ccc(N4CCN(C)CC4)cc3)c2C1)c1ccccc1,S,S:random_remaining,random_reference,shared,6.335358024443874,curated row 1809,O=C(Nc1n[nH]c2c1CN(C(=O)Cc1ccccc1)C2)c1ccc(N2CCNCC2)cc1,False,"curated molecules without 9 scaffold families (260 molecules, 93 top-decile actives)"
COc1c(O)cc(O)c2c(=O)cc(-c3ccccc3)oc12,S,S:random_remaining,random_reference,shared,5.835647144215563,curated row 1817,O=c1cc(-c2ccccc2)oc2ccccc12,False,"curated molecules without 9 scaffold families (260 molecules, 93 top-decile actives)"
O=C(NC1CCCC1)c1ccc(-c2nccc(-c3c[nH]c4cnccc34)n2)cc1,S,S:random_remaining,random_reference,shared,4.33832926395964,curated row 1830,O=C(NC1CCCC1)c1ccc(-c2nccc(-c3c[nH]c4cnccc34)n2)cc1,False,"curated molecules without 9 scaffold families (260 molecules, 93 top-decile actives)"
CC(C)C1CN(c2ccc(Nc3ncc4cc5n(c4n3)C3(CCCCC3)CNC5=O)nc2)CCN1,S,S:random_remaining,random_reference,shared,6.4241925139919935,curated row 1850,O=C1NCC2(CCCCC2)n2c1cc1cnc(Nc3ccc(N4CCNCC4)cn3)nc12,False,"curated molecules without 9 scaffold families (260 molecules, 93 top-decile actives)"
Cc1nnc(-c2cccc(-c3cnn4ccc(NCCN)nc34)c2)o1,S,S:random_remaining,random_reference,shared,6.236572006437063,curated row 1858,c1cc(-c2nnco2)cc(-c2cnn3cccnc23)c1,False,"curated molecules without 9 scaffold families (260 molecules, 93 top-decile actives)"
COc1cccc(OC)c1C(=S)c1c(N)nc2ccc(C(=O)c3c(F)cccc3F)cn12,S,S:random_remaining,random_reference,shared,6.335358024443874,curated row 1891,O=C(c1ccccc1)c1ccc2ncc(C(=S)c3ccccc3)n2c1,False,"curated molecules without 9 scaffold families (260 molecules, 93 top-decile actives)"
CN1CCN(CCC(=O)NS(=O)(=O)c2ccc(Nc3nc(N)n(C(=O)c4c(F)cccc4F)n3)cc2)CC1,S,S:random_remaining,random_reference,shared,6.575118363368933,curated row 1917,O=C(CCN1CCNCC1)NS(=O)(=O)c1ccc(Nc2ncn(C(=O)c3ccccc3)n2)cc1,False,"curated molecules without 9 scaffold families (260 molecules, 93 top-decile actives)"
O=C(Nc1ccc(N2CCNCC2)cc1)c1[nH]ncc1Nc1cc(OC2CCCC2)ncn1,S,S:random_remaining,random_reference,shared,6.869634062734793,curated row 1924,O=C(Nc1ccc(N2CCNCC2)cc1)c1[nH]ncc1Nc1cc(OC2CCCC2)ncn1,False,"curated molecules without 9 scaffold families (260 molecules, 93 top-decile actives)"
COc1cc(/C=C2\Oc3cc4occc4c(OC)c3C2=O)ccc1OCC(=O)Nc1ccccc1,S,S:random_remaining,random_reference,shared,5.954677021213342,curated row 1948,O=C(COc1ccc(C=C2Oc3cc4occc4cc3C2=O)cc1)Nc1ccccc1,False,"curated molecules without 9 scaffold families (260 molecules, 93 top-decile actives)"
CC(=O)Nc1ccc(CNc2nc(NC3CCN(C)CC3)nc3c(C(C)C)cnn23)cc1,S,S:random_remaining,random_reference,shared,5.63292375773125,curated row 1955,c1ccc(CNc2nc(NC3CCNCC3)nc3ccnn23)cc1,False,"curated molecules without 9 scaffold families (260 molecules, 93 top-decile actives)"
CC(C)Cc1ccc(-c2ccc(S(N)(=O)=O)cc2)cc1,P,P:multi_real,generated,corrected,,"arm multi_real, seed 42, final generation",seed42,False,all curated molecules (the comparator actives were in the training data)
CC(C)Oc1ccc(-c2ccc(S(N)(=O)=O)cc2)cc1,P,P:multi_real,generated,corrected,,"arm multi_real, seed 42, final generation",seed42,False,all curated molecules (the comparator actives were in the training data)
CC(C)Cc1cccc(-c2ccc(S(N)(=O)=O)cc2)c1,P,P:multi_real,generated,corrected,,"arm multi_real, seed 42, final generation",seed42,False,all curated molecules (the comparator actives were in the training data)
CC(C)CCc1ccc(-c2ccc(S(N)(=O)=O)cc2)cc1,P,P:multi_real,generated,corrected,,"arm multi_real, seed 42, final generation",seed42,True,all curated molecules (the comparator actives were in the training data)
CC(C)Cc1ccc(Nc2ccc(S(N)(=O)=O)cc2)cc1,P,P:multi_real,generated,corrected,,"arm multi_real, seed 42, final generation",seed42,True,all curated molecules (the comparator actives were in the training data)
Cc1cc(-c2ccc(S(N)(=O)=O)cc2)ccc1CC(C)C,P,P:multi_real,generated,corrected,,"arm multi_real, seed 42, final generation",seed42,False,all curated molecules (the comparator actives were in the training data)
CC(C)Cc1ccc(C(=O)Nc2ccc(S(N)(=O)=O)cc2)cc1,P,P:multi_real,generated,corrected,,"arm multi_real, seed 42, final generation",seed42,False,all curated molecules (the comparator actives were in the training data)
CC(C)CCc1ccc(Oc2ccc(S(N)(=O)=O)cc2)cc1,P,P:multi_real,generated,corrected,,"arm multi_real, seed 42, final generation",seed42,False,all curated molecules (the comparator actives were in the training data)
Cc1c(Nc2ccc(S(N)(=O)=O)cc2)cccc1C(C)C,P,P:multi_real,generated,corrected,,"arm multi_real, seed 42, final generation",seed42,False,all curated molecules (the comparator actives were in the training data)
CC(C)c1ccc(C(=O)Nc2ccc(S(N)(=O)=O)cc2)cc1,P,P:multi_real,generated,corrected,,"arm multi_real, seed 42, final generation",seed42,False,all curated molecules (the comparator actives were in the training data)
CC(C)CNc1nccc(-c2ccc(S(N)(=O)=O)cc2)n1,P,P:multi_real,generated,corrected,,"arm multi_real, seed 42, final generation",seed42,False,all curated molecules (the comparator actives were in the training data)
CC(C)S(=O)(=O)c1ccc(Oc2ccc(S(N)(=O)=O)cc2)cc1,P,P:multi_real,generated,corrected,,"arm multi_real, seed 42, final generation",seed42,False,all curated molecules (the comparator actives were in the training data)
CC(C)S(=O)(=O)Cc1ccc(-c2ccc(S(N)(=O)=O)cc2)cc1,P,P:multi_real,generated,corrected,,"arm multi_real, seed 42, final generation",seed42,False,all curated molecules (the comparator actives were in the training data)
CNS(=O)(=O)c1ccc(-c2cnc(C)n2C(C)C)cc1,P,P:multi_real,generated,corrected,,"arm multi_real, seed 42, final generation",seed42,False,all curated molecules (the comparator actives were in the training data)
CC(C)Cc1ncc(F)c(-c2ccc(S(N)(=O)=O)cc2)n1,P,P:multi_real,generated,corrected,,"arm multi_real, seed 42, final generation",seed42,False,all curated molecules (the comparator actives were in the training data)
NS(=O)(=O)c1ccc(Oc2ccc(C(=O)OF)cc2)cc1,P,P:multi_real,generated,corrected,,"arm multi_real, seed 42, final generation",seed42,False,all curated molecules (the comparator actives were in the training data)
Cc1ccc(-c2ccc(S(N)(=O)=O)cc2)nc1CCCC(C)C,P,P:multi_real,generated,corrected,,"arm multi_real, seed 42, final generation",seed42,False,all curated molecules (the comparator actives were in the training data)
CC(C)C(=O)c1ccc(Oc2ccc(S(N)(=O)=O)cc2)cc1,P,P:multi_real,generated,corrected,,"arm multi_real, seed 42, final generation",seed42,False,all curated molecules (the comparator actives were in the training data)
CCC(=O)c1ccc(-c2ccc(S(N)(=O)=O)cc2)cc1,P,P:multi_real,generated,corrected,,"arm multi_real, seed 42, final generation",seed42,False,all curated molecules (the comparator actives were in the training data)
CC(C)Cc1cccc(C(=O)c2ccc(S(N)(=O)=O)cc2)c1,P,P:multi_real,generated,corrected,,"arm multi_real, seed 42, final generation",seed42,False,all curated molecules (the comparator actives were in the training data)
CC(C)C(C)Cc1ccc(-c2ccc(S(N)(=O)=O)cc2)cc1,P,P:multi_real,generated,corrected,,"arm multi_real, seed 42, final generation",seed42,False,all curated molecules (the comparator actives were in the training data)
C=C(C)c1ccc(Nc2ccc(S(N)(=O)=O)cc2)cc1,P,P:multi_real,generated,corrected,,"arm multi_real, seed 42, final generation",seed42,False,all curated molecules (the comparator actives were in the training data)
Cc1cc(-c2ccc(S(N)(=O)=O)cc2)ccc1C(=O)OF,P,P:multi_real,generated,corrected,,"arm multi_real, seed 42, final generation",seed42,False,all curated molecules (the comparator actives were in the training data)
CC(C)c1ccc(CC(=O)c2ccc(S(N)(=O)=O)cc2)cc1,P,P:multi_real,generated,corrected,,"arm multi_real, seed 42, final generation",seed42,False,all curated molecules (the comparator actives were in the training data)
CC(C)S(=O)(=O)c1ccc(Nc2ccc(S(N)(=O)=O)cc2)cc1,P,P:multi_real,generated,corrected,,"arm multi_real, seed 42, final generation",seed42,False,all curated molecules (the comparator actives were in the training data)
CCC(C)Cc1nc(-c2ccc(S(N)(=O)=O)cc2)ccc1C,P,P:multi_real,generated,corrected,,"arm multi_real, seed 42, final generation",seed42,False,all curated molecules (the comparator actives were in the training data)
NS(=O)(=O)c1ccc(-c2ccc(S(N)(=O)=O)cc2)cc1,P,P:multi_real,generated,corrected,,"arm multi_real, seed 42, final generation",seed42,False,all curated molecules (the comparator actives were in the training data)
CNS(=O)(=O)c1ccc(-c2ccc(S(N)(=O)=O)cc2)cc1,P,P:multi_real,generated,corrected,,"arm multi_real, seed 42, final generation",seed42,True,all curated molecules (the comparator actives were in the training data)
CC(C)C(=O)c1ccc(Nc2ccc(S(N)(=O)=O)cc2)cc1,P,P:multi_real,generated,corrected,,"arm multi_real, seed 42, final generation",seed42,False,all curated molecules (the comparator actives were in the training data)
CC(C)C(=O)c1ccc(C(=O)c2ccc(S(N)(=O)=O)cc2)cc1,P,P:multi_real,generated,corrected,,"arm multi_real, seed 42, final generation",seed42,False,all curated molecules (the comparator actives were in the training data)
C=C(C)N(c1ccc(-c2ccc(S(N)(=O)=O)cc2)cc1)C(C)C,P,P:multi_real,generated,corrected,,"arm multi_real, seed 42, final generation",seed42,True,all curated molecules (the comparator actives were in the training data)
Cc1ncc(Nc2ccc(S(N)(=O)=O)cc2)n1C(C)C,P,P:multi_real,generated,corrected,,"arm multi_real, seed 42, final generation",seed42,False,all curated molecules (the comparator actives were in the training data)
C=C(C)c1ccc(NC(=O)c2ccc(S(N)(=O)=O)cc2)cc1,P,P:multi_real,generated,corrected,,"arm multi_real, seed 42, final generation",seed42,False,all curated molecules (the comparator actives were in the training data)
CC(C)c1nc(Oc2ccc(S(N)(=O)=O)cc2)ncc1F,P,P:multi_real,generated,corrected,,"arm multi_real, seed 42, final generation",seed42,False,all curated molecules (the comparator actives were in the training data)
CC(C)c1cccc(NCc2ccc(S(N)(=O)=O)cc2)c1,P,P:multi_real,generated,corrected,,"arm multi_real, seed 43, final generation",seed43,False,all curated molecules (the comparator actives were in the training data)
CC(C)c1ccc(C(C)c2ccc(S(N)(=O)=O)cc2)cc1,P,P:multi_real,generated,corrected,,"arm multi_real, seed 43, final generation",seed43,False,all curated molecules (the comparator actives were in the training data)
CC(C)=Cc1cccc(-c2ccc(S(N)(=O)=O)cc2)c1,P,P:multi_real,generated,corrected,,"arm multi_real, seed 43, final generation",seed43,False,all curated molecules (the comparator actives were in the training data)
Cc1cc(-c2ccc(S(N)(=O)=O)cc2)ccc1NC(C)C,P,P:multi_real,generated,corrected,,"arm multi_real, seed 43, final generation",seed43,False,all curated molecules (the comparator actives were in the training data)
CC(c1ccc(CC(F)F)cc1)c1ccc(S(N)(=O)=O)cc1,P,P:multi_real,generated,corrected,,"arm multi_real, seed 43, final generation",seed43,False,all curated molecules (the comparator actives were in the training data)
CCc1cccc(CCc2ccc(S(N)(=O)=O)cc2)c1,P,P:multi_real,generated,corrected,,"arm multi_real, seed 43, final generation",seed43,False,all curated molecules (the comparator actives were in the training data)
CC(C)c1cccc(Cc2ccc(S(N)(=O)=O)cn2)c1,P,P:multi_real,generated,corrected,,"arm multi_real, seed 43, final generation",seed43,False,all curated molecules (the comparator actives were in the training data)
NS(=O)(=O)c1ccc(Nc2ccc(C(F)(F)F)cc2)cc1,P,P:multi_real,generated,corrected,,"arm multi_real, seed 43, final generation",seed43,False,all curated molecules (the comparator actives were in the training data)
C=C(C)c1ccc(-c2ccc(S(N)(=O)=O)cc2)cc1C,P,P:multi_real,generated,corrected,,"arm multi_real, seed 43, final generation",seed43,False,all curated molecules (the comparator actives were in the training data)
COc1cccc(CNC(=O)c2ccc(S(N)(=O)=O)cc2)c1,P,P:multi_real,generated,corrected,,"arm multi_real, seed 43, final generation",seed43,False,all curated molecules (the comparator actives were in the training data)
CC(C)C(F)(F)c1cccc(-c2ccc(S(N)(=O)=O)cc2)c1,P,P:multi_real,generated,corrected,,"arm multi_real, seed 43, final generation",seed43,False,all curated molecules (the comparator actives were in the training data)
CC(C)c1cnc(Nc2ccc(S(N)(=O)=O)cc2)nc1C(C)C,P,P:multi_real,generated,corrected,,"arm multi_real, seed 43, final generation",seed43,False,all curated molecules (the comparator actives were in the training data)
CC(C)c1ccc(C(=O)Cc2ccc(S(N)(=O)=O)cc2)cc1,P,P:multi_real,generated,corrected,,"arm multi_real, seed 43, final generation",seed43,False,all curated molecules (the comparator actives were in the training data)
CCCC(C)c1cccc(-c2ccc(S(N)(=O)=O)cc2)c1,P,P:multi_real,generated,corrected,,"arm multi_real, seed 43, final generation",seed43,False,all curated molecules (the comparator actives were in the training data)
CS(=O)(=O)C=Cc1cccc(-c2ccc(S(N)(=O)=O)cc2)c1,P,P:multi_real,generated,corrected,,"arm multi_real, seed 43, final generation",seed43,False,all curated molecules (the comparator actives were in the training data)
CC(C)=Cc1cccc(CNc2ccc(S(N)(=O)=O)cc2)c1,P,P:multi_real,generated,corrected,,"arm multi_real, seed 43, final generation",seed43,False,all curated molecules (the comparator actives were in the training data)
CC(C)C(F)(F)c1ccc(Cc2ccc(S(N)(=O)=O)cc2)cc1,P,P:multi_real,generated,corrected,,"arm multi_real, seed 43, final generation",seed43,False,all curated molecules (the comparator actives were in the training data)
CC(C)c1nc(-c2ccc(S(N)(=O)=O)cc2)ncc1C(F)(F)F,P,P:multi_real,generated,corrected,,"arm multi_real, seed 43, final generation",seed43,False,all curated molecules (the comparator actives were in the training data)
CC(C)CC(C)c1cccc(-c2ccc(S(N)(=O)=O)cc2)c1,P,P:multi_real,generated,corrected,,"arm multi_real, seed 43, final generation",seed43,False,all curated molecules (the comparator actives were in the training data)
CC(C)=Cc1cccc(Cc2ccc(S(N)(=O)=O)cn2)c1,P,P:multi_real,generated,corrected,,"arm multi_real, seed 43, final generation",seed43,False,all curated molecules (the comparator actives were in the training data)
CCCc1ccc(C(C)c2ccc(S(N)(=O)=O)cc2)cc1,P,P:multi_real,generated,corrected,,"arm multi_real, seed 44, final generation",seed44,False,all curated molecules (the comparator actives were in the training data)
CC(C)(C)c1ccc(-c2ccc(S(N)(=O)=O)cc2)cc1,P,P:multi_real,generated,corrected,,"arm multi_real, seed 44, final generation",seed44,False,all curated molecules (the comparator actives were in the training data)
C[C@@H](c1ccc(S(N)(=O)=O)cc1)c1cccc(C(C)(C)C)c1,P,P:multi_real,generated,corrected,,"arm multi_real, seed 44, final generation",seed44,False,all curated molecules (the comparator actives were in the training data)
Cc1cc(-c2ccc(S(N)(=O)=O)cc2)cc(S(C)(=O)=O)c1,P,P:multi_real,generated,corrected,,"arm multi_real, seed 44, final generation",seed44,True,all curated molecules (the comparator actives were in the training data)
Cc1ncc(-c2nc(NC(N)=O)ncc2F)n1C(C)C,P,P:multi_real,generated,corrected,,"arm multi_real, seed 44, final generation",seed44,False,all curated molecules (the comparator actives were in the training data)
CCC(C)c1cccc(-c2ccc(S(N)(=O)=O)cc2)c1,P,P:multi_real,generated,corrected,,"arm multi_real, seed 44, final generation",seed44,False,all curated molecules (the comparator actives were in the training data)
CNCc1ccc(C(C)c2ccc(S(N)(=O)=O)cc2)cc1,P,P:multi_real,generated,corrected,,"arm multi_real, seed 44, final generation",seed44,False,all curated molecules (the comparator actives were in the training data)
CN(C)C(=O)c1cccc(Nc2ccc(S(N)(=O)=O)cc2)c1,P,P:multi_real,generated,corrected,,"arm multi_real, seed 44, final generation",seed44,False,all curated molecules (the comparator actives were in the training data)
CCC(=O)Nc1ccc(-c2ccc(S(N)(=O)=O)cc2)cc1C,P,P:multi_real,generated,corrected,,"arm multi_real, seed 44, final generation",seed44,False,all curated molecules (the comparator actives were in the training data)
CCCc1cccc(Nc2ccc(S(N)(=O)=O)cc2)c1,P,P:multi_real,generated,corrected,,"arm multi_real, seed 44, final generation",seed44,False,all curated molecules (the comparator actives were in the training data)
CC(C)(C)c1cccc(Nc2ccc(S(N)(=O)=O)cc2)c1,P,P:multi_real,generated,corrected,,"arm multi_real, seed 44, final generation",seed44,False,all curated molecules (the comparator actives were in the training data)
CCC(C)Nc1ncc(F)c(-c2cnc(C)n2C(C)C)n1,P,P:multi_real,generated,corrected,,"arm multi_real, seed 44, final generation",seed44,False,all curated molecules (the comparator actives were in the training data)
CNC(C)c1cccc(C(C)c2ccc(S(N)(=O)=O)cc2)c1,P,P:multi_real,generated,corrected,,"arm multi_real, seed 44, final generation",seed44,False,all curated molecules (the comparator actives were in the training data)
Cc1cc(Nc2ccc(S(N)(=O)=O)cc2)cc(S(C)(=O)=O)c1,P,P:multi_real,generated,corrected,,"arm multi_real, seed 44, final generation",seed44,False,all curated molecules (the comparator actives were in the training data)
Cc1ncc(-c2nc(NC(=O)C(C)C)ncc2F)n1C(C)C,P,P:multi_real,generated,corrected,,"arm multi_real, seed 45, final generation",seed45,False,all curated molecules (the comparator actives were in the training data)
CCCC(=O)Nc1ncc(F)c(-c2cnc(C)n2C(C)C)n1,P,P:multi_real,generated,corrected,,"arm multi_real, seed 45, final generation",seed45,False,all curated molecules (the comparator actives were in the training data)
COC(=O)Nc1ncc(F)c(-c2cnc(C)n2C(C)C)n1,P,P:multi_real,generated,corrected,,"arm multi_real, seed 45, final generation",seed45,False,all curated molecules (the comparator actives were in the training data)
CC(=O)NC(=O)Nc1ncc(F)c(-c2cnc(C)n2C(C)C)n1,P,P:multi_real,generated,corrected,,"arm multi_real, seed 45, final generation",seed45,False,all curated molecules (the comparator actives were in the training data)
CC(=O)CNc1ncc(F)c(-c2cnc(C)n2C(C)C)n1,P,P:multi_real,generated,corrected,,"arm multi_real, seed 45, final generation",seed45,False,all curated molecules (the comparator actives were in the training data)
Cc1ncc(-c2nc(NC(=O)NC(C)C)ncc2F)n1C(C)C,P,P:multi_real,generated,corrected,,"arm multi_real, seed 45, final generation",seed45,False,all curated molecules (the comparator actives were in the training data)
Cc1ncc(-c2nc(NCC(C)C)ncc2F)n1C(C)C,P,P:multi_real,generated,corrected,,"arm multi_real, seed 45, final generation",seed45,False,all curated molecules (the comparator actives were in the training data)
Cc1ncc(-c2nc(NCC3CC3)ncc2F)n1C(C)C,P,P:multi_real,generated,corrected,,"arm multi_real, seed 45, final generation",seed45,False,all curated molecules (the comparator actives were in the training data)
Cc1ncc(-c2nc(NC(=O)NC(C)(C)C)ncc2F)n1C(C)C,P,P:multi_real,generated,corrected,,"arm multi_real, seed 45, final generation",seed45,False,all curated molecules (the comparator actives were in the training data)
Cc1ncc(-c2nc(NCCC(C)(C)C)ncc2F)n1C(C)C,P,P:multi_real,generated,corrected,,"arm multi_real, seed 45, final generation",seed45,False,all curated molecules (the comparator actives were in the training data)
Cc1ncc(-c2nc(NCCC(C)C)ncc2F)n1C(C)C,P,P:multi_real,generated,corrected,,"arm multi_real, seed 45, final generation",seed45,False,all curated molecules (the comparator actives were in the training data)
Cc1ncc(-c2nc(NC3CC3)ccc2F)n1C(C)C,P,P:multi_real,generated,corrected,,"arm multi_real, seed 45, final generation",seed45,False,all curated molecules (the comparator actives were in the training data)
Cc1ncc(-c2nc(NCC(N)=O)ncc2F)n1C(C)C,P,P:multi_real,generated,corrected,,"arm multi_real, seed 45, final generation",seed45,False,all curated molecules (the comparator actives were in the training data)
Cc1ncc(-c2nc(NCCC(N)=O)ncc2F)n1C(C)C,P,P:multi_real,generated,corrected,,"arm multi_real, seed 45, final generation",seed45,False,all curated molecules (the comparator actives were in the training data)
Cc1ncc(-c2nc(NCC3CC3)ccc2F)n1C(C)C,P,P:multi_real,generated,corrected,,"arm multi_real, seed 45, final generation",seed45,False,all curated molecules (the comparator actives were in the training data)
Cc1ncc(-c2nc(Nc3ccccc3)ncc2F)n1C(C)C,P,P:multi_real,generated,corrected,,"arm multi_real, seed 45, final generation",seed45,False,all curated molecules (the comparator actives were in the training data)
Cc1ncc(-c2nc(NC(=O)CCC(N)=O)ncc2F)n1C(C)C,P,P:multi_real,generated,corrected,,"arm multi_real, seed 45, final generation",seed45,False,all curated molecules (the comparator actives were in the training data)
CC(=O)CNc1ncc(C)c(-c2cnc(C)n2C(C)C)n1,P,P:multi_real,generated,corrected,,"arm multi_real, seed 45, final generation",seed45,False,all curated molecules (the comparator actives were in the training data)
CCCC(=O)CNc1ncc(F)c(-c2cnc(C)n2C(C)C)n1,P,P:multi_real,generated,corrected,,"arm multi_real, seed 45, final generation",seed45,False,all curated molecules (the comparator actives were in the training data)
Cc1ncc(-c2nc(NC(=O)NC(=O)CN(C)C)ncc2F)n1C(C)C,P,P:multi_real,generated,corrected,,"arm multi_real, seed 45, final generation",seed45,False,all curated molecules (the comparator actives were in the training data)
CC(C)CCc1cccc(-c2ccc(S(N)(=O)=O)cc2)n1,P,P:multi_real,generated,corrected,,"arm multi_real, seed 46, final generation",seed46,False,all curated molecules (the comparator actives were in the training data)
CC(C)N1CCc2nc(-c3ccc(S(N)(=O)=O)cc3)ccc2C1,P,P:multi_real,generated,corrected,,"arm multi_real, seed 46, final generation",seed46,False,all curated molecules (the comparator actives were in the training data)
CC(C)CNc1ccc(-c2ccc(S(N)(=O)=O)cc2)nc1,P,P:multi_real,generated,corrected,,"arm multi_real, seed 46, final generation",seed46,False,all curated molecules (the comparator actives were in the training data)
CC(C)CN1CCc2nc(-c3ccc(S(N)(=O)=O)cc3)ccc2C1,P,P:multi_real,generated,corrected,,"arm multi_real, seed 46, final generation",seed46,False,all curated molecules (the comparator actives were in the training data)
CC(C)CCc1ccc(Cc2ccc(S(N)(=O)=O)cc2)cc1,P,P:multi_real,generated,corrected,,"arm multi_real, seed 46, final generation",seed46,False,all curated molecules (the comparator actives were in the training data)
CCCN(C)c1cccc(-c2ccc(S(N)(=O)=O)cc2)n1,P,P:multi_real,generated,corrected,,"arm multi_real, seed 46, final generation",seed46,False,all curated molecules (the comparator actives were in the training data)
CS(=O)(=O)c1cccc(-c2ccc(S(N)(=O)=O)cc2)n1,P,P:multi_real,generated,corrected,,"arm multi_real, seed 46, final generation",seed46,True,all curated molecules (the comparator actives were in the training data)
CC(C)CCc1cc(-c2ccc(S(N)(=O)=O)cc2)nc(N)n1,P,P:multi_real,generated,corrected,,"arm multi_real, seed 46, final generation",seed46,False,all curated molecules (the comparator actives were in the training data)
Cc1ncc(-c2nc(NN3CCOCC3)ncc2F)n1C(C)C,P,P:multi_real,generated,corrected,,"arm multi_real, seed 46, final generation",seed46,False,all curated molecules (the comparator actives were in the training data)
CSC(C)(C)c1ccc(-c2ccc(S(N)(=O)=O)cc2)cc1,P,P:multi_real,generated,corrected,,"arm multi_real, seed 46, final generation",seed46,False,all curated molecules (the comparator actives were in the training data)
Cc1ncc(-c2nc(NC(=O)CN3CCOCC3)ncc2F)n1C(C)C,P,P:multi_real,generated,corrected,,"arm multi_real, seed 46, final generation",seed46,False,all curated molecules (the comparator actives were in the training data)
NS(=O)(=O)c1ccc(-c2ccc(N3CCCC3)cc2)cc1,P,P:multi_real,generated,corrected,,"arm multi_real, seed 46, final generation",seed46,False,all curated molecules (the comparator actives were in the training data)
O=C(Cc1cccc(Cl)c1)NC(=O)c1cccc(F)c1,P,P:multi_scrambled,generated,corrected,,"arm multi_scrambled, seed 42, final generation",seed42,False,all curated molecules (the comparator actives were in the training data)
O=C(Nc1ccc(N2CC=NCC2)cc1)c1ccccc1,P,P:multi_scrambled,generated,corrected,,"arm multi_scrambled, seed 42, final generation",seed42,False,all curated molecules (the comparator actives were in the training data)
O=C(Cc1cccc2c1OCCC2)NCc1cccc(Cl)c1,P,P:multi_scrambled,generated,corrected,,"arm multi_scrambled, seed 42, final generation",seed42,False,all curated molecules (the comparator actives were in the training data)
CC(C)c1ccc(CC(=O)NC(=O)Cc2cccc(Cl)c2)cc1,P,P:multi_scrambled,generated,corrected,,"arm multi_scrambled, seed 42, final generation",seed42,False,all curated molecules (the comparator actives were in the training data)
O=C(NCc1cccc(Cl)c1)Nc1cccc2c1OCCCC2,P,P:multi_scrambled,generated,corrected,,"arm multi_scrambled, seed 42, final generation",seed42,False,all curated molecules (the comparator actives were in the training data)
O=C(CNCc1cccc(Cl)c1)Nc1cccc(F)c1,P,P:multi_scrambled,generated,corrected,,"arm multi_scrambled, seed 42, final generation",seed42,False,all curated molecules (the comparator actives were in the training data)
Clc1cccc(CNCc2cccc3c2ONCCC3)c1,P,P:multi_scrambled,generated,corrected,,"arm multi_scrambled, seed 42, final generation",seed42,False,all curated molecules (the comparator actives were in the training data)
COc1ccccc1NC(=O)c1cccc2c1OCCC2,P,P:multi_scrambled,generated,corrected,,"arm multi_scrambled, seed 42, final generation",seed42,False,all curated molecules (the comparator actives were in the training data)
CC(C)(C)c1cnc(C(=O)NCc2cccc(Cl)c2)o1,P,P:multi_scrambled,generated,corrected,,"arm multi_scrambled, seed 42, final generation",seed42,False,all curated molecules (the comparator actives were in the training data)
O=C(c1ccc(-c2ccccc2)cc1)N1CCNCC1,P,P:multi_scrambled,generated,corrected,,"arm multi_scrambled, seed 42, final generation",seed42,False,all curated molecules (the comparator actives were in the training data)
O=C(Cc1ncc(-c2cccc3c2OCCC3)cn1)NC1CC1,P,P:multi_scrambled,generated,corrected,,"arm multi_scrambled, seed 42, final generation",seed42,False,all curated molecules (the comparator actives were in the training data)
CCc1cccc(NC(=O)c2ccnc(C)c2)c1OC,P,P:multi_scrambled,generated,corrected,,"arm multi_scrambled, seed 42, final generation",seed42,False,all curated molecules (the comparator actives were in the training data)
Cc1nc2c(F)cc(CC(N)=O)cc2n1C1CCCC1,P,P:multi_scrambled,generated,corrected,,"arm multi_scrambled, seed 42, final generation",seed42,False,all curated molecules (the comparator actives were in the training data)
CN(C)C(=O)c1ccc(CNc2cccc(Cl)c2)cc1,P,P:multi_scrambled,generated,corrected,,"arm multi_scrambled, seed 42, final generation",seed42,False,all curated molecules (the comparator actives were in the training data)
O=C(Cc1cccc2c1OCCC2)NCc1ccccc1,P,P:multi_scrambled,generated,corrected,,"arm multi_scrambled, seed 42, final generation",seed42,False,all curated molecules (the comparator actives were in the training data)
COc1ccccc1N1CCN(C(=O)c2ccccc2)CC1,P,P:multi_scrambled,generated,corrected,,"arm multi_scrambled, seed 43, final generation",seed43,False,all curated molecules (the comparator actives were in the training data)
CC(C)C(=O)N1CCN(c2ccc(N3CCC(O)CC3)cc2)CC1,P,P:multi_scrambled,generated,corrected,,"arm multi_scrambled, seed 43, final generation",seed43,False,all curated molecules (the comparator actives were in the training data)
Cc1cccc(-c2ccc(N3CCN(C(=O)C(C)O)CC3)cc2)c1,P,P:multi_scrambled,generated,corrected,,"arm multi_scrambled, seed 43, final generation",seed43,False,all curated molecules (the comparator actives were in the training data)
O=C(Cc1ccc(N2CCC(O)CC2)cc1)c1ccccc1,P,P:multi_scrambled,generated,corrected,,"arm multi_scrambled, seed 43, final generation",seed43,False,all curated molecules (the comparator actives were in the training data)
CC(C)c1ccc(C(=O)N2CCCN(c3ccc(C(=O)O)cc3)CC2)cc1,P,P:multi_scrambled,generated,corrected,,"arm multi_scrambled, seed 43, final generation",seed43,False,all curated molecules (the comparator actives were in the training data)
CC(C)C(=O)N1CCCN(C(=O)c2ccc(C(C)C)cc2)CC1,P,P:multi_scrambled,generated,corrected,,"arm multi_scrambled, seed 43, final generation",seed43,False,all curated molecules (the comparator actives were in the training data)
O=C(c1ccccc1)N1CCN(C(=O)c2ccccc2)CC1,P,P:multi_scrambled,generated,corrected,,"arm multi_scrambled, seed 43, final generation",seed43,False,all curated molecules (the comparator actives were in the training data)
COc1ccc(-c2ccc(N3CCN(C(=O)C(C)O)CC3)cc2)cc1C,P,P:multi_scrambled,generated,corrected,,"arm multi_scrambled, seed 43, final generation",seed43,False,all curated molecules (the comparator actives were in the training data)
O=C(O)c1ccc(N2CCN(C(=O)Cc3ccccc3)CC2)cc1,P,P:multi_scrambled,generated,corrected,,"arm multi_scrambled, seed 43, final generation",seed43,False,all curated molecules (the comparator actives were in the training data)
COc1ccc(N2CCN(C(=O)c3ccccc3)CC2)cc1C,P,P:multi_scrambled,generated,corrected,,"arm multi_scrambled, seed 43, final generation",seed43,False,all curated molecules (the comparator actives were in the training data)
CC(C)c1ccc(Oc2cc(N3CCC(O)CC3)ccc2O)cc1,P,P:multi_scrambled,generated,corrected,,"arm multi_scrambled, seed 43, final generation",seed43,False,all curated molecules (the comparator actives were in the training data)
CC(C)C(=O)Nc1nc(OCC2CCCCC2)c2[nH]cnc2n1,P,P:multi_scrambled,generated,corrected,,"arm multi_scrambled, seed 43, final generation",seed43,False,all curated molecules (the comparator actives were in the training data)
NCc1ccc(-c2ccc(N3CCC(O)CC3)cc2)cc1,P,P:multi_scrambled,generated,corrected,,"arm multi_scrambled, seed 43, final generation",seed43,False,all curated molecules (the comparator actives were in the training data)
O=C(O)c1ccc(-c2nccc(C(=O)N3CCCC3)n2)cc1,P,P:multi_scrambled,generated,corrected,,"arm multi_scrambled, seed 43, final generation",seed43,False,all curated molecules (the comparator actives were in the training data)
CC(=O)Nc1ccc(N2CCCN(C(=O)c3ccccc3)CC2)cc1C,P,P:multi_scrambled,generated,corrected,,"arm multi_scrambled, seed 43, final generation",seed43,False,all curated molecules (the comparator actives were in the training data)
O=C(c1ccccc1)N1CCCN(c2ccccc2)CC1,P,P:multi_scrambled,generated,corrected,,"arm multi_scrambled, seed 43, final generation",seed43,False,all curated molecules (the comparator actives were in the training data)
O=C(c1ccc(N2CCN(C(=O)c3ccccc3)CC2)cc1)N1CCCC1,P,P:multi_scrambled,generated,corrected,,"arm multi_scrambled, seed 43, final generation",seed43,False,all curated molecules (the comparator actives were in the training data)
CC(C)C(=O)N1CCc2cnc(Nc3ccccc3)nc2C1,P,P:multi_scrambled,generated,corrected,,"arm multi_scrambled, seed 44, final generation",seed44,False,all curated molecules (the comparator actives were in the training data)
CC(C)C(=O)N1CCCc2cnc(Nc3ccccc3)nc2C1,P,P:multi_scrambled,generated,corrected,,"arm multi_scrambled, seed 44, final generation",seed44,False,all curated molecules (the comparator actives were in the training data)
CC(C)C(=O)N1CCc2cnc(NC(=O)c3ccccc3)nc2C1,P,P:multi_scrambled,generated,corrected,,"arm multi_scrambled, seed 44, final generation",seed44,False,all curated molecules (the comparator actives were in the training data)
CC(C)C(=O)N1CCc2cnc(Nc3cnn(C)c3)nc2C1,P,P:multi_scrambled,generated,corrected,,"arm multi_scrambled, seed 44, final generation",seed44,False,all curated molecules (the comparator actives were in the training data)
CC(C)C(=O)N1CCCc2cnc(NC3CCC3)nc2C1,P,P:multi_scrambled,generated,corrected,,"arm multi_scrambled, seed 44, final generation",seed44,False,all curated molecules (the comparator actives were in the training data)
CC(=O)N1CCc2cnc(Nc3ccc(Cl)cc3)nc2C1,P,P:multi_scrambled,generated,corrected,,"arm multi_scrambled, seed 44, final generation",seed44,False,all curated molecules (the comparator actives were in the training data)
CC(C)C(=O)N1CCc2cnc(Nc3ccccc3)nc2CC1,P,P:multi_scrambled,generated,corrected,,"arm multi_scrambled, seed 44, final generation",seed44,False,all curated molecules (the comparator actives were in the training data)
O=C(Nc1ncc2c(n1)CN(C(=O)c1ccccc1)CC2)C1CCC1,P,P:multi_scrambled,generated,corrected,,"arm multi_scrambled, seed 44, final generation",seed44,False,all curated molecules (the comparator actives were in the training data)
O=C(C1CCC1)N1CCCc2cnc(NCc3ccccc3)nc2C1,P,P:multi_scrambled,generated,corrected,,"arm multi_scrambled, seed 44, final generation",seed44,False,all curated molecules (the comparator actives were in the training data)
O=C(Nc1ncc2c(n1)CN(C(=O)C1CCC1)CC2)c1ccccc1,P,P:multi_scrambled,generated,corrected,,"arm multi_scrambled, seed 44, final generation",seed44,False,all curated molecules (the comparator actives were in the training data)
CC(C)C(=O)N1CCc2cnc(NCc3ccccc3)nc2C1,P,P:multi_scrambled,generated,corrected,,"arm multi_scrambled, seed 44, final generation",seed44,False,all curated molecules (the comparator actives were in the training data)
CC(C)C(=O)N1CCCc2cnc(NC(=O)C3CCOCC3)nc2C1,P,P:multi_scrambled,generated,corrected,,"arm multi_scrambled, seed 44, final generation",seed44,False,all curated molecules (the comparator actives were in the training data)
Cn1cc(Nc2ncc3c(n2)CN(C(=O)C2CCC2)CC3)cn1,P,P:multi_scrambled,generated,corrected,,"arm multi_scrambled, seed 44, final generation",seed44,False,all curated molecules (the comparator actives were in the training data)
CC(C)C(=O)N1CCCc2cnc(NC(=O)Cc3ccccc3)nc2C1,P,P:multi_scrambled,generated,corrected,,"arm multi_scrambled, seed 44, final generation",seed44,False,all curated molecules (the comparator actives were in the training data)
CC(C)C(=O)N1CCc2cnc(NCC3CCC3)nc2C1,P,P:multi_scrambled,generated,corrected,,"arm multi_scrambled, seed 44, final generation",seed44,False,all curated molecules (the comparator actives were in the training data)
CC(C)Nc1ncc2c(n1)CN(C(=O)C(C)C)CCC2,P,P:multi_scrambled,generated,corrected,,"arm multi_scrambled, seed 44, final generation",seed44,False,all curated molecules (the comparator actives were in the training data)
O=C(Nc1ncc2c(n1)CN(C(=O)c1ccc(Cl)cc1)CC2)C1CCC1,P,P:multi_scrambled,generated,corrected,,"arm multi_scrambled, seed 44, final generation",seed44,False,all curated molecules (the comparator actives were in the training data)
CN(C)C(=O)N1CCc2cnc(Nc3ccc(Cl)cc3)nc2C1,P,P:multi_scrambled,generated,corrected,,"arm multi_scrambled, seed 44, final generation",seed44,False,all curated molecules (the comparator actives were in the training data)
O=C(C1CCC1)N1CCc2cnc(NCc3ccccc3)nc2C1,P,P:multi_scrambled,generated,corrected,,"arm multi_scrambled, seed 44, final generation",seed44,False,all curated molecules (the comparator actives were in the training data)
CN(C)C(=O)N1CCCc2cnc(NCC3CCC3)nc2C1,P,P:multi_scrambled,generated,corrected,,"arm multi_scrambled, seed 44, final generation",seed44,False,all curated molecules (the comparator actives were in the training data)
CC(C)N1CCCc2cnc(NC(=O)Nc3ccccc3)nc2C1,P,P:multi_scrambled,generated,corrected,,"arm multi_scrambled, seed 44, final generation",seed44,False,all curated molecules (the comparator actives were in the training data)
CC(C)C(=O)N1CCc2cnc(NC(=O)C3=CCC3)nc2C1,P,P:multi_scrambled,generated,corrected,,"arm multi_scrambled, seed 44, final generation",seed44,False,all curated molecules (the comparator actives were in the training data)
CN(C)C(=O)N1CCc2cnc(NC(=O)c3ccccc3)nc2C1,P,P:multi_scrambled,generated,corrected,,"arm multi_scrambled, seed 44, final generation",seed44,False,all curated molecules (the comparator actives were in the training data)
CC(C)C(=O)N1CCOc2cnc(NC(=O)c3ccccc3)nc2C1,P,P:multi_scrambled,generated,corrected,,"arm multi_scrambled, seed 44, final generation",seed44,False,all curated molecules (the comparator actives were in the training data)
CC(C)Nc1ncc2c(n1)CN(Cc1ccccc1)CCC2,P,P:multi_scrambled,generated,corrected,,"arm multi_scrambled, seed 44, final generation",seed44,False,all curated molecules (the comparator actives were in the training data)
CC(=O)NC(=O)c1cccc(-c2ccc(N3CC=NCC3)cc2)c1,P,P:multi_scrambled,generated,corrected,,"arm multi_scrambled, seed 45, final generation",seed45,False,all curated molecules (the comparator actives were in the training data)
CC(=O)Nc1ccc(-c2ccc(C3=CCN(C(C)=O)CC3)cc2)cc1,P,P:multi_scrambled,generated,corrected,,"arm multi_scrambled, seed 45, final generation",seed45,False,all curated molecules (the comparator actives were in the training data)
CNC(=O)c1ccc(-c2ccc(N3CC=NCC3)cc2)cc1,P,P:multi_scrambled,generated,corrected,,"arm multi_scrambled, seed 45, final generation",seed45,False,all curated molecules (the comparator actives were in the training data)
O=C(O)NC(=O)c1cccc(-c2ccc(N3CC=NCC3)cc2)c1,P,P:multi_scrambled,generated,corrected,,"arm multi_scrambled, seed 45, final generation",seed45,False,all curated molecules (the comparator actives were in the training data)
CC(=O)Nc1ccc(Nc2ccc(N3CC=NCC3)cc2)cc1,P,P:multi_scrambled,generated,corrected,,"arm multi_scrambled, seed 45, final generation",seed45,False,all curated molecules (the comparator actives were in the training data)
CC(=O)N1CC=C(c2ccc(NCc3cccnc3)nc2)CC1,P,P:multi_scrambled,generated,corrected,,"arm multi_scrambled, seed 45, final generation",seed45,False,all curated molecules (the comparator actives were in the training data)
CC(=O)Nc1cccc(-c2ccc(N3CC=NCC3)cn2)c1,P,P:multi_scrambled,generated,corrected,,"arm multi_scrambled, seed 45, final generation",seed45,False,all curated molecules (the comparator actives were in the training data)
CC(C)c1ccc(Nc2ccc(N3C=CN=CC3)cc2)cc1,P,P:multi_scrambled,generated,corrected,,"arm multi_scrambled, seed 45, final generation",seed45,False,all curated molecules (the comparator actives were in the training data)
CC(C)(C)NCc1ccc(-c2ccc(N3CC=NCC3)cc2)cc1,P,P:multi_scrambled,generated,corrected,,"arm multi_scrambled, seed 45, final generation",seed45,False,all curated molecules (the comparator actives were in the training data)
CNc1ccc(-c2ccc(C3=CCN(C(C)=O)CCC3)cc2)cc1,P,P:multi_scrambled,generated,corrected,,"arm multi_scrambled, seed 45, final generation",seed45,False,all curated molecules (the comparator actives were in the training data)
CCC(=O)Nc1ccc(C2=CCN(S(C)(=O)=O)CC2)cc1,P,P:multi_scrambled,generated,corrected,,"arm multi_scrambled, seed 45, final generation",seed45,False,all curated molecules (the comparator actives were in the training data)
CNC(=O)c1ccc(-c2ccc(N3CC=NCC3)cc2F)cc1,P,P:multi_scrambled,generated,corrected,,"arm multi_scrambled, seed 45, final generation",seed45,False,all curated molecules (the comparator actives were in the training data)
CC(=O)Nc1ccc(Nc2ccc(N3CC=NCC3)cc2)c(C)c1,P,P:multi_scrambled,generated,corrected,,"arm multi_scrambled, seed 45, final generation",seed45,False,all curated molecules (the comparator actives were in the training data)
Cc1cc(NC2CC2)ccc1-c1ccc(N2CC=NCC2)cc1,P,P:multi_scrambled,generated,corrected,,"arm multi_scrambled, seed 45, final generation",seed45,False,all curated molecules (the comparator actives were in the training data)
CC(=O)Nc1ccc(-c2ccc(N3CC=NCCO3)cc2)nc1,P,P:multi_scrambled,generated,corrected,,"arm multi_scrambled, seed 45, final generation",seed45,False,all curated molecules (the comparator actives were in the training data)
CNc1nc(-c2ccc(C3=CCN(C(C)=O)CC3)cn2)ncc1F,P,P:multi_scrambled,generated,corrected,,"arm multi_scrambled, seed 45, final generation",seed45,False,all curated molecules (the comparator actives were in the training data)
CC(=O)N1CCc2nc(Nc3ccc(N4CC=NCC4)cn3)ccc2C1,P,P:multi_scrambled,generated,corrected,,"arm multi_scrambled, seed 45, final generation",seed45,False,all curated molecules (the comparator actives were in the training data)
O=C(NN1CCN(c2ccccc2)CC1)c1ccccc1,P,P:multi_scrambled,generated,corrected,,"arm multi_scrambled, seed 46, final generation",seed46,False,all curated molecules (the comparator actives were in the training data)
CC(=O)Nc1cccc(C(=O)N2CCN(c3ccccc3)CC2)c1,P,P:multi_scrambled,generated,corrected,,"arm multi_scrambled, seed 46, final generation",seed46,False,all curated molecules (the comparator actives were in the training data)
CC(C)C(=O)N1CCN(c2ccc(Nc3ccccc3)cc2)CC1,P,P:multi_scrambled,generated,corrected,,"arm multi_scrambled, seed 46, final generation",seed46,False,all curated molecules (the comparator actives were in the training data)
COc1cccc(C(=O)Nc2ccc(C(C)C)cc2)c1,P,P:multi_scrambled,generated,corrected,,"arm multi_scrambled, seed 46, final generation",seed46,False,all curated molecules (the comparator actives were in the training data)
CN(CCc1ccc(N2CCNCC2)cc1)C(=O)OC(C)(C)C,P,P:multi_scrambled,generated,corrected,,"arm multi_scrambled, seed 46, final generation",seed46,False,all curated molecules (the comparator actives were in the training data)
COc1ccc(CN2CCN(C(=O)c3ccccc3)CC2)cc1Cl,P,P:multi_scrambled,generated,corrected,,"arm multi_scrambled, seed 46, final generation",seed46,False,all curated molecules (the comparator actives were in the training data)
O=C(Nc1ccc(C(F)(F)F)cc1C(=O)O)c1ccccc1,P,P:multi_scrambled,generated,corrected,,"arm multi_scrambled, seed 46, final generation",seed46,False,all curated molecules (the comparator actives were in the training data)
O=C(c1ccccc1)N1CCN(c2ccccc2)CC1,P,P:multi_scrambled,generated,corrected,,"arm multi_scrambled, seed 46, final generation",seed46,False,all curated molecules (the comparator actives were in the training data)
CC(C)C(=O)N1CCN(c2ccc(NC(=O)c3ccccc3)cc2)CC1,P,P:multi_scrambled,generated,corrected,,"arm multi_scrambled, seed 46, final generation",seed46,False,all curated molecules (the comparator actives were in the training data)
COc1ccc(NC(=O)c2ccccc2)c(C(=O)N(C)C)c1,P,P:multi_scrambled,generated,corrected,,"arm multi_scrambled, seed 46, final generation",seed46,False,all curated molecules (the comparator actives were in the training data)
CC(=O)Nc1cccc(C(=O)N2CCN(C(=O)c3ccccc3)CC2)c1,P,P:multi_scrambled,generated,corrected,,"arm multi_scrambled, seed 46, final generation",seed46,False,all curated molecules (the comparator actives were in the training data)
CC(C)N1CCN(NC(=O)c2ccc(C(C)(C)C)cc2)CC1,P,P:multi_scrambled,generated,corrected,,"arm multi_scrambled, seed 46, final generation",seed46,False,all curated molecules (the comparator actives were in the training data)
CC(C)C(=O)N1CCN(c2ccc(NC(=O)O)cc2)CC1,P,P:multi_scrambled,generated,corrected,,"arm multi_scrambled, seed 46, final generation",seed46,False,all curated molecules (the comparator actives were in the training data)
CC(C)C(=O)N1CCN(C(=O)c2cccc(NC(C)(C)C)c2)CC1,P,P:multi_scrambled,generated,corrected,,"arm multi_scrambled, seed 46, final generation",seed46,False,all curated molecules (the comparator actives were in the training data)
CN(C)C(=O)c1cc(C(F)(F)F)ccc1NC(=O)c1ccccc1,P,P:multi_scrambled,generated,corrected,,"arm multi_scrambled, seed 46, final generation",seed46,False,all curated molecules (the comparator actives were in the training data)
CC(C)(C)OCCc1nn(C(C)(C)C)c2ncnc(N)c12,P,P:multi_scrambled,generated,corrected,,"arm multi_scrambled, seed 46, final generation",seed46,False,all curated molecules (the comparator actives were in the training data)
COc1cccc(C(=O)NN2CCN(C(=O)OC(C)(C)C)CC2)c1,P,P:multi_scrambled,generated,corrected,,"arm multi_scrambled, seed 46, final generation",seed46,False,all curated molecules (the comparator actives were in the training data)
CNC(C)(C)c1ccc(N2CCN(C(=O)OC(C)(C)C)CC2)cc1,P,P:multi_scrambled,generated,corrected,,"arm multi_scrambled, seed 46, final generation",seed46,False,all curated molecules (the comparator actives were in the training data)
CN(C)c1ccc(N2CCN(C(=O)c3ccccc3)CC2)cc1,P,P:multi_scrambled,generated,corrected,,"arm multi_scrambled, seed 46, final generation",seed46,False,all curated molecules (the comparator actives were in the training data)
CC(=O)Nc1cccc(C(=O)N2CCN(c3ccc(C(C)C)cc3)CC2)c1,P,P:multi_scrambled,generated,corrected,,"arm multi_scrambled, seed 46, final generation",seed46,False,all curated molecules (the comparator actives were in the training data)
COc1cccc(C(=O)N2CCCN(C(=O)C(C)O)CC2)c1,P,P:multi_scrambled,generated,corrected,,"arm multi_scrambled, seed 46, final generation",seed46,False,all curated molecules (the comparator actives were in the training data)
CN(CCc1nn(C(C)(C)C)c2ncnc(N)c12)C(C)(C)C,P,P:multi_scrambled,generated,corrected,,"arm multi_scrambled, seed 46, final generation",seed46,False,all curated molecules (the comparator actives were in the training data)
COc1cccc(C(=O)N2CCN(C(=O)C(C)C)CC2)c1,P,P:multi_scrambled,generated,corrected,,"arm multi_scrambled, seed 46, final generation",seed46,False,all curated molecules (the comparator actives were in the training data)
CN(C)Cc1ccc(NC(=O)c2ccccc2)c(C(=O)N(C)C)c1,P,P:multi_scrambled,generated,corrected,,"arm multi_scrambled, seed 46, final generation",seed46,False,all curated molecules (the comparator actives were in the training data)
CN(C)c1ccc(N2CCN(C(=O)c3cccc(C(=O)O)c3)CC2)cc1,P,P:multi_scrambled,generated,corrected,,"arm multi_scrambled, seed 46, final generation",seed46,False,all curated molecules (the comparator actives were in the training data)
CC(C)(N)C(C)(C)OC(=O)N1CCN(c2ccccc2)CC1,P,P:multi_scrambled,generated,corrected,,"arm multi_scrambled, seed 46, final generation",seed46,False,all curated molecules (the comparator actives were in the training data)
CC(C)=NCC(=O)CC(=O)c1ccc(-c2ccc(Nc3ncc(F)c(-c4cnc(C)n4C(C)C)n3)cc2)cc1,P,P:activity_only,generated,corrected,,"arm activity_only, seed 42, final generation",seed42,False,all curated molecules (the comparator actives were in the training data)
C=C(C)C(=O)c1ccc(Cc2ccc(Nc3ncc(F)c(-c4cnc(C)n4C(C)C)n3)cc2)cc1,P,P:activity_only,generated,corrected,,"arm activity_only, seed 42, final generation",seed42,False,all curated molecules (the comparator actives were in the training data)
C=C(C)c1ccc(Nc2ncc(F)c(-c3cnc(C)n3-c3ncc(F)c(-c4cnc(C)n4C(C)C)n3)n2)cc1,P,P:activity_only,generated,corrected,,"arm activity_only, seed 42, final generation",seed42,False,all curated molecules (the comparator actives were in the training data)
C=C(C)C(C)(N)CC(=O)c1ccc(Nc2ncc(F)c(-c3ncc(F)c(-c4cnc(C)n4C(C)C)n3)n2)cc1,P,P:activity_only,generated,corrected,,"arm activity_only, seed 42, final generation",seed42,False,all curated molecules (the comparator actives were in the training data)
C=C(C)C(C)CC(=O)c1ccc(Nc2ncc(F)c(-c3cnc(C)n3C(C)C)n2)cc1,P,P:activity_only,generated,corrected,,"arm activity_only, seed 42, final generation",seed42,False,all curated molecules (the comparator actives were in the training data)
C=C(C)C(=O)c1ccc(Nc2ccc(Nc3ncc(F)c(-c4cnc(C)n4C(C)C)n3)cc2)cc1,P,P:activity_only,generated,corrected,,"arm activity_only, seed 42, final generation",seed42,False,all curated molecules (the comparator actives were in the training data)
C=C(C)C(=O)C(=O)c1ccc(Nc2ncc(F)c(-c3ncc(F)c(-c4cnc(C)n4C(C)C)n3)n2)cc1,P,P:activity_only,generated,corrected,,"arm activity_only, seed 42, final generation",seed42,False,all curated molecules (the comparator actives were in the training data)
C=C(C)C(=O)C(=O)C(=O)c1ccc(Nc2ncc(F)c(-c3cnc(C)n3C(C)C)n2)cc1,P,P:activity_only,generated,corrected,,"arm activity_only, seed 42, final generation",seed42,False,all curated molecules (the comparator actives were in the training data)
CC(=CC(=O)CC(=O)c1ccc(Nc2ncc(F)c(-c3cnc(C)n3C(C)C)n2)cc1)CN,P,P:activity_only,generated,corrected,,"arm activity_only, seed 42, final generation",seed42,False,all curated molecules (the comparator actives were in the training data)
C=C(C)C(C)c1ccc(C(=O)c2ccc(Nc3ncc(F)c(-c4cnc(C)n4C(C)C)n3)cc2)cc1,P,P:activity_only,generated,corrected,,"arm activity_only, seed 42, final generation",seed42,False,all curated molecules (the comparator actives were in the training data)
CC(C)=NC(=O)C(=O)c1ccc(Nc2ncc(F)c(-c3cnc(C)n3C(C)C)n2)cc1,P,P:activity_only,generated,corrected,,"arm activity_only, seed 42, final generation",seed42,False,all curated molecules (the comparator actives were in the training data)
CC(C)=NN=CC(=O)c1ccc(Nc2ncc(F)c(-c3cnc(C)n3C(C)C)n2)cc1,P,P:activity_only,generated,corrected,,"arm activity_only, seed 42, final generation",seed42,False,all curated molecules (the comparator actives were in the training data)
C=C(C)n1cncc1C(=O)c1ccc(Nc2ncc(F)c(-c3cnc(C)n3C(C)C)n2)cc1,P,P:activity_only,generated,corrected,,"arm activity_only, seed 42, final generation",seed42,False,all curated molecules (the comparator actives were in the training data)
CC(CNc1ccc(C(=O)C(C)C)cc1)=Nc1ccc(Nc2ncc(F)c(-c3cnc(C)n3C(C)C)n2)cc1,P,P:activity_only,generated,corrected,,"arm activity_only, seed 42, final generation",seed42,False,all curated molecules (the comparator actives were in the training data)
C=C(C)C(=O)c1ccc(Nc2ncc(F)c(Nc3ncc(F)c(-c4cnc(C)n4C(C)C)n3)n2)cc1,P,P:activity_only,generated,corrected,,"arm activity_only, seed 42, final generation",seed42,False,all curated molecules (the comparator actives were in the training data)
C=C(C)[C@H](C)C[SH]=NC(=O)c1ccc(Nc2ncc(F)c(-c3cnc(C)n3C(C)C)n2)cc1,P,P:activity_only,generated,corrected,,"arm activity_only, seed 42, final generation",seed42,False,all curated molecules (the comparator actives were in the training data)
Cc1ncc(C(=O)CC(=O)c2ccc(Nc3ncc(F)c(-c4cnc(C)n4C(C)C)n3)cc2)n1C(C)C,P,P:activity_only,generated,corrected,,"arm activity_only, seed 42, final generation",seed42,False,all curated molecules (the comparator actives were in the training data)
Cc1ncc(-c2nc(Nc3ccc(C(=O)CC(=O)CNN)cc3)ncc2F)n1C(C)C,P,P:activity_only,generated,corrected,,"arm activity_only, seed 42, final generation",seed42,False,all curated molecules (the comparator actives were in the training data)
C=C(C)C(=O)C=Cc1ccc(Nc2ncc(F)c(-c3cnc(C)n3C(C)C)n2)cc1,P,P:activity_only,generated,corrected,,"arm activity_only, seed 42, final generation",seed42,False,all curated molecules (the comparator actives were in the training data)
Cc1ncc(-c2nc(Nc3ccc(C(=O)CCC(C)CBr)cc3)ncc2F)n1C(C)C,P,P:activity_only,generated,corrected,,"arm activity_only, seed 42, final generation",seed42,True,all curated molecules (the comparator actives were in the training data)
CC(C)=Cc1cccc2[nH]c(O)c(N=Nc3cccc4[nH]c(O)c(SN=Nc5ccc(S(N)(=O)=O)cc5)c34)c12,P,P:activity_only,generated,corrected,,"arm activity_only, seed 43, final generation",seed43,False,all curated molecules (the comparator actives were in the training data)
CC(C)=Cc1cccc2[nH]c(O)c(N=Nc3ccc(Cc4ccc(-c5ccc(S(N)(=O)=O)cc5)cc4)cc3)c12,P,P:activity_only,generated,corrected,,"arm activity_only, seed 43, final generation",seed43,False,all curated molecules (the comparator actives were in the training data)
NCCNCCn1nc(C(N)=O)c2c1-c1nc(Nc3ccccc3)ncc1CC2,P,P:activity_only,generated,corrected,,"arm activity_only, seed 43, final generation",seed43,False,all curated molecules (the comparator actives were in the training data)
Cc1ncc(-c2ccnc(Nc3ccc(NNNc4ccc(C(N)=O)cc4)cc3)n2)n1C(C)C,P,P:activity_only,generated,corrected,,"arm activity_only, seed 43, final generation",seed43,False,all curated molecules (the comparator actives were in the training data)
Cc1ncc(-c2ccnc(-c3ccnc(Nc4ccc(C(N)=O)cc4)n3)n2)n1C(C)C,P,P:activity_only,generated,corrected,,"arm activity_only, seed 43, final generation",seed43,True,all curated molecules (the comparator actives were in the training data)
Cc1ncc(-c2ccnc(-c3ccnc(Nc4ccc(Nc5ccc(C(N)=O)cc5)cc4)n3)n2)n1C(C)C,P,P:activity_only,generated,corrected,,"arm activity_only, seed 43, final generation",seed43,False,all curated molecules (the comparator actives were in the training data)
Cc1ncc(-c2ccnc(Nc3ccc(-c4ccc(C(N)=O)cc4)cc3)n2)n1C(C)C,P,P:activity_only,generated,corrected,,"arm activity_only, seed 43, final generation",seed43,False,all curated molecules (the comparator actives were in the training data)
CC(C)=Cc1ccc(NNCCCn2nc(C(N)=O)c3c2-c2nc(Nc4ccccc4)ncc2CC3)cc1O,P,P:activity_only,generated,corrected,,"arm activity_only, seed 43, final generation",seed43,False,all curated molecules (the comparator actives were in the training data)
Cc1ncc(-c2ccnc(Nc3ccc(-c4ccc(C(N)=O)cn4)cc3)n2)n1C(C)C,P,P:activity_only,generated,corrected,,"arm activity_only, seed 43, final generation",seed43,False,all curated molecules (the comparator actives were in the training data)
Cc1ncc(-c2ccnc(Sc3ccnc(Nc4ccc(C(N)=O)cc4)n3)n2)n1C(C)C,P,P:activity_only,generated,corrected,,"arm activity_only, seed 43, final generation",seed43,False,all curated molecules (the comparator actives were in the training data)
CC(C[SH](N)(=O)CC(N)=O)=NC(=N)c1ccc(Nc2nccc(-c3cnc(C)n3C(C)C)n2)cc1,P,P:activity_only,generated,corrected,,"arm activity_only, seed 43, final generation",seed43,False,all curated molecules (the comparator actives were in the training data)
NC(=O)SCCn1nc(C(N)=O)c2c1-c1nc(Nc3ccccc3)ncc1CC2,P,P:activity_only,generated,corrected,,"arm activity_only, seed 43, final generation",seed43,False,all curated molecules (the comparator actives were in the training data)
CC=C(CCC(N)=O)c1ccc(Nc2nccc(-c3cnc(C)n3C(C)C)n2)cc1,P,P:activity_only,generated,corrected,,"arm activity_only, seed 43, final generation",seed43,False,all curated molecules (the comparator actives were in the training data)
Cc1ncc(-c2ccnc(Nc3ccnc(Sc4ccnc(Nc5ccc(C(N)=O)cc5)n4)n3)n2)n1C(C)C,P,P:activity_only,generated,corrected,,"arm activity_only, seed 43, final generation",seed43,False,all curated molecules (the comparator actives were in the training data)
CC(C)=CC=Cc1ccc(N=C(N)c2ccc(Nc3nccc(-c4cnc(C)n4C(C)C)n3)cc2)cc1,P,P:activity_only,generated,corrected,,"arm activity_only, seed 43, final generation",seed43,False,all curated molecules (the comparator actives were in the training data)
Cc1ncc(-c2ccc(Nc3nccc(-c4cnc(C)n4C(C)C)n3)cc2)n1-c1ccc(C(N)=O)cc1,P,P:activity_only,generated,corrected,,"arm activity_only, seed 43, final generation",seed43,False,all curated molecules (the comparator actives were in the training data)
CC=C(CC=CCC(N)=O)c1ccc(-c2ccc(Nc3nccc(-c4cnc(C)n4C(C)C)n3)cc2)cc1,P,P:activity_only,generated,corrected,,"arm activity_only, seed 43, final generation",seed43,False,all curated molecules (the comparator actives were in the training data)
CCc1cnn2c(NCc3ccc[n+]([O-])c3)cc(N3CCCC[C@H]3CCNN3CSCC[C@H]3CCO)nc12,P,P:activity_only,generated,corrected,,"arm activity_only, seed 44, final generation",seed44,False,all curated molecules (the comparator actives were in the training data)
CCc1cnn2c(NCc3ccc[n+]([O-])c3)cc(N3CCCC[C@H]3N3CCCC[C@H]3CCO)nc12,P,P:activity_only,generated,corrected,,"arm activity_only, seed 44, final generation",seed44,False,all curated molecules (the comparator actives were in the training data)
CCC[C@@H](CCCO)NCC[C@@H]1CCCCN1c1cc(NCc2ccc[n+]([O-])c2)n2ncc(CC)c2n1,P,P:activity_only,generated,corrected,,"arm activity_only, seed 44, final generation",seed44,False,all curated molecules (the comparator actives were in the training data)
CCCC(CSCCO)NCC[C@@H]1CCCCN1c1cc(NCc2ccc[n+]([O-])c2)n2ncc(CC)c2n1,P,P:activity_only,generated,corrected,,"arm activity_only, seed 44, final generation",seed44,False,all curated molecules (the comparator actives were in the training data)
CCc1cnn2c(NCc3ccc[n+]([O-])c3)cc(N3CCCC[C@H]3CN3CCCC[C@H]3CCO)nc12,P,P:activity_only,generated,corrected,,"arm activity_only, seed 44, final generation",seed44,False,all curated molecules (the comparator actives were in the training data)
CCc1cnn2c(NCc3ccc[n+]([O-])c3)cc(N3CCCC[C@H]3CCSCO)nc12,P,P:activity_only,generated,corrected,,"arm activity_only, seed 44, final generation",seed44,False,all curated molecules (the comparator actives were in the training data)
CCc1cnn2c(NCc3ccc[n+]([O-])c3)cc(N3CCCCC[C@H]3CCN3CCC(Br)C[C@H]3CCO)nc12,P,P:activity_only,generated,corrected,,"arm activity_only, seed 44, final generation",seed44,False,all curated molecules (the comparator actives were in the training data)
CCc1cnn2c(NCc3ccc[n+]([O-])c3)cc(N3CCCCC3CN3CCCC[C@H]3CCCO)nc12,P,P:activity_only,generated,corrected,,"arm activity_only, seed 44, final generation",seed44,False,all curated molecules (the comparator actives were in the training data)
CCCC(CCO)NCC[C@@H]1CCCCCN1c1cc(NCc2ccc[n+]([O-])c2)n2ncc(CC)c2n1,P,P:activity_only,generated,corrected,,"arm activity_only, seed 44, final generation",seed44,False,all curated molecules (the comparator actives were in the training data)
CCc1cnn2c(NCc3ccc[n+]([O-])c3)cc(CN3CCCC[C@H]3N3CCCC[C@H]3CCO)nc12,P,P:activity_only,generated,corrected,,"arm activity_only, seed 44, final generation",seed44,False,all curated molecules (the comparator actives were in the training data)
CCc1cnn2c(NCc3ccc[n+]([O-])c3)cc(C3CC(S)CC[C@H]3CN3CCCC[C@H]3CCO)nc12,P,P:activity_only,generated,corrected,,"arm activity_only, seed 44, final generation",seed44,False,all curated molecules (the comparator actives were in the training data)
CCc1cnn2c(NCc3ccc[n+]([O-])c3)cc(C3CCCC[C@H]3CCCCO)nc12,P,P:activity_only,generated,corrected,,"arm activity_only, seed 44, final generation",seed44,False,all curated molecules (the comparator actives were in the training data)
CCc1cnn2c(NCc3ccc[n+]([O-])c3)cc(C3CCCC[C@H]3C[SH]=NN3CCCC[C@H]3CCO)nc12,P,P:activity_only,generated,corrected,,"arm activity_only, seed 44, final generation",seed44,False,all curated molecules (the comparator actives were in the training data)
CCc1cnn2c(NCc3ccc[n+]([O-])c3)cc(N3CCCC[C@H]3CCCc3ccc[n+]([O-])c3)nc12,P,P:activity_only,generated,corrected,,"arm activity_only, seed 44, final generation",seed44,False,all curated molecules (the comparator actives were in the training data)
CCc1cnn2c(NCc3ccc[n+]([O-])c3)cc(N3CCCC[C@H]3CCNNCc3ccc[n+]([O-])c3)nc12,P,P:activity_only,generated,corrected,,"arm activity_only, seed 44, final generation",seed44,False,all curated molecules (the comparator actives were in the training data)
CCc1cnn2c(NCc3ccc[n+]([O-])c3)cc(N3CCCCC3N3CCCC[C@H]3CCCSCO)nc12,P,P:activity_only,generated,corrected,,"arm activity_only, seed 44, final generation",seed44,False,all curated molecules (the comparator actives were in the training data)
CCc1cnn2c(NCc3ccc[n+]([O-])c3)cc(N3CCCCC3CCC(N)=O)nc12,P,P:activity_only,generated,corrected,,"arm activity_only, seed 44, final generation",seed44,False,all curated molecules (the comparator actives were in the training data)
CCc1cnn2c(NCc3ccc[n+]([O-])c3)cc(C3CCCC[C@H]3C3CCCC[C@H]3CCCO)nc12,P,P:activity_only,generated,corrected,,"arm activity_only, seed 44, final generation",seed44,False,all curated molecules (the comparator actives were in the training data)
CCc1cnn2c(NCc3ccc[n+]([O-])c3)cc(N3CCCC[C@H]3CN3CCC4C[C@H]3CC4CCO)nc12,P,P:activity_only,generated,corrected,,"arm activity_only, seed 44, final generation",seed44,False,all curated molecules (the comparator actives were in the training data)
CCc1cnn2c(NCc3ccc[n+]([O-])c3)cc(N3CCCC[C@H]3CN3CCCC[C@H]3SSCO)nc12,P,P:activity_only,generated,corrected,,"arm activity_only, seed 44, final generation",seed44,False,all curated molecules (the comparator actives were in the training data)
CCc1cnn2c(NCc3ccc[n+]([O-])c3)cc(C(CC)[C@@H](CC)CN3CCCC[C@H]3CCO)nc12,P,P:activity_only,generated,corrected,,"arm activity_only, seed 44, final generation",seed44,False,all curated molecules (the comparator actives were in the training data)
[O-][n+]1cccc(CNc2cc(N3CCCCC3CCO)nc3c(Cc4ccc[n+]([O-])c4)cnn23)c1,P,P:activity_only,generated,corrected,,"arm activity_only, seed 44, final generation",seed44,False,all curated molecules (the comparator actives were in the training data)
CC(C)=C[N+](=CC=CC(N)=O)CC(=O)c1ccc(Nc2ncc(F)c(-c3cnc(C)n3C(C)C)n2)cc1,P,P:activity_only,generated,corrected,,"arm activity_only, seed 45, final generation",seed45,True,all curated molecules (the comparator actives were in the training data)
CC(=O)[N+](=CC=CC(N)=O)CC(=O)c1ccc(Nc2ncc(F)c(-c3cnc(C)n3C(C)C)n2)cc1,P,P:activity_only,generated,corrected,,"arm activity_only, seed 45, final generation",seed45,False,all curated molecules (the comparator actives were in the training data)
CC(=N)CCC(=O)CC(=O)c1ccc(Nc2ncc(F)c(-c3cnc(C)n3C(C)C)n2)cc1,P,P:activity_only,generated,corrected,,"arm activity_only, seed 45, final generation",seed45,False,all curated molecules (the comparator actives were in the training data)
CC(=O)[N+](=CC=CC(N)=O)c1ccc(Nc2ncc(F)c(-c3cnc(C)n3C(C)C)n2)cc1,P,P:activity_only,generated,corrected,,"arm activity_only, seed 45, final generation",seed45,False,all curated molecules (the comparator actives were in the training data)
C=C(C)C=[N+](CC(=O)c1ccc(Nc2ncc(F)c(-c3cnc(C)n3C(C)C)n2)cc1)NC(C)C,P,P:activity_only,generated,corrected,,"arm activity_only, seed 45, final generation",seed45,False,all curated molecules (the comparator actives were in the training data)
C=C(C)c1ccc(NCC(=O)c2ccc(Nc3ncc(F)c(-c4cnc(C)n4C(C)C)n3)cc2)cc1,P,P:activity_only,generated,corrected,,"arm activity_only, seed 45, final generation",seed45,False,all curated molecules (the comparator actives were in the training data)
CC(=O)C(=O)c1ccc(C(=O)c2ccc(Nc3ncc(F)c(-c4cnc(C)n4C(C)C)n3)cc2)cc1,P,P:activity_only,generated,corrected,,"arm activity_only, seed 45, final generation",seed45,False,all curated molecules (the comparator actives were in the training data)
CC(C)=NCCC(=O)c1ccc(Nc2ncc(F)c(-c3cnc(C)n3C(C)C)n2)cc1,P,P:activity_only,generated,corrected,,"arm activity_only, seed 45, final generation",seed45,False,all curated molecules (the comparator actives were in the training data)
C=C(C)n1c(C(=O)c2ccc(Nc3ncc(F)c(-c4cnc(C)n4C(C)C)n3)cc2)cnc1NC(=O)CC,P,P:activity_only,generated,corrected,,"arm activity_only, seed 45, final generation",seed45,False,all curated molecules (the comparator actives were in the training data)
C=C(C)c1ccc(C(=O)c2ccc(Nc3ncc(F)c(-c4cnc(C)n4C(C)C)n3)cc2)cc1N,P,P:activity_only,generated,corrected,,"arm activity_only, seed 45, final generation",seed45,False,all curated molecules (the comparator actives were in the training data)
C=C(C)n1c(CC(=O)c2ccc(Nc3ncc(F)c(-c4cnc(C)n4C(C)C)n3)cc2)cnc1NC(=O)CC,P,P:activity_only,generated,corrected,,"arm activity_only, seed 45, final generation",seed45,False,all curated molecules (the comparator actives were in the training data)
C=C(C)C(=O)n1cncc1C(=O)c1ccc(Nc2ncc(F)c(-c3cnc(C)n3C(C)C)n2)cc1,P,P:activity_only,generated,corrected,,"arm activity_only, seed 45, final generation",seed45,True,all curated molecules (the comparator actives were in the training data)
CC(=CC(=O)c1ccc(Nc2ncc(F)c(-c3cnc(C)n3C(C)C)n2)cc1)c1cnc(C)n1C(C)C,P,P:activity_only,generated,corrected,,"arm activity_only, seed 45, final generation",seed45,False,all curated molecules (the comparator actives were in the training data)
C=C(C)C(=O)C(=O)C(Cl)=[N+](CC(=O)c1ccc(Nc2ncc(F)c(-c3cnc(C)n3C(C)C)n2)cc1)C(=C)C,P,P:activity_only,generated,corrected,,"arm activity_only, seed 45, final generation",seed45,False,all curated molecules (the comparator actives were in the training data)
CC(=CCC(=O)c1ccc(Nc2ncc(F)c(-c3cnc(C)n3C(C)C)n2)cc1)c1cnc(C)n1C(C)C,P,P:activity_only,generated,corrected,,"arm activity_only, seed 45, final generation",seed45,False,all curated molecules (the comparator actives were in the training data)
CC(=O)C(C)CCCSC(=O)CC(=O)c1ccc(Nc2ncc(F)c(-c3cnc(C)n3C(C)C)n2)cc1,P,P:activity_only,generated,corrected,,"arm activity_only, seed 46, final generation",seed46,False,all curated molecules (the comparator actives were in the training data)
C=C(C)N=CS[SH](N)C(=O)CC(=O)c1ccc(Nc2ncc(F)c(-c3cnc(C)n3C(C)C)n2)cc1,P,P:activity_only,generated,corrected,,"arm activity_only, seed 46, final generation",seed46,False,all curated molecules (the comparator actives were in the training data)
C=C(C)SC(C)=NS[SH](N)C(=O)CC(=O)c1ccc(Nc2ncc(F)c(-c3cnc(C)n3C(C)C)n2)cc1,P,P:activity_only,generated,corrected,,"arm activity_only, seed 46, final generation",seed46,False,all curated molecules (the comparator actives were in the training data)
CC(=O)C(C)CCSC(=O)c1ccc(Nc2ncc(F)c(-c3cnc(C)n3C(C)C)n2)cc1,P,P:activity_only,generated,corrected,,"arm activity_only, seed 46, final generation",seed46,False,all curated molecules (the comparator actives were in the training data)
C[SH]=C(C)CC(=O)CC(=O)c1ccc(Nc2ncc(F)c(-c3cnc(C)n3C(C)C)n2)cc1,P,P:activity_only,generated,corrected,,"arm activity_only, seed 46, final generation",seed46,False,all curated molecules (the comparator actives were in the training data)
CC=C(C)C(CSC(=O)C(=O)c1ccc(Nc2ncc(F)c(-c3cnc(C)n3C(C)C)n2)cc1)NC,P,P:activity_only,generated,corrected,,"arm activity_only, seed 46, final generation",seed46,False,all curated molecules (the comparator actives were in the training data)
CNC(CSC(=O)C(=O)C(=O)c1ccc(Nc2ncc(F)c(-c3cnc(C)n3C(C)C)n2)cc1)SC(C)=[SH]C,P,P:activity_only,generated,corrected,,"arm activity_only, seed 46, final generation",seed46,False,all curated molecules (the comparator actives were in the training data)
CC(=O)CSC(=O)c1ccc(Nc2ncc(F)c(-c3ncc(F)c(-c4cnc(C)n4C(C)C)n3)n2)cc1,P,P:activity_only,generated,corrected,,"arm activity_only, seed 46, final generation",seed46,True,all curated molecules (the comparator actives were in the training data)
CNC(CSC(=O)C(=O)c1ccc(Nc2ncc(F)c(-c3cnc(C)n3C(C)C)n2)cc1)C(C)=[SH]C,P,P:activity_only,generated,corrected,,"arm activity_only, seed 46, final generation",seed46,False,all curated molecules (the comparator actives were in the training data)
CC(=O)CSC(C)=NC(C)=NC(=O)c1ccc(Nc2ncc(F)c(-c3cnc(C)n3C(C)C)n2)cc1,P,P:activity_only,generated,corrected,,"arm activity_only, seed 46, final generation",seed46,False,all curated molecules (the comparator actives were in the training data)
CC(C)=C(C)c1ccc(C(=O)c2ccc(Nc3ncc(F)c(-c4cnc(C)n4C(C)C)n3)cc2)cc1,P,P:activity_only,generated,corrected,,"arm activity_only, seed 46, final generation",seed46,False,all curated molecules (the comparator actives were in the training data)
C[SH]=C(C)SC(=O)c1ccc(-c2ccc(Nc3ncc(F)c(-c4cnc(C)n4C(C)C)n3)cc2)cc1,P,P:activity_only,generated,corrected,,"arm activity_only, seed 46, final generation",seed46,False,all curated molecules (the comparator actives were in the training data)
C=C(C)SC(C)=NNCC(=O)c1ccc(Nc2ncc(F)c(-c3cnc(C)n3C(C)C)n2)cc1,P,P:activity_only,generated,corrected,,"arm activity_only, seed 46, final generation",seed46,False,all curated molecules (the comparator actives were in the training data)
CC(=NNCC(=O)c1ccc(Nc2ncc(F)c(-c3cnc(C)n3C(C)C)n2)cc1)C(C)C,P,P:activity_only,generated,corrected,,"arm activity_only, seed 46, final generation",seed46,False,all curated molecules (the comparator actives were in the training data)
C=C(C)N=CSC(=O)c1ccc(Nc2ccc(Nc3ncc(F)c(-c4cnc(C)n4C(C)C)n3)cc2)cc1,P,P:activity_only,generated,corrected,,"arm activity_only, seed 46, final generation",seed46,False,all curated molecules (the comparator actives were in the training data)
CN=C(C)SC(=O)C(=O)c1ccc(Nc2ncc(F)c(-c3cnc(C)n3C(C)C)n2)cc1,P,P:activity_only,generated,corrected,,"arm activity_only, seed 46, final generation",seed46,True,all curated molecules (the comparator actives were in the training data)
C[SH]=C(C)CSCC(=O)c1ccc(Nc2ncc(F)c(-c3cnc(C)n3C(C)C)n2)cc1,P,P:activity_only,generated,corrected,,"arm activity_only, seed 46, final generation",seed46,False,all curated molecules (the comparator actives were in the training data)
CC(=O)C(=O)c1ccc(Nc2ncc(F)c(Nc3ncc(F)c(-c4cnc(C)n4C(C)C)n3)n2)cc1,P,P:activity_only,generated,corrected,,"arm activity_only, seed 46, final generation",seed46,False,all curated molecules (the comparator actives were in the training data)
CC(=NCC(=O)c1ccc(Nc2ncc(F)c(-c3cnc(C)n3C(C)C)n2)cc1)SC(=O)CO,P,P:activity_only,generated,corrected,,"arm activity_only, seed 46, final generation",seed46,False,all curated molecules (the comparator actives were in the training data)
C=C(C)c1ccc(SC(=O)C(=O)c2ccc(Nc3ncc(F)c(-c4cnc(C)n4C(C)C)n3)cc2)cc1,P,P:activity_only,generated,corrected,,"arm activity_only, seed 46, final generation",seed46,False,all curated molecules (the comparator actives were in the training data)
C[SH]=C(C)c1ccc(C(=O)C(=O)c2ccc(Nc3ncc(F)c(-c4cnc(C)n4C(C)C)n3)cc2)cc1,P,P:activity_only,generated,corrected,,"arm activity_only, seed 46, final generation",seed46,False,all curated molecules (the comparator actives were in the training data)
Cc1ncc(-c2nc(-c3nc(Nc4ccc(C(=O)CO)c(F)c4)ncc3F)ncc2F)n1C(C)C,P,P:activity_only,generated,corrected,,"arm activity_only, seed 46, final generation",seed46,False,all curated molecules (the comparator actives were in the training data)
Cc1ncc(-c2nc(Nc3ccc(C(=O)CC(=O)CCCN(CCS)[SH](=O)=O)cc3)ncc2F)n1C(C)C,P,P:activity_only,generated,corrected,,"arm activity_only, seed 46, final generation",seed46,False,all curated molecules (the comparator actives were in the training data)
Cc1ncc(-c2nc(Nc3ccc(C(=O)CC(=O)CCC(O)C[C@H](C)[C@H](C)O)cc3)ncc2F)n1C(C)C,P,P:activity_only,generated,corrected,,"arm activity_only, seed 46, final generation",seed46,False,all curated molecules (the comparator actives were in the training data)
CCC(C)=NCC(=O)c1ccc(Nc2ncc(F)c(-c3cnc(C)n3C(C)C)n2)cc1,P,P:activity_only,generated,corrected,,"arm activity_only, seed 46, final generation",seed46,False,all curated molecules (the comparator actives were in the training data)
CC(=O)C(C)CCCSc1ccc(Nc2ncc(F)c(-c3cnc(C)n3C(C)C)n2)cc1,P,P:activity_only,generated,corrected,,"arm activity_only, seed 46, final generation",seed46,False,all curated molecules (the comparator actives were in the training data)
CC(=O)Nc1ccc(-c2ccc(N3CCOCC3)cc2)cc1,P,P:druglike_only,generated,corrected,,"arm druglike_only, seed 42, final generation",seed42,False,all curated molecules (the comparator actives were in the training data)
CC(=O)Nc1ccc(-c2ccc(CN3CCOCC3)cc2)cc1,P,P:druglike_only,generated,corrected,,"arm druglike_only, seed 42, final generation",seed42,False,all curated molecules (the comparator actives were in the training data)
COc1ccc(C(=O)Nc2ccc(N(C)C)cc2)cc1Cl,P,P:druglike_only,generated,corrected,,"arm druglike_only, seed 42, final generation",seed42,False,all curated molecules (the comparator actives were in the training data)
CC(=O)Nc1ccc(-c2ccc(C(=O)N3CCOCC3)cc2)cc1,P,P:druglike_only,generated,corrected,,"arm druglike_only, seed 42, final generation",seed42,False,all curated molecules (the comparator actives were in the training data)
CN(C)S(=O)(=O)c1ccc(-c2ccc(CO)cc2)cc1,P,P:druglike_only,generated,corrected,,"arm druglike_only, seed 42, final generation",seed42,False,all curated molecules (the comparator actives were in the training data)
CN1CCCN(c2ccc(Nc3ccccc3)cc2)CC1,P,P:druglike_only,generated,corrected,,"arm druglike_only, seed 42, final generation",seed42,False,all curated molecules (the comparator actives were in the training data)
CN1CCN(c2ccc(-c3ccccc3CO)cc2)CC1,P,P:druglike_only,generated,corrected,,"arm druglike_only, seed 42, final generation",seed42,False,all curated molecules (the comparator actives were in the training data)
COc1ccc(Nc2ccc(S(=O)(=O)N(C)C)cc2)cc1,P,P:druglike_only,generated,corrected,,"arm druglike_only, seed 42, final generation",seed42,False,all curated molecules (the comparator actives were in the training data)
Fc1ccccc1NCc1ccc(N2CCOCC2)cc1,P,P:druglike_only,generated,corrected,,"arm druglike_only, seed 42, final generation",seed42,False,all curated molecules (the comparator actives were in the training data)
Cc1ccc(Nc2ccc(S(=O)(=O)N3CCOCC3)cc2)cc1,P,P:druglike_only,generated,corrected,,"arm druglike_only, seed 42, final generation",seed42,False,all curated molecules (the comparator actives were in the training data)
Fc1ccccc1Nc1ccc(N2CCOCC2)cc1,P,P:druglike_only,generated,corrected,,"arm druglike_only, seed 42, final generation",seed42,False,all curated molecules (the comparator actives were in the training data)
COc1ccc(Nc2ccc(N3CCOCC3)c(C)c2)cc1,P,P:druglike_only,generated,corrected,,"arm druglike_only, seed 42, final generation",seed42,False,all curated molecules (the comparator actives were in the training data)
CN(C)c1ccc(Nc2ccc(N3CCOCC3)cc2)cc1,P,P:druglike_only,generated,corrected,,"arm druglike_only, seed 42, final generation",seed42,False,all curated molecules (the comparator actives were in the training data)
Clc1cc(Nc2ccccc2)ccc1N1CCOCC1,P,P:druglike_only,generated,corrected,,"arm druglike_only, seed 42, final generation",seed42,False,all curated molecules (the comparator actives were in the training data)
Clc1cc(Nc2ccccc2)ccc1CN1CCOCC1,P,P:druglike_only,generated,corrected,,"arm druglike_only, seed 42, final generation",seed42,False,all curated molecules (the comparator actives were in the training data)
Cc1cc(C(=O)NC(C)C)ccc1-c1ccc(N(C)C)cc1,P,P:druglike_only,generated,corrected,,"arm druglike_only, seed 42, final generation",seed42,False,all curated molecules (the comparator actives were in the training data)
CN(C)C(=O)c1ccccc1Nc1ccc(N2CCOCC2)cc1,P,P:druglike_only,generated,corrected,,"arm druglike_only, seed 42, final generation",seed42,False,all curated molecules (the comparator actives were in the training data)
COc1ccc(Nc2ccc(N3CCOCC3)cc2)cc1Cl,P,P:druglike_only,generated,corrected,,"arm druglike_only, seed 42, final generation",seed42,False,all curated molecules (the comparator actives were in the training data)
Cc1cc(C(=O)N(C)C)ccc1-c1ccccc1CO,P,P:druglike_only,generated,corrected,,"arm druglike_only, seed 42, final generation",seed42,False,all curated molecules (the comparator actives were in the training data)
CC(=O)Nc1ccc(-c2ccc(N3CCSCC3)cc2)cc1,P,P:druglike_only,generated,corrected,,"arm druglike_only, seed 42, final generation",seed42,False,all curated molecules (the comparator actives were in the training data)
CN1CCN(c2ccc(-c3ccc(CO)cn3)cc2)CC1,P,P:druglike_only,generated,corrected,,"arm druglike_only, seed 42, final generation",seed42,False,all curated molecules (the comparator actives were in the training data)
CN(C)c1ccc(Nc2ccc(S(=O)(=O)N(C)C)cc2)cc1,P,P:druglike_only,generated,corrected,,"arm druglike_only, seed 42, final generation",seed42,False,all curated molecules (the comparator actives were in the training data)
CCc1ccc(CNc2ccc(N3CCOCC3)cc2)cc1,P,P:druglike_only,generated,corrected,,"arm druglike_only, seed 42, final generation",seed42,False,all curated molecules (the comparator actives were in the training data)
Fc1ccccc1NCCc1ccc(N2CCOCC2)cc1,P,P:druglike_only,generated,corrected,,"arm druglike_only, seed 42, final generation",seed42,False,all curated molecules (the comparator actives were in the training data)
CN1CCN(c2ccc(-c3ccc(CO)nc3)cc2)CC1,P,P:druglike_only,generated,corrected,,"arm druglike_only, seed 42, final generation",seed42,False,all curated molecules (the comparator actives were in the training data)
O=C(Nc1ccccc1)c1ccc(C(=O)N2CCCC2)cc1,P,P:druglike_only,generated,corrected,,"arm druglike_only, seed 43, final generation",seed43,False,all curated molecules (the comparator actives were in the training data)
COc1ccc(C(=O)Nc2ccc(Cl)cc2)cc1OC,P,P:druglike_only,generated,corrected,,"arm druglike_only, seed 43, final generation",seed43,False,all curated molecules (the comparator actives were in the training data)
O=C(Nc1ccc(Cl)cc1)c1ccc(N2CCOCC2)cc1,P,P:druglike_only,generated,corrected,,"arm druglike_only, seed 43, final generation",seed43,False,all curated molecules (the comparator actives were in the training data)
O=C(c1ccc(Nc2ccc(Cl)cc2)cc1)N1CCOCC1,P,P:druglike_only,generated,corrected,,"arm druglike_only, seed 43, final generation",seed43,False,all curated molecules (the comparator actives were in the training data)
COc1ccc(-c2ccc(F)cc2C(=O)O)cc1OC,P,P:druglike_only,generated,corrected,,"arm druglike_only, seed 43, final generation",seed43,False,all curated molecules (the comparator actives were in the training data)
Clc1ccc(NCc2ccc(N3CCOCC3)cc2)cc1,P,P:druglike_only,generated,corrected,,"arm druglike_only, seed 43, final generation",seed43,False,all curated molecules (the comparator actives were in the training data)
COc1ccc(-c2ccc(N3CCNCC3)cc2)cc1,P,P:druglike_only,generated,corrected,,"arm druglike_only, seed 43, final generation",seed43,False,all curated molecules (the comparator actives were in the training data)
COc1cccc(C(=O)Nc2ccc(C3CCC3)cc2)c1,P,P:druglike_only,generated,corrected,,"arm druglike_only, seed 43, final generation",seed43,False,all curated molecules (the comparator actives were in the training data)
COc1ccc(-c2ccc(N3CCNCC3)cc2)c(OC)c1,P,P:druglike_only,generated,corrected,,"arm druglike_only, seed 43, final generation",seed43,False,all curated molecules (the comparator actives were in the training data)
COc1cccc(-c2ccc(N3CCNCC3)cc2)c1,P,P:druglike_only,generated,corrected,,"arm druglike_only, seed 43, final generation",seed43,False,all curated molecules (the comparator actives were in the training data)
CN1CCN(C(=O)c2ccc(CNc3ccc(Cl)cc3)cc2)CC1,P,P:druglike_only,generated,corrected,,"arm druglike_only, seed 43, final generation",seed43,False,all curated molecules (the comparator actives were in the training data)
COc1ccc(CNc2ccc(N3CCOCC3)cc2)cc1,P,P:druglike_only,generated,corrected,,"arm druglike_only, seed 43, final generation",seed43,False,all curated molecules (the comparator actives were in the training data)
O=C(c1ccc(-c2ccc(N3CCNCC3)cc2)cc1)N1CCCC1,P,P:druglike_only,generated,corrected,,"arm druglike_only, seed 43, final generation",seed43,False,all curated molecules (the comparator actives were in the training data)
COc1ccc(C(=O)NCCc2ccccc2)cc1OC,P,P:druglike_only,generated,corrected,,"arm druglike_only, seed 43, final generation",seed43,False,all curated molecules (the comparator actives were in the training data)
Cc1ccc(CNC(=O)c2ccc(F)cc2C(=O)N2CCCC2)cc1,P,P:druglike_only,generated,corrected,,"arm druglike_only, seed 43, final generation",seed43,False,all curated molecules (the comparator actives were in the training data)
COCc1cccc(-c2ccc(N3CCNCC3)cc2)c1,P,P:druglike_only,generated,corrected,,"arm druglike_only, seed 43, final generation",seed43,False,all curated molecules (the comparator actives were in the training data)
Cc1ccccc1C(=O)Nc1ccc(S(C)(=O)=O)cc1,P,P:druglike_only,generated,corrected,,"arm druglike_only, seed 44, final generation",seed44,False,all curated molecules (the comparator actives were in the training data)
CN1CCN(C(=O)c2ccc(Nc3ccccc3)cc2)CC1,P,P:druglike_only,generated,corrected,,"arm druglike_only, seed 44, final generation",seed44,False,all curated molecules (the comparator actives were in the training data)
COc1ccccc1NC(=O)c1ccc(N2CCN(C)CC2)cc1,P,P:druglike_only,generated,corrected,,"arm druglike_only, seed 44, final generation",seed44,False,all curated molecules (the comparator actives were in the training data)
Cc1ccccc1C(=O)Nc1ccc(C(=O)N2CCN(C)CC2)cc1,P,P:druglike_only,generated,corrected,,"arm druglike_only, seed 44, final generation",seed44,False,all curated molecules (the comparator actives were in the training data)
CS(=O)(=O)NC(=O)Cc1ccc(-c2ccccc2)cc1,P,P:druglike_only,generated,corrected,,"arm druglike_only, seed 44, final generation",seed44,False,all curated molecules (the comparator actives were in the training data)
CCCc1ccc(NC(=O)c2ccc(S(C)(=O)=O)cc2)cc1,P,P:druglike_only,generated,corrected,,"arm druglike_only, seed 44, final generation",seed44,False,all curated molecules (the comparator actives were in the training data)
CC(=O)Nc1ccc(CNC(=O)c2ccccc2C)cc1,P,P:druglike_only,generated,corrected,,"arm druglike_only, seed 44, final generation",seed44,False,all curated molecules (the comparator actives were in the training data)
CN1CCN(C(=O)NC(=O)c2ccc(Cc3ccccc3)cc2)CC1,P,P:druglike_only,generated,corrected,,"arm druglike_only, seed 44, final generation",seed44,False,all curated molecules (the comparator actives were in the training data)
CCc1ccc(-c2cc(N3CCN(C)CC3)ccc2O)cc1,P,P:druglike_only,generated,corrected,,"arm druglike_only, seed 44, final generation",seed44,False,all curated molecules (the comparator actives were in the training data)
CCc1ccc(Cc2ccc(O)c(C(=O)N(C)C)c2)cc1,P,P:druglike_only,generated,corrected,,"arm druglike_only, seed 44, final generation",seed44,False,all curated molecules (the comparator actives were in the training data)
CN(C)C(=O)Cc1ccc(C(=O)NC2CCCCC2)cc1,P,P:druglike_only,generated,corrected,,"arm druglike_only, seed 44, final generation",seed44,False,all curated molecules (the comparator actives were in the training data)
CN1CCN(Cc2ccc(C(=O)NC3CCC3)cc2)CC1,P,P:druglike_only,generated,corrected,,"arm druglike_only, seed 44, final generation",seed44,False,all curated molecules (the comparator actives were in the training data)
CC(=O)Cc1ccc(NC(=O)NC(=O)c2ccccc2)cc1,P,P:druglike_only,generated,corrected,,"arm druglike_only, seed 44, final generation",seed44,False,all curated molecules (the comparator actives were in the training data)
Cc1ccccc1-c1ccc(O)c(C(=O)N2CCN(C)CC2)c1,P,P:druglike_only,generated,corrected,,"arm druglike_only, seed 44, final generation",seed44,False,all curated molecules (the comparator actives were in the training data)
CS(=O)(=O)c1ccc(NC(=O)c2ccc(S(C)(=O)=O)cc2)cc1,P,P:druglike_only,generated,corrected,,"arm druglike_only, seed 44, final generation",seed44,False,all curated molecules (the comparator actives were in the training data)
CN1CCN(Cc2ccc(O)c(-c3cccnc3)c2)CC1,P,P:druglike_only,generated,corrected,,"arm druglike_only, seed 44, final generation",seed44,False,all curated molecules (the comparator actives were in the training data)
Cc1ccccc1CCc1cc(N2CCN(C)CC2)ccc1O,P,P:druglike_only,generated,corrected,,"arm druglike_only, seed 44, final generation",seed44,False,all curated molecules (the comparator actives were in the training data)
Cc1ccccc1NC(=O)c1ccc(CC2CC2)cc1,P,P:druglike_only,generated,corrected,,"arm druglike_only, seed 44, final generation",seed44,False,all curated molecules (the comparator actives were in the training data)
O=C(c1cccc(Nc2ccccc2)c1)N1CCOCC1,P,P:druglike_only,generated,corrected,,"arm druglike_only, seed 45, final generation",seed45,False,all curated molecules (the comparator actives were in the training data)
COc1ccc(-c2cccc(C(=O)N3CCCNCC3)c2)cc1,P,P:druglike_only,generated,corrected,,"arm druglike_only, seed 45, final generation",seed45,False,all curated molecules (the comparator actives were in the training data)
O=C(NCc1ccccc1)c1cccc(N2CCCCC2)n1,P,P:druglike_only,generated,corrected,,"arm druglike_only, seed 45, final generation",seed45,False,all curated molecules (the comparator actives were in the training data)
O=C(Nc1ccccc1)c1cccc(CN2CCCCC2)n1,P,P:druglike_only,generated,corrected,,"arm druglike_only, seed 45, final generation",seed45,False,all curated molecules (the comparator actives were in the training data)
O=C(Nc1ccccc1)c1cccc(CCN2CCOCC2)c1,P,P:druglike_only,generated,corrected,,"arm druglike_only, seed 45, final generation",seed45,False,all curated molecules (the comparator actives were in the training data)
O=C(NCc1ccccc1)c1cccc(N2CCOCC2)n1,P,P:druglike_only,generated,corrected,,"arm druglike_only, seed 45, final generation",seed45,False,all curated molecules (the comparator actives were in the training data)
O=C(NC1CCCCC1)c1cccc(CN2CCOCC2)c1,P,P:druglike_only,generated,corrected,,"arm druglike_only, seed 45, final generation",seed45,False,all curated molecules (the comparator actives were in the training data)
c1ccc(CNc2cccc(CN3CCOCC3)c2)cc1,P,P:druglike_only,generated,corrected,,"arm druglike_only, seed 45, final generation",seed45,False,all curated molecules (the comparator actives were in the training data)
CN(C)CC(=O)NCc1cccc(-c2ccccc2)c1,P,P:druglike_only,generated,corrected,,"arm druglike_only, seed 45, final generation",seed45,False,all curated molecules (the comparator actives were in the training data)
CCN1CCCN(c2cccc(Nc3ccccc3)n2)CC1,P,P:druglike_only,generated,corrected,,"arm druglike_only, seed 45, final generation",seed45,False,all curated molecules (the comparator actives were in the training data)
O=C(Nc1ccccc1)c1ccc(N2CCCCC2)cc1O,P,P:druglike_only,generated,corrected,,"arm druglike_only, seed 45, final generation",seed45,False,all curated molecules (the comparator actives were in the training data)
CN(C)C(=O)c1ccc(F)c(Nc2c(F)cccc2F)c1,P,P:druglike_only,generated,corrected,,"arm druglike_only, seed 45, final generation",seed45,False,all curated molecules (the comparator actives were in the training data)
O=C(Nc1ccccc1)NC1CCN(c2ccccn2)CC1,P,P:druglike_only,generated,corrected,,"arm druglike_only, seed 45, final generation",seed45,False,all curated molecules (the comparator actives were in the training data)
c1ccc(CCN2CCC(Nc3ccccc3)CC2)cc1,P,P:druglike_only,generated,corrected,,"arm druglike_only, seed 45, final generation",seed45,False,all curated molecules (the comparator actives were in the training data)
NS(=O)(=O)c1ccccc1CC1CCN(c2ccccc2)CC1,P,P:druglike_only,generated,corrected,,"arm druglike_only, seed 45, final generation",seed45,False,all curated molecules (the comparator actives were in the training data)
Cc1ccc(N2CCOCC2)cc1NCCc1ccccc1,P,P:druglike_only,generated,corrected,,"arm druglike_only, seed 45, final generation",seed45,False,all curated molecules (the comparator actives were in the training data)
O=C(Nc1ccccc1)Nc1ccc(N2CCOCC2)nc1,P,P:druglike_only,generated,corrected,,"arm druglike_only, seed 45, final generation",seed45,False,all curated molecules (the comparator actives were in the training data)
CNCc1ccccc1-c1cccc(CN2CCOCC2)c1,P,P:druglike_only,generated,corrected,,"arm druglike_only, seed 45, final generation",seed45,False,all curated molecules (the comparator actives were in the training data)
CN1CCCN(NCc2cccc(-c3ccccc3)c2)CC1,P,P:druglike_only,generated,corrected,,"arm druglike_only, seed 45, final generation",seed45,False,all curated molecules (the comparator actives were in the training data)
O=C(NC1CCCCC1)c1ccc(N2CCOCC2)nc1,P,P:druglike_only,generated,corrected,,"arm druglike_only, seed 45, final generation",seed45,False,all curated molecules (the comparator actives were in the training data)
c1ccc(Nc2cccc(OCN3CCOCC3)c2)cc1,P,P:druglike_only,generated,corrected,,"arm druglike_only, seed 45, final generation",seed45,False,all curated molecules (the comparator actives were in the training data)
O=C(c1cccc(CCN2CCCCC2)c1)N1CCCNCC1,P,P:druglike_only,generated,corrected,,"arm druglike_only, seed 45, final generation",seed45,False,all curated molecules (the comparator actives were in the training data)
O=C(c1ccc(O)cc1)N1CCN(Cc2ccccc2)CC1,P,P:druglike_only,generated,corrected,,"arm druglike_only, seed 46, final generation",seed46,False,all curated molecules (the comparator actives were in the training data)
O=C(Cc1ccccc1)N1CCN(c2ccc(O)cc2)CC1,P,P:druglike_only,generated,corrected,,"arm druglike_only, seed 46, final generation",seed46,False,all curated molecules (the comparator actives were in the training data)
Cc1ccc(Cl)c(CC(=O)NC(=O)c2ccccc2)c1,P,P:druglike_only,generated,corrected,,"arm druglike_only, seed 46, final generation",seed46,False,all curated molecules (the comparator actives were in the training data)
O=C(Nc1ccccc1)N1CCN(c2ccccc2)CC1,P,P:druglike_only,generated,corrected,,"arm druglike_only, seed 46, final generation",seed46,False,all curated molecules (the comparator actives were in the training data)
O=C(NCc1cccnc1)C1CCN(c2ccccc2)CC1,P,P:druglike_only,generated,corrected,,"arm druglike_only, seed 46, final generation",seed46,False,all curated molecules (the comparator actives were in the training data)
Cc1ccccc1C(=O)Nc1ccc(N2CCCN(C)CC2)cc1,P,P:druglike_only,generated,corrected,,"arm druglike_only, seed 46, final generation",seed46,False,all curated molecules (the comparator actives were in the training data)
Cc1ccccc1C(=O)NC(=O)Cc1cccc(F)c1,P,P:druglike_only,generated,corrected,,"arm druglike_only, seed 46, final generation",seed46,False,all curated molecules (the comparator actives were in the training data)
Cc1cccc(CC(=O)NC(=O)c2cccc(F)c2)c1,P,P:druglike_only,generated,corrected,,"arm druglike_only, seed 46, final generation",seed46,False,all curated molecules (the comparator actives were in the training data)
Cc1ccccc1C(=O)NC(=O)Cc1ccccc1F,P,P:druglike_only,generated,corrected,,"arm druglike_only, seed 46, final generation",seed46,False,all curated molecules (the comparator actives were in the training data)
Cc1ccccc1NC(=O)N1CCN(c2ccccc2)CC1,P,P:druglike_only,generated,corrected,,"arm druglike_only, seed 46, final generation",seed46,False,all curated molecules (the comparator actives were in the training data)
O=C(NCc1cccnc1)N1CCN(Cc2ccccc2)CC1,P,P:druglike_only,generated,corrected,,"arm druglike_only, seed 46, final generation",seed46,False,all curated molecules (the comparator actives were in the training data)
Cc1cccc(C(=O)NC(=O)Cc2cc(C)ccc2Cl)c1,P,P:druglike_only,generated,corrected,,"arm druglike_only, seed 46, final generation",seed46,False,all curated molecules (the comparator actives were in the training data)
Cc1cccc(CC(=O)NC(=O)Cc2ccccc2)c1,P,P:druglike_only,generated,corrected,,"arm druglike_only, seed 46, final generation",seed46,False,all curated molecules (the comparator actives were in the training data)
O=C(O)N1CCN(C(=O)c2ccc(CCc3ccccc3)cc2)CC1,P,P:druglike_only,generated,corrected,,"arm druglike_only, seed 46, final generation",seed46,False,all curated molecules (the comparator actives were in the training data)
Cc1cccc(N2CCN(C(=O)NCc3ccccc3C)CC2)c1,P,P:druglike_only,generated,corrected,,"arm druglike_only, seed 46, final generation",seed46,False,all curated molecules (the comparator actives were in the training data)
Cc1cccc(NC(=O)N2CCN(COc3ccccc3)CC2)c1,P,P:druglike_only,generated,corrected,,"arm druglike_only, seed 46, final generation",seed46,False,all curated molecules (the comparator actives were in the training data)
Cc1cccc(C(=O)Nc2ccc(S(N)(=O)=O)cc2)c1,P,P:druglike_only,generated,corrected,,"arm druglike_only, seed 46, final generation",seed46,False,all curated molecules (the comparator actives were in the training data)
Cc1ccccc1NC(=O)c1ccnc(N2CCCOCC2)c1,P,P:druglike_only,generated,corrected,,"arm druglike_only, seed 46, final generation",seed46,False,all curated molecules (the comparator actives were in the training data)
NS(=O)(=O)c1ccc(C(=O)Nc2ccccc2F)cc1,P,P:druglike_only,generated,corrected,,"arm druglike_only, seed 46, final generation",seed46,False,all curated molecules (the comparator actives were in the training data)
CCc1cnn2c(NCc3ccc[n+]([O-])c3)cc(N3CCCCC3CCO)nc12,P,P:pareto_front,generated,corrected,,pooled front (activity_only),front,False,all curated molecules (the comparator actives were in the training data)
CCc1cnn2c(NCc3ccc[n+]([O-])c3)cc(N3CCCCC[C@H]3CCO)nc12,P,P:pareto_front,generated,corrected,,pooled front (activity_only),front,False,all curated molecules (the comparator actives were in the training data)
CCc1cnn2c(NCc3ccc[n+]([O-])c3)cc(CN3CCCC[C@H]3CCO)nc12,P,P:pareto_front,generated,corrected,,pooled front (activity_only),front,False,all curated molecules (the comparator actives were in the training data)
CC(=O)c1ccc(NC(=O)CC(=O)c2ccc(Nc3ncc(F)c(-c4cnc(C)n4C(C)C)n3)cc2)cc1,P,P:pareto_front,generated,corrected,,pooled front (activity_only),front,False,all curated molecules (the comparator actives were in the training data)
CC(C)=Cc1cccc2[nH]c(O)c(N=Nc3ccc(-c4ccc(S(N)(=O)=O)cc4)nc3)c12,P,P:pareto_front,generated,corrected,,pooled front (activity_only),front,False,all curated molecules (the comparator actives were in the training data)
CC(=O)CC(=O)c1ccc(Nc2ncc(F)c(-c3cnc(C)n3C(C)C)n2)cc1,P,P:pareto_front,generated,corrected,,pooled front (activity_only),front,False,all curated molecules (the comparator actives were in the training data)
CCc1cnn2c(NCc3ccc[n+]([O-])c3)cc(N3CCCCC3CO)nc12,P,P:pareto_front,generated,corrected,,pooled front (activity_only),front,False,all curated molecules (the comparator actives were in the training data)
CCc1cnn2c(NCc3ccc[n+]([O-])c3)cc(N3CCCC[C@H]3CO)nc12,P,P:pareto_front,generated,corrected,,pooled front (activity_only),front,False,all curated molecules (the comparator actives were in the training data)
CN[C@@H]1CCN(C(=O)c2ccc(Nc3ncc(F)c(-c4cnc(C)n4C(C)C)n3)cc2)C1,P,P:pareto_front,generated,corrected,,pooled front (activity_only),front,False,all curated molecules (the comparator actives were in the training data)
CC(C)=Cc1ccc(Nc2ncc(F)c(-c3cnc(C)n3C(C)C)n2)cc1F,P,P:pareto_front,generated,corrected,,pooled front (activity_only),front,False,all curated molecules (the comparator actives were in the training data)
CC(=O)c1ccc(Nc2ncc(F)c(-c3cnc(C)n3C(C)C)n2)cc1,P,P:pareto_front,generated,corrected,,pooled front (activity_only),front,False,all curated molecules (the comparator actives were in the training data)
CNC(=O)c1ccc(Nc2ncc(F)c(-c3cnc(C)n3C(C)C)n2)cc1F,P,P:pareto_front,generated,corrected,,pooled front (activity_only),front,False,all curated molecules (the comparator actives were in the training data)
Cc1ncc(-c2nc(Nc3ccc(C(=O)N(C)C)cc3)ncc2F)n1C(C)C,P,P:pareto_front,generated,corrected,,pooled front (activity_only),front,False,all curated molecules (the comparator actives were in the training data)
Cc1ncc(-c2nc(Nc3ccc(C(N)=O)cc3)ncc2F)n1C(C)C,P,P:pareto_front,generated,corrected,,pooled front (activity_only),front,False,all curated molecules (the comparator actives were in the training data)
Cn1nc(C(N)=O)c2c1-c1nc(Nc3ccccc3)ncc1CC2,P,P:pareto_front,generated,corrected,,pooled front (activity_only),front,False,all curated molecules (the comparator actives were in the training data)
Cc1ncc(-c2ccnc(Nc3ccc(C(N)=O)cc3)n2)n1C(C)C,P,P:pareto_front,generated,corrected,,pooled front (activity_only|multi_real),front,False,all curated molecules (the comparator actives were in the training data)
Nc1ccc(Nc2nccc(-c3ccc(S(N)(=O)=O)cc3)n2)cc1,P,P:pareto_front,generated,corrected,,pooled front (activity_only),front,False,all curated molecules (the comparator actives were in the training data)
Cc1ncc(-c2ccnc(Nc3ccc(F)cc3)n2)n1C(C)C,P,P:pareto_front,generated,corrected,,pooled front (activity_only),front,False,all curated molecules (the comparator actives were in the training data)
Cc1ncc(-c2nc(Nc3cnn(C)c3)ncc2F)n1C(C)C,P,P:pareto_front,generated,corrected,,pooled front (activity_only|multi_real),front,False,all curated molecules (the comparator actives were in the training data)
CC(=O)Nc1ncc(F)c(-c2cnc(C)n2C(C)C)n1,P,P:pareto_front,generated,corrected,,pooled front (multi_real),front,False,all curated molecules (the comparator actives were in the training data)
Cc1ccc(Nc2nccc(-c3cnc(C)n3C(C)C)n2)cc1,P,P:pareto_front,generated,corrected,,pooled front (activity_only|multi_scrambled),front,False,all curated molecules (the comparator actives were in the training data)
CCCNC(=O)Nc1ncc(F)c(-c2cnc(C)n2C(C)C)n1,P,P:pareto_front,generated,corrected,,pooled front (multi_real),front,False,all curated molecules (the comparator actives were in the training data)
CCC(=O)Nc1ncc(F)c(-c2cnc(C)n2C(C)C)n1,P,P:pareto_front,generated,corrected,,pooled front (activity_only|multi_real),front,False,all curated molecules (the comparator actives were in the training data)
CCCCC(=O)Nc1ncc(F)c(-c2cnc(C)n2C(C)C)n1,P,P:pareto_front,generated,corrected,,pooled front (druglike_only|multi_real),front,False,all curated molecules (the comparator actives were in the training data)
CSC(=O)Nc1ncc(F)c(-c2cnc(C)n2C(C)C)n1,P,P:pareto_front,generated,corrected,,pooled front (multi_real),front,False,all curated molecules (the comparator actives were in the training data)
Cc1ncc(-c2nc(NC(=O)C(C)C)ncc2F)n1C(C)C,P,P:pareto_front,generated,corrected,,pooled front (multi_real),front,False,all curated molecules (the comparator actives were in the training data)
CCCC(=O)Nc1ncc(F)c(-c2cnc(C)n2C(C)C)n1,P,P:pareto_front,generated,corrected,,pooled front (multi_real),front,False,all curated molecules (the comparator actives were in the training data)
Cc1ncc(-c2nc(NC(=O)N(C)C)ncc2F)n1C(C)C,P,P:pareto_front,generated,corrected,,pooled front (multi_real),front,False,all curated molecules (the comparator actives were in the training data)
Cc1ncc(-c2nc(NC(=O)C3CC3)ncc2F)n1C(C)C,P,P:pareto_front,generated,corrected,,pooled front (multi_real),front,False,all curated molecules (the comparator actives were in the training data)
Cc1ncc(-c2nc(NC(=O)c3ccccc3)ncc2F)n1C(C)C,P,P:pareto_front,generated,corrected,,pooled front (multi_real),front,False,all curated molecules (the comparator actives were in the training data)
Cc1ncc(-c2ccnc(Nc3ccccc3)n2)n1C(C)C,P,P:pareto_front,generated,corrected,,pooled front (activity_only|multi_real),front,False,all curated molecules (the comparator actives were in the training data)
CNc1ccc(C(C)c2ccc(S(N)(=O)=O)cc2)cc1,P,P:pareto_front,generated,corrected,,pooled front (multi_real),front,False,all curated molecules (the comparator actives were in the training data)
CC(C)=Nc1ccc(-c2ccc(S(N)(=O)=O)cc2)nc1,P,P:pareto_front,generated,corrected,,pooled front (multi_real),front,False,all curated molecules (the comparator actives were in the training data)
NS(=O)(=O)c1ccc(-c2cc(-c3cccc(O)c3)[nH]n2)cc1,P,P:pareto_front,generated,corrected,,pooled front (multi_real),front,False,all curated molecules (the comparator actives were in the training data)
CC(c1ccc(OC(C)(C)C)cc1)c1ccc(S(N)(=O)=O)cc1,P,P:pareto_front,generated,corrected,,pooled front (multi_real),front,False,all curated molecules (the comparator actives were in the training data)
CC(c1ccc(S(C)(=O)=O)cc1)c1ccc(S(N)(=O)=O)cc1,P,P:pareto_front,generated,corrected,,pooled front (multi_real),front,False,all curated molecules (the comparator actives were in the training data)
CNCc1ccc(C(C)c2ccc(S(N)(=O)=O)cc2)cc1,P,P:pareto_front,generated,corrected,,pooled front (multi_real),front,False,all curated molecules (the comparator actives were in the training data)
CNC(=O)c1ccc(C(C)c2ccc(S(N)(=O)=O)cc2)cc1,P,P:pareto_front,generated,corrected,,pooled front (multi_real),front,False,all curated molecules (the comparator actives were in the training data)
CC(c1ccc(S(N)(=O)=O)cc1)c1ccc(S(N)(=O)=O)cc1,P,P:pareto_front,generated,corrected,,pooled front (multi_real),front,False,all curated molecules (the comparator actives were in the training data)
CC(c1ccc(C(C)(C)C)cc1)c1ccc(S(N)(=O)=O)cc1,P,P:pareto_front,generated,corrected,,pooled front (multi_real),front,False,all curated molecules (the comparator actives were in the training data)
C[C@@H](c1ccc(C(F)F)cc1)c1ccc(S(N)(=O)=O)cc1,P,P:pareto_front,generated,corrected,,pooled front (multi_real),front,False,all curated molecules (the comparator actives were in the training data)
CC(C)Cc1cc(-c2ccc(S(N)(=O)=O)cc2)nc(N)n1,P,P:pareto_front,generated,corrected,,pooled front (multi_real),front,False,all curated molecules (the comparator actives were in the training data)
CCCc1ccc(C(C)c2ccc(S(N)(=O)=O)cc2)cc1,P,P:pareto_front,generated,corrected,,pooled front (multi_real),front,False,all curated molecules (the comparator actives were in the training data)
CC(C)c1cccc(Nc2ccc(S(N)(=O)=O)cc2)c1,P,P:pareto_front,generated,corrected,,pooled front (multi_real),front,False,all curated molecules (the comparator actives were in the training data)
CCc1ccc([C@H](C)c2ccc(S(N)(=O)=O)cc2)cc1,P,P:pareto_front,generated,corrected,,pooled front (multi_real),front,False,all curated molecules (the comparator actives were in the training data)
COc1cccc(C(C)c2ccc(S(N)(=O)=O)cc2)c1,P,P:pareto_front,generated,corrected,,pooled front (multi_real),front,False,all curated molecules (the comparator actives were in the training data)
CC(C)(C)Oc1ccc(-c2ccc(S(N)(=O)=O)cc2)cc1,P,P:pareto_front,generated,corrected,,pooled front (multi_real),front,False,all curated molecules (the comparator actives were in the training data)
CC(C)Cc1ccc(Nc2ccc(S(N)(=O)=O)cc2)cc1,P,P:pareto_front,generated,corrected,,pooled front (multi_real),front,False,all curated molecules (the comparator actives were in the training data)
CC(C)Cc1ccc(-c2ccc(S(N)(=O)=O)cc2)cc1,P,P:pareto_front,generated,corrected,,pooled front (multi_real),front,False,all curated molecules (the comparator actives were in the training data)
CC(C)Oc1ccc(-c2ccc(S(N)(=O)=O)cc2)cc1,P,P:pareto_front,generated,corrected,,pooled front (multi_real),front,False,all curated molecules (the comparator actives were in the training data)
CC(C)(C)Cc1cccc(-c2ccc(S(N)(=O)=O)cc2)n1,P,P:pareto_front,generated,corrected,,pooled front (multi_real),front,False,all curated molecules (the comparator actives were in the training data)
CC(C)c1ccc(Oc2ccc(S(N)(=O)=O)cc2)cc1,P,P:pareto_front,generated,corrected,,pooled front (multi_real),front,False,all curated molecules (the comparator actives were in the training data)
CC(=O)c1ccc(Oc2ccc(S(N)(=O)=O)cc2)cc1,P,P:pareto_front,generated,corrected,,pooled front (multi_real),front,False,all curated molecules (the comparator actives were in the training data)
COc1cccc(CNC(=O)c2ccc(S(N)(=O)=O)cc2)c1,P,P:pareto_front,generated,corrected,,pooled front (multi_real),front,False,all curated molecules (the comparator actives were in the training data)
CC(C)c1ccc(C(=O)Nc2ccc(S(N)(=O)=O)cc2)cc1,P,P:pareto_front,generated,corrected,,pooled front (multi_real),front,False,all curated molecules (the comparator actives were in the training data)
CC(C)c1ccc(NC(=O)c2ccc(S(N)(=O)=O)cc2)cc1,P,P:pareto_front,generated,corrected,,pooled front (multi_real),front,False,all curated molecules (the comparator actives were in the training data)
CC(C)(C)c1ccc(Oc2ccc(S(N)(=O)=O)cc2)cc1,P,P:pareto_front,generated,corrected,,pooled front (multi_real),front,False,all curated molecules (the comparator actives were in the training data)
NS(=O)(=O)c1ccc(-c2ccc(-c3ccc(S(N)(=O)=O)cc3)cc2)cc1,P,P:pareto_front,generated,corrected,,pooled front (multi_real),front,False,all curated molecules (the comparator actives were in the training data)
NS(=O)(=O)c1ccc(-c2ccc(S(N)(=O)=O)cc2)cc1,P,P:pareto_front,generated,corrected,,pooled front (activity_only|druglike_only|multi_real),front,False,all curated molecules (the comparator actives were in the training data)
CCCc1ccc(Oc2ccc(S(N)(=O)=O)cc2)cc1,P,P:pareto_front,generated,corrected,,pooled front (multi_real),front,False,all curated molecules (the comparator actives were in the training data)
Cc1cccc(NC(=O)c2ccc(S(N)(=O)=O)cc2)c1,P,P:pareto_front,generated,corrected,,pooled front (druglike_only|multi_real),front,False,all curated molecules (the comparator actives were in the training data)
CCCCc1ccc(-c2ccc(S(N)(=O)=O)cc2)cc1,P,P:pareto_front,generated,corrected,,pooled front (multi_real),front,False,all curated molecules (the comparator actives were in the training data)
CCCOc1ccc(-c2ccc(S(N)(=O)=O)cc2)cc1,P,P:pareto_front,generated,corrected,,pooled front (multi_real),front,False,all curated molecules (the comparator actives were in the training data)
COc1ccc(CCc2ccc(S(N)(=O)=O)cc2)cc1,P,P:pareto_front,generated,corrected,,pooled front (druglike_only),front,False,all curated molecules (the comparator actives were in the training data)
NS(=O)(=O)c1ccc(Oc2ccc(C(F)(F)F)cc2)cc1,P,P:pareto_front,generated,corrected,,pooled front (multi_real),front,False,all curated molecules (the comparator actives were in the training data)
Cc1ccc(-c2ccc(-c3ccc(S(N)(=O)=O)cc3)cc2)cc1,P,P:pareto_front,generated,corrected,,pooled front (multi_real),front,False,all curated molecules (the comparator actives were in the training data)
NS(=O)(=O)c1ccc(-c2ccc(N3CCCC3)cc2)cc1,P,P:pareto_front,generated,corrected,,pooled front (multi_real),front,False,all curated molecules (the comparator actives were in the training data)
NS(=O)(=O)c1ccc(NC(=O)Nc2ccccc2)cc1,P,P:pareto_front,generated,corrected,,pooled front (multi_real),front,False,all curated molecules (the comparator actives were in the training data)
Cc1ccccc1C(=O)Nc1ccc(S(N)(=O)=O)cc1,P,P:pareto_front,generated,corrected,,pooled front (druglike_only),front,False,all curated molecules (the comparator actives were in the training data)
COc1ccc(Nc2ccc(S(=O)(=O)N(C)C)cc2)cc1,P,P:pareto_front,generated,corrected,,pooled front (druglike_only),front,False,all curated molecules (the comparator actives were in the training data)
CS(=O)(=O)c1ccc(-c2ccc(CCC(=O)O)cc2)cc1,P,P:pareto_front,generated,corrected,,pooled front (druglike_only),front,False,all curated molecules (the comparator actives were in the training data)
CC(=O)Nc1ccc(-c2ccc(S(C)(=O)=O)cc2)cc1,P,P:pareto_front,generated,corrected,,pooled front (multi_scrambled),front,False,all curated molecules (the comparator actives were in the training data)
CCc1ccc(C(=O)Nc2ccc(S(C)(=O)=O)cc2)cc1,P,P:pareto_front,generated,corrected,,pooled front (druglike_only),front,False,all curated molecules (the comparator actives were in the training data)
Cc1ccccc1C(=O)Nc1ccc(S(C)(=O)=O)cc1,P,P:pareto_front,generated,corrected,,pooled front (druglike_only),front,False,all curated molecules (the comparator actives were in the training data)
Cc1ccc(NC(=O)c2ccc(N3CCOCC3)cc2)cc1,P,P:pareto_front,generated,corrected,,pooled front (druglike_only),front,False,all curated molecules (the comparator actives were in the training data)
O=C(Nc1ccccc1)C1CCN(c2ccccc2)CC1,P,P:pareto_front,generated,corrected,,pooled front (druglike_only),front,False,all curated molecules (the comparator actives were in the training data)
CC(=O)Nc1ccc(N2CCN(c3ccccc3)CC2)cc1,P,P:pareto_front,generated,corrected,,pooled front (multi_scrambled),front,False,all curated molecules (the comparator actives were in the training data)
CC(=O)Nc1ccc(C(=O)Nc2ccccc2F)cc1,P,P:pareto_front,generated,corrected,,pooled front (druglike_only),front,False,all curated molecules (the comparator actives were in the training data)
CN1CCN(c2ccc(NC(=O)c3ccccc3)cc2)CC1,P,P:pareto_front,generated,corrected,,pooled front (multi_scrambled),front,False,all curated molecules (the comparator actives were in the training data)
Cc1cccc(CN2CCN(C(=O)c3ccc(O)cc3)CC2)c1,P,P:pareto_front,generated,corrected,,pooled front (druglike_only),front,False,all curated molecules (the comparator actives were in the training data)
CN1CCCN(c2cccc(C(=O)Nc3ccccc3)c2)CC1,P,P:pareto_front,generated,corrected,,pooled front (druglike_only),front,False,all curated molecules (the comparator actives were in the training data)
Cc1nc2c(F)cc(N3CCC(O)CC3)cc2n1CC1CC1,P,P:pareto_front,generated,corrected,,pooled front (multi_real),front,False,all curated molecules (the comparator actives were in the training data)
O=C(Nc1ccccc1)C1CCN(Cc2ccccc2)CC1,P,P:pareto_front,generated,corrected,,pooled front (druglike_only),front,False,all curated molecules (the comparator actives were in the training data)
COc1cccc(C(=O)Nc2ccc(C(C)C)cc2)c1,P,P:pareto_front,generated,corrected,,pooled front (multi_scrambled),front,False,all curated molecules (the comparator actives were in the training data)
COC(=O)c1ccc(C(=O)Nc2ccc(Cl)cc2)cc1,P,P:pareto_front,generated,corrected,,pooled front (druglike_only),front,False,all curated molecules (the comparator actives were in the training data)
O=C(Nc1ccccc1)c1ccc(C(=O)N2CCCC2)cc1,P,P:pareto_front,generated,corrected,,pooled front (druglike_only),front,False,all curated molecules (the comparator actives were in the training data)
COc1ccc(C(=O)Nc2ccc(Cl)cc2)cc1OC,P,P:pareto_front,generated,corrected,,pooled front (druglike_only),front,False,all curated molecules (the comparator actives were in the training data)
N=S(=O)(CCO)c1ccc(-c2cc(N[C@H]3CC[C@H](N)CC3)nc3ccnn23)cc1,P,P:decoys,decoy,corrected,,"matched decoy, arm multi_scrambled, seed 45",seed45,False,all curated molecules (the comparator actives were in the training data)
CC(C)(C)OC(=O)Nc1ccc(N2CCN(C(=O)OC(C)(C)C)CC2)cc1,P,P:decoys,decoy,corrected,,"matched decoy, arm multi_scrambled, seed 46",seed46,False,all curated molecules (the comparator actives were in the training data)
CN(C)C(=O)c1ccc(Nc2cc3c(cn2)cc(C(=O)N(C)C)n3C(=O)N2C[C@H](O)[C@@H](O)C2)c(Cl)c1,P,P:decoys,decoy,corrected,,"matched decoy, arm multi_scrambled, seed 46",seed46,False,all curated molecules (the comparator actives were in the training data)
CC(C1CC1)n1cnc2c(NCc3cccc(C(F)(F)F)c3)nc(NCCC#N)nc21,P,P:decoys,decoy,corrected,,"matched decoy, arm druglike_only, seed 44",seed44,False,all curated molecules (the comparator actives were in the training data)
CNC(=O)Nc1ncc2c(n1)-c1c(c(N(C)[C@H](C)CC[C@@H](C)N)nn1C)CC2,P,P:decoys,decoy,corrected,,"matched decoy, arm multi_scrambled, seed 45",seed45,False,all curated molecules (the comparator actives were in the training data)
CC(C)[C@@H](C)Nc1ncc(F)c(-c2cccc3c2OCCC3)n1,P,P:decoys,decoy,corrected,,"matched decoy, arm multi_scrambled, seed 42",seed42,False,all curated molecules (the comparator actives were in the training data)
CC(C)(C)OC(=O)CCc1nn(C(C)(C)C)c2ncnc(N)c12,P,P:decoys,decoy,corrected,,"matched decoy, arm multi_scrambled, seed 46",seed46,True,all curated molecules (the comparator actives were in the training data)
CCN(C)CCNc1ccc(-c2cc3c(cn2)cc(C(=O)N(C)C)n3C(=O)OC(C)(C)C)nc1,P,P:decoys,decoy,corrected,,"matched decoy, arm multi_scrambled, seed 46",seed46,False,all curated molecules (the comparator actives were in the training data)
NC(=O)NN1CCc2cc(Nc3ccc(F)c(Cl)c3)ccc21,P,P:decoys,decoy,corrected,,"matched decoy, arm druglike_only, seed 45",seed45,False,all curated molecules (the comparator actives were in the training data)
O=C(NC1CCNCC1)c1[nH]ncc1-c1cnn2ncccc12,P,P:decoys,decoy,corrected,,"matched decoy, arm multi_scrambled, seed 44",seed44,False,all curated molecules (the comparator actives were in the training data)
Cc1cc(-c2cc(-c3ccc(-c4ccc(C(N)=O)cc4)o3)ccc2O)nc(N)n1,P,P:decoys,decoy,corrected,,"matched decoy, arm multi_scrambled, seed 43",seed43,False,all curated molecules (the comparator actives were in the training data)
CCOc1ccccc1Nc1ccc(N2CCOCOC2)c(C)c1,P,P:decoys,decoy,corrected,,"matched decoy, arm druglike_only, seed 42",seed42,False,all curated molecules (the comparator actives were in the training data)
N[C@H](CNc1nnc(N[C@H]2CC[C@H](N)CC2)s1)Cc1cccc(Cl)c1,P,P:decoys,decoy,corrected,,"matched decoy, arm multi_scrambled, seed 43",seed43,False,all curated molecules (the comparator actives were in the training data)
CC(C)(C)N1CC=C(c2ccc(Nc3ccc(S(C)(=O)=O)cc3)cc2)CC1,P,P:decoys,decoy,corrected,,"matched decoy, arm multi_scrambled, seed 45",seed45,False,all curated molecules (the comparator actives were in the training data)
CC(C)n1cnc2c(NCc3ccccc3O)nc(CC(C)(O)O)nc21,P,P:decoys,decoy,corrected,,"matched decoy, arm druglike_only, seed 43",seed43,False,all curated molecules (the comparator actives were in the training data)
CNCCN(C)c1ccc(NNc2ccc(C(F)(F)F)cc2C(=O)O)nc1,P,P:decoys,decoy,corrected,,"matched decoy, arm multi_scrambled, seed 43",seed43,False,all curated molecules (the comparator actives were in the training data)
COc1cc(F)ccc1Nc1ncc2c(n1)N([C@@H]1CCC[C@@H](O)C1)C(=O)C21CC1,P,P:decoys,decoy,corrected,,"matched decoy, arm multi_scrambled, seed 45",seed45,False,all curated molecules (the comparator actives were in the training data)
CCNC(=O)N1CCC(NC(=S)Nc2ccc3nc(C)sc3c2)CC1,P,P:decoys,decoy,corrected,,"matched decoy, arm druglike_only, seed 43",seed43,False,all curated molecules (the comparator actives were in the training data)
COc1cccc(N2CCCN(c3ccc(NC(C)=O)c(OC)c3)CC2)c1,P,P:decoys,decoy,corrected,,"matched decoy, arm druglike_only, seed 43",seed43,False,all curated molecules (the comparator actives were in the training data)
CC(=CCCN1CCC[C@@H](N)C1)c1cc(N2C[C@H](O)[C@@H](O)C2)ccc1O,P,P:decoys,decoy,corrected,,"matched decoy, arm druglike_only, seed 43",seed43,False,all curated molecules (the comparator actives were in the training data)
CCOC(=O)n1cnc2c(NCc3cccc(O)c3)nc(NC(CO)C(C)C)nc21,P,P:decoys,decoy,corrected,,"matched decoy, arm multi_scrambled, seed 45",seed45,False,all curated molecules (the comparator actives were in the training data)
N[C@H](CNc1nnc(NCc2cccnc2)s1)Cc1cccc(Cl)c1,P,P:decoys,decoy,corrected,,"matched decoy, arm multi_scrambled, seed 42",seed42,False,all curated molecules (the comparator actives were in the training data)
CN1CC=C(c2cnc(Nc3cnn(C)c3)nc2OC2CCCCC2)CC1,P,P:decoys,decoy,corrected,,"matched decoy, arm multi_scrambled, seed 44",seed44,False,all curated molecules (the comparator actives were in the training data)
Cn1cnc(S(=O)(=O)N2CCC(Nc3ncc(C(F)(F)F)c(Nc4cccc(Cl)c4)n3)CC2)c1,P,P:decoys,decoy,corrected,,"matched decoy, arm druglike_only, seed 45",seed45,False,all curated molecules (the comparator actives were in the training data)
CN1CCN(C[C@H](N)CNc2ncc(-c3ccc4c[nH]c(=S)cc4c3)s2)CC1,P,P:decoys,decoy,corrected,,"matched decoy, arm multi_scrambled, seed 44",seed44,False,all curated molecules (the comparator actives were in the training data)
CC(C)(C)OC(=O)N1CCN(C(=O)O[C@@H]2CCC(c3cc(NC(=O)Cc4ccccc4)[nH]n3)C2)CC1,P,P:decoys,decoy,corrected,,"matched decoy, arm multi_scrambled, seed 46",seed46,False,all curated molecules (the comparator actives were in the training data)
CC(CN(C)C)N1CCc2nc(Nc3ncc(F)c(NC(=O)C4CC4)n3)ccc2C1,P,P:decoys,decoy,corrected,,"matched decoy, arm multi_scrambled, seed 43",seed43,False,all curated molecules (the comparator actives were in the training data)
CC(C)CC(=O)Nc1[nH]nc2c1CN(Nc1cccc(-c3cocn3)c1)C2(C)C,P,P:decoys,decoy,corrected,,"matched decoy, arm druglike_only, seed 45",seed45,False,all curated molecules (the comparator actives were in the training data)
CC(=O)c1c(C)c2cnc(Nc3ccc(CN(C)C)cn3)nc2n(C2CCCC2)c1=O,P,P:decoys,decoy,corrected,,"matched decoy, arm multi_scrambled, seed 45",seed45,False,all curated molecules (the comparator actives were in the training data)
Oc1ccc(N2CCC(O)CC2)cc1-c1ccc(N2CCC(O)CC2)cc1,P,P:decoys,decoy,corrected,,"matched decoy, arm multi_scrambled, seed 43",seed43,False,all curated molecules (the comparator actives were in the training data)
O=C(O)c1ccccc1NNc1ncc2c(n1)CN(C(=O)C1CCC1)CC2,P,P:decoys,decoy,corrected,,"matched decoy, arm multi_scrambled, seed 44",seed44,False,all curated molecules (the comparator actives were in the training data)
CC(=O)Nc1ccc(C(C)C(=O)NCc2cccc3ccccc23)cc1,P,P:decoys,decoy,corrected,,"matched decoy, arm multi_scrambled, seed 46",seed46,False,all curated molecules (the comparator actives were in the training data)
CC(C)c1nc(CNc2ncc(F)c(-c3cccc4c3OCCC4)n2)ncc1F,P,P:decoys,decoy,corrected,,"matched decoy, arm multi_scrambled, seed 42",seed42,False,all curated molecules (the comparator actives were in the training data)
CCCC(C)n1c(=O)c(C(C)=O)c(C)c2cnc(Nc3ccc(C(=O)O)cn3)nc21,P,P:decoys,decoy,corrected,,"matched decoy, arm multi_scrambled, seed 43",seed43,True,all curated molecules (the comparator actives were in the training data)
Cn1nc(C(N)=O)c2c1-c1nc(-c3ccc(-c4ccccn4)cc3)ncc1CC(C)(C)O2,P,P:decoys,decoy,corrected,,"matched decoy, arm multi_scrambled, seed 46",seed46,False,all curated molecules (the comparator actives were in the training data)
COc1ccc(-c2ocnc2C(=O)Nc2ccc(N3CCN(C(=O)OC(C)(C)C)CC3)nn2)cc1Cl,P,P:decoys,decoy,corrected,,"matched decoy, arm druglike_only, seed 46",seed46,False,all curated molecules (the comparator actives were in the training data)
COc1cccc(N2CCCN(C(=O)Nc3ccc(OC)c(OC)c3)CC2)c1,P,P:decoys,decoy,corrected,,"matched decoy, arm druglike_only, seed 43",seed43,False,all curated molecules (the comparator actives were in the training data)
CN(C)Cc1ccc(Nc2cc(OCC3CCCCC3)nc3ncnn23)cc1,P,P:decoys,decoy,corrected,,"matched decoy, arm multi_scrambled, seed 44",seed44,False,all curated molecules (the comparator actives were in the training data)
CN(C)CC(=O)N1CCc2nc(Nc3ncc(F)c(-c4ccccc4O[N+](=O)[O-])n3)ccc2C1,P,P:decoys,decoy,corrected,,"matched decoy, arm multi_scrambled, seed 45",seed45,False,all curated molecules (the comparator actives were in the training data)
Cc1ccc(Oc2c(=O)[nH]c(O)c3ccc(S(C)(=O)=O)cc23)cc1Cl,P,P:decoys,decoy,corrected,,"matched decoy, arm multi_scrambled, seed 45",seed45,False,all curated molecules (the comparator actives were in the training data)
CNC(=O)Nc1ccc(-c2cc(-c3ccnc(-c4c(F)cccc4F)n3)cnn2)cc1,P,P:decoys,decoy,corrected,,"matched decoy, arm multi_scrambled, seed 45",seed45,False,all curated molecules (the comparator actives were in the training data)
Cc1cc(N2CCCS2(=O)=O)c2oc(-c3ccc4[nH]ccc4c3)c(O)c(=O)c2c1,P,P:decoys,decoy,corrected,,"matched decoy, arm multi_scrambled, seed 42",seed42,False,all curated molecules (the comparator actives were in the training data)
Cn1nc(NCCc2ccccc2)c2c1-c1nc(N)ncc1NCC2(C)C,P,P:decoys,decoy,corrected,,"matched decoy, arm druglike_only, seed 45",seed45,False,all curated molecules (the comparator actives were in the training data)
CC(=O)NC1CCC(c2nc3c(-c4ccc(F)cc4[C@@H](C)O)ccnc3[nH]2)C1,P,P:decoys,decoy,corrected,,"matched decoy, arm multi_scrambled, seed 43",seed43,False,all curated molecules (the comparator actives were in the training data)
CS(=N)(=O)c1cccc(-c2cc(N3CCC(O)CC3)ccc2O)c1,P,P:decoys,decoy,corrected,,"matched decoy, arm druglike_only, seed 43",seed43,False,all curated molecules (the comparator actives were in the training data)
N[C@H]1CCS[C@@H](NN2CCc3c(nn(Cc4ccccc4)c3Br)C2=O)CC1,P,P:decoys,decoy,corrected,,"matched decoy, arm multi_scrambled, seed 45",seed45,False,all curated molecules (the comparator actives were in the training data)
CC(CN(C)C)N1CCc2nc(Nc3ncc(F)c(N[C@H]4CC[C@H](N)CC4)n3)ccc2C1,P,P:decoys,decoy,corrected,,"matched decoy, arm multi_scrambled, seed 43",seed43,False,all curated molecules (the comparator actives were in the training data)
Cc1cc(CNC(=O)c2nn(C)c3c2CCc2cnc(NCc4cccnc4)nc2-3)ccn1,P,P:decoys,decoy,corrected,,"matched decoy, arm multi_scrambled, seed 42",seed42,False,all curated molecules (the comparator actives were in the training data)
Cc1ccc(Nc2ncc(F)c(CO)n2)nc1CCNC(=O)C(C)N(C)C,P,P:decoys,decoy,corrected,,"matched decoy, arm multi_scrambled, seed 44",seed44,False,all curated molecules (the comparator actives were in the training data)
CC(C)c1nc(Nc2ccc3c(n2)CCN(C(=O)C2(O)CC(O)C2)C3)ncc1F,P,P:decoys,decoy,corrected,,"matched decoy, arm multi_scrambled, seed 43",seed43,False,all curated molecules (the comparator actives were in the training data)
COCC(C)N1CCc2nc(Nc3ncc(F)c(N[C@H]4CC[C@H](N)CC4)n3)ccc2C1,P,P:decoys,decoy,corrected,,"matched decoy, arm multi_scrambled, seed 43",seed43,False,all curated molecules (the comparator actives were in the training data)
Cc1nccc(-c2csc(C(N)=O)c2)c1NC(=O)c1ccnc(NC(C)C)n1,P,P:decoys,decoy,corrected,,"matched decoy, arm druglike_only, seed 45",seed45,False,all curated molecules (the comparator actives were in the training data)
CC1NCC(C(=O)N2Cc3c(NC(=O)C(C)(C)C)n[nH]c3C2(C)C)C[C@H]1C,P,P:decoys,decoy,corrected,,"matched decoy, arm druglike_only, seed 45",seed45,False,all curated molecules (the comparator actives were in the training data)
CCN(CCNC)Cc1ccc(NC(=O)C2CCN(S(=O)(=O)c3cnn(C)c3)CC2)cc1,P,P:decoys,decoy,corrected,,"matched decoy, arm druglike_only, seed 45",seed45,False,all curated molecules (the comparator actives were in the training data)
NC(=O)Nc1cc(Nc2ccc(F)c(Cl)c2)n2nccc2n1,P,P:decoys,decoy,corrected,,"matched decoy, arm multi_scrambled, seed 45",seed45,False,all curated molecules (the comparator actives were in the training data)
Cc1c(N=Cc2c(=O)[nH]c(O)c3cc(Br)ccc23)cnn1C(C)N,P,P:decoys,decoy,corrected,,"matched decoy, arm multi_scrambled, seed 46",seed46,False,all curated molecules (the comparator actives were in the training data)
CCNC(=O)N1CCC(c2nc3ccnn3c(Nc3ccc(F)c(Cl)c3)c2C)CC1,P,P:decoys,decoy,corrected,,"matched decoy, arm druglike_only, seed 43",seed43,True,all curated molecules (the comparator actives were in the training data)
COc1cc(N2CCON(c3ccnc(N)n3)CC2)ccc1C(C)C,P,P:decoys,decoy,corrected,,"matched decoy, arm druglike_only, seed 43",seed43,False,all curated molecules (the comparator actives were in the training data)
CC(=O)C1C(=O)Cc2cc(-c3ncc4cc5n(c4n3)[C@H](CC(C)C)CNC5=O)ccc2C1C,P,P:decoys,decoy,corrected,,"matched decoy, arm multi_scrambled, seed 42",seed42,False,all curated molecules (the comparator actives were in the training data)
Oc1cc(F)ccc1-c1nc(CNc2ccc(CN3CCOCC3)cc2)ncc1F,P,P:decoys,decoy,corrected,,"matched decoy, arm druglike_only, seed 42",seed42,True,all curated molecules (the comparator actives were in the training data)
COC(=O)Nc1ccc(CNc2nc(NC3CCOCC3)nc3c(C(C)C)cnn23)cc1,P,P:decoys,decoy,corrected,,"matched decoy, arm multi_scrambled, seed 46",seed46,False,all curated molecules (the comparator actives were in the training data)
Nc1nc2ccc(N[C@H]3CC[C@@H](N)CCO3)cn2c1C(=O)c1c(F)cccc1F,P,P:decoys,decoy,corrected,,"matched decoy, arm druglike_only, seed 42",seed42,False,all curated molecules (the comparator actives were in the training data)
CC(C1CC1)n1cnc2c(NCc3cccc(C(F)(F)F)c3)nc(NCC(N)=O)nc21,P,P:decoys,decoy,corrected,,"matched decoy, arm druglike_only, seed 44",seed44,False,all curated molecules (the comparator actives were in the training data)
CC(O)C(=O)N1CCCN(c2ccc(-c3ccc(C(=O)O)cc3)cc2)CC1,P,P:decoys,decoy,corrected,,"matched decoy, arm multi_scrambled, seed 43",seed43,False,all curated molecules (the comparator actives were in the training data)
CC(C)(C)c1cc2cnc(Nc3ccc(N4CCCNCCC4)cn3)nc2n1C1CCCC1,P,P:decoys,decoy,corrected,,"matched decoy, arm multi_scrambled, seed 46",seed46,False,all curated molecules (the comparator actives were in the training data)
CC[C@H](CO)Nc1nc(-c2ccc(O)c(O)c2)n2ncc(C(C)C)c2n1,P,P:decoys,decoy,corrected,,"matched decoy, arm multi_scrambled, seed 45",seed45,False,all curated molecules (the comparator actives were in the training data)
O=C(c1nc2c(OCC3CCNCC3)c(Br)cnc2[nH]1)c1cccs1,P,P:decoys,decoy,corrected,,"matched decoy, arm druglike_only, seed 43",seed43,False,all curated molecules (the comparator actives were in the training data)
CC(O)C(=O)N1CCN(c2ccc(Nc3nccc(CCCN)n3)cc2)CC1,P,P:decoys,decoy,corrected,,"matched decoy, arm multi_scrambled, seed 43",seed43,True,all curated molecules (the comparator actives were in the training data)
CC(O)C(=O)N1CCN(c2c(N)nc3ccc(C(=O)c4c(F)cccc4F)cn23)CC1,P,P:decoys,decoy,corrected,,"matched decoy, arm druglike_only, seed 43",seed43,False,all curated molecules (the comparator actives were in the training data)
O=C(Cc1ccccc1)Nc1[nH]nc2ccc(NC(=O)C3CCC3)cc12,P,P:decoys,decoy,corrected,,"matched decoy, arm multi_scrambled, seed 43",seed43,False,all curated molecules (the comparator actives were in the training data)
O=C(Nc1ncc(SCc2cnn(CC(F)(F)F)c2)s1)NN1CCOCC1,P,P:decoys,decoy,corrected,,"matched decoy, arm multi_scrambled, seed 45",seed45,False,all curated molecules (the comparator actives were in the training data)
CSn1cnc(-c2cc(NC[C@H]3CCNC[C@@H]3O)nc3c(C(C)C)cnn23)c1,P,P:decoys,decoy,corrected,,"matched decoy, arm multi_scrambled, seed 45",seed45,False,all curated molecules (the comparator actives were in the training data)
Oc1ccc(N2CCC(O)CC2)cc1-c1nc(OCC2CCCCC2)c2[nH]cnc2n1,P,P:decoys,decoy,corrected,,"matched decoy, arm multi_scrambled, seed 43",seed43,False,all curated molecules (the comparator actives were in the training data)
CCn1c(C)nc2c(F)cc(-c3cc(NCc4cccnc4)n4nccc4n3)cc21,P,P:decoys,decoy,corrected,,"matched decoy, arm druglike_only, seed 45",seed45,False,all curated molecules (the comparator actives were in the training data)
Cc1cccc(Nc2ccc(N3CCN(C)COC3)cn2)c1,P,P:decoys,decoy,corrected,,"matched decoy, arm druglike_only, seed 46",seed46,False,all curated molecules (the comparator actives were in the training data)
CC(C)(C)C(=O)Nc1ccc(Nc2ncc3cc4n(c3n2)C2(CCCCC2)CNC4=O)nc1,P,P:decoys,decoy,corrected,,"matched decoy, arm druglike_only, seed 45",seed45,False,all curated molecules (the comparator actives were in the training data)
Nc1ccc(CC(=O)NNc2ncc(C(F)(F)F)c(OC3CCCCC3)n2)cc1,P,P:decoys,decoy,corrected,,"matched decoy, arm multi_scrambled, seed 44",seed44,False,all curated molecules (the comparator actives were in the training data)
O=c1cc(Sc2ccccc2Cl)oc2c(C3CCNCC3)c(O)cc(O)c12,P,P:decoys,decoy,corrected,,"matched decoy, arm multi_scrambled, seed 42",seed42,False,all curated molecules (the comparator actives were in the training data)
CONC1CCC(c2nc3c(-c4ccc(F)cc4OC)ccnc3[nH]2)C1,P,P:decoys,decoy,corrected,,"matched decoy, arm multi_scrambled, seed 43",seed43,False,all curated molecules (the comparator actives were in the training data)
CC(C)(C)NC(=O)c1cc2cnc(Nc3ccc(CN4CC(O)C4)cn3)nc2n1C1CCCC1,P,P:decoys,decoy,corrected,,"matched decoy, arm multi_scrambled, seed 45",seed45,False,all curated molecules (the comparator actives were in the training data)
Nc1ccc(CSC(=O)Nc2[nH]nc3ccc(S(N)(=O)=O)cc23)cc1,P,P:decoys,decoy,corrected,,"matched decoy, arm multi_scrambled, seed 44",seed44,False,all curated molecules (the comparator actives were in the training data)
CC(C)(C)c1ccc(Nc2nccc(NC3CCCC(N)C3)n2)cc1,P,P:decoys,decoy,corrected,,"matched decoy, arm druglike_only, seed 44",seed44,False,all curated molecules (the comparator actives were in the training data)
CNC1=C(CC(=O)Cc2cccc(Cl)c2)CCc2cnc(C[C@@H](N)C#N)nc21,P,P:decoys,decoy,corrected,,"matched decoy, arm multi_scrambled, seed 42",seed42,False,all curated molecules (the comparator actives were in the training data)
COc1cc(N2CCN(C(C)=O)CC2)ccc1Nc1ncc(C)c(C2CCC(N)CC2)n1,P,P:decoys,decoy,corrected,,"matched decoy, arm multi_scrambled, seed 43",seed43,False,all curated molecules (the comparator actives were in the training data)
NC(=O)n1cc(C(=O)NC(=S)Nc2ccc(Cl)cc2)c(-c2ccc(Cl)cc2)n1,P,P:decoys,decoy,corrected,,"matched decoy, arm druglike_only, seed 42",seed42,True,all curated molecules (the comparator actives were in the training data)
OC[C@H]1CC[C@H](n2cnc3c(NCc4ccccc4)ncnc32)CC1,P,P:decoys,decoy,corrected,,"matched decoy, arm druglike_only, seed 43",seed43,False,all curated molecules (the comparator actives were in the training data)
CCC(Nc1nc(Nc2ccc[nH]2)c2ncn(C(C)C)c2n1)C(=O)C(C)(C)C,P,P:decoys,decoy,corrected,,"matched decoy, arm multi_scrambled, seed 42",seed42,False,all curated molecules (the comparator actives were in the training data)
COc1cc(CNc2ncc(-c3ccc4cnccc4c3)s2)ccc1O,P,P:decoys,decoy,corrected,,"matched decoy, arm druglike_only, seed 45",seed45,False,all curated molecules (the comparator actives were in the training data)
CCN(Cc1ccc(NC(=O)N2Cc3c(NC(=O)C(C)(C)C)n[nH]c3C2(C)C)nc1)C(=O)CCN(C)C,P,P:decoys,decoy,corrected,,"matched decoy, arm druglike_only, seed 45",seed45,False,all curated molecules (the comparator actives were in the training data)
CC(=O)NC1CCC(c2nc3c(N[C@H]4CC[C@H](N)CC4)ccnc3[nH]2)C1,P,P:decoys,decoy,corrected,,"matched decoy, arm multi_scrambled, seed 43",seed43,False,all curated molecules (the comparator actives were in the training data)
COc1ccc(-c2nn(-c3ccccc3)cc2C(=O)NC(=S)Nc2ccc(C)cc2)cn1,P,P:decoys,decoy,corrected,,"matched decoy, arm multi_scrambled, seed 42",seed42,False,all curated molecules (the comparator actives were in the training data)
CC(NC(=O)C(C)c1ccc(N2CCCC2)cc1)Nc1ccc(S(N)(=O)=O)cc1,P,P:decoys,decoy,corrected,,"matched decoy, arm multi_scrambled, seed 46",seed46,False,all curated molecules (the comparator actives were in the training data)
Cc1nc2ccc(Nc3ccc(N4CCN(C(=O)C(C)O)CC4)cc3)cc2s1,P,P:decoys,decoy,corrected,,"matched decoy, arm multi_scrambled, seed 43",seed43,False,all curated molecules (the comparator actives were in the training data)
N#Cc1cnc(NC2CCN(CCN3CCC[C@@H](N)C3)CC2)nc1-c1c[nH]c2cc(F)ccc12,P,P:decoys,decoy,corrected,,"matched decoy, arm multi_scrambled, seed 43",seed43,False,all curated molecules (the comparator actives were in the training data)
CN1CCN(NC(=O)NNC(=O)c2oc3ccccc3c2CN2CCN(c3ccccc3)CC2)CC1,P,P:decoys,decoy,corrected,,"matched decoy, arm multi_scrambled, seed 42",seed42,False,all curated molecules (the comparator actives were in the training data)
CN(C)CC(O)COc1ccc(Nc2nccc(N3CCN(C)CC3)n2)cc1,P,P:decoys,decoy,corrected,,"matched decoy, arm multi_scrambled, seed 46",seed46,False,all curated molecules (the comparator actives were in the training data)
CC(=O)c1c(C)c2cnc(Nc3ccc([C@H]4CC[C@H](N)CC4)cn3)nc2n(C2CCCC2)c1=O,P,P:decoys,decoy,corrected,,"matched decoy, arm multi_scrambled, seed 43",seed43,False,all curated molecules (the comparator actives were in the training data)
CCc1ccc(CNc2nc(N3CCC[C@@H]3CO)nc3c(C(C)C)cnn23)cc1,P,P:decoys,decoy,corrected,,"matched decoy, arm multi_scrambled, seed 42",seed42,False,all curated molecules (the comparator actives were in the training data)
CCNC(=O)N1CCNC(Nc2ncc(C#N)c(C3CCCCC3)n2)CC1,P,P:decoys,decoy,corrected,,"matched decoy, arm druglike_only, seed 43",seed43,False,all curated molecules (the comparator actives were in the training data)
CN1CC=C(N2CCc3nc(Nc4ccc(N5CCCC[C@H]5CCO)cc4)ccc3C2)C1,P,P:decoys,decoy,corrected,,"matched decoy, arm multi_scrambled, seed 44",seed44,False,all curated molecules (the comparator actives were in the training data)
CS(=O)(=O)c1ccc(-c2ccc(S(N)(=O)=O)cc2)cc1,M,M:multi_real,generated,corrected,,"arm multi_real, seed 42, final generation",seed42,False,curated molecules without the 204 top-decile actives
NS(=O)(=O)c1ccc(Oc2ccc(C(F)(F)F)cc2)cc1,M,M:multi_real,generated,corrected,,"arm multi_real, seed 42, final generation",seed42,False,curated molecules without the 204 top-decile actives
CC(C)Cc1ccc(-c2ccc(S(N)(=O)=O)cc2)nc1,M,M:multi_real,generated,corrected,,"arm multi_real, seed 42, final generation",seed42,False,curated molecules without the 204 top-decile actives
CC(C)=Cc1ccc(-c2ccc(S(N)(=O)=O)cc2)cc1,M,M:multi_real,generated,corrected,,"arm multi_real, seed 42, final generation",seed42,False,curated molecules without the 204 top-decile actives
CC(C)Cc1ccc(Nc2ccc(S(N)(=O)=O)cc2)cc1,M,M:multi_real,generated,corrected,,"arm multi_real, seed 42, final generation",seed42,False,curated molecules without the 204 top-decile actives
CS(C)(C)c1ccc(Oc2ccc(S(N)(=O)=O)cc2)cc1,M,M:multi_real,generated,corrected,,"arm multi_real, seed 42, final generation",seed42,False,curated molecules without the 204 top-decile actives
CC(C)(C)c1ccc(CCCc2ccc(S(N)(=O)=O)cc2)cc1,M,M:multi_real,generated,corrected,,"arm multi_real, seed 42, final generation",seed42,False,curated molecules without the 204 top-decile actives
NS(=O)(=O)c1ccc(-c2ccc(C(F)(F)F)cc2)nc1,M,M:multi_real,generated,corrected,,"arm multi_real, seed 42, final generation",seed42,False,curated molecules without the 204 top-decile actives
CN1CCC(c2ccc(Oc3ccc(S(N)(=O)=O)cc3)cc2)CC1,M,M:multi_real,generated,corrected,,"arm multi_real, seed 42, final generation",seed42,False,curated molecules without the 204 top-decile actives
CC(C)(C)S(=O)(=O)c1ccc(-c2ccc(S(N)(=O)=O)cc2)cc1,M,M:multi_real,generated,corrected,,"arm multi_real, seed 42, final generation",seed42,False,curated molecules without the 204 top-decile actives
CC(C)(C)Nc1nccc(-c2ccc(S(N)(=O)=O)cc2)n1,M,M:multi_real,generated,corrected,,"arm multi_real, seed 42, final generation",seed42,False,curated molecules without the 204 top-decile actives
NS(=O)(=O)c1ccc(-c2ccc(CC(F)(F)F)cc2)cc1,M,M:multi_real,generated,corrected,,"arm multi_real, seed 42, final generation",seed42,False,curated molecules without the 204 top-decile actives
CC(C)(N)c1ccc(-c2ccc(S(N)(=O)=O)cc2)cc1,M,M:multi_real,generated,corrected,,"arm multi_real, seed 42, final generation",seed42,False,curated molecules without the 204 top-decile actives
CC(C)(C)CCOc1ccc(-c2ccc(S(N)(=O)=O)cc2)cc1,M,M:multi_real,generated,corrected,,"arm multi_real, seed 42, final generation",seed42,False,curated molecules without the 204 top-decile actives
CC(C)(C)c1nccc(-c2ccc(S(N)(=O)=O)cc2)n1,M,M:multi_real,generated,corrected,,"arm multi_real, seed 42, final generation",seed42,False,curated molecules without the 204 top-decile actives
NS(=O)(=O)c1ccc(-c2ccc(C(O)(F)F)cc2)cc1,M,M:multi_real,generated,corrected,,"arm multi_real, seed 42, final generation",seed42,False,curated molecules without the 204 top-decile actives
C=C(Cc1cccc(C)c1)c1ccc(S(N)(=O)=O)cc1,M,M:multi_real,generated,corrected,,"arm multi_real, seed 42, final generation",seed42,False,curated molecules without the 204 top-decile actives
Cc1cccc(COC(=O)c2ccc(S(N)(=O)=O)cc2)c1,M,M:multi_real,generated,corrected,,"arm multi_real, seed 42, final generation",seed42,False,curated molecules without the 204 top-decile actives
CC(C)(C)Cc1ccc(Nc2ccc(S(N)(=O)=O)cc2)cc1,M,M:multi_real,generated,corrected,,"arm multi_real, seed 42, final generation",seed42,False,curated molecules without the 204 top-decile actives
CCC(=O)N(C)c1ccc(-c2ccc(S(N)(=O)=O)cc2)cc1,M,M:multi_real,generated,corrected,,"arm multi_real, seed 42, final generation",seed42,False,curated molecules without the 204 top-decile actives
CC(C)CNc1nccc(-c2ccc(S(N)(=O)=O)cc2)n1,M,M:multi_real,generated,corrected,,"arm multi_real, seed 42, final generation",seed42,False,curated molecules without the 204 top-decile actives
CC(C)(C)c1ccc(-c2ccc(S(N)(=O)=O)cc2)cc1Br,M,M:multi_real,generated,corrected,,"arm multi_real, seed 42, final generation",seed42,False,curated molecules without the 204 top-decile actives
CC(C)(C)c1nccc(CCc2ccc(S(N)(=O)=O)cc2)n1,M,M:multi_real,generated,corrected,,"arm multi_real, seed 42, final generation",seed42,False,curated molecules without the 204 top-decile actives
CC(C)(C)c1ccc(CC(=O)Nc2ccc(S(N)(=O)=O)cc2)cc1,M,M:multi_real,generated,corrected,,"arm multi_real, seed 42, final generation",seed42,False,curated molecules without the 204 top-decile actives
CCCNc1nccc(-c2ccc(S(N)(=O)=O)cc2)n1,M,M:multi_real,generated,corrected,,"arm multi_real, seed 42, final generation",seed42,False,curated molecules without the 204 top-decile actives
Cc1cc(S(N)(=O)=O)ccc1Nc1ccc(C(C)(C)C)cc1,M,M:multi_real,generated,corrected,,"arm multi_real, seed 42, final generation",seed42,False,curated molecules without the 204 top-decile actives
CCCCc1ccc(-c2ccc(S(N)(=O)=O)cc2)cc1,M,M:multi_real,generated,corrected,,"arm multi_real, seed 43, final generation",seed43,False,curated molecules without the 204 top-decile actives
CC(=O)Cc1ccc(Oc2ccc(S(N)(=O)=O)cc2)cc1,M,M:multi_real,generated,corrected,,"arm multi_real, seed 43, final generation",seed43,False,curated molecules without the 204 top-decile actives
CC(=O)CCc1ccc(-c2ccc(S(N)(=O)=O)cc2)cc1,M,M:multi_real,generated,corrected,,"arm multi_real, seed 43, final generation",seed43,False,curated molecules without the 204 top-decile actives
CC(C)Cc1ccc(-c2cccc(S(N)(=O)=O)c2)cc1,M,M:multi_real,generated,corrected,,"arm multi_real, seed 43, final generation",seed43,True,curated molecules without the 204 top-decile actives
CC(C)S(=O)(=O)c1ccc(-c2cccc(S(N)(=O)=O)c2)cc1,M,M:multi_real,generated,corrected,,"arm multi_real, seed 43, final generation",seed43,False,curated molecules without the 204 top-decile actives
CC(C)(C)Cc1ccc(-c2ccc(S(N)(=O)=O)cc2)nc1,M,M:multi_real,generated,corrected,,"arm multi_real, seed 43, final generation",seed43,False,curated molecules without the 204 top-decile actives
CC(C)c1ccc(-c2ccc(S(N)(=O)=O)cc2)cc1F,M,M:multi_real,generated,corrected,,"arm multi_real, seed 43, final generation",seed43,False,curated molecules without the 204 top-decile actives
COC(=O)c1ccc(-c2ccc(S(N)(=O)=O)cc2)cc1,M,M:multi_real,generated,corrected,,"arm multi_real, seed 43, final generation",seed43,False,curated molecules without the 204 top-decile actives
CC(C)c1ccc(Oc2ccc(S(N)(=O)=O)cc2)cc1F,M,M:multi_real,generated,corrected,,"arm multi_real, seed 43, final generation",seed43,False,curated molecules without the 204 top-decile actives
NS(=O)(=O)c1ccc(-c2cccc(S(N)(=O)=O)c2)cc1,M,M:multi_real,generated,corrected,,"arm multi_real, seed 43, final generation",seed43,False,curated molecules without the 204 top-decile actives
C=C(C)c1ccc(Nc2ccc(S(N)(=O)=O)cc2)cc1,M,M:multi_real,generated,corrected,,"arm multi_real, seed 43, final generation",seed43,False,curated molecules without the 204 top-decile actives
CC(C)c1ccc(Nc2ccc(S(N)(=O)=O)cc2)cc1F,M,M:multi_real,generated,corrected,,"arm multi_real, seed 43, final generation",seed43,True,curated molecules without the 204 top-decile actives
CCCS(=O)(=O)c1ccc(-c2ccc(S(N)(=O)=O)cc2)cc1,M,M:multi_real,generated,corrected,,"arm multi_real, seed 43, final generation",seed43,False,curated molecules without the 204 top-decile actives
CC(C)(C)c1ccc(Nc2ccc(S(N)(=O)=O)cc2)nc1,M,M:multi_real,generated,corrected,,"arm multi_real, seed 43, final generation",seed43,False,curated molecules without the 204 top-decile actives
NS(=O)(=O)c1ccc(-c2ccc(OC(F)(F)F)cc2)cc1,M,M:multi_real,generated,corrected,,"arm multi_real, seed 44, final generation",seed44,False,curated molecules without the 204 top-decile actives
NS(=O)(=O)c1ccc(Oc2ccc(C3CC3)cc2)cc1,M,M:multi_real,generated,corrected,,"arm multi_real, seed 44, final generation",seed44,True,curated molecules without the 204 top-decile actives
NS(=O)(=O)c1ccc(-c2ccc(OC3=CCC3)cc2)cc1,M,M:multi_real,generated,corrected,,"arm multi_real, seed 44, final generation",seed44,False,curated molecules without the 204 top-decile actives
NS(=O)(=O)c1ccc(Nc2ccc(C(F)F)cc2)cc1,M,M:multi_real,generated,corrected,,"arm multi_real, seed 44, final generation",seed44,False,curated molecules without the 204 top-decile actives
CC(C)Nc1ccc(Oc2ccc(S(N)(=O)=O)cc2)cc1,M,M:multi_real,generated,corrected,,"arm multi_real, seed 44, final generation",seed44,False,curated molecules without the 204 top-decile actives
O=C(C1CC1)N1CCc2cnc(Nc3c(F)cccc3F)nc2C1,M,M:multi_real,generated,corrected,,"arm multi_real, seed 44, final generation",seed44,False,curated molecules without the 204 top-decile actives
Cc1cc(CC(C)C)ccc1-c1ccc(S(N)(=O)=O)cc1,M,M:multi_real,generated,corrected,,"arm multi_real, seed 44, final generation",seed44,False,curated molecules without the 204 top-decile actives
CC(C)CCCc1ccc(-c2ccc(S(N)(=O)=O)cc2)cc1,M,M:multi_real,generated,corrected,,"arm multi_real, seed 44, final generation",seed44,False,curated molecules without the 204 top-decile actives
CC(C)(C)c1ccc(C(=O)Nc2ccc(S(N)(=O)=O)cc2)cc1,M,M:multi_real,generated,corrected,,"arm multi_real, seed 44, final generation",seed44,False,curated molecules without the 204 top-decile actives
Cc1cc(S(N)(=O)=O)ccc1N1CCN(C(C)C)CC1,M,M:multi_real,generated,corrected,,"arm multi_real, seed 44, final generation",seed44,False,curated molecules without the 204 top-decile actives
Cc1nc(-c2ccc(S(N)(=O)=O)cc2)ccc1C(C)(C)C,M,M:multi_real,generated,corrected,,"arm multi_real, seed 44, final generation",seed44,False,curated molecules without the 204 top-decile actives
CC(C)Cc1ccc(C(=O)Nc2ccc(S(N)(=O)=O)cc2)cc1,M,M:multi_real,generated,corrected,,"arm multi_real, seed 44, final generation",seed44,True,curated molecules without the 204 top-decile actives
CC(C)Cc1ccc(NC(=O)c2ccc(S(N)(=O)=O)cc2)cc1,M,M:multi_real,generated,corrected,,"arm multi_real, seed 44, final generation",seed44,False,curated molecules without the 204 top-decile actives
CC(C)c1ccc(C(=O)c2ccc(S(N)(=O)=O)cc2)cc1,M,M:multi_real,generated,corrected,,"arm multi_real, seed 44, final generation",seed44,False,curated molecules without the 204 top-decile actives
CCCC(=O)c1ccc(-c2ccc(S(N)(=O)=O)cc2)cc1,M,M:multi_real,generated,corrected,,"arm multi_real, seed 44, final generation",seed44,False,curated molecules without the 204 top-decile actives
CC(C)C(=O)Nc1ncc2c(n1)CN(c1ccc(Cl)cc1)CC2,M,M:multi_real,generated,corrected,,"arm multi_real, seed 44, final generation",seed44,False,curated molecules without the 204 top-decile actives
Fc1cccc(F)c1Nc1ncc2c(n1)CN(C1CC1)CC2,M,M:multi_real,generated,corrected,,"arm multi_real, seed 44, final generation",seed44,False,curated molecules without the 204 top-decile actives
Cc1cc(S(N)(=O)=O)ccc1-c1ccc(C(C)C)cc1F,M,M:multi_real,generated,corrected,,"arm multi_real, seed 44, final generation",seed44,False,curated molecules without the 204 top-decile actives
NS(=O)(=O)c1ccc(-c2ccc(C3CCC3)cc2)cc1,M,M:multi_real,generated,corrected,,"arm multi_real, seed 45, final generation",seed45,False,curated molecules without the 204 top-decile actives
C=C(C)c1ccc(-c2ccc(S(N)(=O)=O)cc2)cc1Br,M,M:multi_real,generated,corrected,,"arm multi_real, seed 45, final generation",seed45,True,curated molecules without the 204 top-decile actives
CC(C)c1ccc(-c2ccc(S(N)(=O)=O)cc2)cc1Br,M,M:multi_real,generated,corrected,,"arm multi_real, seed 45, final generation",seed45,False,curated molecules without the 204 top-decile actives
CCCCN1CCc2nc(-c3ccc(S(N)(=O)=O)cc3)ccc2C1,M,M:multi_real,generated,corrected,,"arm multi_real, seed 45, final generation",seed45,False,curated molecules without the 204 top-decile actives
CC(C)C(=O)N1CCc2nc(-c3ccc(S(N)(=O)=O)cc3)ccc2C1,M,M:multi_real,generated,corrected,,"arm multi_real, seed 45, final generation",seed45,False,curated molecules without the 204 top-decile actives
CC(C)c1ccc(Cc2ccc(S(N)(=O)=O)cc2)cc1F,M,M:multi_real,generated,corrected,,"arm multi_real, seed 45, final generation",seed45,False,curated molecules without the 204 top-decile actives
Cc1ncc(Nc2ccc(S(C)(=O)=O)cc2)n1C(C)C,M,M:multi_real,generated,corrected,,"arm multi_real, seed 45, final generation",seed45,False,curated molecules without the 204 top-decile actives
CCc1nc(Nc2ccc(S(N)(=O)=O)cc2)ncc1C(C)C,M,M:multi_real,generated,corrected,,"arm multi_real, seed 45, final generation",seed45,False,curated molecules without the 204 top-decile actives
CC(C)CC(=O)N1CCc2nc(-c3ccc(S(N)(=O)=O)cc3)ccc2C1,M,M:multi_real,generated,corrected,,"arm multi_real, seed 45, final generation",seed45,False,curated molecules without the 204 top-decile actives
Cc1ncc(-c2nc(NCC(C)C)ncc2F)n1C(C)C,M,M:multi_real,generated,corrected,,"arm multi_real, seed 45, final generation",seed45,False,curated molecules without the 204 top-decile actives
CC(C)Nc1ccc(-c2ccc(S(C)(=O)=O)cc2)cc1,M,M:multi_real,generated,corrected,,"arm multi_real, seed 45, final generation",seed45,False,curated molecules without the 204 top-decile actives
CC=Cc1ncc(F)c(-c2ccc(S(N)(=O)=O)cc2)n1,M,M:multi_real,generated,corrected,,"arm multi_real, seed 45, final generation",seed45,False,curated molecules without the 204 top-decile actives
Cc1ncc(OCc2ccc(S(N)(=O)=O)cc2)n1C(C)C,M,M:multi_real,generated,corrected,,"arm multi_real, seed 45, final generation",seed45,False,curated molecules without the 204 top-decile actives
NS(=O)(=O)c1ccc(-c2ccc(N3CCCS3(=O)=O)cc2)cc1,M,M:multi_real,generated,corrected,,"arm multi_real, seed 45, final generation",seed45,False,curated molecules without the 204 top-decile actives
CC(=O)Nc1ncc(F)c(-c2cnc(C)n2C(C)C)n1,M,M:multi_real,generated,corrected,,"arm multi_real, seed 45, final generation",seed45,False,curated molecules without the 204 top-decile actives
C=C(C)c1ncc(F)c(-c2ccc(S(N)(=O)=O)cc2)n1,M,M:multi_real,generated,corrected,,"arm multi_real, seed 45, final generation",seed45,False,curated molecules without the 204 top-decile actives
CCCNc1ccc(Oc2ccc(S(N)(=O)=O)cc2)cc1,M,M:multi_real,generated,corrected,,"arm multi_real, seed 45, final generation",seed45,False,curated molecules without the 204 top-decile actives
CN1CCC(c2ccc(Nc3ccc(S(N)(=O)=O)cc3)cc2F)CC1,M,M:multi_real,generated,corrected,,"arm multi_real, seed 45, final generation",seed45,False,curated molecules without the 204 top-decile actives
CC(C)N(C)c1ccc(-c2ccc(S(N)(=O)=O)cc2)cc1,M,M:multi_real,generated,corrected,,"arm multi_real, seed 46, final generation",seed46,False,curated molecules without the 204 top-decile actives
CC(C)Cc1ccc(CCc2ccc(S(N)(=O)=O)cc2)cc1,M,M:multi_real,generated,corrected,,"arm multi_real, seed 46, final generation",seed46,False,curated molecules without the 204 top-decile actives
CNC(=O)c1ccc(Cc2ccc(S(N)(=O)=O)cc2)cc1,M,M:multi_real,generated,corrected,,"arm multi_real, seed 46, final generation",seed46,False,curated molecules without the 204 top-decile actives
CC(=O)Cc1ccc(Nc2ccc(S(N)(=O)=O)cc2)cc1,M,M:multi_real,generated,corrected,,"arm multi_real, seed 46, final generation",seed46,False,curated molecules without the 204 top-decile actives
CC(C)C(C)(C)c1ccc(-c2ccc(S(N)(=O)=O)cc2)nc1,M,M:multi_real,generated,corrected,,"arm multi_real, seed 46, final generation",seed46,False,curated molecules without the 204 top-decile actives
CC(C)Oc1ccc(CCc2ccc(S(N)(=O)=O)cc2)cc1,M,M:multi_real,generated,corrected,,"arm multi_real, seed 46, final generation",seed46,False,curated molecules without the 204 top-decile actives
CCc1nc(Nc2ccc(S(N)(=O)=O)cc2)ncc1Br,M,M:multi_real,generated,corrected,,"arm multi_real, seed 46, final generation",seed46,False,curated molecules without the 204 top-decile actives
CN(c1ccc(-c2ccc(S(N)(=O)=O)cc2)cc1)C1CC1,M,M:multi_real,generated,corrected,,"arm multi_real, seed 46, final generation",seed46,False,curated molecules without the 204 top-decile actives
CC(C)(C)c1ccc(Cc2ccc(S(N)(=O)=O)cc2)nc1,M,M:multi_real,generated,corrected,,"arm multi_real, seed 46, final generation",seed46,False,curated molecules without the 204 top-decile actives
CCOc1ccc(Cc2ccc(S(N)(=O)=O)cc2)cc1,M,M:multi_real,generated,corrected,,"arm multi_real, seed 46, final generation",seed46,False,curated molecules without the 204 top-decile actives
NS(=O)(=O)c1ccc(CCN2CCc3ncccc3C2)cc1,M,M:multi_real,generated,corrected,,"arm multi_real, seed 46, final generation",seed46,False,curated molecules without the 204 top-decile actives
NS(=O)(=O)c1ccc(CN2CCc3ncccc3C2)cc1,M,M:multi_real,generated,corrected,,"arm multi_real, seed 46, final generation",seed46,False,curated molecules without the 204 top-decile actives
CC(C)c1ccc2c(n1)CCN(c1ccc(S(N)(=O)=O)cc1)C2,M,M:multi_real,generated,corrected,,"arm multi_real, seed 46, final generation",seed46,False,curated molecules without the 204 top-decile actives
CC(C)OC(=O)c1ccc(-c2ccc(S(N)(=O)=O)cc2)cc1,M,M:multi_real,generated,corrected,,"arm multi_real, seed 46, final generation",seed46,False,curated molecules without the 204 top-decile actives
NS(=O)(=O)c1ccc(Nc2ccc(CC(F)F)cc2)cc1,M,M:multi_real,generated,corrected,,"arm multi_real, seed 46, final generation",seed46,False,curated molecules without the 204 top-decile actives
CCOc1ccc(-c2ccc(S(N)(=O)=O)cc2)c(C)c1,M,M:multi_real,generated,corrected,,"arm multi_real, seed 46, final generation",seed46,False,curated molecules without the 204 top-decile actives
COc1ccc(CC(=O)c2ccc(S(N)(=O)=O)cc2)cc1,M,M:multi_real,generated,corrected,,"arm multi_real, seed 46, final generation",seed46,False,curated molecules without the 204 top-decile actives
CC(C)OCc1ccc(Cc2ccc(S(N)(=O)=O)cc2)cc1,M,M:multi_real,generated,corrected,,"arm multi_real, seed 46, final generation",seed46,False,curated molecules without the 204 top-decile actives
CC(C)Oc1ccc(-c2ccc(S(N)(=O)=O)cc2)cc1Br,M,M:multi_real,generated,corrected,,"arm multi_real, seed 46, final generation",seed46,False,curated molecules without the 204 top-decile actives
CC(=O)N(C)c1ccc(-c2ccc(S(N)(=O)=O)cc2)nc1,M,M:multi_real,generated,corrected,,"arm multi_real, seed 46, final generation",seed46,False,curated molecules without the 204 top-decile actives
CCCN(C)c1ccc(-c2ccc(S(N)(=O)=O)cc2)cc1,M,M:multi_real,generated,corrected,,"arm multi_real, seed 46, final generation",seed46,False,curated molecules without the 204 top-decile actives
NS(=O)(=O)c1ccc(Cc2ccc(C3CC3)c(Br)c2)cc1,M,M:multi_real,generated,corrected,,"arm multi_real, seed 46, final generation",seed46,True,curated molecules without the 204 top-decile actives
CCOc1ccc(Cc2ccc(S(N)(=O)=O)cc2)c(C)c1,M,M:multi_real,generated,corrected,,"arm multi_real, seed 46, final generation",seed46,False,curated molecules without the 204 top-decile actives
NS(=O)(=O)c1ccc(NC(=O)Cc2ccc(F)cc2)cc1,M,M:multi_real,generated,corrected,,"arm multi_real, seed 46, final generation",seed46,False,curated molecules without the 204 top-decile actives
CN(C)C(=O)c1ccc(-c2ccc(C(N)=O)cc2)cc1,M,M:multi_scrambled,generated,corrected,,"arm multi_scrambled, seed 42, final generation",seed42,False,curated molecules without the 204 top-decile actives
CNC(=O)c1ccc(C(=O)Nc2c(Cl)cccc2Cl)cc1,M,M:multi_scrambled,generated,corrected,,"arm multi_scrambled, seed 42, final generation",seed42,False,curated molecules without the 204 top-decile actives
CC(=O)Cc1ccc(C(=O)Nc2ccc(C(=O)N(C)C)cc2)cc1,M,M:multi_scrambled,generated,corrected,,"arm multi_scrambled, seed 42, final generation",seed42,False,curated molecules without the 204 top-decile actives
CNC(=O)c1ccc(OCc2ccc(C(=O)N(C)C)cc2)cc1,M,M:multi_scrambled,generated,corrected,,"arm multi_scrambled, seed 42, final generation",seed42,False,curated molecules without the 204 top-decile actives
CNC(=O)c1ccc(Nc2ccc(F)cc2OC)cc1,M,M:multi_scrambled,generated,corrected,,"arm multi_scrambled, seed 42, final generation",seed42,False,curated molecules without the 204 top-decile actives
CNC(=O)c1ccc(C(=O)c2ccc(N3CCOCC3)cc2)cc1,M,M:multi_scrambled,generated,corrected,,"arm multi_scrambled, seed 42, final generation",seed42,False,curated molecules without the 204 top-decile actives
CNC(=O)c1ccc(C(=O)c2c(Cl)cccc2Cl)cc1,M,M:multi_scrambled,generated,corrected,,"arm multi_scrambled, seed 42, final generation",seed42,False,curated molecules without the 204 top-decile actives
CNC(=O)c1ccc(C(=O)N2CCC(c3ccc(F)cc3OC)CC2)cc1,M,M:multi_scrambled,generated,corrected,,"arm multi_scrambled, seed 42, final generation",seed42,False,curated molecules without the 204 top-decile actives
CNC(=O)c1ccc(Cc2ccc(N3CCCOCC3)cc2)cc1,M,M:multi_scrambled,generated,corrected,,"arm multi_scrambled, seed 42, final generation",seed42,False,curated molecules without the 204 top-decile actives
CNC(=O)c1ccc(-c2ccc(C(=O)NC)cc2)cc1,M,M:multi_scrambled,generated,corrected,,"arm multi_scrambled, seed 42, final generation",seed42,False,curated molecules without the 204 top-decile actives
CNC(=O)c1ccc(-c2ccc(N3CCCOCC3)cn2)cc1,M,M:multi_scrambled,generated,corrected,,"arm multi_scrambled, seed 42, final generation",seed42,False,curated molecules without the 204 top-decile actives
O=C(NCc1ccc(N2CCOCC2)cc1)c1c(Cl)cccc1Cl,M,M:multi_scrambled,generated,corrected,,"arm multi_scrambled, seed 42, final generation",seed42,False,curated molecules without the 204 top-decile actives
CN(C)C(=O)c1ccc(CNC(=O)c2ccc(C(N)=O)cc2)cc1,M,M:multi_scrambled,generated,corrected,,"arm multi_scrambled, seed 42, final generation",seed42,False,curated molecules without the 204 top-decile actives
CNC(=O)c1ccc(C(=O)Nc2ccc(N(C)C)cn2)cc1,M,M:multi_scrambled,generated,corrected,,"arm multi_scrambled, seed 42, final generation",seed42,False,curated molecules without the 204 top-decile actives
CNC(=O)C1CCN(c2ccc(C(=O)N(C)C)cc2)CC1,M,M:multi_scrambled,generated,corrected,,"arm multi_scrambled, seed 42, final generation",seed42,False,curated molecules without the 204 top-decile actives
CNC(=O)c1ccc(Nc2ccc(N3CCCOCC3)cc2)cc1,M,M:multi_scrambled,generated,corrected,,"arm multi_scrambled, seed 42, final generation",seed42,False,curated molecules without the 204 top-decile actives
CNC(=O)c1ccc(C(=O)c2ccc(OC)cc2)cc1,M,M:multi_scrambled,generated,corrected,,"arm multi_scrambled, seed 42, final generation",seed42,False,curated molecules without the 204 top-decile actives
CC(C)c1cc(NC(=O)c2ccc(C(N)=O)cc2)ncn1,M,M:multi_scrambled,generated,corrected,,"arm multi_scrambled, seed 42, final generation",seed42,False,curated molecules without the 204 top-decile actives
CNC(=O)Cc1ccc(-c2ccc(C(=O)NC)cc2)cc1,M,M:multi_scrambled,generated,corrected,,"arm multi_scrambled, seed 42, final generation",seed42,False,curated molecules without the 204 top-decile actives
CNC(=O)c1ccc(COc2ccc(C(=O)NC)cc2)cc1,M,M:multi_scrambled,generated,corrected,,"arm multi_scrambled, seed 42, final generation",seed42,False,curated molecules without the 204 top-decile actives
CNC(=O)c1ccc(-c2ccc(S(N)(=O)=O)cc2)cc1,M,M:multi_scrambled,generated,corrected,,"arm multi_scrambled, seed 42, final generation",seed42,False,curated molecules without the 204 top-decile actives
O=C(NCc1cccc(C(=O)N2CCCC2)c1)c1ccccc1,M,M:multi_scrambled,generated,corrected,,"arm multi_scrambled, seed 43, final generation",seed43,False,curated molecules without the 204 top-decile actives
COc1ccc(C(=O)Nc2cccc(Cl)c2)cc1OC,M,M:multi_scrambled,generated,corrected,,"arm multi_scrambled, seed 43, final generation",seed43,False,curated molecules without the 204 top-decile actives
O=C(Nc1cccc(N2CCCC2)c1)c1cccc(Cl)c1,M,M:multi_scrambled,generated,corrected,,"arm multi_scrambled, seed 43, final generation",seed43,False,curated molecules without the 204 top-decile actives
O=C(Nc1cccc(N2CCCCC2)c1)c1ccccc1,M,M:multi_scrambled,generated,corrected,,"arm multi_scrambled, seed 43, final generation",seed43,False,curated molecules without the 204 top-decile actives
O=C(Nc1cccc(C(=O)N2CCCC2)c1)c1cccc(Cl)c1,M,M:multi_scrambled,generated,corrected,,"arm multi_scrambled, seed 43, final generation",seed43,False,curated molecules without the 204 top-decile actives
O=C(Nc1ccccc1)c1cccc(N2CCCC2)c1,M,M:multi_scrambled,generated,corrected,,"arm multi_scrambled, seed 43, final generation",seed43,False,curated molecules without the 204 top-decile actives
NC(=O)c1ccc(-c2cccc(C(=O)N3CCCC3)c2)cc1,M,M:multi_scrambled,generated,corrected,,"arm multi_scrambled, seed 43, final generation",seed43,False,curated molecules without the 204 top-decile actives
CN(C)C(=O)c1cccc(-c2ccc(N3CCCNCC3)cc2)c1,M,M:multi_scrambled,generated,corrected,,"arm multi_scrambled, seed 43, final generation",seed43,False,curated molecules without the 204 top-decile actives
O=C(c1ccccc1)c1cccc(N2CCCNCC2)c1,M,M:multi_scrambled,generated,corrected,,"arm multi_scrambled, seed 43, final generation",seed43,False,curated molecules without the 204 top-decile actives
NC(=O)c1ccc(NC(=O)c2ccc(N3CCCC3)cc2)cc1,M,M:multi_scrambled,generated,corrected,,"arm multi_scrambled, seed 43, final generation",seed43,False,curated molecules without the 204 top-decile actives
COc1ccccc1NC(=O)c1ccc(N2CCCC2)cc1,M,M:multi_scrambled,generated,corrected,,"arm multi_scrambled, seed 43, final generation",seed43,False,curated molecules without the 204 top-decile actives
O=C(c1ccccc1)c1ccc(C(=O)N2CCCC2)cc1,M,M:multi_scrambled,generated,corrected,,"arm multi_scrambled, seed 43, final generation",seed43,False,curated molecules without the 204 top-decile actives
COc1ccc(C(=O)Nc2cccc(N3CCCCC3)c2)cc1OC,M,M:multi_scrambled,generated,corrected,,"arm multi_scrambled, seed 43, final generation",seed43,False,curated molecules without the 204 top-decile actives
CN(C)C(=O)c1ccc(NC(=O)c2ccc(C(N)=O)cc2)cc1,M,M:multi_scrambled,generated,corrected,,"arm multi_scrambled, seed 43, final generation",seed43,False,curated molecules without the 204 top-decile actives
O=C(c1ccccc1)c1cccc(C(=O)N2CCCCC2)c1,M,M:multi_scrambled,generated,corrected,,"arm multi_scrambled, seed 43, final generation",seed43,False,curated molecules without the 204 top-decile actives
NC(=O)c1ccc(C(=O)Nc2ccc(C(=O)N3CCCC3)cc2)cc1,M,M:multi_scrambled,generated,corrected,,"arm multi_scrambled, seed 43, final generation",seed43,False,curated molecules without the 204 top-decile actives
O=C(NN1CCCC1)c1cccc(C(=O)N2CCCC2)c1,M,M:multi_scrambled,generated,corrected,,"arm multi_scrambled, seed 43, final generation",seed43,False,curated molecules without the 204 top-decile actives
O=S(=O)(c1ccc(NCc2ccccc2)cc1)C1CC1,M,M:multi_scrambled,generated,corrected,,"arm multi_scrambled, seed 43, final generation",seed43,False,curated molecules without the 204 top-decile actives
COc1ccc(NC(=O)c2ccc(OC)c(Cl)c2)cc1Cl,M,M:multi_scrambled,generated,corrected,,"arm multi_scrambled, seed 43, final generation",seed43,False,curated molecules without the 204 top-decile actives
O=C(Nc1ccc(C(=O)C2CC2)cc1)c1ccccc1,M,M:multi_scrambled,generated,corrected,,"arm multi_scrambled, seed 43, final generation",seed43,False,curated molecules without the 204 top-decile actives
O=C(c1cccc(N2CCCNCC2)c1)N1CCCC1,M,M:multi_scrambled,generated,corrected,,"arm multi_scrambled, seed 43, final generation",seed43,False,curated molecules without the 204 top-decile actives
COc1ccc(C(=O)Nc2ccc(Cl)cc2)cc1OC,M,M:multi_scrambled,generated,corrected,,"arm multi_scrambled, seed 44, final generation",seed44,False,curated molecules without the 204 top-decile actives
CC(=O)N1CCN(Cc2cccc(C(=O)Nc3ccc(Cl)cc3)c2)CC1,M,M:multi_scrambled,generated,corrected,,"arm multi_scrambled, seed 44, final generation",seed44,False,curated molecules without the 204 top-decile actives
CN(C)C(=O)c1ccc(Nc2cccc(C(=O)N(C)C)c2)cc1,M,M:multi_scrambled,generated,corrected,,"arm multi_scrambled, seed 44, final generation",seed44,False,curated molecules without the 204 top-decile actives
CNC(=O)c1ccc(C(=O)Nc2cccc(C(=O)N(C)C)c2)cc1,M,M:multi_scrambled,generated,corrected,,"arm multi_scrambled, seed 44, final generation",seed44,False,curated molecules without the 204 top-decile actives
CC(=O)c1ccc(NC(=O)c2cccc(C(=O)N(C)C)c2)cc1,M,M:multi_scrambled,generated,corrected,,"arm multi_scrambled, seed 44, final generation",seed44,False,curated molecules without the 204 top-decile actives
CC(=O)c1ccc(NC(=O)c2cccc(N(C)C)c2)cc1,M,M:multi_scrambled,generated,corrected,,"arm multi_scrambled, seed 44, final generation",seed44,False,curated molecules without the 204 top-decile actives
CN(C)C(=O)c1ccc(Cc2cccc(C(=O)NC3CC3)c2)cc1,M,M:multi_scrambled,generated,corrected,,"arm multi_scrambled, seed 44, final generation",seed44,False,curated molecules without the 204 top-decile actives
CNC(=O)c1ccc(C(=O)N2CCN(C3CC3)CC2)cc1,M,M:multi_scrambled,generated,corrected,,"arm multi_scrambled, seed 44, final generation",seed44,False,curated molecules without the 204 top-decile actives
CC(=O)N1CCN(c2ccc(CNc3ccc(Cl)cc3)cc2)CC1,M,M:multi_scrambled,generated,corrected,,"arm multi_scrambled, seed 44, final generation",seed44,False,curated molecules without the 204 top-decile actives
CC(=O)N1CCN(CNc2ccc(C(=O)c3ccccc3)cc2)CC1,M,M:multi_scrambled,generated,corrected,,"arm multi_scrambled, seed 44, final generation",seed44,False,curated molecules without the 204 top-decile actives
CN(C)C(=O)c1cccc(NCc2ccc(CO)cc2)c1,M,M:multi_scrambled,generated,corrected,,"arm multi_scrambled, seed 44, final generation",seed44,False,curated molecules without the 204 top-decile actives
O=C(Nc1ccc(Cl)cc1)c1ccc(C(=O)C2CC2)cc1,M,M:multi_scrambled,generated,corrected,,"arm multi_scrambled, seed 44, final generation",seed44,False,curated molecules without the 204 top-decile actives
CN(C)C(=O)c1cccc(Nc2cccc3c2CN(C)C3=O)c1,M,M:multi_scrambled,generated,corrected,,"arm multi_scrambled, seed 44, final generation",seed44,False,curated molecules without the 204 top-decile actives
CNC(=O)c1ccc(-c2cccc(C(=O)NC)c2)cc1,M,M:multi_scrambled,generated,corrected,,"arm multi_scrambled, seed 44, final generation",seed44,False,curated molecules without the 204 top-decile actives
COc1cc(N2CCN(C(C)=O)CC2)ccc1-c1ccc(O)cc1,M,M:multi_scrambled,generated,corrected,,"arm multi_scrambled, seed 44, final generation",seed44,False,curated molecules without the 204 top-decile actives
CC(=O)N1CCN(c2ccc(Cc3ccc(O)cc3)cc2)CC1,M,M:multi_scrambled,generated,corrected,,"arm multi_scrambled, seed 44, final generation",seed44,False,curated molecules without the 204 top-decile actives
O=C(Nc1ccc(Cl)cc1)N1CCN(Cc2ccc(Cl)cc2)CC1,M,M:multi_scrambled,generated,corrected,,"arm multi_scrambled, seed 44, final generation",seed44,False,curated molecules without the 204 top-decile actives
CN(C)C(=O)NC(=O)c1ccc(-c2ccc(Cl)cc2)cc1,M,M:multi_scrambled,generated,corrected,,"arm multi_scrambled, seed 44, final generation",seed44,False,curated molecules without the 204 top-decile actives
CC(=O)c1ccc(C(=O)c2ccc(C(N)=O)cc2)cc1,M,M:multi_scrambled,generated,corrected,,"arm multi_scrambled, seed 44, final generation",seed44,False,curated molecules without the 204 top-decile actives
O=C(NC1CC1)c1cccc(-c2cccc(C3CC3)c2)c1,M,M:multi_scrambled,generated,corrected,,"arm multi_scrambled, seed 44, final generation",seed44,False,curated molecules without the 204 top-decile actives
O=C(Nc1cccc(N2CCOCC2)c1)c1ccccc1,M,M:multi_scrambled,generated,corrected,,"arm multi_scrambled, seed 45, final generation",seed45,False,curated molecules without the 204 top-decile actives
CNC(=O)c1ccc(NC(=O)c2cccc(C(=O)N(C)C)c2)cc1,M,M:multi_scrambled,generated,corrected,,"arm multi_scrambled, seed 45, final generation",seed45,False,curated molecules without the 204 top-decile actives
CN(C)c1cccc(C(=O)Nc2ccccc2N2CCOCC2)c1,M,M:multi_scrambled,generated,corrected,,"arm multi_scrambled, seed 45, final generation",seed45,False,curated molecules without the 204 top-decile actives
CN(C)C(=O)c1cccc(C(=O)Nc2cccc(N3CCOCC3)c2)c1,M,M:multi_scrambled,generated,corrected,,"arm multi_scrambled, seed 45, final generation",seed45,False,curated molecules without the 204 top-decile actives
CN(C)C(=O)c1ccc(F)c(NC(=O)c2cccnc2)c1,M,M:multi_scrambled,generated,corrected,,"arm multi_scrambled, seed 45, final generation",seed45,False,curated molecules without the 204 top-decile actives
CNC(=O)c1cccc(Nc2cccc(N3CCOCC3)c2)c1,M,M:multi_scrambled,generated,corrected,,"arm multi_scrambled, seed 45, final generation",seed45,False,curated molecules without the 204 top-decile actives
CN(C)CC(=O)NC(=O)c1cccc(-c2ccccc2)c1,M,M:multi_scrambled,generated,corrected,,"arm multi_scrambled, seed 45, final generation",seed45,False,curated molecules without the 204 top-decile actives
COc1cc(F)ccc1-c1ccc(NC(=O)CN(C)C)cc1,M,M:multi_scrambled,generated,corrected,,"arm multi_scrambled, seed 45, final generation",seed45,False,curated molecules without the 204 top-decile actives
CNC(=O)c1cccc(Nc2cc(C(=O)N(C)C)ccc2F)c1,M,M:multi_scrambled,generated,corrected,,"arm multi_scrambled, seed 45, final generation",seed45,False,curated molecules without the 204 top-decile actives
CN(C)C(=O)c1cccc(NC(=O)c2cccc(N3CCOCC3)c2)c1,M,M:multi_scrambled,generated,corrected,,"arm multi_scrambled, seed 45, final generation",seed45,False,curated molecules without the 204 top-decile actives
CNC(=O)c1ccc(-c2ccccc2NC(=O)CN(C)C)cc1,M,M:multi_scrambled,generated,corrected,,"arm multi_scrambled, seed 45, final generation",seed45,False,curated molecules without the 204 top-decile actives
CNC(=O)c1cccc(C(=O)Nc2cc(N3CCOCC3)ccc2F)c1,M,M:multi_scrambled,generated,corrected,,"arm multi_scrambled, seed 45, final generation",seed45,False,curated molecules without the 204 top-decile actives
O=C(NNc1cccc(N2CCOCC2)c1)c1ccccc1,M,M:multi_scrambled,generated,corrected,,"arm multi_scrambled, seed 45, final generation",seed45,False,curated molecules without the 204 top-decile actives
CN(C)CC(=O)Nc1cccc(-c2cccc(N(C)C)c2)c1,M,M:multi_scrambled,generated,corrected,,"arm multi_scrambled, seed 45, final generation",seed45,False,curated molecules without the 204 top-decile actives
CN(C)CC(=O)Nc1ccccc1-c1cccc(C(=O)N2CCOCC2)c1,M,M:multi_scrambled,generated,corrected,,"arm multi_scrambled, seed 45, final generation",seed45,False,curated molecules without the 204 top-decile actives
Fc1ccc(Nc2cccc(N3CCOCC3)c2)cc1,M,M:multi_scrambled,generated,corrected,,"arm multi_scrambled, seed 45, final generation",seed45,False,curated molecules without the 204 top-decile actives
O=C(Nc1cccc(N2CCOCC2)c1)c1cccc(N2CCOCC2)c1,M,M:multi_scrambled,generated,corrected,,"arm multi_scrambled, seed 45, final generation",seed45,False,curated molecules without the 204 top-decile actives
CN(C)C(=O)c1cccc(C(=O)Nc2cc(N3CCOCC3)ccc2F)c1,M,M:multi_scrambled,generated,corrected,,"arm multi_scrambled, seed 45, final generation",seed45,False,curated molecules without the 204 top-decile actives
Cc1cc(N2CCOCC2)oc1NC(=O)c1ccccc1,M,M:multi_scrambled,generated,corrected,,"arm multi_scrambled, seed 45, final generation",seed45,False,curated molecules without the 204 top-decile actives
O=C(Nc1ccccc1N1CCOCC1)c1cccc(CCO)c1,M,M:multi_scrambled,generated,corrected,,"arm multi_scrambled, seed 45, final generation",seed45,False,curated molecules without the 204 top-decile actives
CN(C)CC(=O)NCc1ccccc1-c1ccccc1,M,M:multi_scrambled,generated,corrected,,"arm multi_scrambled, seed 45, final generation",seed45,False,curated molecules without the 204 top-decile actives
CN(C)C(=O)Cc1ccc(C(=O)Nc2ccccc2)cc1F,M,M:multi_scrambled,generated,corrected,,"arm multi_scrambled, seed 45, final generation",seed45,False,curated molecules without the 204 top-decile actives
O=C(NC(=O)c1cccc(N2CCOCC2)c1)c1ccccc1,M,M:multi_scrambled,generated,corrected,,"arm multi_scrambled, seed 45, final generation",seed45,False,curated molecules without the 204 top-decile actives
O=C(Nc1ccc(N2CCOCC2)cc1)c1ccccc1,M,M:multi_scrambled,generated,corrected,,"arm multi_scrambled, seed 46, final generation",seed46,False,curated molecules without the 204 top-decile actives
CNC(=O)c1cccc(C(=O)Nc2ccc(N3CCOCC3)cc2)c1,M,M:multi_scrambled,generated,corrected,,"arm multi_scrambled, seed 46, final generation",seed46,False,curated molecules without the 204 top-decile actives
CNC(=O)c1cccc(NC(=O)c2ccc(C(=O)N(C)C)cc2)c1,M,M:multi_scrambled,generated,corrected,,"arm multi_scrambled, seed 46, final generation",seed46,False,curated molecules without the 204 top-decile actives
CNC(=O)c1cccc(C(=O)Nc2cccc(N3CCOCC3)c2)c1,M,M:multi_scrambled,generated,corrected,,"arm multi_scrambled, seed 46, final generation",seed46,False,curated molecules without the 204 top-decile actives
CNC(=O)c1cccc(Nc2ccc(N3CCOCC3)cc2)c1,M,M:multi_scrambled,generated,corrected,,"arm multi_scrambled, seed 46, final generation",seed46,False,curated molecules without the 204 top-decile actives
CNC(=O)c1ccc(C2CCN(c3ccccc3Cl)CC2)cc1,M,M:multi_scrambled,generated,corrected,,"arm multi_scrambled, seed 46, final generation",seed46,False,curated molecules without the 204 top-decile actives
CN(C)C(=O)c1ccc(C(=O)Nc2cccc(S(C)(=O)=O)c2)cc1,M,M:multi_scrambled,generated,corrected,,"arm multi_scrambled, seed 46, final generation",seed46,False,curated molecules without the 204 top-decile actives
CC(=O)Nc1cccc(C(=O)c2ccc(S(C)(=O)=O)cc2)c1,M,M:multi_scrambled,generated,corrected,,"arm multi_scrambled, seed 46, final generation",seed46,False,curated molecules without the 204 top-decile actives
CNC(=O)c1ccc(C(=O)Nc2ccc(F)cc2F)cc1,M,M:multi_scrambled,generated,corrected,,"arm multi_scrambled, seed 46, final generation",seed46,False,curated molecules without the 204 top-decile actives
CNC(=O)c1ccc(C(=O)Nc2ccc(C3CCN(C(C)=O)CC3)cc2)cc1,M,M:multi_scrambled,generated,corrected,,"arm multi_scrambled, seed 46, final generation",seed46,False,curated molecules without the 204 top-decile actives
CNC(=O)c1ccc(C(=O)c2ccc(S(C)(=O)=O)cc2)cc1,M,M:multi_scrambled,generated,corrected,,"arm multi_scrambled, seed 46, final generation",seed46,False,curated molecules without the 204 top-decile actives
CNC(=O)c1ccc(C2CCN(C3CCN(C(C)=O)CC3)CC2)cc1,M,M:multi_scrambled,generated,corrected,,"arm multi_scrambled, seed 46, final generation",seed46,False,curated molecules without the 204 top-decile actives
CC(=O)N1CCC(NCc2ccc(C(=O)c3ccccc3)cc2)CC1,M,M:multi_scrambled,generated,corrected,,"arm multi_scrambled, seed 46, final generation",seed46,False,curated molecules without the 204 top-decile actives
CNC(=O)c1ccc(COc2ccc(S(C)(=O)=O)cc2)cc1,M,M:multi_scrambled,generated,corrected,,"arm multi_scrambled, seed 46, final generation",seed46,False,curated molecules without the 204 top-decile actives
CNC(=O)c1ccc(C2CCN(C(=O)Nc3ccccc3)CC2)cc1,M,M:multi_scrambled,generated,corrected,,"arm multi_scrambled, seed 46, final generation",seed46,False,curated molecules without the 204 top-decile actives
C[C@@H](O)[C@@H](C)Oc1nc(Nc2ccc(S(=N)(=O)C(F)(F)SF)cc2)ncc1C(F)(F)F,M,M:activity_only,generated,corrected,,"arm activity_only, seed 42, final generation",seed42,False,curated molecules without the 204 top-decile actives
C[C@H]([C@@H](C)N)S(=N)(=O)c1ccc(Nc2ncc(C(F)(F)F)c(O[C@H](C)[C@@H](C)O)n2)cc1,M,M:activity_only,generated,corrected,,"arm activity_only, seed 42, final generation",seed42,True,curated molecules without the 204 top-decile actives
C[C@H]([C@@H](C)O)[C@@H](C)Oc1nc(Nc2ccc(Nc3ccc(S(=N)(=O)C(F)(F)F)cc3)cc2)ncc1C(F)(F)F,M,M:activity_only,generated,corrected,,"arm activity_only, seed 42, final generation",seed42,False,curated molecules without the 204 top-decile actives
C[C@H]([C@@H](C)O)[C@@H](C)Oc1nc(Nc2ccc(S(=N)(=O)[C@H](C)[C@@H](C)O)cc2)ncc1C(F)(F)F,M,M:activity_only,generated,corrected,,"arm activity_only, seed 42, final generation",seed42,False,curated molecules without the 204 top-decile actives
C[C@@H](O)[C@@H](C)Oc1nc(Nc2ccc(S(=N)(=O)O[C@H](C)[C@@H](C)O)cc2)ncc1C(F)(F)F,M,M:activity_only,generated,corrected,,"arm activity_only, seed 42, final generation",seed42,False,curated molecules without the 204 top-decile actives
CC(C)[C@@H](C)[C@@H](C)Oc1nc(Nc2ccc(S(=N)(=O)[C@H](C)[C@@H](C)O)cc2)ncc1C(F)(F)F,M,M:activity_only,generated,corrected,,"arm activity_only, seed 42, final generation",seed42,False,curated molecules without the 204 top-decile actives
C[C@@H]([C@H]([C@@H](C)S(=O)(=O)c1ccc(Nc2ncc(C(F)(F)F)c(O[C@H](C)[C@@H](C)O)n2)cc1)C(F)(F)F)[C@@H](C)O,M,M:activity_only,generated,corrected,,"arm activity_only, seed 42, final generation",seed42,False,curated molecules without the 204 top-decile actives
CC(C)C(F)S(=O)(=O)c1ccc(Nc2ncc(C(F)(F)F)c(O[C@H](C)[C@@H](C)O)n2)cc1,M,M:activity_only,generated,corrected,,"arm activity_only, seed 42, final generation",seed42,False,curated molecules without the 204 top-decile actives
C[C@@H](O)[C@@H](C)Oc1nc(Nc2ccc(-c3ccc(S(=O)(=O)[C@@H](C)O)cc3)cc2)ncc1C(F)(F)F,M,M:activity_only,generated,corrected,,"arm activity_only, seed 42, final generation",seed42,False,curated molecules without the 204 top-decile actives
C[C@@H](O)[C@@H](C)Oc1nc(Nc2ccc(S(=O)(=O)C(C)(C)O)cc2)ncc1C(F)(F)F,M,M:activity_only,generated,corrected,,"arm activity_only, seed 42, final generation",seed42,False,curated molecules without the 204 top-decile actives
Cc1ncc(-c2ccnc(Nc3ccc(N4CCOCC4)cc3)n2)n1C(C)C,M,M:activity_only,generated,corrected,,"arm activity_only, seed 42, final generation",seed42,False,curated molecules without the 204 top-decile actives
C[C@@H](O)[C@@H](C)Oc1nc(Nc2ccc(S(=O)(=O)C(F)(F)F)cc2)ncc1C(F)(F)F,M,M:activity_only,generated,corrected,,"arm activity_only, seed 42, final generation",seed42,False,curated molecules without the 204 top-decile actives
C[C@@H](O)[C@@H](C)Oc1nc(Nc2ccc(S(=O)(=O)O[C@H](C)C(C)(C)C)cc2)ncc1C(F)(F)F,M,M:activity_only,generated,corrected,,"arm activity_only, seed 42, final generation",seed42,False,curated molecules without the 204 top-decile actives
C[C@@H](O)[C@@H](C)Oc1nc(Nc2ccc(S(=O)(=O)C(F)(F)C(F)(F)F)cc2)ncc1C(F)(F)F,M,M:activity_only,generated,corrected,,"arm activity_only, seed 42, final generation",seed42,False,curated molecules without the 204 top-decile actives
C[C@@H](O)[C@@H](C)Oc1nc(Nc2ccc(S(=O)(=O)C(C)(C)C)cc2)ncc1C(F)(F)F,M,M:activity_only,generated,corrected,,"arm activity_only, seed 42, final generation",seed42,False,curated molecules without the 204 top-decile actives
C[C@@H](O)[C@@H](C)Oc1nc(Nc2ccc(S(=O)(=O)C(F)O[C@H](C)[C@@H](C)O)cc2)ncc1C(F)(F)F,M,M:activity_only,generated,corrected,,"arm activity_only, seed 42, final generation",seed42,False,curated molecules without the 204 top-decile actives
C[C@@H](O)[C@@H](C)Oc1nc(Nc2ccc(S(=O)(=O)S(=O)(=O)NNC(F)(F)F)cc2)ncc1C(F)(F)F,M,M:activity_only,generated,corrected,,"arm activity_only, seed 42, final generation",seed42,False,curated molecules without the 204 top-decile actives
C[C@H]([C@H](C)[C@@H](C)O)[C@@H](C)S(=O)(=O)[C@@H](O)Oc1nc(Nc2ccc(S(=N)(=O)C(F)(F)F)cc2)ncc1C(F)(F)F,M,M:activity_only,generated,corrected,,"arm activity_only, seed 42, final generation",seed42,False,curated molecules without the 204 top-decile actives
C[C@@H](O)[C@@H](C)N=NS(=O)(=O)c1ccc(Nc2ncc(C(F)(F)F)c(O[C@H](C)[C@H](C)S(=O)(=O)S(N)(=O)=O)n2)cc1,M,M:activity_only,generated,corrected,,"arm activity_only, seed 42, final generation",seed42,False,curated molecules without the 204 top-decile actives
C[C@@H](O)[C@@H](C)Oc1nc(Nc2ccc(S(=O)(=O)S(N)(=O)=O)cc2)ncc1C(F)(F)F,M,M:activity_only,generated,corrected,,"arm activity_only, seed 42, final generation",seed42,False,curated molecules without the 204 top-decile actives
C[C@@H](O)[C@@H](C)Oc1nc(Nc2ccc(S(=O)(=O)[C@H](C)S(=O)(=O)[C@@H](C)O)cc2)ncc1C(F)(F)F,M,M:activity_only,generated,corrected,,"arm activity_only, seed 42, final generation",seed42,False,curated molecules without the 204 top-decile actives
CC(C)S(=O)(=O)c1ccc(-c2ccc(Nc3ncc(C(F)(F)F)c(O[C@H](C)[C@@H](C)O)n3)cc2)cc1,M,M:activity_only,generated,corrected,,"arm activity_only, seed 42, final generation",seed42,True,curated molecules without the 204 top-decile actives
C[C@@H](Oc1nc(Nc2ccc(S(=O)(=O)[C@@H](C)O)cc2)ncc1C(F)(F)F)c1ccc(S(=N)(=O)C(F)(F)F)cc1,M,M:activity_only,generated,corrected,,"arm activity_only, seed 42, final generation",seed42,False,curated molecules without the 204 top-decile actives
C[C@@H](O)[C@@H](C)Oc1nc(Nc2ccc(Nc3ccc(S(=O)(=O)C(O)F)cc3)cc2)ncc1C(F)(F)F,M,M:activity_only,generated,corrected,,"arm activity_only, seed 42, final generation",seed42,False,curated molecules without the 204 top-decile actives
NS(=O)(=O)c1ccc(N=Nc2ccc(Nc3cc(-c4cccc(O)c4)[nH]n3)cc2)cc1,M,M:activity_only,generated,corrected,,"arm activity_only, seed 43, final generation",seed43,False,curated molecules without the 204 top-decile actives
C[C@@H](Oc1nc(Nc2ccc(S(=O)(=O)S(=N)(N)=O)cc2)ncc1C(F)(F)F)C(C)(C)O,M,M:activity_only,generated,corrected,,"arm activity_only, seed 43, final generation",seed43,True,curated molecules without the 204 top-decile actives
C[C@@H](Oc1nc(Nc2ccc(S(=O)(=O)C(F)(F)F)cc2)ncc1C(F)(F)F)C(C)(O)O,M,M:activity_only,generated,corrected,,"arm activity_only, seed 43, final generation",seed43,False,curated molecules without the 204 top-decile actives
C[C@@H](Oc1nc(Nc2ccc(S(C)(=O)=O)cc2)ncc1C(F)(F)F)C(C)(C)OC(F)(F)F,M,M:activity_only,generated,corrected,,"arm activity_only, seed 43, final generation",seed43,False,curated molecules without the 204 top-decile actives
C[C@@H](Oc1nc(Nc2ccc(S(N)(=O)=S)cc2)ncc1C(F)(F)F)C(C)(C)O,M,M:activity_only,generated,corrected,,"arm activity_only, seed 43, final generation",seed43,False,curated molecules without the 204 top-decile actives
C[C@@H](Oc1nc(Nc2ccc(S(C)(=O)=O)cc2)ncc1C(F)(F)F)C(C)(C)S(N)(=O)=O,M,M:activity_only,generated,corrected,,"arm activity_only, seed 43, final generation",seed43,False,curated molecules without the 204 top-decile actives
C[C@@H](Oc1nc(Nc2ccc(S(=O)(=O)[SH](N)(=O)O)cc2)ncc1C(F)(F)F)C(C)(C)O,M,M:activity_only,generated,corrected,,"arm activity_only, seed 43, final generation",seed43,False,curated molecules without the 204 top-decile actives
C[C@@H](Oc1nc(Nc2ccc(-c3ccc(S(=O)(=O)S(N)(=O)=O)cc3)cc2)ncc1C(F)(F)F)C(C)(C)O,M,M:activity_only,generated,corrected,,"arm activity_only, seed 43, final generation",seed43,False,curated molecules without the 204 top-decile actives
C[C@@H](Oc1nc(Nc2ccc(S(=O)(=O)[SH](N)(=O)S(N)(=O)=O)cc2)ncc1C(F)(F)F)C(C)(C)O,M,M:activity_only,generated,corrected,,"arm activity_only, seed 43, final generation",seed43,False,curated molecules without the 204 top-decile actives
NS(=O)(=O)c1ccc(N=Nc2c(O)[nH]c3cccc(N=Nc4cccc(O)c4)c23)cc1,M,M:activity_only,generated,corrected,,"arm activity_only, seed 43, final generation",seed43,False,curated molecules without the 204 top-decile actives
N[S+]([O-])c1cccc2[nH]c(O)c(N=Nc3ccc(N=Nc4ccc(S(N)(=O)=O)cc4)cc3)c12,M,M:activity_only,generated,corrected,,"arm activity_only, seed 43, final generation",seed43,False,curated molecules without the 204 top-decile actives
NS(=O)(=O)c1ccc(-c2ccc(N=Nc3c(O)[nH]c4ccc(S)c(-c5cccc(O)c5)c34)cc2)cc1,M,M:activity_only,generated,corrected,,"arm activity_only, seed 43, final generation",seed43,False,curated molecules without the 204 top-decile actives
C[C@@H](Oc1nc(Nc2ccc(S(C)(=O)=O)cc2)ncc1C(F)(F)F)C(C)(C)[SH](N)(=O)CO,M,M:activity_only,generated,corrected,,"arm activity_only, seed 43, final generation",seed43,False,curated molecules without the 204 top-decile actives
N[S+]([O-])c1cccc2[nH]c(O)c(N=Nc3ccc(N=Nc4ccc(-c5ccc(S(N)(=O)=O)cc5)cc4)cc3)c12,M,M:activity_only,generated,corrected,,"arm activity_only, seed 43, final generation",seed43,False,curated molecules without the 204 top-decile actives
NS(=O)(=O)c1ccc(-c2ccc(N=Nc3c(O)[nH]c4ccc(S)c(-c5ccc(S(N)(=O)=O)cc5)c34)cc2)cc1,M,M:activity_only,generated,corrected,,"arm activity_only, seed 43, final generation",seed43,False,curated molecules without the 204 top-decile actives
NS(=O)(=O)c1ccc(N=Nc2c(O)[nH]c3ccc(S)c(-c4ccc(S(N)(=O)=O)cc4)c23)cc1,M,M:activity_only,generated,corrected,,"arm activity_only, seed 43, final generation",seed43,False,curated molecules without the 204 top-decile actives
C[C@@H](O)[C@@H](C)Oc1nc(Nc2ccc(S(=O)(=O)C(=O)C(F)(F)F)cc2)ncc1C(F)(F)F,M,M:activity_only,generated,corrected,,"arm activity_only, seed 44, final generation",seed44,False,curated molecules without the 204 top-decile actives
COS[C@H](OS(=O)(=O)c1ccc(Nc2ncc(C(F)(F)F)c(O[C@@H](C)[C@@H](C)O)n2)cc1)[C@@H](C)O,M,M:activity_only,generated,corrected,,"arm activity_only, seed 44, final generation",seed44,False,curated molecules without the 204 top-decile actives
COS[C@H]([C@H](Oc1nc(Nc2ccc(S(=O)(=O)OC(F)(F)F)cc2)ncc1C(F)(F)F)C(C)O)[C@@H](C)O,M,M:activity_only,generated,corrected,,"arm activity_only, seed 44, final generation",seed44,False,curated molecules without the 204 top-decile actives
CO[C@@H](O)Oc1nc(Nc2ccc(S(=O)(=O)[C@@H](C)[C@@H](C)O)cc2)ncc1C(F)(F)F,M,M:activity_only,generated,corrected,,"arm activity_only, seed 44, final generation",seed44,False,curated molecules without the 204 top-decile actives
CS[C@H](OS(=O)(=O)c1ccc(Nc2ncc(C(F)(F)F)c(OC(C)S(=O)(=O)C(C)O)n2)cc1)[C@@H](C)O,M,M:activity_only,generated,corrected,,"arm activity_only, seed 44, final generation",seed44,False,curated molecules without the 204 top-decile actives
COS[C@H]([C@H](Oc1nc(Nc2ccc(S(=O)(=O)O[C@@H](C)N)cc2)ncc1C(F)(F)F)C(C)NO)[C@@H](C)O,M,M:activity_only,generated,corrected,,"arm activity_only, seed 44, final generation",seed44,False,curated molecules without the 204 top-decile actives
C[C@@H](N)OS(=O)(=O)c1ccc(Nc2ncc(C(F)(F)F)c(O[C@@H](SC(F)(F)SF)[C@@H](C)O)n2)cc1,M,M:activity_only,generated,corrected,,"arm activity_only, seed 44, final generation",seed44,False,curated molecules without the 204 top-decile actives
CSS[C@H](Oc1nc(Nc2ccc(S(=O)(=O)C(=O)NN[C@@H](C)O)cc2)ncc1C(F)(F)F)[C@@H](C)O,M,M:activity_only,generated,corrected,,"arm activity_only, seed 44, final generation",seed44,False,curated molecules without the 204 top-decile actives
C[C@@H](O)[C@H](C)S(=O)(=O)c1ccc(Nc2ncc(C(F)(F)F)c(O[C@H](C(F)(F)F)S(=O)(=O)[C@@H](C)O)n2)cc1,M,M:activity_only,generated,corrected,,"arm activity_only, seed 44, final generation",seed44,False,curated molecules without the 204 top-decile actives
CC(Oc1nc(Nc2ccc(S(=O)(=O)C(O)[C@@H](C)O)cc2)ncc1C(F)(F)F)[C@@H](C)O,M,M:activity_only,generated,corrected,,"arm activity_only, seed 44, final generation",seed44,False,curated molecules without the 204 top-decile actives
COS[C@H](OS(=O)(=O)c1ccc(Nc2ncc(C(F)(F)F)c(O[C@@H](C)O)n2)cc1)[C@@H](C)O,M,M:activity_only,generated,corrected,,"arm activity_only, seed 44, final generation",seed44,False,curated molecules without the 204 top-decile actives
COS[C@H](OS(=O)(=O)c1ccc(Nc2ncc(C(F)(F)F)c(OC(C)C)n2)cc1)[C@@H](C)O,M,M:activity_only,generated,corrected,,"arm activity_only, seed 44, final generation",seed44,False,curated molecules without the 204 top-decile actives
COS[C@H]([C@H](Oc1nc(Nc2ccc(S(=O)(=O)O[C@@H](C)O)cc2)ncc1C(F)(F)F)C(C)NO)[C@@H](C)O,M,M:activity_only,generated,corrected,,"arm activity_only, seed 44, final generation",seed44,False,curated molecules without the 204 top-decile actives
CC(C)Oc1nc(Nc2ccc(S(=O)(=O)O[C@@H]([C@H](C)[C@@H](C)O)[C@@H](C)O)cc2)ncc1C(F)(F)F,M,M:activity_only,generated,corrected,,"arm activity_only, seed 44, final generation",seed44,False,curated molecules without the 204 top-decile actives
CC(=O)C(O)C(C)Oc1nc(Nc2ccc(S(=O)(=O)[C@H]([C@@H](C)O)[SH](C)F)cc2)ncc1C(F)(F)F,M,M:activity_only,generated,corrected,,"arm activity_only, seed 44, final generation",seed44,False,curated molecules without the 204 top-decile actives
C[C@H]([C@@H](C)O)S(=O)(=O)c1ccc(Nc2ncc(C(F)(F)F)c(O[C@@H](C)O)n2)cc1,M,M:activity_only,generated,corrected,,"arm activity_only, seed 44, final generation",seed44,False,curated molecules without the 204 top-decile actives
CSS[C@H](Oc1nc(Nc2ccc(S(=O)(=O)ON)cc2)ncc1C(F)(F)F)[C@@H](C)O,M,M:activity_only,generated,corrected,,"arm activity_only, seed 44, final generation",seed44,False,curated molecules without the 204 top-decile actives
O=C(Cc1ccc(O)cc1)Nc1[nH]nc2ccc(Nc3[nH]nc4ccc(N5CCCS5(=O)=O)cc34)cc12,M,M:activity_only,generated,corrected,,"arm activity_only, seed 44, final generation",seed44,False,curated molecules without the 204 top-decile actives
COC(Oc1nc(Nc2ccc(S(=O)(=O)C(F)(F)F)cc2)ncc1C(F)(F)F)[C@@H](C)O,M,M:activity_only,generated,corrected,,"arm activity_only, seed 44, final generation",seed44,False,curated molecules without the 204 top-decile actives
C[C@H]([C@H](Oc1nc(Nc2ccc(S(=O)(=O)[C@@H](C)[C@@H](C)O)cc2)ncc1C(F)(F)F)[C@@H](C)OF)[C@@H](C)O,M,M:activity_only,generated,corrected,,"arm activity_only, seed 44, final generation",seed44,False,curated molecules without the 204 top-decile actives
COS[C@H](Oc1nc(Nc2ccc(S(=O)(=O)[C@@H](C)[C@@H](C)O)cc2)ncc1C(F)(F)F)[C@@H](C)OF,M,M:activity_only,generated,corrected,,"arm activity_only, seed 44, final generation",seed44,False,curated molecules without the 204 top-decile actives
CO[C@@H]([C@@H](C)O)[C@@H](C)Oc1nc(Nc2ccc(S(=N)(=O)C3CC3)cc2)ncc1C(F)(F)F,M,M:activity_only,generated,corrected,,"arm activity_only, seed 45, final generation",seed45,True,curated molecules without the 204 top-decile actives
C[C@@H](O)C(Oc1nc(Nc2ccc(S(=N)(=O)C3CC3)cc2)ncc1C(F)(F)F)C(F)(F)F,M,M:activity_only,generated,corrected,,"arm activity_only, seed 45, final generation",seed45,False,curated molecules without the 204 top-decile actives
CC(Oc1nc(Nc2ccc(S(C)(=N)=O)cc2)ncc1C(F)(F)F)[C@@H](C)O,M,M:activity_only,generated,corrected,,"arm activity_only, seed 45, final generation",seed45,False,curated molecules without the 204 top-decile actives
C[C@@H](O)[C@@H](C)Oc1nc(Nc2ccc(S(C)(=N)=O)cc2)ncc1C(F)(F)F,M,M:activity_only,generated,corrected,,"arm activity_only, seed 45, final generation",seed45,False,curated molecules without the 204 top-decile actives
C[C@@H](O)[C@@H](C)Oc1nc(Nc2ccc(S(=N)(=O)C(F)(NF)NF)cc2)ncc1C(F)(F)F,M,M:activity_only,generated,corrected,,"arm activity_only, seed 45, final generation",seed45,False,curated molecules without the 204 top-decile actives
C[C@@H](O)[C@@H](C)Oc1nc(Nc2ccc(S(=N)(=O)C(C)(C)O)cc2)ncc1C(F)(F)F,M,M:activity_only,generated,corrected,,"arm activity_only, seed 45, final generation",seed45,False,curated molecules without the 204 top-decile actives
CC(C)S(=N)(=O)[C@@H](C)OS(=N)(=O)c1ccc(Nc2ncc(C(F)(F)F)c(O[C@H](C)[C@@H](C)O)n2)cc1,M,M:activity_only,generated,corrected,,"arm activity_only, seed 45, final generation",seed45,False,curated molecules without the 204 top-decile actives
C[C@@H](O)[C@@H](C)Oc1nc(Nc2ccc(S(=N)(=O)c3ccc(S(=N)(=O)[SH](=N)(N)O)cc3)cc2)ncc1C(F)(F)F,M,M:activity_only,generated,corrected,,"arm activity_only, seed 45, final generation",seed45,False,curated molecules without the 204 top-decile actives
C[C@H]([C@@H](C)O)S(=N)(=O)[C@@H](C)OS(=N)(=O)c1ccc(Nc2ncc(C(F)(F)F)c(O[C@H](C)[C@@H](C)O)n2)cc1,M,M:activity_only,generated,corrected,,"arm activity_only, seed 45, final generation",seed45,False,curated molecules without the 204 top-decile actives
C[C@H]([C@@H](C)O)[C@@H](C)Oc1nc(Nc2ccc(-c3ccc(S(=N)(=O)[C@H](C)[C@@H](C)O)cc3)cc2)ncc1C(F)(F)F,M,M:activity_only,generated,corrected,,"arm activity_only, seed 45, final generation",seed45,False,curated molecules without the 204 top-decile actives
CC(O[C@H](C)[C@@H](C)O)S(=N)(=O)c1ccc(Nc2ncc(C(F)(F)F)c(O[C@H](C)[C@@H](C)O)n2)cc1,M,M:activity_only,generated,corrected,,"arm activity_only, seed 45, final generation",seed45,False,curated molecules without the 204 top-decile actives
O=C(Cc1cccc(Cl)c1)NCC(=O)Nc1[nH]nc2ccc(N3CCCS3(=O)=O)cc12,M,M:activity_only,generated,corrected,,"arm activity_only, seed 46, final generation",seed46,False,curated molecules without the 204 top-decile actives
C[C@@H](O)[C@@H](C)Nc1nc(Nc2ccc(-c3ccc(S(=O)(=O)OS(N)(=O)=O)cc3)cc2)ncc1Br,M,M:activity_only,generated,corrected,,"arm activity_only, seed 46, final generation",seed46,False,curated molecules without the 204 top-decile actives
CC(C)c1ccc(CCCc2ccc(CC(=O)Nc3[nH]nc4ccc(N5CCCS5(=O)=O)cc34)cc2)cc1,M,M:activity_only,generated,corrected,,"arm activity_only, seed 46, final generation",seed46,False,curated molecules without the 204 top-decile actives
O=C(Cc1cccc(Cl)c1)C(=O)Nc1[nH]nc2ccc(N3CCCS3(=O)=O)cc12,M,M:activity_only,generated,corrected,,"arm activity_only, seed 46, final generation",seed46,False,curated molecules without the 204 top-decile actives
C[C@@H](O)CC=CCCC(=O)c1ccc(CC(=O)Nc2[nH]nc3ccc(N4CCCS4(=O)=O)cc23)cc1,M,M:activity_only,generated,corrected,,"arm activity_only, seed 46, final generation",seed46,False,curated molecules without the 204 top-decile actives
Cc1ncc(OS(=O)(=O)c2ccc(Nc3nccc(-c4cnc(C)n4C(C)C)n3)cc2)n1C(C)C,M,M:activity_only,generated,corrected,,"arm activity_only, seed 46, final generation",seed46,False,curated molecules without the 204 top-decile actives
Cc1ncc(-c2ccnc(Nc3ccc(S(=O)(=O)OS(=O)(=O)C(C)C)cc3)n2)n1C(C)C,M,M:activity_only,generated,corrected,,"arm activity_only, seed 46, final generation",seed46,True,curated molecules without the 204 top-decile actives
COCCNS(=O)(=O)c1ccc(-c2ccc(Nc3nccc(-c4cnc(C)n4C(C)C)n3)cc2)cc1,M,M:activity_only,generated,corrected,,"arm activity_only, seed 46, final generation",seed46,False,curated molecules without the 204 top-decile actives
Cc1ncc(OOS(=O)(=O)c2ccc(Nc3nccc(-c4cnc(C)n4C(C)C)n3)cc2)n1C(C)C,M,M:activity_only,generated,corrected,,"arm activity_only, seed 46, final generation",seed46,False,curated molecules without the 204 top-decile actives
Cc1ncc(OS(=O)(=O)c2ccc(Nc3nccc(-c4cnc(C)n4C(C)C)n3)cc2)n1OS(=O)(=O)C(C)C,M,M:activity_only,generated,corrected,,"arm activity_only, seed 46, final generation",seed46,False,curated molecules without the 204 top-decile actives
Cc1ncc(-c2ccnc(Nc3ccc(S(=O)(=O)Oc4cnc(C)n4[S+]([O-])NS)cc3)n2)n1C(C)C,M,M:activity_only,generated,corrected,,"arm activity_only, seed 46, final generation",seed46,False,curated molecules without the 204 top-decile actives
CC(C)OCC(=O)c1ccc(CC(=O)Nc2[nH]nc3ccc(N4CCCS4(=O)=O)cc23)cc1,M,M:activity_only,generated,corrected,,"arm activity_only, seed 46, final generation",seed46,True,curated molecules without the 204 top-decile actives
Cc1ncc(-c2ccnc(Nc3ccc(-c4ccc(S(=O)(=O)ONS)cc4)cc3)n2)n1C(C)C,M,M:activity_only,generated,corrected,,"arm activity_only, seed 46, final generation",seed46,False,curated molecules without the 204 top-decile actives
COS(=O)(=O)c1ccc(Nc2ccc(Nc3nccc(-c4cnc(C)n4C(C)C)n3)cc2)cc1,M,M:activity_only,generated,corrected,,"arm activity_only, seed 46, final generation",seed46,False,curated molecules without the 204 top-decile actives
Cc1ncc(-c2ccnc(Nc3ccc(Nc4ccc(S(=O)(=O)OC(C)C)cc4)cc3)n2)n1C(C)C,M,M:activity_only,generated,corrected,,"arm activity_only, seed 46, final generation",seed46,False,curated molecules without the 204 top-decile actives
Cc1ncc(-c2ccnc(Nc3ccc(S(=O)(=O)NOS(=O)(=O)C(C)C)cc3)n2)n1C(C)C,M,M:activity_only,generated,corrected,,"arm activity_only, seed 46, final generation",seed46,False,curated molecules without the 204 top-decile actives
O=C(Cc1[nH]nc2ccc(N3CCCS3(=O)=O)cc12)Nc1[nH]nc2ccc(N3CCCS3(=O)=O)cc12,M,M:activity_only,generated,corrected,,"arm activity_only, seed 46, final generation",seed46,False,curated molecules without the 204 top-decile actives
C=C(C=CCCC(=O)c1ccc(CC(=O)Nc2[nH]nc3ccc(N4CCCS4(=O)=O)cc23)cc1)C(C)C,M,M:activity_only,generated,corrected,,"arm activity_only, seed 46, final generation",seed46,False,curated molecules without the 204 top-decile actives
Cc1ncc(-c2ccnc(Nc3ccc(Nc4ccc(S(=O)(=O)[C@@H](C)O)cc4)cc3)n2)n1C(C)C,M,M:activity_only,generated,corrected,,"arm activity_only, seed 46, final generation",seed46,False,curated molecules without the 204 top-decile actives
Cc1ncc(-c2ccnc(Nc3ccc(-c4ccc(-c5ccc(S(C)(=O)=O)cc5)cc4)cc3)n2)n1C(C)C,M,M:activity_only,generated,corrected,,"arm activity_only, seed 46, final generation",seed46,False,curated molecules without the 204 top-decile actives
Cc1ncc(-c2ccnc(Nc3ccc(-c4ccc(S(C)(=O)=O)cc4)cc3)n2)n1C(C)C,M,M:activity_only,generated,corrected,,"arm activity_only, seed 46, final generation",seed46,False,curated molecules without the 204 top-decile actives
C[C@@H](O)[C@@H](C)NOc1nc(Nc2ccc(Nc3ccc(S(=O)(=O)NS(=O)(=O)NS)cc3)cc2)ncc1Br,M,M:activity_only,generated,corrected,,"arm activity_only, seed 46, final generation",seed46,False,curated molecules without the 204 top-decile actives
Cc1ncc(-c2ccnc(Nc3ccc(S(=O)(=O)Oc4cnc(C)n4S(=O)(=O)NS)cc3)n2)n1C(C)C,M,M:activity_only,generated,corrected,,"arm activity_only, seed 46, final generation",seed46,False,curated molecules without the 204 top-decile actives
CC(C)CNc1ccc(CC(=O)Nc2[nH]nc3ccc(N4CCCS4(=O)=O)cc23)cc1,M,M:activity_only,generated,corrected,,"arm activity_only, seed 46, final generation",seed46,False,curated molecules without the 204 top-decile actives
Cc1ncc(-c2ccnc(Nc3ccc(Nc4nccc(-c5cnc(C)n5C(C)C)n4)cc3)n2)n1C(C)C,M,M:activity_only,generated,corrected,,"arm activity_only, seed 46, final generation",seed46,False,curated molecules without the 204 top-decile actives
Cc1ncc(-c2ccnc(Nc3ccc(S(=O)(=O)C(C)S)cc3)n2)n1C(C)C,M,M:activity_only,generated,corrected,,"arm activity_only, seed 46, final generation",seed46,False,curated molecules without the 204 top-decile actives
Cc1ncc(-c2ccnc(Nc3ccc(S(=O)(=O)Oc4cnc(C)n4C(C)C)cc3)n2)n1OC(C)C,M,M:activity_only,generated,corrected,,"arm activity_only, seed 46, final generation",seed46,False,curated molecules without the 204 top-decile actives
Cc1ncc(-c2ccnc(Nc3ccc(Nc4ccc(NS)cc4)cc3)n2)n1C(C)C,M,M:activity_only,generated,corrected,,"arm activity_only, seed 46, final generation",seed46,False,curated molecules without the 204 top-decile actives
Cc1cccc(NC(=O)c2ccc(N3CCCOCC3)cc2)c1,M,M:druglike_only,generated,corrected,,"arm druglike_only, seed 42, final generation",seed42,False,curated molecules without the 204 top-decile actives
CCC(=O)Nc1ccc(-c2ccc(N3CCOCC3)cc2)cc1,M,M:druglike_only,generated,corrected,,"arm druglike_only, seed 42, final generation",seed42,False,curated molecules without the 204 top-decile actives
Cc1ccc(F)c(CNC(=O)c2ccc(N(C)C)cc2)c1,M,M:druglike_only,generated,corrected,,"arm druglike_only, seed 42, final generation",seed42,False,curated molecules without the 204 top-decile actives
COc1cc(F)ccc1NC(=O)Oc1ccc(C)cc1,M,M:druglike_only,generated,corrected,,"arm druglike_only, seed 42, final generation",seed42,False,curated molecules without the 204 top-decile actives
CC(=O)NC(=O)c1ccc(NC(=O)c2ccc(C)cc2)cc1,M,M:druglike_only,generated,corrected,,"arm druglike_only, seed 42, final generation",seed42,False,curated molecules without the 204 top-decile actives
COC(=O)Nc1ccc(NC(=O)c2cccc(C)c2)cc1,M,M:druglike_only,generated,corrected,,"arm druglike_only, seed 42, final generation",seed42,False,curated molecules without the 204 top-decile actives
CCc1ccc(CNC(=O)c2cc(C)ccc2F)cc1,M,M:druglike_only,generated,corrected,,"arm druglike_only, seed 42, final generation",seed42,False,curated molecules without the 204 top-decile actives
Cc1ccc(F)c(NC(=O)c2ccc(S(N)(=O)=O)cc2)c1,M,M:druglike_only,generated,corrected,,"arm druglike_only, seed 42, final generation",seed42,False,curated molecules without the 204 top-decile actives
Cc1ccc(Cc2ccc(NC(=O)C3CC3)cc2)cc1,M,M:druglike_only,generated,corrected,,"arm druglike_only, seed 42, final generation",seed42,False,curated molecules without the 204 top-decile actives
Cc1cccc(CCNC(=O)c2cc(C)ccc2F)c1,M,M:druglike_only,generated,corrected,,"arm druglike_only, seed 42, final generation",seed42,False,curated molecules without the 204 top-decile actives
COc1cc(F)ccc1OC(=O)NC(=O)c1cc(C)ccc1F,M,M:druglike_only,generated,corrected,,"arm druglike_only, seed 42, final generation",seed42,False,curated molecules without the 204 top-decile actives
Cc1ccc(F)c(C(=O)Nc2ccc(S(N)(=O)=O)cc2)c1,M,M:druglike_only,generated,corrected,,"arm druglike_only, seed 42, final generation",seed42,False,curated molecules without the 204 top-decile actives
NS(=O)(=O)c1ccc(Cc2ccc(N3CCOCC3)cc2)cc1,M,M:druglike_only,generated,corrected,,"arm druglike_only, seed 42, final generation",seed42,False,curated molecules without the 204 top-decile actives
Cc1ccc(F)c(-c2ccc(C(=O)NN3CCOCC3)cc2)c1,M,M:druglike_only,generated,corrected,,"arm druglike_only, seed 42, final generation",seed42,False,curated molecules without the 204 top-decile actives
CC(=O)Nc1ccc(Cc2ccc(S(N)(=O)=O)cc2)cc1,M,M:druglike_only,generated,corrected,,"arm druglike_only, seed 42, final generation",seed42,False,curated molecules without the 204 top-decile actives
Cc1ccc(F)c(Cc2ccc(N3CCNCC3)cc2)c1,M,M:druglike_only,generated,corrected,,"arm druglike_only, seed 42, final generation",seed42,False,curated molecules without the 204 top-decile actives
CC(=O)NC(=O)c1ccc(CC(=O)Cc2cccc(C)c2)cc1,M,M:druglike_only,generated,corrected,,"arm druglike_only, seed 42, final generation",seed42,False,curated molecules without the 204 top-decile actives
Cc1cccc(CC(=O)Cc2ccc(S(N)(=O)=O)cc2)c1,M,M:druglike_only,generated,corrected,,"arm druglike_only, seed 42, final generation",seed42,False,curated molecules without the 204 top-decile actives
CC(=O)NCc1ccc(-c2ccc(S(N)(=O)=O)cc2)cc1,M,M:druglike_only,generated,corrected,,"arm druglike_only, seed 42, final generation",seed42,False,curated molecules without the 204 top-decile actives
CC(=O)Nc1cc(-c2ccc(CN(C)C)cc2)c(Cl)cn1,M,M:druglike_only,generated,corrected,,"arm druglike_only, seed 42, final generation",seed42,False,curated molecules without the 204 top-decile actives
CC(=O)NCc1ccc(-c2ccc(C3CC3)cc2)cc1,M,M:druglike_only,generated,corrected,,"arm druglike_only, seed 42, final generation",seed42,False,curated molecules without the 204 top-decile actives
Cc1ccc(F)c(NC(=O)CNC(=O)c2cc(C)ccc2F)c1,M,M:druglike_only,generated,corrected,,"arm druglike_only, seed 42, final generation",seed42,False,curated molecules without the 204 top-decile actives
CN1CCN(c2cccc(NC(=O)c3ccccc3)c2)CC1,M,M:druglike_only,generated,corrected,,"arm druglike_only, seed 43, final generation",seed43,False,curated molecules without the 204 top-decile actives
CN1CCN(c2ccc(C(=O)NCc3ccccc3)cc2)CC1,M,M:druglike_only,generated,corrected,,"arm druglike_only, seed 43, final generation",seed43,False,curated molecules without the 204 top-decile actives
O=C(NCc1ccccc1)N1CCN(C(=O)c2ccccc2)CC1,M,M:druglike_only,generated,corrected,,"arm druglike_only, seed 43, final generation",seed43,False,curated molecules without the 204 top-decile actives
O=C(NCCc1ccccc1)N1CCN(c2ccccc2)CC1,M,M:druglike_only,generated,corrected,,"arm druglike_only, seed 43, final generation",seed43,False,curated molecules without the 204 top-decile actives
NC(=O)c1ccc(N2CCN(c3cccc(Cl)c3)CC2)cc1,M,M:druglike_only,generated,corrected,,"arm druglike_only, seed 43, final generation",seed43,False,curated molecules without the 204 top-decile actives
CN1CCN(c2ccc(NC(=O)c3ccccc3Cl)cc2)CC1,M,M:druglike_only,generated,corrected,,"arm druglike_only, seed 43, final generation",seed43,False,curated molecules without the 204 top-decile actives
CN1CCN(c2ccc(NCc3ccccc3)cc2)CC1,M,M:druglike_only,generated,corrected,,"arm druglike_only, seed 43, final generation",seed43,False,curated molecules without the 204 top-decile actives
O=C(NCc1ccccc1)N1CCN(c2ccccc2Cl)CC1,M,M:druglike_only,generated,corrected,,"arm druglike_only, seed 43, final generation",seed43,False,curated molecules without the 204 top-decile actives
CN1CCN(c2ccc(CNc3ccccc3)cc2)CC1,M,M:druglike_only,generated,corrected,,"arm druglike_only, seed 43, final generation",seed43,False,curated molecules without the 204 top-decile actives
CC(=O)N1CCN(c2ccc(C(=O)Nc3cccc(C)c3)cc2)CC1,M,M:druglike_only,generated,corrected,,"arm druglike_only, seed 43, final generation",seed43,False,curated molecules without the 204 top-decile actives
CN1CCN(c2ccc(NC(=O)c3ccccn3)cc2)CC1,M,M:druglike_only,generated,corrected,,"arm druglike_only, seed 43, final generation",seed43,False,curated molecules without the 204 top-decile actives
O=C(Nc1cccc(Cl)c1)N1CCN(c2ccccc2)CC1,M,M:druglike_only,generated,corrected,,"arm druglike_only, seed 43, final generation",seed43,False,curated molecules without the 204 top-decile actives
CN1CCN(c2ccc(C(=O)NCCc3ccccc3)cc2)CC1,M,M:druglike_only,generated,corrected,,"arm druglike_only, seed 43, final generation",seed43,False,curated molecules without the 204 top-decile actives
O=C(c1ccccc1)N1CCN(NCc2ccccc2)CC1,M,M:druglike_only,generated,corrected,,"arm druglike_only, seed 43, final generation",seed43,False,curated molecules without the 204 top-decile actives
CN1CCN(C(=O)Nc2ccc(Cc3ccccc3)cn2)CC1,M,M:druglike_only,generated,corrected,,"arm druglike_only, seed 43, final generation",seed43,False,curated molecules without the 204 top-decile actives
O=C(OCc1ccccc1)N1CCN(Nc2ccccc2)CC1,M,M:druglike_only,generated,corrected,,"arm druglike_only, seed 43, final generation",seed43,False,curated molecules without the 204 top-decile actives
O=C(Nc1ccc(N2CCCNCC2)cc1)c1ccccc1,M,M:druglike_only,generated,corrected,,"arm druglike_only, seed 43, final generation",seed43,False,curated molecules without the 204 top-decile actives
CN1CCN(c2ccc(NCCc3ccccc3)cc2)CC1,M,M:druglike_only,generated,corrected,,"arm druglike_only, seed 43, final generation",seed43,False,curated molecules without the 204 top-decile actives
O=C(NCc1ccccc1)N1CCN(C(=O)OCc2ccccc2)CC1,M,M:druglike_only,generated,corrected,,"arm druglike_only, seed 43, final generation",seed43,False,curated molecules without the 204 top-decile actives
c1ccc(CN2CCN(Nc3ccccc3)CC2)cc1,M,M:druglike_only,generated,corrected,,"arm druglike_only, seed 43, final generation",seed43,False,curated molecules without the 204 top-decile actives
Cc1ccccc1NC(=O)c1ccc(N2CCN(C)CC2)cc1,M,M:druglike_only,generated,corrected,,"arm druglike_only, seed 44, final generation",seed44,False,curated molecules without the 204 top-decile actives
COc1ccc(C(=O)Nc2ccc(N(C)C)cc2)cc1,M,M:druglike_only,generated,corrected,,"arm druglike_only, seed 44, final generation",seed44,False,curated molecules without the 204 top-decile actives
CNC(=O)c1ccc(-c2ccc(N3CCN(C)CC3)cc2)cc1,M,M:druglike_only,generated,corrected,,"arm druglike_only, seed 44, final generation",seed44,False,curated molecules without the 204 top-decile actives
COc1cc(N2CCN(C(=O)O)CC2)ccc1-c1ccccc1,M,M:druglike_only,generated,corrected,,"arm druglike_only, seed 44, final generation",seed44,False,curated molecules without the 204 top-decile actives
CC(=O)N1CCC(Nc2ccc(-c3ccccc3)cc2)CC1,M,M:druglike_only,generated,corrected,,"arm druglike_only, seed 44, final generation",seed44,False,curated molecules without the 204 top-decile actives
COc1ccc(C(=O)Nc2ccc(CN(C)C)cc2)cc1C,M,M:druglike_only,generated,corrected,,"arm druglike_only, seed 44, final generation",seed44,False,curated molecules without the 204 top-decile actives
CC(C)c1ccc(C(=O)Nc2ccc(N(C)C)cc2)cc1,M,M:druglike_only,generated,corrected,,"arm druglike_only, seed 44, final generation",seed44,False,curated molecules without the 204 top-decile actives
COc1ccc(C(=O)Nc2ccc(N3CCN(C)CC3)cc2)cc1C,M,M:druglike_only,generated,corrected,,"arm druglike_only, seed 44, final generation",seed44,False,curated molecules without the 204 top-decile actives
COc1cc(N2CCN(C(C)=O)CC2)ccc1Nc1ccccc1,M,M:druglike_only,generated,corrected,,"arm druglike_only, seed 44, final generation",seed44,False,curated molecules without the 204 top-decile actives
COc1ccc(C(=O)Nc2ccc(C3=CCC3)cc2)cc1,M,M:druglike_only,generated,corrected,,"arm druglike_only, seed 44, final generation",seed44,False,curated molecules without the 204 top-decile actives
CNC(=O)Cc1ccc(NC(=O)c2ccccc2C)cc1,M,M:druglike_only,generated,corrected,,"arm druglike_only, seed 44, final generation",seed44,False,curated molecules without the 204 top-decile actives
CC(=O)N1CCC(C(=O)Nc2ccc(CN(C)C)cc2)CC1,M,M:druglike_only,generated,corrected,,"arm druglike_only, seed 44, final generation",seed44,False,curated molecules without the 204 top-decile actives
CC(=O)NCCc1ccc(NC(=O)c2ccccc2)cc1,M,M:druglike_only,generated,corrected,,"arm druglike_only, seed 44, final generation",seed44,False,curated molecules without the 204 top-decile actives
CC(=O)N1CCC(CNc2ccc(-c3ccccc3)cn2)CC1,M,M:druglike_only,generated,corrected,,"arm druglike_only, seed 44, final generation",seed44,False,curated molecules without the 204 top-decile actives
CC(C)c1ccc(NC(=O)c2ccc(CC(=O)N(C)C)cc2)cc1,M,M:druglike_only,generated,corrected,,"arm druglike_only, seed 44, final generation",seed44,False,curated molecules without the 204 top-decile actives
CNC(=O)c1ccc(-c2ccc(CC(=O)O)cc2)cc1,M,M:druglike_only,generated,corrected,,"arm druglike_only, seed 44, final generation",seed44,False,curated molecules without the 204 top-decile actives
CC(C)NC(=O)c1ccc(CN2CCN(C)CC2)cc1,M,M:druglike_only,generated,corrected,,"arm druglike_only, seed 44, final generation",seed44,False,curated molecules without the 204 top-decile actives
Cc1ccccc1NC(=O)Nc1ccc(N2CCN(C)CC2)cc1,M,M:druglike_only,generated,corrected,,"arm druglike_only, seed 44, final generation",seed44,False,curated molecules without the 204 top-decile actives
CN1CCN(C(=O)Oc2ccc(Nc3ccccc3)nc2)CC1,M,M:druglike_only,generated,corrected,,"arm druglike_only, seed 44, final generation",seed44,False,curated molecules without the 204 top-decile actives
NS(=O)(=O)c1ccc(-c2ccc(C3CCCC3)nc2)cc1,M,M:druglike_only,generated,corrected,,"arm druglike_only, seed 44, final generation",seed44,False,curated molecules without the 204 top-decile actives
CCNC(=O)c1ccc(CC2CCN(C(C)=O)CC2)cc1,M,M:druglike_only,generated,corrected,,"arm druglike_only, seed 44, final generation",seed44,False,curated molecules without the 204 top-decile actives
Cc1ccc(C(=O)Nc2ccc(C(=O)N3CCOCC3)cc2)cc1,M,M:druglike_only,generated,corrected,,"arm druglike_only, seed 45, final generation",seed45,False,curated molecules without the 204 top-decile actives
O=C(c1cccc(-c2ccc(CO)cc2)c1)N1CCOCC1,M,M:druglike_only,generated,corrected,,"arm druglike_only, seed 45, final generation",seed45,False,curated molecules without the 204 top-decile actives
CCc1ccc(-c2ccc(C(=O)NC(C)=O)cc2)cc1,M,M:druglike_only,generated,corrected,,"arm druglike_only, seed 45, final generation",seed45,False,curated molecules without the 204 top-decile actives
CCNC(=O)c1ccc(-c2ccc(N(C)C)cc2)cc1,M,M:druglike_only,generated,corrected,,"arm druglike_only, seed 45, final generation",seed45,False,curated molecules without the 204 top-decile actives
NC(=O)c1ccc(-c2cccc(N3CCOCC3)c2)cc1,M,M:druglike_only,generated,corrected,,"arm druglike_only, seed 45, final generation",seed45,False,curated molecules without the 204 top-decile actives
O=C(c1cc(Cc2ccccc2)ccc1O)N1CCCCC1,M,M:druglike_only,generated,corrected,,"arm druglike_only, seed 45, final generation",seed45,False,curated molecules without the 204 top-decile actives
CCNC(=O)c1ccc(C(=O)Nc2ccccc2)cc1,M,M:druglike_only,generated,corrected,,"arm druglike_only, seed 45, final generation",seed45,False,curated molecules without the 204 top-decile actives
O=C(c1cc(Cc2ccccc2)ccc1O)N1CCOCC1,M,M:druglike_only,generated,corrected,,"arm druglike_only, seed 45, final generation",seed45,False,curated molecules without the 204 top-decile actives
CC(=O)Nc1ccc(-c2ccc(C(=O)N3CCCCC3)o2)cc1,M,M:druglike_only,generated,corrected,,"arm druglike_only, seed 45, final generation",seed45,False,curated molecules without the 204 top-decile actives
CC(C)c1ccc(NC(=O)c2ccccc2N2CCOCC2)cc1,M,M:druglike_only,generated,corrected,,"arm druglike_only, seed 45, final generation",seed45,False,curated molecules without the 204 top-decile actives
CC(C)N(C)c1ccc(C(=O)Nc2ccccc2)cc1,M,M:druglike_only,generated,corrected,,"arm druglike_only, seed 45, final generation",seed45,False,curated molecules without the 204 top-decile actives
O=C(Nc1ccccc1)c1ccc(NC(=O)N2CCOCC2)cc1,M,M:druglike_only,generated,corrected,,"arm druglike_only, seed 45, final generation",seed45,False,curated molecules without the 204 top-decile actives
Cc1ccc(C(=O)Nc2ncccc2N2CCOCC2)cc1,M,M:druglike_only,generated,corrected,,"arm druglike_only, seed 45, final generation",seed45,False,curated molecules without the 204 top-decile actives
CC(=O)Nc1ccc(-c2cccc(NC(C)=O)c2)cc1,M,M:druglike_only,generated,corrected,,"arm druglike_only, seed 45, final generation",seed45,False,curated molecules without the 204 top-decile actives
CC(C)N(C)C(=O)c1ccc(Nc2ccccc2)cc1,M,M:druglike_only,generated,corrected,,"arm druglike_only, seed 45, final generation",seed45,False,curated molecules without the 204 top-decile actives
CCc1ccc(C(=O)NCC(=O)Nc2ccccc2)cc1,M,M:druglike_only,generated,corrected,,"arm druglike_only, seed 45, final generation",seed45,False,curated molecules without the 204 top-decile actives
Cc1cccc(Nc2ccccc2N2CCOCC2)c1,M,M:druglike_only,generated,corrected,,"arm druglike_only, seed 45, final generation",seed45,False,curated molecules without the 204 top-decile actives
CC(=O)N(C)C(=O)c1cccc(Nc2ccccc2)c1,M,M:druglike_only,generated,corrected,,"arm druglike_only, seed 45, final generation",seed45,False,curated molecules without the 204 top-decile actives
CC(=O)N(C)C(=O)Nc1ccc(C(=O)Nc2ccccc2)cc1,M,M:druglike_only,generated,corrected,,"arm druglike_only, seed 45, final generation",seed45,False,curated molecules without the 204 top-decile actives
O=C(NC1CCN(c2ccccc2)CC1)c1ccccc1,M,M:druglike_only,generated,corrected,,"arm druglike_only, seed 46, final generation",seed46,False,curated molecules without the 204 top-decile actives
Cc1ccc(C(=O)N2CCC(C(=O)Nc3ccccc3)CC2)cc1,M,M:druglike_only,generated,corrected,,"arm druglike_only, seed 46, final generation",seed46,False,curated molecules without the 204 top-decile actives
COc1ccc(C(=O)NC2CCN(c3ccccc3)CC2)cc1,M,M:druglike_only,generated,corrected,,"arm druglike_only, seed 46, final generation",seed46,False,curated molecules without the 204 top-decile actives
O=C(Nc1ccccc1)C1CCN(C(=O)c2ccc(F)cc2)CC1,M,M:druglike_only,generated,corrected,,"arm druglike_only, seed 46, final generation",seed46,False,curated molecules without the 204 top-decile actives
COc1ccc(NC(=O)c2ccc(C(F)(F)F)cc2)cc1,M,M:druglike_only,generated,corrected,,"arm druglike_only, seed 46, final generation",seed46,False,curated molecules without the 204 top-decile actives
Cc1ccc(CC(=O)NC(=O)c2ccc(F)cc2)cc1,M,M:druglike_only,generated,corrected,,"arm druglike_only, seed 46, final generation",seed46,False,curated molecules without the 204 top-decile actives
O=C(c1ccccc1)N1CCC(Nc2ccccc2)CC1,M,M:druglike_only,generated,corrected,,"arm druglike_only, seed 46, final generation",seed46,False,curated molecules without the 204 top-decile actives
Cc1ccc(CC(=O)Nc2ccc(N3CCOCC3)cc2)cc1,M,M:druglike_only,generated,corrected,,"arm druglike_only, seed 46, final generation",seed46,False,curated molecules without the 204 top-decile actives
O=C(c1ccc(F)cc1)N1CCC(Nc2ccccc2)CC1,M,M:druglike_only,generated,corrected,,"arm druglike_only, seed 46, final generation",seed46,False,curated molecules without the 204 top-decile actives
O=C(Nc1ccc(N2CCCCC2)cc1)c1ccc(F)cc1,M,M:druglike_only,generated,corrected,,"arm druglike_only, seed 46, final generation",seed46,False,curated molecules without the 204 top-decile actives
O=C(Cc1ccc(F)cc1)Nc1ccc(N2CCOCC2)cc1,M,M:druglike_only,generated,corrected,,"arm druglike_only, seed 46, final generation",seed46,False,curated molecules without the 204 top-decile actives
Cc1ccc(CC(=O)NC2CCN(c3ccccc3)CC2)cc1,M,M:druglike_only,generated,corrected,,"arm druglike_only, seed 46, final generation",seed46,False,curated molecules without the 204 top-decile actives
O=C(Cc1ccccc1)NC(=O)Cc1ccc(F)cc1,M,M:druglike_only,generated,corrected,,"arm druglike_only, seed 46, final generation",seed46,False,curated molecules without the 204 top-decile actives
O=C(CCc1c(F)cccc1F)NC(=O)c1ccccc1,M,M:druglike_only,generated,corrected,,"arm druglike_only, seed 46, final generation",seed46,False,curated molecules without the 204 top-decile actives
Fc1ccc(CNc2ccc(N3CCOCC3)cc2)cc1,M,M:druglike_only,generated,corrected,,"arm druglike_only, seed 46, final generation",seed46,False,curated molecules without the 204 top-decile actives
O=C(Cc1ccc(F)cc1)NC(=O)c1c(F)cccc1F,M,M:druglike_only,generated,corrected,,"arm druglike_only, seed 46, final generation",seed46,False,curated molecules without the 204 top-decile actives
O=C(Nc1ccc(F)cc1)C1CCN(C(=O)c2ccc(F)cc2)CC1,M,M:druglike_only,generated,corrected,,"arm druglike_only, seed 46, final generation",seed46,False,curated molecules without the 204 top-decile actives
O=C(CNC(=O)c1ccc(F)cc1)Nc1ccccc1,M,M:druglike_only,generated,corrected,,"arm druglike_only, seed 46, final generation",seed46,False,curated molecules without the 204 top-decile actives
O=C(Nc1nccc(-c2ccc([C@@H]3CCC[C@@H](O)C3)s2)n1)C(F)(F)F,M,M:decoys,decoy,corrected,,"matched decoy, arm druglike_only, seed 44",seed44,False,curated molecules without the 204 top-decile actives
Nc1nc(NC(=O)Cc2ccc(O)cc2)cc(C2CCCCCC2)n1,M,M:decoys,decoy,corrected,,"matched decoy, arm druglike_only, seed 44",seed44,False,curated molecules without the 204 top-decile actives
CC(C)C1CCN(c2ccc(C(=O)Nc3ccc(N(C)C)cn3)nc2)CC1,M,M:decoys,decoy,corrected,,"matched decoy, arm multi_scrambled, seed 42",seed42,False,curated molecules without the 204 top-decile actives
CNS(=O)(=O)c1cc(F)ccc1-c1ncnc(Nc2cccc(C[S@](C)(=N)=O)c2)n1,M,M:decoys,decoy,corrected,,"matched decoy, arm multi_scrambled, seed 46",seed46,False,curated molecules without the 204 top-decile actives
COc1cc(N2CCN(C(C)=O)CC2)ccc1Nc1ncc(C)c(C(F)(F)NC2CCCCC2)n1,M,M:decoys,decoy,corrected,,"matched decoy, arm druglike_only, seed 43",seed43,True,curated molecules without the 204 top-decile actives
CN(C)CCCS(=O)(=O)c1ccc(Nc2nccc(Nc3ccc(F)cc3)n2)cc1,M,M:decoys,decoy,corrected,,"matched decoy, arm druglike_only, seed 46",seed46,True,curated molecules without the 204 top-decile actives
O=C(CNc1ccc(C(F)(F)F)cc1)NCCc1ccc(N2CCOCC2)cc1,M,M:decoys,decoy,corrected,,"matched decoy, arm druglike_only, seed 42",seed42,False,curated molecules without the 204 top-decile actives
CCC1(CC)CNC(=O)c2cc3cnc(Nc4cccc(N5CCCNCC5)c4)nc3n21,M,M:decoys,decoy,corrected,,"matched decoy, arm multi_scrambled, seed 43",seed43,False,curated molecules without the 204 top-decile actives
O=C1NCC2(CCCC2)n2c1cc1cnc(Nc3ccc(N4CC=C(C(F)(F)F)CC4)cn3)nc12,M,M:decoys,decoy,corrected,,"matched decoy, arm multi_scrambled, seed 42",seed42,False,curated molecules without the 204 top-decile actives
CC(C)(C)Nc1cnc(CSc2sc(-c3ccncc3)nc2O)o1,M,M:decoys,decoy,corrected,,"matched decoy, arm druglike_only, seed 43",seed43,False,curated molecules without the 204 top-decile actives
CNS(=O)(=O)c1cccc(Nc2nccc(Cc3ccc(O)cc3)n2)c1,M,M:decoys,decoy,corrected,,"matched decoy, arm multi_scrambled, seed 44",seed44,False,curated molecules without the 204 top-decile actives
c1cc(NNc2ccc3c(n2)CCN(C[C@@H]2CNCCO2)C3)ncc1N1CCN(CC2CC2)CC1,M,M:decoys,decoy,corrected,,"matched decoy, arm multi_scrambled, seed 46",seed46,False,curated molecules without the 204 top-decile actives
COC(=O)NCCc1nc(Nc2ncc(F)c(C3CCC(N)CC3)n2)ccc1C,M,M:decoys,decoy,corrected,,"matched decoy, arm druglike_only, seed 46",seed46,False,curated molecules without the 204 top-decile actives
CNC(=O)c1ccc(NNc2ccc(N3CCN(CC4CC4)CC3)cn2)cc1,M,M:decoys,decoy,corrected,,"matched decoy, arm multi_scrambled, seed 46",seed46,False,curated molecules without the 204 top-decile actives
N[C@H](CNc1nnc(C2CCNCC2)s1)Cc1ccc(C(F)(F)F)cc1,M,M:decoys,decoy,corrected,,"matched decoy, arm multi_scrambled, seed 45",seed45,False,curated molecules without the 204 top-decile actives
COc1cc(C2CNC(=O)C2=Nc2cc(F)cc(CS(=N)(=O)C3CC3)c2)cc(OC)c1OC,M,M:decoys,decoy,corrected,,"matched decoy, arm druglike_only, seed 46",seed46,False,curated molecules without the 204 top-decile actives
O=C(Nc1cc(C2CC2)[nH]n1)c1ccc(C2CCNCC2)cc1,M,M:decoys,decoy,corrected,,"matched decoy, arm multi_scrambled, seed 42",seed42,False,curated molecules without the 204 top-decile actives
C=CC(=O)N1C=CC(c2ncnc(Nc3cccc(C[S@](C)(=N)=O)c3)n2)CC1,M,M:decoys,decoy,corrected,,"matched decoy, arm multi_scrambled, seed 46",seed46,False,curated molecules without the 204 top-decile actives
CNC(=O)c1ccc(Nc2nccc(N3CCN(C(=O)Nc4ccccc4)CC3)n2)cc1,M,M:decoys,decoy,corrected,,"matched decoy, arm multi_scrambled, seed 46",seed46,False,curated molecules without the 204 top-decile actives
Oc1ccc(-c2nccc(Nc3cnc4ccccc4c3)n2)cc1O,M,M:decoys,decoy,corrected,,"matched decoy, arm druglike_only, seed 45",seed45,False,curated molecules without the 204 top-decile actives
COc1ccccc1NCc1cccc(Nc2cccc(N3CCCNCC3)c2)n1,M,M:decoys,decoy,corrected,,"matched decoy, arm multi_scrambled, seed 43",seed43,False,curated molecules without the 204 top-decile actives
COc1cc(N2CCN(C(C)=O)CC2)ccc1Nc1ncc(C)c(C(F)(F)C(F)(F)F)n1,M,M:decoys,decoy,corrected,,"matched decoy, arm druglike_only, seed 43",seed43,False,curated molecules without the 204 top-decile actives
CCC(=O)Nc1c(C)c2cnc(Nc3ccc(N4CCNCC4)cc3)nc2n(C2CCCC2)c1=O,M,M:decoys,decoy,corrected,,"matched decoy, arm druglike_only, seed 46",seed46,False,curated molecules without the 204 top-decile actives
CC1CCN(C(=O)N2CCC(Nc3nccc(-c4c[nH]c5ccccc45)n3)CC2)CC1,M,M:decoys,decoy,corrected,,"matched decoy, arm multi_scrambled, seed 44",seed44,False,curated molecules without the 204 top-decile actives
N=S(=O)(c1ccc(-c2ccnc(-c3cc(=O)c(O)c[nH]3)n2)cc1)C1CC1,M,M:decoys,decoy,corrected,,"matched decoy, arm druglike_only, seed 45",seed45,False,curated molecules without the 204 top-decile actives
CC(=O)Nc1cccc(CNc2nc(OS(N)(=O)=O)nc3c(C(C)C)cnn23)c1,M,M:decoys,decoy,corrected,,"matched decoy, arm multi_scrambled, seed 42",seed42,False,curated molecules without the 204 top-decile actives
CC(CCN(C)C)c1c(O)cc(O)c2c1OC(=CC(=O)Nc1ccccc1)C2=O,M,M:decoys,decoy,corrected,,"matched decoy, arm multi_scrambled, seed 46",seed46,False,curated molecules without the 204 top-decile actives
CC1CCN(NC(=O)N2CCC(Nc3ncc(Cl)c(N4CCCNCC4)n3)CC2)CC1,M,M:decoys,decoy,corrected,,"matched decoy, arm druglike_only, seed 43",seed43,False,curated molecules without the 204 top-decile actives
CC(C)N(C)C(=O)O[C@@H]1CCC(c2cc(NNCc3ccn4ccnc4c3)[nH]n2)C1,M,M:decoys,decoy,corrected,,"matched decoy, arm multi_scrambled, seed 43",seed43,False,curated molecules without the 204 top-decile actives
O=C1NCC2(CCCCC2)n2c1cc1cnc(NNc3ccccc3)nc12,M,M:decoys,decoy,corrected,,"matched decoy, arm multi_scrambled, seed 46",seed46,False,curated molecules without the 204 top-decile actives
CCc1cnc(Nc2ccc(S(=O)(=O)C3CC3)cc2)nc1O[C@H](C)C(C)(C)O,M,M:decoys,decoy,corrected,,"matched decoy, arm druglike_only, seed 43",seed43,False,curated molecules without the 204 top-decile actives
N#Cc1ccc(NC=c2[nH]cc3c2=CCNC3=O)c(C(=O)O)c1,M,M:decoys,decoy,corrected,,"matched decoy, arm druglike_only, seed 46",seed46,False,curated molecules without the 204 top-decile actives
CC(=O)Nc1ccc(CNc2nc(N=C3CCN(C)CC3)nc3c(C(C)C)cnn23)cc1,M,M:decoys,decoy,corrected,,"matched decoy, arm druglike_only, seed 46",seed46,False,curated molecules without the 204 top-decile actives
COc1ccc(Cc2ccc(CN3CCN(C[C@H](C)O)[C@H](C)C3)cn2)cc1O,M,M:decoys,decoy,corrected,,"matched decoy, arm multi_scrambled, seed 42",seed42,False,curated molecules without the 204 top-decile actives
CC(Cc1ccc(Nc2ncc3cc4n(c3n2)C2(CCCC2)CNC4=O)nc1)N(C)C,M,M:decoys,decoy,corrected,,"matched decoy, arm multi_scrambled, seed 43",seed43,False,curated molecules without the 204 top-decile actives
COc1ccc(Cc2nccc(N3CCN(C(=O)Nc4ccccc4)CC3)n2)cc1,M,M:decoys,decoy,corrected,,"matched decoy, arm multi_scrambled, seed 46",seed46,False,curated molecules without the 204 top-decile actives
N=C1NC(=O)/C(=C/c2ccc(-c3c(S)cccc3C3CCCCC3)o2)S1,M,M:decoys,decoy,corrected,,"matched decoy, arm multi_scrambled, seed 42",seed42,False,curated molecules without the 204 top-decile actives
CC(C)n1cnc2c(-c3ccc(NC(=O)C4(F)CC4)cc3)nc(NCCO)nc21,M,M:decoys,decoy,corrected,,"matched decoy, arm multi_scrambled, seed 45",seed45,False,curated molecules without the 204 top-decile actives
CC(C)(C)NC(=O)c1cccc(Nc2ccc3c(n2)CCNC3)c1,M,M:decoys,decoy,corrected,,"matched decoy, arm multi_scrambled, seed 44",seed44,False,curated molecules without the 204 top-decile actives
CN(C)N1CCc2nc(Nc3ncc(F)c(C4CCCC4)n3)ccc2C1,M,M:decoys,decoy,corrected,,"matched decoy, arm druglike_only, seed 42",seed42,False,curated molecules without the 204 top-decile actives
CC1(C)CN(c2ccc(Nc3cc(-c4c[nH]c5cnccc45)ncn3)nc2)CCN1C1CC1,M,M:decoys,decoy,corrected,,"matched decoy, arm multi_scrambled, seed 44",seed44,False,curated molecules without the 204 top-decile actives
CC(C)NC(=O)c1ccc(O)c(-c2cc(N=C3CCCC3)nc(N)n2)c1,M,M:decoys,decoy,corrected,,"matched decoy, arm druglike_only, seed 45",seed45,True,curated molecules without the 204 top-decile actives
O=c1[nH]c(O)c(C=NCCc2ccc(O)cc2)c2c(Br)cccc12,M,M:decoys,decoy,corrected,,"matched decoy, arm multi_scrambled, seed 44",seed44,False,curated molecules without the 204 top-decile actives
C[C@H]1CNCC(C(=O)Nc2ncc(OSCc3ncc(C(C)(C)C)o3)s2)C1,M,M:decoys,decoy,corrected,,"matched decoy, arm druglike_only, seed 42",seed42,False,curated molecules without the 204 top-decile actives
CC(=O)Nc1ccc(Nc2ncc3c(n2)N([C@@H]2CCC[C@@]2(C)O)C(=O)C32CC2)cc1,M,M:decoys,decoy,corrected,,"matched decoy, arm druglike_only, seed 46",seed46,False,curated molecules without the 204 top-decile actives
CN(C)C[C@H](O)Cc1c(O)cc(O)c2c(=O)cc(-c3ccccc3Cl)oc12,M,M:decoys,decoy,corrected,,"matched decoy, arm multi_scrambled, seed 46",seed46,False,curated molecules without the 204 top-decile actives
CN(C)C1CCN(c2ccc(Nc3ncc4ccn(C5(CNC=O)CCCC5)c4n3)nc2)CC1,M,M:decoys,decoy,corrected,,"matched decoy, arm multi_scrambled, seed 42",seed42,False,curated molecules without the 204 top-decile actives
CC(=O)NCCc1nc(Nc2ncc(F)c(NCN(C)C)n2)ccc1C,M,M:decoys,decoy,corrected,,"matched decoy, arm druglike_only, seed 46",seed46,False,curated molecules without the 204 top-decile actives
CCCCc1c(C)c2cnc(Nc3ccc(N4CCNCC4)cn3)nc2n(C2CCCC2)c1=O,M,M:decoys,decoy,corrected,,"matched decoy, arm druglike_only, seed 45",seed45,False,curated molecules without the 204 top-decile actives
COc1ccc(NC(=O)N2CCN(c3nnc(CC(C)(N)CBr)c4ccccc34)CC2)cc1,M,M:decoys,decoy,corrected,,"matched decoy, arm druglike_only, seed 44",seed44,False,curated molecules without the 204 top-decile actives
CCCCCNc1cc(C)cc2c(=O)c(O)c(S(=N)(=O)C3CC3)oc12,M,M:decoys,decoy,corrected,,"matched decoy, arm druglike_only, seed 46",seed46,False,curated molecules without the 204 top-decile actives
O=C(OCCO)c1nnc(N2CCN(C(=O)Nc3ccccc3)CC2)c2ccccc12,M,M:decoys,decoy,corrected,,"matched decoy, arm multi_scrambled, seed 45",seed45,False,curated molecules without the 204 top-decile actives
CNC(=O)Nc1ncc(Cl)c(-c2ccc(NC(=O)C3CCOCC3)cc2)n1,M,M:decoys,decoy,corrected,,"matched decoy, arm multi_scrambled, seed 44",seed44,False,curated molecules without the 204 top-decile actives
COc1ccc(-c2ocnc2C(=O)Nc2ccc(N3CCN(CC4CC4)CC3)cn2)cc1Cl,M,M:decoys,decoy,corrected,,"matched decoy, arm multi_scrambled, seed 43",seed43,False,curated molecules without the 204 top-decile actives
CON1CCN(C(=O)Oc2ccc(Nc3ccccc3)nc2)CC1,M,M:decoys,decoy,corrected,,"matched decoy, arm druglike_only, seed 44",seed44,False,curated molecules without the 204 top-decile actives
CCCOc1c[nH]c(NCc2ccc(NC(=O)C3CCOCC3)cc2)cc1=O,M,M:decoys,decoy,corrected,,"matched decoy, arm multi_scrambled, seed 44",seed44,False,curated molecules without the 204 top-decile actives
COc1ccccc1-c1nc(Nc2cccc(NC(=O)N(C)C)c2)ncc1F,M,M:decoys,decoy,corrected,,"matched decoy, arm druglike_only, seed 44",seed44,False,curated molecules without the 204 top-decile actives
CC(=O)Nc1ccc(CNc2nc(S(=O)(=O)N(C)C)nc3c(C(C)C)cnn23)cc1,M,M:decoys,decoy,corrected,,"matched decoy, arm multi_scrambled, seed 46",seed46,False,curated molecules without the 204 top-decile actives
CC(=O)N(C)CCc1cccc(-c2ccc(Nc3ccccc3)cc2)n1,M,M:decoys,decoy,corrected,,"matched decoy, arm druglike_only, seed 46",seed46,False,curated molecules without the 204 top-decile actives
Cc1nnc2sc(Nc3nc(Nc4ccc(F)c(NC(=O)CN(C)C)c4)ncc3F)nn12,M,M:decoys,decoy,corrected,,"matched decoy, arm multi_scrambled, seed 45",seed45,False,curated molecules without the 204 top-decile actives
COc1ccc2nc(N3CCN(C)CC3)nc(NC(C)(C)C)c2c1,M,M:decoys,decoy,corrected,,"matched decoy, arm druglike_only, seed 43",seed43,False,curated molecules without the 204 top-decile actives
COc1cccc(NC(=S)N2CCN(c3nnc(CCN)c4ccccc34)CC2)c1,M,M:decoys,decoy,corrected,,"matched decoy, arm multi_scrambled, seed 45",seed45,False,curated molecules without the 204 top-decile actives
ClC1CCN(C2OCc3ccc(Nc4nccc(N5CCNCC5)n4)cc32)CC1,M,M:decoys,decoy,corrected,,"matched decoy, arm multi_scrambled, seed 44",seed44,False,curated molecules without the 204 top-decile actives
CNC(=O)c1ccc(C2=c3ccccc3=NC2=O)cc1,M,M:decoys,decoy,corrected,,"matched decoy, arm multi_scrambled, seed 42",seed42,True,curated molecules without the 204 top-decile actives
c1cc(Nc2cccc(CN3CCCC3)n2)cc(N2CCCNCC2)c1,M,M:decoys,decoy,corrected,,"matched decoy, arm multi_scrambled, seed 43",seed43,False,curated molecules without the 204 top-decile actives
CN(C)C1CCN(c2ccc(NC(=O)c3c(Cl)cccc3Cl)nc2)CC1,M,M:decoys,decoy,corrected,,"matched decoy, arm multi_scrambled, seed 42",seed42,False,curated molecules without the 204 top-decile actives
CCNC(=O)N1CCC(Nc2ccc3c(CS(C)(=N)=O)[nH]nc3n2)CC1,M,M:decoys,decoy,corrected,,"matched decoy, arm multi_scrambled, seed 44",seed44,False,curated molecules without the 204 top-decile actives
COc1ccc2cc(Nc3cc(C4CC[C@@H](OC(=O)N(C)C(C)C)C4)[nH]n3)[nH]c2c1,M,M:decoys,decoy,corrected,,"matched decoy, arm druglike_only, seed 43",seed43,False,curated molecules without the 204 top-decile actives
CC(=O)Nc1cccc(C(=O)N2CCN(Cc3ccc(O)cc3)CC2)c1,M,M:decoys,decoy,corrected,,"matched decoy, arm multi_scrambled, seed 44",seed44,False,curated molecules without the 204 top-decile actives
COc1cc(CNC(=O)c2ncoc2-c2oc3ccccc3c(=O)c2O)ccn1,M,M:decoys,decoy,corrected,,"matched decoy, arm druglike_only, seed 43",seed43,False,curated molecules without the 204 top-decile actives
Cc1nn(C2CCNCC2)c(C)c1Nc1ncc(Cl)c(-c2ccc[nH]2)n1,M,M:decoys,decoy,corrected,,"matched decoy, arm druglike_only, seed 42",seed42,False,curated molecules without the 204 top-decile actives
O=c1[nH]cc(-c2ccc(N3CCNCC3)cn2)c2sc(-c3ccncc3)cc12,M,M:decoys,decoy,corrected,,"matched decoy, arm druglike_only, seed 44",seed44,False,curated molecules without the 204 top-decile actives
C=c1[nH]c(O)c(NCCc2c[nH]c3ccccc23)c1=C1CN=CS1,M,M:decoys,decoy,corrected,,"matched decoy, arm druglike_only, seed 44",seed44,False,curated molecules without the 204 top-decile actives
CNS(=O)(=O)c1cc(Nc2nccc(-c3ccnc(C(=O)N(C)C)c3)n2)ccc1Cl,M,M:decoys,decoy,corrected,,"matched decoy, arm multi_scrambled, seed 44",seed44,False,curated molecules without the 204 top-decile actives
O=C(Nc1c[nH]nc1-c1nc2cc(CN3CCOCC3)ccc2[nH]1)SC(=O)C1CC1,M,M:decoys,decoy,corrected,,"matched decoy, arm druglike_only, seed 43",seed43,False,curated molecules without the 204 top-decile actives
O=C(Cc1ccc(-c2cc(=O)c3c(O)cc(O)cc3o2)cc1)C(=O)C1CCNCC1,M,M:decoys,decoy,corrected,,"matched decoy, arm multi_scrambled, seed 44",seed44,False,curated molecules without the 204 top-decile actives
CC[C@H](Nc1nc(NCc2cccnc2)c2ncn(CC3CC3)c2n1)C(C)(C)C,M,M:decoys,decoy,corrected,,"matched decoy, arm druglike_only, seed 43",seed43,False,curated molecules without the 204 top-decile actives
CC(=O)Nc1ccc2ccn(-c3[nH]nnc3C3CCC(O)CC3)c2c1,M,M:decoys,decoy,corrected,,"matched decoy, arm multi_scrambled, seed 42",seed42,False,curated molecules without the 204 top-decile actives
O=C1Cc2c(-c3ccc[nH]3)cc(NCCO)c3c(F)ccc(c23)N1,M,M:decoys,decoy,corrected,,"matched decoy, arm multi_scrambled, seed 42",seed42,False,curated molecules without the 204 top-decile actives
c1cc2c(nc1N1CCC(NN3CCCCC3)CC1)CCNC2,M,M:decoys,decoy,corrected,,"matched decoy, arm multi_scrambled, seed 46",seed46,False,curated molecules without the 204 top-decile actives
O=C1NCC2(CCCCCS2)n2c1cc1cnc(C3CCCCC3)nc12,M,M:decoys,decoy,corrected,,"matched decoy, arm multi_scrambled, seed 44",seed44,False,curated molecules without the 204 top-decile actives
c1cc(N2CCNCC2)nc(Nc2ccc3c(c2)C(C2CCCCC2)OC3)n1,M,M:decoys,decoy,corrected,,"matched decoy, arm multi_scrambled, seed 44",seed44,False,curated molecules without the 204 top-decile actives
N=C1NC(=O)/C(=C/c2ccc(C(=O)Nc3ccc(Cl)cc3)o2)S1,M,M:decoys,decoy,corrected,,"matched decoy, arm multi_scrambled, seed 42",seed42,False,curated molecules without the 204 top-decile actives
O=C(Nc1ccc(Nc2cccc(CN3CCOCC3)c2)cn1)c1c(O)cccc1Cl,M,M:decoys,decoy,corrected,,"matched decoy, arm multi_scrambled, seed 42",seed42,False,curated molecules without the 204 top-decile actives
CCCCC1(C)CNC(=O)c2cc3cnc(Nc4ccc(C(=O)NC)cc4)nc3n21,M,M:decoys,decoy,corrected,,"matched decoy, arm multi_scrambled, seed 46",seed46,False,curated molecules without the 204 top-decile actives
C[C@@H]1CN(c2ccc(Nc3c[nH]c4ccccc34)nc2)C[C@H](C)N1C[C@@H](C)O,M,M:decoys,decoy,corrected,,"matched decoy, arm multi_scrambled, seed 42",seed42,False,curated molecules without the 204 top-decile actives
O=C(Nc1ccc(N2CCC(C3CCNCC3)CC2)cn1)c1c(Cl)cccc1Cl,M,M:decoys,decoy,corrected,,"matched decoy, arm multi_scrambled, seed 42",seed42,False,curated molecules without the 204 top-decile actives
CNC(=O)c1ccc(Nc2ccc(N3CCN(C(C)=O)CC3)cc2NC)cc1,M,M:decoys,decoy,corrected,,"matched decoy, arm multi_scrambled, seed 44",seed44,False,curated molecules without the 204 top-decile actives
COc1ccc(NC(=O)Nc2ccc(N3CCN(CC4CC4)CC3)cn2)cc1,M,M:decoys,decoy,corrected,,"matched decoy, arm druglike_only, seed 46",seed46,False,curated molecules without the 204 top-decile actives
CC(CCO)C(=O)NCCc1nn2c(COc3ccc(Cl)cc3)nnc2s1,M,M:decoys,decoy,corrected,,"matched decoy, arm multi_scrambled, seed 43",seed43,True,curated molecules without the 204 top-decile actives
CNc1ccc(Nc2ncc3cc4n(c3n2)C2(CCCCC2)CNC4=O)nc1,M,M:decoys,decoy,corrected,,"matched decoy, arm multi_scrambled, seed 44",seed44,False,curated molecules without the 204 top-decile actives
CCOC(=O)Nc1cc(-c2c3cc(F)cc2OC3)c(Cl)cn1,M,M:decoys,decoy,corrected,,"matched decoy, arm druglike_only, seed 42",seed42,True,curated molecules without the 204 top-decile actives
CC(C)NCc1cccc(F)c1-c1ccc(C(=O)NC(C)C)nc1,M,M:decoys,decoy,corrected,,"matched decoy, arm druglike_only, seed 45",seed45,False,curated molecules without the 204 top-decile actives
CC(=O)N1CCC(Nc2nc(C(F)(F)F)nc3ccc(Nc4ccccc4)cc23)COC1,M,M:decoys,decoy,corrected,,"matched decoy, arm druglike_only, seed 44",seed44,False,curated molecules without the 204 top-decile actives
C[C@@H](O)c1cc2cnc(Nc3ccc(N4CCNCC4)cn3)nc2n1C1CCCC1,M,M:decoys,decoy,corrected,,"matched decoy, arm druglike_only, seed 44",seed44,False,curated molecules without the 204 top-decile actives
NS(=O)(=O)c1ccc(NCc2ccc(NC(=O)CCCCCCO)cc2)cc1,M,M:decoys,decoy,corrected,,"matched decoy, arm multi_scrambled, seed 42",seed42,False,curated molecules without the 204 top-decile actives
CC(=O)N1CCc2nc(-c3nc(NC4CCN(C)CC4)nc4c(C(C)C)cnn34)ccc2C1,M,M:decoys,decoy,corrected,,"matched decoy, arm multi_scrambled, seed 45",seed45,False,curated molecules without the 204 top-decile actives
CN1CCN(Nc2ccc(Nc3ccc(S(N)(=O)=O)cc3)cn2)CC1,M,M:decoys,decoy,corrected,,"matched decoy, arm druglike_only, seed 44",seed44,False,curated molecules without the 204 top-decile actives
N#CCCN(c1ccnc(Nc2ccc(S(N)(=O)=O)cc2)n1)c1cc(Cl)ccc1Cl,M,M:decoys,decoy,corrected,,"matched decoy, arm druglike_only, seed 42",seed42,False,curated molecules without the 204 top-decile actives
CN(CCC(=O)Cc1ccccc1)CC(=O)Nc1sc2c(c1C(N)=O)C=CC2,M,M:decoys,decoy,corrected,,"matched decoy, arm multi_scrambled, seed 46",seed46,False,curated molecules without the 204 top-decile actives
Cc1ncc(-c2nc(NC(=O)C3CC3)ncc2F)n1C(C)C,S,S:multi_real,generated,corrected,,"arm multi_real, seed 42, final generation",seed42,False,"curated molecules without 9 scaffold families (260 molecules, 93 top-decile actives)"
Cc1ncc(-c2nc(NC3CCN(C)CC3)ncc2F)n1C(C)C,S,S:multi_real,generated,corrected,,"arm multi_real, seed 42, final generation",seed42,False,"curated molecules without 9 scaffold families (260 molecules, 93 top-decile actives)"
Cc1ncc(-c2nc(NC3CCCCC3)ncc2F)n1C(C)C,S,S:multi_real,generated,corrected,,"arm multi_real, seed 42, final generation",seed42,False,"curated molecules without 9 scaffold families (260 molecules, 93 top-decile actives)"
NS(=O)(=O)c1ccc(Nc2ccc(C3CC3)cc2)cc1,S,S:multi_real,generated,corrected,,"arm multi_real, seed 42, final generation",seed42,True,"curated molecules without 9 scaffold families (260 molecules, 93 top-decile actives)"
NS(=O)(=O)c1ccc(-c2ccc(NC3CC3)cc2)cc1,S,S:multi_real,generated,corrected,,"arm multi_real, seed 42, final generation",seed42,False,"curated molecules without 9 scaffold families (260 molecules, 93 top-decile actives)"
CC(C)Nc1nccc(-c2ccc(S(N)(=O)=O)cc2)n1,S,S:multi_real,generated,corrected,,"arm multi_real, seed 42, final generation",seed42,False,"curated molecules without 9 scaffold families (260 molecules, 93 top-decile actives)"
CC(C)C(=O)N1CCc2cnc(Nc3ccc(C(C)C)cc3)nc2C1,S,S:multi_real,generated,corrected,,"arm multi_real, seed 42, final generation",seed42,False,"curated molecules without 9 scaffold families (260 molecules, 93 top-decile actives)"
Clc1ccc(Nc2ncc3c(n2)CN(CC2CCC2)CC3)cc1,S,S:multi_real,generated,corrected,,"arm multi_real, seed 42, final generation",seed42,False,"curated molecules without 9 scaffold families (260 molecules, 93 top-decile actives)"
Cc1ncc(-c2ccnc(NC(C)(C)C)n2)n1C(C)C,S,S:multi_real,generated,corrected,,"arm multi_real, seed 42, final generation",seed42,False,"curated molecules without 9 scaffold families (260 molecules, 93 top-decile actives)"
Cc1ncc(-c2ccnc(NC(=O)C(C)C)n2)n1C(C)C,S,S:multi_real,generated,corrected,,"arm multi_real, seed 42, final generation",seed42,False,"curated molecules without 9 scaffold families (260 molecules, 93 top-decile actives)"
O=C(c1ccc(Cl)cc1)N1CCc2cnc(NC3CCOCC3)nc2C1,S,S:multi_real,generated,corrected,,"arm multi_real, seed 42, final generation",seed42,False,"curated molecules without 9 scaffold families (260 molecules, 93 top-decile actives)"
NS(=O)(=O)c1ccc(Nc2nccc(C3CCOCC3)n2)cc1,S,S:multi_real,generated,corrected,,"arm multi_real, seed 42, final generation",seed42,False,"curated molecules without 9 scaffold families (260 molecules, 93 top-decile actives)"
CC(C)C(=O)N1CCCc2cnc(Nc3ccc(Cl)cc3)nc2C1,S,S:multi_real,generated,corrected,,"arm multi_real, seed 42, final generation",seed42,False,"curated molecules without 9 scaffold families (260 molecules, 93 top-decile actives)"
O=C(CC1CC1)N1CCCc2cnc(Nc3ccc(Cl)cc3)nc2C1,S,S:multi_real,generated,corrected,,"arm multi_real, seed 42, final generation",seed42,False,"curated molecules without 9 scaffold families (260 molecules, 93 top-decile actives)"
Cc1ncc(-c2nc(NC3CCN(C(C)C)CC3)ncc2F)n1C(C)C,S,S:multi_real,generated,corrected,,"arm multi_real, seed 42, final generation",seed42,False,"curated molecules without 9 scaffold families (260 molecules, 93 top-decile actives)"
CC(C)CC(=O)Nc1ccc(-c2ccc(S(N)(=O)=O)cc2)cc1,S,S:multi_real,generated,corrected,,"arm multi_real, seed 42, final generation",seed42,False,"curated molecules without 9 scaffold families (260 molecules, 93 top-decile actives)"
CC(C)NC(=O)N1CCCc2cnc(Nc3ccc(Cl)cc3)nc2C1,S,S:multi_real,generated,corrected,,"arm multi_real, seed 42, final generation",seed42,False,"curated molecules without 9 scaffold families (260 molecules, 93 top-decile actives)"
NS(=O)(=O)c1ccc(-c2ccnc(NC3CCCCC3)n2)cc1,S,S:multi_real,generated,corrected,,"arm multi_real, seed 42, final generation",seed42,False,"curated molecules without 9 scaffold families (260 molecules, 93 top-decile actives)"
O=C(Nc1ncc2c(n1)CN(C(=O)C1CC1)CC2)C1CCCCC1,S,S:multi_real,generated,corrected,,"arm multi_real, seed 42, final generation",seed42,True,"curated molecules without 9 scaffold families (260 molecules, 93 top-decile actives)"
O=C(C1CC1)N1CCc2cnc(Nc3ccccc3)nc2C1,S,S:multi_real,generated,corrected,,"arm multi_real, seed 42, final generation",seed42,False,"curated molecules without 9 scaffold families (260 molecules, 93 top-decile actives)"
CCc1cnc(Nc2ccc(S(N)(=O)=O)cc2)nc1C,S,S:multi_real,generated,corrected,,"arm multi_real, seed 42, final generation",seed42,False,"curated molecules without 9 scaffold families (260 molecules, 93 top-decile actives)"
CCC(C)Nc1ncc(F)c(-c2cnc(C)n2C(C)C)n1,S,S:multi_real,generated,corrected,,"arm multi_real, seed 42, final generation",seed42,False,"curated molecules without 9 scaffold families (260 molecules, 93 top-decile actives)"
NS(=O)(=O)c1ccc(-c2ccc(C3CCCCC3)cc2)cc1,S,S:multi_real,generated,corrected,,"arm multi_real, seed 42, final generation",seed42,False,"curated molecules without 9 scaffold families (260 molecules, 93 top-decile actives)"
Clc1ccc(N2CCc3cnc(NC4CCOCC4)nc3C2)cc1Cl,S,S:multi_real,generated,corrected,,"arm multi_real, seed 42, final generation",seed42,False,"curated molecules without 9 scaffold families (260 molecules, 93 top-decile actives)"
CCCN1CCc2nc(-c3ccc(S(N)(=O)=O)cc3)ccc2C1,S,S:multi_real,generated,corrected,,"arm multi_real, seed 43, final generation",seed43,False,"curated molecules without 9 scaffold families (260 molecules, 93 top-decile actives)"
CC(C)Oc1ccc(-c2ccc(S(N)(=O)=O)cc2)cc1,S,S:multi_real,generated,corrected,,"arm multi_real, seed 43, final generation",seed43,False,"curated molecules without 9 scaffold families (260 molecules, 93 top-decile actives)"
Cc1ncc(Nc2ccc(N3CCCN(C)CC3)c(F)c2)n1C(C)C,S,S:multi_real,generated,corrected,,"arm multi_real, seed 43, final generation",seed43,False,"curated molecules without 9 scaffold families (260 molecules, 93 top-decile actives)"
CC(C)(C)c1ccc(C(=O)Nc2ccc(S(N)(=O)=O)cc2)cc1,S,S:multi_real,generated,corrected,,"arm multi_real, seed 43, final generation",seed43,False,"curated molecules without 9 scaffold families (260 molecules, 93 top-decile actives)"
CN1CCCN(Cc2ccc(-c3ccc(S(N)(=O)=O)cc3)cc2)CC1,S,S:multi_real,generated,corrected,,"arm multi_real, seed 43, final generation",seed43,False,"curated molecules without 9 scaffold families (260 molecules, 93 top-decile actives)"
CN1CCN(Nc2ncc3c(n2)-c2c(c(C(N)=O)nn2C)CC3)CC1,S,S:multi_real,generated,corrected,,"arm multi_real, seed 43, final generation",seed43,False,"curated molecules without 9 scaffold families (260 molecules, 93 top-decile actives)"
CCC(C)c1ccc(-c2ccc(S(N)(=O)=O)cc2)cc1,S,S:multi_real,generated,corrected,,"arm multi_real, seed 43, final generation",seed43,False,"curated molecules without 9 scaffold families (260 molecules, 93 top-decile actives)"
Cc1cc(C(C)(C)C)ccc1-c1ccc(S(N)(=O)=O)cc1,S,S:multi_real,generated,corrected,,"arm multi_real, seed 43, final generation",seed43,True,"curated molecules without 9 scaffold families (260 molecules, 93 top-decile actives)"
CN1CCN(c2ccc(Nc3cccc(S(N)(=O)=O)c3)cc2)CC1,S,S:multi_real,generated,corrected,,"arm multi_real, seed 43, final generation",seed43,False,"curated molecules without 9 scaffold families (260 molecules, 93 top-decile actives)"
CN1CCN(c2ccc(-c3ccc(S(N)(=O)=O)cc3)cc2F)CC1,S,S:multi_real,generated,corrected,,"arm multi_real, seed 43, final generation",seed43,False,"curated molecules without 9 scaffold families (260 molecules, 93 top-decile actives)"
CC(C)Cc1ccc(Sc2ccc(S(N)(=O)=O)cc2)cc1,S,S:multi_real,generated,corrected,,"arm multi_real, seed 43, final generation",seed43,False,"curated molecules without 9 scaffold families (260 molecules, 93 top-decile actives)"
CCC(C)(C)Nc1ncc2c(n1)-c1c(c(C(N)=O)nn1C)CSC2,S,S:multi_real,generated,corrected,,"arm multi_real, seed 43, final generation",seed43,False,"curated molecules without 9 scaffold families (260 molecules, 93 top-decile actives)"
CN1CCN(c2ccnc(Nc3ccc(S(N)(=O)=O)cc3)n2)CC1,S,S:multi_real,generated,corrected,,"arm multi_real, seed 43, final generation",seed43,False,"curated molecules without 9 scaffold families (260 molecules, 93 top-decile actives)"
CS(=O)(=O)c1ccc(Nc2cccc(S(N)(=O)=O)c2)cc1,S,S:multi_real,generated,corrected,,"arm multi_real, seed 43, final generation",seed43,False,"curated molecules without 9 scaffold families (260 molecules, 93 top-decile actives)"
NS(=O)(=O)c1ccc(Nc2ccc(C(=O)N=C3CC3)cc2)cc1,S,S:multi_real,generated,corrected,,"arm multi_real, seed 43, final generation",seed43,False,"curated molecules without 9 scaffold families (260 molecules, 93 top-decile actives)"
CN1CCCN(c2ccc(-c3ccc(S(N)(=O)=O)cc3)cc2)CC1,S,S:multi_real,generated,corrected,,"arm multi_real, seed 43, final generation",seed43,False,"curated molecules without 9 scaffold families (260 molecules, 93 top-decile actives)"
Cc1ncc(Nc2ccc(N3CCCS(=O)(=O)CC3)cc2)n1C(C)C,S,S:multi_real,generated,corrected,,"arm multi_real, seed 43, final generation",seed43,False,"curated molecules without 9 scaffold families (260 molecules, 93 top-decile actives)"
CCNC(C)c1ccc(-c2ccc(S(N)(=O)=O)cc2)cc1,S,S:multi_real,generated,corrected,,"arm multi_real, seed 43, final generation",seed43,True,"curated molecules without 9 scaffold families (260 molecules, 93 top-decile actives)"
Cc1ncc(Nc2ccc(S(N)(=O)=O)cc2)n1C1CC1,S,S:multi_real,generated,corrected,,"arm multi_real, seed 43, final generation",seed43,False,"curated molecules without 9 scaffold families (260 molecules, 93 top-decile actives)"
NS(=O)(=O)c1ccc(-c2ccc(S(N)(=O)=O)cc2)cc1,S,S:multi_real,generated,corrected,,"arm multi_real, seed 43, final generation",seed43,False,"curated molecules without 9 scaffold families (260 molecules, 93 top-decile actives)"
NS(=O)(=O)c1cccc(COc2ccc(F)c(F)c2)c1,S,S:multi_real,generated,corrected,,"arm multi_real, seed 43, final generation",seed43,False,"curated molecules without 9 scaffold families (260 molecules, 93 top-decile actives)"
Cc1ncc(-c2nc(NC3CCCC3)ncc2F)n1C(C)C,S,S:multi_real,generated,corrected,,"arm multi_real, seed 44, final generation",seed44,False,"curated molecules without 9 scaffold families (260 molecules, 93 top-decile actives)"
Cc1ncc(-c2nc(NC3CCC3)ncc2F)n1C(C)C,S,S:multi_real,generated,corrected,,"arm multi_real, seed 44, final generation",seed44,False,"curated molecules without 9 scaffold families (260 molecules, 93 top-decile actives)"
CCC(=O)N1CCc2cnc(Nc3ccc(C)c(Cl)c3)nc2C1,S,S:multi_real,generated,corrected,,"arm multi_real, seed 44, final generation",seed44,True,"curated molecules without 9 scaffold families (260 molecules, 93 top-decile actives)"
Clc1ccc(N2CCc3cnc(NC4CC4)nc3C2)cc1,S,S:multi_real,generated,corrected,,"arm multi_real, seed 44, final generation",seed44,False,"curated molecules without 9 scaffold families (260 molecules, 93 top-decile actives)"
Cc1ccc(N2CCc3cnc(NC4CC4)nc3C2)cc1Cl,S,S:multi_real,generated,corrected,,"arm multi_real, seed 44, final generation",seed44,False,"curated molecules without 9 scaffold families (260 molecules, 93 top-decile actives)"
Cc1ncc(-c2nc(NC(=O)CC3CC3)ncc2F)n1C(C)C,S,S:multi_real,generated,corrected,,"arm multi_real, seed 44, final generation",seed44,False,"curated molecules without 9 scaffold families (260 molecules, 93 top-decile actives)"
O=C(C1CCC1)N1CCc2cnc(Nc3ccc(Cl)cc3)nc2C1,S,S:multi_real,generated,corrected,,"arm multi_real, seed 44, final generation",seed44,False,"curated molecules without 9 scaffold families (260 molecules, 93 top-decile actives)"
Cc1ncc(-c2ccnc(NC3CC3)n2)n1C1CCCC1,S,S:multi_real,generated,corrected,,"arm multi_real, seed 44, final generation",seed44,False,"curated molecules without 9 scaffold families (260 molecules, 93 top-decile actives)"
Cc1ncc(-c2ccnc(NC(C)C)n2)n1C1CCCC1,S,S:multi_real,generated,corrected,,"arm multi_real, seed 44, final generation",seed44,False,"curated molecules without 9 scaffold families (260 molecules, 93 top-decile actives)"
O=C(Nc1ccc(Cl)cc1)N1CCc2cnc(NC3CC3)nc2C1,S,S:multi_real,generated,corrected,,"arm multi_real, seed 44, final generation",seed44,False,"curated molecules without 9 scaffold families (260 molecules, 93 top-decile actives)"
Cc1ccc(Nc2ncc3c(n2)CN(C(=O)C(C)C)CC3)cc1Cl,S,S:multi_real,generated,corrected,,"arm multi_real, seed 44, final generation",seed44,False,"curated molecules without 9 scaffold families (260 molecules, 93 top-decile actives)"
Cc1ncc(-c2ccnc(NC(C)C)n2)n1C1CCN(C)CC1,S,S:multi_real,generated,corrected,,"arm multi_real, seed 44, final generation",seed44,False,"curated molecules without 9 scaffold families (260 molecules, 93 top-decile actives)"
Cc1ccc(N2CCc3cnc(NCC4CC4)nc3C2)cc1Cl,S,S:multi_real,generated,corrected,,"arm multi_real, seed 44, final generation",seed44,False,"curated molecules without 9 scaffold families (260 molecules, 93 top-decile actives)"
Cc1ccc(Nc2ncc3c(n2)CN(C2CC2)CCC3)cc1Cl,S,S:multi_real,generated,corrected,,"arm multi_real, seed 44, final generation",seed44,False,"curated molecules without 9 scaffold families (260 molecules, 93 top-decile actives)"
CC(C)c1ccc(Nc2ncc3c(n2)CN(C2CCC2)CC3)cc1,S,S:multi_real,generated,corrected,,"arm multi_real, seed 44, final generation",seed44,False,"curated molecules without 9 scaffold families (260 molecules, 93 top-decile actives)"
CCC(=O)N1CCc2cnc(NC(=O)c3ccc(Cl)cc3)nc2C1,S,S:multi_real,generated,corrected,,"arm multi_real, seed 44, final generation",seed44,False,"curated molecules without 9 scaffold families (260 molecules, 93 top-decile actives)"
CC(C)c1ccc(Nc2cccc(S(N)(=O)=O)c2)cc1,S,S:multi_real,generated,corrected,,"arm multi_real, seed 45, final generation",seed45,False,"curated molecules without 9 scaffold families (260 molecules, 93 top-decile actives)"
CC(C)(C)c1cccc(Nc2ccc(S(N)(=O)=O)cc2)c1,S,S:multi_real,generated,corrected,,"arm multi_real, seed 45, final generation",seed45,False,"curated molecules without 9 scaffold families (260 molecules, 93 top-decile actives)"
Cc1cc(Oc2ccc(S(N)(=O)=O)cc2)ccc1C(C)C,S,S:multi_real,generated,corrected,,"arm multi_real, seed 45, final generation",seed45,False,"curated molecules without 9 scaffold families (260 molecules, 93 top-decile actives)"
NS(=O)(=O)c1ccc(Nc2ncc(C3CCCC3)cn2)cc1,S,S:multi_real,generated,corrected,,"arm multi_real, seed 45, final generation",seed45,False,"curated molecules without 9 scaffold families (260 molecules, 93 top-decile actives)"
CC(C)Nc1ccc(-c2ccc(S(N)(=O)=O)cc2)nc1,S,S:multi_real,generated,corrected,,"arm multi_real, seed 45, final generation",seed45,False,"curated molecules without 9 scaffold families (260 molecules, 93 top-decile actives)"
CC(C)(C)Nc1ccc(-c2ccc(S(N)(=O)=O)cc2)cc1,S,S:multi_real,generated,corrected,,"arm multi_real, seed 45, final generation",seed45,False,"curated molecules without 9 scaffold families (260 molecules, 93 top-decile actives)"
CC(C)(C)NC(=O)c1ccc(-c2ccc(S(N)(=O)=O)cc2)cc1,S,S:multi_real,generated,corrected,,"arm multi_real, seed 45, final generation",seed45,False,"curated molecules without 9 scaffold families (260 molecules, 93 top-decile actives)"
CC(C)(C)Nc1ccc(Cc2ccc(S(N)(=O)=O)cc2)cc1,S,S:multi_real,generated,corrected,,"arm multi_real, seed 45, final generation",seed45,False,"curated molecules without 9 scaffold families (260 molecules, 93 top-decile actives)"
NS(=O)(=O)c1ccc(-c2ccc(CN3CCOCC3)cc2)cc1,S,S:multi_real,generated,corrected,,"arm multi_real, seed 45, final generation",seed45,False,"curated molecules without 9 scaffold families (260 molecules, 93 top-decile actives)"
NS(=O)(=O)c1ccc(CNCc2ccc(C(F)(F)F)cc2)cc1,S,S:multi_real,generated,corrected,,"arm multi_real, seed 45, final generation",seed45,False,"curated molecules without 9 scaffold families (260 molecules, 93 top-decile actives)"
CC(C)(C)c1cccc(NCc2ccc(S(N)(=O)=O)cc2)c1,S,S:multi_real,generated,corrected,,"arm multi_real, seed 45, final generation",seed45,False,"curated molecules without 9 scaffold families (260 molecules, 93 top-decile actives)"
NS(=O)(=O)c1ccc(CCc2c(F)cccc2F)cc1,S,S:multi_real,generated,corrected,,"arm multi_real, seed 45, final generation",seed45,False,"curated molecules without 9 scaffold families (260 molecules, 93 top-decile actives)"
NS(=O)(=O)c1ccc(Cc2ccc(OC(F)(F)F)cc2)cc1,S,S:multi_real,generated,corrected,,"arm multi_real, seed 45, final generation",seed45,False,"curated molecules without 9 scaffold families (260 molecules, 93 top-decile actives)"
NS(=O)(=O)c1ccc(-c2ccc(CCC(F)(F)F)cc2)cc1,S,S:multi_real,generated,corrected,,"arm multi_real, seed 45, final generation",seed45,False,"curated molecules without 9 scaffold families (260 molecules, 93 top-decile actives)"
CC(C)Cc1cnc(Cc2ccc(S(N)(=O)=O)cc2)o1,S,S:multi_real,generated,corrected,,"arm multi_real, seed 45, final generation",seed45,False,"curated molecules without 9 scaffold families (260 molecules, 93 top-decile actives)"
CNS(=O)(=O)c1ccc(-c2ccc(S(N)(=O)=O)cc2)cc1,S,S:multi_real,generated,corrected,,"arm multi_real, seed 45, final generation",seed45,False,"curated molecules without 9 scaffold families (260 molecules, 93 top-decile actives)"
CC(C)(C)NC(=O)c1ccc(Cc2ccc(S(N)(=O)=O)cc2)cc1,S,S:multi_real,generated,corrected,,"arm multi_real, seed 45, final generation",seed45,False,"curated molecules without 9 scaffold families (260 molecules, 93 top-decile actives)"
CCC(C)Nc1ccc(-c2ccc(S(N)(=O)=O)cc2)cc1,S,S:multi_real,generated,corrected,,"arm multi_real, seed 45, final generation",seed45,False,"curated molecules without 9 scaffold families (260 molecules, 93 top-decile actives)"
Cc1ncc(-c2nc(NCC(C)(C)C)ncc2F)n1C(C)C,S,S:multi_real,generated,corrected,,"arm multi_real, seed 46, final generation",seed46,False,"curated molecules without 9 scaffold families (260 molecules, 93 top-decile actives)"
Cc1ncc(-c2nc(NCC3CCN(C)CC3)ncc2F)n1C(C)C,S,S:multi_real,generated,corrected,,"arm multi_real, seed 46, final generation",seed46,False,"curated molecules without 9 scaffold families (260 molecules, 93 top-decile actives)"
Cc1ncc(-c2nc(NCC3CCOCC3)ncc2F)n1C(C)C,S,S:multi_real,generated,corrected,,"arm multi_real, seed 46, final generation",seed46,False,"curated molecules without 9 scaffold families (260 molecules, 93 top-decile actives)"
Cc1ncc(-c2nc(NCN3CCOCC3)ncc2F)n1C(C)C,S,S:multi_real,generated,corrected,,"arm multi_real, seed 46, final generation",seed46,False,"curated molecules without 9 scaffold families (260 molecules, 93 top-decile actives)"
Cc1ncc(-c2cc(NC3CCOCC3)ncc2F)n1C(C)C,S,S:multi_real,generated,corrected,,"arm multi_real, seed 46, final generation",seed46,False,"curated molecules without 9 scaffold families (260 molecules, 93 top-decile actives)"
Cc1ncc(-c2cc(NC(=O)C(C)C)ncc2F)n1C(C)C,S,S:multi_real,generated,corrected,,"arm multi_real, seed 46, final generation",seed46,False,"curated molecules without 9 scaffold families (260 molecules, 93 top-decile actives)"
CCn1c(-c2nc(NC3CCOCC3)ncc2F)cnc1C,S,S:multi_real,generated,corrected,,"arm multi_real, seed 46, final generation",seed46,False,"curated molecules without 9 scaffold families (260 molecules, 93 top-decile actives)"
Cc1ncc(-c2cc(NC(C)C)ncc2F)n1C(C)C,S,S:multi_real,generated,corrected,,"arm multi_real, seed 46, final generation",seed46,False,"curated molecules without 9 scaffold families (260 molecules, 93 top-decile actives)"
CC(C)Nc1ccc(CCc2ccc(S(N)(=O)=O)cc2)cc1,S,S:multi_real,generated,corrected,,"arm multi_real, seed 46, final generation",seed46,False,"curated molecules without 9 scaffold families (260 molecules, 93 top-decile actives)"
C=C(C)n1c(-c2nc(NC3CCN(C)CC3)ncc2F)cnc1C,S,S:multi_real,generated,corrected,,"arm multi_real, seed 46, final generation",seed46,False,"curated molecules without 9 scaffold families (260 molecules, 93 top-decile actives)"
Cc1ncc(-c2nc(NC3CCC3)ncc2F)n1C(C)(C)C,S,S:multi_real,generated,corrected,,"arm multi_real, seed 46, final generation",seed46,False,"curated molecules without 9 scaffold families (260 molecules, 93 top-decile actives)"
Cc1ncc(-c2nc(CNC(C)(C)C)ncc2F)n1C(C)C,S,S:multi_real,generated,corrected,,"arm multi_real, seed 46, final generation",seed46,False,"curated molecules without 9 scaffold families (260 molecules, 93 top-decile actives)"
CCNc1ncc(F)c(-c2cnc(C)n2C(C)(C)C)n1,S,S:multi_real,generated,corrected,,"arm multi_real, seed 46, final generation",seed46,True,"curated molecules without 9 scaffold families (260 molecules, 93 top-decile actives)"
CC(=O)NNc1ncc(F)c(-c2cnc(C)n2C(C)C)n1,S,S:multi_real,generated,corrected,,"arm multi_real, seed 46, final generation",seed46,False,"curated molecules without 9 scaffold families (260 molecules, 93 top-decile actives)"
Cc1ncc(-c2nc(NC(C)C)ncc2F)n1CC(C)C,S,S:multi_real,generated,corrected,,"arm multi_real, seed 46, final generation",seed46,False,"curated molecules without 9 scaffold families (260 molecules, 93 top-decile actives)"
CCn1c(-c2nc(NC(=O)CC(C)(C)C)ncc2F)cnc1C,S,S:multi_real,generated,corrected,,"arm multi_real, seed 46, final generation",seed46,False,"curated molecules without 9 scaffold families (260 molecules, 93 top-decile actives)"
C=C(C)n1c(-c2nc(NC3CCOCC3)ncc2F)cnc1C,S,S:multi_real,generated,corrected,,"arm multi_real, seed 46, final generation",seed46,False,"curated molecules without 9 scaffold families (260 molecules, 93 top-decile actives)"
Cc1ncc(-c2nc(NS(N)(=O)=O)ncc2F)n1C(C)C,S,S:multi_real,generated,corrected,,"arm multi_real, seed 46, final generation",seed46,False,"curated molecules without 9 scaffold families (260 molecules, 93 top-decile actives)"
Cc1ncc(-c2nc(NC(=O)CNC(C)C)ncc2F)n1C(C)C,S,S:multi_real,generated,corrected,,"arm multi_real, seed 46, final generation",seed46,False,"curated molecules without 9 scaffold families (260 molecules, 93 top-decile actives)"
Cc1ncc(-c2nc(NC(=O)N=C3CCOCC3)ncc2F)n1C(C)C,S,S:multi_real,generated,corrected,,"arm multi_real, seed 46, final generation",seed46,False,"curated molecules without 9 scaffold families (260 molecules, 93 top-decile actives)"
Cc1ncc(-c2nc(NC(=S)C(C)C)ncc2F)n1C(C)C,S,S:multi_real,generated,corrected,,"arm multi_real, seed 46, final generation",seed46,False,"curated molecules without 9 scaffold families (260 molecules, 93 top-decile actives)"
CCN(CC)C1CCN(c2ccc(CCO)nc2)CC1,S,S:multi_scrambled,generated,corrected,,"arm multi_scrambled, seed 42, final generation",seed42,False,"curated molecules without 9 scaffold families (260 molecules, 93 top-decile actives)"
COc1cc(C(=O)NC(=O)Nc2ccccc2C)cc(OC)c1OC,S,S:multi_scrambled,generated,corrected,,"arm multi_scrambled, seed 42, final generation",seed42,False,"curated molecules without 9 scaffold families (260 molecules, 93 top-decile actives)"
CCN(CC)C1CCN(c2ccc(-c3ccc(O)cn3)nc2)CC1,S,S:multi_scrambled,generated,corrected,,"arm multi_scrambled, seed 42, final generation",seed42,False,"curated molecules without 9 scaffold families (260 molecules, 93 top-decile actives)"
COc1cc(-c2ccc(O)cc2C)c(F)c(OC)c1OC,S,S:multi_scrambled,generated,corrected,,"arm multi_scrambled, seed 42, final generation",seed42,False,"curated molecules without 9 scaffold families (260 molecules, 93 top-decile actives)"
Cc1ccccc1Nc1ccnc(N2CCOCC2)n1,S,S:multi_scrambled,generated,corrected,,"arm multi_scrambled, seed 42, final generation",seed42,False,"curated molecules without 9 scaffold families (260 molecules, 93 top-decile actives)"
Cc1ccccc1Nc1ccnc(N2CCN(C)CC2)n1,S,S:multi_scrambled,generated,corrected,,"arm multi_scrambled, seed 42, final generation",seed42,False,"curated molecules without 9 scaffold families (260 molecules, 93 top-decile actives)"
CCN(CC)C1CCN(C(=O)NC(=O)c2ccccc2C)CC1,S,S:multi_scrambled,generated,corrected,,"arm multi_scrambled, seed 42, final generation",seed42,False,"curated molecules without 9 scaffold families (260 molecules, 93 top-decile actives)"
COc1cc(NC(=O)Cc2cccc(Cl)c2)cc(OC)c1OC,S,S:multi_scrambled,generated,corrected,,"arm multi_scrambled, seed 42, final generation",seed42,False,"curated molecules without 9 scaffold families (260 molecules, 93 top-decile actives)"
CCC(=O)Nc1ccc(C(=O)c2ccccc2C)cc1Cl,S,S:multi_scrambled,generated,corrected,,"arm multi_scrambled, seed 42, final generation",seed42,False,"curated molecules without 9 scaffold families (260 molecules, 93 top-decile actives)"
CN1CCN(C(=O)c2ccc(O)c(-c3ccccc3)c2)CCC1=O,S,S:multi_scrambled,generated,corrected,,"arm multi_scrambled, seed 42, final generation",seed42,False,"curated molecules without 9 scaffold families (260 molecules, 93 top-decile actives)"
COc1cc(NC(=O)c2ccc(C#N)cc2)cc(OC)c1OC,S,S:multi_scrambled,generated,corrected,,"arm multi_scrambled, seed 42, final generation",seed42,False,"curated molecules without 9 scaffold families (260 molecules, 93 top-decile actives)"
C=C(C)c1cc(C(=O)Nc2ccccc2C)cc(OC)c1N1CCOCC1,S,S:multi_scrambled,generated,corrected,,"arm multi_scrambled, seed 42, final generation",seed42,False,"curated molecules without 9 scaffold families (260 molecules, 93 top-decile actives)"
CCN(CC)C1CCN(c2ccc(NC(=O)Nc3ccccc3)nc2)CC1,S,S:multi_scrambled,generated,corrected,,"arm multi_scrambled, seed 42, final generation",seed42,False,"curated molecules without 9 scaffold families (260 molecules, 93 top-decile actives)"
C=C(C)c1cc(C(=O)Nc2ccccc2)cc(OC)c1N1CCOCC1,S,S:multi_scrambled,generated,corrected,,"arm multi_scrambled, seed 42, final generation",seed42,False,"curated molecules without 9 scaffold families (260 molecules, 93 top-decile actives)"
C=C(C)c1nccc(-c2cc(NC)c(OC)c(OC)c2)n1,S,S:multi_scrambled,generated,corrected,,"arm multi_scrambled, seed 42, final generation",seed42,False,"curated molecules without 9 scaffold families (260 molecules, 93 top-decile actives)"
CON(C)C(=O)Nc1ccnc(/C=C/c2ccccc2)n1,S,S:multi_scrambled,generated,corrected,,"arm multi_scrambled, seed 42, final generation",seed42,False,"curated molecules without 9 scaffold families (260 molecules, 93 top-decile actives)"
Cc1ccccc1NC(=O)NC(=O)c1ccc(C(C)(C)C)cc1,S,S:multi_scrambled,generated,corrected,,"arm multi_scrambled, seed 42, final generation",seed42,False,"curated molecules without 9 scaffold families (260 molecules, 93 top-decile actives)"
C=C(C)c1ccc(Nc2cc(OC)c(OC)c(OC)c2)nc1,S,S:multi_scrambled,generated,corrected,,"arm multi_scrambled, seed 42, final generation",seed42,False,"curated molecules without 9 scaffold families (260 molecules, 93 top-decile actives)"
C=C(C)c1ccc(-c2cc(NC)c(OC)c(OC)c2)cn1,S,S:multi_scrambled,generated,corrected,,"arm multi_scrambled, seed 42, final generation",seed42,False,"curated molecules without 9 scaffold families (260 molecules, 93 top-decile actives)"
COc1cc(Oc2ccccc2C)cc(OC)c1OC,S,S:multi_scrambled,generated,corrected,,"arm multi_scrambled, seed 42, final generation",seed42,False,"curated molecules without 9 scaffold families (260 molecules, 93 top-decile actives)"
Cc1ccccc1NC(=O)NCC(=O)Nc1ccccc1,S,S:multi_scrambled,generated,corrected,,"arm multi_scrambled, seed 42, final generation",seed42,False,"curated molecules without 9 scaffold families (260 molecules, 93 top-decile actives)"
C=C(C)c1nccc(-c2ccc(N3CCOCC3)cc2)n1,S,S:multi_scrambled,generated,corrected,,"arm multi_scrambled, seed 42, final generation",seed42,False,"curated molecules without 9 scaffold families (260 molecules, 93 top-decile actives)"
Cc1ccccc1NCc1ccc(N2CCN(C)CC2)cc1,S,S:multi_scrambled,generated,corrected,,"arm multi_scrambled, seed 43, final generation",seed43,False,"curated molecules without 9 scaffold families (260 molecules, 93 top-decile actives)"
Cc1ccccc1Nc1ccc(N2CCN(C)CC2)cc1,S,S:multi_scrambled,generated,corrected,,"arm multi_scrambled, seed 43, final generation",seed43,False,"curated molecules without 9 scaffold families (260 molecules, 93 top-decile actives)"
Cc1ccccc1C(=O)NCc1ccc(N2CCN(C)CC2)cc1,S,S:multi_scrambled,generated,corrected,,"arm multi_scrambled, seed 43, final generation",seed43,False,"curated molecules without 9 scaffold families (260 molecules, 93 top-decile actives)"
Cc1ccccc1C(=O)NC(=O)Cc1cccc(Cl)c1,S,S:multi_scrambled,generated,corrected,,"arm multi_scrambled, seed 43, final generation",seed43,False,"curated molecules without 9 scaffold families (260 molecules, 93 top-decile actives)"
Cc1ccccc1CC(=O)NC(=O)c1ccc(N2CCCC2)cc1,S,S:multi_scrambled,generated,corrected,,"arm multi_scrambled, seed 43, final generation",seed43,False,"curated molecules without 9 scaffold families (260 molecules, 93 top-decile actives)"
Cc1cccc(C)c1Nc1ccc(N2CCN(C)CC2)cc1,S,S:multi_scrambled,generated,corrected,,"arm multi_scrambled, seed 43, final generation",seed43,False,"curated molecules without 9 scaffold families (260 molecules, 93 top-decile actives)"
Cc1ccc(Cl)cc1NC(=O)COc1ccccc1C,S,S:multi_scrambled,generated,corrected,,"arm multi_scrambled, seed 43, final generation",seed43,False,"curated molecules without 9 scaffold families (260 molecules, 93 top-decile actives)"
Cc1ccccc1NCC(=O)Nc1c(C)cccc1C,S,S:multi_scrambled,generated,corrected,,"arm multi_scrambled, seed 43, final generation",seed43,False,"curated molecules without 9 scaffold families (260 molecules, 93 top-decile actives)"
Cc1ccccc1NC(=O)Nc1ccc(OC(F)(F)F)cc1,S,S:multi_scrambled,generated,corrected,,"arm multi_scrambled, seed 43, final generation",seed43,False,"curated molecules without 9 scaffold families (260 molecules, 93 top-decile actives)"
Cc1ccccc1C(=O)NC(=O)Cc1ccc(N2CCN(C)CC2)cc1,S,S:multi_scrambled,generated,corrected,,"arm multi_scrambled, seed 43, final generation",seed43,False,"curated molecules without 9 scaffold families (260 molecules, 93 top-decile actives)"
Cc1ccccc1C(=O)NCC(=O)NC(=O)Oc1ccccc1,S,S:multi_scrambled,generated,corrected,,"arm multi_scrambled, seed 43, final generation",seed43,False,"curated molecules without 9 scaffold families (260 molecules, 93 top-decile actives)"
Cc1cccc(C(=O)NC(=O)Cc2ccccc2C)c1,S,S:multi_scrambled,generated,corrected,,"arm multi_scrambled, seed 43, final generation",seed43,False,"curated molecules without 9 scaffold families (260 molecules, 93 top-decile actives)"
Cc1cccc(C)c1CC(=O)Nc1ccc(N2CCN(C)CC2)cc1,S,S:multi_scrambled,generated,corrected,,"arm multi_scrambled, seed 43, final generation",seed43,False,"curated molecules without 9 scaffold families (260 molecules, 93 top-decile actives)"
Cc1ccccc1CC(=O)NN1CCCN(c2ccccc2)CCC1,S,S:multi_scrambled,generated,corrected,,"arm multi_scrambled, seed 43, final generation",seed43,False,"curated molecules without 9 scaffold families (260 molecules, 93 top-decile actives)"
C=C(C)c1ccc2c(c1)c(CNC(=O)C1CCN(C)CC1)cn2C,S,S:multi_scrambled,generated,corrected,,"arm multi_scrambled, seed 44, final generation",seed44,False,"curated molecules without 9 scaffold families (260 molecules, 93 top-decile actives)"
C=C(C)c1ccc2c(c1)c(CC(=O)N1CCCNCC1)cn2C,S,S:multi_scrambled,generated,corrected,,"arm multi_scrambled, seed 44, final generation",seed44,False,"curated molecules without 9 scaffold families (260 molecules, 93 top-decile actives)"
C=C(C)c1ccc2c(c1)c(CC(=O)N1CCCCNCC1)cn2C,S,S:multi_scrambled,generated,corrected,,"arm multi_scrambled, seed 44, final generation",seed44,False,"curated molecules without 9 scaffold families (260 molecules, 93 top-decile actives)"
CC1CCN(C(=O)c2cn(C)c3ccc(C(=O)O)cc23)CC1,S,S:multi_scrambled,generated,corrected,,"arm multi_scrambled, seed 44, final generation",seed44,False,"curated molecules without 9 scaffold families (260 molecules, 93 top-decile actives)"
Cn1cc(CCC(=O)N2CCC(N)CC2)c2cc(C3CC3)ccc21,S,S:multi_scrambled,generated,corrected,,"arm multi_scrambled, seed 44, final generation",seed44,False,"curated molecules without 9 scaffold families (260 molecules, 93 top-decile actives)"
C=C(C)c1ccc2c(c1)c(CCNC(=O)N1CCC(N)CC1)cn2C,S,S:multi_scrambled,generated,corrected,,"arm multi_scrambled, seed 44, final generation",seed44,False,"curated molecules without 9 scaffold families (260 molecules, 93 top-decile actives)"
C=C(C)c1ccc2c(c1)c(CNC(=O)N1CCC(N)CC1)cn2C,S,S:multi_scrambled,generated,corrected,,"arm multi_scrambled, seed 44, final generation",seed44,False,"curated molecules without 9 scaffold families (260 molecules, 93 top-decile actives)"
CC1CCN(NCc2cn(C)c3ccc(C4CC4)cc23)CC1,S,S:multi_scrambled,generated,corrected,,"arm multi_scrambled, seed 44, final generation",seed44,False,"curated molecules without 9 scaffold families (260 molecules, 93 top-decile actives)"
CN1CCC(Cc2cn(C)c3ccc(C(N)=O)cc23)CC1,S,S:multi_scrambled,generated,corrected,,"arm multi_scrambled, seed 44, final generation",seed44,False,"curated molecules without 9 scaffold families (260 molecules, 93 top-decile actives)"
CC1CCN(c2ccc3c(c2)c(C(=O)O)cn3C)CC1,S,S:multi_scrambled,generated,corrected,,"arm multi_scrambled, seed 44, final generation",seed44,False,"curated molecules without 9 scaffold families (260 molecules, 93 top-decile actives)"
CC1CCN(c2cn(C)c3ccc(C(=O)O)cc23)CC1,S,S:multi_scrambled,generated,corrected,,"arm multi_scrambled, seed 44, final generation",seed44,False,"curated molecules without 9 scaffold families (260 molecules, 93 top-decile actives)"
CC1CCN(c2cn(C)c3ccc(C4CNC4)cc23)CC1,S,S:multi_scrambled,generated,corrected,,"arm multi_scrambled, seed 44, final generation",seed44,False,"curated molecules without 9 scaffold families (260 molecules, 93 top-decile actives)"
Cn1cc(CC(=O)C2CCNCC2)c2cc(C3CC3)ccc21,S,S:multi_scrambled,generated,corrected,,"arm multi_scrambled, seed 44, final generation",seed44,False,"curated molecules without 9 scaffold families (260 molecules, 93 top-decile actives)"
CN1CCC(Cc2cn(C)c3ccc(N4CCCNCC4)cc23)CC1,S,S:multi_scrambled,generated,corrected,,"arm multi_scrambled, seed 44, final generation",seed44,False,"curated molecules without 9 scaffold families (260 molecules, 93 top-decile actives)"
Cn1cc(CCC2CCN(C(=O)C(F)F)CC2)c2cc(C(N)=O)ccc21,S,S:multi_scrambled,generated,corrected,,"arm multi_scrambled, seed 44, final generation",seed44,False,"curated molecules without 9 scaffold families (260 molecules, 93 top-decile actives)"
CCN(CC)C1CCN(c2ccc(C(N)=O)nc2)CC1,S,S:multi_scrambled,generated,corrected,,"arm multi_scrambled, seed 44, final generation",seed44,False,"curated molecules without 9 scaffold families (260 molecules, 93 top-decile actives)"
Cn1cc(CCC(=O)N2CCCCNCC2)c2cc(C3CC3)ccc21,S,S:multi_scrambled,generated,corrected,,"arm multi_scrambled, seed 44, final generation",seed44,False,"curated molecules without 9 scaffold families (260 molecules, 93 top-decile actives)"
CN1CCN(Cc2cn(C)c3ccc(C(N)=O)cc23)CC1,S,S:multi_scrambled,generated,corrected,,"arm multi_scrambled, seed 44, final generation",seed44,False,"curated molecules without 9 scaffold families (260 molecules, 93 top-decile actives)"
CC1CCN(C(=O)Nc2ccc3c(c2)c(C(=O)O)cn3C)CC1,S,S:multi_scrambled,generated,corrected,,"arm multi_scrambled, seed 44, final generation",seed44,False,"curated molecules without 9 scaffold families (260 molecules, 93 top-decile actives)"
C=C(C)c1ccc2c(c1)c(CCC1CCNCC1)cn2C,S,S:multi_scrambled,generated,corrected,,"arm multi_scrambled, seed 44, final generation",seed44,False,"curated molecules without 9 scaffold families (260 molecules, 93 top-decile actives)"
CCOc1ccccc1-c1ccc(N2CCCNCC2)cc1,S,S:multi_scrambled,generated,corrected,,"arm multi_scrambled, seed 45, final generation",seed45,False,"curated molecules without 9 scaffold families (260 molecules, 93 top-decile actives)"
COc1ncccc1-c1ccc(N2CCCNCC2)cc1,S,S:multi_scrambled,generated,corrected,,"arm multi_scrambled, seed 45, final generation",seed45,False,"curated molecules without 9 scaffold families (260 molecules, 93 top-decile actives)"
COc1cc(N2CCCNCC2)cc(-c2ccccn2)c1OC,S,S:multi_scrambled,generated,corrected,,"arm multi_scrambled, seed 45, final generation",seed45,False,"curated molecules without 9 scaffold families (260 molecules, 93 top-decile actives)"
CCOc1ccccc1-c1ccc(N2CCCNCC2)cc1Cl,S,S:multi_scrambled,generated,corrected,,"arm multi_scrambled, seed 45, final generation",seed45,False,"curated molecules without 9 scaffold families (260 molecules, 93 top-decile actives)"
O=C(O)c1ccc(-c2ccc(N3CCCNCC3)cc2)cc1,S,S:multi_scrambled,generated,corrected,,"arm multi_scrambled, seed 45, final generation",seed45,False,"curated molecules without 9 scaffold families (260 molecules, 93 top-decile actives)"
c1cnc(N2CCOCC2)c(-c2ccc(N3CCCNCC3)cc2)c1,S,S:multi_scrambled,generated,corrected,,"arm multi_scrambled, seed 45, final generation",seed45,False,"curated molecules without 9 scaffold families (260 molecules, 93 top-decile actives)"
c1ccc(NCc2ccc(N3CCCNCC3)cc2)nc1,S,S:multi_scrambled,generated,corrected,,"arm multi_scrambled, seed 45, final generation",seed45,False,"curated molecules without 9 scaffold families (260 molecules, 93 top-decile actives)"
CC1CCN(c2ccc(N3CCCNCC3)cc2Cl)CC1,S,S:multi_scrambled,generated,corrected,,"arm multi_scrambled, seed 45, final generation",seed45,False,"curated molecules without 9 scaffold families (260 molecules, 93 top-decile actives)"
COc1ccccc1-c1ccc(N2CCNCC2)cc1,S,S:multi_scrambled,generated,corrected,,"arm multi_scrambled, seed 45, final generation",seed45,False,"curated molecules without 9 scaffold families (260 molecules, 93 top-decile actives)"
CCc1ccccc1-c1ccc(N2CCCNCC2)cc1Cl,S,S:multi_scrambled,generated,corrected,,"arm multi_scrambled, seed 45, final generation",seed45,False,"curated molecules without 9 scaffold families (260 molecules, 93 top-decile actives)"
COc1cc(-c2ccccn2)c(OC)c(N2CCCNCCC2)c1,S,S:multi_scrambled,generated,corrected,,"arm multi_scrambled, seed 45, final generation",seed45,False,"curated molecules without 9 scaffold families (260 molecules, 93 top-decile actives)"
COc1cc(NC(=O)c2ccccn2)cc(C(=O)O)c1OC,S,S:multi_scrambled,generated,corrected,,"arm multi_scrambled, seed 45, final generation",seed45,False,"curated molecules without 9 scaffold families (260 molecules, 93 top-decile actives)"
COc1cc(N2CCCNCC2)cc(N2CCOCC2)c1OC,S,S:multi_scrambled,generated,corrected,,"arm multi_scrambled, seed 45, final generation",seed45,False,"curated molecules without 9 scaffold families (260 molecules, 93 top-decile actives)"
c1ccc(-c2ccc(CN3CCCNCC3)cc2)nc1,S,S:multi_scrambled,generated,corrected,,"arm multi_scrambled, seed 45, final generation",seed45,False,"curated molecules without 9 scaffold families (260 molecules, 93 top-decile actives)"
CCOc1cc(NC(=O)Nc2ccccn2)cc(OC)c1OC,S,S:multi_scrambled,generated,corrected,,"arm multi_scrambled, seed 45, final generation",seed45,False,"curated molecules without 9 scaffold families (260 molecules, 93 top-decile actives)"
COc1cc(NC(=O)c2cccs2)cc(C(=O)O)c1OC,S,S:multi_scrambled,generated,corrected,,"arm multi_scrambled, seed 45, final generation",seed45,False,"curated molecules without 9 scaffold families (260 molecules, 93 top-decile actives)"
CN1CCN(c2nccc(-c3ccc(N4CCCNCC4)cc3)n2)CC1,S,S:multi_scrambled,generated,corrected,,"arm multi_scrambled, seed 45, final generation",seed45,False,"curated molecules without 9 scaffold families (260 molecules, 93 top-decile actives)"
O=C(O)c1ccc(-c2ccc(N3CCCCNCC3)cc2)cc1,S,S:multi_scrambled,generated,corrected,,"arm multi_scrambled, seed 45, final generation",seed45,False,"curated molecules without 9 scaffold families (260 molecules, 93 top-decile actives)"
O=C(Nc1ccccn1)c1ccc(N2CCCNCC2)cc1,S,S:multi_scrambled,generated,corrected,,"arm multi_scrambled, seed 45, final generation",seed45,False,"curated molecules without 9 scaffold families (260 molecules, 93 top-decile actives)"
Oc1cccnc1Cc1ccc(N2CCCNCC2)cc1,S,S:multi_scrambled,generated,corrected,,"arm multi_scrambled, seed 45, final generation",seed45,False,"curated molecules without 9 scaffold families (260 molecules, 93 top-decile actives)"
O=C(Nc1ccccn1)c1ccc(N2CCCNCCC2)cc1,S,S:multi_scrambled,generated,corrected,,"arm multi_scrambled, seed 45, final generation",seed45,False,"curated molecules without 9 scaffold families (260 molecules, 93 top-decile actives)"
CN1CCN(c2ccc(N3CCCNCC3)cc2)CC1,S,S:multi_scrambled,generated,corrected,,"arm multi_scrambled, seed 45, final generation",seed45,False,"curated molecules without 9 scaffold families (260 molecules, 93 top-decile actives)"
COc1cc(F)ccc1Cc1ccc(N2CCCNCC2)cc1,S,S:multi_scrambled,generated,corrected,,"arm multi_scrambled, seed 46, final generation",seed46,False,"curated molecules without 9 scaffold families (260 molecules, 93 top-decile actives)"
COc1ccccc1-c1ccc(CN2CCCNCC2)c(F)c1,S,S:multi_scrambled,generated,corrected,,"arm multi_scrambled, seed 46, final generation",seed46,False,"curated molecules without 9 scaffold families (260 molecules, 93 top-decile actives)"
CCc1ccccc1-c1ccc(N2CCCNCC2)cc1,S,S:multi_scrambled,generated,corrected,,"arm multi_scrambled, seed 46, final generation",seed46,False,"curated molecules without 9 scaffold families (260 molecules, 93 top-decile actives)"
CCCc1cc(-c2ccc(N3CCCNCC3)cc2)ccn1,S,S:multi_scrambled,generated,corrected,,"arm multi_scrambled, seed 46, final generation",seed46,False,"curated molecules without 9 scaffold families (260 molecules, 93 top-decile actives)"
CN1CCN(Cc2ccc(N3CCCNCC3)cc2)CC1,S,S:multi_scrambled,generated,corrected,,"arm multi_scrambled, seed 46, final generation",seed46,False,"curated molecules without 9 scaffold families (260 molecules, 93 top-decile actives)"
c1cc(C2CC2)ccc1-c1ccc(N2CCCNCC2)cc1,S,S:multi_scrambled,generated,corrected,,"arm multi_scrambled, seed 46, final generation",seed46,False,"curated molecules without 9 scaffold families (260 molecules, 93 top-decile actives)"
COCCc1nnc(N2CCCNCC2)c2cccc(C)c12,S,S:multi_scrambled,generated,corrected,,"arm multi_scrambled, seed 46, final generation",seed46,False,"curated molecules without 9 scaffold families (260 molecules, 93 top-decile actives)"
CN1CCCN(c2ccc(CN3CCCNCC3)cc2)CC1,S,S:multi_scrambled,generated,corrected,,"arm multi_scrambled, seed 46, final generation",seed46,False,"curated molecules without 9 scaffold families (260 molecules, 93 top-decile actives)"
CCN(C)c1ccc(-c2ccc(N3CCCNCC3)cc2)cc1,S,S:multi_scrambled,generated,corrected,,"arm multi_scrambled, seed 46, final generation",seed46,False,"curated molecules without 9 scaffold families (260 molecules, 93 top-decile actives)"
c1ccc(Nc2ccc(N3CCCNCC3)cc2)cc1,S,S:multi_scrambled,generated,corrected,,"arm multi_scrambled, seed 46, final generation",seed46,False,"curated molecules without 9 scaffold families (260 molecules, 93 top-decile actives)"
Oc1ccccc1-c1ccc(N2CCCNCC2)cc1,S,S:multi_scrambled,generated,corrected,,"arm multi_scrambled, seed 46, final generation",seed46,False,"curated molecules without 9 scaffold families (260 molecules, 93 top-decile actives)"
CN1CCN(c2nc(-c3ccc(N4CCCNCC4)cc3)ncc2F)CC1,S,S:multi_scrambled,generated,corrected,,"arm multi_scrambled, seed 46, final generation",seed46,False,"curated molecules without 9 scaffold families (260 molecules, 93 top-decile actives)"
CCc1nnc(N2CCCNCC2)c2cccc(C)c12,S,S:multi_scrambled,generated,corrected,,"arm multi_scrambled, seed 46, final generation",seed46,False,"curated molecules without 9 scaffold families (260 molecules, 93 top-decile actives)"
c1cc(CNc2ccc(N3CCCNCC3)cc2)ccn1,S,S:multi_scrambled,generated,corrected,,"arm multi_scrambled, seed 46, final generation",seed46,False,"curated molecules without 9 scaffold families (260 molecules, 93 top-decile actives)"
CN1CCN(c2ccccc2Cc2ccc(N3CCCNCC3)cc2)CC1,S,S:multi_scrambled,generated,corrected,,"arm multi_scrambled, seed 46, final generation",seed46,False,"curated molecules without 9 scaffold families (260 molecules, 93 top-decile actives)"
OCc1nc(-c2ccc(N3CCCNCC3)cc2)ncc1F,S,S:multi_scrambled,generated,corrected,,"arm multi_scrambled, seed 46, final generation",seed46,False,"curated molecules without 9 scaffold families (260 molecules, 93 top-decile actives)"
Cc1cccc2c(N3CCCNCC3)nnc(CCC(C)C)c12,S,S:multi_scrambled,generated,corrected,,"arm multi_scrambled, seed 46, final generation",seed46,False,"curated molecules without 9 scaffold families (260 molecules, 93 top-decile actives)"
CC(C)c1cc(-c2ccc(CN3CCCNCC3)cc2)ccn1,S,S:multi_scrambled,generated,corrected,,"arm multi_scrambled, seed 46, final generation",seed46,False,"curated molecules without 9 scaffold families (260 molecules, 93 top-decile actives)"
COc1ccccc1-c1ccc(CN2CCCNCC2)c(CF)c1,S,S:multi_scrambled,generated,corrected,,"arm multi_scrambled, seed 46, final generation",seed46,False,"curated molecules without 9 scaffold families (260 molecules, 93 top-decile actives)"
CN1CCCN(c2ccc(N3CCCNCC3)cc2)CC1,S,S:multi_scrambled,generated,corrected,,"arm multi_scrambled, seed 46, final generation",seed46,False,"curated molecules without 9 scaffold families (260 molecules, 93 top-decile actives)"
Fc1cc(N2CCCNCC2)ccc1COC1CCC1,S,S:multi_scrambled,generated,corrected,,"arm multi_scrambled, seed 46, final generation",seed46,False,"curated molecules without 9 scaffold families (260 molecules, 93 top-decile actives)"
CCCCc1nnc(N2CCCNCCC2)c2cccc(C)c12,S,S:multi_scrambled,generated,corrected,,"arm multi_scrambled, seed 46, final generation",seed46,False,"curated molecules without 9 scaffold families (260 molecules, 93 top-decile actives)"
CC(=Nc1ccc(S(N)(=O)=O)cc1)c1ccc2[nH]c(O)c(Cc3c(O)[nH]c4ccc(-c5cnco5)cc34)c2c1,S,S:activity_only,generated,corrected,,"arm activity_only, seed 42, final generation",seed42,True,"curated molecules without 9 scaffold families (260 molecules, 93 top-decile actives)"
CC(=Nc1ccc(S(N)(=O)=O)cc1)N=C(c1ccc([S+](N)[O-])cc1)c1c(O)[nH]c2ccc(-c3cnco3)cc12,S,S:activity_only,generated,corrected,,"arm activity_only, seed 42, final generation",seed42,False,"curated molecules without 9 scaffold families (260 molecules, 93 top-decile actives)"
N[S+]([O-])c1ccc(C(=Nc2ccc(S(N)(=O)=O)cc2)c2c(O)[nH]c3ccc(-c4cnco4)cc23)cc1,S,S:activity_only,generated,corrected,,"arm activity_only, seed 42, final generation",seed42,False,"curated molecules without 9 scaffold families (260 molecules, 93 top-decile actives)"
CC(C)(N)C(=Nc1ccc(S(N)(=O)=O)cc1)N=C(c1c(O)[nH]c2ccc(-c3cnco3)cc12)S(N)(=O)=O,S,S:activity_only,generated,corrected,,"arm activity_only, seed 42, final generation",seed42,False,"curated molecules without 9 scaffold families (260 molecules, 93 top-decile actives)"
CC(=NC=NC(=Nc1ccc(S(N)(=O)=O)cc1)c1cnco1)c1c(O)[nH]c2ccc(-c3cnco3)cc12,S,S:activity_only,generated,corrected,,"arm activity_only, seed 42, final generation",seed42,False,"curated molecules without 9 scaffold families (260 molecules, 93 top-decile actives)"
NS(=O)(=O)c1ccc(N=C(Oc2cnco2)Sc2c(O)[nH]c3ccc(-c4cnco4)cc23)cc1,S,S:activity_only,generated,corrected,,"arm activity_only, seed 42, final generation",seed42,False,"curated molecules without 9 scaffold families (260 molecules, 93 top-decile actives)"
CCOC(=NC(CC)=Nc1ccc(S(N)(=O)=O)cc1)c1c(O)[nH]c2ccc(-c3cnco3)cc12,S,S:activity_only,generated,corrected,,"arm activity_only, seed 42, final generation",seed42,False,"curated molecules without 9 scaffold families (260 molecules, 93 top-decile actives)"
NS(=O)(=O)c1ccc(N=C(Oc2cnco2)c2c(O)[nH]c3ccc(-c4cnco4)cc23)cc1,S,S:activity_only,generated,corrected,,"arm activity_only, seed 42, final generation",seed42,False,"curated molecules without 9 scaffold families (260 molecules, 93 top-decile actives)"
CC(=Nc1ccc(S(N)(=O)=O)cc1)c1ccc2[nH]c(SO)c(-c3ccc4[nH]c(O)c(-c5cnco5)c4c3)c2c1,S,S:activity_only,generated,corrected,,"arm activity_only, seed 42, final generation",seed42,False,"curated molecules without 9 scaffold families (260 molecules, 93 top-decile actives)"
CC(=Nc1ccc(S(N)(=O)=O)cc1)Oc1c(O)[nH]c2ccc(-c3cnco3)cc12,S,S:activity_only,generated,corrected,,"arm activity_only, seed 42, final generation",seed42,False,"curated molecules without 9 scaffold families (260 molecules, 93 top-decile actives)"
CC=NC(=Nc1ccc(-c2ccc(S(N)(=O)=O)cc2)cc1)c1c(O)[nH]c2ccc(-c3cnco3)cc12,S,S:activity_only,generated,corrected,,"arm activity_only, seed 42, final generation",seed42,False,"curated molecules without 9 scaffold families (260 molecules, 93 top-decile actives)"
CC(=Nc1ccc(-c2ccc(S(N)(=O)=O)cc2)cc1)c1ccc2[nH]c(O)c(C=Nc3cnco3)c2c1,S,S:activity_only,generated,corrected,,"arm activity_only, seed 42, final generation",seed42,False,"curated molecules without 9 scaffold families (260 molecules, 93 top-decile actives)"
C=C(N=C(c1cnco1)C(C)CC)c1ccc2[nH]c(O)c(C=Nc3ccc(S(N)(=O)=O)cc3)c2c1,S,S:activity_only,generated,corrected,,"arm activity_only, seed 42, final generation",seed42,False,"curated molecules without 9 scaffold families (260 molecules, 93 top-decile actives)"
CC(=Nc1ccc(S(N)(=O)=O)cc1)c1ccc2[nH]c(O)c(C=Nc3cnco3)c2c1,S,S:activity_only,generated,corrected,,"arm activity_only, seed 42, final generation",seed42,False,"curated molecules without 9 scaffold families (260 molecules, 93 top-decile actives)"
CCN=Cc1c(O)[nH]c2ccc(C(=Nc3ccc(S(N)(=O)=O)cc3)Oc3cnco3)cc12,S,S:activity_only,generated,corrected,,"arm activity_only, seed 42, final generation",seed42,False,"curated molecules without 9 scaffold families (260 molecules, 93 top-decile actives)"
C=C(N=C(c1cnco1)C(C)C)c1ccc2[nH]c(O)c(C=Nc3ccc(S(N)(=O)=O)cc3)c2c1,S,S:activity_only,generated,corrected,,"arm activity_only, seed 42, final generation",seed42,False,"curated molecules without 9 scaffold families (260 molecules, 93 top-decile actives)"
CCC(N=C(C)c1ccc2[nH]c(O)c(C=Nc3ccc(S(N)(=O)=O)cc3)c2c1)c1cnco1,S,S:activity_only,generated,corrected,,"arm activity_only, seed 42, final generation",seed42,False,"curated molecules without 9 scaffold families (260 molecules, 93 top-decile actives)"
CC(C)c1c(O)[nH]c2ccc(C(=Nc3ccc(S(N)(=O)=O)cc3)Oc3cnco3)cc12,S,S:activity_only,generated,corrected,,"arm activity_only, seed 42, final generation",seed42,False,"curated molecules without 9 scaffold families (260 molecules, 93 top-decile actives)"
CCc1ccc(N=Cc2c(O)[nH]c3ccc(C(C)=NC(C)C(=O)c4ccc(S(N)(=O)=O)cc4)cc23)cc1,S,S:activity_only,generated,corrected,,"arm activity_only, seed 42, final generation",seed42,False,"curated molecules without 9 scaffold families (260 molecules, 93 top-decile actives)"
CN1CCN(c2ccc(Nc3ccc(Nc4ncc5c(n4)-c4c(c(C(N)=O)nn4C)CC5)cc3)cc2)CC1,S,S:activity_only,generated,corrected,,"arm activity_only, seed 43, final generation",seed43,False,"curated molecules without 9 scaffold families (260 molecules, 93 top-decile actives)"
Cn1nc(C(N)=O)c2c1-c1nc(Nc3ccc(Nc4ccc(Nc5ccccc5)cc4)cc3)ncc1CC2,S,S:activity_only,generated,corrected,,"arm activity_only, seed 43, final generation",seed43,False,"curated molecules without 9 scaffold families (260 molecules, 93 top-decile actives)"
Cn1nc(C(N)=O)c2c1-c1nc(Nc3ccc(-c4ccc(Nc5ccccc5)cc4)cc3)ncc1CC2,S,S:activity_only,generated,corrected,,"arm activity_only, seed 43, final generation",seed43,False,"curated molecules without 9 scaffold families (260 molecules, 93 top-decile actives)"
Cc1cnc(Nc2ccccc2)nc1-c1c(C)c(Nc2ncc3c(n2)-c2c(c(C(N)=O)nn2C)CC3)nn1C,S,S:activity_only,generated,corrected,,"arm activity_only, seed 43, final generation",seed43,True,"curated molecules without 9 scaffold families (260 molecules, 93 top-decile actives)"
CN1CCN(NC(O)c2ccc(Nc3ncc4c(n3)-c3c(c(C(N)=O)nn3C)CC4)cc2)CC1,S,S:activity_only,generated,corrected,,"arm activity_only, seed 43, final generation",seed43,False,"curated molecules without 9 scaffold families (260 molecules, 93 top-decile actives)"
Cn1nc(C(N)=O)c2c1-c1nc(Nc3ccc(NNc4ccc(-c5ccccc5)cc4)cc3)ncc1CC2,S,S:activity_only,generated,corrected,,"arm activity_only, seed 43, final generation",seed43,False,"curated molecules without 9 scaffold families (260 molecules, 93 top-decile actives)"
Cn1nc(C(N)=O)c2c1-c1nc(Nc3ccc(-c4ccc(-c5ccccc5)cc4)cc3)ncc1CC2,S,S:activity_only,generated,corrected,,"arm activity_only, seed 43, final generation",seed43,False,"curated molecules without 9 scaffold families (260 molecules, 93 top-decile actives)"
CN1CCNN(c2ccc(-c3ccc(Nc4ncc5c(n4)-c4c(c(C(N)=O)nn4C)CC5)cc3)cc2)CC1,S,S:activity_only,generated,corrected,,"arm activity_only, seed 43, final generation",seed43,False,"curated molecules without 9 scaffold families (260 molecules, 93 top-decile actives)"
CCc1cnc(Nc2ncc3c(n2)-c2c(c(C(N)=O)nn2C)CC3)nc1Nc1ccccc1,S,S:activity_only,generated,corrected,,"arm activity_only, seed 43, final generation",seed43,False,"curated molecules without 9 scaffold families (260 molecules, 93 top-decile actives)"
Cn1nc(C(N)=O)c2c1-c1nc(Nc3ccc(NCNc4ccccc4)cc3)ncc1CC2,S,S:activity_only,generated,corrected,,"arm activity_only, seed 43, final generation",seed43,False,"curated molecules without 9 scaffold families (260 molecules, 93 top-decile actives)"
CN1CCN(NNSc2cnc(Nc3ncc4c(n3)-c3c(c(C(N)=O)nn3C)CC4)nc2)CC1,S,S:activity_only,generated,corrected,,"arm activity_only, seed 43, final generation",seed43,False,"curated molecules without 9 scaffold families (260 molecules, 93 top-decile actives)"
Cn1nc(C(N)=O)c2c1-c1nc(Nc3ccc(SNc4ccccc4)cc3)ncc1CC2,S,S:activity_only,generated,corrected,,"arm activity_only, seed 43, final generation",seed43,False,"curated molecules without 9 scaffold families (260 molecules, 93 top-decile actives)"
Cn1nc(C(N)=O)c2c1-c1nc(Nc3ccc(SNNNc4ccc(N)cc4)cc3)ncc1CC2,S,S:activity_only,generated,corrected,,"arm activity_only, seed 43, final generation",seed43,False,"curated molecules without 9 scaffold families (260 molecules, 93 top-decile actives)"
Cn1nc(C(N)=O)c2c1-c1nc(Nc3ccc(N)cc3)ncc1CC2,S,S:activity_only,generated,corrected,,"arm activity_only, seed 43, final generation",seed43,False,"curated molecules without 9 scaffold families (260 molecules, 93 top-decile actives)"
Cn1nc(C(N)=O)c2c1-c1nc(Nc3ccc(NSc4ccccc4)cc3)ncc1CC2,S,S:activity_only,generated,corrected,,"arm activity_only, seed 43, final generation",seed43,False,"curated molecules without 9 scaffold families (260 molecules, 93 top-decile actives)"
CN1CCCCN(c2ncnc3cc(Nc4ncc5c(n4)-c4c(c(C(N)=O)nn4C)CC5)ccc23)CC1,S,S:activity_only,generated,corrected,,"arm activity_only, seed 43, final generation",seed43,False,"curated molecules without 9 scaffold families (260 molecules, 93 top-decile actives)"
Cn1nc(C(N)=O)c2c1-c1nc(Nc3ccc(Sc4ccc(NSc5ccccc5)cc4)cc3)ncc1CC2,S,S:activity_only,generated,corrected,,"arm activity_only, seed 43, final generation",seed43,False,"curated molecules without 9 scaffold families (260 molecules, 93 top-decile actives)"
CN1CCNN([SH](Cl)C(O)c2ccc(Nc3ncc4c(n3)-c3c(c(C(N)=O)nn3C)CC4)cc2)CC1,S,S:activity_only,generated,corrected,,"arm activity_only, seed 43, final generation",seed43,False,"curated molecules without 9 scaffold families (260 molecules, 93 top-decile actives)"
Cn1nc(C(N)=O)c2c1-c1nc(Nc3ccc(Nc4ccc(SC(=O)CN)cc4)cc3)ncc1CC2,S,S:activity_only,generated,corrected,,"arm activity_only, seed 43, final generation",seed43,True,"curated molecules without 9 scaffold families (260 molecules, 93 top-decile actives)"
Cn1nc(C(N)=O)c2c1-c1nc(Nc3ccc(-c4ccc(NSc5ccccc5Br)cc4)cc3)ncc1CC2,S,S:activity_only,generated,corrected,,"arm activity_only, seed 43, final generation",seed43,False,"curated molecules without 9 scaffold families (260 molecules, 93 top-decile actives)"
Cn1nc(C(N)=O)c2c1-c1nc(Nc3ccc(-c4ccc(-c5ccccc5)cc4)nc3)ncc1CC2,S,S:activity_only,generated,corrected,,"arm activity_only, seed 43, final generation",seed43,False,"curated molecules without 9 scaffold families (260 molecules, 93 top-decile actives)"
CC(C)c1ccc(Nc2ncc3c(n2)-c2c(c(C(N)=O)nn2C)CC3)cc1,S,S:activity_only,generated,corrected,,"arm activity_only, seed 43, final generation",seed43,False,"curated molecules without 9 scaffold families (260 molecules, 93 top-decile actives)"
COC(=O)CC(=O)CC(=O)c1ccc2[nH]c(O)c(C=Nc3ccc(S(N)(=O)=O)cc3)c2c1,S,S:activity_only,generated,corrected,,"arm activity_only, seed 44, final generation",seed44,False,"curated molecules without 9 scaffold families (260 molecules, 93 top-decile actives)"
NS(=O)(=O)c1ccc(-c2ccc3[nH]c(O)c(N=Nc4ccc([N+](=O)[O-])cc4)c3c2)cc1,S,S:activity_only,generated,corrected,,"arm activity_only, seed 44, final generation",seed44,False,"curated molecules without 9 scaffold families (260 molecules, 93 top-decile actives)"
COC(=O)c1ccc2[nH]c(O)c(N=Nc3ccc(S(N)(=O)=O)cc3)c2c1,S,S:activity_only,generated,corrected,,"arm activity_only, seed 44, final generation",seed44,False,"curated molecules without 9 scaffold families (260 molecules, 93 top-decile actives)"
NS(=O)(=O)c1ccc(NNc2c(O)[nH]c3ccc(-c4ccc([N+](=O)[O-])cc4)cc23)cc1,S,S:activity_only,generated,corrected,,"arm activity_only, seed 44, final generation",seed44,False,"curated molecules without 9 scaffold families (260 molecules, 93 top-decile actives)"
NS(=O)(=O)c1ccc(NNNc2c(O)[nH]c3ccc(-c4c(N=O)[nH]c5ccc([N+](=O)[O-])cc45)cc23)cc1,S,S:activity_only,generated,corrected,,"arm activity_only, seed 44, final generation",seed44,False,"curated molecules without 9 scaffold families (260 molecules, 93 top-decile actives)"
NS(=O)(=O)c1ccc(NNNNc2c(O)[nH]c3ccc(-c4ccc([N+](=O)[O-])cc4)cc23)cc1,S,S:activity_only,generated,corrected,,"arm activity_only, seed 44, final generation",seed44,False,"curated molecules without 9 scaffold families (260 molecules, 93 top-decile actives)"
NS(=O)(=O)c1ccc(N=Nc2c(O)[nH]c3ccc(C(=O)N=CNCSC(=O)c4ccc[nH]4)cc23)cc1,S,S:activity_only,generated,corrected,,"arm activity_only, seed 44, final generation",seed44,False,"curated molecules without 9 scaffold families (260 molecules, 93 top-decile actives)"
NS(=O)(=O)c1ccc(N=Nc2c(O)[nH]c3ccc(C(=O)N=CNc4ccc([N+](=O)[O-])cc4)cc23)cc1,S,S:activity_only,generated,corrected,,"arm activity_only, seed 44, final generation",seed44,False,"curated molecules without 9 scaffold families (260 molecules, 93 top-decile actives)"
NS(=O)(=O)c1ccc(N=NN=NN=Nc2c(O)[nH]c3ccc(-c4c(O)[nH]c5ccc([N+](=O)[O-])cc45)cc23)cc1,S,S:activity_only,generated,corrected,,"arm activity_only, seed 44, final generation",seed44,False,"curated molecules without 9 scaffold families (260 molecules, 93 top-decile actives)"
NS(=O)(=O)c1ccc(N=Nc2c(O)[nH]c3ccc(C(=S)c4ccc([N+](=O)[O-])cc4)cc23)cc1,S,S:activity_only,generated,corrected,,"arm activity_only, seed 44, final generation",seed44,False,"curated molecules without 9 scaffold families (260 molecules, 93 top-decile actives)"
COC(=O)c1ccc2[nH]c(O)c(C(=O)c3ccc4[nH]c(O)c(N=Nc5ccc(S(N)(=O)=O)cc5)c4c3)c2c1,S,S:activity_only,generated,corrected,,"arm activity_only, seed 44, final generation",seed44,False,"curated molecules without 9 scaffold families (260 molecules, 93 top-decile actives)"
NS(=O)(=O)c1ccc(Nc2ccc(NNc3c(O)[nH]c4ccc([N+](=O)[O-])cc34)cc2)cc1,S,S:activity_only,generated,corrected,,"arm activity_only, seed 44, final generation",seed44,False,"curated molecules without 9 scaffold families (260 molecules, 93 top-decile actives)"
NOc1[nH]c2ccc([N+](=O)[O-])cc2c1-c1ccc2[nH]c(O)c(N=Nc3ccc(S(N)(=O)=O)cc3)c2c1,S,S:activity_only,generated,corrected,,"arm activity_only, seed 44, final generation",seed44,False,"curated molecules without 9 scaffold families (260 molecules, 93 top-decile actives)"
NS(=O)(=O)c1ccc(-c2c(N=O)[nH]c3ccc(NNSc4c(O)[nH]c5ccc([N+](=O)[O-])cc45)cc23)cc1,S,S:activity_only,generated,corrected,,"arm activity_only, seed 44, final generation",seed44,False,"curated molecules without 9 scaffold families (260 molecules, 93 top-decile actives)"
NS(=O)(=O)c1ccc(NNNc2ccc(NNSC(=O)NNc3c(O)[nH]c4ccc([N+](=O)[O-])cc34)cc2)cc1,S,S:activity_only,generated,corrected,,"arm activity_only, seed 44, final generation",seed44,False,"curated molecules without 9 scaffold families (260 molecules, 93 top-decile actives)"
COC(=O)CNON=CNC(=O)c1ccc2[nH]c(O)c(N=Nc3ccc(S(N)(=O)=O)cc3)c2c1,S,S:activity_only,generated,corrected,,"arm activity_only, seed 44, final generation",seed44,False,"curated molecules without 9 scaffold families (260 molecules, 93 top-decile actives)"
CON=CNC(=O)c1ccc2[nH]c(O)c(C=Nc3ccc(S(N)(=O)=O)cc3)c2c1,S,S:activity_only,generated,corrected,,"arm activity_only, seed 44, final generation",seed44,False,"curated molecules without 9 scaffold families (260 molecules, 93 top-decile actives)"
COC(=O)C(=O)c1ccc2[nH]c(O)c(N=NN=Nc3ccc(S(N)(=O)=O)cc3)c2c1,S,S:activity_only,generated,corrected,,"arm activity_only, seed 44, final generation",seed44,False,"curated molecules without 9 scaffold families (260 molecules, 93 top-decile actives)"
COc1cccc(N=O)c1CC(=O)c1ccc2[nH]c(O)c(N=Nc3ccc(S(N)(=O)=O)cc3)c2c1,S,S:activity_only,generated,corrected,,"arm activity_only, seed 44, final generation",seed44,False,"curated molecules without 9 scaffold families (260 molecules, 93 top-decile actives)"
Nc1ccc(NNc2c(S(N)(=O)=O)ccc3[nH]c(O)c(C=Nc4ccc(S(N)(=O)=O)cc4)c23)cc1,S,S:activity_only,generated,corrected,,"arm activity_only, seed 45, final generation",seed45,True,"curated molecules without 9 scaffold families (260 molecules, 93 top-decile actives)"
CNOCc1c(Cc2ccc[nH]2)ccc2[nH]c(O)c(C=Nc3ccc(S(N)(=O)=O)cc3)c12,S,S:activity_only,generated,corrected,,"arm activity_only, seed 45, final generation",seed45,False,"curated molecules without 9 scaffold families (260 molecules, 93 top-decile actives)"
CNCc1c(-c2ccc(N)cc2)ccc2[nH]c(O)c(C=Nc3ccc(S(N)(=O)=O)cc3)c12,S,S:activity_only,generated,corrected,,"arm activity_only, seed 45, final generation",seed45,False,"curated molecules without 9 scaffold families (260 molecules, 93 top-decile actives)"
CNc1c(C=Nc2ccc(-c3ccc[nH]3)cc2)ccc2[nH]c(O)c(NNNc3ccc(S(N)(=O)=O)cc3)c12,S,S:activity_only,generated,corrected,,"arm activity_only, seed 45, final generation",seed45,False,"curated molecules without 9 scaffold families (260 molecules, 93 top-decile actives)"
Nc1ccc2[nH]c(O)c(C=Cc3ccc(NNc4ccc[nH]4)cc3)c2c1C=Nc1ccc(S(N)(=O)=O)cc1,S,S:activity_only,generated,corrected,,"arm activity_only, seed 45, final generation",seed45,False,"curated molecules without 9 scaffold families (260 molecules, 93 top-decile actives)"
Nc1ccc2[nH]c(O)c(-c3ccc[nH]3)c2c1C=Nc1ccc(NNc2ccc(S(N)(=O)=O)cc2)cc1,S,S:activity_only,generated,corrected,,"arm activity_only, seed 45, final generation",seed45,False,"curated molecules without 9 scaffold families (260 molecules, 93 top-decile actives)"
NS(=O)(=O)c1ccc(N=Cc2c(O)[nH]c3ccc(S(N)(=O)=O)c(NNc4ccc[nH]4)c23)cc1,S,S:activity_only,generated,corrected,,"arm activity_only, seed 45, final generation",seed45,False,"curated molecules without 9 scaffold families (260 molecules, 93 top-decile actives)"
CC(Nc1c(O)[nH]c2ccc(O)c(C=Nc3ccc(S(N)(=O)=O)cc3)c12)c1ccc[nH]1,S,S:activity_only,generated,corrected,,"arm activity_only, seed 45, final generation",seed45,False,"curated molecules without 9 scaffold families (260 molecules, 93 top-decile actives)"
NS(=O)(=O)c1ccc(N=Cc2c(O)[nH]c3ccc([SH](N)(=O)NO)c(NNc4ccc[nH]4)c23)cc1,S,S:activity_only,generated,corrected,,"arm activity_only, seed 45, final generation",seed45,False,"curated molecules without 9 scaffold families (260 molecules, 93 top-decile actives)"
NS(=O)(=O)c1ccc(N=Cc2ccc3[nH]c(O)c(C=Nc4ccc(S(N)(=O)=O)cc4)c3c2-c2ccc[nH]2)cc1,S,S:activity_only,generated,corrected,,"arm activity_only, seed 45, final generation",seed45,False,"curated molecules without 9 scaffold families (260 molecules, 93 top-decile actives)"
CC(=CCCN=Cc1c(O)[nH]c2ccc(-c3ccc[nH]3)c(NNc3ccc(S(N)(=O)=O)cc3)c12)S(N)(=O)=O,S,S:activity_only,generated,corrected,,"arm activity_only, seed 45, final generation",seed45,False,"curated molecules without 9 scaffold families (260 molecules, 93 top-decile actives)"
CSCCc1c(Cc2ccc[nH]2)ccc2[nH]c(O)c(C=NC=Nc3ccc(S(N)(=O)=O)cc3)c12,S,S:activity_only,generated,corrected,,"arm activity_only, seed 45, final generation",seed45,False,"curated molecules without 9 scaffold families (260 molecules, 93 top-decile actives)"
Nc1ccc2[nH]c(O)c(NCc3ccc[nH]3)c2c1N=NNNc1ccc(S(N)(=O)=O)cc1,S,S:activity_only,generated,corrected,,"arm activity_only, seed 45, final generation",seed45,False,"curated molecules without 9 scaffold families (260 molecules, 93 top-decile actives)"
Nc1ccc2[nH]c(O)c(C=CC=Nc3ccc(S(N)(=O)=O)cc3)c2c1NNc1ccc[nH]1,S,S:activity_only,generated,corrected,,"arm activity_only, seed 45, final generation",seed45,False,"curated molecules without 9 scaffold families (260 molecules, 93 top-decile actives)"
CNc1ccc(N=Cc2c(N)ccc3[nH]c(O)c(NCc4ccc(S(N)(=O)=O)cc4)c23)cc1,S,S:activity_only,generated,corrected,,"arm activity_only, seed 45, final generation",seed45,False,"curated molecules without 9 scaffold families (260 molecules, 93 top-decile actives)"
CNc1ccc(N=Cc2ccc3[nH]c(O)c(N=CC=Nc4ccc(S(N)(=O)=O)cc4)c3c2NC)cc1,S,S:activity_only,generated,corrected,,"arm activity_only, seed 45, final generation",seed45,False,"curated molecules without 9 scaffold families (260 molecules, 93 top-decile actives)"
NS(=O)(=O)c1ccc(N=Cc2c(O)[nH]c3ccc(SF)c(CNc4ccc[nH]4)c23)cc1,S,S:activity_only,generated,corrected,,"arm activity_only, seed 45, final generation",seed45,False,"curated molecules without 9 scaffold families (260 molecules, 93 top-decile actives)"
Nc1ccc2[nH]c(O)c(NCc3ccc[nH]3)c2c1NNc1ccc(S(N)(=O)=O)cc1,S,S:activity_only,generated,corrected,,"arm activity_only, seed 45, final generation",seed45,False,"curated molecules without 9 scaffold families (260 molecules, 93 top-decile actives)"
CC(C=CCc1ccc[nH]1)=Nc1c(O)[nH]c2ccc(-c3ccc[nH]3)c(C=Nc3ccc(S(N)(=O)=O)cc3)c12,S,S:activity_only,generated,corrected,,"arm activity_only, seed 45, final generation",seed45,False,"curated molecules without 9 scaffold families (260 molecules, 93 top-decile actives)"
Nc1ccc2[nH]c(O)c(C=CC=Nc3ccc(-c4[nH]ccc4S)cc3)c2c1NNc1ccc(S(N)(=O)=O)cc1,S,S:activity_only,generated,corrected,,"arm activity_only, seed 45, final generation",seed45,False,"curated molecules without 9 scaffold families (260 molecules, 93 top-decile actives)"
CNc1c(C=Nc2ccc(S(N)(=O)=O)cc2)ccc2[nH]c(O)c(N=CC=Nc3ccc(S(N)(=O)=O)cc3)c12,S,S:activity_only,generated,corrected,,"arm activity_only, seed 45, final generation",seed45,False,"curated molecules without 9 scaffold families (260 molecules, 93 top-decile actives)"
NS(=O)(=O)c1ccc(N=Nc2ccc(N=Nc3c(=O)[nH]c4ccc5[nH]cccc5c34)cc2)cc1,S,S:activity_only,generated,corrected,,"arm activity_only, seed 46, final generation",seed46,False,"curated molecules without 9 scaffold families (260 molecules, 93 top-decile actives)"
NS(=O)(=O)c1ccc(N=NN=Nc2c(=O)[nH]c3ccc4[nH]cccc4c23)cc1,S,S:activity_only,generated,corrected,,"arm activity_only, seed 46, final generation",seed46,False,"curated molecules without 9 scaffold families (260 molecules, 93 top-decile actives)"
NS(=O)(=O)c1ccc(N=NN=NN=NN=Nc2c(=O)[nH]c3ccc4[nH]cccc4c23)cc1,S,S:activity_only,generated,corrected,,"arm activity_only, seed 46, final generation",seed46,False,"curated molecules without 9 scaffold families (260 molecules, 93 top-decile actives)"
NS(=O)(=O)c1ccc(N=Nc2ccc(SC(=O)N=Cc3c(=O)[nH]c4ccc5[nH]cccc5c34)cc2)cc1,S,S:activity_only,generated,corrected,,"arm activity_only, seed 46, final generation",seed46,False,"curated molecules without 9 scaffold families (260 molecules, 93 top-decile actives)"
NS(=O)(=O)c1ccc(N=NSN=Cc2c(=O)[nH]c3ccc4[nH]cccc4c23)cc1,S,S:activity_only,generated,corrected,,"arm activity_only, seed 46, final generation",seed46,False,"curated molecules without 9 scaffold families (260 molecules, 93 top-decile actives)"
NS(=O)(=O)c1ccc(N=S=Nc2ccc(N=Cc3c(=O)[nH]c4ccc5[nH]cccc5c34)cc2)cc1,S,S:activity_only,generated,corrected,,"arm activity_only, seed 46, final generation",seed46,False,"curated molecules without 9 scaffold families (260 molecules, 93 top-decile actives)"
CC(N=Nc1ccc(N=NN=Nc2ccc(S(N)(=O)=O)cc2)cc1)=Nc1c(=O)[nH]c2ccc3[nH]cccc3c12,S,S:activity_only,generated,corrected,,"arm activity_only, seed 46, final generation",seed46,False,"curated molecules without 9 scaffold families (260 molecules, 93 top-decile actives)"
NS(=O)(=O)c1ccc(N=Nc2ccc(Sc3c(=O)[nH]c4ccc5[nH]cccc5c34)cc2)cc1,S,S:activity_only,generated,corrected,,"arm activity_only, seed 46, final generation",seed46,False,"curated molecules without 9 scaffold families (260 molecules, 93 top-decile actives)"
NS(=O)(=O)c1ccc(N=Nc2ccc(SC(=O)c3c(=O)[nH]c4ccc5[nH]cccc5c34)cc2)cc1,S,S:activity_only,generated,corrected,,"arm activity_only, seed 46, final generation",seed46,False,"curated molecules without 9 scaffold families (260 molecules, 93 top-decile actives)"
Nc1ccc(N=Cc2c(=O)[nH]c3ccc4[nH]cccc4c23)cc1N=Nc1ccc(S(N)(=O)=O)cc1,S,S:activity_only,generated,corrected,,"arm activity_only, seed 46, final generation",seed46,True,"curated molecules without 9 scaffold families (260 molecules, 93 top-decile actives)"
NS(=O)(=O)c1ccc(N=Nc2ccc(N=NC(O)c3c(=O)[nH]c4ccc5[nH]cccc5c34)cc2)cc1,S,S:activity_only,generated,corrected,,"arm activity_only, seed 46, final generation",seed46,False,"curated molecules without 9 scaffold families (260 molecules, 93 top-decile actives)"
NS(=O)(=O)c1ccc(N=NSC(=O)N=Nc2c(=O)[nH]c3ccc4[nH]cccc4c23)cc1,S,S:activity_only,generated,corrected,,"arm activity_only, seed 46, final generation",seed46,False,"curated molecules without 9 scaffold families (260 molecules, 93 top-decile actives)"
Nc1ccc(N=Cc2c(=O)[nH]c3ccc4[nH]cccc4c23)cc1SC=NN=Nc1ccc(S(N)(=O)=O)cc1,S,S:activity_only,generated,corrected,,"arm activity_only, seed 46, final generation",seed46,False,"curated molecules without 9 scaffold families (260 molecules, 93 top-decile actives)"
NS(=O)(=O)c1ccc(N=Nc2c(O)[nH]c3ccc(N=Cc4c(=O)[nH]c5ccc6[nH]cccc6c45)cc23)cc1,S,S:activity_only,generated,corrected,,"arm activity_only, seed 46, final generation",seed46,False,"curated molecules without 9 scaffold families (260 molecules, 93 top-decile actives)"
NS(=O)(=O)c1ccc(N=NN=NN=NC(O)c2c(=O)[nH]c3ccc4[nH]cccc4c23)cc1,S,S:activity_only,generated,corrected,,"arm activity_only, seed 46, final generation",seed46,False,"curated molecules without 9 scaffold families (260 molecules, 93 top-decile actives)"
Nc1ccc(N=NC(=O)c2c(=O)[nH]c3ccc4[nH]cccc4c23)cc1N=Nc1ccc(S(N)(=O)=O)cc1,S,S:activity_only,generated,corrected,,"arm activity_only, seed 46, final generation",seed46,False,"curated molecules without 9 scaffold families (260 molecules, 93 top-decile actives)"
NS(=O)(=O)c1ccc(N=NSC(=O)c2c(=O)[nH]c3ccc4[nH]cccc4c23)cc1,S,S:activity_only,generated,corrected,,"arm activity_only, seed 46, final generation",seed46,False,"curated molecules without 9 scaffold families (260 molecules, 93 top-decile actives)"
NS(=O)(=O)c1ccc(N=NC(=O)Sc2c(=O)[nH]c3ccc4[nH]cccc4c23)cc1,S,S:activity_only,generated,corrected,,"arm activity_only, seed 46, final generation",seed46,False,"curated molecules without 9 scaffold families (260 molecules, 93 top-decile actives)"
NS(=O)(=O)c1ccc(N=CN=CN=Nc2ccc(Sc3c(=O)[nH]c4ccc5[nH]cccc5c34)cc2)cc1,S,S:activity_only,generated,corrected,,"arm activity_only, seed 46, final generation",seed46,True,"curated molecules without 9 scaffold families (260 molecules, 93 top-decile actives)"
O=C(Nc1cccc(Cl)c1)c1ccc(N2CCOCC2)cc1,S,S:druglike_only,generated,corrected,,"arm druglike_only, seed 42, final generation",seed42,False,"curated molecules without 9 scaffold families (260 molecules, 93 top-decile actives)"
O=C(NCc1ccc(N2CCOCC2)cc1)c1ccc(F)cc1,S,S:druglike_only,generated,corrected,,"arm druglike_only, seed 42, final generation",seed42,False,"curated molecules without 9 scaffold families (260 molecules, 93 top-decile actives)"
COc1ccc(-c2ccc(NC(=O)N(C)C)cc2)cc1,S,S:druglike_only,generated,corrected,,"arm druglike_only, seed 42, final generation",seed42,False,"curated molecules without 9 scaffold families (260 molecules, 93 top-decile actives)"
CCN(C)C(=O)c1ccc(C(=O)Nc2cccc(Cl)c2)cc1,S,S:druglike_only,generated,corrected,,"arm druglike_only, seed 42, final generation",seed42,False,"curated molecules without 9 scaffold families (260 molecules, 93 top-decile actives)"
CN(C)C(=O)c1ccc(-c2ccc(S(N)(=O)=O)cc2)cc1,S,S:druglike_only,generated,corrected,,"arm druglike_only, seed 42, final generation",seed42,False,"curated molecules without 9 scaffold families (260 molecules, 93 top-decile actives)"
Cc1ccc(F)c(C(=O)Nc2ccc(N3CCOCC3)cc2)c1,S,S:druglike_only,generated,corrected,,"arm druglike_only, seed 42, final generation",seed42,False,"curated molecules without 9 scaffold families (260 molecules, 93 top-decile actives)"
CN1CCN(c2ccc(Nc3ccc(F)cc3)cc2)CC1,S,S:druglike_only,generated,corrected,,"arm druglike_only, seed 42, final generation",seed42,False,"curated molecules without 9 scaffold families (260 molecules, 93 top-decile actives)"
Cc1ccc(F)c(C(=O)Nc2ccc(N3CCN(C)CC3)cc2)c1,S,S:druglike_only,generated,corrected,,"arm druglike_only, seed 42, final generation",seed42,False,"curated molecules without 9 scaffold families (260 molecules, 93 top-decile actives)"
CN1CCC(c2ccc(NC(=O)c3ccc(F)cc3)cc2)CC1,S,S:druglike_only,generated,corrected,,"arm druglike_only, seed 42, final generation",seed42,False,"curated molecules without 9 scaffold families (260 molecules, 93 top-decile actives)"
NS(=O)(=O)c1ccc(-c2ccc(N3CCOCC3)cc2)cc1,S,S:druglike_only,generated,corrected,,"arm druglike_only, seed 42, final generation",seed42,False,"curated molecules without 9 scaffold families (260 molecules, 93 top-decile actives)"
O=C(NN1CCOCC1)c1ccc(-c2ccc(F)cc2)cc1,S,S:druglike_only,generated,corrected,,"arm druglike_only, seed 42, final generation",seed42,False,"curated molecules without 9 scaffold families (260 molecules, 93 top-decile actives)"
O=C(NCc1ccc(F)c(F)c1)c1ccc(N2CCOCC2)cc1,S,S:druglike_only,generated,corrected,,"arm druglike_only, seed 42, final generation",seed42,False,"curated molecules without 9 scaffold families (260 molecules, 93 top-decile actives)"
O=C(Cc1ccc(F)cc1)NCc1ccc(F)c(F)c1,S,S:druglike_only,generated,corrected,,"arm druglike_only, seed 42, final generation",seed42,False,"curated molecules without 9 scaffold families (260 molecules, 93 top-decile actives)"
CN1CCC(NC(=O)c2ccc(-c3cccc(Cl)c3)cc2)CC1,S,S:druglike_only,generated,corrected,,"arm druglike_only, seed 42, final generation",seed42,False,"curated molecules without 9 scaffold families (260 molecules, 93 top-decile actives)"
CN1CCN(c2ccc(NCc3cccc(Cl)c3)cc2)CC1,S,S:druglike_only,generated,corrected,,"arm druglike_only, seed 42, final generation",seed42,False,"curated molecules without 9 scaffold families (260 molecules, 93 top-decile actives)"
CN1CCC(c2ccc(-c3ccc(S(N)(=O)=O)cc3)cc2)CC1,S,S:druglike_only,generated,corrected,,"arm druglike_only, seed 42, final generation",seed42,False,"curated molecules without 9 scaffold families (260 molecules, 93 top-decile actives)"
CN1CCN(c2ccc(NC(=O)Cc3cccc(Cl)c3)cc2)CC1,S,S:druglike_only,generated,corrected,,"arm druglike_only, seed 42, final generation",seed42,False,"curated molecules without 9 scaffold families (260 molecules, 93 top-decile actives)"
O=C(Nc1ccc(N2CCOCC2)cc1)C1CCCC1,S,S:druglike_only,generated,corrected,,"arm druglike_only, seed 42, final generation",seed42,False,"curated molecules without 9 scaffold families (260 molecules, 93 top-decile actives)"
NS(=O)(=O)c1ccc(Cc2ccc(C(F)F)cc2)cc1,S,S:druglike_only,generated,corrected,,"arm druglike_only, seed 42, final generation",seed42,False,"curated molecules without 9 scaffold families (260 molecules, 93 top-decile actives)"
CN1CCN(C(=O)c2ccc(Nc3ccc(N(C)C)cc3)cc2)CC1,S,S:druglike_only,generated,corrected,,"arm druglike_only, seed 42, final generation",seed42,False,"curated molecules without 9 scaffold families (260 molecules, 93 top-decile actives)"
CN1CCN(c2ccc(C(=O)Nc3cncc(Cl)c3)cc2)CC1,S,S:druglike_only,generated,corrected,,"arm druglike_only, seed 42, final generation",seed42,False,"curated molecules without 9 scaffold families (260 molecules, 93 top-decile actives)"
O=C(Nc1ccc(CN2CCOCC2)cc1)c1ccccc1,S,S:druglike_only,generated,corrected,,"arm druglike_only, seed 43, final generation",seed43,False,"curated molecules without 9 scaffold families (260 molecules, 93 top-decile actives)"
O=C(Cc1cccc(F)c1)NC(=O)c1ccc(Cl)cc1,S,S:druglike_only,generated,corrected,,"arm druglike_only, seed 43, final generation",seed43,False,"curated molecules without 9 scaffold families (260 molecules, 93 top-decile actives)"
O=C(Nc1ccc(CN2CCCCC2)cc1)c1ccccc1,S,S:druglike_only,generated,corrected,,"arm druglike_only, seed 43, final generation",seed43,False,"curated molecules without 9 scaffold families (260 molecules, 93 top-decile actives)"
O=C(Nc1ccc(N2CCOCC2)cc1)c1ccccc1F,S,S:druglike_only,generated,corrected,,"arm druglike_only, seed 43, final generation",seed43,False,"curated molecules without 9 scaffold families (260 molecules, 93 top-decile actives)"
O=C(Nc1ccc(N2CCCCC2)cc1)c1ccc(F)cc1,S,S:druglike_only,generated,corrected,,"arm druglike_only, seed 43, final generation",seed43,False,"curated molecules without 9 scaffold families (260 molecules, 93 top-decile actives)"
O=C(Cc1cccc(F)c1)Nc1ccc(N2CCOCC2)cc1,S,S:druglike_only,generated,corrected,,"arm druglike_only, seed 43, final generation",seed43,False,"curated molecules without 9 scaffold families (260 molecules, 93 top-decile actives)"
O=C(CCc1ccc(Cl)cc1)NC(=O)c1ccncc1,S,S:druglike_only,generated,corrected,,"arm druglike_only, seed 43, final generation",seed43,False,"curated molecules without 9 scaffold families (260 molecules, 93 top-decile actives)"
O=C(Cc1ccc(Cl)cc1)Nc1ccc(N2CCOCC2)cc1,S,S:druglike_only,generated,corrected,,"arm druglike_only, seed 43, final generation",seed43,False,"curated molecules without 9 scaffold families (260 molecules, 93 top-decile actives)"
CC(C)NC(=O)c1ccc(OCc2ccccc2)cc1,S,S:druglike_only,generated,corrected,,"arm druglike_only, seed 43, final generation",seed43,False,"curated molecules without 9 scaffold families (260 molecules, 93 top-decile actives)"
c1ccc(Nc2ccc(CN3CCOCC3)cc2)cc1,S,S:druglike_only,generated,corrected,,"arm druglike_only, seed 43, final generation",seed43,False,"curated molecules without 9 scaffold families (260 molecules, 93 top-decile actives)"
O=C(NN1CCN(C(=O)c2ccccc2)CC1)c1ccccc1,S,S:druglike_only,generated,corrected,,"arm druglike_only, seed 43, final generation",seed43,False,"curated molecules without 9 scaffold families (260 molecules, 93 top-decile actives)"
CN1CCN(c2ccc(NC(=O)c3ccccc3)nc2)CC1,S,S:druglike_only,generated,corrected,,"arm druglike_only, seed 43, final generation",seed43,False,"curated molecules without 9 scaffold families (260 molecules, 93 top-decile actives)"
Cc1ccc(C(=O)N2CCN(Nc3ccccc3)CC2)cc1,S,S:druglike_only,generated,corrected,,"arm druglike_only, seed 43, final generation",seed43,False,"curated molecules without 9 scaffold families (260 molecules, 93 top-decile actives)"
O=C(c1ccccc1)N1CCN(Nc2ccccc2)CC1,S,S:druglike_only,generated,corrected,,"arm druglike_only, seed 43, final generation",seed43,False,"curated molecules without 9 scaffold families (260 molecules, 93 top-decile actives)"
O=C(Cc1cccc(F)c1)Nc1ccc(N2CCCCC2)cc1,S,S:druglike_only,generated,corrected,,"arm druglike_only, seed 43, final generation",seed43,False,"curated molecules without 9 scaffold families (260 molecules, 93 top-decile actives)"
O=C(NC(=O)c1ccc(F)cc1)Oc1ccc(Cl)cc1,S,S:druglike_only,generated,corrected,,"arm druglike_only, seed 43, final generation",seed43,False,"curated molecules without 9 scaffold families (260 molecules, 93 top-decile actives)"
O=C(c1ccccc1)N1CCN(Nc2ccc(Cl)cc2)CC1,S,S:druglike_only,generated,corrected,,"arm druglike_only, seed 43, final generation",seed43,False,"curated molecules without 9 scaffold families (260 molecules, 93 top-decile actives)"
O=C(Nc1cc(CN2CCCCC2)ccn1)c1ccc(F)cc1,S,S:druglike_only,generated,corrected,,"arm druglike_only, seed 43, final generation",seed43,False,"curated molecules without 9 scaffold families (260 molecules, 93 top-decile actives)"
CC(C)NC(=O)c1ccc(OCc2cccc(F)c2)cc1,S,S:druglike_only,generated,corrected,,"arm druglike_only, seed 43, final generation",seed43,False,"curated molecules without 9 scaffold families (260 molecules, 93 top-decile actives)"
CN1CCN(c2ccnc(NC(=O)c3ccccc3)c2)CC1,S,S:druglike_only,generated,corrected,,"arm druglike_only, seed 43, final generation",seed43,False,"curated molecules without 9 scaffold families (260 molecules, 93 top-decile actives)"
O=C(Nc1ccc(CN2CCCCC2)cn1)c1ccccc1F,S,S:druglike_only,generated,corrected,,"arm druglike_only, seed 43, final generation",seed43,False,"curated molecules without 9 scaffold families (260 molecules, 93 top-decile actives)"
CCC(=O)Nc1ccc(NC(=O)c2ccccc2F)cc1,S,S:druglike_only,generated,corrected,,"arm druglike_only, seed 43, final generation",seed43,False,"curated molecules without 9 scaffold families (260 molecules, 93 top-decile actives)"
O=C(c1ccccc1F)N1CCN(Nc2ccccc2)CC1,S,S:druglike_only,generated,corrected,,"arm druglike_only, seed 43, final generation",seed43,False,"curated molecules without 9 scaffold families (260 molecules, 93 top-decile actives)"
CNC(=O)c1ccc(-c2ccc(S(C)(=O)=O)cc2)cc1,S,S:druglike_only,generated,corrected,,"arm druglike_only, seed 44, final generation",seed44,False,"curated molecules without 9 scaffold families (260 molecules, 93 top-decile actives)"
CC(=O)Nc1ccc(Cc2ccc(S(C)(=O)=O)cc2)cc1,S,S:druglike_only,generated,corrected,,"arm druglike_only, seed 44, final generation",seed44,False,"curated molecules without 9 scaffold families (260 molecules, 93 top-decile actives)"
CNC(=O)c1ccc(-c2ccc(C(=O)N(C)C)cc2)cc1,S,S:druglike_only,generated,corrected,,"arm druglike_only, seed 44, final generation",seed44,False,"curated molecules without 9 scaffold families (260 molecules, 93 top-decile actives)"
CCN(C(=O)c1ccccc1)c1ccc(NC(C)=O)cc1,S,S:druglike_only,generated,corrected,,"arm druglike_only, seed 44, final generation",seed44,False,"curated molecules without 9 scaffold families (260 molecules, 93 top-decile actives)"
CNC(=O)c1ccccc1-c1ccc(N2CCN(C)CC2)cc1,S,S:druglike_only,generated,corrected,,"arm druglike_only, seed 44, final generation",seed44,False,"curated molecules without 9 scaffold families (260 molecules, 93 top-decile actives)"
CS(=O)(=O)Nc1ccc(-c2ccc(S(C)(=O)=O)cc2)cc1,S,S:druglike_only,generated,corrected,,"arm druglike_only, seed 44, final generation",seed44,False,"curated molecules without 9 scaffold families (260 molecules, 93 top-decile actives)"
CN(C)c1ccccc1C(=O)NC(=O)Cc1ccccc1,S,S:druglike_only,generated,corrected,,"arm druglike_only, seed 44, final generation",seed44,False,"curated molecules without 9 scaffold families (260 molecules, 93 top-decile actives)"
CNC(=O)c1ccccc1N(C)C(=O)c1ccc(C)cc1,S,S:druglike_only,generated,corrected,,"arm druglike_only, seed 44, final generation",seed44,False,"curated molecules without 9 scaffold families (260 molecules, 93 top-decile actives)"
CNC(=O)c1ccc(-c2ccc(N3CCCCCC3)cc2)cc1,S,S:druglike_only,generated,corrected,,"arm druglike_only, seed 44, final generation",seed44,False,"curated molecules without 9 scaffold families (260 molecules, 93 top-decile actives)"
CC(=O)Cc1ccccc1-c1ccc(NC(C)=O)cc1,S,S:druglike_only,generated,corrected,,"arm druglike_only, seed 44, final generation",seed44,False,"curated molecules without 9 scaffold families (260 molecules, 93 top-decile actives)"
CS(=O)(=O)Nc1ccccc1-c1ccc(N2CCCCC2)cc1,S,S:druglike_only,generated,corrected,,"arm druglike_only, seed 44, final generation",seed44,False,"curated molecules without 9 scaffold families (260 molecules, 93 top-decile actives)"
NC(=O)c1ccc(Cc2ccccc2C(=O)N2CCCCCC2)cc1,S,S:druglike_only,generated,corrected,,"arm druglike_only, seed 44, final generation",seed44,False,"curated molecules without 9 scaffold families (260 molecules, 93 top-decile actives)"
CC(=O)Nc1ccccc1CN1Cc2ccccc2C1=O,S,S:druglike_only,generated,corrected,,"arm druglike_only, seed 44, final generation",seed44,False,"curated molecules without 9 scaffold families (260 molecules, 93 top-decile actives)"
CC(=O)NCCc1ccc(-c2ccc(N(C)C)cc2)cc1,S,S:druglike_only,generated,corrected,,"arm druglike_only, seed 44, final generation",seed44,False,"curated molecules without 9 scaffold families (260 molecules, 93 top-decile actives)"
CNC(=O)Cc1ccccc1C(=O)N1CCCCCCC1,S,S:druglike_only,generated,corrected,,"arm druglike_only, seed 44, final generation",seed44,False,"curated molecules without 9 scaffold families (260 molecules, 93 top-decile actives)"
CC(=O)NCc1ccc(-c2ccccc2NC(C)=O)cc1,S,S:druglike_only,generated,corrected,,"arm druglike_only, seed 44, final generation",seed44,False,"curated molecules without 9 scaffold families (260 molecules, 93 top-decile actives)"
CNC(=O)c1ccccc1-c1ccc(NC(C)=O)cc1,S,S:druglike_only,generated,corrected,,"arm druglike_only, seed 44, final generation",seed44,False,"curated molecules without 9 scaffold families (260 molecules, 93 top-decile actives)"
O=C(NCc1ccc(N2CCCCC2)cc1)c1ccccc1,S,S:druglike_only,generated,corrected,,"arm druglike_only, seed 45, final generation",seed45,False,"curated molecules without 9 scaffold families (260 molecules, 93 top-decile actives)"
NCc1cccc(N2CCN(C(=O)c3ccccc3)CC2)c1,S,S:druglike_only,generated,corrected,,"arm druglike_only, seed 45, final generation",seed45,False,"curated molecules without 9 scaffold families (260 molecules, 93 top-decile actives)"
Oc1ccc(CN2CCN(c3ccccc3)CC2)cc1,S,S:druglike_only,generated,corrected,,"arm druglike_only, seed 45, final generation",seed45,False,"curated molecules without 9 scaffold families (260 molecules, 93 top-decile actives)"
Oc1ccc(N2CCN(CCc3ccccc3)CC2)cc1,S,S:druglike_only,generated,corrected,,"arm druglike_only, seed 45, final generation",seed45,False,"curated molecules without 9 scaffold families (260 molecules, 93 top-decile actives)"
COc1cccc(N2CCN(c3ccc(O)cc3)CC2)c1,S,S:druglike_only,generated,corrected,,"arm druglike_only, seed 45, final generation",seed45,False,"curated molecules without 9 scaffold families (260 molecules, 93 top-decile actives)"
COc1ccc(N2CCN(c3cccc(CN)c3)CC2)cc1,S,S:druglike_only,generated,corrected,,"arm druglike_only, seed 45, final generation",seed45,False,"curated molecules without 9 scaffold families (260 molecules, 93 top-decile actives)"
O=C(O)c1ccc(CN2CCCN(C(=O)c3ccccc3)CC2)cc1,S,S:druglike_only,generated,corrected,,"arm druglike_only, seed 45, final generation",seed45,False,"curated molecules without 9 scaffold families (260 molecules, 93 top-decile actives)"
O=C(O)c1ccc(N2CCC(Cc3ccccc3)CC2)cc1,S,S:druglike_only,generated,corrected,,"arm druglike_only, seed 45, final generation",seed45,False,"curated molecules without 9 scaffold families (260 molecules, 93 top-decile actives)"
COc1ccc(-c2ccc(N3CCCCC3)c(C(N)=O)c2)cc1,S,S:druglike_only,generated,corrected,,"arm druglike_only, seed 45, final generation",seed45,False,"curated molecules without 9 scaffold families (260 molecules, 93 top-decile actives)"
Oc1ccc(Cc2ccc(N3CCOCC3)cc2)cc1,S,S:druglike_only,generated,corrected,,"arm druglike_only, seed 45, final generation",seed45,False,"curated molecules without 9 scaffold families (260 molecules, 93 top-decile actives)"
Oc1ccc(C2CCN(Cc3ccccc3)CC2)cc1,S,S:druglike_only,generated,corrected,,"arm druglike_only, seed 45, final generation",seed45,False,"curated molecules without 9 scaffold families (260 molecules, 93 top-decile actives)"
Oc1ccc(CN2CCC(c3ccccc3)CC2)cc1,S,S:druglike_only,generated,corrected,,"arm druglike_only, seed 45, final generation",seed45,False,"curated molecules without 9 scaffold families (260 molecules, 93 top-decile actives)"
O=C(c1c(F)cccc1F)N1CCN(Cc2ccc(O)cc2)CC1,S,S:druglike_only,generated,corrected,,"arm druglike_only, seed 45, final generation",seed45,False,"curated molecules without 9 scaffold families (260 molecules, 93 top-decile actives)"
Oc1ccc(CCN2CCC(c3ccccc3)CC2)cc1,S,S:druglike_only,generated,corrected,,"arm druglike_only, seed 45, final generation",seed45,False,"curated molecules without 9 scaffold families (260 molecules, 93 top-decile actives)"
COC(=O)N(C)Cc1ccc(Cc2ccc(O)cc2)cc1,S,S:druglike_only,generated,corrected,,"arm druglike_only, seed 45, final generation",seed45,False,"curated molecules without 9 scaffold families (260 molecules, 93 top-decile actives)"
NCc1ccc(C2CCN(c3ccccc3)CC2)cc1,S,S:druglike_only,generated,corrected,,"arm druglike_only, seed 45, final generation",seed45,False,"curated molecules without 9 scaffold families (260 molecules, 93 top-decile actives)"
O=C(O)c1ccc(NC(=O)c2c(F)cccc2F)cc1,S,S:druglike_only,generated,corrected,,"arm druglike_only, seed 45, final generation",seed45,False,"curated molecules without 9 scaffold families (260 molecules, 93 top-decile actives)"
COc1ccc(-c2ccc(C(=O)N3CCCCC3)cc2C(=O)O)cc1,S,S:druglike_only,generated,corrected,,"arm druglike_only, seed 45, final generation",seed45,False,"curated molecules without 9 scaffold families (260 molecules, 93 top-decile actives)"
CN1CCN(c2ccc(-c3cccc(F)c3)cc2CO)CC1,S,S:druglike_only,generated,corrected,,"arm druglike_only, seed 45, final generation",seed45,False,"curated molecules without 9 scaffold families (260 molecules, 93 top-decile actives)"
CCC(=O)NC(=O)c1ccc(-c2ccc(OC)cc2)cc1,S,S:druglike_only,generated,corrected,,"arm druglike_only, seed 46, final generation",seed46,False,"curated molecules without 9 scaffold families (260 molecules, 93 top-decile actives)"
CNC(=O)c1ccc(-c2ccc(N3CCOCC3)cc2)cc1,S,S:druglike_only,generated,corrected,,"arm druglike_only, seed 46, final generation",seed46,False,"curated molecules without 9 scaffold families (260 molecules, 93 top-decile actives)"
CNC(=O)c1ccc(Cc2ccc(C(=O)N(C)C)cc2)cc1,S,S:druglike_only,generated,corrected,,"arm druglike_only, seed 46, final generation",seed46,False,"curated molecules without 9 scaffold families (260 molecules, 93 top-decile actives)"
CNc1ccc(-c2ccc(C(=O)N3CCN(C)CC3)cc2)cc1,S,S:druglike_only,generated,corrected,,"arm druglike_only, seed 46, final generation",seed46,False,"curated molecules without 9 scaffold families (260 molecules, 93 top-decile actives)"
CCC(=O)NC(=O)c1ccc(-c2ccccc2)c(F)c1,S,S:druglike_only,generated,corrected,,"arm druglike_only, seed 46, final generation",seed46,False,"curated molecules without 9 scaffold families (260 molecules, 93 top-decile actives)"
COC(=O)Nc1ccc(-c2ccc(N3CCN(C)CC3)cc2)cc1,S,S:druglike_only,generated,corrected,,"arm druglike_only, seed 46, final generation",seed46,False,"curated molecules without 9 scaffold families (260 molecules, 93 top-decile actives)"
CN(C)C(=O)c1ccc(C(=O)NCCc2ccc(F)cc2)cc1,S,S:druglike_only,generated,corrected,,"arm druglike_only, seed 46, final generation",seed46,False,"curated molecules without 9 scaffold families (260 molecules, 93 top-decile actives)"
CCc1ccc(Nc2ccc(C(=O)N(C)C)cc2)cc1,S,S:druglike_only,generated,corrected,,"arm druglike_only, seed 46, final generation",seed46,False,"curated molecules without 9 scaffold families (260 molecules, 93 top-decile actives)"
CCC(=O)Nc1ccc(-c2ccc(N(C)C)cc2)cc1,S,S:druglike_only,generated,corrected,,"arm druglike_only, seed 46, final generation",seed46,False,"curated molecules without 9 scaffold families (260 molecules, 93 top-decile actives)"
COc1ccc(Nc2ccc(C(=O)N3CCCN(C)CC3)cc2)cc1,S,S:druglike_only,generated,corrected,,"arm druglike_only, seed 46, final generation",seed46,False,"curated molecules without 9 scaffold families (260 molecules, 93 top-decile actives)"
O=C(NC1CCC1)c1ccc(CN2CCCCC2)cc1,S,S:druglike_only,generated,corrected,,"arm druglike_only, seed 46, final generation",seed46,False,"curated molecules without 9 scaffold families (260 molecules, 93 top-decile actives)"
O=C(NC1CCC1)c1ccc(Cc2ccncc2)cc1,S,S:druglike_only,generated,corrected,,"arm druglike_only, seed 46, final generation",seed46,False,"curated molecules without 9 scaffold families (260 molecules, 93 top-decile actives)"
COC(=O)Nc1ccc(-c2ccc(CN3CCN(C)CC3)cc2)cc1,S,S:druglike_only,generated,corrected,,"arm druglike_only, seed 46, final generation",seed46,False,"curated molecules without 9 scaffold families (260 molecules, 93 top-decile actives)"
COC(=O)Nc1ccc(-c2ccc(C(=O)N(C)C)cc2)c(OC)c1,S,S:druglike_only,generated,corrected,,"arm druglike_only, seed 46, final generation",seed46,False,"curated molecules without 9 scaffold families (260 molecules, 93 top-decile actives)"
CCNC(=O)c1ccc(-c2ccc(N3CCCCC3)cc2)cn1,S,S:druglike_only,generated,corrected,,"arm druglike_only, seed 46, final generation",seed46,False,"curated molecules without 9 scaffold families (260 molecules, 93 top-decile actives)"
COc1cc(N2CCN(C)CC2)ccc1Nc1ccccc1F,S,S:druglike_only,generated,corrected,,"arm druglike_only, seed 46, final generation",seed46,False,"curated molecules without 9 scaffold families (260 molecules, 93 top-decile actives)"
CN(C)C(=O)c1ccc(CNc2ccc(N(C)C)cc2)cc1,S,S:druglike_only,generated,corrected,,"arm druglike_only, seed 46, final generation",seed46,False,"curated molecules without 9 scaffold families (260 molecules, 93 top-decile actives)"
CCC(=O)Nc1ccc(-c2ccc(N3CCN(C)CC3)cc2)nc1,S,S:druglike_only,generated,corrected,,"arm druglike_only, seed 46, final generation",seed46,False,"curated molecules without 9 scaffold families (260 molecules, 93 top-decile actives)"
COC(=O)Nc1ccc(Cc2ccc(N3CCN(C)CC3)cc2)cc1,S,S:druglike_only,generated,corrected,,"arm druglike_only, seed 46, final generation",seed46,False,"curated molecules without 9 scaffold families (260 molecules, 93 top-decile actives)"
CNC(=O)c1ccc(Nc2ccc(C(=O)N(C)C)cc2)cc1,S,S:druglike_only,generated,corrected,,"arm druglike_only, seed 46, final generation",seed46,False,"curated molecules without 9 scaffold families (260 molecules, 93 top-decile actives)"
O=c1[nH]cc(-c2ccc(CN3CCOCC3)cc2)c2sc(-c3cnn(O)c3)cc12,S,S:decoys,decoy,corrected,,"matched decoy, arm druglike_only, seed 43",seed43,False,"curated molecules without 9 scaffold families (260 molecules, 93 top-decile actives)"
CC(=O)N1CCC(n2cc(CNc3nc(NCCO)nc4c3ncn4C(C)C)c(C)n2)CC1,S,S:decoys,decoy,corrected,,"matched decoy, arm multi_scrambled, seed 43",seed43,False,"curated molecules without 9 scaffold families (260 molecules, 93 top-decile actives)"
COc1ccc(CN=CC2=C(c3cc(OC)c(OC)c(OC)c3)C(=O)NC2)cc1O,S,S:decoys,decoy,corrected,,"matched decoy, arm multi_scrambled, seed 45",seed45,False,"curated molecules without 9 scaffold families (260 molecules, 93 top-decile actives)"
CCC(=O)c1ccc(Nc2nccc(C3CCN(C)CC3)n2)cc1,S,S:decoys,decoy,corrected,,"matched decoy, arm multi_scrambled, seed 44",seed44,False,"curated molecules without 9 scaffold families (260 molecules, 93 top-decile actives)"
COc1cccc(NC(=S)N2CCN(c3nnc(OC(C)C)c4ccccc34)CC2)c1,S,S:decoys,decoy,corrected,,"matched decoy, arm multi_scrambled, seed 45",seed45,False,"curated molecules without 9 scaffold families (260 molecules, 93 top-decile actives)"
CN1CCN(Cc2cc3c(N)ncc(C4CCC4)c3s2)COC1,S,S:decoys,decoy,corrected,,"matched decoy, arm druglike_only, seed 46",seed46,False,"curated molecules without 9 scaffold families (260 molecules, 93 top-decile actives)"
Cc1c(N[C@H]2CCCNC2)nc2ccnn2c1N[C@H]1CC[C@H](N)CC1,S,S:decoys,decoy,corrected,,"matched decoy, arm multi_scrambled, seed 43",seed43,False,"curated molecules without 9 scaffold families (260 molecules, 93 top-decile actives)"
CCN1CCC(COc2ccc(-c3cnc(NC(=O)C(C)CCNC)s3)nc2)CC1,S,S:decoys,decoy,corrected,,"matched decoy, arm multi_scrambled, seed 43",seed43,False,"curated molecules without 9 scaffold families (260 molecules, 93 top-decile actives)"
COC(=O)Nc1ccc(-c2ccc(N3CCCCC3)cn2)cc1,S,S:decoys,decoy,corrected,,"matched decoy, arm multi_scrambled, seed 42",seed42,False,"curated molecules without 9 scaffold families (260 molecules, 93 top-decile actives)"
Cc1ccccc1N1CCCN(CNc2ccc(N3CCOCC3)cc2)CCC1,S,S:decoys,decoy,corrected,,"matched decoy, arm multi_scrambled, seed 43",seed43,False,"curated molecules without 9 scaffold families (260 molecules, 93 top-decile actives)"
O=c1[nH]c(O)c(C=NC[C@H]2CCCNC2)c2cc(-c3ccsc3)ccc12,S,S:decoys,decoy,corrected,,"matched decoy, arm multi_scrambled, seed 42",seed42,False,"curated molecules without 9 scaffold families (260 molecules, 93 top-decile actives)"
N[C@@H](Cc1ccc(Cl)cc1)c1oc2cc(O)cc(O)c2c(=O)c1OF,S,S:decoys,decoy,corrected,,"matched decoy, arm druglike_only, seed 46",seed46,False,"curated molecules without 9 scaffold families (260 molecules, 93 top-decile actives)"
CCNC(=O)N1CCC(c2cnc3c(NC(=O)O)nc(SSC)cn23)CC1,S,S:decoys,decoy,corrected,,"matched decoy, arm druglike_only, seed 46",seed46,False,"curated molecules without 9 scaffold families (260 molecules, 93 top-decile actives)"
CN1CCN(CNc2ncc(Br)c(Nc3cc(C4CC4)[nH]n3)n2)CC1,S,S:decoys,decoy,corrected,,"matched decoy, arm druglike_only, seed 46",seed46,False,"curated molecules without 9 scaffold families (260 molecules, 93 top-decile actives)"
CCN1CCC(c2c(O)cc(O)c3c2O/C(=C\c2ccc(CC(O)CN(C)C)cc2)C3=O)CC1,S,S:decoys,decoy,corrected,,"matched decoy, arm druglike_only, seed 46",seed46,False,"curated molecules without 9 scaffold families (260 molecules, 93 top-decile actives)"
CNC(=O)c1nn(C)c2c1C(C)(C)Cc1cnc(Nc3ccc(CO)c(O)c3)nc1-2,S,S:decoys,decoy,corrected,,"matched decoy, arm multi_scrambled, seed 42",seed42,False,"curated molecules without 9 scaffold families (260 molecules, 93 top-decile actives)"
CN(C)C[C@H](O)COc1ccc(NN2CCN3C(=O)OC(C)(C)CC3C2)cc1,S,S:decoys,decoy,corrected,,"matched decoy, arm druglike_only, seed 46",seed46,False,"curated molecules without 9 scaffold families (260 molecules, 93 top-decile actives)"
CC(=O)c1c(C)c2cnc(Nc3cocn3)nc2n(C2CCCC2)c1=O,S,S:decoys,decoy,corrected,,"matched decoy, arm druglike_only, seed 44",seed44,True,"curated molecules without 9 scaffold families (260 molecules, 93 top-decile actives)"
COc1cc(-c2cc(OC)c3c(F)ccc4c3c2C(=O)N4)cc(OC)c1OC,S,S:decoys,decoy,corrected,,"matched decoy, arm multi_scrambled, seed 45",seed45,False,"curated molecules without 9 scaffold families (260 molecules, 93 top-decile actives)"
CC(C)OCc1nnc2sc(Cc3[nH]nc4[nH]c(=S)[nH]c(=S)c34)nn12,S,S:decoys,decoy,corrected,,"matched decoy, arm multi_scrambled, seed 44",seed44,False,"curated molecules without 9 scaffold families (260 molecules, 93 top-decile actives)"
COc1cc(F)ccc1-c1nc(C(=O)Nc2cc(C3CC3)[nH]n2)ncc1F,S,S:decoys,decoy,corrected,,"matched decoy, arm druglike_only, seed 44",seed44,False,"curated molecules without 9 scaffold families (260 molecules, 93 top-decile actives)"
CCCCC1(C)CNC(=O)c2cc3cnc(Nc4ccc(N5CCOCC5)cc4)nc3n21,S,S:decoys,decoy,corrected,,"matched decoy, arm multi_scrambled, seed 42",seed42,False,"curated molecules without 9 scaffold families (260 molecules, 93 top-decile actives)"
C[C@H]1CNCC(C(=O)Nc2ncc(SCc3cc(N4CCOCC4)ccc3O)s2)C1,S,S:decoys,decoy,corrected,,"matched decoy, arm multi_scrambled, seed 42",seed42,False,"curated molecules without 9 scaffold families (260 molecules, 93 top-decile actives)"
Nc1nc(-c2cc(C(=O)c3c(F)cc(F)cc3F)ccc2O)cc(C2CCNCC2)n1,S,S:decoys,decoy,corrected,,"matched decoy, arm multi_scrambled, seed 43",seed43,False,"curated molecules without 9 scaffold families (260 molecules, 93 top-decile actives)"
COC1CCN(c2nccc(Nc3cc(OCC4CCCCC4)cc(=O)[nH]3)n2)CC1,S,S:decoys,decoy,corrected,,"matched decoy, arm multi_scrambled, seed 43",seed43,False,"curated molecules without 9 scaffold families (260 molecules, 93 top-decile actives)"
CC(=O)Nc1cc(Nc2ccc(C)c(NC(C)=O)c2)nc(C(C)C#N)n1,S,S:decoys,decoy,corrected,,"matched decoy, arm druglike_only, seed 44",seed44,False,"curated molecules without 9 scaffold families (260 molecules, 93 top-decile actives)"
COc1cc(F)ccc1-c1nc(Nc2cccc(C(N)=O)c2)ncc1F,S,S:decoys,decoy,corrected,,"matched decoy, arm druglike_only, seed 44",seed44,False,"curated molecules without 9 scaffold families (260 molecules, 93 top-decile actives)"
CC(C)n1cnc2c(N[C@H]3CC[C@H](N)CC3)nc(NCC(O)C(F)(F)F)nc21,S,S:decoys,decoy,corrected,,"matched decoy, arm multi_scrambled, seed 43",seed43,False,"curated molecules without 9 scaffold families (260 molecules, 93 top-decile actives)"
CN(C)CC(O)COc1ccc(NC2=Nc3cc(c4ccc(Cl)cc4n3)N2)cc1,S,S:decoys,decoy,corrected,,"matched decoy, arm druglike_only, seed 45",seed45,False,"curated molecules without 9 scaffold families (260 molecules, 93 top-decile actives)"
COc1cnn2c(NCc3ccc(NC(C)=O)cc3)nc(NC3CCOCC3)nc12,S,S:decoys,decoy,corrected,,"matched decoy, arm multi_scrambled, seed 46",seed46,False,"curated molecules without 9 scaffold families (260 molecules, 93 top-decile actives)"
O=S(=O)(c1cc(-c2ccc(O)c(O)c2)ccc1Cl)C1CCNCC1,S,S:decoys,decoy,corrected,,"matched decoy, arm multi_scrambled, seed 46",seed46,False,"curated molecules without 9 scaffold families (260 molecules, 93 top-decile actives)"
CCCC(C)COc1nc(NC2CCN(C)C[C@@H]2O)nc2[nH]cnc12,S,S:decoys,decoy,corrected,,"matched decoy, arm multi_scrambled, seed 46",seed46,False,"curated molecules without 9 scaffold families (260 molecules, 93 top-decile actives)"
CC(C)c1cnn2c(Nc3ccc(S(=O)(=O)N(C)C)cc3)cc(OCN3CCN(C)CC3)nc12,S,S:decoys,decoy,corrected,,"matched decoy, arm druglike_only, seed 46",seed46,False,"curated molecules without 9 scaffold families (260 molecules, 93 top-decile actives)"
COc1ccc2c(=O)[nH]c(O)c(C=NCc3ccccc3OF)c2c1,S,S:decoys,decoy,corrected,,"matched decoy, arm druglike_only, seed 44",seed44,False,"curated molecules without 9 scaffold families (260 molecules, 93 top-decile actives)"
O=c1cc(-c2ccc(O)cc2Cl)oc2c(CC3CCCCC3)c(O)cc(O)c12,S,S:decoys,decoy,corrected,,"matched decoy, arm multi_scrambled, seed 46",seed46,False,"curated molecules without 9 scaffold families (260 molecules, 93 top-decile actives)"
CC(C)C1CCN(c2ccc(Nc3ncc4cc5n(c4n3)C3(CCCCC3)CNC5=O)nc2)CC1,S,S:decoys,decoy,corrected,,"matched decoy, arm druglike_only, seed 42",seed42,True,"curated molecules without 9 scaffold families (260 molecules, 93 top-decile actives)"
CN1CCC(NC(=O)c2ccc(NSc3ncc(F)c(C#N)n3)cc2)CC1,S,S:decoys,decoy,corrected,,"matched decoy, arm multi_scrambled, seed 42",seed42,False,"curated molecules without 9 scaffold families (260 molecules, 93 top-decile actives)"
CC(=O)c1c(CC2CCN(C)CC2)oc(C=C2CCN(C)C[C@@H]2O)c1O,S,S:decoys,decoy,corrected,,"matched decoy, arm multi_scrambled, seed 46",seed46,False,"curated molecules without 9 scaffold families (260 molecules, 93 top-decile actives)"
Nc1cc(OCC2CCCCC2)nc(NC(=O)NC(=S)Nc2ccc(Cl)cc2)n1,S,S:decoys,decoy,corrected,,"matched decoy, arm druglike_only, seed 44",seed44,False,"curated molecules without 9 scaffold families (260 molecules, 93 top-decile actives)"
Cc1ncc(Nc2ccnc(Nc3cccc([SH](=O)=O)c3)n2)n1C(C)C,S,S:decoys,decoy,corrected,,"matched decoy, arm multi_scrambled, seed 44",seed44,False,"curated molecules without 9 scaffold families (260 molecules, 93 top-decile actives)"
CC(C)n1cnc2c(NCC3CCCC3)nc(NCC(O)C(F)(F)F)nc21,S,S:decoys,decoy,corrected,,"matched decoy, arm druglike_only, seed 43",seed43,False,"curated molecules without 9 scaffold families (260 molecules, 93 top-decile actives)"
Cc1cc(C)c(NC(=O)c2ccnc(N3CCCCC3)n2)cn1,S,S:decoys,decoy,corrected,,"matched decoy, arm druglike_only, seed 43",seed43,False,"curated molecules without 9 scaffold families (260 molecules, 93 top-decile actives)"
O=C(NC1CCCCC1)c1[nH]ncc1-c1cc(N2CCOCC2)ccc1O,S,S:decoys,decoy,corrected,,"matched decoy, arm druglike_only, seed 42",seed42,False,"curated molecules without 9 scaffold families (260 molecules, 93 top-decile actives)"
C[C@@H]1CN(c2ccc(NC(=O)Nc3cc(C4CC4)[nH]n3)nc2)C[C@H](C)N1C[C@@H](C)O,S,S:decoys,decoy,corrected,,"matched decoy, arm multi_scrambled, seed 42",seed42,False,"curated molecules without 9 scaffold families (260 molecules, 93 top-decile actives)"
CC[C@@H](Nc1nc(NCc2cccnc2)c2ncn(C(C)C)c2n1)N1CCN(C)CC1,S,S:decoys,decoy,corrected,,"matched decoy, arm multi_scrambled, seed 44",seed44,False,"curated molecules without 9 scaffold families (260 molecules, 93 top-decile actives)"
O=C(Cc1ccc(N=C2CCOCC2)cc1)Nc1ccc(N2CCOCC2)cc1,S,S:decoys,decoy,corrected,,"matched decoy, arm multi_scrambled, seed 42",seed42,False,"curated molecules without 9 scaffold families (260 molecules, 93 top-decile actives)"
CC(O)Nc1ccc(CCc2ccc3c(n2)CCN(C[C@H]2CNCCO2)C3)cc1,S,S:decoys,decoy,corrected,,"matched decoy, arm multi_scrambled, seed 45",seed45,False,"curated molecules without 9 scaffold families (260 molecules, 93 top-decile actives)"
CCc1cc(Nc2cc(NC3CCN3)n3ncc(C#N)c3n2)ccc1C,S,S:decoys,decoy,corrected,,"matched decoy, arm multi_scrambled, seed 44",seed44,False,"curated molecules without 9 scaffold families (260 molecules, 93 top-decile actives)"
CCS(=O)(=O)Nc1ccc2[nH]nc(Nc3ccc(S(N)(=O)=O)cc3)c2c1,S,S:decoys,decoy,corrected,,"matched decoy, arm druglike_only, seed 42",seed42,False,"curated molecules without 9 scaffold families (260 molecules, 93 top-decile actives)"
CNC(=O)c1nn(C)c2c1C(C)(C)Cc1cnc(Nc3cccc(SCC4CC4)c3)nc1-2,S,S:decoys,decoy,corrected,,"matched decoy, arm druglike_only, seed 42",seed42,False,"curated molecules without 9 scaffold families (260 molecules, 93 top-decile actives)"
CN1CCC(Oc2nc(Nc3ccc([S+]([O-])C4CC4)cc3)ncc2C(F)(F)F)CC1,S,S:decoys,decoy,corrected,,"matched decoy, arm druglike_only, seed 43",seed43,False,"curated molecules without 9 scaffold families (260 molecules, 93 top-decile actives)"
CC(C)c1cnn2c(Nc3cccnc3)nc(NC3CCNCC3)nc12,S,S:decoys,decoy,corrected,,"matched decoy, arm multi_scrambled, seed 45",seed45,False,"curated molecules without 9 scaffold families (260 molecules, 93 top-decile actives)"
COc1ccccc1Nc1ccnc(Nc2ccc(OCS(N)(=O)=O)cn2)n1,S,S:decoys,decoy,corrected,,"matched decoy, arm druglike_only, seed 46",seed46,False,"curated molecules without 9 scaffold families (260 molecules, 93 top-decile actives)"
CC[C@@H](CNC)Nc1nc2ccnn2c(N[C@H]2CC[C@H](N)CC2)c1C,S,S:decoys,decoy,corrected,,"matched decoy, arm multi_scrambled, seed 43",seed43,False,"curated molecules without 9 scaffold families (260 molecules, 93 top-decile actives)"
COc1cc(F)ccc1-c1nc(Nc2ccccc2)ncc1F,S,S:decoys,decoy,corrected,,"matched decoy, arm multi_scrambled, seed 46",seed46,False,"curated molecules without 9 scaffold families (260 molecules, 93 top-decile actives)"
CN(C)Cc1ccc(C=CC(=O)c2c(O)cc(O)c(C3CCN(C)CC3)c2O)cc1,S,S:decoys,decoy,corrected,,"matched decoy, arm multi_scrambled, seed 46",seed46,False,"curated molecules without 9 scaffold families (260 molecules, 93 top-decile actives)"
CNC(=O)c1nn(C)c(-c2nc(Nc3cccc(S(N)(=O)=O)c3)ncc2C)c1C(C)C,S,S:decoys,decoy,corrected,,"matched decoy, arm druglike_only, seed 45",seed45,False,"curated molecules without 9 scaffold families (260 molecules, 93 top-decile actives)"
O=C(O)Nc1ccc(N2CCC(c3nc(NCO)ncc3F)CC2)cn1,S,S:decoys,decoy,corrected,,"matched decoy, arm druglike_only, seed 42",seed42,False,"curated molecules without 9 scaffold families (260 molecules, 93 top-decile actives)"
CC1CN(c2ccc(NCc3ccccc3S(C)(=O)=O)nc2)CCN1CC(C)(C)O,S,S:decoys,decoy,corrected,,"matched decoy, arm druglike_only, seed 45",seed45,False,"curated molecules without 9 scaffold families (260 molecules, 93 top-decile actives)"
CC(=O)CCN1CCN(c2ccc(Nc3ncc4cc5n(c4n3)C3(CCCC3)CNC5=O)nc2)CC1(C)C,S,S:decoys,decoy,corrected,,"matched decoy, arm multi_scrambled, seed 44",seed44,False,"curated molecules without 9 scaffold families (260 molecules, 93 top-decile actives)"
CCN1c2cc(C)c(c3c(=O)c(O)c(NC4CCN(C)CC4)oc23)C1C,S,S:decoys,decoy,corrected,,"matched decoy, arm multi_scrambled, seed 44",seed44,False,"curated molecules without 9 scaffold families (260 molecules, 93 top-decile actives)"
C[C@H](O)CN1CCN(c2ccc(Nc3ccc(S(=O)(=O)C4CCCC4)cc3)nc2)C[C@H]1C,S,S:decoys,decoy,corrected,,"matched decoy, arm multi_scrambled, seed 45",seed45,False,"curated molecules without 9 scaffold families (260 molecules, 93 top-decile actives)"
CCC(C)n1c(CCN2CCCC2)cc2cnc(Nc3ccc(CN4CCNCC4)cn3)nc21,S,S:decoys,decoy,corrected,,"matched decoy, arm multi_scrambled, seed 43",seed43,False,"curated molecules without 9 scaffold families (260 molecules, 93 top-decile actives)"
CCCC(=O)c1ccc(Nc2ncc3cc4n(c3n2)C(C)(CCC)CNC4=O)nc1,S,S:decoys,decoy,corrected,,"matched decoy, arm druglike_only, seed 43",seed43,False,"curated molecules without 9 scaffold families (260 molecules, 93 top-decile actives)"
COC(C(=O)N1Cc2[nH]nc(NC(=O)c3ccc(N4CCN(C)CC4)cc3)c2C1)c1cccc(C)c1,S,S:decoys,decoy,corrected,,"matched decoy, arm multi_scrambled, seed 44",seed44,False,"curated molecules without 9 scaffold families (260 molecules, 93 top-decile actives)"
CC(C)n1cnnc1-c1cccc(NC(=O)ON2CCCCC2)n1,S,S:decoys,decoy,corrected,,"matched decoy, arm druglike_only, seed 44",seed44,False,"curated molecules without 9 scaffold families (260 molecules, 93 top-decile actives)"
N=C1NC(=O)/C(=C/c2ccc(-c3ccc(CCO)c(C(F)(F)CF)c3)o2)S1,S,S:decoys,decoy,corrected,,"matched decoy, arm multi_scrambled, seed 42",seed42,False,"curated molecules without 9 scaffold families (260 molecules, 93 top-decile actives)"
COC=Cc1c(C)c(O)[nH]c(=O)c1NC(=O)c1ccc(C(C)(C)SC)cc1,S,S:decoys,decoy,corrected,,"matched decoy, arm druglike_only, seed 44",seed44,False,"curated molecules without 9 scaffold families (260 molecules, 93 top-decile actives)"
C=C(C=CCC[C@H](N)CNc1nnc(C2CCC(N)CC2)s1)C(F)(F)F,S,S:decoys,decoy,corrected,,"matched decoy, arm multi_scrambled, seed 45",seed45,False,"curated molecules without 9 scaffold families (260 molecules, 93 top-decile actives)"
CC(C)c1coc(CSNc2ccc(C(=O)N3CCCN(C)CC3)cc2)n1,S,S:decoys,decoy,corrected,,"matched decoy, arm multi_scrambled, seed 46",seed46,False,"curated molecules without 9 scaffold families (260 molecules, 93 top-decile actives)"
COc1cc(Nc2cnc(NC3CCNCC3)s2)cc(OC)c1OC,S,S:decoys,decoy,corrected,,"matched decoy, arm multi_scrambled, seed 44",seed44,True,"curated molecules without 9 scaffold families (260 molecules, 93 top-decile actives)"
Cc1nc2c(F)cc(Cc3[nH]nc4[nH]c(=S)[nH]c(=S)c34)cc2n1C1CC1,S,S:decoys,decoy,corrected,,"matched decoy, arm multi_scrambled, seed 44",seed44,True,"curated molecules without 9 scaffold families (260 molecules, 93 top-decile actives)"
NC(=O)c1ccc(Nc2nc(N)cc(-c3c(F)cccc3F)n2)cc1,S,S:decoys,decoy,corrected,,"matched decoy, arm multi_scrambled, seed 44",seed44,True,"curated molecules without 9 scaffold families (260 molecules, 93 top-decile actives)"
CCCC(=O)Nc1nc(Nc2ccc(N3CCN(C(C)=O)CC3)cc2OC)ncc1Br,S,S:decoys,decoy,corrected,,"matched decoy, arm druglike_only, seed 45",seed45,False,"curated molecules without 9 scaffold families (260 molecules, 93 top-decile actives)"
CCS(=O)(Cc1cc(F)cc(Nc2ncc(F)c(NCCN(C)C)n2)c1)=NC#N,S,S:decoys,decoy,corrected,,"matched decoy, arm druglike_only, seed 43",seed43,False,"curated molecules without 9 scaffold families (260 molecules, 93 top-decile actives)"
CCN(CC)c1ccc(Nc2ncc(C(F)(F)F)c(N[C@H](C)[C@H](C)OO)n2)cc1,S,S:decoys,decoy,corrected,,"matched decoy, arm multi_scrambled, seed 44",seed44,False,"curated molecules without 9 scaffold families (260 molecules, 93 top-decile actives)"
COc1ccc(Nc2ncc(C(F)(F)F)c(N[C@H](C)[C@@H](C)O)n2)cc1,S,S:decoys,decoy,corrected,,"matched decoy, arm multi_scrambled, seed 44",seed44,False,"curated molecules without 9 scaffold families (260 molecules, 93 top-decile actives)"
O=S(=O)(c1ccc(Nc2ncc(C(F)(F)OF)c(OCN3CCCC3)n2)cc1)C1CCCC1,S,S:decoys,decoy,corrected,,"matched decoy, arm druglike_only, seed 45",seed45,False,"curated molecules without 9 scaffold families (260 molecules, 93 top-decile actives)"
C=CC(=O)N1CCc2cc(S(=O)(=O)N3CCC[C@@H](Nc4ncc(SCC5CC5)s4)C3)ccc21,S,S:decoys,decoy,corrected,,"matched decoy, arm multi_scrambled, seed 43",seed43,False,"curated molecules without 9 scaffold families (260 molecules, 93 top-decile actives)"
CNOC(=O)C1CCC(c2nccc(-c3cnc(C)n3C(C)C)n2)CC1,S,S:decoys,decoy,corrected,,"matched decoy, arm multi_scrambled, seed 42",seed42,False,"curated molecules without 9 scaffold families (260 molecules, 93 top-decile actives)"
C[C@H](N)CN1CCc2nc(N3CCN(c4nnc(Cc5ccccc5)c5ccccc45)CC3)ccc2C1,S,S:decoys,decoy,corrected,,"matched decoy, arm multi_scrambled, seed 42",seed42,False,"curated molecules without 9 scaffold families (260 molecules, 93 top-decile actives)"
Cc1ccc(NCN2CCN(c3ccc(N4CCCCC4)nc3)CC2)cc1,S,S:decoys,decoy,corrected,,"matched decoy, arm druglike_only, seed 45",seed45,False,"curated molecules without 9 scaffold families (260 molecules, 93 top-decile actives)"
O=C(Nc1ncc(-c2ccnc(/C=C/c3ccccc3)n2)s1)C(O)CO,S,S:decoys,decoy,corrected,,"matched decoy, arm multi_scrambled, seed 42",seed42,False,"curated molecules without 9 scaffold families (260 molecules, 93 top-decile actives)"
COC1CCN(c2nccc(Nc3cc4c(ccn4C(=O)c4c(F)cccc4Cl)cn3)n2)CC1,S,S:decoys,decoy,corrected,,"matched decoy, arm multi_scrambled, seed 42",seed42,False,"curated molecules without 9 scaffold families (260 molecules, 93 top-decile actives)"
Cc1cc(C)c(Nc2cc(N3CCCOCC3)ccn2)cn1,S,S:decoys,decoy,corrected,,"matched decoy, arm druglike_only, seed 43",seed43,False,"curated molecules without 9 scaffold families (260 molecules, 93 top-decile actives)"
CN(C)CCNS(=O)(=O)c1ccc(-c2cccc(NC(=O)C3CCCCO3)n2)cc1,S,S:decoys,decoy,corrected,,"matched decoy, arm multi_scrambled, seed 43",seed43,False,"curated molecules without 9 scaffold families (260 molecules, 93 top-decile actives)"
C=CC(=O)Nc1ccc(O[C@@H]2CCC[C@@H](Nc3ncc(OC)s3)CO2)cc1,S,S:decoys,decoy,corrected,,"matched decoy, arm multi_scrambled, seed 45",seed45,True,"curated molecules without 9 scaffold families (260 molecules, 93 top-decile actives)"
CC[C@H](Nc1nc(Nc2ccccc2)c2ncn(C(C)C)c2n1)[C@@H](C)O,S,S:decoys,decoy,corrected,,"matched decoy, arm druglike_only, seed 46",seed46,False,"curated molecules without 9 scaffold families (260 molecules, 93 top-decile actives)"
C=CC(=CCNc1ncc(F)c(C2CCN(C)CC2)n1)CS(C)(=O)=NC(=O)OCC,S,S:decoys,decoy,corrected,,"matched decoy, arm multi_scrambled, seed 44",seed44,False,"curated molecules without 9 scaffold families (260 molecules, 93 top-decile actives)"
CN(C)CC(O)COc1ccc(Nc2ccc(N3CCNCC3)cn2)cc1,S,S:decoys,decoy,corrected,,"matched decoy, arm multi_scrambled, seed 43",seed43,False,"curated molecules without 9 scaffold families (260 molecules, 93 top-decile actives)"
Cc1ccccc1Nc1cc(Nc2ccc(Oc3ccc(S(N)(=O)=O)cc3)cc2)ncn1,S,S:decoys,decoy,corrected,,"matched decoy, arm multi_scrambled, seed 43",seed43,False,"curated molecules without 9 scaffold families (260 molecules, 93 top-decile actives)"
NS(=O)(=O)c1ccc(CNC=C2CNC(=O)c3ccc(C4CC4)cc32)cc1O,S,S:decoys,decoy,corrected,,"matched decoy, arm multi_scrambled, seed 44",seed44,False,"curated molecules without 9 scaffold families (260 molecules, 93 top-decile actives)"
CC(=O)Nc1ccc(N=Cc2c(=O)[nH]c(O)c3cc(Br)ccc23)cc1,S,S:decoys,decoy,corrected,,"matched decoy, arm druglike_only, seed 44",seed44,False,"curated molecules without 9 scaffold families (260 molecules, 93 top-decile actives)"
