smiles,group,set,role,policy,pactivity,source,cluster,replicate,surrogate_training,status,vina_score,n_heavy_atoms,n_rotatable,pred_real,pb_status
CC(=O)N[C@@H]1CCCC(C(=O)Nc2cc(-c3cnn4c3CC(C)(C)C4)c(Cl)cn2)C1,P,P:training_top_decile,in_sample_top_decile,shared,9.0,curated row 65,O=C(Nc1cc(-c2cnn3c2CCC3)ccn1)C1CCCCC1,True,all curated molecules (the comparator actives were in the training data),ok,-8.502,30.0,4.0,,pass
Cc1ncc(-c2nc(Nc3ccc(C(=O)N4CC[C@H](N(C)C)C4)cc3)ncc2F)n1C(C)C,P,P:training_top_decile,in_sample_top_decile,shared,8.698970004336019,curated row 85,O=C(c1ccc(Nc2nccc(-c3cnc[nH]3)n2)cc1)N1CCCC1,False,all curated molecules (the comparator actives were in the training data),ok,-9.429,33.0,6.0,8.4666,pass
Cc1ncc(-c2nc(Nc3ccc(C(=O)N4CC[C@@H](N(C)C)C4)cc3)ncc2F)n1C(C)C,P,P:training_top_decile,in_sample_top_decile,shared,8.221848749616356,curated row 86,O=C(c1ccc(Nc2nccc(-c3cnc[nH]3)n2)cc1)N1CCCC1,False,all curated molecules (the comparator actives were in the training data),ok,-9.4,33.0,6.0,8.4666,pass
O=C(Nc1ccc(F)cc1)c1[nH]ncc1NC(=O)c1c(F)cccc1F,P,P:training_top_decile,in_sample_top_decile,shared,8.522878745280337,curated row 99,O=C(Nc1cn[nH]c1C(=O)Nc1ccccc1)c1ccccc1,False,all curated molecules (the comparator actives were in the training data),ok,-9.359,26.0,4.0,,pass
NS(=O)(=O)c1cccc(Nc2nc(OCC3CCCCC3)c3[nH]cnc3n2)c1,P,P:training_top_decile,in_sample_top_decile,shared,8.301029995663981,curated row 122,c1ccc(Nc2nc(OCC3CCCCC3)c3[nH]cnc3n2)cc1,False,all curated molecules (the comparator actives were in the training data),ok,-8.85,28.0,7.0,,pass
Cc1ccc(CC(=O)Nc2[nH]nc3ccc(N4CCCS4(=O)=O)cc23)cc1,P,P:training_top_decile,in_sample_top_decile,shared,8.154901959985743,curated row 136,O=C(Cc1ccccc1)Nc1[nH]nc2ccc(N3CCCS3(=O)=O)cc12,False,all curated molecules (the comparator actives were in the training data),ok,-9.049,27.0,4.0,,pass
Cc1nc2c(F)cc(-c3nc(Nc4ccc5c(n4)CCN(C(=O)O)C5)ncc3F)cc2n1C(C)C,P,P:training_top_decile,in_sample_top_decile,shared,8.13430394008393,curated row 158,c1cc(-c2ccc3nc[nH]c3c2)nc(Nc2ccc3c(n2)CCNC3)n1,False,all curated molecules (the comparator actives were in the training data),ok,-8.621,35.0,4.0,7.89003,pass
CN(c1ccccn1)S(=O)(=O)c1ccc(N=Cc2c(O)[nH]c3ccc4ncsc4c23)cc1,P,P:training_top_decile,in_sample_top_decile,shared,8.2518119729938,curated row 184,O=S(=O)(Nc1ccccn1)c1ccc(N=Cc2c[nH]c3ccc4ncsc4c23)cc1,False,all curated molecules (the comparator actives were in the training data),ok,-7.444,32.0,6.0,,pass
Cc1ncc(-c2ccnc(Nc3ccc(C(=O)NCCN(C)C)c(F)c3)n2)n1C(C)C,P,P:training_top_decile,in_sample_top_decile,shared,8.522878745280337,curated row 211,c1ccc(Nc2nccc(-c3cnc[nH]3)n2)cc1,False,all curated molecules (the comparator actives were in the training data),ok,-8.399,31.0,8.0,8.45466,pass
N#Cc1cccc(Nc2nccc(-c3cnn4ncccc34)n2)c1,P,P:training_top_decile,in_sample_top_decile,shared,8.698970004336019,curated row 236,c1ccc(Nc2nccc(-c3cnn4ncccc34)n2)cc1,False,all curated molecules (the comparator actives were in the training data),ok,-9.448,24.0,3.0,,pass
COC[C@@H](Nc1nc(Nc2ccc(S(C)(=N)=O)cc2)ncc1Br)[C@@H](C)O,P,P:training_top_decile,in_sample_top_decile,shared,8.397940008672037,curated row 240,c1ccc(Nc2ncccn2)cc1,False,all curated molecules (the comparator actives were in the training data),ok,-7.454,26.0,9.0,8.28738,pass
O=C(O)c1ccc2[nH]c(O)c(C=c3[nH]cc4c3=CCOC4=O)c2c1,P,P:training_top_decile,in_sample_top_decile,shared,8.397940008672037,curated row 245,O=C1OCC=c2c1c[nH]c2=Cc1c[nH]c2ccccc12,False,all curated molecules (the comparator actives were in the training data),ok,-8.414,24.0,3.0,,pass
N[C@H]1CC[C@H](Nc2cc(Nc3ccc(F)c(Cl)c3)n3ncc(Br)c3n2)CC1,P,P:training_top_decile,in_sample_top_decile,shared,8.468521082957745,curated row 247,c1ccc(Nc2cc(NC3CCCCC3)nc3ccnn23)cc1,False,all curated molecules (the comparator actives were in the training data),ok,-9.322,27.0,4.0,,pass
O=[N+]([O-])c1cccc(Nc2nccc(-c3cnn4ncccc34)n2)c1,P,P:training_top_decile,in_sample_top_decile,shared,9.522878745280336,curated row 263,c1ccc(Nc2nccc(-c3cnn4ncccc34)n2)cc1,False,all curated molecules (the comparator actives were in the training data),ok,-9.209,25.0,4.0,,pass
CS(=O)(=O)c1ccc(N=Cc2c(O)[nH]c3ccc4ncsc4c23)cc1,P,P:training_top_decile,in_sample_top_decile,shared,8.244125144327509,curated row 281,C(=Nc1ccccc1)c1c[nH]c2ccc3ncsc3c12,False,all curated molecules (the comparator actives were in the training data),ok,-7.955,25.0,4.0,,pass
COc1ccc(Nc2nccc(-c3cnc(C)n3C(C)C)n2)cc1,P,P:training_top_decile,in_sample_top_decile,shared,8.096910013008056,curated row 283,c1ccc(Nc2nccc(-c3cnc[nH]3)n2)cc1,False,all curated molecules (the comparator actives were in the training data),ok,-8.298,24.0,5.0,8.07798,pass
O=C(Nc1[nH]nc2nc(-c3ccc(O)c(Cl)c3)ccc12)C1CC1,P,P:training_top_decile,in_sample_top_decile,shared,8.698970004336019,curated row 321,O=C(Nc1[nH]nc2nc(-c3ccccc3)ccc12)C1CC1,True,all curated molecules (the comparator actives were in the training data),ok,-7.987,23.0,4.0,8.28911,pass
CC(=Nc1ccc(S(N)(=O)=O)cc1)c1c(O)[nH]c2ccc(-c3cnco3)cc12,P,P:training_top_decile,in_sample_top_decile,shared,8.698970004336019,curated row 365,C(=Nc1ccccc1)c1c[nH]c2ccc(-c3cnco3)cc12,False,all curated molecules (the comparator actives were in the training data),ok,-8.272,28.0,6.0,8.43921,pass
NS(=O)(=O)c1ccc(N=Nc2c(O)[nH]c3cccc(I)c23)cc1,P,P:training_top_decile,in_sample_top_decile,shared,8.337242168318426,curated row 377,c1ccc(N=Nc2c[nH]c3ccccc23)cc1,False,all curated molecules (the comparator actives were in the training data),ok,-7.482,23.0,5.0,8.16485,pass
NS(=O)(=O)c1cccc(Nc2nccc(-c3ccnc(NCCCO)c3)n2)c1,P,P:training_top_decile,in_sample_top_decile,shared,8.173925197299173,curated row 406,c1ccc(Nc2nccc(-c3ccncc3)n2)cc1,False,all curated molecules (the comparator actives were in the training data),ok,-8.474,28.0,10.0,,pass
CCOC(=O)c1cccc2[nH]c(O)c(C=Nc3ccc(S(N)(=O)=O)cc3)c12,P,P:training_top_decile,in_sample_top_decile,shared,8.050609993355087,curated row 434,C(=Nc1ccccc1)c1c[nH]c2ccccc12,False,all curated molecules (the comparator actives were in the training data),ok,-7.536,27.0,7.0,,pass
Cc1cc(Nc2ncc(Br)c(N[C@H](C)[C@H](C)O)n2)ccc1S(C)(=N)=O,P,P:training_top_decile,in_sample_top_decile,shared,8.397940008672037,curated row 448,c1ccc(Nc2ncccn2)cc1,False,all curated molecules (the comparator actives were in the training data),ok,-7.803,25.0,7.0,,pass
O=C(Nc1[nH]nc2nc(-c3ccc(O)c(Br)c3)ccc12)C1CC1,P,P:training_top_decile,in_sample_top_decile,shared,8.698970004336019,curated row 450,O=C(Nc1[nH]nc2nc(-c3ccccc3)ccc12)C1CC1,False,all curated molecules (the comparator actives were in the training data),ok,-7.922,23.0,4.0,8.26573,pass
Cc1ncc(-c2ccnc(Nc3ccc(C(=O)N(C)C)cc3)n2)n1C(C)C,P,P:training_top_decile,in_sample_top_decile,shared,8.096910013008056,curated row 458,c1ccc(Nc2nccc(-c3cnc[nH]3)n2)cc1,True,all curated molecules (the comparator actives were in the training data),ok,-8.775,27.0,5.0,8.18379,pass
COc1cc(Nc2ncc(Br)c(N[C@H](C)[C@H](C)O)n2)ccc1S(C)(=N)=O,P,P:training_top_decile,in_sample_top_decile,shared,8.460409376976187,curated row 470,c1ccc(Nc2ncccn2)cc1,False,all curated molecules (the comparator actives were in the training data),ok,-7.381,26.0,8.0,,pass
CN(C)CCNS(=O)(=O)c1ccc(Nc2nccc(-c3cnc4ccccn34)n2)cc1,P,P:training_top_decile,in_sample_top_decile,shared,8.301029995663981,curated row 599,c1ccc(Nc2nccc(-c3cnc4ccccn34)n2)cc1,False,all curated molecules (the comparator actives were in the training data),ok,-8.71,31.0,8.0,,pass
Cc1ncc(-c2nc(Nc3ccc(N4CCN(C(=O)CO)CC4)cc3)ncc2F)n1C(C)C,P,P:training_top_decile,in_sample_top_decile,shared,8.221848749616356,curated row 613,c1cc(-c2cnc[nH]2)nc(Nc2ccc(N3CCNCC3)cc2)n1,True,all curated molecules (the comparator actives were in the training data),ok,-8.796,33.0,7.0,,pass
CN=S(C)(=O)c1ccc(Nc2ncc(Br)c(N[C@H](C)[C@@H](C)O)n2)cc1OC,P,P:training_top_decile,in_sample_top_decile,shared,8.397940008672037,curated row 623,c1ccc(Nc2ncccn2)cc1,False,all curated molecules (the comparator actives were in the training data),ok,-7.374,27.0,8.0,,pass
CCCS(=O)(=O)c1ccc(Nc2nccc(-c3cnc(C)n3C(C)C)n2)cc1,P,P:training_top_decile,in_sample_top_decile,shared,8.096910013008056,curated row 625,c1ccc(Nc2nccc(-c3cnc[nH]3)n2)cc1,False,all curated molecules (the comparator actives were in the training data),ok,-8.467,28.0,7.0,,pass
NS(=O)(=O)c1ccc(N=Nc2c(O)[nH]c3ccc(C(=O)NCc4ccncc4)cc23)cc1,P,P:training_top_decile,in_sample_top_decile,shared,8.050609993355087,curated row 673,O=C(NCc1ccncc1)c1ccc2[nH]cc(N=Nc3ccccc3)c2c1,False,all curated molecules (the comparator actives were in the training data),ok,-7.936,32.0,8.0,,pass
C[C@@H](NC(=O)N1CCc2cnc(Nc3cnn(C)c3)nc2C1)c1ccc(Cl)c(Cl)c1,P,P:training_top_decile,in_sample_top_decile,shared,8.397940008672037,curated row 730,O=C(NCc1ccccc1)N1CCc2cnc(Nc3cn[nH]c3)nc2C1,False,all curated molecules (the comparator actives were in the training data),ok,-8.785,30.0,4.0,8.11485,pass
N[C@H]1CC[C@H](Nc2nc(NCc3ccccc3)c3ncn(C4CCCC4)c3n2)CC1,P,P:training_top_decile,in_sample_top_decile,shared,8.154901959985743,curated row 746,c1ccc(CNc2nc(NC3CCCCC3)nc3c2ncn3C2CCCC2)cc1,False,all curated molecules (the comparator actives were in the training data),ok,-8.343,30.0,7.0,,pass
CCS(=N)(=O)c1ccc(Nc2ncc(Br)c(N[C@@H](C)[C@H](C)O)n2)cc1,P,P:training_top_decile,in_sample_top_decile,shared,8.397940008672037,curated row 772,c1ccc(Nc2ncccn2)cc1,False,all curated molecules (the comparator actives were in the training data),ok,-7.604,25.0,8.0,,pass
C[C@@H]1C[C@H]2CN1CCn1[nH]c3c(cccc3c1=O)-c1nc3c(cccc3[nH]c1=O)O2,P,P:training_top_decile,in_sample_top_decile,shared,8.468521082957745,curated row 776,O=c1[nH]c2cccc3c2nc1-c1cccc2c(=O)n([nH]c12)CCN1CCC(C1)O3,False,all curated molecules (the comparator actives were in the training data),ok,-5.157,30.0,0.0,,pass
Nc1nc(Nc2ccc(S(N)(=O)=O)cc2)nn1C(=O)c1c(F)cccc1F,P,P:training_top_decile,in_sample_top_decile,shared,8.698970004336019,curated row 785,O=C(c1ccccc1)n1cnc(Nc2ccccc2)n1,False,all curated molecules (the comparator actives were in the training data),ok,-8.555,27.0,6.0,8.10239,pass
O=C(Nc1[nH]nc2nc(-c3ccc(O)cc3)c(-c3ccccc3)cc12)C1CC1,P,P:training_top_decile,in_sample_top_decile,shared,8.301029995663981,curated row 794,O=C(Nc1[nH]nc2nc(-c3ccccc3)c(-c3ccccc3)cc12)C1CC1,False,all curated molecules (the comparator actives were in the training data),ok,-8.163,28.0,5.0,,pass
CN1CCN(c2cccc(Nc3ncc4c(n3)-c3c(c(C(N)=O)nn3C)CC4)c2)CC1,P,P:training_top_decile,in_sample_top_decile,shared,9.0,curated row 803,c1cc(Nc2ncc3c(n2)-c2[nH]ncc2CC3)cc(N2CCNCC2)c1,True,all curated molecules (the comparator actives were in the training data),ok,-9.078,31.0,4.0,8.7486,pass
CN(C)S(=O)(=O)c1ccc(Nc2cc(N[C@H]3CC[C@H](N)CC3)nc3c(Br)cnn23)cc1Cl,P,P:training_top_decile,in_sample_top_decile,shared,8.698970004336019,curated row 805,c1ccc(Nc2cc(NC3CCCCC3)nc3ccnn23)cc1,False,all curated molecules (the comparator actives were in the training data),ok,-9.404,32.0,6.0,,pass
C[C@H](O)[C@@H](C)Nc1nc(Nc2ccc(S(=N)(=O)CCO)cc2)ncc1Br,P,P:training_top_decile,in_sample_top_decile,shared,8.221848749616356,curated row 810,c1ccc(Nc2ncccn2)cc1,False,all curated molecules (the comparator actives were in the training data),ok,-7.563,26.0,10.0,,pass
COc1cc(-c2ccc3c(-c4nc5c(N6CCN(C)CC6)cccc5[nH]4)[nH]nc3c2)ccc1O,P,P:training_top_decile,in_sample_top_decile,shared,8.387216143280265,curated row 812,c1ccc(-c2ccc3c(-c4nc5c(N6CCNCC6)cccc5[nH]4)[nH]nc3c2)cc1,False,all curated molecules (the comparator actives were in the training data),ok,-9.745,34.0,5.0,7.42285,pass
CC(C)c1cnn2c(NCc3ccccc3)cc(N[C@@H](CO)[C@H](O)CO)nc12,P,P:training_top_decile,in_sample_top_decile,shared,8.522878745280337,curated row 842,c1ccc(CNc2ccnc3ccnn23)cc1,False,all curated molecules (the comparator actives were in the training data),ok,-7.819,28.0,11.0,8.27636,pass
CC(C)c1cnn2c(NCc3ccccc3)cc(N[C@@H](CO)[C@@H](O)CO)nc12,P,P:training_top_decile,in_sample_top_decile,shared,8.522878745280337,curated row 843,c1ccc(CNc2ccnc3ccnn23)cc1,False,all curated molecules (the comparator actives were in the training data),ok,-7.93,28.0,11.0,,pass
COCCNS(=O)(=O)c1ccc(Nc2nccc(-c3cnc(C)n3C(C)C)n2)cc1,P,P:training_top_decile,in_sample_top_decile,shared,9.0,curated row 882,c1ccc(Nc2nccc(-c3cnc[nH]3)n2)cc1,False,all curated molecules (the comparator actives were in the training data),ok,-8.345,30.0,9.0,,pass
c1ccc(Nc2nccc(-c3cnn4ncccc34)n2)cc1,P,P:training_top_decile,in_sample_top_decile,shared,8.096910013008056,curated row 894,c1ccc(Nc2nccc(-c3cnn4ncccc34)n2)cc1,False,all curated molecules (the comparator actives were in the training data),ok,-8.917,22.0,3.0,,pass
CC(C)c1c2cc(-c3nc(Nc4ccc(N5CCNCC5)cn4)ncc3F)ccc2nn1C,P,P:training_top_decile,in_sample_top_decile,shared,8.619788758288394,curated row 898,c1cc(-c2ccc3n[nH]cc3c2)nc(Nc2ccc(N3CCNCC3)cn2)n1,False,all curated molecules (the comparator actives were in the training data),ok,-9.196,33.0,5.0,8.1218,pass
CC(C)c1c2cc(-c3ccnc(Nc4ccc5c(N6CCN(C)CC6)ncnc5c4)n3)ccc2nn1C,P,P:training_top_decile,in_sample_top_decile,shared,8.55284196865778,curated row 901,c1cc(-c2ccc3n[nH]cc3c2)nc(Nc2ccc3c(N4CCNCC4)ncnc3c2)n1,True,all curated molecules (the comparator actives were in the training data),ok,-9.51,37.0,5.0,,pass
NS(=O)(=O)c1ccc(N=Nc2c(=O)[nH]c3ccc4[nH][nH]c(Cl)c4c23)cc1,P,P:training_top_decile,in_sample_top_decile,shared,8.657577319177793,curated row 937,O=c1[nH]c2ccc3[nH][nH]cc3c2c1N=Nc1ccccc1,False,all curated molecules (the comparator actives were in the training data),ok,-6.046,26.0,4.0,8.31006,pass
Cn1cc(-c2cnc3c(-c4csc(C(=O)N[C@@H]5CCCC[C@@H]5N)c4)cnn3c2)cn1,P,P:training_top_decile,in_sample_top_decile,shared,8.657577319177793,curated row 939,O=C(NC1CCCCC1)c1cc(-c2cnn3cc(-c4cn[nH]c4)cnc23)cs1,False,all curated molecules (the comparator actives were in the training data),ok,-7.934,30.0,5.0,,pass
COC(=O)c1ccc2[nH]c(O)c(C=Nc3ccc(S(N)(=O)=O)cc3)c2c1,P,P:training_top_decile,in_sample_top_decile,shared,8.67778070526608,curated row 940,C(=Nc1ccccc1)c1c[nH]c2ccccc12,False,all curated molecules (the comparator actives were in the training data),ok,-6.762,26.0,6.0,,pass
NC(=O)c1ccc(Nc2nc(N[C@H]3CC[C@H](N)CC3)nc3c2ncn3C2CCCC2)cc1,P,P:training_top_decile,in_sample_top_decile,shared,8.397940008672037,curated row 962,c1ccc(Nc2nc(NC3CCCCC3)nc3c2ncn3C2CCCC2)cc1,False,all curated molecules (the comparator actives were in the training data),ok,-9.945,32.0,7.0,,pass
C[C@H](CO)Nc1nc(Nc2ccc(S(N)(=O)=O)cc2)ncc1Br,P,P:training_top_decile,in_sample_top_decile,shared,8.397940008672037,curated row 974,c1ccc(Nc2ncccn2)cc1,False,all curated molecules (the comparator actives were in the training data),ok,-6.995,23.0,8.0,,pass
O=S(=O)(Nc1ccccc1)c1ccc(N=Cc2c(O)[nH]c3ccc4ncsc4c23)cc1,P,P:training_top_decile,in_sample_top_decile,shared,8.366531544420413,curated row 1001,O=S(=O)(Nc1ccccc1)c1ccc(N=Cc2c[nH]c3ccc4ncsc4c23)cc1,False,all curated molecules (the comparator actives were in the training data),ok,-8.188,31.0,6.0,8.08261,pass
O=S(=O)(NCCO)c1ccc(N=Cc2c(O)[nH]c3ccc4ncsc4c23)cc1,P,P:training_top_decile,in_sample_top_decile,shared,8.327902142064282,curated row 1014,C(=Nc1ccccc1)c1c[nH]c2ccc3ncsc3c12,False,all curated molecules (the comparator actives were in the training data),ok,-7.897,28.0,8.0,,pass
CNCCN1CCc2nc(Nc3ncc(F)c(-c4cc(F)c5nc(C)n(C(C)(C)C)c5c4)n3)ccc2C1,P,P:training_top_decile,in_sample_top_decile,shared,8.175223537524454,curated row 1024,c1cc(-c2ccc3nc[nH]c3c2)nc(Nc2ccc3c(n2)CCNC3)n1,False,all curated molecules (the comparator actives were in the training data),ok,-8.457,37.0,6.0,,pass
COc1cc[nH]c1C=C1C(=O)Nc2ccc(F)c(C#C[C@@H]3CCCN3)c21,P,P:training_top_decile,in_sample_top_decile,shared,8.698970004336019,curated row 1062,O=C1Nc2cccc(C#CC3CCCN3)c2C1=Cc1ccc[nH]1,False,all curated molecules (the comparator actives were in the training data),ok,-7.457,26.0,2.0,,pass
Cc1ncc(-c2ccnc(Nc3ccc(C(N)=O)cc3)n2)n1C(C)C,P,P:training_top_decile,in_sample_top_decile,shared,8.522878745280337,curated row 1068,c1ccc(Nc2nccc(-c3cnc[nH]3)n2)cc1,False,all curated molecules (the comparator actives were in the training data),ok,-8.624,25.0,5.0,8.40244,pass
N#Cc1cnn2c(Nc3ccc(F)c(Cl)c3)cc(N[C@H]3CC[C@H](N)CC3)nc12,P,P:training_top_decile,in_sample_top_decile,shared,8.397940008672037,curated row 1093,c1ccc(Nc2cc(NC3CCCCC3)nc3ccnn23)cc1,False,all curated molecules (the comparator actives were in the training data),ok,-9.241,28.0,4.0,,pass
C[C@@H](O)[C@@H](C)Oc1nc(Nc2ccc(S(=O)(=O)CCO)cc2)ncc1C(F)(F)F,P,P:training_top_decile,in_sample_top_decile,shared,8.522878745280337,curated row 1128,c1ccc(Nc2ncccn2)cc1,False,all curated molecules (the comparator actives were in the training data),ok,-7.977,29.0,10.0,,pass
COCCOCCOCCOCCNS(=O)(=O)c1ccc(N=Cc2c(O)[nH]c3ccc4ncsc4c23)cc1,P,P:training_top_decile,in_sample_top_decile,shared,8.346787486224656,curated row 1153,C(=Nc1ccccc1)c1c[nH]c2ccc3ncsc3c12,False,all curated molecules (the comparator actives were in the training data),ok,-6.399,38.0,17.0,8.38772,pass
NCCCn1nc(C(N)=O)c2c1-c1nc(Nc3ccccc3)ncc1CC2,P,P:training_top_decile,in_sample_top_decile,shared,9.0,curated row 1168,c1ccc(Nc2ncc3c(n2)-c2[nH]ncc2CC3)cc1,False,all curated molecules (the comparator actives were in the training data),ok,-8.556,27.0,7.0,8.56234,pass
Cc1cc(C)c(CNc2nc(N[C@@H](C)[C@@H](C)O)nc3c2ncn3C(C)C)cn1,P,P:training_top_decile,in_sample_top_decile,shared,8.301029995663981,curated row 1188,c1cncc(CNc2ncnc3[nH]cnc23)c1,False,all curated molecules (the comparator actives were in the training data),ok,-8.327,28.0,8.0,,pass
CNC(=O)c1ccc(Nc2nccc(-c3cnc(C)n3C(C)C)n2)cc1,P,P:training_top_decile,in_sample_top_decile,shared,8.522878745280337,curated row 1194,c1ccc(Nc2nccc(-c3cnc[nH]3)n2)cc1,False,all curated molecules (the comparator actives were in the training data),ok,-8.739,26.0,5.0,,pass
CCc1cnn2c(NCc3ccc[n+]([O-])c3)cc(N3CCCC[C@H]3CCO)nc12,P,P:training_top_decile,in_sample_top_decile,shared,9.0,curated row 1198,c1c[nH+]cc(CNc2cc(N3CCCCC3)nc3ccnn23)c1,False,all curated molecules (the comparator actives were in the training data),ok,-8.191,29.0,7.0,8.88689,pass
NS(=O)(=O)c1ccc(N=Nc2c(=O)[nH]c3ccc4[nH]cccc4c23)cc1,P,P:training_top_decile,in_sample_top_decile,shared,8.795880017344075,curated row 1244,O=c1[nH]c2ccc3[nH]cccc3c2c1N=Nc1ccccc1,False,all curated molecules (the comparator actives were in the training data),ok,-8.586,26.0,4.0,,pass
CN(C)S(=O)(=O)c1ccc(N=Cc2c(O)[nH]c3ccc4ncsc4c23)cc1,P,P:training_top_decile,in_sample_top_decile,shared,8.337242168318426,curated row 1294,C(=Nc1ccccc1)c1c[nH]c2ccc3ncsc3c12,False,all curated molecules (the comparator actives were in the training data),ok,-8.142,27.0,5.0,8.29826,pass
N[C@H]1CC[C@H](Nc2nc(Nc3ccccc3)c3ncn(C4CCCC4)c3n2)CC1,P,P:training_top_decile,in_sample_top_decile,shared,8.154901959985743,curated row 1323,c1ccc(Nc2nc(NC3CCCCC3)nc3c2ncn3C2CCCC2)cc1,False,all curated molecules (the comparator actives were in the training data),ok,-9.468,29.0,6.0,,pass
COc1cc[nH]c1C=C1C(=O)Nc2ccc(F)c(C#C[C@@H](O)[C@@H](N)[C@@H](C)O)c21,P,P:training_top_decile,in_sample_top_decile,shared,8.522878745280337,curated row 1329,O=C1Nc2ccccc2C1=Cc1ccc[nH]1,False,all curated molecules (the comparator actives were in the training data),ok,-7.481,28.0,7.0,,pass
Cc1ncc(-c2ccnc(Nc3ccc(F)cc3)n2)n1C(C)C,P,P:training_top_decile,in_sample_top_decile,shared,8.522878745280337,curated row 1403,c1ccc(Nc2nccc(-c3cnc[nH]3)n2)cc1,False,all curated molecules (the comparator actives were in the training data),ok,-8.544,23.0,4.0,8.35547,pass
O=C(Nc1[nH]nc2cc(-c3ccc(O)cc3)ccc12)C1CC1,P,P:training_top_decile,in_sample_top_decile,shared,8.301029995663981,curated row 1404,O=C(Nc1[nH]nc2cc(-c3ccccc3)ccc12)C1CC1,False,all curated molecules (the comparator actives were in the training data),ok,-7.827,22.0,4.0,,pass
C[C@@H](Nc1nc(Nc2ccc(S(=N)(=O)C3CC3)cc2)ncc1Br)C(C)(C)O,P,P:training_top_decile,in_sample_top_decile,shared,8.096910013008056,curated row 1410,N=S(=O)(c1ccc(Nc2ncccn2)cc1)C1CC1,False,all curated molecules (the comparator actives were in the training data),ok,-7.703,27.0,8.0,,pass
Cc1ncc(-c2nc(Nc3ccc(C(=O)NC4CCN(C)CC4)c(F)c3)ncc2F)n1C(C)C,P,P:training_top_decile,in_sample_top_decile,shared,9.0,curated row 1432,O=C(NC1CCNCC1)c1ccc(Nc2nccc(-c3cnc[nH]3)n2)cc1,False,all curated molecules (the comparator actives were in the training data),ok,-9.163,34.0,6.0,,pass
Cc1ncc(-c2ccnc(Nc3ccc(N4CCN(S(=O)(=O)CCN(C)C)CC4)cc3)n2)n1C(C)C,P,P:training_top_decile,in_sample_top_decile,shared,8.522878745280337,curated row 1436,c1cc(-c2cnc[nH]2)nc(Nc2ccc(N3CCNCC3)cc2)n1,False,all curated molecules (the comparator actives were in the training data),ok,-8.481,36.0,9.0,,pass
CC(C)(C)c1cnc(CSc2cnc(N[C@H]3CC[C@H](O)CC3)s2)o1,P,P:training_top_decile,in_sample_top_decile,shared,8.154901959985743,curated row 1497,c1coc(CSc2cnc(NC3CCCCC3)s2)n1,False,all curated molecules (the comparator actives were in the training data),ok,-7.46,24.0,6.0,,pass
CC(=O)NC1CN(c2ccc(Nc3ncc(F)c(-c4cnc(C)n4C(C)C)n3)cc2)C1,P,P:training_top_decile,in_sample_top_decile,shared,9.30102999566398,curated row 1501,c1cc(-c2cnc[nH]2)nc(Nc2ccc(N3CCC3)cc2)n1,False,all curated molecules (the comparator actives were in the training data),ok,-8.659,31.0,6.0,,pass
Cc1ncc(-c2nc(Nc3ccc(C(=O)N(C)C)c(F)c3)ncc2F)n1C(C)C,P,P:training_top_decile,in_sample_top_decile,shared,8.698970004336019,curated row 1513,c1ccc(Nc2nccc(-c3cnc[nH]3)n2)cc1,False,all curated molecules (the comparator actives were in the training data),ok,-9.257,29.0,5.0,,pass
FC(F)(F)c1cnc(Nc2ccc3[nH]cnc3c2)nc1Nc1ccccc1Cl,P,P:training_top_decile,in_sample_top_decile,shared,8.698970004336019,curated row 1539,c1ccc(Nc2ccnc(Nc3ccc4[nH]cnc4c3)n2)cc1,False,all curated molecules (the comparator actives were in the training data),ok,-9.513,28.0,4.0,,pass
CN(C)CCNS(=O)(=O)c1ccc(Nc2cccc(-c3cnc4ccccn34)c2)cc1,P,P:training_top_decile,in_sample_top_decile,shared,8.301029995663981,curated row 1586,c1ccc(Nc2cccc(-c3cnc4ccccn34)c2)cc1,False,all curated molecules (the comparator actives were in the training data),ok,-9.127,31.0,8.0,,pass
Cc1c([N+](=O)[O-])ccc2[nH]c(O)c(N=Nc3ccc(S(N)(=O)=O)cc3)c12,P,P:training_top_decile,in_sample_top_decile,shared,8.337242168318426,curated row 1615,c1ccc(N=Nc2c[nH]c3ccccc23)cc1,False,all curated molecules (the comparator actives were in the training data),ok,-5.846,26.0,6.0,,pass
COc1cc(Nc2ncc(Br)c(N[C@H](C)C(C)(C)O)n2)ccc1S(C)(=N)=O,P,P:training_top_decile,in_sample_top_decile,shared,8.460409376976187,curated row 1628,c1ccc(Nc2ncccn2)cc1,False,all curated molecules (the comparator actives were in the training data),ok,-7.481,27.0,8.0,,pass
CN(C)S(=O)(=O)c1ccc(Nc2cc(N[C@H]3CC[C@H](N)CC3)nc3c(C#N)cnn23)cc1,P,P:training_top_decile,in_sample_top_decile,shared,8.154901959985743,curated row 1630,c1ccc(Nc2cc(NC3CCCCC3)nc3ccnn23)cc1,False,all curated molecules (the comparator actives were in the training data),ok,-9.071,32.0,6.0,,pass
COc1cccc(OC)c1CNC(=O)c1ccc2[nH]c(O)c(N=Nc3ccc(S(N)(=O)=O)cc3)c2c1,P,P:training_top_decile,in_sample_top_decile,shared,8.769551078621726,curated row 1648,O=C(NCc1ccccc1)c1ccc2[nH]cc(N=Nc3ccccc3)c2c1,False,all curated molecules (the comparator actives were in the training data),ok,-8.056,36.0,10.0,,pass
O=C(Nc1[nH]nc2nc(-c3ccc(O)cc3)c(Br)cc12)C1CC1,P,P:training_top_decile,in_sample_top_decile,shared,8.301029995663981,curated row 1649,O=C(Nc1[nH]nc2nc(-c3ccccc3)ccc12)C1CC1,False,all curated molecules (the comparator actives were in the training data),ok,-7.675,23.0,4.0,8.09665,pass
CN1C/C=C/CCOc2cccc(c2)-c2ccnc(n2)Nc2cccc(c2)C1,P,P:training_top_decile,in_sample_top_decile,shared,8.093543321678572,curated row 1680,C1=CCNCc2cccc(c2)Nc2nccc(n2)-c2cccc(c2)OCC1,False,all curated molecules (the comparator actives were in the training data),ok,-7.044,28.0,0.0,,fail
Cc1ncc(-c2ccnc(Nc3ccc(S(C)(=O)=O)cc3)n2)n1C(C)C,P,P:training_top_decile,in_sample_top_decile,shared,8.221848749616356,curated row 1720,c1ccc(Nc2nccc(-c3cnc[nH]3)n2)cc1,False,all curated molecules (the comparator actives were in the training data),ok,-8.698,26.0,5.0,,pass
O=C(Cc1ccc(Br)cc1)Nc1[nH]nc2ccc(N3CCCS3(=O)=O)cc12,P,P:training_top_decile,in_sample_top_decile,shared,8.154901959985743,curated row 1745,O=C(Cc1ccccc1)Nc1[nH]nc2ccc(N3CCCS3(=O)=O)cc12,False,all curated molecules (the comparator actives were in the training data),ok,-8.948,27.0,4.0,,pass
NS(=O)(=O)c1ccc(N=Nc2c(O)[nH]c3ccc(C(=O)NCc4cccnc4)cc23)cc1,P,P:training_top_decile,in_sample_top_decile,shared,8.67778070526608,curated row 1746,O=C(NCc1cccnc1)c1ccc2[nH]cc(N=Nc3ccccc3)c2c1,False,all curated molecules (the comparator actives were in the training data),ok,-7.894,32.0,8.0,,pass
Clc1ccccc1-c1cc(NCc2ccncc2)n2ncc(Br)c2n1,P,P:training_top_decile,in_sample_top_decile,shared,8.110924374808178,curated row 1753,c1ccc(-c2cc(NCc3ccncc3)n3nccc3n2)cc1,False,all curated molecules (the comparator actives were in the training data),ok,-8.649,25.0,4.0,,pass
O=C(Nc1cccc2c1C(=O)c1c(-c3ccc(C(=O)N4CCNCC4)s3)n[nH]c1-2)NN1CCOCC1,P,P:training_top_decile,in_sample_top_decile,shared,8.096910013008056,curated row 1763,O=C(Nc1cccc2c1C(=O)c1c(-c3ccc(C(=O)N4CCNCC4)s3)n[nH]c1-2)NN1CCOCC1,False,all curated molecules (the comparator actives were in the training data),ok,-7.79,36.0,4.0,7.82844,pass
NC(=O)c1ccc2[nH]c(O)c(N=Nc3ccc(S(N)(=O)=O)cc3)c2c1,P,P:training_top_decile,in_sample_top_decile,shared,8.346787486224656,curated row 1769,c1ccc(N=Nc2c[nH]c3ccccc23)cc1,False,all curated molecules (the comparator actives were in the training data),ok,-8.254,25.0,6.0,,pass
Cc1ncc(-c2nc(Nc3ccc(N4CCOCC4)cc3)ncc2F)n1C(C)C,P,P:training_top_decile,in_sample_top_decile,shared,8.096910013008056,curated row 1774,c1cc(-c2cnc[nH]2)nc(Nc2ccc(N3CCOCC3)cc2)n1,False,all curated molecules (the comparator actives were in the training data),ok,-9.115,29.0,5.0,8.19978,pass
C[C@@H](Nc1nc(Nc2ccc(S(C)(=N)=O)cc2)ncc1Br)C(C)(C)O,P,P:training_top_decile,in_sample_top_decile,shared,8.221848749616356,curated row 1803,c1ccc(Nc2ncccn2)cc1,False,all curated molecules (the comparator actives were in the training data),ok,-7.789,25.0,7.0,,pass
Cc1ncc(-c2ccnc(Nc3ccc(C(=O)N(C)C)c(F)c3)n2)n1C(C)C,P,P:training_top_decile,in_sample_top_decile,shared,8.221848749616356,curated row 1813,c1ccc(Nc2nccc(-c3cnc[nH]3)n2)cc1,False,all curated molecules (the comparator actives were in the training data),ok,-8.8,28.0,5.0,,pass
COCCN1CCN(Cc2ccc(-c3[nH]nc4c3C(=O)c3c(NC(=O)NN5CCOCC5)cccc3-4)cc2)CC1,P,P:training_top_decile,in_sample_top_decile,shared,8.522878745280337,curated row 1816,O=C(Nc1cccc2c1C(=O)c1c-2n[nH]c1-c1ccc(CN2CCNCC2)cc1)NN1CCOCC1,False,all curated molecules (the comparator actives were in the training data),ok,-7.715,40.0,8.0,,pass
CC(C)(O)CSc1nc(Nc2ccc(S(C)(=N)=O)cc2)ncc1Br,P,P:training_top_decile,in_sample_top_decile,shared,8.096910013008056,curated row 1845,c1ccc(Nc2ncccn2)cc1,False,all curated molecules (the comparator actives were in the training data),ok,-7.421,24.0,7.0,7.9812,pass
COCCNS(=O)(=O)c1ccc(Nc2nccc(-c3cnc(C)n3C)n2)cc1,P,P:training_top_decile,in_sample_top_decile,shared,8.096910013008056,curated row 1860,c1ccc(Nc2nccc(-c3cnc[nH]3)n2)cc1,False,all curated molecules (the comparator actives were in the training data),ok,-7.948,28.0,8.0,,pass
Cc1ncc(-c2ccnc(Nc3ccc(S(=O)(=O)NCCCOC(C)C)cc3)n2)n1C,P,P:training_top_decile,in_sample_top_decile,shared,8.221848749616356,curated row 1868,c1ccc(Nc2nccc(-c3cnc[nH]3)n2)cc1,False,all curated molecules (the comparator actives were in the training data),ok,-7.945,31.0,10.0,,pass
Cc1ncc(-c2nc(Nc3ccc(C(=O)N4CCCN(C)CC4)cc3)ncc2F)n1C(C)C,P,P:training_top_decile,in_sample_top_decile,shared,8.698970004336019,curated row 1960,O=C(c1ccc(Nc2nccc(-c3cnc[nH]3)n2)cc1)N1CCCNCC1,False,all curated molecules (the comparator actives were in the training data),ok,-7.51,33.0,5.0,,pass
CN1CCN(c2ccc(Nc3nccc(-c4cnn5ncccc45)n3)cc2C(F)(F)F)CC1,P,P:training_top_decile,in_sample_top_decile,shared,8.397940008672037,curated row 1977,c1cnn2ncc(-c3ccnc(Nc4ccc(N5CCNCC5)cc4)n3)c2c1,False,all curated molecules (the comparator actives were in the training data),ok,-9.92,33.0,4.0,,pass
O=C(Cc1ccc(-c2ccccc2)c(F)c1)Nc1cc(C2CC2)[nH]n1,P,P:training_top_decile,in_sample_top_decile,shared,8.397994302269257,curated row 2007,O=C(Cc1ccc(-c2ccccc2)cc1)Nc1cc(C2CC2)[nH]n1,False,all curated molecules (the comparator actives were in the training data),ok,-8.23,25.0,5.0,,pass
CC(C)=Cc1cccc2[nH]c(O)c(N=Nc3ccc(S(N)(=O)=O)cc3)c12,P,P:training_top_decile,in_sample_top_decile,shared,8.823908740944319,curated row 2015,c1ccc(N=Nc2c[nH]c3ccccc23)cc1,False,all curated molecules (the comparator actives were in the training data),ok,-8.044,26.0,6.0,8.56221,pass
Clc1cccc(Nc2nccc(-c3cnc4ccccn34)n2)c1,M,M:heldout_actives,heldout_active,shared,8.301029995663981,curated row 15,c1ccc(Nc2nccc(-c3cnc4ccccn34)n2)cc1,False,curated molecules without the 204 top-decile actives,ok,-9.101,23.0,3.0,,pass
CCCCOc1c(C(=O)c2c(F)cc(C)cc2F)ccc2[nH]ncc12,M,M:heldout_actives,heldout_active,shared,8.221848749616356,curated row 97,O=C(c1ccccc1)c1ccc2[nH]ncc2c1,False,curated molecules without the 204 top-decile actives,ok,-8.039,25.0,6.0,,pass
NS(=O)(=O)c1cccc(Nc2nc(OCC3CCCCC3)c3[nH]cnc3n2)c1,M,M:heldout_actives,heldout_active,shared,8.301029995663981,curated row 122,c1ccc(Nc2nc(OCC3CCCCC3)c3[nH]cnc3n2)cc1,False,curated molecules without the 204 top-decile actives,ok,-8.85,28.0,7.0,,pass
Cc1nc2c(F)cc(-c3nc(Nc4ccc5c(n4)CCN(C(=O)O)C5)ncc3F)cc2n1C(C)C,M,M:heldout_actives,heldout_active,shared,8.13430394008393,curated row 158,c1cc(-c2ccc3nc[nH]c3c2)nc(Nc2ccc3c(n2)CCNC3)n1,False,curated molecules without the 204 top-decile actives,ok,-8.621,35.0,4.0,,pass
Cc1ncc(-c2ccnc(Nc3ccc(C(=O)NCCO)cc3)n2)n1C(C)C,M,M:heldout_actives,heldout_active,shared,8.698970004336019,curated row 177,c1ccc(Nc2nccc(-c3cnc[nH]3)n2)cc1,False,curated molecules without the 204 top-decile actives,ok,-8.263,28.0,8.0,,pass
CN(c1ccccn1)S(=O)(=O)c1ccc(N=Cc2c(O)[nH]c3ccc4ncsc4c23)cc1,M,M:heldout_actives,heldout_active,shared,8.2518119729938,curated row 184,O=S(=O)(Nc1ccccn1)c1ccc(N=Cc2c[nH]c3ccc4ncsc4c23)cc1,False,curated molecules without the 204 top-decile actives,ok,-7.444,32.0,6.0,,pass
Cc1ncc(-c2ccnc(Nc3ccc(C(=O)NCCN(C)C)c(F)c3)n2)n1C(C)C,M,M:heldout_actives,heldout_active,shared,8.522878745280337,curated row 211,c1ccc(Nc2nccc(-c3cnc[nH]3)n2)cc1,False,curated molecules without the 204 top-decile actives,ok,-8.399,31.0,8.0,,pass
N#Cc1cccc(Nc2nccc(-c3cnn4ncccc34)n2)c1,M,M:heldout_actives,heldout_active,shared,8.698970004336019,curated row 236,c1ccc(Nc2nccc(-c3cnn4ncccc34)n2)cc1,False,curated molecules without the 204 top-decile actives,ok,-9.448,24.0,3.0,,pass
COC[C@@H](Nc1nc(Nc2ccc(S(C)(=N)=O)cc2)ncc1Br)[C@@H](C)O,M,M:heldout_actives,heldout_active,shared,8.397940008672037,curated row 240,c1ccc(Nc2ncccn2)cc1,False,curated molecules without the 204 top-decile actives,ok,-7.454,26.0,9.0,,pass
O=C(O)c1ccc2[nH]c(O)c(C=c3[nH]cc4c3=CCOC4=O)c2c1,M,M:heldout_actives,heldout_active,shared,8.397940008672037,curated row 245,O=C1OCC=c2c1c[nH]c2=Cc1c[nH]c2ccccc12,False,curated molecules without the 204 top-decile actives,ok,-8.414,24.0,3.0,,pass
N[C@H]1CC[C@H](Nc2cc(Nc3ccc(F)c(Cl)c3)n3ncc(Br)c3n2)CC1,M,M:heldout_actives,heldout_active,shared,8.468521082957745,curated row 247,c1ccc(Nc2cc(NC3CCCCC3)nc3ccnn23)cc1,False,curated molecules without the 204 top-decile actives,ok,-9.322,27.0,4.0,,pass
CNS(=O)(=O)Cc1ccc(N=Nc2c(O)[nH]c3ccc4ncsc4c23)cc1,M,M:heldout_actives,heldout_active,shared,8.244125144327509,curated row 272,c1ccc(N=Nc2c[nH]c3ccc4ncsc4c23)cc1,False,curated molecules without the 204 top-decile actives,ok,-7.867,27.0,6.0,,pass
Clc1cccc(Nc2nccc(-c3ccnc(N4CCOCC4)c3)n2)c1,M,M:heldout_actives,heldout_active,shared,8.050609993355087,curated row 276,c1ccc(Nc2nccc(-c3ccnc(N4CCOCC4)c3)n2)cc1,False,curated molecules without the 204 top-decile actives,ok,-8.775,26.0,4.0,,pass
CS(=O)(=O)c1ccc(N=Cc2c(O)[nH]c3ccc4ncsc4c23)cc1,M,M:heldout_actives,heldout_active,shared,8.244125144327509,curated row 281,C(=Nc1ccccc1)c1c[nH]c2ccc3ncsc3c12,True,curated molecules without the 204 top-decile actives,ok,-7.955,25.0,4.0,7.29197,pass
CC[C@@H](Nc1nc(NCc2cnc(C)cc2C)c2ncn(C(C)C)c2n1)[C@H](C)O,M,M:heldout_actives,heldout_active,shared,8.301029995663981,curated row 295,c1cncc(CNc2ncnc3[nH]cnc23)c1,False,curated molecules without the 204 top-decile actives,ok,-7.955,29.0,9.0,,pass
O=C(Nc1[nH]nc2nc(-c3ccc(O)c(Cl)c3)ccc12)C1CC1,M,M:heldout_actives,heldout_active,shared,8.698970004336019,curated row 321,O=C(Nc1[nH]nc2nc(-c3ccccc3)ccc12)C1CC1,False,curated molecules without the 204 top-decile actives,ok,-7.987,23.0,4.0,,pass
CC(O)C(C)Sc1nc(Nc2ccc(S(C)(=N)=O)cc2)ncc1Br,M,M:heldout_actives,heldout_active,shared,8.096910013008056,curated row 322,c1ccc(Nc2ncccn2)cc1,False,curated molecules without the 204 top-decile actives,ok,-7.549,24.0,7.0,,pass
CC(=Nc1ccc(S(N)(=O)=O)cc1)c1c(O)[nH]c2ccc(-c3cnco3)cc12,M,M:heldout_actives,heldout_active,shared,8.698970004336019,curated row 365,C(=Nc1ccccc1)c1c[nH]c2ccc(-c3cnco3)cc12,False,curated molecules without the 204 top-decile actives,ok,-8.272,28.0,6.0,,pass
CNC(=O)c1ccc(Nc2nccc(-c3cnc(C)n3C3CCCC3)n2)cc1,M,M:heldout_actives,heldout_active,shared,8.698970004336019,curated row 383,c1ccc(Nc2nccc(-c3cncn3C3CCCC3)n2)cc1,False,curated molecules without the 204 top-decile actives,ok,-9.282,28.0,5.0,,pass
Cc1cc(Nc2ncc(Br)c(N[C@H](C)[C@H](C)O)n2)ccc1S(C)(=N)=O,M,M:heldout_actives,heldout_active,shared,8.397940008672037,curated row 448,c1ccc(Nc2ncccn2)cc1,False,curated molecules without the 204 top-decile actives,ok,-7.803,25.0,7.0,,pass
NCCSc1cc(-c2ccc[nH]2)c2c3c(ccc(F)c13)NC2=O,M,M:heldout_actives,heldout_active,shared,8.522878745280337,curated row 449,O=C1Nc2cccc3ccc(-c4ccc[nH]4)c1c23,False,curated molecules without the 204 top-decile actives,ok,-7.878,23.0,5.0,,pass
O=C(Nc1[nH]nc2nc(-c3ccc(O)c(Br)c3)ccc12)C1CC1,M,M:heldout_actives,heldout_active,shared,8.698970004336019,curated row 450,O=C(Nc1[nH]nc2nc(-c3ccccc3)ccc12)C1CC1,False,curated molecules without the 204 top-decile actives,ok,-7.922,23.0,4.0,,pass
Cc1ncc(-c2ccnc(Nc3ccc(C(=O)N(C)C)cc3)n2)n1C(C)C,M,M:heldout_actives,heldout_active,shared,8.096910013008056,curated row 458,c1ccc(Nc2nccc(-c3cnc[nH]3)n2)cc1,True,curated molecules without the 204 top-decile actives,ok,-8.775,27.0,5.0,,pass
COc1cc(Nc2ncc(Br)c(N[C@H](C)[C@@H](C)O)n2)ccc1S(C)(=N)=O,M,M:heldout_actives,heldout_active,shared,8.397940008672037,curated row 469,c1ccc(Nc2ncccn2)cc1,False,curated molecules without the 204 top-decile actives,ok,-7.342,26.0,8.0,,pass
CNS(=O)(=O)c1ccc(N=Cc2c(O)[nH]c3ccc4ncsc4c23)cc1,M,M:heldout_actives,heldout_active,shared,8.2518119729938,curated row 482,C(=Nc1ccccc1)c1c[nH]c2ccc3ncsc3c12,False,curated molecules without the 204 top-decile actives,ok,-8.19,26.0,5.0,,pass
CC(C)COC(=O)c1ccc2[nH]c(O)c(C=Nc3ccc(S(N)(=O)=O)cc3)c2c1,M,M:heldout_actives,heldout_active,shared,8.522878745280337,curated row 492,C(=Nc1ccccc1)c1c[nH]c2ccccc12,False,curated molecules without the 204 top-decile actives,ok,-7.977,29.0,8.0,,pass
CN[C@@H]1C[C@H]2O[C@@](C)([C@@H]1OC)n1c3ccccc3c3c4c(c5c6ccccc6n2c5c31)C(=O)NC4,M,M:heldout_actives,heldout_active,shared,8.853871964321762,curated row 552,O=C1NCc2c1c1c3ccccc3n3c1c1c2c2ccccc2n1C1CCCC3O1,False,curated molecules without the 204 top-decile actives,ok,-6.683,35.0,2.0,,pass
CC(C)CC(=O)Nc1[nH]nc2c1CN(C(=O)C1CCN(C)CC1)C2(C)C,M,M:heldout_actives,heldout_active,shared,8.096910013008056,curated row 581,O=C(C1CCNCC1)N1Cc2c[nH]nc2C1,False,curated molecules without the 204 top-decile actives,ok,-7.316,26.0,4.0,,pass
CN(C)S(=O)(=O)c1ccc(Nc2cc3[nH]c(-c4cn[nH]c4)cc3cn2)cc1,M,M:heldout_actives,heldout_active,shared,8.301029995663981,curated row 630,c1ccc(Nc2cc3[nH]c(-c4cn[nH]c4)cc3cn2)cc1,False,curated molecules without the 204 top-decile actives,ok,-8.598,27.0,5.0,,pass
Nc1nc(Nc2ccc(S(N)(=O)=O)cc2)nc(OCC2CCCCC2)c1N=O,M,M:heldout_actives,heldout_active,shared,8.958607314841775,curated row 650,c1ccc(Nc2nccc(OCC3CCCCC3)n2)cc1,False,curated molecules without the 204 top-decile actives,ok,-9.011,28.0,9.0,,pass
NS(=O)(=O)c1ccc(N=Nc2c(O)[nH]c3ccc(C(=O)NCc4ccncc4)cc23)cc1,M,M:heldout_actives,heldout_active,shared,8.050609993355087,curated row 673,O=C(NCc1ccncc1)c1ccc2[nH]cc(N=Nc3ccccc3)c2c1,False,curated molecules without the 204 top-decile actives,ok,-7.936,32.0,8.0,,pass
C[C@@H](O)[C@@H](C)Oc1nc(Nc2ccc(S(C)(=O)=O)cc2)ncc1C(F)(F)F,M,M:heldout_actives,heldout_active,shared,8.247425010840047,curated row 714,c1ccc(Nc2ncccn2)cc1,False,curated molecules without the 204 top-decile actives,ok,-8.137,27.0,7.0,,pass
N[C@H]1CC[C@H](Nc2nc(NCc3ccccc3)c3ncn(C4CCCC4)c3n2)CC1,M,M:heldout_actives,heldout_active,shared,8.154901959985743,curated row 746,c1ccc(CNc2nc(NC3CCCCC3)nc3c2ncn3C2CCCC2)cc1,False,curated molecules without the 204 top-decile actives,ok,-8.343,30.0,7.0,,pass
CCS(=N)(=O)c1ccc(Nc2ncc(Br)c(N[C@H](COC)[C@H](C)O)n2)cc1,M,M:heldout_actives,heldout_active,shared,8.154901959985743,curated row 756,c1ccc(Nc2ncccn2)cc1,False,curated molecules without the 204 top-decile actives,ok,-7.19,27.0,10.0,,pass
NS(=O)(=O)c1ccc(N=Nc2c(O)[nH]c3ccc4ncsc4c23)cc1,M,M:heldout_actives,heldout_active,shared,8.148741651280925,curated row 761,c1ccc(N=Nc2c[nH]c3ccc4ncsc4c23)cc1,False,curated molecules without the 204 top-decile actives,ok,-5.888,25.0,5.0,,pass
CCS(=N)(=O)c1ccc(Nc2ncc(Br)c(N[C@H](C)[C@H](C)O)n2)cc1,M,M:heldout_actives,heldout_active,shared,8.397940008672037,curated row 771,c1ccc(Nc2ncccn2)cc1,False,curated molecules without the 204 top-decile actives,ok,-7.463,25.0,8.0,,pass
CCc1cnn2c(NCc3ccc[n+]([O-])c3)cc(C3CCCC[C@H]3CCO)nc12,M,M:heldout_actives,heldout_active,shared,9.0,curated row 782,c1c[nH+]cc(CNc2cc(C3CCCCC3)nc3ccnn23)c1,False,curated molecules without the 204 top-decile actives,ok,-9.75,29.0,8.0,,pass
O=Nc1c(-c2c(O)[nH]c3ccc([N+](=O)[O-])cc23)[nH]c2ccc(O)cc12,M,M:heldout_actives,heldout_active,shared,8.698970004336019,curated row 789,c1ccc2[nH]c(-c3c[nH]c4ccccc34)cc2c1,False,curated molecules without the 204 top-decile actives,ok,-8.857,25.0,5.0,,pass
CN1CCN(c2cccc(Nc3ncc4c(n3)-c3c(c(C(N)=O)nn3C)CC4)c2)CC1,M,M:heldout_actives,heldout_active,shared,9.0,curated row 803,c1cc(Nc2ncc3c(n2)-c2[nH]ncc2CC3)cc(N2CCNCC2)c1,False,curated molecules without the 204 top-decile actives,ok,-9.078,31.0,4.0,,pass
CN(C)S(=O)(=O)c1ccc(Nc2cc(N[C@H]3CC[C@H](N)CC3)nc3c(Br)cnn23)cc1Cl,M,M:heldout_actives,heldout_active,shared,8.698970004336019,curated row 805,c1ccc(Nc2cc(NC3CCCCC3)nc3ccnn23)cc1,False,curated molecules without the 204 top-decile actives,ok,-9.404,32.0,6.0,,pass
C[C@H](O)[C@@H](C)Nc1nc(Nc2ccc(S(=N)(=O)CCO)cc2)ncc1Br,M,M:heldout_actives,heldout_active,shared,8.221848749616356,curated row 810,c1ccc(Nc2ncccn2)cc1,False,curated molecules without the 204 top-decile actives,ok,-7.563,26.0,10.0,,pass
C[C@@H](O)[C@@H](C)Nc1nc(Nc2ccc(S(=N)(=O)CCO)cc2)ncc1Br,M,M:heldout_actives,heldout_active,shared,8.522878745280337,curated row 811,c1ccc(Nc2ncccn2)cc1,False,curated molecules without the 204 top-decile actives,ok,-7.513,26.0,10.0,,pass
CCn1c(-c2ccnc(Nc3ccc(S(=O)(=O)NCCOC)cc3)n2)cnc1C,M,M:heldout_actives,heldout_active,shared,8.397940008672037,curated row 860,c1ccc(Nc2nccc(-c3cnc[nH]3)n2)cc1,False,curated molecules without the 204 top-decile actives,ok,-7.899,29.0,9.0,,pass
COCCNS(=O)(=O)c1ccc(Nc2nccc(-c3cnc(C)n3C(C)C)n2)cc1,M,M:heldout_actives,heldout_active,shared,9.0,curated row 882,c1ccc(Nc2nccc(-c3cnc[nH]3)n2)cc1,False,curated molecules without the 204 top-decile actives,ok,-8.345,30.0,9.0,7.77865,pass
CC(C)c1c2cc(-c3nc(Nc4ccc(N5CCNCC5)cn4)ncc3F)ccc2nn1C,M,M:heldout_actives,heldout_active,shared,8.619788758288394,curated row 898,c1cc(-c2ccc3n[nH]cc3c2)nc(Nc2ccc(N3CCNCC3)cn2)n1,False,curated molecules without the 204 top-decile actives,ok,-9.196,33.0,5.0,,pass
CC(C)c1cnn2c(NCc3ccccc3-n3cccn3)nc(OC3CCCNC3)nc12,M,M:heldout_actives,heldout_active,shared,8.193820026016112,curated row 923,c1ccc(-n2cccn2)c(CNc2nc(OC3CCCNC3)nc3ccnn23)c1,False,curated molecules without the 204 top-decile actives,ok,-7.552,32.0,5.0,,pass
Cn1cc(-c2cnc3c(-c4csc(C(=O)N[C@@H]5CCCC[C@@H]5N)c4)cnn3c2)cn1,M,M:heldout_actives,heldout_active,shared,8.657577319177793,curated row 939,O=C(NC1CCCCC1)c1cc(-c2cnn3cc(-c4cn[nH]c4)cnc23)cs1,False,curated molecules without the 204 top-decile actives,ok,-7.934,30.0,5.0,,pass
C[C@H](CO)Nc1nc(Nc2ccc(S(N)(=O)=O)cc2)ncc1Br,M,M:heldout_actives,heldout_active,shared,8.397940008672037,curated row 974,c1ccc(Nc2ncccn2)cc1,False,curated molecules without the 204 top-decile actives,ok,-6.995,23.0,8.0,,pass
O=S(=O)(Nc1ccccc1)c1ccc(N=Cc2c(O)[nH]c3ccc4ncsc4c23)cc1,M,M:heldout_actives,heldout_active,shared,8.366531544420413,curated row 1001,O=S(=O)(Nc1ccccc1)c1ccc(N=Cc2c[nH]c3ccc4ncsc4c23)cc1,False,curated molecules without the 204 top-decile actives,ok,-8.188,31.0,6.0,,pass
CNCCN1CCc2nc(Nc3ncc(F)c(-c4cc(F)c5nc(C)n(C(C)(C)C)c5c4)n3)ccc2C1,M,M:heldout_actives,heldout_active,shared,8.175223537524454,curated row 1024,c1cc(-c2ccc3nc[nH]c3c2)nc(Nc2ccc3c(n2)CCNC3)n1,False,curated molecules without the 204 top-decile actives,ok,-8.457,37.0,6.0,,pass
NCCC=c1cc(-c2ccc[nH]2)c2c(O)[nH]c3ccc(F)c1c32,M,M:heldout_actives,heldout_active,shared,8.154901959985743,curated row 1045,C=c1cc(-c2ccc[nH]2)c2c[nH]c3cccc1c32,True,curated molecules without the 204 top-decile actives,ok,-9.307,23.0,5.0,,pass
NS(=O)(=O)Cc1ccc(N=Cc2c(O)[nH]c3ccc4ncsc4c23)cc1,M,M:heldout_actives,heldout_active,shared,8.1249387366083,curated row 1050,C(=Nc1ccccc1)c1c[nH]c2ccc3ncsc3c12,False,curated molecules without the 204 top-decile actives,ok,-7.83,26.0,6.0,,pass
CCc1cccc2[nH]c(O)c(N=Nc3ccc(S(N)(=O)=O)cc3)c12,M,M:heldout_actives,heldout_active,shared,8.102372908709558,curated row 1060,c1ccc(N=Nc2c[nH]c3ccccc23)cc1,False,curated molecules without the 204 top-decile actives,ok,-8.269,24.0,6.0,,pass
CN[C@H]1CCN(C(=O)c2ccc(Nc3ncc(F)c(-c4cnc(C)n4C(C)C)n3)cc2)C1,M,M:heldout_actives,heldout_active,shared,8.698970004336019,curated row 1077,O=C(c1ccc(Nc2nccc(-c3cnc[nH]3)n2)cc1)N1CCCC1,False,curated molecules without the 204 top-decile actives,ok,-9.284,32.0,6.0,,pass
N#Cc1cnn2c(Nc3ccc(F)c(Cl)c3)cc(N[C@H]3CC[C@H](N)CC3)nc12,M,M:heldout_actives,heldout_active,shared,8.397940008672037,curated row 1093,c1ccc(Nc2cc(NC3CCCCC3)nc3ccnn23)cc1,False,curated molecules without the 204 top-decile actives,ok,-9.241,28.0,4.0,,pass
CN(C)S(=O)(=O)c1ccc(Nc2cc(N[C@H]3CC[C@H](N)CC3)nc3c(C4CCCC4)cnn23)cc1,M,M:heldout_actives,heldout_active,shared,8.397940008672037,curated row 1118,c1ccc(Nc2cc(NC3CCCCC3)nc3c(C4CCCC4)cnn23)cc1,False,curated molecules without the 204 top-decile actives,ok,-7.879,35.0,7.0,,pass
COCCOCCOCCOCCNS(=O)(=O)c1ccc(N=Cc2c(O)[nH]c3ccc4ncsc4c23)cc1,M,M:heldout_actives,heldout_active,shared,8.346787486224656,curated row 1153,C(=Nc1ccccc1)c1c[nH]c2ccc3ncsc3c12,False,curated molecules without the 204 top-decile actives,ok,-6.399,38.0,17.0,,pass
NCCCn1nc(C(N)=O)c2c1-c1nc(Nc3ccccc3)ncc1CC2,M,M:heldout_actives,heldout_active,shared,9.0,curated row 1168,c1ccc(Nc2ncc3c(n2)-c2[nH]ncc2CC3)cc1,False,curated molecules without the 204 top-decile actives,ok,-8.556,27.0,7.0,,pass
Cc1cc(C)c(CNc2nc(N[C@@H](C)[C@@H](C)O)nc3c2ncn3C(C)C)cn1,M,M:heldout_actives,heldout_active,shared,8.301029995663981,curated row 1188,c1cncc(CNc2ncnc3[nH]cnc23)c1,False,curated molecules without the 204 top-decile actives,ok,-8.327,28.0,8.0,,pass
CNC(=O)c1ccc(Nc2nccc(-c3cnc(C)n3C(C)C)n2)cc1,M,M:heldout_actives,heldout_active,shared,8.522878745280337,curated row 1194,c1ccc(Nc2nccc(-c3cnc[nH]3)n2)cc1,False,curated molecules without the 204 top-decile actives,ok,-8.739,26.0,5.0,7.58808,pass
CCc1cnn2c(NCc3ccc[n+]([O-])c3)cc(N3CCCC[C@@H]3CCO)nc12,M,M:heldout_actives,heldout_active,shared,9.0,curated row 1197,c1c[nH+]cc(CNc2cc(N3CCCCC3)nc3ccnn23)c1,False,curated molecules without the 204 top-decile actives,ok,-8.984,29.0,7.0,,pass
NS(=O)(=O)c1ccc(N=Nc2c(=O)[nH]c3ccc4[nH]cccc4c23)cc1,M,M:heldout_actives,heldout_active,shared,8.795880017344075,curated row 1244,O=c1[nH]c2ccc3[nH]cccc3c2c1N=Nc1ccccc1,False,curated molecules without the 204 top-decile actives,ok,-8.586,26.0,4.0,,pass
Nc1ccc(-c2cc(Nc3ccc(S(N)(=O)=O)cc3)[nH]n2)cc1,M,M:heldout_actives,heldout_active,shared,9.468521082957745,curated row 1260,c1ccc(Nc2cc(-c3ccccc3)n[nH]2)cc1,False,curated molecules without the 204 top-decile actives,ok,-8.094,23.0,6.0,,pass
C[C@H](O)[C@@H](C)Nc1nc(Nc2ccc(S(C)(=N)=O)cc2)ncc1Br,M,M:heldout_actives,heldout_active,shared,8.698970004336019,curated row 1262,c1ccc(Nc2ncccn2)cc1,False,curated molecules without the 204 top-decile actives,ok,-7.636,24.0,7.0,,pass
CN(C)S(=O)(=O)c1ccc(N=Cc2c(O)[nH]c3ccc4ncsc4c23)cc1,M,M:heldout_actives,heldout_active,shared,8.337242168318426,curated row 1294,C(=Nc1ccccc1)c1c[nH]c2ccc3ncsc3c12,False,curated molecules without the 204 top-decile actives,ok,-8.142,27.0,5.0,,pass
CN[C@H]1CCN(C(=O)c2ccc(Nc3nccc(-c4cnc(C)n4C(C)C)n3)cc2)C1,M,M:heldout_actives,heldout_active,shared,8.698970004336019,curated row 1304,O=C(c1ccc(Nc2nccc(-c3cnc[nH]3)n2)cc1)N1CCCC1,False,curated molecules without the 204 top-decile actives,ok,-8.974,31.0,6.0,,pass
N[C@H]1CC[C@H](Nc2nc(Nc3ccccc3)c3ncn(C4CCCC4)c3n2)CC1,M,M:heldout_actives,heldout_active,shared,8.154901959985743,curated row 1323,c1ccc(Nc2nc(NC3CCCCC3)nc3c2ncn3C2CCCC2)cc1,False,curated molecules without the 204 top-decile actives,ok,-9.468,29.0,6.0,,pass
CN(C)CCNS(=O)(=O)c1ccc(Nc2nccc(-c3cnc4cccnn34)n2)cc1,M,M:heldout_actives,heldout_active,shared,8.096910013008056,curated row 1371,c1ccc(Nc2nccc(-c3cnc4cccnn34)n2)cc1,False,curated molecules without the 204 top-decile actives,ok,-8.547,31.0,8.0,,pass
O=[N+]([O-])c1ccc(Nc2nccc(-c3cnn4ncccc34)n2)cc1,M,M:heldout_actives,heldout_active,shared,8.522878745280337,curated row 1399,c1ccc(Nc2nccc(-c3cnn4ncccc34)n2)cc1,False,curated molecules without the 204 top-decile actives,ok,-9.004,25.0,4.0,,pass
O=C(N=C1NNC2=CC=CC21)C1CC1,M,M:heldout_actives,heldout_active,shared,8.301029995663981,curated row 1412,O=C(N=C1NNC2=CC=CC21)C1CC1,False,curated molecules without the 204 top-decile actives,ok,-6.469,14.0,1.0,,pass
CN(C)C/C=C/C(=O)Nc1ccc(C(=O)Nc2ncc(SCc3ncc(C(C)(C)C)o3)s2)cc1,M,M:heldout_actives,heldout_active,shared,8.10790539730952,curated row 1424,O=C(Nc1ncc(SCc2ncco2)s1)c1ccccc1,False,curated molecules without the 204 top-decile actives,ok,-7.235,34.0,9.0,,pass
CC(C)(C)c1cnc(CSc2cnc(N[C@H]3CC[C@H](O)CC3)s2)o1,M,M:heldout_actives,heldout_active,shared,8.154901959985743,curated row 1497,c1coc(CSc2cnc(NC3CCCCC3)s2)n1,False,curated molecules without the 204 top-decile actives,ok,-7.46,24.0,6.0,,pass
CC(=O)NC1CN(c2ccc(Nc3ncc(F)c(-c4cnc(C)n4C(C)C)n3)cc2)C1,M,M:heldout_actives,heldout_active,shared,9.30102999566398,curated row 1501,c1cc(-c2cnc[nH]2)nc(Nc2ccc(N3CCC3)cc2)n1,True,curated molecules without the 204 top-decile actives,ok,-8.659,31.0,6.0,,pass
C[C@@H](NC(=O)N1CCc2cnc(N[C@H]3CCO[C@@H](CO)C3)nc2C1)c1ccc(Cl)c(Cl)c1,M,M:heldout_actives,heldout_active,shared,8.698970004336019,curated row 1512,O=C(NCc1ccccc1)N1CCc2cnc(NC3CCOCC3)nc2C1,True,curated molecules without the 204 top-decile actives,ok,-8.944,32.0,6.0,,pass
Cc1ncc(-c2nc(Nc3ccc(C(=O)N(C)C)c(F)c3)ncc2F)n1C(C)C,M,M:heldout_actives,heldout_active,shared,8.698970004336019,curated row 1513,c1ccc(Nc2nccc(-c3cnc[nH]3)n2)cc1,False,curated molecules without the 204 top-decile actives,ok,-9.257,29.0,5.0,,pass
O=C(Cc1ccc(Cc2cccs2)cc1)Nc1cc(C2CC2)[nH]n1,M,M:heldout_actives,heldout_active,shared,8.522951139760405,curated row 1533,O=C(Cc1ccc(Cc2cccs2)cc1)Nc1cc(C2CC2)[nH]n1,False,curated molecules without the 204 top-decile actives,ok,-8.075,24.0,6.0,,pass
FC(F)(F)c1cnc(Nc2ccc3[nH]cnc3c2)nc1Nc1ccccc1Cl,M,M:heldout_actives,heldout_active,shared,8.698970004336019,curated row 1539,c1ccc(Nc2ccnc(Nc3ccc4[nH]cnc4c3)n2)cc1,False,curated molecules without the 204 top-decile actives,ok,-9.513,28.0,4.0,,pass
CN(C)CCNS(=O)(=O)c1ccc(Nc2cccc(-c3cnc4ccccn34)c2)cc1,M,M:heldout_actives,heldout_active,shared,8.301029995663981,curated row 1586,c1ccc(Nc2cccc(-c3cnc4ccccn34)c2)cc1,False,curated molecules without the 204 top-decile actives,ok,-9.127,31.0,8.0,,pass
Cn1nc(C(N)=O)c2c1-c1nc(Nc3ccccc3)ncc1CC2,M,M:heldout_actives,heldout_active,shared,8.698970004336019,curated row 1588,c1ccc(Nc2ncc3c(n2)-c2[nH]ncc2CC3)cc1,False,curated molecules without the 204 top-decile actives,ok,-8.216,24.0,3.0,,pass
NS(=O)(=O)c1ccc(N=Cc2c(=O)[nH]c3ccc4[nH]cccc4c23)cc1,M,M:heldout_actives,heldout_active,shared,8.823908740944319,curated row 1603,O=c1[nH]c2ccc3[nH]cccc3c2c1C=Nc1ccccc1,False,curated molecules without the 204 top-decile actives,ok,-8.698,26.0,4.0,,pass
Cc1c([N+](=O)[O-])ccc2[nH]c(O)c(N=Nc3ccc(S(N)(=O)=O)cc3)c12,M,M:heldout_actives,heldout_active,shared,8.337242168318426,curated row 1615,c1ccc(N=Nc2c[nH]c3ccccc23)cc1,False,curated molecules without the 204 top-decile actives,ok,-5.846,26.0,6.0,,pass
COc1cc(Nc2ncc(Br)c(N[C@H](C)C(C)(C)O)n2)ccc1S(C)(=N)=O,M,M:heldout_actives,heldout_active,shared,8.460409376976187,curated row 1628,c1ccc(Nc2ncccn2)cc1,False,curated molecules without the 204 top-decile actives,ok,-7.481,27.0,8.0,,pass
COc1cccc(OC)c1CNC(=O)c1ccc2[nH]c(O)c(N=Nc3ccc(S(N)(=O)=O)cc3)c2c1,M,M:heldout_actives,heldout_active,shared,8.769551078621726,curated row 1648,O=C(NCc1ccccc1)c1ccc2[nH]cc(N=Nc3ccccc3)c2c1,False,curated molecules without the 204 top-decile actives,ok,-8.056,36.0,10.0,,pass
O=C(Nc1[nH]nc2nc(-c3ccc(O)cc3)c(Br)cc12)C1CC1,M,M:heldout_actives,heldout_active,shared,8.301029995663981,curated row 1649,O=C(Nc1[nH]nc2nc(-c3ccccc3)ccc12)C1CC1,False,curated molecules without the 204 top-decile actives,ok,-7.675,23.0,4.0,,pass
CN1C/C=C/CCOc2cccc(c2)-c2ccnc(n2)Nc2cccc(c2)C1,M,M:heldout_actives,heldout_active,shared,8.093543321678572,curated row 1680,C1=CCNCc2cccc(c2)Nc2nccc(n2)-c2cccc(c2)OCC1,False,curated molecules without the 204 top-decile actives,ok,-7.044,28.0,0.0,,fail
CN1CCN(Cc2ccc(NC(=O)c3[nH]ncc3Nc3ncnc4[nH]ccc34)cc2)CC1,M,M:heldout_actives,heldout_active,shared,8.607303046740334,curated row 1682,O=C(Nc1ccc(CN2CCNCC2)cc1)c1[nH]ncc1Nc1ncnc2[nH]ccc12,False,curated molecules without the 204 top-decile actives,ok,-9.358,32.0,6.0,,pass
C[C@H](Nc1nc(Nc2ccc(S(=N)(=O)CCO)cc2)ncc1Br)C(C)(C)O,M,M:heldout_actives,heldout_active,shared,8.397940008672037,curated row 1707,c1ccc(Nc2ncccn2)cc1,False,curated molecules without the 204 top-decile actives,ok,-7.955,27.0,10.0,,pass
C[C@@H](Nc1nc(Nc2ccc(S(=N)(=O)CCO)cc2)ncc1Br)C(C)(C)O,M,M:heldout_actives,heldout_active,shared,8.397940008672037,curated row 1708,c1ccc(Nc2ncccn2)cc1,False,curated molecules without the 204 top-decile actives,ok,-7.623,27.0,10.0,,pass
Clc1ccccc1-c1cc(NCc2ccncc2)n2ncc(Br)c2n1,M,M:heldout_actives,heldout_active,shared,8.110924374808178,curated row 1753,c1ccc(-c2cc(NCc3ccncc3)n3nccc3n2)cc1,False,curated molecules without the 204 top-decile actives,ok,-8.649,25.0,4.0,,pass
O=C(Nc1cccc2c1C(=O)c1c(-c3ccc(C(=O)N4CCNCC4)s3)n[nH]c1-2)NN1CCOCC1,M,M:heldout_actives,heldout_active,shared,8.096910013008056,curated row 1763,O=C(Nc1cccc2c1C(=O)c1c(-c3ccc(C(=O)N4CCNCC4)s3)n[nH]c1-2)NN1CCOCC1,False,curated molecules without the 204 top-decile actives,ok,-7.79,36.0,4.0,,pass
Cc1nc2c(F)cc(-c3nc(Nc4ccc5c(n4)CCN(CC=NO)C5)ncc3F)cc2n1C(C)C,M,M:heldout_actives,heldout_active,shared,8.220403508742175,curated row 1786,c1cc(-c2ccc3nc[nH]c3c2)nc(Nc2ccc3c(n2)CCNC3)n1,False,curated molecules without the 204 top-decile actives,ok,-8.778,36.0,7.0,,pass
C[C@H](Nc1nc(Nc2ccc(S(C)(=N)=O)cc2)ncc1Br)C(C)(C)O,M,M:heldout_actives,heldout_active,shared,8.698970004336019,curated row 1802,c1ccc(Nc2ncccn2)cc1,False,curated molecules without the 204 top-decile actives,ok,-8.052,25.0,7.0,,pass
C[C@@H](Nc1nc(Nc2ccc(S(C)(=N)=O)cc2)ncc1Br)C(C)(C)O,M,M:heldout_actives,heldout_active,shared,8.221848749616356,curated row 1803,c1ccc(Nc2ncccn2)cc1,True,curated molecules without the 204 top-decile actives,ok,-7.789,25.0,7.0,,pass
Cc1ncc(-c2ccnc(Nc3ccc(S(=O)(=O)NCCCOC(C)C)cc3)n2)n1C,M,M:heldout_actives,heldout_active,shared,8.221848749616356,curated row 1868,c1ccc(Nc2nccc(-c3cnc[nH]3)n2)cc1,False,curated molecules without the 204 top-decile actives,ok,-7.945,31.0,10.0,,pass
O=S(=O)(NCCOCCO)c1ccc(N=Cc2c(O)[nH]c3ccc4ncsc4c23)cc1,M,M:heldout_actives,heldout_active,shared,8.594212497064703,curated row 1882,C(=Nc1ccccc1)c1c[nH]c2ccc3ncsc3c12,False,curated molecules without the 204 top-decile actives,ok,-7.746,31.0,11.0,,pass
Cc1ncc(-c2nc(Nc3ccc(C(=O)NCCN(C)C)c(F)c3)ncc2F)n1C(C)C,M,M:heldout_actives,heldout_active,shared,8.698970004336019,curated row 1895,c1ccc(Nc2nccc(-c3cnc[nH]3)n2)cc1,False,curated molecules without the 204 top-decile actives,ok,-8.567,32.0,8.0,,pass
Cc1ncc(-c2nc(Nc3ccc(C(=O)N4CCCN(C)CC4)cc3)ncc2F)n1C(C)C,M,M:heldout_actives,heldout_active,shared,8.698970004336019,curated row 1960,O=C(c1ccc(Nc2nccc(-c3cnc[nH]3)n2)cc1)N1CCCNCC1,False,curated molecules without the 204 top-decile actives,ok,-7.51,33.0,5.0,,pass
CC(C)[C@H](CO)Nc1nc(Nc2ccc(C(=O)O)c(Cl)c2)c2ncn(C(C)C)c2n1,M,M:heldout_actives,heldout_active,shared,8.133803120088515,curated row 1965,c1ccc(Nc2ncnc3[nH]cnc23)cc1,False,curated molecules without the 204 top-decile actives,ok,-8.146,30.0,9.0,,pass
CN1CCN(c2ccc(Nc3nccc(-c4cnn5ncccc45)n3)cc2C(F)(F)F)CC1,M,M:heldout_actives,heldout_active,shared,8.397940008672037,curated row 1977,c1cnn2ncc(-c3ccnc(Nc4ccc(N5CCNCC5)cc4)n3)c2c1,False,curated molecules without the 204 top-decile actives,ok,-9.92,33.0,4.0,,pass
O=S1(=O)Cc2ccc(N=Cc3c(O)[nH]c4ccc(-c5cnco5)cc34)cc2C1,M,M:heldout_actives,heldout_active,shared,8.050609993355087,curated row 1999,O=S1(=O)Cc2ccc(N=Cc3c[nH]c4ccc(-c5cnco5)cc34)cc2C1,False,curated molecules without the 204 top-decile actives,ok,-9.077,28.0,4.0,,pass
Clc1cccc(Nc2nccc(-c3cnc4ccccn34)n2)c1,S,S:heldout_actives,heldout_active,shared,8.301029995663981,curated row 15,c1ccc(Nc2nccc(-c3cnc4ccccn34)n2)cc1,False,"curated molecules without 9 scaffold families (260 molecules, 93 top-decile actives)",ok,-9.101,23.0,3.0,,pass
N[C@H]1CC[C@H](Nc2cc(Nc3ccc(F)c(Cl)c3)n3ncc(Cl)c3n2)CC1,S,S:heldout_actives,heldout_active,shared,8.522878745280337,curated row 51,c1ccc(Nc2cc(NC3CCCCC3)nc3ccnn23)cc1,False,"curated molecules without 9 scaffold families (260 molecules, 93 top-decile actives)",ok,-9.536,27.0,4.0,,pass
Cc1ncc(-c2nc(Nc3ccc(C(=O)N4CC[C@H](N(C)C)C4)cc3)ncc2F)n1C(C)C,S,S:heldout_actives,heldout_active,shared,8.698970004336019,curated row 85,O=C(c1ccc(Nc2nccc(-c3cnc[nH]3)n2)cc1)N1CCCC1,False,"curated molecules without 9 scaffold families (260 molecules, 93 top-decile actives)",ok,-9.429,33.0,6.0,,pass
Cc1ncc(-c2nc(Nc3ccc(C(=O)N4CC[C@@H](N(C)C)C4)cc3)ncc2F)n1C(C)C,S,S:heldout_actives,heldout_active,shared,8.221848749616356,curated row 86,O=C(c1ccc(Nc2nccc(-c3cnc[nH]3)n2)cc1)N1CCCC1,False,"curated molecules without 9 scaffold families (260 molecules, 93 top-decile actives)",ok,-9.4,33.0,6.0,,pass
Cc1nc2c(F)cc(-c3nc(Nc4ccc5c(n4)CCN(CC(N)=NO)C5)ncc3F)cc2n1C(C)C,S,S:heldout_actives,heldout_active,shared,8.074172425375258,curated row 104,c1cc(-c2ccc3nc[nH]c3c2)nc(Nc2ccc3c(n2)CCNC3)n1,False,"curated molecules without 9 scaffold families (260 molecules, 93 top-decile actives)",ok,-8.937,37.0,7.0,,pass
Cc1nc2c(F)cc(-c3nc(Nc4ccc5c(n4)CCN(C(=O)O)C5)ncc3F)cc2n1C(C)C,S,S:heldout_actives,heldout_active,shared,8.13430394008393,curated row 158,c1cc(-c2ccc3nc[nH]c3c2)nc(Nc2ccc3c(n2)CCNC3)n1,False,"curated molecules without 9 scaffold families (260 molecules, 93 top-decile actives)",ok,-8.621,35.0,4.0,,pass
Cc1ncc(-c2ccnc(Nc3ccc(C(=O)NCCO)cc3)n2)n1C(C)C,S,S:heldout_actives,heldout_active,shared,8.698970004336019,curated row 177,c1ccc(Nc2nccc(-c3cnc[nH]3)n2)cc1,False,"curated molecules without 9 scaffold families (260 molecules, 93 top-decile actives)",ok,-8.263,28.0,8.0,,pass
Cc1ncc(-c2ccnc(Nc3ccc(C(=O)NCCN(C)C)c(F)c3)n2)n1C(C)C,S,S:heldout_actives,heldout_active,shared,8.522878745280337,curated row 211,c1ccc(Nc2nccc(-c3cnc[nH]3)n2)cc1,False,"curated molecules without 9 scaffold families (260 molecules, 93 top-decile actives)",ok,-8.399,31.0,8.0,,pass
N#Cc1cccc(Nc2nccc(-c3cnn4ncccc34)n2)c1,S,S:heldout_actives,heldout_active,shared,8.698970004336019,curated row 236,c1ccc(Nc2nccc(-c3cnn4ncccc34)n2)cc1,False,"curated molecules without 9 scaffold families (260 molecules, 93 top-decile actives)",ok,-9.448,24.0,3.0,,pass
COC[C@@H](Nc1nc(Nc2ccc(S(C)(=N)=O)cc2)ncc1Br)[C@@H](C)O,S,S:heldout_actives,heldout_active,shared,8.397940008672037,curated row 240,c1ccc(Nc2ncccn2)cc1,False,"curated molecules without 9 scaffold families (260 molecules, 93 top-decile actives)",ok,-7.454,26.0,9.0,,pass
COC[C@H](Nc1nc(Nc2ccc(S(C)(=N)=O)cc2)ncc1Br)[C@H](C)O,S,S:heldout_actives,heldout_active,shared,8.221848749616356,curated row 241,c1ccc(Nc2ncccn2)cc1,False,"curated molecules without 9 scaffold families (260 molecules, 93 top-decile actives)",ok,-7.438,26.0,9.0,,pass
N[C@H]1CC[C@H](Nc2cc(Nc3ccc(F)c(Cl)c3)n3ncc(Br)c3n2)CC1,S,S:heldout_actives,heldout_active,shared,8.468521082957745,curated row 247,c1ccc(Nc2cc(NC3CCCCC3)nc3ccnn23)cc1,True,"curated molecules without 9 scaffold families (260 molecules, 93 top-decile actives)",ok,-9.322,27.0,4.0,,pass
O=[N+]([O-])c1cccc(Nc2nccc(-c3cnn4ncccc34)n2)c1,S,S:heldout_actives,heldout_active,shared,9.522878745280336,curated row 263,c1ccc(Nc2nccc(-c3cnn4ncccc34)n2)cc1,False,"curated molecules without 9 scaffold families (260 molecules, 93 top-decile actives)",ok,-9.209,25.0,4.0,,pass
CS(=O)(=O)c1ccc(N=Cc2c(O)[nH]c3ccc4ncsc4c23)cc1,S,S:heldout_actives,heldout_active,shared,8.244125144327509,curated row 281,C(=Nc1ccccc1)c1c[nH]c2ccc3ncsc3c12,False,"curated molecules without 9 scaffold families (260 molecules, 93 top-decile actives)",ok,-7.955,25.0,4.0,,pass
COc1ccc(Nc2nccc(-c3cnc(C)n3C(C)C)n2)cc1,S,S:heldout_actives,heldout_active,shared,8.096910013008056,curated row 283,c1ccc(Nc2nccc(-c3cnc[nH]3)n2)cc1,False,"curated molecules without 9 scaffold families (260 molecules, 93 top-decile actives)",ok,-8.298,24.0,5.0,,pass
CC(O)C(C)Sc1nc(Nc2ccc(S(C)(=N)=O)cc2)ncc1Br,S,S:heldout_actives,heldout_active,shared,8.096910013008056,curated row 322,c1ccc(Nc2ncccn2)cc1,False,"curated molecules without 9 scaffold families (260 molecules, 93 top-decile actives)",ok,-7.549,24.0,7.0,,pass
NS(=O)(=O)c1ccc(N=Nc2c(O)[nH]c3cccc(I)c23)cc1,S,S:heldout_actives,heldout_active,shared,8.337242168318426,curated row 377,c1ccc(N=Nc2c[nH]c3ccccc23)cc1,False,"curated molecules without 9 scaffold families (260 molecules, 93 top-decile actives)",ok,-7.482,23.0,5.0,,pass
CN=S(C)(=O)c1ccc(Nc2ncc(Br)c(N[C@H](C)[C@H](C)O)n2)cc1,S,S:heldout_actives,heldout_active,shared,8.154901959985743,curated row 430,c1ccc(Nc2ncccn2)cc1,False,"curated molecules without 9 scaffold families (260 molecules, 93 top-decile actives)",ok,-7.708,25.0,7.0,,pass
Cc1cc(Nc2ncc(Br)c(N[C@H](C)[C@H](C)O)n2)ccc1S(C)(=N)=O,S,S:heldout_actives,heldout_active,shared,8.397940008672037,curated row 448,c1ccc(Nc2ncccn2)cc1,False,"curated molecules without 9 scaffold families (260 molecules, 93 top-decile actives)",ok,-7.803,25.0,7.0,,pass
Cc1cc(Nc2ncc(Br)c(N[C@@H](C)C(C)(C)O)n2)ccc1S(C)(=N)=O,S,S:heldout_actives,heldout_active,shared,8.154901959985743,curated row 452,c1ccc(Nc2ncccn2)cc1,False,"curated molecules without 9 scaffold families (260 molecules, 93 top-decile actives)",ok,-8.215,26.0,7.0,,pass
Cc1cc(Nc2ncc(Br)c(N[C@H](C)C(C)(C)O)n2)ccc1S(C)(=N)=O,S,S:heldout_actives,heldout_active,shared,8.27642098432889,curated row 453,c1ccc(Nc2ncccn2)cc1,False,"curated molecules without 9 scaffold families (260 molecules, 93 top-decile actives)",ok,-7.987,26.0,7.0,,pass
Cc1ncc(-c2ccnc(Nc3ccc(C(=O)N(C)C)cc3)n2)n1C(C)C,S,S:heldout_actives,heldout_active,shared,8.096910013008056,curated row 458,c1ccc(Nc2nccc(-c3cnc[nH]3)n2)cc1,False,"curated molecules without 9 scaffold families (260 molecules, 93 top-decile actives)",ok,-8.775,27.0,5.0,7.67231,pass
COc1cc(Nc2ncc(Br)c(N[C@H](C)[C@@H](C)O)n2)ccc1S(C)(=N)=O,S,S:heldout_actives,heldout_active,shared,8.397940008672037,curated row 469,c1ccc(Nc2ncccn2)cc1,True,"curated molecules without 9 scaffold families (260 molecules, 93 top-decile actives)",ok,-7.342,26.0,8.0,,pass
COc1cc(Nc2ncc(Br)c(N[C@H](C)[C@H](C)O)n2)ccc1S(C)(=N)=O,S,S:heldout_actives,heldout_active,shared,8.460409376976187,curated row 470,c1ccc(Nc2ncccn2)cc1,False,"curated molecules without 9 scaffold families (260 molecules, 93 top-decile actives)",ok,-7.381,26.0,8.0,,pass
CNS(=O)(=O)c1ccc(N=Cc2c(O)[nH]c3ccc4ncsc4c23)cc1,S,S:heldout_actives,heldout_active,shared,8.2518119729938,curated row 482,C(=Nc1ccccc1)c1c[nH]c2ccc3ncsc3c12,False,"curated molecules without 9 scaffold families (260 molecules, 93 top-decile actives)",ok,-8.19,26.0,5.0,,pass
CN(C)CCNS(=O)(=O)c1ccc(Nc2nccc(-c3cnc4ccccn34)n2)cc1,S,S:heldout_actives,heldout_active,shared,8.301029995663981,curated row 599,c1ccc(Nc2nccc(-c3cnc4ccccn34)n2)cc1,False,"curated molecules without 9 scaffold families (260 molecules, 93 top-decile actives)",ok,-8.71,31.0,8.0,,pass
CN=S(C)(=O)c1ccc(Nc2ncc(Br)c(N[C@H](C)[C@H](C)O)n2)cc1OC,S,S:heldout_actives,heldout_active,shared,8.221848749616356,curated row 622,c1ccc(Nc2ncccn2)cc1,False,"curated molecules without 9 scaffold families (260 molecules, 93 top-decile actives)",ok,-7.532,27.0,8.0,,pass
CN=S(C)(=O)c1ccc(Nc2ncc(Br)c(N[C@H](C)[C@@H](C)O)n2)cc1OC,S,S:heldout_actives,heldout_active,shared,8.397940008672037,curated row 623,c1ccc(Nc2ncccn2)cc1,False,"curated molecules without 9 scaffold families (260 molecules, 93 top-decile actives)",ok,-7.374,27.0,8.0,,pass
CCCS(=O)(=O)c1ccc(Nc2nccc(-c3cnc(C)n3C(C)C)n2)cc1,S,S:heldout_actives,heldout_active,shared,8.096910013008056,curated row 625,c1ccc(Nc2nccc(-c3cnc[nH]3)n2)cc1,False,"curated molecules without 9 scaffold families (260 molecules, 93 top-decile actives)",ok,-8.467,28.0,7.0,,pass
COCCCNS(=O)(=O)c1ccc(Nc2nccc(-c3cnc4ccccn34)n2)cc1,S,S:heldout_actives,heldout_active,shared,8.397940008672037,curated row 696,c1ccc(Nc2nccc(-c3cnc4ccccn34)n2)cc1,False,"curated molecules without 9 scaffold families (260 molecules, 93 top-decile actives)",ok,-8.331,31.0,9.0,,pass
C[C@@H](O)[C@@H](C)Oc1nc(Nc2ccc(S(C)(=O)=O)cc2)ncc1C(F)(F)F,S,S:heldout_actives,heldout_active,shared,8.247425010840047,curated row 714,c1ccc(Nc2ncccn2)cc1,False,"curated molecules without 9 scaffold families (260 molecules, 93 top-decile actives)",ok,-8.137,27.0,7.0,,pass
CNC(=O)c1ccc(Nc2ncc(F)c(-c3cnc(C)n3C(C)C)n2)cc1,S,S:heldout_actives,heldout_active,shared,8.522878745280337,curated row 716,c1ccc(Nc2nccc(-c3cnc[nH]3)n2)cc1,False,"curated molecules without 9 scaffold families (260 molecules, 93 top-decile actives)",ok,-8.992,27.0,5.0,7.856,pass
COc1cc(Nc2ncc(Br)c(O[C@H](C)[C@H](C)O)n2)ccc1S(C)(=N)=O,S,S:heldout_actives,heldout_active,shared,8.096910013008056,curated row 733,c1ccc(Nc2ncccn2)cc1,False,"curated molecules without 9 scaffold families (260 molecules, 93 top-decile actives)",ok,-7.358,26.0,8.0,,pass
CCS(=N)(=O)c1ccc(Nc2ncc(Br)c(N[C@H](COC)[C@H](C)O)n2)cc1,S,S:heldout_actives,heldout_active,shared,8.154901959985743,curated row 756,c1ccc(Nc2ncccn2)cc1,True,"curated molecules without 9 scaffold families (260 molecules, 93 top-decile actives)",ok,-7.19,27.0,10.0,,pass
CCS(=N)(=O)c1ccc(Nc2ncc(Br)c(N[C@H](C)[C@H](C)O)n2)cc1,S,S:heldout_actives,heldout_active,shared,8.397940008672037,curated row 771,c1ccc(Nc2ncccn2)cc1,False,"curated molecules without 9 scaffold families (260 molecules, 93 top-decile actives)",ok,-7.463,25.0,8.0,,pass
CCS(=N)(=O)c1ccc(Nc2ncc(Br)c(N[C@@H](C)[C@H](C)O)n2)cc1,S,S:heldout_actives,heldout_active,shared,8.397940008672037,curated row 772,c1ccc(Nc2ncccn2)cc1,False,"curated molecules without 9 scaffold families (260 molecules, 93 top-decile actives)",ok,-7.604,25.0,8.0,,pass
CC(C)c1cccc2[nH]c(O)c(N=Nc3ccc(S(N)(=O)=O)cc3)c12,S,S:heldout_actives,heldout_active,shared,8.602059991327963,curated row 780,c1ccc(N=Nc2c[nH]c3ccccc23)cc1,False,"curated molecules without 9 scaffold families (260 molecules, 93 top-decile actives)",ok,-5.283,25.0,6.0,,pass
CC(C)S(=O)(=O)c1ccc(Nc2ncc(C(F)(F)F)c(O[C@H](C)[C@@H](C)O)n2)cc1,S,S:heldout_actives,heldout_active,shared,8.221848749616356,curated row 786,c1ccc(Nc2ncccn2)cc1,False,"curated molecules without 9 scaffold families (260 molecules, 93 top-decile actives)",ok,-8.097,29.0,8.0,,pass
CN(C)S(=O)(=O)c1ccc(Nc2cc(N[C@H]3CC[C@H](N)CC3)nc3c(Br)cnn23)cc1Cl,S,S:heldout_actives,heldout_active,shared,8.698970004336019,curated row 805,c1ccc(Nc2cc(NC3CCCCC3)nc3ccnn23)cc1,False,"curated molecules without 9 scaffold families (260 molecules, 93 top-decile actives)",ok,-9.404,32.0,6.0,,pass
C[C@H](O)[C@@H](C)Nc1nc(Nc2ccc(S(=N)(=O)CCO)cc2)ncc1Br,S,S:heldout_actives,heldout_active,shared,8.221848749616356,curated row 810,c1ccc(Nc2ncccn2)cc1,False,"curated molecules without 9 scaffold families (260 molecules, 93 top-decile actives)",ok,-7.563,26.0,10.0,,pass
C[C@@H](O)[C@@H](C)Nc1nc(Nc2ccc(S(=N)(=O)CCO)cc2)ncc1Br,S,S:heldout_actives,heldout_active,shared,8.522878745280337,curated row 811,c1ccc(Nc2ncccn2)cc1,False,"curated molecules without 9 scaffold families (260 molecules, 93 top-decile actives)",ok,-7.513,26.0,10.0,,pass
CC(C)Oc1cccc2[nH]c(O)c(N=Nc3ccc(S(N)(=O)=O)cc3)c12,S,S:heldout_actives,heldout_active,shared,8.468521082957745,curated row 841,c1ccc(N=Nc2c[nH]c3ccccc23)cc1,False,"curated molecules without 9 scaffold families (260 molecules, 93 top-decile actives)",ok,-7.934,26.0,7.0,,pass
CCn1c(-c2ccnc(Nc3ccc(S(=O)(=O)NCCOC)cc3)n2)cnc1C,S,S:heldout_actives,heldout_active,shared,8.397940008672037,curated row 860,c1ccc(Nc2nccc(-c3cnc[nH]3)n2)cc1,False,"curated molecules without 9 scaffold families (260 molecules, 93 top-decile actives)",ok,-7.899,29.0,9.0,,pass
COCCNS(=O)(=O)c1ccc(Nc2nccc(-c3cnc(C)n3C(C)C)n2)cc1,S,S:heldout_actives,heldout_active,shared,9.0,curated row 882,c1ccc(Nc2nccc(-c3cnc[nH]3)n2)cc1,True,"curated molecules without 9 scaffold families (260 molecules, 93 top-decile actives)",ok,-8.345,30.0,9.0,,pass
c1ccc(Nc2nccc(-c3cnn4ncccc34)n2)cc1,S,S:heldout_actives,heldout_active,shared,8.096910013008056,curated row 894,c1ccc(Nc2nccc(-c3cnn4ncccc34)n2)cc1,False,"curated molecules without 9 scaffold families (260 molecules, 93 top-decile actives)",ok,-8.917,22.0,3.0,,pass
C[C@H](CO)Nc1nc(Nc2ccc(S(N)(=O)=O)cc2)ncc1Br,S,S:heldout_actives,heldout_active,shared,8.397940008672037,curated row 974,c1ccc(Nc2ncccn2)cc1,False,"curated molecules without 9 scaffold families (260 molecules, 93 top-decile actives)",ok,-6.995,23.0,8.0,,pass
O=S(=O)(NCCO)c1ccc(N=Cc2c(O)[nH]c3ccc4ncsc4c23)cc1,S,S:heldout_actives,heldout_active,shared,8.327902142064282,curated row 1014,C(=Nc1ccccc1)c1c[nH]c2ccc3ncsc3c12,False,"curated molecules without 9 scaffold families (260 molecules, 93 top-decile actives)",ok,-7.897,28.0,8.0,,pass
CNCCN1CCc2nc(Nc3ncc(F)c(-c4cc(F)c5nc(C)n(C(C)(C)C)c5c4)n3)ccc2C1,S,S:heldout_actives,heldout_active,shared,8.175223537524454,curated row 1024,c1cc(-c2ccc3nc[nH]c3c2)nc(Nc2ccc3c(n2)CCNC3)n1,False,"curated molecules without 9 scaffold families (260 molecules, 93 top-decile actives)",ok,-8.457,37.0,6.0,,pass
NS(=O)(=O)c1ccc(Nc2nccc(-c3cnc4ccccn34)n2)cc1,S,S:heldout_actives,heldout_active,shared,8.84948500216801,curated row 1047,c1ccc(Nc2nccc(-c3cnc4ccccn34)n2)cc1,False,"curated molecules without 9 scaffold families (260 molecules, 93 top-decile actives)",ok,-9.075,26.0,5.0,,pass
NS(=O)(=O)Cc1ccc(N=Cc2c(O)[nH]c3ccc4ncsc4c23)cc1,S,S:heldout_actives,heldout_active,shared,8.1249387366083,curated row 1050,C(=Nc1ccccc1)c1c[nH]c2ccc3ncsc3c12,False,"curated molecules without 9 scaffold families (260 molecules, 93 top-decile actives)",ok,-7.83,26.0,6.0,,pass
CCc1cccc2[nH]c(O)c(N=Nc3ccc(S(N)(=O)=O)cc3)c12,S,S:heldout_actives,heldout_active,shared,8.102372908709558,curated row 1060,c1ccc(N=Nc2c[nH]c3ccccc23)cc1,False,"curated molecules without 9 scaffold families (260 molecules, 93 top-decile actives)",ok,-8.269,24.0,6.0,,pass
Cc1ncc(-c2ccnc(Nc3ccc(C(N)=O)cc3)n2)n1C(C)C,S,S:heldout_actives,heldout_active,shared,8.522878745280337,curated row 1068,c1ccc(Nc2nccc(-c3cnc[nH]3)n2)cc1,False,"curated molecules without 9 scaffold families (260 molecules, 93 top-decile actives)",ok,-8.624,25.0,5.0,7.76895,pass
CN[C@H]1CCN(C(=O)c2ccc(Nc3ncc(F)c(-c4cnc(C)n4C(C)C)n3)cc2)C1,S,S:heldout_actives,heldout_active,shared,8.698970004336019,curated row 1077,O=C(c1ccc(Nc2nccc(-c3cnc[nH]3)n2)cc1)N1CCCC1,True,"curated molecules without 9 scaffold families (260 molecules, 93 top-decile actives)",ok,-9.284,32.0,6.0,,pass
N#Cc1cnn2c(Nc3ccc(F)c(Cl)c3)cc(N[C@H]3CC[C@H](N)CC3)nc12,S,S:heldout_actives,heldout_active,shared,8.397940008672037,curated row 1093,c1ccc(Nc2cc(NC3CCCCC3)nc3ccnn23)cc1,False,"curated molecules without 9 scaffold families (260 molecules, 93 top-decile actives)",ok,-9.241,28.0,4.0,,pass
C[C@@H](O)[C@@H](C)Oc1nc(Nc2ccc(S(=O)(=O)CCO)cc2)ncc1C(F)(F)F,S,S:heldout_actives,heldout_active,shared,8.522878745280337,curated row 1128,c1ccc(Nc2ncccn2)cc1,False,"curated molecules without 9 scaffold families (260 molecules, 93 top-decile actives)",ok,-7.977,29.0,10.0,,pass
COCCOCCOCCOCCNS(=O)(=O)c1ccc(N=Cc2c(O)[nH]c3ccc4ncsc4c23)cc1,S,S:heldout_actives,heldout_active,shared,8.346787486224656,curated row 1153,C(=Nc1ccccc1)c1c[nH]c2ccc3ncsc3c12,False,"curated molecules without 9 scaffold families (260 molecules, 93 top-decile actives)",ok,-6.399,38.0,17.0,,pass
NS(=O)(=O)c1ccc(N=Cc2c(O)[nH]c3ccc4ncsc4c23)cc1,S,S:heldout_actives,heldout_active,shared,8.55284196865778,curated row 1154,C(=Nc1ccccc1)c1c[nH]c2ccc3ncsc3c12,False,"curated molecules without 9 scaffold families (260 molecules, 93 top-decile actives)",ok,-8.175,25.0,5.0,8.15635,pass
Cc1ncc(-c2nc(Nc3ccc(C(=O)N(C)C)cc3)ncc2F)n1C(C)C,S,S:heldout_actives,heldout_active,shared,8.698970004336019,curated row 1173,c1ccc(Nc2nccc(-c3cnc[nH]3)n2)cc1,False,"curated molecules without 9 scaffold families (260 molecules, 93 top-decile actives)",ok,-9.117,28.0,5.0,7.80817,pass
CNC(=O)c1ccc(Nc2nccc(-c3cnc(C)n3C(C)C)n2)cc1,S,S:heldout_actives,heldout_active,shared,8.522878745280337,curated row 1194,c1ccc(Nc2nccc(-c3cnc[nH]3)n2)cc1,False,"curated molecules without 9 scaffold families (260 molecules, 93 top-decile actives)",ok,-8.739,26.0,5.0,,pass
CN(C)S(=O)(=O)c1ccc(Nc2cc(N[C@H]3CC[C@H](N)CC3)nc3c(Cl)cnn23)cc1,S,S:heldout_actives,heldout_active,shared,8.096910013008056,curated row 1204,c1ccc(Nc2cc(NC3CCCCC3)nc3ccnn23)cc1,False,"curated molecules without 9 scaffold families (260 molecules, 93 top-decile actives)",ok,-7.892,31.0,6.0,,pass
C[C@H](O)[C@@H](C)Nc1nc(Nc2ccc(S(C)(=N)=O)cc2)ncc1Br,S,S:heldout_actives,heldout_active,shared,8.698970004336019,curated row 1262,c1ccc(Nc2ncccn2)cc1,False,"curated molecules without 9 scaffold families (260 molecules, 93 top-decile actives)",ok,-7.636,24.0,7.0,,pass
COCCOCCOCCOCCN(C)S(=O)(=O)c1ccc(N=Cc2c(O)[nH]c3ccc4ncsc4c23)cc1,S,S:heldout_actives,heldout_active,shared,9.0,curated row 1271,C(=Nc1ccccc1)c1c[nH]c2ccc3ncsc3c12,False,"curated molecules without 9 scaffold families (260 molecules, 93 top-decile actives)",ok,-6.195,39.0,17.0,,pass
CN(C)S(=O)(=O)c1ccc(N=Cc2c(O)[nH]c3ccc4ncsc4c23)cc1,S,S:heldout_actives,heldout_active,shared,8.337242168318426,curated row 1294,C(=Nc1ccccc1)c1c[nH]c2ccc3ncsc3c12,False,"curated molecules without 9 scaffold families (260 molecules, 93 top-decile actives)",ok,-8.142,27.0,5.0,,pass
CN[C@H]1CCN(C(=O)c2ccc(Nc3nccc(-c4cnc(C)n4C(C)C)n3)cc2)C1,S,S:heldout_actives,heldout_active,shared,8.698970004336019,curated row 1304,O=C(c1ccc(Nc2nccc(-c3cnc[nH]3)n2)cc1)N1CCCC1,False,"curated molecules without 9 scaffold families (260 molecules, 93 top-decile actives)",ok,-8.974,31.0,6.0,,pass
CN(C)CCCN(C)S(=O)(=O)c1ccc(Nc2nccc(-c3cnc4ccccn34)n2)cc1,S,S:heldout_actives,heldout_active,shared,8.301029995663981,curated row 1374,c1ccc(Nc2nccc(-c3cnc4ccccn34)n2)cc1,False,"curated molecules without 9 scaffold families (260 molecules, 93 top-decile actives)",ok,-8.475,33.0,9.0,,pass
O=[N+]([O-])c1ccc(Nc2nccc(-c3cnn4ncccc34)n2)cc1,S,S:heldout_actives,heldout_active,shared,8.522878745280337,curated row 1399,c1ccc(Nc2nccc(-c3cnn4ncccc34)n2)cc1,False,"curated molecules without 9 scaffold families (260 molecules, 93 top-decile actives)",ok,-9.004,25.0,4.0,,pass
Cc1ncc(-c2ccnc(Nc3ccc(F)cc3)n2)n1C(C)C,S,S:heldout_actives,heldout_active,shared,8.522878745280337,curated row 1403,c1ccc(Nc2nccc(-c3cnc[nH]3)n2)cc1,False,"curated molecules without 9 scaffold families (260 molecules, 93 top-decile actives)",ok,-8.544,23.0,4.0,,pass
CC[C@@H](C)Oc1nc(Nc2ccc(S(N)(=O)=O)cc2)nc(N)c1C=O,S,S:heldout_actives,heldout_active,shared,9.096910013008056,curated row 1481,c1ccc(Nc2ncccn2)cc1,False,"curated molecules without 9 scaffold families (260 molecules, 93 top-decile actives)",ok,-7.929,25.0,9.0,,pass
Cc1ncc(-c2nc(Nc3ccc(C(=O)N(C)C)c(F)c3)ncc2F)n1C(C)C,S,S:heldout_actives,heldout_active,shared,8.698970004336019,curated row 1513,c1ccc(Nc2nccc(-c3cnc[nH]3)n2)cc1,False,"curated molecules without 9 scaffold families (260 molecules, 93 top-decile actives)",ok,-9.257,29.0,5.0,,pass
Cc1c([N+](=O)[O-])ccc2[nH]c(O)c(N=Nc3ccc(S(N)(=O)=O)cc3)c12,S,S:heldout_actives,heldout_active,shared,8.337242168318426,curated row 1615,c1ccc(N=Nc2c[nH]c3ccccc23)cc1,False,"curated molecules without 9 scaffold families (260 molecules, 93 top-decile actives)",ok,-5.846,26.0,6.0,,pass
COc1cc(Nc2ncc(Br)c(N[C@H](C)C(C)(C)O)n2)ccc1S(C)(=N)=O,S,S:heldout_actives,heldout_active,shared,8.460409376976187,curated row 1628,c1ccc(Nc2ncccn2)cc1,False,"curated molecules without 9 scaffold families (260 molecules, 93 top-decile actives)",ok,-7.481,27.0,8.0,,pass
CN(C)S(=O)(=O)c1ccc(Nc2cc(N[C@H]3CC[C@H](N)CC3)nc3c(C#N)cnn23)cc1,S,S:heldout_actives,heldout_active,shared,8.154901959985743,curated row 1630,c1ccc(Nc2cc(NC3CCCCC3)nc3ccnn23)cc1,False,"curated molecules without 9 scaffold families (260 molecules, 93 top-decile actives)",ok,-9.071,32.0,6.0,,pass
N=C(N)NS(=O)(=O)c1ccc(N=Cc2c(O)[nH]c3ccc4ncsc4c23)cc1,S,S:heldout_actives,heldout_active,shared,8.481486060122112,curated row 1640,C(=Nc1ccccc1)c1c[nH]c2ccc3ncsc3c12,False,"curated molecules without 9 scaffold families (260 molecules, 93 top-decile actives)",ok,-8.374,28.0,5.0,,pass
Cc1nc2c(F)cc(-c3nc(Nc4ccc5c(n4)CCN(CC(=O)O)C5)ncc3F)cc2n1C(C)C,S,S:heldout_actives,heldout_active,shared,8.13430394008393,curated row 1644,c1cc(-c2ccc3nc[nH]c3c2)nc(Nc2ccc3c(n2)CCNC3)n1,False,"curated molecules without 9 scaffold families (260 molecules, 93 top-decile actives)",ok,-8.714,36.0,6.0,,pass
C[C@H](Nc1nc(Nc2ccc(S(=N)(=O)CCO)cc2)ncc1Br)C(C)(C)O,S,S:heldout_actives,heldout_active,shared,8.397940008672037,curated row 1707,c1ccc(Nc2ncccn2)cc1,False,"curated molecules without 9 scaffold families (260 molecules, 93 top-decile actives)",ok,-7.955,27.0,10.0,,pass
C[C@@H](Nc1nc(Nc2ccc(S(=N)(=O)CCO)cc2)ncc1Br)C(C)(C)O,S,S:heldout_actives,heldout_active,shared,8.397940008672037,curated row 1708,c1ccc(Nc2ncccn2)cc1,False,"curated molecules without 9 scaffold families (260 molecules, 93 top-decile actives)",ok,-7.623,27.0,10.0,,pass
Cc1ncc(-c2ccnc(Nc3ccc(S(C)(=O)=O)cc3)n2)n1C(C)C,S,S:heldout_actives,heldout_active,shared,8.221848749616356,curated row 1720,c1ccc(Nc2nccc(-c3cnc[nH]3)n2)cc1,False,"curated molecules without 9 scaffold families (260 molecules, 93 top-decile actives)",ok,-8.698,26.0,5.0,,pass
CC(CO)Sc1nc(Nc2ccc(S(C)(=N)=O)cc2)ncc1Br,S,S:heldout_actives,heldout_active,shared,8.397940008672037,curated row 1755,c1ccc(Nc2ncccn2)cc1,False,"curated molecules without 9 scaffold families (260 molecules, 93 top-decile actives)",ok,-7.315,23.0,7.0,,pass
NC(=O)c1ccc2[nH]c(O)c(N=Nc3ccc(S(N)(=O)=O)cc3)c2c1,S,S:heldout_actives,heldout_active,shared,8.346787486224656,curated row 1769,c1ccc(N=Nc2c[nH]c3ccccc23)cc1,False,"curated molecules without 9 scaffold families (260 molecules, 93 top-decile actives)",ok,-8.254,25.0,6.0,,pass
Cc1nc2c(F)cc(-c3nc(Nc4ccc5c(n4)CCN(CC=NO)C5)ncc3F)cc2n1C(C)C,S,S:heldout_actives,heldout_active,shared,8.220403508742175,curated row 1786,c1cc(-c2ccc3nc[nH]c3c2)nc(Nc2ccc3c(n2)CCNC3)n1,False,"curated molecules without 9 scaffold families (260 molecules, 93 top-decile actives)",ok,-8.778,36.0,7.0,,pass
CCCN(C)[C@H]1CCN(C(=O)c2ccc(Nc3nccc(-c4cnc(C)n4C(C)C)n3)cc2)C1,S,S:heldout_actives,heldout_active,shared,8.397940008672037,curated row 1797,O=C(c1ccc(Nc2nccc(-c3cnc[nH]3)n2)cc1)N1CCCC1,False,"curated molecules without 9 scaffold families (260 molecules, 93 top-decile actives)",ok,-8.966,34.0,8.0,,pass
C[C@H](Nc1nc(Nc2ccc(S(C)(=N)=O)cc2)ncc1Br)C(C)(C)O,S,S:heldout_actives,heldout_active,shared,8.698970004336019,curated row 1802,c1ccc(Nc2ncccn2)cc1,False,"curated molecules without 9 scaffold families (260 molecules, 93 top-decile actives)",ok,-8.052,25.0,7.0,,pass
C[C@@H](Nc1nc(Nc2ccc(S(C)(=N)=O)cc2)ncc1Br)C(C)(C)O,S,S:heldout_actives,heldout_active,shared,8.221848749616356,curated row 1803,c1ccc(Nc2ncccn2)cc1,False,"curated molecules without 9 scaffold families (260 molecules, 93 top-decile actives)",ok,-7.789,25.0,7.0,,pass
Cc1ncc(-c2ccnc(Nc3ccc(C(=O)N(C)C)c(F)c3)n2)n1C(C)C,S,S:heldout_actives,heldout_active,shared,8.221848749616356,curated row 1813,c1ccc(Nc2nccc(-c3cnc[nH]3)n2)cc1,False,"curated molecules without 9 scaffold families (260 molecules, 93 top-decile actives)",ok,-8.8,28.0,5.0,,pass
CC(C)(O)CSc1nc(Nc2ccc(S(C)(=N)=O)cc2)ncc1Br,S,S:heldout_actives,heldout_active,shared,8.096910013008056,curated row 1845,c1ccc(Nc2ncccn2)cc1,False,"curated molecules without 9 scaffold families (260 molecules, 93 top-decile actives)",ok,-7.421,24.0,7.0,,pass
Cc1nc2c(F)cc(-c3nc(Nc4ccc5c(n4)CCN(CCC(N)NO)C5)ncc3F)cc2n1C(C)C,S,S:heldout_actives,heldout_active,shared,8.074172425375258,curated row 1855,c1cc(-c2ccc3nc[nH]c3c2)nc(Nc2ccc3c(n2)CCNC3)n1,True,"curated molecules without 9 scaffold families (260 molecules, 93 top-decile actives)",ok,-8.735,38.0,10.0,,pass
COCCNS(=O)(=O)c1ccc(Nc2nccc(-c3cnc(C)n3C)n2)cc1,S,S:heldout_actives,heldout_active,shared,8.096910013008056,curated row 1860,c1ccc(Nc2nccc(-c3cnc[nH]3)n2)cc1,False,"curated molecules without 9 scaffold families (260 molecules, 93 top-decile actives)",ok,-7.948,28.0,8.0,,pass
Cc1ncc(-c2ccnc(Nc3ccc(S(=O)(=O)NCCCOC(C)C)cc3)n2)n1C,S,S:heldout_actives,heldout_active,shared,8.221848749616356,curated row 1868,c1ccc(Nc2nccc(-c3cnc[nH]3)n2)cc1,False,"curated molecules without 9 scaffold families (260 molecules, 93 top-decile actives)",ok,-7.945,31.0,10.0,,pass
O=S(=O)(NCCOCCO)c1ccc(N=Cc2c(O)[nH]c3ccc4ncsc4c23)cc1,S,S:heldout_actives,heldout_active,shared,8.594212497064703,curated row 1882,C(=Nc1ccccc1)c1c[nH]c2ccc3ncsc3c12,False,"curated molecules without 9 scaffold families (260 molecules, 93 top-decile actives)",ok,-7.746,31.0,11.0,,pass
Cc1ncc(-c2nc(Nc3ccc(C(=O)NCCN(C)C)c(F)c3)ncc2F)n1C(C)C,S,S:heldout_actives,heldout_active,shared,8.698970004336019,curated row 1895,c1ccc(Nc2nccc(-c3cnc[nH]3)n2)cc1,False,"curated molecules without 9 scaffold families (260 molecules, 93 top-decile actives)",ok,-8.567,32.0,8.0,,pass
N#Cc1ccc(Nc2nccc(-c3cnn4ncccc34)n2)cc1,S,S:heldout_actives,heldout_active,shared,8.698970004336019,curated row 1908,c1ccc(Nc2nccc(-c3cnn4ncccc34)n2)cc1,False,"curated molecules without 9 scaffold families (260 molecules, 93 top-decile actives)",ok,-9.242,24.0,3.0,,pass
CC(C)(CO)CNC(=O)c1ccc2[nH]c(O)c(N=Nc3ccc(S(N)(=O)=O)cc3)c2c1,S,S:heldout_actives,heldout_active,shared,8.167491087293763,curated row 1982,c1ccc(N=Nc2c[nH]c3ccccc23)cc1,False,"curated molecules without 9 scaffold families (260 molecules, 93 top-decile actives)",ok,-6.655,31.0,10.0,,pass
CC(C)=Cc1cccc2[nH]c(O)c(N=Nc3ccc(S(N)(=O)=O)cc3)c12,S,S:heldout_actives,heldout_active,shared,8.823908740944319,curated row 2015,c1ccc(N=Nc2c[nH]c3ccccc23)cc1,False,"curated molecules without 9 scaffold families (260 molecules, 93 top-decile actives)",ok,-8.044,26.0,6.0,,pass
C[C@H](CO)Nc1nc(Nc2ccc(S(C)(=O)=NS(=O)(=O)CC[Si](C)(C)C)cc2)ncc1Br,P,P:random_training,random_reference,shared,6.4089353929735005,curated row 6,c1ccc(Nc2ncccn2)cc1,False,all curated molecules (the comparator actives were in the training data),ok,-6.961,32.0,11.0,,pass
CN1CCN(c2ccc(Nc3nccc(-c4cnn5ncccc45)n3)cc2)CC1,P,P:random_training,random_reference,shared,7.0,curated row 62,c1cnn2ncc(-c3ccnc(Nc4ccc(N5CCNCC5)cc4)n3)c2c1,False,all curated molecules (the comparator actives were in the training data),ok,-9.476,29.0,4.0,,pass
CC(=O)N1CCc2nc(Nc3ncc(F)c(-c4cc(F)c5nc(C)n(C(C)C)c5c4)n3)ccc2C1,P,P:random_training,random_reference,shared,7.496209316942819,curated row 82,c1cc(-c2ccc3nc[nH]c3c2)nc(Nc2ccc3c(n2)CCNC3)n1,False,all curated molecules (the comparator actives were in the training data),ok,-8.842,35.0,4.0,,pass
Cn1nc(C(N)=O)c2c1-c1nc(Nc3ccc(N4CCOCC4)cc3)ncc1CC2,P,P:random_training,random_reference,shared,7.853871964321762,curated row 125,c1cc(N2CCOCC2)ccc1Nc1ncc2c(n1)-c1[nH]ncc1CC2,False,all curated molecules (the comparator actives were in the training data),ok,-8.588,30.0,4.0,8.12934,pass
CC(O)CSc1nc(Nc2ccc(S(C)(=N)=O)cc2)ncc1Br,P,P:random_training,random_reference,shared,7.387216143280264,curated row 131,c1ccc(Nc2ncccn2)cc1,False,all curated molecules (the comparator actives were in the training data),ok,-7.301,23.0,7.0,,pass
Cc1cc(CNC(=O)c2nn(C)c3c2CCc2cnc(Nc4ccc(N5CCN(C)CC5)cc4)nc2-3)ccn1,P,P:random_training,random_reference,shared,6.496209316942819,curated row 133,O=C(NCc1ccncc1)c1n[nH]c2c1CCc1cnc(Nc3ccc(N4CCNCC4)cc3)nc1-2,False,all curated molecules (the comparator actives were in the training data),ok,-7.704,39.0,6.0,6.64403,pass
Cc1nc2c(F)cc(-c3nc(Nc4ccc5c(n4)CCNC5)ncc3F)cc2n1C1(C)CC1,P,P:random_training,random_reference,shared,7.987162775294828,curated row 137,c1cc(-c2ccc3ncn(C4CC4)c3c2)nc(Nc2ccc3c(n2)CCNC3)n1,False,all curated molecules (the comparator actives were in the training data),ok,-8.902,33.0,4.0,,pass
CN(C)C(=O)c1cccc(-c2cnc(N)c(-c3nc4c(N5CCNCC5)cccc4[nH]3)n2)c1,P,P:random_training,random_reference,shared,4.958607314841775,curated row 169,c1ccc(-c2cncc(-c3nc4c(N5CCNCC5)cccc4[nH]3)n2)cc1,False,all curated molecules (the comparator actives were in the training data),ok,-7.735,33.0,5.0,,pass
CS(=N)(=O)Cc1cccc(Nc2ncc(F)c(-c3cccc4c3OCCC4)n2)c1,P,P:random_training,random_reference,shared,6.568636235841012,curated row 195,c1ccc(Nc2nccc(-c3cccc4c3OCCC4)n2)cc1,False,all curated molecules (the comparator actives were in the training data),ok,-10.145,29.0,5.0,6.55355,pass
COc1ccc2[nH]c(O)c(N=Nc3ccc(S(N)(=O)=O)cc3)c2c1,P,P:random_training,random_reference,shared,7.920818753952375,curated row 214,c1ccc(N=Nc2c[nH]c3ccccc23)cc1,False,all curated molecules (the comparator actives were in the training data),ok,-7.757,24.0,6.0,,pass
N#C/C=C(/c1ccc2nc(N)c(C(=O)c3c(F)cccc3F)n2c1)c1c(F)cccc1F,P,P:random_training,random_reference,shared,6.795880017344075,curated row 224,C=C(c1ccccc1)c1ccc2ncc(C(=O)c3ccccc3)n2c1,False,all curated molecules (the comparator actives were in the training data),ok,-6.287,32.0,5.0,,pass
NC(=O)c1cc(F)c(C(=O)c2c(N)nc3ccc(C(=O)c4c(Cl)cccc4Cl)cn23)c(F)c1,P,P:random_training,random_reference,shared,7.337242168318426,curated row 258,O=C(c1ccccc1)c1ccc2ncc(C(=O)c3ccccc3)n2c1,False,all curated molecules (the comparator actives were in the training data),ok,-6.839,33.0,6.0,,pass
C=CC(=O)Nc1cccc(C(=O)N2CCCC(Nc3ncc(SCc4ncc(C(C)(C)C)o4)s3)C2)c1,P,P:random_training,random_reference,shared,6.505845405981557,curated row 271,O=C(c1ccccc1)N1CCCC(Nc2ncc(SCc3ncco3)s2)C1,False,all curated molecules (the comparator actives were in the training data),ok,-8.238,36.0,8.0,6.5876,pass
O=C1NCCc2[nH]c(-c3ccncc3)cc21,P,P:random_training,random_reference,shared,6.619788758288394,curated row 290,O=C1NCCc2[nH]c(-c3ccncc3)cc21,False,all curated molecules (the comparator actives were in the training data),ok,-7.39,16.0,1.0,,pass
CCN(CC)S(=O)(=O)c1cccc(Nc2nccc(-c3ccnc(-c4ccc(NC(=O)NC)cc4)c3)n2)c1,P,P:random_training,random_reference,shared,6.251811972993799,curated row 318,c1ccc(Nc2nccc(-c3ccnc(-c4ccccc4)c3)n2)cc1,False,all curated molecules (the comparator actives were in the training data),ok,-8.591,38.0,9.0,6.50676,pass
Nc1ncccc1-c1nc2ccccc2[nH]1,P,P:random_training,random_reference,shared,4.6020599913279625,curated row 339,c1cncc(-c2nc3ccccc3[nH]2)c1,False,all curated molecules (the comparator actives were in the training data),ok,-7.216,16.0,2.0,,pass
O=c1[nH]c(O)c(C=Nc2ccc(CN3CCOCC3)cc2)c2ccccc12,P,P:random_training,random_reference,shared,4.6777807052660805,curated row 386,O=c1[nH]cc(C=Nc2ccc(CN3CCOCC3)cc2)c2ccccc12,True,all curated molecules (the comparator actives were in the training data),ok,-8.802,27.0,5.0,4.74934,pass
COc1cc(F)ccc1-c1ccnc(NC(=O)C2CCC(NC(C)=O)C2)c1,P,P:random_training,random_reference,shared,6.039529222465701,curated row 393,O=C(Nc1cc(-c2ccccc2)ccn1)C1CCCC1,False,all curated molecules (the comparator actives were in the training data),ok,-8.598,27.0,5.0,,pass
CNc1nc2c(nc(-c3ccccc3)n2C)c2c1ncn2C,P,P:random_training,random_reference,shared,4.638272163982407,curated row 394,c1ccc(-c2nc3c(ncc4nc[nH]c43)[nH]2)cc1,False,all curated molecules (the comparator actives were in the training data),ok,-8.342,22.0,2.0,4.98278,pass
CNC(=O)Nc1ccc(-c2cc(-c3ccnc(Nc4ccc(C)c(S(=O)(=O)NC)c4)n3)ccn2)cc1,P,P:random_training,random_reference,shared,6.958607314841775,curated row 444,c1ccc(Nc2nccc(-c3ccnc(-c4ccccc4)c3)n2)cc1,False,all curated molecules (the comparator actives were in the training data),ok,-9.436,36.0,7.0,,pass
Cc1cc(Nc2ncc(Br)c(N[C@@H](C)C(C)(C)O)n2)ccc1S(C)(=N)=O,P,P:random_training,random_reference,shared,8.154901959985743,curated row 452,c1ccc(Nc2ncccn2)cc1,False,all curated molecules (the comparator actives were in the training data),ok,-8.215,26.0,7.0,,pass
ON=C(O)CCCn1cc(CNC2CC2)c(-c2ccccc2)n1,P,P:random_training,random_reference,shared,5.431798275933005,curated row 457,c1ccc(-c2n[nH]cc2CNC2CC2)cc1,False,all curated molecules (the comparator actives were in the training data),ok,-7.652,23.0,9.0,,pass
COc1cc(N2CCN(C)CC2)ccc1Nc1cc(-c2c[nH]c3cnccc23)ncn1,P,P:random_training,random_reference,shared,4.910271466925264,curated row 515,c1cc2c(-c3cc(Nc4ccc(N5CCNCC5)cc4)ncn3)c[nH]c2cn1,False,all curated molecules (the comparator actives were in the training data),ok,-9.09,31.0,5.0,,pass
CCOC(=O)N=S(C)(=O)Cc1cccc(Nc2ncc(F)c(-c3cccc4c3OCCC4)n2)c1,P,P:random_training,random_reference,shared,6.481486060122112,curated row 517,c1ccc(Nc2nccc(-c3cccc4c3OCCC4)n2)cc1,False,all curated molecules (the comparator actives were in the training data),ok,-9.243,34.0,6.0,,pass
C1=C/COCc2cc(ccc2OCCN2CCCC2)Nc2nccc(n2)-c2csc(c2)COC/1,P,P:random_training,random_reference,shared,5.167491087293763,curated row 550,C1=CCOCc2cc(ccc2OCCN2CCCC2)Nc2nccc(n2)-c2csc(c2)COC1,False,all curated molecules (the comparator actives were in the training data),ok,-6.824,34.0,4.0,,fail
O=C1NC(=O)C(c2cnc3ccccn23)=C1c1cn2c3c(cc(F)cc13)CN(C(=O)N1CCCCC1)CC2,P,P:random_training,random_reference,shared,5.552841968657781,curated row 571,O=C1NC(=O)C(c2cnc3ccccn23)=C1c1cn2c3c(cccc13)CN(C(=O)N1CCCCC1)CC2,False,all curated molecules (the comparator actives were in the training data),ok,-6.23,38.0,2.0,,pass
O=C(Nc1[nH]nc2cc(-c3ccco3)ccc12)C1CC1,P,P:random_training,random_reference,shared,6.199970640755866,curated row 634,O=C(Nc1[nH]nc2cc(-c3ccco3)ccc12)C1CC1,True,all curated molecules (the comparator actives were in the training data),ok,-7.445,20.0,3.0,,pass
N#Cc1ccc2c(CCNc3ccc(C(F)(F)F)cc3C(=O)O)c[nH]c2c1,P,P:random_training,random_reference,shared,7.0,curated row 637,c1ccc(NCCc2c[nH]c3ccccc23)cc1,False,all curated molecules (the comparator actives were in the training data),ok,-9.17,27.0,5.0,,pass
CC[C@H](CO)Nc1nc(NCc2ccccc2)c2ncc(C(C)C)n2n1,P,P:random_training,random_reference,shared,6.657577319177793,curated row 656,c1ccc(CNc2ncnn3ccnc23)cc1,False,all curated molecules (the comparator actives were in the training data),ok,-7.62,26.0,7.0,,pass
CCC=Nc1c(C#N)c2n(c1C(=O)Nc1ccccc1)CCC2,P,P:random_training,random_reference,shared,6.236572006437063,curated row 675,O=C(Nc1ccccc1)c1ccc2n1CCC2,False,all curated molecules (the comparator actives were in the training data),ok,-7.513,23.0,4.0,,pass
c1ccc2[nH]c(-c3cc[nH]n3)nc2c1,P,P:random_training,random_reference,shared,4.5774509799928715,curated row 676,c1ccc2[nH]c(-c3cc[nH]n3)nc2c1,False,all curated molecules (the comparator actives were in the training data),ok,-7.004,14.0,1.0,,pass
CCNc1ccc2[nH]nc(NC(=O)Cc3ccccc3)c2c1,P,P:random_training,random_reference,shared,6.301029995663981,curated row 709,O=C(Cc1ccccc1)Nc1n[nH]c2ccccc12,False,all curated molecules (the comparator actives were in the training data),ok,-8.099,22.0,5.0,,pass
CCS(=N)(=O)c1ccc(Nc2ncc(Br)c(N[C@H](COC)[C@@H](C)O)n2)cc1,P,P:random_training,random_reference,shared,8.045757490560675,curated row 754,c1ccc(Nc2ncccn2)cc1,False,all curated molecules (the comparator actives were in the training data),ok,-7.288,27.0,10.0,,pass
CC(C)c1cnn2c(NCc3ccccc3N(C)C)nc(OC3CCN(C)CC3)nc12,P,P:random_training,random_reference,shared,5.4089353929735005,curated row 765,c1ccc(CNc2nc(OC3CCNCC3)nc3ccnn23)cc1,False,all curated molecules (the comparator actives were in the training data),ok,-8.083,31.0,5.0,,pass
NS(=O)(=O)c1cccc(Nc2cc(-c3ccc(F)cc3)[nH]n2)c1,P,P:random_training,random_reference,shared,6.059981844992336,curated row 852,c1ccc(Nc2cc(-c3ccccc3)[nH]n2)cc1,False,all curated molecules (the comparator actives were in the training data),ok,-8.255,23.0,5.0,,pass
Nc1nccc(-n2ccc3ccncc32)n1,P,P:random_training,random_reference,shared,4.345823458122039,curated row 873,c1cc(-n2ccc3ccncc32)ncn1,False,all curated molecules (the comparator actives were in the training data),ok,-7.05,16.0,2.0,,pass
COc1ccc(-c2nc3c(NCCCNC(=O)C4CCCC4)c(-c4nc(C(=O)O)cs4)cnc3[nH]2)cc1,P,P:random_training,random_reference,shared,4.866461091629782,curated row 900,O=C(NCCCNc1c(-c2nccs2)cnc2[nH]c(-c3ccccc3)nc12)C1CCCC1,False,all curated molecules (the comparator actives were in the training data),ok,-7.598,37.0,10.0,,pass
Cc1cnc(OC2CCCCC2)nc1-c1cnc(Nc2ccccn2)s1,P,P:random_training,random_reference,shared,6.568636235841012,curated row 943,c1ccc(Nc2ncc(-c3ccnc(OC4CCCCC4)n3)s2)nc1,False,all curated molecules (the comparator actives were in the training data),ok,-8.334,26.0,5.0,,pass
CN(C)C1CCN(c2ccc(Nc3ncc4cc5n(c4n3)C3(CCCCC3)CNC5=O)nn2)CC1,P,P:random_training,random_reference,shared,5.8463161719807335,curated row 944,O=C1NCC2(CCCCC2)n2c1cc1cnc(Nc3ccc(N4CCCCC4)nn3)nc12,False,all curated molecules (the comparator actives were in the training data),ok,-8.849,35.0,4.0,,pass
CN(C)CCN(C)c1ccc2cc1COC/C=C/COCc1cccc(c1)-c1ccnc(n1)N2,P,P:random_training,random_reference,shared,7.055517327849831,curated row 950,C1=CCOCc2cccc(c2)-c2ccnc(n2)Nc2cccc(c2)COC1,False,all curated molecules (the comparator actives were in the training data),ok,-5.539,34.0,4.0,,pass
CC1CN(c2ccncc2NC(=O)c2ccnn3cc(-c4ccccc4)nc23)CCO1,P,P:random_training,random_reference,shared,5.853871964321762,curated row 961,O=C(Nc1cnccc1N1CCOCC1)c1ccnn2cc(-c3ccccc3)nc12,True,all curated molecules (the comparator actives were in the training data),ok,-8.897,31.0,4.0,,pass
Cc1nc2ccc(Nc3c(C)c(N[C@H]4CCCNC4)nc4ccnn34)cc2s1,P,P:random_training,random_reference,shared,4.6020599913279625,curated row 968,c1cc2nc(NC3CCCNC3)cc(Nc3ccc4ncsc4c3)n2n1,False,all curated molecules (the comparator actives were in the training data),ok,-9.089,28.0,3.0,4.65873,pass
CN1CCN(c2ccc(N=Cc3c(=O)[nH]c(O)c4ccc(-c5ccc(C=O)cc5)cc34)cc2)CC1,P,P:random_training,random_reference,shared,5.113509274827518,curated row 1000,O=c1[nH]cc2ccc(-c3ccccc3)cc2c1C=Nc1ccc(N2CCNCC2)cc1,True,all curated molecules (the comparator actives were in the training data),ok,-6.621,35.0,6.0,,pass
O=C(Cc1ccccc1)Nc1cc(C2CC2)[nH]n1,P,P:random_training,random_reference,shared,7.318894522079257,curated row 1008,O=C(Cc1ccccc1)Nc1cc(C2CC2)[nH]n1,False,all curated molecules (the comparator actives were in the training data),ok,-7.687,18.0,4.0,,pass
CN1CCC(OCc2ccc(Nc3ncc(F)c(-c4cc(F)c5nc6n(c5c4)C(C)(C)CC6)n3)nc2)CC1,P,P:random_training,random_reference,shared,6.7594507517174005,curated row 1009,c1cc(-c2ccc3nc4n(c3c2)CCC4)nc(Nc2ccc(COC3CCNCC3)cn2)n1,False,all curated molecules (the comparator actives were in the training data),ok,-8.375,38.0,6.0,,pass
Cc1nnc2sc(SCc3ccccc3)nn12,P,P:random_training,random_reference,shared,4.795880017344075,curated row 1010,c1ccc(CSc2nn3cnnc3s2)cc1,False,all curated molecules (the comparator actives were in the training data),ok,-7.174,17.0,2.0,,pass
CCS(=N)(=O)Cc1cc(F)cc(Nc2ncc(F)c(-c3ccc(F)cc3OC)n2)c1,P,P:random_training,random_reference,shared,6.6020599913279625,curated row 1103,c1ccc(Nc2nccc(-c3ccccc3)n2)cc1,False,all curated molecules (the comparator actives were in the training data),ok,-9.16,30.0,7.0,,pass
CC(C)(C)c1cnc(CSc2cnc(NC(=O)C3CCNCC3)s2)o1,P,P:random_training,random_reference,shared,7.24601812122771,curated row 1159,O=C(Nc1ncc(SCc2ncco2)s1)C1CCNCC1,False,all curated molecules (the comparator actives were in the training data),ok,-7.198,25.0,5.0,,pass
O=C1Nc2cc3c(O)cccc3c3c4c(cc1c23)OCO4,P,P:random_training,random_reference,shared,7.455931955649724,curated row 1160,O=C1Nc2cc3ccccc3c3c4c(cc1c23)OCO4,False,all curated molecules (the comparator actives were in the training data),ok,-8.719,21.0,1.0,,pass
O=C(NC1CCNCC1)c1[nH]ncc1NC(=O)c1c(Cl)cccc1Cl,P,P:random_training,random_reference,shared,7.327902142064282,curated row 1161,O=C(Nc1cn[nH]c1C(=O)NC1CCNCC1)c1ccccc1,False,all curated molecules (the comparator actives were in the training data),ok,-7.764,25.0,4.0,,pass
Cc1nc2c(F)cc(-c3nc(Nc4ccc5c(n4)CCN(CCS(C)(=O)=NC#N)C5)ncc3F)cc2n1C(C)C,P,P:random_training,random_reference,shared,7.627087997029894,curated row 1185,c1cc(-c2ccc3nc[nH]c3c2)nc(Nc2ccc3c(n2)CCNC3)n1,False,all curated molecules (the comparator actives were in the training data),ok,-9.265,40.0,7.0,,pass
Cc1nc2c(F)cc(-c3nc(Nc4ccc5c(n4)CCN(C[C@H]4CNCCO4)C5)ncc3F)cc2n1C(C)C,P,P:random_training,random_reference,shared,7.844663962534938,curated row 1235,c1cc(-c2ccc3nc[nH]c3c2)nc(Nc2ccc3c(n2)CCN(CC2CNCCO2)C3)n1,True,all curated molecules (the comparator actives were in the training data),ok,-9.133,39.0,6.0,,pass
CN1CCN(Cc2ccc(NC(=O)c3[nH]ncc3Nc3ccncn3)cc2)CC1,P,P:random_training,random_reference,shared,7.637706062035769,curated row 1265,O=C(Nc1ccc(CN2CCNCC2)cc1)c1[nH]ncc1Nc1ccncn1,False,all curated molecules (the comparator actives were in the training data),ok,-8.459,29.0,6.0,,pass
CC(=O)c1c(C)c2cnc(Nc3ccc(N4CCNCC4)cc3)nc2n(C2CCCC2)c1=O,P,P:random_training,random_reference,shared,7.298439739412091,curated row 1276,O=c1ccc2cnc(Nc3ccc(N4CCNCC4)cc3)nc2n1C1CCCC1,False,all curated molecules (the comparator actives were in the training data),ok,-9.09,33.0,5.0,,pass
Cc1ncc(-c2nc(Nc3ccc(C(=O)NC4CCN(C)CC4)cc3)ncc2F)n1C(C)C,P,P:random_training,random_reference,shared,7.443697499232712,curated row 1300,O=C(NC1CCNCC1)c1ccc(Nc2nccc(-c3cnc[nH]3)n2)cc1,False,all curated molecules (the comparator actives were in the training data),ok,-9.432,33.0,6.0,,pass
N[C@H]1CCN(c2c3c(nc4ccc(-c5ccnc(NC(=O)C6CC6)n5)cc24)CCCC3)C1,P,P:random_training,random_reference,shared,7.2611401979278,curated row 1308,O=C(Nc1nccc(-c2ccc3nc4c(c(N5CCCC5)c3c2)CCCC4)n1)C1CC1,False,all curated molecules (the comparator actives were in the training data),ok,-7.131,32.0,5.0,,pass
Cc1cnc(Nc2ccc(OCC(O)CN(C)C)cc2)nc1Nc1ccccc1,P,P:random_training,random_reference,shared,5.096910013008056,curated row 1342,c1ccc(Nc2ccnc(Nc3ccccc3)n2)cc1,False,all curated molecules (the comparator actives were in the training data),ok,-8.189,29.0,10.0,5.51328,pass
O=c1c(O)c(-c2ccc(O)c(O)c2)oc2cc(O)cc(O)c12,P,P:random_training,random_reference,shared,4.3979400086720375,curated row 1344,O=c1cc(-c2ccccc2)oc2ccccc12,False,all curated molecules (the comparator actives were in the training data),ok,-8.089,22.0,6.0,,pass
Cn1cc(CCNc2ccc([N+](=O)[O-])cc2C(=O)O)c2ccc(F)cc21,P,P:random_training,random_reference,shared,6.431798275933005,curated row 1356,c1ccc(NCCc2c[nH]c3ccccc23)cc1,False,all curated molecules (the comparator actives were in the training data),ok,-8.23,26.0,6.0,,pass
NS(=O)(=O)c1ccc(N=Nc2c(O)[nH]c3cccc(OCCc4ccncc4)c23)cc1,P,P:random_training,random_reference,shared,7.67778070526608,curated row 1382,c1ccc(N=Nc2c[nH]c3cccc(OCCc4ccncc4)c23)cc1,False,all curated molecules (the comparator actives were in the training data),ok,-6.539,31.0,9.0,7.65951,pass
NS(=O)(=O)c1ccc(Nc2cc(-c3cccc(NC(=O)Nc4cc(C(F)(F)F)ccc4F)c3)[nH]n2)cc1,P,P:random_training,random_reference,shared,7.210419287835575,curated row 1388,O=C(Nc1ccccc1)Nc1cccc(-c2cc(Nc3ccccc3)n[nH]2)c1,False,all curated molecules (the comparator actives were in the training data),ok,-8.789,37.0,7.0,7.32912,pass
O=C(Nc1ccc(N2CCNCC2)cc1)c1[nH]ncc1Nc1cc(Oc2ccccc2)ncn1,P,P:random_training,random_reference,shared,7.007402303897962,curated row 1390,O=C(Nc1ccc(N2CCNCC2)cc1)c1[nH]ncc1Nc1cc(Oc2ccccc2)ncn1,False,all curated molecules (the comparator actives were in the training data),ok,-8.913,34.0,7.0,,pass
CNC(=O)c1nn(C)c2c1C(C)(C)Cc1cnc(Nc3ccc(N4CCN(C)CC4)cc3)nc1-2,P,P:random_training,random_reference,shared,7.346787486224656,curated row 1405,c1cc(N2CCNCC2)ccc1Nc1ncc2c(n1)-c1[nH]ncc1CC2,False,all curated molecules (the comparator actives were in the training data),ok,-7.864,34.0,4.0,,pass
COc1ccc(F)cc1-c1c(F)cnc2[nH]c(C3=CCN(C4CCC(C(=O)O)CC4)CC3)cc12,P,P:random_training,random_reference,shared,6.484126156288321,curated row 1408,C1=C(c2cc3c(-c4ccccc4)ccnc3[nH]2)CCN(C2CCCCC2)C1,False,all curated molecules (the comparator actives were in the training data),ok,-8.575,34.0,5.0,6.42835,pass
Cc1nc2c(F)cc(-c3nc(Nc4ccc5c(n4)CCN(C(=O)C(C)N(C)C)C5)ncc3F)cc2n1C(C)C,P,P:random_training,random_reference,shared,7.392767500374136,curated row 1467,c1cc(-c2ccc3nc[nH]c3c2)nc(Nc2ccc3c(n2)CCNC3)n1,False,all curated molecules (the comparator actives were in the training data),ok,-8.38,39.0,6.0,7.38486,pass
C[C@@H]1CNCC(C(=O)Nc2ncc(SCc3ncc(C(C)(C)C)o3)s2)C1,P,P:random_training,random_reference,shared,7.198970004336019,curated row 1469,O=C(Nc1ncc(SCc2ncco2)s1)C1CCCNC1,False,all curated molecules (the comparator actives were in the training data),ok,-8.281,26.0,5.0,,pass
Cc1nc2c(F)cc(-c3nc(Nc4ccc5c(n4)CCN(C(=O)CN(C)C)C5)ncc3F)cc2n1C(C)C,P,P:random_training,random_reference,shared,7.472370099128661,curated row 1472,c1cc(-c2ccc3nc[nH]c3c2)nc(Nc2ccc3c(n2)CCNC3)n1,False,all curated molecules (the comparator actives were in the training data),ok,-8.849,38.0,6.0,7.27253,pass
Cc1nc2c(F)cc(-c3nc(Nc4ccc5c(n4)CCN(CCN(C)CC[Si](C)(C)C)C5)ncc3F)cc2n1C(C)C,P,P:random_training,random_reference,shared,7.600326278518962,curated row 1492,c1cc(-c2ccc3nc[nH]c3c2)nc(Nc2ccc3c(n2)CCNC3)n1,False,all curated molecules (the comparator actives were in the training data),ok,-8.204,42.0,10.0,,pass
Cc1nc2c(F)cc(-c3nc(Nc4ccc5c(n4)CCN(C(=O)CCN(C)C)C5)ncc3F)cc2n1C1CC1,P,P:random_training,random_reference,shared,6.503070351926786,curated row 1500,c1cc(-c2ccc3ncn(C4CC4)c3c2)nc(Nc2ccc3c(n2)CCNC3)n1,False,all curated molecules (the comparator actives were in the training data),ok,-9.139,39.0,7.0,6.51472,pass
C1=C/COCc2cncc(c2)-c2ccnc(n2)Nc2cccc(c2)COC/1,P,P:random_training,random_reference,shared,6.698970004336019,curated row 1509,C1=CCOCc2cncc(c2)-c2ccnc(n2)Nc2cccc(c2)COC1,False,all curated molecules (the comparator actives were in the training data),ok,-4.97,27.0,0.0,,pass
C1=C/COCc2cc(ccc2OCCN2CCCC2)Nc2nccc(n2)-c2cncc(c2)COC/1,P,P:random_training,random_reference,shared,5.494850021680094,curated row 1531,C1=CCOCc2cc(ccc2OCCN2CCCC2)Nc2nccc(n2)-c2cncc(c2)COC1,False,all curated molecules (the comparator actives were in the training data),ok,-5.274,35.0,4.0,5.62435,pass
COc1cc2c(cc1F)C(c1ccccc1Cl)=Nc1c(C)n[nH]c1N2,P,P:random_training,random_reference,shared,5.876148359032914,curated row 1571,c1ccc(C2=Nc3cn[nH]c3Nc3ccccc32)cc1,False,all curated molecules (the comparator actives were in the training data),ok,-7.64,25.0,2.0,,pass
Cc1ccc(N(CC#N)c2cc(Nc3ccc(OCC(O)CN(C)C)cc3)ncn2)c(Br)c1,P,P:random_training,random_reference,shared,5.522878745280337,curated row 1590,c1ccc(Nc2cc(Nc3ccccc3)ncn2)cc1,False,all curated molecules (the comparator actives were in the training data),ok,-7.839,33.0,11.0,,pass
CC(C)n1nnc2ccc(-c3ccnc(Nc4cc(C(=O)N5CCCC5)ccn4)c3)cc21,P,P:random_training,random_reference,shared,6.872247484167026,curated row 1597,O=C(c1ccnc(Nc2cc(-c3ccc4nn[nH]c4c3)ccn2)c1)N1CCCC1,False,all curated molecules (the comparator actives were in the training data),ok,-9.756,32.0,5.0,,pass
COC(=O)CN1CCc2nc(Nc3ncc(F)c(-c4cc(F)c5nc(C)n(C(C)C)c5c4)n3)ccc2C1,P,P:random_training,random_reference,shared,7.4179366370882915,curated row 1701,c1cc(-c2ccc3nc[nH]c3c2)nc(Nc2ccc3c(n2)CCNC3)n1,False,all curated molecules (the comparator actives were in the training data),ok,-8.643,37.0,6.0,7.50728,pass
CC(=O)Nc1ccc(CNc2nc(NC3CCOCC3)nc3c(C(C)C)cnn23)cc1,P,P:random_training,random_reference,shared,6.147062774018503,curated row 1711,c1ccc(CNc2nc(NC3CCOCC3)nc3ccnn23)cc1,False,all curated molecules (the comparator actives were in the training data),ok,-8.797,31.0,5.0,6.16522,pass
O=C(Cc1ccccc1)Nc1[nH]nc2ccc(-n3c(O)c[nH]c3=O)cc12,P,P:random_training,random_reference,shared,5.698970004336019,curated row 1716,O=C(Cc1ccccc1)Nc1[nH]nc2ccc(-n3cc[nH]c3=O)cc12,False,all curated molecules (the comparator actives were in the training data),ok,-9.61,26.0,5.0,,pass
C=CC(=O)NCc1ccc(C(=O)N2CCCC(Nc3ncc(SCc4ncc(C(C)(C)C)o4)s3)C2)cc1,P,P:random_training,random_reference,shared,6.573488738635424,curated row 1744,O=C(c1ccccc1)N1CCCC(Nc2ncc(SCc3ncco3)s2)C1,False,all curated molecules (the comparator actives were in the training data),ok,-8.304,37.0,9.0,,pass
COc1ccc(Nc2nc(N)c(N=O)c(OCC3CCCCC3)n2)cc1,P,P:random_training,random_reference,shared,6.657577319177793,curated row 1758,c1ccc(Nc2nccc(OCC3CCCCC3)n2)cc1,False,all curated molecules (the comparator actives were in the training data),ok,-7.802,26.0,8.0,,pass
C[C@@H](Nc1nc(Nc2ccc(S(=N)(=O)CC3CC3)cc2)ncc1Br)C(C)(C)O,P,P:random_training,random_reference,shared,8.397940008672037,curated row 1762,N=S(=O)(CC1CC1)c1ccc(Nc2ncccn2)cc1,False,all curated molecules (the comparator actives were in the training data),ok,-7.808,28.0,9.0,,pass
Nc1nccc(-c2cc(N3CCC(O)C3)ccc2O)n1,P,P:random_training,random_reference,shared,5.675717544702307,curated row 1766,c1cc(-c2ccncn2)cc(N2CCCC2)c1,False,all curated molecules (the comparator actives were in the training data),ok,-7.754,20.0,5.0,,pass
NS(=O)(=O)c1cncc(-c2nc(NCc3ccccn3)c3c(-c4ccccc4)cccc3n2)c1,P,P:random_training,random_reference,shared,4.301029995663981,curated row 1784,c1ccc(-c2cccc3nc(-c4cccnc4)nc(NCc4ccccn4)c23)cc1,False,all curated molecules (the comparator actives were in the training data),ok,-7.905,34.0,7.0,,pass
O=c1[nH]c(O)c(C=NCc2ccn(-c3ccoc3)c(=O)c2)c2cc(I)ccc12,P,P:random_training,random_reference,shared,5.585026652029182,curated row 1794,O=c1[nH]cc(C=NCc2ccn(-c3ccoc3)c(=O)c2)c2ccccc12,False,all curated molecules (the comparator actives were in the training data),ok,-8.185,28.0,5.0,5.3855,pass
Cc1ncc(-c2ccnc(Nc3ccc(S(=O)(=O)CCCN4CCOCC4)cc3)n2)n1C(C)C,P,P:random_training,random_reference,shared,7.481486060122112,curated row 1800,O=S(=O)(CCCN1CCOCC1)c1ccc(Nc2nccc(-c3cnc[nH]3)n2)cc1,False,all curated molecules (the comparator actives were in the training data),ok,-8.74,34.0,9.0,,pass
CC(C)NC(=O)O[C@@H]1CCC(c2cc(NC(=O)Cc3ccccc3S(C)(=O)=O)[nH]n2)C1,P,P:random_training,random_reference,shared,7.0,curated row 1814,O=C(Cc1ccccc1)Nc1cc(C2CCCC2)n[nH]1,False,all curated molecules (the comparator actives were in the training data),ok,-8.162,31.0,7.0,,pass
COc1c(O)cc(O)c2c(=O)cc(-c3ccccc3)oc12,P,P:random_training,random_reference,shared,5.835647144215563,curated row 1817,O=c1cc(-c2ccccc2)oc2ccccc12,False,all curated molecules (the comparator actives were in the training data),ok,-7.834,21.0,4.0,,pass
O=C(O)c1ccc(C(=O)Nc2cc(C3CC3)[nH]n2)cc1,P,P:random_training,random_reference,shared,6.7827530729909435,curated row 1826,O=C(Nc1cc(C2CC2)[nH]n1)c1ccccc1,False,all curated molecules (the comparator actives were in the training data),ok,-7.607,20.0,4.0,,pass
CN(C)CC(O)COc1ccc(Nc2nccc(N(CC#N)c3cc(Cl)ccc3Cl)n2)cc1,P,P:random_training,random_reference,shared,6.154901959985743,curated row 1829,c1ccc(Nc2ccnc(Nc3ccccc3)n2)cc1,False,all curated molecules (the comparator actives were in the training data),ok,-7.623,33.0,11.0,,pass
CC(C)(C)n1nc(-c2cccc3ccccc23)c2c(N)ncnc21,P,P:random_training,random_reference,shared,4.7447274948966935,curated row 1841,c1ccc2c(-c3n[nH]c4ncncc34)cccc2c1,False,all curated molecules (the comparator actives were in the training data),ok,-8.578,24.0,2.0,5.05534,pass
CNS(=O)(=O)c1ccc2[nH]c(O)c(C=c3[nH]cc4c3=CCNC4=O)c2c1,P,P:random_training,random_reference,shared,8.045757490560675,curated row 1884,O=C1NCC=c2c1c[nH]c2=Cc1c[nH]c2ccccc12,False,all curated molecules (the comparator actives were in the training data),ok,-7.836,26.0,4.0,,pass
CC[C@@H](CO)Nc1nc(NCc2ccc(NC(=O)C3CCN(C(C)=O)CC3)cc2)n2ncc(C(C)C)c2n1,P,P:random_training,random_reference,shared,6.938547520912807,curated row 1886,O=C(Nc1ccc(CNc2ncnc3ccnn23)cc1)C1CCNCC1,False,all curated molecules (the comparator actives were in the training data),ok,-8.892,38.0,9.0,,pass
Cc1nc2c(F)cc(-c3nc(Nc4ccc5c(n4)CCN[C@H]5C)ncc3F)cc2n1C(C)(C)C,P,P:random_training,random_reference,shared,7.672935804369094,curated row 1909,c1cc(-c2ccc3nc[nH]c3c2)nc(Nc2ccc3c(n2)CCNC3)n1,False,all curated molecules (the comparator actives were in the training data),ok,-9.505,34.0,3.0,7.61151,pass
COc1ccc(-c2ccc3c(-c4nc5c(N6CCN(C)CC6)cccc5[nH]4)[nH]nc3c2)c(OC)c1,P,P:random_training,random_reference,shared,5.0,curated row 1920,c1ccc(-c2ccc3c(-c4nc5c(N6CCNCC6)cccc5[nH]4)[nH]nc3c2)cc1,False,all curated molecules (the comparator actives were in the training data),ok,-9.23,35.0,5.0,,pass
COc1cc(F)ccc1-c1cc(Nc2cc(CS(C)(=N)=O)ccn2)ncc1F,P,P:random_training,random_reference,shared,6.636388020107855,curated row 1929,c1ccc(-c2ccnc(Nc3ccccn3)c2)cc1,False,all curated molecules (the comparator actives were in the training data),ok,-9.42,28.0,6.0,,pass
COCCN1CCC(c2cc3c(-c4cnn(CC5CC5)c4)c(Cl)cnc3[nH]2)CC1,P,P:random_training,random_reference,shared,6.6280090885350855,curated row 1940,c1cc(-c2cnn(CC3CC3)c2)c2cc(C3CCNCC3)[nH]c2n1,True,all curated molecules (the comparator actives were in the training data),ok,-8.607,29.0,7.0,6.58534,pass
O=c1[nH]cc(-c2cccc3cccnc23)c2sc(-c3ccncc3)cc12,P,P:random_training,random_reference,shared,4.900000142057633,curated row 1946,O=c1[nH]cc(-c2cccc3cccnc23)c2sc(-c3ccncc3)cc12,False,all curated molecules (the comparator actives were in the training data),ok,-9.502,26.0,2.0,,pass
Cn1cc(CCNc2ccc([N+](=O)[O-])cc2C(=O)O)c2cc(Cl)ccc21,P,P:random_training,random_reference,shared,5.236572006437063,curated row 1951,c1ccc(NCCc2c[nH]c3ccccc23)cc1,False,all curated molecules (the comparator actives were in the training data),ok,-8.264,26.0,6.0,,pass
NS(=O)(=O)c1ccc(N=Nc2c(O)[nH]c3cccc(Oc4ccccc4)c23)cc1,P,P:random_training,random_reference,shared,7.886056647693163,curated row 1981,c1ccc(N=Nc2c[nH]c3cccc(Oc4ccccc4)c23)cc1,False,all curated molecules (the comparator actives were in the training data),ok,-6.311,29.0,7.0,,pass
CC[C@H](CO)Nc1nc(NCc2ccc(NC(=O)C3CCOCC3)cc2)n2ncc(C(C)C)c2n1,P,P:random_training,random_reference,shared,7.14551177495557,curated row 2004,O=C(Nc1ccc(CNc2ncnc3ccnn23)cc1)C1CCOCC1,False,all curated molecules (the comparator actives were in the training data),ok,-8.711,35.0,9.0,,pass
O=C(Nc1ccc(Cl)c(C(F)(F)F)c1)N1CCN(c2nnc(Cc3ccccc3)c3ccccc23)CC1,P,P:random_training,random_reference,shared,6.141300423496395,curated row 2005,O=C(Nc1ccccc1)N1CCN(c2nnc(Cc3ccccc3)c3ccccc23)CC1,False,all curated molecules (the comparator actives were in the training data),ok,-9.036,37.0,4.0,,pass
COc1ccc(Nc2ccnc(Nc3ccc(OCC(O)CN(C)C)cc3)n2)cc1,M,M:random_remaining,random_reference,shared,4.443697499232713,curated row 11,c1ccc(Nc2ccnc(Nc3ccccc3)n2)cc1,False,curated molecules without the 204 top-decile actives,ok,-7.89,30.0,11.0,,pass
Cn1cc(C2=C(c3coc4cc(CO)ccc34)C(=O)NC2=O)c2cc(F)ccc21,M,M:random_remaining,random_reference,shared,6.625251653989896,curated row 26,O=C1NC(=O)C(c2coc3ccccc23)=C1c1c[nH]c2ccccc12,False,curated molecules without the 204 top-decile actives,ok,-8.9,29.0,4.0,,pass
CS(=O)(=O)N1CCC(Nc2ncc(C(F)(F)F)c(-c3cnn(-c4ccc(C#N)cc4Cl)c3)n2)CC1,M,M:random_remaining,random_reference,shared,7.189100387998666,curated row 31,c1ccc(-n2cc(-c3ccnc(NC4CCNCC4)n3)cn2)cc1,False,curated molecules without the 204 top-decile actives,ok,-9.124,35.0,5.0,,pass
CCOc1nc(Nc2ccc(S(=N)(=O)CC)cc2)ncc1Br,M,M:random_remaining,random_reference,shared,7.200659450546418,curated row 57,c1ccc(Nc2ncccn2)cc1,False,curated molecules without the 204 top-decile actives,ok,-7.032,22.0,6.0,,pass
Cc1nc2c(F)cc(-c3nc(Nc4ncc5c(n4)CCN(C(=O)CN(C)C)C5)ncc3F)cc2n1C(C)C,M,M:random_remaining,random_reference,shared,5.962573502059376,curated row 87,c1cc(-c2ccc3nc[nH]c3c2)nc(Nc2ncc3c(n2)CCNC3)n1,False,curated molecules without the 204 top-decile actives,ok,-8.854,38.0,6.0,,pass
C[C@H]1CC[C@@H](n2c3cnccc3c3cnc(Nc4ccc5c(n4)CCN(C(=O)CO)C5)nc32)CC1,M,M:random_remaining,random_reference,shared,6.425968732272281,curated row 95,c1cc2c3cnc(Nc4ccc5c(n4)CCNC5)nc3n(C3CCCCC3)c2cn1,False,curated molecules without the 204 top-decile actives,ok,-9.26,35.0,5.0,,pass
CS(=O)(=O)c1ccc2[nH]c(O)c(N=Nc3ccc(S(N)(=O)=O)cc3)c2c1,M,M:random_remaining,random_reference,shared,7.795880017344075,curated row 120,c1ccc(N=Nc2c[nH]c3ccccc23)cc1,False,curated molecules without the 204 top-decile actives,ok,-7.946,26.0,6.0,,pass
CN1CCN(c2ccc(Nc3cc(-c4c[nH]c5ccccc45)ncn3)cc2)CC1,M,M:random_remaining,random_reference,shared,4.4786657432224315,curated row 132,c1ccc2c(-c3cc(Nc4ccc(N5CCNCC5)cc4)ncn3)c[nH]c2c1,False,curated molecules without the 204 top-decile actives,ok,-9.467,29.0,4.0,4.97817,pass
COc1c[nH]c(CN=Cc2c(=O)[nH]c(O)c3ccc(I)cc23)cc1=O,M,M:random_remaining,random_reference,shared,6.301029995663981,curated row 142,O=c1cc[nH]c(CN=Cc2c(=O)[nH]cc3ccccc23)c1,False,curated molecules without the 204 top-decile actives,ok,-7.726,25.0,5.0,,pass
CN(C)C1CCN(c2ccc(Nc3ncc4cc5n(c4n3)C3(CCCC3)CNC5=O)nn2)CC1,M,M:random_remaining,random_reference,shared,5.518557371497695,curated row 153,O=C1NCC2(CCCC2)n2c1cc1cnc(Nc3ccc(N4CCCCC4)nn3)nc12,False,curated molecules without the 204 top-decile actives,ok,-9.136,34.0,4.0,,pass
Cc1c(NC2CCCNC2)nc2ccnn2c1Nc1ccc(F)c(Cl)c1,M,M:random_remaining,random_reference,shared,4.481486060122113,curated row 199,c1ccc(Nc2cc(NC3CCCNC3)nc3ccnn23)cc1,False,curated molecules without the 204 top-decile actives,ok,-7.966,26.0,3.0,,pass
N#Cc1ccc2ccn(-c3cccc(N)n3)c2c1,M,M:random_remaining,random_reference,shared,4.346787486224656,curated row 229,c1ccc(-n2ccc3ccccc32)nc1,False,curated molecules without the 204 top-decile actives,ok,-8.084,18.0,2.0,,pass
NC(=O)c1cc(F)c(C(=O)c2c(N)nc3ccc(C(=O)c4c(Cl)cccc4Cl)cn23)c(F)c1,M,M:random_remaining,random_reference,shared,7.337242168318426,curated row 258,O=C(c1ccccc1)c1ccc2ncc(C(=O)c3ccccc3)n2c1,False,curated molecules without the 204 top-decile actives,ok,-6.839,33.0,6.0,,pass
CC(=O)Nc1ccc(CNc2nc(O[C@H]3CCCNC3)nc3c(C(C)C)cnn23)cc1,M,M:random_remaining,random_reference,shared,6.36291072646967,curated row 270,c1ccc(CNc2nc(OC3CCCNC3)nc3ccnn23)cc1,False,curated molecules without the 204 top-decile actives,ok,-9.28,31.0,5.0,6.39642,pass
Cc1cc(N2C(=O)CCCC2=O)c2oc(-c3ccc(O)c(O)c3)c(O)c(=O)c2c1,M,M:random_remaining,random_reference,shared,5.356547323513812,curated row 274,O=C1CCCC(=O)N1c1cccc2c(=O)cc(-c3ccccc3)oc12,False,curated molecules without the 204 top-decile actives,ok,-6.429,29.0,5.0,,pass
Nc1nc(N)c(N=O)c(OCC2CCCCC2)n1,M,M:random_remaining,random_reference,shared,5.657577319177793,curated row 277,c1cc(OCC2CCCCC2)ncn1,False,curated molecules without the 204 top-decile actives,ok,-6.757,18.0,6.0,,pass
COCCNS(=O)(=O)c1ccc(Nc2nccc(-c3cnc(C)n3CC(C)C)n2)cc1,M,M:random_remaining,random_reference,shared,7.823908740944319,curated row 280,c1ccc(Nc2nccc(-c3cnc[nH]3)n2)cc1,False,curated molecules without the 204 top-decile actives,ok,-8.123,31.0,10.0,7.73715,pass
Cc1nc2c(F)cc(-c3nc(Nc4ccc5c(n4)CCN(CCN(C)C(N)=S)C5)ncc3F)cc2n1C(C)C,M,M:random_remaining,random_reference,shared,7.838631997765026,curated row 289,c1cc(-c2ccc3nc[nH]c3c2)nc(Nc2ccc3c(n2)CCNC3)n1,False,curated molecules without the 204 top-decile actives,ok,-8.803,39.0,7.0,,pass
Cc1nc2ccccn2c1-c1ccnc(Nc2ccc(S(N)(=O)=O)cc2)n1,M,M:random_remaining,random_reference,shared,7.42021640338319,curated row 298,c1ccc(Nc2nccc(-c3cnc4ccccn34)n2)cc1,False,curated molecules without the 204 top-decile actives,ok,-8.772,27.0,5.0,7.35211,pass
CN1CCN(CCCCOc2c(OCc3ccc(C#N)cc3)cc(O)c3c(=O)cc(-c4ccccc4)oc23)CC1,M,M:random_remaining,random_reference,shared,5.173925197299173,curated row 310,O=c1cc(-c2ccccc2)oc2c(OCCCCN3CCNCC3)c(OCc3ccccc3)ccc12,False,curated molecules without the 204 top-decile actives,ok,-8.198,40.0,11.0,,pass
C=C(CCN(C)C)N1CCc2nc(Nc3ncc(F)c(-c4cc(F)c5nc(C)n(C6CC6)c5c4)n3)ccc2C1,M,M:random_remaining,random_reference,shared,6.503070351926786,curated row 337,c1cc(-c2ccc3ncn(C4CC4)c3c2)nc(Nc2ccc3c(n2)CCNC3)n1,False,curated molecules without the 204 top-decile actives,ok,-9.174,39.0,8.0,,pass
c1ccc(Cc2nnc3sc(SSc4nn5c(Cc6ccccc6)nnc5s4)nn23)cc1,M,M:random_remaining,random_reference,shared,4.823908740944319,curated row 340,c1ccc(Cc2nnc3sc(SSc4nn5c(Cc6ccccc6)nnc5s4)nn23)cc1,False,curated molecules without the 204 top-decile actives,ok,-8.503,32.0,4.0,,pass
CC(=O)N1CCC(n2cc(Nc3ncc(Cl)c(-c4cnc5ccccn45)n3)cn2)CC1,M,M:random_remaining,random_reference,shared,7.602059991327963,curated row 348,c1ccn2c(-c3ccnc(Nc4cnn(C5CCNCC5)c4)n3)cnc2c1,False,curated molecules without the 204 top-decile actives,ok,-9.547,31.0,4.0,,pass
O=C(Cc1ccc(-c2ccccc2)cc1)Nc1cc(C2CC2)[nH]n1,M,M:random_remaining,random_reference,shared,7.2518895394318275,curated row 379,O=C(Cc1ccc(-c2ccccc2)cc1)Nc1cc(C2CC2)[nH]n1,False,curated molecules without the 204 top-decile actives,ok,-7.948,24.0,5.0,,pass
CC(C)OC(=O)N1CCn2cc(C3=C(c4cnc5ccccn45)C(=O)NC3=O)c3cccc(c32)C1,M,M:random_remaining,random_reference,shared,5.468521082957745,curated row 421,O=C1NC(=O)C(c2cnc3ccccn23)=C1c1cn2c3c(cccc13)CNCC2,False,curated molecules without the 204 top-decile actives,ok,-6.387,35.0,3.0,,pass
O=C(Nc1cc(C2CC2)[nH]n1)C(=O)c1ccccc1,M,M:random_remaining,random_reference,shared,5.585013289533196,curated row 433,O=C(Nc1cc(C2CC2)[nH]n1)C(=O)c1ccccc1,False,curated molecules without the 204 top-decile actives,ok,-7.19,19.0,4.0,,pass
COc1ccc2c(=O)[nH]c(O)c(C=NCc3ccc(OC)c(O)c3)c2c1,M,M:random_remaining,random_reference,shared,5.537602002101044,curated row 437,O=c1[nH]cc(C=NCc2ccccc2)c2ccccc12,False,curated molecules without the 204 top-decile actives,ok,-8.291,26.0,7.0,,pass
CN1C/C=C/CCOc2cc(ccn2)-c2ccnc(n2)Nc2cccc(c2)C1,M,M:random_remaining,random_reference,shared,7.657577319177793,curated row 442,C1=CCNCc2cccc(c2)Nc2nccc(n2)-c2ccnc(c2)OCC1,False,curated molecules without the 204 top-decile actives,ok,-6.836,28.0,0.0,,fail
ON=C(O)CCCn1cc(CNC2CC2)c(-c2ccccc2)n1,M,M:random_remaining,random_reference,shared,5.431798275933005,curated row 457,c1ccc(-c2n[nH]cc2CNC2CC2)cc1,False,curated molecules without the 204 top-decile actives,ok,-7.652,23.0,9.0,,pass
CC(C)n1cc(-c2ccnc3[nH]c(C4CCN(CC(=O)N5CCCCC5)CC4)cc23)ccc1=O,M,M:random_remaining,random_reference,shared,5.531743128760553,curated row 461,O=C(CN1CCC(c2cc3c(-c4ccc(=O)[nH]c4)ccnc3[nH]2)CC1)N1CCCCC1,False,curated molecules without the 204 top-decile actives,ok,-8.723,34.0,5.0,,pass
O=C(NC(c1ccccc1)C1CCNCC1)c1ccc2cnccc2c1,M,M:random_remaining,random_reference,shared,4.705533773838407,curated row 533,O=C(NC(c1ccccc1)C1CCNCC1)c1ccc2cnccc2c1,False,curated molecules without the 204 top-decile actives,ok,-9.343,26.0,4.0,,pass
COc1ccc(CN(C)/C=C2\C(=O)NC(=O)c3ccc(Br)cc32)cc1O,M,M:random_remaining,random_reference,shared,4.35261702988538,curated row 593,O=C1NC(=O)c2ccccc2C1=CNCc1ccccc1,False,curated molecules without the 204 top-decile actives,ok,-8.272,26.0,5.0,,pass
CN1C/C=C/CCOc2cccc(c2)-c2nc(nc3[nH]cnc23)Nc2cccc(c2)C1,M,M:random_remaining,random_reference,shared,5.3872161432802645,curated row 607,C1=CCNCc2cccc(c2)Nc2nc(c3nc[nH]c3n2)-c2cccc(c2)OCC1,False,curated molecules without the 204 top-decile actives,ok,-5.033,31.0,0.0,,pass
COc1c(O)ccc2c1cc1c3c(cc4c(c32)OCO4)C(=O)N1,M,M:random_remaining,random_reference,shared,5.537602002101044,curated row 617,O=C1Nc2cc3ccccc3c3c4c(cc1c23)OCO4,False,curated molecules without the 204 top-decile actives,ok,-8.754,23.0,2.0,,pass
O=C(Nc1[nH]nc2nc(-c3ccc(O)cc3)ccc12)C1CC1,M,M:random_remaining,random_reference,shared,7.886056647693163,curated row 626,O=C(Nc1[nH]nc2nc(-c3ccccc3)ccc12)C1CC1,False,curated molecules without the 204 top-decile actives,ok,-7.612,22.0,4.0,7.41658,pass
O=c1[nH]c(O)c(C=NCc2ccc(-c3ccoc3)c(O)c2)c2cc(I)ccc12,M,M:random_remaining,random_reference,shared,5.327902142064282,curated row 632,O=c1[nH]cc(C=NCc2ccc(-c3ccoc3)cc2)c2ccccc12,False,curated molecules without the 204 top-decile actives,ok,-8.576,28.0,6.0,5.36623,pass
CN1C(=O)C(N2CCc3cn(CC4CCS(=O)(=O)CC4)nc3C2=O)COc2ccccc21,M,M:random_remaining,random_reference,shared,6.0,curated row 666,O=C1Nc2ccccc2OCC1N1CCc2cn(CC3CCS(=O)(=O)CC3)nc2C1=O,False,curated molecules without the 204 top-decile actives,ok,-5.691,32.0,3.0,,pass
CNc1nc2sc(-c3cccc(CNC(C)=O)c3)nc2c2c1ncn2C,M,M:random_remaining,random_reference,shared,4.508638306165727,curated row 687,c1ccc(-c2nc3c(ncc4nc[nH]c43)s2)cc1,False,curated molecules without the 204 top-decile actives,ok,-8.035,26.0,4.0,,pass
CC(=O)Nc1ccc(CNc2nc(N3CCC[C@H](O)C3)nc3c(C(C)C)cnn23)cc1,M,M:random_remaining,random_reference,shared,6.400226060853612,curated row 701,c1ccc(CNc2nc(N3CCCCC3)nc3ccnn23)cc1,False,curated molecules without the 204 top-decile actives,ok,-9.56,31.0,5.0,,pass
ON=C(O)CCCn1cc(CNC2CCCCC2)c(-c2ccccc2)n1,M,M:random_remaining,random_reference,shared,5.334419008982047,curated row 760,c1ccc(-c2n[nH]cc2CNC2CCCCC2)cc1,False,curated molecules without the 204 top-decile actives,ok,-8.407,26.0,9.0,,pass
Nc1nccc(-c2c[nH]c3[nH]ccc(=O)c23)n1,M,M:random_remaining,random_reference,shared,5.508638306165727,curated row 763,O=c1cc[nH]c2[nH]cc(-c3ccncn3)c12,False,curated molecules without the 204 top-decile actives,ok,-7.362,17.0,2.0,,pass
COc1ccc(-c2ocnc2C(=O)NCc2ccncc2)cc1F,M,M:random_remaining,random_reference,shared,6.299997602857746,curated row 792,O=C(NCc1ccncc1)c1ncoc1-c1ccccc1,False,curated molecules without the 204 top-decile actives,ok,-8.374,24.0,5.0,6.21953,pass
Cc1cc(Nc2cnc(C#N)c(N[C@@H](C)c3ccc(F)cn3)n2)[nH]n1,M,M:random_remaining,random_reference,shared,7.522878745280337,curated row 809,c1ccc(CNc2cncc(Nc3ccn[nH]3)n2)nc1,False,curated molecules without the 204 top-decile actives,ok,-8.427,25.0,5.0,,pass
Nc1ncnc2occ(-c3ccc(NC(=O)Nc4cc(C(F)(F)F)ccc4F)cc3)c12,M,M:random_remaining,random_reference,shared,4.750000100140428,curated row 821,O=C(Nc1ccccc1)Nc1ccc(-c2coc3ncncc23)cc1,False,curated molecules without the 204 top-decile actives,ok,-9.041,31.0,4.0,,pass
Cc1nnc2sc(Cc3[nH]nc4[nH]c(=S)[nH]c(=S)c34)nn12,M,M:random_remaining,random_reference,shared,4.619788758288394,curated row 823,S=c1[nH]c(=S)c2c(Cc3nn4cnnc4s3)[nH]nc2[nH]1,False,curated molecules without the 204 top-decile actives,ok,-6.946,21.0,2.0,,pass
C=CC(=O)Nc1ccc(C(=O)Nc2[nH]nc3c2CN(C(=O)N[C@H](CN(C)C)c2ccccc2)C3(C)C)cc1,M,M:random_remaining,random_reference,shared,5.886056647693163,curated row 829,O=C(Nc1[nH]nc2c1CN(C(=O)NCc1ccccc1)C2)c1ccccc1,False,curated molecules without the 204 top-decile actives,ok,-7.391,38.0,8.0,5.9594,pass
Cc1nc2c(F)cc(-c3nc(Nc4ccc5c(n4)CCN(C(=O)CN(C)C)C5)ncc3F)cc2n1C1CCC1,M,M:random_remaining,random_reference,shared,6.531652669587842,curated row 830,c1cc(-c2ccc3ncn(C4CCC4)c3c2)nc(Nc2ccc3c(n2)CCNC3)n1,False,curated molecules without the 204 top-decile actives,ok,-8.704,39.0,6.0,,pass
NC(C(=O)Nc1cc(C2CC2)[nH]n1)c1ccccc1,M,M:random_remaining,random_reference,shared,6.017864526415276,curated row 853,O=C(Cc1ccccc1)Nc1cc(C2CC2)[nH]n1,False,curated molecules without the 204 top-decile actives,ok,-8.009,19.0,5.0,,pass
CCCc1cc(NC(=O)c2ccc(Br)cc2)[nH]n1,M,M:random_remaining,random_reference,shared,6.18704321825132,curated row 878,O=C(Nc1ccn[nH]1)c1ccccc1,False,curated molecules without the 204 top-decile actives,ok,-7.266,18.0,4.0,,pass
CC(=O)Nc1c[nH]nc1-c1nc2ccccc2[nH]1,M,M:random_remaining,random_reference,shared,6.004364805402449,curated row 885,c1ccc2[nH]c(-c3cc[nH]n3)nc2c1,False,curated molecules without the 204 top-decile actives,ok,-7.682,18.0,2.0,,pass
CC(C)c1c2cc(-c3ccnc(N[C@H]4CC[C@H](NC5CCOCC5)CC4)n3)ccc2nn1C,M,M:random_remaining,random_reference,shared,6.3979400086720375,curated row 891,c1cc(-c2ccc3n[nH]cc3c2)nc(NC2CCC(NC3CCOCC3)CC2)n1,False,curated molecules without the 204 top-decile actives,ok,-8.834,33.0,6.0,,pass
O=C(O)c1cc(O)c(O)c2c1c([N+](=O)[O-])cc1ccccc12,M,M:random_remaining,random_reference,shared,4.872895201635193,curated row 930,c1ccc2c(c1)ccc1ccccc12,False,curated molecules without the 204 top-decile actives,ok,-7.329,22.0,4.0,,pass
CCN(CC)C1CCN(c2ccc(Nc3ncc4cc5n(c4n3)C3(CCCCC3)CNC5=O)nc2)CC1,M,M:random_remaining,random_reference,shared,6.012571517681378,curated row 935,O=C1NCC2(CCCCC2)n2c1cc1cnc(Nc3ccc(N4CCCCC4)cn3)nc12,True,curated molecules without the 204 top-decile actives,ok,-7.868,37.0,6.0,,pass
CNC(=O)c1nn(C)c2c1C(C)(C)Cc1cnc(Nc3cccc(CN4CCN(C)CC4)c3)nc1-2,M,M:random_remaining,random_reference,shared,7.229147988357855,curated row 941,c1cc(CN2CCNCC2)cc(Nc2ncc3c(n2)-c2[nH]ncc2CC3)c1,False,curated molecules without the 204 top-decile actives,ok,-8.58,35.0,5.0,,pass
CC(C)C=c1cc(-c2ccc[nH]2)c2c(O)[nH]c3ccc(F)c1c32,M,M:random_remaining,random_reference,shared,6.906578314837764,curated row 946,C=c1cc(-c2ccc[nH]2)c2c[nH]c3cccc1c32,False,curated molecules without the 204 top-decile actives,ok,-9.169,23.0,3.0,,pass
Cc1nc2c(F)cc(-c3nc(Nc4ccc5c(n4)CCN(C(C)CN(C)C)C5)ncc3F)cc2n1C(C)(C)C,M,M:random_remaining,random_reference,shared,7.298432014944073,curated row 953,c1cc(-c2ccc3nc[nH]c3c2)nc(Nc2ccc3c(n2)CCNC3)n1,False,curated molecules without the 204 top-decile actives,ok,-8.8,39.0,6.0,7.36837,pass
Cc1nccc(-c2ccc(C(=O)N(C)C)c(Cl)c2)c1C#Cc1ccc(N)nc1,M,M:random_remaining,random_reference,shared,5.382741358243656,curated row 988,C(#Cc1cnccc1-c1ccccc1)c1cccnc1,False,curated molecules without the 204 top-decile actives,ok,-8.641,28.0,3.0,,pass
c1ccc2c(c1)Cc1c(-c3ccncc3)n[nH]c1-2,M,M:random_remaining,random_reference,shared,5.886056647693163,curated row 1040,c1ccc2c(c1)Cc1c(-c3ccncc3)n[nH]c1-2,False,curated molecules without the 204 top-decile actives,ok,-8.238,18.0,1.0,,pass
CCNC(=O)N1CCC(Nc2ncc(Cl)c(-n3ccc4ccccc43)n2)CC1,M,M:random_remaining,random_reference,shared,5.35232368675913,curated row 1043,c1ccc2c(c1)ccn2-c1ccnc(NC2CCNCC2)n1,False,curated molecules without the 204 top-decile actives,ok,-9.191,28.0,4.0,,pass
c1ncc(-c2cc3cnc(Nc4ccc(N5CCNCC5)cn4)nc3n2C2CCCC2)o1,M,M:random_remaining,random_reference,shared,5.455931955649724,curated row 1056,c1ncc(-c2cc3cnc(Nc4ccc(N5CCNCC5)cn4)nc3n2C2CCCC2)o1,False,curated molecules without the 204 top-decile actives,ok,-7.888,32.0,5.0,5.46644,pass
CCN(CC)C1CCN(c2ccc(Nc3ncc4cc5n(c4n3)C3(CCCCC3)CNC5=O)nc2)C1,M,M:random_remaining,random_reference,shared,5.552172725093563,curated row 1059,O=C1NCC2(CCCCC2)n2c1cc1cnc(Nc3ccc(N4CCCC4)cn3)nc12,False,curated molecules without the 204 top-decile actives,ok,-8.615,36.0,6.0,,pass
Cc1cc(N2CCCS2(=O)=O)c2oc(-c3ccc(O)cc3)c(O)c(=O)c2c1,M,M:random_remaining,random_reference,shared,6.6020599913279625,curated row 1092,O=c1cc(-c2ccccc2)oc2c(N3CCCS3(=O)=O)cccc12,True,curated molecules without the 204 top-decile actives,ok,-6.063,27.0,4.0,6.60493,pass
N=C1NC(=O)/C(=C/c2ccc(-c3ccc(C(N)=O)cc3)o2)S1,M,M:random_remaining,random_reference,shared,5.031517051446064,curated row 1100,N=C1NC(=O)C(=Cc2ccc(-c3ccccc3)o2)S1,False,curated molecules without the 204 top-decile actives,ok,-8.68,22.0,3.0,5.11707,pass
N[C@H]1CCN(c2c3cc(-c4ccnc(NC(=O)C5CC5)c4)ccc3nc3c2[nH]c2ccccc23)C1,M,M:random_remaining,random_reference,shared,6.838631997765026,curated row 1106,O=C(Nc1cc(-c2ccc3nc4c([nH]c5ccccc54)c(N4CCCC4)c3c2)ccn1)C1CC1,False,curated molecules without the 204 top-decile actives,ok,-8.041,35.0,5.0,6.49676,pass
CC(=O)N1CCC(n2ncc(Nc3ncc(Cl)c(-c4cnc5ccccn45)n3)c2C)CC1,M,M:random_remaining,random_reference,shared,6.634512015109101,curated row 1137,c1ccn2c(-c3ccnc(Nc4cnn(C5CCNCC5)c4)n3)cnc2c1,False,curated molecules without the 204 top-decile actives,ok,-9.073,32.0,4.0,6.53355,pass
CC(C)(C)c1cnc(CSc2cnc(NC(=O)C3CCNCC3)s2)o1,M,M:random_remaining,random_reference,shared,7.24601812122771,curated row 1159,O=C(Nc1ncc(SCc2ncco2)s1)C1CCNCC1,False,curated molecules without the 204 top-decile actives,ok,-7.198,25.0,5.0,,pass
CCC(CC)n1c(C)nc2c(F)cc(-c3nc(Nc4ccc5c(n4)CCN(CCN(C)C)C5)ncc3F)cc21,M,M:random_remaining,random_reference,shared,7.7594507517174,curated row 1213,c1cc(-c2ccc3nc[nH]c3c2)nc(Nc2ccc3c(n2)CCNC3)n1,False,curated molecules without the 204 top-decile actives,ok,-7.884,39.0,9.0,,pass
CCn1c(-c2ccnc(Nc3ccc(S(C)(=O)=O)cc3)n2)cnc1C,M,M:random_remaining,random_reference,shared,7.638272163982407,curated row 1236,c1ccc(Nc2nccc(-c3cnc[nH]3)n2)cc1,False,curated molecules without the 204 top-decile actives,ok,-8.27,25.0,5.0,,pass
Cc1nc2c(F)cc(-c3nc(Nc4ccc5c(n4)CCN(CCN(C)C(=S)n4ccnc4)C5)ncc3F)cc2n1C(C)C,M,M:random_remaining,random_reference,shared,6.832682665251824,curated row 1256,S=C(NCCN1CCc2nc(Nc3nccc(-c4ccc5nc[nH]c5c4)n3)ccc2C1)n1ccnc1,False,curated molecules without the 204 top-decile actives,ok,-8.605,43.0,7.0,,pass
CN1C/C=C/COCc2cncc(c2)-c2ccnc(n2)Nc2cccc(c2)C1,M,M:random_remaining,random_reference,shared,6.376750709602099,curated row 1319,C1=CCOCc2cncc(c2)-c2ccnc(n2)Nc2cccc(c2)CNC1,True,curated molecules without the 204 top-decile actives,ok,-7.385,28.0,0.0,,fail
O=c1cc(CN=Cc2c(=O)[nH]c(O)c3ccc(Br)cc23)cc[nH]1,M,M:random_remaining,random_reference,shared,5.568636235841012,curated row 1321,O=c1cc(CN=Cc2c(=O)[nH]cc3ccccc23)cc[nH]1,False,curated molecules without the 204 top-decile actives,ok,-8.738,23.0,4.0,,pass
N=C1NC(=O)/C(=C/c2ccc(-c3ccc(S(N)(=O)=O)c(C(F)(F)F)c3)o2)S1,M,M:random_remaining,random_reference,shared,6.214670164989233,curated row 1352,N=C1NC(=O)C(=Cc2ccc(-c3ccccc3)o2)S1,False,curated molecules without the 204 top-decile actives,ok,-9.172,27.0,4.0,,pass
C=CC(=O)Nc1ccc(C(=O)Nc2[nH]nc3ccc(-c4cncc(NC(=O)C(N)Cc5ccccc5)c4)cc23)cc1,M,M:random_remaining,random_reference,shared,6.3214816209598865,curated row 1361,O=C(CCc1ccccc1)Nc1cncc(-c2ccc3n[nH]c(NC(=O)c4ccccc4)c3c2)c1,False,curated molecules without the 204 top-decile actives,ok,-9.933,41.0,10.0,,pass
Cc1ccc(F)c(Nc2nccc(-c3ccc(S(N)(=O)=O)cc3)n2)c1,M,M:random_remaining,random_reference,shared,7.494850021680094,curated row 1383,c1ccc(Nc2nccc(-c3ccccc3)n2)cc1,False,curated molecules without the 204 top-decile actives,ok,-9.306,25.0,5.0,7.41038,pass
COC(=O)[C@@]1(Cc2ccc(O)c(CC=C(C)C)c2)OC(=O)C(=O)C1c1ccc(O)cc1,M,M:random_remaining,random_reference,shared,5.823908740944319,curated row 1407,O=C1OC(Cc2ccccc2)C(c2ccccc2)C1=O,False,curated molecules without the 204 top-decile actives,ok,-7.97,31.0,8.0,,fail
COc1cc(NCCc2c[nH]c3ccccc23)c(C(=O)O)cc1[N+](=O)[O-],M,M:random_remaining,random_reference,shared,5.337242168318426,curated row 1414,c1ccc(NCCc2c[nH]c3ccccc23)cc1,False,curated molecules without the 204 top-decile actives,ok,-7.792,26.0,7.0,,pass
CC1CN(c2ccc(Nc3ncc4cc5n(c4n3)C3(CCCC3)CNC5=O)nc2)CCN1CC1CC1,M,M:random_remaining,random_reference,shared,5.7644055029316235,curated row 1444,O=C1NCC2(CCCC2)n2c1cc1cnc(Nc3ccc(N4CCN(CC5CC5)CC4)cn3)nc12,False,curated molecules without the 204 top-decile actives,ok,-8.43,36.0,5.0,,fail
CNC(=O)N=S(C)(=O)Cc1cccc(Nc2ncc(F)c(-c3ccc(F)cc3OC)n2)c1,M,M:random_remaining,random_reference,shared,6.366531544420413,curated row 1457,c1ccc(Nc2nccc(-c3ccccc3)n2)cc1,False,curated molecules without the 204 top-decile actives,ok,-9.135,32.0,6.0,,pass
CC(C)c1cnn2c(NCc3ccc(N)cc3)nc(OC3CCN(C)CC3)nc12,M,M:random_remaining,random_reference,shared,5.875169850586141,curated row 1495,c1ccc(CNc2nc(OC3CCNCC3)nc3ccnn23)cc1,True,curated molecules without the 204 top-decile actives,ok,-9.409,29.0,5.0,,pass
CNC(=O)c1nn(C)c2c1C(C)(C)Cc1cnc(Nc3cccc(CN4CCOCC4)c3)nc1-2,M,M:random_remaining,random_reference,shared,6.795880017344075,curated row 1541,c1cc(CN2CCOCC2)cc(Nc2ncc3c(n2)-c2[nH]ncc2CC3)c1,False,curated molecules without the 204 top-decile actives,ok,-9.154,34.0,5.0,6.89175,pass
Cc1ccc(-c2nn(-c3ccccc3)cc2C(=O)NC(=S)Nc2ccc(F)cc2)cc1,M,M:random_remaining,random_reference,shared,7.387216143280264,curated row 1545,O=C(NC(=S)Nc1ccccc1)c1cn(-c2ccccc2)nc1-c1ccccc1,False,curated molecules without the 204 top-decile actives,ok,-7.754,31.0,4.0,7.36856,pass
C=CC(=O)Nc1ccc(OC(=O)N2CCCC(Nc3ncc(SCc4ncc(C(C)(C)C)o4)s3)C2)cc1,M,M:random_remaining,random_reference,shared,7.609064892896621,curated row 1564,O=C(Oc1ccccc1)N1CCCC(Nc2ncc(SCc3ncco3)s2)C1,False,curated molecules without the 204 top-decile actives,ok,-7.973,37.0,8.0,,pass
CC(C)n1nnc2ccc(-c3ccnc(Nc4cc(C(=O)N5CCCC5)ccn4)c3)cc21,M,M:random_remaining,random_reference,shared,6.872247484167026,curated row 1597,O=C(c1ccnc(Nc2cc(-c3ccc4nn[nH]c4c3)ccn2)c1)N1CCCC1,False,curated molecules without the 204 top-decile actives,ok,-9.756,32.0,5.0,,pass
Cc1ccc(CN=Cc2c(=O)[nH]c(O)c3ccc(I)cc23)cc1O,M,M:random_remaining,random_reference,shared,4.866461091629782,curated row 1635,O=c1[nH]cc2ccccc2c1C=NCc1ccccc1,False,curated molecules without the 204 top-decile actives,ok,-8.372,24.0,5.0,,pass
CC(=O)Nc1ccc(CNc2nc(N3CCC[C@@H]3CO)nc3c(C(C)C)cnn23)cc1,M,M:random_remaining,random_reference,shared,7.086292086019517,curated row 1661,c1ccc(CNc2nc(N3CCCC3)nc3ccnn23)cc1,True,curated molecules without the 204 top-decile actives,ok,-8.715,31.0,6.0,,pass
CC(C)(C)CCN1CCN(c2ccc(Nc3ncc4cc5n(c4n3)C3(CCCC3)CNC5=O)nc2)CC1,M,M:random_remaining,random_reference,shared,6.797546383654261,curated row 1683,O=C1NCC2(CCCC2)n2c1cc1cnc(Nc3ccc(N4CCNCC4)cn3)nc12,False,curated molecules without the 204 top-decile actives,ok,-8.131,37.0,5.0,,pass
CN(C)CC(O)COc1ccc(Nc2ncc(Cl)c(Nc3ccccc3)n2)cc1,M,M:random_remaining,random_reference,shared,6.301029995663981,curated row 1752,c1ccc(Nc2ccnc(Nc3ccccc3)n2)cc1,False,curated molecules without the 204 top-decile actives,ok,-7.968,29.0,10.0,,pass
CCNC(=O)N1CCC(Nc2nccc(-c3cnc4ccccn34)n2)CC1,M,M:random_remaining,random_reference,shared,5.374790474618119,curated row 1757,c1ccn2c(-c3ccnc(NC4CCNCC4)n3)cnc2c1,False,curated molecules without the 204 top-decile actives,ok,-9.024,27.0,4.0,,pass
CC[C@@H](Nc1nc(NCc2cccnc2)c2ncn(C(C)C)c2n1)C(O)C(C)(C)C,M,M:random_remaining,random_reference,shared,6.0,curated row 1792,c1cncc(CNc2ncnc3[nH]cnc23)c1,False,curated molecules without the 204 top-decile actives,ok,-7.83,30.0,9.0,,pass
O=c1[nH]c(O)c(C=NCc2ccn(-c3ccoc3)c(=O)c2)c2cc(I)ccc12,M,M:random_remaining,random_reference,shared,5.585026652029182,curated row 1794,O=c1[nH]cc(C=NCc2ccn(-c3ccoc3)c(=O)c2)c2ccccc12,True,curated molecules without the 204 top-decile actives,ok,-8.185,28.0,5.0,,pass
CN1CCN(c2cccc3[nH]c(-c4[nH]nc5cc(-c6ccc(CO)cc6)ccc45)nc23)CC1,M,M:random_remaining,random_reference,shared,4.667561540084395,curated row 1801,c1ccc(-c2ccc3c(-c4nc5c(N6CCNCC6)cccc5[nH]4)[nH]nc3c2)cc1,False,curated molecules without the 204 top-decile actives,ok,-9.364,33.0,5.0,,pass
O=C(O)c1ccc(C(=O)Nc2cc(C3CC3)[nH]n2)cc1,M,M:random_remaining,random_reference,shared,6.7827530729909435,curated row 1826,O=C(Nc1cc(C2CC2)[nH]n1)c1ccccc1,False,curated molecules without the 204 top-decile actives,ok,-7.607,20.0,4.0,,pass
CN(C)C[C@@H](OC(=O)N1Cc2c(NC(=O)C(C)(C)C)n[nH]c2C1(C)C)c1ccccc1,M,M:random_remaining,random_reference,shared,6.346787486224656,curated row 1847,O=C(OCc1ccccc1)N1Cc2cn[nH]c2C1,False,curated molecules without the 204 top-decile actives,ok,-7.258,31.0,5.0,6.26364,pass
CCN(CC)c1ccc(CC(=O)Nc2[nH]nc3ccc(N4CCCS4(=O)=O)cc23)cc1,M,M:random_remaining,random_reference,shared,7.397940008672037,curated row 1879,O=C(Cc1ccccc1)Nc1[nH]nc2ccc(N3CCCS3(=O)=O)cc12,False,curated molecules without the 204 top-decile actives,ok,-8.376,31.0,7.0,7.56003,pass
CNS(=O)(=O)c1ccc2[nH]c(O)c(C=c3[nH]cc4c3=CCNC4=O)c2c1,M,M:random_remaining,random_reference,shared,8.045757490560675,curated row 1884,O=C1NCC=c2c1c[nH]c2=Cc1c[nH]c2ccccc12,False,curated molecules without the 204 top-decile actives,ok,-7.836,26.0,4.0,7.60308,pass
COc1ccc(-c2nn(-c3ccccc3)cc2C(=O)NC(=S)Nc2ccc(F)cc2)cc1,M,M:random_remaining,random_reference,shared,7.494850021680094,curated row 1899,O=C(NC(=S)Nc1ccccc1)c1cn(-c2ccccc2)nc1-c1ccccc1,False,curated molecules without the 204 top-decile actives,ok,-7.007,32.0,5.0,,pass
CCNC(=O)N1CCC[C@H](Nc2ncc(Cl)c(-c3c[nH]c4ccccc34)n2)C1,M,M:random_remaining,random_reference,shared,6.255707016877324,curated row 1914,c1ccc2c(-c3ccnc(NC4CCCNC4)n3)c[nH]c2c1,False,curated molecules without the 204 top-decile actives,ok,-8.45,28.0,4.0,,pass
Nc1nccc(-c2cc(N3C[C@H](O)[C@@H](O)C3)ccc2O)n1,M,M:random_remaining,random_reference,shared,7.67778070526608,curated row 1931,c1cc(-c2ccncn2)cc(N2CCCC2)c1,False,curated molecules without the 204 top-decile actives,ok,-7.769,21.0,6.0,,pass
CCN(CC)CCNC(=O)c1cccc(Nc2nccc(-c3cnn4ncccc34)n2)c1,M,M:random_remaining,random_reference,shared,7.397940008672037,curated row 1959,c1ccc(Nc2nccc(-c3cnn4ncccc34)n2)cc1,False,curated molecules without the 204 top-decile actives,ok,-8.446,32.0,9.0,7.25508,pass
CNC(=O)c1nn(C)c2c1CCc1cnc(Nc3ccc(N4CCN(C)CC4)cc3)nc1-2,M,M:random_remaining,random_reference,shared,7.346787486224656,curated row 2014,c1cc(N2CCNCC2)ccc1Nc1ncc2c(n1)-c1[nH]ncc1CC2,False,curated molecules without the 204 top-decile actives,ok,-9.251,32.0,4.0,7.34252,pass
O=C(Cc1ccc(-c2ccccc2)cc1)Nc1[nH]nc2ccc(N3CCCS3(=O)=O)cc12,S,S:random_remaining,random_reference,shared,7.853871964321762,curated row 12,O=C(Cc1ccc(-c2ccccc2)cc1)Nc1[nH]nc2ccc(N3CCCS3(=O)=O)cc12,False,"curated molecules without 9 scaffold families (260 molecules, 93 top-decile actives)",ok,-8.914,32.0,5.0,7.70763,pass
Cc1nc2c(F)cc(-c3nc(Nc4ccc5c(n4)CCNC5)ncc3F)cc2n1C(C)C1CC1,S,S:random_remaining,random_reference,shared,7.823908740944319,curated row 48,c1cc(-c2ccc3ncn(CC4CC4)c3c2)nc(Nc2ccc3c(n2)CCNC3)n1,False,"curated molecules without 9 scaffold families (260 molecules, 93 top-decile actives)",ok,-8.93,34.0,5.0,,pass
COc1ccccc1C(=O)c1ccc2nc(N)c(C(=O)c3c(F)cccc3F)n2c1,S,S:random_remaining,random_reference,shared,6.219682687859849,curated row 53,O=C(c1ccccc1)c1ccc2ncc(C(=O)c3ccccc3)n2c1,False,"curated molecules without 9 scaffold families (260 molecules, 93 top-decile actives)",ok,-7.616,30.0,6.0,,pass
CC(C)(C)Nc1nc(C(F)(F)F)nc2ccc(-c3cccnc3)cc12,S,S:random_remaining,random_reference,shared,5.920818753952375,curated row 63,c1cncc(-c2ccc3ncncc3c2)c1,False,"curated molecules without 9 scaffold families (260 molecules, 93 top-decile actives)",ok,-8.649,25.0,2.0,,pass
C=CC(=O)Nc1ccc(S(=O)(=O)N2CCC[C@@H](Nc3ncc(SCc4ncc(C(C)(C)C)o4)s3)C2)cc1,S,S:random_remaining,random_reference,shared,6.578396073130168,curated row 79,O=S(=O)(c1ccccc1)N1CCCC(Nc2ncc(SCc3ncco3)s2)C1,False,"curated molecules without 9 scaffold families (260 molecules, 93 top-decile actives)",ok,-8.251,37.0,9.0,,pass
CCCCOc1c(C(=O)c2c(F)cc(C)cc2F)ccc2[nH]ncc12,S,S:random_remaining,random_reference,shared,8.221848749616356,curated row 97,O=C(c1ccccc1)c1ccc2[nH]ncc2c1,False,"curated molecules without 9 scaffold families (260 molecules, 93 top-decile actives)",ok,-8.039,25.0,6.0,,pass
CC(C(=O)Nc1cc(C2CC2)[nH]n1)c1ccc(N2CCNC2=O)cc1,S,S:random_remaining,random_reference,shared,7.520484076358732,curated row 118,O=C(Cc1ccc(N2CCNC2=O)cc1)Nc1cc(C2CC2)[nH]n1,False,"curated molecules without 9 scaffold families (260 molecules, 93 top-decile actives)",ok,-8.423,25.0,5.0,,pass
O=C1NCC2(CCCCC2)n2c1cc1cnc(Nc3ccc(C(=O)N4CCNCC4)cn3)nc12,S,S:random_remaining,random_reference,shared,7.060624239913499,curated row 146,O=C1NCC2(CCCCC2)n2c1cc1cnc(Nc3ccc(C(=O)N4CCNCC4)cn3)nc12,False,"curated molecules without 9 scaffold families (260 molecules, 93 top-decile actives)",ok,-8.358,34.0,3.0,,pass
CN(C)C1CCN(c2ccc(Nc3ncc4cc5n(c4n3)C3(CCCC3)CNC5=O)nn2)CC1,S,S:random_remaining,random_reference,shared,5.518557371497695,curated row 153,O=C1NCC2(CCCC2)n2c1cc1cnc(Nc3ccc(N4CCCCC4)nn3)nc12,False,"curated molecules without 9 scaffold families (260 molecules, 93 top-decile actives)",ok,-9.136,34.0,4.0,,pass
C=CC(=O)Nc1ccc(C(=O)N2CCCC(Nc3ncc(CNCc4ncc(C(C)(C)C)o4)s3)C2)cc1,S,S:random_remaining,random_reference,shared,5.498940737782249,curated row 155,O=C(c1ccccc1)N1CCCC(Nc2ncc(CNCc3ncco3)s2)C1,False,"curated molecules without 9 scaffold families (260 molecules, 93 top-decile actives)",ok,-8.281,37.0,9.0,,pass
CC[C@H](Nc1nc(NCc2ccccc2)c2ncn(C(C)C)c2n1)[C@@H](C)O,S,S:random_remaining,random_reference,shared,8.301029995663981,curated row 233,c1ccc(CNc2ncnc3[nH]cnc23)cc1,False,"curated molecules without 9 scaffold families (260 molecules, 93 top-decile actives)",ok,-7.896,27.0,9.0,,pass
COc1cc(F)ccc1-c1nc(Nc2cc(Br)cc(CS(C)(=O)=NC#N)c2)ncc1F,S,S:random_remaining,random_reference,shared,6.920818753952375,curated row 265,c1ccc(Nc2nccc(-c3ccccc3)n2)cc1,True,"curated molecules without 9 scaffold families (260 molecules, 93 top-decile actives)",ok,-8.504,31.0,6.0,,pass
COc1nn(C2CCN(C(C)=O)CC2)cc1Nc1ncc(Cl)c(-c2cnn3ccccc23)n1,S,S:random_remaining,random_reference,shared,6.442492798094342,curated row 273,c1ccn2ncc(-c3ccnc(Nc4cnn(C5CCNCC5)c4)n3)c2c1,False,"curated molecules without 9 scaffold families (260 molecules, 93 top-decile actives)",ok,-9.634,33.0,5.0,6.45459,pass
O=C(NC(=S)Nc1ccc(Cl)cc1)c1cn(-c2ccccc2)nc1-c1ccc(Cl)cc1,S,S:random_remaining,random_reference,shared,7.236572006437063,curated row 288,O=C(NC(=S)Nc1ccccc1)c1cn(-c2ccccc2)nc1-c1ccccc1,False,"curated molecules without 9 scaffold families (260 molecules, 93 top-decile actives)",ok,-7.186,31.0,4.0,,pass
Cc1c(N[C@H]2CCCNC2)nc2ccnn2c1Nc1ccc2c(cnn2C)c1,S,S:random_remaining,random_reference,shared,4.568636235841013,curated row 299,c1cc2nc(NC3CCCNC3)cc(Nc3ccc4[nH]ncc4c3)n2n1,False,"curated molecules without 9 scaffold families (260 molecules, 93 top-decile actives)",ok,-9.128,28.0,3.0,,pass
C[C@@H](Oc1cc(-c2cc(-c3cc(CN(C)C)cs3)cnc2N)ccc1C(N)=O)c1ccccc1C(F)(F)F,S,S:random_remaining,random_reference,shared,4.575118363368933,curated row 307,c1ccc(COc2cccc(-c3cncc(-c4cccs4)c3)c2)cc1,False,"curated molecules without 9 scaffold families (260 molecules, 93 top-decile actives)",ok,-9.221,38.0,9.0,,pass
CN1CCN(CCCCOc2c(OCc3ccc(C#N)cc3)cc(O)c3c(=O)cc(-c4ccccc4)oc23)CC1,S,S:random_remaining,random_reference,shared,5.173925197299173,curated row 310,O=c1cc(-c2ccccc2)oc2c(OCCCCN3CCNCC3)c(OCc3ccccc3)ccc12,False,"curated molecules without 9 scaffold families (260 molecules, 93 top-decile actives)",ok,-8.198,40.0,11.0,,pass
CCc1c(C(=O)NCCc2ccc(N3CCOCC3)cc2)[nH]c2ccc(C)cc12,S,S:random_remaining,random_reference,shared,7.795880017344075,curated row 314,O=C(NCCc1ccc(N2CCOCC2)cc1)c1cc2ccccc2[nH]1,False,"curated molecules without 9 scaffold families (260 molecules, 93 top-decile actives)",ok,-8.766,29.0,6.0,,pass
Oc1ccc(-c2nc(Nc3cccc(Cl)c3)nc3[nH]cnc23)cc1,S,S:random_remaining,random_reference,shared,5.154901959985743,curated row 331,c1ccc(Nc2nc(-c3ccccc3)c3nc[nH]c3n2)cc1,False,"curated molecules without 9 scaffold families (260 molecules, 93 top-decile actives)",ok,-8.933,24.0,4.0,5.72636,pass
CNc1nccc(-n2ccc3ccc(C#N)cc32)n1,S,S:random_remaining,random_reference,shared,5.568636235841012,curated row 342,c1ccc2c(c1)ccn2-c1ccncn1,False,"curated molecules without 9 scaffold families (260 molecules, 93 top-decile actives)",ok,-8.199,19.0,2.0,,pass
CNC(=O)c1ccc(Nc2nccc(-c3cnc(C)n3C3CCCC3)n2)cc1,S,S:random_remaining,random_reference,shared,8.698970004336019,curated row 383,c1ccc(Nc2nccc(-c3cncn3C3CCCC3)n2)cc1,False,"curated molecules without 9 scaffold families (260 molecules, 93 top-decile actives)",ok,-9.282,28.0,5.0,,pass
COc1ccc(CN=Cc2c(=O)[nH]c(O)c3cccc(Br)c23)cc1O,S,S:random_remaining,random_reference,shared,5.508638306165727,curated row 391,O=c1[nH]cc2ccccc2c1C=NCc1ccccc1,False,"curated molecules without 9 scaffold families (260 molecules, 93 top-decile actives)",ok,-7.331,25.0,6.0,,pass
CC[C@H](Nc1nc(NC2CC2)c2ncn(C(C)C)c2n1)[C@@H](C)O,S,S:random_remaining,random_reference,shared,7.301029995663981,curated row 410,c1nc(NC2CC2)c2nc[nH]c2n1,False,"curated molecules without 9 scaffold families (260 molecules, 93 top-decile actives)",ok,-7.474,23.0,8.0,,pass
O=C(Nc1cc(C2CC2)[nH]n1)C(=O)c1ccccc1,S,S:random_remaining,random_reference,shared,5.585013289533196,curated row 433,O=C(Nc1cc(C2CC2)[nH]n1)C(=O)c1ccccc1,False,"curated molecules without 9 scaffold families (260 molecules, 93 top-decile actives)",ok,-7.19,19.0,4.0,,pass
CNC(=O)Nc1ccc(-c2cc(-c3ccnc(Nc4ccc(C)c(S(=O)(=O)NC)c4)n3)ccn2)cc1,S,S:random_remaining,random_reference,shared,6.958607314841775,curated row 444,c1ccc(Nc2nccc(-c3ccnc(-c4ccccc4)c3)n2)cc1,False,"curated molecules without 9 scaffold families (260 molecules, 93 top-decile actives)",ok,-9.436,36.0,7.0,,pass
Nc1nccc(-c2c[nH]c3ncc(-c4ccc(F)cc4)cc23)n1,S,S:random_remaining,random_reference,shared,8.259637310505756,curated row 451,c1ccc(-c2cnc3[nH]cc(-c4ccncn4)c3c2)cc1,False,"curated molecules without 9 scaffold families (260 molecules, 93 top-decile actives)",ok,-9.141,23.0,3.0,,pass
CN1CC([C@@H](NC(=O)c2ccc3cnccc3c2)c2ccc(Cl)c(Cl)c2)C1,S,S:random_remaining,random_reference,shared,6.443697499232712,curated row 455,O=C(NC(c1ccccc1)C1CNC1)c1ccc2cnccc2c1,False,"curated molecules without 9 scaffold families (260 molecules, 93 top-decile actives)",ok,-8.751,27.0,4.0,,pass
COc1ccc(C(=O)Nc2cc(C3CC3)[nH]n2)cc1,S,S:random_remaining,random_reference,shared,6.151906387191478,curated row 466,O=C(Nc1cc(C2CC2)[nH]n1)c1ccccc1,False,"curated molecules without 9 scaffold families (260 molecules, 93 top-decile actives)",ok,-7.594,19.0,4.0,,pass
CC[C@@H](CO)Nc1nc(NCc2ccc(NC(C)=O)cc2)n2ncc(C(C)C)c2n1,S,S:random_remaining,random_reference,shared,6.454198242840723,curated row 477,c1ccc(CNc2ncnc3ccnn23)cc1,False,"curated molecules without 9 scaffold families (260 molecules, 93 top-decile actives)",ok,-8.413,30.0,8.0,,pass
Cc1nc2c(F)cc(-c3nc(Nc4ncc5c(n4)CCNC5)ncc3F)cc2n1C(C)C,S,S:random_remaining,random_reference,shared,6.253365801062421,curated row 493,c1cc(-c2ccc3nc[nH]c3c2)nc(Nc2ncc3c(n2)CCNC3)n1,True,"curated molecules without 9 scaffold families (260 molecules, 93 top-decile actives)",ok,-9.384,32.0,4.0,6.544,pass
CCC(=O)Nc1ccc(CNc2nc(OC3CCN(C)CC3)nc3c(C(C)C)cnn23)cc1,S,S:random_remaining,random_reference,shared,5.898081166319576,curated row 499,c1ccc(CNc2nc(OC3CCNCC3)nc3ccnn23)cc1,False,"curated molecules without 9 scaffold families (260 molecules, 93 top-decile actives)",ok,-8.593,33.0,6.0,5.8961,pass
O=c1[nH]c(O)c(C=Nc2ccc(CN3CCCCC3)cc2)c2ccccc12,S,S:random_remaining,random_reference,shared,4.707743928643524,curated row 534,O=c1[nH]cc(C=Nc2ccc(CN3CCCCC3)cc2)c2ccccc12,False,"curated molecules without 9 scaffold families (260 molecules, 93 top-decile actives)",ok,-8.97,27.0,5.0,,pass
O=C(Cc1ccccc1)Nc1c[nH]nc1C(=O)Nc1ccc(F)cc1,S,S:random_remaining,random_reference,shared,5.795880017344075,curated row 587,O=C(Cc1ccccc1)Nc1c[nH]nc1C(=O)Nc1ccccc1,False,"curated molecules without 9 scaffold families (260 molecules, 93 top-decile actives)",ok,-8.632,25.0,5.0,,pass
COc1cc(N2CCN(C(C)=O)CC2)ccc1Nc1ncc(C)c(-c2cnc3ccccn23)n1,S,S:random_remaining,random_reference,shared,5.0,curated row 597,c1ccn2c(-c3ccnc(Nc4ccc(N5CCNCC5)cc4)n3)cnc2c1,False,"curated molecules without 9 scaffold families (260 molecules, 93 top-decile actives)",ok,-8.837,34.0,5.0,,pass
O=c1cc(-c2ccc(O)c(O)c2)oc2cc(O)cc(O)c12,S,S:random_remaining,random_reference,shared,4.698970004336019,curated row 648,O=c1cc(-c2ccccc2)oc2ccccc12,False,"curated molecules without 9 scaffold families (260 molecules, 93 top-decile actives)",ok,-8.412,21.0,5.0,,pass
COc1ccc(-c2ocnc2C(=O)NCc2ccncc2)cc1Cl,S,S:random_remaining,random_reference,shared,6.299997602857746,curated row 652,O=C(NCc1ccncc1)c1ncoc1-c1ccccc1,False,"curated molecules without 9 scaffold families (260 molecules, 93 top-decile actives)",ok,-8.461,24.0,5.0,6.19536,pass
CN1CCN(c2cc(NCc3cccnc3)n3nccc3n2)CC1,S,S:random_remaining,random_reference,shared,5.251811972993799,curated row 658,c1cncc(CNc2cc(N3CCNCC3)nc3ccnn23)c1,False,"curated molecules without 9 scaffold families (260 molecules, 93 top-decile actives)",ok,-7.38,24.0,3.0,,pass
Cc1cc(C(C#N)c2ccc(Cl)cc2)c(Cl)cc1NC(=O)c1cc(I)cc(I)c1O,S,S:random_remaining,random_reference,shared,5.0,curated row 719,O=C(Nc1ccc(Cc2ccccc2)cc1)c1ccccc1,False,"curated molecules without 9 scaffold families (260 molecules, 93 top-decile actives)",ok,-8.401,30.0,5.0,,pass
CN(C)C(=O)c1cccc(-c2cnc(N)c(-c3nc4cccc(N5CCNCC5)c4n3C)n2)c1,S,S:random_remaining,random_reference,shared,5.853871964321762,curated row 725,c1ccc(-c2cncc(-c3nc4cccc(N5CCNCC5)c4[nH]3)n2)cc1,False,"curated molecules without 9 scaffold families (260 molecules, 93 top-decile actives)",ok,-7.919,34.0,5.0,,pass
O=C(Cc1ccc(F)cc1)Nc1[nH]nc2ccc(N3CCCS3(=O)=O)cc12,S,S:random_remaining,random_reference,shared,7.698970004336019,curated row 758,O=C(Cc1ccccc1)Nc1[nH]nc2ccc(N3CCCS3(=O)=O)cc12,False,"curated molecules without 9 scaffold families (260 molecules, 93 top-decile actives)",ok,-9.285,27.0,4.0,,pass
Nc1nccc(-c2c[nH]c3[nH]ccc(=O)c23)n1,S,S:random_remaining,random_reference,shared,5.508638306165727,curated row 763,O=c1cc[nH]c2[nH]cc(-c3ccncn3)c12,False,"curated molecules without 9 scaffold families (260 molecules, 93 top-decile actives)",ok,-7.362,17.0,2.0,,pass
CN1CCC(Oc2ccc(Nc3ncc(F)c(-c4cc(F)c5nc6n(c5c4)C(C)(C)CC6)n3)nc2)CC1,S,S:random_remaining,random_reference,shared,7.193141970481182,curated row 800,c1cc(-c2ccc3nc4n(c3c2)CCC4)nc(Nc2ccc(OC3CCNCC3)cn2)n1,False,"curated molecules without 9 scaffold families (260 molecules, 93 top-decile actives)",ok,-8.516,37.0,5.0,,pass
CC[C@H](CO)Nc1nc(NCc2ccc(NC(=O)C3(F)CC3)cc2)n2ncc(C(C)C)c2n1,S,S:random_remaining,random_reference,shared,6.242983765268699,curated row 820,O=C(Nc1ccc(CNc2ncnc3ccnn23)cc1)C1CC1,False,"curated molecules without 9 scaffold families (260 molecules, 93 top-decile actives)",ok,-8.632,33.0,9.0,6.5214,pass
Cc1[nH]nc2c1N=C(c1ccccc1Cl)c1cc(N)ccc1N2,S,S:random_remaining,random_reference,shared,7.055517327849831,curated row 828,c1ccc(C2=Nc3c[nH]nc3Nc3ccccc32)cc1,False,"curated molecules without 9 scaffold families (260 molecules, 93 top-decile actives)",ok,-8.12,23.0,2.0,6.73173,fail
CC(=O)Nc1c[nH]nc1-c1nc2ccccc2[nH]1,S,S:random_remaining,random_reference,shared,6.004364805402449,curated row 885,c1ccc2[nH]c(-c3cc[nH]n3)nc2c1,False,"curated molecules without 9 scaffold families (260 molecules, 93 top-decile actives)",ok,-7.682,18.0,2.0,,pass
COc1cc(F)ccc1-c1cc(Nc2cnn(CCCCCC(O)=NO)c2)ncc1F,S,S:random_remaining,random_reference,shared,5.052909535780378,curated row 899,c1ccc(-c2ccnc(Nc3cn[nH]c3)c2)cc1,False,"curated molecules without 9 scaffold families (260 molecules, 93 top-decile actives)",ok,-8.289,31.0,11.0,,pass
CC(C)COc1cc(Nc2ccc(S(C)(=O)=O)cc2)n2ncc(C(C)C)c2n1,S,S:random_remaining,random_reference,shared,5.920818753952375,curated row 906,c1ccc(Nc2ccnc3ccnn23)cc1,False,"curated molecules without 9 scaffold families (260 molecules, 93 top-decile actives)",ok,-8.454,28.0,6.0,,pass
C[C@@H]1CN(c2ccc(Nc3ncc4cc5n(c4n3)C3(CCCCC3)CNC5=O)nc2)C[C@H](C)N1,S,S:random_remaining,random_reference,shared,5.722114314122241,curated row 955,O=C1NCC2(CCCCC2)n2c1cc1cnc(Nc3ccc(N4CCNCC4)cn3)nc12,False,"curated molecules without 9 scaffold families (260 molecules, 93 top-decile actives)",ok,-8.322,34.0,3.0,,pass
CN=C(N)SCCCn1c(=O)c2c(c1=O)n1c3ccccc3cc1c1cccc3ccn2c31,S,S:random_remaining,random_reference,shared,5.200659450546418,curated row 998,O=c1[nH]c(=O)c2c1n1ccc3cccc(c31)c1cc3ccccc3n12,False,"curated molecules without 9 scaffold families (260 molecules, 93 top-decile actives)",ok,-8.364,33.0,4.0,,pass
COc1cccc2c1cc1c3c(cc4c(c32)OCO4)C(=O)N1,S,S:random_remaining,random_reference,shared,5.920818753952375,curated row 1006,O=C1Nc2cc3ccccc3c3c4c(cc1c23)OCO4,False,"curated molecules without 9 scaffold families (260 molecules, 93 top-decile actives)",ok,-8.536,22.0,1.0,,pass
O=C(Cc1ccccc1)Nc1cc(C2CC2)[nH]n1,S,S:random_remaining,random_reference,shared,7.318894522079257,curated row 1008,O=C(Cc1ccccc1)Nc1cc(C2CC2)[nH]n1,False,"curated molecules without 9 scaffold families (260 molecules, 93 top-decile actives)",ok,-7.687,18.0,4.0,,pass
CO[C@@]1(C)C(=O)C(O)C(C)=C2OC(=O)c3c(C)cc(O)c(C)c3O[C@@H]21,S,S:random_remaining,random_reference,shared,6.011138197355576,curated row 1029,O=C1CC=C2OC(=O)c3ccccc3OC2C1,False,"curated molecules without 9 scaffold families (260 molecules, 93 top-decile actives)",ok,-5.507,25.0,3.0,,pass
Cn1cc(S(=O)(=O)N2CCC(Nc3ncc4c(n3)N([C@@H]3CCC[C@@H](O)C3)C(=O)C43CC3)CC2)cn1,S,S:random_remaining,random_reference,shared,6.500312917381596,curated row 1032,O=C1N(C2CCCCC2)c2nc(NC3CCN(S(=O)(=O)c4cn[nH]c4)CC3)ncc2C12CC2,False,"curated molecules without 9 scaffold families (260 molecules, 93 top-decile actives)",ok,-9.075,35.0,6.0,,pass
C1=C/COCc2cc(ccc2OCCN2CCCC2)Nc2nccc(n2)-c2ccc(o2)COC/1,S,S:random_remaining,random_reference,shared,5.154901959985743,curated row 1061,C1=CCOCc2cc(ccc2OCCN2CCCC2)Nc2nccc(n2)-c2ccc(o2)COC1,False,"curated molecules without 9 scaffold families (260 molecules, 93 top-decile actives)",ok,-5.555,34.0,4.0,5.33816,pass
Nc1ccccc1NC(=O)/C=C/c1ccc(-c2ccc3ncnc(Nc4ccc(OCc5cccc(F)c5)c(Cl)c4)c3c2)cc1,S,S:random_remaining,random_reference,shared,5.920818753952375,curated row 1069,O=C(C=Cc1ccc(-c2ccc3ncnc(Nc4ccc(OCc5ccccc5)cc4)c3c2)cc1)Nc1ccccc1,False,"curated molecules without 9 scaffold families (260 molecules, 93 top-decile actives)",ok,-9.793,45.0,10.0,,pass
N=C1NC(=O)/C(=C/c2ccc(-c3ccc(C(N)=O)cc3)o2)S1,S,S:random_remaining,random_reference,shared,5.031517051446064,curated row 1100,N=C1NC(=O)C(=Cc2ccc(-c3ccccc3)o2)S1,False,"curated molecules without 9 scaffold families (260 molecules, 93 top-decile actives)",ok,-8.68,22.0,3.0,,pass
NS(=O)(=O)c1ccc(Nc2nc(OCC3CCCCC3)c3[nH]cnc3n2)cc1,S,S:random_remaining,random_reference,shared,8.17956061064919,curated row 1167,c1ccc(Nc2nc(OCC3CCCCC3)c3[nH]cnc3n2)cc1,False,"curated molecules without 9 scaffold families (260 molecules, 93 top-decile actives)",ok,-9.37,28.0,7.0,,pass
O=C(O)c1cc(O)c(O)c2c1c([N+](=O)[O-])cc1c(O)cccc12,S,S:random_remaining,random_reference,shared,5.2441251443275085,curated row 1227,c1ccc2c(c1)ccc1ccccc12,False,"curated molecules without 9 scaffold families (260 molecules, 93 top-decile actives)",ok,-7.732,23.0,5.0,,pass
CN1CCN(Cc2ccc(-c3cnc4[nH]cc(-c5ccc6[nH]ccc6c5)c4c3)cc2)CC1,S,S:random_remaining,random_reference,shared,5.928117992693874,curated row 1278,c1cc2cc(-c3c[nH]c4ncc(-c5ccc(CN6CCNCC6)cc5)cc34)ccc2[nH]1,False,"curated molecules without 9 scaffold families (260 molecules, 93 top-decile actives)",ok,-10.06,32.0,4.0,6.11218,pass
COc1cc2c(Nc3ncc(CC(=O)Nc4cccc(F)c4)s3)ncnc2cc1OCCCN1CCC(CO)CC1,S,S:random_remaining,random_reference,shared,4.2076083105017466,curated row 1289,O=C(Cc1cnc(Nc2ncnc3cc(OCCCN4CCCCC4)ccc23)s1)Nc1ccccc1,False,"curated molecules without 9 scaffold families (260 molecules, 93 top-decile actives)",ok,-7.381,41.0,13.0,,pass
NS(=O)(=O)c1ccc(N=Nc2c(O)[nH]c3ccc(C(=O)NCCc4c[nH]cn4)cc23)cc1,S,S:random_remaining,random_reference,shared,7.920818753952375,curated row 1292,O=C(NCCc1c[nH]cn1)c1ccc2[nH]cc(N=Nc3ccccc3)c2c1,False,"curated molecules without 9 scaffold families (260 molecules, 93 top-decile actives)",ok,-8.317,32.0,9.0,,pass
CS(=O)(=O)N1CCC(Nc2ncc(C(F)(F)F)c(-c3cnn(-c4ccccc4Cl)c3)n2)CC1,S,S:random_remaining,random_reference,shared,6.08460016478773,curated row 1299,c1ccc(-n2cc(-c3ccnc(NC4CCNCC4)n3)cn2)cc1,False,"curated molecules without 9 scaffold families (260 molecules, 93 top-decile actives)",ok,-8.191,33.0,5.0,,pass
O=c1cc(CN=Cc2c(=O)[nH]c(O)c3ccc(Br)cc23)cc[nH]1,S,S:random_remaining,random_reference,shared,5.568636235841012,curated row 1321,O=c1cc(CN=Cc2c(=O)[nH]cc3ccccc23)cc[nH]1,False,"curated molecules without 9 scaffold families (260 molecules, 93 top-decile actives)",ok,-8.738,23.0,4.0,,pass
Cc1nc2c(F)cc(-c3nc(Nc4ccc5c(n4)CCN(CC(C)(C)N)C5)ncc3F)cc2n1C1CC1,S,S:random_remaining,random_reference,shared,6.246416941107094,curated row 1328,c1cc(-c2ccc3ncn(C4CC4)c3c2)nc(Nc2ccc3c(n2)CCNC3)n1,False,"curated molecules without 9 scaffold families (260 molecules, 93 top-decile actives)",ok,-9.085,37.0,7.0,,pass
O=C(O)c1cc(C(F)(F)F)ccc1NCCc1c[nH]c2ccccc12,S,S:random_remaining,random_reference,shared,5.958607314841775,curated row 1402,c1ccc(NCCc2c[nH]c3ccccc23)cc1,False,"curated molecules without 9 scaffold families (260 molecules, 93 top-decile actives)",ok,-8.9,25.0,5.0,5.928,pass
COc1coc(CN=Cc2c(=O)[nH]c(O)c3ccc(Br)cc23)cc1=O,S,S:random_remaining,random_reference,shared,4.772113295386326,curated row 1440,O=c1ccoc(CN=Cc2c(=O)[nH]cc3ccccc23)c1,False,"curated molecules without 9 scaffold families (260 molecules, 93 top-decile actives)",ok,-8.051,25.0,5.0,,pass
CCOc1cc(F)ccc1-c1nc(Nc2cc(F)cc(CS(C)(=O)=NC#N)c2)ncc1F,S,S:random_remaining,random_reference,shared,6.537602002101044,curated row 1451,c1ccc(Nc2nccc(-c3ccccc3)n2)cc1,True,"curated molecules without 9 scaffold families (260 molecules, 93 top-decile actives)",ok,-8.985,32.0,7.0,,pass
COc1ccc2[nH]nc(C(=O)NCC3CCN(CCc4ccc(O)cc4)CC3)c2c1,S,S:random_remaining,random_reference,shared,4.443697499232713,curated row 1456,O=C(NCC1CCN(CCc2ccccc2)CC1)c1n[nH]c2ccccc12,False,"curated molecules without 9 scaffold families (260 molecules, 93 top-decile actives)",ok,-8.046,30.0,8.0,5.37701,pass
Nc1nc2ccc(C(=Cc3nn[nH]n3)c3c(F)cccc3F)cn2c1C(=O)c1c(F)cccc1F,S,S:random_remaining,random_reference,shared,5.771856392402258,curated row 1486,O=C(c1ccccc1)c1cnc2ccc(C(=Cc3nn[nH]n3)c3ccccc3)cn12,False,"curated molecules without 9 scaffold families (260 molecules, 93 top-decile actives)",ok,-6.569,35.0,6.0,,pass
COc1ccc(-c2nn(-c3ccccc3)cc2C(=O)NC(=S)Nc2ccc(Cl)cc2)cc1,S,S:random_remaining,random_reference,shared,7.522878745280337,curated row 1514,O=C(NC(=S)Nc1ccccc1)c1cn(-c2ccccc2)nc1-c1ccccc1,False,"curated molecules without 9 scaffold families (260 molecules, 93 top-decile actives)",ok,-6.856,32.0,5.0,,pass
C[C@@H]1CN(c2ccc(Nc3ncc4cc5n(c4n3)C3(CCCCC3)CNC5=O)nc2)CCN1C,S,S:random_remaining,random_reference,shared,5.56738877185491,curated row 1516,O=C1NCC2(CCCCC2)n2c1cc1cnc(Nc3ccc(N4CCNCC4)cn3)nc12,False,"curated molecules without 9 scaffold families (260 molecules, 93 top-decile actives)",ok,-7.11,34.0,3.0,,pass
Cn1cc(C2=C(c3cn(CC(O)CO)c4ccccc34)C(=O)NC2=O)c2ccccc21,S,S:random_remaining,random_reference,shared,5.79317412396815,curated row 1522,O=C1NC(=O)C(c2c[nH]c3ccccc23)=C1c1c[nH]c2ccccc12,True,"curated molecules without 9 scaffold families (260 molecules, 93 top-decile actives)",ok,-6.255,31.0,7.0,5.74602,pass
O=C(Nc1cc(C2CCCCC2)[nH]n1)c1ccc(Br)cc1,S,S:random_remaining,random_reference,shared,5.5,curated row 1526,O=C(Nc1cc(C2CCCCC2)[nH]n1)c1ccccc1,False,"curated molecules without 9 scaffold families (260 molecules, 93 top-decile actives)",ok,-7.672,21.0,3.0,,pass
FC(F)(F)c1cnc(Nc2ccc3[nH]cnc3c2)nc1Nc1ccccc1Cl,S,S:random_remaining,random_reference,shared,8.698970004336019,curated row 1539,c1ccc(Nc2ccnc(Nc3ccc4[nH]cnc4c3)n2)cc1,True,"curated molecules without 9 scaffold families (260 molecules, 93 top-decile actives)",ok,-9.513,28.0,4.0,,pass
Cc1nc2c(F)cc(-c3nc(Nc4ccc5c(n4)CCN(C[C@@H](O)CN(C)C)C5)ncc3F)cc2n1C1CC1,S,S:random_remaining,random_reference,shared,6.430626090384954,curated row 1576,c1cc(-c2ccc3ncn(C4CC4)c3c2)nc(Nc2ccc3c(n2)CCNC3)n1,False,"curated molecules without 9 scaffold families (260 molecules, 93 top-decile actives)",ok,-8.791,39.0,9.0,6.40985,pass
Nc1nccc(-n2cc(-c3ccc(Cl)cc3)c3cnccc32)n1,S,S:random_remaining,random_reference,shared,7.221848749616356,curated row 1582,c1ccc(-c2cn(-c3ccncn3)c3ccncc23)cc1,False,"curated molecules without 9 scaffold families (260 molecules, 93 top-decile actives)",ok,-8.501,23.0,3.0,,pass
c1ccc(-c2cccc3nc(-c4cncnc4)nc(NCc4ccccn4)c23)cc1,S,S:random_remaining,random_reference,shared,4.301029995663981,curated row 1593,c1ccc(-c2cccc3nc(-c4cncnc4)nc(NCc4ccccn4)c23)cc1,True,"curated molecules without 9 scaffold families (260 molecules, 93 top-decile actives)",ok,-7.429,30.0,5.0,,pass
C[C@H]1CN(c2ccc(Nc3ncc4cc5n(c4n3)C3(CCCCC3)CNC5=O)nc2)CCN1,S,S:random_remaining,random_reference,shared,5.896533119059701,curated row 1607,O=C1NCC2(CCCCC2)n2c1cc1cnc(Nc3ccc(N4CCNCC4)cn3)nc12,False,"curated molecules without 9 scaffold families (260 molecules, 93 top-decile actives)",ok,-8.467,33.0,3.0,,pass
O=C1Nc2ccc(F)c3c(S[C@H]4CCNC4)cc(-c4ccc[nH]4)c1c23,S,S:random_remaining,random_reference,shared,8.301029995663981,curated row 1610,O=C1Nc2cccc3c(SC4CCNC4)cc(-c4ccc[nH]4)c1c23,False,"curated molecules without 9 scaffold families (260 molecules, 93 top-decile actives)",ok,-7.887,25.0,3.0,,pass
CC(C)(C)c1nc2c3cc[nH]c(=O)c3c3cc(F)ccc3c2[nH]1,S,S:random_remaining,random_reference,shared,5.481486060122112,curated row 1647,O=c1[nH]ccc2c3nc[nH]c3c3ccccc3c12,False,"curated molecules without 9 scaffold families (260 molecules, 93 top-decile actives)",ok,-9.83,23.0,0.0,,pass
COc1cccc(OC)c1CNC(=O)c1ccc2[nH]c(O)c(N=Nc3ccc(S(N)(=O)=O)cc3)c2c1,S,S:random_remaining,random_reference,shared,8.769551078621726,curated row 1648,O=C(NCc1ccccc1)c1ccc2[nH]cc(N=Nc3ccccc3)c2c1,False,"curated molecules without 9 scaffold families (260 molecules, 93 top-decile actives)",ok,-8.056,36.0,10.0,8.4347,pass
CCOC(=O)N=S(C)(=O)Cc1cccc(Nc2ncc(F)c(-c3ccc(F)cc3OC)n2)c1,S,S:random_remaining,random_reference,shared,6.107905397309519,curated row 1655,c1ccc(Nc2nccc(-c3ccccc3)n2)cc1,False,"curated molecules without 9 scaffold families (260 molecules, 93 top-decile actives)",ok,-8.296,33.0,7.0,,pass
COc1ccc(CN=Cc2c(=O)[nH]c(O)c3ccc(I)cc23)cc1O,S,S:random_remaining,random_reference,shared,6.060480747381382,curated row 1674,O=c1[nH]cc2ccccc2c1C=NCc1ccccc1,False,"curated molecules without 9 scaffold families (260 molecules, 93 top-decile actives)",ok,-7.226,25.0,6.0,,pass
C#CCN(c1ccnc(Nc2ccc(OCC(O)CN(C)C)cc2)n1)c1cc(Cl)ccc1Cl,S,S:random_remaining,random_reference,shared,5.698970004336019,curated row 1679,c1ccc(Nc2ccnc(Nc3ccccc3)n2)cc1,False,"curated molecules without 9 scaffold families (260 molecules, 93 top-decile actives)",ok,-7.41,33.0,11.0,,pass
CCCC(=O)Nc1[nH]nc2cc(Cl)c(-c3ccccc3)cc12,S,S:random_remaining,random_reference,shared,5.6020599913279625,curated row 1709,c1ccc(-c2ccc3n[nH]cc3c2)cc1,False,"curated molecules without 9 scaffold families (260 molecules, 93 top-decile actives)",ok,-7.648,22.0,4.0,5.82726,pass
COc1ccc(-c2nc3c(NCCCNC(=O)C4CC(O)C4)c(Br)cnc3[nH]2)cc1,S,S:random_remaining,random_reference,shared,6.462180904926726,curated row 1712,O=C(NCCCNc1ccnc2[nH]c(-c3ccccc3)nc12)C1CCC1,False,"curated molecules without 9 scaffold families (260 molecules, 93 top-decile actives)",ok,-8.287,30.0,9.0,,pass
CS(=O)(=O)N1CCC(Nc2ncc(C(F)(F)F)c(-c3cnn(-c4ccccc4F)c3)n2)CC1,S,S:random_remaining,random_reference,shared,5.2914941190447635,curated row 1715,c1ccc(-n2cc(-c3ccnc(NC4CCNCC4)n3)cn2)cc1,False,"curated molecules without 9 scaffold families (260 molecules, 93 top-decile actives)",ok,-8.839,33.0,5.0,,pass
O=C(Nc1cc(C2CC2)[nH]n1)c1cccc(C(F)(F)F)c1,S,S:random_remaining,random_reference,shared,6.301016967220374,curated row 1734,O=C(Nc1cc(C2CC2)[nH]n1)c1ccccc1,False,"curated molecules without 9 scaffold families (260 molecules, 93 top-decile actives)",ok,-8.505,21.0,3.0,,pass
O=C1Nc2cc3ccc(O)cc3c3c4c(cc1c23)OCO4,S,S:random_remaining,random_reference,shared,5.667561540084394,curated row 1775,O=C1Nc2cc3ccccc3c3c4c(cc1c23)OCO4,False,"curated molecules without 9 scaffold families (260 molecules, 93 top-decile actives)",ok,-9.449,21.0,1.0,5.67685,pass
C[C@@H](NC(=O)N1CCc2cnc(NC3CCOCC3)nc2C1)c1ccc(Cl)c(F)c1,S,S:random_remaining,random_reference,shared,7.886056647693163,curated row 1793,O=C(NCc1ccccc1)N1CCc2cnc(NC3CCOCC3)nc2C1,False,"curated molecules without 9 scaffold families (260 molecules, 93 top-decile actives)",ok,-9.497,30.0,4.0,,pass
COC(C(=O)N1Cc2[nH]nc(NC(=O)c3ccc(N4CCN(C)CC4)cc3)c2C1)c1ccccc1,S,S:random_remaining,random_reference,shared,6.335358024443874,curated row 1809,O=C(Nc1n[nH]c2c1CN(C(=O)Cc1ccccc1)C2)c1ccc(N2CCNCC2)cc1,False,"curated molecules without 9 scaffold families (260 molecules, 93 top-decile actives)",ok,-9.043,35.0,6.0,6.35257,pass
COc1c(O)cc(O)c2c(=O)cc(-c3ccccc3)oc12,S,S:random_remaining,random_reference,shared,5.835647144215563,curated row 1817,O=c1cc(-c2ccccc2)oc2ccccc12,False,"curated molecules without 9 scaffold families (260 molecules, 93 top-decile actives)",ok,-7.834,21.0,4.0,,pass
O=C(NC1CCCC1)c1ccc(-c2nccc(-c3c[nH]c4cnccc34)n2)cc1,S,S:random_remaining,random_reference,shared,4.33832926395964,curated row 1830,O=C(NC1CCCC1)c1ccc(-c2nccc(-c3c[nH]c4cnccc34)n2)cc1,False,"curated molecules without 9 scaffold families (260 molecules, 93 top-decile actives)",ok,-9.372,29.0,4.0,4.94541,pass
CC(C)C1CN(c2ccc(Nc3ncc4cc5n(c4n3)C3(CCCCC3)CNC5=O)nc2)CCN1,S,S:random_remaining,random_reference,shared,6.4241925139919935,curated row 1850,O=C1NCC2(CCCCC2)n2c1cc1cnc(Nc3ccc(N4CCNCC4)cn3)nc12,False,"curated molecules without 9 scaffold families (260 molecules, 93 top-decile actives)",ok,-9.309,35.0,4.0,,pass
Cc1nnc(-c2cccc(-c3cnn4ccc(NCCN)nc34)c2)o1,S,S:random_remaining,random_reference,shared,6.236572006437063,curated row 1858,c1cc(-c2nnco2)cc(-c2cnn3cccnc23)c1,False,"curated molecules without 9 scaffold families (260 molecules, 93 top-decile actives)",ok,-8.656,25.0,5.0,,pass
COc1cccc(OC)c1C(=S)c1c(N)nc2ccc(C(=O)c3c(F)cccc3F)cn12,S,S:random_remaining,random_reference,shared,6.335358024443874,curated row 1891,O=C(c1ccccc1)c1ccc2ncc(C(=S)c3ccccc3)n2c1,False,"curated molecules without 9 scaffold families (260 molecules, 93 top-decile actives)",ok,-5.58,32.0,7.0,6.62412,pass
CN1CCN(CCC(=O)NS(=O)(=O)c2ccc(Nc3nc(N)n(C(=O)c4c(F)cccc4F)n3)cc2)CC1,S,S:random_remaining,random_reference,shared,6.575118363368933,curated row 1917,O=C(CCN1CCNCC1)NS(=O)(=O)c1ccc(Nc2ncn(C(=O)c3ccccc3)n2)cc1,False,"curated molecules without 9 scaffold families (260 molecules, 93 top-decile actives)",ok,-9.085,38.0,9.0,,pass
O=C(Nc1ccc(N2CCNCC2)cc1)c1[nH]ncc1Nc1cc(OC2CCCC2)ncn1,S,S:random_remaining,random_reference,shared,6.869634062734793,curated row 1924,O=C(Nc1ccc(N2CCNCC2)cc1)c1[nH]ncc1Nc1cc(OC2CCCC2)ncn1,False,"curated molecules without 9 scaffold families (260 molecules, 93 top-decile actives)",ok,-8.84,33.0,7.0,,pass
COc1cc(/C=C2\Oc3cc4occc4c(OC)c3C2=O)ccc1OCC(=O)Nc1ccccc1,S,S:random_remaining,random_reference,shared,5.954677021213342,curated row 1948,O=C(COc1ccc(C=C2Oc3cc4occc4cc3C2=O)cc1)Nc1ccccc1,False,"curated molecules without 9 scaffold families (260 molecules, 93 top-decile actives)",ok,-8.315,35.0,7.0,,pass
CC(=O)Nc1ccc(CNc2nc(NC3CCN(C)CC3)nc3c(C(C)C)cnn23)cc1,S,S:random_remaining,random_reference,shared,5.63292375773125,curated row 1955,c1ccc(CNc2nc(NC3CCNCC3)nc3ccnn23)cc1,False,"curated molecules without 9 scaffold families (260 molecules, 93 top-decile actives)",ok,-8.863,32.0,5.0,,pass
CC(C)Cc1ccc(-c2ccc(S(N)(=O)=O)cc2)cc1,P,P:multi_real,generated,corrected,,"arm multi_real, seed 42, final generation",seed42,False,all curated molecules (the comparator actives were in the training data),ok,-8.033,20.0,5.0,7.81485,pass
CC(C)Oc1ccc(-c2ccc(S(N)(=O)=O)cc2)cc1,P,P:multi_real,generated,corrected,,"arm multi_real, seed 42, final generation",seed42,False,all curated molecules (the comparator actives were in the training data),ok,-7.635,20.0,5.0,7.79526,pass
CC(C)Cc1cccc(-c2ccc(S(N)(=O)=O)cc2)c1,P,P:multi_real,generated,corrected,,"arm multi_real, seed 42, final generation",seed42,False,all curated molecules (the comparator actives were in the training data),ok,-8.502,20.0,5.0,7.70956,pass
CC(C)CCc1ccc(-c2ccc(S(N)(=O)=O)cc2)cc1,P,P:multi_real,generated,corrected,,"arm multi_real, seed 42, final generation",seed42,True,all curated molecules (the comparator actives were in the training data),ok,-8.318,21.0,6.0,7.75549,pass
CC(C)Cc1ccc(Nc2ccc(S(N)(=O)=O)cc2)cc1,P,P:multi_real,generated,corrected,,"arm multi_real, seed 42, final generation",seed42,True,all curated molecules (the comparator actives were in the training data),ok,-7.963,21.0,6.0,7.84637,pass
Cc1cc(-c2ccc(S(N)(=O)=O)cc2)ccc1CC(C)C,P,P:multi_real,generated,corrected,,"arm multi_real, seed 42, final generation",seed42,False,all curated molecules (the comparator actives were in the training data),ok,-7.673,21.0,5.0,7.70102,pass
CC(C)Cc1ccc(C(=O)Nc2ccc(S(N)(=O)=O)cc2)cc1,P,P:multi_real,generated,corrected,,"arm multi_real, seed 42, final generation",seed42,False,all curated molecules (the comparator actives were in the training data),ok,-8.083,23.0,6.0,7.71474,pass
CC(C)CCc1ccc(Oc2ccc(S(N)(=O)=O)cc2)cc1,P,P:multi_real,generated,corrected,,"arm multi_real, seed 42, final generation",seed42,False,all curated molecules (the comparator actives were in the training data),ok,-8.214,22.0,7.0,7.74863,pass
Cc1c(Nc2ccc(S(N)(=O)=O)cc2)cccc1C(C)C,P,P:multi_real,generated,corrected,,"arm multi_real, seed 42, final generation",seed42,False,all curated molecules (the comparator actives were in the training data),ok,-7.997,21.0,5.0,7.73209,pass
CC(C)c1ccc(C(=O)Nc2ccc(S(N)(=O)=O)cc2)cc1,P,P:multi_real,generated,corrected,,"arm multi_real, seed 42, final generation",seed42,False,all curated molecules (the comparator actives were in the training data),ok,-7.989,22.0,5.0,7.56763,pass
CC(C)CNc1nccc(-c2ccc(S(N)(=O)=O)cc2)n1,P,P:multi_real,generated,corrected,,"arm multi_real, seed 42, final generation",seed42,False,all curated molecules (the comparator actives were in the training data),ok,-7.917,21.0,6.0,7.89232,pass
CC(C)S(=O)(=O)c1ccc(Oc2ccc(S(N)(=O)=O)cc2)cc1,P,P:multi_real,generated,corrected,,"arm multi_real, seed 42, final generation",seed42,False,all curated molecules (the comparator actives were in the training data),ok,-7.652,23.0,6.0,7.72255,pass
CC(C)S(=O)(=O)Cc1ccc(-c2ccc(S(N)(=O)=O)cc2)cc1,P,P:multi_real,generated,corrected,,"arm multi_real, seed 42, final generation",seed42,False,all curated molecules (the comparator actives were in the training data),ok,-7.367,23.0,6.0,7.72864,pass
CNS(=O)(=O)c1ccc(-c2cnc(C)n2C(C)C)cc1,P,P:multi_real,generated,corrected,,"arm multi_real, seed 42, final generation",seed42,False,all curated molecules (the comparator actives were in the training data),ok,-6.638,20.0,4.0,7.68424,pass
CC(C)Cc1ncc(F)c(-c2ccc(S(N)(=O)=O)cc2)n1,P,P:multi_real,generated,corrected,,"arm multi_real, seed 42, final generation",seed42,False,all curated molecules (the comparator actives were in the training data),ok,-8.012,21.0,5.0,7.6671,pass
NS(=O)(=O)c1ccc(Oc2ccc(C(=O)OF)cc2)cc1,P,P:multi_real,generated,corrected,,"arm multi_real, seed 42, final generation",seed42,False,all curated molecules (the comparator actives were in the training data),ok,-7.838,21.0,5.0,7.55622,pass
Cc1ccc(-c2ccc(S(N)(=O)=O)cc2)nc1CCCC(C)C,P,P:multi_real,generated,corrected,,"arm multi_real, seed 42, final generation",seed42,False,all curated molecules (the comparator actives were in the training data),ok,-8.359,23.0,7.0,7.84474,pass
CC(C)C(=O)c1ccc(Oc2ccc(S(N)(=O)=O)cc2)cc1,P,P:multi_real,generated,corrected,,"arm multi_real, seed 42, final generation",seed42,False,all curated molecules (the comparator actives were in the training data),ok,-7.643,22.0,6.0,7.76368,pass
CCC(=O)c1ccc(-c2ccc(S(N)(=O)=O)cc2)cc1,P,P:multi_real,generated,corrected,,"arm multi_real, seed 42, final generation",seed42,False,all curated molecules (the comparator actives were in the training data),ok,-7.939,20.0,5.0,7.61065,pass
CC(C)Cc1cccc(C(=O)c2ccc(S(N)(=O)=O)cc2)c1,P,P:multi_real,generated,corrected,,"arm multi_real, seed 42, final generation",seed42,False,all curated molecules (the comparator actives were in the training data),ok,-8.246,22.0,6.0,7.73766,pass
CC(C)C(C)Cc1ccc(-c2ccc(S(N)(=O)=O)cc2)cc1,P,P:multi_real,generated,corrected,,"arm multi_real, seed 42, final generation",seed42,False,all curated molecules (the comparator actives were in the training data),ok,-7.817,22.0,6.0,7.75674,pass
C=C(C)c1ccc(Nc2ccc(S(N)(=O)=O)cc2)cc1,P,P:multi_real,generated,corrected,,"arm multi_real, seed 42, final generation",seed42,False,all curated molecules (the comparator actives were in the training data),ok,-7.628,20.0,5.0,7.57123,pass
Cc1cc(-c2ccc(S(N)(=O)=O)cc2)ccc1C(=O)OF,P,P:multi_real,generated,corrected,,"arm multi_real, seed 42, final generation",seed42,False,all curated molecules (the comparator actives were in the training data),ok,-8.526,21.0,4.0,7.53019,pass
CC(C)c1ccc(CC(=O)c2ccc(S(N)(=O)=O)cc2)cc1,P,P:multi_real,generated,corrected,,"arm multi_real, seed 42, final generation",seed42,False,all curated molecules (the comparator actives were in the training data),ok,-8.137,22.0,6.0,7.67863,pass
CC(C)S(=O)(=O)c1ccc(Nc2ccc(S(N)(=O)=O)cc2)cc1,P,P:multi_real,generated,corrected,,"arm multi_real, seed 42, final generation",seed42,False,all curated molecules (the comparator actives were in the training data),ok,-7.851,23.0,6.0,7.76454,pass
CCC(C)Cc1nc(-c2ccc(S(N)(=O)=O)cc2)ccc1C,P,P:multi_real,generated,corrected,,"arm multi_real, seed 42, final generation",seed42,False,all curated molecules (the comparator actives were in the training data),ok,-8.542,22.0,6.0,7.85032,pass
NS(=O)(=O)c1ccc(-c2ccc(S(N)(=O)=O)cc2)cc1,P,P:multi_real,generated,corrected,,"arm multi_real, seed 42, final generation",seed42,False,all curated molecules (the comparator actives were in the training data),ok,-7.739,20.0,5.0,7.55286,pass
CNS(=O)(=O)c1ccc(-c2ccc(S(N)(=O)=O)cc2)cc1,P,P:multi_real,generated,corrected,,"arm multi_real, seed 42, final generation",seed42,True,all curated molecules (the comparator actives were in the training data),ok,-7.393,21.0,5.0,7.61044,pass
CC(C)C(=O)c1ccc(Nc2ccc(S(N)(=O)=O)cc2)cc1,P,P:multi_real,generated,corrected,,"arm multi_real, seed 42, final generation",seed42,False,all curated molecules (the comparator actives were in the training data),ok,-7.962,22.0,6.0,7.81382,pass
CC(C)C(=O)c1ccc(C(=O)c2ccc(S(N)(=O)=O)cc2)cc1,P,P:multi_real,generated,corrected,,"arm multi_real, seed 42, final generation",seed42,False,all curated molecules (the comparator actives were in the training data),ok,-8.117,23.0,6.0,7.71603,pass
C=C(C)N(c1ccc(-c2ccc(S(N)(=O)=O)cc2)cc1)C(C)C,P,P:multi_real,generated,corrected,,"arm multi_real, seed 42, final generation",seed42,True,all curated molecules (the comparator actives were in the training data),ok,-6.917,23.0,6.0,7.63734,pass
Cc1ncc(Nc2ccc(S(N)(=O)=O)cc2)n1C(C)C,P,P:multi_real,generated,corrected,,"arm multi_real, seed 42, final generation",seed42,False,all curated molecules (the comparator actives were in the training data),ok,-7.301,20.0,5.0,7.71694,pass
C=C(C)c1ccc(NC(=O)c2ccc(S(N)(=O)=O)cc2)cc1,P,P:multi_real,generated,corrected,,"arm multi_real, seed 42, final generation",seed42,False,all curated molecules (the comparator actives were in the training data),ok,-7.734,22.0,5.0,7.40846,pass
CC(C)c1nc(Oc2ccc(S(N)(=O)=O)cc2)ncc1F,P,P:multi_real,generated,corrected,,"arm multi_real, seed 42, final generation",seed42,False,all curated molecules (the comparator actives were in the training data),ok,-7.703,21.0,5.0,7.56465,pass
CC(C)c1cccc(NCc2ccc(S(N)(=O)=O)cc2)c1,P,P:multi_real,generated,corrected,,"arm multi_real, seed 43, final generation",seed43,False,all curated molecules (the comparator actives were in the training data),ok,-8.29,21.0,6.0,7.90483,pass
CC(C)c1ccc(C(C)c2ccc(S(N)(=O)=O)cc2)cc1,P,P:multi_real,generated,corrected,,"arm multi_real, seed 43, final generation",seed43,False,all curated molecules (the comparator actives were in the training data),ok,-8.561,21.0,5.0,7.88099,pass
CC(C)=Cc1cccc(-c2ccc(S(N)(=O)=O)cc2)c1,P,P:multi_real,generated,corrected,,"arm multi_real, seed 43, final generation",seed43,False,all curated molecules (the comparator actives were in the training data),ok,-8.74,20.0,4.0,7.62895,pass
Cc1cc(-c2ccc(S(N)(=O)=O)cc2)ccc1NC(C)C,P,P:multi_real,generated,corrected,,"arm multi_real, seed 43, final generation",seed43,False,all curated molecules (the comparator actives were in the training data),ok,-8.762,21.0,5.0,7.65802,fail
CC(c1ccc(CC(F)F)cc1)c1ccc(S(N)(=O)=O)cc1,P,P:multi_real,generated,corrected,,"arm multi_real, seed 43, final generation",seed43,False,all curated molecules (the comparator actives were in the training data),ok,-8.682,22.0,6.0,7.96204,pass
CCc1cccc(CCc2ccc(S(N)(=O)=O)cc2)c1,P,P:multi_real,generated,corrected,,"arm multi_real, seed 43, final generation",seed43,False,all curated molecules (the comparator actives were in the training data),ok,-8.812,20.0,6.0,7.51219,pass
CC(C)c1cccc(Cc2ccc(S(N)(=O)=O)cn2)c1,P,P:multi_real,generated,corrected,,"arm multi_real, seed 43, final generation",seed43,False,all curated molecules (the comparator actives were in the training data),ok,-8.164,20.0,5.0,7.59186,pass
NS(=O)(=O)c1ccc(Nc2ccc(C(F)(F)F)cc2)cc1,P,P:multi_real,generated,corrected,,"arm multi_real, seed 43, final generation",seed43,False,all curated molecules (the comparator actives were in the training data),ok,-8.01,21.0,4.0,7.52905,pass
C=C(C)c1ccc(-c2ccc(S(N)(=O)=O)cc2)cc1C,P,P:multi_real,generated,corrected,,"arm multi_real, seed 43, final generation",seed43,False,all curated molecules (the comparator actives were in the training data),ok,-7.976,20.0,4.0,7.5252,pass
COc1cccc(CNC(=O)c2ccc(S(N)(=O)=O)cc2)c1,P,P:multi_real,generated,corrected,,"arm multi_real, seed 43, final generation",seed43,False,all curated molecules (the comparator actives were in the training data),ok,-7.746,22.0,6.0,7.63239,pass
CC(C)C(F)(F)c1cccc(-c2ccc(S(N)(=O)=O)cc2)c1,P,P:multi_real,generated,corrected,,"arm multi_real, seed 43, final generation",seed43,False,all curated molecules (the comparator actives were in the training data),ok,-8.486,22.0,5.0,7.63071,pass
CC(C)c1cnc(Nc2ccc(S(N)(=O)=O)cc2)nc1C(C)C,P,P:multi_real,generated,corrected,,"arm multi_real, seed 43, final generation",seed43,False,all curated molecules (the comparator actives were in the training data),ok,-7.751,23.0,6.0,7.89245,pass
CC(C)c1ccc(C(=O)Cc2ccc(S(N)(=O)=O)cc2)cc1,P,P:multi_real,generated,corrected,,"arm multi_real, seed 43, final generation",seed43,False,all curated molecules (the comparator actives were in the training data),ok,-8.155,22.0,6.0,7.67863,pass
CCCC(C)c1cccc(-c2ccc(S(N)(=O)=O)cc2)c1,P,P:multi_real,generated,corrected,,"arm multi_real, seed 43, final generation",seed43,False,all curated molecules (the comparator actives were in the training data),ok,-8.95,21.0,6.0,7.70755,pass
CS(=O)(=O)C=Cc1cccc(-c2ccc(S(N)(=O)=O)cc2)c1,P,P:multi_real,generated,corrected,,"arm multi_real, seed 43, final generation",seed43,False,all curated molecules (the comparator actives were in the training data),ok,-7.333,22.0,5.0,7.57771,pass
CC(C)=Cc1cccc(CNc2ccc(S(N)(=O)=O)cc2)c1,P,P:multi_real,generated,corrected,,"arm multi_real, seed 43, final generation",seed43,False,all curated molecules (the comparator actives were in the training data),ok,-8.38,22.0,6.0,7.65225,pass
CC(C)C(F)(F)c1ccc(Cc2ccc(S(N)(=O)=O)cc2)cc1,P,P:multi_real,generated,corrected,,"arm multi_real, seed 43, final generation",seed43,False,all curated molecules (the comparator actives were in the training data),ok,-8.211,23.0,6.0,7.65235,pass
CC(C)c1nc(-c2ccc(S(N)(=O)=O)cc2)ncc1C(F)(F)F,P,P:multi_real,generated,corrected,,"arm multi_real, seed 43, final generation",seed43,False,all curated molecules (the comparator actives were in the training data),ok,-8.046,23.0,4.0,7.65263,pass
CC(C)CC(C)c1cccc(-c2ccc(S(N)(=O)=O)cc2)c1,P,P:multi_real,generated,corrected,,"arm multi_real, seed 43, final generation",seed43,False,all curated molecules (the comparator actives were in the training data),ok,-8.791,22.0,6.0,7.73745,pass
CC(C)=Cc1cccc(Cc2ccc(S(N)(=O)=O)cn2)c1,P,P:multi_real,generated,corrected,,"arm multi_real, seed 43, final generation",seed43,False,all curated molecules (the comparator actives were in the training data),ok,-8.583,21.0,5.0,7.54794,pass
CCCc1ccc(C(C)c2ccc(S(N)(=O)=O)cc2)cc1,P,P:multi_real,generated,corrected,,"arm multi_real, seed 44, final generation",seed44,False,all curated molecules (the comparator actives were in the training data),ok,-8.486,21.0,6.0,7.9218,pass
CC(C)(C)c1ccc(-c2ccc(S(N)(=O)=O)cc2)cc1,P,P:multi_real,generated,corrected,,"arm multi_real, seed 44, final generation",seed44,False,all curated molecules (the comparator actives were in the training data),ok,-7.548,20.0,3.0,7.58006,pass
C[C@@H](c1ccc(S(N)(=O)=O)cc1)c1cccc(C(C)(C)C)c1,P,P:multi_real,generated,corrected,,"arm multi_real, seed 44, final generation",seed44,False,all curated molecules (the comparator actives were in the training data),ok,-8.328,22.0,4.0,7.84092,pass
Cc1cc(-c2ccc(S(N)(=O)=O)cc2)cc(S(C)(=O)=O)c1,P,P:multi_real,generated,corrected,,"arm multi_real, seed 44, final generation",seed44,True,all curated molecules (the comparator actives were in the training data),ok,-7.978,21.0,4.0,7.60254,pass
Cc1ncc(-c2nc(NC(N)=O)ncc2F)n1C(C)C,P,P:multi_real,generated,corrected,,"arm multi_real, seed 44, final generation",seed44,False,all curated molecules (the comparator actives were in the training data),ok,-7.567,20.0,3.0,8.17615,pass
CCC(C)c1cccc(-c2ccc(S(N)(=O)=O)cc2)c1,P,P:multi_real,generated,corrected,,"arm multi_real, seed 44, final generation",seed44,False,all curated molecules (the comparator actives were in the training data),ok,-8.571,20.0,5.0,7.69418,pass
CNCc1ccc(C(C)c2ccc(S(N)(=O)=O)cc2)cc1,P,P:multi_real,generated,corrected,,"arm multi_real, seed 44, final generation",seed44,False,all curated molecules (the comparator actives were in the training data),ok,-8.557,21.0,6.0,7.96445,pass
CN(C)C(=O)c1cccc(Nc2ccc(S(N)(=O)=O)cc2)c1,P,P:multi_real,generated,corrected,,"arm multi_real, seed 44, final generation",seed44,False,all curated molecules (the comparator actives were in the training data),ok,-8.19,22.0,5.0,7.58067,pass
CCC(=O)Nc1ccc(-c2ccc(S(N)(=O)=O)cc2)cc1C,P,P:multi_real,generated,corrected,,"arm multi_real, seed 44, final generation",seed44,False,all curated molecules (the comparator actives were in the training data),ok,-7.978,22.0,5.0,7.51491,pass
CCCc1cccc(Nc2ccc(S(N)(=O)=O)cc2)c1,P,P:multi_real,generated,corrected,,"arm multi_real, seed 44, final generation",seed44,False,all curated molecules (the comparator actives were in the training data),ok,-8.648,20.0,6.0,7.5244,pass
CC(C)(C)c1cccc(Nc2ccc(S(N)(=O)=O)cc2)c1,P,P:multi_real,generated,corrected,,"arm multi_real, seed 44, final generation",seed44,False,all curated molecules (the comparator actives were in the training data),ok,-8.189,21.0,4.0,7.45897,pass
CCC(C)Nc1ncc(F)c(-c2cnc(C)n2C(C)C)n1,P,P:multi_real,generated,corrected,,"arm multi_real, seed 44, final generation",seed44,False,all curated molecules (the comparator actives were in the training data),ok,-7.587,21.0,5.0,8.12426,pass
CNC(C)c1cccc(C(C)c2ccc(S(N)(=O)=O)cc2)c1,P,P:multi_real,generated,corrected,,"arm multi_real, seed 44, final generation",seed44,False,all curated molecules (the comparator actives were in the training data),ok,-8.275,22.0,6.0,8.00638,pass
Cc1cc(Nc2ccc(S(N)(=O)=O)cc2)cc(S(C)(=O)=O)c1,P,P:multi_real,generated,corrected,,"arm multi_real, seed 44, final generation",seed44,False,all curated molecules (the comparator actives were in the training data),ok,-8.073,22.0,5.0,7.61448,pass
Cc1ncc(-c2nc(NC(=O)C(C)C)ncc2F)n1C(C)C,P,P:multi_real,generated,corrected,,"arm multi_real, seed 45, final generation",seed45,False,all curated molecules (the comparator actives were in the training data),ok,-8.262,22.0,4.0,8.15581,pass
CCCC(=O)Nc1ncc(F)c(-c2cnc(C)n2C(C)C)n1,P,P:multi_real,generated,corrected,,"arm multi_real, seed 45, final generation",seed45,False,all curated molecules (the comparator actives were in the training data),ok,-7.799,22.0,5.0,8.14998,pass
COC(=O)Nc1ncc(F)c(-c2cnc(C)n2C(C)C)n1,P,P:multi_real,generated,corrected,,"arm multi_real, seed 45, final generation",seed45,False,all curated molecules (the comparator actives were in the training data),ok,-7.447,21.0,3.0,8.10287,pass
CC(=O)NC(=O)Nc1ncc(F)c(-c2cnc(C)n2C(C)C)n1,P,P:multi_real,generated,corrected,,"arm multi_real, seed 45, final generation",seed45,False,all curated molecules (the comparator actives were in the training data),ok,-7.757,23.0,3.0,8.28284,pass
CC(=O)CNc1ncc(F)c(-c2cnc(C)n2C(C)C)n1,P,P:multi_real,generated,corrected,,"arm multi_real, seed 45, final generation",seed45,False,all curated molecules (the comparator actives were in the training data),ok,-7.574,21.0,5.0,8.23137,pass
Cc1ncc(-c2nc(NC(=O)NC(C)C)ncc2F)n1C(C)C,P,P:multi_real,generated,corrected,,"arm multi_real, seed 45, final generation",seed45,False,all curated molecules (the comparator actives were in the training data),ok,-7.482,23.0,4.0,8.19044,pass
Cc1ncc(-c2nc(NCC(C)C)ncc2F)n1C(C)C,P,P:multi_real,generated,corrected,,"arm multi_real, seed 45, final generation",seed45,False,all curated molecules (the comparator actives were in the training data),ok,-7.556,21.0,5.0,8.11811,pass
Cc1ncc(-c2nc(NCC3CC3)ncc2F)n1C(C)C,P,P:multi_real,generated,corrected,,"arm multi_real, seed 45, final generation",seed45,False,all curated molecules (the comparator actives were in the training data),ok,-7.469,21.0,5.0,8.08045,pass
Cc1ncc(-c2nc(NC(=O)NC(C)(C)C)ncc2F)n1C(C)C,P,P:multi_real,generated,corrected,,"arm multi_real, seed 45, final generation",seed45,False,all curated molecules (the comparator actives were in the training data),ok,-7.708,24.0,3.0,8.1527,pass
Cc1ncc(-c2nc(NCCC(C)(C)C)ncc2F)n1C(C)C,P,P:multi_real,generated,corrected,,"arm multi_real, seed 45, final generation",seed45,False,all curated molecules (the comparator actives were in the training data),ok,-7.767,23.0,5.0,8.11236,pass
Cc1ncc(-c2nc(NCCC(C)C)ncc2F)n1C(C)C,P,P:multi_real,generated,corrected,,"arm multi_real, seed 45, final generation",seed45,False,all curated molecules (the comparator actives were in the training data),ok,-7.539,22.0,6.0,8.10226,pass
Cc1ncc(-c2nc(NC3CC3)ccc2F)n1C(C)C,P,P:multi_real,generated,corrected,,"arm multi_real, seed 45, final generation",seed45,False,all curated molecules (the comparator actives were in the training data),ok,-7.444,20.0,4.0,7.85378,pass
Cc1ncc(-c2nc(NCC(N)=O)ncc2F)n1C(C)C,P,P:multi_real,generated,corrected,,"arm multi_real, seed 45, final generation",seed45,False,all curated molecules (the comparator actives were in the training data),ok,-7.678,21.0,5.0,8.14191,pass
Cc1ncc(-c2nc(NCCC(N)=O)ncc2F)n1C(C)C,P,P:multi_real,generated,corrected,,"arm multi_real, seed 45, final generation",seed45,False,all curated molecules (the comparator actives were in the training data),ok,-7.507,22.0,6.0,8.1791,pass
Cc1ncc(-c2nc(NCC3CC3)ccc2F)n1C(C)C,P,P:multi_real,generated,corrected,,"arm multi_real, seed 45, final generation",seed45,False,all curated molecules (the comparator actives were in the training data),ok,-7.773,21.0,5.0,7.82438,pass
Cc1ncc(-c2nc(Nc3ccccc3)ncc2F)n1C(C)C,P,P:multi_real,generated,corrected,,"arm multi_real, seed 45, final generation",seed45,False,all curated molecules (the comparator actives were in the training data),ok,-8.597,23.0,4.0,8.2505,pass
Cc1ncc(-c2nc(NC(=O)CCC(N)=O)ncc2F)n1C(C)C,P,P:multi_real,generated,corrected,,"arm multi_real, seed 45, final generation",seed45,False,all curated molecules (the comparator actives were in the training data),ok,-8.082,24.0,6.0,8.18603,pass
CC(=O)CNc1ncc(C)c(-c2cnc(C)n2C(C)C)n1,P,P:multi_real,generated,corrected,,"arm multi_real, seed 45, final generation",seed45,False,all curated molecules (the comparator actives were in the training data),ok,-7.521,21.0,5.0,7.82826,pass
CCCC(=O)CNc1ncc(F)c(-c2cnc(C)n2C(C)C)n1,P,P:multi_real,generated,corrected,,"arm multi_real, seed 45, final generation",seed45,False,all curated molecules (the comparator actives were in the training data),ok,-7.617,23.0,7.0,8.13964,pass
Cc1ncc(-c2nc(NC(=O)NC(=O)CN(C)C)ncc2F)n1C(C)C,P,P:multi_real,generated,corrected,,"arm multi_real, seed 45, final generation",seed45,False,all curated molecules (the comparator actives were in the training data),ok,-8.51,26.0,5.0,8.13609,fail
CC(C)CCc1cccc(-c2ccc(S(N)(=O)=O)cc2)n1,P,P:multi_real,generated,corrected,,"arm multi_real, seed 46, final generation",seed46,False,all curated molecules (the comparator actives were in the training data),ok,-8.242,21.0,6.0,7.87296,pass
CC(C)N1CCc2nc(-c3ccc(S(N)(=O)=O)cc3)ccc2C1,P,P:multi_real,generated,corrected,,"arm multi_real, seed 46, final generation",seed46,False,all curated molecules (the comparator actives were in the training data),ok,-7.738,23.0,4.0,7.82207,pass
CC(C)CNc1ccc(-c2ccc(S(N)(=O)=O)cc2)nc1,P,P:multi_real,generated,corrected,,"arm multi_real, seed 46, final generation",seed46,False,all curated molecules (the comparator actives were in the training data),ok,-7.775,21.0,6.0,7.86196,pass
CC(C)CN1CCc2nc(-c3ccc(S(N)(=O)=O)cc3)ccc2C1,P,P:multi_real,generated,corrected,,"arm multi_real, seed 46, final generation",seed46,False,all curated molecules (the comparator actives were in the training data),ok,-7.225,24.0,5.0,7.7839,pass
CC(C)CCc1ccc(Cc2ccc(S(N)(=O)=O)cc2)cc1,P,P:multi_real,generated,corrected,,"arm multi_real, seed 46, final generation",seed46,False,all curated molecules (the comparator actives were in the training data),ok,-8.453,22.0,7.0,7.67201,pass
CCCN(C)c1cccc(-c2ccc(S(N)(=O)=O)cc2)n1,P,P:multi_real,generated,corrected,,"arm multi_real, seed 46, final generation",seed46,False,all curated molecules (the comparator actives were in the training data),ok,-8.303,21.0,6.0,7.68468,pass
CS(=O)(=O)c1cccc(-c2ccc(S(N)(=O)=O)cc2)n1,P,P:multi_real,generated,corrected,,"arm multi_real, seed 46, final generation",seed46,True,all curated molecules (the comparator actives were in the training data),ok,-7.903,20.0,4.0,7.73812,pass
CC(C)CCc1cc(-c2ccc(S(N)(=O)=O)cc2)nc(N)n1,P,P:multi_real,generated,corrected,,"arm multi_real, seed 46, final generation",seed46,False,all curated molecules (the comparator actives were in the training data),ok,-8.075,22.0,7.0,7.89065,pass
Cc1ncc(-c2nc(NN3CCOCC3)ncc2F)n1C(C)C,P,P:multi_real,generated,corrected,,"arm multi_real, seed 46, final generation",seed46,False,all curated molecules (the comparator actives were in the training data),ok,-7.752,23.0,4.0,8.02173,pass
CSC(C)(C)c1ccc(-c2ccc(S(N)(=O)=O)cc2)cc1,P,P:multi_real,generated,corrected,,"arm multi_real, seed 46, final generation",seed46,False,all curated molecules (the comparator actives were in the training data),ok,-7.339,21.0,5.0,7.59662,pass
Cc1ncc(-c2nc(NC(=O)CN3CCOCC3)ncc2F)n1C(C)C,P,P:multi_real,generated,corrected,,"arm multi_real, seed 46, final generation",seed46,False,all curated molecules (the comparator actives were in the training data),ok,-8.317,26.0,5.0,8.07598,pass
NS(=O)(=O)c1ccc(-c2ccc(N3CCCC3)cc2)cc1,P,P:multi_real,generated,corrected,,"arm multi_real, seed 46, final generation",seed46,False,all curated molecules (the comparator actives were in the training data),ok,-7.373,21.0,4.0,7.30294,pass
O=C(Cc1cccc(Cl)c1)NC(=O)c1cccc(F)c1,P,P:multi_scrambled,generated,corrected,,"arm multi_scrambled, seed 42, final generation",seed42,False,all curated molecules (the comparator actives were in the training data),ok,-8.099,20.0,3.0,6.33781,pass
O=C(Nc1ccc(N2CC=NCC2)cc1)c1ccccc1,P,P:multi_scrambled,generated,corrected,,"arm multi_scrambled, seed 42, final generation",seed42,False,all curated molecules (the comparator actives were in the training data),ok,-7.323,21.0,3.0,6.44859,pass
O=C(Cc1cccc2c1OCCC2)NCc1cccc(Cl)c1,P,P:multi_scrambled,generated,corrected,,"arm multi_scrambled, seed 42, final generation",seed42,False,all curated molecules (the comparator actives were in the training data),ok,-8.265,22.0,4.0,5.95092,pass
CC(C)c1ccc(CC(=O)NC(=O)Cc2cccc(Cl)c2)cc1,P,P:multi_scrambled,generated,corrected,,"arm multi_scrambled, seed 42, final generation",seed42,False,all curated molecules (the comparator actives were in the training data),ok,-8.266,23.0,5.0,6.12192,pass
O=C(NCc1cccc(Cl)c1)Nc1cccc2c1OCCCC2,P,P:multi_scrambled,generated,corrected,,"arm multi_scrambled, seed 42, final generation",seed42,False,all curated molecules (the comparator actives were in the training data),ok,-6.018,23.0,3.0,5.9222,pass
O=C(CNCc1cccc(Cl)c1)Nc1cccc(F)c1,P,P:multi_scrambled,generated,corrected,,"arm multi_scrambled, seed 42, final generation",seed42,False,all curated molecules (the comparator actives were in the training data),ok,-7.072,20.0,5.0,6.19264,pass
Clc1cccc(CNCc2cccc3c2ONCCC3)c1,P,P:multi_scrambled,generated,corrected,,"arm multi_scrambled, seed 42, final generation",seed42,False,all curated molecules (the comparator actives were in the training data),ok,-6.448,21.0,4.0,5.88952,pass
COc1ccccc1NC(=O)c1cccc2c1OCCC2,P,P:multi_scrambled,generated,corrected,,"arm multi_scrambled, seed 42, final generation",seed42,False,all curated molecules (the comparator actives were in the training data),ok,-8.168,21.0,3.0,5.60658,pass
CC(C)(C)c1cnc(C(=O)NCc2cccc(Cl)c2)o1,P,P:multi_scrambled,generated,corrected,,"arm multi_scrambled, seed 42, final generation",seed42,False,all curated molecules (the comparator actives were in the training data),ok,-7.424,20.0,3.0,6.17655,pass
O=C(c1ccc(-c2ccccc2)cc1)N1CCNCC1,P,P:multi_scrambled,generated,corrected,,"arm multi_scrambled, seed 42, final generation",seed42,False,all curated molecules (the comparator actives were in the training data),ok,-7.953,20.0,2.0,5.64721,pass
O=C(Cc1ncc(-c2cccc3c2OCCC3)cn1)NC1CC1,P,P:multi_scrambled,generated,corrected,,"arm multi_scrambled, seed 42, final generation",seed42,False,all curated molecules (the comparator actives were in the training data),ok,-8.362,23.0,4.0,6.1183,pass
CCc1cccc(NC(=O)c2ccnc(C)c2)c1OC,P,P:multi_scrambled,generated,corrected,,"arm multi_scrambled, seed 42, final generation",seed42,False,all curated molecules (the comparator actives were in the training data),ok,-7.517,20.0,4.0,5.78158,pass
Cc1nc2c(F)cc(CC(N)=O)cc2n1C1CCCC1,P,P:multi_scrambled,generated,corrected,,"arm multi_scrambled, seed 42, final generation",seed42,False,all curated molecules (the comparator actives were in the training data),ok,-7.664,20.0,3.0,6.1921,pass
CN(C)C(=O)c1ccc(CNc2cccc(Cl)c2)cc1,P,P:multi_scrambled,generated,corrected,,"arm multi_scrambled, seed 42, final generation",seed42,False,all curated molecules (the comparator actives were in the training data),ok,-7.767,20.0,4.0,5.71305,pass
O=C(Cc1cccc2c1OCCC2)NCc1ccccc1,P,P:multi_scrambled,generated,corrected,,"arm multi_scrambled, seed 42, final generation",seed42,False,all curated molecules (the comparator actives were in the training data),ok,-8.166,21.0,4.0,5.83893,pass
COc1ccccc1N1CCN(C(=O)c2ccccc2)CC1,P,P:multi_scrambled,generated,corrected,,"arm multi_scrambled, seed 43, final generation",seed43,False,all curated molecules (the comparator actives were in the training data),ok,-6.808,22.0,3.0,5.99867,pass
CC(C)C(=O)N1CCN(c2ccc(N3CCC(O)CC3)cc2)CC1,P,P:multi_scrambled,generated,corrected,,"arm multi_scrambled, seed 43, final generation",seed43,False,all curated molecules (the comparator actives were in the training data),ok,-6.497,24.0,4.0,5.72993,pass
Cc1cccc(-c2ccc(N3CCN(C(=O)C(C)O)CC3)cc2)c1,P,P:multi_scrambled,generated,corrected,,"arm multi_scrambled, seed 43, final generation",seed43,False,all curated molecules (the comparator actives were in the training data),ok,-7.438,24.0,4.0,5.85831,pass
O=C(Cc1ccc(N2CCC(O)CC2)cc1)c1ccccc1,P,P:multi_scrambled,generated,corrected,,"arm multi_scrambled, seed 43, final generation",seed43,False,all curated molecules (the comparator actives were in the training data),ok,-7.978,22.0,5.0,5.65568,pass
CC(C)c1ccc(C(=O)N2CCCN(c3ccc(C(=O)O)cc3)CC2)cc1,P,P:multi_scrambled,generated,corrected,,"arm multi_scrambled, seed 43, final generation",seed43,False,all curated molecules (the comparator actives were in the training data),ok,-6.825,27.0,4.0,5.74454,pass
CC(C)C(=O)N1CCCN(C(=O)c2ccc(C(C)C)cc2)CC1,P,P:multi_scrambled,generated,corrected,,"arm multi_scrambled, seed 43, final generation",seed43,False,all curated molecules (the comparator actives were in the training data),ok,-5.649,23.0,3.0,5.81538,pass
O=C(c1ccccc1)N1CCN(C(=O)c2ccccc2)CC1,P,P:multi_scrambled,generated,corrected,,"arm multi_scrambled, seed 43, final generation",seed43,False,all curated molecules (the comparator actives were in the training data),ok,-6.289,22.0,2.0,5.68569,pass
COc1ccc(-c2ccc(N3CCN(C(=O)C(C)O)CC3)cc2)cc1C,P,P:multi_scrambled,generated,corrected,,"arm multi_scrambled, seed 43, final generation",seed43,False,all curated molecules (the comparator actives were in the training data),ok,-7.638,26.0,5.0,5.68749,pass
O=C(O)c1ccc(N2CCN(C(=O)Cc3ccccc3)CC2)cc1,P,P:multi_scrambled,generated,corrected,,"arm multi_scrambled, seed 43, final generation",seed43,False,all curated molecules (the comparator actives were in the training data),ok,-8.626,24.0,4.0,5.58366,pass
COc1ccc(N2CCN(C(=O)c3ccccc3)CC2)cc1C,P,P:multi_scrambled,generated,corrected,,"arm multi_scrambled, seed 43, final generation",seed43,False,all curated molecules (the comparator actives were in the training data),ok,-6.949,23.0,3.0,5.55286,pass
CC(C)c1ccc(Oc2cc(N3CCC(O)CC3)ccc2O)cc1,P,P:multi_scrambled,generated,corrected,,"arm multi_scrambled, seed 43, final generation",seed43,False,all curated molecules (the comparator actives were in the training data),ok,-8.496,24.0,6.0,5.82822,pass
CC(C)C(=O)Nc1nc(OCC2CCCCC2)c2[nH]cnc2n1,P,P:multi_scrambled,generated,corrected,,"arm multi_scrambled, seed 43, final generation",seed43,False,all curated molecules (the comparator actives were in the training data),ok,-8.212,23.0,5.0,5.90478,pass
NCc1ccc(-c2ccc(N3CCC(O)CC3)cc2)cc1,P,P:multi_scrambled,generated,corrected,,"arm multi_scrambled, seed 43, final generation",seed43,False,all curated molecules (the comparator actives were in the training data),ok,-7.368,21.0,5.0,5.6467,pass
O=C(O)c1ccc(-c2nccc(C(=O)N3CCCC3)n2)cc1,P,P:multi_scrambled,generated,corrected,,"arm multi_scrambled, seed 43, final generation",seed43,False,all curated molecules (the comparator actives were in the training data),ok,-7.643,22.0,3.0,5.5514,pass
CC(=O)Nc1ccc(N2CCCN(C(=O)c3ccccc3)CC2)cc1C,P,P:multi_scrambled,generated,corrected,,"arm multi_scrambled, seed 43, final generation",seed43,False,all curated molecules (the comparator actives were in the training data),ok,-6.522,26.0,3.0,5.60415,pass
O=C(c1ccccc1)N1CCCN(c2ccccc2)CC1,P,P:multi_scrambled,generated,corrected,,"arm multi_scrambled, seed 43, final generation",seed43,False,all curated molecules (the comparator actives were in the training data),ok,-5.725,21.0,2.0,5.71599,pass
O=C(c1ccc(N2CCN(C(=O)c3ccccc3)CC2)cc1)N1CCCC1,P,P:multi_scrambled,generated,corrected,,"arm multi_scrambled, seed 43, final generation",seed43,False,all curated molecules (the comparator actives were in the training data),ok,-8.029,27.0,3.0,5.61912,pass
CC(C)C(=O)N1CCc2cnc(Nc3ccccc3)nc2C1,P,P:multi_scrambled,generated,corrected,,"arm multi_scrambled, seed 44, final generation",seed44,False,all curated molecules (the comparator actives were in the training data),ok,-8.135,22.0,3.0,7.1967,pass
CC(C)C(=O)N1CCCc2cnc(Nc3ccccc3)nc2C1,P,P:multi_scrambled,generated,corrected,,"arm multi_scrambled, seed 44, final generation",seed44,False,all curated molecules (the comparator actives were in the training data),ok,-6.357,23.0,3.0,7.12619,pass
CC(C)C(=O)N1CCc2cnc(NC(=O)c3ccccc3)nc2C1,P,P:multi_scrambled,generated,corrected,,"arm multi_scrambled, seed 44, final generation",seed44,False,all curated molecules (the comparator actives were in the training data),ok,-7.361,24.0,3.0,6.95403,pass
CC(C)C(=O)N1CCc2cnc(Nc3cnn(C)c3)nc2C1,P,P:multi_scrambled,generated,corrected,,"arm multi_scrambled, seed 44, final generation",seed44,False,all curated molecules (the comparator actives were in the training data),ok,-7.768,22.0,3.0,7.48476,pass
CC(C)C(=O)N1CCCc2cnc(NC3CCC3)nc2C1,P,P:multi_scrambled,generated,corrected,,"arm multi_scrambled, seed 44, final generation",seed44,False,all curated molecules (the comparator actives were in the training data),ok,-5.138,21.0,3.0,7.26439,pass
CC(=O)N1CCc2cnc(Nc3ccc(Cl)cc3)nc2C1,P,P:multi_scrambled,generated,corrected,,"arm multi_scrambled, seed 44, final generation",seed44,False,all curated molecules (the comparator actives were in the training data),ok,-7.995,21.0,2.0,7.37501,pass
CC(C)C(=O)N1CCc2cnc(Nc3ccccc3)nc2CC1,P,P:multi_scrambled,generated,corrected,,"arm multi_scrambled, seed 44, final generation",seed44,False,all curated molecules (the comparator actives were in the training data),ok,-6.657,23.0,3.0,7.10444,pass
O=C(Nc1ncc2c(n1)CN(C(=O)c1ccccc1)CC2)C1CCC1,P,P:multi_scrambled,generated,corrected,,"arm multi_scrambled, seed 44, final generation",seed44,False,all curated molecules (the comparator actives were in the training data),ok,-7.388,25.0,3.0,6.96669,pass
O=C(C1CCC1)N1CCCc2cnc(NCc3ccccc3)nc2C1,P,P:multi_scrambled,generated,corrected,,"arm multi_scrambled, seed 44, final generation",seed44,False,all curated molecules (the comparator actives were in the training data),ok,-6.528,25.0,4.0,6.89201,pass
O=C(Nc1ncc2c(n1)CN(C(=O)C1CCC1)CC2)c1ccccc1,P,P:multi_scrambled,generated,corrected,,"arm multi_scrambled, seed 44, final generation",seed44,False,all curated molecules (the comparator actives were in the training data),ok,-7.623,25.0,3.0,6.91174,pass
CC(C)C(=O)N1CCc2cnc(NCc3ccccc3)nc2C1,P,P:multi_scrambled,generated,corrected,,"arm multi_scrambled, seed 44, final generation",seed44,False,all curated molecules (the comparator actives were in the training data),ok,-7.985,23.0,4.0,6.94657,pass
CC(C)C(=O)N1CCCc2cnc(NC(=O)C3CCOCC3)nc2C1,P,P:multi_scrambled,generated,corrected,,"arm multi_scrambled, seed 44, final generation",seed44,False,all curated molecules (the comparator actives were in the training data),ok,-6.527,25.0,3.0,7.22916,pass
Cn1cc(Nc2ncc3c(n2)CN(C(=O)C2CCC2)CC3)cn1,P,P:multi_scrambled,generated,corrected,,"arm multi_scrambled, seed 44, final generation",seed44,False,all curated molecules (the comparator actives were in the training data),ok,-8.168,23.0,3.0,7.36302,pass
CC(C)C(=O)N1CCCc2cnc(NC(=O)Cc3ccccc3)nc2C1,P,P:multi_scrambled,generated,corrected,,"arm multi_scrambled, seed 44, final generation",seed44,False,all curated molecules (the comparator actives were in the training data),ok,-6.193,26.0,4.0,7.04459,pass
CC(C)C(=O)N1CCc2cnc(NCC3CCC3)nc2C1,P,P:multi_scrambled,generated,corrected,,"arm multi_scrambled, seed 44, final generation",seed44,False,all curated molecules (the comparator actives were in the training data),ok,-7.478,21.0,4.0,7.25824,pass
CC(C)Nc1ncc2c(n1)CN(C(=O)C(C)C)CCC2,P,P:multi_scrambled,generated,corrected,,"arm multi_scrambled, seed 44, final generation",seed44,False,all curated molecules (the comparator actives were in the training data),ok,-5.755,20.0,3.0,7.21136,pass
O=C(Nc1ncc2c(n1)CN(C(=O)c1ccc(Cl)cc1)CC2)C1CCC1,P,P:multi_scrambled,generated,corrected,,"arm multi_scrambled, seed 44, final generation",seed44,False,all curated molecules (the comparator actives were in the training data),ok,-8.191,26.0,3.0,7.31517,pass
CN(C)C(=O)N1CCc2cnc(Nc3ccc(Cl)cc3)nc2C1,P,P:multi_scrambled,generated,corrected,,"arm multi_scrambled, seed 44, final generation",seed44,False,all curated molecules (the comparator actives were in the training data),ok,-8.41,23.0,2.0,7.10667,pass
O=C(C1CCC1)N1CCc2cnc(NCc3ccccc3)nc2C1,P,P:multi_scrambled,generated,corrected,,"arm multi_scrambled, seed 44, final generation",seed44,False,all curated molecules (the comparator actives were in the training data),ok,-8.579,24.0,4.0,6.89055,pass
CN(C)C(=O)N1CCCc2cnc(NCC3CCC3)nc2C1,P,P:multi_scrambled,generated,corrected,,"arm multi_scrambled, seed 44, final generation",seed44,False,all curated molecules (the comparator actives were in the training data),ok,-5.904,22.0,3.0,6.89946,pass
CC(C)N1CCCc2cnc(NC(=O)Nc3ccccc3)nc2C1,P,P:multi_scrambled,generated,corrected,,"arm multi_scrambled, seed 44, final generation",seed44,False,all curated molecules (the comparator actives were in the training data),ok,-5.847,24.0,3.0,7.04956,pass
CC(C)C(=O)N1CCc2cnc(NC(=O)C3=CCC3)nc2C1,P,P:multi_scrambled,generated,corrected,,"arm multi_scrambled, seed 44, final generation",seed44,False,all curated molecules (the comparator actives were in the training data),ok,-7.643,22.0,3.0,7.15656,pass
CN(C)C(=O)N1CCc2cnc(NC(=O)c3ccccc3)nc2C1,P,P:multi_scrambled,generated,corrected,,"arm multi_scrambled, seed 44, final generation",seed44,False,all curated molecules (the comparator actives were in the training data),ok,-7.609,24.0,2.0,6.69625,pass
CC(C)C(=O)N1CCOc2cnc(NC(=O)c3ccccc3)nc2C1,P,P:multi_scrambled,generated,corrected,,"arm multi_scrambled, seed 44, final generation",seed44,False,all curated molecules (the comparator actives were in the training data),ok,-6.221,25.0,3.0,6.56236,pass
CC(C)Nc1ncc2c(n1)CN(Cc1ccccc1)CCC2,P,P:multi_scrambled,generated,corrected,,"arm multi_scrambled, seed 44, final generation",seed44,False,all curated molecules (the comparator actives were in the training data),ok,-6.494,22.0,4.0,7.03376,pass
CC(=O)NC(=O)c1cccc(-c2ccc(N3CC=NCC3)cc2)c1,P,P:multi_scrambled,generated,corrected,,"arm multi_scrambled, seed 45, final generation",seed45,False,all curated molecules (the comparator actives were in the training data),ok,-9.02,24.0,3.0,6.2018,pass
CC(=O)Nc1ccc(-c2ccc(C3=CCN(C(C)=O)CC3)cc2)cc1,P,P:multi_scrambled,generated,corrected,,"arm multi_scrambled, seed 45, final generation",seed45,False,all curated molecules (the comparator actives were in the training data),ok,-7.696,25.0,3.0,6.30982,pass
CNC(=O)c1ccc(-c2ccc(N3CC=NCC3)cc2)cc1,P,P:multi_scrambled,generated,corrected,,"arm multi_scrambled, seed 45, final generation",seed45,False,all curated molecules (the comparator actives were in the training data),ok,-7.523,22.0,3.0,6.3018,pass
O=C(O)NC(=O)c1cccc(-c2ccc(N3CC=NCC3)cc2)c1,P,P:multi_scrambled,generated,corrected,,"arm multi_scrambled, seed 45, final generation",seed45,False,all curated molecules (the comparator actives were in the training data),ok,-8.653,24.0,3.0,6.2019,pass
CC(=O)Nc1ccc(Nc2ccc(N3CC=NCC3)cc2)cc1,P,P:multi_scrambled,generated,corrected,,"arm multi_scrambled, seed 45, final generation",seed45,False,all curated molecules (the comparator actives were in the training data),ok,-7.509,23.0,4.0,6.4646,pass
CC(=O)N1CC=C(c2ccc(NCc3cccnc3)nc2)CC1,P,P:multi_scrambled,generated,corrected,,"arm multi_scrambled, seed 45, final generation",seed45,False,all curated molecules (the comparator actives were in the training data),ok,-8.148,23.0,4.0,6.40655,pass
CC(=O)Nc1cccc(-c2ccc(N3CC=NCC3)cn2)c1,P,P:multi_scrambled,generated,corrected,,"arm multi_scrambled, seed 45, final generation",seed45,False,all curated molecules (the comparator actives were in the training data),ok,-8.091,22.0,3.0,6.29412,pass
CC(C)c1ccc(Nc2ccc(N3C=CN=CC3)cc2)cc1,P,P:multi_scrambled,generated,corrected,,"arm multi_scrambled, seed 45, final generation",seed45,False,all curated molecules (the comparator actives were in the training data),ok,-7.86,22.0,4.0,6.44117,pass
CC(C)(C)NCc1ccc(-c2ccc(N3CC=NCC3)cc2)cc1,P,P:multi_scrambled,generated,corrected,,"arm multi_scrambled, seed 45, final generation",seed45,False,all curated molecules (the comparator actives were in the training data),ok,-6.985,24.0,4.0,6.36759,pass
CNc1ccc(-c2ccc(C3=CCN(C(C)=O)CCC3)cc2)cc1,P,P:multi_scrambled,generated,corrected,,"arm multi_scrambled, seed 45, final generation",seed45,False,all curated molecules (the comparator actives were in the training data),ok,-6.295,24.0,3.0,6.36647,pass
CCC(=O)Nc1ccc(C2=CCN(S(C)(=O)=O)CC2)cc1,P,P:multi_scrambled,generated,corrected,,"arm multi_scrambled, seed 45, final generation",seed45,False,all curated molecules (the comparator actives were in the training data),ok,-6.893,21.0,4.0,6.40251,pass
CNC(=O)c1ccc(-c2ccc(N3CC=NCC3)cc2F)cc1,P,P:multi_scrambled,generated,corrected,,"arm multi_scrambled, seed 45, final generation",seed45,False,all curated molecules (the comparator actives were in the training data),ok,-7.863,23.0,3.0,6.55106,pass
CC(=O)Nc1ccc(Nc2ccc(N3CC=NCC3)cc2)c(C)c1,P,P:multi_scrambled,generated,corrected,,"arm multi_scrambled, seed 45, final generation",seed45,False,all curated molecules (the comparator actives were in the training data),ok,-8.006,24.0,4.0,6.01765,pass
Cc1cc(NC2CC2)ccc1-c1ccc(N2CC=NCC2)cc1,P,P:multi_scrambled,generated,corrected,,"arm multi_scrambled, seed 45, final generation",seed45,False,all curated molecules (the comparator actives were in the training data),ok,-7.835,23.0,4.0,6.67802,pass
CC(=O)Nc1ccc(-c2ccc(N3CC=NCCO3)cc2)nc1,P,P:multi_scrambled,generated,corrected,,"arm multi_scrambled, seed 45, final generation",seed45,False,all curated molecules (the comparator actives were in the training data),ok,-5.742,23.0,3.0,6.54538,pass
CNc1nc(-c2ccc(C3=CCN(C(C)=O)CC3)cn2)ncc1F,P,P:multi_scrambled,generated,corrected,,"arm multi_scrambled, seed 45, final generation",seed45,False,all curated molecules (the comparator actives were in the training data),ok,-7.604,24.0,3.0,6.66329,pass
CC(=O)N1CCc2nc(Nc3ccc(N4CC=NCC4)cn3)ccc2C1,P,P:multi_scrambled,generated,corrected,,"arm multi_scrambled, seed 45, final generation",seed45,False,all curated molecules (the comparator actives were in the training data),ok,-8.503,26.0,3.0,6.78087,pass
O=C(NN1CCN(c2ccccc2)CC1)c1ccccc1,P,P:multi_scrambled,generated,corrected,,"arm multi_scrambled, seed 46, final generation",seed46,False,all curated molecules (the comparator actives were in the training data),ok,-6.987,21.0,3.0,6.72109,pass
CC(=O)Nc1cccc(C(=O)N2CCN(c3ccccc3)CC2)c1,P,P:multi_scrambled,generated,corrected,,"arm multi_scrambled, seed 46, final generation",seed46,False,all curated molecules (the comparator actives were in the training data),ok,-7.877,24.0,3.0,6.16059,pass
CC(C)C(=O)N1CCN(c2ccc(Nc3ccccc3)cc2)CC1,P,P:multi_scrambled,generated,corrected,,"arm multi_scrambled, seed 46, final generation",seed46,False,all curated molecules (the comparator actives were in the training data),ok,-7.724,24.0,4.0,6.29206,pass
COc1cccc(C(=O)Nc2ccc(C(C)C)cc2)c1,P,P:multi_scrambled,generated,corrected,,"arm multi_scrambled, seed 46, final generation",seed46,False,all curated molecules (the comparator actives were in the training data),ok,-7.568,20.0,4.0,6.02466,pass
CN(CCc1ccc(N2CCNCC2)cc1)C(=O)OC(C)(C)C,P,P:multi_scrambled,generated,corrected,,"arm multi_scrambled, seed 46, final generation",seed46,False,all curated molecules (the comparator actives were in the training data),ok,-7.011,23.0,4.0,5.44749,pass
COc1ccc(CN2CCN(C(=O)c3ccccc3)CC2)cc1Cl,P,P:multi_scrambled,generated,corrected,,"arm multi_scrambled, seed 46, final generation",seed46,False,all curated molecules (the comparator actives were in the training data),ok,-7.88,24.0,4.0,5.78673,pass
O=C(Nc1ccc(C(F)(F)F)cc1C(=O)O)c1ccccc1,P,P:multi_scrambled,generated,corrected,,"arm multi_scrambled, seed 46, final generation",seed46,False,all curated molecules (the comparator actives were in the training data),ok,-8.453,22.0,3.0,5.9958,pass
O=C(c1ccccc1)N1CCN(c2ccccc2)CC1,P,P:multi_scrambled,generated,corrected,,"arm multi_scrambled, seed 46, final generation",seed46,False,all curated molecules (the comparator actives were in the training data),ok,-7.374,20.0,2.0,5.74409,pass
CC(C)C(=O)N1CCN(c2ccc(NC(=O)c3ccccc3)cc2)CC1,P,P:multi_scrambled,generated,corrected,,"arm multi_scrambled, seed 46, final generation",seed46,False,all curated molecules (the comparator actives were in the training data),ok,-7.317,26.0,4.0,6.36937,pass
COc1ccc(NC(=O)c2ccccc2)c(C(=O)N(C)C)c1,P,P:multi_scrambled,generated,corrected,,"arm multi_scrambled, seed 46, final generation",seed46,False,all curated molecules (the comparator actives were in the training data),ok,-7.498,22.0,4.0,5.41538,pass
CC(=O)Nc1cccc(C(=O)N2CCN(C(=O)c3ccccc3)CC2)c1,P,P:multi_scrambled,generated,corrected,,"arm multi_scrambled, seed 46, final generation",seed46,False,all curated molecules (the comparator actives were in the training data),ok,-6.728,26.0,3.0,5.89392,pass
CC(C)N1CCN(NC(=O)c2ccc(C(C)(C)C)cc2)CC1,P,P:multi_scrambled,generated,corrected,,"arm multi_scrambled, seed 46, final generation",seed46,False,all curated molecules (the comparator actives were in the training data),ok,-7.514,22.0,3.0,6.81783,pass
CC(C)C(=O)N1CCN(c2ccc(NC(=O)O)cc2)CC1,P,P:multi_scrambled,generated,corrected,,"arm multi_scrambled, seed 46, final generation",seed46,False,all curated molecules (the comparator actives were in the training data),ok,-6.672,21.0,3.0,6.44656,pass
CC(C)C(=O)N1CCN(C(=O)c2cccc(NC(C)(C)C)c2)CC1,P,P:multi_scrambled,generated,corrected,,"arm multi_scrambled, seed 46, final generation",seed46,False,all curated molecules (the comparator actives were in the training data),ok,-7.903,24.0,3.0,6.17308,pass
CN(C)C(=O)c1cc(C(F)(F)F)ccc1NC(=O)c1ccccc1,P,P:multi_scrambled,generated,corrected,,"arm multi_scrambled, seed 46, final generation",seed46,False,all curated molecules (the comparator actives were in the training data),ok,-9.005,24.0,3.0,5.81299,pass
CC(C)(C)OCCc1nn(C(C)(C)C)c2ncnc(N)c12,P,P:multi_scrambled,generated,corrected,,"arm multi_scrambled, seed 46, final generation",seed46,False,all curated molecules (the comparator actives were in the training data),ok,-6.807,21.0,4.0,5.52104,pass
COc1cccc(C(=O)NN2CCN(C(=O)OC(C)(C)C)CC2)c1,P,P:multi_scrambled,generated,corrected,,"arm multi_scrambled, seed 46, final generation",seed46,False,all curated molecules (the comparator actives were in the training data),ok,-7.238,24.0,3.0,6.61342,pass
CNC(C)(C)c1ccc(N2CCN(C(=O)OC(C)(C)C)CC2)cc1,P,P:multi_scrambled,generated,corrected,,"arm multi_scrambled, seed 46, final generation",seed46,False,all curated molecules (the comparator actives were in the training data),ok,-6.605,24.0,3.0,6.12647,pass
CN(C)c1ccc(N2CCN(C(=O)c3ccccc3)CC2)cc1,P,P:multi_scrambled,generated,corrected,,"arm multi_scrambled, seed 46, final generation",seed46,False,all curated molecules (the comparator actives were in the training data),ok,-6.93,23.0,3.0,5.55044,pass
CC(=O)Nc1cccc(C(=O)N2CCN(c3ccc(C(C)C)cc3)CC2)c1,P,P:multi_scrambled,generated,corrected,,"arm multi_scrambled, seed 46, final generation",seed46,False,all curated molecules (the comparator actives were in the training data),ok,-8.06,27.0,4.0,6.31594,pass
COc1cccc(C(=O)N2CCCN(C(=O)C(C)O)CC2)c1,P,P:multi_scrambled,generated,corrected,,"arm multi_scrambled, seed 46, final generation",seed46,False,all curated molecules (the comparator actives were in the training data),ok,-5.689,22.0,4.0,5.8407,pass
CN(CCc1nn(C(C)(C)C)c2ncnc(N)c12)C(C)(C)C,P,P:multi_scrambled,generated,corrected,,"arm multi_scrambled, seed 46, final generation",seed46,False,all curated molecules (the comparator actives were in the training data),ok,-7.152,22.0,4.0,5.30552,pass
COc1cccc(C(=O)N2CCN(C(=O)C(C)C)CC2)c1,P,P:multi_scrambled,generated,corrected,,"arm multi_scrambled, seed 46, final generation",seed46,False,all curated molecules (the comparator actives were in the training data),ok,-6.977,21.0,3.0,5.76436,pass
CN(C)Cc1ccc(NC(=O)c2ccccc2)c(C(=O)N(C)C)c1,P,P:multi_scrambled,generated,corrected,,"arm multi_scrambled, seed 46, final generation",seed46,False,all curated molecules (the comparator actives were in the training data),ok,-7.254,24.0,5.0,5.5296,fail
CN(C)c1ccc(N2CCN(C(=O)c3cccc(C(=O)O)c3)CC2)cc1,P,P:multi_scrambled,generated,corrected,,"arm multi_scrambled, seed 46, final generation",seed46,False,all curated molecules (the comparator actives were in the training data),ok,-7.626,26.0,4.0,5.50015,pass
CC(C)(N)C(C)(C)OC(=O)N1CCN(c2ccccc2)CC1,P,P:multi_scrambled,generated,corrected,,"arm multi_scrambled, seed 46, final generation",seed46,False,all curated molecules (the comparator actives were in the training data),ok,-6.626,22.0,4.0,5.55905,pass
CC(C)=NCC(=O)CC(=O)c1ccc(-c2ccc(Nc3ncc(F)c(-c4cnc(C)n4C(C)C)n3)cc2)cc1,P,P:activity_only,generated,corrected,,"arm activity_only, seed 42, final generation",seed42,False,all curated molecules (the comparator actives were in the training data),ok,-8.564,39.0,10.0,8.62019,pass
C=C(C)C(=O)c1ccc(Cc2ccc(Nc3ncc(F)c(-c4cnc(C)n4C(C)C)n3)cc2)cc1,P,P:activity_only,generated,corrected,,"arm activity_only, seed 42, final generation",seed42,False,all curated molecules (the comparator actives were in the training data),ok,-9.565,35.0,8.0,8.60795,pass
C=C(C)c1ccc(Nc2ncc(F)c(-c3cnc(C)n3-c3ncc(F)c(-c4cnc(C)n4C(C)C)n3)n2)cc1,P,P:activity_only,generated,corrected,,"arm activity_only, seed 42, final generation",seed42,False,all curated molecules (the comparator actives were in the training data),ok,-7.962,39.0,7.0,8.60546,pass
C=C(C)C(C)(N)CC(=O)c1ccc(Nc2ncc(F)c(-c3ncc(F)c(-c4cnc(C)n4C(C)C)n3)n2)cc1,P,P:activity_only,generated,corrected,,"arm activity_only, seed 42, final generation",seed42,False,all curated molecules (the comparator actives were in the training data),ok,-8.117,39.0,10.0,8.60452,pass
C=C(C)C(C)CC(=O)c1ccc(Nc2ncc(F)c(-c3cnc(C)n3C(C)C)n2)cc1,P,P:activity_only,generated,corrected,,"arm activity_only, seed 42, final generation",seed42,False,all curated molecules (the comparator actives were in the training data),ok,-8.892,31.0,8.0,8.60394,pass
C=C(C)C(=O)c1ccc(Nc2ccc(Nc3ncc(F)c(-c4cnc(C)n4C(C)C)n3)cc2)cc1,P,P:activity_only,generated,corrected,,"arm activity_only, seed 42, final generation",seed42,False,all curated molecules (the comparator actives were in the training data),ok,-9.155,35.0,8.0,8.60082,pass
C=C(C)C(=O)C(=O)c1ccc(Nc2ncc(F)c(-c3ncc(F)c(-c4cnc(C)n4C(C)C)n3)n2)cc1,P,P:activity_only,generated,corrected,,"arm activity_only, seed 42, final generation",seed42,False,all curated molecules (the comparator actives were in the training data),ok,-8.177,37.0,8.0,8.60082,pass
C=C(C)C(=O)C(=O)C(=O)c1ccc(Nc2ncc(F)c(-c3cnc(C)n3C(C)C)n2)cc1,P,P:activity_only,generated,corrected,,"arm activity_only, seed 42, final generation",seed42,False,all curated molecules (the comparator actives were in the training data),ok,-8.91,32.0,8.0,8.60082,pass
CC(=CC(=O)CC(=O)c1ccc(Nc2ncc(F)c(-c3cnc(C)n3C(C)C)n2)cc1)CN,P,P:activity_only,generated,corrected,,"arm activity_only, seed 42, final generation",seed42,False,all curated molecules (the comparator actives were in the training data),ok,-8.676,33.0,10.0,8.59719,pass
C=C(C)C(C)c1ccc(C(=O)c2ccc(Nc3ncc(F)c(-c4cnc(C)n4C(C)C)n3)cc2)cc1,P,P:activity_only,generated,corrected,,"arm activity_only, seed 42, final generation",seed42,False,all curated molecules (the comparator actives were in the training data),ok,-9.577,36.0,8.0,8.59692,pass
CC(C)=NC(=O)C(=O)c1ccc(Nc2ncc(F)c(-c3cnc(C)n3C(C)C)n2)cc1,P,P:activity_only,generated,corrected,,"arm activity_only, seed 42, final generation",seed42,False,all curated molecules (the comparator actives were in the training data),ok,-9.009,31.0,6.0,8.58897,pass
CC(C)=NN=CC(=O)c1ccc(Nc2ncc(F)c(-c3cnc(C)n3C(C)C)n2)cc1,P,P:activity_only,generated,corrected,,"arm activity_only, seed 42, final generation",seed42,False,all curated molecules (the comparator actives were in the training data),ok,-9.119,31.0,7.0,8.58897,pass
C=C(C)n1cncc1C(=O)c1ccc(Nc2ncc(F)c(-c3cnc(C)n3C(C)C)n2)cc1,P,P:activity_only,generated,corrected,,"arm activity_only, seed 42, final generation",seed42,False,all curated molecules (the comparator actives were in the training data),ok,-9.207,33.0,7.0,8.58715,pass
CC(CNc1ccc(C(=O)C(C)C)cc1)=Nc1ccc(Nc2ncc(F)c(-c3cnc(C)n3C(C)C)n2)cc1,P,P:activity_only,generated,corrected,,"arm activity_only, seed 42, final generation",seed42,False,all curated molecules (the comparator actives were in the training data),ok,-9.255,39.0,10.0,8.5859,pass
C=C(C)C(=O)c1ccc(Nc2ncc(F)c(Nc3ncc(F)c(-c4cnc(C)n4C(C)C)n3)n2)cc1,P,P:activity_only,generated,corrected,,"arm activity_only, seed 42, final generation",seed42,False,all curated molecules (the comparator actives were in the training data),ok,-8.581,36.0,8.0,8.58545,pass
C=C(C)[C@H](C)C[SH]=NC(=O)c1ccc(Nc2ncc(F)c(-c3cnc(C)n3C(C)C)n2)cc1,P,P:activity_only,generated,corrected,,"arm activity_only, seed 42, final generation",seed42,False,all curated molecules (the comparator actives were in the training data),ok,-8.763,33.0,8.0,8.5745,pass
Cc1ncc(C(=O)CC(=O)c2ccc(Nc3ncc(F)c(-c4cnc(C)n4C(C)C)n3)cc2)n1C(C)C,P,P:activity_only,generated,corrected,,"arm activity_only, seed 42, final generation",seed42,False,all curated molecules (the comparator actives were in the training data),ok,-8.984,37.0,9.0,8.56892,pass
Cc1ncc(-c2nc(Nc3ccc(C(=O)CC(=O)CNN)cc3)ncc2F)n1C(C)C,P,P:activity_only,generated,corrected,,"arm activity_only, seed 42, final generation",seed42,False,all curated molecules (the comparator actives were in the training data),ok,-8.467,31.0,10.0,8.55975,pass
C=C(C)C(=O)C=Cc1ccc(Nc2ncc(F)c(-c3cnc(C)n3C(C)C)n2)cc1,P,P:activity_only,generated,corrected,,"arm activity_only, seed 42, final generation",seed42,False,all curated molecules (the comparator actives were in the training data),ok,-9.069,30.0,7.0,8.55699,pass
Cc1ncc(-c2nc(Nc3ccc(C(=O)CCC(C)CBr)cc3)ncc2F)n1C(C)C,P,P:activity_only,generated,corrected,,"arm activity_only, seed 42, final generation",seed42,True,all curated molecules (the comparator actives were in the training data),ok,-8.423,31.0,9.0,8.55666,pass
CC(C)=Cc1cccc2[nH]c(O)c(N=Nc3cccc4[nH]c(O)c(SN=Nc5ccc(S(N)(=O)=O)cc5)c34)c12,P,P:activity_only,generated,corrected,,"arm activity_only, seed 43, final generation",seed43,False,all curated molecules (the comparator actives were in the training data),ok,-8.162,39.0,10.0,8.52681,pass
CC(C)=Cc1cccc2[nH]c(O)c(N=Nc3ccc(Cc4ccc(-c5ccc(S(N)(=O)=O)cc5)cc4)cc3)c12,P,P:activity_only,generated,corrected,,"arm activity_only, seed 43, final generation",seed43,False,all curated molecules (the comparator actives were in the training data),ok,-9.711,39.0,9.0,8.46789,pass
NCCNCCn1nc(C(N)=O)c2c1-c1nc(Nc3ccccc3)ncc1CC2,P,P:activity_only,generated,corrected,,"arm activity_only, seed 43, final generation",seed43,False,all curated molecules (the comparator actives were in the training data),ok,-7.564,29.0,9.0,8.42931,pass
Cc1ncc(-c2ccnc(Nc3ccc(NNNc4ccc(C(N)=O)cc4)cc3)n2)n1C(C)C,P,P:activity_only,generated,corrected,,"arm activity_only, seed 43, final generation",seed43,False,all curated molecules (the comparator actives were in the training data),ok,-8.736,34.0,9.0,8.40244,pass
Cc1ncc(-c2ccnc(-c3ccnc(Nc4ccc(C(N)=O)cc4)n3)n2)n1C(C)C,P,P:activity_only,generated,corrected,,"arm activity_only, seed 43, final generation",seed43,True,all curated molecules (the comparator actives were in the training data),ok,-8.427,31.0,6.0,8.39732,pass
Cc1ncc(-c2ccnc(-c3ccnc(Nc4ccc(Nc5ccc(C(N)=O)cc5)cc4)n3)n2)n1C(C)C,P,P:activity_only,generated,corrected,,"arm activity_only, seed 43, final generation",seed43,False,all curated molecules (the comparator actives were in the training data),ok,-8.942,38.0,8.0,8.39732,pass
Cc1ncc(-c2ccnc(Nc3ccc(-c4ccc(C(N)=O)cc4)cc3)n2)n1C(C)C,P,P:activity_only,generated,corrected,,"arm activity_only, seed 43, final generation",seed43,False,all curated molecules (the comparator actives were in the training data),ok,-8.623,31.0,6.0,8.39189,pass
CC(C)=Cc1ccc(NNCCCn2nc(C(N)=O)c3c2-c2nc(Nc4ccccc4)ncc2CC3)cc1O,P,P:activity_only,generated,corrected,,"arm activity_only, seed 43, final generation",seed43,False,all curated molecules (the comparator actives were in the training data),ok,-8.982,39.0,11.0,8.38888,pass
Cc1ncc(-c2ccnc(Nc3ccc(-c4ccc(C(N)=O)cn4)cc3)n2)n1C(C)C,P,P:activity_only,generated,corrected,,"arm activity_only, seed 43, final generation",seed43,False,all curated molecules (the comparator actives were in the training data),ok,-8.787,31.0,6.0,8.37305,pass
Cc1ncc(-c2ccnc(Sc3ccnc(Nc4ccc(C(N)=O)cc4)n3)n2)n1C(C)C,P,P:activity_only,generated,corrected,,"arm activity_only, seed 43, final generation",seed43,False,all curated molecules (the comparator actives were in the training data),ok,-8.139,32.0,7.0,8.36981,pass
CC(C[SH](N)(=O)CC(N)=O)=NC(=N)c1ccc(Nc2nccc(-c3cnc(C)n3C(C)C)n2)cc1,P,P:activity_only,generated,corrected,,"arm activity_only, seed 43, final generation",seed43,False,all curated molecules (the comparator actives were in the training data),ok,-8.916,35.0,10.0,8.36449,unevaluable
NC(=O)SCCn1nc(C(N)=O)c2c1-c1nc(Nc3ccccc3)ncc1CC2,P,P:activity_only,generated,corrected,,"arm activity_only, seed 43, final generation",seed43,False,all curated molecules (the comparator actives were in the training data),ok,-8.676,29.0,6.0,8.36403,pass
CC=C(CCC(N)=O)c1ccc(Nc2nccc(-c3cnc(C)n3C(C)C)n2)cc1,P,P:activity_only,generated,corrected,,"arm activity_only, seed 43, final generation",seed43,False,all curated molecules (the comparator actives were in the training data),ok,-8.818,30.0,8.0,8.36145,pass
Cc1ncc(-c2ccnc(Nc3ccnc(Sc4ccnc(Nc5ccc(C(N)=O)cc5)n4)n3)n2)n1C(C)C,P,P:activity_only,generated,corrected,,"arm activity_only, seed 43, final generation",seed43,False,all curated molecules (the comparator actives were in the training data),ok,-8.692,39.0,9.0,8.3461,pass
CC(C)=CC=Cc1ccc(N=C(N)c2ccc(Nc3nccc(-c4cnc(C)n4C(C)C)n3)cc2)cc1,P,P:activity_only,generated,corrected,,"arm activity_only, seed 43, final generation",seed43,False,all curated molecules (the comparator actives were in the training data),ok,-8.279,37.0,8.0,8.34132,pass
Cc1ncc(-c2ccc(Nc3nccc(-c4cnc(C)n4C(C)C)n3)cc2)n1-c1ccc(C(N)=O)cc1,P,P:activity_only,generated,corrected,,"arm activity_only, seed 43, final generation",seed43,False,all curated molecules (the comparator actives were in the training data),ok,-9.534,37.0,7.0,8.33285,pass
CC=C(CC=CCC(N)=O)c1ccc(-c2ccc(Nc3nccc(-c4cnc(C)n4C(C)C)n3)cc2)cc1,P,P:activity_only,generated,corrected,,"arm activity_only, seed 43, final generation",seed43,False,all curated molecules (the comparator actives were in the training data),ok,-8.509,38.0,10.0,8.32158,pass
CCc1cnn2c(NCc3ccc[n+]([O-])c3)cc(N3CCCC[C@H]3CCNN3CSCC[C@H]3CCO)nc12,P,P:activity_only,generated,corrected,,"arm activity_only, seed 44, final generation",seed44,False,all curated molecules (the comparator actives were in the training data),ok,-8.431,38.0,11.0,8.78045,pass
CCc1cnn2c(NCc3ccc[n+]([O-])c3)cc(N3CCCC[C@H]3N3CCCC[C@H]3CCO)nc12,P,P:activity_only,generated,corrected,,"arm activity_only, seed 44, final generation",seed44,False,all curated molecules (the comparator actives were in the training data),ok,-6.564,35.0,8.0,8.76428,pass
CCC[C@@H](CCCO)NCC[C@@H]1CCCCN1c1cc(NCc2ccc[n+]([O-])c2)n2ncc(CC)c2n1,P,P:activity_only,generated,corrected,,"arm activity_only, seed 44, final generation",seed44,False,all curated molecules (the comparator actives were in the training data),ok,-8.224,37.0,14.0,8.7592,pass
CCCC(CSCCO)NCC[C@@H]1CCCCN1c1cc(NCc2ccc[n+]([O-])c2)n2ncc(CC)c2n1,P,P:activity_only,generated,corrected,,"arm activity_only, seed 44, final generation",seed44,False,all curated molecules (the comparator actives were in the training data),ok,-7.185,38.0,15.0,8.75155,pass
CCc1cnn2c(NCc3ccc[n+]([O-])c3)cc(N3CCCC[C@H]3CN3CCCC[C@H]3CCO)nc12,P,P:activity_only,generated,corrected,,"arm activity_only, seed 44, final generation",seed44,False,all curated molecules (the comparator actives were in the training data),ok,-6.265,36.0,9.0,8.74486,pass
CCc1cnn2c(NCc3ccc[n+]([O-])c3)cc(N3CCCC[C@H]3CCSCO)nc12,P,P:activity_only,generated,corrected,,"arm activity_only, seed 44, final generation",seed44,False,all curated molecules (the comparator actives were in the training data),ok,-9.273,31.0,9.0,8.74123,pass
CCc1cnn2c(NCc3ccc[n+]([O-])c3)cc(N3CCCCC[C@H]3CCN3CCC(Br)C[C@H]3CCO)nc12,P,P:activity_only,generated,corrected,,"arm activity_only, seed 44, final generation",seed44,False,all curated molecules (the comparator actives were in the training data),ok,-5.716,39.0,10.0,8.73789,pass
CCc1cnn2c(NCc3ccc[n+]([O-])c3)cc(N3CCCCC3CN3CCCC[C@H]3CCCO)nc12,P,P:activity_only,generated,corrected,,"arm activity_only, seed 44, final generation",seed44,False,all curated molecules (the comparator actives were in the training data),ok,-7.109,37.0,10.0,8.72896,pass
CCCC(CCO)NCC[C@@H]1CCCCCN1c1cc(NCc2ccc[n+]([O-])c2)n2ncc(CC)c2n1,P,P:activity_only,generated,corrected,,"arm activity_only, seed 44, final generation",seed44,False,all curated molecules (the comparator actives were in the training data),ok,-5.504,37.0,13.0,8.69116,fail
CCc1cnn2c(NCc3ccc[n+]([O-])c3)cc(CN3CCCC[C@H]3N3CCCC[C@H]3CCO)nc12,P,P:activity_only,generated,corrected,,"arm activity_only, seed 44, final generation",seed44,False,all curated molecules (the comparator actives were in the training data),ok,-8.016,36.0,10.0,8.68005,pass
CCc1cnn2c(NCc3ccc[n+]([O-])c3)cc(C3CC(S)CC[C@H]3CN3CCCC[C@H]3CCO)nc12,P,P:activity_only,generated,corrected,,"arm activity_only, seed 44, final generation",seed44,False,all curated molecules (the comparator actives were in the training data),ok,-6.468,37.0,11.0,8.67866,pass
CCc1cnn2c(NCc3ccc[n+]([O-])c3)cc(C3CCCC[C@H]3CCCCO)nc12,P,P:activity_only,generated,corrected,,"arm activity_only, seed 44, final generation",seed44,False,all curated molecules (the comparator actives were in the training data),ok,-9.851,31.0,10.0,8.67591,pass
CCc1cnn2c(NCc3ccc[n+]([O-])c3)cc(C3CCCC[C@H]3C[SH]=NN3CCCC[C@H]3CCO)nc12,P,P:activity_only,generated,corrected,,"arm activity_only, seed 44, final generation",seed44,False,all curated molecules (the comparator actives were in the training data),ok,-8.464,38.0,11.0,8.66286,pass
CCc1cnn2c(NCc3ccc[n+]([O-])c3)cc(N3CCCC[C@H]3CCCc3ccc[n+]([O-])c3)nc12,P,P:activity_only,generated,corrected,,"arm activity_only, seed 44, final generation",seed44,False,all curated molecules (the comparator actives were in the training data),ok,-8.973,36.0,8.0,8.64657,pass
CCc1cnn2c(NCc3ccc[n+]([O-])c3)cc(N3CCCC[C@H]3CCNNCc3ccc[n+]([O-])c3)nc12,P,P:activity_only,generated,corrected,,"arm activity_only, seed 44, final generation",seed44,False,all curated molecules (the comparator actives were in the training data),ok,-8.713,38.0,10.0,8.63978,pass
CCc1cnn2c(NCc3ccc[n+]([O-])c3)cc(N3CCCCC3N3CCCC[C@H]3CCCSCO)nc12,P,P:activity_only,generated,corrected,,"arm activity_only, seed 44, final generation",seed44,False,all curated molecules (the comparator actives were in the training data),ok,-6.349,38.0,11.0,8.63858,pass
CCc1cnn2c(NCc3ccc[n+]([O-])c3)cc(N3CCCCC3CCC(N)=O)nc12,P,P:activity_only,generated,corrected,,"arm activity_only, seed 44, final generation",seed44,False,all curated molecules (the comparator actives were in the training data),ok,-9.885,31.0,7.0,8.63798,pass
CCc1cnn2c(NCc3ccc[n+]([O-])c3)cc(C3CCCC[C@H]3C3CCCC[C@H]3CCCO)nc12,P,P:activity_only,generated,corrected,,"arm activity_only, seed 44, final generation",seed44,False,all curated molecules (the comparator actives were in the training data),ok,-6.655,36.0,10.0,8.6165,pass
CCc1cnn2c(NCc3ccc[n+]([O-])c3)cc(N3CCCC[C@H]3CN3CCC4C[C@H]3CC4CCO)nc12,P,P:activity_only,generated,corrected,,"arm activity_only, seed 44, final generation",seed44,False,all curated molecules (the comparator actives were in the training data),ok,-7.533,38.0,9.0,8.61039,pass
CCc1cnn2c(NCc3ccc[n+]([O-])c3)cc(N3CCCC[C@H]3CN3CCCC[C@H]3SSCO)nc12,P,P:activity_only,generated,corrected,,"arm activity_only, seed 44, final generation",seed44,False,all curated molecules (the comparator actives were in the training data),ok,-6.424,37.0,10.0,8.60252,pass
CCc1cnn2c(NCc3ccc[n+]([O-])c3)cc(C(CC)[C@@H](CC)CN3CCCC[C@H]3CCO)nc12,P,P:activity_only,generated,corrected,,"arm activity_only, seed 44, final generation",seed44,False,all curated molecules (the comparator actives were in the training data),ok,-7.694,36.0,13.0,8.60238,pass
[O-][n+]1cccc(CNc2cc(N3CCCCC3CCO)nc3c(Cc4ccc[n+]([O-])c4)cnn23)c1,P,P:activity_only,generated,corrected,,"arm activity_only, seed 44, final generation",seed44,False,all curated molecules (the comparator actives were in the training data),ok,-8.966,35.0,8.0,8.60139,pass
CC(C)=C[N+](=CC=CC(N)=O)CC(=O)c1ccc(Nc2ncc(F)c(-c3cnc(C)n3C(C)C)n2)cc1,P,P:activity_only,generated,corrected,,"arm activity_only, seed 45, final generation",seed45,True,all curated molecules (the comparator actives were in the training data),ok,-9.038,37.0,10.0,8.66032,pass
CC(=O)[N+](=CC=CC(N)=O)CC(=O)c1ccc(Nc2ncc(F)c(-c3cnc(C)n3C(C)C)n2)cc1,P,P:activity_only,generated,corrected,,"arm activity_only, seed 45, final generation",seed45,False,all curated molecules (the comparator actives were in the training data),ok,-9.375,36.0,9.0,8.64818,pass
CC(=N)CCC(=O)CC(=O)c1ccc(Nc2ncc(F)c(-c3cnc(C)n3C(C)C)n2)cc1,P,P:activity_only,generated,corrected,,"arm activity_only, seed 45, final generation",seed45,False,all curated molecules (the comparator actives were in the training data),ok,-8.497,33.0,10.0,8.63266,pass
CC(=O)[N+](=CC=CC(N)=O)c1ccc(Nc2ncc(F)c(-c3cnc(C)n3C(C)C)n2)cc1,P,P:activity_only,generated,corrected,,"arm activity_only, seed 45, final generation",seed45,False,all curated molecules (the comparator actives were in the training data),ok,-9.304,33.0,7.0,8.61223,pass
C=C(C)C=[N+](CC(=O)c1ccc(Nc2ncc(F)c(-c3cnc(C)n3C(C)C)n2)cc1)NC(C)C,P,P:activity_only,generated,corrected,,"arm activity_only, seed 45, final generation",seed45,False,all curated molecules (the comparator actives were in the training data),ok,-8.795,35.0,10.0,8.60794,pass
C=C(C)c1ccc(NCC(=O)c2ccc(Nc3ncc(F)c(-c4cnc(C)n4C(C)C)n3)cc2)cc1,P,P:activity_only,generated,corrected,,"arm activity_only, seed 45, final generation",seed45,False,all curated molecules (the comparator actives were in the training data),ok,-9.131,36.0,9.0,8.59739,pass
CC(=O)C(=O)c1ccc(C(=O)c2ccc(Nc3ncc(F)c(-c4cnc(C)n4C(C)C)n3)cc2)cc1,P,P:activity_only,generated,corrected,,"arm activity_only, seed 45, final generation",seed45,False,all curated molecules (the comparator actives were in the training data),ok,-9.671,36.0,8.0,8.59692,pass
CC(C)=NCCC(=O)c1ccc(Nc2ncc(F)c(-c3cnc(C)n3C(C)C)n2)cc1,P,P:activity_only,generated,corrected,,"arm activity_only, seed 45, final generation",seed45,False,all curated molecules (the comparator actives were in the training data),ok,-8.716,31.0,8.0,8.59439,pass
C=C(C)n1c(C(=O)c2ccc(Nc3ncc(F)c(-c4cnc(C)n4C(C)C)n3)cc2)cnc1NC(=O)CC,P,P:activity_only,generated,corrected,,"arm activity_only, seed 45, final generation",seed45,False,all curated molecules (the comparator actives were in the training data),ok,-9.214,38.0,9.0,8.59381,pass
C=C(C)c1ccc(C(=O)c2ccc(Nc3ncc(F)c(-c4cnc(C)n4C(C)C)n3)cc2)cc1N,P,P:activity_only,generated,corrected,,"arm activity_only, seed 45, final generation",seed45,False,all curated molecules (the comparator actives were in the training data),ok,-9.437,35.0,8.0,8.58888,pass
C=C(C)n1c(CC(=O)c2ccc(Nc3ncc(F)c(-c4cnc(C)n4C(C)C)n3)cc2)cnc1NC(=O)CC,P,P:activity_only,generated,corrected,,"arm activity_only, seed 45, final generation",seed45,False,all curated molecules (the comparator actives were in the training data),ok,-9.197,39.0,10.0,8.58808,pass
C=C(C)C(=O)n1cncc1C(=O)c1ccc(Nc2ncc(F)c(-c3cnc(C)n3C(C)C)n2)cc1,P,P:activity_only,generated,corrected,,"arm activity_only, seed 45, final generation",seed45,True,all curated molecules (the comparator actives were in the training data),ok,-9.202,35.0,7.0,8.58715,pass
CC(=CC(=O)c1ccc(Nc2ncc(F)c(-c3cnc(C)n3C(C)C)n2)cc1)c1cnc(C)n1C(C)C,P,P:activity_only,generated,corrected,,"arm activity_only, seed 45, final generation",seed45,False,all curated molecules (the comparator actives were in the training data),ok,-9.343,37.0,8.0,8.58401,pass
C=C(C)C(=O)C(=O)C(Cl)=[N+](CC(=O)c1ccc(Nc2ncc(F)c(-c3cnc(C)n3C(C)C)n2)cc1)C(=C)C,P,P:activity_only,generated,corrected,,"arm activity_only, seed 45, final generation",seed45,False,all curated molecules (the comparator actives were in the training data),ok,-8.421,39.0,11.0,8.58189,pass
CC(=CCC(=O)c1ccc(Nc2ncc(F)c(-c3cnc(C)n3C(C)C)n2)cc1)c1cnc(C)n1C(C)C,P,P:activity_only,generated,corrected,,"arm activity_only, seed 45, final generation",seed45,False,all curated molecules (the comparator actives were in the training data),ok,-9.209,38.0,9.0,8.58118,pass
CC(=O)C(C)CCCSC(=O)CC(=O)c1ccc(Nc2ncc(F)c(-c3cnc(C)n3C(C)C)n2)cc1,P,P:activity_only,generated,corrected,,"arm activity_only, seed 46, final generation",seed46,False,all curated molecules (the comparator actives were in the training data),ok,-8.061,37.0,12.0,8.65869,pass
C=C(C)N=CS[SH](N)C(=O)CC(=O)c1ccc(Nc2ncc(F)c(-c3cnc(C)n3C(C)C)n2)cc1,P,P:activity_only,generated,corrected,,"arm activity_only, seed 46, final generation",seed46,False,all curated molecules (the comparator actives were in the training data),ok,-8.464,36.0,9.0,8.62974,pass
C=C(C)SC(C)=NS[SH](N)C(=O)CC(=O)c1ccc(Nc2ncc(F)c(-c3cnc(C)n3C(C)C)n2)cc1,P,P:activity_only,generated,corrected,,"arm activity_only, seed 46, final generation",seed46,False,all curated molecules (the comparator actives were in the training data),ok,-8.689,38.0,11.0,8.62974,pass
CC(=O)C(C)CCSC(=O)c1ccc(Nc2ncc(F)c(-c3cnc(C)n3C(C)C)n2)cc1,P,P:activity_only,generated,corrected,,"arm activity_only, seed 46, final generation",seed46,False,all curated molecules (the comparator actives were in the training data),ok,-8.352,33.0,9.0,8.62969,pass
C[SH]=C(C)CC(=O)CC(=O)c1ccc(Nc2ncc(F)c(-c3cnc(C)n3C(C)C)n2)cc1,P,P:activity_only,generated,corrected,,"arm activity_only, seed 46, final generation",seed46,False,all curated molecules (the comparator actives were in the training data),ok,-8.751,33.0,9.0,8.62787,pass
CC=C(C)C(CSC(=O)C(=O)c1ccc(Nc2ncc(F)c(-c3cnc(C)n3C(C)C)n2)cc1)NC,P,P:activity_only,generated,corrected,,"arm activity_only, seed 46, final generation",seed46,False,all curated molecules (the comparator actives were in the training data),ok,-8.814,36.0,10.0,8.61845,pass
CNC(CSC(=O)C(=O)C(=O)c1ccc(Nc2ncc(F)c(-c3cnc(C)n3C(C)C)n2)cc1)SC(C)=[SH]C,P,P:activity_only,generated,corrected,,"arm activity_only, seed 46, final generation",seed46,False,all curated molecules (the comparator actives were in the training data),ok,-8.341,39.0,11.0,8.60518,pass
CC(=O)CSC(=O)c1ccc(Nc2ncc(F)c(-c3ncc(F)c(-c4cnc(C)n4C(C)C)n3)n2)cc1,P,P:activity_only,generated,corrected,,"arm activity_only, seed 46, final generation",seed46,True,all curated molecules (the comparator actives were in the training data),ok,-7.751,37.0,8.0,8.60315,pass
CNC(CSC(=O)C(=O)c1ccc(Nc2ncc(F)c(-c3cnc(C)n3C(C)C)n2)cc1)C(C)=[SH]C,P,P:activity_only,generated,corrected,,"arm activity_only, seed 46, final generation",seed46,False,all curated molecules (the comparator actives were in the training data),ok,-8.215,36.0,10.0,8.60028,pass
CC(=O)CSC(C)=NC(C)=NC(=O)c1ccc(Nc2ncc(F)c(-c3cnc(C)n3C(C)C)n2)cc1,P,P:activity_only,generated,corrected,,"arm activity_only, seed 46, final generation",seed46,False,all curated molecules (the comparator actives were in the training data),ok,-8.735,36.0,7.0,8.59874,pass
CC(C)=C(C)c1ccc(C(=O)c2ccc(Nc3ncc(F)c(-c4cnc(C)n4C(C)C)n3)cc2)cc1,P,P:activity_only,generated,corrected,,"arm activity_only, seed 46, final generation",seed46,False,all curated molecules (the comparator actives were in the training data),ok,-9.425,36.0,7.0,8.59433,pass
C[SH]=C(C)SC(=O)c1ccc(-c2ccc(Nc3ncc(F)c(-c4cnc(C)n4C(C)C)n3)cc2)cc1,P,P:activity_only,generated,corrected,,"arm activity_only, seed 46, final generation",seed46,False,all curated molecules (the comparator actives were in the training data),ok,-8.614,36.0,6.0,8.5918,pass
C=C(C)SC(C)=NNCC(=O)c1ccc(Nc2ncc(F)c(-c3cnc(C)n3C(C)C)n2)cc1,P,P:activity_only,generated,corrected,,"arm activity_only, seed 46, final generation",seed46,False,all curated molecules (the comparator actives were in the training data),ok,-8.417,34.0,9.0,8.5916,pass
CC(=NNCC(=O)c1ccc(Nc2ncc(F)c(-c3cnc(C)n3C(C)C)n2)cc1)C(C)C,P,P:activity_only,generated,corrected,,"arm activity_only, seed 46, final generation",seed46,False,all curated molecules (the comparator actives were in the training data),ok,-8.764,33.0,9.0,8.59092,pass
C=C(C)N=CSC(=O)c1ccc(Nc2ccc(Nc3ncc(F)c(-c4cnc(C)n4C(C)C)n3)cc2)cc1,P,P:activity_only,generated,corrected,,"arm activity_only, seed 46, final generation",seed46,False,all curated molecules (the comparator actives were in the training data),ok,-8.944,38.0,8.0,8.59079,pass
CN=C(C)SC(=O)C(=O)c1ccc(Nc2ncc(F)c(-c3cnc(C)n3C(C)C)n2)cc1,P,P:activity_only,generated,corrected,,"arm activity_only, seed 46, final generation",seed46,True,all curated molecules (the comparator actives were in the training data),ok,-8.762,32.0,6.0,8.58897,pass
C[SH]=C(C)CSCC(=O)c1ccc(Nc2ncc(F)c(-c3cnc(C)n3C(C)C)n2)cc1,P,P:activity_only,generated,corrected,,"arm activity_only, seed 46, final generation",seed46,False,all curated molecules (the comparator actives were in the training data),ok,-8.549,32.0,9.0,8.58688,pass
CC(=O)C(=O)c1ccc(Nc2ncc(F)c(Nc3ncc(F)c(-c4cnc(C)n4C(C)C)n3)n2)cc1,P,P:activity_only,generated,corrected,,"arm activity_only, seed 46, final generation",seed46,False,all curated molecules (the comparator actives were in the training data),ok,-8.548,36.0,8.0,8.58545,pass
CC(=NCC(=O)c1ccc(Nc2ncc(F)c(-c3cnc(C)n3C(C)C)n2)cc1)SC(=O)CO,P,P:activity_only,generated,corrected,,"arm activity_only, seed 46, final generation",seed46,False,all curated molecules (the comparator actives were in the training data),ok,-8.413,34.0,9.0,8.58425,pass
C=C(C)c1ccc(SC(=O)C(=O)c2ccc(Nc3ncc(F)c(-c4cnc(C)n4C(C)C)n3)cc2)cc1,P,P:activity_only,generated,corrected,,"arm activity_only, seed 46, final generation",seed46,False,all curated molecules (the comparator actives were in the training data),ok,-9.369,37.0,8.0,8.5838,pass
C[SH]=C(C)c1ccc(C(=O)C(=O)c2ccc(Nc3ncc(F)c(-c4cnc(C)n4C(C)C)n3)cc2)cc1,P,P:activity_only,generated,corrected,,"arm activity_only, seed 46, final generation",seed46,False,all curated molecules (the comparator actives were in the training data),ok,-9.352,37.0,8.0,8.58307,pass
Cc1ncc(-c2nc(-c3nc(Nc4ccc(C(=O)CO)c(F)c4)ncc3F)ncc2F)n1C(C)C,P,P:activity_only,generated,corrected,,"arm activity_only, seed 46, final generation",seed46,False,all curated molecules (the comparator actives were in the training data),ok,-8.435,35.0,8.0,8.58287,pass
Cc1ncc(-c2nc(Nc3ccc(C(=O)CC(=O)CCCN(CCS)[SH](=O)=O)cc3)ncc2F)n1C(C)C,P,P:activity_only,generated,corrected,,"arm activity_only, seed 46, final generation",seed46,False,all curated molecules (the comparator actives were in the training data),ok,-8.013,38.0,15.0,8.57731,pass
Cc1ncc(-c2nc(Nc3ccc(C(=O)CC(=O)CCC(O)C[C@H](C)[C@H](C)O)cc3)ncc2F)n1C(C)C,P,P:activity_only,generated,corrected,,"arm activity_only, seed 46, final generation",seed46,False,all curated molecules (the comparator actives were in the training data),ok,-8.258,38.0,15.0,8.57465,pass
CCC(C)=NCC(=O)c1ccc(Nc2ncc(F)c(-c3cnc(C)n3C(C)C)n2)cc1,P,P:activity_only,generated,corrected,,"arm activity_only, seed 46, final generation",seed46,False,all curated molecules (the comparator actives were in the training data),ok,-8.84,31.0,8.0,8.57202,pass
CC(=O)C(C)CCCSc1ccc(Nc2ncc(F)c(-c3cnc(C)n3C(C)C)n2)cc1,P,P:activity_only,generated,corrected,,"arm activity_only, seed 46, final generation",seed46,False,all curated molecules (the comparator actives were in the training data),ok,-8.277,32.0,10.0,8.57131,pass
CC(=O)Nc1ccc(-c2ccc(N3CCOCC3)cc2)cc1,P,P:druglike_only,generated,corrected,,"arm druglike_only, seed 42, final generation",seed42,False,all curated molecules (the comparator actives were in the training data),ok,-7.657,22.0,3.0,6.25383,pass
CC(=O)Nc1ccc(-c2ccc(CN3CCOCC3)cc2)cc1,P,P:druglike_only,generated,corrected,,"arm druglike_only, seed 42, final generation",seed42,False,all curated molecules (the comparator actives were in the training data),ok,-7.713,23.0,4.0,6.05318,pass
COc1ccc(C(=O)Nc2ccc(N(C)C)cc2)cc1Cl,P,P:druglike_only,generated,corrected,,"arm druglike_only, seed 42, final generation",seed42,False,all curated molecules (the comparator actives were in the training data),ok,-7.582,21.0,4.0,5.75066,pass
CC(=O)Nc1ccc(-c2ccc(C(=O)N3CCOCC3)cc2)cc1,P,P:druglike_only,generated,corrected,,"arm druglike_only, seed 42, final generation",seed42,False,all curated molecules (the comparator actives were in the training data),ok,-7.812,24.0,3.0,6.11155,pass
CN(C)S(=O)(=O)c1ccc(-c2ccc(CO)cc2)cc1,P,P:druglike_only,generated,corrected,,"arm druglike_only, seed 42, final generation",seed42,False,all curated molecules (the comparator actives were in the training data),ok,-6.807,20.0,5.0,6.96036,pass
CN1CCCN(c2ccc(Nc3ccccc3)cc2)CC1,P,P:druglike_only,generated,corrected,,"arm druglike_only, seed 42, final generation",seed42,False,all curated molecules (the comparator actives were in the training data),ok,-6.382,21.0,3.0,6.13876,pass
CN1CCN(c2ccc(-c3ccccc3CO)cc2)CC1,P,P:druglike_only,generated,corrected,,"arm druglike_only, seed 42, final generation",seed42,False,all curated molecules (the comparator actives were in the training data),ok,-7.206,21.0,4.0,5.64906,pass
COc1ccc(Nc2ccc(S(=O)(=O)N(C)C)cc2)cc1,P,P:druglike_only,generated,corrected,,"arm druglike_only, seed 42, final generation",seed42,False,all curated molecules (the comparator actives were in the training data),ok,-7.344,21.0,5.0,7.05576,pass
Fc1ccccc1NCc1ccc(N2CCOCC2)cc1,P,P:druglike_only,generated,corrected,,"arm druglike_only, seed 42, final generation",seed42,False,all curated molecules (the comparator actives were in the training data),ok,-7.592,21.0,4.0,6.3196,pass
Cc1ccc(Nc2ccc(S(=O)(=O)N3CCOCC3)cc2)cc1,P,P:druglike_only,generated,corrected,,"arm druglike_only, seed 42, final generation",seed42,False,all curated molecules (the comparator actives were in the training data),ok,-7.902,23.0,4.0,6.67819,pass
Fc1ccccc1Nc1ccc(N2CCOCC2)cc1,P,P:druglike_only,generated,corrected,,"arm druglike_only, seed 42, final generation",seed42,False,all curated molecules (the comparator actives were in the training data),ok,-7.499,20.0,3.0,6.20993,pass
COc1ccc(Nc2ccc(N3CCOCC3)c(C)c2)cc1,P,P:druglike_only,generated,corrected,,"arm druglike_only, seed 42, final generation",seed42,False,all curated molecules (the comparator actives were in the training data),ok,-8.008,22.0,4.0,6.27569,pass
CN(C)c1ccc(Nc2ccc(N3CCOCC3)cc2)cc1,P,P:druglike_only,generated,corrected,,"arm druglike_only, seed 42, final generation",seed42,False,all curated molecules (the comparator actives were in the training data),ok,-7.209,22.0,4.0,6.13395,pass
Clc1cc(Nc2ccccc2)ccc1N1CCOCC1,P,P:druglike_only,generated,corrected,,"arm druglike_only, seed 42, final generation",seed42,False,all curated molecules (the comparator actives were in the training data),ok,-7.744,20.0,3.0,6.13256,pass
Clc1cc(Nc2ccccc2)ccc1CN1CCOCC1,P,P:druglike_only,generated,corrected,,"arm druglike_only, seed 42, final generation",seed42,False,all curated molecules (the comparator actives were in the training data),ok,-8.014,21.0,4.0,6.11555,pass
Cc1cc(C(=O)NC(C)C)ccc1-c1ccc(N(C)C)cc1,P,P:druglike_only,generated,corrected,,"arm druglike_only, seed 42, final generation",seed42,False,all curated molecules (the comparator actives were in the training data),ok,-7.215,22.0,4.0,5.67707,pass
CN(C)C(=O)c1ccccc1Nc1ccc(N2CCOCC2)cc1,P,P:druglike_only,generated,corrected,,"arm druglike_only, seed 42, final generation",seed42,False,all curated molecules (the comparator actives were in the training data),ok,-7.775,24.0,4.0,5.72517,pass
COc1ccc(Nc2ccc(N3CCOCC3)cc2)cc1Cl,P,P:druglike_only,generated,corrected,,"arm druglike_only, seed 42, final generation",seed42,False,all curated molecules (the comparator actives were in the training data),ok,-7.769,22.0,4.0,6.14057,pass
Cc1cc(C(=O)N(C)C)ccc1-c1ccccc1CO,P,P:druglike_only,generated,corrected,,"arm druglike_only, seed 42, final generation",seed42,False,all curated molecules (the comparator actives were in the training data),ok,-7.694,20.0,4.0,5.13895,pass
CC(=O)Nc1ccc(-c2ccc(N3CCSCC3)cc2)cc1,P,P:druglike_only,generated,corrected,,"arm druglike_only, seed 42, final generation",seed42,False,all curated molecules (the comparator actives were in the training data),ok,-7.655,22.0,3.0,6.18698,pass
CN1CCN(c2ccc(-c3ccc(CO)cn3)cc2)CC1,P,P:druglike_only,generated,corrected,,"arm druglike_only, seed 42, final generation",seed42,False,all curated molecules (the comparator actives were in the training data),ok,-6.961,21.0,4.0,5.91125,pass
CN(C)c1ccc(Nc2ccc(S(=O)(=O)N(C)C)cc2)cc1,P,P:druglike_only,generated,corrected,,"arm druglike_only, seed 42, final generation",seed42,False,all curated molecules (the comparator actives were in the training data),ok,-7.502,22.0,5.0,6.96961,pass
CCc1ccc(CNc2ccc(N3CCOCC3)cc2)cc1,P,P:druglike_only,generated,corrected,,"arm druglike_only, seed 42, final generation",seed42,False,all curated molecules (the comparator actives were in the training data),ok,-8.275,22.0,5.0,6.26744,pass
Fc1ccccc1NCCc1ccc(N2CCOCC2)cc1,P,P:druglike_only,generated,corrected,,"arm druglike_only, seed 42, final generation",seed42,False,all curated molecules (the comparator actives were in the training data),ok,-7.787,22.0,5.0,6.28728,pass
CN1CCN(c2ccc(-c3ccc(CO)nc3)cc2)CC1,P,P:druglike_only,generated,corrected,,"arm druglike_only, seed 42, final generation",seed42,False,all curated molecules (the comparator actives were in the training data),ok,-6.87,21.0,4.0,5.82333,pass
O=C(Nc1ccccc1)c1ccc(C(=O)N2CCCC2)cc1,P,P:druglike_only,generated,corrected,,"arm druglike_only, seed 43, final generation",seed43,False,all curated molecules (the comparator actives were in the training data),ok,-7.766,22.0,3.0,5.96567,pass
COc1ccc(C(=O)Nc2ccc(Cl)cc2)cc1OC,P,P:druglike_only,generated,corrected,,"arm druglike_only, seed 43, final generation",seed43,False,all curated molecules (the comparator actives were in the training data),ok,-7.414,20.0,4.0,5.86593,pass
O=C(Nc1ccc(Cl)cc1)c1ccc(N2CCOCC2)cc1,P,P:druglike_only,generated,corrected,,"arm druglike_only, seed 43, final generation",seed43,False,all curated molecules (the comparator actives were in the training data),ok,-7.998,22.0,3.0,6.43169,pass
O=C(c1ccc(Nc2ccc(Cl)cc2)cc1)N1CCOCC1,P,P:druglike_only,generated,corrected,,"arm druglike_only, seed 43, final generation",seed43,False,all curated molecules (the comparator actives were in the training data),ok,-8.644,22.0,3.0,6.29516,pass
COc1ccc(-c2ccc(F)cc2C(=O)O)cc1OC,P,P:druglike_only,generated,corrected,,"arm druglike_only, seed 43, final generation",seed43,False,all curated molecules (the comparator actives were in the training data),ok,-7.933,20.0,4.0,5.74223,pass
Clc1ccc(NCc2ccc(N3CCOCC3)cc2)cc1,P,P:druglike_only,generated,corrected,,"arm druglike_only, seed 43, final generation",seed43,False,all curated molecules (the comparator actives were in the training data),ok,-7.691,21.0,4.0,6.41185,pass
COc1ccc(-c2ccc(N3CCNCC3)cc2)cc1,P,P:druglike_only,generated,corrected,,"arm druglike_only, seed 43, final generation",seed43,False,all curated molecules (the comparator actives were in the training data),ok,-7.251,20.0,3.0,5.75636,pass
COc1cccc(C(=O)Nc2ccc(C3CCC3)cc2)c1,P,P:druglike_only,generated,corrected,,"arm druglike_only, seed 43, final generation",seed43,False,all curated molecules (the comparator actives were in the training data),ok,-7.799,21.0,4.0,6.084,pass
COc1ccc(-c2ccc(N3CCNCC3)cc2)c(OC)c1,P,P:druglike_only,generated,corrected,,"arm druglike_only, seed 43, final generation",seed43,False,all curated molecules (the comparator actives were in the training data),ok,-7.278,22.0,4.0,5.54573,pass
COc1cccc(-c2ccc(N3CCNCC3)cc2)c1,P,P:druglike_only,generated,corrected,,"arm druglike_only, seed 43, final generation",seed43,False,all curated molecules (the comparator actives were in the training data),ok,-7.641,20.0,3.0,5.66366,pass
CN1CCN(C(=O)c2ccc(CNc3ccc(Cl)cc3)cc2)CC1,P,P:druglike_only,generated,corrected,,"arm druglike_only, seed 43, final generation",seed43,False,all curated molecules (the comparator actives were in the training data),ok,-8.163,24.0,4.0,6.09335,pass
COc1ccc(CNc2ccc(N3CCOCC3)cc2)cc1,P,P:druglike_only,generated,corrected,,"arm druglike_only, seed 43, final generation",seed43,False,all curated molecules (the comparator actives were in the training data),ok,-7.658,22.0,5.0,6.19778,pass
O=C(c1ccc(-c2ccc(N3CCNCC3)cc2)cc1)N1CCCC1,P,P:druglike_only,generated,corrected,,"arm druglike_only, seed 43, final generation",seed43,False,all curated molecules (the comparator actives were in the training data),ok,-7.827,25.0,3.0,5.61031,pass
COc1ccc(C(=O)NCCc2ccccc2)cc1OC,P,P:druglike_only,generated,corrected,,"arm druglike_only, seed 43, final generation",seed43,False,all curated molecules (the comparator actives were in the training data),ok,-7.305,21.0,6.0,5.73086,pass
Cc1ccc(CNC(=O)c2ccc(F)cc2C(=O)N2CCCC2)cc1,P,P:druglike_only,generated,corrected,,"arm druglike_only, seed 43, final generation",seed43,False,all curated molecules (the comparator actives were in the training data),ok,-9.06,25.0,4.0,6.31498,pass
COCc1cccc(-c2ccc(N3CCNCC3)cc2)c1,P,P:druglike_only,generated,corrected,,"arm druglike_only, seed 43, final generation",seed43,False,all curated molecules (the comparator actives were in the training data),ok,-7.42,21.0,4.0,5.59463,pass
Cc1ccccc1C(=O)Nc1ccc(S(C)(=O)=O)cc1,P,P:druglike_only,generated,corrected,,"arm druglike_only, seed 44, final generation",seed44,False,all curated molecules (the comparator actives were in the training data),ok,-7.483,20.0,3.0,6.81088,pass
CN1CCN(C(=O)c2ccc(Nc3ccccc3)cc2)CC1,P,P:druglike_only,generated,corrected,,"arm druglike_only, seed 44, final generation",seed44,False,all curated molecules (the comparator actives were in the training data),ok,-7.831,22.0,3.0,5.95363,pass
COc1ccccc1NC(=O)c1ccc(N2CCN(C)CC2)cc1,P,P:druglike_only,generated,corrected,,"arm druglike_only, seed 44, final generation",seed44,False,all curated molecules (the comparator actives were in the training data),ok,-7.548,24.0,4.0,5.71105,pass
Cc1ccccc1C(=O)Nc1ccc(C(=O)N2CCN(C)CC2)cc1,P,P:druglike_only,generated,corrected,,"arm druglike_only, seed 44, final generation",seed44,False,all curated molecules (the comparator actives were in the training data),ok,-7.77,25.0,3.0,5.98063,pass
CS(=O)(=O)NC(=O)Cc1ccc(-c2ccccc2)cc1,P,P:druglike_only,generated,corrected,,"arm druglike_only, seed 44, final generation",seed44,False,all curated molecules (the comparator actives were in the training data),ok,-7.502,20.0,4.0,5.93609,pass
CCCc1ccc(NC(=O)c2ccc(S(C)(=O)=O)cc2)cc1,P,P:druglike_only,generated,corrected,,"arm druglike_only, seed 44, final generation",seed44,False,all curated molecules (the comparator actives were in the training data),ok,-7.881,22.0,5.0,6.93463,pass
CC(=O)Nc1ccc(CNC(=O)c2ccccc2C)cc1,P,P:druglike_only,generated,corrected,,"arm druglike_only, seed 44, final generation",seed44,False,all curated molecules (the comparator actives were in the training data),ok,-7.749,21.0,4.0,5.86294,pass
CN1CCN(C(=O)NC(=O)c2ccc(Cc3ccccc3)cc2)CC1,P,P:druglike_only,generated,corrected,,"arm druglike_only, seed 44, final generation",seed44,False,all curated molecules (the comparator actives were in the training data),ok,-9.014,25.0,3.0,5.92295,pass
CCc1ccc(-c2cc(N3CCN(C)CC3)ccc2O)cc1,P,P:druglike_only,generated,corrected,,"arm druglike_only, seed 44, final generation",seed44,False,all curated molecules (the comparator actives were in the training data),ok,-8.093,22.0,4.0,5.80363,pass
CCc1ccc(Cc2ccc(O)c(C(=O)N(C)C)c2)cc1,P,P:druglike_only,generated,corrected,,"arm druglike_only, seed 44, final generation",seed44,False,all curated molecules (the comparator actives were in the training data),ok,-7.958,21.0,5.0,5.16182,pass
CN(C)C(=O)Cc1ccc(C(=O)NC2CCCCC2)cc1,P,P:druglike_only,generated,corrected,,"arm druglike_only, seed 44, final generation",seed44,False,all curated molecules (the comparator actives were in the training data),ok,-7.284,21.0,4.0,5.92526,pass
CN1CCN(Cc2ccc(C(=O)NC3CCC3)cc2)CC1,P,P:druglike_only,generated,corrected,,"arm druglike_only, seed 44, final generation",seed44,False,all curated molecules (the comparator actives were in the training data),ok,-7.299,21.0,4.0,6.44788,pass
CC(=O)Cc1ccc(NC(=O)NC(=O)c2ccccc2)cc1,P,P:druglike_only,generated,corrected,,"arm druglike_only, seed 44, final generation",seed44,False,all curated molecules (the comparator actives were in the training data),ok,-8.13,22.0,4.0,6.07903,pass
Cc1ccccc1-c1ccc(O)c(C(=O)N2CCN(C)CC2)c1,P,P:druglike_only,generated,corrected,,"arm druglike_only, seed 44, final generation",seed44,False,all curated molecules (the comparator actives were in the training data),ok,-7.493,23.0,3.0,5.79505,pass
CS(=O)(=O)c1ccc(NC(=O)c2ccc(S(C)(=O)=O)cc2)cc1,P,P:druglike_only,generated,corrected,,"arm druglike_only, seed 44, final generation",seed44,False,all curated molecules (the comparator actives were in the training data),ok,-7.275,23.0,4.0,6.9452,pass
CN1CCN(Cc2ccc(O)c(-c3cccnc3)c2)CC1,P,P:druglike_only,generated,corrected,,"arm druglike_only, seed 44, final generation",seed44,False,all curated molecules (the comparator actives were in the training data),ok,-8.015,21.0,4.0,6.13155,pass
Cc1ccccc1CCc1cc(N2CCN(C)CC2)ccc1O,P,P:druglike_only,generated,corrected,,"arm druglike_only, seed 44, final generation",seed44,False,all curated molecules (the comparator actives were in the training data),ok,-8.656,23.0,5.0,5.56999,pass
Cc1ccccc1NC(=O)c1ccc(CC2CC2)cc1,P,P:druglike_only,generated,corrected,,"arm druglike_only, seed 44, final generation",seed44,False,all curated molecules (the comparator actives were in the training data),ok,-7.864,20.0,4.0,5.77089,pass
O=C(c1cccc(Nc2ccccc2)c1)N1CCOCC1,P,P:druglike_only,generated,corrected,,"arm druglike_only, seed 45, final generation",seed45,False,all curated molecules (the comparator actives were in the training data),ok,-8.428,21.0,3.0,6.01958,pass
COc1ccc(-c2cccc(C(=O)N3CCCNCC3)c2)cc1,P,P:druglike_only,generated,corrected,,"arm druglike_only, seed 45, final generation",seed45,False,all curated molecules (the comparator actives were in the training data),ok,-6.625,23.0,3.0,5.88591,pass
O=C(NCc1ccccc1)c1cccc(N2CCCCC2)n1,P,P:druglike_only,generated,corrected,,"arm druglike_only, seed 45, final generation",seed45,False,all curated molecules (the comparator actives were in the training data),ok,-8.437,22.0,4.0,5.91569,pass
O=C(Nc1ccccc1)c1cccc(CN2CCCCC2)n1,P,P:druglike_only,generated,corrected,,"arm druglike_only, seed 45, final generation",seed45,False,all curated molecules (the comparator actives were in the training data),ok,-7.862,22.0,4.0,5.78265,pass
O=C(Nc1ccccc1)c1cccc(CCN2CCOCC2)c1,P,P:druglike_only,generated,corrected,,"arm druglike_only, seed 45, final generation",seed45,False,all curated molecules (the comparator actives were in the training data),ok,-8.242,23.0,5.0,5.79794,pass
O=C(NCc1ccccc1)c1cccc(N2CCOCC2)n1,P,P:druglike_only,generated,corrected,,"arm druglike_only, seed 45, final generation",seed45,False,all curated molecules (the comparator actives were in the training data),ok,-7.937,22.0,4.0,6.06968,pass
O=C(NC1CCCCC1)c1cccc(CN2CCOCC2)c1,P,P:druglike_only,generated,corrected,,"arm druglike_only, seed 45, final generation",seed45,False,all curated molecules (the comparator actives were in the training data),ok,-8.216,22.0,4.0,5.88607,pass
c1ccc(CNc2cccc(CN3CCOCC3)c2)cc1,P,P:druglike_only,generated,corrected,,"arm druglike_only, seed 45, final generation",seed45,False,all curated molecules (the comparator actives were in the training data),ok,-7.996,21.0,5.0,5.87222,pass
CN(C)CC(=O)NCc1cccc(-c2ccccc2)c1,P,P:druglike_only,generated,corrected,,"arm druglike_only, seed 45, final generation",seed45,False,all curated molecules (the comparator actives were in the training data),ok,-7.845,20.0,5.0,5.50482,pass
CCN1CCCN(c2cccc(Nc3ccccc3)n2)CC1,P,P:druglike_only,generated,corrected,,"arm druglike_only, seed 45, final generation",seed45,False,all curated molecules (the comparator actives were in the training data),ok,-6.386,22.0,4.0,5.92233,pass
O=C(Nc1ccccc1)c1ccc(N2CCCCC2)cc1O,P,P:druglike_only,generated,corrected,,"arm druglike_only, seed 45, final generation",seed45,False,all curated molecules (the comparator actives were in the training data),ok,-8.098,22.0,4.0,6.09677,pass
CN(C)C(=O)c1ccc(F)c(Nc2c(F)cccc2F)c1,P,P:druglike_only,generated,corrected,,"arm druglike_only, seed 45, final generation",seed45,False,all curated molecules (the comparator actives were in the training data),ok,-7.798,21.0,3.0,5.87578,pass
O=C(Nc1ccccc1)NC1CCN(c2ccccn2)CC1,P,P:druglike_only,generated,corrected,,"arm druglike_only, seed 45, final generation",seed45,False,all curated molecules (the comparator actives were in the training data),ok,-7.303,22.0,3.0,6.14169,pass
c1ccc(CCN2CCC(Nc3ccccc3)CC2)cc1,P,P:druglike_only,generated,corrected,,"arm druglike_only, seed 45, final generation",seed45,False,all curated molecules (the comparator actives were in the training data),ok,-7.427,21.0,5.0,5.93506,pass
NS(=O)(=O)c1ccccc1CC1CCN(c2ccccc2)CC1,P,P:druglike_only,generated,corrected,,"arm druglike_only, seed 45, final generation",seed45,False,all curated molecules (the comparator actives were in the training data),ok,-7.465,23.0,5.0,5.64954,pass
Cc1ccc(N2CCOCC2)cc1NCCc1ccccc1,P,P:druglike_only,generated,corrected,,"arm druglike_only, seed 45, final generation",seed45,False,all curated molecules (the comparator actives were in the training data),ok,-8.371,22.0,5.0,5.78361,pass
O=C(Nc1ccccc1)Nc1ccc(N2CCOCC2)nc1,P,P:druglike_only,generated,corrected,,"arm druglike_only, seed 45, final generation",seed45,False,all curated molecules (the comparator actives were in the training data),ok,-7.603,22.0,3.0,6.16009,pass
CNCc1ccccc1-c1cccc(CN2CCOCC2)c1,P,P:druglike_only,generated,corrected,,"arm druglike_only, seed 45, final generation",seed45,False,all curated molecules (the comparator actives were in the training data),ok,-8.107,22.0,5.0,5.94009,pass
CN1CCCN(NCc2cccc(-c3ccccc3)c2)CC1,P,P:druglike_only,generated,corrected,,"arm druglike_only, seed 45, final generation",seed45,False,all curated molecules (the comparator actives were in the training data),ok,-6.761,22.0,4.0,5.80101,pass
O=C(NC1CCCCC1)c1ccc(N2CCOCC2)nc1,P,P:druglike_only,generated,corrected,,"arm druglike_only, seed 45, final generation",seed45,False,all curated molecules (the comparator actives were in the training data),ok,-7.137,21.0,3.0,6.17059,pass
c1ccc(Nc2cccc(OCN3CCOCC3)c2)cc1,P,P:druglike_only,generated,corrected,,"arm druglike_only, seed 45, final generation",seed45,False,all curated molecules (the comparator actives were in the training data),ok,-7.974,21.0,5.0,5.92734,pass
O=C(c1cccc(CCN2CCCCC2)c1)N1CCCNCC1,P,P:druglike_only,generated,corrected,,"arm druglike_only, seed 45, final generation",seed45,False,all curated molecules (the comparator actives were in the training data),ok,-6.46,23.0,4.0,5.43493,pass
O=C(c1ccc(O)cc1)N1CCN(Cc2ccccc2)CC1,P,P:druglike_only,generated,corrected,,"arm druglike_only, seed 46, final generation",seed46,False,all curated molecules (the comparator actives were in the training data),ok,-7.276,22.0,4.0,6.05327,pass
O=C(Cc1ccccc1)N1CCN(c2ccc(O)cc2)CC1,P,P:druglike_only,generated,corrected,,"arm druglike_only, seed 46, final generation",seed46,False,all curated molecules (the comparator actives were in the training data),ok,-7.077,22.0,4.0,5.803,pass
Cc1ccc(Cl)c(CC(=O)NC(=O)c2ccccc2)c1,P,P:druglike_only,generated,corrected,,"arm druglike_only, seed 46, final generation",seed46,False,all curated molecules (the comparator actives were in the training data),ok,-7.751,20.0,3.0,6.12217,pass
O=C(Nc1ccccc1)N1CCN(c2ccccc2)CC1,P,P:druglike_only,generated,corrected,,"arm druglike_only, seed 46, final generation",seed46,False,all curated molecules (the comparator actives were in the training data),ok,-7.155,21.0,2.0,6.45463,pass
O=C(NCc1cccnc1)C1CCN(c2ccccc2)CC1,P,P:druglike_only,generated,corrected,,"arm druglike_only, seed 46, final generation",seed46,False,all curated molecules (the comparator actives were in the training data),ok,-7.466,22.0,4.0,6.27402,pass
Cc1ccccc1C(=O)Nc1ccc(N2CCCN(C)CC2)cc1,P,P:druglike_only,generated,corrected,,"arm druglike_only, seed 46, final generation",seed46,False,all curated molecules (the comparator actives were in the training data),ok,-6.342,24.0,3.0,6.22524,pass
Cc1ccccc1C(=O)NC(=O)Cc1cccc(F)c1,P,P:druglike_only,generated,corrected,,"arm druglike_only, seed 46, final generation",seed46,False,all curated molecules (the comparator actives were in the training data),ok,-8.144,20.0,3.0,6.1662,pass
Cc1cccc(CC(=O)NC(=O)c2cccc(F)c2)c1,P,P:druglike_only,generated,corrected,,"arm druglike_only, seed 46, final generation",seed46,False,all curated molecules (the comparator actives were in the training data),ok,-8.397,20.0,3.0,6.45746,pass
Cc1ccccc1C(=O)NC(=O)Cc1ccccc1F,P,P:druglike_only,generated,corrected,,"arm druglike_only, seed 46, final generation",seed46,False,all curated molecules (the comparator actives were in the training data),ok,-8.141,20.0,3.0,6.24741,pass
Cc1ccccc1NC(=O)N1CCN(c2ccccc2)CC1,P,P:druglike_only,generated,corrected,,"arm druglike_only, seed 46, final generation",seed46,False,all curated molecules (the comparator actives were in the training data),ok,-6.787,22.0,2.0,6.01282,pass
O=C(NCc1cccnc1)N1CCN(Cc2ccccc2)CC1,P,P:druglike_only,generated,corrected,,"arm druglike_only, seed 46, final generation",seed46,False,all curated molecules (the comparator actives were in the training data),ok,-7.096,23.0,4.0,6.24096,pass
Cc1cccc(C(=O)NC(=O)Cc2cc(C)ccc2Cl)c1,P,P:druglike_only,generated,corrected,,"arm druglike_only, seed 46, final generation",seed46,False,all curated molecules (the comparator actives were in the training data),ok,-8.203,21.0,3.0,6.16017,pass
Cc1cccc(CC(=O)NC(=O)Cc2ccccc2)c1,P,P:druglike_only,generated,corrected,,"arm druglike_only, seed 46, final generation",seed46,False,all curated molecules (the comparator actives were in the training data),ok,-7.96,20.0,4.0,6.10002,pass
O=C(O)N1CCN(C(=O)c2ccc(CCc3ccccc3)cc2)CC1,P,P:druglike_only,generated,corrected,,"arm druglike_only, seed 46, final generation",seed46,False,all curated molecules (the comparator actives were in the training data),ok,-8.32,25.0,4.0,5.76579,pass
Cc1cccc(N2CCN(C(=O)NCc3ccccc3C)CC2)c1,P,P:druglike_only,generated,corrected,,"arm druglike_only, seed 46, final generation",seed46,False,all curated molecules (the comparator actives were in the training data),ok,-8.07,24.0,3.0,6.22917,pass
Cc1cccc(NC(=O)N2CCN(COc3ccccc3)CC2)c1,P,P:druglike_only,generated,corrected,,"arm druglike_only, seed 46, final generation",seed46,False,all curated molecules (the comparator actives were in the training data),ok,-7.528,24.0,4.0,6.44272,pass
Cc1cccc(C(=O)Nc2ccc(S(N)(=O)=O)cc2)c1,P,P:druglike_only,generated,corrected,,"arm druglike_only, seed 46, final generation",seed46,False,all curated molecules (the comparator actives were in the training data),ok,-8.154,20.0,4.0,7.37704,pass
Cc1ccccc1NC(=O)c1ccnc(N2CCCOCC2)c1,P,P:druglike_only,generated,corrected,,"arm druglike_only, seed 46, final generation",seed46,False,all curated molecules (the comparator actives were in the training data),ok,-6.272,23.0,3.0,5.86974,pass
NS(=O)(=O)c1ccc(C(=O)Nc2ccccc2F)cc1,P,P:druglike_only,generated,corrected,,"arm druglike_only, seed 46, final generation",seed46,False,all curated molecules (the comparator actives were in the training data),ok,-8.26,20.0,4.0,7.26601,pass
CCc1cnn2c(NCc3ccc[n+]([O-])c3)cc(N3CCCCC3CCO)nc12,P,P:pareto_front,generated,corrected,,pooled front (activity_only),front,False,all curated molecules (the comparator actives were in the training data),ok,-9.605,29.0,7.0,8.88689,pass
CCc1cnn2c(NCc3ccc[n+]([O-])c3)cc(N3CCCCC[C@H]3CCO)nc12,P,P:pareto_front,generated,corrected,,pooled front (activity_only),front,False,all curated molecules (the comparator actives were in the training data),ok,-7.646,30.0,7.0,8.81877,pass
CCc1cnn2c(NCc3ccc[n+]([O-])c3)cc(CN3CCCC[C@H]3CCO)nc12,P,P:pareto_front,generated,corrected,,pooled front (activity_only),front,False,all curated molecules (the comparator actives were in the training data),ok,-9.17,30.0,9.0,8.68471,pass
CC(=O)c1ccc(NC(=O)CC(=O)c2ccc(Nc3ncc(F)c(-c4cnc(C)n4C(C)C)n3)cc2)cc1,P,P:pareto_front,generated,corrected,,pooled front (activity_only),front,False,all curated molecules (the comparator actives were in the training data),ok,-9.183,38.0,9.0,8.6542,pass
CC(C)=Cc1cccc2[nH]c(O)c(N=Nc3ccc(-c4ccc(S(N)(=O)=O)cc4)nc3)c12,P,P:pareto_front,generated,corrected,,pooled front (activity_only),front,False,all curated molecules (the comparator actives were in the training data),ok,-8.119,32.0,7.0,8.65201,pass
CC(=O)CC(=O)c1ccc(Nc2ncc(F)c(-c3cnc(C)n3C(C)C)n2)cc1,P,P:pareto_front,generated,corrected,,pooled front (activity_only),front,False,all curated molecules (the comparator actives were in the training data),ok,-8.726,29.0,7.0,8.64376,pass
CCc1cnn2c(NCc3ccc[n+]([O-])c3)cc(N3CCCCC3CO)nc12,P,P:pareto_front,generated,corrected,,pooled front (activity_only),front,False,all curated molecules (the comparator actives were in the training data),ok,-9.466,28.0,6.0,8.6402,pass
CCc1cnn2c(NCc3ccc[n+]([O-])c3)cc(N3CCCC[C@H]3CO)nc12,P,P:pareto_front,generated,corrected,,pooled front (activity_only),front,False,all curated molecules (the comparator actives were in the training data),ok,-8.376,28.0,6.0,8.6402,pass
CN[C@@H]1CCN(C(=O)c2ccc(Nc3ncc(F)c(-c4cnc(C)n4C(C)C)n3)cc2)C1,P,P:pareto_front,generated,corrected,,pooled front (activity_only),front,False,all curated molecules (the comparator actives were in the training data),ok,-9.274,32.0,6.0,8.63721,pass
CC(C)=Cc1ccc(Nc2ncc(F)c(-c3cnc(C)n3C(C)C)n2)cc1F,P,P:pareto_front,generated,corrected,,pooled front (activity_only),front,False,all curated molecules (the comparator actives were in the training data),ok,-9.144,28.0,5.0,8.61482,pass
CC(=O)c1ccc(Nc2ncc(F)c(-c3cnc(C)n3C(C)C)n2)cc1,P,P:pareto_front,generated,corrected,,pooled front (activity_only),front,False,all curated molecules (the comparator actives were in the training data),ok,-8.77,26.0,5.0,8.60082,pass
CNC(=O)c1ccc(Nc2ncc(F)c(-c3cnc(C)n3C(C)C)n2)cc1F,P,P:pareto_front,generated,corrected,,pooled front (activity_only),front,False,all curated molecules (the comparator actives were in the training data),ok,-9.07,28.0,5.0,8.57318,pass
Cc1ncc(-c2nc(Nc3ccc(C(=O)N(C)C)cc3)ncc2F)n1C(C)C,P,P:pareto_front,generated,corrected,,pooled front (activity_only),front,False,all curated molecules (the comparator actives were in the training data),ok,-9.117,28.0,5.0,8.53668,pass
Cc1ncc(-c2nc(Nc3ccc(C(N)=O)cc3)ncc2F)n1C(C)C,P,P:pareto_front,generated,corrected,,pooled front (activity_only),front,False,all curated molecules (the comparator actives were in the training data),ok,-8.824,26.0,5.0,8.52779,pass
Cn1nc(C(N)=O)c2c1-c1nc(Nc3ccccc3)ncc1CC2,P,P:pareto_front,generated,corrected,,pooled front (activity_only),front,False,all curated molecules (the comparator actives were in the training data),ok,-8.216,24.0,3.0,8.50158,pass
Cc1ncc(-c2ccnc(Nc3ccc(C(N)=O)cc3)n2)n1C(C)C,P,P:pareto_front,generated,corrected,,pooled front (activity_only|multi_real),front,False,all curated molecules (the comparator actives were in the training data),ok,-8.624,25.0,5.0,8.40244,pass
Nc1ccc(Nc2nccc(-c3ccc(S(N)(=O)=O)cc3)n2)cc1,P,P:pareto_front,generated,corrected,,pooled front (activity_only),front,False,all curated molecules (the comparator actives were in the training data),ok,-8.863,24.0,6.0,8.36049,pass
Cc1ncc(-c2ccnc(Nc3ccc(F)cc3)n2)n1C(C)C,P,P:pareto_front,generated,corrected,,pooled front (activity_only),front,False,all curated molecules (the comparator actives were in the training data),ok,-8.544,23.0,4.0,8.35547,pass
Cc1ncc(-c2nc(Nc3cnn(C)c3)ncc2F)n1C(C)C,P,P:pareto_front,generated,corrected,,pooled front (activity_only|multi_real),front,False,all curated molecules (the comparator actives were in the training data),ok,-8.128,23.0,4.0,8.30839,pass
CC(=O)Nc1ncc(F)c(-c2cnc(C)n2C(C)C)n1,P,P:pareto_front,generated,corrected,,pooled front (multi_real),front,False,all curated molecules (the comparator actives were in the training data),ok,-7.68,20.0,3.0,8.28304,pass
Cc1ccc(Nc2nccc(-c3cnc(C)n3C(C)C)n2)cc1,P,P:pareto_front,generated,corrected,,pooled front (activity_only|multi_scrambled),front,False,all curated molecules (the comparator actives were in the training data),ok,-8.539,23.0,4.0,8.20319,pass
CCCNC(=O)Nc1ncc(F)c(-c2cnc(C)n2C(C)C)n1,P,P:pareto_front,generated,corrected,,pooled front (multi_real),front,False,all curated molecules (the comparator actives were in the training data),ok,-7.503,23.0,5.0,8.20149,pass
CCC(=O)Nc1ncc(F)c(-c2cnc(C)n2C(C)C)n1,P,P:pareto_front,generated,corrected,,pooled front (activity_only|multi_real),front,False,all curated molecules (the comparator actives were in the training data),ok,-7.815,21.0,4.0,8.18938,pass
CCCCC(=O)Nc1ncc(F)c(-c2cnc(C)n2C(C)C)n1,P,P:pareto_front,generated,corrected,,pooled front (druglike_only|multi_real),front,False,all curated molecules (the comparator actives were in the training data),ok,-8.01,23.0,6.0,8.17647,pass
CSC(=O)Nc1ncc(F)c(-c2cnc(C)n2C(C)C)n1,P,P:pareto_front,generated,corrected,,pooled front (multi_real),front,False,all curated molecules (the comparator actives were in the training data),ok,-7.534,21.0,3.0,8.16869,pass
Cc1ncc(-c2nc(NC(=O)C(C)C)ncc2F)n1C(C)C,P,P:pareto_front,generated,corrected,,pooled front (multi_real),front,False,all curated molecules (the comparator actives were in the training data),ok,-8.262,22.0,4.0,8.15581,pass
CCCC(=O)Nc1ncc(F)c(-c2cnc(C)n2C(C)C)n1,P,P:pareto_front,generated,corrected,,pooled front (multi_real),front,False,all curated molecules (the comparator actives were in the training data),ok,-7.799,22.0,5.0,8.14998,pass
Cc1ncc(-c2nc(NC(=O)N(C)C)ncc2F)n1C(C)C,P,P:pareto_front,generated,corrected,,pooled front (multi_real),front,False,all curated molecules (the comparator actives were in the training data),ok,-7.677,22.0,3.0,8.14914,pass
Cc1ncc(-c2nc(NC(=O)C3CC3)ncc2F)n1C(C)C,P,P:pareto_front,generated,corrected,,pooled front (multi_real),front,False,all curated molecules (the comparator actives were in the training data),ok,-7.978,22.0,4.0,8.12567,pass
Cc1ncc(-c2nc(NC(=O)c3ccccc3)ncc2F)n1C(C)C,P,P:pareto_front,generated,corrected,,pooled front (multi_real),front,False,all curated molecules (the comparator actives were in the training data),ok,-8.778,25.0,4.0,8.07271,pass
Cc1ncc(-c2ccnc(Nc3ccccc3)n2)n1C(C)C,P,P:pareto_front,generated,corrected,,pooled front (activity_only|multi_real),front,False,all curated molecules (the comparator actives were in the training data),ok,-8.337,22.0,4.0,8.0558,pass
CNc1ccc(C(C)c2ccc(S(N)(=O)=O)cc2)cc1,P,P:pareto_front,generated,corrected,,pooled front (multi_real),front,False,all curated molecules (the comparator actives were in the training data),ok,-8.487,20.0,5.0,8.0093,pass
CC(C)=Nc1ccc(-c2ccc(S(N)(=O)=O)cc2)nc1,P,P:pareto_front,generated,corrected,,pooled front (multi_real),front,False,all curated molecules (the comparator actives were in the training data),ok,-7.281,20.0,4.0,7.99882,pass
NS(=O)(=O)c1ccc(-c2cc(-c3cccc(O)c3)[nH]n2)cc1,P,P:pareto_front,generated,corrected,,pooled front (multi_real),front,False,all curated molecules (the comparator actives were in the training data),ok,-8.067,22.0,5.0,7.97261,pass
CC(c1ccc(OC(C)(C)C)cc1)c1ccc(S(N)(=O)=O)cc1,P,P:pareto_front,generated,corrected,,pooled front (multi_real),front,False,all curated molecules (the comparator actives were in the training data),ok,-8.177,23.0,5.0,7.97251,pass
CC(c1ccc(S(C)(=O)=O)cc1)c1ccc(S(N)(=O)=O)cc1,P,P:pareto_front,generated,corrected,,pooled front (multi_real),front,False,all curated molecules (the comparator actives were in the training data),ok,-8.472,22.0,5.0,7.97243,pass
CNCc1ccc(C(C)c2ccc(S(N)(=O)=O)cc2)cc1,P,P:pareto_front,generated,corrected,,pooled front (multi_real),front,False,all curated molecules (the comparator actives were in the training data),ok,-8.557,21.0,6.0,7.96445,pass
CNC(=O)c1ccc(C(C)c2ccc(S(N)(=O)=O)cc2)cc1,P,P:pareto_front,generated,corrected,,pooled front (multi_real),front,False,all curated molecules (the comparator actives were in the training data),ok,-8.911,22.0,5.0,7.96097,pass
CC(c1ccc(S(N)(=O)=O)cc1)c1ccc(S(N)(=O)=O)cc1,P,P:pareto_front,generated,corrected,,pooled front (multi_real),front,False,all curated molecules (the comparator actives were in the training data),ok,-8.704,22.0,6.0,7.94448,pass
CC(c1ccc(C(C)(C)C)cc1)c1ccc(S(N)(=O)=O)cc1,P,P:pareto_front,generated,corrected,,pooled front (multi_real),front,False,all curated molecules (the comparator actives were in the training data),ok,-8.524,22.0,4.0,7.94215,pass
C[C@@H](c1ccc(C(F)F)cc1)c1ccc(S(N)(=O)=O)cc1,P,P:pareto_front,generated,corrected,,pooled front (multi_real),front,False,all curated molecules (the comparator actives were in the training data),ok,-8.729,21.0,5.0,7.9293,pass
CC(C)Cc1cc(-c2ccc(S(N)(=O)=O)cc2)nc(N)n1,P,P:pareto_front,generated,corrected,,pooled front (multi_real),front,False,all curated molecules (the comparator actives were in the training data),ok,-7.938,21.0,6.0,7.92227,pass
CCCc1ccc(C(C)c2ccc(S(N)(=O)=O)cc2)cc1,P,P:pareto_front,generated,corrected,,pooled front (multi_real),front,False,all curated molecules (the comparator actives were in the training data),ok,-8.486,21.0,6.0,7.9218,pass
CC(C)c1cccc(Nc2ccc(S(N)(=O)=O)cc2)c1,P,P:pareto_front,generated,corrected,,pooled front (multi_real),front,False,all curated molecules (the comparator actives were in the training data),ok,-8.301,20.0,5.0,7.92079,pass
CCc1ccc([C@H](C)c2ccc(S(N)(=O)=O)cc2)cc1,P,P:pareto_front,generated,corrected,,pooled front (multi_real),front,False,all curated molecules (the comparator actives were in the training data),ok,-8.519,20.0,5.0,7.92058,pass
COc1cccc(C(C)c2ccc(S(N)(=O)=O)cc2)c1,P,P:pareto_front,generated,corrected,,pooled front (multi_real),front,False,all curated molecules (the comparator actives were in the training data),ok,-7.883,20.0,5.0,7.91878,pass
CC(C)(C)Oc1ccc(-c2ccc(S(N)(=O)=O)cc2)cc1,P,P:pareto_front,generated,corrected,,pooled front (multi_real),front,False,all curated molecules (the comparator actives were in the training data),ok,-7.452,21.0,4.0,7.89468,pass
CC(C)Cc1ccc(Nc2ccc(S(N)(=O)=O)cc2)cc1,P,P:pareto_front,generated,corrected,,pooled front (multi_real),front,False,all curated molecules (the comparator actives were in the training data),ok,-7.963,21.0,6.0,7.84637,pass
CC(C)Cc1ccc(-c2ccc(S(N)(=O)=O)cc2)cc1,P,P:pareto_front,generated,corrected,,pooled front (multi_real),front,False,all curated molecules (the comparator actives were in the training data),ok,-8.033,20.0,5.0,7.81485,pass
CC(C)Oc1ccc(-c2ccc(S(N)(=O)=O)cc2)cc1,P,P:pareto_front,generated,corrected,,pooled front (multi_real),front,False,all curated molecules (the comparator actives were in the training data),ok,-7.635,20.0,5.0,7.79526,pass
CC(C)(C)Cc1cccc(-c2ccc(S(N)(=O)=O)cc2)n1,P,P:pareto_front,generated,corrected,,pooled front (multi_real),front,False,all curated molecules (the comparator actives were in the training data),ok,-8.244,21.0,4.0,7.71628,pass
CC(C)c1ccc(Oc2ccc(S(N)(=O)=O)cc2)cc1,P,P:pareto_front,generated,corrected,,pooled front (multi_real),front,False,all curated molecules (the comparator actives were in the training data),ok,-8.09,20.0,5.0,7.71321,pass
CC(=O)c1ccc(Oc2ccc(S(N)(=O)=O)cc2)cc1,P,P:pareto_front,generated,corrected,,pooled front (multi_real),front,False,all curated molecules (the comparator actives were in the training data),ok,-7.844,20.0,5.0,7.65984,pass
COc1cccc(CNC(=O)c2ccc(S(N)(=O)=O)cc2)c1,P,P:pareto_front,generated,corrected,,pooled front (multi_real),front,False,all curated molecules (the comparator actives were in the training data),ok,-7.746,22.0,6.0,7.63239,pass
CC(C)c1ccc(C(=O)Nc2ccc(S(N)(=O)=O)cc2)cc1,P,P:pareto_front,generated,corrected,,pooled front (multi_real),front,False,all curated molecules (the comparator actives were in the training data),ok,-7.989,22.0,5.0,7.56763,pass
CC(C)c1ccc(NC(=O)c2ccc(S(N)(=O)=O)cc2)cc1,P,P:pareto_front,generated,corrected,,pooled front (multi_real),front,False,all curated molecules (the comparator actives were in the training data),ok,-7.781,22.0,5.0,7.56763,pass
CC(C)(C)c1ccc(Oc2ccc(S(N)(=O)=O)cc2)cc1,P,P:pareto_front,generated,corrected,,pooled front (multi_real),front,False,all curated molecules (the comparator actives were in the training data),ok,-7.76,21.0,4.0,7.56667,pass
NS(=O)(=O)c1ccc(-c2ccc(-c3ccc(S(N)(=O)=O)cc3)cc2)cc1,P,P:pareto_front,generated,corrected,,pooled front (multi_real),front,False,all curated molecules (the comparator actives were in the training data),ok,-7.767,26.0,6.0,7.55286,pass
NS(=O)(=O)c1ccc(-c2ccc(S(N)(=O)=O)cc2)cc1,P,P:pareto_front,generated,corrected,,pooled front (activity_only|druglike_only|multi_real),front,False,all curated molecules (the comparator actives were in the training data),ok,-7.739,20.0,5.0,7.55286,pass
CCCc1ccc(Oc2ccc(S(N)(=O)=O)cc2)cc1,P,P:pareto_front,generated,corrected,,pooled front (multi_real),front,False,all curated molecules (the comparator actives were in the training data),ok,-7.873,20.0,6.0,7.53318,pass
Cc1cccc(NC(=O)c2ccc(S(N)(=O)=O)cc2)c1,P,P:pareto_front,generated,corrected,,pooled front (druglike_only|multi_real),front,False,all curated molecules (the comparator actives were in the training data),ok,-8.002,20.0,4.0,7.53241,pass
CCCCc1ccc(-c2ccc(S(N)(=O)=O)cc2)cc1,P,P:pareto_front,generated,corrected,,pooled front (multi_real),front,False,all curated molecules (the comparator actives were in the training data),ok,-8.077,20.0,6.0,7.52818,pass
CCCOc1ccc(-c2ccc(S(N)(=O)=O)cc2)cc1,P,P:pareto_front,generated,corrected,,pooled front (multi_real),front,False,all curated molecules (the comparator actives were in the training data),ok,-7.793,20.0,6.0,7.51885,pass
COc1ccc(CCc2ccc(S(N)(=O)=O)cc2)cc1,P,P:pareto_front,generated,corrected,,pooled front (druglike_only),front,False,all curated molecules (the comparator actives were in the training data),ok,-7.752,20.0,6.0,7.51368,pass
NS(=O)(=O)c1ccc(Oc2ccc(C(F)(F)F)cc2)cc1,P,P:pareto_front,generated,corrected,,pooled front (multi_real),front,False,all curated molecules (the comparator actives were in the training data),ok,-8.279,21.0,4.0,7.49052,pass
Cc1ccc(-c2ccc(-c3ccc(S(N)(=O)=O)cc3)cc2)cc1,P,P:pareto_front,generated,corrected,,pooled front (multi_real),front,False,all curated molecules (the comparator actives were in the training data),ok,-7.737,23.0,4.0,7.41656,pass
NS(=O)(=O)c1ccc(-c2ccc(N3CCCC3)cc2)cc1,P,P:pareto_front,generated,corrected,,pooled front (multi_real),front,False,all curated molecules (the comparator actives were in the training data),ok,-7.373,21.0,4.0,7.30294,pass
NS(=O)(=O)c1ccc(NC(=O)Nc2ccccc2)cc1,P,P:pareto_front,generated,corrected,,pooled front (multi_real),front,False,all curated molecules (the comparator actives were in the training data),ok,-6.846,20.0,4.0,7.15249,pass
Cc1ccccc1C(=O)Nc1ccc(S(N)(=O)=O)cc1,P,P:pareto_front,generated,corrected,,pooled front (druglike_only),front,False,all curated molecules (the comparator actives were in the training data),ok,-7.793,20.0,4.0,7.13976,pass
COc1ccc(Nc2ccc(S(=O)(=O)N(C)C)cc2)cc1,P,P:pareto_front,generated,corrected,,pooled front (druglike_only),front,False,all curated molecules (the comparator actives were in the training data),ok,-7.344,21.0,5.0,7.05576,pass
CS(=O)(=O)c1ccc(-c2ccc(CCC(=O)O)cc2)cc1,P,P:pareto_front,generated,corrected,,pooled front (druglike_only),front,False,all curated molecules (the comparator actives were in the training data),ok,-7.662,21.0,5.0,7.00365,pass
CC(=O)Nc1ccc(-c2ccc(S(C)(=O)=O)cc2)cc1,P,P:pareto_front,generated,corrected,,pooled front (multi_scrambled),front,False,all curated molecules (the comparator actives were in the training data),ok,-7.454,20.0,3.0,7.00203,pass
CCc1ccc(C(=O)Nc2ccc(S(C)(=O)=O)cc2)cc1,P,P:pareto_front,generated,corrected,,pooled front (druglike_only),front,False,all curated molecules (the comparator actives were in the training data),ok,-7.929,21.0,4.0,6.94625,pass
Cc1ccccc1C(=O)Nc1ccc(S(C)(=O)=O)cc1,P,P:pareto_front,generated,corrected,,pooled front (druglike_only),front,False,all curated molecules (the comparator actives were in the training data),ok,-7.483,20.0,3.0,6.81088,pass
Cc1ccc(NC(=O)c2ccc(N3CCOCC3)cc2)cc1,P,P:pareto_front,generated,corrected,,pooled front (druglike_only),front,False,all curated molecules (the comparator actives were in the training data),ok,-8.069,22.0,3.0,6.47729,pass
O=C(Nc1ccccc1)C1CCN(c2ccccc2)CC1,P,P:pareto_front,generated,corrected,,pooled front (druglike_only),front,False,all curated molecules (the comparator actives were in the training data),ok,-7.533,21.0,3.0,6.47063,pass
CC(=O)Nc1ccc(N2CCN(c3ccccc3)CC2)cc1,P,P:pareto_front,generated,corrected,,pooled front (multi_scrambled),front,False,all curated molecules (the comparator actives were in the training data),ok,-7.064,22.0,3.0,6.27895,pass
CC(=O)Nc1ccc(C(=O)Nc2ccccc2F)cc1,P,P:pareto_front,generated,corrected,,pooled front (druglike_only),front,False,all curated molecules (the comparator actives were in the training data),ok,-7.462,20.0,3.0,6.2672,pass
CN1CCN(c2ccc(NC(=O)c3ccccc3)cc2)CC1,P,P:pareto_front,generated,corrected,,pooled front (multi_scrambled),front,False,all curated molecules (the comparator actives were in the training data),ok,-7.463,22.0,3.0,6.2538,pass
Cc1cccc(CN2CCN(C(=O)c3ccc(O)cc3)CC2)c1,P,P:pareto_front,generated,corrected,,pooled front (druglike_only),front,False,all curated molecules (the comparator actives were in the training data),ok,-7.918,23.0,4.0,6.25064,pass
CN1CCCN(c2cccc(C(=O)Nc3ccccc3)c2)CC1,P,P:pareto_front,generated,corrected,,pooled front (druglike_only),front,False,all curated molecules (the comparator actives were in the training data),ok,-6.633,23.0,3.0,6.21558,pass
Cc1nc2c(F)cc(N3CCC(O)CC3)cc2n1CC1CC1,P,P:pareto_front,generated,corrected,,pooled front (multi_real),front,False,all curated molecules (the comparator actives were in the training data),ok,-7.72,22.0,4.0,6.21463,pass
O=C(Nc1ccccc1)C1CCN(Cc2ccccc2)CC1,P,P:pareto_front,generated,corrected,,pooled front (druglike_only),front,False,all curated molecules (the comparator actives were in the training data),ok,-7.682,22.0,4.0,6.21094,pass
COc1cccc(C(=O)Nc2ccc(C(C)C)cc2)c1,P,P:pareto_front,generated,corrected,,pooled front (multi_scrambled),front,False,all curated molecules (the comparator actives were in the training data),ok,-7.568,20.0,4.0,6.02466,pass
COC(=O)c1ccc(C(=O)Nc2ccc(Cl)cc2)cc1,P,P:pareto_front,generated,corrected,,pooled front (druglike_only),front,False,all curated molecules (the comparator actives were in the training data),ok,-7.417,20.0,3.0,5.99907,pass
O=C(Nc1ccccc1)c1ccc(C(=O)N2CCCC2)cc1,P,P:pareto_front,generated,corrected,,pooled front (druglike_only),front,False,all curated molecules (the comparator actives were in the training data),ok,-7.766,22.0,3.0,5.96567,pass
COc1ccc(C(=O)Nc2ccc(Cl)cc2)cc1OC,P,P:pareto_front,generated,corrected,,pooled front (druglike_only),front,False,all curated molecules (the comparator actives were in the training data),ok,-7.414,20.0,4.0,5.86593,pass
N=S(=O)(CCO)c1ccc(-c2cc(N[C@H]3CC[C@H](N)CC3)nc3ccnn23)cc1,P,P:decoys,decoy,corrected,,"matched decoy, arm multi_scrambled, seed 45",seed45,False,all curated molecules (the comparator actives were in the training data),ok,-7.386,29.0,7.0,7.50121,pass
CC(C)(C)OC(=O)Nc1ccc(N2CCN(C(=O)OC(C)(C)C)CC2)cc1,P,P:decoys,decoy,corrected,,"matched decoy, arm multi_scrambled, seed 46",seed46,False,all curated molecules (the comparator actives were in the training data),ok,-6.732,27.0,2.0,6.34921,pass
CN(C)C(=O)c1ccc(Nc2cc3c(cn2)cc(C(=O)N(C)C)n3C(=O)N2C[C@H](O)[C@@H](O)C2)c(Cl)c1,P,P:decoys,decoy,corrected,,"matched decoy, arm multi_scrambled, seed 46",seed46,False,all curated molecules (the comparator actives were in the training data),ok,-7.989,36.0,6.0,5.80987,pass
CC(C1CC1)n1cnc2c(NCc3cccc(C(F)(F)F)c3)nc(NCCC#N)nc21,P,P:decoys,decoy,corrected,,"matched decoy, arm druglike_only, seed 44",seed44,False,all curated molecules (the comparator actives were in the training data),ok,-8.308,31.0,8.0,5.67528,pass
CNC(=O)Nc1ncc2c(n1)-c1c(c(N(C)[C@H](C)CC[C@@H](C)N)nn1C)CC2,P,P:decoys,decoy,corrected,,"matched decoy, arm multi_scrambled, seed 45",seed45,False,all curated molecules (the comparator actives were in the training data),ok,-7.257,28.0,7.0,6.9381,pass
CC(C)[C@@H](C)Nc1ncc(F)c(-c2cccc3c2OCCC3)n1,P,P:decoys,decoy,corrected,,"matched decoy, arm multi_scrambled, seed 42",seed42,False,all curated molecules (the comparator actives were in the training data),ok,-8.281,23.0,4.0,6.6825,pass
CC(C)(C)OC(=O)CCc1nn(C(C)(C)C)c2ncnc(N)c12,P,P:decoys,decoy,corrected,,"matched decoy, arm multi_scrambled, seed 46",seed46,True,all curated molecules (the comparator actives were in the training data),ok,-7.145,23.0,4.0,5.47508,pass
CCN(C)CCNc1ccc(-c2cc3c(cn2)cc(C(=O)N(C)C)n3C(=O)OC(C)(C)C)nc1,P,P:decoys,decoy,corrected,,"matched decoy, arm multi_scrambled, seed 46",seed46,False,all curated molecules (the comparator actives were in the training data),ok,-6.917,34.0,7.0,6.04733,pass
NC(=O)NN1CCc2cc(Nc3ccc(F)c(Cl)c3)ccc21,P,P:decoys,decoy,corrected,,"matched decoy, arm druglike_only, seed 45",seed45,False,all curated molecules (the comparator actives were in the training data),ok,-8.997,22.0,3.0,6.54088,pass
O=C(NC1CCNCC1)c1[nH]ncc1-c1cnn2ncccc12,P,P:decoys,decoy,corrected,,"matched decoy, arm multi_scrambled, seed 44",seed44,False,all curated molecules (the comparator actives were in the training data),ok,-8.138,23.0,3.0,6.81605,pass
Cc1cc(-c2cc(-c3ccc(-c4ccc(C(N)=O)cc4)o3)ccc2O)nc(N)n1,P,P:decoys,decoy,corrected,,"matched decoy, arm multi_scrambled, seed 43",seed43,False,all curated molecules (the comparator actives were in the training data),ok,-8.744,29.0,6.0,5.88509,pass
CCOc1ccccc1Nc1ccc(N2CCOCOC2)c(C)c1,P,P:decoys,decoy,corrected,,"matched decoy, arm druglike_only, seed 42",seed42,False,all curated molecules (the comparator actives were in the training data),ok,-6.219,24.0,5.0,5.81062,pass
N[C@H](CNc1nnc(N[C@H]2CC[C@H](N)CC2)s1)Cc1cccc(Cl)c1,P,P:decoys,decoy,corrected,,"matched decoy, arm multi_scrambled, seed 43",seed43,False,all curated molecules (the comparator actives were in the training data),ok,-7.566,25.0,9.0,6.73588,pass
CC(C)(C)N1CC=C(c2ccc(Nc3ccc(S(C)(=O)=O)cc3)cc2)CC1,P,P:decoys,decoy,corrected,,"matched decoy, arm multi_scrambled, seed 45",seed45,False,all curated molecules (the comparator actives were in the training data),ok,-8.21,27.0,4.0,7.06346,pass
CC(C)n1cnc2c(NCc3ccccc3O)nc(CC(C)(O)O)nc21,P,P:decoys,decoy,corrected,,"matched decoy, arm druglike_only, seed 43",seed43,False,all curated molecules (the comparator actives were in the training data),ok,-8.341,26.0,9.0,6.37082,pass
CNCCN(C)c1ccc(NNc2ccc(C(F)(F)F)cc2C(=O)O)nc1,P,P:decoys,decoy,corrected,,"matched decoy, arm multi_scrambled, seed 43",seed43,False,all curated molecules (the comparator actives were in the training data),ok,-8.328,27.0,8.0,5.96552,pass
COc1cc(F)ccc1Nc1ncc2c(n1)N([C@@H]1CCC[C@@H](O)C1)C(=O)C21CC1,P,P:decoys,decoy,corrected,,"matched decoy, arm multi_scrambled, seed 45",seed45,False,all curated molecules (the comparator actives were in the training data),ok,-8.989,29.0,5.0,5.62078,pass
CCNC(=O)N1CCC(NC(=S)Nc2ccc3nc(C)sc3c2)CC1,P,P:decoys,decoy,corrected,,"matched decoy, arm druglike_only, seed 43",seed43,False,all curated molecules (the comparator actives were in the training data),ok,-8.602,25.0,3.0,6.31052,pass
COc1cccc(N2CCCN(c3ccc(NC(C)=O)c(OC)c3)CC2)c1,P,P:decoys,decoy,corrected,,"matched decoy, arm druglike_only, seed 43",seed43,False,all curated molecules (the comparator actives were in the training data),ok,-5.512,27.0,5.0,5.42618,pass
CC(=CCCN1CCC[C@@H](N)C1)c1cc(N2C[C@H](O)[C@@H](O)C2)ccc1O,P,P:decoys,decoy,corrected,,"matched decoy, arm druglike_only, seed 43",seed43,False,all curated molecules (the comparator actives were in the training data),ok,-7.982,26.0,9.0,6.46568,pass
CCOC(=O)n1cnc2c(NCc3cccc(O)c3)nc(NC(CO)C(C)C)nc21,P,P:decoys,decoy,corrected,,"matched decoy, arm multi_scrambled, seed 45",seed45,False,all curated molecules (the comparator actives were in the training data),ok,-7.927,30.0,10.0,6.87294,pass
N[C@H](CNc1nnc(NCc2cccnc2)s1)Cc1cccc(Cl)c1,P,P:decoys,decoy,corrected,,"matched decoy, arm multi_scrambled, seed 42",seed42,False,all curated molecules (the comparator actives were in the training data),ok,-7.482,25.0,9.0,6.51404,pass
CN1CC=C(c2cnc(Nc3cnn(C)c3)nc2OC2CCCCC2)CC1,P,P:decoys,decoy,corrected,,"matched decoy, arm multi_scrambled, seed 44",seed44,False,all curated molecules (the comparator actives were in the training data),ok,-7.383,27.0,5.0,6.62367,pass
Cn1cnc(S(=O)(=O)N2CCC(Nc3ncc(C(F)(F)F)c(Nc4cccc(Cl)c4)n3)CC2)c1,P,P:decoys,decoy,corrected,,"matched decoy, arm druglike_only, seed 45",seed45,False,all curated molecules (the comparator actives were in the training data),ok,-9.101,34.0,6.0,6.65173,pass
CN1CCN(C[C@H](N)CNc2ncc(-c3ccc4c[nH]c(=S)cc4c3)s2)CC1,P,P:decoys,decoy,corrected,,"matched decoy, arm multi_scrambled, seed 44",seed44,False,all curated molecules (the comparator actives were in the training data),ok,-7.625,28.0,7.0,6.55086,pass
CC(C)(C)OC(=O)N1CCN(C(=O)O[C@@H]2CCC(c3cc(NC(=O)Cc4ccccc4)[nH]n3)C2)CC1,P,P:decoys,decoy,corrected,,"matched decoy, arm multi_scrambled, seed 46",seed46,False,all curated molecules (the comparator actives were in the training data),ok,-7.758,36.0,5.0,6.86923,pass
CC(CN(C)C)N1CCc2nc(Nc3ncc(F)c(NC(=O)C4CC4)n3)ccc2C1,P,P:decoys,decoy,corrected,,"matched decoy, arm multi_scrambled, seed 43",seed43,False,all curated molecules (the comparator actives were in the training data),ok,-8.272,30.0,7.0,6.77146,pass
CC(C)CC(=O)Nc1[nH]nc2c1CN(Nc1cccc(-c3cocn3)c1)C2(C)C,P,P:decoys,decoy,corrected,,"matched decoy, arm druglike_only, seed 45",seed45,False,all curated molecules (the comparator actives were in the training data),ok,-7.479,29.0,6.0,6.54881,pass
CC(=O)c1c(C)c2cnc(Nc3ccc(CN(C)C)cn3)nc2n(C2CCCC2)c1=O,P,P:decoys,decoy,corrected,,"matched decoy, arm multi_scrambled, seed 45",seed45,False,all curated molecules (the comparator actives were in the training data),ok,-8.99,31.0,6.0,6.28845,pass
Oc1ccc(N2CCC(O)CC2)cc1-c1ccc(N2CCC(O)CC2)cc1,P,P:decoys,decoy,corrected,,"matched decoy, arm multi_scrambled, seed 43",seed43,False,all curated molecules (the comparator actives were in the training data),ok,-8.625,27.0,6.0,5.7841,pass
O=C(O)c1ccccc1NNc1ncc2c(n1)CN(C(=O)C1CCC1)CC2,P,P:decoys,decoy,corrected,,"matched decoy, arm multi_scrambled, seed 44",seed44,False,all curated molecules (the comparator actives were in the training data),ok,-8.259,27.0,5.0,6.62779,pass
CC(=O)Nc1ccc(C(C)C(=O)NCc2cccc3ccccc23)cc1,P,P:decoys,decoy,corrected,,"matched decoy, arm multi_scrambled, seed 46",seed46,False,all curated molecules (the comparator actives were in the training data),ok,-8.636,26.0,5.0,5.92625,pass
CC(C)c1nc(CNc2ncc(F)c(-c3cccc4c3OCCC4)n2)ncc1F,P,P:decoys,decoy,corrected,,"matched decoy, arm multi_scrambled, seed 42",seed42,False,all curated molecules (the comparator actives were in the training data),ok,-9.446,29.0,5.0,6.67597,pass
CCCC(C)n1c(=O)c(C(C)=O)c(C)c2cnc(Nc3ccc(C(=O)O)cn3)nc21,P,P:decoys,decoy,corrected,,"matched decoy, arm multi_scrambled, seed 43",seed43,True,all curated molecules (the comparator actives were in the training data),ok,-8.158,30.0,7.0,6.60674,pass
Cn1nc(C(N)=O)c2c1-c1nc(-c3ccc(-c4ccccn4)cc3)ncc1CC(C)(C)O2,P,P:decoys,decoy,corrected,,"matched decoy, arm multi_scrambled, seed 46",seed46,False,all curated molecules (the comparator actives were in the training data),ok,-6.458,32.0,3.0,6.08362,pass
COc1ccc(-c2ocnc2C(=O)Nc2ccc(N3CCN(C(=O)OC(C)(C)C)CC3)nn2)cc1Cl,P,P:decoys,decoy,corrected,,"matched decoy, arm druglike_only, seed 46",seed46,False,all curated molecules (the comparator actives were in the training data),ok,-8.774,36.0,5.0,6.18512,pass
COc1cccc(N2CCCN(C(=O)Nc3ccc(OC)c(OC)c3)CC2)c1,P,P:decoys,decoy,corrected,,"matched decoy, arm druglike_only, seed 43",seed43,False,all curated molecules (the comparator actives were in the training data),ok,-5.949,28.0,5.0,6.20441,pass
CN(C)Cc1ccc(Nc2cc(OCC3CCCCC3)nc3ncnn23)cc1,P,P:decoys,decoy,corrected,,"matched decoy, arm multi_scrambled, seed 44",seed44,False,all curated molecules (the comparator actives were in the training data),ok,-7.841,28.0,6.0,5.74779,pass
CN(C)CC(=O)N1CCc2nc(Nc3ncc(F)c(-c4ccccc4O[N+](=O)[O-])n3)ccc2C1,P,P:decoys,decoy,corrected,,"matched decoy, arm multi_scrambled, seed 45",seed45,False,all curated molecules (the comparator actives were in the training data),ok,-8.707,34.0,7.0,6.57354,pass
Cc1ccc(Oc2c(=O)[nH]c(O)c3ccc(S(C)(=O)=O)cc23)cc1Cl,P,P:decoys,decoy,corrected,,"matched decoy, arm multi_scrambled, seed 45",seed45,False,all curated molecules (the comparator actives were in the training data),ok,-7.284,25.0,4.0,6.48647,pass
CNC(=O)Nc1ccc(-c2cc(-c3ccnc(-c4c(F)cccc4F)n3)cnn2)cc1,P,P:decoys,decoy,corrected,,"matched decoy, arm multi_scrambled, seed 45",seed45,False,all curated molecules (the comparator actives were in the training data),ok,-9.488,31.0,4.0,6.55733,pass
Cc1cc(N2CCCS2(=O)=O)c2oc(-c3ccc4[nH]ccc4c3)c(O)c(=O)c2c1,P,P:decoys,decoy,corrected,,"matched decoy, arm multi_scrambled, seed 42",seed42,False,all curated molecules (the comparator actives were in the training data),ok,-6.662,29.0,3.0,6.56213,pass
Cn1nc(NCCc2ccccc2)c2c1-c1nc(N)ncc1NCC2(C)C,P,P:decoys,decoy,corrected,,"matched decoy, arm druglike_only, seed 45",seed45,False,all curated molecules (the comparator actives were in the training data),ok,-5.513,27.0,5.0,5.9101,pass
CC(=O)NC1CCC(c2nc3c(-c4ccc(F)cc4[C@@H](C)O)ccnc3[nH]2)C1,P,P:decoys,decoy,corrected,,"matched decoy, arm multi_scrambled, seed 43",seed43,False,all curated molecules (the comparator actives were in the training data),ok,-8.833,28.0,5.0,6.24474,pass
CS(=N)(=O)c1cccc(-c2cc(N3CCC(O)CC3)ccc2O)c1,P,P:decoys,decoy,corrected,,"matched decoy, arm druglike_only, seed 43",seed43,False,all curated molecules (the comparator actives were in the training data),ok,-7.994,24.0,5.0,6.69049,pass
N[C@H]1CCS[C@@H](NN2CCc3c(nn(Cc4ccccc4)c3Br)C2=O)CC1,P,P:decoys,decoy,corrected,,"matched decoy, arm multi_scrambled, seed 45",seed45,False,all curated molecules (the comparator actives were in the training data),ok,-6.593,27.0,5.0,6.49176,pass
CC(CN(C)C)N1CCc2nc(Nc3ncc(F)c(N[C@H]4CC[C@H](N)CC4)n3)ccc2C1,P,P:decoys,decoy,corrected,,"matched decoy, arm multi_scrambled, seed 43",seed43,False,all curated molecules (the comparator actives were in the training data),ok,-8.144,32.0,8.0,6.86808,pass
Cc1cc(CNC(=O)c2nn(C)c3c2CCc2cnc(NCc4cccnc4)nc2-3)ccn1,P,P:decoys,decoy,corrected,,"matched decoy, arm multi_scrambled, seed 42",seed42,False,all curated molecules (the comparator actives were in the training data),ok,-7.845,33.0,6.0,6.42977,pass
Cc1ccc(Nc2ncc(F)c(CO)n2)nc1CCNC(=O)C(C)N(C)C,P,P:decoys,decoy,corrected,,"matched decoy, arm multi_scrambled, seed 44",seed44,False,all curated molecules (the comparator actives were in the training data),ok,-7.728,27.0,9.0,6.59189,pass
CC(C)c1nc(Nc2ccc3c(n2)CCN(C(=O)C2(O)CC(O)C2)C3)ncc1F,P,P:decoys,decoy,corrected,,"matched decoy, arm multi_scrambled, seed 43",seed43,False,all curated molecules (the comparator actives were in the training data),ok,-8.77,29.0,6.0,7.11896,pass
COCC(C)N1CCc2nc(Nc3ncc(F)c(N[C@H]4CC[C@H](N)CC4)n3)ccc2C1,P,P:decoys,decoy,corrected,,"matched decoy, arm multi_scrambled, seed 43",seed43,False,all curated molecules (the comparator actives were in the training data),ok,-8.526,31.0,8.0,6.91605,pass
Cc1nccc(-c2csc(C(N)=O)c2)c1NC(=O)c1ccnc(NC(C)C)n1,P,P:decoys,decoy,corrected,,"matched decoy, arm druglike_only, seed 45",seed45,False,all curated molecules (the comparator actives were in the training data),ok,-8.557,28.0,6.0,6.38181,pass
CC1NCC(C(=O)N2Cc3c(NC(=O)C(C)(C)C)n[nH]c3C2(C)C)C[C@H]1C,P,P:decoys,decoy,corrected,,"matched decoy, arm druglike_only, seed 45",seed45,False,all curated molecules (the comparator actives were in the training data),ok,-8.053,27.0,2.0,6.87077,pass
CCN(CCNC)Cc1ccc(NC(=O)C2CCN(S(=O)(=O)c3cnn(C)c3)CC2)cc1,P,P:decoys,decoy,corrected,,"matched decoy, arm druglike_only, seed 45",seed45,False,all curated molecules (the comparator actives were in the training data),ok,-6.944,32.0,10.0,6.84281,pass
NC(=O)Nc1cc(Nc2ccc(F)c(Cl)c2)n2nccc2n1,P,P:decoys,decoy,corrected,,"matched decoy, arm multi_scrambled, seed 45",seed45,False,all curated molecules (the comparator actives were in the training data),ok,-8.672,22.0,2.0,6.47158,pass
Cc1c(N=Cc2c(=O)[nH]c(O)c3cc(Br)ccc23)cnn1C(C)N,P,P:decoys,decoy,corrected,,"matched decoy, arm multi_scrambled, seed 46",seed46,False,all curated molecules (the comparator actives were in the training data),ok,-8.068,24.0,5.0,5.28862,pass
CCNC(=O)N1CCC(c2nc3ccnn3c(Nc3ccc(F)c(Cl)c3)c2C)CC1,P,P:decoys,decoy,corrected,,"matched decoy, arm druglike_only, seed 43",seed43,True,all curated molecules (the comparator actives were in the training data),ok,-7.788,30.0,4.0,5.64017,pass
COc1cc(N2CCON(c3ccnc(N)n3)CC2)ccc1C(C)C,P,P:decoys,decoy,corrected,,"matched decoy, arm druglike_only, seed 43",seed43,False,all curated molecules (the comparator actives were in the training data),ok,-6.162,25.0,5.0,5.7319,pass
CC(=O)C1C(=O)Cc2cc(-c3ncc4cc5n(c4n3)[C@H](CC(C)C)CNC5=O)ccc2C1C,P,P:decoys,decoy,corrected,,"matched decoy, arm multi_scrambled, seed 42",seed42,False,all curated molecules (the comparator actives were in the training data),ok,-9.134,33.0,4.0,5.81011,pass
Oc1cc(F)ccc1-c1nc(CNc2ccc(CN3CCOCC3)cc2)ncc1F,P,P:decoys,decoy,corrected,,"matched decoy, arm druglike_only, seed 42",seed42,True,all curated molecules (the comparator actives were in the training data),ok,-8.756,30.0,7.0,6.79565,pass
COC(=O)Nc1ccc(CNc2nc(NC3CCOCC3)nc3c(C(C)C)cnn23)cc1,P,P:decoys,decoy,corrected,,"matched decoy, arm multi_scrambled, seed 46",seed46,False,all curated molecules (the comparator actives were in the training data),ok,-8.585,32.0,5.0,6.26797,fail
Nc1nc2ccc(N[C@H]3CC[C@@H](N)CCO3)cn2c1C(=O)c1c(F)cccc1F,P,P:decoys,decoy,corrected,,"matched decoy, arm druglike_only, seed 42",seed42,False,all curated molecules (the comparator actives were in the training data),ok,-6.399,29.0,6.0,6.79856,pass
CC(C1CC1)n1cnc2c(NCc3cccc(C(F)(F)F)c3)nc(NCC(N)=O)nc21,P,P:decoys,decoy,corrected,,"matched decoy, arm druglike_only, seed 44",seed44,False,all curated molecules (the comparator actives were in the training data),ok,-8.55,31.0,8.0,5.92427,pass
CC(O)C(=O)N1CCCN(c2ccc(-c3ccc(C(=O)O)cc3)cc2)CC1,P,P:decoys,decoy,corrected,,"matched decoy, arm multi_scrambled, seed 43",seed43,False,all curated molecules (the comparator actives were in the training data),ok,-5.974,27.0,5.0,5.57544,pass
CC(C)(C)c1cc2cnc(Nc3ccc(N4CCCNCCC4)cn3)nc2n1C1CCCC1,P,P:decoys,decoy,corrected,,"matched decoy, arm multi_scrambled, seed 46",seed46,False,all curated molecules (the comparator actives were in the training data),ok,-6.247,33.0,4.0,5.73949,pass
CC[C@H](CO)Nc1nc(-c2ccc(O)c(O)c2)n2ncc(C(C)C)c2n1,P,P:decoys,decoy,corrected,,"matched decoy, arm multi_scrambled, seed 45",seed45,False,all curated molecules (the comparator actives were in the training data),ok,-8.239,26.0,8.0,6.85229,pass
O=C(c1nc2c(OCC3CCNCC3)c(Br)cnc2[nH]1)c1cccs1,P,P:decoys,decoy,corrected,,"matched decoy, arm druglike_only, seed 43",seed43,False,all curated molecules (the comparator actives were in the training data),ok,-8.503,25.0,5.0,6.5692,pass
CC(O)C(=O)N1CCN(c2ccc(Nc3nccc(CCCN)n3)cc2)CC1,P,P:decoys,decoy,corrected,,"matched decoy, arm multi_scrambled, seed 43",seed43,True,all curated molecules (the comparator actives were in the training data),ok,-7.352,28.0,9.0,6.67146,pass
CC(O)C(=O)N1CCN(c2c(N)nc3ccc(C(=O)c4c(F)cccc4F)cn23)CC1,P,P:decoys,decoy,corrected,,"matched decoy, arm druglike_only, seed 43",seed43,False,all curated molecules (the comparator actives were in the training data),ok,-8.229,31.0,6.0,6.70454,pass
O=C(Cc1ccccc1)Nc1[nH]nc2ccc(NC(=O)C3CCC3)cc12,P,P:decoys,decoy,corrected,,"matched decoy, arm multi_scrambled, seed 43",seed43,False,all curated molecules (the comparator actives were in the training data),ok,-9.35,26.0,5.0,6.53937,pass
O=C(Nc1ncc(SCc2cnn(CC(F)(F)F)c2)s1)NN1CCOCC1,P,P:decoys,decoy,corrected,,"matched decoy, arm multi_scrambled, seed 45",seed45,False,all curated molecules (the comparator actives were in the training data),ok,-7.325,27.0,6.0,6.82944,pass
CSn1cnc(-c2cc(NC[C@H]3CCNC[C@@H]3O)nc3c(C(C)C)cnn23)c1,P,P:decoys,decoy,corrected,,"matched decoy, arm multi_scrambled, seed 45",seed45,False,all curated molecules (the comparator actives were in the training data),ok,-6.203,28.0,6.0,6.63242,pass
Oc1ccc(N2CCC(O)CC2)cc1-c1nc(OCC2CCCCC2)c2[nH]cnc2n1,P,P:decoys,decoy,corrected,,"matched decoy, arm multi_scrambled, seed 43",seed43,False,all curated molecules (the comparator actives were in the training data),ok,-8.211,31.0,7.0,5.62713,pass
CCn1c(C)nc2c(F)cc(-c3cc(NCc4cccnc4)n4nccc4n3)cc21,P,P:decoys,decoy,corrected,,"matched decoy, arm druglike_only, seed 45",seed45,False,all curated molecules (the comparator actives were in the training data),ok,-8.112,30.0,5.0,6.49251,pass
Cc1cccc(Nc2ccc(N3CCN(C)COC3)cn2)c1,P,P:decoys,decoy,corrected,,"matched decoy, arm druglike_only, seed 46",seed46,False,all curated molecules (the comparator actives were in the training data),ok,-6.225,22.0,3.0,6.13095,pass
CC(C)(C)C(=O)Nc1ccc(Nc2ncc3cc4n(c3n2)C2(CCCCC2)CNC4=O)nc1,P,P:decoys,decoy,corrected,,"matched decoy, arm druglike_only, seed 45",seed45,False,all curated molecules (the comparator actives were in the training data),ok,-7.653,33.0,3.0,6.12196,pass
Nc1ccc(CC(=O)NNc2ncc(C(F)(F)F)c(OC3CCCCC3)n2)cc1,P,P:decoys,decoy,corrected,,"matched decoy, arm multi_scrambled, seed 44",seed44,False,all curated molecules (the comparator actives were in the training data),ok,-8.484,29.0,7.0,6.28454,pass
O=c1cc(Sc2ccccc2Cl)oc2c(C3CCNCC3)c(O)cc(O)c12,P,P:decoys,decoy,corrected,,"matched decoy, arm multi_scrambled, seed 42",seed42,False,all curated molecules (the comparator actives were in the training data),ok,-6.252,27.0,5.0,5.61061,pass
CONC1CCC(c2nc3c(-c4ccc(F)cc4OC)ccnc3[nH]2)C1,P,P:decoys,decoy,corrected,,"matched decoy, arm multi_scrambled, seed 43",seed43,False,all curated molecules (the comparator actives were in the training data),ok,-8.454,26.0,5.0,5.53386,pass
CC(C)(C)NC(=O)c1cc2cnc(Nc3ccc(CN4CC(O)C4)cn3)nc2n1C1CCCC1,P,P:decoys,decoy,corrected,,"matched decoy, arm multi_scrambled, seed 45",seed45,False,all curated molecules (the comparator actives were in the training data),ok,-7.918,34.0,7.0,5.73268,pass
Nc1ccc(CSC(=O)Nc2[nH]nc3ccc(S(N)(=O)=O)cc23)cc1,P,P:decoys,decoy,corrected,,"matched decoy, arm multi_scrambled, seed 44",seed44,False,all curated molecules (the comparator actives were in the training data),ok,-8.392,25.0,6.0,7.78324,pass
CC(C)(C)c1ccc(Nc2nccc(NC3CCCC(N)C3)n2)cc1,P,P:decoys,decoy,corrected,,"matched decoy, arm druglike_only, seed 44",seed44,False,all curated molecules (the comparator actives were in the training data),ok,-8.343,25.0,5.0,6.62205,pass
CNC1=C(CC(=O)Cc2cccc(Cl)c2)CCc2cnc(C[C@@H](N)C#N)nc21,P,P:decoys,decoy,corrected,,"matched decoy, arm multi_scrambled, seed 42",seed42,False,all curated molecules (the comparator actives were in the training data),ok,-8.195,28.0,8.0,6.86719,pass
COc1cc(N2CCN(C(C)=O)CC2)ccc1Nc1ncc(C)c(C2CCC(N)CC2)n1,P,P:decoys,decoy,corrected,,"matched decoy, arm multi_scrambled, seed 43",seed43,False,all curated molecules (the comparator actives were in the training data),ok,-8.526,32.0,6.0,5.44159,pass
NC(=O)n1cc(C(=O)NC(=S)Nc2ccc(Cl)cc2)c(-c2ccc(Cl)cc2)n1,P,P:decoys,decoy,corrected,,"matched decoy, arm druglike_only, seed 42",seed42,True,all curated molecules (the comparator actives were in the training data),ok,-8.653,28.0,3.0,6.89878,pass
OC[C@H]1CC[C@H](n2cnc3c(NCc4ccccc4)ncnc32)CC1,P,P:decoys,decoy,corrected,,"matched decoy, arm druglike_only, seed 43",seed43,False,all curated molecules (the comparator actives were in the training data),ok,-7.978,25.0,6.0,6.28809,pass
CCC(Nc1nc(Nc2ccc[nH]2)c2ncn(C(C)C)c2n1)C(=O)C(C)(C)C,P,P:decoys,decoy,corrected,,"matched decoy, arm multi_scrambled, seed 42",seed42,False,all curated molecules (the comparator actives were in the training data),ok,-8.101,28.0,7.0,6.84551,pass
COc1cc(CNc2ncc(-c3ccc4cnccc4c3)s2)ccc1O,P,P:decoys,decoy,corrected,,"matched decoy, arm druglike_only, seed 45",seed45,False,all curated molecules (the comparator actives were in the training data),ok,-8.154,26.0,6.0,6.32573,pass
CCN(Cc1ccc(NC(=O)N2Cc3c(NC(=O)C(C)(C)C)n[nH]c3C2(C)C)nc1)C(=O)CCN(C)C,P,P:decoys,decoy,corrected,,"matched decoy, arm druglike_only, seed 45",seed45,False,all curated molecules (the comparator actives were in the training data),ok,-7.242,37.0,8.0,6.50446,pass
CC(=O)NC1CCC(c2nc3c(N[C@H]4CC[C@H](N)CC4)ccnc3[nH]2)C1,P,P:decoys,decoy,corrected,,"matched decoy, arm multi_scrambled, seed 43",seed43,False,all curated molecules (the comparator actives were in the training data),ok,-8.842,26.0,5.0,6.2436,pass
COc1ccc(-c2nn(-c3ccccc3)cc2C(=O)NC(=S)Nc2ccc(C)cc2)cn1,P,P:decoys,decoy,corrected,,"matched decoy, arm multi_scrambled, seed 42",seed42,False,all curated molecules (the comparator actives were in the training data),ok,-6.969,32.0,5.0,6.99345,pass
CC(NC(=O)C(C)c1ccc(N2CCCC2)cc1)Nc1ccc(S(N)(=O)=O)cc1,P,P:decoys,decoy,corrected,,"matched decoy, arm multi_scrambled, seed 46",seed46,False,all curated molecules (the comparator actives were in the training data),ok,-8.242,29.0,8.0,7.50656,pass
Cc1nc2ccc(Nc3ccc(N4CCN(C(=O)C(C)O)CC4)cc3)cc2s1,P,P:decoys,decoy,corrected,,"matched decoy, arm multi_scrambled, seed 43",seed43,False,all curated molecules (the comparator actives were in the training data),ok,-8.115,28.0,5.0,6.68486,pass
N#Cc1cnc(NC2CCN(CCN3CCC[C@@H](N)C3)CC2)nc1-c1c[nH]c2cc(F)ccc12,P,P:decoys,decoy,corrected,,"matched decoy, arm multi_scrambled, seed 43",seed43,False,all curated molecules (the comparator actives were in the training data),ok,-9.411,34.0,7.0,6.5138,pass
CN1CCN(NC(=O)NNC(=O)c2oc3ccccc3c2CN2CCN(c3ccccc3)CC2)CC1,P,P:decoys,decoy,corrected,,"matched decoy, arm multi_scrambled, seed 42",seed42,False,all curated molecules (the comparator actives were in the training data),ok,-9.145,36.0,5.0,6.76625,pass
CN(C)CC(O)COc1ccc(Nc2nccc(N3CCN(C)CC3)n2)cc1,P,P:decoys,decoy,corrected,,"matched decoy, arm multi_scrambled, seed 46",seed46,False,all curated molecules (the comparator actives were in the training data),ok,-7.773,28.0,9.0,5.75408,pass
CC(=O)c1c(C)c2cnc(Nc3ccc([C@H]4CC[C@H](N)CC4)cn3)nc2n(C2CCCC2)c1=O,P,P:decoys,decoy,corrected,,"matched decoy, arm multi_scrambled, seed 43",seed43,False,all curated molecules (the comparator actives were in the training data),ok,-9.373,34.0,6.0,7.04095,pass
CCc1ccc(CNc2nc(N3CCC[C@@H]3CO)nc3c(C(C)C)cnn23)cc1,P,P:decoys,decoy,corrected,,"matched decoy, arm multi_scrambled, seed 42",seed42,False,all curated molecules (the comparator actives were in the training data),ok,-8.748,29.0,6.0,6.67997,pass
CCNC(=O)N1CCNC(Nc2ncc(C#N)c(C3CCCCC3)n2)CC1,P,P:decoys,decoy,corrected,,"matched decoy, arm druglike_only, seed 43",seed43,False,all curated molecules (the comparator actives were in the training data),ok,-7.059,27.0,4.0,6.2799,pass
CN1CC=C(N2CCc3nc(Nc4ccc(N5CCCC[C@H]5CCO)cc4)ccc3C2)C1,P,P:decoys,decoy,corrected,,"matched decoy, arm multi_scrambled, seed 44",seed44,False,all curated molecules (the comparator actives were in the training data),ok,-8.161,32.0,7.0,6.27714,pass
CS(=O)(=O)c1ccc(-c2ccc(S(N)(=O)=O)cc2)cc1,M,M:multi_real,generated,corrected,,"arm multi_real, seed 42, final generation",seed42,False,curated molecules without the 204 top-decile actives,ok,-7.416,20.0,4.0,7.30138,pass
NS(=O)(=O)c1ccc(Oc2ccc(C(F)(F)F)cc2)cc1,M,M:multi_real,generated,corrected,,"arm multi_real, seed 42, final generation",seed42,False,curated molecules without the 204 top-decile actives,ok,-8.279,21.0,4.0,7.25087,pass
CC(C)Cc1ccc(-c2ccc(S(N)(=O)=O)cc2)nc1,M,M:multi_real,generated,corrected,,"arm multi_real, seed 42, final generation",seed42,False,curated molecules without the 204 top-decile actives,ok,-7.891,20.0,5.0,7.31858,pass
CC(C)=Cc1ccc(-c2ccc(S(N)(=O)=O)cc2)cc1,M,M:multi_real,generated,corrected,,"arm multi_real, seed 42, final generation",seed42,False,curated molecules without the 204 top-decile actives,ok,-7.646,20.0,4.0,7.21597,pass
CC(C)Cc1ccc(Nc2ccc(S(N)(=O)=O)cc2)cc1,M,M:multi_real,generated,corrected,,"arm multi_real, seed 42, final generation",seed42,False,curated molecules without the 204 top-decile actives,ok,-7.963,21.0,6.0,7.32397,pass
CS(C)(C)c1ccc(Oc2ccc(S(N)(=O)=O)cc2)cc1,M,M:multi_real,generated,corrected,,"arm multi_real, seed 42, final generation",seed42,False,curated molecules without the 204 top-decile actives,ok,-7.177,21.0,5.0,7.2876,unevaluable
CC(C)(C)c1ccc(CCCc2ccc(S(N)(=O)=O)cc2)cc1,M,M:multi_real,generated,corrected,,"arm multi_real, seed 42, final generation",seed42,False,curated molecules without the 204 top-decile actives,ok,-8.047,23.0,6.0,7.26467,pass
NS(=O)(=O)c1ccc(-c2ccc(C(F)(F)F)cc2)nc1,M,M:multi_real,generated,corrected,,"arm multi_real, seed 42, final generation",seed42,False,curated molecules without the 204 top-decile actives,ok,-8.662,20.0,3.0,7.25061,pass
CN1CCC(c2ccc(Oc3ccc(S(N)(=O)=O)cc3)cc2)CC1,M,M:multi_real,generated,corrected,,"arm multi_real, seed 42, final generation",seed42,False,curated molecules without the 204 top-decile actives,ok,-8.392,24.0,5.0,7.23547,pass
CC(C)(C)S(=O)(=O)c1ccc(-c2ccc(S(N)(=O)=O)cc2)cc1,M,M:multi_real,generated,corrected,,"arm multi_real, seed 42, final generation",seed42,False,curated molecules without the 204 top-decile actives,ok,-7.105,23.0,4.0,7.28526,pass
CC(C)(C)Nc1nccc(-c2ccc(S(N)(=O)=O)cc2)n1,M,M:multi_real,generated,corrected,,"arm multi_real, seed 42, final generation",seed42,False,curated molecules without the 204 top-decile actives,ok,-7.391,21.0,4.0,7.4099,pass
NS(=O)(=O)c1ccc(-c2ccc(CC(F)(F)F)cc2)cc1,M,M:multi_real,generated,corrected,,"arm multi_real, seed 42, final generation",seed42,False,curated molecules without the 204 top-decile actives,ok,-8.282,21.0,4.0,7.13663,pass
CC(C)(N)c1ccc(-c2ccc(S(N)(=O)=O)cc2)cc1,M,M:multi_real,generated,corrected,,"arm multi_real, seed 42, final generation",seed42,False,curated molecules without the 204 top-decile actives,ok,-7.851,20.0,5.0,7.2459,pass
CC(C)(C)CCOc1ccc(-c2ccc(S(N)(=O)=O)cc2)cc1,M,M:multi_real,generated,corrected,,"arm multi_real, seed 42, final generation",seed42,False,curated molecules without the 204 top-decile actives,ok,-8.35,23.0,6.0,7.23151,pass
CC(C)(C)c1nccc(-c2ccc(S(N)(=O)=O)cc2)n1,M,M:multi_real,generated,corrected,,"arm multi_real, seed 42, final generation",seed42,False,curated molecules without the 204 top-decile actives,ok,-7.82,20.0,3.0,7.26075,pass
NS(=O)(=O)c1ccc(-c2ccc(C(O)(F)F)cc2)cc1,M,M:multi_real,generated,corrected,,"arm multi_real, seed 42, final generation",seed42,False,curated molecules without the 204 top-decile actives,ok,-8.409,20.0,5.0,7.25116,pass
C=C(Cc1cccc(C)c1)c1ccc(S(N)(=O)=O)cc1,M,M:multi_real,generated,corrected,,"arm multi_real, seed 42, final generation",seed42,False,curated molecules without the 204 top-decile actives,ok,-9.047,20.0,5.0,7.14656,pass
Cc1cccc(COC(=O)c2ccc(S(N)(=O)=O)cc2)c1,M,M:multi_real,generated,corrected,,"arm multi_real, seed 42, final generation",seed42,False,curated molecules without the 204 top-decile actives,ok,-8.231,21.0,5.0,7.22665,pass
CC(C)(C)Cc1ccc(Nc2ccc(S(N)(=O)=O)cc2)cc1,M,M:multi_real,generated,corrected,,"arm multi_real, seed 42, final generation",seed42,False,curated molecules without the 204 top-decile actives,ok,-7.71,22.0,5.0,7.2047,pass
CCC(=O)N(C)c1ccc(-c2ccc(S(N)(=O)=O)cc2)cc1,M,M:multi_real,generated,corrected,,"arm multi_real, seed 42, final generation",seed42,False,curated molecules without the 204 top-decile actives,ok,-7.672,22.0,5.0,7.09068,pass
CC(C)CNc1nccc(-c2ccc(S(N)(=O)=O)cc2)n1,M,M:multi_real,generated,corrected,,"arm multi_real, seed 42, final generation",seed42,False,curated molecules without the 204 top-decile actives,ok,-7.917,21.0,6.0,7.36209,pass
CC(C)(C)c1ccc(-c2ccc(S(N)(=O)=O)cc2)cc1Br,M,M:multi_real,generated,corrected,,"arm multi_real, seed 42, final generation",seed42,False,curated molecules without the 204 top-decile actives,ok,-7.7,21.0,3.0,7.35895,pass
CC(C)(C)c1nccc(CCc2ccc(S(N)(=O)=O)cc2)n1,M,M:multi_real,generated,corrected,,"arm multi_real, seed 42, final generation",seed42,False,curated molecules without the 204 top-decile actives,ok,-7.779,22.0,5.0,7.21147,pass
CC(C)(C)c1ccc(CC(=O)Nc2ccc(S(N)(=O)=O)cc2)cc1,M,M:multi_real,generated,corrected,,"arm multi_real, seed 42, final generation",seed42,False,curated molecules without the 204 top-decile actives,ok,-7.958,24.0,5.0,7.17139,pass
CCCNc1nccc(-c2ccc(S(N)(=O)=O)cc2)n1,M,M:multi_real,generated,corrected,,"arm multi_real, seed 42, final generation",seed42,False,curated molecules without the 204 top-decile actives,ok,-7.864,20.0,6.0,7.32013,pass
Cc1cc(S(N)(=O)=O)ccc1Nc1ccc(C(C)(C)C)cc1,M,M:multi_real,generated,corrected,,"arm multi_real, seed 42, final generation",seed42,False,curated molecules without the 204 top-decile actives,ok,-8.191,22.0,4.0,7.14261,pass
CCCCc1ccc(-c2ccc(S(N)(=O)=O)cc2)cc1,M,M:multi_real,generated,corrected,,"arm multi_real, seed 43, final generation",seed43,False,curated molecules without the 204 top-decile actives,ok,-8.077,20.0,6.0,7.24794,pass
CC(=O)Cc1ccc(Oc2ccc(S(N)(=O)=O)cc2)cc1,M,M:multi_real,generated,corrected,,"arm multi_real, seed 43, final generation",seed43,False,curated molecules without the 204 top-decile actives,ok,-7.972,21.0,6.0,7.29147,pass
CC(=O)CCc1ccc(-c2ccc(S(N)(=O)=O)cc2)cc1,M,M:multi_real,generated,corrected,,"arm multi_real, seed 43, final generation",seed43,False,curated molecules without the 204 top-decile actives,ok,-8.252,21.0,6.0,7.23536,pass
CC(C)Cc1ccc(-c2cccc(S(N)(=O)=O)c2)cc1,M,M:multi_real,generated,corrected,,"arm multi_real, seed 43, final generation",seed43,True,curated molecules without the 204 top-decile actives,ok,-7.52,20.0,5.0,7.13698,pass
CC(C)S(=O)(=O)c1ccc(-c2cccc(S(N)(=O)=O)c2)cc1,M,M:multi_real,generated,corrected,,"arm multi_real, seed 43, final generation",seed43,False,curated molecules without the 204 top-decile actives,ok,-7.354,22.0,5.0,7.24302,pass
CC(C)(C)Cc1ccc(-c2ccc(S(N)(=O)=O)cc2)nc1,M,M:multi_real,generated,corrected,,"arm multi_real, seed 43, final generation",seed43,False,curated molecules without the 204 top-decile actives,ok,-7.154,21.0,4.0,7.21109,pass
CC(C)c1ccc(-c2ccc(S(N)(=O)=O)cc2)cc1F,M,M:multi_real,generated,corrected,,"arm multi_real, seed 43, final generation",seed43,False,curated molecules without the 204 top-decile actives,ok,-7.981,20.0,4.0,7.14216,pass
COC(=O)c1ccc(-c2ccc(S(N)(=O)=O)cc2)cc1,M,M:multi_real,generated,corrected,,"arm multi_real, seed 43, final generation",seed43,False,curated molecules without the 204 top-decile actives,ok,-7.853,20.0,4.0,7.27058,pass
CC(C)c1ccc(Oc2ccc(S(N)(=O)=O)cc2)cc1F,M,M:multi_real,generated,corrected,,"arm multi_real, seed 43, final generation",seed43,False,curated molecules without the 204 top-decile actives,ok,-8.216,21.0,5.0,7.14609,pass
NS(=O)(=O)c1ccc(-c2cccc(S(N)(=O)=O)c2)cc1,M,M:multi_real,generated,corrected,,"arm multi_real, seed 43, final generation",seed43,False,curated molecules without the 204 top-decile actives,ok,-8.448,20.0,5.0,7.32876,pass
C=C(C)c1ccc(Nc2ccc(S(N)(=O)=O)cc2)cc1,M,M:multi_real,generated,corrected,,"arm multi_real, seed 43, final generation",seed43,False,curated molecules without the 204 top-decile actives,ok,-7.628,20.0,5.0,7.20091,pass
CC(C)c1ccc(Nc2ccc(S(N)(=O)=O)cc2)cc1F,M,M:multi_real,generated,corrected,,"arm multi_real, seed 43, final generation",seed43,True,curated molecules without the 204 top-decile actives,ok,-8.119,21.0,5.0,7.20782,pass
CCCS(=O)(=O)c1ccc(-c2ccc(S(N)(=O)=O)cc2)cc1,M,M:multi_real,generated,corrected,,"arm multi_real, seed 43, final generation",seed43,False,curated molecules without the 204 top-decile actives,ok,-7.486,22.0,6.0,7.19138,pass
CC(C)(C)c1ccc(Nc2ccc(S(N)(=O)=O)cc2)nc1,M,M:multi_real,generated,corrected,,"arm multi_real, seed 43, final generation",seed43,False,curated molecules without the 204 top-decile actives,ok,-7.723,21.0,4.0,7.20764,pass
NS(=O)(=O)c1ccc(-c2ccc(OC(F)(F)F)cc2)cc1,M,M:multi_real,generated,corrected,,"arm multi_real, seed 44, final generation",seed44,False,curated molecules without the 204 top-decile actives,ok,-8.015,21.0,4.0,7.24621,pass
NS(=O)(=O)c1ccc(Oc2ccc(C3CC3)cc2)cc1,M,M:multi_real,generated,corrected,,"arm multi_real, seed 44, final generation",seed44,True,curated molecules without the 204 top-decile actives,ok,-8.107,20.0,5.0,7.17661,pass
NS(=O)(=O)c1ccc(-c2ccc(OC3=CCC3)cc2)cc1,M,M:multi_real,generated,corrected,,"arm multi_real, seed 44, final generation",seed44,False,curated molecules without the 204 top-decile actives,ok,-8.309,21.0,5.0,7.24236,pass
NS(=O)(=O)c1ccc(Nc2ccc(C(F)F)cc2)cc1,M,M:multi_real,generated,corrected,,"arm multi_real, seed 44, final generation",seed44,False,curated molecules without the 204 top-decile actives,ok,-8.17,20.0,5.0,7.28482,pass
CC(C)Nc1ccc(Oc2ccc(S(N)(=O)=O)cc2)cc1,M,M:multi_real,generated,corrected,,"arm multi_real, seed 44, final generation",seed44,False,curated molecules without the 204 top-decile actives,ok,-7.994,21.0,6.0,7.28429,pass
O=C(C1CC1)N1CCc2cnc(Nc3c(F)cccc3F)nc2C1,M,M:multi_real,generated,corrected,,"arm multi_real, seed 44, final generation",seed44,False,curated molecules without the 204 top-decile actives,ok,-8.504,24.0,3.0,7.34802,pass
Cc1cc(CC(C)C)ccc1-c1ccc(S(N)(=O)=O)cc1,M,M:multi_real,generated,corrected,,"arm multi_real, seed 44, final generation",seed44,False,curated molecules without the 204 top-decile actives,ok,-8.574,21.0,5.0,7.07676,pass
CC(C)CCCc1ccc(-c2ccc(S(N)(=O)=O)cc2)cc1,M,M:multi_real,generated,corrected,,"arm multi_real, seed 44, final generation",seed44,False,curated molecules without the 204 top-decile actives,ok,-8.305,22.0,7.0,7.24943,pass
CC(C)(C)c1ccc(C(=O)Nc2ccc(S(N)(=O)=O)cc2)cc1,M,M:multi_real,generated,corrected,,"arm multi_real, seed 44, final generation",seed44,False,curated molecules without the 204 top-decile actives,ok,-7.548,23.0,4.0,7.10907,pass
Cc1cc(S(N)(=O)=O)ccc1N1CCN(C(C)C)CC1,M,M:multi_real,generated,corrected,,"arm multi_real, seed 44, final generation",seed44,False,curated molecules without the 204 top-decile actives,ok,-7.382,20.0,4.0,7.21562,pass
Cc1nc(-c2ccc(S(N)(=O)=O)cc2)ccc1C(C)(C)C,M,M:multi_real,generated,corrected,,"arm multi_real, seed 44, final generation",seed44,False,curated molecules without the 204 top-decile actives,ok,-7.638,21.0,3.0,7.19458,pass
CC(C)Cc1ccc(C(=O)Nc2ccc(S(N)(=O)=O)cc2)cc1,M,M:multi_real,generated,corrected,,"arm multi_real, seed 44, final generation",seed44,True,curated molecules without the 204 top-decile actives,ok,-8.083,23.0,6.0,7.14987,pass
CC(C)Cc1ccc(NC(=O)c2ccc(S(N)(=O)=O)cc2)cc1,M,M:multi_real,generated,corrected,,"arm multi_real, seed 44, final generation",seed44,False,curated molecules without the 204 top-decile actives,ok,-7.116,23.0,6.0,7.14987,pass
CC(C)c1ccc(C(=O)c2ccc(S(N)(=O)=O)cc2)cc1,M,M:multi_real,generated,corrected,,"arm multi_real, seed 44, final generation",seed44,False,curated molecules without the 204 top-decile actives,ok,-8.735,21.0,5.0,7.1578,pass
CCCC(=O)c1ccc(-c2ccc(S(N)(=O)=O)cc2)cc1,M,M:multi_real,generated,corrected,,"arm multi_real, seed 44, final generation",seed44,False,curated molecules without the 204 top-decile actives,ok,-7.93,21.0,6.0,7.22582,pass
CC(C)C(=O)Nc1ncc2c(n1)CN(c1ccc(Cl)cc1)CC2,M,M:multi_real,generated,corrected,,"arm multi_real, seed 44, final generation",seed44,False,curated molecules without the 204 top-decile actives,ok,-7.791,23.0,3.0,7.19702,pass
Fc1cccc(F)c1Nc1ncc2c(n1)CN(C1CC1)CC2,M,M:multi_real,generated,corrected,,"arm multi_real, seed 44, final generation",seed44,False,curated molecules without the 204 top-decile actives,ok,-8.022,22.0,3.0,7.21792,pass
Cc1cc(S(N)(=O)=O)ccc1-c1ccc(C(C)C)cc1F,M,M:multi_real,generated,corrected,,"arm multi_real, seed 44, final generation",seed44,False,curated molecules without the 204 top-decile actives,ok,-8.29,21.0,4.0,7.01344,pass
NS(=O)(=O)c1ccc(-c2ccc(C3CCC3)cc2)cc1,M,M:multi_real,generated,corrected,,"arm multi_real, seed 45, final generation",seed45,False,curated molecules without the 204 top-decile actives,ok,-8.329,20.0,4.0,7.09666,pass
C=C(C)c1ccc(-c2ccc(S(N)(=O)=O)cc2)cc1Br,M,M:multi_real,generated,corrected,,"arm multi_real, seed 45, final generation",seed45,True,curated molecules without the 204 top-decile actives,ok,-7.728,20.0,4.0,7.32558,pass
CC(C)c1ccc(-c2ccc(S(N)(=O)=O)cc2)cc1Br,M,M:multi_real,generated,corrected,,"arm multi_real, seed 45, final generation",seed45,False,curated molecules without the 204 top-decile actives,ok,-8.162,20.0,4.0,7.26202,pass
CCCCN1CCc2nc(-c3ccc(S(N)(=O)=O)cc3)ccc2C1,M,M:multi_real,generated,corrected,,"arm multi_real, seed 45, final generation",seed45,False,curated molecules without the 204 top-decile actives,ok,-7.448,24.0,6.0,7.35859,pass
CC(C)C(=O)N1CCc2nc(-c3ccc(S(N)(=O)=O)cc3)ccc2C1,M,M:multi_real,generated,corrected,,"arm multi_real, seed 45, final generation",seed45,False,curated molecules without the 204 top-decile actives,ok,-7.756,25.0,4.0,7.34931,pass
CC(C)c1ccc(Cc2ccc(S(N)(=O)=O)cc2)cc1F,M,M:multi_real,generated,corrected,,"arm multi_real, seed 45, final generation",seed45,False,curated molecules without the 204 top-decile actives,ok,-8.362,21.0,5.0,7.07326,pass
Cc1ncc(Nc2ccc(S(C)(=O)=O)cc2)n1C(C)C,M,M:multi_real,generated,corrected,,"arm multi_real, seed 45, final generation",seed45,False,curated molecules without the 204 top-decile actives,ok,-7.216,20.0,4.0,7.22832,pass
CCc1nc(Nc2ccc(S(N)(=O)=O)cc2)ncc1C(C)C,M,M:multi_real,generated,corrected,,"arm multi_real, seed 45, final generation",seed45,False,curated molecules without the 204 top-decile actives,ok,-7.885,22.0,6.0,7.40481,pass
CC(C)CC(=O)N1CCc2nc(-c3ccc(S(N)(=O)=O)cc3)ccc2C1,M,M:multi_real,generated,corrected,,"arm multi_real, seed 45, final generation",seed45,False,curated molecules without the 204 top-decile actives,ok,-7.867,26.0,5.0,7.35351,pass
Cc1ncc(-c2nc(NCC(C)C)ncc2F)n1C(C)C,M,M:multi_real,generated,corrected,,"arm multi_real, seed 45, final generation",seed45,False,curated molecules without the 204 top-decile actives,ok,-7.556,21.0,5.0,7.34957,pass
CC(C)Nc1ccc(-c2ccc(S(C)(=O)=O)cc2)cc1,M,M:multi_real,generated,corrected,,"arm multi_real, seed 45, final generation",seed45,False,curated molecules without the 204 top-decile actives,ok,-7.405,20.0,4.0,6.87101,pass
CC=Cc1ncc(F)c(-c2ccc(S(N)(=O)=O)cc2)n1,M,M:multi_real,generated,corrected,,"arm multi_real, seed 45, final generation",seed45,False,curated molecules without the 204 top-decile actives,ok,-8.001,20.0,4.0,7.20643,pass
Cc1ncc(OCc2ccc(S(N)(=O)=O)cc2)n1C(C)C,M,M:multi_real,generated,corrected,,"arm multi_real, seed 45, final generation",seed45,False,curated molecules without the 204 top-decile actives,ok,-7.498,21.0,6.0,7.21489,pass
NS(=O)(=O)c1ccc(-c2ccc(N3CCCS3(=O)=O)cc2)cc1,M,M:multi_real,generated,corrected,,"arm multi_real, seed 45, final generation",seed45,False,curated molecules without the 204 top-decile actives,ok,-7.876,23.0,4.0,7.11033,pass
CC(=O)Nc1ncc(F)c(-c2cnc(C)n2C(C)C)n1,M,M:multi_real,generated,corrected,,"arm multi_real, seed 45, final generation",seed45,False,curated molecules without the 204 top-decile actives,ok,-7.68,20.0,3.0,7.2295,pass
C=C(C)c1ncc(F)c(-c2ccc(S(N)(=O)=O)cc2)n1,M,M:multi_real,generated,corrected,,"arm multi_real, seed 45, final generation",seed45,False,curated molecules without the 204 top-decile actives,ok,-8.413,20.0,4.0,7.13143,pass
CCCNc1ccc(Oc2ccc(S(N)(=O)=O)cc2)cc1,M,M:multi_real,generated,corrected,,"arm multi_real, seed 45, final generation",seed45,False,curated molecules without the 204 top-decile actives,ok,-7.783,21.0,7.0,7.08256,pass
CN1CCC(c2ccc(Nc3ccc(S(N)(=O)=O)cc3)cc2F)CC1,M,M:multi_real,generated,corrected,,"arm multi_real, seed 45, final generation",seed45,False,curated molecules without the 204 top-decile actives,ok,-9.012,25.0,5.0,7.17021,pass
CC(C)N(C)c1ccc(-c2ccc(S(N)(=O)=O)cc2)cc1,M,M:multi_real,generated,corrected,,"arm multi_real, seed 46, final generation",seed46,False,curated molecules without the 204 top-decile actives,ok,-7.093,21.0,5.0,7.16469,pass
CC(C)Cc1ccc(CCc2ccc(S(N)(=O)=O)cc2)cc1,M,M:multi_real,generated,corrected,,"arm multi_real, seed 46, final generation",seed46,False,curated molecules without the 204 top-decile actives,ok,-8.273,22.0,7.0,7.28167,pass
CNC(=O)c1ccc(Cc2ccc(S(N)(=O)=O)cc2)cc1,M,M:multi_real,generated,corrected,,"arm multi_real, seed 46, final generation",seed46,False,curated molecules without the 204 top-decile actives,ok,-8.315,21.0,5.0,7.24127,pass
CC(=O)Cc1ccc(Nc2ccc(S(N)(=O)=O)cc2)cc1,M,M:multi_real,generated,corrected,,"arm multi_real, seed 46, final generation",seed46,False,curated molecules without the 204 top-decile actives,ok,-7.961,21.0,6.0,7.29891,pass
CC(C)C(C)(C)c1ccc(-c2ccc(S(N)(=O)=O)cc2)nc1,M,M:multi_real,generated,corrected,,"arm multi_real, seed 46, final generation",seed46,False,curated molecules without the 204 top-decile actives,ok,-7.54,22.0,5.0,7.28142,pass
CC(C)Oc1ccc(CCc2ccc(S(N)(=O)=O)cc2)cc1,M,M:multi_real,generated,corrected,,"arm multi_real, seed 46, final generation",seed46,False,curated molecules without the 204 top-decile actives,ok,-7.756,22.0,7.0,7.25384,pass
CCc1nc(Nc2ccc(S(N)(=O)=O)cc2)ncc1Br,M,M:multi_real,generated,corrected,,"arm multi_real, seed 46, final generation",seed46,False,curated molecules without the 204 top-decile actives,ok,-7.66,20.0,5.0,7.5145,pass
CN(c1ccc(-c2ccc(S(N)(=O)=O)cc2)cc1)C1CC1,M,M:multi_real,generated,corrected,,"arm multi_real, seed 46, final generation",seed46,False,curated molecules without the 204 top-decile actives,ok,-7.648,21.0,5.0,7.12618,pass
CC(C)(C)c1ccc(Cc2ccc(S(N)(=O)=O)cc2)nc1,M,M:multi_real,generated,corrected,,"arm multi_real, seed 46, final generation",seed46,False,curated molecules without the 204 top-decile actives,ok,-7.64,21.0,4.0,7.16656,pass
CCOc1ccc(Cc2ccc(S(N)(=O)=O)cc2)cc1,M,M:multi_real,generated,corrected,,"arm multi_real, seed 46, final generation",seed46,False,curated molecules without the 204 top-decile actives,ok,-7.962,20.0,6.0,7.08122,pass
NS(=O)(=O)c1ccc(CCN2CCc3ncccc3C2)cc1,M,M:multi_real,generated,corrected,,"arm multi_real, seed 46, final generation",seed46,False,curated molecules without the 204 top-decile actives,ok,-7.924,22.0,5.0,7.26813,pass
NS(=O)(=O)c1ccc(CN2CCc3ncccc3C2)cc1,M,M:multi_real,generated,corrected,,"arm multi_real, seed 46, final generation",seed46,False,curated molecules without the 204 top-decile actives,ok,-7.613,21.0,4.0,7.22352,pass
CC(C)c1ccc2c(n1)CCN(c1ccc(S(N)(=O)=O)cc1)C2,M,M:multi_real,generated,corrected,,"arm multi_real, seed 46, final generation",seed46,False,curated molecules without the 204 top-decile actives,ok,-7.456,23.0,4.0,7.29753,pass
CC(C)OC(=O)c1ccc(-c2ccc(S(N)(=O)=O)cc2)cc1,M,M:multi_real,generated,corrected,,"arm multi_real, seed 46, final generation",seed46,False,curated molecules without the 204 top-decile actives,ok,-8.155,22.0,5.0,7.25343,pass
NS(=O)(=O)c1ccc(Nc2ccc(CC(F)F)cc2)cc1,M,M:multi_real,generated,corrected,,"arm multi_real, seed 46, final generation",seed46,False,curated molecules without the 204 top-decile actives,ok,-8.183,21.0,6.0,7.29439,pass
CCOc1ccc(-c2ccc(S(N)(=O)=O)cc2)c(C)c1,M,M:multi_real,generated,corrected,,"arm multi_real, seed 46, final generation",seed46,False,curated molecules without the 204 top-decile actives,ok,-8.27,20.0,5.0,7.00792,pass
COc1ccc(CC(=O)c2ccc(S(N)(=O)=O)cc2)cc1,M,M:multi_real,generated,corrected,,"arm multi_real, seed 46, final generation",seed46,False,curated molecules without the 204 top-decile actives,ok,-7.841,21.0,6.0,7.29159,pass
CC(C)OCc1ccc(Cc2ccc(S(N)(=O)=O)cc2)cc1,M,M:multi_real,generated,corrected,,"arm multi_real, seed 46, final generation",seed46,False,curated molecules without the 204 top-decile actives,ok,-8.243,22.0,7.0,7.21798,pass
CC(C)Oc1ccc(-c2ccc(S(N)(=O)=O)cc2)cc1Br,M,M:multi_real,generated,corrected,,"arm multi_real, seed 46, final generation",seed46,False,curated molecules without the 204 top-decile actives,ok,-8.089,21.0,5.0,7.20267,pass
CC(=O)N(C)c1ccc(-c2ccc(S(N)(=O)=O)cc2)nc1,M,M:multi_real,generated,corrected,,"arm multi_real, seed 46, final generation",seed46,False,curated molecules without the 204 top-decile actives,ok,-7.444,21.0,4.0,7.17688,pass
CCCN(C)c1ccc(-c2ccc(S(N)(=O)=O)cc2)cc1,M,M:multi_real,generated,corrected,,"arm multi_real, seed 46, final generation",seed46,False,curated molecules without the 204 top-decile actives,ok,-7.306,21.0,6.0,7.08445,pass
NS(=O)(=O)c1ccc(Cc2ccc(C3CC3)c(Br)c2)cc1,M,M:multi_real,generated,corrected,,"arm multi_real, seed 46, final generation",seed46,True,curated molecules without the 204 top-decile actives,ok,-7.926,21.0,5.0,7.21952,pass
CCOc1ccc(Cc2ccc(S(N)(=O)=O)cc2)c(C)c1,M,M:multi_real,generated,corrected,,"arm multi_real, seed 46, final generation",seed46,False,curated molecules without the 204 top-decile actives,ok,-8.355,21.0,6.0,7.04881,pass
NS(=O)(=O)c1ccc(NC(=O)Cc2ccc(F)cc2)cc1,M,M:multi_real,generated,corrected,,"arm multi_real, seed 46, final generation",seed46,False,curated molecules without the 204 top-decile actives,ok,-7.589,21.0,5.0,7.0473,pass
CN(C)C(=O)c1ccc(-c2ccc(C(N)=O)cc2)cc1,M,M:multi_scrambled,generated,corrected,,"arm multi_scrambled, seed 42, final generation",seed42,False,curated molecules without the 204 top-decile actives,ok,-7.429,20.0,3.0,5.2296,pass
CNC(=O)c1ccc(C(=O)Nc2c(Cl)cccc2Cl)cc1,M,M:multi_scrambled,generated,corrected,,"arm multi_scrambled, seed 42, final generation",seed42,False,curated molecules without the 204 top-decile actives,ok,-7.683,21.0,3.0,5.89616,pass
CC(=O)Cc1ccc(C(=O)Nc2ccc(C(=O)N(C)C)cc2)cc1,M,M:multi_scrambled,generated,corrected,,"arm multi_scrambled, seed 42, final generation",seed42,False,curated molecules without the 204 top-decile actives,ok,-8.124,24.0,5.0,5.90117,pass
CNC(=O)c1ccc(OCc2ccc(C(=O)N(C)C)cc2)cc1,M,M:multi_scrambled,generated,corrected,,"arm multi_scrambled, seed 42, final generation",seed42,False,curated molecules without the 204 top-decile actives,ok,-8.092,23.0,5.0,5.43123,pass
CNC(=O)c1ccc(Nc2ccc(F)cc2OC)cc1,M,M:multi_scrambled,generated,corrected,,"arm multi_scrambled, seed 42, final generation",seed42,False,curated molecules without the 204 top-decile actives,ok,-7.611,20.0,4.0,5.75718,pass
CNC(=O)c1ccc(C(=O)c2ccc(N3CCOCC3)cc2)cc1,M,M:multi_scrambled,generated,corrected,,"arm multi_scrambled, seed 42, final generation",seed42,False,curated molecules without the 204 top-decile actives,ok,-8.71,24.0,4.0,6.28478,pass
CNC(=O)c1ccc(C(=O)c2c(Cl)cccc2Cl)cc1,M,M:multi_scrambled,generated,corrected,,"arm multi_scrambled, seed 42, final generation",seed42,False,curated molecules without the 204 top-decile actives,ok,-7.438,20.0,3.0,5.94657,pass
CNC(=O)c1ccc(C(=O)N2CCC(c3ccc(F)cc3OC)CC2)cc1,M,M:multi_scrambled,generated,corrected,,"arm multi_scrambled, seed 42, final generation",seed42,False,curated molecules without the 204 top-decile actives,ok,-8.866,27.0,4.0,5.96359,pass
CNC(=O)c1ccc(Cc2ccc(N3CCCOCC3)cc2)cc1,M,M:multi_scrambled,generated,corrected,,"arm multi_scrambled, seed 42, final generation",seed42,False,curated molecules without the 204 top-decile actives,ok,-6.898,24.0,4.0,6.24435,pass
CNC(=O)c1ccc(-c2ccc(C(=O)NC)cc2)cc1,M,M:multi_scrambled,generated,corrected,,"arm multi_scrambled, seed 42, final generation",seed42,False,curated molecules without the 204 top-decile actives,ok,-7.635,20.0,3.0,5.87467,pass
CNC(=O)c1ccc(-c2ccc(N3CCCOCC3)cn2)cc1,M,M:multi_scrambled,generated,corrected,,"arm multi_scrambled, seed 42, final generation",seed42,False,curated molecules without the 204 top-decile actives,ok,-5.779,23.0,3.0,6.21954,pass
O=C(NCc1ccc(N2CCOCC2)cc1)c1c(Cl)cccc1Cl,M,M:multi_scrambled,generated,corrected,,"arm multi_scrambled, seed 42, final generation",seed42,False,curated molecules without the 204 top-decile actives,ok,-7.594,24.0,4.0,6.29031,pass
CN(C)C(=O)c1ccc(CNC(=O)c2ccc(C(N)=O)cc2)cc1,M,M:multi_scrambled,generated,corrected,,"arm multi_scrambled, seed 42, final generation",seed42,False,curated molecules without the 204 top-decile actives,ok,-8.153,24.0,5.0,5.67716,pass
CNC(=O)c1ccc(C(=O)Nc2ccc(N(C)C)cn2)cc1,M,M:multi_scrambled,generated,corrected,,"arm multi_scrambled, seed 42, final generation",seed42,False,curated molecules without the 204 top-decile actives,ok,-7.111,22.0,4.0,5.87231,pass
CNC(=O)C1CCN(c2ccc(C(=O)N(C)C)cc2)CC1,M,M:multi_scrambled,generated,corrected,,"arm multi_scrambled, seed 42, final generation",seed42,False,curated molecules without the 204 top-decile actives,ok,-7.098,21.0,3.0,5.77378,pass
CNC(=O)c1ccc(Nc2ccc(N3CCCOCC3)cc2)cc1,M,M:multi_scrambled,generated,corrected,,"arm multi_scrambled, seed 42, final generation",seed42,False,curated molecules without the 204 top-decile actives,ok,-6.308,24.0,4.0,6.33681,pass
CNC(=O)c1ccc(C(=O)c2ccc(OC)cc2)cc1,M,M:multi_scrambled,generated,corrected,,"arm multi_scrambled, seed 42, final generation",seed42,False,curated molecules without the 204 top-decile actives,ok,-8.0,20.0,4.0,5.93819,pass
CC(C)c1cc(NC(=O)c2ccc(C(N)=O)cc2)ncn1,M,M:multi_scrambled,generated,corrected,,"arm multi_scrambled, seed 42, final generation",seed42,False,curated molecules without the 204 top-decile actives,ok,-7.734,21.0,4.0,6.02872,pass
CNC(=O)Cc1ccc(-c2ccc(C(=O)NC)cc2)cc1,M,M:multi_scrambled,generated,corrected,,"arm multi_scrambled, seed 42, final generation",seed42,False,curated molecules without the 204 top-decile actives,ok,-7.523,21.0,4.0,6.06979,pass
CNC(=O)c1ccc(COc2ccc(C(=O)NC)cc2)cc1,M,M:multi_scrambled,generated,corrected,,"arm multi_scrambled, seed 42, final generation",seed42,False,curated molecules without the 204 top-decile actives,ok,-8.164,22.0,5.0,5.68901,pass
CNC(=O)c1ccc(-c2ccc(S(N)(=O)=O)cc2)cc1,M,M:multi_scrambled,generated,corrected,,"arm multi_scrambled, seed 42, final generation",seed42,False,curated molecules without the 204 top-decile actives,ok,-7.704,20.0,4.0,7.30027,pass
O=C(NCc1cccc(C(=O)N2CCCC2)c1)c1ccccc1,M,M:multi_scrambled,generated,corrected,,"arm multi_scrambled, seed 43, final generation",seed43,False,curated molecules without the 204 top-decile actives,ok,-9.325,23.0,4.0,5.81637,pass
COc1ccc(C(=O)Nc2cccc(Cl)c2)cc1OC,M,M:multi_scrambled,generated,corrected,,"arm multi_scrambled, seed 43, final generation",seed43,False,curated molecules without the 204 top-decile actives,ok,-7.324,20.0,4.0,5.80289,pass
O=C(Nc1cccc(N2CCCC2)c1)c1cccc(Cl)c1,M,M:multi_scrambled,generated,corrected,,"arm multi_scrambled, seed 43, final generation",seed43,False,curated molecules without the 204 top-decile actives,ok,-8.091,21.0,3.0,6.26143,pass
O=C(Nc1cccc(N2CCCCC2)c1)c1ccccc1,M,M:multi_scrambled,generated,corrected,,"arm multi_scrambled, seed 43, final generation",seed43,False,curated molecules without the 204 top-decile actives,ok,-8.182,21.0,3.0,6.30897,pass
O=C(Nc1cccc(C(=O)N2CCCC2)c1)c1cccc(Cl)c1,M,M:multi_scrambled,generated,corrected,,"arm multi_scrambled, seed 43, final generation",seed43,False,curated molecules without the 204 top-decile actives,ok,-8.965,23.0,3.0,5.93364,pass
O=C(Nc1ccccc1)c1cccc(N2CCCC2)c1,M,M:multi_scrambled,generated,corrected,,"arm multi_scrambled, seed 43, final generation",seed43,False,curated molecules without the 204 top-decile actives,ok,-8.033,20.0,3.0,6.28619,pass
NC(=O)c1ccc(-c2cccc(C(=O)N3CCCC3)c2)cc1,M,M:multi_scrambled,generated,corrected,,"arm multi_scrambled, seed 43, final generation",seed43,False,curated molecules without the 204 top-decile actives,ok,-9.123,22.0,3.0,5.65833,pass
CN(C)C(=O)c1cccc(-c2ccc(N3CCCNCC3)cc2)c1,M,M:multi_scrambled,generated,corrected,,"arm multi_scrambled, seed 43, final generation",seed43,False,curated molecules without the 204 top-decile actives,ok,-6.25,24.0,3.0,5.3533,pass
O=C(c1ccccc1)c1cccc(N2CCCNCC2)c1,M,M:multi_scrambled,generated,corrected,,"arm multi_scrambled, seed 43, final generation",seed43,False,curated molecules without the 204 top-decile actives,ok,-6.428,21.0,3.0,5.75386,pass
NC(=O)c1ccc(NC(=O)c2ccc(N3CCCC3)cc2)cc1,M,M:multi_scrambled,generated,corrected,,"arm multi_scrambled, seed 43, final generation",seed43,False,curated molecules without the 204 top-decile actives,ok,-7.844,23.0,4.0,6.41053,pass
COc1ccccc1NC(=O)c1ccc(N2CCCC2)cc1,M,M:multi_scrambled,generated,corrected,,"arm multi_scrambled, seed 43, final generation",seed43,False,curated molecules without the 204 top-decile actives,ok,-7.365,22.0,4.0,5.91268,pass
O=C(c1ccccc1)c1ccc(C(=O)N2CCCC2)cc1,M,M:multi_scrambled,generated,corrected,,"arm multi_scrambled, seed 43, final generation",seed43,False,curated molecules without the 204 top-decile actives,ok,-7.812,21.0,3.0,5.60058,pass
COc1ccc(C(=O)Nc2cccc(N3CCCCC3)c2)cc1OC,M,M:multi_scrambled,generated,corrected,,"arm multi_scrambled, seed 43, final generation",seed43,False,curated molecules without the 204 top-decile actives,ok,-8.168,25.0,5.0,5.98312,pass
CN(C)C(=O)c1ccc(NC(=O)c2ccc(C(N)=O)cc2)cc1,M,M:multi_scrambled,generated,corrected,,"arm multi_scrambled, seed 43, final generation",seed43,False,curated molecules without the 204 top-decile actives,ok,-7.648,23.0,4.0,5.84429,pass
O=C(c1ccccc1)c1cccc(C(=O)N2CCCCC2)c1,M,M:multi_scrambled,generated,corrected,,"arm multi_scrambled, seed 43, final generation",seed43,False,curated molecules without the 204 top-decile actives,ok,-9.198,22.0,3.0,5.67912,pass
NC(=O)c1ccc(C(=O)Nc2ccc(C(=O)N3CCCC3)cc2)cc1,M,M:multi_scrambled,generated,corrected,,"arm multi_scrambled, seed 43, final generation",seed43,False,curated molecules without the 204 top-decile actives,ok,-8.067,25.0,4.0,6.09,pass
O=C(NN1CCCC1)c1cccc(C(=O)N2CCCC2)c1,M,M:multi_scrambled,generated,corrected,,"arm multi_scrambled, seed 43, final generation",seed43,False,curated molecules without the 204 top-decile actives,ok,-8.688,21.0,3.0,6.3966,pass
O=S(=O)(c1ccc(NCc2ccccc2)cc1)C1CC1,M,M:multi_scrambled,generated,corrected,,"arm multi_scrambled, seed 43, final generation",seed43,False,curated molecules without the 204 top-decile actives,ok,-7.658,20.0,5.0,6.69232,pass
COc1ccc(NC(=O)c2ccc(OC)c(Cl)c2)cc1Cl,M,M:multi_scrambled,generated,corrected,,"arm multi_scrambled, seed 43, final generation",seed43,False,curated molecules without the 204 top-decile actives,ok,-7.573,21.0,4.0,5.87343,pass
O=C(Nc1ccc(C(=O)C2CC2)cc1)c1ccccc1,M,M:multi_scrambled,generated,corrected,,"arm multi_scrambled, seed 43, final generation",seed43,False,curated molecules without the 204 top-decile actives,ok,-7.17,20.0,4.0,6.00428,pass
O=C(c1cccc(N2CCCNCC2)c1)N1CCCC1,M,M:multi_scrambled,generated,corrected,,"arm multi_scrambled, seed 43, final generation",seed43,False,curated molecules without the 204 top-decile actives,ok,-5.675,20.0,2.0,5.62862,pass
COc1ccc(C(=O)Nc2ccc(Cl)cc2)cc1OC,M,M:multi_scrambled,generated,corrected,,"arm multi_scrambled, seed 44, final generation",seed44,False,curated molecules without the 204 top-decile actives,ok,-7.414,20.0,4.0,5.89887,pass
CC(=O)N1CCN(Cc2cccc(C(=O)Nc3ccc(Cl)cc3)c2)CC1,M,M:multi_scrambled,generated,corrected,,"arm multi_scrambled, seed 44, final generation",seed44,False,curated molecules without the 204 top-decile actives,ok,-9.053,26.0,4.0,6.24608,pass
CN(C)C(=O)c1ccc(Nc2cccc(C(=O)N(C)C)c2)cc1,M,M:multi_scrambled,generated,corrected,,"arm multi_scrambled, seed 44, final generation",seed44,False,curated molecules without the 204 top-decile actives,ok,-8.466,23.0,4.0,5.5025,pass
CNC(=O)c1ccc(C(=O)Nc2cccc(C(=O)N(C)C)c2)cc1,M,M:multi_scrambled,generated,corrected,,"arm multi_scrambled, seed 44, final generation",seed44,False,curated molecules without the 204 top-decile actives,ok,-8.215,24.0,4.0,5.70315,pass
CC(=O)c1ccc(NC(=O)c2cccc(C(=O)N(C)C)c2)cc1,M,M:multi_scrambled,generated,corrected,,"arm multi_scrambled, seed 44, final generation",seed44,False,curated molecules without the 204 top-decile actives,ok,-8.187,23.0,4.0,5.71578,pass
CC(=O)c1ccc(NC(=O)c2cccc(N(C)C)c2)cc1,M,M:multi_scrambled,generated,corrected,,"arm multi_scrambled, seed 44, final generation",seed44,False,curated molecules without the 204 top-decile actives,ok,-7.812,21.0,4.0,5.82976,pass
CN(C)C(=O)c1ccc(Cc2cccc(C(=O)NC3CC3)c2)cc1,M,M:multi_scrambled,generated,corrected,,"arm multi_scrambled, seed 44, final generation",seed44,False,curated molecules without the 204 top-decile actives,ok,-8.924,24.0,5.0,5.57949,pass
CNC(=O)c1ccc(C(=O)N2CCN(C3CC3)CC2)cc1,M,M:multi_scrambled,generated,corrected,,"arm multi_scrambled, seed 44, final generation",seed44,False,curated molecules without the 204 top-decile actives,ok,-7.109,21.0,3.0,6.10099,pass
CC(=O)N1CCN(c2ccc(CNc3ccc(Cl)cc3)cc2)CC1,M,M:multi_scrambled,generated,corrected,,"arm multi_scrambled, seed 44, final generation",seed44,False,curated molecules without the 204 top-decile actives,ok,-8.271,24.0,4.0,6.29708,pass
CC(=O)N1CCN(CNc2ccc(C(=O)c3ccccc3)cc2)CC1,M,M:multi_scrambled,generated,corrected,,"arm multi_scrambled, seed 44, final generation",seed44,False,curated molecules without the 204 top-decile actives,ok,-8.453,25.0,5.0,6.12342,pass
CN(C)C(=O)c1cccc(NCc2ccc(CO)cc2)c1,M,M:multi_scrambled,generated,corrected,,"arm multi_scrambled, seed 44, final generation",seed44,False,curated molecules without the 204 top-decile actives,ok,-7.958,21.0,6.0,5.46951,pass
O=C(Nc1ccc(Cl)cc1)c1ccc(C(=O)C2CC2)cc1,M,M:multi_scrambled,generated,corrected,,"arm multi_scrambled, seed 44, final generation",seed44,False,curated molecules without the 204 top-decile actives,ok,-8.141,21.0,4.0,6.18881,pass
CN(C)C(=O)c1cccc(Nc2cccc3c2CN(C)C3=O)c1,M,M:multi_scrambled,generated,corrected,,"arm multi_scrambled, seed 44, final generation",seed44,False,curated molecules without the 204 top-decile actives,ok,-9.061,23.0,3.0,5.56772,pass
CNC(=O)c1ccc(-c2cccc(C(=O)NC)c2)cc1,M,M:multi_scrambled,generated,corrected,,"arm multi_scrambled, seed 44, final generation",seed44,False,curated molecules without the 204 top-decile actives,ok,-8.674,20.0,3.0,5.86774,pass
COc1cc(N2CCN(C(C)=O)CC2)ccc1-c1ccc(O)cc1,M,M:multi_scrambled,generated,corrected,,"arm multi_scrambled, seed 44, final generation",seed44,False,curated molecules without the 204 top-decile actives,ok,-7.195,24.0,4.0,5.93498,pass
CC(=O)N1CCN(c2ccc(Cc3ccc(O)cc3)cc2)CC1,M,M:multi_scrambled,generated,corrected,,"arm multi_scrambled, seed 44, final generation",seed44,False,curated molecules without the 204 top-decile actives,ok,-8.393,23.0,4.0,5.96321,pass
O=C(Nc1ccc(Cl)cc1)N1CCN(Cc2ccc(Cl)cc2)CC1,M,M:multi_scrambled,generated,corrected,,"arm multi_scrambled, seed 44, final generation",seed44,False,curated molecules without the 204 top-decile actives,ok,-7.942,24.0,3.0,6.60384,pass
CN(C)C(=O)NC(=O)c1ccc(-c2ccc(Cl)cc2)cc1,M,M:multi_scrambled,generated,corrected,,"arm multi_scrambled, seed 44, final generation",seed44,False,curated molecules without the 204 top-decile actives,ok,-8.375,21.0,2.0,5.68626,pass
CC(=O)c1ccc(C(=O)c2ccc(C(N)=O)cc2)cc1,M,M:multi_scrambled,generated,corrected,,"arm multi_scrambled, seed 44, final generation",seed44,False,curated molecules without the 204 top-decile actives,ok,-8.485,20.0,4.0,5.63247,pass
O=C(NC1CC1)c1cccc(-c2cccc(C3CC3)c2)c1,M,M:multi_scrambled,generated,corrected,,"arm multi_scrambled, seed 44, final generation",seed44,False,curated molecules without the 204 top-decile actives,ok,-8.686,21.0,4.0,5.89846,pass
O=C(Nc1cccc(N2CCOCC2)c1)c1ccccc1,M,M:multi_scrambled,generated,corrected,,"arm multi_scrambled, seed 45, final generation",seed45,False,curated molecules without the 204 top-decile actives,ok,-8.13,21.0,3.0,6.34687,pass
CNC(=O)c1ccc(NC(=O)c2cccc(C(=O)N(C)C)c2)cc1,M,M:multi_scrambled,generated,corrected,,"arm multi_scrambled, seed 45, final generation",seed45,False,curated molecules without the 204 top-decile actives,ok,-8.369,24.0,4.0,5.74881,pass
CN(C)c1cccc(C(=O)Nc2ccccc2N2CCOCC2)c1,M,M:multi_scrambled,generated,corrected,,"arm multi_scrambled, seed 45, final generation",seed45,False,curated molecules without the 204 top-decile actives,ok,-8.25,24.0,4.0,5.65962,pass
CN(C)C(=O)c1cccc(C(=O)Nc2cccc(N3CCOCC3)c2)c1,M,M:multi_scrambled,generated,corrected,,"arm multi_scrambled, seed 45, final generation",seed45,False,curated molecules without the 204 top-decile actives,ok,-8.65,26.0,4.0,5.90094,pass
CN(C)C(=O)c1ccc(F)c(NC(=O)c2cccnc2)c1,M,M:multi_scrambled,generated,corrected,,"arm multi_scrambled, seed 45, final generation",seed45,False,curated molecules without the 204 top-decile actives,ok,-7.879,21.0,3.0,6.17557,pass
CNC(=O)c1cccc(Nc2cccc(N3CCOCC3)c2)c1,M,M:multi_scrambled,generated,corrected,,"arm multi_scrambled, seed 45, final generation",seed45,False,curated molecules without the 204 top-decile actives,ok,-8.543,23.0,4.0,6.216,pass
CN(C)CC(=O)NC(=O)c1cccc(-c2ccccc2)c1,M,M:multi_scrambled,generated,corrected,,"arm multi_scrambled, seed 45, final generation",seed45,False,curated molecules without the 204 top-decile actives,ok,-8.426,21.0,4.0,5.60378,pass
COc1cc(F)ccc1-c1ccc(NC(=O)CN(C)C)cc1,M,M:multi_scrambled,generated,corrected,,"arm multi_scrambled, seed 45, final generation",seed45,False,curated molecules without the 204 top-decile actives,ok,-7.681,22.0,5.0,5.88268,pass
CNC(=O)c1cccc(Nc2cc(C(=O)N(C)C)ccc2F)c1,M,M:multi_scrambled,generated,corrected,,"arm multi_scrambled, seed 45, final generation",seed45,False,curated molecules without the 204 top-decile actives,ok,-8.709,23.0,4.0,5.9333,pass
CN(C)C(=O)c1cccc(NC(=O)c2cccc(N3CCOCC3)c2)c1,M,M:multi_scrambled,generated,corrected,,"arm multi_scrambled, seed 45, final generation",seed45,False,curated molecules without the 204 top-decile actives,ok,-8.472,26.0,4.0,5.93003,pass
CNC(=O)c1ccc(-c2ccccc2NC(=O)CN(C)C)cc1,M,M:multi_scrambled,generated,corrected,,"arm multi_scrambled, seed 45, final generation",seed45,False,curated molecules without the 204 top-decile actives,ok,-7.716,23.0,5.0,5.95691,pass
CNC(=O)c1cccc(C(=O)Nc2cc(N3CCOCC3)ccc2F)c1,M,M:multi_scrambled,generated,corrected,,"arm multi_scrambled, seed 45, final generation",seed45,False,curated molecules without the 204 top-decile actives,ok,-8.516,26.0,4.0,6.21446,pass
O=C(NNc1cccc(N2CCOCC2)c1)c1ccccc1,M,M:multi_scrambled,generated,corrected,,"arm multi_scrambled, seed 45, final generation",seed45,False,curated molecules without the 204 top-decile actives,ok,-8.425,22.0,4.0,6.23552,pass
CN(C)CC(=O)Nc1cccc(-c2cccc(N(C)C)c2)c1,M,M:multi_scrambled,generated,corrected,,"arm multi_scrambled, seed 45, final generation",seed45,False,curated molecules without the 204 top-decile actives,ok,-7.755,22.0,5.0,5.89272,pass
CN(C)CC(=O)Nc1ccccc1-c1cccc(C(=O)N2CCOCC2)c1,M,M:multi_scrambled,generated,corrected,,"arm multi_scrambled, seed 45, final generation",seed45,False,curated molecules without the 204 top-decile actives,ok,-8.131,27.0,5.0,6.03659,fail
Fc1ccc(Nc2cccc(N3CCOCC3)c2)cc1,M,M:multi_scrambled,generated,corrected,,"arm multi_scrambled, seed 45, final generation",seed45,False,curated molecules without the 204 top-decile actives,ok,-8.347,20.0,3.0,6.43221,pass
O=C(Nc1cccc(N2CCOCC2)c1)c1cccc(N2CCOCC2)c1,M,M:multi_scrambled,generated,corrected,,"arm multi_scrambled, seed 45, final generation",seed45,False,curated molecules without the 204 top-decile actives,ok,-8.619,27.0,4.0,6.29403,pass
CN(C)C(=O)c1cccc(C(=O)Nc2cc(N3CCOCC3)ccc2F)c1,M,M:multi_scrambled,generated,corrected,,"arm multi_scrambled, seed 45, final generation",seed45,False,curated molecules without the 204 top-decile actives,ok,-8.419,27.0,4.0,6.01787,pass
Cc1cc(N2CCOCC2)oc1NC(=O)c1ccccc1,M,M:multi_scrambled,generated,corrected,,"arm multi_scrambled, seed 45, final generation",seed45,False,curated molecules without the 204 top-decile actives,ok,-7.506,21.0,3.0,5.99283,pass
O=C(Nc1ccccc1N1CCOCC1)c1cccc(CCO)c1,M,M:multi_scrambled,generated,corrected,,"arm multi_scrambled, seed 45, final generation",seed45,False,curated molecules without the 204 top-decile actives,ok,-8.303,24.0,6.0,5.98588,pass
CN(C)CC(=O)NCc1ccccc1-c1ccccc1,M,M:multi_scrambled,generated,corrected,,"arm multi_scrambled, seed 45, final generation",seed45,False,curated molecules without the 204 top-decile actives,ok,-7.699,20.0,5.0,5.66216,pass
CN(C)C(=O)Cc1ccc(C(=O)Nc2ccccc2)cc1F,M,M:multi_scrambled,generated,corrected,,"arm multi_scrambled, seed 45, final generation",seed45,False,curated molecules without the 204 top-decile actives,ok,-7.589,22.0,4.0,6.05346,pass
O=C(NC(=O)c1cccc(N2CCOCC2)c1)c1ccccc1,M,M:multi_scrambled,generated,corrected,,"arm multi_scrambled, seed 45, final generation",seed45,False,curated molecules without the 204 top-decile actives,ok,-8.671,23.0,3.0,6.04684,pass
O=C(Nc1ccc(N2CCOCC2)cc1)c1ccccc1,M,M:multi_scrambled,generated,corrected,,"arm multi_scrambled, seed 46, final generation",seed46,False,curated molecules without the 204 top-decile actives,ok,-7.138,21.0,3.0,6.39609,pass
CNC(=O)c1cccc(C(=O)Nc2ccc(N3CCOCC3)cc2)c1,M,M:multi_scrambled,generated,corrected,,"arm multi_scrambled, seed 46, final generation",seed46,False,curated molecules without the 204 top-decile actives,ok,-8.318,25.0,4.0,6.34273,pass
CNC(=O)c1cccc(NC(=O)c2ccc(C(=O)N(C)C)cc2)c1,M,M:multi_scrambled,generated,corrected,,"arm multi_scrambled, seed 46, final generation",seed46,False,curated molecules without the 204 top-decile actives,ok,-8.431,24.0,4.0,5.71009,pass
CNC(=O)c1cccc(C(=O)Nc2cccc(N3CCOCC3)c2)c1,M,M:multi_scrambled,generated,corrected,,"arm multi_scrambled, seed 46, final generation",seed46,False,curated molecules without the 204 top-decile actives,ok,-8.324,25.0,4.0,6.24942,pass
CNC(=O)c1cccc(Nc2ccc(N3CCOCC3)cc2)c1,M,M:multi_scrambled,generated,corrected,,"arm multi_scrambled, seed 46, final generation",seed46,False,curated molecules without the 204 top-decile actives,ok,-8.333,23.0,4.0,6.27891,pass
CNC(=O)c1ccc(C2CCN(c3ccccc3Cl)CC2)cc1,M,M:multi_scrambled,generated,corrected,,"arm multi_scrambled, seed 46, final generation",seed46,False,curated molecules without the 204 top-decile actives,ok,-7.931,23.0,3.0,5.95973,pass
CN(C)C(=O)c1ccc(C(=O)Nc2cccc(S(C)(=O)=O)c2)cc1,M,M:multi_scrambled,generated,corrected,,"arm multi_scrambled, seed 46, final generation",seed46,False,curated molecules without the 204 top-decile actives,ok,-7.783,24.0,4.0,6.51425,pass
CC(=O)Nc1cccc(C(=O)c2ccc(S(C)(=O)=O)cc2)c1,M,M:multi_scrambled,generated,corrected,,"arm multi_scrambled, seed 46, final generation",seed46,False,curated molecules without the 204 top-decile actives,ok,-8.096,22.0,4.0,6.70928,pass
CNC(=O)c1ccc(C(=O)Nc2ccc(F)cc2F)cc1,M,M:multi_scrambled,generated,corrected,,"arm multi_scrambled, seed 46, final generation",seed46,False,curated molecules without the 204 top-decile actives,ok,-7.976,21.0,3.0,6.12422,pass
CNC(=O)c1ccc(C(=O)Nc2ccc(C3CCN(C(C)=O)CC3)cc2)cc1,M,M:multi_scrambled,generated,corrected,,"arm multi_scrambled, seed 46, final generation",seed46,False,curated molecules without the 204 top-decile actives,ok,-7.802,28.0,4.0,6.181,pass
CNC(=O)c1ccc(C(=O)c2ccc(S(C)(=O)=O)cc2)cc1,M,M:multi_scrambled,generated,corrected,,"arm multi_scrambled, seed 46, final generation",seed46,False,curated molecules without the 204 top-decile actives,ok,-8.249,22.0,4.0,6.71944,pass
CNC(=O)c1ccc(C2CCN(C3CCN(C(C)=O)CC3)CC2)cc1,M,M:multi_scrambled,generated,corrected,,"arm multi_scrambled, seed 46, final generation",seed46,False,curated molecules without the 204 top-decile actives,ok,-7.806,25.0,3.0,6.036,pass
CC(=O)N1CCC(NCc2ccc(C(=O)c3ccccc3)cc2)CC1,M,M:multi_scrambled,generated,corrected,,"arm multi_scrambled, seed 46, final generation",seed46,False,curated molecules without the 204 top-decile actives,ok,-8.703,25.0,5.0,5.89982,pass
CNC(=O)c1ccc(COc2ccc(S(C)(=O)=O)cc2)cc1,M,M:multi_scrambled,generated,corrected,,"arm multi_scrambled, seed 46, final generation",seed46,False,curated molecules without the 204 top-decile actives,ok,-8.0,22.0,5.0,6.61257,pass
CNC(=O)c1ccc(C2CCN(C(=O)Nc3ccccc3)CC2)cc1,M,M:multi_scrambled,generated,corrected,,"arm multi_scrambled, seed 46, final generation",seed46,False,curated molecules without the 204 top-decile actives,ok,-8.12,25.0,3.0,6.15641,pass
C[C@@H](O)[C@@H](C)Oc1nc(Nc2ccc(S(=N)(=O)C(F)(F)SF)cc2)ncc1C(F)(F)F,M,M:activity_only,generated,corrected,,"arm activity_only, seed 42, final generation",seed42,False,curated molecules without the 204 top-decile actives,ok,-8.088,31.0,9.0,7.94192,pass
C[C@H]([C@@H](C)N)S(=N)(=O)c1ccc(Nc2ncc(C(F)(F)F)c(O[C@H](C)[C@@H](C)O)n2)cc1,M,M:activity_only,generated,corrected,,"arm activity_only, seed 42, final generation",seed42,True,curated molecules without the 204 top-decile actives,ok,-8.114,31.0,10.0,7.93919,pass
C[C@H]([C@@H](C)O)[C@@H](C)Oc1nc(Nc2ccc(Nc3ccc(S(=N)(=O)C(F)(F)F)cc3)cc2)ncc1C(F)(F)F,M,M:activity_only,generated,corrected,,"arm activity_only, seed 42, final generation",seed42,False,curated molecules without the 204 top-decile actives,ok,-8.595,39.0,10.0,7.93531,pass
C[C@H]([C@@H](C)O)[C@@H](C)Oc1nc(Nc2ccc(S(=N)(=O)[C@H](C)[C@@H](C)O)cc2)ncc1C(F)(F)F,M,M:activity_only,generated,corrected,,"arm activity_only, seed 42, final generation",seed42,False,curated molecules without the 204 top-decile actives,ok,-8.372,33.0,11.0,7.93531,pass
C[C@@H](O)[C@@H](C)Oc1nc(Nc2ccc(S(=N)(=O)O[C@H](C)[C@@H](C)O)cc2)ncc1C(F)(F)F,M,M:activity_only,generated,corrected,,"arm activity_only, seed 42, final generation",seed42,False,curated molecules without the 204 top-decile actives,ok,-8.085,32.0,11.0,7.92653,pass
CC(C)[C@@H](C)[C@@H](C)Oc1nc(Nc2ccc(S(=N)(=O)[C@H](C)[C@@H](C)O)cc2)ncc1C(F)(F)F,M,M:activity_only,generated,corrected,,"arm activity_only, seed 42, final generation",seed42,False,curated molecules without the 204 top-decile actives,ok,-8.205,33.0,10.0,7.91916,pass
C[C@@H]([C@H]([C@@H](C)S(=O)(=O)c1ccc(Nc2ncc(C(F)(F)F)c(O[C@H](C)[C@@H](C)O)n2)cc1)C(F)(F)F)[C@@H](C)O,M,M:activity_only,generated,corrected,,"arm activity_only, seed 42, final generation",seed42,False,curated molecules without the 204 top-decile actives,ok,-8.192,38.0,12.0,7.91098,pass
CC(C)C(F)S(=O)(=O)c1ccc(Nc2ncc(C(F)(F)F)c(O[C@H](C)[C@@H](C)O)n2)cc1,M,M:activity_only,generated,corrected,,"arm activity_only, seed 42, final generation",seed42,False,curated molecules without the 204 top-decile actives,ok,-8.1,31.0,9.0,7.90174,pass
C[C@@H](O)[C@@H](C)Oc1nc(Nc2ccc(-c3ccc(S(=O)(=O)[C@@H](C)O)cc3)cc2)ncc1C(F)(F)F,M,M:activity_only,generated,corrected,,"arm activity_only, seed 42, final generation",seed42,False,curated molecules without the 204 top-decile actives,ok,-8.105,35.0,10.0,7.90036,pass
C[C@@H](O)[C@@H](C)Oc1nc(Nc2ccc(S(=O)(=O)C(C)(C)O)cc2)ncc1C(F)(F)F,M,M:activity_only,generated,corrected,,"arm activity_only, seed 42, final generation",seed42,False,curated molecules without the 204 top-decile actives,ok,-8.091,30.0,9.0,7.89913,pass
Cc1ncc(-c2ccnc(Nc3ccc(N4CCOCC4)cc3)n2)n1C(C)C,M,M:activity_only,generated,corrected,,"arm activity_only, seed 42, final generation",seed42,False,curated molecules without the 204 top-decile actives,ok,-8.976,28.0,5.0,7.89791,pass
C[C@@H](O)[C@@H](C)Oc1nc(Nc2ccc(S(=O)(=O)C(F)(F)F)cc2)ncc1C(F)(F)F,M,M:activity_only,generated,corrected,,"arm activity_only, seed 42, final generation",seed42,False,curated molecules without the 204 top-decile actives,ok,-8.251,30.0,7.0,7.89783,pass
C[C@@H](O)[C@@H](C)Oc1nc(Nc2ccc(S(=O)(=O)O[C@H](C)C(C)(C)C)cc2)ncc1C(F)(F)F,M,M:activity_only,generated,corrected,,"arm activity_only, seed 42, final generation",seed42,False,curated molecules without the 204 top-decile actives,ok,-8.014,33.0,9.0,7.89679,pass
C[C@@H](O)[C@@H](C)Oc1nc(Nc2ccc(S(=O)(=O)C(F)(F)C(F)(F)F)cc2)ncc1C(F)(F)F,M,M:activity_only,generated,corrected,,"arm activity_only, seed 42, final generation",seed42,False,curated molecules without the 204 top-decile actives,ok,-8.609,33.0,8.0,7.89605,pass
C[C@@H](O)[C@@H](C)Oc1nc(Nc2ccc(S(=O)(=O)C(C)(C)C)cc2)ncc1C(F)(F)F,M,M:activity_only,generated,corrected,,"arm activity_only, seed 42, final generation",seed42,False,curated molecules without the 204 top-decile actives,ok,-8.009,30.0,7.0,7.89578,pass
C[C@@H](O)[C@@H](C)Oc1nc(Nc2ccc(S(=O)(=O)C(F)O[C@H](C)[C@@H](C)O)cc2)ncc1C(F)(F)F,M,M:activity_only,generated,corrected,,"arm activity_only, seed 42, final generation",seed42,False,curated molecules without the 204 top-decile actives,ok,-8.229,34.0,12.0,7.89556,pass
C[C@@H](O)[C@@H](C)Oc1nc(Nc2ccc(S(=O)(=O)S(=O)(=O)NNC(F)(F)F)cc2)ncc1C(F)(F)F,M,M:activity_only,generated,corrected,,"arm activity_only, seed 42, final generation",seed42,False,curated molecules without the 204 top-decile actives,ok,-8.74,35.0,10.0,7.89494,pass
C[C@H]([C@H](C)[C@@H](C)O)[C@@H](C)S(=O)(=O)[C@@H](O)Oc1nc(Nc2ccc(S(=N)(=O)C(F)(F)F)cc2)ncc1C(F)(F)F,M,M:activity_only,generated,corrected,,"arm activity_only, seed 42, final generation",seed42,False,curated molecules without the 204 top-decile actives,ok,-7.522,39.0,12.0,7.89412,fail
C[C@@H](O)[C@@H](C)N=NS(=O)(=O)c1ccc(Nc2ncc(C(F)(F)F)c(O[C@H](C)[C@H](C)S(=O)(=O)S(N)(=O)=O)n2)cc1,M,M:activity_only,generated,corrected,,"arm activity_only, seed 42, final generation",seed42,False,curated molecules without the 204 top-decile actives,ok,-8.93,39.0,13.0,7.88116,pass
C[C@@H](O)[C@@H](C)Oc1nc(Nc2ccc(S(=O)(=O)S(N)(=O)=O)cc2)ncc1C(F)(F)F,M,M:activity_only,generated,corrected,,"arm activity_only, seed 42, final generation",seed42,False,curated molecules without the 204 top-decile actives,ok,-8.122,30.0,9.0,7.87966,pass
C[C@@H](O)[C@@H](C)Oc1nc(Nc2ccc(S(=O)(=O)[C@H](C)S(=O)(=O)[C@@H](C)O)cc2)ncc1C(F)(F)F,M,M:activity_only,generated,corrected,,"arm activity_only, seed 42, final generation",seed42,False,curated molecules without the 204 top-decile actives,ok,-8.169,34.0,11.0,7.87451,pass
CC(C)S(=O)(=O)c1ccc(-c2ccc(Nc3ncc(C(F)(F)F)c(O[C@H](C)[C@@H](C)O)n3)cc2)cc1,M,M:activity_only,generated,corrected,,"arm activity_only, seed 42, final generation",seed42,True,curated molecules without the 204 top-decile actives,ok,-8.137,35.0,9.0,7.8725,pass
C[C@@H](Oc1nc(Nc2ccc(S(=O)(=O)[C@@H](C)O)cc2)ncc1C(F)(F)F)c1ccc(S(=N)(=O)C(F)(F)F)cc1,M,M:activity_only,generated,corrected,,"arm activity_only, seed 42, final generation",seed42,False,curated molecules without the 204 top-decile actives,ok,-8.271,39.0,9.0,7.86742,pass
C[C@@H](O)[C@@H](C)Oc1nc(Nc2ccc(Nc3ccc(S(=O)(=O)C(O)F)cc3)cc2)ncc1C(F)(F)F,M,M:activity_only,generated,corrected,,"arm activity_only, seed 42, final generation",seed42,False,curated molecules without the 204 top-decile actives,ok,-8.61,36.0,11.0,7.86676,pass
NS(=O)(=O)c1ccc(N=Nc2ccc(Nc3cc(-c4cccc(O)c4)[nH]n3)cc2)cc1,M,M:activity_only,generated,corrected,,"arm activity_only, seed 43, final generation",seed43,False,curated molecules without the 204 top-decile actives,ok,-8.671,31.0,8.0,7.87046,pass
C[C@@H](Oc1nc(Nc2ccc(S(=O)(=O)S(=N)(N)=O)cc2)ncc1C(F)(F)F)C(C)(C)O,M,M:activity_only,generated,corrected,,"arm activity_only, seed 43, final generation",seed43,True,curated molecules without the 204 top-decile actives,ok,-8.541,31.0,9.0,7.84323,pass
C[C@@H](Oc1nc(Nc2ccc(S(=O)(=O)C(F)(F)F)cc2)ncc1C(F)(F)F)C(C)(O)O,M,M:activity_only,generated,corrected,,"arm activity_only, seed 43, final generation",seed43,False,curated molecules without the 204 top-decile actives,ok,-8.257,31.0,8.0,7.83439,pass
C[C@@H](Oc1nc(Nc2ccc(S(C)(=O)=O)cc2)ncc1C(F)(F)F)C(C)(C)OC(F)(F)F,M,M:activity_only,generated,corrected,,"arm activity_only, seed 43, final generation",seed43,False,curated molecules without the 204 top-decile actives,ok,-8.353,32.0,7.0,7.83298,pass
C[C@@H](Oc1nc(Nc2ccc(S(N)(=O)=S)cc2)ncc1C(F)(F)F)C(C)(C)O,M,M:activity_only,generated,corrected,,"arm activity_only, seed 43, final generation",seed43,False,curated molecules without the 204 top-decile actives,ok,-8.187,28.0,8.0,7.83114,pass
C[C@@H](Oc1nc(Nc2ccc(S(C)(=O)=O)cc2)ncc1C(F)(F)F)C(C)(C)S(N)(=O)=O,M,M:activity_only,generated,corrected,,"arm activity_only, seed 43, final generation",seed43,False,curated molecules without the 204 top-decile actives,ok,-8.419,31.0,8.0,7.82461,pass
C[C@@H](Oc1nc(Nc2ccc(S(=O)(=O)[SH](N)(=O)O)cc2)ncc1C(F)(F)F)C(C)(C)O,M,M:activity_only,generated,corrected,,"arm activity_only, seed 43, final generation",seed43,False,curated molecules without the 204 top-decile actives,ok,-8.36,31.0,10.0,7.8131,fail
C[C@@H](Oc1nc(Nc2ccc(-c3ccc(S(=O)(=O)S(N)(=O)=O)cc3)cc2)ncc1C(F)(F)F)C(C)(C)O,M,M:activity_only,generated,corrected,,"arm activity_only, seed 43, final generation",seed43,False,curated molecules without the 204 top-decile actives,ok,-8.211,37.0,10.0,7.80828,pass
C[C@@H](Oc1nc(Nc2ccc(S(=O)(=O)[SH](N)(=O)S(N)(=O)=O)cc2)ncc1C(F)(F)F)C(C)(C)O,M,M:activity_only,generated,corrected,,"arm activity_only, seed 43, final generation",seed43,False,curated molecules without the 204 top-decile actives,ok,-8.407,34.0,11.0,7.80672,unevaluable
NS(=O)(=O)c1ccc(N=Nc2c(O)[nH]c3cccc(N=Nc4cccc(O)c4)c23)cc1,M,M:activity_only,generated,corrected,,"arm activity_only, seed 43, final generation",seed43,False,curated molecules without the 204 top-decile actives,ok,-6.466,31.0,8.0,7.76472,pass
N[S+]([O-])c1cccc2[nH]c(O)c(N=Nc3ccc(N=Nc4ccc(S(N)(=O)=O)cc4)cc3)c12,M,M:activity_only,generated,corrected,,"arm activity_only, seed 43, final generation",seed43,False,curated molecules without the 204 top-decile actives,ok,-6.884,33.0,9.0,7.75796,pass
NS(=O)(=O)c1ccc(-c2ccc(N=Nc3c(O)[nH]c4ccc(S)c(-c5cccc(O)c5)c34)cc2)cc1,M,M:activity_only,generated,corrected,,"arm activity_only, seed 43, final generation",seed43,False,curated molecules without the 204 top-decile actives,ok,-7.833,36.0,9.0,7.75717,pass
C[C@@H](Oc1nc(Nc2ccc(S(C)(=O)=O)cc2)ncc1C(F)(F)F)C(C)(C)[SH](N)(=O)CO,M,M:activity_only,generated,corrected,,"arm activity_only, seed 43, final generation",seed43,False,curated molecules without the 204 top-decile actives,ok,-8.251,32.0,10.0,7.75112,unevaluable
N[S+]([O-])c1cccc2[nH]c(O)c(N=Nc3ccc(N=Nc4ccc(-c5ccc(S(N)(=O)=O)cc5)cc4)cc3)c12,M,M:activity_only,generated,corrected,,"arm activity_only, seed 43, final generation",seed43,False,curated molecules without the 204 top-decile actives,ok,-7.028,39.0,10.0,7.74346,pass
NS(=O)(=O)c1ccc(-c2ccc(N=Nc3c(O)[nH]c4ccc(S)c(-c5ccc(S(N)(=O)=O)cc5)c34)cc2)cc1,M,M:activity_only,generated,corrected,,"arm activity_only, seed 43, final generation",seed43,False,curated molecules without the 204 top-decile actives,ok,-6.081,39.0,10.0,7.74326,pass
NS(=O)(=O)c1ccc(N=Nc2c(O)[nH]c3ccc(S)c(-c4ccc(S(N)(=O)=O)cc4)c23)cc1,M,M:activity_only,generated,corrected,,"arm activity_only, seed 43, final generation",seed43,False,curated molecules without the 204 top-decile actives,ok,-5.872,33.0,9.0,7.74326,pass
C[C@@H](O)[C@@H](C)Oc1nc(Nc2ccc(S(=O)(=O)C(=O)C(F)(F)F)cc2)ncc1C(F)(F)F,M,M:activity_only,generated,corrected,,"arm activity_only, seed 44, final generation",seed44,False,curated molecules without the 204 top-decile actives,ok,-8.093,32.0,7.0,7.90203,pass
COS[C@H](OS(=O)(=O)c1ccc(Nc2ncc(C(F)(F)F)c(O[C@@H](C)[C@@H](C)O)n2)cc1)[C@@H](C)O,M,M:activity_only,generated,corrected,,"arm activity_only, seed 44, final generation",seed44,False,curated molecules without the 204 top-decile actives,ok,-7.905,34.0,13.0,7.89921,pass
COS[C@H]([C@H](Oc1nc(Nc2ccc(S(=O)(=O)OC(F)(F)F)cc2)ncc1C(F)(F)F)C(C)O)[C@@H](C)O,M,M:activity_only,generated,corrected,,"arm activity_only, seed 44, final generation",seed44,False,curated molecules without the 204 top-decile actives,ok,-7.758,37.0,13.0,7.88155,pass
CO[C@@H](O)Oc1nc(Nc2ccc(S(=O)(=O)[C@@H](C)[C@@H](C)O)cc2)ncc1C(F)(F)F,M,M:activity_only,generated,corrected,,"arm activity_only, seed 44, final generation",seed44,False,curated molecules without the 204 top-decile actives,ok,-7.962,30.0,10.0,7.87473,pass
CS[C@H](OS(=O)(=O)c1ccc(Nc2ncc(C(F)(F)F)c(OC(C)S(=O)(=O)C(C)O)n2)cc1)[C@@H](C)O,M,M:activity_only,generated,corrected,,"arm activity_only, seed 44, final generation",seed44,False,curated molecules without the 204 top-decile actives,ok,-8.158,36.0,13.0,7.86803,pass
COS[C@H]([C@H](Oc1nc(Nc2ccc(S(=O)(=O)O[C@@H](C)N)cc2)ncc1C(F)(F)F)C(C)NO)[C@@H](C)O,M,M:activity_only,generated,corrected,,"arm activity_only, seed 44, final generation",seed44,False,curated molecules without the 204 top-decile actives,ok,-7.912,37.0,16.0,7.8665,pass
C[C@@H](N)OS(=O)(=O)c1ccc(Nc2ncc(C(F)(F)F)c(O[C@@H](SC(F)(F)SF)[C@@H](C)O)n2)cc1,M,M:activity_only,generated,corrected,,"arm activity_only, seed 44, final generation",seed44,False,curated molecules without the 204 top-decile actives,ok,-7.859,35.0,13.0,7.86516,pass
CSS[C@H](Oc1nc(Nc2ccc(S(=O)(=O)C(=O)NN[C@@H](C)O)cc2)ncc1C(F)(F)F)[C@@H](C)O,M,M:activity_only,generated,corrected,,"arm activity_only, seed 44, final generation",seed44,False,curated molecules without the 204 top-decile actives,ok,-8.209,35.0,12.0,7.86398,pass
C[C@@H](O)[C@H](C)S(=O)(=O)c1ccc(Nc2ncc(C(F)(F)F)c(O[C@H](C(F)(F)F)S(=O)(=O)[C@@H](C)O)n2)cc1,M,M:activity_only,generated,corrected,,"arm activity_only, seed 44, final generation",seed44,False,curated molecules without the 204 top-decile actives,ok,-8.578,37.0,11.0,7.86288,pass
CC(Oc1nc(Nc2ccc(S(=O)(=O)C(O)[C@@H](C)O)cc2)ncc1C(F)(F)F)[C@@H](C)O,M,M:activity_only,generated,corrected,,"arm activity_only, seed 44, final generation",seed44,False,curated molecules without the 204 top-decile actives,ok,-8.103,31.0,11.0,7.86203,pass
COS[C@H](OS(=O)(=O)c1ccc(Nc2ncc(C(F)(F)F)c(O[C@@H](C)O)n2)cc1)[C@@H](C)O,M,M:activity_only,generated,corrected,,"arm activity_only, seed 44, final generation",seed44,False,curated molecules without the 204 top-decile actives,ok,-7.764,32.0,12.0,7.86134,pass
COS[C@H](OS(=O)(=O)c1ccc(Nc2ncc(C(F)(F)F)c(OC(C)C)n2)cc1)[C@@H](C)O,M,M:activity_only,generated,corrected,,"arm activity_only, seed 44, final generation",seed44,False,curated molecules without the 204 top-decile actives,ok,-7.658,32.0,11.0,7.86104,pass
COS[C@H]([C@H](Oc1nc(Nc2ccc(S(=O)(=O)O[C@@H](C)O)cc2)ncc1C(F)(F)F)C(C)NO)[C@@H](C)O,M,M:activity_only,generated,corrected,,"arm activity_only, seed 44, final generation",seed44,False,curated molecules without the 204 top-decile actives,ok,-8.135,37.0,16.0,7.85832,pass
CC(C)Oc1nc(Nc2ccc(S(=O)(=O)O[C@@H]([C@H](C)[C@@H](C)O)[C@@H](C)O)cc2)ncc1C(F)(F)F,M,M:activity_only,generated,corrected,,"arm activity_only, seed 44, final generation",seed44,False,curated molecules without the 204 top-decile actives,ok,-8.112,34.0,12.0,7.85757,fail
CC(=O)C(O)C(C)Oc1nc(Nc2ccc(S(=O)(=O)[C@H]([C@@H](C)O)[SH](C)F)cc2)ncc1C(F)(F)F,M,M:activity_only,generated,corrected,,"arm activity_only, seed 44, final generation",seed44,False,curated molecules without the 204 top-decile actives,ok,-8.013,35.0,12.0,7.85597,pass
C[C@H]([C@@H](C)O)S(=O)(=O)c1ccc(Nc2ncc(C(F)(F)F)c(O[C@@H](C)O)n2)cc1,M,M:activity_only,generated,corrected,,"arm activity_only, seed 44, final generation",seed44,False,curated molecules without the 204 top-decile actives,ok,-7.897,29.0,9.0,7.85537,pass
CSS[C@H](Oc1nc(Nc2ccc(S(=O)(=O)ON)cc2)ncc1C(F)(F)F)[C@@H](C)O,M,M:activity_only,generated,corrected,,"arm activity_only, seed 44, final generation",seed44,False,curated molecules without the 204 top-decile actives,ok,-7.749,30.0,11.0,7.85499,pass
O=C(Cc1ccc(O)cc1)Nc1[nH]nc2ccc(Nc3[nH]nc4ccc(N5CCCS5(=O)=O)cc34)cc12,M,M:activity_only,generated,corrected,,"arm activity_only, seed 44, final generation",seed44,False,curated molecules without the 204 top-decile actives,ok,-9.626,37.0,7.0,7.85296,pass
COC(Oc1nc(Nc2ccc(S(=O)(=O)C(F)(F)F)cc2)ncc1C(F)(F)F)[C@@H](C)O,M,M:activity_only,generated,corrected,,"arm activity_only, seed 44, final generation",seed44,False,curated molecules without the 204 top-decile actives,ok,-8.18,31.0,8.0,7.85244,pass
C[C@H]([C@H](Oc1nc(Nc2ccc(S(=O)(=O)[C@@H](C)[C@@H](C)O)cc2)ncc1C(F)(F)F)[C@@H](C)OF)[C@@H](C)O,M,M:activity_only,generated,corrected,,"arm activity_only, seed 44, final generation",seed44,False,curated molecules without the 204 top-decile actives,ok,-8.413,36.0,13.0,7.8518,pass
COS[C@H](Oc1nc(Nc2ccc(S(=O)(=O)[C@@H](C)[C@@H](C)O)cc2)ncc1C(F)(F)F)[C@@H](C)OF,M,M:activity_only,generated,corrected,,"arm activity_only, seed 44, final generation",seed44,False,curated molecules without the 204 top-decile actives,ok,-8.149,34.0,12.0,7.84891,pass
CO[C@@H]([C@@H](C)O)[C@@H](C)Oc1nc(Nc2ccc(S(=N)(=O)C3CC3)cc2)ncc1C(F)(F)F,M,M:activity_only,generated,corrected,,"arm activity_only, seed 45, final generation",seed45,True,curated molecules without the 204 top-decile actives,ok,-8.034,32.0,10.0,7.97698,pass
C[C@@H](O)C(Oc1nc(Nc2ccc(S(=N)(=O)C3CC3)cc2)ncc1C(F)(F)F)C(F)(F)F,M,M:activity_only,generated,corrected,,"arm activity_only, seed 45, final generation",seed45,False,curated molecules without the 204 top-decile actives,ok,-8.27,32.0,8.0,7.94848,pass
CC(Oc1nc(Nc2ccc(S(C)(=N)=O)cc2)ncc1C(F)(F)F)[C@@H](C)O,M,M:activity_only,generated,corrected,,"arm activity_only, seed 45, final generation",seed45,False,curated molecules without the 204 top-decile actives,ok,-8.334,27.0,7.0,7.93677,pass
C[C@@H](O)[C@@H](C)Oc1nc(Nc2ccc(S(C)(=N)=O)cc2)ncc1C(F)(F)F,M,M:activity_only,generated,corrected,,"arm activity_only, seed 45, final generation",seed45,False,curated molecules without the 204 top-decile actives,ok,-8.282,27.0,7.0,7.93677,pass
C[C@@H](O)[C@@H](C)Oc1nc(Nc2ccc(S(=N)(=O)C(F)(NF)NF)cc2)ncc1C(F)(F)F,M,M:activity_only,generated,corrected,,"arm activity_only, seed 45, final generation",seed45,False,curated molecules without the 204 top-decile actives,ok,-8.137,32.0,10.0,7.935,pass
C[C@@H](O)[C@@H](C)Oc1nc(Nc2ccc(S(=N)(=O)C(C)(C)O)cc2)ncc1C(F)(F)F,M,M:activity_only,generated,corrected,,"arm activity_only, seed 45, final generation",seed45,False,curated molecules without the 204 top-decile actives,ok,-8.385,30.0,9.0,7.93376,pass
CC(C)S(=N)(=O)[C@@H](C)OS(=N)(=O)c1ccc(Nc2ncc(C(F)(F)F)c(O[C@H](C)[C@@H](C)O)n2)cc1,M,M:activity_only,generated,corrected,,"arm activity_only, seed 45, final generation",seed45,False,curated molecules without the 204 top-decile actives,ok,-8.581,35.0,11.0,7.93274,pass
C[C@@H](O)[C@@H](C)Oc1nc(Nc2ccc(S(=N)(=O)c3ccc(S(=N)(=O)[SH](=N)(N)O)cc3)cc2)ncc1C(F)(F)F,M,M:activity_only,generated,corrected,,"arm activity_only, seed 45, final generation",seed45,False,curated molecules without the 204 top-decile actives,ok,-8.827,39.0,12.0,7.93081,unevaluable
C[C@H]([C@@H](C)O)S(=N)(=O)[C@@H](C)OS(=N)(=O)c1ccc(Nc2ncc(C(F)(F)F)c(O[C@H](C)[C@@H](C)O)n2)cc1,M,M:activity_only,generated,corrected,,"arm activity_only, seed 45, final generation",seed45,False,curated molecules without the 204 top-decile actives,ok,-8.361,37.0,13.0,7.92836,pass
C[C@H]([C@@H](C)O)[C@@H](C)Oc1nc(Nc2ccc(-c3ccc(S(=N)(=O)[C@H](C)[C@@H](C)O)cc3)cc2)ncc1C(F)(F)F,M,M:activity_only,generated,corrected,,"arm activity_only, seed 45, final generation",seed45,False,curated molecules without the 204 top-decile actives,ok,-7.967,39.0,12.0,7.92481,pass
CC(O[C@H](C)[C@@H](C)O)S(=N)(=O)c1ccc(Nc2ncc(C(F)(F)F)c(O[C@H](C)[C@@H](C)O)n2)cc1,M,M:activity_only,generated,corrected,,"arm activity_only, seed 45, final generation",seed45,False,curated molecules without the 204 top-decile actives,ok,-8.222,34.0,12.0,7.92463,fail
O=C(Cc1cccc(Cl)c1)NCC(=O)Nc1[nH]nc2ccc(N3CCCS3(=O)=O)cc12,M,M:activity_only,generated,corrected,,"arm activity_only, seed 46, final generation",seed46,False,curated molecules without the 204 top-decile actives,ok,-9.251,31.0,6.0,7.8511,pass
C[C@@H](O)[C@@H](C)Nc1nc(Nc2ccc(-c3ccc(S(=O)(=O)OS(N)(=O)=O)cc3)cc2)ncc1Br,M,M:activity_only,generated,corrected,,"arm activity_only, seed 46, final generation",seed46,False,curated molecules without the 204 top-decile actives,ok,-7.906,34.0,11.0,7.82182,pass
CC(C)c1ccc(CCCc2ccc(CC(=O)Nc3[nH]nc4ccc(N5CCCS5(=O)=O)cc34)cc2)cc1,M,M:activity_only,generated,corrected,,"arm activity_only, seed 46, final generation",seed46,False,curated molecules without the 204 top-decile actives,ok,-9.482,38.0,9.0,7.81075,pass
O=C(Cc1cccc(Cl)c1)C(=O)Nc1[nH]nc2ccc(N3CCCS3(=O)=O)cc12,M,M:activity_only,generated,corrected,,"arm activity_only, seed 46, final generation",seed46,False,curated molecules without the 204 top-decile actives,ok,-9.412,29.0,5.0,7.78613,pass
C[C@@H](O)CC=CCCC(=O)c1ccc(CC(=O)Nc2[nH]nc3ccc(N4CCCS4(=O)=O)cc23)cc1,M,M:activity_only,generated,corrected,,"arm activity_only, seed 46, final generation",seed46,False,curated molecules without the 204 top-decile actives,ok,-8.345,36.0,11.0,7.77771,pass
Cc1ncc(OS(=O)(=O)c2ccc(Nc3nccc(-c4cnc(C)n4C(C)C)n3)cc2)n1C(C)C,M,M:activity_only,generated,corrected,,"arm activity_only, seed 46, final generation",seed46,False,curated molecules without the 204 top-decile actives,ok,-8.911,35.0,8.0,7.77706,pass
Cc1ncc(-c2ccnc(Nc3ccc(S(=O)(=O)OS(=O)(=O)C(C)C)cc3)n2)n1C(C)C,M,M:activity_only,generated,corrected,,"arm activity_only, seed 46, final generation",seed46,True,curated molecules without the 204 top-decile actives,ok,-8.72,32.0,8.0,7.774,pass
COCCNS(=O)(=O)c1ccc(-c2ccc(Nc3nccc(-c4cnc(C)n4C(C)C)n3)cc2)cc1,M,M:activity_only,generated,corrected,,"arm activity_only, seed 46, final generation",seed46,False,curated molecules without the 204 top-decile actives,ok,-7.778,36.0,10.0,7.77028,pass
Cc1ncc(OOS(=O)(=O)c2ccc(Nc3nccc(-c4cnc(C)n4C(C)C)n3)cc2)n1C(C)C,M,M:activity_only,generated,corrected,,"arm activity_only, seed 46, final generation",seed46,False,curated molecules without the 204 top-decile actives,ok,-8.844,36.0,9.0,7.76965,pass
Cc1ncc(OS(=O)(=O)c2ccc(Nc3nccc(-c4cnc(C)n4C(C)C)n3)cc2)n1OS(=O)(=O)C(C)C,M,M:activity_only,generated,corrected,,"arm activity_only, seed 46, final generation",seed46,False,curated molecules without the 204 top-decile actives,ok,-9.173,39.0,10.0,7.76942,pass
Cc1ncc(-c2ccnc(Nc3ccc(S(=O)(=O)Oc4cnc(C)n4[S+]([O-])NS)cc3)n2)n1C(C)C,M,M:activity_only,generated,corrected,,"arm activity_only, seed 46, final generation",seed46,False,curated molecules without the 204 top-decile actives,ok,-8.732,36.0,10.0,7.76457,pass
CC(C)OCC(=O)c1ccc(CC(=O)Nc2[nH]nc3ccc(N4CCCS4(=O)=O)cc23)cc1,M,M:activity_only,generated,corrected,,"arm activity_only, seed 46, final generation",seed46,True,curated molecules without the 204 top-decile actives,ok,-8.965,33.0,8.0,7.76173,pass
Cc1ncc(-c2ccnc(Nc3ccc(-c4ccc(S(=O)(=O)ONS)cc4)cc3)n2)n1C(C)C,M,M:activity_only,generated,corrected,,"arm activity_only, seed 46, final generation",seed46,False,curated molecules without the 204 top-decile actives,ok,-8.022,34.0,9.0,7.76028,pass
COS(=O)(=O)c1ccc(Nc2ccc(Nc3nccc(-c4cnc(C)n4C(C)C)n3)cc2)cc1,M,M:activity_only,generated,corrected,,"arm activity_only, seed 46, final generation",seed46,False,curated molecules without the 204 top-decile actives,ok,-9.003,34.0,8.0,7.75496,pass
Cc1ncc(-c2ccnc(Nc3ccc(Nc4ccc(S(=O)(=O)OC(C)C)cc4)cc3)n2)n1C(C)C,M,M:activity_only,generated,corrected,,"arm activity_only, seed 46, final generation",seed46,False,curated molecules without the 204 top-decile actives,ok,-8.929,36.0,9.0,7.75108,pass
Cc1ncc(-c2ccnc(Nc3ccc(S(=O)(=O)NOS(=O)(=O)C(C)C)cc3)n2)n1C(C)C,M,M:activity_only,generated,corrected,,"arm activity_only, seed 46, final generation",seed46,False,curated molecules without the 204 top-decile actives,ok,-8.845,33.0,9.0,7.74865,pass
O=C(Cc1[nH]nc2ccc(N3CCCS3(=O)=O)cc12)Nc1[nH]nc2ccc(N3CCCS3(=O)=O)cc12,M,M:activity_only,generated,corrected,,"arm activity_only, seed 46, final generation",seed46,False,curated molecules without the 204 top-decile actives,ok,-10.135,36.0,5.0,7.74619,pass
C=C(C=CCCC(=O)c1ccc(CC(=O)Nc2[nH]nc3ccc(N4CCCS4(=O)=O)cc23)cc1)C(C)C,M,M:activity_only,generated,corrected,,"arm activity_only, seed 46, final generation",seed46,False,curated molecules without the 204 top-decile actives,ok,-8.543,37.0,10.0,7.74469,pass
Cc1ncc(-c2ccnc(Nc3ccc(Nc4ccc(S(=O)(=O)[C@@H](C)O)cc4)cc3)n2)n1C(C)C,M,M:activity_only,generated,corrected,,"arm activity_only, seed 46, final generation",seed46,False,curated molecules without the 204 top-decile actives,ok,-9.165,35.0,9.0,7.74289,pass
Cc1ncc(-c2ccnc(Nc3ccc(-c4ccc(-c5ccc(S(C)(=O)=O)cc5)cc4)cc3)n2)n1C(C)C,M,M:activity_only,generated,corrected,,"arm activity_only, seed 46, final generation",seed46,False,curated molecules without the 204 top-decile actives,ok,-8.354,38.0,7.0,7.74238,pass
Cc1ncc(-c2ccnc(Nc3ccc(-c4ccc(S(C)(=O)=O)cc4)cc3)n2)n1C(C)C,M,M:activity_only,generated,corrected,,"arm activity_only, seed 46, final generation",seed46,False,curated molecules without the 204 top-decile actives,ok,-8.718,32.0,6.0,7.74238,pass
C[C@@H](O)[C@@H](C)NOc1nc(Nc2ccc(Nc3ccc(S(=O)(=O)NS(=O)(=O)NS)cc3)cc2)ncc1Br,M,M:activity_only,generated,corrected,,"arm activity_only, seed 46, final generation",seed46,False,curated molecules without the 204 top-decile actives,ok,-8.419,37.0,14.0,7.74126,pass
Cc1ncc(-c2ccnc(Nc3ccc(S(=O)(=O)Oc4cnc(C)n4S(=O)(=O)NS)cc3)n2)n1C(C)C,M,M:activity_only,generated,corrected,,"arm activity_only, seed 46, final generation",seed46,False,curated molecules without the 204 top-decile actives,ok,-8.771,37.0,10.0,7.73902,pass
CC(C)CNc1ccc(CC(=O)Nc2[nH]nc3ccc(N4CCCS4(=O)=O)cc23)cc1,M,M:activity_only,generated,corrected,,"arm activity_only, seed 46, final generation",seed46,False,curated molecules without the 204 top-decile actives,ok,-8.602,31.0,7.0,7.73668,pass
Cc1ncc(-c2ccnc(Nc3ccc(Nc4nccc(-c5cnc(C)n5C(C)C)n4)cc3)n2)n1C(C)C,M,M:activity_only,generated,corrected,,"arm activity_only, seed 46, final generation",seed46,False,curated molecules without the 204 top-decile actives,ok,-9.094,38.0,8.0,7.7363,pass
Cc1ncc(-c2ccnc(Nc3ccc(S(=O)(=O)C(C)S)cc3)n2)n1C(C)C,M,M:activity_only,generated,corrected,,"arm activity_only, seed 46, final generation",seed46,False,curated molecules without the 204 top-decile actives,ok,-8.532,28.0,7.0,7.73614,pass
Cc1ncc(-c2ccnc(Nc3ccc(S(=O)(=O)Oc4cnc(C)n4C(C)C)cc3)n2)n1OC(C)C,M,M:activity_only,generated,corrected,,"arm activity_only, seed 46, final generation",seed46,False,curated molecules without the 204 top-decile actives,ok,-8.513,36.0,9.0,7.7354,pass
Cc1ncc(-c2ccnc(Nc3ccc(Nc4ccc(NS)cc4)cc3)n2)n1C(C)C,M,M:activity_only,generated,corrected,,"arm activity_only, seed 46, final generation",seed46,False,curated molecules without the 204 top-decile actives,ok,-8.754,31.0,8.0,7.72798,pass
Cc1cccc(NC(=O)c2ccc(N3CCCOCC3)cc2)c1,M,M:druglike_only,generated,corrected,,"arm druglike_only, seed 42, final generation",seed42,False,curated molecules without the 204 top-decile actives,ok,-5.701,23.0,3.0,6.59099,pass
CCC(=O)Nc1ccc(-c2ccc(N3CCOCC3)cc2)cc1,M,M:druglike_only,generated,corrected,,"arm druglike_only, seed 42, final generation",seed42,False,curated molecules without the 204 top-decile actives,ok,-7.557,23.0,4.0,6.48308,pass
Cc1ccc(F)c(CNC(=O)c2ccc(N(C)C)cc2)c1,M,M:druglike_only,generated,corrected,,"arm druglike_only, seed 42, final generation",seed42,False,curated molecules without the 204 top-decile actives,ok,-7.872,21.0,4.0,6.31698,pass
COc1cc(F)ccc1NC(=O)Oc1ccc(C)cc1,M,M:druglike_only,generated,corrected,,"arm druglike_only, seed 42, final generation",seed42,False,curated molecules without the 204 top-decile actives,ok,-7.527,20.0,3.0,5.91831,pass
CC(=O)NC(=O)c1ccc(NC(=O)c2ccc(C)cc2)cc1,M,M:druglike_only,generated,corrected,,"arm druglike_only, seed 42, final generation",seed42,False,curated molecules without the 204 top-decile actives,ok,-8.202,22.0,3.0,6.12084,pass
COC(=O)Nc1ccc(NC(=O)c2cccc(C)c2)cc1,M,M:druglike_only,generated,corrected,,"arm druglike_only, seed 42, final generation",seed42,False,curated molecules without the 204 top-decile actives,ok,-7.955,21.0,3.0,6.45714,pass
CCc1ccc(CNC(=O)c2cc(C)ccc2F)cc1,M,M:druglike_only,generated,corrected,,"arm druglike_only, seed 42, final generation",seed42,False,curated molecules without the 204 top-decile actives,ok,-8.288,20.0,4.0,6.44769,pass
Cc1ccc(F)c(NC(=O)c2ccc(S(N)(=O)=O)cc2)c1,M,M:druglike_only,generated,corrected,,"arm druglike_only, seed 42, final generation",seed42,False,curated molecules without the 204 top-decile actives,ok,-8.216,21.0,4.0,7.14271,pass
Cc1ccc(Cc2ccc(NC(=O)C3CC3)cc2)cc1,M,M:druglike_only,generated,corrected,,"arm druglike_only, seed 42, final generation",seed42,False,curated molecules without the 204 top-decile actives,ok,-8.01,20.0,4.0,6.47064,pass
Cc1cccc(CCNC(=O)c2cc(C)ccc2F)c1,M,M:druglike_only,generated,corrected,,"arm druglike_only, seed 42, final generation",seed42,False,curated molecules without the 204 top-decile actives,ok,-8.203,20.0,4.0,6.7353,pass
COc1cc(F)ccc1OC(=O)NC(=O)c1cc(C)ccc1F,M,M:druglike_only,generated,corrected,,"arm druglike_only, seed 42, final generation",seed42,False,curated molecules without the 204 top-decile actives,ok,-8.186,23.0,3.0,6.25275,pass
Cc1ccc(F)c(C(=O)Nc2ccc(S(N)(=O)=O)cc2)c1,M,M:druglike_only,generated,corrected,,"arm druglike_only, seed 42, final generation",seed42,False,curated molecules without the 204 top-decile actives,ok,-8.297,21.0,4.0,7.08875,pass
NS(=O)(=O)c1ccc(Cc2ccc(N3CCOCC3)cc2)cc1,M,M:druglike_only,generated,corrected,,"arm druglike_only, seed 42, final generation",seed42,False,curated molecules without the 204 top-decile actives,ok,-8.139,23.0,5.0,7.04406,pass
Cc1ccc(F)c(-c2ccc(C(=O)NN3CCOCC3)cc2)c1,M,M:druglike_only,generated,corrected,,"arm druglike_only, seed 42, final generation",seed42,False,curated molecules without the 204 top-decile actives,ok,-8.014,23.0,3.0,6.64973,pass
CC(=O)Nc1ccc(Cc2ccc(S(N)(=O)=O)cc2)cc1,M,M:druglike_only,generated,corrected,,"arm druglike_only, seed 42, final generation",seed42,False,curated molecules without the 204 top-decile actives,ok,-8.148,21.0,5.0,7.13243,pass
Cc1ccc(F)c(Cc2ccc(N3CCNCC3)cc2)c1,M,M:druglike_only,generated,corrected,,"arm druglike_only, seed 42, final generation",seed42,False,curated molecules without the 204 top-decile actives,ok,-8.433,21.0,3.0,6.13027,pass
CC(=O)NC(=O)c1ccc(CC(=O)Cc2cccc(C)c2)cc1,M,M:druglike_only,generated,corrected,,"arm druglike_only, seed 42, final generation",seed42,False,curated molecules without the 204 top-decile actives,ok,-8.586,23.0,5.0,6.28823,pass
Cc1cccc(CC(=O)Cc2ccc(S(N)(=O)=O)cc2)c1,M,M:druglike_only,generated,corrected,,"arm druglike_only, seed 42, final generation",seed42,False,curated molecules without the 204 top-decile actives,ok,-8.265,21.0,6.0,7.18183,pass
CC(=O)NCc1ccc(-c2ccc(S(N)(=O)=O)cc2)cc1,M,M:druglike_only,generated,corrected,,"arm druglike_only, seed 42, final generation",seed42,False,curated molecules without the 204 top-decile actives,ok,-8.275,21.0,5.0,6.96188,pass
CC(=O)Nc1cc(-c2ccc(CN(C)C)cc2)c(Cl)cn1,M,M:druglike_only,generated,corrected,,"arm druglike_only, seed 42, final generation",seed42,False,curated molecules without the 204 top-decile actives,ok,-7.696,21.0,4.0,5.96918,pass
CC(=O)NCc1ccc(-c2ccc(C3CC3)cc2)cc1,M,M:druglike_only,generated,corrected,,"arm druglike_only, seed 42, final generation",seed42,False,curated molecules without the 204 top-decile actives,ok,-8.11,20.0,4.0,5.89566,pass
Cc1ccc(F)c(NC(=O)CNC(=O)c2cc(C)ccc2F)c1,M,M:druglike_only,generated,corrected,,"arm druglike_only, seed 42, final generation",seed42,False,curated molecules without the 204 top-decile actives,ok,-8.494,23.0,4.0,6.56482,pass
CN1CCN(c2cccc(NC(=O)c3ccccc3)c2)CC1,M,M:druglike_only,generated,corrected,,"arm druglike_only, seed 43, final generation",seed43,False,curated molecules without the 204 top-decile actives,ok,-8.272,22.0,3.0,6.29012,pass
CN1CCN(c2ccc(C(=O)NCc3ccccc3)cc2)CC1,M,M:druglike_only,generated,corrected,,"arm druglike_only, seed 43, final generation",seed43,False,curated molecules without the 204 top-decile actives,ok,-7.682,23.0,4.0,6.04953,pass
O=C(NCc1ccccc1)N1CCN(C(=O)c2ccccc2)CC1,M,M:druglike_only,generated,corrected,,"arm druglike_only, seed 43, final generation",seed43,False,curated molecules without the 204 top-decile actives,ok,-7.811,24.0,3.0,5.92325,pass
O=C(NCCc1ccccc1)N1CCN(c2ccccc2)CC1,M,M:druglike_only,generated,corrected,,"arm druglike_only, seed 43, final generation",seed43,False,curated molecules without the 204 top-decile actives,ok,-7.617,23.0,4.0,6.25766,pass
NC(=O)c1ccc(N2CCN(c3cccc(Cl)c3)CC2)cc1,M,M:druglike_only,generated,corrected,,"arm druglike_only, seed 43, final generation",seed43,False,curated molecules without the 204 top-decile actives,ok,-7.106,22.0,3.0,5.73798,pass
CN1CCN(c2ccc(NC(=O)c3ccccc3Cl)cc2)CC1,M,M:druglike_only,generated,corrected,,"arm druglike_only, seed 43, final generation",seed43,False,curated molecules without the 204 top-decile actives,ok,-7.724,23.0,3.0,6.2305,pass
CN1CCN(c2ccc(NCc3ccccc3)cc2)CC1,M,M:druglike_only,generated,corrected,,"arm druglike_only, seed 43, final generation",seed43,False,curated molecules without the 204 top-decile actives,ok,-7.816,21.0,4.0,5.95265,pass
O=C(NCc1ccccc1)N1CCN(c2ccccc2Cl)CC1,M,M:druglike_only,generated,corrected,,"arm druglike_only, seed 43, final generation",seed43,False,curated molecules without the 204 top-decile actives,ok,-7.674,23.0,3.0,5.98575,pass
CN1CCN(c2ccc(CNc3ccccc3)cc2)CC1,M,M:druglike_only,generated,corrected,,"arm druglike_only, seed 43, final generation",seed43,False,curated molecules without the 204 top-decile actives,ok,-7.694,21.0,4.0,5.95774,pass
CC(=O)N1CCN(c2ccc(C(=O)Nc3cccc(C)c3)cc2)CC1,M,M:druglike_only,generated,corrected,,"arm druglike_only, seed 43, final generation",seed43,False,curated molecules without the 204 top-decile actives,ok,-8.005,25.0,3.0,6.63075,pass
CN1CCN(c2ccc(NC(=O)c3ccccn3)cc2)CC1,M,M:druglike_only,generated,corrected,,"arm druglike_only, seed 43, final generation",seed43,False,curated molecules without the 204 top-decile actives,ok,-7.021,22.0,3.0,6.26628,pass
O=C(Nc1cccc(Cl)c1)N1CCN(c2ccccc2)CC1,M,M:druglike_only,generated,corrected,,"arm druglike_only, seed 43, final generation",seed43,False,curated molecules without the 204 top-decile actives,ok,-7.115,22.0,2.0,6.47984,pass
CN1CCN(c2ccc(C(=O)NCCc3ccccc3)cc2)CC1,M,M:druglike_only,generated,corrected,,"arm druglike_only, seed 43, final generation",seed43,False,curated molecules without the 204 top-decile actives,ok,-7.976,24.0,5.0,6.47229,pass
O=C(c1ccccc1)N1CCN(NCc2ccccc2)CC1,M,M:druglike_only,generated,corrected,,"arm druglike_only, seed 43, final generation",seed43,False,curated molecules without the 204 top-decile actives,ok,-7.225,22.0,4.0,5.87833,pass
CN1CCN(C(=O)Nc2ccc(Cc3ccccc3)cn2)CC1,M,M:druglike_only,generated,corrected,,"arm druglike_only, seed 43, final generation",seed43,False,curated molecules without the 204 top-decile actives,ok,-8.225,23.0,3.0,6.07011,pass
O=C(OCc1ccccc1)N1CCN(Nc2ccccc2)CC1,M,M:druglike_only,generated,corrected,,"arm druglike_only, seed 43, final generation",seed43,False,curated molecules without the 204 top-decile actives,ok,-7.688,23.0,4.0,5.89467,pass
O=C(Nc1ccc(N2CCCNCC2)cc1)c1ccccc1,M,M:druglike_only,generated,corrected,,"arm druglike_only, seed 43, final generation",seed43,False,curated molecules without the 204 top-decile actives,ok,-5.973,22.0,3.0,6.34848,pass
CN1CCN(c2ccc(NCCc3ccccc3)cc2)CC1,M,M:druglike_only,generated,corrected,,"arm druglike_only, seed 43, final generation",seed43,False,curated molecules without the 204 top-decile actives,ok,-7.444,22.0,5.0,6.14238,pass
O=C(NCc1ccccc1)N1CCN(C(=O)OCc2ccccc2)CC1,M,M:druglike_only,generated,corrected,,"arm druglike_only, seed 43, final generation",seed43,False,curated molecules without the 204 top-decile actives,ok,-7.688,26.0,4.0,5.93457,pass
c1ccc(CN2CCN(Nc3ccccc3)CC2)cc1,M,M:druglike_only,generated,corrected,,"arm druglike_only, seed 43, final generation",seed43,False,curated molecules without the 204 top-decile actives,ok,-7.124,20.0,4.0,6.10583,pass
Cc1ccccc1NC(=O)c1ccc(N2CCN(C)CC2)cc1,M,M:druglike_only,generated,corrected,,"arm druglike_only, seed 44, final generation",seed44,False,curated molecules without the 204 top-decile actives,ok,-7.989,23.0,3.0,6.00191,pass
COc1ccc(C(=O)Nc2ccc(N(C)C)cc2)cc1,M,M:druglike_only,generated,corrected,,"arm druglike_only, seed 44, final generation",seed44,False,curated molecules without the 204 top-decile actives,ok,-7.155,20.0,4.0,5.87253,pass
CNC(=O)c1ccc(-c2ccc(N3CCN(C)CC3)cc2)cc1,M,M:druglike_only,generated,corrected,,"arm druglike_only, seed 44, final generation",seed44,False,curated molecules without the 204 top-decile actives,ok,-7.646,23.0,3.0,6.18093,pass
COc1cc(N2CCN(C(=O)O)CC2)ccc1-c1ccccc1,M,M:druglike_only,generated,corrected,,"arm druglike_only, seed 44, final generation",seed44,False,curated molecules without the 204 top-decile actives,ok,-6.974,23.0,3.0,5.60527,pass
CC(=O)N1CCC(Nc2ccc(-c3ccccc3)cc2)CC1,M,M:druglike_only,generated,corrected,,"arm druglike_only, seed 44, final generation",seed44,False,curated molecules without the 204 top-decile actives,ok,-7.945,22.0,3.0,6.0882,pass
COc1ccc(C(=O)Nc2ccc(CN(C)C)cc2)cc1C,M,M:druglike_only,generated,corrected,,"arm druglike_only, seed 44, final generation",seed44,False,curated molecules without the 204 top-decile actives,ok,-7.64,22.0,5.0,5.65567,pass
CC(C)c1ccc(C(=O)Nc2ccc(N(C)C)cc2)cc1,M,M:druglike_only,generated,corrected,,"arm druglike_only, seed 44, final generation",seed44,False,curated molecules without the 204 top-decile actives,ok,-7.9,21.0,4.0,5.97016,pass
COc1ccc(C(=O)Nc2ccc(N3CCN(C)CC3)cc2)cc1C,M,M:druglike_only,generated,corrected,,"arm druglike_only, seed 44, final generation",seed44,False,curated molecules without the 204 top-decile actives,ok,-8.308,25.0,4.0,6.06729,pass
COc1cc(N2CCN(C(C)=O)CC2)ccc1Nc1ccccc1,M,M:druglike_only,generated,corrected,,"arm druglike_only, seed 44, final generation",seed44,False,curated molecules without the 204 top-decile actives,ok,-8.026,24.0,4.0,5.37624,pass
COc1ccc(C(=O)Nc2ccc(C3=CCC3)cc2)cc1,M,M:druglike_only,generated,corrected,,"arm druglike_only, seed 44, final generation",seed44,False,curated molecules without the 204 top-decile actives,ok,-7.606,21.0,4.0,6.18267,pass
CNC(=O)Cc1ccc(NC(=O)c2ccccc2C)cc1,M,M:druglike_only,generated,corrected,,"arm druglike_only, seed 44, final generation",seed44,False,curated molecules without the 204 top-decile actives,ok,-7.521,21.0,4.0,6.04532,pass
CC(=O)N1CCC(C(=O)Nc2ccc(CN(C)C)cc2)CC1,M,M:druglike_only,generated,corrected,,"arm druglike_only, seed 44, final generation",seed44,False,curated molecules without the 204 top-decile actives,ok,-6.765,22.0,4.0,5.98346,pass
CC(=O)NCCc1ccc(NC(=O)c2ccccc2)cc1,M,M:druglike_only,generated,corrected,,"arm druglike_only, seed 44, final generation",seed44,False,curated molecules without the 204 top-decile actives,ok,-7.49,21.0,5.0,6.07512,pass
CC(=O)N1CCC(CNc2ccc(-c3ccccc3)cn2)CC1,M,M:druglike_only,generated,corrected,,"arm druglike_only, seed 44, final generation",seed44,False,curated molecules without the 204 top-decile actives,ok,-8.14,23.0,4.0,6.06405,pass
CC(C)c1ccc(NC(=O)c2ccc(CC(=O)N(C)C)cc2)cc1,M,M:druglike_only,generated,corrected,,"arm druglike_only, seed 44, final generation",seed44,False,curated molecules without the 204 top-decile actives,ok,-8.042,24.0,5.0,6.03329,pass
CNC(=O)c1ccc(-c2ccc(CC(=O)O)cc2)cc1,M,M:druglike_only,generated,corrected,,"arm druglike_only, seed 44, final generation",seed44,False,curated molecules without the 204 top-decile actives,ok,-7.946,20.0,4.0,6.06441,pass
CC(C)NC(=O)c1ccc(CN2CCN(C)CC2)cc1,M,M:druglike_only,generated,corrected,,"arm druglike_only, seed 44, final generation",seed44,False,curated molecules without the 204 top-decile actives,ok,-7.098,20.0,4.0,6.20858,pass
Cc1ccccc1NC(=O)Nc1ccc(N2CCN(C)CC2)cc1,M,M:druglike_only,generated,corrected,,"arm druglike_only, seed 44, final generation",seed44,False,curated molecules without the 204 top-decile actives,ok,-7.34,24.0,3.0,6.12057,pass
CN1CCN(C(=O)Oc2ccc(Nc3ccccc3)nc2)CC1,M,M:druglike_only,generated,corrected,,"arm druglike_only, seed 44, final generation",seed44,False,curated molecules without the 204 top-decile actives,ok,-8.288,23.0,3.0,5.54007,pass
NS(=O)(=O)c1ccc(-c2ccc(C3CCCC3)nc2)cc1,M,M:druglike_only,generated,corrected,,"arm druglike_only, seed 44, final generation",seed44,False,curated molecules without the 204 top-decile actives,ok,-8.258,21.0,4.0,7.12414,pass
CCNC(=O)c1ccc(CC2CCN(C(C)=O)CC2)cc1,M,M:druglike_only,generated,corrected,,"arm druglike_only, seed 44, final generation",seed44,False,curated molecules without the 204 top-decile actives,ok,-7.868,21.0,4.0,6.07955,pass
Cc1ccc(C(=O)Nc2ccc(C(=O)N3CCOCC3)cc2)cc1,M,M:druglike_only,generated,corrected,,"arm druglike_only, seed 45, final generation",seed45,False,curated molecules without the 204 top-decile actives,ok,-7.744,24.0,3.0,6.34531,pass
O=C(c1cccc(-c2ccc(CO)cc2)c1)N1CCOCC1,M,M:druglike_only,generated,corrected,,"arm druglike_only, seed 45, final generation",seed45,False,curated molecules without the 204 top-decile actives,ok,-8.723,22.0,4.0,5.81028,pass
CCc1ccc(-c2ccc(C(=O)NC(C)=O)cc2)cc1,M,M:druglike_only,generated,corrected,,"arm druglike_only, seed 45, final generation",seed45,False,curated molecules without the 204 top-decile actives,ok,-8.518,20.0,3.0,5.78016,pass
CCNC(=O)c1ccc(-c2ccc(N(C)C)cc2)cc1,M,M:druglike_only,generated,corrected,,"arm druglike_only, seed 45, final generation",seed45,False,curated molecules without the 204 top-decile actives,ok,-7.321,20.0,4.0,5.84217,pass
NC(=O)c1ccc(-c2cccc(N3CCOCC3)c2)cc1,M,M:druglike_only,generated,corrected,,"arm druglike_only, seed 45, final generation",seed45,False,curated molecules without the 204 top-decile actives,ok,-8.384,21.0,3.0,5.67045,pass
O=C(c1cc(Cc2ccccc2)ccc1O)N1CCCCC1,M,M:druglike_only,generated,corrected,,"arm druglike_only, seed 45, final generation",seed45,False,curated molecules without the 204 top-decile actives,ok,-8.964,22.0,4.0,5.39157,pass
CCNC(=O)c1ccc(C(=O)Nc2ccccc2)cc1,M,M:druglike_only,generated,corrected,,"arm druglike_only, seed 45, final generation",seed45,False,curated molecules without the 204 top-decile actives,ok,-7.39,20.0,4.0,5.96552,pass
O=C(c1cc(Cc2ccccc2)ccc1O)N1CCOCC1,M,M:druglike_only,generated,corrected,,"arm druglike_only, seed 45, final generation",seed45,False,curated molecules without the 204 top-decile actives,ok,-8.369,22.0,4.0,5.55827,pass
CC(=O)Nc1ccc(-c2ccc(C(=O)N3CCCCC3)o2)cc1,M,M:druglike_only,generated,corrected,,"arm druglike_only, seed 45, final generation",seed45,False,curated molecules without the 204 top-decile actives,ok,-8.262,23.0,3.0,5.96325,pass
CC(C)c1ccc(NC(=O)c2ccccc2N2CCOCC2)cc1,M,M:druglike_only,generated,corrected,,"arm druglike_only, seed 45, final generation",seed45,False,curated molecules without the 204 top-decile actives,ok,-7.828,24.0,4.0,6.06726,pass
CC(C)N(C)c1ccc(C(=O)Nc2ccccc2)cc1,M,M:druglike_only,generated,corrected,,"arm druglike_only, seed 45, final generation",seed45,False,curated molecules without the 204 top-decile actives,ok,-7.168,20.0,4.0,5.8962,pass
O=C(Nc1ccccc1)c1ccc(NC(=O)N2CCOCC2)cc1,M,M:druglike_only,generated,corrected,,"arm druglike_only, seed 45, final generation",seed45,False,curated molecules without the 204 top-decile actives,ok,-8.008,24.0,3.0,6.20245,pass
Cc1ccc(C(=O)Nc2ncccc2N2CCOCC2)cc1,M,M:druglike_only,generated,corrected,,"arm druglike_only, seed 45, final generation",seed45,False,curated molecules without the 204 top-decile actives,ok,-7.734,22.0,3.0,6.2897,pass
CC(=O)Nc1ccc(-c2cccc(NC(C)=O)c2)cc1,M,M:druglike_only,generated,corrected,,"arm druglike_only, seed 45, final generation",seed45,False,curated molecules without the 204 top-decile actives,ok,-8.43,20.0,3.0,5.97866,pass
CC(C)N(C)C(=O)c1ccc(Nc2ccccc2)cc1,M,M:druglike_only,generated,corrected,,"arm druglike_only, seed 45, final generation",seed45,False,curated molecules without the 204 top-decile actives,ok,-7.38,20.0,4.0,5.77483,pass
CCc1ccc(C(=O)NCC(=O)Nc2ccccc2)cc1,M,M:druglike_only,generated,corrected,,"arm druglike_only, seed 45, final generation",seed45,False,curated molecules without the 204 top-decile actives,ok,-7.974,21.0,5.0,5.87665,pass
Cc1cccc(Nc2ccccc2N2CCOCC2)c1,M,M:druglike_only,generated,corrected,,"arm druglike_only, seed 45, final generation",seed45,False,curated molecules without the 204 top-decile actives,ok,-7.221,20.0,3.0,6.22767,pass
CC(=O)N(C)C(=O)c1cccc(Nc2ccccc2)c1,M,M:druglike_only,generated,corrected,,"arm druglike_only, seed 45, final generation",seed45,False,curated molecules without the 204 top-decile actives,ok,-7.878,20.0,3.0,5.58577,pass
CC(=O)N(C)C(=O)Nc1ccc(C(=O)Nc2ccccc2)cc1,M,M:druglike_only,generated,corrected,,"arm druglike_only, seed 45, final generation",seed45,False,curated molecules without the 204 top-decile actives,ok,-7.44,23.0,3.0,5.82745,pass
O=C(NC1CCN(c2ccccc2)CC1)c1ccccc1,M,M:druglike_only,generated,corrected,,"arm druglike_only, seed 46, final generation",seed46,False,curated molecules without the 204 top-decile actives,ok,-7.489,21.0,3.0,6.09128,pass
Cc1ccc(C(=O)N2CCC(C(=O)Nc3ccccc3)CC2)cc1,M,M:druglike_only,generated,corrected,,"arm druglike_only, seed 46, final generation",seed46,False,curated molecules without the 204 top-decile actives,ok,-7.906,24.0,3.0,6.30118,pass
COc1ccc(C(=O)NC2CCN(c3ccccc3)CC2)cc1,M,M:druglike_only,generated,corrected,,"arm druglike_only, seed 46, final generation",seed46,False,curated molecules without the 204 top-decile actives,ok,-7.176,23.0,4.0,6.10488,pass
O=C(Nc1ccccc1)C1CCN(C(=O)c2ccc(F)cc2)CC1,M,M:druglike_only,generated,corrected,,"arm druglike_only, seed 46, final generation",seed46,False,curated molecules without the 204 top-decile actives,ok,-7.388,24.0,3.0,6.23205,pass
COc1ccc(NC(=O)c2ccc(C(F)(F)F)cc2)cc1,M,M:druglike_only,generated,corrected,,"arm druglike_only, seed 46, final generation",seed46,False,curated molecules without the 204 top-decile actives,ok,-7.962,21.0,3.0,6.18784,pass
Cc1ccc(CC(=O)NC(=O)c2ccc(F)cc2)cc1,M,M:druglike_only,generated,corrected,,"arm druglike_only, seed 46, final generation",seed46,False,curated molecules without the 204 top-decile actives,ok,-8.299,20.0,3.0,6.37858,pass
O=C(c1ccccc1)N1CCC(Nc2ccccc2)CC1,M,M:druglike_only,generated,corrected,,"arm druglike_only, seed 46, final generation",seed46,False,curated molecules without the 204 top-decile actives,ok,-7.561,21.0,3.0,6.03642,pass
Cc1ccc(CC(=O)Nc2ccc(N3CCOCC3)cc2)cc1,M,M:druglike_only,generated,corrected,,"arm druglike_only, seed 46, final generation",seed46,False,curated molecules without the 204 top-decile actives,ok,-7.641,23.0,4.0,6.52111,pass
O=C(c1ccc(F)cc1)N1CCC(Nc2ccccc2)CC1,M,M:druglike_only,generated,corrected,,"arm druglike_only, seed 46, final generation",seed46,False,curated molecules without the 204 top-decile actives,ok,-8.626,22.0,3.0,6.39394,pass
O=C(Nc1ccc(N2CCCCC2)cc1)c1ccc(F)cc1,M,M:druglike_only,generated,corrected,,"arm druglike_only, seed 46, final generation",seed46,False,curated molecules without the 204 top-decile actives,ok,-7.792,22.0,3.0,6.40973,pass
O=C(Cc1ccc(F)cc1)Nc1ccc(N2CCOCC2)cc1,M,M:druglike_only,generated,corrected,,"arm druglike_only, seed 46, final generation",seed46,False,curated molecules without the 204 top-decile actives,ok,-7.76,23.0,4.0,6.50627,pass
Cc1ccc(CC(=O)NC2CCN(c3ccccc3)CC2)cc1,M,M:druglike_only,generated,corrected,,"arm druglike_only, seed 46, final generation",seed46,False,curated molecules without the 204 top-decile actives,ok,-8.011,23.0,4.0,6.38912,pass
O=C(Cc1ccccc1)NC(=O)Cc1ccc(F)cc1,M,M:druglike_only,generated,corrected,,"arm druglike_only, seed 46, final generation",seed46,False,curated molecules without the 204 top-decile actives,ok,-7.653,20.0,4.0,6.12383,pass
O=C(CCc1c(F)cccc1F)NC(=O)c1ccccc1,M,M:druglike_only,generated,corrected,,"arm druglike_only, seed 46, final generation",seed46,False,curated molecules without the 204 top-decile actives,ok,-8.113,21.0,4.0,6.29386,pass
Fc1ccc(CNc2ccc(N3CCOCC3)cc2)cc1,M,M:druglike_only,generated,corrected,,"arm druglike_only, seed 46, final generation",seed46,False,curated molecules without the 204 top-decile actives,ok,-7.665,21.0,4.0,6.4441,pass
O=C(Cc1ccc(F)cc1)NC(=O)c1c(F)cccc1F,M,M:druglike_only,generated,corrected,,"arm druglike_only, seed 46, final generation",seed46,False,curated molecules without the 204 top-decile actives,ok,-8.298,21.0,3.0,6.32948,pass
O=C(Nc1ccc(F)cc1)C1CCN(C(=O)c2ccc(F)cc2)CC1,M,M:druglike_only,generated,corrected,,"arm druglike_only, seed 46, final generation",seed46,False,curated molecules without the 204 top-decile actives,ok,-8.309,25.0,3.0,6.40292,pass
O=C(CNC(=O)c1ccc(F)cc1)Nc1ccccc1,M,M:druglike_only,generated,corrected,,"arm druglike_only, seed 46, final generation",seed46,False,curated molecules without the 204 top-decile actives,ok,-7.456,20.0,4.0,6.15379,pass
O=C(Nc1nccc(-c2ccc([C@@H]3CCC[C@@H](O)C3)s2)n1)C(F)(F)F,M,M:decoys,decoy,corrected,,"matched decoy, arm druglike_only, seed 44",seed44,False,curated molecules without the 204 top-decile actives,ok,-7.815,25.0,4.0,5.91458,pass
Nc1nc(NC(=O)Cc2ccc(O)cc2)cc(C2CCCCCC2)n1,M,M:decoys,decoy,corrected,,"matched decoy, arm druglike_only, seed 44",seed44,False,curated molecules without the 204 top-decile actives,ok,-5.899,25.0,6.0,6.37184,pass
CC(C)C1CCN(c2ccc(C(=O)Nc3ccc(N(C)C)cn3)nc2)CC1,M,M:decoys,decoy,corrected,,"matched decoy, arm multi_scrambled, seed 42",seed42,False,curated molecules without the 204 top-decile actives,ok,-7.18,27.0,5.0,6.02938,pass
CNS(=O)(=O)c1cc(F)ccc1-c1ncnc(Nc2cccc(C[S@](C)(=N)=O)c2)n1,M,M:decoys,decoy,corrected,,"matched decoy, arm multi_scrambled, seed 46",seed46,False,curated molecules without the 204 top-decile actives,ok,-8.379,30.0,7.0,6.24651,pass
COc1cc(N2CCN(C(C)=O)CC2)ccc1Nc1ncc(C)c(C(F)(F)NC2CCCCC2)n1,M,M:decoys,decoy,corrected,,"matched decoy, arm druglike_only, seed 43",seed43,True,curated molecules without the 204 top-decile actives,ok,-8.227,35.0,7.0,5.59197,pass
CN(C)CCCS(=O)(=O)c1ccc(Nc2nccc(Nc3ccc(F)cc3)n2)cc1,M,M:decoys,decoy,corrected,,"matched decoy, arm druglike_only, seed 46",seed46,True,curated molecules without the 204 top-decile actives,ok,-8.213,30.0,9.0,6.5968,pass
O=C(CNc1ccc(C(F)(F)F)cc1)NCCc1ccc(N2CCOCC2)cc1,M,M:decoys,decoy,corrected,,"matched decoy, arm druglike_only, seed 42",seed42,False,curated molecules without the 204 top-decile actives,ok,-8.399,29.0,7.0,6.67404,pass
CCC1(CC)CNC(=O)c2cc3cnc(Nc4cccc(N5CCCNCC5)c4)nc3n21,M,M:decoys,decoy,corrected,,"matched decoy, arm multi_scrambled, seed 43",seed43,False,curated molecules without the 204 top-decile actives,ok,-6.55,32.0,5.0,5.99471,pass
O=C1NCC2(CCCC2)n2c1cc1cnc(Nc3ccc(N4CC=C(C(F)(F)F)CC4)cn3)nc12,M,M:decoys,decoy,corrected,,"matched decoy, arm multi_scrambled, seed 42",seed42,False,curated molecules without the 204 top-decile actives,ok,-10.172,35.0,3.0,5.9735,pass
CC(C)(C)Nc1cnc(CSc2sc(-c3ccncc3)nc2O)o1,M,M:decoys,decoy,corrected,,"matched decoy, arm druglike_only, seed 43",seed43,False,curated molecules without the 204 top-decile actives,ok,-7.364,24.0,6.0,6.62296,pass
CNS(=O)(=O)c1cccc(Nc2nccc(Cc3ccc(O)cc3)n2)c1,M,M:decoys,decoy,corrected,,"matched decoy, arm multi_scrambled, seed 44",seed44,False,curated molecules without the 204 top-decile actives,ok,-8.622,26.0,7.0,6.94888,pass
c1cc(NNc2ccc3c(n2)CCN(C[C@@H]2CNCCO2)C3)ncc1N1CCN(CC2CC2)CC1,M,M:decoys,decoy,corrected,,"matched decoy, arm multi_scrambled, seed 46",seed46,False,curated molecules without the 204 top-decile actives,ok,-8.148,35.0,8.0,6.86512,pass
COC(=O)NCCc1nc(Nc2ncc(F)c(C3CCC(N)CC3)n2)ccc1C,M,M:decoys,decoy,corrected,,"matched decoy, arm druglike_only, seed 46",seed46,False,curated molecules without the 204 top-decile actives,ok,-8.771,29.0,7.0,6.49561,pass
CNC(=O)c1ccc(NNc2ccc(N3CCN(CC4CC4)CC3)cn2)cc1,M,M:decoys,decoy,corrected,,"matched decoy, arm multi_scrambled, seed 46",seed46,False,curated molecules without the 204 top-decile actives,ok,-8.208,28.0,7.0,6.49957,pass
N[C@H](CNc1nnc(C2CCNCC2)s1)Cc1ccc(C(F)(F)F)cc1,M,M:decoys,decoy,corrected,,"matched decoy, arm multi_scrambled, seed 45",seed45,False,curated molecules without the 204 top-decile actives,ok,-8.282,26.0,7.0,6.73265,pass
COc1cc(C2CNC(=O)C2=Nc2cc(F)cc(CS(=N)(=O)C3CC3)c2)cc(OC)c1OC,M,M:decoys,decoy,corrected,,"matched decoy, arm druglike_only, seed 46",seed46,False,curated molecules without the 204 top-decile actives,ok,-6.561,33.0,8.0,5.86827,pass
O=C(Nc1cc(C2CC2)[nH]n1)c1ccc(C2CCNCC2)cc1,M,M:decoys,decoy,corrected,,"matched decoy, arm multi_scrambled, seed 42",seed42,False,curated molecules without the 204 top-decile actives,ok,-8.306,23.0,4.0,6.92304,pass
C=CC(=O)N1C=CC(c2ncnc(Nc3cccc(C[S@](C)(=N)=O)c3)n2)CC1,M,M:decoys,decoy,corrected,,"matched decoy, arm multi_scrambled, seed 46",seed46,False,curated molecules without the 204 top-decile actives,ok,-8.273,28.0,6.0,6.21845,pass
CNC(=O)c1ccc(Nc2nccc(N3CCN(C(=O)Nc4ccccc4)CC3)n2)cc1,M,M:decoys,decoy,corrected,,"matched decoy, arm multi_scrambled, seed 46",seed46,False,curated molecules without the 204 top-decile actives,ok,-7.971,32.0,5.0,6.453,pass
Oc1ccc(-c2nccc(Nc3cnc4ccccc4c3)n2)cc1O,M,M:decoys,decoy,corrected,,"matched decoy, arm druglike_only, seed 45",seed45,False,curated molecules without the 204 top-decile actives,ok,-9.375,25.0,5.0,5.47945,pass
COc1ccccc1NCc1cccc(Nc2cccc(N3CCCNCC3)c2)n1,M,M:decoys,decoy,corrected,,"matched decoy, arm multi_scrambled, seed 43",seed43,False,curated molecules without the 204 top-decile actives,ok,-7.041,30.0,7.0,5.55637,pass
COc1cc(N2CCN(C(C)=O)CC2)ccc1Nc1ncc(C)c(C(F)(F)C(F)(F)F)n1,M,M:decoys,decoy,corrected,,"matched decoy, arm druglike_only, seed 43",seed43,False,curated molecules without the 204 top-decile actives,ok,-7.711,32.0,5.0,5.59405,pass
CCC(=O)Nc1c(C)c2cnc(Nc3ccc(N4CCNCC4)cc3)nc2n(C2CCCC2)c1=O,M,M:decoys,decoy,corrected,,"matched decoy, arm druglike_only, seed 46",seed46,False,curated molecules without the 204 top-decile actives,ok,-7.967,35.0,6.0,6.82649,pass
CC1CCN(C(=O)N2CCC(Nc3nccc(-c4c[nH]c5ccccc45)n3)CC2)CC1,M,M:decoys,decoy,corrected,,"matched decoy, arm multi_scrambled, seed 44",seed44,False,curated molecules without the 204 top-decile actives,ok,-9.81,31.0,3.0,5.39604,pass
N=S(=O)(c1ccc(-c2ccnc(-c3cc(=O)c(O)c[nH]3)n2)cc1)C1CC1,M,M:decoys,decoy,corrected,,"matched decoy, arm druglike_only, seed 45",seed45,False,curated molecules without the 204 top-decile actives,ok,-8.265,26.0,5.0,6.69891,pass
CC(=O)Nc1cccc(CNc2nc(OS(N)(=O)=O)nc3c(C(C)C)cnn23)c1,M,M:decoys,decoy,corrected,,"matched decoy, arm multi_scrambled, seed 42",seed42,False,curated molecules without the 204 top-decile actives,ok,-9.025,29.0,6.0,6.12986,pass
CC(CCN(C)C)c1c(O)cc(O)c2c1OC(=CC(=O)Nc1ccccc1)C2=O,M,M:decoys,decoy,corrected,,"matched decoy, arm multi_scrambled, seed 46",seed46,False,curated molecules without the 204 top-decile actives,ok,-7.873,29.0,8.0,5.87996,pass
CC1CCN(NC(=O)N2CCC(Nc3ncc(Cl)c(N4CCCNCC4)n3)CC2)CC1,M,M:decoys,decoy,corrected,,"matched decoy, arm druglike_only, seed 43",seed43,False,curated molecules without the 204 top-decile actives,ok,-5.936,31.0,4.0,6.14335,pass
CC(C)N(C)C(=O)O[C@@H]1CCC(c2cc(NNCc3ccn4ccnc4c3)[nH]n2)C1,M,M:decoys,decoy,corrected,,"matched decoy, arm multi_scrambled, seed 43",seed43,False,curated molecules without the 204 top-decile actives,ok,-7.491,30.0,7.0,6.25277,pass
O=C1NCC2(CCCCC2)n2c1cc1cnc(NNc3ccccc3)nc12,M,M:decoys,decoy,corrected,,"matched decoy, arm multi_scrambled, seed 46",seed46,False,curated molecules without the 204 top-decile actives,ok,-8.05,27.0,3.0,5.97142,pass
CCc1cnc(Nc2ccc(S(=O)(=O)C3CC3)cc2)nc1O[C@H](C)C(C)(C)O,M,M:decoys,decoy,corrected,,"matched decoy, arm druglike_only, seed 43",seed43,False,curated molecules without the 204 top-decile actives,ok,-8.151,28.0,9.0,7.49024,pass
N#Cc1ccc(NC=c2[nH]cc3c2=CCNC3=O)c(C(=O)O)c1,M,M:decoys,decoy,corrected,,"matched decoy, arm druglike_only, seed 46",seed46,False,curated molecules without the 204 top-decile actives,ok,-8.416,23.0,3.0,5.73646,pass
CC(=O)Nc1ccc(CNc2nc(N=C3CCN(C)CC3)nc3c(C(C)C)cnn23)cc1,M,M:decoys,decoy,corrected,,"matched decoy, arm druglike_only, seed 46",seed46,False,curated molecules without the 204 top-decile actives,ok,-9.268,32.0,4.0,6.09659,pass
COc1ccc(Cc2ccc(CN3CCN(C[C@H](C)O)[C@H](C)C3)cn2)cc1O,M,M:decoys,decoy,corrected,,"matched decoy, arm multi_scrambled, seed 42",seed42,False,curated molecules without the 204 top-decile actives,ok,-8.238,28.0,9.0,5.87059,pass
CC(Cc1ccc(Nc2ncc3cc4n(c3n2)C2(CCCC2)CNC4=O)nc1)N(C)C,M,M:decoys,decoy,corrected,,"matched decoy, arm multi_scrambled, seed 43",seed43,False,curated molecules without the 204 top-decile actives,ok,-7.753,31.0,5.0,5.51083,pass
COc1ccc(Cc2nccc(N3CCN(C(=O)Nc4ccccc4)CC3)n2)cc1,M,M:decoys,decoy,corrected,,"matched decoy, arm multi_scrambled, seed 46",seed46,False,curated molecules without the 204 top-decile actives,ok,-8.018,30.0,5.0,6.18152,pass
N=C1NC(=O)/C(=C/c2ccc(-c3c(S)cccc3C3CCCCC3)o2)S1,M,M:decoys,decoy,corrected,,"matched decoy, arm multi_scrambled, seed 42",seed42,False,curated molecules without the 204 top-decile actives,ok,-7.541,26.0,4.0,5.32045,pass
CC(C)n1cnc2c(-c3ccc(NC(=O)C4(F)CC4)cc3)nc(NCCO)nc21,M,M:decoys,decoy,corrected,,"matched decoy, arm multi_scrambled, seed 45",seed45,False,curated molecules without the 204 top-decile actives,ok,-7.706,29.0,8.0,6.5538,pass
CC(C)(C)NC(=O)c1cccc(Nc2ccc3c(n2)CCNC3)c1,M,M:decoys,decoy,corrected,,"matched decoy, arm multi_scrambled, seed 44",seed44,False,curated molecules without the 204 top-decile actives,ok,-8.665,24.0,3.0,6.09027,pass
CN(C)N1CCc2nc(Nc3ncc(F)c(C4CCCC4)n3)ccc2C1,M,M:decoys,decoy,corrected,,"matched decoy, arm druglike_only, seed 42",seed42,False,curated molecules without the 204 top-decile actives,ok,-8.902,26.0,4.0,6.729,pass
CC1(C)CN(c2ccc(Nc3cc(-c4c[nH]c5cnccc45)ncn3)nc2)CCN1C1CC1,M,M:decoys,decoy,corrected,,"matched decoy, arm multi_scrambled, seed 44",seed44,False,curated molecules without the 204 top-decile actives,ok,-9.101,33.0,5.0,5.73722,pass
CC(C)NC(=O)c1ccc(O)c(-c2cc(N=C3CCCC3)nc(N)n2)c1,M,M:decoys,decoy,corrected,,"matched decoy, arm druglike_only, seed 45",seed45,True,curated molecules without the 204 top-decile actives,ok,-7.385,26.0,6.0,6.17769,pass
O=c1[nH]c(O)c(C=NCCc2ccc(O)cc2)c2c(Br)cccc12,M,M:decoys,decoy,corrected,,"matched decoy, arm multi_scrambled, seed 44",seed44,False,curated molecules without the 204 top-decile actives,ok,-8.62,24.0,6.0,5.41693,pass
C[C@H]1CNCC(C(=O)Nc2ncc(OSCc3ncc(C(C)(C)C)o3)s2)C1,M,M:decoys,decoy,corrected,,"matched decoy, arm druglike_only, seed 42",seed42,False,curated molecules without the 204 top-decile actives,ok,-7.266,27.0,6.0,7.0999,pass
CC(=O)Nc1ccc(Nc2ncc3c(n2)N([C@@H]2CCC[C@@]2(C)O)C(=O)C32CC2)cc1,M,M:decoys,decoy,corrected,,"matched decoy, arm druglike_only, seed 46",seed46,False,curated molecules without the 204 top-decile actives,ok,-8.727,30.0,5.0,6.29779,pass
CN(C)C[C@H](O)Cc1c(O)cc(O)c2c(=O)cc(-c3ccccc3Cl)oc12,M,M:decoys,decoy,corrected,,"matched decoy, arm multi_scrambled, seed 46",seed46,False,curated molecules without the 204 top-decile actives,ok,-7.835,27.0,8.0,5.99421,pass
CN(C)C1CCN(c2ccc(Nc3ncc4ccn(C5(CNC=O)CCCC5)c4n3)nc2)CC1,M,M:decoys,decoy,corrected,,"matched decoy, arm multi_scrambled, seed 42",seed42,False,curated molecules without the 204 top-decile actives,ok,-8.046,34.0,7.0,5.44793,pass
CC(=O)NCCc1nc(Nc2ncc(F)c(NCN(C)C)n2)ccc1C,M,M:decoys,decoy,corrected,,"matched decoy, arm druglike_only, seed 46",seed46,False,curated molecules without the 204 top-decile actives,ok,-8.058,26.0,8.0,6.33992,pass
CCCCc1c(C)c2cnc(Nc3ccc(N4CCNCC4)cn3)nc2n(C2CCCC2)c1=O,M,M:decoys,decoy,corrected,,"matched decoy, arm druglike_only, seed 45",seed45,False,curated molecules without the 204 top-decile actives,ok,-8.817,34.0,7.0,6.72437,pass
COc1ccc(NC(=O)N2CCN(c3nnc(CC(C)(N)CBr)c4ccccc34)CC2)cc1,M,M:decoys,decoy,corrected,,"matched decoy, arm druglike_only, seed 44",seed44,False,curated molecules without the 204 top-decile actives,ok,-7.329,33.0,7.0,6.51416,pass
CCCCCNc1cc(C)cc2c(=O)c(O)c(S(=N)(=O)C3CC3)oc12,M,M:decoys,decoy,corrected,,"matched decoy, arm druglike_only, seed 46",seed46,False,curated molecules without the 204 top-decile actives,ok,-7.183,25.0,8.0,5.8606,pass
O=C(OCCO)c1nnc(N2CCN(C(=O)Nc3ccccc3)CC2)c2ccccc12,M,M:decoys,decoy,corrected,,"matched decoy, arm multi_scrambled, seed 45",seed45,False,curated molecules without the 204 top-decile actives,ok,-8.382,31.0,6.0,6.38071,pass
CNC(=O)Nc1ncc(Cl)c(-c2ccc(NC(=O)C3CCOCC3)cc2)n1,M,M:decoys,decoy,corrected,,"matched decoy, arm multi_scrambled, seed 44",seed44,False,curated molecules without the 204 top-decile actives,ok,-8.954,27.0,4.0,6.78441,pass
COc1ccc(-c2ocnc2C(=O)Nc2ccc(N3CCN(CC4CC4)CC3)cn2)cc1Cl,M,M:decoys,decoy,corrected,,"matched decoy, arm multi_scrambled, seed 43",seed43,False,curated molecules without the 204 top-decile actives,ok,-8.879,33.0,7.0,6.35748,pass
CON1CCN(C(=O)Oc2ccc(Nc3ccccc3)nc2)CC1,M,M:decoys,decoy,corrected,,"matched decoy, arm druglike_only, seed 44",seed44,False,curated molecules without the 204 top-decile actives,ok,-7.989,24.0,4.0,5.6521,pass
CCCOc1c[nH]c(NCc2ccc(NC(=O)C3CCOCC3)cc2)cc1=O,M,M:decoys,decoy,corrected,,"matched decoy, arm multi_scrambled, seed 44",seed44,False,curated molecules without the 204 top-decile actives,ok,-7.676,28.0,8.0,6.07061,pass
COc1ccccc1-c1nc(Nc2cccc(NC(=O)N(C)C)c2)ncc1F,M,M:decoys,decoy,corrected,,"matched decoy, arm druglike_only, seed 44",seed44,False,curated molecules without the 204 top-decile actives,ok,-8.698,28.0,5.0,6.28952,pass
CC(=O)Nc1ccc(CNc2nc(S(=O)(=O)N(C)C)nc3c(C(C)C)cnn23)cc1,M,M:decoys,decoy,corrected,,"matched decoy, arm multi_scrambled, seed 46",seed46,False,curated molecules without the 204 top-decile actives,ok,-9.033,30.0,5.0,6.14154,pass
CC(=O)N(C)CCc1cccc(-c2ccc(Nc3ccccc3)cc2)n1,M,M:decoys,decoy,corrected,,"matched decoy, arm druglike_only, seed 46",seed46,False,curated molecules without the 204 top-decile actives,ok,-8.188,26.0,6.0,5.80477,pass
Cc1nnc2sc(Nc3nc(Nc4ccc(F)c(NC(=O)CN(C)C)c4)ncc3F)nn12,M,M:decoys,decoy,corrected,,"matched decoy, arm multi_scrambled, seed 45",seed45,False,curated molecules without the 204 top-decile actives,ok,-8.375,32.0,6.0,6.30468,pass
COc1ccc2nc(N3CCN(C)CC3)nc(NC(C)(C)C)c2c1,M,M:decoys,decoy,corrected,,"matched decoy, arm druglike_only, seed 43",seed43,False,curated molecules without the 204 top-decile actives,ok,-7.574,24.0,3.0,5.97871,pass
COc1cccc(NC(=S)N2CCN(c3nnc(CCN)c4ccccc34)CC2)c1,M,M:decoys,decoy,corrected,,"matched decoy, arm multi_scrambled, seed 45",seed45,False,curated molecules without the 204 top-decile actives,ok,-8.44,30.0,6.0,6.26228,pass
ClC1CCN(C2OCc3ccc(Nc4nccc(N5CCNCC5)n4)cc32)CC1,M,M:decoys,decoy,corrected,,"matched decoy, arm multi_scrambled, seed 44",seed44,False,curated molecules without the 204 top-decile actives,ok,-9.205,29.0,4.0,6.39117,pass
CNC(=O)c1ccc(C2=c3ccccc3=NC2=O)cc1,M,M:decoys,decoy,corrected,,"matched decoy, arm multi_scrambled, seed 42",seed42,True,curated molecules without the 204 top-decile actives,ok,-8.378,20.0,2.0,5.83927,pass
c1cc(Nc2cccc(CN3CCCC3)n2)cc(N2CCCNCC2)c1,M,M:decoys,decoy,corrected,,"matched decoy, arm multi_scrambled, seed 43",seed43,False,curated molecules without the 204 top-decile actives,ok,-6.687,26.0,5.0,5.60608,pass
CN(C)C1CCN(c2ccc(NC(=O)c3c(Cl)cccc3Cl)nc2)CC1,M,M:decoys,decoy,corrected,,"matched decoy, arm multi_scrambled, seed 42",seed42,False,curated molecules without the 204 top-decile actives,ok,-7.403,26.0,4.0,6.02815,pass
CCNC(=O)N1CCC(Nc2ccc3c(CS(C)(=N)=O)[nH]nc3n2)CC1,M,M:decoys,decoy,corrected,,"matched decoy, arm multi_scrambled, seed 44",seed44,False,curated molecules without the 204 top-decile actives,ok,-7.839,26.0,5.0,6.42841,pass
COc1ccc2cc(Nc3cc(C4CC[C@@H](OC(=O)N(C)C(C)C)C4)[nH]n3)[nH]c2c1,M,M:decoys,decoy,corrected,,"matched decoy, arm druglike_only, seed 43",seed43,False,curated molecules without the 204 top-decile actives,ok,-8.216,30.0,6.0,6.2243,pass
CC(=O)Nc1cccc(C(=O)N2CCN(Cc3ccc(O)cc3)CC2)c1,M,M:decoys,decoy,corrected,,"matched decoy, arm multi_scrambled, seed 44",seed44,False,curated molecules without the 204 top-decile actives,ok,-8.267,26.0,5.0,6.27338,pass
COc1cc(CNC(=O)c2ncoc2-c2oc3ccccc3c(=O)c2O)ccn1,M,M:decoys,decoy,corrected,,"matched decoy, arm druglike_only, seed 43",seed43,False,curated molecules without the 204 top-decile actives,ok,-8.893,29.0,6.0,5.77344,pass
Cc1nn(C2CCNCC2)c(C)c1Nc1ncc(Cl)c(-c2ccc[nH]2)n1,M,M:decoys,decoy,corrected,,"matched decoy, arm druglike_only, seed 42",seed42,False,curated molecules without the 204 top-decile actives,ok,-9.179,26.0,4.0,6.28419,pass
O=c1[nH]cc(-c2ccc(N3CCNCC3)cn2)c2sc(-c3ccncc3)cc12,M,M:decoys,decoy,corrected,,"matched decoy, arm druglike_only, seed 44",seed44,False,curated molecules without the 204 top-decile actives,ok,-9.086,28.0,3.0,5.58911,pass
C=c1[nH]c(O)c(NCCc2c[nH]c3ccccc23)c1=C1CN=CS1,M,M:decoys,decoy,corrected,,"matched decoy, arm druglike_only, seed 44",seed44,False,curated molecules without the 204 top-decile actives,ok,-7.834,24.0,5.0,5.44303,pass
CNS(=O)(=O)c1cc(Nc2nccc(-c3ccnc(C(=O)N(C)C)c3)n2)ccc1Cl,M,M:decoys,decoy,corrected,,"matched decoy, arm multi_scrambled, seed 44",seed44,False,curated molecules without the 204 top-decile actives,ok,-8.749,30.0,6.0,6.30164,pass
O=C(Nc1c[nH]nc1-c1nc2cc(CN3CCOCC3)ccc2[nH]1)SC(=O)C1CC1,M,M:decoys,decoy,corrected,,"matched decoy, arm druglike_only, seed 43",seed43,False,curated molecules without the 204 top-decile actives,ok,-7.854,30.0,5.0,6.28621,pass
O=C(Cc1ccc(-c2cc(=O)c3c(O)cc(O)cc3o2)cc1)C(=O)C1CCNCC1,M,M:decoys,decoy,corrected,,"matched decoy, arm multi_scrambled, seed 44",seed44,False,curated molecules without the 204 top-decile actives,ok,-8.603,30.0,7.0,5.52972,pass
CC[C@H](Nc1nc(NCc2cccnc2)c2ncn(CC3CC3)c2n1)C(C)(C)C,M,M:decoys,decoy,corrected,,"matched decoy, arm druglike_only, seed 43",seed43,False,curated molecules without the 204 top-decile actives,ok,-7.941,29.0,8.0,6.24919,pass
CC(=O)Nc1ccc2ccn(-c3[nH]nnc3C3CCC(O)CC3)c2c1,M,M:decoys,decoy,corrected,,"matched decoy, arm multi_scrambled, seed 42",seed42,False,curated molecules without the 204 top-decile actives,ok,-9.071,25.0,4.0,5.88941,pass
O=C1Cc2c(-c3ccc[nH]3)cc(NCCO)c3c(F)ccc(c23)N1,M,M:decoys,decoy,corrected,,"matched decoy, arm multi_scrambled, seed 42",seed42,False,curated molecules without the 204 top-decile actives,ok,-7.986,24.0,5.0,7.07749,pass
c1cc2c(nc1N1CCC(NN3CCCCC3)CC1)CCNC2,M,M:decoys,decoy,corrected,,"matched decoy, arm multi_scrambled, seed 46",seed46,False,curated molecules without the 204 top-decile actives,ok,-7.072,23.0,3.0,6.57463,pass
O=C1NCC2(CCCCCS2)n2c1cc1cnc(C3CCCCC3)nc12,M,M:decoys,decoy,corrected,,"matched decoy, arm multi_scrambled, seed 44",seed44,False,curated molecules without the 204 top-decile actives,ok,-4.549,26.0,1.0,5.85086,pass
c1cc(N2CCNCC2)nc(Nc2ccc3c(c2)C(C2CCCCC2)OC3)n1,M,M:decoys,decoy,corrected,,"matched decoy, arm multi_scrambled, seed 44",seed44,False,curated molecules without the 204 top-decile actives,ok,-9.621,28.0,4.0,6.24834,pass
N=C1NC(=O)/C(=C/c2ccc(C(=O)Nc3ccc(Cl)cc3)o2)S1,M,M:decoys,decoy,corrected,,"matched decoy, arm multi_scrambled, seed 42",seed42,False,curated molecules without the 204 top-decile actives,ok,-8.149,23.0,3.0,6.00273,pass
O=C(Nc1ccc(Nc2cccc(CN3CCOCC3)c2)cn1)c1c(O)cccc1Cl,M,M:decoys,decoy,corrected,,"matched decoy, arm multi_scrambled, seed 42",seed42,False,curated molecules without the 204 top-decile actives,ok,-9.03,31.0,7.0,6.22473,pass
CCCCC1(C)CNC(=O)c2cc3cnc(Nc4ccc(C(=O)NC)cc4)nc3n21,M,M:decoys,decoy,corrected,,"matched decoy, arm multi_scrambled, seed 46",seed46,False,curated molecules without the 204 top-decile actives,ok,-8.266,30.0,6.0,6.13654,pass
C[C@@H]1CN(c2ccc(Nc3c[nH]c4ccccc34)nc2)C[C@H](C)N1C[C@@H](C)O,M,M:decoys,decoy,corrected,,"matched decoy, arm multi_scrambled, seed 42",seed42,False,curated molecules without the 204 top-decile actives,ok,-8.053,28.0,6.0,5.86444,pass
O=C(Nc1ccc(N2CCC(C3CCNCC3)CC2)cn1)c1c(Cl)cccc1Cl,M,M:decoys,decoy,corrected,,"matched decoy, arm multi_scrambled, seed 42",seed42,False,curated molecules without the 204 top-decile actives,ok,-8.109,29.0,4.0,6.38682,pass
CNC(=O)c1ccc(Nc2ccc(N3CCN(C(C)=O)CC3)cc2NC)cc1,M,M:decoys,decoy,corrected,,"matched decoy, arm multi_scrambled, seed 44",seed44,False,curated molecules without the 204 top-decile actives,ok,-8.558,28.0,5.0,5.66925,pass
COc1ccc(NC(=O)Nc2ccc(N3CCN(CC4CC4)CC3)cn2)cc1,M,M:decoys,decoy,corrected,,"matched decoy, arm druglike_only, seed 46",seed46,False,curated molecules without the 204 top-decile actives,ok,-7.233,28.0,6.0,6.56601,pass
CC(CCO)C(=O)NCCc1nn2c(COc3ccc(Cl)cc3)nnc2s1,M,M:decoys,decoy,corrected,,"matched decoy, arm multi_scrambled, seed 43",seed43,True,curated molecules without the 204 top-decile actives,ok,-7.159,27.0,10.0,5.77747,pass
CNc1ccc(Nc2ncc3cc4n(c3n2)C2(CCCCC2)CNC4=O)nc1,M,M:decoys,decoy,corrected,,"matched decoy, arm multi_scrambled, seed 44",seed44,False,curated molecules without the 204 top-decile actives,ok,-7.117,28.0,3.0,6.05483,pass
CCOC(=O)Nc1cc(-c2c3cc(F)cc2OC3)c(Cl)cn1,M,M:decoys,decoy,corrected,,"matched decoy, arm druglike_only, seed 42",seed42,True,curated molecules without the 204 top-decile actives,prep_failed,,,,6.31085,
CC(C)NCc1cccc(F)c1-c1ccc(C(=O)NC(C)C)nc1,M,M:decoys,decoy,corrected,,"matched decoy, arm druglike_only, seed 45",seed45,False,curated molecules without the 204 top-decile actives,ok,-8.051,24.0,6.0,6.3945,pass
CC(=O)N1CCC(Nc2nc(C(F)(F)F)nc3ccc(Nc4ccccc4)cc23)COC1,M,M:decoys,decoy,corrected,,"matched decoy, arm druglike_only, seed 44",seed44,False,curated molecules without the 204 top-decile actives,ok,-7.758,32.0,4.0,6.18053,pass
C[C@@H](O)c1cc2cnc(Nc3ccc(N4CCNCC4)cn3)nc2n1C1CCCC1,M,M:decoys,decoy,corrected,,"matched decoy, arm druglike_only, seed 44",seed44,False,curated molecules without the 204 top-decile actives,ok,-7.806,30.0,6.0,5.50829,pass
NS(=O)(=O)c1ccc(NCc2ccc(NC(=O)CCCCCCO)cc2)cc1,M,M:decoys,decoy,corrected,,"matched decoy, arm multi_scrambled, seed 42",seed42,False,curated molecules without the 204 top-decile actives,ok,-6.909,28.0,13.0,7.05462,pass
CC(=O)N1CCc2nc(-c3nc(NC4CCN(C)CC4)nc4c(C(C)C)cnn34)ccc2C1,M,M:decoys,decoy,corrected,,"matched decoy, arm multi_scrambled, seed 45",seed45,False,curated molecules without the 204 top-decile actives,ok,-7.967,33.0,3.0,6.60933,pass
CN1CCN(Nc2ccc(Nc3ccc(S(N)(=O)=O)cc3)cn2)CC1,M,M:decoys,decoy,corrected,,"matched decoy, arm druglike_only, seed 44",seed44,False,curated molecules without the 204 top-decile actives,ok,-7.661,25.0,6.0,7.24516,pass
N#CCCN(c1ccnc(Nc2ccc(S(N)(=O)=O)cc2)n1)c1cc(Cl)ccc1Cl,M,M:decoys,decoy,corrected,,"matched decoy, arm druglike_only, seed 42",seed42,False,curated molecules without the 204 top-decile actives,ok,-7.608,30.0,8.0,6.84843,pass
CN(CCC(=O)Cc1ccccc1)CC(=O)Nc1sc2c(c1C(N)=O)C=CC2,M,M:decoys,decoy,corrected,,"matched decoy, arm multi_scrambled, seed 46",seed46,False,curated molecules without the 204 top-decile actives,ok,-7.359,28.0,9.0,6.05209,pass
Cc1ncc(-c2nc(NC(=O)C3CC3)ncc2F)n1C(C)C,S,S:multi_real,generated,corrected,,"arm multi_real, seed 42, final generation",seed42,False,"curated molecules without 9 scaffold families (260 molecules, 93 top-decile actives)",ok,-7.978,22.0,4.0,7.78525,pass
Cc1ncc(-c2nc(NC3CCN(C)CC3)ncc2F)n1C(C)C,S,S:multi_real,generated,corrected,,"arm multi_real, seed 42, final generation",seed42,False,"curated molecules without 9 scaffold families (260 molecules, 93 top-decile actives)",ok,-8.278,24.0,4.0,7.79101,pass
Cc1ncc(-c2nc(NC3CCCCC3)ncc2F)n1C(C)C,S,S:multi_real,generated,corrected,,"arm multi_real, seed 42, final generation",seed42,False,"curated molecules without 9 scaffold families (260 molecules, 93 top-decile actives)",ok,-8.452,23.0,4.0,7.75452,pass
NS(=O)(=O)c1ccc(Nc2ccc(C3CC3)cc2)cc1,S,S:multi_real,generated,corrected,,"arm multi_real, seed 42, final generation",seed42,True,"curated molecules without 9 scaffold families (260 molecules, 93 top-decile actives)",ok,-8.047,20.0,5.0,7.3616,pass
NS(=O)(=O)c1ccc(-c2ccc(NC3CC3)cc2)cc1,S,S:multi_real,generated,corrected,,"arm multi_real, seed 42, final generation",seed42,False,"curated molecules without 9 scaffold families (260 molecules, 93 top-decile actives)",ok,-7.813,20.0,5.0,7.33279,pass
CC(C)Nc1nccc(-c2ccc(S(N)(=O)=O)cc2)n1,S,S:multi_real,generated,corrected,,"arm multi_real, seed 42, final generation",seed42,False,"curated molecules without 9 scaffold families (260 molecules, 93 top-decile actives)",ok,-7.718,20.0,5.0,7.48787,pass
CC(C)C(=O)N1CCc2cnc(Nc3ccc(C(C)C)cc3)nc2C1,S,S:multi_real,generated,corrected,,"arm multi_real, seed 42, final generation",seed42,False,"curated molecules without 9 scaffold families (260 molecules, 93 top-decile actives)",ok,-8.443,25.0,4.0,7.44935,pass
Clc1ccc(Nc2ncc3c(n2)CN(CC2CCC2)CC3)cc1,S,S:multi_real,generated,corrected,,"arm multi_real, seed 42, final generation",seed42,False,"curated molecules without 9 scaffold families (260 molecules, 93 top-decile actives)",ok,-8.383,23.0,4.0,7.42844,pass
Cc1ncc(-c2ccnc(NC(C)(C)C)n2)n1C(C)C,S,S:multi_real,generated,corrected,,"arm multi_real, seed 42, final generation",seed42,False,"curated molecules without 9 scaffold families (260 molecules, 93 top-decile actives)",ok,-6.692,20.0,3.0,7.57785,pass
Cc1ncc(-c2ccnc(NC(=O)C(C)C)n2)n1C(C)C,S,S:multi_real,generated,corrected,,"arm multi_real, seed 42, final generation",seed42,False,"curated molecules without 9 scaffold families (260 molecules, 93 top-decile actives)",ok,-7.853,21.0,4.0,7.4752,pass
O=C(c1ccc(Cl)cc1)N1CCc2cnc(NC3CCOCC3)nc2C1,S,S:multi_real,generated,corrected,,"arm multi_real, seed 42, final generation",seed42,False,"curated molecules without 9 scaffold families (260 molecules, 93 top-decile actives)",ok,-7.841,26.0,3.0,7.54098,pass
NS(=O)(=O)c1ccc(Nc2nccc(C3CCOCC3)n2)cc1,S,S:multi_real,generated,corrected,,"arm multi_real, seed 42, final generation",seed42,False,"curated molecules without 9 scaffold families (260 molecules, 93 top-decile actives)",ok,-8.046,23.0,5.0,7.57107,pass
CC(C)C(=O)N1CCCc2cnc(Nc3ccc(Cl)cc3)nc2C1,S,S:multi_real,generated,corrected,,"arm multi_real, seed 42, final generation",seed42,False,"curated molecules without 9 scaffold families (260 molecules, 93 top-decile actives)",ok,-6.226,24.0,3.0,7.39711,pass
O=C(CC1CC1)N1CCCc2cnc(Nc3ccc(Cl)cc3)nc2C1,S,S:multi_real,generated,corrected,,"arm multi_real, seed 42, final generation",seed42,False,"curated molecules without 9 scaffold families (260 molecules, 93 top-decile actives)",ok,-6.397,25.0,4.0,7.45866,pass
Cc1ncc(-c2nc(NC3CCN(C(C)C)CC3)ncc2F)n1C(C)C,S,S:multi_real,generated,corrected,,"arm multi_real, seed 42, final generation",seed42,False,"curated molecules without 9 scaffold families (260 molecules, 93 top-decile actives)",ok,-7.063,26.0,5.0,7.74066,pass
CC(C)CC(=O)Nc1ccc(-c2ccc(S(N)(=O)=O)cc2)cc1,S,S:multi_real,generated,corrected,,"arm multi_real, seed 42, final generation",seed42,False,"curated molecules without 9 scaffold families (260 molecules, 93 top-decile actives)",ok,-7.908,23.0,6.0,7.28475,pass
CC(C)NC(=O)N1CCCc2cnc(Nc3ccc(Cl)cc3)nc2C1,S,S:multi_real,generated,corrected,,"arm multi_real, seed 42, final generation",seed42,False,"curated molecules without 9 scaffold families (260 molecules, 93 top-decile actives)",ok,-6.538,25.0,3.0,7.55011,pass
NS(=O)(=O)c1ccc(-c2ccnc(NC3CCCCC3)n2)cc1,S,S:multi_real,generated,corrected,,"arm multi_real, seed 42, final generation",seed42,False,"curated molecules without 9 scaffold families (260 molecules, 93 top-decile actives)",ok,-8.728,23.0,5.0,7.35137,pass
O=C(Nc1ncc2c(n1)CN(C(=O)C1CC1)CC2)C1CCCCC1,S,S:multi_real,generated,corrected,,"arm multi_real, seed 42, final generation",seed42,True,"curated molecules without 9 scaffold families (260 molecules, 93 top-decile actives)",ok,-7.881,24.0,3.0,7.3759,pass
O=C(C1CC1)N1CCc2cnc(Nc3ccccc3)nc2C1,S,S:multi_real,generated,corrected,,"arm multi_real, seed 42, final generation",seed42,False,"curated molecules without 9 scaffold families (260 molecules, 93 top-decile actives)",ok,-8.265,22.0,3.0,7.20697,pass
CCc1cnc(Nc2ccc(S(N)(=O)=O)cc2)nc1C,S,S:multi_real,generated,corrected,,"arm multi_real, seed 42, final generation",seed42,False,"curated molecules without 9 scaffold families (260 molecules, 93 top-decile actives)",ok,-7.718,20.0,5.0,7.3734,pass
CCC(C)Nc1ncc(F)c(-c2cnc(C)n2C(C)C)n1,S,S:multi_real,generated,corrected,,"arm multi_real, seed 42, final generation",seed42,False,"curated molecules without 9 scaffold families (260 molecules, 93 top-decile actives)",ok,-7.587,21.0,5.0,7.78919,pass
NS(=O)(=O)c1ccc(-c2ccc(C3CCCCC3)cc2)cc1,S,S:multi_real,generated,corrected,,"arm multi_real, seed 42, final generation",seed42,False,"curated molecules without 9 scaffold families (260 molecules, 93 top-decile actives)",ok,-8.126,22.0,4.0,7.08733,pass
Clc1ccc(N2CCc3cnc(NC4CCOCC4)nc3C2)cc1Cl,S,S:multi_real,generated,corrected,,"arm multi_real, seed 42, final generation",seed42,False,"curated molecules without 9 scaffold families (260 molecules, 93 top-decile actives)",ok,-8.026,25.0,3.0,7.60698,pass
CCCN1CCc2nc(-c3ccc(S(N)(=O)=O)cc3)ccc2C1,S,S:multi_real,generated,corrected,,"arm multi_real, seed 43, final generation",seed43,False,"curated molecules without 9 scaffold families (260 molecules, 93 top-decile actives)",ok,-7.544,23.0,5.0,7.45826,pass
CC(C)Oc1ccc(-c2ccc(S(N)(=O)=O)cc2)cc1,S,S:multi_real,generated,corrected,,"arm multi_real, seed 43, final generation",seed43,False,"curated molecules without 9 scaffold families (260 molecules, 93 top-decile actives)",ok,-7.635,20.0,5.0,7.16408,pass
Cc1ncc(Nc2ccc(N3CCCN(C)CC3)c(F)c2)n1C(C)C,S,S:multi_real,generated,corrected,,"arm multi_real, seed 43, final generation",seed43,False,"curated molecules without 9 scaffold families (260 molecules, 93 top-decile actives)",ok,-5.723,25.0,4.0,7.59507,pass
CC(C)(C)c1ccc(C(=O)Nc2ccc(S(N)(=O)=O)cc2)cc1,S,S:multi_real,generated,corrected,,"arm multi_real, seed 43, final generation",seed43,False,"curated molecules without 9 scaffold families (260 molecules, 93 top-decile actives)",ok,-7.548,23.0,4.0,7.17031,pass
CN1CCCN(Cc2ccc(-c3ccc(S(N)(=O)=O)cc3)cc2)CC1,S,S:multi_real,generated,corrected,,"arm multi_real, seed 43, final generation",seed43,False,"curated molecules without 9 scaffold families (260 molecules, 93 top-decile actives)",ok,-6.818,25.0,5.0,7.21098,pass
CN1CCN(Nc2ncc3c(n2)-c2c(c(C(N)=O)nn2C)CC3)CC1,S,S:multi_real,generated,corrected,,"arm multi_real, seed 43, final generation",seed43,False,"curated molecules without 9 scaffold families (260 molecules, 93 top-decile actives)",ok,-7.325,25.0,3.0,8.27776,pass
CCC(C)c1ccc(-c2ccc(S(N)(=O)=O)cc2)cc1,S,S:multi_real,generated,corrected,,"arm multi_real, seed 43, final generation",seed43,False,"curated molecules without 9 scaffold families (260 molecules, 93 top-decile actives)",ok,-7.853,20.0,5.0,7.20946,pass
Cc1cc(C(C)(C)C)ccc1-c1ccc(S(N)(=O)=O)cc1,S,S:multi_real,generated,corrected,,"arm multi_real, seed 43, final generation",seed43,True,"curated molecules without 9 scaffold families (260 molecules, 93 top-decile actives)",ok,-8.038,21.0,3.0,7.13986,pass
CN1CCN(c2ccc(Nc3cccc(S(N)(=O)=O)c3)cc2)CC1,S,S:multi_real,generated,corrected,,"arm multi_real, seed 43, final generation",seed43,False,"curated molecules without 9 scaffold families (260 molecules, 93 top-decile actives)",ok,-8.151,24.0,5.0,7.29838,pass
CN1CCN(c2ccc(-c3ccc(S(N)(=O)=O)cc3)cc2F)CC1,S,S:multi_real,generated,corrected,,"arm multi_real, seed 43, final generation",seed43,False,"curated molecules without 9 scaffold families (260 molecules, 93 top-decile actives)",ok,-7.668,24.0,4.0,7.16468,pass
CC(C)Cc1ccc(Sc2ccc(S(N)(=O)=O)cc2)cc1,S,S:multi_real,generated,corrected,,"arm multi_real, seed 43, final generation",seed43,False,"curated molecules without 9 scaffold families (260 molecules, 93 top-decile actives)",ok,-7.843,21.0,6.0,7.17931,pass
CCC(C)(C)Nc1ncc2c(n1)-c1c(c(C(N)=O)nn1C)CSC2,S,S:multi_real,generated,corrected,,"arm multi_real, seed 43, final generation",seed43,False,"curated molecules without 9 scaffold families (260 molecules, 93 top-decile actives)",ok,-7.325,24.0,4.0,7.87114,pass
CN1CCN(c2ccnc(Nc3ccc(S(N)(=O)=O)cc3)n2)CC1,S,S:multi_real,generated,corrected,,"arm multi_real, seed 43, final generation",seed43,False,"curated molecules without 9 scaffold families (260 molecules, 93 top-decile actives)",ok,-8.321,24.0,5.0,7.55759,pass
CS(=O)(=O)c1ccc(Nc2cccc(S(N)(=O)=O)c2)cc1,S,S:multi_real,generated,corrected,,"arm multi_real, seed 43, final generation",seed43,False,"curated molecules without 9 scaffold families (260 molecules, 93 top-decile actives)",ok,-7.916,21.0,5.0,7.22685,pass
NS(=O)(=O)c1ccc(Nc2ccc(C(=O)N=C3CC3)cc2)cc1,S,S:multi_real,generated,corrected,,"arm multi_real, seed 43, final generation",seed43,False,"curated molecules without 9 scaffold families (260 molecules, 93 top-decile actives)",ok,-8.621,23.0,5.0,7.30677,pass
CN1CCCN(c2ccc(-c3ccc(S(N)(=O)=O)cc3)cc2)CC1,S,S:multi_real,generated,corrected,,"arm multi_real, seed 43, final generation",seed43,False,"curated molecules without 9 scaffold families (260 molecules, 93 top-decile actives)",ok,-6.025,24.0,4.0,7.08061,pass
Cc1ncc(Nc2ccc(N3CCCS(=O)(=O)CC3)cc2)n1C(C)C,S,S:multi_real,generated,corrected,,"arm multi_real, seed 43, final generation",seed43,False,"curated molecules without 9 scaffold families (260 molecules, 93 top-decile actives)",ok,-5.869,25.0,4.0,7.50526,pass
CCNC(C)c1ccc(-c2ccc(S(N)(=O)=O)cc2)cc1,S,S:multi_real,generated,corrected,,"arm multi_real, seed 43, final generation",seed43,True,"curated molecules without 9 scaffold families (260 molecules, 93 top-decile actives)",ok,-7.686,21.0,6.0,7.32505,pass
Cc1ncc(Nc2ccc(S(N)(=O)=O)cc2)n1C1CC1,S,S:multi_real,generated,corrected,,"arm multi_real, seed 43, final generation",seed43,False,"curated molecules without 9 scaffold families (260 molecules, 93 top-decile actives)",ok,-7.753,20.0,5.0,7.37115,pass
NS(=O)(=O)c1ccc(-c2ccc(S(N)(=O)=O)cc2)cc1,S,S:multi_real,generated,corrected,,"arm multi_real, seed 43, final generation",seed43,False,"curated molecules without 9 scaffold families (260 molecules, 93 top-decile actives)",ok,-7.739,20.0,5.0,7.15555,pass
NS(=O)(=O)c1cccc(COc2ccc(F)c(F)c2)c1,S,S:multi_real,generated,corrected,,"arm multi_real, seed 43, final generation",seed43,False,"curated molecules without 9 scaffold families (260 molecules, 93 top-decile actives)",ok,-8.171,20.0,5.0,6.98967,pass
Cc1ncc(-c2nc(NC3CCCC3)ncc2F)n1C(C)C,S,S:multi_real,generated,corrected,,"arm multi_real, seed 44, final generation",seed44,False,"curated molecules without 9 scaffold families (260 molecules, 93 top-decile actives)",ok,-7.464,22.0,4.0,7.74699,pass
Cc1ncc(-c2nc(NC3CCC3)ncc2F)n1C(C)C,S,S:multi_real,generated,corrected,,"arm multi_real, seed 44, final generation",seed44,False,"curated molecules without 9 scaffold families (260 molecules, 93 top-decile actives)",ok,-7.519,21.0,4.0,7.73367,pass
CCC(=O)N1CCc2cnc(Nc3ccc(C)c(Cl)c3)nc2C1,S,S:multi_real,generated,corrected,,"arm multi_real, seed 44, final generation",seed44,True,"curated molecules without 9 scaffold families (260 molecules, 93 top-decile actives)",ok,-8.316,23.0,3.0,7.5278,pass
Clc1ccc(N2CCc3cnc(NC4CC4)nc3C2)cc1,S,S:multi_real,generated,corrected,,"arm multi_real, seed 44, final generation",seed44,False,"curated molecules without 9 scaffold families (260 molecules, 93 top-decile actives)",ok,-7.705,21.0,3.0,7.45795,pass
Cc1ccc(N2CCc3cnc(NC4CC4)nc3C2)cc1Cl,S,S:multi_real,generated,corrected,,"arm multi_real, seed 44, final generation",seed44,False,"curated molecules without 9 scaffold families (260 molecules, 93 top-decile actives)",ok,-7.687,22.0,3.0,7.52787,pass
Cc1ncc(-c2nc(NC(=O)CC3CC3)ncc2F)n1C(C)C,S,S:multi_real,generated,corrected,,"arm multi_real, seed 44, final generation",seed44,False,"curated molecules without 9 scaffold families (260 molecules, 93 top-decile actives)",ok,-8.075,23.0,5.0,7.7324,pass
O=C(C1CCC1)N1CCc2cnc(Nc3ccc(Cl)cc3)nc2C1,S,S:multi_real,generated,corrected,,"arm multi_real, seed 44, final generation",seed44,False,"curated molecules without 9 scaffold families (260 molecules, 93 top-decile actives)",ok,-8.76,24.0,3.0,7.4708,pass
Cc1ncc(-c2ccnc(NC3CC3)n2)n1C1CCCC1,S,S:multi_real,generated,corrected,,"arm multi_real, seed 44, final generation",seed44,False,"curated molecules without 9 scaffold families (260 molecules, 93 top-decile actives)",ok,-7.659,21.0,4.0,7.58534,pass
Cc1ncc(-c2ccnc(NC(C)C)n2)n1C1CCCC1,S,S:multi_real,generated,corrected,,"arm multi_real, seed 44, final generation",seed44,False,"curated molecules without 9 scaffold families (260 molecules, 93 top-decile actives)",ok,-7.52,21.0,4.0,7.61095,pass
O=C(Nc1ccc(Cl)cc1)N1CCc2cnc(NC3CC3)nc2C1,S,S:multi_real,generated,corrected,,"arm multi_real, seed 44, final generation",seed44,False,"curated molecules without 9 scaffold families (260 molecules, 93 top-decile actives)",ok,-7.441,24.0,3.0,7.56783,pass
Cc1ccc(Nc2ncc3c(n2)CN(C(=O)C(C)C)CC3)cc1Cl,S,S:multi_real,generated,corrected,,"arm multi_real, seed 44, final generation",seed44,False,"curated molecules without 9 scaffold families (260 molecules, 93 top-decile actives)",ok,-8.516,24.0,3.0,7.50062,pass
Cc1ncc(-c2ccnc(NC(C)C)n2)n1C1CCN(C)CC1,S,S:multi_real,generated,corrected,,"arm multi_real, seed 44, final generation",seed44,False,"curated molecules without 9 scaffold families (260 molecules, 93 top-decile actives)",ok,-7.851,23.0,4.0,7.54865,pass
Cc1ccc(N2CCc3cnc(NCC4CC4)nc3C2)cc1Cl,S,S:multi_real,generated,corrected,,"arm multi_real, seed 44, final generation",seed44,False,"curated molecules without 9 scaffold families (260 molecules, 93 top-decile actives)",ok,-7.534,23.0,4.0,7.44619,pass
Cc1ccc(Nc2ncc3c(n2)CN(C2CC2)CCC3)cc1Cl,S,S:multi_real,generated,corrected,,"arm multi_real, seed 44, final generation",seed44,False,"curated molecules without 9 scaffold families (260 molecules, 93 top-decile actives)",ok,-6.662,23.0,3.0,7.41006,pass
CC(C)c1ccc(Nc2ncc3c(n2)CN(C2CCC2)CC3)cc1,S,S:multi_real,generated,corrected,,"arm multi_real, seed 44, final generation",seed44,False,"curated molecules without 9 scaffold families (260 molecules, 93 top-decile actives)",ok,-8.304,24.0,4.0,7.40043,pass
CCC(=O)N1CCc2cnc(NC(=O)c3ccc(Cl)cc3)nc2C1,S,S:multi_real,generated,corrected,,"arm multi_real, seed 44, final generation",seed44,False,"curated molecules without 9 scaffold families (260 molecules, 93 top-decile actives)",ok,-7.698,24.0,3.0,7.30001,pass
CC(C)c1ccc(Nc2cccc(S(N)(=O)=O)c2)cc1,S,S:multi_real,generated,corrected,,"arm multi_real, seed 45, final generation",seed45,False,"curated molecules without 9 scaffold families (260 molecules, 93 top-decile actives)",ok,-7.999,20.0,5.0,7.49489,pass
CC(C)(C)c1cccc(Nc2ccc(S(N)(=O)=O)cc2)c1,S,S:multi_real,generated,corrected,,"arm multi_real, seed 45, final generation",seed45,False,"curated molecules without 9 scaffold families (260 molecules, 93 top-decile actives)",ok,-8.189,21.0,4.0,7.3298,pass
Cc1cc(Oc2ccc(S(N)(=O)=O)cc2)ccc1C(C)C,S,S:multi_real,generated,corrected,,"arm multi_real, seed 45, final generation",seed45,False,"curated molecules without 9 scaffold families (260 molecules, 93 top-decile actives)",ok,-8.107,21.0,5.0,7.21249,pass
NS(=O)(=O)c1ccc(Nc2ncc(C3CCCC3)cn2)cc1,S,S:multi_real,generated,corrected,,"arm multi_real, seed 45, final generation",seed45,False,"curated molecules without 9 scaffold families (260 molecules, 93 top-decile actives)",ok,-7.861,22.0,5.0,7.4396,pass
CC(C)Nc1ccc(-c2ccc(S(N)(=O)=O)cc2)nc1,S,S:multi_real,generated,corrected,,"arm multi_real, seed 45, final generation",seed45,False,"curated molecules without 9 scaffold families (260 molecules, 93 top-decile actives)",ok,-8.001,20.0,5.0,7.35718,fail
CC(C)(C)Nc1ccc(-c2ccc(S(N)(=O)=O)cc2)cc1,S,S:multi_real,generated,corrected,,"arm multi_real, seed 45, final generation",seed45,False,"curated molecules without 9 scaffold families (260 molecules, 93 top-decile actives)",ok,-7.719,21.0,4.0,7.26722,pass
CC(C)(C)NC(=O)c1ccc(-c2ccc(S(N)(=O)=O)cc2)cc1,S,S:multi_real,generated,corrected,,"arm multi_real, seed 45, final generation",seed45,False,"curated molecules without 9 scaffold families (260 molecules, 93 top-decile actives)",ok,-7.882,23.0,4.0,7.25876,pass
CC(C)(C)Nc1ccc(Cc2ccc(S(N)(=O)=O)cc2)cc1,S,S:multi_real,generated,corrected,,"arm multi_real, seed 45, final generation",seed45,False,"curated molecules without 9 scaffold families (260 molecules, 93 top-decile actives)",ok,-7.914,22.0,5.0,7.29259,pass
NS(=O)(=O)c1ccc(-c2ccc(CN3CCOCC3)cc2)cc1,S,S:multi_real,generated,corrected,,"arm multi_real, seed 45, final generation",seed45,False,"curated molecules without 9 scaffold families (260 molecules, 93 top-decile actives)",ok,-7.563,23.0,5.0,7.14779,pass
NS(=O)(=O)c1ccc(CNCc2ccc(C(F)(F)F)cc2)cc1,S,S:multi_real,generated,corrected,,"arm multi_real, seed 45, final generation",seed45,False,"curated molecules without 9 scaffold families (260 molecules, 93 top-decile actives)",ok,-8.479,23.0,6.0,7.36366,pass
CC(C)(C)c1cccc(NCc2ccc(S(N)(=O)=O)cc2)c1,S,S:multi_real,generated,corrected,,"arm multi_real, seed 45, final generation",seed45,False,"curated molecules without 9 scaffold families (260 molecules, 93 top-decile actives)",ok,-8.207,22.0,5.0,7.23538,pass
NS(=O)(=O)c1ccc(CCc2c(F)cccc2F)cc1,S,S:multi_real,generated,corrected,,"arm multi_real, seed 45, final generation",seed45,False,"curated molecules without 9 scaffold families (260 molecules, 93 top-decile actives)",ok,-8.314,20.0,5.0,7.11945,pass
NS(=O)(=O)c1ccc(Cc2ccc(OC(F)(F)F)cc2)cc1,S,S:multi_real,generated,corrected,,"arm multi_real, seed 45, final generation",seed45,False,"curated molecules without 9 scaffold families (260 molecules, 93 top-decile actives)",ok,-8.365,22.0,5.0,7.1336,pass
NS(=O)(=O)c1ccc(-c2ccc(CCC(F)(F)F)cc2)cc1,S,S:multi_real,generated,corrected,,"arm multi_real, seed 45, final generation",seed45,False,"curated molecules without 9 scaffold families (260 molecules, 93 top-decile actives)",ok,-8.536,22.0,5.0,7.15006,pass
CC(C)Cc1cnc(Cc2ccc(S(N)(=O)=O)cc2)o1,S,S:multi_real,generated,corrected,,"arm multi_real, seed 45, final generation",seed45,False,"curated molecules without 9 scaffold families (260 molecules, 93 top-decile actives)",ok,-7.801,20.0,6.0,7.39152,pass
CNS(=O)(=O)c1ccc(-c2ccc(S(N)(=O)=O)cc2)cc1,S,S:multi_real,generated,corrected,,"arm multi_real, seed 45, final generation",seed45,False,"curated molecules without 9 scaffold families (260 molecules, 93 top-decile actives)",ok,-7.393,21.0,5.0,7.31401,pass
CC(C)(C)NC(=O)c1ccc(Cc2ccc(S(N)(=O)=O)cc2)cc1,S,S:multi_real,generated,corrected,,"arm multi_real, seed 45, final generation",seed45,False,"curated molecules without 9 scaffold families (260 molecules, 93 top-decile actives)",ok,-8.578,24.0,5.0,7.24704,pass
CCC(C)Nc1ccc(-c2ccc(S(N)(=O)=O)cc2)cc1,S,S:multi_real,generated,corrected,,"arm multi_real, seed 45, final generation",seed45,False,"curated molecules without 9 scaffold families (260 molecules, 93 top-decile actives)",ok,-7.468,21.0,6.0,7.36028,pass
Cc1ncc(-c2nc(NCC(C)(C)C)ncc2F)n1C(C)C,S,S:multi_real,generated,corrected,,"arm multi_real, seed 46, final generation",seed46,False,"curated molecules without 9 scaffold families (260 molecules, 93 top-decile actives)",ok,-7.293,22.0,4.0,7.8119,pass
Cc1ncc(-c2nc(NCC3CCN(C)CC3)ncc2F)n1C(C)C,S,S:multi_real,generated,corrected,,"arm multi_real, seed 46, final generation",seed46,False,"curated molecules without 9 scaffold families (260 molecules, 93 top-decile actives)",ok,-8.427,25.0,5.0,7.7916,pass
Cc1ncc(-c2nc(NCC3CCOCC3)ncc2F)n1C(C)C,S,S:multi_real,generated,corrected,,"arm multi_real, seed 46, final generation",seed46,False,"curated molecules without 9 scaffold families (260 molecules, 93 top-decile actives)",ok,-8.08,24.0,5.0,7.75713,pass
Cc1ncc(-c2nc(NCN3CCOCC3)ncc2F)n1C(C)C,S,S:multi_real,generated,corrected,,"arm multi_real, seed 46, final generation",seed46,False,"curated molecules without 9 scaffold families (260 molecules, 93 top-decile actives)",ok,-7.861,24.0,5.0,7.76883,pass
Cc1ncc(-c2cc(NC3CCOCC3)ncc2F)n1C(C)C,S,S:multi_real,generated,corrected,,"arm multi_real, seed 46, final generation",seed46,False,"curated molecules without 9 scaffold families (260 molecules, 93 top-decile actives)",ok,-8.471,23.0,4.0,7.53452,pass
Cc1ncc(-c2cc(NC(=O)C(C)C)ncc2F)n1C(C)C,S,S:multi_real,generated,corrected,,"arm multi_real, seed 46, final generation",seed46,False,"curated molecules without 9 scaffold families (260 molecules, 93 top-decile actives)",ok,-8.278,22.0,4.0,7.44252,pass
CCn1c(-c2nc(NC3CCOCC3)ncc2F)cnc1C,S,S:multi_real,generated,corrected,,"arm multi_real, seed 46, final generation",seed46,False,"curated molecules without 9 scaffold families (260 molecules, 93 top-decile actives)",ok,-7.675,22.0,4.0,7.48156,pass
Cc1ncc(-c2cc(NC(C)C)ncc2F)n1C(C)C,S,S:multi_real,generated,corrected,,"arm multi_real, seed 46, final generation",seed46,False,"curated molecules without 9 scaffold families (260 molecules, 93 top-decile actives)",ok,-7.697,20.0,4.0,7.53225,pass
CC(C)Nc1ccc(CCc2ccc(S(N)(=O)=O)cc2)cc1,S,S:multi_real,generated,corrected,,"arm multi_real, seed 46, final generation",seed46,False,"curated molecules without 9 scaffold families (260 molecules, 93 top-decile actives)",ok,-7.758,22.0,7.0,7.35455,pass
C=C(C)n1c(-c2nc(NC3CCN(C)CC3)ncc2F)cnc1C,S,S:multi_real,generated,corrected,,"arm multi_real, seed 46, final generation",seed46,False,"curated molecules without 9 scaffold families (260 molecules, 93 top-decile actives)",ok,-8.415,24.0,4.0,7.54243,pass
Cc1ncc(-c2nc(NC3CCC3)ncc2F)n1C(C)(C)C,S,S:multi_real,generated,corrected,,"arm multi_real, seed 46, final generation",seed46,False,"curated molecules without 9 scaffold families (260 molecules, 93 top-decile actives)",ok,-7.497,22.0,3.0,7.45838,pass
Cc1ncc(-c2nc(CNC(C)(C)C)ncc2F)n1C(C)C,S,S:multi_real,generated,corrected,,"arm multi_real, seed 46, final generation",seed46,False,"curated molecules without 9 scaffold families (260 molecules, 93 top-decile actives)",ok,-7.185,22.0,4.0,7.47064,pass
CCNc1ncc(F)c(-c2cnc(C)n2C(C)(C)C)n1,S,S:multi_real,generated,corrected,,"arm multi_real, seed 46, final generation",seed46,True,"curated molecules without 9 scaffold families (260 molecules, 93 top-decile actives)",ok,-7.079,20.0,3.0,7.49518,pass
CC(=O)NNc1ncc(F)c(-c2cnc(C)n2C(C)C)n1,S,S:multi_real,generated,corrected,,"arm multi_real, seed 46, final generation",seed46,False,"curated molecules without 9 scaffold families (260 molecules, 93 top-decile actives)",ok,-7.914,21.0,4.0,7.86422,pass
Cc1ncc(-c2nc(NC(C)C)ncc2F)n1CC(C)C,S,S:multi_real,generated,corrected,,"arm multi_real, seed 46, final generation",seed46,False,"curated molecules without 9 scaffold families (260 molecules, 93 top-decile actives)",ok,-7.031,21.0,5.0,7.48656,pass
CCn1c(-c2nc(NC(=O)CC(C)(C)C)ncc2F)cnc1C,S,S:multi_real,generated,corrected,,"arm multi_real, seed 46, final generation",seed46,False,"curated molecules without 9 scaffold families (260 molecules, 93 top-decile actives)",ok,-7.529,23.0,4.0,7.39505,pass
C=C(C)n1c(-c2nc(NC3CCOCC3)ncc2F)cnc1C,S,S:multi_real,generated,corrected,,"arm multi_real, seed 46, final generation",seed46,False,"curated molecules without 9 scaffold families (260 molecules, 93 top-decile actives)",ok,-8.097,23.0,4.0,7.51718,pass
Cc1ncc(-c2nc(NS(N)(=O)=O)ncc2F)n1C(C)C,S,S:multi_real,generated,corrected,,"arm multi_real, seed 46, final generation",seed46,False,"curated molecules without 9 scaffold families (260 molecules, 93 top-decile actives)",ok,-7.37,21.0,5.0,7.73145,pass
Cc1ncc(-c2nc(NC(=O)CNC(C)C)ncc2F)n1C(C)C,S,S:multi_real,generated,corrected,,"arm multi_real, seed 46, final generation",seed46,False,"curated molecules without 9 scaffold families (260 molecules, 93 top-decile actives)",ok,-8.159,24.0,6.0,7.74527,pass
Cc1ncc(-c2nc(NC(=O)N=C3CCOCC3)ncc2F)n1C(C)C,S,S:multi_real,generated,corrected,,"arm multi_real, seed 46, final generation",seed46,False,"curated molecules without 9 scaffold families (260 molecules, 93 top-decile actives)",ok,-8.266,26.0,3.0,7.78704,pass
Cc1ncc(-c2nc(NC(=S)C(C)C)ncc2F)n1C(C)C,S,S:multi_real,generated,corrected,,"arm multi_real, seed 46, final generation",seed46,False,"curated molecules without 9 scaffold families (260 molecules, 93 top-decile actives)",ok,-7.059,22.0,4.0,7.78323,pass
CCN(CC)C1CCN(c2ccc(CCO)nc2)CC1,S,S:multi_scrambled,generated,corrected,,"arm multi_scrambled, seed 42, final generation",seed42,False,"curated molecules without 9 scaffold families (260 molecules, 93 top-decile actives)",ok,-6.354,20.0,7.0,5.64948,pass
COc1cc(C(=O)NC(=O)Nc2ccccc2C)cc(OC)c1OC,S,S:multi_scrambled,generated,corrected,,"arm multi_scrambled, seed 42, final generation",seed42,False,"curated molecules without 9 scaffold families (260 molecules, 93 top-decile actives)",ok,-7.015,25.0,5.0,5.58955,pass
CCN(CC)C1CCN(c2ccc(-c3ccc(O)cn3)nc2)CC1,S,S:multi_scrambled,generated,corrected,,"arm multi_scrambled, seed 42, final generation",seed42,False,"curated molecules without 9 scaffold families (260 molecules, 93 top-decile actives)",ok,-6.933,24.0,6.0,5.85931,pass
COc1cc(-c2ccc(O)cc2C)c(F)c(OC)c1OC,S,S:multi_scrambled,generated,corrected,,"arm multi_scrambled, seed 42, final generation",seed42,False,"curated molecules without 9 scaffold families (260 molecules, 93 top-decile actives)",ok,-7.265,21.0,5.0,5.66285,pass
Cc1ccccc1Nc1ccnc(N2CCOCC2)n1,S,S:multi_scrambled,generated,corrected,,"arm multi_scrambled, seed 42, final generation",seed42,False,"curated molecules without 9 scaffold families (260 molecules, 93 top-decile actives)",ok,-7.466,20.0,3.0,6.13805,pass
Cc1ccccc1Nc1ccnc(N2CCN(C)CC2)n1,S,S:multi_scrambled,generated,corrected,,"arm multi_scrambled, seed 42, final generation",seed42,False,"curated molecules without 9 scaffold families (260 molecules, 93 top-decile actives)",ok,-7.284,21.0,3.0,6.03175,pass
CCN(CC)C1CCN(C(=O)NC(=O)c2ccccc2C)CC1,S,S:multi_scrambled,generated,corrected,,"arm multi_scrambled, seed 42, final generation",seed42,False,"curated molecules without 9 scaffold families (260 molecules, 93 top-decile actives)",ok,-6.561,23.0,4.0,5.90776,fail
COc1cc(NC(=O)Cc2cccc(Cl)c2)cc(OC)c1OC,S,S:multi_scrambled,generated,corrected,,"arm multi_scrambled, seed 42, final generation",seed42,False,"curated molecules without 9 scaffold families (260 molecules, 93 top-decile actives)",ok,-7.677,23.0,6.0,5.88709,pass
CCC(=O)Nc1ccc(C(=O)c2ccccc2C)cc1Cl,S,S:multi_scrambled,generated,corrected,,"arm multi_scrambled, seed 42, final generation",seed42,False,"curated molecules without 9 scaffold families (260 molecules, 93 top-decile actives)",ok,-7.696,21.0,4.0,5.82731,pass
CN1CCN(C(=O)c2ccc(O)c(-c3ccccc3)c2)CCC1=O,S,S:multi_scrambled,generated,corrected,,"arm multi_scrambled, seed 42, final generation",seed42,False,"curated molecules without 9 scaffold families (260 molecules, 93 top-decile actives)",ok,-6.637,24.0,3.0,5.86416,pass
COc1cc(NC(=O)c2ccc(C#N)cc2)cc(OC)c1OC,S,S:multi_scrambled,generated,corrected,,"arm multi_scrambled, seed 42, final generation",seed42,False,"curated molecules without 9 scaffold families (260 molecules, 93 top-decile actives)",ok,-6.981,23.0,5.0,5.6996,pass
C=C(C)c1cc(C(=O)Nc2ccccc2C)cc(OC)c1N1CCOCC1,S,S:multi_scrambled,generated,corrected,,"arm multi_scrambled, seed 42, final generation",seed42,False,"curated molecules without 9 scaffold families (260 molecules, 93 top-decile actives)",ok,-7.899,27.0,5.0,5.60887,pass
CCN(CC)C1CCN(c2ccc(NC(=O)Nc3ccccc3)nc2)CC1,S,S:multi_scrambled,generated,corrected,,"arm multi_scrambled, seed 42, final generation",seed42,False,"curated molecules without 9 scaffold families (260 molecules, 93 top-decile actives)",ok,-7.277,27.0,6.0,6.35177,pass
C=C(C)c1cc(C(=O)Nc2ccccc2)cc(OC)c1N1CCOCC1,S,S:multi_scrambled,generated,corrected,,"arm multi_scrambled, seed 42, final generation",seed42,False,"curated molecules without 9 scaffold families (260 molecules, 93 top-decile actives)",ok,-8.056,26.0,5.0,5.80589,pass
C=C(C)c1nccc(-c2cc(NC)c(OC)c(OC)c2)n1,S,S:multi_scrambled,generated,corrected,,"arm multi_scrambled, seed 42, final generation",seed42,False,"curated molecules without 9 scaffold families (260 molecules, 93 top-decile actives)",ok,-7.158,21.0,5.0,5.7352,pass
CON(C)C(=O)Nc1ccnc(/C=C/c2ccccc2)n1,S,S:multi_scrambled,generated,corrected,,"arm multi_scrambled, seed 42, final generation",seed42,False,"curated molecules without 9 scaffold families (260 molecules, 93 top-decile actives)",ok,-7.487,21.0,4.0,5.87273,pass
Cc1ccccc1NC(=O)NC(=O)c1ccc(C(C)(C)C)cc1,S,S:multi_scrambled,generated,corrected,,"arm multi_scrambled, seed 42, final generation",seed42,False,"curated molecules without 9 scaffold families (260 molecules, 93 top-decile actives)",ok,-8.109,23.0,2.0,5.78867,pass
C=C(C)c1ccc(Nc2cc(OC)c(OC)c(OC)c2)nc1,S,S:multi_scrambled,generated,corrected,,"arm multi_scrambled, seed 42, final generation",seed42,False,"curated molecules without 9 scaffold families (260 molecules, 93 top-decile actives)",ok,-7.213,22.0,6.0,5.91514,pass
C=C(C)c1ccc(-c2cc(NC)c(OC)c(OC)c2)cn1,S,S:multi_scrambled,generated,corrected,,"arm multi_scrambled, seed 42, final generation",seed42,False,"curated molecules without 9 scaffold families (260 molecules, 93 top-decile actives)",ok,-6.158,21.0,5.0,5.74131,pass
COc1cc(Oc2ccccc2C)cc(OC)c1OC,S,S:multi_scrambled,generated,corrected,,"arm multi_scrambled, seed 42, final generation",seed42,False,"curated molecules without 9 scaffold families (260 molecules, 93 top-decile actives)",ok,-6.615,20.0,5.0,5.22943,pass
Cc1ccccc1NC(=O)NCC(=O)Nc1ccccc1,S,S:multi_scrambled,generated,corrected,,"arm multi_scrambled, seed 42, final generation",seed42,False,"curated molecules without 9 scaffold families (260 molecules, 93 top-decile actives)",ok,-7.174,21.0,4.0,5.7174,pass
C=C(C)c1nccc(-c2ccc(N3CCOCC3)cc2)n1,S,S:multi_scrambled,generated,corrected,,"arm multi_scrambled, seed 42, final generation",seed42,False,"curated molecules without 9 scaffold families (260 molecules, 93 top-decile actives)",ok,-7.542,21.0,3.0,6.04175,pass
Cc1ccccc1NCc1ccc(N2CCN(C)CC2)cc1,S,S:multi_scrambled,generated,corrected,,"arm multi_scrambled, seed 43, final generation",seed43,False,"curated molecules without 9 scaffold families (260 molecules, 93 top-decile actives)",ok,-8.01,22.0,4.0,5.95414,pass
Cc1ccccc1Nc1ccc(N2CCN(C)CC2)cc1,S,S:multi_scrambled,generated,corrected,,"arm multi_scrambled, seed 43, final generation",seed43,False,"curated molecules without 9 scaffold families (260 molecules, 93 top-decile actives)",ok,-7.802,21.0,3.0,5.90069,pass
Cc1ccccc1C(=O)NCc1ccc(N2CCN(C)CC2)cc1,S,S:multi_scrambled,generated,corrected,,"arm multi_scrambled, seed 43, final generation",seed43,False,"curated molecules without 9 scaffold families (260 molecules, 93 top-decile actives)",ok,-8.06,24.0,4.0,6.22468,pass
Cc1ccccc1C(=O)NC(=O)Cc1cccc(Cl)c1,S,S:multi_scrambled,generated,corrected,,"arm multi_scrambled, seed 43, final generation",seed43,False,"curated molecules without 9 scaffold families (260 molecules, 93 top-decile actives)",ok,-8.12,20.0,3.0,6.00679,pass
Cc1ccccc1CC(=O)NC(=O)c1ccc(N2CCCC2)cc1,S,S:multi_scrambled,generated,corrected,,"arm multi_scrambled, seed 43, final generation",seed43,False,"curated molecules without 9 scaffold families (260 molecules, 93 top-decile actives)",ok,-8.379,24.0,4.0,6.26839,pass
Cc1cccc(C)c1Nc1ccc(N2CCN(C)CC2)cc1,S,S:multi_scrambled,generated,corrected,,"arm multi_scrambled, seed 43, final generation",seed43,False,"curated molecules without 9 scaffold families (260 molecules, 93 top-decile actives)",ok,-8.114,22.0,3.0,6.30414,pass
Cc1ccc(Cl)cc1NC(=O)COc1ccccc1C,S,S:multi_scrambled,generated,corrected,,"arm multi_scrambled, seed 43, final generation",seed43,False,"curated molecules without 9 scaffold families (260 molecules, 93 top-decile actives)",ok,-7.4,20.0,4.0,5.80212,pass
Cc1ccccc1NCC(=O)Nc1c(C)cccc1C,S,S:multi_scrambled,generated,corrected,,"arm multi_scrambled, seed 43, final generation",seed43,False,"curated molecules without 9 scaffold families (260 molecules, 93 top-decile actives)",ok,-7.779,20.0,4.0,5.63982,pass
Cc1ccccc1NC(=O)Nc1ccc(OC(F)(F)F)cc1,S,S:multi_scrambled,generated,corrected,,"arm multi_scrambled, seed 43, final generation",seed43,False,"curated molecules without 9 scaffold families (260 molecules, 93 top-decile actives)",ok,-7.228,22.0,3.0,6.09406,pass
Cc1ccccc1C(=O)NC(=O)Cc1ccc(N2CCN(C)CC2)cc1,S,S:multi_scrambled,generated,corrected,,"arm multi_scrambled, seed 43, final generation",seed43,False,"curated molecules without 9 scaffold families (260 molecules, 93 top-decile actives)",ok,-8.632,26.0,4.0,6.3564,pass
Cc1ccccc1C(=O)NCC(=O)NC(=O)Oc1ccccc1,S,S:multi_scrambled,generated,corrected,,"arm multi_scrambled, seed 43, final generation",seed43,False,"curated molecules without 9 scaffold families (260 molecules, 93 top-decile actives)",ok,-7.704,23.0,4.0,5.86731,pass
Cc1cccc(C(=O)NC(=O)Cc2ccccc2C)c1,S,S:multi_scrambled,generated,corrected,,"arm multi_scrambled, seed 43, final generation",seed43,False,"curated molecules without 9 scaffold families (260 molecules, 93 top-decile actives)",ok,-8.046,20.0,3.0,5.99802,pass
Cc1cccc(C)c1CC(=O)Nc1ccc(N2CCN(C)CC2)cc1,S,S:multi_scrambled,generated,corrected,,"arm multi_scrambled, seed 43, final generation",seed43,False,"curated molecules without 9 scaffold families (260 molecules, 93 top-decile actives)",ok,-7.585,25.0,4.0,6.4672,pass
Cc1ccccc1CC(=O)NN1CCCN(c2ccccc2)CCC1,S,S:multi_scrambled,generated,corrected,,"arm multi_scrambled, seed 43, final generation",seed43,False,"curated molecules without 9 scaffold families (260 molecules, 93 top-decile actives)",ok,-6.219,25.0,4.0,6.75114,pass
C=C(C)c1ccc2c(c1)c(CNC(=O)C1CCN(C)CC1)cn2C,S,S:multi_scrambled,generated,corrected,,"arm multi_scrambled, seed 44, final generation",seed44,False,"curated molecules without 9 scaffold families (260 molecules, 93 top-decile actives)",ok,-8.411,24.0,4.0,6.12862,pass
C=C(C)c1ccc2c(c1)c(CC(=O)N1CCCNCC1)cn2C,S,S:multi_scrambled,generated,corrected,,"arm multi_scrambled, seed 44, final generation",seed44,False,"curated molecules without 9 scaffold families (260 molecules, 93 top-decile actives)",ok,-6.636,23.0,3.0,5.77977,pass
C=C(C)c1ccc2c(c1)c(CC(=O)N1CCCCNCC1)cn2C,S,S:multi_scrambled,generated,corrected,,"arm multi_scrambled, seed 44, final generation",seed44,False,"curated molecules without 9 scaffold families (260 molecules, 93 top-decile actives)",ok,-6.221,24.0,3.0,5.76199,fail
CC1CCN(C(=O)c2cn(C)c3ccc(C(=O)O)cc23)CC1,S,S:multi_scrambled,generated,corrected,,"arm multi_scrambled, seed 44, final generation",seed44,False,"curated molecules without 9 scaffold families (260 molecules, 93 top-decile actives)",ok,-8.265,22.0,2.0,5.74371,pass
Cn1cc(CCC(=O)N2CCC(N)CC2)c2cc(C3CC3)ccc21,S,S:multi_scrambled,generated,corrected,,"arm multi_scrambled, seed 44, final generation",seed44,False,"curated molecules without 9 scaffold families (260 molecules, 93 top-decile actives)",ok,-8.762,24.0,5.0,5.67251,pass
C=C(C)c1ccc2c(c1)c(CCNC(=O)N1CCC(N)CC1)cn2C,S,S:multi_scrambled,generated,corrected,,"arm multi_scrambled, seed 44, final generation",seed44,False,"curated molecules without 9 scaffold families (260 molecules, 93 top-decile actives)",ok,-8.579,25.0,5.0,6.17532,pass
C=C(C)c1ccc2c(c1)c(CNC(=O)N1CCC(N)CC1)cn2C,S,S:multi_scrambled,generated,corrected,,"arm multi_scrambled, seed 44, final generation",seed44,False,"curated molecules without 9 scaffold families (260 molecules, 93 top-decile actives)",ok,-8.661,24.0,4.0,6.16828,pass
CC1CCN(NCc2cn(C)c3ccc(C4CC4)cc23)CC1,S,S:multi_scrambled,generated,corrected,,"arm multi_scrambled, seed 44, final generation",seed44,False,"curated molecules without 9 scaffold families (260 molecules, 93 top-decile actives)",ok,-8.742,22.0,4.0,6.06928,pass
CN1CCC(Cc2cn(C)c3ccc(C(N)=O)cc23)CC1,S,S:multi_scrambled,generated,corrected,,"arm multi_scrambled, seed 44, final generation",seed44,False,"curated molecules without 9 scaffold families (260 molecules, 93 top-decile actives)",ok,-8.456,21.0,3.0,5.76962,pass
CC1CCN(c2ccc3c(c2)c(C(=O)O)cn3C)CC1,S,S:multi_scrambled,generated,corrected,,"arm multi_scrambled, seed 44, final generation",seed44,False,"curated molecules without 9 scaffold families (260 molecules, 93 top-decile actives)",ok,-7.95,20.0,2.0,5.59016,pass
CC1CCN(c2cn(C)c3ccc(C(=O)O)cc23)CC1,S,S:multi_scrambled,generated,corrected,,"arm multi_scrambled, seed 44, final generation",seed44,False,"curated molecules without 9 scaffold families (260 molecules, 93 top-decile actives)",ok,-7.505,20.0,2.0,5.6748,pass
CC1CCN(c2cn(C)c3ccc(C4CNC4)cc23)CC1,S,S:multi_scrambled,generated,corrected,,"arm multi_scrambled, seed 44, final generation",seed44,False,"curated molecules without 9 scaffold families (260 molecules, 93 top-decile actives)",ok,-8.01,21.0,2.0,5.62295,pass
Cn1cc(CC(=O)C2CCNCC2)c2cc(C3CC3)ccc21,S,S:multi_scrambled,generated,corrected,,"arm multi_scrambled, seed 44, final generation",seed44,False,"curated molecules without 9 scaffold families (260 molecules, 93 top-decile actives)",ok,-8.584,22.0,4.0,5.59442,pass
CN1CCC(Cc2cn(C)c3ccc(N4CCCNCC4)cc23)CC1,S,S:multi_scrambled,generated,corrected,,"arm multi_scrambled, seed 44, final generation",seed44,False,"curated molecules without 9 scaffold families (260 molecules, 93 top-decile actives)",ok,-6.175,25.0,3.0,5.70904,pass
Cn1cc(CCC2CCN(C(=O)C(F)F)CC2)c2cc(C(N)=O)ccc21,S,S:multi_scrambled,generated,corrected,,"arm multi_scrambled, seed 44, final generation",seed44,False,"curated molecules without 9 scaffold families (260 molecules, 93 top-decile actives)",ok,-8.529,26.0,5.0,6.08533,pass
CCN(CC)C1CCN(c2ccc(C(N)=O)nc2)CC1,S,S:multi_scrambled,generated,corrected,,"arm multi_scrambled, seed 44, final generation",seed44,False,"curated molecules without 9 scaffold families (260 molecules, 93 top-decile actives)",ok,-7.114,20.0,5.0,5.66561,pass
Cn1cc(CCC(=O)N2CCCCNCC2)c2cc(C3CC3)ccc21,S,S:multi_scrambled,generated,corrected,,"arm multi_scrambled, seed 44, final generation",seed44,False,"curated molecules without 9 scaffold families (260 molecules, 93 top-decile actives)",ok,-6.391,25.0,4.0,5.60198,pass
CN1CCN(Cc2cn(C)c3ccc(C(N)=O)cc23)CC1,S,S:multi_scrambled,generated,corrected,,"arm multi_scrambled, seed 44, final generation",seed44,False,"curated molecules without 9 scaffold families (260 molecules, 93 top-decile actives)",ok,-8.009,21.0,3.0,6.03102,pass
CC1CCN(C(=O)Nc2ccc3c(c2)c(C(=O)O)cn3C)CC1,S,S:multi_scrambled,generated,corrected,,"arm multi_scrambled, seed 44, final generation",seed44,False,"curated molecules without 9 scaffold families (260 molecules, 93 top-decile actives)",ok,-8.255,23.0,2.0,6.13139,pass
C=C(C)c1ccc2c(c1)c(CCC1CCNCC1)cn2C,S,S:multi_scrambled,generated,corrected,,"arm multi_scrambled, seed 44, final generation",seed44,False,"curated molecules without 9 scaffold families (260 molecules, 93 top-decile actives)",ok,-8.093,21.0,4.0,5.70075,pass
CCOc1ccccc1-c1ccc(N2CCCNCC2)cc1,S,S:multi_scrambled,generated,corrected,,"arm multi_scrambled, seed 45, final generation",seed45,False,"curated molecules without 9 scaffold families (260 molecules, 93 top-decile actives)",ok,-6.13,22.0,4.0,5.51623,pass
COc1ncccc1-c1ccc(N2CCCNCC2)cc1,S,S:multi_scrambled,generated,corrected,,"arm multi_scrambled, seed 45, final generation",seed45,False,"curated molecules without 9 scaffold families (260 molecules, 93 top-decile actives)",ok,-4.894,21.0,3.0,5.7006,pass
COc1cc(N2CCCNCC2)cc(-c2ccccn2)c1OC,S,S:multi_scrambled,generated,corrected,,"arm multi_scrambled, seed 45, final generation",seed45,False,"curated molecules without 9 scaffold families (260 molecules, 93 top-decile actives)",ok,-6.007,23.0,4.0,5.54225,pass
CCOc1ccccc1-c1ccc(N2CCCNCC2)cc1Cl,S,S:multi_scrambled,generated,corrected,,"arm multi_scrambled, seed 45, final generation",seed45,False,"curated molecules without 9 scaffold families (260 molecules, 93 top-decile actives)",ok,-5.581,23.0,4.0,5.54588,pass
O=C(O)c1ccc(-c2ccc(N3CCCNCC3)cc2)cc1,S,S:multi_scrambled,generated,corrected,,"arm multi_scrambled, seed 45, final generation",seed45,False,"curated molecules without 9 scaffold families (260 molecules, 93 top-decile actives)",ok,-6.085,22.0,3.0,5.42673,pass
c1cnc(N2CCOCC2)c(-c2ccc(N3CCCNCC3)cc2)c1,S,S:multi_scrambled,generated,corrected,,"arm multi_scrambled, seed 45, final generation",seed45,False,"curated molecules without 9 scaffold families (260 molecules, 93 top-decile actives)",ok,-6.068,25.0,3.0,5.87052,pass
c1ccc(NCc2ccc(N3CCCNCC3)cc2)nc1,S,S:multi_scrambled,generated,corrected,,"arm multi_scrambled, seed 45, final generation",seed45,False,"curated molecules without 9 scaffold families (260 molecules, 93 top-decile actives)",ok,-5.939,21.0,4.0,6.36265,pass
CC1CCN(c2ccc(N3CCCNCC3)cc2Cl)CC1,S,S:multi_scrambled,generated,corrected,,"arm multi_scrambled, seed 45, final generation",seed45,False,"curated molecules without 9 scaffold families (260 molecules, 93 top-decile actives)",ok,-4.968,21.0,2.0,5.67153,pass
COc1ccccc1-c1ccc(N2CCNCC2)cc1,S,S:multi_scrambled,generated,corrected,,"arm multi_scrambled, seed 45, final generation",seed45,False,"curated molecules without 9 scaffold families (260 molecules, 93 top-decile actives)",ok,-7.958,20.0,3.0,5.56509,pass
CCc1ccccc1-c1ccc(N2CCCNCC2)cc1Cl,S,S:multi_scrambled,generated,corrected,,"arm multi_scrambled, seed 45, final generation",seed45,False,"curated molecules without 9 scaffold families (260 molecules, 93 top-decile actives)",ok,-5.953,22.0,3.0,5.77226,pass
COc1cc(-c2ccccn2)c(OC)c(N2CCCNCCC2)c1,S,S:multi_scrambled,generated,corrected,,"arm multi_scrambled, seed 45, final generation",seed45,False,"curated molecules without 9 scaffold families (260 molecules, 93 top-decile actives)",ok,-5.134,24.0,4.0,5.70193,pass
COc1cc(NC(=O)c2ccccn2)cc(C(=O)O)c1OC,S,S:multi_scrambled,generated,corrected,,"arm multi_scrambled, seed 45, final generation",seed45,False,"curated molecules without 9 scaffold families (260 molecules, 93 top-decile actives)",ok,-6.564,22.0,5.0,5.69914,pass
COc1cc(N2CCCNCC2)cc(N2CCOCC2)c1OC,S,S:multi_scrambled,generated,corrected,,"arm multi_scrambled, seed 45, final generation",seed45,False,"curated molecules without 9 scaffold families (260 molecules, 93 top-decile actives)",ok,-5.261,23.0,4.0,5.58763,pass
c1ccc(-c2ccc(CN3CCCNCC3)cc2)nc1,S,S:multi_scrambled,generated,corrected,,"arm multi_scrambled, seed 45, final generation",seed45,False,"curated molecules without 9 scaffold families (260 molecules, 93 top-decile actives)",ok,-5.492,20.0,3.0,5.5922,pass
CCOc1cc(NC(=O)Nc2ccccn2)cc(OC)c1OC,S,S:multi_scrambled,generated,corrected,,"arm multi_scrambled, seed 45, final generation",seed45,False,"curated molecules without 9 scaffold families (260 molecules, 93 top-decile actives)",ok,-6.496,23.0,6.0,5.79381,pass
COc1cc(NC(=O)c2cccs2)cc(C(=O)O)c1OC,S,S:multi_scrambled,generated,corrected,,"arm multi_scrambled, seed 45, final generation",seed45,False,"curated molecules without 9 scaffold families (260 molecules, 93 top-decile actives)",ok,-6.172,21.0,5.0,5.74187,pass
CN1CCN(c2nccc(-c3ccc(N4CCCNCC4)cc3)n2)CC1,S,S:multi_scrambled,generated,corrected,,"arm multi_scrambled, seed 45, final generation",seed45,False,"curated molecules without 9 scaffold families (260 molecules, 93 top-decile actives)",ok,-5.673,26.0,3.0,5.97775,pass
O=C(O)c1ccc(-c2ccc(N3CCCCNCC3)cc2)cc1,S,S:multi_scrambled,generated,corrected,,"arm multi_scrambled, seed 45, final generation",seed45,False,"curated molecules without 9 scaffold families (260 molecules, 93 top-decile actives)",ok,-5.868,23.0,3.0,5.45562,pass
O=C(Nc1ccccn1)c1ccc(N2CCCNCC2)cc1,S,S:multi_scrambled,generated,corrected,,"arm multi_scrambled, seed 45, final generation",seed45,False,"curated molecules without 9 scaffold families (260 molecules, 93 top-decile actives)",ok,-5.856,22.0,3.0,6.45916,pass
Oc1cccnc1Cc1ccc(N2CCCNCC2)cc1,S,S:multi_scrambled,generated,corrected,,"arm multi_scrambled, seed 45, final generation",seed45,False,"curated molecules without 9 scaffold families (260 molecules, 93 top-decile actives)",ok,-6.28,21.0,4.0,5.80344,pass
O=C(Nc1ccccn1)c1ccc(N2CCCNCCC2)cc1,S,S:multi_scrambled,generated,corrected,,"arm multi_scrambled, seed 45, final generation",seed45,False,"curated molecules without 9 scaffold families (260 molecules, 93 top-decile actives)",ok,-5.594,23.0,3.0,6.4612,pass
CN1CCN(c2ccc(N3CCCNCC3)cc2)CC1,S,S:multi_scrambled,generated,corrected,,"arm multi_scrambled, seed 45, final generation",seed45,False,"curated molecules without 9 scaffold families (260 molecules, 93 top-decile actives)",ok,-4.953,20.0,2.0,5.58955,pass
COc1cc(F)ccc1Cc1ccc(N2CCCNCC2)cc1,S,S:multi_scrambled,generated,corrected,,"arm multi_scrambled, seed 46, final generation",seed46,False,"curated molecules without 9 scaffold families (260 molecules, 93 top-decile actives)",ok,-6.408,23.0,4.0,5.59699,pass
COc1ccccc1-c1ccc(CN2CCCNCC2)c(F)c1,S,S:multi_scrambled,generated,corrected,,"arm multi_scrambled, seed 46, final generation",seed46,False,"curated molecules without 9 scaffold families (260 molecules, 93 top-decile actives)",ok,-5.81,23.0,4.0,5.76781,pass
CCc1ccccc1-c1ccc(N2CCCNCC2)cc1,S,S:multi_scrambled,generated,corrected,,"arm multi_scrambled, seed 46, final generation",seed46,False,"curated molecules without 9 scaffold families (260 molecules, 93 top-decile actives)",ok,-6.237,21.0,3.0,5.75768,pass
CCCc1cc(-c2ccc(N3CCCNCC3)cc2)ccn1,S,S:multi_scrambled,generated,corrected,,"arm multi_scrambled, seed 46, final generation",seed46,False,"curated molecules without 9 scaffold families (260 molecules, 93 top-decile actives)",ok,-5.854,22.0,4.0,5.69848,pass
CN1CCN(Cc2ccc(N3CCCNCC3)cc2)CC1,S,S:multi_scrambled,generated,corrected,,"arm multi_scrambled, seed 46, final generation",seed46,False,"curated molecules without 9 scaffold families (260 molecules, 93 top-decile actives)",ok,-5.314,21.0,3.0,5.8194,pass
c1cc(C2CC2)ccc1-c1ccc(N2CCCNCC2)cc1,S,S:multi_scrambled,generated,corrected,,"arm multi_scrambled, seed 46, final generation",seed46,False,"curated molecules without 9 scaffold families (260 molecules, 93 top-decile actives)",ok,-6.049,22.0,3.0,5.58272,pass
COCCc1nnc(N2CCCNCC2)c2cccc(C)c12,S,S:multi_scrambled,generated,corrected,,"arm multi_scrambled, seed 46, final generation",seed46,False,"curated molecules without 9 scaffold families (260 molecules, 93 top-decile actives)",ok,-6.146,22.0,4.0,5.98286,pass
CN1CCCN(c2ccc(CN3CCCNCC3)cc2)CC1,S,S:multi_scrambled,generated,corrected,,"arm multi_scrambled, seed 46, final generation",seed46,False,"curated molecules without 9 scaffold families (260 molecules, 93 top-decile actives)",ok,-4.611,22.0,3.0,5.48123,pass
CCN(C)c1ccc(-c2ccc(N3CCCNCC3)cc2)cc1,S,S:multi_scrambled,generated,corrected,,"arm multi_scrambled, seed 46, final generation",seed46,False,"curated molecules without 9 scaffold families (260 molecules, 93 top-decile actives)",ok,-5.831,23.0,4.0,5.52755,pass
c1ccc(Nc2ccc(N3CCCNCC3)cc2)cc1,S,S:multi_scrambled,generated,corrected,,"arm multi_scrambled, seed 46, final generation",seed46,False,"curated molecules without 9 scaffold families (260 molecules, 93 top-decile actives)",ok,-6.012,20.0,3.0,6.38467,pass
Oc1ccccc1-c1ccc(N2CCCNCC2)cc1,S,S:multi_scrambled,generated,corrected,,"arm multi_scrambled, seed 46, final generation",seed46,False,"curated molecules without 9 scaffold families (260 molecules, 93 top-decile actives)",ok,-5.026,20.0,3.0,5.66013,pass
CN1CCN(c2nc(-c3ccc(N4CCCNCC4)cc3)ncc2F)CC1,S,S:multi_scrambled,generated,corrected,,"arm multi_scrambled, seed 46, final generation",seed46,False,"curated molecules without 9 scaffold families (260 molecules, 93 top-decile actives)",ok,-5.534,27.0,3.0,6.10704,pass
CCc1nnc(N2CCCNCC2)c2cccc(C)c12,S,S:multi_scrambled,generated,corrected,,"arm multi_scrambled, seed 46, final generation",seed46,False,"curated molecules without 9 scaffold families (260 molecules, 93 top-decile actives)",ok,-6.193,20.0,2.0,6.02796,pass
c1cc(CNc2ccc(N3CCCNCC3)cc2)ccn1,S,S:multi_scrambled,generated,corrected,,"arm multi_scrambled, seed 46, final generation",seed46,False,"curated molecules without 9 scaffold families (260 molecules, 93 top-decile actives)",ok,-5.777,21.0,4.0,6.39544,pass
CN1CCN(c2ccccc2Cc2ccc(N3CCCNCC3)cc2)CC1,S,S:multi_scrambled,generated,corrected,,"arm multi_scrambled, seed 46, final generation",seed46,False,"curated molecules without 9 scaffold families (260 molecules, 93 top-decile actives)",ok,-7.046,27.0,4.0,5.58143,pass
OCc1nc(-c2ccc(N3CCCNCC3)cc2)ncc1F,S,S:multi_scrambled,generated,corrected,,"arm multi_scrambled, seed 46, final generation",seed46,False,"curated molecules without 9 scaffold families (260 molecules, 93 top-decile actives)",ok,-5.259,22.0,4.0,6.20389,pass
Cc1cccc2c(N3CCCNCC3)nnc(CCC(C)C)c12,S,S:multi_scrambled,generated,corrected,,"arm multi_scrambled, seed 46, final generation",seed46,False,"curated molecules without 9 scaffold families (260 molecules, 93 top-decile actives)",ok,-6.811,23.0,4.0,5.944,pass
CC(C)c1cc(-c2ccc(CN3CCCNCC3)cc2)ccn1,S,S:multi_scrambled,generated,corrected,,"arm multi_scrambled, seed 46, final generation",seed46,False,"curated molecules without 9 scaffold families (260 molecules, 93 top-decile actives)",ok,-6.234,23.0,4.0,5.68039,pass
COc1ccccc1-c1ccc(CN2CCCNCC2)c(CF)c1,S,S:multi_scrambled,generated,corrected,,"arm multi_scrambled, seed 46, final generation",seed46,False,"curated molecules without 9 scaffold families (260 molecules, 93 top-decile actives)",ok,-6.023,24.0,5.0,5.62265,pass
CN1CCCN(c2ccc(N3CCCNCC3)cc2)CC1,S,S:multi_scrambled,generated,corrected,,"arm multi_scrambled, seed 46, final generation",seed46,False,"curated molecules without 9 scaffold families (260 molecules, 93 top-decile actives)",ok,-4.153,21.0,2.0,5.58205,pass
Fc1cc(N2CCCNCC2)ccc1COC1CCC1,S,S:multi_scrambled,generated,corrected,,"arm multi_scrambled, seed 46, final generation",seed46,False,"curated molecules without 9 scaffold families (260 molecules, 93 top-decile actives)",ok,-5.258,20.0,4.0,6.05738,pass
CCCCc1nnc(N2CCCNCCC2)c2cccc(C)c12,S,S:multi_scrambled,generated,corrected,,"arm multi_scrambled, seed 46, final generation",seed46,False,"curated molecules without 9 scaffold families (260 molecules, 93 top-decile actives)",ok,-6.076,23.0,4.0,5.95118,pass
CC(=Nc1ccc(S(N)(=O)=O)cc1)c1ccc2[nH]c(O)c(Cc3c(O)[nH]c4ccc(-c5cnco5)cc34)c2c1,S,S:activity_only,generated,corrected,,"arm activity_only, seed 42, final generation",seed42,True,"curated molecules without 9 scaffold families (260 molecules, 93 top-decile actives)",ok,-9.581,39.0,9.0,8.48602,pass
CC(=Nc1ccc(S(N)(=O)=O)cc1)N=C(c1ccc([S+](N)[O-])cc1)c1c(O)[nH]c2ccc(-c3cnco3)cc12,S,S:activity_only,generated,corrected,,"arm activity_only, seed 42, final generation",seed42,False,"curated molecules without 9 scaffold families (260 molecules, 93 top-decile actives)",ok,-6.772,39.0,9.0,8.48502,pass
N[S+]([O-])c1ccc(C(=Nc2ccc(S(N)(=O)=O)cc2)c2c(O)[nH]c3ccc(-c4cnco4)cc23)cc1,S,S:activity_only,generated,corrected,,"arm activity_only, seed 42, final generation",seed42,False,"curated molecules without 9 scaffold families (260 molecules, 93 top-decile actives)",ok,-6.865,36.0,9.0,8.47263,pass
CC(C)(N)C(=Nc1ccc(S(N)(=O)=O)cc1)N=C(c1c(O)[nH]c2ccc(-c3cnco3)cc12)S(N)(=O)=O,S,S:activity_only,generated,corrected,,"arm activity_only, seed 42, final generation",seed42,False,"curated molecules without 9 scaffold families (260 molecules, 93 top-decile actives)",ok,-6.268,37.0,9.0,8.44691,pass
CC(=NC=NC(=Nc1ccc(S(N)(=O)=O)cc1)c1cnco1)c1c(O)[nH]c2ccc(-c3cnco3)cc12,S,S:activity_only,generated,corrected,,"arm activity_only, seed 42, final generation",seed42,False,"curated molecules without 9 scaffold families (260 molecules, 93 top-decile actives)",ok,-7.157,37.0,7.0,8.43634,pass
NS(=O)(=O)c1ccc(N=C(Oc2cnco2)Sc2c(O)[nH]c3ccc(-c4cnco4)cc23)cc1,S,S:activity_only,generated,corrected,,"arm activity_only, seed 42, final generation",seed42,False,"curated molecules without 9 scaffold families (260 molecules, 93 top-decile actives)",ok,-7.36,34.0,7.0,8.43157,pass
CCOC(=NC(CC)=Nc1ccc(S(N)(=O)=O)cc1)c1c(O)[nH]c2ccc(-c3cnco3)cc12,S,S:activity_only,generated,corrected,,"arm activity_only, seed 42, final generation",seed42,False,"curated molecules without 9 scaffold families (260 molecules, 93 top-decile actives)",ok,-5.822,34.0,8.0,8.42987,pass
NS(=O)(=O)c1ccc(N=C(Oc2cnco2)c2c(O)[nH]c3ccc(-c4cnco4)cc23)cc1,S,S:activity_only,generated,corrected,,"arm activity_only, seed 42, final generation",seed42,False,"curated molecules without 9 scaffold families (260 molecules, 93 top-decile actives)",ok,-6.61,33.0,7.0,8.42977,pass
CC(=Nc1ccc(S(N)(=O)=O)cc1)c1ccc2[nH]c(SO)c(-c3ccc4[nH]c(O)c(-c5cnco5)c4c3)c2c1,S,S:activity_only,generated,corrected,,"arm activity_only, seed 42, final generation",seed42,False,"curated molecules without 9 scaffold families (260 molecules, 93 top-decile actives)",ok,-7.479,39.0,9.0,8.42781,pass
CC(=Nc1ccc(S(N)(=O)=O)cc1)Oc1c(O)[nH]c2ccc(-c3cnco3)cc12,S,S:activity_only,generated,corrected,,"arm activity_only, seed 42, final generation",seed42,False,"curated molecules without 9 scaffold families (260 molecules, 93 top-decile actives)",ok,-8.066,29.0,6.0,8.41329,pass
CC=NC(=Nc1ccc(-c2ccc(S(N)(=O)=O)cc2)cc1)c1c(O)[nH]c2ccc(-c3cnco3)cc12,S,S:activity_only,generated,corrected,,"arm activity_only, seed 42, final generation",seed42,False,"curated molecules without 9 scaffold families (260 molecules, 93 top-decile actives)",ok,-8.107,36.0,7.0,8.38973,pass
CC(=Nc1ccc(-c2ccc(S(N)(=O)=O)cc2)cc1)c1ccc2[nH]c(O)c(C=Nc3cnco3)c2c1,S,S:activity_only,generated,corrected,,"arm activity_only, seed 42, final generation",seed42,False,"curated molecules without 9 scaffold families (260 molecules, 93 top-decile actives)",ok,-8.328,36.0,8.0,8.38718,pass
C=C(N=C(c1cnco1)C(C)CC)c1ccc2[nH]c(O)c(C=Nc3ccc(S(N)(=O)=O)cc3)c2c1,S,S:activity_only,generated,corrected,,"arm activity_only, seed 42, final generation",seed42,False,"curated molecules without 9 scaffold families (260 molecules, 93 top-decile actives)",ok,-5.955,35.0,10.0,8.38345,pass
CC(=Nc1ccc(S(N)(=O)=O)cc1)c1ccc2[nH]c(O)c(C=Nc3cnco3)c2c1,S,S:activity_only,generated,corrected,,"arm activity_only, seed 42, final generation",seed42,False,"curated molecules without 9 scaffold families (260 molecules, 93 top-decile actives)",ok,-7.603,30.0,7.0,8.37551,pass
CCN=Cc1c(O)[nH]c2ccc(C(=Nc3ccc(S(N)(=O)=O)cc3)Oc3cnco3)cc12,S,S:activity_only,generated,corrected,,"arm activity_only, seed 42, final generation",seed42,False,"curated molecules without 9 scaffold families (260 molecules, 93 top-decile actives)",ok,-7.297,32.0,8.0,8.3744,pass
C=C(N=C(c1cnco1)C(C)C)c1ccc2[nH]c(O)c(C=Nc3ccc(S(N)(=O)=O)cc3)c2c1,S,S:activity_only,generated,corrected,,"arm activity_only, seed 42, final generation",seed42,False,"curated molecules without 9 scaffold families (260 molecules, 93 top-decile actives)",ok,-8.045,34.0,9.0,8.36883,pass
CCC(N=C(C)c1ccc2[nH]c(O)c(C=Nc3ccc(S(N)(=O)=O)cc3)c2c1)c1cnco1,S,S:activity_only,generated,corrected,,"arm activity_only, seed 42, final generation",seed42,False,"curated molecules without 9 scaffold families (260 molecules, 93 top-decile actives)",ok,-6.314,33.0,9.0,8.35969,pass
CC(C)c1c(O)[nH]c2ccc(C(=Nc3ccc(S(N)(=O)=O)cc3)Oc3cnco3)cc12,S,S:activity_only,generated,corrected,,"arm activity_only, seed 42, final generation",seed42,False,"curated molecules without 9 scaffold families (260 molecules, 93 top-decile actives)",ok,-8.011,31.0,7.0,8.35026,pass
CCc1ccc(N=Cc2c(O)[nH]c3ccc(C(C)=NC(C)C(=O)c4ccc(S(N)(=O)=O)cc4)cc23)cc1,S,S:activity_only,generated,corrected,,"arm activity_only, seed 42, final generation",seed42,False,"curated molecules without 9 scaffold families (260 molecules, 93 top-decile actives)",ok,-8.481,37.0,10.0,8.34803,pass
CN1CCN(c2ccc(Nc3ccc(Nc4ncc5c(n4)-c4c(c(C(N)=O)nn4C)CC5)cc3)cc2)CC1,S,S:activity_only,generated,corrected,,"arm activity_only, seed 43, final generation",seed43,False,"curated molecules without 9 scaffold families (260 molecules, 93 top-decile actives)",ok,-9.302,38.0,6.0,8.50841,pass
Cn1nc(C(N)=O)c2c1-c1nc(Nc3ccc(Nc4ccc(Nc5ccccc5)cc4)cc3)ncc1CC2,S,S:activity_only,generated,corrected,,"arm activity_only, seed 43, final generation",seed43,False,"curated molecules without 9 scaffold families (260 molecules, 93 top-decile actives)",ok,-9.792,38.0,7.0,8.44763,pass
Cn1nc(C(N)=O)c2c1-c1nc(Nc3ccc(-c4ccc(Nc5ccccc5)cc4)cc3)ncc1CC2,S,S:activity_only,generated,corrected,,"arm activity_only, seed 43, final generation",seed43,False,"curated molecules without 9 scaffold families (260 molecules, 93 top-decile actives)",ok,-9.016,37.0,6.0,8.44482,pass
Cc1cnc(Nc2ccccc2)nc1-c1c(C)c(Nc2ncc3c(n2)-c2c(c(C(N)=O)nn2C)CC3)nn1C,S,S:activity_only,generated,corrected,,"arm activity_only, seed 43, final generation",seed43,True,"curated molecules without 9 scaffold families (260 molecules, 93 top-decile actives)",ok,-9.705,39.0,6.0,8.43629,pass
CN1CCN(NC(O)c2ccc(Nc3ncc4c(n3)-c3c(c(C(N)=O)nn3C)CC4)cc2)CC1,S,S:activity_only,generated,corrected,,"arm activity_only, seed 43, final generation",seed43,False,"curated molecules without 9 scaffold families (260 molecules, 93 top-decile actives)",ok,-9.342,34.0,7.0,8.43182,pass
Cn1nc(C(N)=O)c2c1-c1nc(Nc3ccc(NNc4ccc(-c5ccccc5)cc4)cc3)ncc1CC2,S,S:activity_only,generated,corrected,,"arm activity_only, seed 43, final generation",seed43,False,"curated molecules without 9 scaffold families (260 molecules, 93 top-decile actives)",ok,-9.936,38.0,7.0,8.43094,pass
Cn1nc(C(N)=O)c2c1-c1nc(Nc3ccc(-c4ccc(-c5ccccc5)cc4)cc3)ncc1CC2,S,S:activity_only,generated,corrected,,"arm activity_only, seed 43, final generation",seed43,False,"curated molecules without 9 scaffold families (260 molecules, 93 top-decile actives)",ok,-9.473,36.0,5.0,8.43094,pass
CN1CCNN(c2ccc(-c3ccc(Nc4ncc5c(n4)-c4c(c(C(N)=O)nn4C)CC5)cc3)cc2)CC1,S,S:activity_only,generated,corrected,,"arm activity_only, seed 43, final generation",seed43,False,"curated molecules without 9 scaffold families (260 molecules, 93 top-decile actives)",ok,-6.812,38.0,5.0,8.41158,pass
CCc1cnc(Nc2ncc3c(n2)-c2c(c(C(N)=O)nn2C)CC3)nc1Nc1ccccc1,S,S:activity_only,generated,corrected,,"arm activity_only, seed 43, final generation",seed43,False,"curated molecules without 9 scaffold families (260 molecules, 93 top-decile actives)",ok,-8.809,33.0,6.0,8.40913,pass
Cn1nc(C(N)=O)c2c1-c1nc(Nc3ccc(NCNc4ccccc4)cc3)ncc1CC2,S,S:activity_only,generated,corrected,,"arm activity_only, seed 43, final generation",seed43,False,"curated molecules without 9 scaffold families (260 molecules, 93 top-decile actives)",ok,-9.268,33.0,7.0,8.40551,pass
CN1CCN(NNSc2cnc(Nc3ncc4c(n3)-c3c(c(C(N)=O)nn3C)CC4)nc2)CC1,S,S:activity_only,generated,corrected,,"arm activity_only, seed 43, final generation",seed43,False,"curated molecules without 9 scaffold families (260 molecules, 93 top-decile actives)",ok,-8.737,34.0,7.0,8.39937,pass
Cn1nc(C(N)=O)c2c1-c1nc(Nc3ccc(SNc4ccccc4)cc3)ncc1CC2,S,S:activity_only,generated,corrected,,"arm activity_only, seed 43, final generation",seed43,False,"curated molecules without 9 scaffold families (260 molecules, 93 top-decile actives)",ok,-8.777,32.0,6.0,8.39559,pass
Cn1nc(C(N)=O)c2c1-c1nc(Nc3ccc(SNNNc4ccc(N)cc4)cc3)ncc1CC2,S,S:activity_only,generated,corrected,,"arm activity_only, seed 43, final generation",seed43,False,"curated molecules without 9 scaffold families (260 molecules, 93 top-decile actives)",ok,-9.372,35.0,9.0,8.39231,pass
Cn1nc(C(N)=O)c2c1-c1nc(Nc3ccc(N)cc3)ncc1CC2,S,S:activity_only,generated,corrected,,"arm activity_only, seed 43, final generation",seed43,False,"curated molecules without 9 scaffold families (260 molecules, 93 top-decile actives)",ok,-8.307,25.0,4.0,8.39055,pass
Cn1nc(C(N)=O)c2c1-c1nc(Nc3ccc(NSc4ccccc4)cc3)ncc1CC2,S,S:activity_only,generated,corrected,,"arm activity_only, seed 43, final generation",seed43,False,"curated molecules without 9 scaffold families (260 molecules, 93 top-decile actives)",ok,-8.811,32.0,6.0,8.3881,pass
CN1CCCCN(c2ncnc3cc(Nc4ncc5c(n4)-c4c(c(C(N)=O)nn4C)CC5)ccc23)CC1,S,S:activity_only,generated,corrected,,"arm activity_only, seed 43, final generation",seed43,False,"curated molecules without 9 scaffold families (260 molecules, 93 top-decile actives)",ok,-6.951,37.0,4.0,8.3826,pass
Cn1nc(C(N)=O)c2c1-c1nc(Nc3ccc(Sc4ccc(NSc5ccccc5)cc4)cc3)ncc1CC2,S,S:activity_only,generated,corrected,,"arm activity_only, seed 43, final generation",seed43,False,"curated molecules without 9 scaffold families (260 molecules, 93 top-decile actives)",ok,-9.684,39.0,8.0,8.38127,pass
CN1CCNN([SH](Cl)C(O)c2ccc(Nc3ncc4c(n3)-c3c(c(C(N)=O)nn3C)CC4)cc2)CC1,S,S:activity_only,generated,corrected,,"arm activity_only, seed 43, final generation",seed43,False,"curated molecules without 9 scaffold families (260 molecules, 93 top-decile actives)",ok,-6.957,36.0,7.0,8.37939,pass
Cn1nc(C(N)=O)c2c1-c1nc(Nc3ccc(Nc4ccc(SC(=O)CN)cc4)cc3)ncc1CC2,S,S:activity_only,generated,corrected,,"arm activity_only, seed 43, final generation",seed43,True,"curated molecules without 9 scaffold families (260 molecules, 93 top-decile actives)",ok,-8.484,36.0,8.0,8.37735,pass
Cn1nc(C(N)=O)c2c1-c1nc(Nc3ccc(-c4ccc(NSc5ccccc5Br)cc4)cc3)ncc1CC2,S,S:activity_only,generated,corrected,,"arm activity_only, seed 43, final generation",seed43,False,"curated molecules without 9 scaffold families (260 molecules, 93 top-decile actives)",ok,-10.016,39.0,7.0,8.37229,pass
Cn1nc(C(N)=O)c2c1-c1nc(Nc3ccc(-c4ccc(-c5ccccc5)cc4)nc3)ncc1CC2,S,S:activity_only,generated,corrected,,"arm activity_only, seed 43, final generation",seed43,False,"curated molecules without 9 scaffold families (260 molecules, 93 top-decile actives)",ok,-8.662,36.0,5.0,8.36644,pass
CC(C)c1ccc(Nc2ncc3c(n2)-c2c(c(C(N)=O)nn2C)CC3)cc1,S,S:activity_only,generated,corrected,,"arm activity_only, seed 43, final generation",seed43,False,"curated molecules without 9 scaffold families (260 molecules, 93 top-decile actives)",ok,-9.077,27.0,4.0,8.36267,pass
COC(=O)CC(=O)CC(=O)c1ccc2[nH]c(O)c(C=Nc3ccc(S(N)(=O)=O)cc3)c2c1,S,S:activity_only,generated,corrected,,"arm activity_only, seed 44, final generation",seed44,False,"curated molecules without 9 scaffold families (260 molecules, 93 top-decile actives)",ok,-7.768,32.0,10.0,8.3899,pass
NS(=O)(=O)c1ccc(-c2ccc3[nH]c(O)c(N=Nc4ccc([N+](=O)[O-])cc4)c3c2)cc1,S,S:activity_only,generated,corrected,,"arm activity_only, seed 44, final generation",seed44,False,"curated molecules without 9 scaffold families (260 molecules, 93 top-decile actives)",ok,-9.283,31.0,7.0,8.3898,pass
COC(=O)c1ccc2[nH]c(O)c(N=Nc3ccc(S(N)(=O)=O)cc3)c2c1,S,S:activity_only,generated,corrected,,"arm activity_only, seed 44, final generation",seed44,False,"curated molecules without 9 scaffold families (260 molecules, 93 top-decile actives)",ok,-6.941,26.0,6.0,8.38895,pass
NS(=O)(=O)c1ccc(NNc2c(O)[nH]c3ccc(-c4ccc([N+](=O)[O-])cc4)cc23)cc1,S,S:activity_only,generated,corrected,,"arm activity_only, seed 44, final generation",seed44,False,"curated molecules without 9 scaffold families (260 molecules, 93 top-decile actives)",ok,-9.33,31.0,8.0,8.38637,pass
NS(=O)(=O)c1ccc(NNNc2c(O)[nH]c3ccc(-c4c(N=O)[nH]c5ccc([N+](=O)[O-])cc45)cc23)cc1,S,S:activity_only,generated,corrected,,"arm activity_only, seed 44, final generation",seed44,False,"curated molecules without 9 scaffold families (260 molecules, 93 top-decile actives)",ok,-8.729,37.0,10.0,8.37961,pass
NS(=O)(=O)c1ccc(NNNNc2c(O)[nH]c3ccc(-c4ccc([N+](=O)[O-])cc4)cc23)cc1,S,S:activity_only,generated,corrected,,"arm activity_only, seed 44, final generation",seed44,False,"curated molecules without 9 scaffold families (260 molecules, 93 top-decile actives)",ok,-9.697,33.0,10.0,8.36867,pass
NS(=O)(=O)c1ccc(N=Nc2c(O)[nH]c3ccc(C(=O)N=CNCSC(=O)c4ccc[nH]4)cc23)cc1,S,S:activity_only,generated,corrected,,"arm activity_only, seed 44, final generation",seed44,False,"curated molecules without 9 scaffold families (260 molecules, 93 top-decile actives)",ok,-7.656,36.0,9.0,8.36778,pass
NS(=O)(=O)c1ccc(N=Nc2c(O)[nH]c3ccc(C(=O)N=CNc4ccc([N+](=O)[O-])cc4)cc23)cc1,S,S:activity_only,generated,corrected,,"arm activity_only, seed 44, final generation",seed44,False,"curated molecules without 9 scaffold families (260 molecules, 93 top-decile actives)",ok,-8.788,36.0,8.0,8.36599,pass
NS(=O)(=O)c1ccc(N=NN=NN=Nc2c(O)[nH]c3ccc(-c4c(O)[nH]c5ccc([N+](=O)[O-])cc45)cc23)cc1,S,S:activity_only,generated,corrected,,"arm activity_only, seed 44, final generation",seed44,False,"curated molecules without 9 scaffold families (260 molecules, 93 top-decile actives)",ok,-8.265,39.0,10.0,8.36585,pass
NS(=O)(=O)c1ccc(N=Nc2c(O)[nH]c3ccc(C(=S)c4ccc([N+](=O)[O-])cc4)cc23)cc1,S,S:activity_only,generated,corrected,,"arm activity_only, seed 44, final generation",seed44,False,"curated molecules without 9 scaffold families (260 molecules, 93 top-decile actives)",ok,-7.504,33.0,8.0,8.36224,pass
COC(=O)c1ccc2[nH]c(O)c(C(=O)c3ccc4[nH]c(O)c(N=Nc5ccc(S(N)(=O)=O)cc5)c4c3)c2c1,S,S:activity_only,generated,corrected,,"arm activity_only, seed 44, final generation",seed44,False,"curated molecules without 9 scaffold families (260 molecules, 93 top-decile actives)",ok,-8.31,38.0,9.0,8.34907,pass
NS(=O)(=O)c1ccc(Nc2ccc(NNc3c(O)[nH]c4ccc([N+](=O)[O-])cc34)cc2)cc1,S,S:activity_only,generated,corrected,,"arm activity_only, seed 44, final generation",seed44,False,"curated molecules without 9 scaffold families (260 molecules, 93 top-decile actives)",ok,-9.737,32.0,9.0,8.3482,pass
NOc1[nH]c2ccc([N+](=O)[O-])cc2c1-c1ccc2[nH]c(O)c(N=Nc3ccc(S(N)(=O)=O)cc3)c2c1,S,S:activity_only,generated,corrected,,"arm activity_only, seed 44, final generation",seed44,False,"curated molecules without 9 scaffold families (260 molecules, 93 top-decile actives)",ok,-7.351,36.0,9.0,8.34766,pass
NS(=O)(=O)c1ccc(-c2c(N=O)[nH]c3ccc(NNSc4c(O)[nH]c5ccc([N+](=O)[O-])cc45)cc23)cc1,S,S:activity_only,generated,corrected,,"arm activity_only, seed 44, final generation",seed44,False,"curated molecules without 9 scaffold families (260 molecules, 93 top-decile actives)",ok,-10.268,37.0,10.0,8.34683,pass
NS(=O)(=O)c1ccc(NNNc2ccc(NNSC(=O)NNc3c(O)[nH]c4ccc([N+](=O)[O-])cc34)cc2)cc1,S,S:activity_only,generated,corrected,,"arm activity_only, seed 44, final generation",seed44,False,"curated molecules without 9 scaffold families (260 molecules, 93 top-decile actives)",ok,-8.363,39.0,13.0,8.34486,pass
COC(=O)CNON=CNC(=O)c1ccc2[nH]c(O)c(N=Nc3ccc(S(N)(=O)=O)cc3)c2c1,S,S:activity_only,generated,corrected,,"arm activity_only, seed 44, final generation",seed44,False,"curated molecules without 9 scaffold families (260 molecules, 93 top-decile actives)",ok,-6.748,34.0,10.0,8.34055,pass
CON=CNC(=O)c1ccc2[nH]c(O)c(C=Nc3ccc(S(N)(=O)=O)cc3)c2c1,S,S:activity_only,generated,corrected,,"arm activity_only, seed 44, final generation",seed44,False,"curated molecules without 9 scaffold families (260 molecules, 93 top-decile actives)",ok,-8.381,29.0,7.0,8.34009,pass
COC(=O)C(=O)c1ccc2[nH]c(O)c(N=NN=Nc3ccc(S(N)(=O)=O)cc3)c2c1,S,S:activity_only,generated,corrected,,"arm activity_only, seed 44, final generation",seed44,False,"curated molecules without 9 scaffold families (260 molecules, 93 top-decile actives)",ok,-8.306,30.0,8.0,8.33923,pass
COc1cccc(N=O)c1CC(=O)c1ccc2[nH]c(O)c(N=Nc3ccc(S(N)(=O)=O)cc3)c2c1,S,S:activity_only,generated,corrected,,"arm activity_only, seed 44, final generation",seed44,False,"curated molecules without 9 scaffold families (260 molecules, 93 top-decile actives)",ok,-8.014,35.0,10.0,8.33655,pass
Nc1ccc(NNc2c(S(N)(=O)=O)ccc3[nH]c(O)c(C=Nc4ccc(S(N)(=O)=O)cc4)c23)cc1,S,S:activity_only,generated,corrected,,"arm activity_only, seed 45, final generation",seed45,True,"curated molecules without 9 scaffold families (260 molecules, 93 top-decile actives)",ok,-7.614,35.0,11.0,8.38391,pass
CNOCc1c(Cc2ccc[nH]2)ccc2[nH]c(O)c(C=Nc3ccc(S(N)(=O)=O)cc3)c12,S,S:activity_only,generated,corrected,,"arm activity_only, seed 45, final generation",seed45,False,"curated molecules without 9 scaffold families (260 molecules, 93 top-decile actives)",ok,-8.047,32.0,10.0,8.33062,pass
CNCc1c(-c2ccc(N)cc2)ccc2[nH]c(O)c(C=Nc3ccc(S(N)(=O)=O)cc3)c12,S,S:activity_only,generated,corrected,,"arm activity_only, seed 45, final generation",seed45,False,"curated molecules without 9 scaffold families (260 molecules, 93 top-decile actives)",ok,-8.175,32.0,9.0,8.31853,pass
CNc1c(C=Nc2ccc(-c3ccc[nH]3)cc2)ccc2[nH]c(O)c(NNNc3ccc(S(N)(=O)=O)cc3)c12,S,S:activity_only,generated,corrected,,"arm activity_only, seed 45, final generation",seed45,False,"curated molecules without 9 scaffold families (260 molecules, 93 top-decile actives)",ok,-7.929,38.0,11.0,8.3172,pass
Nc1ccc2[nH]c(O)c(C=Cc3ccc(NNc4ccc[nH]4)cc3)c2c1C=Nc1ccc(S(N)(=O)=O)cc1,S,S:activity_only,generated,corrected,,"arm activity_only, seed 45, final generation",seed45,False,"curated molecules without 9 scaffold families (260 molecules, 93 top-decile actives)",ok,-7.677,38.0,11.0,8.31431,pass
Nc1ccc2[nH]c(O)c(-c3ccc[nH]3)c2c1C=Nc1ccc(NNc2ccc(S(N)(=O)=O)cc2)cc1,S,S:activity_only,generated,corrected,,"arm activity_only, seed 45, final generation",seed45,False,"curated molecules without 9 scaffold families (260 molecules, 93 top-decile actives)",ok,-8.797,36.0,10.0,8.30922,pass
NS(=O)(=O)c1ccc(N=Cc2c(O)[nH]c3ccc(S(N)(=O)=O)c(NNc4ccc[nH]4)c23)cc1,S,S:activity_only,generated,corrected,,"arm activity_only, seed 45, final generation",seed45,False,"curated molecules without 9 scaffold families (260 molecules, 93 top-decile actives)",ok,-6.569,33.0,10.0,8.30582,pass
CC(Nc1c(O)[nH]c2ccc(O)c(C=Nc3ccc(S(N)(=O)=O)cc3)c12)c1ccc[nH]1,S,S:activity_only,generated,corrected,,"arm activity_only, seed 45, final generation",seed45,False,"curated molecules without 9 scaffold families (260 molecules, 93 top-decile actives)",ok,-7.881,31.0,9.0,8.30417,pass
NS(=O)(=O)c1ccc(N=Cc2c(O)[nH]c3ccc([SH](N)(=O)NO)c(NNc4ccc[nH]4)c23)cc1,S,S:activity_only,generated,corrected,,"arm activity_only, seed 45, final generation",seed45,False,"curated molecules without 9 scaffold families (260 molecules, 93 top-decile actives)",ok,-9.136,34.0,12.0,8.30285,unevaluable
NS(=O)(=O)c1ccc(N=Cc2ccc3[nH]c(O)c(C=Nc4ccc(S(N)(=O)=O)cc4)c3c2-c2ccc[nH]2)cc1,S,S:activity_only,generated,corrected,,"arm activity_only, seed 45, final generation",seed45,False,"curated molecules without 9 scaffold families (260 molecules, 93 top-decile actives)",ok,-7.705,39.0,10.0,8.29348,pass
CC(=CCCN=Cc1c(O)[nH]c2ccc(-c3ccc[nH]3)c(NNc3ccc(S(N)(=O)=O)cc3)c12)S(N)(=O)=O,S,S:activity_only,generated,corrected,,"arm activity_only, seed 45, final generation",seed45,False,"curated molecules without 9 scaffold families (260 molecules, 93 top-decile actives)",ok,-8.334,38.0,13.0,8.2864,pass
CSCCc1c(Cc2ccc[nH]2)ccc2[nH]c(O)c(C=NC=Nc3ccc(S(N)(=O)=O)cc3)c12,S,S:activity_only,generated,corrected,,"arm activity_only, seed 45, final generation",seed45,False,"curated molecules without 9 scaffold families (260 molecules, 93 top-decile actives)",ok,-7.32,34.0,10.0,8.28486,pass
Nc1ccc2[nH]c(O)c(NCc3ccc[nH]3)c2c1N=NNNc1ccc(S(N)(=O)=O)cc1,S,S:activity_only,generated,corrected,,"arm activity_only, seed 45, final generation",seed45,False,"curated molecules without 9 scaffold families (260 molecules, 93 top-decile actives)",ok,-7.73,32.0,11.0,8.27891,pass
Nc1ccc2[nH]c(O)c(C=CC=Nc3ccc(S(N)(=O)=O)cc3)c2c1NNc1ccc[nH]1,S,S:activity_only,generated,corrected,,"arm activity_only, seed 45, final generation",seed45,False,"curated molecules without 9 scaffold families (260 molecules, 93 top-decile actives)",ok,-8.675,32.0,10.0,8.27332,pass
CNc1ccc(N=Cc2c(N)ccc3[nH]c(O)c(NCc4ccc(S(N)(=O)=O)cc4)c23)cc1,S,S:activity_only,generated,corrected,,"arm activity_only, seed 45, final generation",seed45,False,"curated molecules without 9 scaffold families (260 molecules, 93 top-decile actives)",ok,-7.723,33.0,10.0,8.27268,pass
CNc1ccc(N=Cc2ccc3[nH]c(O)c(N=CC=Nc4ccc(S(N)(=O)=O)cc4)c3c2NC)cc1,S,S:activity_only,generated,corrected,,"arm activity_only, seed 45, final generation",seed45,False,"curated molecules without 9 scaffold families (260 molecules, 93 top-decile actives)",ok,-7.579,36.0,10.0,8.27065,pass
NS(=O)(=O)c1ccc(N=Cc2c(O)[nH]c3ccc(SF)c(CNc4ccc[nH]4)c23)cc1,S,S:activity_only,generated,corrected,,"arm activity_only, seed 45, final generation",seed45,False,"curated molecules without 9 scaffold families (260 molecules, 93 top-decile actives)",ok,-7.967,31.0,9.0,8.25434,pass
Nc1ccc2[nH]c(O)c(NCc3ccc[nH]3)c2c1NNc1ccc(S(N)(=O)=O)cc1,S,S:activity_only,generated,corrected,,"arm activity_only, seed 45, final generation",seed45,False,"curated molecules without 9 scaffold families (260 molecules, 93 top-decile actives)",ok,-8.118,30.0,10.0,8.2516,pass
CC(C=CCc1ccc[nH]1)=Nc1c(O)[nH]c2ccc(-c3ccc[nH]3)c(C=Nc3ccc(S(N)(=O)=O)cc3)c12,S,S:activity_only,generated,corrected,,"arm activity_only, seed 45, final generation",seed45,False,"curated molecules without 9 scaffold families (260 molecules, 93 top-decile actives)",ok,-6.323,38.0,10.0,8.24704,pass
Nc1ccc2[nH]c(O)c(C=CC=Nc3ccc(-c4[nH]ccc4S)cc3)c2c1NNc1ccc(S(N)(=O)=O)cc1,S,S:activity_only,generated,corrected,,"arm activity_only, seed 45, final generation",seed45,False,"curated molecules without 9 scaffold families (260 molecules, 93 top-decile actives)",ok,-8.533,39.0,12.0,8.24703,pass
CNc1c(C=Nc2ccc(S(N)(=O)=O)cc2)ccc2[nH]c(O)c(N=CC=Nc3ccc(S(N)(=O)=O)cc3)c12,S,S:activity_only,generated,corrected,,"arm activity_only, seed 45, final generation",seed45,False,"curated molecules without 9 scaffold families (260 molecules, 93 top-decile actives)",ok,-7.467,38.0,11.0,8.24528,pass
NS(=O)(=O)c1ccc(N=Nc2ccc(N=Nc3c(=O)[nH]c4ccc5[nH]cccc5c34)cc2)cc1,S,S:activity_only,generated,corrected,,"arm activity_only, seed 46, final generation",seed46,False,"curated molecules without 9 scaffold families (260 molecules, 93 top-decile actives)",ok,-7.492,34.0,6.0,8.60821,pass
NS(=O)(=O)c1ccc(N=NN=Nc2c(=O)[nH]c3ccc4[nH]cccc4c23)cc1,S,S:activity_only,generated,corrected,,"arm activity_only, seed 46, final generation",seed46,False,"curated molecules without 9 scaffold families (260 molecules, 93 top-decile actives)",ok,-8.691,28.0,5.0,8.56624,pass
NS(=O)(=O)c1ccc(N=NN=NN=NN=Nc2c(=O)[nH]c3ccc4[nH]cccc4c23)cc1,S,S:activity_only,generated,corrected,,"arm activity_only, seed 46, final generation",seed46,False,"curated molecules without 9 scaffold families (260 molecules, 93 top-decile actives)",ok,-9.063,32.0,7.0,8.56333,pass
NS(=O)(=O)c1ccc(N=Nc2ccc(SC(=O)N=Cc3c(=O)[nH]c4ccc5[nH]cccc5c34)cc2)cc1,S,S:activity_only,generated,corrected,,"arm activity_only, seed 46, final generation",seed46,False,"curated molecules without 9 scaffold families (260 molecules, 93 top-decile actives)",ok,-7.921,37.0,6.0,8.5243,pass
NS(=O)(=O)c1ccc(N=NSN=Cc2c(=O)[nH]c3ccc4[nH]cccc4c23)cc1,S,S:activity_only,generated,corrected,,"arm activity_only, seed 46, final generation",seed46,False,"curated molecules without 9 scaffold families (260 molecules, 93 top-decile actives)",ok,-8.565,29.0,6.0,8.52326,pass
NS(=O)(=O)c1ccc(N=S=Nc2ccc(N=Cc3c(=O)[nH]c4ccc5[nH]cccc5c34)cc2)cc1,S,S:activity_only,generated,corrected,,"arm activity_only, seed 46, final generation",seed46,False,"curated molecules without 9 scaffold families (260 molecules, 93 top-decile actives)",ok,-8.891,35.0,6.0,8.51967,pass
CC(N=Nc1ccc(N=NN=Nc2ccc(S(N)(=O)=O)cc2)cc1)=Nc1c(=O)[nH]c2ccc3[nH]cccc3c12,S,S:activity_only,generated,corrected,,"arm activity_only, seed 46, final generation",seed46,False,"curated molecules without 9 scaffold families (260 molecules, 93 top-decile actives)",ok,-8.097,39.0,7.0,8.51911,pass
NS(=O)(=O)c1ccc(N=Nc2ccc(Sc3c(=O)[nH]c4ccc5[nH]cccc5c34)cc2)cc1,S,S:activity_only,generated,corrected,,"arm activity_only, seed 46, final generation",seed46,False,"curated molecules without 9 scaffold families (260 molecules, 93 top-decile actives)",ok,-7.614,33.0,6.0,8.50478,pass
NS(=O)(=O)c1ccc(N=Nc2ccc(SC(=O)c3c(=O)[nH]c4ccc5[nH]cccc5c34)cc2)cc1,S,S:activity_only,generated,corrected,,"arm activity_only, seed 46, final generation",seed46,False,"curated molecules without 9 scaffold families (260 molecules, 93 top-decile actives)",ok,-8.617,35.0,6.0,8.5045,pass
Nc1ccc(N=Cc2c(=O)[nH]c3ccc4[nH]cccc4c23)cc1N=Nc1ccc(S(N)(=O)=O)cc1,S,S:activity_only,generated,corrected,,"arm activity_only, seed 46, final generation",seed46,True,"curated molecules without 9 scaffold families (260 molecules, 93 top-decile actives)",ok,-8.167,35.0,7.0,8.49791,pass
NS(=O)(=O)c1ccc(N=Nc2ccc(N=NC(O)c3c(=O)[nH]c4ccc5[nH]cccc5c34)cc2)cc1,S,S:activity_only,generated,corrected,,"arm activity_only, seed 46, final generation",seed46,False,"curated molecules without 9 scaffold families (260 molecules, 93 top-decile actives)",ok,-8.437,36.0,8.0,8.49735,pass
NS(=O)(=O)c1ccc(N=NSC(=O)N=Nc2c(=O)[nH]c3ccc4[nH]cccc4c23)cc1,S,S:activity_only,generated,corrected,,"arm activity_only, seed 46, final generation",seed46,False,"curated molecules without 9 scaffold families (260 molecules, 93 top-decile actives)",ok,-8.646,31.0,5.0,8.49492,pass
Nc1ccc(N=Cc2c(=O)[nH]c3ccc4[nH]cccc4c23)cc1SC=NN=Nc1ccc(S(N)(=O)=O)cc1,S,S:activity_only,generated,corrected,,"arm activity_only, seed 46, final generation",seed46,False,"curated molecules without 9 scaffold families (260 molecules, 93 top-decile actives)",ok,-8.225,38.0,8.0,8.49114,pass
NS(=O)(=O)c1ccc(N=Nc2c(O)[nH]c3ccc(N=Cc4c(=O)[nH]c5ccc6[nH]cccc6c45)cc23)cc1,S,S:activity_only,generated,corrected,,"arm activity_only, seed 46, final generation",seed46,False,"curated molecules without 9 scaffold families (260 molecules, 93 top-decile actives)",ok,-8.983,38.0,7.0,8.48245,pass
NS(=O)(=O)c1ccc(N=NN=NN=NC(O)c2c(=O)[nH]c3ccc4[nH]cccc4c23)cc1,S,S:activity_only,generated,corrected,,"arm activity_only, seed 46, final generation",seed46,False,"curated molecules without 9 scaffold families (260 molecules, 93 top-decile actives)",ok,-8.797,32.0,8.0,8.47806,pass
Nc1ccc(N=NC(=O)c2c(=O)[nH]c3ccc4[nH]cccc4c23)cc1N=Nc1ccc(S(N)(=O)=O)cc1,S,S:activity_only,generated,corrected,,"arm activity_only, seed 46, final generation",seed46,False,"curated molecules without 9 scaffold families (260 molecules, 93 top-decile actives)",ok,-9.213,37.0,7.0,8.47015,pass
NS(=O)(=O)c1ccc(N=NSC(=O)c2c(=O)[nH]c3ccc4[nH]cccc4c23)cc1,S,S:activity_only,generated,corrected,,"arm activity_only, seed 46, final generation",seed46,False,"curated molecules without 9 scaffold families (260 molecules, 93 top-decile actives)",ok,-8.388,29.0,5.0,8.46897,pass
NS(=O)(=O)c1ccc(N=NC(=O)Sc2c(=O)[nH]c3ccc4[nH]cccc4c23)cc1,S,S:activity_only,generated,corrected,,"arm activity_only, seed 46, final generation",seed46,False,"curated molecules without 9 scaffold families (260 molecules, 93 top-decile actives)",ok,-8.157,29.0,4.0,8.46884,pass
NS(=O)(=O)c1ccc(N=CN=CN=Nc2ccc(Sc3c(=O)[nH]c4ccc5[nH]cccc5c34)cc2)cc1,S,S:activity_only,generated,corrected,,"arm activity_only, seed 46, final generation",seed46,True,"curated molecules without 9 scaffold families (260 molecules, 93 top-decile actives)",ok,-8.585,37.0,6.0,8.46259,pass
O=C(Nc1cccc(Cl)c1)c1ccc(N2CCOCC2)cc1,S,S:druglike_only,generated,corrected,,"arm druglike_only, seed 42, final generation",seed42,False,"curated molecules without 9 scaffold families (260 molecules, 93 top-decile actives)",ok,-7.737,22.0,3.0,6.54681,pass
O=C(NCc1ccc(N2CCOCC2)cc1)c1ccc(F)cc1,S,S:druglike_only,generated,corrected,,"arm druglike_only, seed 42, final generation",seed42,False,"curated molecules without 9 scaffold families (260 molecules, 93 top-decile actives)",ok,-7.978,23.0,4.0,6.58843,pass
COc1ccc(-c2ccc(NC(=O)N(C)C)cc2)cc1,S,S:druglike_only,generated,corrected,,"arm druglike_only, seed 42, final generation",seed42,False,"curated molecules without 9 scaffold families (260 molecules, 93 top-decile actives)",ok,-8.2,20.0,3.0,6.0007,pass
CCN(C)C(=O)c1ccc(C(=O)Nc2cccc(Cl)c2)cc1,S,S:druglike_only,generated,corrected,,"arm druglike_only, seed 42, final generation",seed42,False,"curated molecules without 9 scaffold families (260 molecules, 93 top-decile actives)",ok,-7.311,22.0,4.0,6.00813,pass
CN(C)C(=O)c1ccc(-c2ccc(S(N)(=O)=O)cc2)cc1,S,S:druglike_only,generated,corrected,,"arm druglike_only, seed 42, final generation",seed42,False,"curated molecules without 9 scaffold families (260 molecules, 93 top-decile actives)",ok,-7.163,21.0,4.0,7.00286,pass
Cc1ccc(F)c(C(=O)Nc2ccc(N3CCOCC3)cc2)c1,S,S:druglike_only,generated,corrected,,"arm druglike_only, seed 42, final generation",seed42,False,"curated molecules without 9 scaffold families (260 molecules, 93 top-decile actives)",ok,-7.767,23.0,3.0,6.76612,pass
CN1CCN(c2ccc(Nc3ccc(F)cc3)cc2)CC1,S,S:druglike_only,generated,corrected,,"arm druglike_only, seed 42, final generation",seed42,False,"curated molecules without 9 scaffold families (260 molecules, 93 top-decile actives)",ok,-7.722,21.0,3.0,6.5876,pass
Cc1ccc(F)c(C(=O)Nc2ccc(N3CCN(C)CC3)cc2)c1,S,S:druglike_only,generated,corrected,,"arm druglike_only, seed 42, final generation",seed42,False,"curated molecules without 9 scaffold families (260 molecules, 93 top-decile actives)",ok,-7.96,24.0,3.0,6.72686,pass
CN1CCC(c2ccc(NC(=O)c3ccc(F)cc3)cc2)CC1,S,S:druglike_only,generated,corrected,,"arm druglike_only, seed 42, final generation",seed42,False,"curated molecules without 9 scaffold families (260 molecules, 93 top-decile actives)",ok,-8.281,23.0,3.0,6.41487,pass
NS(=O)(=O)c1ccc(-c2ccc(N3CCOCC3)cc2)cc1,S,S:druglike_only,generated,corrected,,"arm druglike_only, seed 42, final generation",seed42,False,"curated molecules without 9 scaffold families (260 molecules, 93 top-decile actives)",ok,-7.602,22.0,4.0,6.95607,pass
O=C(NN1CCOCC1)c1ccc(-c2ccc(F)cc2)cc1,S,S:druglike_only,generated,corrected,,"arm druglike_only, seed 42, final generation",seed42,False,"curated molecules without 9 scaffold families (260 molecules, 93 top-decile actives)",ok,-8.181,22.0,3.0,6.69709,pass
O=C(NCc1ccc(F)c(F)c1)c1ccc(N2CCOCC2)cc1,S,S:druglike_only,generated,corrected,,"arm druglike_only, seed 42, final generation",seed42,False,"curated molecules without 9 scaffold families (260 molecules, 93 top-decile actives)",ok,-8.018,24.0,4.0,6.59863,pass
O=C(Cc1ccc(F)cc1)NCc1ccc(F)c(F)c1,S,S:druglike_only,generated,corrected,,"arm druglike_only, seed 42, final generation",seed42,False,"curated molecules without 9 scaffold families (260 molecules, 93 top-decile actives)",ok,-7.825,20.0,4.0,6.44341,pass
CN1CCC(NC(=O)c2ccc(-c3cccc(Cl)c3)cc2)CC1,S,S:druglike_only,generated,corrected,,"arm druglike_only, seed 42, final generation",seed42,False,"curated molecules without 9 scaffold families (260 molecules, 93 top-decile actives)",ok,-7.698,23.0,3.0,6.21685,pass
CN1CCN(c2ccc(NCc3cccc(Cl)c3)cc2)CC1,S,S:druglike_only,generated,corrected,,"arm druglike_only, seed 42, final generation",seed42,False,"curated molecules without 9 scaffold families (260 molecules, 93 top-decile actives)",ok,-8.081,22.0,4.0,6.221,pass
CN1CCC(c2ccc(-c3ccc(S(N)(=O)=O)cc3)cc2)CC1,S,S:druglike_only,generated,corrected,,"arm druglike_only, seed 42, final generation",seed42,False,"curated molecules without 9 scaffold families (260 molecules, 93 top-decile actives)",ok,-7.988,23.0,4.0,7.16516,pass
CN1CCN(c2ccc(NC(=O)Cc3cccc(Cl)c3)cc2)CC1,S,S:druglike_only,generated,corrected,,"arm druglike_only, seed 42, final generation",seed42,False,"curated molecules without 9 scaffold families (260 molecules, 93 top-decile actives)",ok,-7.618,24.0,4.0,6.49078,pass
O=C(Nc1ccc(N2CCOCC2)cc1)C1CCCC1,S,S:druglike_only,generated,corrected,,"arm druglike_only, seed 42, final generation",seed42,False,"curated molecules without 9 scaffold families (260 molecules, 93 top-decile actives)",ok,-6.878,20.0,3.0,6.67384,pass
NS(=O)(=O)c1ccc(Cc2ccc(C(F)F)cc2)cc1,S,S:druglike_only,generated,corrected,,"arm druglike_only, seed 42, final generation",seed42,False,"curated molecules without 9 scaffold families (260 molecules, 93 top-decile actives)",ok,-8.317,20.0,5.0,7.15345,pass
CN1CCN(C(=O)c2ccc(Nc3ccc(N(C)C)cc3)cc2)CC1,S,S:druglike_only,generated,corrected,,"arm druglike_only, seed 42, final generation",seed42,False,"curated molecules without 9 scaffold families (260 molecules, 93 top-decile actives)",ok,-7.933,25.0,4.0,6.17795,pass
CN1CCN(c2ccc(C(=O)Nc3cncc(Cl)c3)cc2)CC1,S,S:druglike_only,generated,corrected,,"arm druglike_only, seed 42, final generation",seed42,False,"curated molecules without 9 scaffold families (260 molecules, 93 top-decile actives)",ok,-7.362,23.0,3.0,6.49843,pass
O=C(Nc1ccc(CN2CCOCC2)cc1)c1ccccc1,S,S:druglike_only,generated,corrected,,"arm druglike_only, seed 43, final generation",seed43,False,"curated molecules without 9 scaffold families (260 molecules, 93 top-decile actives)",ok,-7.448,22.0,4.0,6.19153,pass
O=C(Cc1cccc(F)c1)NC(=O)c1ccc(Cl)cc1,S,S:druglike_only,generated,corrected,,"arm druglike_only, seed 43, final generation",seed43,False,"curated molecules without 9 scaffold families (260 molecules, 93 top-decile actives)",ok,-7.933,20.0,3.0,6.3052,pass
O=C(Nc1ccc(CN2CCCCC2)cc1)c1ccccc1,S,S:druglike_only,generated,corrected,,"arm druglike_only, seed 43, final generation",seed43,False,"curated molecules without 9 scaffold families (260 molecules, 93 top-decile actives)",ok,-7.719,22.0,4.0,5.97045,pass
O=C(Nc1ccc(N2CCOCC2)cc1)c1ccccc1F,S,S:druglike_only,generated,corrected,,"arm druglike_only, seed 43, final generation",seed43,False,"curated molecules without 9 scaffold families (260 molecules, 93 top-decile actives)",ok,-7.464,22.0,3.0,6.57438,pass
O=C(Nc1ccc(N2CCCCC2)cc1)c1ccc(F)cc1,S,S:druglike_only,generated,corrected,,"arm druglike_only, seed 43, final generation",seed43,False,"curated molecules without 9 scaffold families (260 molecules, 93 top-decile actives)",ok,-7.792,22.0,3.0,6.50961,pass
O=C(Cc1cccc(F)c1)Nc1ccc(N2CCOCC2)cc1,S,S:druglike_only,generated,corrected,,"arm druglike_only, seed 43, final generation",seed43,False,"curated molecules without 9 scaffold families (260 molecules, 93 top-decile actives)",ok,-7.731,23.0,4.0,6.66412,pass
O=C(CCc1ccc(Cl)cc1)NC(=O)c1ccncc1,S,S:druglike_only,generated,corrected,,"arm druglike_only, seed 43, final generation",seed43,False,"curated molecules without 9 scaffold families (260 molecules, 93 top-decile actives)",ok,-7.79,20.0,4.0,6.02321,pass
O=C(Cc1ccc(Cl)cc1)Nc1ccc(N2CCOCC2)cc1,S,S:druglike_only,generated,corrected,,"arm druglike_only, seed 43, final generation",seed43,False,"curated molecules without 9 scaffold families (260 molecules, 93 top-decile actives)",ok,-7.626,23.0,4.0,6.62639,pass
CC(C)NC(=O)c1ccc(OCc2ccccc2)cc1,S,S:druglike_only,generated,corrected,,"arm druglike_only, seed 43, final generation",seed43,False,"curated molecules without 9 scaffold families (260 molecules, 93 top-decile actives)",ok,-7.595,20.0,5.0,5.48996,pass
c1ccc(Nc2ccc(CN3CCOCC3)cc2)cc1,S,S:druglike_only,generated,corrected,,"arm druglike_only, seed 43, final generation",seed43,False,"curated molecules without 9 scaffold families (260 molecules, 93 top-decile actives)",ok,-7.435,20.0,4.0,6.11039,pass
O=C(NN1CCN(C(=O)c2ccccc2)CC1)c1ccccc1,S,S:druglike_only,generated,corrected,,"arm druglike_only, seed 43, final generation",seed43,False,"curated molecules without 9 scaffold families (260 molecules, 93 top-decile actives)",ok,-7.85,23.0,3.0,6.43814,pass
CN1CCN(c2ccc(NC(=O)c3ccccc3)nc2)CC1,S,S:druglike_only,generated,corrected,,"arm druglike_only, seed 43, final generation",seed43,False,"curated molecules without 9 scaffold families (260 molecules, 93 top-decile actives)",ok,-7.24,22.0,3.0,6.28377,pass
Cc1ccc(C(=O)N2CCN(Nc3ccccc3)CC2)cc1,S,S:druglike_only,generated,corrected,,"arm druglike_only, seed 43, final generation",seed43,False,"curated molecules without 9 scaffold families (260 molecules, 93 top-decile actives)",ok,-7.706,22.0,3.0,6.10676,pass
O=C(c1ccccc1)N1CCN(Nc2ccccc2)CC1,S,S:druglike_only,generated,corrected,,"arm druglike_only, seed 43, final generation",seed43,False,"curated molecules without 9 scaffold families (260 molecules, 93 top-decile actives)",ok,-6.779,21.0,3.0,6.04581,pass
O=C(Cc1cccc(F)c1)Nc1ccc(N2CCCCC2)cc1,S,S:druglike_only,generated,corrected,,"arm druglike_only, seed 43, final generation",seed43,False,"curated molecules without 9 scaffold families (260 molecules, 93 top-decile actives)",ok,-7.719,23.0,4.0,6.5838,pass
O=C(NC(=O)c1ccc(F)cc1)Oc1ccc(Cl)cc1,S,S:druglike_only,generated,corrected,,"arm druglike_only, seed 43, final generation",seed43,False,"curated molecules without 9 scaffold families (260 molecules, 93 top-decile actives)",ok,-7.655,20.0,2.0,5.99281,pass
O=C(c1ccccc1)N1CCN(Nc2ccc(Cl)cc2)CC1,S,S:druglike_only,generated,corrected,,"arm druglike_only, seed 43, final generation",seed43,False,"curated molecules without 9 scaffold families (260 molecules, 93 top-decile actives)",ok,-7.104,22.0,3.0,6.1509,pass
O=C(Nc1cc(CN2CCCCC2)ccn1)c1ccc(F)cc1,S,S:druglike_only,generated,corrected,,"arm druglike_only, seed 43, final generation",seed43,False,"curated molecules without 9 scaffold families (260 molecules, 93 top-decile actives)",ok,-8.166,23.0,4.0,6.29508,pass
CC(C)NC(=O)c1ccc(OCc2cccc(F)c2)cc1,S,S:druglike_only,generated,corrected,,"arm druglike_only, seed 43, final generation",seed43,False,"curated molecules without 9 scaffold families (260 molecules, 93 top-decile actives)",ok,-7.81,21.0,5.0,5.89457,pass
CN1CCN(c2ccnc(NC(=O)c3ccccc3)c2)CC1,S,S:druglike_only,generated,corrected,,"arm druglike_only, seed 43, final generation",seed43,False,"curated molecules without 9 scaffold families (260 molecules, 93 top-decile actives)",ok,-7.511,22.0,3.0,6.37968,pass
O=C(Nc1ccc(CN2CCCCC2)cn1)c1ccccc1F,S,S:druglike_only,generated,corrected,,"arm druglike_only, seed 43, final generation",seed43,False,"curated molecules without 9 scaffold families (260 molecules, 93 top-decile actives)",ok,-7.545,23.0,4.0,6.30653,pass
CCC(=O)Nc1ccc(NC(=O)c2ccccc2F)cc1,S,S:druglike_only,generated,corrected,,"arm druglike_only, seed 43, final generation",seed43,False,"curated molecules without 9 scaffold families (260 molecules, 93 top-decile actives)",ok,-7.324,21.0,4.0,6.2615,pass
O=C(c1ccccc1F)N1CCN(Nc2ccccc2)CC1,S,S:druglike_only,generated,corrected,,"arm druglike_only, seed 43, final generation",seed43,False,"curated molecules without 9 scaffold families (260 molecules, 93 top-decile actives)",ok,-7.934,22.0,3.0,6.33834,pass
CNC(=O)c1ccc(-c2ccc(S(C)(=O)=O)cc2)cc1,S,S:druglike_only,generated,corrected,,"arm druglike_only, seed 44, final generation",seed44,False,"curated molecules without 9 scaffold families (260 molecules, 93 top-decile actives)",ok,-7.37,20.0,3.0,6.36418,pass
CC(=O)Nc1ccc(Cc2ccc(S(C)(=O)=O)cc2)cc1,S,S:druglike_only,generated,corrected,,"arm druglike_only, seed 44, final generation",seed44,False,"curated molecules without 9 scaffold families (260 molecules, 93 top-decile actives)",ok,-7.853,21.0,4.0,6.4386,pass
CNC(=O)c1ccc(-c2ccc(C(=O)N(C)C)cc2)cc1,S,S:druglike_only,generated,corrected,,"arm druglike_only, seed 44, final generation",seed44,False,"curated molecules without 9 scaffold families (260 molecules, 93 top-decile actives)",ok,-7.163,21.0,3.0,5.8622,pass
CCN(C(=O)c1ccccc1)c1ccc(NC(C)=O)cc1,S,S:druglike_only,generated,corrected,,"arm druglike_only, seed 44, final generation",seed44,False,"curated molecules without 9 scaffold families (260 molecules, 93 top-decile actives)",ok,-7.68,21.0,4.0,5.93693,pass
CNC(=O)c1ccccc1-c1ccc(N2CCN(C)CC2)cc1,S,S:druglike_only,generated,corrected,,"arm druglike_only, seed 44, final generation",seed44,False,"curated molecules without 9 scaffold families (260 molecules, 93 top-decile actives)",ok,-7.749,23.0,3.0,6.30014,pass
CS(=O)(=O)Nc1ccc(-c2ccc(S(C)(=O)=O)cc2)cc1,S,S:druglike_only,generated,corrected,,"arm druglike_only, seed 44, final generation",seed44,False,"curated molecules without 9 scaffold families (260 molecules, 93 top-decile actives)",ok,-7.177,21.0,4.0,6.38678,pass
CN(C)c1ccccc1C(=O)NC(=O)Cc1ccccc1,S,S:druglike_only,generated,corrected,,"arm druglike_only, seed 44, final generation",seed44,False,"curated molecules without 9 scaffold families (260 molecules, 93 top-decile actives)",ok,-7.668,21.0,4.0,5.90808,pass
CNC(=O)c1ccccc1N(C)C(=O)c1ccc(C)cc1,S,S:druglike_only,generated,corrected,,"arm druglike_only, seed 44, final generation",seed44,False,"curated molecules without 9 scaffold families (260 molecules, 93 top-decile actives)",ok,-7.535,21.0,3.0,5.8018,pass
CNC(=O)c1ccc(-c2ccc(N3CCCCCC3)cc2)cc1,S,S:druglike_only,generated,corrected,,"arm druglike_only, seed 44, final generation",seed44,False,"curated molecules without 9 scaffold families (260 molecules, 93 top-decile actives)",ok,-5.949,23.0,3.0,6.25202,pass
CC(=O)Cc1ccccc1-c1ccc(NC(C)=O)cc1,S,S:druglike_only,generated,corrected,,"arm druglike_only, seed 44, final generation",seed44,False,"curated molecules without 9 scaffold families (260 molecules, 93 top-decile actives)",ok,-8.494,20.0,4.0,6.04872,pass
CS(=O)(=O)Nc1ccccc1-c1ccc(N2CCCCC2)cc1,S,S:druglike_only,generated,corrected,,"arm druglike_only, seed 44, final generation",seed44,False,"curated molecules without 9 scaffold families (260 molecules, 93 top-decile actives)",ok,-7.642,23.0,4.0,6.03646,pass
NC(=O)c1ccc(Cc2ccccc2C(=O)N2CCCCCC2)cc1,S,S:druglike_only,generated,corrected,,"arm druglike_only, seed 44, final generation",seed44,False,"curated molecules without 9 scaffold families (260 molecules, 93 top-decile actives)",ok,-7.363,25.0,4.0,5.5379,pass
CC(=O)Nc1ccccc1CN1Cc2ccccc2C1=O,S,S:druglike_only,generated,corrected,,"arm druglike_only, seed 44, final generation",seed44,False,"curated molecules without 9 scaffold families (260 molecules, 93 top-decile actives)",ok,-7.529,21.0,3.0,5.75629,pass
CC(=O)NCCc1ccc(-c2ccc(N(C)C)cc2)cc1,S,S:druglike_only,generated,corrected,,"arm druglike_only, seed 44, final generation",seed44,False,"curated molecules without 9 scaffold families (260 molecules, 93 top-decile actives)",ok,-7.443,21.0,5.0,5.94302,pass
CNC(=O)Cc1ccccc1C(=O)N1CCCCCCC1,S,S:druglike_only,generated,corrected,,"arm druglike_only, seed 44, final generation",seed44,False,"curated molecules without 9 scaffold families (260 molecules, 93 top-decile actives)",ok,-5.309,21.0,3.0,5.90219,pass
CC(=O)NCc1ccc(-c2ccccc2NC(C)=O)cc1,S,S:druglike_only,generated,corrected,,"arm druglike_only, seed 44, final generation",seed44,False,"curated molecules without 9 scaffold families (260 molecules, 93 top-decile actives)",ok,-7.616,21.0,4.0,5.67079,pass
CNC(=O)c1ccccc1-c1ccc(NC(C)=O)cc1,S,S:druglike_only,generated,corrected,,"arm druglike_only, seed 44, final generation",seed44,False,"curated molecules without 9 scaffold families (260 molecules, 93 top-decile actives)",ok,-8.093,20.0,3.0,5.97726,pass
O=C(NCc1ccc(N2CCCCC2)cc1)c1ccccc1,S,S:druglike_only,generated,corrected,,"arm druglike_only, seed 45, final generation",seed45,False,"curated molecules without 9 scaffold families (260 molecules, 93 top-decile actives)",ok,-8.135,22.0,4.0,6.14846,pass
NCc1cccc(N2CCN(C(=O)c3ccccc3)CC2)c1,S,S:druglike_only,generated,corrected,,"arm druglike_only, seed 45, final generation",seed45,False,"curated molecules without 9 scaffold families (260 molecules, 93 top-decile actives)",ok,-6.691,22.0,4.0,5.66317,pass
Oc1ccc(CN2CCN(c3ccccc3)CC2)cc1,S,S:druglike_only,generated,corrected,,"arm druglike_only, seed 45, final generation",seed45,False,"curated molecules without 9 scaffold families (260 molecules, 93 top-decile actives)",ok,-6.955,20.0,4.0,6.17189,pass
Oc1ccc(N2CCN(CCc3ccccc3)CC2)cc1,S,S:druglike_only,generated,corrected,,"arm druglike_only, seed 45, final generation",seed45,False,"curated molecules without 9 scaffold families (260 molecules, 93 top-decile actives)",ok,-7.001,21.0,5.0,6.19302,pass
COc1cccc(N2CCN(c3ccc(O)cc3)CC2)c1,S,S:druglike_only,generated,corrected,,"arm druglike_only, seed 45, final generation",seed45,False,"curated molecules without 9 scaffold families (260 molecules, 93 top-decile actives)",ok,-6.149,21.0,4.0,5.92634,pass
COc1ccc(N2CCN(c3cccc(CN)c3)CC2)cc1,S,S:druglike_only,generated,corrected,,"arm druglike_only, seed 45, final generation",seed45,False,"curated molecules without 9 scaffold families (260 molecules, 93 top-decile actives)",ok,-6.612,22.0,5.0,5.61733,pass
O=C(O)c1ccc(CN2CCCN(C(=O)c3ccccc3)CC2)cc1,S,S:druglike_only,generated,corrected,,"arm druglike_only, seed 45, final generation",seed45,False,"curated molecules without 9 scaffold families (260 molecules, 93 top-decile actives)",ok,-5.952,25.0,4.0,5.75489,pass
O=C(O)c1ccc(N2CCC(Cc3ccccc3)CC2)cc1,S,S:druglike_only,generated,corrected,,"arm druglike_only, seed 45, final generation",seed45,False,"curated molecules without 9 scaffold families (260 molecules, 93 top-decile actives)",ok,-7.664,22.0,4.0,5.45841,pass
COc1ccc(-c2ccc(N3CCCCC3)c(C(N)=O)c2)cc1,S,S:druglike_only,generated,corrected,,"arm druglike_only, seed 45, final generation",seed45,False,"curated molecules without 9 scaffold families (260 molecules, 93 top-decile actives)",ok,-6.893,23.0,4.0,5.71489,pass
Oc1ccc(Cc2ccc(N3CCOCC3)cc2)cc1,S,S:druglike_only,generated,corrected,,"arm druglike_only, seed 45, final generation",seed45,False,"curated molecules without 9 scaffold families (260 molecules, 93 top-decile actives)",ok,-7.352,20.0,4.0,5.81733,pass
Oc1ccc(C2CCN(Cc3ccccc3)CC2)cc1,S,S:druglike_only,generated,corrected,,"arm druglike_only, seed 45, final generation",seed45,False,"curated molecules without 9 scaffold families (260 molecules, 93 top-decile actives)",ok,-7.378,20.0,4.0,5.5921,pass
Oc1ccc(CN2CCC(c3ccccc3)CC2)cc1,S,S:druglike_only,generated,corrected,,"arm druglike_only, seed 45, final generation",seed45,False,"curated molecules without 9 scaffold families (260 molecules, 93 top-decile actives)",ok,-7.715,20.0,4.0,5.60606,pass
O=C(c1c(F)cccc1F)N1CCN(Cc2ccc(O)cc2)CC1,S,S:druglike_only,generated,corrected,,"arm druglike_only, seed 45, final generation",seed45,False,"curated molecules without 9 scaffold families (260 molecules, 93 top-decile actives)",ok,-7.776,24.0,4.0,6.65245,pass
Oc1ccc(CCN2CCC(c3ccccc3)CC2)cc1,S,S:druglike_only,generated,corrected,,"arm druglike_only, seed 45, final generation",seed45,False,"curated molecules without 9 scaffold families (260 molecules, 93 top-decile actives)",ok,-7.621,21.0,5.0,5.70633,pass
COC(=O)N(C)Cc1ccc(Cc2ccc(O)cc2)cc1,S,S:druglike_only,generated,corrected,,"arm druglike_only, seed 45, final generation",seed45,False,"curated molecules without 9 scaffold families (260 molecules, 93 top-decile actives)",ok,-7.591,21.0,5.0,5.88224,pass
NCc1ccc(C2CCN(c3ccccc3)CC2)cc1,S,S:druglike_only,generated,corrected,,"arm druglike_only, seed 45, final generation",seed45,False,"curated molecules without 9 scaffold families (260 molecules, 93 top-decile actives)",ok,-7.053,20.0,4.0,5.5003,pass
O=C(O)c1ccc(NC(=O)c2c(F)cccc2F)cc1,S,S:druglike_only,generated,corrected,,"arm druglike_only, seed 45, final generation",seed45,False,"curated molecules without 9 scaffold families (260 molecules, 93 top-decile actives)",ok,-7.972,20.0,3.0,6.43202,pass
COc1ccc(-c2ccc(C(=O)N3CCCCC3)cc2C(=O)O)cc1,S,S:druglike_only,generated,corrected,,"arm druglike_only, seed 45, final generation",seed45,False,"curated molecules without 9 scaffold families (260 molecules, 93 top-decile actives)",ok,-7.36,25.0,4.0,5.8353,pass
CN1CCN(c2ccc(-c3cccc(F)c3)cc2CO)CC1,S,S:druglike_only,generated,corrected,,"arm druglike_only, seed 45, final generation",seed45,False,"curated molecules without 9 scaffold families (260 molecules, 93 top-decile actives)",ok,-6.841,22.0,4.0,5.88076,pass
CCC(=O)NC(=O)c1ccc(-c2ccc(OC)cc2)cc1,S,S:druglike_only,generated,corrected,,"arm druglike_only, seed 46, final generation",seed46,False,"curated molecules without 9 scaffold families (260 molecules, 93 top-decile actives)",ok,-7.855,21.0,4.0,6.0206,pass
CNC(=O)c1ccc(-c2ccc(N3CCOCC3)cc2)cc1,S,S:druglike_only,generated,corrected,,"arm druglike_only, seed 46, final generation",seed46,False,"curated molecules without 9 scaffold families (260 molecules, 93 top-decile actives)",ok,-7.508,22.0,3.0,6.40011,pass
CNC(=O)c1ccc(Cc2ccc(C(=O)N(C)C)cc2)cc1,S,S:druglike_only,generated,corrected,,"arm druglike_only, seed 46, final generation",seed46,False,"curated molecules without 9 scaffold families (260 molecules, 93 top-decile actives)",ok,-7.869,22.0,4.0,5.82717,pass
CNc1ccc(-c2ccc(C(=O)N3CCN(C)CC3)cc2)cc1,S,S:druglike_only,generated,corrected,,"arm druglike_only, seed 46, final generation",seed46,False,"curated molecules without 9 scaffold families (260 molecules, 93 top-decile actives)",ok,-7.574,23.0,3.0,6.26165,pass
CCC(=O)NC(=O)c1ccc(-c2ccccc2)c(F)c1,S,S:druglike_only,generated,corrected,,"arm druglike_only, seed 46, final generation",seed46,False,"curated molecules without 9 scaffold families (260 molecules, 93 top-decile actives)",ok,-7.71,20.0,3.0,6.15068,pass
COC(=O)Nc1ccc(-c2ccc(N3CCN(C)CC3)cc2)cc1,S,S:druglike_only,generated,corrected,,"arm druglike_only, seed 46, final generation",seed46,False,"curated molecules without 9 scaffold families (260 molecules, 93 top-decile actives)",ok,-7.4,24.0,3.0,6.31294,fail
CN(C)C(=O)c1ccc(C(=O)NCCc2ccc(F)cc2)cc1,S,S:druglike_only,generated,corrected,,"arm druglike_only, seed 46, final generation",seed46,False,"curated molecules without 9 scaffold families (260 molecules, 93 top-decile actives)",ok,-8.104,23.0,5.0,6.32681,pass
CCc1ccc(Nc2ccc(C(=O)N(C)C)cc2)cc1,S,S:druglike_only,generated,corrected,,"arm druglike_only, seed 46, final generation",seed46,False,"curated molecules without 9 scaffold families (260 molecules, 93 top-decile actives)",ok,-7.901,20.0,4.0,5.81722,pass
CCC(=O)Nc1ccc(-c2ccc(N(C)C)cc2)cc1,S,S:druglike_only,generated,corrected,,"arm druglike_only, seed 46, final generation",seed46,False,"curated molecules without 9 scaffold families (260 molecules, 93 top-decile actives)",ok,-7.325,20.0,4.0,6.13063,pass
COc1ccc(Nc2ccc(C(=O)N3CCCN(C)CC3)cc2)cc1,S,S:druglike_only,generated,corrected,,"arm druglike_only, seed 46, final generation",seed46,False,"curated molecules without 9 scaffold families (260 molecules, 93 top-decile actives)",ok,-6.569,25.0,4.0,6.12809,pass
O=C(NC1CCC1)c1ccc(CN2CCCCC2)cc1,S,S:druglike_only,generated,corrected,,"arm druglike_only, seed 46, final generation",seed46,False,"curated molecules without 9 scaffold families (260 molecules, 93 top-decile actives)",ok,-7.568,20.0,4.0,5.94718,pass
O=C(NC1CCC1)c1ccc(Cc2ccncc2)cc1,S,S:druglike_only,generated,corrected,,"arm druglike_only, seed 46, final generation",seed46,False,"curated molecules without 9 scaffold families (260 molecules, 93 top-decile actives)",ok,-7.69,20.0,4.0,6.05094,pass
COC(=O)Nc1ccc(-c2ccc(CN3CCN(C)CC3)cc2)cc1,S,S:druglike_only,generated,corrected,,"arm druglike_only, seed 46, final generation",seed46,False,"curated molecules without 9 scaffold families (260 molecules, 93 top-decile actives)",ok,-7.449,25.0,4.0,6.49568,fail
COC(=O)Nc1ccc(-c2ccc(C(=O)N(C)C)cc2)c(OC)c1,S,S:druglike_only,generated,corrected,,"arm druglike_only, seed 46, final generation",seed46,False,"curated molecules without 9 scaffold families (260 molecules, 93 top-decile actives)",ok,-7.428,24.0,4.0,5.72627,pass
CCNC(=O)c1ccc(-c2ccc(N3CCCCC3)cc2)cn1,S,S:druglike_only,generated,corrected,,"arm druglike_only, seed 46, final generation",seed46,False,"curated molecules without 9 scaffold families (260 molecules, 93 top-decile actives)",ok,-7.329,23.0,4.0,6.46792,pass
COc1cc(N2CCN(C)CC2)ccc1Nc1ccccc1F,S,S:druglike_only,generated,corrected,,"arm druglike_only, seed 46, final generation",seed46,False,"curated molecules without 9 scaffold families (260 molecules, 93 top-decile actives)",ok,-7.941,23.0,4.0,5.55374,pass
CN(C)C(=O)c1ccc(CNc2ccc(N(C)C)cc2)cc1,S,S:druglike_only,generated,corrected,,"arm druglike_only, seed 46, final generation",seed46,False,"curated molecules without 9 scaffold families (260 molecules, 93 top-decile actives)",ok,-7.818,22.0,5.0,5.76945,pass
CCC(=O)Nc1ccc(-c2ccc(N3CCN(C)CC3)cc2)nc1,S,S:druglike_only,generated,corrected,,"arm druglike_only, seed 46, final generation",seed46,False,"curated molecules without 9 scaffold families (260 molecules, 93 top-decile actives)",ok,-7.256,24.0,4.0,6.69175,pass
COC(=O)Nc1ccc(Cc2ccc(N3CCN(C)CC3)cc2)cc1,S,S:druglike_only,generated,corrected,,"arm druglike_only, seed 46, final generation",seed46,False,"curated molecules without 9 scaffold families (260 molecules, 93 top-decile actives)",ok,-7.878,25.0,4.0,6.28177,pass
CNC(=O)c1ccc(Nc2ccc(C(=O)N(C)C)cc2)cc1,S,S:druglike_only,generated,corrected,,"arm druglike_only, seed 46, final generation",seed46,False,"curated molecules without 9 scaffold families (260 molecules, 93 top-decile actives)",ok,-7.844,22.0,4.0,5.94303,pass
O=c1[nH]cc(-c2ccc(CN3CCOCC3)cc2)c2sc(-c3cnn(O)c3)cc12,S,S:decoys,decoy,corrected,,"matched decoy, arm druglike_only, seed 43",seed43,False,"curated molecules without 9 scaffold families (260 molecules, 93 top-decile actives)",ok,-9.231,29.0,5.0,5.86565,pass
CC(=O)N1CCC(n2cc(CNc3nc(NCCO)nc4c3ncn4C(C)C)c(C)n2)CC1,S,S:decoys,decoy,corrected,,"matched decoy, arm multi_scrambled, seed 43",seed43,False,"curated molecules without 9 scaffold families (260 molecules, 93 top-decile actives)",ok,-8.17,33.0,9.0,6.23326,pass
COc1ccc(CN=CC2=C(c3cc(OC)c(OC)c(OC)c3)C(=O)NC2)cc1O,S,S:decoys,decoy,corrected,,"matched decoy, arm multi_scrambled, seed 45",seed45,False,"curated molecules without 9 scaffold families (260 molecules, 93 top-decile actives)",ok,-7.699,30.0,9.0,5.49275,pass
CCC(=O)c1ccc(Nc2nccc(C3CCN(C)CC3)n2)cc1,S,S:decoys,decoy,corrected,,"matched decoy, arm multi_scrambled, seed 44",seed44,False,"curated molecules without 9 scaffold families (260 molecules, 93 top-decile actives)",ok,-8.451,24.0,5.0,6.62823,pass
COc1cccc(NC(=S)N2CCN(c3nnc(OC(C)C)c4ccccc34)CC2)c1,S,S:decoys,decoy,corrected,,"matched decoy, arm multi_scrambled, seed 45",seed45,False,"curated molecules without 9 scaffold families (260 molecules, 93 top-decile actives)",ok,-8.886,31.0,5.0,6.22242,pass
CN1CCN(Cc2cc3c(N)ncc(C4CCC4)c3s2)COC1,S,S:decoys,decoy,corrected,,"matched decoy, arm druglike_only, seed 46",seed46,False,"curated molecules without 9 scaffold families (260 molecules, 93 top-decile actives)",ok,-6.463,23.0,4.0,6.19137,pass
Cc1c(N[C@H]2CCCNC2)nc2ccnn2c1N[C@H]1CC[C@H](N)CC1,S,S:decoys,decoy,corrected,,"matched decoy, arm multi_scrambled, seed 43",seed43,False,"curated molecules without 9 scaffold families (260 molecules, 93 top-decile actives)",ok,-8.101,25.0,4.0,5.01007,pass
CCN1CCC(COc2ccc(-c3cnc(NC(=O)C(C)CCNC)s3)nc2)CC1,S,S:decoys,decoy,corrected,,"matched decoy, arm multi_scrambled, seed 43",seed43,False,"curated molecules without 9 scaffold families (260 molecules, 93 top-decile actives)",ok,-6.848,30.0,10.0,6.26136,pass
COC(=O)Nc1ccc(-c2ccc(N3CCCCC3)cn2)cc1,S,S:decoys,decoy,corrected,,"matched decoy, arm multi_scrambled, seed 42",seed42,False,"curated molecules without 9 scaffold families (260 molecules, 93 top-decile actives)",ok,-7.225,23.0,3.0,6.36623,fail
Cc1ccccc1N1CCCN(CNc2ccc(N3CCOCC3)cc2)CCC1,S,S:decoys,decoy,corrected,,"matched decoy, arm multi_scrambled, seed 43",seed43,False,"curated molecules without 9 scaffold families (260 molecules, 93 top-decile actives)",ok,-6.086,29.0,5.0,6.38368,pass
O=c1[nH]c(O)c(C=NC[C@H]2CCCNC2)c2cc(-c3ccsc3)ccc12,S,S:decoys,decoy,corrected,,"matched decoy, arm multi_scrambled, seed 42",seed42,False,"curated molecules without 9 scaffold families (260 molecules, 93 top-decile actives)",ok,-8.521,26.0,5.0,5.28683,pass
N[C@@H](Cc1ccc(Cl)cc1)c1oc2cc(O)cc(O)c2c(=O)c1OF,S,S:decoys,decoy,corrected,,"matched decoy, arm druglike_only, seed 46",seed46,False,"curated molecules without 9 scaffold families (260 molecules, 93 top-decile actives)",ok,-8.101,25.0,7.0,5.63233,pass
CCNC(=O)N1CCC(c2cnc3c(NC(=O)O)nc(SSC)cn23)CC1,S,S:decoys,decoy,corrected,,"matched decoy, arm druglike_only, seed 46",seed46,False,"curated molecules without 9 scaffold families (260 molecules, 93 top-decile actives)",ok,-7.496,27.0,4.0,6.06044,pass
CN1CCN(CNc2ncc(Br)c(Nc3cc(C4CC4)[nH]n3)n2)CC1,S,S:decoys,decoy,corrected,,"matched decoy, arm druglike_only, seed 46",seed46,False,"curated molecules without 9 scaffold families (260 molecules, 93 top-decile actives)",ok,-8.082,25.0,6.0,6.78887,pass
CCN1CCC(c2c(O)cc(O)c3c2O/C(=C\c2ccc(CC(O)CN(C)C)cc2)C3=O)CC1,S,S:decoys,decoy,corrected,,"matched decoy, arm druglike_only, seed 46",seed46,False,"curated molecules without 9 scaffold families (260 molecules, 93 top-decile actives)",ok,-8.897,34.0,10.0,5.79343,pass
CNC(=O)c1nn(C)c2c1C(C)(C)Cc1cnc(Nc3ccc(CO)c(O)c3)nc1-2,S,S:decoys,decoy,corrected,,"matched decoy, arm multi_scrambled, seed 42",seed42,False,"curated molecules without 9 scaffold families (260 molecules, 93 top-decile actives)",ok,-7.561,30.0,6.0,7.07183,pass
CN(C)C[C@H](O)COc1ccc(NN2CCN3C(=O)OC(C)(C)CC3C2)cc1,S,S:decoys,decoy,corrected,,"matched decoy, arm druglike_only, seed 46",seed46,False,"curated molecules without 9 scaffold families (260 molecules, 93 top-decile actives)",ok,-7.572,28.0,8.0,5.7278,pass
CC(=O)c1c(C)c2cnc(Nc3cocn3)nc2n(C2CCCC2)c1=O,S,S:decoys,decoy,corrected,,"matched decoy, arm druglike_only, seed 44",seed44,True,"curated molecules without 9 scaffold families (260 molecules, 93 top-decile actives)",ok,-8.913,26.0,4.0,6.95674,pass
COc1cc(-c2cc(OC)c3c(F)ccc4c3c2C(=O)N4)cc(OC)c1OC,S,S:decoys,decoy,corrected,,"matched decoy, arm multi_scrambled, seed 45",seed45,False,"curated molecules without 9 scaffold families (260 molecules, 93 top-decile actives)",ok,-5.488,28.0,5.0,7.13305,pass
CC(C)OCc1nnc2sc(Cc3[nH]nc4[nH]c(=S)[nH]c(=S)c34)nn12,S,S:decoys,decoy,corrected,,"matched decoy, arm multi_scrambled, seed 44",seed44,False,"curated molecules without 9 scaffold families (260 molecules, 93 top-decile actives)",ok,-6.724,25.0,5.0,5.57839,pass
COc1cc(F)ccc1-c1nc(C(=O)Nc2cc(C3CC3)[nH]n2)ncc1F,S,S:decoys,decoy,corrected,,"matched decoy, arm druglike_only, seed 44",seed44,False,"curated molecules without 9 scaffold families (260 molecules, 93 top-decile actives)",ok,-8.731,27.0,5.0,6.30746,pass
CCCCC1(C)CNC(=O)c2cc3cnc(Nc4ccc(N5CCOCC5)cc4)nc3n21,S,S:decoys,decoy,corrected,,"matched decoy, arm multi_scrambled, seed 42",seed42,False,"curated molecules without 9 scaffold families (260 molecules, 93 top-decile actives)",ok,-7.649,32.0,6.0,6.13172,pass
C[C@H]1CNCC(C(=O)Nc2ncc(SCc3cc(N4CCOCC4)ccc3O)s2)C1,S,S:decoys,decoy,corrected,,"matched decoy, arm multi_scrambled, seed 42",seed42,False,"curated molecules without 9 scaffold families (260 molecules, 93 top-decile actives)",ok,-8.452,30.0,7.0,6.81134,pass
Nc1nc(-c2cc(C(=O)c3c(F)cc(F)cc3F)ccc2O)cc(C2CCNCC2)n1,S,S:decoys,decoy,corrected,,"matched decoy, arm multi_scrambled, seed 43",seed43,False,"curated molecules without 9 scaffold families (260 molecules, 93 top-decile actives)",ok,-8.911,31.0,6.0,6.52079,pass
COC1CCN(c2nccc(Nc3cc(OCC4CCCCC4)cc(=O)[nH]3)n2)CC1,S,S:decoys,decoy,corrected,,"matched decoy, arm multi_scrambled, seed 43",seed43,False,"curated molecules without 9 scaffold families (260 molecules, 93 top-decile actives)",ok,-8.593,30.0,7.0,6.26334,pass
CC(=O)Nc1cc(Nc2ccc(C)c(NC(C)=O)c2)nc(C(C)C#N)n1,S,S:decoys,decoy,corrected,,"matched decoy, arm druglike_only, seed 44",seed44,False,"curated molecules without 9 scaffold families (260 molecules, 93 top-decile actives)",ok,-9.277,26.0,5.0,5.52472,pass
COc1cc(F)ccc1-c1nc(Nc2cccc(C(N)=O)c2)ncc1F,S,S:decoys,decoy,corrected,,"matched decoy, arm druglike_only, seed 44",seed44,False,"curated molecules without 9 scaffold families (260 molecules, 93 top-decile actives)",ok,-9.097,26.0,5.0,6.48857,pass
CC(C)n1cnc2c(N[C@H]3CC[C@H](N)CC3)nc(NCC(O)C(F)(F)F)nc21,S,S:decoys,decoy,corrected,,"matched decoy, arm multi_scrambled, seed 43",seed43,False,"curated molecules without 9 scaffold families (260 molecules, 93 top-decile actives)",ok,-8.284,28.0,8.0,6.6687,pass
CN(C)CC(O)COc1ccc(NC2=Nc3cc(c4ccc(Cl)cc4n3)N2)cc1,S,S:decoys,decoy,corrected,,"matched decoy, arm druglike_only, seed 45",seed45,False,"curated molecules without 9 scaffold families (260 molecules, 93 top-decile actives)",prep_failed,,,,5.7571,
COc1cnn2c(NCc3ccc(NC(C)=O)cc3)nc(NC3CCOCC3)nc12,S,S:decoys,decoy,corrected,,"matched decoy, arm multi_scrambled, seed 46",seed46,False,"curated molecules without 9 scaffold families (260 molecules, 93 top-decile actives)",ok,-8.464,30.0,5.0,5.96493,pass
O=S(=O)(c1cc(-c2ccc(O)c(O)c2)ccc1Cl)C1CCNCC1,S,S:decoys,decoy,corrected,,"matched decoy, arm multi_scrambled, seed 46",seed46,False,"curated molecules without 9 scaffold families (260 molecules, 93 top-decile actives)",ok,-9.352,24.0,5.0,5.63958,pass
CCCC(C)COc1nc(NC2CCN(C)C[C@@H]2O)nc2[nH]cnc12,S,S:decoys,decoy,corrected,,"matched decoy, arm multi_scrambled, seed 46",seed46,False,"curated molecules without 9 scaffold families (260 molecules, 93 top-decile actives)",ok,-7.897,25.0,8.0,5.88297,pass
CC(C)c1cnn2c(Nc3ccc(S(=O)(=O)N(C)C)cc3)cc(OCN3CCN(C)CC3)nc12,S,S:decoys,decoy,corrected,,"matched decoy, arm druglike_only, seed 46",seed46,False,"curated molecules without 9 scaffold families (260 molecules, 93 top-decile actives)",ok,-8.729,34.0,7.0,6.45271,pass
COc1ccc2c(=O)[nH]c(O)c(C=NCc3ccccc3OF)c2c1,S,S:decoys,decoy,corrected,,"matched decoy, arm druglike_only, seed 44",seed44,False,"curated molecules without 9 scaffold families (260 molecules, 93 top-decile actives)",ok,-8.339,25.0,6.0,5.41975,pass
O=c1cc(-c2ccc(O)cc2Cl)oc2c(CC3CCCCC3)c(O)cc(O)c12,S,S:decoys,decoy,corrected,,"matched decoy, arm multi_scrambled, seed 46",seed46,False,"curated molecules without 9 scaffold families (260 molecules, 93 top-decile actives)",ok,-7.675,28.0,6.0,6.09516,pass
CC(C)C1CCN(c2ccc(Nc3ncc4cc5n(c4n3)C3(CCCCC3)CNC5=O)nc2)CC1,S,S:decoys,decoy,corrected,,"matched decoy, arm druglike_only, seed 42",seed42,True,"curated molecules without 9 scaffold families (260 molecules, 93 top-decile actives)",ok,-8.238,35.0,4.0,5.84962,pass
CN1CCC(NC(=O)c2ccc(NSc3ncc(F)c(C#N)n3)cc2)CC1,S,S:decoys,decoy,corrected,,"matched decoy, arm multi_scrambled, seed 42",seed42,False,"curated molecules without 9 scaffold families (260 molecules, 93 top-decile actives)",ok,-8.3,27.0,5.0,6.44482,pass
CC(=O)c1c(CC2CCN(C)CC2)oc(C=C2CCN(C)C[C@@H]2O)c1O,S,S:decoys,decoy,corrected,,"matched decoy, arm multi_scrambled, seed 46",seed46,False,"curated molecules without 9 scaffold families (260 molecules, 93 top-decile actives)",ok,-7.549,26.0,6.0,5.82128,pass
Nc1cc(OCC2CCCCC2)nc(NC(=O)NC(=S)Nc2ccc(Cl)cc2)n1,S,S:decoys,decoy,corrected,,"matched decoy, arm druglike_only, seed 44",seed44,False,"curated molecules without 9 scaffold families (260 molecules, 93 top-decile actives)",ok,-8.547,29.0,6.0,5.74499,pass
Cc1ncc(Nc2ccnc(Nc3cccc([SH](=O)=O)c3)n2)n1C(C)C,S,S:decoys,decoy,corrected,,"matched decoy, arm multi_scrambled, seed 44",seed44,False,"curated molecules without 9 scaffold families (260 molecules, 93 top-decile actives)",ok,-8.443,26.0,6.0,7.27275,pass
CC(C)n1cnc2c(NCC3CCCC3)nc(NCC(O)C(F)(F)F)nc21,S,S:decoys,decoy,corrected,,"matched decoy, arm druglike_only, seed 43",seed43,False,"curated molecules without 9 scaffold families (260 molecules, 93 top-decile actives)",ok,-8.444,27.0,8.0,6.47335,pass
Cc1cc(C)c(NC(=O)c2ccnc(N3CCCCC3)n2)cn1,S,S:decoys,decoy,corrected,,"matched decoy, arm druglike_only, seed 43",seed43,False,"curated molecules without 9 scaffold families (260 molecules, 93 top-decile actives)",ok,-8.289,23.0,3.0,6.22184,pass
O=C(NC1CCCCC1)c1[nH]ncc1-c1cc(N2CCOCC2)ccc1O,S,S:decoys,decoy,corrected,,"matched decoy, arm druglike_only, seed 42",seed42,False,"curated molecules without 9 scaffold families (260 molecules, 93 top-decile actives)",ok,-8.109,27.0,5.0,7.13962,pass
C[C@@H]1CN(c2ccc(NC(=O)Nc3cc(C4CC4)[nH]n3)nc2)C[C@H](C)N1C[C@@H](C)O,S,S:decoys,decoy,corrected,,"matched decoy, arm multi_scrambled, seed 42",seed42,False,"curated molecules without 9 scaffold families (260 molecules, 93 top-decile actives)",ok,-7.586,30.0,7.0,6.75932,pass
CC[C@@H](Nc1nc(NCc2cccnc2)c2ncn(C(C)C)c2n1)N1CCN(C)CC1,S,S:decoys,decoy,corrected,,"matched decoy, arm multi_scrambled, seed 44",seed44,False,"curated molecules without 9 scaffold families (260 molecules, 93 top-decile actives)",ok,-8.788,31.0,8.0,6.64082,pass
O=C(Cc1ccc(N=C2CCOCC2)cc1)Nc1ccc(N2CCOCC2)cc1,S,S:decoys,decoy,corrected,,"matched decoy, arm multi_scrambled, seed 42",seed42,False,"curated molecules without 9 scaffold families (260 molecules, 93 top-decile actives)",ok,-8.128,29.0,5.0,6.72411,pass
CC(O)Nc1ccc(CCc2ccc3c(n2)CCN(C[C@H]2CNCCO2)C3)cc1,S,S:decoys,decoy,corrected,,"matched decoy, arm multi_scrambled, seed 45",seed45,False,"curated molecules without 9 scaffold families (260 molecules, 93 top-decile actives)",ok,-8.92,29.0,8.0,6.95549,pass
CCc1cc(Nc2cc(NC3CCN3)n3ncc(C#N)c3n2)ccc1C,S,S:decoys,decoy,corrected,,"matched decoy, arm multi_scrambled, seed 44",seed44,False,"curated molecules without 9 scaffold families (260 molecules, 93 top-decile actives)",ok,-8.855,26.0,4.0,5.80307,pass
CCS(=O)(=O)Nc1ccc2[nH]nc(Nc3ccc(S(N)(=O)=O)cc3)c2c1,S,S:decoys,decoy,corrected,,"matched decoy, arm druglike_only, seed 42",seed42,False,"curated molecules without 9 scaffold families (260 molecules, 93 top-decile actives)",ok,-8.252,26.0,7.0,7.68719,pass
CNC(=O)c1nn(C)c2c1C(C)(C)Cc1cnc(Nc3cccc(SCC4CC4)c3)nc1-2,S,S:decoys,decoy,corrected,,"matched decoy, arm druglike_only, seed 42",seed42,False,"curated molecules without 9 scaffold families (260 molecules, 93 top-decile actives)",ok,-7.919,32.0,6.0,7.07952,pass
CN1CCC(Oc2nc(Nc3ccc([S+]([O-])C4CC4)cc3)ncc2C(F)(F)F)CC1,S,S:decoys,decoy,corrected,,"matched decoy, arm druglike_only, seed 43",seed43,False,"curated molecules without 9 scaffold families (260 molecules, 93 top-decile actives)",ok,-8.209,30.0,6.0,6.60491,pass
CC(C)c1cnn2c(Nc3cccnc3)nc(NC3CCNCC3)nc12,S,S:decoys,decoy,corrected,,"matched decoy, arm multi_scrambled, seed 45",seed45,False,"curated molecules without 9 scaffold families (260 molecules, 93 top-decile actives)",ok,-9.213,26.0,3.0,6.43521,pass
COc1ccccc1Nc1ccnc(Nc2ccc(OCS(N)(=O)=O)cn2)n1,S,S:decoys,decoy,corrected,,"matched decoy, arm druglike_only, seed 46",seed46,False,"curated molecules without 9 scaffold families (260 molecules, 93 top-decile actives)",ok,-8.105,28.0,9.0,5.90159,pass
CC[C@@H](CNC)Nc1nc2ccnn2c(N[C@H]2CC[C@H](N)CC2)c1C,S,S:decoys,decoy,corrected,,"matched decoy, arm multi_scrambled, seed 43",seed43,False,"curated molecules without 9 scaffold families (260 molecules, 93 top-decile actives)",ok,-7.043,25.0,7.0,5.53361,pass
COc1cc(F)ccc1-c1nc(Nc2ccccc2)ncc1F,S,S:decoys,decoy,corrected,,"matched decoy, arm multi_scrambled, seed 46",seed46,False,"curated molecules without 9 scaffold families (260 molecules, 93 top-decile actives)",ok,-8.635,23.0,4.0,6.24861,pass
CN(C)Cc1ccc(C=CC(=O)c2c(O)cc(O)c(C3CCN(C)CC3)c2O)cc1,S,S:decoys,decoy,corrected,,"matched decoy, arm multi_scrambled, seed 46",seed46,False,"curated molecules without 9 scaffold families (260 molecules, 93 top-decile actives)",ok,-7.526,30.0,9.0,5.6145,pass
CNC(=O)c1nn(C)c(-c2nc(Nc3cccc(S(N)(=O)=O)c3)ncc2C)c1C(C)C,S,S:decoys,decoy,corrected,,"matched decoy, arm druglike_only, seed 45",seed45,False,"curated molecules without 9 scaffold families (260 molecules, 93 top-decile actives)",ok,-9.437,31.0,7.0,7.36123,pass
O=C(O)Nc1ccc(N2CCC(c3nc(NCO)ncc3F)CC2)cn1,S,S:decoys,decoy,corrected,,"matched decoy, arm druglike_only, seed 42",seed42,False,"curated molecules without 9 scaffold families (260 molecules, 93 top-decile actives)",ok,-7.679,26.0,6.0,6.66238,pass
CC1CN(c2ccc(NCc3ccccc3S(C)(=O)=O)nc2)CCN1CC(C)(C)O,S,S:decoys,decoy,corrected,,"matched decoy, arm druglike_only, seed 45",seed45,False,"curated molecules without 9 scaffold families (260 molecules, 93 top-decile actives)",ok,-8.306,30.0,8.0,6.29534,pass
CC(=O)CCN1CCN(c2ccc(Nc3ncc4cc5n(c4n3)C3(CCCC3)CNC5=O)nc2)CC1(C)C,S,S:decoys,decoy,corrected,,"matched decoy, arm multi_scrambled, seed 44",seed44,False,"curated molecules without 9 scaffold families (260 molecules, 93 top-decile actives)",ok,-7.323,38.0,6.0,5.7516,pass
CCN1c2cc(C)c(c3c(=O)c(O)c(NC4CCN(C)CC4)oc23)C1C,S,S:decoys,decoy,corrected,,"matched decoy, arm multi_scrambled, seed 44",seed44,False,"curated molecules without 9 scaffold families (260 molecules, 93 top-decile actives)",prep_failed,,,,6.20418,
C[C@H](O)CN1CCN(c2ccc(Nc3ccc(S(=O)(=O)C4CCCC4)cc3)nc2)C[C@H]1C,S,S:decoys,decoy,corrected,,"matched decoy, arm multi_scrambled, seed 45",seed45,False,"curated molecules without 9 scaffold families (260 molecules, 93 top-decile actives)",ok,-8.491,32.0,8.0,6.77882,pass
CCC(C)n1c(CCN2CCCC2)cc2cnc(Nc3ccc(CN4CCNCC4)cn3)nc21,S,S:decoys,decoy,corrected,,"matched decoy, arm multi_scrambled, seed 43",seed43,False,"curated molecules without 9 scaffold families (260 molecules, 93 top-decile actives)",ok,-7.843,34.0,9.0,5.9044,pass
CCCC(=O)c1ccc(Nc2ncc3cc4n(c3n2)C(C)(CCC)CNC4=O)nc1,S,S:decoys,decoy,corrected,,"matched decoy, arm druglike_only, seed 43",seed43,False,"curated molecules without 9 scaffold families (260 molecules, 93 top-decile actives)",ok,-7.422,30.0,7.0,6.08674,pass
COC(C(=O)N1Cc2[nH]nc(NC(=O)c3ccc(N4CCN(C)CC4)cc3)c2C1)c1cccc(C)c1,S,S:decoys,decoy,corrected,,"matched decoy, arm multi_scrambled, seed 44",seed44,False,"curated molecules without 9 scaffold families (260 molecules, 93 top-decile actives)",ok,-8.652,36.0,6.0,6.44496,pass
CC(C)n1cnnc1-c1cccc(NC(=O)ON2CCCCC2)n1,S,S:decoys,decoy,corrected,,"matched decoy, arm druglike_only, seed 44",seed44,False,"curated molecules without 9 scaffold families (260 molecules, 93 top-decile actives)",ok,-8.575,24.0,4.0,6.05891,pass
N=C1NC(=O)/C(=C/c2ccc(-c3ccc(CCO)c(C(F)(F)CF)c3)o2)S1,S,S:decoys,decoy,corrected,,"matched decoy, arm multi_scrambled, seed 42",seed42,False,"curated molecules without 9 scaffold families (260 molecules, 93 top-decile actives)",ok,-9.135,27.0,7.0,5.76383,pass
COC=Cc1c(C)c(O)[nH]c(=O)c1NC(=O)c1ccc(C(C)(C)SC)cc1,S,S:decoys,decoy,corrected,,"matched decoy, arm druglike_only, seed 44",seed44,False,"curated molecules without 9 scaffold families (260 molecules, 93 top-decile actives)",ok,-7.767,27.0,7.0,6.07606,pass
C=C(C=CCC[C@H](N)CNc1nnc(C2CCC(N)CC2)s1)C(F)(F)F,S,S:decoys,decoy,corrected,,"matched decoy, arm multi_scrambled, seed 45",seed45,False,"curated molecules without 9 scaffold families (260 molecules, 93 top-decile actives)",ok,-7.373,26.0,10.0,6.82598,pass
CC(C)c1coc(CSNc2ccc(C(=O)N3CCCN(C)CC3)cc2)n1,S,S:decoys,decoy,corrected,,"matched decoy, arm multi_scrambled, seed 46",seed46,False,"curated molecules without 9 scaffold families (260 molecules, 93 top-decile actives)",ok,-5.843,27.0,6.0,6.61109,pass
COc1cc(Nc2cnc(NC3CCNCC3)s2)cc(OC)c1OC,S,S:decoys,decoy,corrected,,"matched decoy, arm multi_scrambled, seed 44",seed44,True,"curated molecules without 9 scaffold families (260 molecules, 93 top-decile actives)",ok,-6.873,25.0,7.0,5.93718,pass
Cc1nc2c(F)cc(Cc3[nH]nc4[nH]c(=S)[nH]c(=S)c34)cc2n1C1CC1,S,S:decoys,decoy,corrected,,"matched decoy, arm multi_scrambled, seed 44",seed44,True,"curated molecules without 9 scaffold families (260 molecules, 93 top-decile actives)",ok,-7.967,26.0,3.0,6.25001,pass
NC(=O)c1ccc(Nc2nc(N)cc(-c3c(F)cccc3F)n2)cc1,S,S:decoys,decoy,corrected,,"matched decoy, arm multi_scrambled, seed 44",seed44,True,"curated molecules without 9 scaffold families (260 molecules, 93 top-decile actives)",ok,-9.119,25.0,5.0,6.52758,pass
CCCC(=O)Nc1nc(Nc2ccc(N3CCN(C(C)=O)CC3)cc2OC)ncc1Br,S,S:decoys,decoy,corrected,,"matched decoy, arm druglike_only, seed 45",seed45,False,"curated molecules without 9 scaffold families (260 molecules, 93 top-decile actives)",ok,-7.571,31.0,7.0,5.63789,pass
CCS(=O)(Cc1cc(F)cc(Nc2ncc(F)c(NCCN(C)C)n2)c1)=NC#N,S,S:decoys,decoy,corrected,,"matched decoy, arm druglike_only, seed 43",seed43,False,"curated molecules without 9 scaffold families (260 molecules, 93 top-decile actives)",ok,-7.766,29.0,9.0,6.42153,pass
CCN(CC)c1ccc(Nc2ncc(C(F)(F)F)c(N[C@H](C)[C@H](C)OO)n2)cc1,S,S:decoys,decoy,corrected,,"matched decoy, arm multi_scrambled, seed 44",seed44,False,"curated molecules without 9 scaffold families (260 molecules, 93 top-decile actives)",ok,-7.93,29.0,10.0,6.69251,pass
COc1ccc(Nc2ncc(C(F)(F)F)c(N[C@H](C)[C@@H](C)O)n2)cc1,S,S:decoys,decoy,corrected,,"matched decoy, arm multi_scrambled, seed 44",seed44,False,"curated molecules without 9 scaffold families (260 molecules, 93 top-decile actives)",ok,-7.884,25.0,7.0,6.78421,pass
O=S(=O)(c1ccc(Nc2ncc(C(F)(F)OF)c(OCN3CCCC3)n2)cc1)C1CCCC1,S,S:decoys,decoy,corrected,,"matched decoy, arm druglike_only, seed 45",seed45,False,"curated molecules without 9 scaffold families (260 molecules, 93 top-decile actives)",ok,-8.678,33.0,9.0,7.08819,pass
C=CC(=O)N1CCc2cc(S(=O)(=O)N3CCC[C@@H](Nc4ncc(SCC5CC5)s4)C3)ccc21,S,S:decoys,decoy,corrected,,"matched decoy, arm multi_scrambled, seed 43",seed43,False,"curated molecules without 9 scaffold families (260 molecules, 93 top-decile actives)",ok,-7.218,33.0,8.0,6.69327,pass
CNOC(=O)C1CCC(c2nccc(-c3cnc(C)n3C(C)C)n2)CC1,S,S:decoys,decoy,corrected,,"matched decoy, arm multi_scrambled, seed 42",seed42,False,"curated molecules without 9 scaffold families (260 molecules, 93 top-decile actives)",ok,-8.195,26.0,5.0,7.24958,pass
C[C@H](N)CN1CCc2nc(N3CCN(c4nnc(Cc5ccccc5)c5ccccc45)CC3)ccc2C1,S,S:decoys,decoy,corrected,,"matched decoy, arm multi_scrambled, seed 42",seed42,False,"curated molecules without 9 scaffold families (260 molecules, 93 top-decile actives)",ok,-8.981,37.0,7.0,6.61383,pass
Cc1ccc(NCN2CCN(c3ccc(N4CCCCC4)nc3)CC2)cc1,S,S:decoys,decoy,corrected,,"matched decoy, arm druglike_only, seed 45",seed45,False,"curated molecules without 9 scaffold families (260 molecules, 93 top-decile actives)",ok,-7.187,27.0,5.0,6.51069,pass
O=C(Nc1ncc(-c2ccnc(/C=C/c3ccccc3)n2)s1)C(O)CO,S,S:decoys,decoy,corrected,,"matched decoy, arm multi_scrambled, seed 42",seed42,False,"curated molecules without 9 scaffold families (260 molecules, 93 top-decile actives)",ok,-7.813,26.0,8.0,6.4722,pass
COC1CCN(c2nccc(Nc3cc4c(ccn4C(=O)c4c(F)cccc4Cl)cn3)n2)CC1,S,S:decoys,decoy,corrected,,"matched decoy, arm multi_scrambled, seed 42",seed42,False,"curated molecules without 9 scaffold families (260 molecules, 93 top-decile actives)",ok,-9.452,34.0,5.0,6.79814,pass
Cc1cc(C)c(Nc2cc(N3CCCOCC3)ccn2)cn1,S,S:decoys,decoy,corrected,,"matched decoy, arm druglike_only, seed 43",seed43,False,"curated molecules without 9 scaffold families (260 molecules, 93 top-decile actives)",ok,-6.076,22.0,3.0,6.25563,pass
CN(C)CCNS(=O)(=O)c1ccc(-c2cccc(NC(=O)C3CCCCO3)n2)cc1,S,S:decoys,decoy,corrected,,"matched decoy, arm multi_scrambled, seed 43",seed43,False,"curated molecules without 9 scaffold families (260 molecules, 93 top-decile actives)",ok,-7.716,30.0,8.0,6.85286,pass
C=CC(=O)Nc1ccc(O[C@@H]2CCC[C@@H](Nc3ncc(OC)s3)CO2)cc1,S,S:decoys,decoy,corrected,,"matched decoy, arm multi_scrambled, seed 45",seed45,True,"curated molecules without 9 scaffold families (260 molecules, 93 top-decile actives)",ok,-5.942,27.0,7.0,6.60346,pass
CC[C@H](Nc1nc(Nc2ccccc2)c2ncn(C(C)C)c2n1)[C@@H](C)O,S,S:decoys,decoy,corrected,,"matched decoy, arm druglike_only, seed 46",seed46,False,"curated molecules without 9 scaffold families (260 molecules, 93 top-decile actives)",ok,-8.018,26.0,8.0,7.52208,pass
C=CC(=CCNc1ncc(F)c(C2CCN(C)CC2)n1)CS(C)(=O)=NC(=O)OCC,S,S:decoys,decoy,corrected,,"matched decoy, arm multi_scrambled, seed 44",seed44,False,"curated molecules without 9 scaffold families (260 molecules, 93 top-decile actives)",ok,-7.473,30.0,8.0,6.42078,pass
CN(C)CC(O)COc1ccc(Nc2ccc(N3CCNCC3)cn2)cc1,S,S:decoys,decoy,corrected,,"matched decoy, arm multi_scrambled, seed 43",seed43,False,"curated molecules without 9 scaffold families (260 molecules, 93 top-decile actives)",ok,-7.409,27.0,9.0,5.1561,pass
Cc1ccccc1Nc1cc(Nc2ccc(Oc3ccc(S(N)(=O)=O)cc3)cc2)ncn1,S,S:decoys,decoy,corrected,,"matched decoy, arm multi_scrambled, seed 43",seed43,False,"curated molecules without 9 scaffold families (260 molecules, 93 top-decile actives)",ok,-9.379,32.0,8.0,6.82728,pass
NS(=O)(=O)c1ccc(CNC=C2CNC(=O)c3ccc(C4CC4)cc32)cc1O,S,S:decoys,decoy,corrected,,"matched decoy, arm multi_scrambled, seed 44",seed44,False,"curated molecules without 9 scaffold families (260 molecules, 93 top-decile actives)",ok,-8.993,28.0,7.0,6.23727,pass
CC(=O)Nc1ccc(N=Cc2c(=O)[nH]c(O)c3cc(Br)ccc23)cc1,S,S:decoys,decoy,corrected,,"matched decoy, arm druglike_only, seed 44",seed44,False,"curated molecules without 9 scaffold families (260 molecules, 93 top-decile actives)",ok,-6.338,25.0,4.0,5.40757,pass
