smiles,hinge_distance,hinge_contact
CS(=O)(=O)Nc1ccc(-c2ccc(S(C)(=O)=O)cc2)cc1,3.142405129832876,True
O=C(Nc1ccccc1)C1CCN(Cc2ccccc2)CC1,3.228561754094236,True
N#Cc1cccc(Nc2nccc(-c3cnn4ncccc34)n2)c1,3.069662033514436,True
O=C(c1ccccc1)c1cccc(C(=O)N2CCCCC2)c1,3.8735815468375083,False
Cc1ncc(-c2cc(NC(=O)C(C)C)ncc2F)n1C(C)C,3.2521583602278654,True
O=C(c1cc(Cc2ccccc2)ccc1O)N1CCOCC1,5.55779974450321,False
O=C(Cc1cccc(F)c1)Nc1ccc(N2CCOCC2)cc1,3.4285515892283174,True
CCN(CC)CCNC(=O)c1cccc(Nc2nccc(-c3cnn4ncccc34)n2)c1,2.8592261190748802,True
Cc1ncc(-c2nc(NC3CCC3)ncc2F)n1C(C)C,3.6263389251419933,False
C=CC(=CCNc1ncc(F)c(C2CCN(C)CC2)n1)CS(C)(=O)=NC(=O)OCC,3.107856817808705,True
CC(=O)Cc1ccc(Oc2ccc(S(N)(=O)=O)cc2)cc1,4.827138593411218,False
O=C(Nc1ccccc1)NC1CCN(c2ccccn2)CC1,3.067570048099962,True
C=C(C)[C@H](C)C[SH]=NC(=O)c1ccc(Nc2ncc(F)c(-c3cnc(C)n3C(C)C)n2)cc1,3.0664929479781984,True
Cc1ncc(-c2nc(NCC3CC3)ncc2F)n1C(C)C,3.0346698337710456,True
C[C@@H](O)[C@@H](C)Oc1nc(Nc2ccc(S(=O)(=O)C(F)(F)F)cc2)ncc1C(F)(F)F,3.0842300497855226,True
Nc1nccc(-n2cc(-c3ccc(Cl)cc3)c3cnccc32)n1,3.731107476339962,False
CN1CCN(Nc2ncc3c(n2)-c2c(c(C(N)=O)nn2C)CC3)CC1,3.392741222079874,True
COC(=O)N(C)Cc1ccc(Cc2ccc(O)cc2)cc1,6.80640580629748,False
CNC(=O)c1ccc(NC(=O)c2cccc(C(=O)N(C)C)c2)cc1,3.7027500590777205,False
COC(=O)CNON=CNC(=O)c1ccc2[nH]c(O)c(N=Nc3ccc(S(N)(=O)=O)cc3)c2c1,3.1479582271688424,True
O=C(NC1CCCC1)c1ccc(-c2nccc(-c3c[nH]c4cnccc34)n2)cc1,3.664651961646559,False
NS(=O)(=O)c1ccc(N=NSC(=O)N=Nc2c(=O)[nH]c3ccc4[nH]cccc4c23)cc1,3.040460655887529,True
NS(=O)(=O)c1ccc(N=Nc2ccc(N=Nc3c(=O)[nH]c4ccc5[nH]cccc5c34)cc2)cc1,3.833664174128978,False
COc1cccc(N2CCCN(c3ccc(NC(C)=O)c(OC)c3)CC2)c1,3.0592000588389117,True
CNC(=O)c1ccc(C(=O)c2c(Cl)cccc2Cl)cc1,3.287341935363587,True
Cc1cnc(Nc2ccc(OCC(O)CN(C)C)cc2)nc1Nc1ccccc1,3.046267552267861,True
Cc1ncc(-c2nc(-c3nc(Nc4ccc(C(=O)CO)c(F)c4)ncc3F)ncc2F)n1C(C)C,3.245611498623946,True
C=C(C)c1ccc(SC(=O)C(=O)c2ccc(Nc3ncc(F)c(-c4cnc(C)n4C(C)C)n3)cc2)cc1,2.983773114698906,True
CCNC(=O)N1CCNC(Nc2ncc(C#N)c(C3CCCCC3)n2)CC1,4.7579989491381784,False
NC(=O)c1ccc(C(=O)Nc2ccc(C(=O)N3CCCC3)cc2)cc1,3.1108251316973763,True
C[C@@H](O)[C@@H](C)Oc1nc(Nc2ccc(S(=N)(=O)O[C@H](C)[C@@H](C)O)cc2)ncc1C(F)(F)F,2.945580757677506,True
Cc1nc2c(F)cc(-c3nc(Nc4ccc5c(n4)CCN(C[C@@H](O)CN(C)C)C5)ncc3F)cc2n1C1CC1,3.0297343117837903,True
Cc1cc(Oc2ccc(S(N)(=O)=O)cc2)ccc1C(C)C,3.208009663327097,True
CNC(=O)c1ccc(COc2ccc(C(=O)NC)cc2)cc1,4.158502735360412,False
O=C(CC1CC1)N1CCCc2cnc(Nc3ccc(Cl)cc3)nc2C1,2.795005187830606,True
CN1CCN(CCCCOc2c(OCc3ccc(C#N)cc3)cc(O)c3c(=O)cc(-c4ccccc4)oc23)CC1,3.647207287775125,False
CNC(=O)c1ccc(-c2ccc(N3CCOCC3)cc2)cc1,4.474951843316297,False
NC(=O)c1ccc(N2CCN(c3cccc(Cl)c3)CC2)cc1,2.817347156457642,True
NS(=O)(=O)c1ccc(N=Nc2c(O)[nH]c3cccc(N=Nc4cccc(O)c4)c23)cc1,3.581256483414721,False
C[SH]=C(C)SC(=O)c1ccc(-c2ccc(Nc3ncc(F)c(-c4cnc(C)n4C(C)C)n3)cc2)cc1,3.0679603973976,True
COc1ccc(Nc2ccc(N3CCOCC3)cc2)cc1Cl,3.129466567963297,True
CCC(C)(C)Nc1ncc2c(n1)-c1c(c(C(N)=O)nn1C)CSC2,3.294804091292837,True
CNC(=O)c1ccc(Nc2ccc(N3CCN(C(C)=O)CC3)cc2NC)cc1,3.5571974924088843,False
C[C@@H](c1ccc(C(F)F)cc1)c1ccc(S(N)(=O)=O)cc1,12.30101077147728,False
CCNC(C)c1ccc(-c2ccc(S(N)(=O)=O)cc2)cc1,3.325632120364488,True
CS(=N)(=O)c1cccc(-c2cc(N3CCC(O)CC3)ccc2O)c1,3.3267944030252377,True
Cc1ccccc1C(=O)Nc1ccc(S(C)(=O)=O)cc1,3.545266280549318,False
CC(C)(C)c1cccc(Nc2ccc(S(N)(=O)=O)cc2)c1,2.97519932105397,True
CC(=O)Nc1ccc(CNc2nc(NC3CCN(C)CC3)nc3c(C(C)C)cnn23)cc1,3.069594109976104,True
N=C1NC(=O)/C(=C/c2ccc(-c3ccc(S(N)(=O)=O)c(C(F)(F)F)c3)o2)S1,3.0181202759333488,True
CN(C)C(=O)c1ccc(NC(=O)c2ccc(C(N)=O)cc2)cc1,3.117415756680517,True
CC(=O)Nc1cccc(CNc2nc(OS(N)(=O)=O)nc3c(C(C)C)cnn23)c1,3.178067651891634,True
CNc1ccc(-c2ccc(C3=CCN(C(C)=O)CCC3)cc2)cc1,5.675592832471333,False
CCCC(C)COc1nc(NC2CCN(C)C[C@@H]2O)nc2[nH]cnc12,3.1752056626303835,True
CN(C)C(=O)c1ccc(F)c(Nc2c(F)cccc2F)c1,6.685814086556701,False
c1ccc(NCc2ccc(N3CCCNCC3)cc2)nc1,4.164656648512575,False
CN1CCN(c2ccc(Nc3ccc(Nc4ncc5c(n4)-c4c(c(C(N)=O)nn4C)CC5)cc3)cc2)CC1,2.7531679934213957,True
CC(C)c1ccc(Nc2ncc3c(n2)-c2c(c(C(N)=O)nn2C)CC3)cc1,2.8294912970355623,True
O=C(C1CC1)N1CCc2cnc(Nc3c(F)cccc3F)nc2C1,2.7447466185424103,True
CN1CC=C(N2CCc3nc(Nc4ccc(N5CCCC[C@H]5CCO)cc4)ccc3C2)C1,3.1528482361192114,True
NS(=O)(=O)c1ccc(N=Nc2c(O)[nH]c3ccc(S)c(-c4ccc(S(N)(=O)=O)cc4)c23)cc1,3.3858235334996443,True
CC(C)C(=O)N1CCCc2cnc(NC3CCC3)nc2C1,3.2057832116348792,True
Fc1ccc(Nc2cccc(N3CCOCC3)c2)cc1,2.9734251293752134,True
CCc1cnn2c(NCc3ccc[n+]([O-])c3)cc(N3CCCCC[C@H]3CCO)nc12,2.9496091266471223,True
CC(=O)Nc1ccc(C(C)C(=O)NCc2cccc3ccccc23)cc1,3.696910737358971,False
CC1NCC(C(=O)N2Cc3c(NC(=O)C(C)(C)C)n[nH]c3C2(C)C)C[C@H]1C,3.181818976623282,True
CC(c1ccc(OC(C)(C)C)cc1)c1ccc(S(N)(=O)=O)cc1,4.137192405484671,False
Cc1ncc(-c2nc(NC(=O)CNC(C)C)ncc2F)n1C(C)C,3.2355470943875932,True
CCc1cnc(Nc2ncc3c(n2)-c2c(c(C(N)=O)nn2C)CC3)nc1Nc1ccccc1,2.692392616243033,True
NC(C(=O)Nc1cc(C2CC2)[nH]n1)c1ccccc1,3.0054818249325694,True
Cc1ncc(-c2ccnc(Nc3ccnc(Sc4ccnc(Nc5ccc(C(N)=O)cc5)n4)n3)n2)n1C(C)C,3.3159110362010593,True
CC(=Nc1ccc(S(N)(=O)=O)cc1)c1ccc2[nH]c(O)c(Cc3c(O)[nH]c4ccc(-c5cnco5)cc34)c2c1,5.014266945426822,False
CC(=O)Nc1ccc(-c2ccc(S(C)(=O)=O)cc2)cc1,3.1431726010513605,True
CNC(=O)c1ccc(-c2ccc(CC(=O)O)cc2)cc1,4.782675088274339,False
CC(C)S(=O)(=O)c1ccc(Nc2ncc(C(F)(F)F)c(O[C@H](C)[C@@H](C)O)n2)cc1,2.9444787314565546,True
COc1ccc(N2CCN(C(=O)c3ccccc3)CC2)cc1C,3.8493465679255188,False
Cc1nc2c(F)cc(-c3nc(Nc4ncc5c(n4)CCN(C(=O)CN(C)C)C5)ncc3F)cc2n1C(C)C,2.9080321525045054,True
Cc1cc(-c2ccc(S(N)(=O)=O)cc2)ccc1NC(C)C,3.1582989092231335,True
CN(C)CC(O)COc1ccc(Nc2ncc(Cl)c(Nc3ccccc3)n2)cc1,2.9845090048448557,True
Cc1ncc(Nc2ccc(N3CCCN(C)CC3)c(F)c2)n1C(C)C,3.962475110331926,False
CC(C)OCc1nnc2sc(Cc3[nH]nc4[nH]c(=S)[nH]c(=S)c34)nn12,3.485124674957844,True
CN1CCN(C(=O)Nc2ccc(Cc3ccccc3)cn2)CC1,4.420593625295144,False
CC(C1CC1)n1cnc2c(NCc3cccc(C(F)(F)F)c3)nc(NCC(N)=O)nc21,3.0144022624726095,True
O=C1Cc2c(-c3ccc[nH]3)cc(NCCO)c3c(F)ccc(c23)N1,3.339211583592749,True
C[C@@H](O)[C@@H](C)Oc1nc(Nc2ccc(S(=N)(=O)c3ccc(S(=N)(=O)[SH](=N)(N)O)cc3)cc2)ncc1C(F)(F)F,3.1197706646482835,True
O=C(c1ccccc1F)N1CCN(Nc2ccccc2)CC1,3.418281000737075,True
CN(C)C1CCN(c2ccc(Nc3ncc4cc5n(c4n3)C3(CCCCC3)CNC5=O)nn2)CC1,3.9659548661072788,False
CC(=CC(=O)CC(=O)c1ccc(Nc2ncc(F)c(-c3cnc(C)n3C(C)C)n2)cc1)CN,3.054461818389614,True
COc1cc(N2CCN(C)CC2)ccc1Nc1cc(-c2c[nH]c3cnccc23)ncn1,3.1080722321078715,True
CC(C)(C)C(=O)Nc1ccc(Nc2ncc3cc4n(c3n2)C2(CCCCC2)CNC4=O)nc1,5.024089967347323,False
CC[C@H](CO)Nc1nc(NCc2ccc(NC(=O)C3CCOCC3)cc2)n2ncc(C(C)C)c2n1,3.154802370989347,True
O=C1NCC2(CCCCC2)n2c1cc1cnc(NNc3ccccc3)nc12,3.2872835289947235,True
COc1cc(F)ccc1-c1nc(Nc2cccc(C(N)=O)c2)ncc1F,3.0943912163784297,True
CNC(=O)c1ccc(-c2ccc(N3CC=NCC3)cc2F)cc1,4.509049899923482,False
CNC(=O)Nc1ccc(-c2cc(-c3ccnc(-c4c(F)cccc4F)n3)cnn2)cc1,4.403569574788162,False
CNC(=O)c1ccc(C(=O)N2CCN(C3CC3)CC2)cc1,4.288974236341364,False
C=C(C)c1ccc(Nc2cc(OC)c(OC)c(OC)c2)nc1,2.9447724869673726,True
CC(C)=Cc1cccc(-c2ccc(S(N)(=O)=O)cc2)c1,12.145080403192065,False
CC(C)c1ccc(C(=O)Nc2ccc(S(N)(=O)=O)cc2)cc1,3.334329017958487,True
C=CC(=O)Nc1ccc(S(=O)(=O)N2CCC[C@@H](Nc3ncc(SCc4ncc(C(C)(C)C)o4)s3)C2)cc1,3.223052745457324,True
CC(C)c1c2cc(-c3nc(Nc4ccc(N5CCNCC5)cn4)ncc3F)ccc2nn1C,2.9087208528836195,True
CC(C)C(C)Cc1ccc(-c2ccc(S(N)(=O)=O)cc2)cc1,12.117931052782895,False
CN(C)C(=O)c1ccc(Nc2cccc(C(=O)N(C)C)c2)cc1,3.2709474162694865,True
CN1CCC(c2ccc(NC(=O)c3ccc(F)cc3)cc2)CC1,3.095321146504839,True
Oc1ccc(-c2nc(Nc3cccc(Cl)c3)nc3[nH]cnc23)cc1,3.3312173450557143,True
CCN(CC)C1CCN(C(=O)NC(=O)c2ccccc2C)CC1,2.5751353362493377,True
c1ccc2[nH]c(-c3cc[nH]n3)nc2c1,8.341885458336142,False
Fc1cc(N2CCCNCC2)ccc1COC1CCC1,3.4220466098520665,True
Cc1ccc(F)c(NC(=O)CNC(=O)c2cc(C)ccc2F)c1,3.039603921566099,True
Cc1nc2c(F)cc(-c3nc(Nc4ccc5c(n4)CCN(CCS(C)(=O)=NC#N)C5)ncc3F)cc2n1C(C)C,2.8062751112462285,True
C[C@@H]1CN(c2ccc(NC(=O)Nc3cc(C4CC4)[nH]n3)nc2)C[C@H](C)N1C[C@@H](C)O,4.37882107421621,False
CCOC(=O)n1cnc2c(NCc3cccc(O)c3)nc(NC(CO)C(C)C)nc21,2.983736415972427,True
O=C(Cc1ccc(N2CCC(O)CC2)cc1)c1ccccc1,6.138296669272353,False
CC1CCN(C(=O)N2CCC(Nc3nccc(-c4c[nH]c5ccccc45)n3)CC2)CC1,2.9561300715631598,True
CN(C)c1ccc(N2CCN(C(=O)c3ccccc3)CC2)cc1,3.9979337163089697,False
CC1CCN(C(=O)Nc2ccc3c(c2)c(C(=O)O)cn3C)CC1,3.2396644888012687,True
NC(=O)c1ccc(Cc2ccccc2C(=O)N2CCCCCC2)cc1,6.470675389787382,False
CC(=O)Nc1c[nH]nc1-c1nc2ccccc2[nH]1,6.3960204033445605,False
COc1cc(NC(=O)Cc2cccc(Cl)c2)cc(OC)c1OC,3.233807972035449,True
Clc1cccc(CNCc2cccc3c2ONCCC3)c1,4.845136736976579,False
COC(C(=O)N1Cc2[nH]nc(NC(=O)c3ccc(N4CCN(C)CC4)cc3)c2C1)c1cccc(C)c1,3.1787560460029085,True
COCCNS(=O)(=O)c1ccc(-c2ccc(Nc3nccc(-c4cnc(C)n4C(C)C)n3)cc2)cc1,3.4833089153849124,True
CC(CO)Sc1nc(Nc2ccc(S(C)(=N)=O)cc2)ncc1Br,3.0349922569917727,True
C=C(C)c1ncc(F)c(-c2ccc(S(N)(=O)=O)cc2)n1,4.651356576311902,False
CCCCc1ccc(-c2ccc(S(N)(=O)=O)cc2)cc1,12.478284257060341,False
NS(=O)(=O)c1ccc(N=Cc2c(O)[nH]c3ccc(SF)c(CNc4ccc[nH]4)c23)cc1,2.869447856295702,True
OC[C@H]1CC[C@H](n2cnc3c(NCc4ccccc4)ncnc32)CC1,3.084640335598297,True
Cc1ncc(-c2nc(NC(=O)CCC(N)=O)ncc2F)n1C(C)C,3.121131365386598,True
CC(C)(C)c1cnc(C(=O)NCc2cccc(Cl)c2)o1,3.158925450212463,True
Cc1cc(S(N)(=O)=O)ccc1N1CCN(C(C)C)CC1,4.576459002329204,False
NS(=O)(=O)c1ccc(NNc2c(O)[nH]c3ccc(-c4ccc([N+](=O)[O-])cc4)cc23)cc1,2.577466585622407,True
Cc1ccc(CC(=O)NC2CCN(c3ccccc3)CC2)cc1,3.6280631196273356,False
CC(=O)Nc1cccc(C(=O)N2CCN(Cc3ccc(O)cc3)CC2)c1,3.729887531816476,False
CC(C)C(=O)N1CCN(c2ccc(NC(=O)c3ccccc3)cc2)CC1,4.011326463901935,False
CN1CCCCN(c2ncnc3cc(Nc4ncc5c(n4)-c4c(c(C(N)=O)nn4C)CC5)ccc23)CC1,3.6739473322300125,False
Cc1ncc(-c2ccnc(NC(C)C)n2)n1C1CCCC1,2.960991388032059,True
CCc1cnn2c(NCc3ccc[n+]([O-])c3)cc(C3CCCC[C@H]3CCCCO)nc12,2.9468216776724043,True
CC(C)c1ccc(-c2ccc(S(N)(=O)=O)cc2)cc1F,12.13610374049266,False
CC(C)N1CCc2nc(-c3ccc(S(N)(=O)=O)cc3)ccc2C1,2.877211497266061,True
COc1cccc(C(=O)Nc2ccc(C3CCC3)cc2)c1,3.347797036858713,True
CS(=O)(=O)N1CCC(Nc2ncc(C(F)(F)F)c(-c3cnn(-c4ccc(C#N)cc4Cl)c3)n2)CC1,3.366265883735268,True
CC(C)C(=O)N1CCc2nc(-c3ccc(S(N)(=O)=O)cc3)ccc2C1,2.885324765082779,True
Nc1ccc2[nH]c(O)c(-c3ccc[nH]3)c2c1C=Nc1ccc(NNc2ccc(S(N)(=O)=O)cc2)cc1,3.021455278504051,True
COc1ccc2nc(N3CCN(C)CC3)nc(NC(C)(C)C)c2c1,3.3645913570595813,True
COc1ccc(CN=Cc2c(=O)[nH]c(O)c3cccc(Br)c23)cc1O,5.231948203107524,False
Nc1ccc(N=Cc2c(=O)[nH]c3ccc4[nH]cccc4c23)cc1SC=NN=Nc1ccc(S(N)(=O)=O)cc1,2.8012336568019474,True
C[SH]=C(C)CC(=O)CC(=O)c1ccc(Nc2ncc(F)c(-c3cnc(C)n3C(C)C)n2)cc1,3.1989002797836683,True
O=C(c1ccc(Nc2ccc(Cl)cc2)cc1)N1CCOCC1,3.0966402761702962,True
O=C(Nc1cccc(Cl)c1)c1ccc(N2CCOCC2)cc1,3.3629433536710085,True
Cc1ccc(CN=Cc2c(=O)[nH]c(O)c3ccc(I)cc23)cc1O,2.8714430170212335,True
COc1cc(F)ccc1-c1nc(Nc2ccccc2)ncc1F,3.096562771848818,True
Cn1nc(C(N)=O)c2c1-c1nc(Nc3ccc(SNc4ccccc4)cc3)ncc1CC2,2.934344390149186,True
CC(C)c1c2cc(-c3ccnc(N[C@H]4CC[C@H](NC5CCOCC5)CC4)n3)ccc2nn1C,3.3009485000526806,True
CC(C)=Cc1cccc(CNc2ccc(S(N)(=O)=O)cc2)c1,2.7479019269253437,True
C[C@@H](N)OS(=O)(=O)c1ccc(Nc2ncc(C(F)(F)F)c(O[C@@H](SC(F)(F)SF)[C@@H](C)O)n2)cc1,3.0689964157685217,True
CC(C)(C)c1ccc(CCCc2ccc(S(N)(=O)=O)cc2)cc1,10.479596461696413,False
NS(=O)(=O)c1ccc(N=Cc2c(=O)[nH]c3ccc4[nH]cccc4c23)cc1,2.944955517490889,True
CC(C)S(=N)(=O)[C@@H](C)OS(=N)(=O)c1ccc(Nc2ncc(C(F)(F)F)c(O[C@H](C)[C@@H](C)O)n2)cc1,3.0507481049735983,True
NS(=O)(=O)c1ccc(N=Nc2c(O)[nH]c3ccc(C(=O)NCc4cccnc4)cc23)cc1,3.3161732463790248,True
COc1ccccc1-c1ccc(CN2CCCNCC2)c(CF)c1,4.092245471620683,False
c1cc(Nc2cccc(CN3CCCC3)n2)cc(N2CCCNCC2)c1,2.9083576121240706,True
COc1cc(F)ccc1-c1ccnc(NC(=O)C2CCC(NC(C)=O)C2)c1,3.8368364572913447,False
CC(=NCC(=O)c1ccc(Nc2ncc(F)c(-c3cnc(C)n3C(C)C)n2)cc1)SC(=O)CO,3.049602269149211,True
O=C(Nc1ccc(N2CCC(C3CCNCC3)CC2)cn1)c1c(Cl)cccc1Cl,3.100317564379499,True
C[C@@H](Oc1nc(Nc2ccc(S(=O)(=O)C(F)(F)F)cc2)ncc1C(F)(F)F)C(C)(O)O,3.013296865561047,True
CC(C)n1nnc2ccc(-c3ccnc(Nc4cc(C(=O)N5CCCC5)ccn4)c3)cc21,3.8892287153110425,False
CC(=Nc1ccc(S(N)(=O)=O)cc1)c1ccc2[nH]c(O)c(C=Nc3cnco3)c2c1,2.5882088401054544,True
C[C@@H](Oc1nc(Nc2ccc(S(N)(=O)=S)cc2)ncc1C(F)(F)F)C(C)(C)O,3.0132910579630434,True
C[C@H]1CNCC(C(=O)Nc2ncc(OSCc3ncc(C(C)(C)C)o3)s2)C1,3.2576872164159694,True
CN1CCN(Cc2ccc(N3CCCNCC3)cc2)CC1,5.347807401169195,False
CN(C)c1ccc(N2CCN(C(=O)c3cccc(C(=O)O)c3)CC2)cc1,3.5286749637789034,False
Nc1nc(N)c(N=O)c(OCC2CCCCC2)n1,7.5327812924576545,False
CCc1cnn2c(NCc3ccc[n+]([O-])c3)cc(N3CCCCC3CCO)nc12,3.005725370023019,True
CN1C/C=C/COCc2cncc(c2)-c2ccnc(n2)Nc2cccc(c2)C1,4.556754766278304,False
CC(C)Nc1ncc2c(n1)CN(C(=O)C(C)C)CCC2,4.9347876347417445,False
CNC(=O)c1ccc(C(=O)c2ccc(OC)cc2)cc1,3.502048115032124,False
CCn1c(-c2ccnc(Nc3ccc(S(C)(=O)=O)cc3)n2)cnc1C,3.189373292670525,True
NS(=O)(=O)c1ccc(C(=O)Nc2ccccc2F)cc1,6.731769083977854,False
CC(=O)N1CCC(n2ncc(Nc3ncc(Cl)c(-c4cnc5ccccn45)n3)c2C)CC1,3.185336089017922,True
Cc1ncc(-c2ccnc(Nc3ccc(Nc4ccc(S(=O)(=O)[C@@H](C)O)cc4)cc3)n2)n1C(C)C,3.089071219638684,True
NS(=O)(=O)c1ccc(NNNNc2c(O)[nH]c3ccc(-c4ccc([N+](=O)[O-])cc4)cc23)cc1,2.6196927300735116,True
CC(CN(C)C)N1CCc2nc(Nc3ncc(F)c(N[C@H]4CC[C@H](N)CC4)n3)ccc2C1,2.91549944263415,True
CC(=O)NCCc1ccc(NC(=O)c2ccccc2)cc1,6.633786701424762,False
COc1cc(CNC(=O)c2ncoc2-c2oc3ccccc3c(=O)c2O)ccn1,3.0353129986872895,True
CN(C)S(=O)(=O)c1ccc(Nc2cc(N[C@H]3CC[C@H](N)CC3)nc3c(Cl)cnn23)cc1,3.099666111051317,True
O=C(Nc1ccc(N2CCNCC2)cc1)c1[nH]ncc1Nc1cc(Oc2ccccc2)ncn1,2.8918675626660377,True
CC(C)CCc1ccc(-c2ccc(S(N)(=O)=O)cc2)cc1,12.42592097190385,False
NS(=O)(=O)c1ccc(-c2ccc(OC(F)(F)F)cc2)cc1,3.30133518443675,True
CN1CCNN([SH](Cl)C(O)c2ccc(Nc3ncc4c(n3)-c3c(c(C(N)=O)nn3C)CC4)cc2)CC1,2.8695543207961847,True
Cc1ncc(-c2ccnc(Nc3ccc(N4CCOCC4)cc3)n2)n1C(C)C,3.0676601832667174,True
CSCCc1c(Cc2ccc[nH]2)ccc2[nH]c(O)c(C=NC=Nc3ccc(S(N)(=O)=O)cc3)c12,2.816348700001483,True
O=C(NC1CCNCC1)c1[nH]ncc1-c1cnn2ncccc12,4.766146976332145,False
CC(C)(C)Cc1cccc(-c2ccc(S(N)(=O)=O)cc2)n1,5.652272197974895,False
COc1ccc2c(=O)[nH]c(O)c(C=NCc3ccc(OC)c(O)c3)c2c1,2.77124177941947,True
CC(C(=O)Nc1cc(C2CC2)[nH]n1)c1ccc(N2CCNC2=O)cc1,3.072486126901149,True
c1ccc(Nc2ccc(N3CCCNCC3)cc2)cc1,3.4066753587625582,True
CC(C)c1ccc(CCCc2ccc(CC(=O)Nc3[nH]nc4ccc(N5CCCS5(=O)=O)cc34)cc2)cc1,6.003754325420054,False
Cn1cc(-c2cnc3c(-c4csc(C(=O)N[C@@H]5CCCC[C@@H]5N)c4)cnn3c2)cn1,4.202729113326245,False
CN1CCN(C(=O)Oc2ccc(Nc3ccccc3)nc2)CC1,3.2664627657452394,True
CC(C)(C)c1ccc(-c2ccc(S(N)(=O)=O)cc2)cc1Br,12.473321450199215,False
O=C(Nc1ccc(C(=O)C2CC2)cc1)c1ccccc1,4.042295634908465,False
COc1cc2c(cc1F)C(c1ccccc1Cl)=Nc1c(C)n[nH]c1N2,4.661048487196851,False
Cc1ccccc1C(=O)NC(=O)Cc1ccc(N2CCN(C)CC2)cc1,4.004724335082252,False
CC(=O)c1ccc(NC(=O)c2cccc(N(C)C)c2)cc1,3.471513358752928,True
C[C@@H]([C@H]([C@@H](C)S(=O)(=O)c1ccc(Nc2ncc(C(F)(F)F)c(O[C@H](C)[C@@H](C)O)n2)cc1)C(F)(F)F)[C@@H](C)O,2.9561850415696265,True
O=C(Nc1[nH]nc2nc(-c3ccc(O)cc3)ccc12)C1CC1,3.2037329788857263,True
Cc1cnc(OC2CCCCC2)nc1-c1cnc(Nc2ccccn2)s1,3.7409010946562127,False
CCN=Cc1c(O)[nH]c2ccc(C(=Nc3ccc(S(N)(=O)=O)cc3)Oc3cnco3)cc12,2.9901909638014836,True
CS(=O)(=O)c1ccc(-c2ccc(S(N)(=O)=O)cc2)cc1,2.8292873661047575,True
CC(=NC=NC(=Nc1ccc(S(N)(=O)=O)cc1)c1cnco1)c1c(O)[nH]c2ccc(-c3cnco3)cc12,2.9461230456313294,True
CC(=O)NCCc1nc(Nc2ncc(F)c(NCN(C)C)n2)ccc1C,2.930557967350252,True
CC(=O)C(C)CCCSC(=O)CC(=O)c1ccc(Nc2ncc(F)c(-c3cnc(C)n3C(C)C)n2)cc1,3.1282878703853387,True
O=C(CNC(=O)c1ccc(F)cc1)Nc1ccccc1,3.070597824528638,True
COc1ccc(C(=O)Nc2ccc(CN(C)C)cc2)cc1C,3.63188353337494,False
CC(C)=Cc1cccc2[nH]c(O)c(N=Nc3ccc(S(N)(=O)=O)cc3)c12,3.2305272015570505,True
Cc1ncc(-c2nc(Nc3ccccc3)ncc2F)n1C(C)C,3.0557740426936046,True
COc1ccc(Nc2nccc(-c3cnc(C)n3C(C)C)n2)cc1,3.0512662945079065,True
Cc1ncc(-c2nc(Nc3ccc(C(=O)CC(=O)CCC(O)C[C@H](C)[C@H](C)O)cc3)ncc2F)n1C(C)C,3.039142971299644,True
O=C(Cc1ccc(F)cc1)Nc1ccc(N2CCOCC2)cc1,3.6981030272289654,False
Cc1nc2c(F)cc(-c3nc(Nc4ccc5c(n4)CCN(C(=O)C(C)N(C)C)C5)ncc3F)cc2n1C(C)C,2.8058905894564,True
CC(=O)c1ccc(NC(=O)c2cccc(C(=O)N(C)C)c2)cc1,3.5354753570064648,False
Cc1ccccc1CC(=O)NC(=O)c1ccc(N2CCCC2)cc1,4.000927142550839,False
CC(=O)Nc1ccc(Nc2ncc3c(n2)N([C@@H]2CCC[C@@]2(C)O)C(=O)C32CC2)cc1,2.573966200244282,True
CN(C)C(=O)c1ccc(Cc2cccc(C(=O)NC3CC3)c2)cc1,6.963406709362887,False
CC(=O)N1CCC(n2cc(Nc3ncc(Cl)c(-c4cnc5ccccn45)n3)cn2)CC1,3.044198745154463,True
CC(CN(C)C)N1CCc2nc(Nc3ncc(F)c(NC(=O)C4CC4)n3)ccc2C1,2.937692461780164,True
C[C@@H](O)[C@@H](C)Oc1nc(Nc2ccc(-c3ccc(S(=O)(=O)[C@@H](C)O)cc3)cc2)ncc1C(F)(F)F,3.064324069024032,True
CC=C(C)C(CSC(=O)C(=O)c1ccc(Nc2ncc(F)c(-c3cnc(C)n3C(C)C)n2)cc1)NC,3.141048551041516,True
C[C@@H](O)[C@@H](C)Oc1nc(Nc2ccc(S(=O)(=O)CCO)cc2)ncc1C(F)(F)F,2.95224202937361,True
CNc1nc2c(nc(-c3ccccc3)n2C)c2c1ncn2C,2.856778080285553,True
CCC(=O)Nc1ccc(CNc2nc(OC3CCN(C)CC3)nc3c(C(C)C)cnn23)cc1,3.357501600893139,True
CC(C)=Cc1ccc(-c2ccc(S(N)(=O)=O)cc2)cc1,2.893516200058326,True
CN(C)C(=O)Cc1ccc(C(=O)Nc2ccccc2)cc1F,3.457574149602586,True
CC[C@H](Nc1nc(Nc2ccccc2)c2ncn(C(C)C)c2n1)[C@@H](C)O,3.081833382907002,True
Cc1cc(Nc2ccc(S(N)(=O)=O)cc2)cc(S(C)(=O)=O)c1,3.2846013456734786,True
Nc1ccc(NNc2c(S(N)(=O)=O)ccc3[nH]c(O)c(C=Nc4ccc(S(N)(=O)=O)cc4)c23)cc1,2.8890036344733128,True
C=C(C)C(=O)C(=O)c1ccc(Nc2ncc(F)c(-c3ncc(F)c(-c4cnc(C)n4C(C)C)n3)n2)cc1,3.049924753170152,True
c1ccc(-c2ccc(CN3CCCNCC3)cc2)nc1,4.308539079548892,False
Cc1ncc(-c2nc(NC(=O)CC3CC3)ncc2F)n1C(C)C,3.3003080159282074,True
CCOc1ccccc1-c1ccc(N2CCCNCC2)cc1Cl,3.4439702379666413,True
CO[C@@H](O)Oc1nc(Nc2ccc(S(=O)(=O)[C@@H](C)[C@@H](C)O)cc2)ncc1C(F)(F)F,3.0493279587476376,True
CN[C@@H]1C[C@H]2O[C@@](C)([C@@H]1OC)n1c3ccccc3c3c4c(c5c6ccccc6n2c5c31)C(=O)NC4,6.332996841938258,False
Cc1ncc(-c2nc(Nc3ccc(C(=O)N4CC[C@@H](N(C)C)C4)cc3)ncc2F)n1C(C)C,3.1250812789429947,True
O=C(Nc1ccc(Cl)c(C(F)(F)F)c1)N1CCN(c2nnc(Cc3ccccc3)c3ccccc23)CC1,3.0571682976244534,True
Cc1ccc(Nc2ncc3c(n2)CN(C(=O)C(C)C)CC3)cc1Cl,2.8306960274815807,True
COc1cccc(OC)c1C(=S)c1c(N)nc2ccc(C(=O)c3c(F)cccc3F)cn12,6.039758935586757,False
CN1CCN(c2cc(NCc3cccnc3)n3nccc3n2)CC1,4.746278331493002,False
C[C@@H](Oc1nc(Nc2ccc(S(=O)(=O)[SH](N)(=O)S(N)(=O)=O)cc2)ncc1C(F)(F)F)C(C)(C)O,3.367996733965163,True
CNc1nc2sc(-c3cccc(CNC(C)=O)c3)nc2c2c1ncn2C,3.7161210959816677,False
Clc1ccc(N2CCc3cnc(NC4CCOCC4)nc3C2)cc1Cl,2.988833551738872,True
CC(C)(C)Nc1nccc(-c2ccc(S(N)(=O)=O)cc2)n1,2.9707483905575023,True
CC(C)NC(=O)c1ccc(CN2CCN(C)CC2)cc1,4.1173559476926425,False
C[C@@H](O)[C@@H](C)Oc1nc(Nc2ccc(Nc3ccc(S(=O)(=O)C(O)F)cc3)cc2)ncc1C(F)(F)F,2.750563760395312,True
Cc1ccccc1C(=O)NC(=O)Cc1cccc(F)c1,3.194062147172468,True
CN(C)N1CCc2nc(Nc3ncc(F)c(C4CCCC4)n3)ccc2C1,2.9399931972710407,True
CCCS(=O)(=O)c1ccc(Nc2nccc(-c3cnc(C)n3C(C)C)n2)cc1,3.080876660952202,True
CC(C)c1cnc(Nc2ccc(S(N)(=O)=O)cc2)nc1C(C)C,4.472991839921013,False
COc1cc(F)ccc1-c1nc(C(=O)Nc2cc(C3CC3)[nH]n2)ncc1F,3.4512516570079366,True
Cc1ccccc1NC(=O)NC(=O)c1ccc(C(C)(C)C)cc1,3.299648011530931,True
CC(=O)Nc1ccc2ccn(-c3[nH]nnc3C3CCC(O)CC3)c2c1,3.1972916663951754,True
CC(C)CC(C)c1cccc(-c2ccc(S(N)(=O)=O)cc2)c1,12.528703723849484,False
CC[C@@H](CNC)Nc1nc2ccnn2c(N[C@H]2CC[C@H](N)CC2)c1C,3.247493494989636,True
CC(=O)Nc1ccc(CNc2nc(O[C@H]3CCCNC3)nc3c(C(C)C)cnn23)cc1,3.74401001601224,False
C=C(C)SC(C)=NNCC(=O)c1ccc(Nc2ncc(F)c(-c3cnc(C)n3C(C)C)n2)cc1,3.043016102487797,True
CC(C)=NN=CC(=O)c1ccc(Nc2ncc(F)c(-c3cnc(C)n3C(C)C)n2)cc1,3.0333331501831453,True
CNc1ccc(C(C)c2ccc(S(N)(=O)=O)cc2)cc1,3.076815886594455,True
CC1CN(c2ccc(NCc3ccccc3S(C)(=O)=O)nc2)CCN1CC(C)(C)O,3.8784422130541034,False
CN(C)C(=O)c1ccc(-c2ccc(C(N)=O)cc2)cc1,2.8359747883223423,True
NS(=O)(=O)c1cccc(COc2ccc(F)c(F)c2)c1,7.036083427589526,False
COc1ccc(Cc2nccc(N3CCN(C(=O)Nc4ccccc4)CC3)n2)cc1,4.121579551579705,False
CC(C)CC(=O)Nc1[nH]nc2c1CN(Nc1cccc(-c3cocn3)c1)C2(C)C,2.97348970067159,True
N#Cc1ccc(NC=c2[nH]cc3c2=CCNC3=O)c(C(=O)O)c1,2.7590219281477246,True
Cc1ccc(NC(=O)c2ccc(N3CCOCC3)cc2)cc1,3.572305278108244,False
CC=NC(=Nc1ccc(-c2ccc(S(N)(=O)=O)cc2)cc1)c1c(O)[nH]c2ccc(-c3cnco3)cc12,5.4581255024046476,False
CC(C)C(=O)N1CCCc2cnc(NC(=O)Cc3ccccc3)nc2C1,3.5627896373488017,False
Cc1ncc(-c2ccnc(Nc3ccc(-c4ccc(S(=O)(=O)ONS)cc4)cc3)n2)n1C(C)C,3.8066938411172555,False
Cc1ncc(-c2ccnc(Nc3ccc(-c4ccc(-c5ccc(S(C)(=O)=O)cc5)cc4)cc3)n2)n1C(C)C,3.077699627968921,True
CNC(=O)c1nn(C)c2c1C(C)(C)Cc1cnc(Nc3ccc(N4CCN(C)CC4)cc3)nc1-2,4.4494742386039245,False
C[C@H]([C@@H](C)O)[C@@H](C)Oc1nc(Nc2ccc(-c3ccc(S(=N)(=O)[C@H](C)[C@@H](C)O)cc3)cc2)ncc1C(F)(F)F,2.9223767724234357,True
O=C(c1ccccc1)N1CCCN(c2ccccc2)CC1,3.0944403371207576,True
NOc1[nH]c2ccc([N+](=O)[O-])cc2c1-c1ccc2[nH]c(O)c(N=Nc3ccc(S(N)(=O)=O)cc3)c2c1,2.9200397257571686,True
Cc1ncc(-c2nc(Nc3ccc(C(=O)N4CCCN(C)CC4)cc3)ncc2F)n1C(C)C,3.0924446640158356,True
CNS(=O)(=O)c1ccc(-c2ccc(S(N)(=O)=O)cc2)cc1,2.893435501268345,True
CC(C)C(=O)N1CCCc2cnc(Nc3ccc(Cl)cc3)nc2C1,2.843892578843299,True
O=S(=O)(NCCOCCO)c1ccc(N=Cc2c(O)[nH]c3ccc4ncsc4c23)cc1,2.7064412057164637,True
CC(=O)[N+](=CC=CC(N)=O)c1ccc(Nc2ncc(F)c(-c3cnc(C)n3C(C)C)n2)cc1,2.9488533364682596,True
O=C(Nc1ccccn1)c1ccc(N2CCCNCCC2)cc1,3.3409994013767808,True
CC(C)Cc1cccc(C(=O)c2ccc(S(N)(=O)=O)cc2)c1,3.718908442002839,False
Cc1c(N[C@H]2CCCNC2)nc2ccnn2c1Nc1ccc2c(cnn2C)c1,2.9577690917311306,True
Nc1ccc(Nc2nccc(-c3ccc(S(N)(=O)=O)cc3)n2)cc1,3.0607830697388576,True
N[C@H]1CCN(c2c3cc(-c4ccnc(NC(=O)C5CC5)c4)ccc3nc3c2[nH]c2ccccc23)C1,4.034783389477062,False
CC(C)OC(=O)N1CCn2cc(C3=C(c4cnc5ccccn45)C(=O)NC3=O)c3cccc(c32)C1,3.2316984698452322,True
Nc1ccc(CSC(=O)Nc2[nH]nc3ccc(S(N)(=O)=O)cc23)cc1,3.0617891828145174,True
CC(C)c1cccc(Nc2ccc(S(N)(=O)=O)cc2)c1,7.912897699326081,False
O=C(Cc1ccc(Cc2cccs2)cc1)Nc1cc(C2CC2)[nH]n1,3.273120987681329,True
CN=C(N)SCCCn1c(=O)c2c(c1=O)n1c3ccccc3cc1c1cccc3ccn2c31,3.2407931128043317,True
COc1ccc(CC(=O)c2ccc(S(N)(=O)=O)cc2)cc1,3.493953205181775,True
C[C@@H](Oc1nc(Nc2ccc(S(=O)(=O)S(=N)(N)=O)cc2)ncc1C(F)(F)F)C(C)(C)O,3.137385695128993,True
CC(=Nc1ccc(S(N)(=O)=O)cc1)c1ccc2[nH]c(SO)c(-c3ccc4[nH]c(O)c(-c5cnco5)c4c3)c2c1,2.9036539049962573,True
CC(=O)Nc1ccc(-c2ccc(N3CC=NCCO3)cc2)nc1,4.464972788270936,False
CNC(=O)c1cccc(Nc2cccc(N3CCOCC3)c2)c1,3.0842997584540965,True
Cn1nc(C(N)=O)c2c1-c1nc(Nc3ccc(N)cc3)ncc1CC2,2.6881675915016885,True
CN1CCC(Oc2nc(Nc3ccc([S+]([O-])C4CC4)cc3)ncc2C(F)(F)F)CC1,2.895353864383421,True
CC(=O)Nc1ccc(-c2ccc(N3CCOCC3)cc2)cc1,4.274257128437635,False
Cn1nc(C(N)=O)c2c1-c1nc(Nc3ccc(-c4ccc(NSc5ccccc5Br)cc4)cc3)ncc1CC2,2.599549576368955,True
c1cc(NNc2ccc3c(n2)CCN(C[C@@H]2CNCCO2)C3)ncc1N1CCN(CC2CC2)CC1,2.9090226881205274,True
Cc1ccccc1Nc1ccc(N2CCN(C)CC2)cc1,3.272271535187754,True
CC(C)C(=O)Nc1nc(OCC2CCCCC2)c2[nH]cnc2n1,4.895776649317244,False
Cc1cc(CNC(=O)c2nn(C)c3c2CCc2cnc(Nc4ccc(N5CCN(C)CC5)cc4)nc2-3)ccn1,4.160704387480564,False
CN(C)CC(=O)NCc1cccc(-c2ccccc2)c1,3.161620628728248,True
NS(=O)(=O)c1ccc(-c2ccc(S(N)(=O)=O)cc2)cc1,2.731100510783156,True
CCC(=O)N1CCc2cnc(NC(=O)c3ccc(Cl)cc3)nc2C1,3.3013176157407234,True
CCOc1cc(NC(=O)Nc2ccccn2)cc(OC)c1OC,3.0264779860425195,True
CC(C)NC(=O)O[C@@H]1CCC(c2cc(NC(=O)Cc3ccccc3S(C)(=O)=O)[nH]n2)C1,4.420190154280696,False
C[C@@H]1C[C@H]2CN1CCn1[nH]c3c(cccc3c1=O)-c1nc3c(cccc3[nH]c1=O)O2,5.556418720722905,False
Cc1ncc(-c2nc(NCC(C)C)ncc2F)n1C(C)C,2.8418574911490544,True
COC(=O)c1ccc2[nH]c(O)c(C=Nc3ccc(S(N)(=O)=O)cc3)c2c1,2.78313061137993,True
Cc1nc2c(F)cc(-c3nc(Nc4ccc5c(n4)CCN(CC=NO)C5)ncc3F)cc2n1C(C)C,2.835505069648084,True
CC(C)n1cc(-c2ccnc3[nH]c(C4CCN(CC(=O)N5CCCCC5)CC4)cc23)ccc1=O,3.027617214906808,True
CNC(=O)c1ccc(-c2ccc(S(N)(=O)=O)cc2)cc1,2.7314811000627497,True
O=C(Cc1cccc(F)c1)Nc1ccc(N2CCCCC2)cc1,4.482222774472504,False
COc1ccccc1-c1ccc(CN2CCCNCC2)c(F)c1,3.8585626857678483,False
CC(C)Cc1cc(-c2ccc(S(N)(=O)=O)cc2)nc(N)n1,3.374991703693509,True
Cc1nc2c(F)cc(Cc3[nH]nc4[nH]c(=S)[nH]c(=S)c34)cc2n1C1CC1,4.902560759439912,False
Cc1ncc(-c2nc(NCCC(N)=O)ncc2F)n1C(C)C,3.0171209786815023,True
O=C(Cc1ccccc1)Nc1c[nH]nc1C(=O)Nc1ccc(F)cc1,3.0358527632281547,True
C[C@@H]1CN(c2ccc(Nc3c[nH]c4ccccc34)nc2)C[C@H](C)N1C[C@@H](C)O,3.293979659925058,True
C[C@@H](O)[C@@H](C)Oc1nc(Nc2ccc(S(C)(=N)=O)cc2)ncc1C(F)(F)F,2.999764324076141,True
CNC(=O)c1nn(C)c2c1C(C)(C)Cc1cnc(Nc3ccc(CO)c(O)c3)nc1-2,2.8377491080079627,True
CN=C(C)SC(=O)C(=O)c1ccc(Nc2ncc(F)c(-c3cnc(C)n3C(C)C)n2)cc1,3.0173408823001795,True
CC(C)Oc1ccc(-c2ccc(S(N)(=O)=O)cc2)cc1Br,3.4098829891947915,True
CN1CCN(c2ccnc(Nc3ccc(S(N)(=O)=O)cc3)n2)CC1,2.973572598743807,True
Cc1cccc(CC(=O)Cc2ccc(S(N)(=O)=O)cc2)c1,7.690974710659239,False
CC(=CC(=O)c1ccc(Nc2ncc(F)c(-c3cnc(C)n3C(C)C)n2)cc1)c1cnc(C)n1C(C)C,3.0619846505167265,True
O=C(Nc1cccc(Cl)c1)N1CCN(c2ccccc2)CC1,3.551555997024407,False
O=C(Nc1ncc2c(n1)CN(C(=O)C1CCC1)CC2)c1ccccc1,3.27168014940336,True
COc1ccc(N2CCN(c3cccc(CN)c3)CC2)cc1,3.535320777525005,False
CC(C)=Cc1cccc2[nH]c(O)c(N=Nc3cccc4[nH]c(O)c(SN=Nc5ccc(S(N)(=O)=O)cc5)c34)c12,2.9686006804553573,True
COC1CCN(c2nccc(Nc3cc4c(ccn4C(=O)c4c(F)cccc4Cl)cn3)n2)CC1,2.67703212532088,True
COc1cccc(C(C)c2ccc(S(N)(=O)=O)cc2)c1,4.859017184575506,False
COc1ccccc1-c1ccc(N2CCNCC2)cc1,4.893804246187211,False
O=C(NN1CCOCC1)c1ccc(-c2ccc(F)cc2)cc1,5.100794938046429,False
COc1cccc(N2CCCN(C(=O)Nc3ccc(OC)c(OC)c3)CC2)c1,3.3949861560837036,True
CC(C)=Cc1ccc(Nc2ncc(F)c(-c3cnc(C)n3C(C)C)n2)cc1F,3.0244816084744186,True
c1ccc2c(c1)Cc1c(-c3ccncc3)n[nH]c1-2,6.503696564262513,False
CC(C)c1ccc(-c2ccc(S(N)(=O)=O)cc2)cc1Br,12.124704779911132,False
Cc1cc(N2C(=O)CCCC2=O)c2oc(-c3ccc(O)c(O)c3)c(O)c(=O)c2c1,2.803275940752179,True
CC1CCN(c2ccc(N3CCCNCC3)cc2Cl)CC1,3.9522722578283997,False
CC(C)c1cnn2c(Nc3cccnc3)nc(NC3CCNCC3)nc12,2.733584460008508,True
CC(C)COC(=O)c1ccc2[nH]c(O)c(C=Nc3ccc(S(N)(=O)=O)cc3)c2c1,3.0401496673683654,True
NS(=O)(=O)c1ccc(-c2c(N=O)[nH]c3ccc(NNSc4c(O)[nH]c5ccc([N+](=O)[O-])cc45)cc23)cc1,4.646759408447999,False
C[C@H](Nc1nc(Nc2ccc(S(C)(=N)=O)cc2)ncc1Br)C(C)(C)O,2.743579778318827,True
COc1ccc(-c2ocnc2C(=O)Nc2ccc(N3CCN(CC4CC4)CC3)cn2)cc1Cl,3.192617108267136,True
NCCCn1nc(C(N)=O)c2c1-c1nc(Nc3ccccc3)ncc1CC2,3.172125155160186,True
CCc1ccc(N=Cc2c(O)[nH]c3ccc(C(C)=NC(C)C(=O)c4ccc(S(N)(=O)=O)cc4)cc23)cc1,3.2006996110225687,True
Cc1ccc(CC(=O)NC(=O)c2ccc(F)cc2)cc1,3.9165196284456405,False
CC(=O)Cc1ccc(C(=O)Nc2ccc(C(=O)N(C)C)cc2)cc1,2.9733800631604397,True
CN1CCC(NC(=O)c2ccc(-c3cccc(Cl)c3)cc2)CC1,5.465599052254013,False
COC(=O)Nc1ccc(Cc2ccc(N3CCN(C)CC3)cc2)cc1,6.411983000601304,False
CCc1cnn2c(NCc3ccc[n+]([O-])c3)cc(C3CC(S)CC[C@H]3CN3CCCC[C@H]3CCO)nc12,5.08927715889006,False
CC(C)c1ccc(C(=O)N2CCCN(c3ccc(C(=O)O)cc3)CC2)cc1,3.2059670927818367,True
CC(=O)N1CCC(CNc2ccc(-c3ccccc3)cn2)CC1,4.723795613698799,False
Cc1nc2c(F)cc(N3CCC(O)CC3)cc2n1CC1CC1,4.223876655396087,False
CC(C)NC(=O)c1ccc(OCc2ccccc2)cc1,3.910549194166979,False
N[C@H](CNc1nnc(C2CCNCC2)s1)Cc1ccc(C(F)(F)F)cc1,3.45471113119462,True
CC(C)n1cnc2c(-c3ccc(NC(=O)C4(F)CC4)cc3)nc(NCCO)nc21,3.848550246521406,False
CC(C)=Cc1cccc2[nH]c(O)c(N=Nc3ccc(-c4ccc(S(N)(=O)=O)cc4)nc3)c12,3.099928063681479,True
CN(C)S(=O)(=O)c1ccc(Nc2cc3[nH]c(-c4cn[nH]c4)cc3cn2)cc1,3.137952517167845,True
O=C(Cc1ccc(Br)cc1)Nc1[nH]nc2ccc(N3CCCS3(=O)=O)cc12,3.0781700732740522,True
CN1CCN(c2ccc(N3CCCNCC3)cc2)CC1,4.043494651906942,False
Cc1cccc(NC(=O)N2CCN(COc3ccccc3)CC2)c1,6.246868815654765,False
Cc1c(NC2CCCNC2)nc2ccnn2c1Nc1ccc(F)c(Cl)c1,2.880607574800844,True
O=C(c1ccccc1)c1ccc(C(=O)N2CCCC2)cc1,3.75528347798139,False
Cc1nnc(-c2cccc(-c3cnn4ccc(NCCN)nc34)c2)o1,3.443235397122892,True
CC[C@H](CO)Nc1nc(NCc2ccc(NC(=O)C3(F)CC3)cc2)n2ncc(C(C)C)c2n1,3.0701662821417344,True
CNC(=O)c1ccc(Nc2nccc(-c3cnc(C)n3C(C)C)n2)cc1,3.118160355081186,True
C[C@H](CO)Nc1nc(Nc2ccc(S(C)(=O)=NS(=O)(=O)CC[Si](C)(C)C)cc2)ncc1Br,2.9552449983038684,True
C=CC(=O)Nc1ccc(OC(=O)N2CCCC(Nc3ncc(SCc4ncc(C(C)(C)C)o4)s3)C2)cc1,4.207739654493851,False
O=C(NCc1ccc(N2CCCCC2)cc1)c1ccccc1,3.2594240288738145,True
CNC(=O)c1cccc(C(=O)Nc2cccc(N3CCOCC3)c2)c1,3.49749338812813,True
CS(=O)(=O)c1cccc(-c2ccc(S(N)(=O)=O)cc2)n1,3.2707022181788457,True
Cn1cc(C2=C(c3cn(CC(O)CO)c4ccccc34)C(=O)NC2=O)c2ccccc21,2.8422044261453108,True
O=C(c1ccccc1)N1CCN(Nc2ccccc2)CC1,3.2818295202523893,True
CC(C)(C)c1ccc(CC(=O)Nc2ccc(S(N)(=O)=O)cc2)cc1,4.61856969201505,False
C=C(C)n1c(-c2nc(NC3CCN(C)CC3)ncc2F)cnc1C,3.1141311789968,True
CN(C)C(=O)c1ccc(C(=O)NCCc2ccc(F)cc2)cc1,3.918887980026988,False
CC(C)OC(=O)c1ccc(-c2ccc(S(N)(=O)=O)cc2)cc1,2.862312701295931,True
NS(=O)(=O)c1ccc(Cc2ccc(N3CCOCC3)cc2)cc1,3.7798476159760703,False
CC(C)n1cnc2c(NCC3CCCC3)nc(NCC(O)C(F)(F)F)nc21,3.076019180694431,True
COC(C(=O)N1Cc2[nH]nc(NC(=O)c3ccc(N4CCN(C)CC4)cc3)c2C1)c1ccccc1,3.3588078242138235,True
CC(=O)Nc1ccc(Cc2ccc(S(C)(=O)=O)cc2)cc1,4.594281989604036,False
CNOC(=O)C1CCC(c2nccc(-c3cnc(C)n3C(C)C)n2)CC1,3.1501431713495154,True
COC(=O)c1ccc2[nH]c(O)c(C(=O)c3ccc4[nH]c(O)c(N=Nc5ccc(S(N)(=O)=O)cc5)c4c3)c2c1,3.5161653829136097,False
C=C(CCN(C)C)N1CCc2nc(Nc3ncc(F)c(-c4cc(F)c5nc(C)n(C6CC6)c5c4)n3)ccc2C1,2.911307266504178,True
Cc1ccc(C(=O)N2CCN(Nc3ccccc3)CC2)cc1,3.3497458112519527,True
CN1C/C=C/CCOc2cccc(c2)-c2ccnc(n2)Nc2cccc(c2)C1,2.9053972189702404,True
CON1CCN(C(=O)Oc2ccc(Nc3ccccc3)nc2)CC1,3.2919588393538657,True
CCCC(=O)Nc1nc(Nc2ccc(N3CCN(C(C)=O)CC3)cc2OC)ncc1Br,3.0054838212840242,True
COS[C@H](Oc1nc(Nc2ccc(S(=O)(=O)[C@@H](C)[C@@H](C)O)cc2)ncc1C(F)(F)F)[C@@H](C)OF,2.873841679703318,True
NS(=O)(=O)c1ccc(Nc2nccc(-c3cnc4ccccn34)n2)cc1,3.0827769948538277,True
C=C(C)C(C)CC(=O)c1ccc(Nc2ncc(F)c(-c3cnc(C)n3C(C)C)n2)cc1,3.0119385783910047,True
COc1cc(N2CCN(C)CC2)ccc1Nc1ccccc1F,3.1441210218437803,True
C[C@@H]1CN(c2ccc(Nc3ncc4cc5n(c4n3)C3(CCCCC3)CNC5=O)nc2)CCN1C,4.4838739946613115,False
Nc1nc(Nc2ccc(S(N)(=O)=O)cc2)nc(OCC2CCCCC2)c1N=O,2.831777533635017,True
O=C(N=C1NNC2=CC=CC21)C1CC1,3.31326802417191,True
Cc1ccccc1Nc1ccnc(N2CCOCC2)n1,6.534441751213336,False
CC(C)(C)c1cc2cnc(Nc3ccc(N4CCCNCCC4)cn3)nc2n1C1CCCC1,3.1906909909923966,True
O=C(c1nc2c(OCC3CCNCC3)c(Br)cnc2[nH]1)c1cccs1,2.70924841976516,True
O=C(NC1CCNCC1)c1[nH]ncc1NC(=O)c1c(Cl)cccc1Cl,2.7367005682025196,True
COc1ccccc1NC(=O)c1cccc2c1OCCC2,5.57977705647815,False
CNc1ccc(N=Cc2c(N)ccc3[nH]c(O)c(NCc4ccc(S(N)(=O)=O)cc4)c23)cc1,3.479990373549902,True
CN1C/C=C/CCOc2cc(ccn2)-c2ccnc(n2)Nc2cccc(c2)C1,3.0283584662321608,True
CN1CCN(c2ccc(NC(=O)c3ccccc3)cc2)CC1,4.060645884585358,False
O=C(NN1CCN(C(=O)c2ccccc2)CC1)c1ccccc1,3.3179566000778307,True
CNC(=O)c1ccc(-c2ccc(N3CCN(C)CC3)cc2)cc1,4.484041926655011,False
Cc1nc2c(F)cc(-c3nc(Nc4ccc5c(n4)CCN(CCC(N)NO)C5)ncc3F)cc2n1C(C)C,2.733918250423747,True
Nc1ccc2[nH]c(O)c(C=CC=Nc3ccc(-c4[nH]ccc4S)cc3)c2c1NNc1ccc(S(N)(=O)=O)cc1,3.185604024357085,True
Cc1cccc(Nc2ccccc2N2CCOCC2)c1,6.945755898388603,False
COc1cc(F)ccc1NC(=O)Oc1ccc(C)cc1,3.1041169436733553,True
NS(=O)(=O)c1ccc(N=NN=NN=NN=Nc2c(=O)[nH]c3ccc4[nH]cccc4c23)cc1,2.813984363851373,True
O=C(Nc1ccccn1)c1ccc(N2CCCNCC2)cc1,3.223871275345844,True
Cc1cc(Nc2ncc(Br)c(N[C@H](C)[C@H](C)O)n2)ccc1S(C)(=N)=O,3.0243187662678723,True
CCc1ccccc1-c1ccc(N2CCCNCC2)cc1,10.725880569911261,False
CC(C)(C)c1nccc(-c2ccc(S(N)(=O)=O)cc2)n1,4.433747399209838,False
Cc1ccc(Nc2nccc(-c3cnc(C)n3C(C)C)n2)cc1,2.96239869025086,True
CC(=O)N1CCN(Cc2cccc(C(=O)Nc3ccc(Cl)cc3)c2)CC1,3.943531539115675,False
CSC(=O)Nc1ncc(F)c(-c2cnc(C)n2C(C)C)n1,3.2424307240093815,True
COc1cc(N2CCN(C(C)=O)CC2)ccc1Nc1ncc(C)c(C2CCC(N)CC2)n1,3.0140993679704735,True
CN1CCC(OCc2ccc(Nc3ncc(F)c(-c4cc(F)c5nc6n(c5c4)C(C)(C)CC6)n3)nc2)CC1,2.9933100407408544,True
CNC(=O)Nc1ncc2c(n1)-c1c(c(N(C)[C@H](C)CC[C@@H](C)N)nn1C)CC2,4.519587923693929,False
CC(C)(N)C(C)(C)OC(=O)N1CCN(c2ccccc2)CC1,3.8985406243875462,False
CC(=O)N1CCc2nc(-c3nc(NC4CCN(C)CC4)nc4c(C(C)C)cnn34)ccc2C1,3.688722949748329,False
NS(=O)(=O)c1cncc(-c2nc(NCc3ccccn3)c3c(-c4ccccc4)cccc3n2)c1,3.17411499476626,True
C[C@H](Nc1nc(Nc2ccc(S(=N)(=O)CCO)cc2)ncc1Br)C(C)(C)O,2.9967515746221003,True
Cc1ncc(-c2cc(NC(C)C)ncc2F)n1C(C)C,2.967685293288356,True
CCOC(=O)N=S(C)(=O)Cc1cccc(Nc2ncc(F)c(-c3cccc4c3OCCC4)n2)c1,3.029923596396456,True
O=C(NCc1ccccc1)N1CCN(c2ccccc2Cl)CC1,3.1179716162916002,True
Cc1cccc(N2CCN(C(=O)NCc3ccccc3C)CC2)c1,2.921349345764737,True
CNC(=O)c1ccc(Nc2nccc(N3CCN(C(=O)Nc4ccccc4)CC3)n2)cc1,3.718792277070611,False
CCc1c(C(=O)NCCc2ccc(N3CCOCC3)cc2)[nH]c2ccc(C)cc12,3.3735420554663347,True
CN1CCN(C(=O)c2ccc(CNc3ccc(Cl)cc3)cc2)CC1,4.878630238089376,False
COc1cc(N2CCCNCC2)cc(N2CCOCC2)c1OC,3.4061381357778275,True
O=C(c1cccc(Nc2ccccc2)c1)N1CCOCC1,3.0370686525003037,True
Cc1ccc(CC(=O)Nc2ccc(N3CCOCC3)cc2)cc1,3.749646650019171,False
Cc1ncc(OCc2ccc(S(N)(=O)=O)cc2)n1C(C)C,4.5828614423741865,False
CC(C)(C)c1ccc(Nc2nccc(NC3CCCC(N)C3)n2)cc1,3.065047797343463,True
CNC(=O)c1ccc(-c2ccc(N3CCCOCC3)cn2)cc1,3.545030747398399,False
C=C(C)c1ccc2c(c1)c(CNC(=O)C1CCN(C)CC1)cn2C,3.9100120204418776,False
CC(C)CCc1ccc(Oc2ccc(S(N)(=O)=O)cc2)cc1,4.004807486009783,False
CC(C)N(C)c1ccc(-c2ccc(S(N)(=O)=O)cc2)cc1,5.622519541984708,False
O=C(Cc1cccc(Cl)c1)NC(=O)c1cccc(F)c1,3.072563424894591,True
CN(C)CC(=O)N1CCc2nc(Nc3ncc(F)c(-c4ccccc4O[N+](=O)[O-])n3)ccc2C1,3.065288404049445,True
CNC(=O)c1ccccc1N(C)C(=O)c1ccc(C)cc1,3.8894782426438637,False
CC(=O)NCc1ccc(-c2ccccc2NC(C)=O)cc1,9.266437611077947,False
CC(C)N(C)C(=O)c1ccc(Nc2ccccc2)cc1,3.0119331001866567,True
c1ccc(Cc2nnc3sc(SSc4nn5c(Cc6ccccc6)nnc5s4)nn23)cc1,5.0439566810193766,False
CCc1cnn2c(NCc3ccc[n+]([O-])c3)cc(C3CCCC[C@H]3C3CCCC[C@H]3CCCO)nc12,4.986319484349157,False
Cc1ncc(-c2nc(NCC3CC3)ccc2F)n1C(C)C,3.0671036826295954,True
O=C(Nc1cccc(N2CCCC2)c1)c1cccc(Cl)c1,3.4475808910016883,True
O=C(Nc1ccccc1)c1cccc(N2CCCC2)c1,3.5430472760040885,False
O=C(Nc1ccc(N2CCOCC2)cc1)C1CCCC1,3.3532758610051836,True
C1=C/COCc2cc(ccc2OCCN2CCCC2)Nc2nccc(n2)-c2csc(c2)COC/1,3.033898811760216,True
ClC1CCN(C2OCc3ccc(Nc4nccc(N5CCNCC5)n4)cc32)CC1,2.763562917684344,True
Cc1ncc(-c2ccnc(Nc3ccc(C(N)=O)cc3)n2)n1C(C)C,3.1328186988716773,True
CC(C)C(=O)N1CCN(c2ccc(N3CCC(O)CC3)cc2)CC1,3.6857927234178582,False
CC(=N)CCC(=O)CC(=O)c1ccc(Nc2ncc(F)c(-c3cnc(C)n3C(C)C)n2)cc1,2.9942929048441487,True
NS(=O)(=O)c1ccc(NC(=O)Cc2ccc(F)cc2)cc1,6.759891345280632,False
CC(C)C(=O)N1CCc2cnc(NCc3ccccc3)nc2C1,2.836362635489335,True
CC(C)N(C)c1ccc(C(=O)Nc2ccccc2)cc1,3.317695133673376,True
C=C(N=C(c1cnco1)C(C)CC)c1ccc2[nH]c(O)c(C=Nc3ccc(S(N)(=O)=O)cc3)c2c1,6.128295766361149,False
Cc1ncc(-c2ccnc(Nc3ccc(C(=O)N(C)C)c(F)c3)n2)n1C(C)C,3.5440380923460797,False
O=C(NC(=S)Nc1ccc(Cl)cc1)c1cn(-c2ccccc2)nc1-c1ccc(Cl)cc1,3.837380617035541,False
O=C(c1cccc(-c2ccc(CO)cc2)c1)N1CCOCC1,5.602725051258542,False
NS(=O)(=O)c1ccc(Nc2ncc(C3CCCC3)cn2)cc1,4.778286826886811,False
NC(=O)n1cc(C(=O)NC(=S)Nc2ccc(Cl)cc2)c(-c2ccc(Cl)cc2)n1,4.795909298558511,False
Oc1ccc(N2CCC(O)CC2)cc1-c1nc(OCC2CCCCC2)c2[nH]cnc2n1,2.9878383490409908,True
CN(C)CCNS(=O)(=O)c1ccc(Nc2cccc(-c3cnc4ccccn34)c2)cc1,3.1256426539193582,True
CNC(=O)c1nn(C)c(-c2nc(Nc3cccc(S(N)(=O)=O)c3)ncc2C)c1C(C)C,3.1205598856615526,True
CCNC(=O)c1ccc(-c2ccc(N(C)C)cc2)cc1,4.8709835762400155,False
O=C(Cc1ccccc1)Nc1[nH]nc2ccc(NC(=O)C3CCC3)cc12,3.1306770833160122,True
NS(=O)(=O)c1ccc(CN2CCc3ncccc3C2)cc1,2.871755734737898,True
Cc1cc(Nc2cnc(C#N)c(N[C@@H](C)c3ccc(F)cn3)n2)[nH]n1,3.009577711241229,True
CN=S(C)(=O)c1ccc(Nc2ncc(Br)c(N[C@H](C)[C@H](C)O)n2)cc1,2.9912019323342287,True
COc1cc(F)ccc1Nc1ncc2c(n1)N([C@@H]1CCC[C@@H](O)C1)C(=O)C21CC1,2.909121001264812,True
CCCOc1ccc(-c2ccc(S(N)(=O)=O)cc2)cc1,3.4066480593099175,True
O=C(Cc1ccc(O)cc1)Nc1[nH]nc2ccc(Nc3[nH]nc4ccc(N5CCCS5(=O)=O)cc34)cc12,2.8010051767178172,True
CN(C)C(=O)c1ccc(-c2ccc(S(N)(=O)=O)cc2)cc1,2.8426361005235945,True
Cc1ccc(F)c(C(=O)Nc2ccc(N3CCOCC3)cc2)c1,3.5157895272612696,False
CC(C)=C(C)c1ccc(C(=O)c2ccc(Nc3ncc(F)c(-c4cnc(C)n4C(C)C)n3)cc2)cc1,3.6090692706014953,False
COc1ccc(-c2ccc(N3CCNCC3)cc2)c(OC)c1,4.093616860430392,False
CN1CCN(c2nc(-c3ccc(N4CCCNCC4)cc3)ncc2F)CC1,3.9839897088220506,False
CN(C)CCCS(=O)(=O)c1ccc(Nc2nccc(Nc3ccc(F)cc3)n2)cc1,3.1155473034444574,True
CC(C)C(F)(F)c1cccc(-c2ccc(S(N)(=O)=O)cc2)c1,12.079308299733055,False
C=C(C)c1nccc(-c2cc(NC)c(OC)c(OC)c2)n1,3.758490654504814,False
CS(=O)(=O)C=Cc1cccc(-c2ccc(S(N)(=O)=O)cc2)c1,4.7447681713651795,False
O=C(O)c1ccc(-c2nccc(C(=O)N3CCCC3)n2)cc1,4.848967931426231,False
CN1CCN(Cc2ccc(C(=O)NC3CCC3)cc2)CC1,4.285475586209782,False
C1=C/COCc2cncc(c2)-c2ccnc(n2)Nc2cccc(c2)COC/1,4.075512851163643,False
CC(CNc1ccc(C(=O)C(C)C)cc1)=Nc1ccc(Nc2ncc(F)c(-c3cnc(C)n3C(C)C)n2)cc1,3.1027360506494883,True
Nc1ncccc1-c1nc2ccccc2[nH]1,6.1553444257815535,False
CCC(C)c1cccc(-c2ccc(S(N)(=O)=O)cc2)c1,12.532749339231195,False
Cc1ncc(-c2nc(Nc3ccc(C(=O)N4CC[C@H](N(C)C)C4)cc3)ncc2F)n1C(C)C,3.0429083127823637,True
COc1cc(N2CCN(C(=O)O)CC2)ccc1-c1ccccc1,3.7280670594827074,False
O=S(=O)(NCCO)c1ccc(N=Cc2c(O)[nH]c3ccc4ncsc4c23)cc1,2.7156925451898988,True
N=C1NC(=O)/C(=C/c2ccc(-c3ccc(CCO)c(C(F)(F)CF)c3)o2)S1,3.2532981726242083,True
CCc1cnn2c(NCc3ccc[n+]([O-])c3)cc(N3CCCC[C@H]3CN3CCC4C[C@H]3CC4CCO)nc12,3.067806219434334,True
COc1cc(N2CCON(c3ccnc(N)n3)CC2)ccc1C(C)C,3.3726098203023755,True
CN(CCc1nn(C(C)(C)C)c2ncnc(N)c12)C(C)(C)C,2.9332018341737047,True
CC(C)C(=O)N1CCN(c2ccc(NC(=O)O)cc2)CC1,3.7103808429863436,False
c1cnc(N2CCOCC2)c(-c2ccc(N3CCCNCC3)cc2)c1,3.9988172001230535,False
NS(=O)(=O)c1ccc(-c2ccc(N3CCCS3(=O)=O)cc2)cc1,3.10325989888053,True
CC(C)c1ccc(Nc2ccc(S(N)(=O)=O)cc2)cc1F,7.030460084517942,False
Cc1ncc(-c2ccnc(Nc3ccc(-c4ccc(C(N)=O)cn4)cc3)n2)n1C(C)C,3.3307981025574005,True
Cc1cccc(CCNC(=O)c2cc(C)ccc2F)c1,3.7234416874714173,False
Cc1ncc(-c2cc(NC3CCOCC3)ncc2F)n1C(C)C,2.9080610378738676,True
CC(C)NCc1cccc(F)c1-c1ccc(C(=O)NC(C)C)nc1,3.913046511351486,False
Cc1ncc(-c2nc(NC(=O)N(C)C)ncc2F)n1C(C)C,3.2889285489350484,True
COc1ccc(C(=O)Nc2ccc(Cl)cc2)cc1OC,3.5500846468781604,False
CN1CCN(NNSc2cnc(Nc3ncc4c(n3)-c3c(c(C(N)=O)nn3C)CC4)nc2)CC1,3.0794825864096036,True
COc1cccc(N2CCN(c3ccc(O)cc3)CC2)c1,3.470428503801807,True
COc1ccc(Nc2ccc(S(=O)(=O)N(C)C)cc2)cc1,3.1944083959318688,True
O=c1cc(-c2ccc(O)c(O)c2)oc2cc(O)cc(O)c12,2.8031655320369464,True
N[C@H]1CC[C@H](Nc2nc(Nc3ccccc3)c3ncn(C4CCCC4)c3n2)CC1,2.785253668878294,True
N[S+]([O-])c1cccc2[nH]c(O)c(N=Nc3ccc(N=Nc4ccc(S(N)(=O)=O)cc4)cc3)c12,2.7834622325442138,True
CC(=O)Nc1cccc(C(=O)N2CCN(c3ccc(C(C)C)cc3)CC2)c1,3.6634172571521324,False
CN1CCN(c2ccc(NC(=O)Cc3cccc(Cl)c3)cc2)CC1,3.236910409634474,True
Cc1ncc(-c2ccnc(Nc3ccc(C(=O)NCCO)cc3)n2)n1C(C)C,3.1247215875978434,True
Cc1cc(CNC(=O)c2nn(C)c3c2CCc2cnc(NCc4cccnc4)nc2-3)ccn1,4.116559485784205,False
CN1CCC(Cc2cn(C)c3ccc(C(N)=O)cc23)CC1,2.986343248858043,True
O=C(c1ccccc1)N1CCN(c2ccccc2)CC1,3.37427458870792,True
CC(C)(C)Cc1ccc(Nc2ccc(S(N)(=O)=O)cc2)cc1,6.74252163511546,False
CC(=O)Nc1cccc(C(=O)N2CCN(c3ccccc3)CC2)c1,3.8263415947873765,False
COC(=O)[C@@]1(Cc2ccc(O)c(CC=C(C)C)c2)OC(=O)C(=O)C1c1ccc(O)cc1,2.3607276420629315,True
CCc1cnn2c(NCc3ccc[n+]([O-])c3)cc(N3CCCC[C@H]3N3CCCC[C@H]3CCO)nc12,4.503866117015466,False
NC(=O)c1ccc(-c2cccc(C(=O)N3CCCC3)c2)cc1,5.984542254842891,False
Nc1ccc2[nH]c(O)c(NCc3ccc[nH]3)c2c1N=NNNc1ccc(S(N)(=O)=O)cc1,3.1841918912025466,True
CC(C)C1CCN(c2ccc(Nc3ncc4cc5n(c4n3)C3(CCCCC3)CNC5=O)nc2)CC1,4.405196363387228,False
O=C(Cc1[nH]nc2ccc(N3CCCS3(=O)=O)cc12)Nc1[nH]nc2ccc(N3CCCS3(=O)=O)cc12,2.8505474912725095,True
CCc1cccc(NC(=O)c2ccnc(C)c2)c1OC,3.3699836794857023,True
CNC(=O)Cc1ccccc1C(=O)N1CCCCCCC1,3.1983067395107683,True
CN(C)CC(=O)Nc1ccccc1-c1cccc(C(=O)N2CCOCC2)c1,5.083607872367812,False
CN(c1ccc(-c2ccc(S(N)(=O)=O)cc2)cc1)C1CC1,3.4732977125492726,True
O=C(Nc1ccccc1)C1CCN(C(=O)c2ccc(F)cc2)CC1,3.6019476675820874,False
CN1CCN(c2ccc(NC(=O)c3ccccn3)cc2)CC1,4.147747460972043,False
CN(C)CC(=O)Nc1cccc(-c2cccc(N(C)C)c2)c1,3.190575653389219,True
CCN(CC)C1CCN(c2ccc(CCO)nc2)CC1,3.948514404177856,False
CS(=N)(=O)Cc1cccc(Nc2ncc(F)c(-c3cccc4c3OCCC4)n2)c1,3.1446274819126065,True
COc1cc(-c2cc(OC)c3c(F)ccc4c3c2C(=O)N4)cc(OC)c1OC,5.233980320941223,False
NS(=O)(=O)c1ccc(NC(=O)Nc2ccccc2)cc1,3.05949505637777,True
O=C(Nc1[nH]nc2cc(-c3ccc(O)cc3)ccc12)C1CC1,2.792301201518206,True
CN(C)C(=O)c1ccccc1Nc1ccc(N2CCOCC2)cc1,4.413187170288613,False
COCCOCCOCCOCCN(C)S(=O)(=O)c1ccc(N=Cc2c(O)[nH]c3ccc4ncsc4c23)cc1,2.7142361724802035,True
O=C(c1cc(Cc2ccccc2)ccc1O)N1CCCCC1,5.376039527384443,False
Cc1ccccc1C(=O)NC(=O)Cc1ccccc1F,5.147422850320343,False
CCc1cnn2c(NCc3ccc[n+]([O-])c3)cc(N3CCCC[C@H]3CN3CCCC[C@H]3SSCO)nc12,3.635344962998702,False
CN(C)c1ccc(Nc2ccc(N3CCOCC3)cc2)cc1,3.124407303793796,True
CNC(=O)c1ccc(Nc2ccc(F)cc2OC)cc1,3.14447420088002,True
CNCc1ccc(C(C)c2ccc(S(N)(=O)=O)cc2)cc1,4.967319397824149,False
CC(C1CC1)n1cnc2c(NCc3cccc(C(F)(F)F)c3)nc(NCCC#N)nc21,3.9275934107287616,False
CC(=O)N1CCC(C(=O)Nc2ccc(CN(C)C)cc2)CC1,3.5323827652167052,False
C=C(C)c1ccc2c(c1)c(CCNC(=O)N1CCC(N)CC1)cn2C,3.2868638548014126,True
O=C(OCc1ccccc1)N1CCN(Nc2ccccc2)CC1,3.6156206936015853,False
CCn1c(-c2nc(NC(=O)CC(C)(C)C)ncc2F)cnc1C,3.1817462186667247,True
Cc1ncc(-c2nc(Nc3ccc(N4CCOCC4)cc3)ncc2F)n1C(C)C,3.109090703083457,True
COc1cc(N2CCN(C(C)=O)CC2)ccc1Nc1ccccc1,3.6173795764337537,False
Cn1cc(CCC(=O)N2CCCCNCC2)c2cc(C3CC3)ccc21,3.482737141961765,True
NS(=O)(=O)c1ccc(N=NSC(=O)c2c(=O)[nH]c3ccc4[nH]cccc4c23)cc1,4.282413455050788,False
CCC(C)Nc1ncc(F)c(-c2cnc(C)n2C(C)C)n1,3.0688597230893424,True
CC(C)=CC=Cc1ccc(N=C(N)c2ccc(Nc3nccc(-c4cnc(C)n4C(C)C)n3)cc2)cc1,3.0936950399158634,True
COC(=O)Nc1ncc(F)c(-c2cnc(C)n2C(C)C)n1,3.282072515956954,True
C=C(C)N=CS[SH](N)C(=O)CC(=O)c1ccc(Nc2ncc(F)c(-c3cnc(C)n3C(C)C)n2)cc1,3.0529477558582654,True
CCOC(=O)N=S(C)(=O)Cc1cccc(Nc2ncc(F)c(-c3ccc(F)cc3OC)n2)c1,2.992367123198625,True
c1cc(N2CCNCC2)nc(Nc2ccc3c(c2)C(C2CCCCC2)OC3)n1,2.9925149957853217,True
O=C(c1ccccc1)c1cccc(N2CCCNCC2)c1,3.251329727972852,True
NS(=O)(=O)c1ccc(N=Nc2c(O)[nH]c3ccc4ncsc4c23)cc1,3.064876343345689,True
NC(=O)c1ccc2[nH]c(O)c(N=Nc3ccc(S(N)(=O)=O)cc3)c2c1,2.8260391009326096,True
Cc1ccc(C(=O)Nc2ncccc2N2CCOCC2)cc1,3.2501381509099025,True
CN1CCN(c2ccc(Nc3ccc(F)cc3)cc2)CC1,3.2719770781593263,True
CSS[C@H](Oc1nc(Nc2ccc(S(=O)(=O)C(=O)NN[C@@H](C)O)cc2)ncc1C(F)(F)F)[C@@H](C)O,2.905806256445882,True
Nc1ccccc1NC(=O)/C=C/c1ccc(-c2ccc3ncnc(Nc4ccc(OCc5cccc(F)c5)c(Cl)c4)c3c2)cc1,3.511966258380053,False
CC(C)C(=O)N1CCc2cnc(Nc3cnn(C)c3)nc2C1,3.0222031698745893,True
O=C(Nc1ccc(N2CC=NCC2)cc1)c1ccccc1,4.018121700496392,False
NS(=O)(=O)c1ccc(Nc2ccc(C(F)F)cc2)cc1,7.65752140055776,False
CNc1nc(-c2ccc(C3=CCN(C(C)=O)CC3)cn2)ncc1F,3.2507772916642512,True
C=CC(=O)Nc1ccc(C(=O)N2CCCC(Nc3ncc(CNCc4ncc(C(C)(C)C)o4)s3)C2)cc1,3.222318575187745,True
Cc1ncc(-c2nc(NCCC(C)C)ncc2F)n1C(C)C,2.950789216463963,True
CCN(CC)C1CCN(c2ccc(-c3ccc(O)cn3)nc2)CC1,3.9833316457458077,False
NS(=O)(=O)c1ccc(-c2ccc(OC3=CCC3)cc2)cc1,3.2048020219664126,True
COc1cc(NC(=O)c2ccccn2)cc(C(=O)O)c1OC,7.047654432504478,False
O=C(c1ccccc1)N1CCN(NCc2ccccc2)CC1,3.181427509782369,True
CC(=O)NC(=O)Nc1ncc(F)c(-c2cnc(C)n2C(C)C)n1,3.1614841451444944,True
CC(C)c1ccc(Nc2cccc(S(N)(=O)=O)c2)cc1,3.0417271409513402,True
O=C(Nc1ccc(Cl)cc1)N1CCc2cnc(NC3CC3)nc2C1,3.8932657242988262,False
CC(=O)Nc1ccc(N=Cc2c(=O)[nH]c(O)c3cc(Br)ccc23)cc1,3.555473667459793,False
COc1cc(-c2ccc3c(-c4nc5c(N6CCN(C)CC6)cccc5[nH]4)[nH]nc3c2)ccc1O,3.2070194885594336,True
CC(=O)Nc1ccc(-c2ccc(C(=O)N3CCCCC3)o2)cc1,5.152999126722225,False
NS(=O)(=O)c1ccc(CCc2c(F)cccc2F)cc1,12.281202424844237,False
CCn1c(-c2ccnc(Nc3ccc(S(=O)(=O)NCCOC)cc3)n2)cnc1C,3.2418460790111565,True
CCc1cnn2c(NCc3ccc[n+]([O-])c3)cc(N3CCCC[C@H]3CCCc3ccc[n+]([O-])c3)nc12,3.2001140604672202,True
C[C@@H](Oc1cc(-c2cc(-c3cc(CN(C)C)cs3)cnc2N)ccc1C(N)=O)c1ccccc1C(F)(F)F,3.50923011499673,False
O=C1NC(=O)C(c2cnc3ccccn23)=C1c1cn2c3c(cc(F)cc13)CN(C(=O)N1CCCCC1)CC2,5.475540247318066,False
Cc1ncc(-c2ccnc(Nc3ccc(S(=O)(=O)Oc4cnc(C)n4C(C)C)cc3)n2)n1OC(C)C,3.178237719240023,True
Cc1ncc(-c2ccnc(Nc3ccc(F)cc3)n2)n1C(C)C,3.0612575847190695,True
CC(C)Oc1nc(Nc2ccc(S(=O)(=O)O[C@@H]([C@H](C)[C@@H](C)O)[C@@H](C)O)cc2)ncc1C(F)(F)F,2.907814299435229,True
Cc1ncc(Nc2ccnc(Nc3cccc([SH](=O)=O)c3)n2)n1C(C)C,2.897872668010105,True
CC(Oc1nc(Nc2ccc(S(=O)(=O)C(O)[C@@H](C)O)cc2)ncc1C(F)(F)F)[C@@H](C)O,2.9727061745150727,True
CC(C)(C)CCN1CCN(c2ccc(Nc3ncc4cc5n(c4n3)C3(CCCC3)CNC5=O)nc2)CC1,3.1996263844392843,True
C[C@@H](O)[C@@H](C)Oc1nc(Nc2ccc(S(=N)(=O)C(F)(NF)NF)cc2)ncc1C(F)(F)F,3.209517876566509,True
Oc1ccc(CN2CCN(c3ccccc3)CC2)cc1,6.417976082847306,False
C[C@H]1CC[C@@H](n2c3cnccc3c3cnc(Nc4ccc5c(n4)CCN(C(=O)CO)C5)nc32)CC1,3.1141337479305538,True
CCN(C)c1ccc(-c2ccc(N3CCCNCC3)cc2)cc1,5.892404772247066,False
CC(C)(C)S(=O)(=O)c1ccc(-c2ccc(S(N)(=O)=O)cc2)cc1,2.9235300579949572,True
C=C(C)C(=O)C(=O)C(=O)c1ccc(Nc2ncc(F)c(-c3cnc(C)n3C(C)C)n2)cc1,3.0409968760260164,True
CC(C)Cc1ccc(Nc2ccc(S(N)(=O)=O)cc2)cc1,7.076427064557362,False
CC(C)C(F)(F)c1ccc(Cc2ccc(S(N)(=O)=O)cc2)cc1,6.7568685794530605,False
CCCN(C)c1ccc(-c2ccc(S(N)(=O)=O)cc2)cc1,3.5028110140285924,False
CC(C)NC(=O)c1ccc(O)c(-c2cc(N=C3CCCC3)nc(N)n2)c1,3.27208404537537,True
Cc1ncc(-c2ccnc(-c3ccnc(Nc4ccc(C(N)=O)cc4)n3)n2)n1C(C)C,3.1408159767805572,True
Nc1nccc(-c2cc(N3CCC(O)C3)ccc2O)n1,3.6226270854174336,False
NS(=O)(=O)c1ccc(-c2cccc(S(N)(=O)=O)c2)cc1,2.782040977412088,True
Cc1ccccc1NCC(=O)Nc1c(C)cccc1C,3.337384155292883,True
CNc1nccc(-n2ccc3ccc(C#N)cc32)n1,4.478882449897526,False
O=c1[nH]c(O)c(C=NCCc2ccc(O)cc2)c2c(Br)cccc12,5.252183736313883,False
CC(C)(C)N1CC=C(c2ccc(Nc3ccc(S(C)(=O)=O)cc3)cc2)CC1,3.941528256907467,False
CC(=O)c1c(C)c2cnc(Nc3cocn3)nc2n(C2CCCC2)c1=O,3.177956890834113,True
Cn1cnc(S(=O)(=O)N2CCC(Nc3ncc(C(F)(F)F)c(Nc4cccc(Cl)c4)n3)CC2)c1,2.8753424143917194,True
CC(C)Nc1ccc(-c2ccc(S(N)(=O)=O)cc2)nc1,3.206097627958326,True
CC(=O)NC(=O)c1ccc(NC(=O)c2ccc(C)cc2)cc1,3.7874525739605063,False
NS(=O)(=O)c1ccc(N=Nc2ccc(SC(=O)c3c(=O)[nH]c4ccc5[nH]cccc5c34)cc2)cc1,3.0423198385442665,True
Cc1ccc(F)c(CNC(=O)c2ccc(N(C)C)cc2)c1,3.186289377944191,True
CN1CC([C@@H](NC(=O)c2ccc3cnccc3c2)c2ccc(Cl)c(Cl)c2)C1,4.288454616758816,False
NS(=O)(=O)c1ccc(Nc2cc(-c3cccc(NC(=O)Nc4cc(C(F)(F)F)ccc4F)c3)[nH]n2)cc1,3.2418102967323645,True
Nc1ccc2[nH]c(O)c(C=Cc3ccc(NNc4ccc[nH]4)cc3)c2c1C=Nc1ccc(S(N)(=O)=O)cc1,3.009920430841989,True
CC(C)C(=O)N1CCc2cnc(NCC3CCC3)nc2C1,3.05799100718102,True
CC(O)C(C)Sc1nc(Nc2ccc(S(C)(=N)=O)cc2)ncc1Br,3.061196171433645,True
CC(=O)Nc1ccc(Nc2ccc(N3CC=NCC3)cc2)c(C)c1,3.4068930127023394,True
CCS(=O)(=O)Nc1ccc2[nH]nc(Nc3ccc(S(N)(=O)=O)cc3)c2c1,2.8440699710098536,True
CC(=O)Nc1ccc(CNc2nc(N3CCC[C@H](O)C3)nc3c(C(C)C)cnn23)cc1,3.823223116690944,False
O=C(c1ccccc1)N1CCN(Nc2ccc(Cl)cc2)CC1,3.2462815651141526,True
CC(C)Nc1ncc2c(n1)CN(Cc1ccccc1)CCC2,3.7072113508673885,False
CC(C)c1ccc(CC(=O)c2ccc(S(N)(=O)=O)cc2)cc1,3.7519777451365566,False
Cc1nc(-c2ccc(S(N)(=O)=O)cc2)ccc1C(C)(C)C,6.808944191282526,False
COc1ccc(NC(=O)c2ccc(OC)c(Cl)c2)cc1Cl,3.637004261751699,False
C[C@@H](O)c1cc2cnc(Nc3ccc(N4CCNCC4)cn3)nc2n1C1CCCC1,3.105691871387114,True
COc1cc(-c2ccc(O)cc2C)c(F)c(OC)c1OC,3.972441566593523,False
CCC(=O)N1CCc2cnc(Nc3ccc(C)c(Cl)c3)nc2C1,3.125922103955889,True
N#Cc1cnn2c(Nc3ccc(F)c(Cl)c3)cc(N[C@H]3CC[C@H](N)CC3)nc12,3.2483886774830393,True
Cc1ccc(N(CC#N)c2cc(Nc3ccc(OCC(O)CN(C)C)cc3)ncn2)c(Br)c1,2.8898553597022776,True
NS(=O)(=O)c1ccc(N=Cc2ccc3[nH]c(O)c(C=Nc4ccc(S(N)(=O)=O)cc4)c3c2-c2ccc[nH]2)cc1,3.7858108774739407,False
Nc1nc(Nc2ccc(S(N)(=O)=O)cc2)nn1C(=O)c1c(F)cccc1F,3.0032558998526953,True
Cc1ccc(-c2ccc(S(N)(=O)=O)cc2)nc1CCCC(C)C,5.872919801938385,False
CCOc1cc(F)ccc1-c1nc(Nc2cc(F)cc(CS(C)(=O)=NC#N)c2)ncc1F,3.017965871245072,True
O=C(Cc1ccc(Cl)cc1)Nc1ccc(N2CCOCC2)cc1,3.713788631572887,False
Oc1cc(F)ccc1-c1nc(CNc2ccc(CN3CCOCC3)cc2)ncc1F,3.0886841858629714,True
COc1ccc(CN(C)/C=C2\C(=O)NC(=O)c3ccc(Br)cc32)cc1O,4.313021330807444,False
NCCNCCn1nc(C(N)=O)c2c1-c1nc(Nc3ccccc3)ncc1CC2,2.6518427555192705,True
Cc1nnc2sc(SCc3ccccc3)nn12,9.839066215856052,False
CCc1cnn2c(NCc3ccc[n+]([O-])c3)cc(N3CCCC[C@H]3CO)nc12,3.1269801726266166,True
Cn1cc(CCC2CCN(C(=O)C(F)F)CC2)c2cc(C(N)=O)ccc21,4.989662613844742,False
O=C(O)c1ccc(-c2ccc(N3CCCCNCC3)cc2)cc1,2.897356381255153,True
O=C(Cc1ccc(-c2ccccc2)c(F)c1)Nc1cc(C2CC2)[nH]n1,3.3537377655386256,True
CCN1CCC(c2c(O)cc(O)c3c2O/C(=C\c2ccc(CC(O)CN(C)C)cc2)C3=O)CC1,2.9348349186964513,True
O=S(=O)(Nc1ccccc1)c1ccc(N=Cc2c(O)[nH]c3ccc4ncsc4c23)cc1,3.006315186403446,True
Cc1ccccc1NC(=O)c1ccnc(N2CCCOCC2)c1,2.884265591099404,True
CC(C)C=c1cc(-c2ccc[nH]2)c2c(O)[nH]c3ccc(F)c1c32,6.247608982642887,False
CC(C)C(=O)c1ccc(Nc2ccc(S(N)(=O)=O)cc2)cc1,3.0781505811119816,True
CNC(=O)Cc1ccc(NC(=O)c2ccccc2C)cc1,3.598428962755833,False
C=C(C)c1cc(C(=O)Nc2ccccc2C)cc(OC)c1N1CCOCC1,2.9180783060089417,True
C=C(C)c1ccc(-c2ccc(S(N)(=O)=O)cc2)cc1Br,12.40573774509198,False
COCCc1nnc(N2CCCNCC2)c2cccc(C)c12,4.500210217312081,False
CNC(C)c1cccc(C(C)c2ccc(S(N)(=O)=O)cc2)c1,5.6964323922960745,False
CC(C)(C)c1ccc(Cc2ccc(S(N)(=O)=O)cc2)nc1,4.466169947505354,False
COc1cccc(C(=O)N2CCN(C(=O)C(C)C)CC2)c1,3.0352947138622324,True
C=c1[nH]c(O)c(NCCc2c[nH]c3ccccc23)c1=C1CN=CS1,4.664522912367352,False
CO[C@@]1(C)C(=O)C(O)C(C)=C2OC(=O)c3c(C)cc(O)c(C)c3O[C@@H]21,7.006294312973156,False
COc1cc(/C=C2\Oc3cc4occc4c(OC)c3C2=O)ccc1OCC(=O)Nc1ccccc1,3.256080158718455,True
COc1ccc2[nH]c(O)c(N=Nc3ccc(S(N)(=O)=O)cc3)c2c1,2.866248244657116,True
CCC(=O)Nc1ccc(NC(=O)c2ccccc2F)cc1,4.078902916226377,False
CN(C)C(=O)c1cccc(C(=O)Nc2cc(N3CCOCC3)ccc2F)c1,3.3769955581848192,True
Cc1cc(C(=O)N(C)C)ccc1-c1ccccc1CO,4.1978015674874385,False
CS(=O)(=O)N1CCC(Nc2ncc(C(F)(F)F)c(-c3cnn(-c4ccccc4F)c3)n2)CC1,2.957772979794089,True
COc1ccc(-c2nc3c(NCCCNC(=O)C4CC(O)C4)c(Br)cnc3[nH]2)cc1,2.6083788068453555,True
NS(=O)(=O)c1ccc(N=Nc2c(O)[nH]c3ccc(C(=O)NCCc4c[nH]cn4)cc23)cc1,4.294226589270765,False
CC(C)c1cccc(Cc2ccc(S(N)(=O)=O)cn2)c1,4.718889064176019,False
CNC(=O)c1ccc(Nc2ccc(N3CCCOCC3)cc2)cc1,3.435642734627685,True
O=C(O)c1ccccc1NNc1ncc2c(n1)CN(C(=O)C1CCC1)CC2,2.9210260183709376,True
CCc1cnn2c(NCc3ccc[n+]([O-])c3)cc(C3CCCC[C@H]3CCO)nc12,3.0887261128173935,True
CC(=O)C(C)CCSC(=O)c1ccc(Nc2ncc(F)c(-c3cnc(C)n3C(C)C)n2)cc1,3.004032955877817,True
COc1cc(F)ccc1-c1nc(Nc2cc(Br)cc(CS(C)(=O)=NC#N)c2)ncc1F,3.2528524405512234,True
CC(C)S(=O)(=O)c1ccc(-c2ccc(Nc3ncc(C(F)(F)F)c(O[C@H](C)[C@@H](C)O)n3)cc2)cc1,2.871805877840633,True
Cc1ccccc1NC(=O)N1CCN(c2ccccc2)CC1,3.4014923195562297,True
CC(C)(C)c1nccc(CCc2ccc(S(N)(=O)=O)cc2)n1,5.920366458252394,False
COc1ccccc1NC(=O)c1ccc(N2CCN(C)CC2)cc1,3.2392423496861134,True
C[C@@H](NC(=O)N1CCc2cnc(N[C@H]3CCO[C@@H](CO)C3)nc2C1)c1ccc(Cl)c(Cl)c1,4.0297693482381876,False
CCS(=N)(=O)c1ccc(Nc2ncc(Br)c(N[C@H](COC)[C@H](C)O)n2)cc1,2.8943375753356784,True
Cc1ncc(-c2nc(NCC3CCN(C)CC3)ncc2F)n1C(C)C,2.932261072960592,True
COC(=O)CC(=O)CC(=O)c1ccc2[nH]c(O)c(C=Nc3ccc(S(N)(=O)=O)cc3)c2c1,2.7087187007882574,True
CCC(C)=NCC(=O)c1ccc(Nc2ncc(F)c(-c3cnc(C)n3C(C)C)n2)cc1,2.9860212658318495,True
C=C(C)c1ccc2c(c1)c(CNC(=O)N1CCC(N)CC1)cn2C,3.6827117725936716,False
C[C@@H](O)[C@@H](C)Oc1nc(Nc2ccc(S(=O)(=O)C(C)(C)C)cc2)ncc1C(F)(F)F,3.0844360910869906,True
O=c1[nH]cc(-c2ccc(N3CCNCC3)cn2)c2sc(-c3ccncc3)cc12,3.4611103709647884,True
CN1CCC(Cc2cn(C)c3ccc(N4CCCNCC4)cc23)CC1,4.063736581029829,False
CS(=O)(=O)c1ccc2[nH]c(O)c(N=Nc3ccc(S(N)(=O)=O)cc3)c2c1,2.706862020864748,True
O=C(NC1CCC1)c1ccc(CN2CCCCC2)cc1,4.160254198964297,False
CN1CCCN(c2cccc(C(=O)Nc3ccccc3)c2)CC1,3.5108776680482716,False
Cc1ncc(-c2ccnc(Nc3ccc(Nc4nccc(-c5cnc(C)n5C(C)C)n4)cc3)n2)n1C(C)C,3.0577300404057968,True
COc1ccc(Nc2nc(N)c(N=O)c(OCC3CCCCC3)n2)cc1,2.7484470160437833,True
O=C(Nc1ccc(N2CCCCC2)cc1)c1ccc(F)cc1,3.271321598375802,True
O=C(Cc1ccc(N=C2CCOCC2)cc1)Nc1ccc(N2CCOCC2)cc1,5.224625632521432,False
CC(C)c1ccc(Oc2ccc(S(N)(=O)=O)cc2)cc1F,6.815963688283552,False
c1cc2c(nc1N1CCC(NN3CCCCC3)CC1)CCNC2,3.708206709448656,False
O=C(O)N1CCN(C(=O)c2ccc(CCc3ccccc3)cc2)CC1,6.297855031675469,False
CNC(=O)Cc1ccc(-c2ccc(C(=O)NC)cc2)cc1,4.5932421011742885,False
CN(C)Cc1ccc(NC(=O)c2ccccc2)c(C(=O)N(C)C)c1,4.047274885648364,False
CC(C)S(=O)(=O)Cc1ccc(-c2ccc(S(N)(=O)=O)cc2)cc1,2.8984714937359604,True
COC[C@@H](Nc1nc(Nc2ccc(S(C)(=N)=O)cc2)ncc1Br)[C@@H](C)O,2.9036036230863194,True
O=c1[nH]c(O)c(C=Nc2ccc(CN3CCOCC3)cc2)c2ccccc12,4.474027939117056,False
O=C(Nc1ncc2c(n1)CN(C(=O)c1ccccc1)CC2)C1CCC1,3.225789515761993,True
CCNC(=O)N1CCC[C@H](Nc2ncc(Cl)c(-c3c[nH]c4ccccc34)n2)C1,3.4996494110124847,True
C[C@@H](Oc1nc(Nc2ccc(-c3ccc(S(=O)(=O)S(N)(=O)=O)cc3)cc2)ncc1C(F)(F)F)C(C)(C)O,3.036094036751825,True
COc1cc(Nc2ncc(Br)c(N[C@H](C)C(C)(C)O)n2)ccc1S(C)(=N)=O,3.058238708799561,True
CCc1cnc(Nc2ccc(S(=O)(=O)C3CC3)cc2)nc1O[C@H](C)C(C)(C)O,3.0659228626956665,True
Cn1cc(CC(=O)C2CCNCC2)c2cc(C3CC3)ccc21,3.9600258837537927,False
CC(C=CCc1ccc[nH]1)=Nc1c(O)[nH]c2ccc(-c3ccc[nH]3)c(C=Nc3ccc(S(N)(=O)=O)cc3)c12,2.849324481346411,True
CCN(CCNC)Cc1ccc(NC(=O)C2CCN(S(=O)(=O)c3cnn(C)c3)CC2)cc1,4.837340901776512,False
N#CCCN(c1ccnc(Nc2ccc(S(N)(=O)=O)cc2)n1)c1cc(Cl)ccc1Cl,2.8298773825026413,True
O=C1NCC2(CCCCCS2)n2c1cc1cnc(C3CCCCC3)nc12,6.1966092340892365,False
CC(C)c1ccc(C(C)c2ccc(S(N)(=O)=O)cc2)cc1,11.949976108762721,False
CC(C)[C@@H](C)[C@@H](C)Oc1nc(Nc2ccc(S(=N)(=O)[C@H](C)[C@@H](C)O)cc2)ncc1C(F)(F)F,3.140393128256394,True
O=C(Cc1cccc2c1OCCC2)NCc1ccccc1,3.816033149751188,False
CNC(=O)C1CCN(c2ccc(C(=O)N(C)C)cc2)CC1,3.6511463953120256,False
Cn1nc(C(N)=O)c2c1-c1nc(Nc3ccc(Nc4ccc(SC(=O)CN)cc4)cc3)ncc1CC2,2.6447188886533906,True
NS(=O)(=O)c1ccc(NNNc2c(O)[nH]c3ccc(-c4c(N=O)[nH]c5ccc([N+](=O)[O-])cc45)cc23)cc1,2.8554862983386977,True
Nc1nc(NC(=O)Cc2ccc(O)cc2)cc(C2CCCCCC2)n1,3.387431770530595,True
CC(C)(C)c1ccc(Nc2ccc(S(N)(=O)=O)cc2)nc1,3.0018222798826675,True
COc1cc(F)ccc1-c1cc(Nc2cnn(CCCCCC(O)=NO)c2)ncc1F,2.9882774302263146,True
COc1ccc(CCc2ccc(S(N)(=O)=O)cc2)cc1,4.8481734704938075,False
CC(=O)N1CCC(NCc2ccc(C(=O)c3ccccc3)cc2)CC1,2.939656102335784,True
O=C(Cc1ccc(-c2ccccc2)cc1)Nc1cc(C2CC2)[nH]n1,3.2832634679537986,True
O=C(c1ccc(-c2ccc(N3CCNCC3)cc2)cc1)N1CCCC1,5.516204582863115,False
NC(=O)c1cc(F)c(C(=O)c2c(N)nc3ccc(C(=O)c4c(Cl)cccc4Cl)cn23)c(F)c1,2.919542772421735,True
Cc1ncc(-c2nc(NC(=O)C3CC3)ncc2F)n1C(C)C,3.1916704090491597,True
Cc1ncc(Nc2ccc(S(N)(=O)=O)cc2)n1C(C)C,5.0278034965579135,False
CN1CCCN(Cc2ccc(-c3ccc(S(N)(=O)=O)cc3)cc2)CC1,3.84929370144706,False
COc1cc[nH]c1C=C1C(=O)Nc2ccc(F)c(C#C[C@@H]3CCCN3)c21,3.0120507963844196,True
Cc1ncc(-c2nc(Nc3cnn(C)c3)ncc2F)n1C(C)C,3.050728929288875,True
N=C1NC(=O)/C(=C/c2ccc(-c3ccc(C(N)=O)cc3)o2)S1,3.1638528726854576,True
CCc1cnn2c(NCc3ccc[n+]([O-])c3)cc(C3CCCC[C@H]3C[SH]=NN3CCCC[C@H]3CCO)nc12,3.6468080563692977,False
O=C(Nc1ccccc1)c1ccc(C(=O)N2CCCC2)cc1,3.476608260934787,True
CNC(=O)c1ccc(C2=c3ccccc3=NC2=O)cc1,4.8615607576168385,False
C[C@@H](O)[C@@H](C)Oc1nc(Nc2ccc(S(=O)(=O)C(F)O[C@H](C)[C@@H](C)O)cc2)ncc1C(F)(F)F,2.9955136454371267,True
CN1CCN(c2ccc(NC(=O)c3ccccc3Cl)cc2)CC1,4.122746778544615,False
CNS(=O)(=O)c1cccc(Nc2nccc(Cc3ccc(O)cc3)n2)c1,3.078687707449395,True
CNc1ccc(-c2ccc(C(=O)N3CCN(C)CC3)cc2)cc1,3.7166039606070496,False
Cc1ncc(-c2ccnc(Nc3ccc(S(=O)(=O)C(C)S)cc3)n2)n1C(C)C,3.006518584675644,True
COc1ccc(NC(=O)c2ccccc2)c(C(=O)N(C)C)c1,3.1597575856384923,True
O=C(Nc1ccccc1)C1CCN(c2ccccc2)CC1,3.312803797389756,True
O=C(NCc1cccnc1)C1CCN(c2ccccc2)CC1,3.472714356234907,True
CN1C/C=C/CCOc2cccc(c2)-c2nc(nc3[nH]cnc23)Nc2cccc(c2)C1,4.89279817691268,False
COc1cc(-c2ccccn2)c(OC)c(N2CCCNCCC2)c1,3.4311688970378516,True
CCc1nc(Nc2ccc(S(N)(=O)=O)cc2)ncc1Br,5.304867199091796,False
Cc1ncc(-c2ccnc(Nc3ccc(S(=O)(=O)NCCCOC(C)C)cc3)n2)n1C,3.0423601036037846,True
COC1CCN(c2nccc(Nc3cc(OCC4CCCCC4)cc(=O)[nH]3)n2)CC1,3.171096498058675,True
CC(C)c1ccc(C(=O)Nc2ccc(N(C)C)cc2)cc1,3.309255203214166,True
C[C@@H](Oc1nc(Nc2ccc(S(C)(=O)=O)cc2)ncc1C(F)(F)F)C(C)(C)OC(F)(F)F,2.918551352983196,True
CC(C)c1cnn2c(NCc3ccccc3-n3cccn3)nc(OC3CCCNC3)nc12,3.4701981211452497,True
CCc1cc(Nc2cc(NC3CCN3)n3ncc(C#N)c3n2)ccc1C,3.249561662747765,True
O=C1NCC2(CCCC2)n2c1cc1cnc(Nc3ccc(N4CC=C(C(F)(F)F)CC4)cn3)nc12,4.081659588941733,False
CCc1cccc2[nH]c(O)c(N=Nc3ccc(S(N)(=O)=O)cc3)c12,4.016973736533511,False
CN1CCN(c2ccc(N=Cc3c(=O)[nH]c(O)c4ccc(-c5ccc(C=O)cc5)cc34)cc2)CC1,3.52358609941633,False
COc1cccc(CNC(=O)c2ccc(S(N)(=O)=O)cc2)c1,4.081428671433569,False
CCN1CCC(COc2ccc(-c3cnc(NC(=O)C(C)CCNC)s3)nc2)CC1,2.941458991725031,True
COC=Cc1c(C)c(O)[nH]c(=O)c1NC(=O)c1ccc(C(C)(C)SC)cc1,3.40552580374896,True
CNC(=O)c1nn(C)c2c1C(C)(C)Cc1cnc(Nc3cccc(SCC4CC4)c3)nc1-2,2.8340125264366747,True
NC(=O)SCCn1nc(C(N)=O)c2c1-c1nc(Nc3ccccc3)ncc1CC2,2.687858069169577,True
CCc1cnn2c(NCc3ccc[n+]([O-])c3)cc(N3CCCCC3CN3CCCC[C@H]3CCCO)nc12,3.063137280632399,True
Cc1cc(C)c(Nc2cc(N3CCCOCC3)ccn2)cn1,2.987744299634759,True
CNC(=O)c1cccc(Nc2ccc(N3CCOCC3)cc2)c1,3.2137128060858227,True
CC(O[C@H](C)[C@@H](C)O)S(=N)(=O)c1ccc(Nc2ncc(C(F)(F)F)c(O[C@H](C)[C@@H](C)O)n2)cc1,3.8609098668578126,False
C[C@H](N)CN1CCc2nc(N3CCN(c4nnc(Cc5ccccc5)c5ccccc45)CC3)ccc2C1,3.8027659670297953,False
CNC(=O)c1ccc(C2CCN(C3CCN(C(C)=O)CC3)CC2)cc1,4.864693001618911,False
O=C(Nc1[nH]nc2nc(-c3ccc(O)cc3)c(Br)cc12)C1CC1,3.139704603939674,True
CN(C)C(=O)NC(=O)c1ccc(-c2ccc(Cl)cc2)cc1,5.345790680526131,False
CN(C)c1ccccc1C(=O)NC(=O)Cc1ccccc1,3.458605788464479,True
CC(C)CCc1cccc(-c2ccc(S(N)(=O)=O)cc2)n1,6.758176381243685,False
Cc1ncc(-c2nc(Nc3ccc(C(=O)CC(=O)CCCN(CCS)[SH](=O)=O)cc3)ncc2F)n1C(C)C,3.240970996476212,True
CNC(=O)c1ccc(C(=O)N2CCC(c3ccc(F)cc3OC)CC2)cc1,3.092449837911685,True
C[C@@H](O)[C@@H](C)Oc1nc(Nc2ccc(S(=N)(=O)C(F)(F)SF)cc2)ncc1C(F)(F)F,3.253851102924042,True
O=C(O)c1ccc(N2CCC(Cc3ccccc3)CC2)cc1,7.819602227735118,False
NS(=O)(=O)c1ccc(N=Nc2c(=O)[nH]c3ccc4[nH][nH]c(Cl)c4c23)cc1,3.0209114518634927,True
COc1ccc(NC(=O)N2CCN(c3nnc(CC(C)(N)CBr)c4ccccc34)CC2)cc1,3.47629069555467,True
O=C(CNCc1cccc(Cl)c1)Nc1cccc(F)c1,7.028232067881654,False
N[C@H]1CC[C@H](Nc2cc(Nc3ccc(F)c(Cl)c3)n3ncc(Cl)c3n2)CC1,3.2665403717082735,True
CCC(=O)Nc1ccc(C(=O)c2ccccc2C)cc1Cl,3.1100363341929036,True
CN1CCN(Cc2ccc(O)c(-c3cccnc3)c2)CC1,4.052615205025026,False
Cc1ccc(N2CCOCC2)cc1NCCc1ccccc1,3.7266513118347953,False
Cc1ccc(F)c(-c2ccc(C(=O)NN3CCOCC3)cc2)c1,6.3350363850573075,False
CC(=O)Nc1ccc(Cc2ccc(S(N)(=O)=O)cc2)cc1,3.9306635572127084,False
NS(=O)(=O)c1ccc(Cc2ccc(C(F)F)cc2)cc1,12.26316186796863,False
CCc1cccc(CCc2ccc(S(N)(=O)=O)cc2)c1,12.323029254205316,False
CC(C)(C)Cc1ccc(-c2ccc(S(N)(=O)=O)cc2)nc1,2.878319648683935,True
C1=C/COCc2cc(ccc2OCCN2CCCC2)Nc2nccc(n2)-c2cncc(c2)COC/1,5.4720888150687035,False
CN(C)C1CCN(c2ccc(NC(=O)c3c(Cl)cccc3Cl)nc2)CC1,3.4434240226844035,True
CCNC(=O)N1CCC(NC(=S)Nc2ccc3nc(C)sc3c2)CC1,3.0149799335982377,True
CNC(=O)c1ccccc1-c1ccc(N2CCN(C)CC2)cc1,4.141132333070268,False
CC(C)c1coc(CSNc2ccc(C(=O)N3CCCN(C)CC3)cc2)n1,3.3865916494316277,True
CNC(C)(C)c1ccc(N2CCN(C(=O)OC(C)(C)C)CC2)cc1,4.273879385289198,False
Cc1nnc2sc(Cc3[nH]nc4[nH]c(=S)[nH]c(=S)c34)nn12,2.589145032631433,True
O=C(CCc1c(F)cccc1F)NC(=O)c1ccccc1,3.317863318462651,True
CC[C@H](CO)Nc1nc(NCc2ccccc2)c2ncc(C(C)C)n2n1,3.441448822807047,True
CC(C)N1CCN(NC(=O)c2ccc(C(C)(C)C)cc2)CC1,2.9982738367267294,True
CC(Oc1nc(Nc2ccc(S(C)(=N)=O)cc2)ncc1C(F)(F)F)[C@@H](C)O,2.7278013124126232,True
CS(C)(C)c1ccc(Oc2ccc(S(N)(=O)=O)cc2)cc1,3.1829717246623472,True
CC(C)c1nc(Oc2ccc(S(N)(=O)=O)cc2)ncc1F,3.8943094381417658,False
CC(=O)Nc1cccc(-c2ccc(N3CC=NCC3)cn2)c1,3.096226251422853,True
CN(C)S(=O)(=O)c1ccc(Nc2cc(N[C@H]3CC[C@H](N)CC3)nc3c(C#N)cnn23)cc1,3.271225305600331,True
NS(=O)(=O)c1ccc(-c2ccc(N3CCCC3)cc2)cc1,5.00762917956192,False
CNC(=O)c1ccc(C(=O)Nc2c(Cl)cccc2Cl)cc1,3.2802403875325985,True
C=C(C)c1ccc(C(=O)c2ccc(Nc3ncc(F)c(-c4cnc(C)n4C(C)C)n3)cc2)cc1N,3.0349261935012573,True
N#Cc1cnc(NC2CCN(CCN3CCC[C@@H](N)C3)CC2)nc1-c1c[nH]c2cc(F)ccc12,2.8980458933564166,True
Cc1nc2ccc(Nc3c(C)c(N[C@H]4CCCNC4)nc4ccnn34)cc2s1,3.289965653316163,True
CC=C(CCC(N)=O)c1ccc(Nc2nccc(-c3cnc(C)n3C(C)C)n2)cc1,3.10038755641936,True
COc1ccc(C(=O)NC2CCN(c3ccccc3)CC2)cc1,3.311049078464412,True
Cc1ncc(-c2ccnc(NC(=O)C(C)C)n2)n1C(C)C,3.25221309264938,True
O=C(Nc1[nH]nc2nc(-c3ccc(O)cc3)c(-c3ccccc3)cc12)C1CC1,3.32866835235954,True
CC(=CCCN1CCC[C@@H](N)C1)c1cc(N2C[C@H](O)[C@@H](O)C2)ccc1O,3.279304042018668,True
c1ccc(CCN2CCC(Nc3ccccc3)CC2)cc1,3.90591615373398,False
O=C(Cc1ccc(F)cc1)NCc1ccc(F)c(F)c1,3.299068050222668,True
CC(C)(C)OCCc1nn(C(C)(C)C)c2ncnc(N)c12,2.91534440504034,True
COc1coc(CN=Cc2c(=O)[nH]c(O)c3ccc(Br)cc23)cc1=O,2.734419316783738,True
CCc1ccc(-c2ccc(C(=O)NC(C)=O)cc2)cc1,5.19520192100365,False
CN(C)C(=O)c1ccc(CNC(=O)c2ccc(C(N)=O)cc2)cc1,5.012152132567405,False
CN1CCN(c2ccc(C(=O)Nc3cncc(Cl)c3)cc2)CC1,3.2850732107519356,True
CN(C)CC(O)COc1ccc(Nc2nccc(N(CC#N)c3cc(Cl)ccc3Cl)n2)cc1,3.030431322435802,True
Cc1ccccc1C(=O)NCc1ccc(N2CCN(C)CC2)cc1,5.243926486898917,False
CN(C)c1cccc(C(=O)Nc2ccccc2N2CCOCC2)c1,3.4438963399033953,True
CN(C)C(=O)N1CCc2cnc(Nc3ccc(Cl)cc3)nc2C1,3.1548166349250857,True
C=C(C)c1ccc(Nc2ncc(F)c(-c3cnc(C)n3-c3ncc(F)c(-c4cnc(C)n4C(C)C)n3)n2)cc1,4.598593915535493,False
NS(=O)(=O)c1ccc(Nc2ccc(C(F)(F)F)cc2)cc1,3.0523651485364605,True
CN(C)S(=O)(=O)c1ccc(Nc2cc(N[C@H]3CC[C@H](N)CC3)nc3c(C4CCCC4)cnn23)cc1,2.8404401067440275,True
Cc1ccc(Nc2ncc3c(n2)CN(C2CC2)CCC3)cc1Cl,2.923065856254359,True
N[C@H]1CC[C@H](Nc2nc(NCc3ccccc3)c3ncn(C4CCCC4)c3n2)CC1,2.6975798412651253,True
CC(=O)c1ccc(Oc2ccc(S(N)(=O)=O)cc2)cc1,4.670386172470117,False
CC(O)C(=O)N1CCN(c2c(N)nc3ccc(C(=O)c4c(F)cccc4F)cn23)CC1,4.37154034637678,False
C=CC(=O)Nc1ccc(O[C@@H]2CCC[C@@H](Nc3ncc(OC)s3)CO2)cc1,3.63928152249864,False
C[C@@H](O)[C@@H](C)Nc1nc(Nc2ccc(-c3ccc(S(=O)(=O)OS(N)(=O)=O)cc3)cc2)ncc1Br,4.262348882951751,False
CN(C)C1CCN(c2ccc(Nc3ncc4ccn(C5(CNC=O)CCCC5)c4n3)nc2)CC1,2.90715857840607,True
O=C(Nc1cc(C2CC2)[nH]n1)c1cccc(C(F)(F)F)c1,3.0129862263209914,True
Cc1cc(N2CCCS2(=O)=O)c2oc(-c3ccc4[nH]ccc4c3)c(O)c(=O)c2c1,4.40709439426931,False
Cc1ncc(-c2nc(Nc3ccc(C(=O)N(C)C)c(F)c3)ncc2F)n1C(C)C,3.1790547337219626,True
COc1ccc(C(=O)Nc2cc(C3CC3)[nH]n2)cc1,3.101685509525428,True
CN1CCCN(c2ccc(-c3ccc(S(N)(=O)=O)cc3)cc2)CC1,3.9184550526961504,False
CC(Nc1c(O)[nH]c2ccc(O)c(C=Nc3ccc(S(N)(=O)=O)cc3)c12)c1ccc[nH]1,3.4645273847957996,True
Cc1ccc(Cl)cc1NC(=O)COc1ccccc1C,4.301184604268926,False
CN[C@@H]1CCN(C(=O)c2ccc(Nc3ncc(F)c(-c4cnc(C)n4C(C)C)n3)cc2)C1,3.0032895298322493,True
CCc1cnn2c(NCc3ccc[n+]([O-])c3)cc(C(CC)[C@@H](CC)CN3CCCC[C@H]3CCO)nc12,3.0572898128898474,True
CCC(Nc1nc(Nc2ccc[nH]2)c2ncn(C(C)C)c2n1)C(=O)C(C)(C)C,3.1498222172052794,True
C=C(C)c1ccc2c(c1)c(CC(=O)N1CCCCNCC1)cn2C,3.7225378439983747,False
O=C(O)c1ccc(CN2CCCN(C(=O)c3ccccc3)CC2)cc1,4.381642272025411,False
COc1cc(N2CCN(C(C)=O)CC2)ccc1Nc1ncc(C)c(-c2cnc3ccccn23)n1,3.000538118404762,True
FC(F)(F)c1cnc(Nc2ccc3[nH]cnc3c2)nc1Nc1ccccc1Cl,3.1239902368605503,True
Cc1ccc(-c2ccc(-c3ccc(S(N)(=O)=O)cc3)cc2)cc1,9.254662986840748,False
Cc1nc2c(F)cc(-c3nc(Nc4ccc5c(n4)CCN(C[C@H]4CNCCO4)C5)ncc3F)cc2n1C(C)C,2.8027204641205308,True
CCCCCNc1cc(C)cc2c(=O)c(O)c(S(=N)(=O)C3CC3)oc12,2.6444131674154168,True
Cc1ncc(-c2ccnc(-c3ccnc(Nc4ccc(Nc5ccc(C(N)=O)cc5)cc4)n3)n2)n1C(C)C,3.024641962282485,True
CN(C)C(=O)c1ccc(C(=O)Nc2cccc(S(C)(=O)=O)c2)cc1,3.446251731954592,True
CNC(=O)c1ccc(COc2ccc(S(C)(=O)=O)cc2)cc1,3.6431513830748297,False
COCCNS(=O)(=O)c1ccc(Nc2nccc(-c3cnc(C)n3C(C)C)n2)cc1,3.0579192271870106,True
Cn1nc(C(N)=O)c2c1-c1nc(Nc3ccc(NNc4ccc(-c5ccccc5)cc4)cc3)ncc1CC2,2.857105878332133,True
CC(C)Cc1ccc(Sc2ccc(S(N)(=O)=O)cc2)cc1,12.219881382403026,False
CC(=O)Nc1ccc(-c2ccc(C3=CCN(C(C)=O)CC3)cc2)cc1,4.7268073791936995,False
CN(C)CC(=O)NC(=O)c1cccc(-c2ccccc2)c1,3.3330828072521657,True
CC(=O)CNc1ncc(C)c(-c2cnc(C)n2C(C)C)n1,3.075260801948351,True
COc1cc(Nc2ncc(Br)c(N[C@H](C)[C@H](C)O)n2)ccc1S(C)(=N)=O,2.9232729944362,True
CC(C)Cc1cnc(Cc2ccc(S(N)(=O)=O)cc2)o1,3.2334308404541523,True
CNC(=O)c1ccc(C(=O)c2ccc(N3CCOCC3)cc2)cc1,3.3109753849885357,True
Cc1cc(-c2ccc(S(N)(=O)=O)cc2)ccc1CC(C)C,5.898864806045311,False
CC(C)c1cc(-c2ccc(CN3CCCNCC3)cc2)ccn1,5.432271900411462,False
O=C(Nc1ncc(-c2ccnc(/C=C/c3ccccc3)n2)s1)C(O)CO,3.026975222891657,True
CN1CCN(c2ccc(-c3ccc(CO)nc3)cc2)CC1,3.1527093110529516,True
O=C(NCCc1ccccc1)N1CCN(c2ccccc2)CC1,4.264142703991034,False
Nc1ccc(N=NC(=O)c2c(=O)[nH]c3ccc4[nH]cccc4c23)cc1N=Nc1ccc(S(N)(=O)=O)cc1,4.445122607982827,False
COc1cc(N2CCN(C(C)=O)CC2)ccc1-c1ccc(O)cc1,4.135552925546951,False
COc1ccc(-c2ccc(NC(=O)N(C)C)cc2)cc1,4.012027168402528,False
CCNC(=O)N1CCC(c2cnc3c(NC(=O)O)nc(SSC)cn23)CC1,3.422001315020196,True
CC(=Nc1ccc(S(N)(=O)=O)cc1)Oc1c(O)[nH]c2ccc(-c3cnco3)cc12,3.267222979840834,True
CCCCC(=O)Nc1ncc(F)c(-c2cnc(C)n2C(C)C)n1,3.2871729495114788,True
O=C1NCCc2[nH]c(-c3ccncc3)cc21,3.129415440621462,True
CC(=O)c1ccc(Nc2ncc(F)c(-c3cnc(C)n3C(C)C)n2)cc1,3.0915798550255844,True
CN(C)C(=O)c1ccc(CNc2cccc(Cl)c2)cc1,3.2328298748928948,True
Cc1ncc(-c2ccnc(NC(C)(C)C)n2)n1C(C)C,3.1287855471412542,True
CC(C)C(=O)N1CCc2cnc(NC(=O)C3=CCC3)nc2C1,4.120904027030966,False
CC(C)CNc1ccc(-c2ccc(S(N)(=O)=O)cc2)nc1,3.267815172251947,True
COCCNS(=O)(=O)c1ccc(Nc2nccc(-c3cnc(C)n3CC(C)C)n2)cc1,3.117234190753085,True
CC(=O)NC(=O)c1ccc(CC(=O)Cc2cccc(C)c2)cc1,6.793415046940673,False
CCNC(=O)N1CCC(Nc2ccc3c(CS(C)(=N)=O)[nH]nc3n2)CC1,4.692332682152872,False
COCCCNS(=O)(=O)c1ccc(Nc2nccc(-c3cnc4ccccn34)n2)cc1,3.0435292014370408,True
Cc1ncc(-c2nc(NC(C)C)ncc2F)n1CC(C)C,3.4297198136290947,True
COc1ccc(-c2ocnc2C(=O)Nc2ccc(N3CCN(C(=O)OC(C)(C)C)CC3)nn2)cc1Cl,3.1786393315379455,True
CC(C)(C)c1cccc(NCc2ccc(S(N)(=O)=O)cc2)c1,2.9999826666165936,True
O=C(Nc1[nH]nc2nc(-c3ccc(O)c(Cl)c3)ccc12)C1CC1,3.1920748738085716,True
CC(=O)N1CCN(c2ccc(Cc3ccc(O)cc3)cc2)CC1,3.4853048647141325,True
CCCS(=O)(=O)c1ccc(-c2ccc(S(N)(=O)=O)cc2)cc1,2.79496583163373,True
NS(=O)(=O)c1ccc(N=Nc2c(O)[nH]c3cccc(Oc4ccccc4)c23)cc1,5.002446101658663,False
O=C(c1ccc(F)cc1)N1CCC(Nc2ccccc2)CC1,3.0234981395727694,True
CN(C)CC(=O)NCc1ccccc1-c1ccccc1,4.668550310321178,False
CC(=CCCN=Cc1c(O)[nH]c2ccc(-c3ccc[nH]3)c(NNc3ccc(S(N)(=O)=O)cc3)c12)S(N)(=O)=O,2.5857265903416744,True
CCCC(=O)Nc1ncc(F)c(-c2cnc(C)n2C(C)C)n1,3.194585732141183,True
C[C@@H](O)[C@@H](C)Oc1nc(Nc2ccc(S(=O)(=O)O[C@H](C)C(C)(C)C)cc2)ncc1C(F)(F)F,3.0096453279414863,True
COc1ccc2c(=O)[nH]c(O)c(C=NCc3ccccc3OF)c2c1,2.8789946161811453,True
Cc1ccccc1C(=O)Nc1ccc(S(N)(=O)=O)cc1,7.4582335710273915,False
CC(C)(CO)CNC(=O)c1ccc2[nH]c(O)c(N=Nc3ccc(S(N)(=O)=O)cc3)c2c1,2.6061327671475176,True
N=S(=O)(c1ccc(-c2ccnc(-c3cc(=O)c(O)c[nH]3)n2)cc1)C1CC1,5.038476059286183,False
COS(=O)(=O)c1ccc(Nc2ccc(Nc3nccc(-c4cnc(C)n4C(C)C)n3)cc2)cc1,3.0396323790879776,True
Clc1ccc(Nc2ncc3c(n2)CN(CC2CCC2)CC3)cc1,3.8734844778312953,False
CN1CCN(c2ccccc2Cc2ccc(N3CCCNCC3)cc2)CC1,5.922407111977365,False
CC(C)(C)c1nc2c3cc[nH]c(=O)c3c3cc(F)ccc3c2[nH]1,2.9529905181019522,True
NS(=O)(=O)c1ccc(-c2ccc(CC(F)(F)F)cc2)cc1,12.412736201176589,False
C[C@H](CO)Nc1nc(Nc2ccc(S(N)(=O)=O)cc2)ncc1Br,3.1442921301940143,True
NS(=O)(=O)c1ccc(N=S=Nc2ccc(N=Cc3c(=O)[nH]c4ccc5[nH]cccc5c34)cc2)cc1,2.969152909501296,True
COS[C@H]([C@H](Oc1nc(Nc2ccc(S(=O)(=O)O[C@@H](C)N)cc2)ncc1C(F)(F)F)C(C)NO)[C@@H](C)O,3.349962089337729,True
CC(=O)C1C(=O)Cc2cc(-c3ncc4cc5n(c4n3)[C@H](CC(C)C)CNC5=O)ccc2C1C,2.9387878453539344,True
CN1CCN(c2cccc(Nc3ncc4c(n3)-c3c(c(C(N)=O)nn3C)CC4)c2)CC1,2.7373558409530885,True
CC1CCN(NCc2cn(C)c3ccc(C4CC4)cc23)CC1,3.739322131082048,False
Cc1ncc(-c2ccnc(Nc3ccc(S(=O)(=O)Oc4cnc(C)n4S(=O)(=O)NS)cc3)n2)n1C(C)C,2.9774410153687363,True
NS(=O)(=O)Cc1ccc(N=Cc2c(O)[nH]c3ccc4ncsc4c23)cc1,2.7192699387887167,True
CN1CCNN(c2ccc(-c3ccc(Nc4ncc5c(n4)-c4c(c(C(N)=O)nn4C)CC5)cc3)cc2)CC1,5.9075745445995045,False
COC(=O)Nc1ccc(-c2ccc(CN3CCN(C)CC3)cc2)cc1,5.124040300387965,False
CNC(=O)Nc1ncc(Cl)c(-c2ccc(NC(=O)C3CCOCC3)cc2)n1,3.7030260598596945,False
NCCSc1cc(-c2ccc[nH]2)c2c3c(ccc(F)c13)NC2=O,5.765870359277944,False
Cc1ncc(-c2ccnc(NC3CC3)n2)n1C1CCCC1,3.076771522229105,True
Cc1c(N=Cc2c(=O)[nH]c(O)c3cc(Br)ccc23)cnn1C(C)N,4.6020295522736525,False
CNC(=O)c1ccc(Nc2nccc(-c3cnc(C)n3C3CCCC3)n2)cc1,3.0902876888729973,True
CN1CCN(C(=O)NC(=O)c2ccc(Cc3ccccc3)cc2)CC1,6.012289164702571,False
N[C@@H](Cc1ccc(Cl)cc1)c1oc2cc(O)cc(O)c2c(=O)c1OF,4.5890919581111005,False
C=C(C)c1ccc(NC(=O)c2ccc(S(N)(=O)=O)cc2)cc1,3.3880686238622797,True
CC(NC(=O)C(C)c1ccc(N2CCCC2)cc1)Nc1ccc(S(N)(=O)=O)cc1,4.82628449223624,False
CC(O)Nc1ccc(CCc2ccc3c(n2)CCN(C[C@H]2CNCCO2)C3)cc1,2.898593796998812,True
CCN(CC)C1CCN(c2ccc(C(N)=O)nc2)CC1,3.822293552306,False
NS(=O)(=O)c1ccc(N=C(Oc2cnco2)Sc2c(O)[nH]c3ccc(-c4cnco4)cc23)cc1,3.077584117453177,True
O=C(Cc1ncc(-c2cccc3c2OCCC3)cn1)NC1CC1,3.9136589018461994,False
O=C(Nc1ccc(Cl)cc1)c1ccc(C(=O)C2CC2)cc1,3.3009854589198047,True
CC(=O)Nc1ccc(-c2ccc(N3CCSCC3)cc2)cc1,4.27570567275157,False
NS(=O)(=O)c1ccc(Cc2ccc(C3CC3)c(Br)c2)cc1,6.698852215118648,False
CC(c1ccc(CC(F)F)cc1)c1ccc(S(N)(=O)=O)cc1,12.301934319447492,False
COc1cc(NCCc2c[nH]c3ccccc23)c(C(=O)O)cc1[N+](=O)[O-],4.540035902941742,False
OCc1nc(-c2ccc(N3CCCNCC3)cc2)ncc1F,4.915871235091493,False
NC(=O)NN1CCc2cc(Nc3ccc(F)c(Cl)c3)ccc21,3.1510891767768157,True
CN1CCN(c2ccnc(NC(=O)c3ccccc3)c2)CC1,3.505990017099304,False
CN1CCN(C[C@H](N)CNc2ncc(-c3ccc4c[nH]c(=S)cc4c3)s2)CC1,5.066079746707509,False
O=C(Nc1ccccc1)Nc1ccc(N2CCOCC2)nc1,2.884705010915334,True
COc1cc(N2CCCNCC2)cc(-c2ccccn2)c1OC,4.189230120201093,False
CC(C)Nc1ccc(CCc2ccc(S(N)(=O)=O)cc2)cc1,4.946147895079563,False
Cc1nc2c(F)cc(-c3nc(Nc4ccc5c(n4)CCN(C(=O)CCN(C)C)C5)ncc3F)cc2n1C1CC1,3.032110980818477,True
CNC(=O)c1ccc(C(=O)Nc2ccc(C3CCN(C(C)=O)CC3)cc2)cc1,3.739389388656928,False
CCC(=O)Nc1ccc(-c2ccc(N(C)C)cc2)cc1,4.2458702288223495,False
Cc1cc(Nc2ncc(Br)c(N[C@@H](C)C(C)(C)O)n2)ccc1S(C)(=N)=O,2.935863246133925,True
O=[N+]([O-])c1ccc(Nc2nccc(-c3cnn4ncccc34)n2)cc1,2.95689110384539,True
CC(C)n1cnc2c(NCc3ccccc3O)nc(CC(C)(O)O)nc21,2.9513717149827188,True
CCC(C)n1c(CCN2CCCC2)cc2cnc(Nc3ccc(CN4CCNCC4)cn3)nc21,6.117814887686619,False
Cc1cccc(Nc2ccc(N3CCN(C)COC3)cn2)c1,3.235883341531341,True
Cc1nc2c(F)cc(CC(N)=O)cc2n1C1CCCC1,2.820741214645538,True
CNC(=O)c1ccc(Cc2ccc(N3CCCOCC3)cc2)cc1,3.6296239474634264,False
CC(C)Cc1cccc(-c2ccc(S(N)(=O)=O)cc2)c1,11.68258498792112,False
CCCc1ccc(C(C)c2ccc(S(N)(=O)=O)cc2)cc1,12.311314998813083,False
CC(C)Nc1nccc(-c2ccc(S(N)(=O)=O)cc2)n1,3.025171234822915,True
CCN(CC)c1ccc(Nc2ncc(C(F)(F)F)c(N[C@H](C)[C@H](C)OO)n2)cc1,4.069448365565042,False
Cc1nc2c(F)cc(-c3nc(Nc4ccc5c(n4)CCN(CCN(C)C(=S)n4ccnc4)C5)ncc3F)cc2n1C(C)C,2.741826763309459,True
CC(C)C(=O)c1ccc(Oc2ccc(S(N)(=O)=O)cc2)cc1,3.1375774094036366,True
CNC(=O)c1ccc(Nc2ncc(F)c(-c3cnc(C)n3C(C)C)n2)cc1,3.1075728470946573,True
CCC(C)Cc1nc(-c2ccc(S(N)(=O)=O)cc2)ccc1C,6.7556179584106175,False
CC(C)c1ccc(C(=O)Cc2ccc(S(N)(=O)=O)cc2)cc1,6.208841276760103,False
O=C(Cc1ccccc1)Nc1cc(C2CC2)[nH]n1,2.8679783820663665,True
COCCN1CCC(c2cc3c(-c4cnn(CC5CC5)c4)c(Cl)cnc3[nH]2)CC1,2.6425292808216887,True
NS(=O)(=O)c1ccc(CNC=C2CNC(=O)c3ccc(C4CC4)cc32)cc1O,2.8973180702159675,True
NS(=O)(=O)c1ccc(-c2ccc(N3CCOCC3)cc2)cc1,3.0603277602243857,True
O=C(NC(c1ccccc1)C1CCNCC1)c1ccc2cnccc2c1,4.347047848827985,False
Cc1cc(-c2ccc(S(N)(=O)=O)cc2)cc(S(C)(=O)=O)c1,3.8471067050447196,False
Cc1ncc(-c2nc(NC3CCCC3)ncc2F)n1C(C)C,3.0733854297826033,True
COCCOCCOCCOCCNS(=O)(=O)c1ccc(N=Cc2c(O)[nH]c3ccc4ncsc4c23)cc1,3.10875714715705,True
COC(=O)C(=O)c1ccc2[nH]c(O)c(N=NN=Nc3ccc(S(N)(=O)=O)cc3)c2c1,3.3797996982069884,True
Cc1ncc(Nc2ccc(S(C)(=O)=O)cc2)n1C(C)C,3.1029357067138883,True
CC(CCN(C)C)c1c(O)cc(O)c2c1OC(=CC(=O)Nc1ccccc1)C2=O,2.709467475353789,True
CS(=O)(=O)N1CCC(Nc2ncc(C(F)(F)F)c(-c3cnn(-c4ccccc4Cl)c3)n2)CC1,3.005861939610671,True
CC(=O)N(C)c1ccc(-c2ccc(S(N)(=O)=O)cc2)nc1,3.4927265853484712,True
CCS(=O)(Cc1cc(F)cc(Nc2ncc(F)c(NCCN(C)C)n2)c1)=NC#N,2.90980171145733,True
CC[C@@H](Nc1nc(NCc2cccnc2)c2ncn(C(C)C)c2n1)N1CCN(C)CC1,3.0093698675968747,True
CC(C)c1cnn2c(NCc3ccc(N)cc3)nc(OC3CCN(C)CC3)nc12,3.161956830824866,True
Cc1nc2ccc(Nc3ccc(N4CCN(C(=O)C(C)O)CC4)cc3)cc2s1,2.940033503210467,True
CNC(=O)c1ccc(-c2ccc(S(C)(=O)=O)cc2)cc1,3.3930624810044354,True
Clc1cc(Nc2ccccc2)ccc1N1CCOCC1,3.140092036867717,True
CCCCC1(C)CNC(=O)c2cc3cnc(Nc4ccc(N5CCOCC5)cc4)nc3n21,3.6387918324630775,False
CN1CCN(c2ccc(Nc3nccc(-c4cnn5ncccc45)n3)cc2C(F)(F)F)CC1,2.96054589560777,True
C[C@@H](Nc1nc(Nc2ccc(S(C)(=N)=O)cc2)ncc1Br)C(C)(C)O,2.979698306876052,True
CC(C)c1ccc2c(n1)CCN(c1ccc(S(N)(=O)=O)cc1)C2,2.847307675682413,True
CC(=O)N1CCc2nc(Nc3ncc(F)c(-c4cc(F)c5nc(C)n(C(C)C)c5c4)n3)ccc2C1,2.7920925844248132,True
CC(C)CN1CCc2nc(-c3ccc(S(N)(=O)=O)cc3)ccc2C1,3.091281449496309,True
Cc1ncc(-c2ccnc(Nc3ccc(S(C)(=O)=O)cc3)n2)n1C(C)C,3.0518443603827525,True
CC(C)=NC(=O)C(=O)c1ccc(Nc2ncc(F)c(-c3cnc(C)n3C(C)C)n2)cc1,3.0365679640014713,True
CCC(=O)Nc1ccc(-c2ccc(N3CCOCC3)cc2)cc1,4.499465857187934,False
NS(=O)(=O)c1ccc(N=Nc2c(O)[nH]c3cccc(I)c23)cc1,2.824087463234808,True
Oc1ccc(CN2CCC(c3ccccc3)CC2)cc1,8.868486060202159,False
CC(C)C(=O)N1CCN(C(=O)c2cccc(NC(C)(C)C)c2)CC1,2.9327567236305225,True
C[SH]=C(C)CSCC(=O)c1ccc(Nc2ncc(F)c(-c3cnc(C)n3C(C)C)n2)cc1,3.006355601055868,True
C=C(C)C(=O)c1ccc(Nc2ccc(Nc3ncc(F)c(-c4cnc(C)n4C(C)C)n3)cc2)cc1,2.935733468828532,True
C=C(C)C(C)(N)CC(=O)c1ccc(Nc2ncc(F)c(-c3ncc(F)c(-c4cnc(C)n4C(C)C)n3)n2)cc1,3.1537406361335476,True
CC(C)c1ccc(Oc2ccc(S(N)(=O)=O)cc2)cc1,6.641804875182647,False
C[C@H]([C@@H](C)O)[C@@H](C)Oc1nc(Nc2ccc(S(=N)(=O)[C@H](C)[C@@H](C)O)cc2)ncc1C(F)(F)F,3.046564458533585,True
COS[C@H](OS(=O)(=O)c1ccc(Nc2ncc(C(F)(F)F)c(OC(C)C)n2)cc1)[C@@H](C)O,2.945388938663281,True
CCCNc1ccc(Oc2ccc(S(N)(=O)=O)cc2)cc1,3.0160071286387966,True
CNC(=O)c1cccc(C(=O)Nc2cc(N3CCOCC3)ccc2F)c1,3.323511095212414,True
Fc1ccc(CNc2ccc(N3CCOCC3)cc2)cc1,3.840561547482347,False
CC(O)C(=O)N1CCCN(c2ccc(-c3ccc(C(=O)O)cc3)cc2)CC1,2.9117185646967996,True
COc1ccccc1NCc1cccc(Nc2cccc(N3CCCNCC3)c2)n1,2.741617223465015,True
O=C(NC1CCCCC1)c1ccc(N2CCOCC2)nc1,3.141547548581747,True
C=C(C)C(C)c1ccc(C(=O)c2ccc(Nc3ncc(F)c(-c4cnc(C)n4C(C)C)n3)cc2)cc1,3.0547219186040477,True
CN1CCCN(NCc2cccc(-c3ccccc3)c2)CC1,4.261276451956622,False
CC1CCN(c2cn(C)c3ccc(C4CNC4)cc23)CC1,3.5357638495804586,False
CC(=O)Nc1ccc(N2CCN(c3ccccc3)CC2)cc1,3.73386395038705,False
CC(=O)N1CCN(c2ccc(CNc3ccc(Cl)cc3)cc2)CC1,3.016364367910488,True
Cc1ncc(-c2nc(Nc3ccc(C(=O)CC(=O)CNN)cc3)ncc2F)n1C(C)C,3.168456722128304,True
CN1CCN(c2ccc(NCCc3ccccc3)cc2)CC1,5.1114711189637045,False
CC(C)(C)OC(=O)CCc1nn(C(C)(C)C)c2ncnc(N)c12,2.9164452677874806,True
CN(C)CCNS(=O)(=O)c1ccc(Nc2nccc(-c3cnc4ccccn34)n2)cc1,3.117492261417827,True
Cc1cccc2c(N3CCCNCC3)nnc(CCC(C)C)c12,5.70415997321253,False
CC(=Nc1ccc(S(N)(=O)=O)cc1)c1c(O)[nH]c2ccc(-c3cnco3)cc12,2.6386127036759395,True
O=C(NNc1cccc(N2CCOCC2)c1)c1ccccc1,2.809323406089091,True
CC(C)CC(=O)Nc1[nH]nc2c1CN(C(=O)C1CCN(C)CC1)C2(C)C,2.9952557486799036,True
C[C@H]([C@@H](C)O)[C@@H](C)Oc1nc(Nc2ccc(Nc3ccc(S(=N)(=O)C(F)(F)F)cc3)cc2)ncc1C(F)(F)F,2.835272826378441,True
CN1CCN(NC(O)c2ccc(Nc3ncc4c(n3)-c3c(c(C(N)=O)nn3C)CC4)cc2)CC1,2.6647007336659816,True
Cn1nc(C(N)=O)c2c1-c1nc(Nc3ccc(NSc4ccccc4)cc3)ncc1CC2,2.7374873515689484,True
c1ncc(-c2cc3cnc(Nc4ccc(N5CCNCC5)cn4)nc3n2C2CCCC2)o1,3.2674693571631264,True
COc1cc(C2CNC(=O)C2=Nc2cc(F)cc(CS(=N)(=O)C3CC3)c2)cc(OC)c1OC,4.467774166181644,False
CC(C)(C)c1ccc(Oc2ccc(S(N)(=O)=O)cc2)cc1,3.088068814000109,True
Cc1ncc(-c2ccnc(Nc3ccc(S(=O)(=O)NOS(=O)(=O)C(C)C)cc3)n2)n1C(C)C,3.1704051791529757,True
C[C@@H](Oc1nc(Nc2ccc(S(=O)(=O)[SH](N)(=O)O)cc2)ncc1C(F)(F)F)C(C)(C)O,2.845574282987529,True
CN1CCCN(c2ccc(N3CCCNCC3)cc2)CC1,3.905221888702359,False
CN(C)CCN(C)c1ccc2cc1COC/C=C/COCc1cccc(c1)-c1ccnc(n1)N2,3.504931953690406,False
C[C@@H](O)[C@@H](C)N=NS(=O)(=O)c1ccc(Nc2ncc(C(F)(F)F)c(O[C@H](C)[C@H](C)S(=O)(=O)S(N)(=O)=O)n2)cc1,3.2113059648684965,True
O=c1[nH]cc(-c2ccc(CN3CCOCC3)cc2)c2sc(-c3cnn(O)c3)cc12,3.8374762539981897,False
CN(C)C(=O)c1cccc(C(=O)Nc2cccc(N3CCOCC3)c2)c1,3.6912980101855757,False
O=C(c1ccc(O)cc1)N1CCN(Cc2ccccc2)CC1,4.251716476906712,False
CC[C@@H](C)Oc1nc(Nc2ccc(S(N)(=O)=O)cc2)nc(N)c1C=O,2.9450042444791182,True
CCCc1cc(NC(=O)c2ccc(Br)cc2)[nH]n1,3.1590824617284055,True
NC(=O)c1ccc(NC(=O)c2ccc(N3CCCC3)cc2)cc1,3.3381565271868237,True
CC(C)CC(=O)N1CCc2nc(-c3ccc(S(N)(=O)=O)cc3)ccc2C1,2.92179568074155,True
CCc1ccc(-c2cc(N3CCN(C)CC3)ccc2O)cc1,3.689810157718147,False
COC(=O)c1ccc(-c2ccc(S(N)(=O)=O)cc2)cc1,2.993855540937141,True
Cc1ncc(-c2nc(NCC(C)(C)C)ncc2F)n1C(C)C,3.2056278636173623,True
CS[C@H](OS(=O)(=O)c1ccc(Nc2ncc(C(F)(F)F)c(OC(C)S(=O)(=O)C(C)O)n2)cc1)[C@@H](C)O,3.2981461459432007,True
CC(O)C(=O)N1CCN(c2ccc(Nc3nccc(CCCN)n3)cc2)CC1,2.921569098960349,True
COc1ccc(-c2ccc(N3CCCCC3)c(C(N)=O)c2)cc1,4.9375638730045885,False
NS(=O)(=O)c1ccc(N=Cc2c(O)[nH]c3ccc4ncsc4c23)cc1,2.9382569662982156,True
CCNC(=O)N1CCC(c2nc3ccnn3c(Nc3ccc(F)c(Cl)c3)c2C)CC1,3.8697454696659372,False
Nc1cc(OCC2CCCCC2)nc(NC(=O)NC(=S)Nc2ccc(Cl)cc2)n1,2.90282431435318,True
O=C(Nc1ccccc1)c1ccc(NC(=O)N2CCOCC2)cc1,6.480077622991868,False
C[C@@H](Oc1nc(Nc2ccc(S(=O)(=O)[C@@H](C)O)cc2)ncc1C(F)(F)F)c1ccc(S(=N)(=O)C(F)(F)F)cc1,5.048950088879869,False
NS(=O)(=O)c1ccc(-c2ccc(C3CCCC3)nc2)cc1,5.624417303152389,False
CN1CCN(Cc2ccc(-c3cnc4[nH]cc(-c5ccc6[nH]ccc6c5)c4c3)cc2)CC1,3.419251526284672,True
COc1ccc(C(=O)Nc2ccc(C3=CCC3)cc2)cc1,3.26481423667565,True
Cn1cc(S(=O)(=O)N2CCC(Nc3ncc4c(n3)N([C@@H]3CCC[C@@H](O)C3)C(=O)C43CC3)CC2)cn1,2.874281475429987,True
CN(C)CCCN(C)S(=O)(=O)c1ccc(Nc2nccc(-c3cnc4ccccn34)n2)cc1,3.0873511300142096,True
CCn1c(-c2nc(NC3CCOCC3)ncc2F)cnc1C,3.125094238579059,True
CN1CCN(C(=O)c2ccc(Nc3ccc(N(C)C)cc3)cc2)CC1,2.8011435164946548,True
CN(C)C(=O)c1cccc(-c2cnc(N)c(-c3nc4c(N5CCNCC5)cccc4[nH]3)n2)c1,3.1006233244301105,True
O=C(Nc1ccccc1)c1cccc(CCN2CCOCC2)c1,4.742154889920823,False
NS(=O)(=O)c1ccc(N=Nc2ccc(SC(=O)N=Cc3c(=O)[nH]c4ccc5[nH]cccc5c34)cc2)cc1,4.077154031919815,False
CC(c1ccc(C(C)(C)C)cc1)c1ccc(S(N)(=O)=O)cc1,9.725937332720173,False
Cc1ccc(F)c(NC(=O)c2ccc(S(N)(=O)=O)cc2)c1,6.798079140463133,False
O=C(Cc1ccccc1)NC(=O)Cc1ccc(F)cc1,3.629506991314375,False
CON(C)C(=O)Nc1ccnc(/C=C/c2ccccc2)n1,3.0992852401803903,True
CC(C)(C)Oc1ccc(-c2ccc(S(N)(=O)=O)cc2)cc1,2.941290193095534,True
C=CC(=O)NCc1ccc(C(=O)N2CCCC(Nc3ncc(SCc4ncc(C(C)(C)C)o4)s3)C2)cc1,3.1688150782271953,True
CN1CC=C(c2cnc(Nc3cnn(C)c3)nc2OC2CCCCC2)CC1,3.405113948166793,True
CN(C)C(=O)c1cccc(-c2ccc(N3CCCNCC3)cc2)c1,5.5676010992167875,False
Cc1cc(C(C#N)c2ccc(Cl)cc2)c(Cl)cc1NC(=O)c1cc(I)cc(I)c1O,3.2667577198194624,True
CC(C)(C)Nc1nc(C(F)(F)F)nc2ccc(-c3cccnc3)cc12,4.298657581152516,False
Cc1ncc(-c2ccnc(Nc3ccc(-c4ccc(S(C)(=O)=O)cc4)cc3)n2)n1C(C)C,2.8774156807802367,True
CN(C)CC(O)COc1ccc(Nc2ccc(N3CCNCC3)cn2)cc1,3.273427866930936,True
NCc1ccc(C2CCN(c3ccccc3)CC2)cc1,4.520348327286298,False
CC(C)(C)NC(=O)c1ccc(Cc2ccc(S(N)(=O)=O)cc2)cc1,5.996794727185517,False
Fc1ccccc1Nc1ccc(N2CCOCC2)cc1,3.119677226893831,True
CC(C)S(=O)(=O)c1ccc(Oc2ccc(S(N)(=O)=O)cc2)cc1,3.2466180865633123,True
O=C(Nc1ccc(CN2CCCCC2)cc1)c1ccccc1,3.2932383758240173,True
Cc1ccccc1C(=O)Nc1ccc(N2CCCN(C)CC2)cc1,3.3242423196873045,True
CC(C)Nc1ccc(-c2ccc(S(C)(=O)=O)cc2)cc1,3.3304541732322335,True
O=C(O)Nc1ccc(N2CCC(c3nc(NCO)ncc3F)CC2)cn1,3.0325492576378723,True
NS(=O)(=O)c1ccc(N=Nc2c(O)[nH]c3ccc(C(=S)c4ccc([N+](=O)[O-])cc4)cc23)cc1,4.433567976246667,False
C[C@@H](NC(=O)N1CCc2cnc(NC3CCOCC3)nc2C1)c1ccc(Cl)c(F)c1,4.063731413368751,False
Cc1cccc(-c2ccc(N3CCN(C(=O)C(C)O)CC3)cc2)c1,4.3736883748159325,False
CCc1ccc(CNC(=O)c2cc(C)ccc2F)cc1,3.925834433594981,False
Cc1ccccc1NC(=O)Nc1ccc(OC(F)(F)F)cc1,3.0294035716622503,True
COC(Oc1nc(Nc2ccc(S(=O)(=O)C(F)(F)F)cc2)ncc1C(F)(F)F)[C@@H](C)O,3.0807258884879762,True
O=C(Cc1ccc(-c2cc(=O)c3c(O)cc(O)cc3o2)cc1)C(=O)C1CCNCC1,3.415377870748714,True
C[C@@H](Oc1nc(Nc2ccc(S(C)(=O)=O)cc2)ncc1C(F)(F)F)C(C)(C)[SH](N)(=O)CO,3.1239044479625178,True
CN(C)C(=O)c1ccc(F)c(NC(=O)c2cccnc2)c1,3.3020722281621944,True
CN1CCN(c2ccc(Nc3nccc(-c4cnn5ncccc45)n3)cc2)CC1,3.052292417184175,True
CN1CCCN(c2ccc(CN3CCCNCC3)cc2)CC1,3.8411939550093064,False
O=C(O)NC(=O)c1cccc(-c2ccc(N3CC=NCC3)cc2)c1,5.387356865848045,False
CCCC(=O)Nc1[nH]nc2cc(Cl)c(-c3ccccc3)cc12,2.7720817087524647,True
COc1ccccc1N1CCN(C(=O)c2ccccc2)CC1,3.957839056859193,False
C=C(C)c1ccc2c(c1)c(CC(=O)N1CCCNCC1)cn2C,4.716397247900131,False
NS(=O)(=O)c1ccc(N=NN=NN=NC(O)c2c(=O)[nH]c3ccc4[nH]cccc4c23)cc1,2.8755669006301994,True
NC(=O)c1ccc(-c2cccc(N3CCOCC3)c2)cc1,6.251327778960243,False
CC(C)Cc1ccc(CCc2ccc(S(N)(=O)=O)cc2)cc1,6.434685151582785,False
CC(C)(C)n1nc(-c2cccc3ccccc23)c2c(N)ncnc21,7.822741782776674,False
Cc1ccccc1CCc1cc(N2CCN(C)CC2)ccc1O,3.312381318628638,True
CN1CCN(c2ccc(-c3cccc(F)c3)cc2CO)CC1,4.728999471346982,False
CC(=O)CNc1ncc(F)c(-c2cnc(C)n2C(C)C)n1,2.8733022813480646,True
Nc1ncnc2occ(-c3ccc(NC(=O)Nc4cc(C(F)(F)F)ccc4F)cc3)c12,3.06090754515716,True
Cc1ccccc1Nc1cc(Nc2ccc(Oc3ccc(S(N)(=O)=O)cc3)cc2)ncn1,2.9698823209009477,True
CC(=O)C(=O)c1ccc(Nc2ncc(F)c(Nc3ncc(F)c(-c4cnc(C)n4C(C)C)n3)n2)cc1,2.8179803051121617,True
CC(C)=NCC(=O)CC(=O)c1ccc(-c2ccc(Nc3ncc(F)c(-c4cnc(C)n4C(C)C)n3)cc2)cc1,3.11447812642825,True
Cc1ncc(OS(=O)(=O)c2ccc(Nc3nccc(-c4cnc(C)n4C(C)C)n3)cc2)n1C(C)C,3.0776362683072254,True
CN(C)CCNS(=O)(=O)c1ccc(-c2cccc(NC(=O)C3CCCCO3)n2)cc1,4.995819152051044,False
Nc1nccc(-n2ccc3ccncc32)n1,4.703430024992398,False
CC(C)C(=O)N1CCCc2cnc(Nc3ccccc3)nc2C1,3.0022786346373698,True
Cc1nc2c(F)cc(-c3nc(Nc4ccc5c(n4)CCN[C@H]5C)ncc3F)cc2n1C(C)(C)C,2.7272706136355467,True
NS(=O)(=O)c1ccc(N=C(Oc2cnco2)c2c(O)[nH]c3ccc(-c4cnco4)cc23)cc1,3.1076281952640366,True
O=C(NCc1cccc(C(=O)N2CCCC2)c1)c1ccccc1,3.2302527764867017,True
C=C(C)C(=O)c1ccc(Nc2ncc(F)c(Nc3ncc(F)c(-c4cnc(C)n4C(C)C)n3)n2)cc1,2.919726357041015,True
CN1CCN(Cc2ccc(NC(=O)c3[nH]ncc3Nc3ccncn3)cc2)CC1,3.0317028218478206,True
CC(C)N(C)C(=O)O[C@@H]1CCC(c2cc(NNCc3ccn4ccnc4c3)[nH]n2)C1,3.371136010308693,True
CC(C)=C[N+](=CC=CC(N)=O)CC(=O)c1ccc(Nc2ncc(F)c(-c3cnc(C)n3C(C)C)n2)cc1,3.1240278487875286,True
CNC(=O)c1nn(C)c2c1C(C)(C)Cc1cnc(Nc3cccc(CN4CCN(C)CC4)c3)nc1-2,2.774561947407196,True
CNC(=O)c1ccc(C(=O)Nc2ccc(F)cc2F)cc1,3.2100437691720027,True
Cc1ncc(-c2nc(Nc3ccc(C(=O)NCCN(C)C)c(F)c3)ncc2F)n1C(C)C,3.12964422898195,True
CC(=O)C(=O)c1ccc(C(=O)c2ccc(Nc3ncc(F)c(-c4cnc(C)n4C(C)C)n3)cc2)cc1,3.102332993087624,True
C[C@H]1CNCC(C(=O)Nc2ncc(SCc3cc(N4CCOCC4)ccc3O)s2)C1,3.2732056152951943,True
Cc1nccc(-c2ccc(C(=O)N(C)C)c(Cl)c2)c1C#Cc1ccc(N)nc1,3.638363780602479,False
CC[C@@H](Nc1nc(NCc2cccnc2)c2ncn(C(C)C)c2n1)C(O)C(C)(C)C,2.96327065925474,True
Clc1cc(Nc2ccccc2)ccc1CN1CCOCC1,3.1627004284313727,True
CCc1cnc(Nc2ccc(S(N)(=O)=O)cc2)nc1C,5.6963108236822935,False
Cc1ccc(F)c(C(=O)Nc2ccc(N3CCN(C)CC3)cc2)c1,3.5107375293519225,False
NS(=O)(=O)c1ccc(N=Nc2c(O)[nH]c3ccc(C(=O)N=CNc4ccc([N+](=O)[O-])cc4)cc23)cc1,3.7034114003172838,False
CC(C)(C)Nc1ccc(Cc2ccc(S(N)(=O)=O)cc2)cc1,3.9214549595781447,False
Cc1cccc(COC(=O)c2ccc(S(N)(=O)=O)cc2)c1,6.632529607924871,False
O=C(Nc1[nH]nc2nc(-c3ccc(O)c(Br)c3)ccc12)C1CC1,3.185384435197738,True
O=C(Cc1cccc(Cl)c1)NCC(=O)Nc1[nH]nc2ccc(N3CCCS3(=O)=O)cc12,2.9992430711764606,True
Cc1ncc(-c2nc(NCCC(C)(C)C)ncc2F)n1C(C)C,2.9849978224447717,True
COc1ccc(-c2nn(-c3ccccc3)cc2C(=O)NC(=S)Nc2ccc(Cl)cc2)cc1,3.3705882275947077,True
CC(=O)c1ccc(C(=O)c2ccc(C(N)=O)cc2)cc1,2.970893804901148,True
COC(=O)c1ccc(C(=O)Nc2ccc(Cl)cc2)cc1,3.53260442166966,False
CCc1cnn2c(NCc3ccc[n+]([O-])c3)cc(N3CCCC[C@H]3CCNN3CSCC[C@H]3CCO)nc12,3.4633112767985477,True
Cc1cccc(NC(=O)c2ccc(N3CCCOCC3)cc2)c1,4.00444590424194,False
CC1CN(c2ccc(Nc3ncc4cc5n(c4n3)C3(CCCC3)CNC5=O)nc2)CCN1CC1CC1,3.953252078985102,False
CC(c1ccc(S(C)(=O)=O)cc1)c1ccc(S(N)(=O)=O)cc1,5.579809853391062,False
CS(=O)(=O)c1ccc(NC(=O)c2ccc(S(C)(=O)=O)cc2)cc1,4.097883600103843,False
CN(C)C/C=C/C(=O)Nc1ccc(C(=O)Nc2ncc(SCc3ncc(C(C)(C)C)o3)s2)cc1,2.9279619191512727,True
COc1cc(N2CCN(C(C)=O)CC2)ccc1Nc1ncc(C)c(C(F)(F)NC2CCCCC2)n1,2.85679558246648,True
Cc1cc(Nc2ncc(Br)c(N[C@H](C)C(C)(C)O)n2)ccc1S(C)(=N)=O,2.997111609533417,True
Oc1ccc(Cc2ccc(N3CCOCC3)cc2)cc1,5.150438525019,False
CC(C)Cc1ncc(F)c(-c2ccc(S(N)(=O)=O)cc2)n1,3.3881055178373676,True
c1cc(C2CC2)ccc1-c1ccc(N2CCCNCC2)cc1,5.554910980384844,False
Cc1ncc(-c2nc(Nc3ccc(C(=O)NC4CCN(C)CC4)c(F)c3)ncc2F)n1C(C)C,2.841681896342373,True
C[C@@H](c1ccc(S(N)(=O)=O)cc1)c1cccc(C(C)(C)C)c1,9.605939308573625,False
CCC(=O)Nc1ccc(-c2ccc(N3CCN(C)CC3)cc2)nc1,4.41152456640558,False
NS(=O)(=O)c1ccc(N=NN=Nc2c(=O)[nH]c3ccc4[nH]cccc4c23)cc1,3.3062070413088187,True
NS(=O)(=O)c1cccc(Nc2nccc(-c3ccnc(NCCCO)c3)n2)c1,3.0084183552159107,True
CN1CCN(C(=O)c2ccc(O)c(-c3ccccc3)c2)CCC1=O,3.1523938522970174,True
Cc1cc(N2CCCS2(=O)=O)c2oc(-c3ccc(O)cc3)c(O)c(=O)c2c1,2.8356801653218993,True
Cc1nc2c(F)cc(-c3nc(Nc4ccc5c(n4)CCN(C(=O)O)C5)ncc3F)cc2n1C(C)C,2.811150298365426,True
COc1ccc(Nc2ccc(N3CCOCC3)c(C)c2)cc1,3.153619666351669,True
Cc1ncc(-c2nc(NCC3CCOCC3)ncc2F)n1C(C)C,3.0266073415624937,True
CC(N=Nc1ccc(N=NN=Nc2ccc(S(N)(=O)=O)cc2)cc1)=Nc1c(=O)[nH]c2ccc3[nH]cccc3c12,2.863379995739296,True
O=c1cc(-c2ccc(O)cc2Cl)oc2c(CC3CCCCC3)c(O)cc(O)c12,3.0761846498544183,True
CCCNc1nccc(-c2ccc(S(N)(=O)=O)cc2)n1,4.3892459489074,False
CC(=O)N1CCc2cnc(Nc3ccc(Cl)cc3)nc2C1,3.105872663197896,True
CNC(=O)Nc1ccc(-c2cc(-c3ccnc(Nc4ccc(C)c(S(=O)(=O)NC)c4)n3)ccn2)cc1,4.183251964680108,False
CN1CCN(Nc2ccc(Nc3ccc(S(N)(=O)=O)cc3)cn2)CC1,2.9680247640476307,True
CCS(=N)(=O)c1ccc(Nc2ncc(Br)c(N[C@H](COC)[C@@H](C)O)n2)cc1,3.135702313677116,True
COc1ccccc1-c1nc(Nc2cccc(NC(=O)N(C)C)c2)ncc1F,3.1592609895353743,True
C[C@H]1CN(c2ccc(Nc3ncc4cc5n(c4n3)C3(CCCCC3)CNC5=O)nc2)CCN1,3.2951122894371934,True
Cc1ncc(-c2nc(NC(=O)NC(C)(C)C)ncc2F)n1C(C)C,3.067300767776123,True
C=C(C)N(c1ccc(-c2ccc(S(N)(=O)=O)cc2)cc1)C(C)C,5.690681066445386,False
Cc1ccc(F)c(Nc2nccc(-c3ccc(S(N)(=O)=O)cc3)n2)c1,2.8054685883110495,True
CNC(=O)c1ccc(C2CCN(c3ccccc3Cl)CC2)cc1,4.98932430294925,False
C=C(C)c1ccc(-c2ccc(S(N)(=O)=O)cc2)cc1C,12.396413271587878,False
CCC(=O)Nc1c(C)c2cnc(Nc3ccc(N4CCNCC4)cc3)nc2n(C2CCCC2)c1=O,4.099121613223986,False
COc1cccc(N=O)c1CC(=O)c1ccc2[nH]c(O)c(N=Nc3ccc(S(N)(=O)=O)cc3)c2c1,3.3088176135894862,True
CS(=O)(=O)c1ccc(N=Cc2c(O)[nH]c3ccc4ncsc4c23)cc1,2.7078858912443096,True
CCc1cnn2c(NCc3ccc[n+]([O-])c3)cc(N3CCCCC[C@H]3CCN3CCC(Br)C[C@H]3CCO)nc12,3.2284339856964723,True
CN=S(C)(=O)c1ccc(Nc2ncc(Br)c(N[C@H](C)[C@H](C)O)n2)cc1OC,2.9285663728179423,True
Cc1ccc(Nc2ncc(F)c(CO)n2)nc1CCNC(=O)C(C)N(C)C,2.881608925583071,True
O=C(NCc1ccc(N2CCOCC2)cc1)c1ccc(F)cc1,3.2116564262075116,True
N[C@H](CNc1nnc(N[C@H]2CC[C@H](N)CC2)s1)Cc1cccc(Cl)c1,3.0523042115752554,True
COc1cc(N2CCN(C(C)=O)CC2)ccc1Nc1ncc(C)c(C(F)(F)C(F)(F)F)n1,2.9442209495892144,True
CC(=O)NNc1ncc(F)c(-c2cnc(C)n2C(C)C)n1,2.8426109477028345,True
CN(C)Cc1ccc(Nc2cc(OCC3CCCCC3)nc3ncnn23)cc1,5.595207324130179,False
CC(C)Oc1ccc(CCc2ccc(S(N)(=O)=O)cc2)cc1,5.8551137478276205,False
NS(=O)(=O)c1ccc(-c2ccc3[nH]c(O)c(N=Nc4ccc([N+](=O)[O-])cc4)c3c2)cc1,3.732148041008019,False
COc1cc(F)ccc1OC(=O)NC(=O)c1cc(C)ccc1F,5.75148754671346,False
CNC(=O)c1cccc(NC(=O)c2ccc(C(=O)N(C)C)cc2)c1,3.2923253180692877,True
CN(C)C(=O)N1CCc2cnc(NC(=O)c3ccccc3)nc2C1,3.33941372099954,True
Cc1ccccc1C(=O)Nc1ccc(C(=O)N2CCN(C)CC2)cc1,4.201861254253883,False
NS(=O)(=O)c1ccc(N=Nc2c(O)[nH]c3ccc(C(=O)N=CNCSC(=O)c4ccc[nH]4)cc23)cc1,3.8607586042123936,False
CC[C@H](CO)Nc1nc(-c2ccc(O)c(O)c2)n2ncc(C(C)C)c2n1,3.6620927077287377,False
CCC(=O)c1ccc(Nc2nccc(C3CCN(C)CC3)n2)cc1,2.976041834383382,True
O=C(NC(=O)c1cccc(N2CCOCC2)c1)c1ccccc1,3.4219839274900132,True
Cc1ccccc1C(=O)NC(=O)Cc1cccc(Cl)c1,3.1515085276736925,True
CN1CCN(c2ccc(-c3ccccc3CO)cc2)CC1,5.681445062657922,False
CO[C@@H]([C@@H](C)O)[C@@H](C)Oc1nc(Nc2ccc(S(=N)(=O)C3CC3)cc2)ncc1C(F)(F)F,3.048605910904196,True
CC(=O)Nc1ccc(CNc2nc(NC3CCOCC3)nc3c(C(C)C)cnn23)cc1,4.183619246537622,False
CC(C)Cc1ccc(-c2cccc(S(N)(=O)=O)c2)cc1,6.981723211356915,False
CN1CCN(NC(=O)NNC(=O)c2oc3ccccc3c2CN2CCN(c3ccccc3)CC2)CC1,4.278217970136637,False
NS(=O)(=O)c1ccc(NNNc2ccc(NNSC(=O)NNc3c(O)[nH]c4ccc([N+](=O)[O-])cc34)cc2)cc1,2.852720981799655,True
CCc1cnn2c(NCc3ccc[n+]([O-])c3)cc(N3CCCC[C@H]3CCSCO)nc12,2.9454775504152177,True
Cc1ccccc1NCc1ccc(N2CCN(C)CC2)cc1,3.1755497161908894,True
NS(=O)(=O)c1ccc(N=Nc2ccc(N=NC(O)c3c(=O)[nH]c4ccc5[nH]cccc5c34)cc2)cc1,2.8837250215649917,True
O=C(NCc1ccccc1)N1CCN(C(=O)OCc2ccccc2)CC1,3.092694779637983,True
N[C@H]1CC[C@H](Nc2cc(Nc3ccc(F)c(Cl)c3)n3ncc(Br)c3n2)CC1,3.297711327572511,True
CS(=O)(=O)Nc1ccccc1-c1ccc(N2CCCCC2)cc1,4.117401850682053,False
CC(=O)N1CCC(Nc2ccc(-c3ccccc3)cc2)CC1,4.653134105095196,False
CNc1c(C=Nc2ccc(S(N)(=O)=O)cc2)ccc2[nH]c(O)c(N=CC=Nc3ccc(S(N)(=O)=O)cc3)c12,2.7527370016040416,True
CN(C)CCNS(=O)(=O)c1ccc(Nc2nccc(-c3cnc4cccnn34)n2)cc1,3.0479199464552895,True
Cc1ncc(-c2nc(NC3CCN(C)CC3)ncc2F)n1C(C)C,3.038370615971657,True
Clc1ccc(N2CCc3cnc(NC4CC4)nc3C2)cc1,2.8344683804904256,True
COc1ccc(-c2ocnc2C(=O)NCc2ccncc2)cc1Cl,3.1091252789168897,True
O=C(NCc1ccccc1)N1CCN(C(=O)c2ccccc2)CC1,3.2957483217017645,True
CC(C)(C)NC(=O)c1cccc(Nc2ccc3c(n2)CCNC3)c1,2.986650464985817,True
CC(=O)NCc1ccc(-c2ccc(C3CC3)cc2)cc1,5.3521100511854165,False
Cc1ncc(-c2nc(NC(N)=O)ncc2F)n1C(C)C,3.2251875914433272,True
COc1cc(CNc2ncc(-c3ccc4cnccc4c3)s2)ccc1O,2.8871051245148696,True
CC(=O)Nc1ccc(Nc2ccc(N3CC=NCC3)cc2)cc1,3.9251599967389836,False
CN(C)C[C@H](O)COc1ccc(NN2CCN3C(=O)OC(C)(C)CC3C2)cc1,3.4649357858407726,True
Cc1ccccc1NC(=O)c1ccc(N2CCN(C)CC2)cc1,3.3756922253072794,True
CN1CCN(CNc2ncc(Br)c(Nc3cc(C4CC4)[nH]n3)n2)CC1,2.799830352003488,True
CC(C)(C)Nc1ccc(-c2ccc(S(N)(=O)=O)cc2)cc1,2.9661540755665414,True
CCC(N=C(C)c1ccc2[nH]c(O)c(C=Nc3ccc(S(N)(=O)=O)cc3)c2c1)c1cnco1,3.1995451239199575,True
Cc1ncc(C(=O)CC(=O)c2ccc(Nc3ncc(F)c(-c4cnc(C)n4C(C)C)n3)cc2)n1C(C)C,3.0285773888081544,True
COc1ccc(CN=CC2=C(c3cc(OC)c(OC)c(OC)c3)C(=O)NC2)cc1O,4.021463415225861,False
NS(=O)(=O)c1ccc(N=Cc2c(O)[nH]c3ccc([SH](N)(=O)NO)c(NNc4ccc[nH]4)c23)cc1,4.55620335367069,False
Cc1cccc(C)c1CC(=O)Nc1ccc(N2CCN(C)CC2)cc1,3.6711100501074676,False
Cc1nc2c(F)cc(-c3nc(Nc4ccc5c(n4)CCN(C(=O)CN(C)C)C5)ncc3F)cc2n1C(C)C,3.166074067358506,True
O=C(Cc1ccccc1)N1CCN(c2ccc(O)cc2)CC1,2.9041373934440475,True
COCc1cccc(-c2ccc(N3CCNCC3)cc2)c1,4.406648613175329,False
NS(=O)(=O)c1ccc(N=Nc2ccc(Sc3c(=O)[nH]c4ccc5[nH]cccc5c34)cc2)cc1,4.195124551190344,False
NS(=O)(=O)c1ccc(-c2ccc(C3CCC3)cc2)cc1,12.16711954408273,False
O=C(NCc1ccc(F)c(F)c1)c1ccc(N2CCOCC2)cc1,4.225601968950699,False
O=C(NC1CCC1)c1ccc(Cc2ccncc2)cc1,5.922557049113158,False
Cc1ncc(-c2nc(Nc3ccc(N4CCN(C(=O)CO)CC4)cc3)ncc2F)n1C(C)C,3.6564634553076054,False
CC(=NNCC(=O)c1ccc(Nc2ncc(F)c(-c3cnc(C)n3C(C)C)n2)cc1)C(C)C,3.0435257514928367,True
COc1ccc(-c2ccc(F)cc2C(=O)O)cc1OC,4.489579156223888,False
NS(=O)(=O)c1ccc(-c2ccc(CCC(F)(F)F)cc2)cc1,12.391583756727782,False
CNOCc1c(Cc2ccc[nH]2)ccc2[nH]c(O)c(C=Nc3ccc(S(N)(=O)=O)cc3)c12,2.900119135483922,True
O=C(OCCO)c1nnc(N2CCN(C(=O)Nc3ccccc3)CC2)c2ccccc12,3.6740242241988588,False
Cc1ncc(-c2nc(NCC(N)=O)ncc2F)n1C(C)C,3.026812514841317,True
C[C@@H]1CNCC(C(=O)Nc2ncc(SCc3ncc(C(C)(C)C)o3)s2)C1,2.976766870280571,True
Cc1ncc(-c2ccnc(Nc3ccc(Nc4ccc(S(=O)(=O)OC(C)C)cc4)cc3)n2)n1C(C)C,3.0553821364929172,True
CC(=O)CCN1CCN(c2ccc(Nc3ncc4cc5n(c4n3)C3(CCCC3)CNC5=O)nc2)CC1(C)C,3.18640204619568,True
COc1ccc(-c2ccc(C(=O)N3CCCCC3)cc2C(=O)O)cc1,4.477708565773349,False
O=C(Cc1ccccc1)Nc1[nH]nc2ccc(-n3c(O)c[nH]c3=O)cc12,3.2638507931582903,True
CC(C)N1CCCc2cnc(NC(=O)Nc3ccccc3)nc2C1,3.2329532938166694,True
CCN(Cc1ccc(NC(=O)N2Cc3c(NC(=O)C(C)(C)C)n[nH]c3C2(C)C)nc1)C(=O)CCN(C)C,4.31973031565629,False
O=C(Nc1cc(C2CC2)[nH]n1)C(=O)c1ccccc1,3.258505485648292,True
CCCC(C)n1c(=O)c(C(C)=O)c(C)c2cnc(Nc3ccc(C(=O)O)cn3)nc21,3.193043062659818,True
O=C(c1cccc(CCN2CCCCC2)c1)N1CCCNCC1,4.373431718913658,False
NS(=O)(=O)c1ccc(N=NN=NN=Nc2c(O)[nH]c3ccc(-c4c(O)[nH]c5ccc([N+](=O)[O-])cc45)cc23)cc1,2.7264535572791324,True
CC(=O)Nc1ncc(F)c(-c2cnc(C)n2C(C)C)n1,3.242012338039447,True
Cc1cccc(CN2CCN(C(=O)c3ccc(O)cc3)CC2)c1,4.18442421367624,False
CC(C)(C)NC(=O)c1cc2cnc(Nc3ccc(CN4CC(O)C4)cn3)nc2n1C1CCCC1,3.0592811247088796,True
CC(C)CNc1nccc(-c2ccc(S(N)(=O)=O)cc2)n1,2.8596533006642653,True
C[C@H](O)[C@@H](C)Nc1nc(Nc2ccc(S(=N)(=O)CCO)cc2)ncc1Br,2.9880597383586576,True
Cn1cc(Nc2ncc3c(n2)CN(C(=O)C2CCC2)CC3)cn1,3.043100228385527,True
CC(C)C(=O)N1CCCN(C(=O)c2ccc(C(C)C)cc2)CC1,3.162948940466799,True
CC(C)c1nc(Nc2ccc3c(n2)CCN(C(=O)C2(O)CC(O)C2)C3)ncc1F,3.115257613745617,True
O=C(NC1CCCCC1)c1cccc(CN2CCOCC2)c1,3.3084262119624213,True
CC(C)c1ccc(Nc2ccc(N3C=CN=CC3)cc2)cc1,3.062170798632899,True
CCCCN1CCc2nc(-c3ccc(S(N)(=O)=O)cc3)ccc2C1,3.015948606989184,True
ON=C(O)CCCn1cc(CNC2CCCCC2)c(-c2ccccc2)n1,4.872122432780197,False
CC(C)n1cnc2c(N[C@H]3CC[C@H](N)CC3)nc(NCC(O)C(F)(F)F)nc21,3.341766598672023,True
C=CC(=O)N1C=CC(c2ncnc(Nc3cccc(C[S@](C)(=N)=O)c3)n2)CC1,2.931437360749843,True
CN(C)C[C@@H](OC(=O)N1Cc2c(NC(=O)C(C)(C)C)n[nH]c2C1(C)C)c1ccccc1,2.955593679787539,True
Cc1ccccc1NC(=O)Nc1ccc(N2CCN(C)CC2)cc1,3.008624602704702,True
CC(C)C(=O)N1CCOc2cnc(NC(=O)c3ccccc3)nc2C1,5.407284531074726,False
CNCCN1CCc2nc(Nc3ncc(F)c(-c4cc(F)c5nc(C)n(C(C)(C)C)c5c4)n3)ccc2C1,3.0706259948095247,True
C=C(C)c1nccc(-c2ccc(N3CCOCC3)cc2)n1,3.0570289498138505,True
C[C@@H]1CN(c2ccc(Nc3ncc4cc5n(c4n3)C3(CCCCC3)CNC5=O)nc2)C[C@H](C)N1,4.218993837397734,False
COc1ccc(CNc2ccc(N3CCOCC3)cc2)cc1,4.1374981570992855,False
CNC(=O)c1ccc(-c2ccc(N3CC=NCC3)cc2)cc1,4.331917127554496,False
C#CCN(c1ccnc(Nc2ccc(OCC(O)CN(C)C)cc2)n1)c1cc(Cl)ccc1Cl,3.1771433710174297,True
COc1ccc(Nc2ncc(C(F)(F)F)c(N[C@H](C)[C@@H](C)O)n2)cc1,3.129555879034601,True
CC(=O)CSC(C)=NC(C)=NC(=O)c1ccc(Nc2ncc(F)c(-c3cnc(C)n3C(C)C)n2)cc1,3.030862253550964,True
CC(C)c1ccc(Nc2ncc3c(n2)CN(C2CCC2)CC3)cc1,2.999326257678547,True
CC(=CCC(=O)c1ccc(Nc2ncc(F)c(-c3cnc(C)n3C(C)C)n2)cc1)c1cnc(C)n1C(C)C,3.0823283407190774,True
CN(C)C(=O)c1ccc(CNc2ccc(N(C)C)cc2)cc1,3.157603046616222,True
COS[C@H]([C@H](Oc1nc(Nc2ccc(S(=O)(=O)O[C@@H](C)O)cc2)ncc1C(F)(F)F)C(C)NO)[C@@H](C)O,3.246693856833438,True
CCNc1ncc(F)c(-c2cnc(C)n2C(C)(C)C)n1,3.6821175972529767,False
CCNC(=O)c1ccc(C(=O)Nc2ccccc2)cc1,6.7085755567035275,False
COc1cccc(C(=O)NN2CCN(C(=O)OC(C)(C)C)CC2)c1,3.2915979402108064,True
CCN(CC)C1CCN(c2ccc(Nc3ncc4cc5n(c4n3)C3(CCCCC3)CNC5=O)nc2)C1,3.8977269016697402,False
CC(C)c1cc(NC(=O)c2ccc(C(N)=O)cc2)ncn1,3.258098064822486,True
CNC(=O)c1ccc(C(C)c2ccc(S(N)(=O)=O)cc2)cc1,5.763766216633016,False
C[C@@H](O)[C@@H](C)NOc1nc(Nc2ccc(Nc3ccc(S(=O)(=O)NS(=O)(=O)NS)cc3)cc2)ncc1Br,2.8908977844261545,True
NS(=O)(=O)c1ccc(N=Nc2c(O)[nH]c3cccc(OCCc4ccncc4)c23)cc1,4.319037276986622,False
COc1ccccc1C(=O)c1ccc2nc(N)c(C(=O)c3c(F)cccc3F)n2c1,4.713325471469159,False
COc1ccc2cc(Nc3cc(C4CC[C@@H](OC(=O)N(C)C(C)C)C4)[nH]n3)[nH]c2c1,2.741317931214843,True
CN1CCN(c2ccc(C(=O)NCc3ccccc3)cc2)CC1,3.2512345347575273,True
CC(C)c1cnn2c(Nc3ccc(S(=O)(=O)N(C)C)cc3)cc(OCN3CCN(C)CC3)nc12,2.9570534320502246,True
CC(C)S(=O)(=O)c1ccc(-c2cccc(S(N)(=O)=O)c2)cc1,5.915248346434835,False
CC(=O)NC1CCC(c2nc3c(-c4ccc(F)cc4[C@@H](C)O)ccnc3[nH]2)C1,3.1125095983787783,True
CCOc1ccc(Cc2ccc(S(N)(=O)=O)cc2)c(C)c1,3.7652487301637825,False
CN1CCN(c2ccc(CNc3ccccc3)cc2)CC1,3.095558269521022,True
C[C@H]([C@H](C)[C@@H](C)O)[C@@H](C)S(=O)(=O)[C@@H](O)Oc1nc(Nc2ccc(S(=N)(=O)C(F)(F)F)cc2)ncc1C(F)(F)F,2.9098931251851816,True
CC(C)C1CN(c2ccc(Nc3ncc4cc5n(c4n3)C3(CCCCC3)CNC5=O)nc2)CCN1,3.9123821387998485,False
COc1ccc(Cc2ccc(CN3CCN(C[C@H](C)O)[C@H](C)C3)cn2)cc1O,4.197213956900457,False
Cc1ccc(Oc2c(=O)[nH]c(O)c3ccc(S(C)(=O)=O)cc23)cc1Cl,6.217072783875061,False
C=C(C=CCC[C@H](N)CNc1nnc(C2CCC(N)CC2)s1)C(F)(F)F,2.882535689284699,True
NS(=O)(=O)c1ccc(Nc2ccc(NNc3c(O)[nH]c4ccc([N+](=O)[O-])cc34)cc2)cc1,2.9204919106205454,True
Cc1ccc(CC(=O)Nc2[nH]nc3ccc(N4CCCS4(=O)=O)cc23)cc1,3.126059020556071,True
O=C(Nc1cccc(N2CCOCC2)c1)c1ccccc1,3.2915979402108033,True
O=C(c1ccc(N2CCN(C(=O)c3ccccc3)CC2)cc1)N1CCCC1,3.8826055684295393,False
CN1CCN(c2ccc(Nc3cccc(S(N)(=O)=O)c3)cc2)CC1,3.165133962409804,True
CCC=Nc1c(C#N)c2n(c1C(=O)Nc1ccccc1)CCC2,4.157278436669836,False
c1ccc(Nc2ccc(CN3CCOCC3)cc2)cc1,2.9338261707197377,True
O=C1NCC2(CCCCC2)n2c1cc1cnc(Nc3ccc(C(=O)N4CCNCC4)cn3)nc12,3.911990414098691,False
O=C(O)c1ccc2[nH]c(O)c(C=c3[nH]cc4c3=CCOC4=O)c2c1,5.094277083159106,False
COc1ncccc1-c1ccc(N2CCCNCC2)cc1,4.134554268600191,False
C=CC(=O)Nc1cccc(C(=O)N2CCCC(Nc3ncc(SCc4ncc(C(C)(C)C)o4)s3)C2)c1,3.305781904481909,True
NS(=O)(=O)c1ccc(-c2ccnc(NC3CCCCC3)n2)cc1,3.0089473242315226,True
COc1ccc(C(=O)Nc2cccc(N3CCCCC3)c2)cc1OC,3.2739299015098107,True
CN[C@H]1CCN(C(=O)c2ccc(Nc3nccc(-c4cnc(C)n4C(C)C)n3)cc2)C1,3.0564499014379423,True
O=c1[nH]cc(-c2cccc3cccnc23)c2sc(-c3ccncc3)cc12,3.244394704717658,True
CNc1ccc(Nc2ncc3cc4n(c3n2)C2(CCCCC2)CNC4=O)nc1,4.1423231404611585,False
C[C@@H](O)[C@@H](C)Oc1nc(Nc2ccc(S(=O)(=O)[C@H](C)S(=O)(=O)[C@@H](C)O)cc2)ncc1C(F)(F)F,3.047083195451029,True
CC(=O)c1c(CC2CCN(C)CC2)oc(C=C2CCN(C)C[C@@H]2O)c1O,2.739430050211173,True
Cc1nc2c(F)cc(-c3nc(Nc4ccc5c(n4)CCN(CC(=O)O)C5)ncc3F)cc2n1C(C)C,2.8133499604564034,True
C[C@@H](O)[C@@H](C)Oc1nc(Nc2ccc(S(C)(=O)=O)cc2)ncc1C(F)(F)F,3.024840656960298,True
Cc1nc2c(F)cc(-c3nc(Nc4ccc5c(n4)CCN(C(C)CN(C)C)C5)ncc3F)cc2n1C(C)(C)C,2.9774205279066672,True
CC[C@@H](CO)Nc1nc(NCc2ccc(NC(=O)C3CCN(C(C)=O)CC3)cc2)n2ncc(C(C)C)c2n1,3.1579488596239207,True
CCOc1nc(Nc2ccc(S(=N)(=O)CC)cc2)ncc1Br,3.149841900794386,True
CC(=O)Nc1ccc(CNC(=O)c2ccccc2C)cc1,5.069379547834234,False
CCS(=N)(=O)Cc1cc(F)cc(Nc2ncc(F)c(-c3ccc(F)cc3OC)n2)c1,3.0070833044663097,True
CCNC(=O)c1ccc(CC2CCN(C(C)=O)CC2)cc1,4.691411940983217,False
Cc1cccc(NC(=O)c2ccc(S(N)(=O)=O)cc2)c1,6.81223392140934,False
CCOc1ccc(-c2ccc(S(N)(=O)=O)cc2)c(C)c1,3.249723218983424,True
CN[C@H]1CCN(C(=O)c2ccc(Nc3ncc(F)c(-c4cnc(C)n4C(C)C)n3)cc2)C1,3.1608679187843323,True
Cc1ncc(-c2ccnc(Nc3ccc(Nc4ccc(NS)cc4)cc3)n2)n1C(C)C,3.125267028591318,True
NS(=O)(=O)c1ccc(Oc2ccc(C3CC3)cc2)cc1,6.933942673544387,False
COC(=O)Nc1ccc(-c2ccc(C(=O)N(C)C)cc2)c(OC)c1,4.203747970561505,False
CC(C)c1ccc(NC(=O)c2ccc(S(N)(=O)=O)cc2)cc1,3.3023350829375246,True
CC(C)(C)c1cnc(CSc2cnc(NC(=O)C3CCNCC3)s2)o1,3.6261616069888545,False
CS(=O)(=O)c1ccc(-c2ccc(CCC(=O)O)cc2)cc1,4.216181447708339,False
COc1c(O)ccc2c1cc1c3c(cc4c(c32)OCO4)C(=O)N1,2.9910033433615535,True
CCc1cnn2c(NCc3ccc[n+]([O-])c3)cc(CN3CCCC[C@H]3CCO)nc12,2.891310602477709,True
c1ccc(Nc2cccc(OCN3CCOCC3)c2)cc1,3.0210974827039254,True
CCCCc1nnc(N2CCCNCCC2)c2cccc(C)c12,5.788515871965807,False
CN(C)CC(O)COc1ccc(Nc2nccc(N3CCN(C)CC3)n2)cc1,3.014999336650009,True
O=C(O)c1ccc(-c2ccc(N3CCCNCC3)cc2)cc1,2.8355882987486,True
CN1CCN(c2ccc(NC(=O)c3ccccc3)nc2)CC1,3.2078029864690896,True
Cc1cc(N2CCOCC2)oc1NC(=O)c1ccccc1,4.058302724046095,False
COC(=O)Nc1ccc(CNc2nc(NC3CCOCC3)nc3c(C(C)C)cnn23)cc1,3.266537463431274,True
COCCNS(=O)(=O)c1ccc(Nc2nccc(-c3cnc(C)n3C)n2)cc1,3.241045201782906,True
C[C@@H](O)CC=CCCC(=O)c1ccc(CC(=O)Nc2[nH]nc3ccc(N4CCCS4(=O)=O)cc23)cc1,4.730347344540355,False
CN(C)c1ccc(Nc2ccc(S(=O)(=O)N(C)C)cc2)cc1,3.4985318349273333,True
CC(C)C(F)S(=O)(=O)c1ccc(Nc2ncc(C(F)(F)F)c(O[C@H](C)[C@@H](C)O)n2)cc1,3.076241375445041,True
O=C(c1ccccc1)N1CCC(Nc2ccccc2)CC1,2.9987497394747726,True
O=c1[nH]c(O)c(C=NCc2ccn(-c3ccoc3)c(=O)c2)c2cc(I)ccc12,3.9269971988785417,False
Cn1nc(C(N)=O)c2c1-c1nc(-c3ccc(-c4ccccn4)cc3)ncc1CC(C)(C)O2,5.219182790437609,False
Cc1c([N+](=O)[O-])ccc2[nH]c(O)c(N=Nc3ccc(S(N)(=O)=O)cc3)c12,3.0874876517971748,True
CC(=O)NC1CN(c2ccc(Nc3ncc(F)c(-c4cnc(C)n4C(C)C)n3)cc2)C1,3.630993527947968,False
CN(C)C(=O)c1cccc(Nc2ccc(S(N)(=O)=O)cc2)c1,3.290504368634089,True
CC(=O)N1CCC(n2cc(CNc3nc(NCCO)nc4c3ncn4C(C)C)c(C)n2)CC1,2.867489668682355,True
CCc1cnn2c(NCc3ccc[n+]([O-])c3)cc(N3CCCCC3CO)nc12,3.086142090053532,True
C[C@@H](Nc1nc(Nc2ccc(S(=N)(=O)CCO)cc2)ncc1Br)C(C)(C)O,3.1387846374034636,True
Nc1ccc2[nH]c(O)c(NCc3ccc[nH]3)c2c1NNc1ccc(S(N)(=O)=O)cc1,3.0480118110007326,True
CC(C)C(=O)Nc1ncc2c(n1)CN(c1ccc(Cl)cc1)CC2,3.9836778233185473,False
C[C@@H](O)[C@@H](C)Oc1nc(Nc2ccc(S(=O)(=O)C(=O)C(F)(F)F)cc2)ncc1C(F)(F)F,2.922265217258693,True
CC(=O)c1c(C)c2cnc(Nc3ccc(N4CCNCC4)cc3)nc2n(C2CCCC2)c1=O,3.217090766515613,True
CC(C)c1c(O)[nH]c2ccc(C(=Nc3ccc(S(N)(=O)=O)cc3)Oc3cnco3)cc12,2.9877652183530103,True
CCC(=O)N(C)c1ccc(-c2ccc(S(N)(=O)=O)cc2)cc1,3.5166987360307136,False
Nc1nccc(-c2cc(N3C[C@H](O)[C@@H](O)C3)ccc2O)n1,3.5936705469477888,False
c1ccc(Nc2nccc(-c3cnn4ncccc34)n2)cc1,3.0624108150279232,True
CC[C@H](Nc1nc(NCc2ccccc2)c2ncn(C(C)C)c2n1)[C@@H](C)O,2.8315370384298424,True
Cc1ncc(-c2ccnc(Nc3ccc(S(=O)(=O)OS(=O)(=O)C(C)C)cc3)n2)n1C(C)C,3.0879125635289606,True
O=C(Nc1c[nH]nc1-c1nc2cc(CN3CCOCC3)ccc2[nH]1)SC(=O)C1CC1,3.041493383191874,True
O=C(NN1CCCC1)c1cccc(C(=O)N2CCCC2)c1,3.363619776371877,True
O=C(Nc1ccccc1)N1CCN(c2ccccc2)CC1,3.585388960768409,False
c1ccc(-c2cccc3nc(-c4cncnc4)nc(NCc4ccccn4)c23)cc1,3.122070627003817,True
Cc1nc2c(F)cc(-c3nc(Nc4ccc5c(n4)CCN(CCN(C)C(N)=S)C5)ncc3F)cc2n1C(C)C,2.697815783184616,True
Cc1ncc(-c2nc(NC(=O)NC(=O)CN(C)C)ncc2F)n1C(C)C,3.2774454991654656,True
O=C(c1ccccc1)N1CCN(C(=O)c2ccccc2)CC1,4.289104102257261,False
Cc1ncc(-c2nc(Nc3ccc(C(=O)N(C)C)cc3)ncc2F)n1C(C)C,3.111595410717784,True
NS(=O)(=O)c1cccc(Nc2cc(-c3ccc(F)cc3)[nH]n2)c1,3.058503719141115,True
O=c1cc(CN=Cc2c(=O)[nH]c(O)c3ccc(Br)cc23)cc[nH]1,2.8731011120390404,True
CNC(=O)c1ccc(Cc2ccc(S(N)(=O)=O)cc2)cc1,3.346310356198301,True
CC(=O)Nc1cccc(C(=O)c2ccc(S(C)(=O)=O)cc2)c1,3.6871139119913314,False
CCN(C(=O)c1ccccc1)c1ccc(NC(C)=O)cc1,3.1002885349592892,True
CCNC(=O)N1CCC(Nc2ncc(Cl)c(-n3ccc4ccccc43)n2)CC1,2.9640516189837216,True
O=C(NC1CCCCC1)c1[nH]ncc1-c1cc(N2CCOCC2)ccc1O,3.1391288600501945,True
CC(C)c1ccc(Cc2ccc(S(N)(=O)=O)cc2)cc1F,12.542726697173947,False
CC(C)c1cccc2[nH]c(O)c(N=Nc3ccc(S(N)(=O)=O)cc3)c12,8.618293566594268,False
Cc1cc(S(N)(=O)=O)ccc1Nc1ccc(C(C)(C)C)cc1,3.118398306823555,True
C[C@@H](O)[C@@H](C)Oc1nc(Nc2ccc(S(=N)(=O)C(C)(C)O)cc2)ncc1C(F)(F)F,2.9964368840341082,True
Cc1ncc(-c2nc(NS(N)(=O)=O)ncc2F)n1C(C)C,3.6150082987456638,False
CNS(=O)(=O)c1cc(Nc2nccc(-c3ccnc(C(=O)N(C)C)c3)n2)ccc1Cl,2.8335980660637143,True
COc1nn(C2CCN(C(C)=O)CC2)cc1Nc1ncc(Cl)c(-c2cnn3ccccc23)n1,3.1623418537533268,True
Cn1cc(CCC(=O)N2CCC(N)CC2)c2cc(C3CC3)ccc21,4.606628810746528,False
O=C(NN1CCN(c2ccccc2)CC1)c1ccccc1,3.666700014999859,False
COc1cccc(-c2ccc(N3CCNCC3)cc2)c1,3.014810110106438,True
N[S+]([O-])c1ccc(C(=Nc2ccc(S(N)(=O)=O)cc2)c2c(O)[nH]c3ccc(-c4cnco4)cc23)cc1,2.9815797825984793,True
Cc1ccccc1Nc1ccnc(N2CCN(C)CC2)n1,2.8109681606165506,True
CC(=O)N(C)C(=O)c1cccc(Nc2ccccc2)c1,3.021923228674085,True
NS(=O)(=O)c1ccc(N=NC(=O)Sc2c(=O)[nH]c3ccc4[nH]cccc4c23)cc1,4.4331637686871,False
CC(C)c1ccc(NC(=O)c2ccc(CC(=O)N(C)C)cc2)cc1,3.473871759291066,True
CC(C)c1c2cc(-c3ccnc(Nc4ccc5c(N6CCN(C)CC6)ncnc5c4)n3)ccc2nn1C,2.9458542054894754,True
Cc1ccc(Cc2ccc(NC(=O)C3CC3)cc2)cc1,8.92021462746272,False
CCc1cnn2c(NCc3ccc[n+]([O-])c3)cc(N3CCCCC3N3CCCC[C@H]3CCCSCO)nc12,4.923822194190206,False
CCCN(C)[C@H]1CCN(C(=O)c2ccc(Nc3nccc(-c4cnc(C)n4C(C)C)n3)cc2)C1,3.2121446106923637,True
Nc1nccc(-c2c[nH]c3ncc(-c4ccc(F)cc4)cc23)n1,3.1315826669593143,True
O=C(Nc1nccc(-c2ccc([C@@H]3CCC[C@@H](O)C3)s2)n1)C(F)(F)F,2.9103020461800826,True
COc1c(O)cc(O)c2c(=O)cc(-c3ccccc3)oc12,3.420518820296125,True
CCN1CCCN(c2cccc(Nc3ccccc3)n2)CC1,2.923726902431215,True
O=C(Nc1[nH]nc2cc(-c3ccco3)ccc12)C1CC1,4.511485564644974,False
CC(C)c1nc(-c2ccc(S(N)(=O)=O)cc2)ncc1C(F)(F)F,6.389386042492657,False
CN1CCN(CCC(=O)NS(=O)(=O)c2ccc(Nc3nc(N)n(C(=O)c4c(F)cccc4F)n3)cc2)CC1,2.9109352448998242,True
CC(=O)N1CCN(c2ccc(C(=O)Nc3cccc(C)c3)cc2)CC1,3.287383458010335,True
O=C(Nc1ccccc1N1CCOCC1)c1cccc(CCO)c1,5.054712454729744,False
CC(C)Oc1ccc(-c2ccc(S(N)(=O)=O)cc2)cc1,3.4890093149775385,True
CCn1c(C)nc2c(F)cc(-c3cc(NCc4cccnc4)n4nccc4n3)cc21,3.0736266852043057,True
Cc1ncc(-c2ccnc(Nc3ccc(NNNc4ccc(C(N)=O)cc4)cc3)n2)n1C(C)C,3.0950541190744945,True
N=C1NC(=O)/C(=C/c2ccc(C(=O)Nc3ccc(Cl)cc3)o2)S1,3.472361732308432,True
NS(=O)(=O)c1ccc(-c2ccc(C3CCCCC3)cc2)cc1,12.141037435079422,False
CC(C)c1ccc(CC(=O)NC(=O)Cc2cccc(Cl)c2)cc1,4.469425130819406,False
CNC(=O)c1ccc(C(=O)Nc2cccc(C(=O)N(C)C)c2)cc1,3.3198990948521323,True
CC(=O)Nc1ccc(CNc2nc(N3CCC[C@@H]3CO)nc3c(C(C)C)cnn23)cc1,3.755169237198237,False
COS[C@H](OS(=O)(=O)c1ccc(Nc2ncc(C(F)(F)F)c(O[C@@H](C)[C@@H](C)O)n2)cc1)[C@@H](C)O,2.916792930600322,True
CN1CCCN(c2ccc(Nc3ccccc3)cc2)CC1,3.154815683998039,True
CC(C)COc1cc(Nc2ccc(S(C)(=O)=O)cc2)n2ncc(C(C)C)c2n1,3.7114521416825523,False
CN1CCC(c2ccc(Nc3ccc(S(N)(=O)=O)cc3)cc2F)CC1,5.488595995334323,False
Cc1cc(-c2ccc(S(N)(=O)=O)cc2)ccc1C(=O)OF,3.0295493064150683,True
Cc1nc2c(F)cc(-c3nc(Nc4ccc5c(n4)CCN(C(=O)CN(C)C)C5)ncc3F)cc2n1C1CCC1,2.8049998217468812,True
COc1ccc(CN=Cc2c(=O)[nH]c(O)c3ccc(I)cc23)cc1O,2.7590219281477246,True
C=CC(=O)N1CCc2cc(S(=O)(=O)N3CCC[C@@H](Nc4ncc(SCC5CC5)s4)C3)ccc21,4.427057826593194,False
Cc1cc(S(N)(=O)=O)ccc1-c1ccc(C(C)C)cc1F,12.626610431940946,False
Cc1cccc(C(=O)NC(=O)Cc2ccccc2C)c1,3.1374481669025225,True
COc1ccc(-c2ccc(N3CCNCC3)cc2)cc1,5.104948677508912,False
Cn1nc(C(N)=O)c2c1-c1nc(Nc3ccccc3)ncc1CC2,5.36841699200053,False
CCc1cnn2c(NCc3ccc[n+]([O-])c3)cc(N3CCCC[C@@H]3CCO)nc12,2.9815876643157746,True
CNC(=O)c1ccc(-c2ccc(C(=O)NC)cc2)cc1,4.545761542360086,False
CC(C)c1ccc(NC(=O)c2ccccc2N2CCOCC2)cc1,3.6344558052066125,False
CC(=O)c1ccc(NC(=O)CC(=O)c2ccc(Nc3ncc(F)c(-c4cnc(C)n4C(C)C)n3)cc2)cc1,2.8692803975910137,True
Cc1ncc(-c2nc(Nc3ccc(C(N)=O)cc3)ncc2F)n1C(C)C,3.093561862966375,True
CN(C)C(=O)c1cccc(-c2cnc(N)c(-c3nc4cccc(N5CCNCC5)c4n3C)n2)c1,3.1086366786744306,True
O=C(C1CC1)N1CCc2cnc(Nc3ccccc3)nc2C1,3.0786415835559695,True
N#Cc1ccc2ccn(-c3cccc(N)n3)c2c1,4.871605587483452,False
CNc1c(C=Nc2ccc(-c3ccc[nH]3)cc2)ccc2[nH]c(O)c(NNNc3ccc(S(N)(=O)=O)cc3)c12,2.953379928150123,True
CN1CCC(c2ccc(-c3ccc(S(N)(=O)=O)cc3)cc2)CC1,4.464929674698141,False
Cn1cc(CCNc2ccc([N+](=O)[O-])cc2C(=O)O)c2ccc(F)cc21,3.6241988080126046,False
O=C(NCc1ccccc1)c1cccc(N2CCOCC2)n1,3.117546471185314,True
Cc1nccc(-c2csc(C(N)=O)c2)c1NC(=O)c1ccnc(NC(C)C)n1,3.096456523189053,True
NS(=O)(=O)c1ccc(-c2ccc(C(F)(F)F)cc2)nc1,8.955213062791966,False
CC(=O)Nc1cc(-c2ccc(CN(C)C)cc2)c(Cl)cn1,3.2166729706328567,True
O=C(c1cccc(N2CCCNCC2)c1)N1CCCC1,3.865812333779281,False
CNC(=O)c1nn(C)c2c1C(C)(C)Cc1cnc(Nc3cccc(CN4CCOCC4)c3)nc1-2,2.9020630592735293,True
C=C(C)SC(C)=NS[SH](N)C(=O)CC(=O)c1ccc(Nc2ncc(F)c(-c3cnc(C)n3C(C)C)n2)cc1,3.0506827104764556,True
C=C(C)n1cncc1C(=O)c1ccc(Nc2ncc(F)c(-c3cnc(C)n3C(C)C)n2)cc1,3.0089901960624656,True
CNC(=O)c1ccc(Nc2ncc(F)c(-c3cnc(C)n3C(C)C)n2)cc1F,3.0821872104075734,True
Cc1cc(C(C)(C)C)ccc1-c1ccc(S(N)(=O)=O)cc1,12.621314432340236,False
NCc1cccc(N2CCN(C(=O)c3ccccc3)CC2)c1,3.209267985070739,True
CNC(=O)c1ccc(-c2ccccc2NC(=O)CN(C)C)cc1,9.050353860485236,False
O=C(Nc1ccc(C(F)(F)F)cc1C(=O)O)c1ccccc1,3.368013361018627,True
COc1cc(C(=O)NC(=O)Nc2ccccc2C)cc(OC)c1OC,2.878240087275558,True
CC(C)OCc1ccc(Cc2ccc(S(N)(=O)=O)cc2)cc1,3.3135108269024935,True
Nc1ccc2[nH]c(O)c(C=CC=Nc3ccc(S(N)(=O)=O)cc3)c2c1NNc1ccc[nH]1,2.9189672831328553,True
CN1CCN(C(=O)c2ccc(Nc3ccccc3)cc2)CC1,2.9349495736724376,True
C=C(C)C(=O)n1cncc1C(=O)c1ccc(Nc2ncc(F)c(-c3cnc(C)n3C(C)C)n2)cc1,3.1812621709000948,True
COc1cc(F)ccc1-c1ccc(NC(=O)CN(C)C)cc1,4.8232716075294855,False
COCC(C)N1CCc2nc(Nc3ncc(F)c(N[C@H]4CC[C@H](N)CC4)n3)ccc2C1,3.0827413125333814,True
CC(C)(C)c1ccc(-c2ccc(S(N)(=O)=O)cc2)cc1,12.49518855399949,False
CC(C)Oc1cccc2[nH]c(O)c(N=Nc3ccc(S(N)(=O)=O)cc3)c12,3.986983947798143,False
CC(C)C(=O)N1CCc2cnc(Nc3ccccc3)nc2C1,3.063603270660226,True
NC(=O)c1ccc(Nc2nc(N)cc(-c3c(F)cccc3F)n2)cc1,3.3262883218386254,True
Cc1ncc(-c2ccnc(Nc3ccc(S(=O)(=O)CCCN4CCOCC4)cc3)n2)n1C(C)C,3.154008243489543,True
CCS(=N)(=O)c1ccc(Nc2ncc(Br)c(N[C@H](C)[C@H](C)O)n2)cc1,3.109370032659351,True
O=C(Nc1cccc(N2CCCCC2)c1)c1ccccc1,3.5475857988215007,False
C=C(C)C=[N+](CC(=O)c1ccc(Nc2ncc(F)c(-c3cnc(C)n3C(C)C)n2)cc1)NC(C)C,3.0232884414160677,True
CSC(C)(C)c1ccc(-c2ccc(S(N)(=O)=O)cc2)cc1,12.633893699093717,False
Cc1cnc(Nc2ccccc2)nc1-c1c(C)c(Nc2ncc3c(n2)-c2c(c(C(N)=O)nn2C)CC3)nn1C,2.877553474742049,True
Oc1ccc(-c2nccc(Nc3cnc4ccccc4c3)n2)cc1O,3.1184872935447387,True
NS(=O)(=O)c1ccc(Nc2ccc(CC(F)F)cc2)cc1,3.241381495597207,True
CNS(=O)(=O)c1ccc2[nH]c(O)c(C=c3[nH]cc4c3=CCNC4=O)c2c1,2.883767674414844,True
Cc1ccccc1CC(=O)NN1CCCN(c2ccccc2)CCC1,3.4342137382521742,True
CNC(=O)N=S(C)(=O)Cc1cccc(Nc2ncc(F)c(-c3ccc(F)cc3OC)n2)c1,3.11549418230881,True
CSn1cnc(-c2cc(NC[C@H]3CCNC[C@@H]3O)nc3c(C(C)C)cnn23)c1,4.975260596189911,False
Cc1ncc(-c2ccnc(Nc3ccc(N4CCN(S(=O)(=O)CCN(C)C)CC4)cc3)n2)n1C(C)C,3.1190097787599202,True
NS(=O)(=O)c1ccc(N=Nc2c(=O)[nH]c3ccc4[nH]cccc4c23)cc1,2.8052698622414214,True
COc1cc(NC(=O)c2ccc(C#N)cc2)cc(OC)c1OC,3.7082106196924767,False
CC(=O)N1CCN(CNc2ccc(C(=O)c3ccccc3)cc2)CC1,2.943897246848136,True
CNS(=O)(=O)Cc1ccc(N=Nc2c(O)[nH]c3ccc4ncsc4c23)cc1,2.727301596816896,True
NS(=O)(=O)c1ccc(N=Nc2c(O)[nH]c3ccc(C(=O)NCc4ccncc4)cc23)cc1,3.2682401992509718,True
O=C(Nc1ncc(SCc2cnn(CC(F)(F)F)c2)s1)NN1CCOCC1,3.042966480262308,True
O=C(c1c(F)cccc1F)N1CCN(Cc2ccc(O)cc2)CC1,4.195905980834181,False
O=C(O)c1ccc(NC(=O)c2c(F)cccc2F)cc1,7.761014431116588,False
COc1ccccc1NC(=O)c1ccc(N2CCCC2)cc1,3.21415043207377,True
C[C@H]([C@@H](C)N)S(=N)(=O)c1ccc(Nc2ncc(C(F)(F)F)c(O[C@H](C)[C@@H](C)O)n2)cc1,3.050911175370399,True
Cc1cc(C(=O)NC(C)C)ccc1-c1ccc(N(C)C)cc1,4.455890034549773,False
O=C(C1CCC1)N1CCCc2cnc(NCc3ccccc3)nc2C1,3.005382671141897,True
Cc1ncc(-c2nc(NC3CCCCC3)ncc2F)n1C(C)C,2.9494531696570534,True
O=C1Nc2cc3ccc(O)cc3c3c4c(cc1c23)OCO4,2.964605370028195,True
CN1CCN(c2ccc(NCc3ccccc3)cc2)CC1,2.9451011867166796,True
NS(=O)(=O)c1ccc(N=Nc2c(O)[nH]c3ccc(N=Cc4c(=O)[nH]c5ccc6[nH]cccc6c45)cc23)cc1,2.934993867114544,True
C=C(C)c1ccc(-c2cc(NC)c(OC)c(OC)c2)cn1,4.511819477771695,False
Cc1ccccc1NC(=O)c1ccc(CC2CC2)cc1,3.4705750244015827,True
CC(C)c1nc(CNc2ncc(F)c(-c3cccc4c3OCCC4)n2)ncc1F,2.89720106309521,True
NS(=O)(=O)c1cccc(Nc2nc(OCC3CCCCC3)c3[nH]cnc3n2)c1,2.922458040759524,True
Cc1ncc(Nc2ccc(N3CCCS(=O)(=O)CC3)cc2)n1C(C)C,3.960082574896638,False
CCCc1ccc(Oc2ccc(S(N)(=O)=O)cc2)cc1,3.2654172780825426,True
CC(C)NC(=O)c1ccc(OCc2cccc(F)c2)cc1,2.9815623421287003,True
O=C(Nc1ccc(F)cc1)C1CCN(C(=O)c2ccc(F)cc2)CC1,3.2461067450100907,True
COC(=O)c1ccc2[nH]c(O)c(N=Nc3ccc(S(N)(=O)=O)cc3)c2c1,3.4029521007501695,True
CCN(CC)c1ccc(CC(=O)Nc2[nH]nc3ccc(N4CCCS4(=O)=O)cc23)cc1,2.956663998495599,True
O=C(Cc1ccc(-c2ccccc2)cc1)Nc1[nH]nc2ccc(N3CCCS3(=O)=O)cc12,4.455483587670363,False
CC(=O)N1CCC(Nc2nc(C(F)(F)F)nc3ccc(Nc4ccccc4)cc23)COC1,4.575351024784867,False
O=S1(=O)Cc2ccc(N=Cc3c(O)[nH]c4ccc(-c5cnco5)cc34)cc2C1,2.7649160927594183,True
NC(=O)Nc1cc(Nc2ccc(F)c(Cl)c2)n2nccc2n1,6.777747782265138,False
Clc1ccccc1-c1cc(NCc2ccncc2)n2ncc(Br)c2n1,3.297165449291258,True
Cc1ncc(-c2nc(NC3CCN(C(C)C)CC3)ncc2F)n1C(C)C,2.9519825541489912,True
COC[C@H](Nc1nc(Nc2ccc(S(C)(=N)=O)cc2)ncc1Br)[C@H](C)O,2.7545302684849946,True
C=C(C)C(=O)C=Cc1ccc(Nc2ncc(F)c(-c3cnc(C)n3C(C)C)n2)cc1,2.948888943314075,True
CC(=O)CSC(=O)c1ccc(Nc2ncc(F)c(-c3ncc(F)c(-c4cnc(C)n4C(C)C)n3)n2)cc1,3.1346152873997157,True
CC(C)S(=O)(=O)c1ccc(Nc2ccc(S(N)(=O)=O)cc2)cc1,3.1644748379470524,True
CC(C)C(=O)N1CCN(c2ccc(Nc3ccccc3)cc2)CC1,3.3574828368883796,True
O=C(Nc1cccc2c1C(=O)c1c(-c3ccc(C(=O)N4CCNCC4)s3)n[nH]c1-2)NN1CCOCC1,2.970532780495785,True
C=CC(=O)Nc1ccc(C(=O)Nc2[nH]nc3ccc(-c4cncc(NC(=O)C(N)Cc5ccccc5)c4)cc23)cc1,3.1650538699996953,True
CNC(=O)c1ccc(Cc2ccc(C(=O)N(C)C)cc2)cc1,7.0415873920586955,False
CCS(=N)(=O)c1ccc(Nc2ncc(Br)c(N[C@@H](C)[C@H](C)O)n2)cc1,3.177310183158079,True
CNC(=O)c1ccc(C(=O)Nc2ccc(N(C)C)cn2)cc1,2.9485136933716265,True
CCCC(=O)c1ccc(-c2ccc(S(N)(=O)=O)cc2)cc1,3.0456606836612647,True
CC(C)c1ccc(Oc2cc(N3CCC(O)CC3)ccc2O)cc1,2.8194859460547037,True
N[C@H]1CCN(c2c3c(nc4ccc(-c5ccnc(NC(=O)C6CC6)n5)cc24)CCCC3)C1,3.115313146378714,True
Cc1cccc(C(=O)NC(=O)Cc2cc(C)ccc2Cl)c1,3.2434225749969765,True
CC(Cc1ccc(Nc2ncc3cc4n(c3n2)C2(CCCC2)CNC4=O)nc1)N(C)C,4.089517086405193,False
CCC(=O)NC(=O)c1ccc(-c2ccc(OC)cc2)cc1,3.747408304415195,False
O=C(NC1CC1)c1cccc(-c2cccc(C3CC3)c2)c1,6.721654111898346,False
CC(=O)CC(=O)c1ccc(Nc2ncc(F)c(-c3cnc(C)n3C(C)C)n2)cc1,3.131524069842033,True
CNCc1ccccc1-c1cccc(CN2CCOCC2)c1,3.9296426046143207,False
COC(=O)Nc1ccc(NC(=O)c2cccc(C)c2)cc1,7.539988925721301,False
CC(C)=Cc1cccc(Cc2ccc(S(N)(=O)=O)cn2)c1,4.699542637321216,False
Cc1nc2ccccn2c1-c1ccnc(Nc2ccc(S(N)(=O)=O)cc2)n1,3.209656679459655,True
CC(=O)N1CCc2nc(Nc3ccc(N4CC=NCC4)cn3)ccc2C1,3.7072657039926353,False
CCOC(=NC(CC)=Nc1ccc(S(N)(=O)=O)cc1)c1c(O)[nH]c2ccc(-c3cnco3)cc12,3.2577760819307424,True
C=C(N=C(c1cnco1)C(C)C)c1ccc2[nH]c(O)c(C=Nc3ccc(S(N)(=O)=O)cc3)c2c1,3.3518190583621976,True
COc1cc(Nc2ncc(Br)c(N[C@H](C)[C@@H](C)O)n2)ccc1S(C)(=N)=O,3.1375359758893637,True
CN1CCN(c2ccc(C(=O)NCCc3ccccc3)cc2)CC1,3.831,False
NCc1ccc(-c2ccc(N3CCC(O)CC3)cc2)cc1,3.145676556799822,True
CCOC(=O)c1cccc2[nH]c(O)c(C=Nc3ccc(S(N)(=O)=O)cc3)c12,2.916893381664813,True
O=C(O)c1ccc(N2CCN(C(=O)Cc3ccccc3)CC2)cc1,3.532578095385864,False
CCC(=O)NC(=O)c1ccc(-c2ccccc2)c(F)c1,5.336016866540058,False
COc1ccc(-c2nn(-c3ccccc3)cc2C(=O)NC(=S)Nc2ccc(C)cc2)cn1,3.4151165426673185,True
NS(=O)(=O)c1ccc(N=Cc2c(O)[nH]c3ccc(S(N)(=O)=O)c(NNc4ccc[nH]4)c23)cc1,4.162660927820085,False
CC(=O)Nc1cc(Nc2ccc(C)c(NC(C)=O)c2)nc(C(C)C#N)n1,2.9445213532932675,True
O=C(Cc1cccc(F)c1)NC(=O)c1ccc(Cl)cc1,3.216711053234346,True
O=C(Nc1ccc(CN2CCOCC2)cc1)c1ccccc1,3.5602853818198357,False
CC(C)CCc1ccc(Cc2ccc(S(N)(=O)=O)cc2)cc1,12.249186870972288,False
CC(C)C(C)(C)c1ccc(-c2ccc(S(N)(=O)=O)cc2)nc1,6.8392626795583755,False
COc1cccc2c1cc1c3c(cc4c(c32)OCO4)C(=O)N1,3.046390322988824,True
CC(=O)C(C)CCCSc1ccc(Nc2ncc(F)c(-c3cnc(C)n3C(C)C)n2)cc1,3.038056121930603,True
CC(C)c1cnn2c(NCc3ccccc3N(C)C)nc(OC3CCN(C)CC3)nc12,3.111271283575254,True
CC(C)CC(=O)Nc1ccc(-c2ccc(S(N)(=O)=O)cc2)cc1,2.9668604618350316,True
COc1ccc(C(=O)Nc2ccc(N(C)C)cc2)cc1,3.7623272053344925,False
CCCC(CSCCO)NCC[C@@H]1CCCCN1c1cc(NCc2ccc[n+]([O-])c2)n2ncc(CC)c2n1,3.0380850876827026,True
COC(=O)Nc1ccc(-c2ccc(N3CCN(C)CC3)cc2)cc1,5.1536993509516975,False
Cc1ncc(-c2nc(NC(=O)C(C)C)ncc2F)n1C(C)C,3.2220595897655304,True
c1cc(CNc2ccc(N3CCCNCC3)cc2)ccn1,3.042042241652805,True
CC(C)C1CCN(c2ccc(C(=O)Nc3ccc(N(C)C)cn3)nc2)CC1,3.7119166208308076,False
CCNC(=O)N1CCC(Nc2nccc(-c3cnc4ccccn34)n2)CC1,3.0426564051828193,True
CNC(CSC(=O)C(=O)c1ccc(Nc2ncc(F)c(-c3cnc(C)n3C(C)C)n2)cc1)C(C)=[SH]C,3.0331310555266136,True
Cn1cc(C2=C(c3coc4cc(CO)ccc34)C(=O)NC2=O)c2cc(F)ccc21,2.6931067561461455,True
C1=C/COCc2cc(ccc2OCCN2CCCC2)Nc2nccc(n2)-c2ccc(o2)COC/1,5.413081469920803,False
O=C(O)c1ccc(C(=O)Nc2cc(C3CC3)[nH]n2)cc1,2.9539155370457073,True
Cc1ncc(-c2ccnc(Nc3ccc(-c4ccc(C(N)=O)cc4)cc3)n2)n1C(C)C,2.9635175045880837,True
CCCC(C)c1cccc(-c2ccc(S(N)(=O)=O)cc2)c1,12.537226248257625,False
NS(=O)(=O)c1ccc(-c2cc(-c3cccc(O)c3)[nH]n2)cc1,5.289482488864108,False
CC[C@H](Nc1nc(NC2CC2)c2ncn(C(C)C)c2n1)[C@@H](C)O,4.285957652613938,False
CNC(=O)c1ccc(-c2ccc(C(=O)N(C)C)cc2)cc1,2.898018115885403,True
Cc1ccc(CNC(=O)c2ccc(F)cc2C(=O)N2CCCC2)cc1,3.8477424549987744,False
CC(C)(N)c1ccc(-c2ccc(S(N)(=O)=O)cc2)cc1,2.812634530115847,True
Cc1cc(C)c(NC(=O)c2ccnc(N3CCCCC3)n2)cn1,3.2220221911091778,True
CCNc1ccc2[nH]nc(NC(=O)Cc3ccccc3)c2c1,2.99131425965244,True
Cc1nc2c(F)cc(-c3nc(Nc4ccc5c(n4)CCNC5)ncc3F)cc2n1C(C)C1CC1,2.7959045048069906,True
O=C(NC(=O)c1ccc(F)cc1)Oc1ccc(Cl)cc1,3.09690910425218,True
CN1CCN(c2ccc(NCc3cccc(Cl)c3)cc2)CC1,2.9532282336453424,True
Cc1ncc(-c2nc(CNC(C)(C)C)ncc2F)n1C(C)C,3.411183665533131,True
CCCNC(=O)Nc1ncc(F)c(-c2cnc(C)n2C(C)C)n1,3.1062074946790013,True
Cc1ncc(-c2nc(NC3CCC3)ncc2F)n1C(C)(C)C,3.7215233440084705,False
COc1ccc(NC(=O)Nc2ccc(N3CCN(CC4CC4)CC3)cn2)cc1,3.238416588396256,True
O=C(NCc1cccnc1)N1CCN(Cc2ccccc2)CC1,4.020407939500676,False
Cc1cccc(CC(=O)NC(=O)Cc2ccccc2)c1,3.6575453517352274,False
CCCN1CCc2nc(-c3ccc(S(N)(=O)=O)cc3)ccc2C1,2.883137527070119,True
COc1ccc(C(=O)NCCc2ccccc2)cc1OC,5.782619648567595,False
N=C1NC(=O)/C(=C/c2ccc(-c3c(S)cccc3C3CCCCC3)o2)S1,3.7923250124428924,False
CC(=Nc1ccc(-c2ccc(S(N)(=O)=O)cc2)cc1)c1ccc2[nH]c(O)c(C=Nc3cnco3)c2c1,2.811423305018292,True
C[C@@H](O)[C@H](C)S(=O)(=O)c1ccc(Nc2ncc(C(F)(F)F)c(O[C@H](C(F)(F)F)S(=O)(=O)[C@@H](C)O)n2)cc1,3.553603945292724,False
O=C(Nc1ccc(N2CCCNCC2)cc1)c1ccccc1,3.3018714390478707,True
Nc1nc2ccc(C(=Cc3nn[nH]n3)c3c(F)cccc3F)cn2c1C(=O)c1c(F)cccc1F,2.824190857573193,True
COc1ccc(NC(=O)c2ccc(C(F)(F)F)cc2)cc1,3.6937150675167216,False
Cn1nc(C(N)=O)c2c1-c1nc(Nc3ccc(-c4ccc(Nc5ccccc5)cc4)cc3)ncc1CC2,2.7492628102820644,True
CCCN(C)c1cccc(-c2ccc(S(N)(=O)=O)cc2)n1,4.704511132944637,False
Cc1nc2c(F)cc(-c3nc(Nc4ccc5c(n4)CCN(CC(C)(C)N)C5)ncc3F)cc2n1C1CC1,2.933569327628037,True
Cc1ccc(Nc2ccc(S(=O)(=O)N3CCOCC3)cc2)cc1,2.964747038113032,True
Cc1ccc(C(=O)N2CCC(C(=O)Nc3ccccc3)CC2)cc1,3.104575011173024,True
O=C(CNc1ccc(C(F)(F)F)cc1)NCCc1ccc(N2CCOCC2)cc1,3.1642390870476307,True
CCCCc1c(C)c2cnc(Nc3ccc(N4CCNCC4)cn3)nc2n(C2CCCC2)c1=O,3.146468973309607,True
Cn1nc(C(N)=O)c2c1-c1nc(Nc3ccc(Nc4ccc(Nc5ccccc5)cc4)cc3)ncc1CC2,2.654269202624328,True
O=C(c1ccc(Cl)cc1)N1CCc2cnc(NC3CCOCC3)nc2C1,2.9555183978449517,True
ON=C(O)CCCn1cc(CNC2CC2)c(-c2ccccc2)n1,4.934290323845975,False
CN1CCN(c2cccc3[nH]c(-c4[nH]nc5cc(-c6ccc(CO)cc6)ccc45)nc23)CC1,3.1330774008951656,True
CC(=O)N1CC=C(c2ccc(NCc3cccnc3)nc2)CC1,2.938651051077684,True
C[C@@H](Oc1nc(Nc2ccc(S(C)(=O)=O)cc2)ncc1C(F)(F)F)C(C)(C)S(N)(=O)=O,2.995912882578537,True
CCC(=O)c1ccc(-c2ccc(S(N)(=O)=O)cc2)cc1,2.835565023059775,True
C[C@@H](Nc1nc(Nc2ccc(S(=N)(=O)C3CC3)cc2)ncc1Br)C(C)(C)O,3.1065141235796796,True
CC(C)(C)Nc1cnc(CSc2sc(-c3ccncc3)nc2O)o1,3.054344774251924,True
CC(C)[C@@H](C)Nc1ncc(F)c(-c2cccc3c2OCCC3)n1,2.9437414968030033,True
CNC(=O)c1ccc(-c2cccc(C(=O)NC)c2)cc1,3.2460720879241096,True
CC(C)(C)c1ccc(C(=O)Nc2ccc(S(N)(=O)=O)cc2)cc1,3.3210152062283584,True
O=C(Nc1ccccc1)c1ccc(N2CCCCC2)cc1O,3.4086462122080126,True
CNC(=O)c1cccc(Nc2cc(C(=O)N(C)C)ccc2F)c1,3.172381282254702,True
Cc1ccc(N2CCc3cnc(NC4CC4)nc3C2)cc1Cl,3.451461284731444,True
NS(=O)(=O)c1ccc(Cc2ccc(OC(F)(F)F)cc2)cc1,4.8854407170694385,False
CC(=O)N(C)CCc1cccc(-c2ccc(Nc3ccccc3)cc2)n1,5.066914445695726,False
CC=C(CC=CCC(N)=O)c1ccc(-c2ccc(Nc3nccc(-c4cnc(C)n4C(C)C)n3)cc2)cc1,3.4896633075412886,True
CCc1cnn2c(NCc3ccc[n+]([O-])c3)cc(CN3CCCC[C@H]3N3CCCC[C@H]3CCO)nc12,2.844579758066206,True
Cn1nc(C(N)=O)c2c1-c1nc(Nc3ccc(N4CCOCC4)cc3)ncc1CC2,2.564390960832615,True
Fc1ccccc1NCc1ccc(N2CCOCC2)cc1,3.0750704056980536,True
Cc1cccc(C)c1Nc1ccc(N2CCN(C)CC2)cc1,3.543313985522595,False
Nc1nc(-c2cc(C(=O)c3c(F)cc(F)cc3F)ccc2O)cc(C2CCNCC2)n1,3.235959826697487,True
CNC(=O)c1cccc(C(=O)Nc2ccc(N3CCOCC3)cc2)c1,3.701021210422877,False
COc1cccc(OC)c1CNC(=O)c1ccc2[nH]c(O)c(N=Nc3ccc(S(N)(=O)=O)cc3)c2c1,3.675453985564236,False
O=C(O)c1cc(O)c(O)c2c1c([N+](=O)[O-])cc1c(O)cccc12,2.9197693402048057,True
CCCc1cc(-c2ccc(N3CCCNCC3)cc2)ccn1,4.8955580887167445,False
O=C(NCc1ccccc1)c1cccc(N2CCCCC2)n1,2.9697045307572294,True
CCN(CC)S(=O)(=O)c1cccc(Nc2nccc(-c3ccnc(-c4ccc(NC(=O)NC)cc4)c3)n2)c1,4.154189451625909,False
COc1cccc(C(=O)N2CCCN(C(=O)C(C)O)CC2)c1,3.190230242474671,True
O=C(NCc1cccc(Cl)c1)Nc1cccc2c1OCCCC2,3.3455107233425516,True
CC(C)(C)c1cnc(CSc2cnc(N[C@H]3CC[C@H](O)CC3)s2)o1,2.713007740497622,True
CC(C)(C)OC(=O)Nc1ccc(N2CCN(C(=O)OC(C)(C)C)CC2)cc1,4.456778545092864,False
O=c1[nH]c(O)c(C=NCc2ccc(-c3ccoc3)c(O)c2)c2cc(I)ccc12,3.7888879635059127,False
Cc1ncc(-c2nc(NC(=O)c3ccccc3)ncc2F)n1C(C)C,3.3693876298223713,True
Cc1ncc(-c2ccnc(Nc3ccc(S(=O)(=O)Oc4cnc(C)n4[S+]([O-])NS)cc3)n2)n1C(C)C,3.09837860824012,True
CC(CCO)C(=O)NCCc1nn2c(COc3ccc(Cl)cc3)nnc2s1,3.0217633924581198,True
O=C(Nc1cccc(C(=O)N2CCCC2)c1)c1cccc(Cl)c1,3.480845012349738,True
Cc1c(Nc2ccc(S(N)(=O)=O)cc2)cccc1C(C)C,3.101130277818079,True
COc1ccc(CN2CCN(C(=O)c3ccccc3)CC2)cc1Cl,4.138318740744841,False
Cc1cccc(CC(=O)NC(=O)c2cccc(F)c2)c1,3.052431653616513,True
CC=Cc1ncc(F)c(-c2ccc(S(N)(=O)=O)cc2)n1,4.139275540478067,False
Cc1ncc(-c2nc(NC(=O)N=C3CCOCC3)ncc2F)n1C(C)C,2.990815440644907,True
CCc1nc(Nc2ccc(S(N)(=O)=O)cc2)ncc1C(C)C,4.036307718695395,False
CN(c1ccccn1)S(=O)(=O)c1ccc(N=Cc2c(O)[nH]c3ccc4ncsc4c23)cc1,2.8977546479990317,True
CCc1ccc(CNc2ccc(N3CCOCC3)cc2)cc1,4.206196738147192,False
N#C/C=C(/c1ccc2nc(N)c(C(=O)c3c(F)cccc3F)n2c1)c1c(F)cccc1F,5.877887800902641,False
NS(=O)(=O)c1ccc(-c2ccc(CN3CCOCC3)cc2)cc1,2.90050823132774,True
CCCOc1c[nH]c(NCc2ccc(NC(=O)C3CCOCC3)cc2)cc1=O,3.183831967927954,True
C[C@@H](O)[C@@H](C)Oc1nc(Nc2ccc(S(=O)(=O)S(=O)(=O)NNC(F)(F)F)cc2)ncc1C(F)(F)F,3.031652189813344,True
Cc1ccc(Cl)c(CC(=O)NC(=O)c2ccccc2)c1,8.137466128961771,False
CN(C)C(=O)c1cccc(NCc2ccc(CO)cc2)c1,2.9400840124050878,True
Clc1cccc(Nc2nccc(-c3cnc4ccccn34)n2)c1,3.0052211233118937,True
Cc1ncc(-c2nc(NCN3CCOCC3)ncc2F)n1C(C)C,2.9772386535177215,True
NS(=O)(=O)c1ccc(Oc2ccc(C(F)(F)F)cc2)cc1,7.9886377436957305,False
CNC(=O)c1ccc(C2CCN(C(=O)Nc3ccccc3)CC2)cc1,3.895608039831523,False
N=C(N)NS(=O)(=O)c1ccc(N=Cc2c(O)[nH]c3ccc4ncsc4c23)cc1,2.711460492059581,True
Cn1nc(C(N)=O)c2c1-c1nc(Nc3ccc(-c4ccc(-c5ccccc5)cc4)nc3)ncc1CC2,4.669940470712666,False
CC(C)c1ccc(C(=O)c2ccc(S(N)(=O)=O)cc2)cc1,5.729021731500056,False
NS(=O)(=O)c1ccc(-c2ccc(N=Nc3c(O)[nH]c4ccc(S)c(-c5ccc(S(N)(=O)=O)cc5)c34)cc2)cc1,2.9836972031357356,True
COc1cc(F)ccc1Cc1ccc(N2CCCNCC2)cc1,5.939010692026073,False
Oc1ccc(CCN2CCC(c3ccccc3)CC2)cc1,5.36160945985438,False
CCCC(=O)c1ccc(Nc2ncc3cc4n(c3n2)C(C)(CCC)CNC4=O)nc1,3.0895509382432937,True
CCc1ccc(C(=O)Nc2ccc(S(C)(=O)=O)cc2)cc1,3.6633528358595258,False
Fc1ccccc1NCCc1ccc(N2CCOCC2)cc1,3.0924252618293036,True
CCCCOc1c(C(=O)c2c(F)cc(C)cc2F)ccc2[nH]ncc12,3.4002167577964824,True
COc1ccc(-c2nn(-c3ccccc3)cc2C(=O)NC(=S)Nc2ccc(F)cc2)cc1,3.3815565942328996,True
CC(C)CCCc1ccc(-c2ccc(S(N)(=O)=O)cc2)cc1,12.381372137206759,False
c1ccc(CNc2cccc(CN3CCOCC3)c2)cc1,3.196254996085267,True
O=C(Nc1ncc2c(n1)CN(C(=O)c1ccc(Cl)cc1)CC2)C1CCC1,3.127408831604851,True
NS(=O)(=O)c1ccc(-c2ccc(C(O)(F)F)cc2)cc1,2.697918642212922,True
COc1cnn2c(NCc3ccc(NC(C)=O)cc3)nc(NC3CCOCC3)nc12,3.119021320863325,True
N[C@H](CNc1nnc(NCc2cccnc2)s1)Cc1cccc(Cl)c1,2.894900516425394,True
CN1CCN(c2cccc(NC(=O)c3ccccc3)c2)CC1,3.3738323906205006,True
Nc1nccc(-c2c[nH]c3[nH]ccc(=O)c23)n1,3.0055588498647006,True
CNC(CSC(=O)C(=O)C(=O)c1ccc(Nc2ncc(F)c(-c3cnc(C)n3C(C)C)n2)cc1)SC(C)=[SH]C,3.1453535572332796,True
CN=S(C)(=O)c1ccc(Nc2ncc(Br)c(N[C@H](C)[C@@H](C)O)n2)cc1OC,3.0505846980538056,True
Cc1cc(CC(C)C)ccc1-c1ccc(S(N)(=O)=O)cc1,12.298123190145718,False
Cc1ccccc1-c1ccc(O)c(C(=O)N2CCN(C)CC2)c1,2.6170544510957363,True
C=C(C)n1c(CC(=O)c2ccc(Nc3ncc(F)c(-c4cnc(C)n4C(C)C)n3)cc2)cnc1NC(=O)CC,3.1457333008378163,True
Cc1ccccc1C(=O)NCC(=O)NC(=O)Oc1ccccc1,3.257134476806268,True
CC(=O)NCCc1ccc(-c2ccc(N(C)C)cc2)cc1,3.003779119709047,True
O=C(NC1CCN(c2ccccc2)CC1)c1ccccc1,3.4020532035816307,True
C[C@@H](O)[C@@H](C)Oc1nc(Nc2ccc(S(=O)(=O)S(N)(=O)=O)cc2)ncc1C(F)(F)F,3.089609360420833,True
Cc1nc2c(F)cc(-c3nc(Nc4ccc5c(n4)CCN(CCN(C)CC[Si](C)(C)C)C5)ncc3F)cc2n1C(C)C,2.8548614677423543,True
CCNC(=O)c1ccc(-c2ccc(N3CCCCC3)cc2)cn1,5.110681950581543,False
CCCC(CCO)NCC[C@@H]1CCCCCN1c1cc(NCc2ccc[n+]([O-])c2)n2ncc(CC)c2n1,3.2985696900323336,True
O=S(=O)(c1ccc(Nc2ncc(C(F)(F)OF)c(OCN3CCCC3)n2)cc1)C1CCCC1,2.9086665329666075,True
CC(C)C(=O)N1CCc2cnc(Nc3ccc(C(C)C)cc3)nc2C1,4.39051762324216,False
CC(=O)NC(=O)c1cccc(-c2ccc(N3CC=NCC3)cc2)c1,5.4355188344812095,False
C[C@H]([C@H](Oc1nc(Nc2ccc(S(=O)(=O)[C@@H](C)[C@@H](C)O)cc2)ncc1C(F)(F)F)[C@@H](C)OF)[C@@H](C)O,3.1107073150651825,True
CCOc1ccccc1-c1ccc(N2CCCNCC2)cc1,4.697869410700978,False
CC1CCN(NC(=O)N2CCC(Nc3ncc(Cl)c(N4CCCNCC4)n3)CC2)CC1,3.6894003577817407,False
CCC[C@@H](CCCO)NCC[C@@H]1CCCCN1c1cc(NCc2ccc[n+]([O-])c2)n2ncc(CC)c2n1,4.227005322920709,False
CC(=O)Nc1ccc(-c2ccc(C(=O)N3CCOCC3)cc2)cc1,4.4543446207046,False
Cc1ncc(-c2nc(NN3CCOCC3)ncc2F)n1C(C)C,3.0016946880054296,True
NS(=O)(=O)c1ccc(N=CN=CN=Nc2ccc(Sc3c(=O)[nH]c4ccc5[nH]cccc5c34)cc2)cc1,4.443131890907582,False
CNCCN(C)c1ccc(NNc2ccc(C(F)(F)F)cc2C(=O)O)nc1,4.167098510954598,False
CC(=O)Nc1ccccc1CN1Cc2ccccc2C1=O,6.395394202080121,False
CCN(CC)C1CCN(c2ccc(NC(=O)Nc3ccccc3)nc2)CC1,3.0567363314489553,True
CC(C)c1cccc(NCc2ccc(S(N)(=O)=O)cc2)c1,6.472274020775077,False
CCc1cnn2c(NCc3ccc[n+]([O-])c3)cc(N3CCCCC3CCC(N)=O)nc12,2.9325439468147834,True
Cc1ncc(OOS(=O)(=O)c2ccc(Nc3nccc(-c4cnc(C)n4C(C)C)n3)cc2)n1C(C)C,3.1369434167673456,True
Nc1ccc(N=Cc2c(=O)[nH]c3ccc4[nH]cccc4c23)cc1N=Nc1ccc(S(N)(=O)=O)cc1,4.735254797790722,False
Oc1ccccc1-c1ccc(N2CCCNCC2)cc1,4.756143290524363,False
O=C(Nc1cc(C2CCCCC2)[nH]n1)c1ccc(Br)cc1,3.531756786643156,False
COc1ccc(-c2nc3c(NCCCNC(=O)C4CCCC4)c(-c4nc(C(=O)O)cs4)cnc3[nH]2)cc1,3.1210847473274432,True
COC(=O)Nc1ccc(-c2ccc(N3CCCCC3)cn2)cc1,4.955810125499159,False
NS(=O)(=O)c1ccc(NCc2ccc(NC(=O)CCCCCCO)cc2)cc1,5.061567148621065,False
CN(C)C(=O)c1cccc(Nc2cccc3c2CN(C)C3=O)c1,3.0443836814698693,True
COS[C@H](OS(=O)(=O)c1ccc(Nc2ncc(C(F)(F)F)c(O[C@@H](C)O)n2)cc1)[C@@H](C)O,2.937810238936478,True
CC(C)(C)CCOc1ccc(-c2ccc(S(N)(=O)=O)cc2)cc1,3.224729601067359,True
CCCc1cccc(Nc2ccc(S(N)(=O)=O)cc2)c1,7.438429068022364,False
CCc1ccc(Cc2ccc(O)c(C(=O)N(C)C)c2)cc1,5.501322931804676,False
CCN(C)CCNc1ccc(-c2cc3c(cn2)cc(C(=O)N(C)C)n3C(=O)OC(C)(C)C)nc1,3.039928617582989,True
CCCC(=O)CNc1ncc(F)c(-c2cnc(C)n2C(C)C)n1,2.96549051591807,True
N=S(=O)(CCO)c1ccc(-c2cc(N[C@H]3CC[C@H](N)CC3)nc3ccnn23)cc1,3.753119902161407,False
CC(C)=NCCC(=O)c1ccc(Nc2ncc(F)c(-c3cnc(C)n3C(C)C)n2)cc1,3.0717688715136124,True
NS(=O)(=O)c1ccc(-c2ccc(-c3ccc(S(N)(=O)=O)cc3)cc2)cc1,3.0679771837482686,True
O=C(Cc1ccc(F)cc1)Nc1[nH]nc2ccc(N3CCCS3(=O)=O)cc12,3.1832213243819565,True
CCc1cnn2c(NCc3ccc[n+]([O-])c3)cc(N3CCCC[C@H]3CN3CCCC[C@H]3CCO)nc12,4.895400698614984,False
CC(C[SH](N)(=O)CC(N)=O)=NC(=N)c1ccc(Nc2nccc(-c3cnc(C)n3C(C)C)n2)cc1,3.2190587133508513,True
Cc1ccc(F)c(C(=O)Nc2ccc(S(N)(=O)=O)cc2)c1,6.484682027671049,False
C[C@H](O)[C@@H](C)Nc1nc(Nc2ccc(S(C)(=N)=O)cc2)ncc1Br,3.0664464776023768,True
Cc1cccc(C(=O)Nc2ccc(S(N)(=O)=O)cc2)c1,6.3213186915389725,False
O=C(Nc1cc(CN2CCCCC2)ccn1)c1ccc(F)cc1,3.209442474947945,True
Cc1ccc(-c2nn(-c3ccccc3)cc2C(=O)NC(=S)Nc2ccc(F)cc2)cc1,5.102496937774681,False
COS[C@H]([C@H](Oc1nc(Nc2ccc(S(=O)(=O)OC(F)(F)F)cc2)ncc1C(F)(F)F)C(C)O)[C@@H](C)O,3.338567656945119,True
CCCc1ccc(NC(=O)c2ccc(S(C)(=O)=O)cc2)cc1,3.3913226033510853,True
Cc1cc(-c2cc(-c3ccc(-c4ccc(C(N)=O)cc4)o3)ccc2O)nc(N)n1,3.568149660538356,False
CN1CCC(c2ccc(Oc3ccc(S(N)(=O)=O)cc3)cc2)CC1,3.013994857328067,True
COc1cc[nH]c1C=C1C(=O)Nc2ccc(F)c(C#C[C@@H](O)[C@@H](N)[C@@H](C)O)c21,2.6553587328268873,True
CN(C)C1CCN(c2ccc(Nc3ncc4cc5n(c4n3)C3(CCCC3)CNC5=O)nn2)CC1,3.8858057079581387,False
Cn1nc(C(N)=O)c2c1-c1nc(Nc3ccc(NCNc4ccccc4)cc3)ncc1CC2,2.7363733297925577,True
Cc1ncc(-c2nc(NC3CC3)ccc2F)n1C(C)C,4.12989116079347,False
NS(=O)(=O)c1ccc(Oc2ccc(C(=O)OF)cc2)cc1,2.9690296394613536,True
CN1CCC(Oc2ccc(Nc3ncc(F)c(-c4cc(F)c5nc6n(c5c4)C(C)(C)CC6)n3)nc2)CC1,3.0584064478090576,True
COc1cc(NC(=O)c2cccs2)cc(C(=O)O)c1OC,6.9677924768178965,False
Cn1cc(CCNc2ccc([N+](=O)[O-])cc2C(=O)O)c2cc(Cl)ccc21,3.5889449703220593,False
CN(CCC(=O)Cc1ccccc1)CC(=O)Nc1sc2c(c1C(N)=O)C=CC2,4.521341615051893,False
CN(C)C(=O)N1CCCc2cnc(NCC3CCC3)nc2C1,2.8818544376841797,True
O=C(Nc1ccc(N2CCOCC2)cc1)c1ccccc1,4.040284890945197,False
O=Nc1c(-c2c(O)[nH]c3ccc([N+](=O)[O-])cc23)[nH]c2ccc(O)cc12,3.972397890443498,False
CN1CCN(Cc2cn(C)c3ccc(C(N)=O)cc23)CC1,2.943819797474026,True
NS(=O)(=O)c1ccc(CNCc2ccc(C(F)(F)F)cc2)cc1,7.246018906958499,False
CC(=O)c1c(C)c2cnc(Nc3ccc([C@H]4CC[C@H](N)CC4)cn3)nc2n(C2CCCC2)c1=O,3.1714294884168583,True
NS(=O)(=O)c1ccc(Nc2nc(OCC3CCCCC3)c3[nH]cnc3n2)cc1,2.992185488902721,True
C=C(C)C(=O)C(=O)C(Cl)=[N+](CC(=O)c1ccc(Nc2ncc(F)c(-c3cnc(C)n3C(C)C)n2)cc1)C(=C)C,3.03728069167142,True
NS(=O)(=O)c1ccc(Nc2nccc(C3CCOCC3)n2)cc1,3.186401889278874,True
CCc1ccc(CNc2nc(N3CCC[C@@H]3CO)nc3c(C(C)C)cnn23)cc1,3.8020276169433576,False
NS(=O)(=O)c1ccc(Nc2ccc(C(=O)N=C3CC3)cc2)cc1,3.138419188062678,True
C[C@@H](O)[C@@H](C)Oc1nc(Nc2ccc(S(=O)(=O)C(F)(F)C(F)(F)F)cc2)ncc1C(F)(F)F,3.8236468194643694,False
C=CC(=O)Nc1ccc(C(=O)Nc2[nH]nc3c2CN(C(=O)N[C@H](CN(C)C)c2ccccc2)C3(C)C)cc1,3.165173612931839,True
O=c1c(O)c(-c2ccc(O)c(O)c2)oc2cc(O)cc(O)c12,2.837265232578732,True
Cc1cc(NC2CC2)ccc1-c1ccc(N2CC=NCC2)cc1,2.8392159128886254,True
CC(C)c1cnn2c(NCc3ccccc3)cc(N[C@@H](CO)[C@@H](O)CO)nc12,3.1520813758531063,True
O=C(Nc1ccc(N2CCNCC2)cc1)c1[nH]ncc1Nc1cc(OC2CCCC2)ncn1,3.2108188986612096,True
CC(=O)Nc1ccc(N2CCCN(C(=O)c3ccccc3)CC2)cc1C,3.4971858686664063,True
CC(=O)C(O)C(C)Oc1nc(Nc2ccc(S(=O)(=O)[C@H]([C@@H](C)O)[SH](C)F)cc2)ncc1C(F)(F)F,3.031252876287293,True
CNCc1c(-c2ccc(N)cc2)ccc2[nH]c(O)c(C=Nc3ccc(S(N)(=O)=O)cc3)c12,2.7229831068150263,True
CCC1(CC)CNC(=O)c2cc3cnc(Nc4cccc(N5CCCNCC5)c4)nc3n21,2.695528519604273,True
Cc1ccc(F)c(Cc2ccc(N3CCNCC3)cc2)c1,7.51427561379006,False
C=C(C)N=CSC(=O)c1ccc(Nc2ccc(Nc3ncc(F)c(-c4cnc(C)n4C(C)C)n3)cc2)cc1,2.978121891393972,True
CN1CCN(c2ccc(Nc3cc(-c4c[nH]c5ccccc45)ncn3)cc2)CC1,2.8524217780685976,True
Cc1[nH]nc2c1N=C(c1ccccc1Cl)c1cc(N)ccc1N2,5.418995202064681,False
CC(C)Cc1ccc(-c2ccc(S(N)(=O)=O)cc2)cc1,12.184217578490621,False
O=C(Nc1ccc(F)cc1)c1[nH]ncc1NC(=O)c1c(F)cccc1F,2.882018042969194,True
CC(=O)Cc1ccccc1-c1ccc(NC(C)=O)cc1,2.8679177115112613,True
CC(C)C(=O)N1CCc2cnc(NC(=O)c3ccccc3)nc2C1,3.4317043870356927,True
COc1cc2c(Nc3ncc(CC(=O)Nc4cccc(F)c4)s3)ncnc2cc1OCCCN1CCC(CO)CC1,4.1955868481059975,False
O=S(=O)(c1cc(-c2ccc(O)c(O)c2)ccc1Cl)C1CCNCC1,5.435312410524356,False
CNC(=O)c1ccc(OCc2ccc(C(=O)N(C)C)cc2)cc1,3.887459453164755,False
Clc1ccc(NCc2ccc(N3CCOCC3)cc2)cc1,4.9387226081245,False
CNC(=O)c1ccc(-c2ccc(N3CCCCCC3)cc2)cc1,4.210661111987047,False
CCN(C)C(=O)c1ccc(C(=O)Nc2cccc(Cl)c2)cc1,3.460874022555571,True
O=C(C1CCC1)N1CCc2cnc(NCc3ccccc3)nc2C1,2.9762441096119847,True
CN(C)S(=O)(=O)c1ccc(Nc2cc(N[C@H]3CC[C@H](N)CC3)nc3c(Br)cnn23)cc1Cl,2.978615114444971,True
COc1cc(Oc2ccccc2C)cc(OC)c1OC,3.260555474148539,True
O=C(Nc1ccc(Cl)cc1)c1ccc(N2CCOCC2)cc1,3.3451644204732256,True
CN(C)C(=O)c1cccc(NC(=O)c2cccc(N3CCOCC3)c2)c1,3.7038269398015946,False
C=C(C)c1ccc2c(c1)c(CCC1CCNCC1)cn2C,4.85389544592794,False
CC1CN(c2ccncc2NC(=O)c2ccnn3cc(-c4ccccc4)nc23)CCO1,3.5766460546159724,False
CC(c1ccc(S(N)(=O)=O)cc1)c1ccc(S(N)(=O)=O)cc1,5.83661614293762,False
CNC(=O)c1ccccc1-c1ccc(NC(C)=O)cc1,4.712905685455626,False
C=C(C)n1c(-c2nc(NC3CCOCC3)ncc2F)cnc1C,3.135389768433902,True
CC(=O)Nc1ccc(-c2cccc(NC(C)=O)c2)cc1,3.1331576723810084,True
NS(=O)(=O)c1ccc(-c2ccc(NC3CC3)cc2)cc1,3.3119230063514484,True
CC1CCN(c2ccc3c(c2)c(C(=O)O)cn3C)CC1,3.9007355716582452,False
CC[C@@H](Nc1nc(NCc2cnc(C)cc2C)c2ncn(C(C)C)c2n1)[C@H](C)O,2.9838857216723373,True
COc1ccc(-c2cccc(C(=O)N3CCCNCC3)c2)cc1,5.80218010751132,False
CCC(C)Nc1ccc(-c2ccc(S(N)(=O)=O)cc2)cc1,2.9297817324845186,True
CC(C)C(=O)c1ccc(C(=O)c2ccc(S(N)(=O)=O)cc2)cc1,3.7340997576390498,False
CC(C)(N)C(=Nc1ccc(S(N)(=O)=O)cc1)N=C(c1c(O)[nH]c2ccc(-c3cnco3)cc12)S(N)(=O)=O,3.0600186273942835,True
Cc1ncc(-c2ccnc(Nc3ccc(C(=O)N(C)C)cc3)n2)n1C(C)C,3.0866391107481306,True
Cc1ccc(C(=O)Nc2ccc(C(=O)N3CCOCC3)cc2)cc1,3.5475955237315344,False
C[C@@H](O)[C@@H](C)Oc1nc(Nc2ccc(S(=O)(=O)C(C)(C)O)cc2)ncc1C(F)(F)F,3.229827394768957,True
CC[C@H](Nc1nc(NCc2cccnc2)c2ncn(CC3CC3)c2n1)C(C)(C)C,3.0134043870678937,True
COc1ccc(C(=O)Nc2cccc(Cl)c2)cc1OC,3.67930699996616,False
O=S(=O)(c1ccc(NCc2ccccc2)cc1)C1CC1,2.985731736107588,True
O=c1[nH]c(O)c(C=NC[C@H]2CCCNC2)c2cc(-c3ccsc3)ccc12,3.5379040405302096,False
Oc1ccc(N2CCN(CCc3ccccc3)CC2)cc1,4.541223623650348,False
CNS(=O)(=O)c1ccc(N=Cc2c(O)[nH]c3ccc4ncsc4c23)cc1,2.7145705000975724,True
CS(=O)(=O)c1ccc(Nc2cccc(S(N)(=O)=O)c2)cc1,3.093404920148675,True
C=C(C)c1ccc(NCC(=O)c2ccc(Nc3ncc(F)c(-c4cnc(C)n4C(C)C)n3)cc2)cc1,2.9715364712552392,True
Cc1nc2c(F)cc(-c3nc(Nc4ccc5c(n4)CCN(CC(N)=NO)C5)ncc3F)cc2n1C(C)C,2.7074247911991933,True
CC(C)NC(=O)N1CCCc2cnc(Nc3ccc(Cl)cc3)nc2C1,3.351618415034743,True
Cc1ncc(-c2ccnc(Nc3ccccc3)n2)n1C(C)C,2.975363171110383,True
Cc1ncc(-c2nc(Nc3ccc(C(=O)NC4CCN(C)CC4)cc3)ncc2F)n1C(C)C,3.077298815519872,True
N[C@H]1CCS[C@@H](NN2CCc3c(nn(Cc4ccccc4)c3Br)C2=O)CC1,3.0692815120154835,True
CN1C(=O)C(N2CCc3cn(CC4CCS(=O)(=O)CC4)nc3C2=O)COc2ccccc21,3.512701666808614,False
CN(C)C[C@H](O)Cc1c(O)cc(O)c2c(=O)cc(-c3ccccc3Cl)oc12,5.313897439732919,False
CC(C)[C@H](CO)Nc1nc(Nc2ccc(C(=O)O)c(Cl)c2)c2ncn(C(C)C)c2n1,3.0908759276295754,True
CC(=O)Cc1ccc(Nc2ccc(S(N)(=O)=O)cc2)cc1,3.1843878532615957,True
CCc1ccccc1-c1ccc(N2CCCNCC2)cc1Cl,10.876147571635833,False
Cc1ncc(-c2nc(NC(=S)C(C)C)ncc2F)n1C(C)C,3.070302265250121,True
O=C(C1CCC1)N1CCc2cnc(Nc3ccc(Cl)cc3)nc2C1,3.899981282006362,False
O=C(Nc1cc(C2CC2)[nH]n1)c1ccc(C2CCNCC2)cc1,3.017079713895548,True
CCc1ccc([C@H](C)c2ccc(S(N)(=O)=O)cc2)cc1,12.371715847044017,False
CC(C)Cc1ccc(NC(=O)c2ccc(S(N)(=O)=O)cc2)cc1,3.1834807993766803,True
Oc1ccc(N2CCC(O)CC2)cc1-c1ccc(N2CCC(O)CC2)cc1,2.9059630073350897,True
CC(C)OCC(=O)c1ccc(CC(=O)Nc2[nH]nc3ccc(N4CCCS4(=O)=O)cc23)cc1,3.6154353818039744,False
CC(=O)NCc1ccc(-c2ccc(S(N)(=O)=O)cc2)cc1,3.4120073270730225,True
CC(=O)N[C@@H]1CCCC(C(=O)Nc2cc(-c3cnn4c3CC(C)(C)C4)c(Cl)cn2)C1,2.93400340831431,True
COc1ccc(F)cc1-c1c(F)cnc2[nH]c(C3=CCN(C4CCC(C(=O)O)CC4)CC3)cc12,2.8500192981802845,True
COc1cccc(NC(=S)N2CCN(c3nnc(CCN)c4ccccc34)CC2)c1,3.5640589220718577,False
COc1cc(F)ccc1-c1cc(Nc2cc(CS(C)(=N)=O)ccn2)ncc1F,2.967279225148854,True
CCc1ccc(Nc2ccc(C(=O)N(C)C)cc2)cc1,3.2408159466405944,True
CN(C)S(=O)(=O)c1ccc(-c2ccc(CO)cc2)cc1,2.8923257077998636,True
O=C(Nc1cccc(N2CCOCC2)c1)c1cccc(N2CCOCC2)c1,3.1584831802623214,True
COc1ccc(Nc2ccc(C(=O)N3CCCN(C)CC3)cc2)cc1,2.9649072498140736,True
CC(C)CNc1ccc(CC(=O)Nc2[nH]nc3ccc(N4CCCS4(=O)=O)cc23)cc1,3.073141226823133,True
Cc1ncc(-c2ccc(Nc3nccc(-c4cnc(C)n4C(C)C)n3)cc2)n1-c1ccc(C(N)=O)cc1,3.3051780587435777,True
CN(C)Cc1ccc(C=CC(=O)c2c(O)cc(O)c(C3CCN(C)CC3)c2O)cc1,2.7714310382905056,True
COC(=O)NCCc1nc(Nc2ncc(F)c(C3CCC(N)CC3)n2)ccc1C,2.803090258982044,True
Cc1nc2c(F)cc(-c3nc(Nc4ccc5c(n4)CCNC5)ncc3F)cc2n1C1(C)CC1,2.7957821803566953,True
CN1CCN(c2ccc(-c3ccc(CO)cn3)cc2)CC1,3.1546659094110066,True
C=C(C)C(=O)c1ccc(Cc2ccc(Nc3ncc(F)c(-c4cnc(C)n4C(C)C)n3)cc2)cc1,3.1814377253059702,True
COc1ccc(C(=O)Nc2ccc(N3CCN(C)CC3)cc2)cc1C,3.6429639031975074,False
CN1CCN(Cc2ccc(NC(=O)c3[nH]ncc3Nc3ncnc4[nH]ccc34)cc2)CC1,3.06656827740718,True
CNC(=O)c1ccc(C(=O)c2ccc(S(C)(=O)=O)cc2)cc1,3.487980217833812,True
COc1cccc(C(=O)Nc2ccc(C(C)C)cc2)c1,3.4512910627763644,True
C=C(Cc1cccc(C)c1)c1ccc(S(N)(=O)=O)cc1,12.442345839912987,False
CCc1cnn2c(NCc3ccc[n+]([O-])c3)cc(N3CCCC[C@H]3CCNNCc3ccc[n+]([O-])c3)nc12,3.3176567031566133,True
CNS(=O)(=O)c1cc(F)ccc1-c1ncnc(Nc2cccc(C[S@](C)(=N)=O)c2)n1,3.2534520128626503,True
CCCCC1(C)CNC(=O)c2cc3cnc(Nc4ccc(C(=O)NC)cc4)nc3n21,3.095981104593506,True
c1ccc(CN2CCN(Nc3ccccc3)CC2)cc1,4.019911193048928,False
CC(C)(C)NCc1ccc(-c2ccc(N3CC=NCC3)cc2)cc1,4.150345045896795,False
CC(C)C(=O)N1CCCc2cnc(NC(=O)C3CCOCC3)nc2C1,2.9303919533059113,True
CN1CCN(c2ccc(-c3ccc(S(N)(=O)=O)cc3)cc2F)CC1,2.950733807038513,True
COc1ccc(Nc2ccnc(Nc3ccc(OCC(O)CN(C)C)cc3)n2)cc1,2.951882958384356,True
Cc1ccc(NCN2CCN(c3ccc(N4CCCCC4)nc3)CC2)cc1,3.0865168070172566,True
CC(C)C(=O)N1CCc2cnc(Nc3ccccc3)nc2CC1,3.1776302491007318,True
Fc1cccc(F)c1Nc1ncc2c(n1)CN(C1CC1)CC2,3.895239273780247,False
O=C(NCc1ccc(N2CCOCC2)cc1)c1c(Cl)cccc1Cl,4.9973996238043705,False
COc1cccc(NC(=S)N2CCN(c3nnc(OC(C)C)c4ccccc34)CC2)c1,3.536299195486725,False
Nc1ccc(CC(=O)NNc2ncc(C(F)(F)F)c(OC3CCCCC3)n2)cc1,3.2192710354985667,True
CONC1CCC(c2nc3c(-c4ccc(F)cc4OC)ccnc3[nH]2)C1,3.1130134917793106,True
O=C(Nc1ccc(Cl)cc1)N1CCN(Cc2ccc(Cl)cc2)CC1,3.573437280826403,False
CNS(=O)(=O)c1ccc(-c2cnc(C)n2C(C)C)cc1,4.481167370228433,False
Cc1cc(C)c(CNc2nc(N[C@@H](C)[C@@H](C)O)nc3c2ncn3C(C)C)cn1,3.1934470404251263,True
Cc1ncc(-c2nc(NC(=O)CN3CCOCC3)ncc2F)n1C(C)C,3.2338667257634497,True
CC(C)(C)OC(=O)N1CCN(C(=O)O[C@@H]2CCC(c3cc(NC(=O)Cc4ccccc4)[nH]n3)C2)CC1,3.1352610736587847,True
CN1CCN(Cc2cc3c(N)ncc(C4CCC4)c3s2)COC1,4.205387140323715,False
CCC(=O)Nc1ncc(F)c(-c2cnc(C)n2C(C)C)n1,3.2422061933196007,True
CC(C)=Cc1ccc(NNCCCn2nc(C(N)=O)c3c2-c2nc(Nc4ccccc4)ncc2CC3)cc1O,2.726142329373144,True
C=C(C)c1ccc(Nc2ccc(S(N)(=O)=O)cc2)cc1,3.087985751262462,True
CCc1cnn2c(NCc3ccc[n+]([O-])c3)cc(N3CCCC[C@H]3CCO)nc12,2.593997301463515,True
CNC(=O)c1ccc(NNc2ccc(N3CCN(CC4CC4)CC3)cn2)cc1,2.766890312245863,True
NC(=O)c1ccc(Nc2nc(N[C@H]3CC[C@H](N)CC3)nc3c2ncn3C2CCCC2)cc1,3.2667895555116497,True
CC(=O)NC1CCC(c2nc3c(N[C@H]4CC[C@H](N)CC4)ccnc3[nH]2)C1,3.1463283363310963,True
Cc1ncc(-c2ccnc(Nc3ccc(C(=O)NCCN(C)C)c(F)c3)n2)n1C(C)C,3.5787047936369416,False
CC1(C)CN(c2ccc(Nc3cc(-c4c[nH]c5cnccc45)ncn3)nc2)CCN1C1CC1,2.889589763270905,True
CCC(=O)Nc1ccc(-c2ccc(S(N)(=O)=O)cc2)cc1C,2.9576899769921736,True
CN(C)C(=O)Cc1ccc(C(=O)NC2CCCCC2)cc1,3.40903710745425,True
CC(C)=Nc1ccc(-c2ccc(S(N)(=O)=O)cc2)nc1,2.8888658674296406,True
CCC(C)c1ccc(-c2ccc(S(N)(=O)=O)cc2)cc1,12.366460043197486,False
NS(=O)(=O)c1ccc(CCN2CCc3ncccc3C2)cc1,4.047243629928902,False
CCN(CC)C1CCN(c2ccc(Nc3ncc4cc5n(c4n3)C3(CCCCC3)CNC5=O)nc2)CC1,3.3401026930320543,True
CNC(=O)c1nn(C)c2c1CCc1cnc(Nc3ccc(N4CCN(C)CC4)cc3)nc1-2,2.8987419685097913,True
COc1cc(Nc2cnc(NC3CCNCC3)s2)cc(OC)c1OC,4.366004237286084,False
NS(=O)(=O)c1ccc(-c2ccc(N=Nc3c(O)[nH]c4ccc(S)c(-c5cccc(O)c5)c34)cc2)cc1,4.820765603096681,False
COc1ccc(-c2ccc(N3CCN(C(=O)C(C)O)CC3)cc2)cc1C,4.6029840321252475,False
[O-][n+]1cccc(CNc2cc(N3CCCCC3CCO)nc3c(Cc4ccc[n+]([O-])c4)cnn23)c1,2.847653419923147,True
CN1CCN(c2nccc(-c3ccc(N4CCCNCC4)cc3)n2)CC1,4.816079006827025,False
C=C(C)c1cc(C(=O)Nc2ccccc2)cc(OC)c1N1CCOCC1,2.9322065070523315,True
NS(=O)(=O)c1ccc(N=NSN=Cc2c(=O)[nH]c3ccc4[nH]cccc4c23)cc1,4.0698565085270575,False
CC1CCN(C(=O)c2cn(C)c3ccc(C(=O)O)cc23)CC1,3.941554642523681,False
Nc1ccc(-c2cc(Nc3ccc(S(N)(=O)=O)cc3)[nH]n2)cc1,3.3870494534328803,True
Nc1nc2ccc(N[C@H]3CC[C@@H](N)CCO3)cn2c1C(=O)c1c(F)cccc1F,3.8525360478521176,False
O=C(c1ccc(-c2ccccc2)cc1)N1CCNCC1,4.866252151296728,False
C[C@H]([C@@H](C)O)S(=N)(=O)[C@@H](C)OS(=N)(=O)c1ccc(Nc2ncc(C(F)(F)F)c(O[C@H](C)[C@@H](C)O)n2)cc1,3.0620094709193877,True
CNc1ccc(N=Cc2ccc3[nH]c(O)c(N=CC=Nc4ccc(S(N)(=O)=O)cc4)c3c2NC)cc1,2.9640226045022047,True
COc1ccc(C(=O)Nc2ccc(N(C)C)cc2)cc1Cl,3.6221795924553577,False
NS(=O)(=O)c1ccccc1CC1CCN(c2ccccc2)CC1,5.030037176800992,False
C=C(C)n1c(C(=O)c2ccc(Nc3ncc(F)c(-c4cnc(C)n4C(C)C)n3)cc2)cnc1NC(=O)CC,3.257754134369257,True
Cc1ccccc1N1CCCN(CNc2ccc(N3CCOCC3)cc2)CCC1,3.04235796710381,True
COc1ccc(-c2ccc3c(-c4nc5c(N6CCN(C)CC6)cccc5[nH]4)[nH]nc3c2)c(OC)c1,2.9941793533454186,True
CN(C)C(=O)c1cc(C(F)(F)F)ccc1NC(=O)c1ccccc1,3.0114376965163983,True
Cc1ncc(-c2nc(Nc3ccc(C(=O)CCC(C)CBr)cc3)ncc2F)n1C(C)C,3.056381193503195,True
CCOc1ccc(Cc2ccc(S(N)(=O)=O)cc2)cc1,3.2752955591824064,True
NCCC=c1cc(-c2ccc[nH]2)c2c(O)[nH]c3ccc(F)c1c32,5.963117054024689,False
CC(=O)Cc1ccc(NC(=O)NC(=O)c2ccccc2)cc1,3.018382016909061,True
C[SH]=C(C)c1ccc(C(=O)C(=O)c2ccc(Nc3ncc(F)c(-c4cnc(C)n4C(C)C)n3)cc2)cc1,3.044509320071136,True
CC(=O)Nc1ccc(C(=O)Nc2ccccc2F)cc1,3.2280957234877676,True
C[C@@H](O)[C@@H](C)Nc1nc(Nc2ccc(S(=N)(=O)CCO)cc2)ncc1Br,3.117653444499566,True
Oc1cccnc1Cc1ccc(N2CCCNCC2)cc1,4.133751443906613,False
CNC(=O)c1ccc(Nc2ccc(C(=O)N(C)C)cc2)cc1,3.2198617982764484,True
CC(=O)Nc1cccc(C(=O)N2CCN(C(=O)c3ccccc3)CC2)c1,3.053516497417361,True
O=C(Nc1ncc2c(n1)CN(C(=O)C1CC1)CC2)C1CCCCC1,3.3053426448705823,True
COCCN1CCN(Cc2ccc(-c3[nH]nc4c3C(=O)c3c(NC(=O)NN5CCOCC5)cccc3-4)cc2)CC1,4.101730732264127,False
O=C(O)c1cc(O)c(O)c2c1c([N+](=O)[O-])cc1ccccc12,2.6750067289634987,True
Clc1cccc(Nc2nccc(-c3ccnc(N4CCOCC4)c3)n2)c1,3.2097082421927396,True
N[S+]([O-])c1cccc2[nH]c(O)c(N=Nc3ccc(N=Nc4ccc(-c5ccc(S(N)(=O)=O)cc5)cc4)cc3)c12,4.547132503017706,False
Oc1ccc(C2CCN(Cc3ccccc3)CC2)cc1,5.404070040256699,False
CC(O)CSc1nc(Nc2ccc(S(C)(=N)=O)cc2)ncc1Br,2.9843072898078034,True
Cn1nc(C(N)=O)c2c1-c1nc(Nc3ccc(SNNNc4ccc(N)cc4)cc3)ncc1CC2,2.6324900759547063,True
O=C(Cc1ccc(F)cc1)NC(=O)c1c(F)cccc1F,3.3477650753898502,True
Cc1ncc(Nc2ccc(S(N)(=O)=O)cc2)n1C1CC1,4.963247122600285,False
Cn1nc(NCCc2ccccc2)c2c1-c1nc(N)ncc1NCC2(C)C,3.980686372976406,False
Cc1nc2c(F)cc(-c3nc(Nc4ncc5c(n4)CCNC5)ncc3F)cc2n1C(C)C,2.919167689599219,True
O=C(CCc1ccc(Cl)cc1)NC(=O)c1ccncc1,3.6403821227997524,False
CC(C)CCc1cc(-c2ccc(S(N)(=O)=O)cc2)nc(N)n1,3.321686619776156,True
CC(=O)N(C)C(=O)Nc1ccc(C(=O)Nc2ccccc2)cc1,6.558034232908523,False
C[C@H](O)CN1CCN(c2ccc(Nc3ccc(S(=O)(=O)C4CCCC4)cc3)nc2)C[C@H]1C,2.8693534114848998,True
CC(=O)[N+](=CC=CC(N)=O)CC(=O)c1ccc(Nc2ncc(F)c(-c3cnc(C)n3C(C)C)n2)cc1,3.153355197246261,True
Cn1nc(C(N)=O)c2c1-c1nc(Nc3ccc(-c4ccc(-c5ccccc5)cc4)cc3)ncc1CC2,2.628302494006351,True
CSS[C@H](Oc1nc(Nc2ccc(S(=O)(=O)ON)cc2)ncc1C(F)(F)F)[C@@H](C)O,2.895351274025314,True
CNC1=C(CC(=O)Cc2cccc(Cl)c2)CCc2cnc(C[C@@H](N)C#N)nc21,3.204758181204948,True
CCc1nnc(N2CCCNCC2)c2cccc(C)c12,5.7546451671671335,False
CC(C)n1cnnc1-c1cccc(NC(=O)ON2CCCCC2)n1,3.1640644746907474,True
CC(=O)Nc1ccc(-c2ccc(CN3CCOCC3)cc2)cc1,4.237929801211917,False
N#Cc1ccc2c(CCNc3ccc(C(F)(F)F)cc3C(=O)O)c[nH]c2c1,5.368687362847648,False
CN1CCC(NC(=O)c2ccc(NSc3ncc(F)c(C#N)n3)cc2)CC1,3.166288205454457,True
CC(C)(C)NC(=O)c1ccc(-c2ccc(S(N)(=O)=O)cc2)cc1,2.9163334857316907,True
COc1ccccc1Nc1ccnc(Nc2ccc(OCS(N)(=O)=O)cn2)n1,3.0018795778645075,True
O=[N+]([O-])c1cccc(Nc2nccc(-c3cnn4ncccc34)n2)c1,3.0180528491065237,True
COC(=O)CN1CCc2nc(Nc3ncc(F)c(-c4cc(F)c5nc(C)n(C(C)C)c5c4)n3)ccc2C1,2.873038287249231,True
Cc1nnc2sc(Nc3nc(Nc4ccc(F)c(NC(=O)CN(C)C)c4)ncc3F)nn12,2.803899249259865,True
CC(=O)Nc1ccc(CNc2nc(S(=O)(=O)N(C)C)nc3c(C(C)C)cnn23)cc1,3.064935562128514,True
Cn1nc(C(N)=O)c2c1-c1nc(Nc3ccc(Sc4ccc(NSc5ccccc5)cc4)cc3)ncc1CC2,3.111991163226526,True
O=c1cc(Sc2ccccc2Cl)oc2c(C3CCNCC3)c(O)cc(O)c12,7.433414155016524,False
COc1cc(Nc2ncc(Br)c(O[C@H](C)[C@H](C)O)n2)ccc1S(C)(=N)=O,2.988225895075542,True
COc1ccc(-c2ocnc2C(=O)NCc2ccncc2)cc1F,3.126433111390677,True
CS(=O)(=O)NC(=O)Cc1ccc(-c2ccccc2)cc1,4.964600386738093,False
O=C1Nc2ccc(F)c3c(S[C@H]4CCNC4)cc(-c4ccc[nH]4)c1c23,3.861912738527373,False
C[C@H]([C@@H](C)O)S(=O)(=O)c1ccc(Nc2ncc(C(F)(F)F)c(O[C@@H](C)O)n2)cc1,4.231784611721158,False
CC(C)c1cnn2c(NCc3ccccc3)cc(N[C@@H](CO)[C@H](O)CO)nc12,3.114231205289681,True
Cc1ccccc1NC(=O)NCC(=O)Nc1ccccc1,2.8907819011471614,True
CC(C)=Cc1cccc2[nH]c(O)c(N=Nc3ccc(Cc4ccc(-c5ccc(S(N)(=O)=O)cc5)cc4)cc3)c12,5.962001341831454,False
COc1c[nH]c(CN=Cc2c(=O)[nH]c(O)c3ccc(I)cc23)cc1=O,2.7731382944238487,True
CN(C)C(=O)c1ccc(Nc2cc3c(cn2)cc(C(=O)N(C)C)n3C(=O)N2C[C@H](O)[C@@H](O)C2)c(Cl)c1,3.5792756250392355,False
N#Cc1ccc(Nc2nccc(-c3cnn4ncccc34)n2)cc1,2.9018797356196515,True
Cc1ccc(N2CCc3cnc(NCC4CC4)nc3C2)cc1Cl,3.4256033045289995,True
CC(C)(O)CSc1nc(Nc2ccc(S(C)(=N)=O)cc2)ncc1Br,2.892998617351905,True
O=C1Nc2cc3c(O)cccc3c3c4c(cc1c23)OCO4,2.9826466435030508,True
CC(=O)CCc1ccc(-c2ccc(S(N)(=O)=O)cc2)cc1,4.881991909046966,False
Cc1c(N[C@H]2CCCNC2)nc2ccnn2c1N[C@H]1CC[C@H](N)CC1,2.9623870442600864,True
CCC(CC)n1c(C)nc2c(F)cc(-c3nc(Nc4ccc5c(n4)CCN(CCN(C)C)C5)ncc3F)cc21,3.1072888504289478,True
CN(C)S(=O)(=O)c1ccc(N=Cc2c(O)[nH]c3ccc4ncsc4c23)cc1,2.7329094386752026,True
O=C(O)c1cc(C(F)(F)F)ccc1NCCc1c[nH]c2ccccc12,5.556953391922591,False
CCC(=O)Nc1ccc(C2=CCN(S(C)(=O)=O)CC2)cc1,5.113806116778383,False
Cc1ncc(-c2ccnc(NC(C)C)n2)n1C1CCN(C)CC1,3.0347352438062822,True
NS(=O)(=O)c1ccc(Nc2ccc(C3CC3)cc2)cc1,6.9670948751972634,False
O=C(Cc1cccc2c1OCCC2)NCc1cccc(Cl)c1,3.883099921454512,False
O=C(Nc1ccc(CN2CCCCC2)cn1)c1ccccc1F,3.402990596519478,True
Cc1ncc(OS(=O)(=O)c2ccc(Nc3nccc(-c4cnc(C)n4C(C)C)n3)cc2)n1OS(=O)(=O)C(C)C,3.022883060920486,True
C=C(C=CCCC(=O)c1ccc(CC(=O)Nc2[nH]nc3ccc(N4CCCS4(=O)=O)cc23)cc1)C(C)C,3.114257696466374,True
C[C@@H](NC(=O)N1CCc2cnc(Nc3cnn(C)c3)nc2C1)c1ccc(Cl)c(Cl)c1,4.150371790574917,False
NS(=O)(=O)c1ccc(N=Nc2ccc(Nc3cc(-c4cccc(O)c4)[nH]n3)cc2)cc1,2.971214229906692,True
CC(=O)Nc1ccc(CNc2nc(N=C3CCN(C)CC3)nc3c(C(C)C)cnn23)cc1,3.235832350416197,True
CC(C)Cc1ccc(-c2ccc(S(N)(=O)=O)cc2)nc1,6.837264218969458,False
CC(=O)c1c(C)c2cnc(Nc3ccc(CN(C)C)cn3)nc2n(C2CCCC2)c1=O,3.1795380167565246,True
CC(=Nc1ccc(S(N)(=O)=O)cc1)N=C(c1ccc([S+](N)[O-])cc1)c1c(O)[nH]c2ccc(-c3cnco3)cc12,2.9120690239072307,True
CN(CCc1ccc(N2CCNCC2)cc1)C(=O)OC(C)(C)C,4.959674686912448,False
O=C(Nc1ccccc1)c1cccc(CN2CCCCC2)n1,4.022857317877437,False
CC(C)Nc1ccc(Oc2ccc(S(N)(=O)=O)cc2)cc1,3.1422087772775362,True
CCOc1ccccc1Nc1ccc(N2CCOCOC2)c(C)c1,3.1220176168625318,True
C[C@@H](O)C(Oc1nc(Nc2ccc(S(=N)(=O)C3CC3)cc2)ncc1C(F)(F)F)C(F)(F)F,2.882784417884905,True
CC[C@@H](CO)Nc1nc(NCc2ccc(NC(C)=O)cc2)n2ncc(C(C)C)c2n1,3.9324742847220233,False
Cc1nn(C2CCNCC2)c(C)c1Nc1ncc(Cl)c(-c2ccc[nH]2)n1,3.1551167965702964,True
CCc1ccc(C(=O)NCC(=O)Nc2ccccc2)cc1,3.106346085033021,True
Cc1ncc(-c2nc(NC(=O)NC(C)C)ncc2F)n1C(C)C,3.1416206009001235,True
O=C(Cc1cccc(Cl)c1)C(=O)Nc1[nH]nc2ccc(N3CCCS3(=O)=O)cc12,3.072821992891885,True
COc1ccc2[nH]nc(C(=O)NCC3CCN(CCc4ccc(O)cc4)CC3)c2c1,4.30525132831987,False
O=C(Nc1ccc(N2CCOCC2)cc1)c1ccccc1F,4.146676500524246,False
CC1CCN(c2cn(C)c3ccc(C(=O)O)cc23)CC1,4.087348896289626,False
Cc1ncc(-c2ccnc(Sc3ccnc(Nc4ccc(C(N)=O)cc4)n3)n2)n1C(C)C,2.9476122540117173,True
O=c1[nH]c(O)c(C=Nc2ccc(CN3CCCCC3)cc2)c2ccccc12,4.427800695604986,False
O=C(Nc1ccc(Nc2cccc(CN3CCOCC3)c2)cn1)c1c(O)cccc1Cl,2.9485360774458886,True
CC(C)Cc1ccc(C(=O)Nc2ccc(S(N)(=O)=O)cc2)cc1,6.517125823551352,False
CON=CNC(=O)c1ccc2[nH]c(O)c(C=Nc3ccc(S(N)(=O)=O)cc3)c2c1,2.791104440897911,True
C[C@@H](Nc1nc(Nc2ccc(S(=N)(=O)CC3CC3)cc2)ncc1Br)C(C)(C)O,3.2001728078339835,True
