arm,seed,generation,n_generated,median_size_pctile,best_pred_real,median_pred_real,median_pred_scrambled,median_max_tanimoto,median_qed,median_sa,median_heavy_atoms,median_fitness,median_followed_pred
activity_only,42,0,100,100.0,8.4666,6.66064,6.59201,1.0,0.51425,2.83206,30.0,0.53213,6.66064
activity_only,42,1,49,8.4507,8.46977,7.17413,6.66648,0.59677,0.37704,3.18509,31.0,0.63483,7.17413
activity_only,42,2,63,11.00164,8.46977,7.41321,6.60682,0.60345,0.43568,3.15322,30.0,0.68264,7.41321
activity_only,42,3,71,10.51805,8.46977,7.588,6.58576,0.61538,0.42933,3.19469,31.0,0.7176,7.588
activity_only,42,4,75,8.29268,8.46977,7.71049,6.56789,0.59016,0.40504,3.21914,31.0,0.7421,7.71049
activity_only,42,5,78,7.756175,8.46977,7.832649999999999,6.5797,0.5892,0.37921,3.16878,31.5,0.76653,7.832649999999999
activity_only,42,6,83,8.71022,8.52627,7.97475,6.5663,0.61111,0.408,3.17877,32.0,0.79495,7.97475
activity_only,42,7,85,10.51805,8.52627,8.03816,6.59046,0.64912,0.39673,3.09121,31.0,0.80763,8.03816
activity_only,42,8,88,15.118075000000001,8.52627,8.10876,6.613020000000001,0.6668499999999999,0.40573000000000004,3.086075,32.0,0.82175,8.10876
activity_only,42,9,91,17.87234,8.52627,8.1328,6.64359,0.68966,0.43021,3.02163,31.0,0.82656,8.1328
activity_only,42,10,91,18.8383,8.52627,8.17083,6.66146,0.70968,0.42117,3.01576,32.0,0.83417,8.17083
activity_only,42,11,92,17.319915,8.52627,8.20926,6.663024999999999,0.68966,0.39568499999999995,3.0169449999999998,32.5,0.84185,8.20926
activity_only,42,12,95,17.94425,8.52627,8.22937,6.66459,0.70909,0.39535,3.03516,32.0,0.84587,8.22937
activity_only,42,13,95,18.55956,8.52627,8.24675,6.66146,0.70968,0.40301,3.03516,32.0,0.84935,8.24675
activity_only,42,14,95,19.72318,8.59664,8.27682,6.66467,0.71154,0.39602,3.03319,32.0,0.85536,8.27682
activity_only,42,15,95,19.72318,8.59664,8.32194,6.64231,0.70968,0.41191,3.05854,33.0,0.86439,8.32194
activity_only,42,16,95,20.44025,8.63242,8.36634,6.63959,0.71429,0.4326,3.03319,33.0,0.87327,8.36634
activity_only,42,17,97,20.44025,8.63242,8.40471,6.61231,0.71429,0.4192,3.03319,33.0,0.88094,8.40471
activity_only,42,18,98,20.43289,8.63242,8.41543,6.605195,0.71429,0.41237,3.06228,33.0,0.883085,8.41543
activity_only,42,19,99,17.42543,8.63242,8.41867,6.57765,0.69643,0.41191,3.065,33.0,0.88373,8.41867
activity_only,42,20,99,15.60976,8.63242,8.44018,6.57365,0.68421,0.40262,3.05956,33.0,0.88804,8.44018
activity_only,42,21,99,16.89751,8.63242,8.45241,6.5506,0.69643,0.41283,3.05854,33.0,0.89048,8.45241
activity_only,42,22,99,16.80851,8.63242,8.46412,6.5096,0.69841,0.40262,3.05956,33.0,0.89282,8.46412
activity_only,42,23,99,17.42543,8.63242,8.48233,6.47565,0.71429,0.38586,2.9964,34.0,0.89647,8.48233
activity_only,42,24,99,17.89819,8.6541,8.50226,6.4755,0.72131,0.36768,2.95611,34.0,0.90045,8.50226
activity_only,42,25,99,17.16738,8.6541,8.50847,6.45699,0.72727,0.33657,2.97297,34.0,0.90169,8.50847
activity_only,42,26,99,17.89639,8.6541,8.51457,6.45976,0.72131,0.31945,2.9964,34.0,0.90291,8.51457
activity_only,42,27,100,15.8209,8.6541,8.51718,6.458375,0.711985,0.30013,3.0437849999999997,35.0,0.903435,8.51718
activity_only,42,28,100,16.453035,8.6541,8.520445,6.452275,0.71429,0.29893000000000003,3.0050850000000002,35.0,0.9040900000000001,8.520445
activity_only,42,29,100,16.453035,8.6541,8.52389,6.45366,0.71429,0.30130999999999997,3.0250000000000004,35.0,0.90478,8.52389
activity_only,42,30,100,17.022935,8.6541,8.525220000000001,6.45366,0.71429,0.31628,3.07271,35.0,0.905045,8.525220000000001
activity_only,42,31,100,15.959230000000002,8.6541,8.526544999999999,6.43635,0.711985,0.310515,3.08859,35.0,0.90531,8.526544999999999
activity_only,42,32,100,17.157870000000003,8.6541,8.52693,6.4330549999999995,0.71429,0.3367,3.09584,34.5,0.905385,8.52693
activity_only,42,33,100,17.25421,8.6541,8.52862,6.427155,0.71429,0.35448,3.102415,34.0,0.905725,8.52862
activity_only,42,34,100,17.157870000000003,8.6541,8.531355,6.41139,0.71652,0.32807,3.0697150000000004,34.0,0.90627,8.531355
activity_only,42,35,100,15.959230000000002,8.6541,8.536370000000002,6.41557,0.71429,0.31628,3.07409,35.0,0.907275,8.536370000000002
activity_only,42,36,100,15.71533,8.6541,8.53933,6.4297,0.70968,0.30279999999999996,3.07409,35.0,0.9078649999999999,8.53933
activity_only,42,37,100,15.1456,8.6541,8.54807,6.434615,0.70968,0.30279999999999996,3.1416649999999997,35.0,0.9096150000000001,8.54807
activity_only,42,38,100,14.491254999999999,8.6541,8.553855,6.41872,0.7008749999999999,0.309125,3.128845,35.0,0.91077,8.553855
activity_only,42,39,100,13.90244,8.6541,8.56035,6.407565,0.69841,0.309125,3.1412899999999997,35.0,0.9120699999999999,8.56035
activity_only,42,40,100,13.866115,8.6541,8.569855,6.40155,0.69841,0.30279999999999996,3.1412899999999997,35.0,0.91397,8.569855
activity_only,42,41,100,13.866115,8.6541,8.57489,6.38808,0.69536,0.30279999999999996,3.16681,35.0,0.9149750000000001,8.57489
activity_only,42,42,100,13.723405,8.6541,8.579665,6.3952,0.69841,0.292895,3.16681,35.0,0.9159299999999999,8.579665
activity_only,42,43,100,13.35256,8.6541,8.581430000000001,6.389705,0.69841,0.28166500000000005,3.17617,35.0,0.916285,8.581430000000001
activity_only,42,44,100,12.74238,8.6541,8.583355000000001,6.3952,0.69841,0.272795,3.20237,35.0,0.91667,8.583355000000001
activity_only,42,45,100,12.74238,8.6541,8.589245,6.4110949999999995,0.6942550000000001,0.266825,3.19764,35.5,0.91785,8.589245
activity_only,42,46,100,12.06721,8.6541,8.59067,6.42104,0.6875,0.260895,3.211415,36.0,0.91813,8.59067
activity_only,42,47,100,12.06721,8.66514,8.59404,6.3940850000000005,0.6875,0.264085,3.2334899999999998,36.0,0.91881,8.59404
activity_only,42,48,100,11.416319999999999,8.66514,8.59527,6.4007950000000005,0.6875,0.259505,3.22057,36.0,0.91905,8.59527
activity_only,42,49,100,11.037495,8.66514,8.596025000000001,6.42247,0.6875,0.260895,3.251205,36.0,0.919205,8.596025000000001
activity_only,42,50,100,11.416319999999999,8.66514,8.596025000000001,6.42247,0.6875,0.26355,3.22057,35.5,0.919205,8.596025000000001
activity_only,43,0,100,100.0,8.56234,6.514155,6.699425,1.0,0.53384,2.744945,29.0,0.50283,6.514155
activity_only,43,1,50,7.00858,7.68072,6.9253,6.613759999999999,0.5224500000000001,0.44725000000000004,2.906495,31.0,0.5850599999999999,6.9253
activity_only,43,2,63,6.43777,8.44299,7.23196,6.51991,0.51807,0.37236,3.23921,32.0,0.64639,7.23196
activity_only,43,3,74,6.44469,8.44299,7.437685,6.56883,0.5,0.446615,3.18567,32.0,0.68754,7.437685
activity_only,43,4,81,6.79443,8.44299,7.56719,6.61187,0.50633,0.48576,3.12823,29.0,0.71344,7.56719
activity_only,43,5,85,7.83972,8.44299,7.64949,6.60438,0.53448,0.45835,3.14291,30.0,0.7299,7.64949
activity_only,43,6,88,7.95279,8.44299,7.71455,6.6173649999999995,0.53798,0.47984,3.131665,29.0,0.74291,7.71455
activity_only,43,7,89,8.03324,8.44299,7.79758,6.62535,0.55128,0.46273,3.17553,29.0,0.75952,7.79758
activity_only,43,8,89,9.41828,8.44299,7.91169,6.65623,0.58621,0.41847,3.10959,31.0,0.78234,7.91169
activity_only,43,9,89,9.97442,8.44299,7.96764,6.66928,0.61404,0.42365,3.04109,32.0,0.79353,7.96764
activity_only,43,10,91,9.41828,8.44299,8.03772,6.67316,0.63636,0.39637,3.03244,34.0,0.80754,8.03772
activity_only,43,11,91,14.71049,8.44299,8.0801,6.71019,0.67241,0.39008,2.99868,33.0,0.81602,8.0801
activity_only,43,12,91,14.39024,8.44299,8.08931,6.71357,0.66129,0.39008,2.99868,33.0,0.81786,8.08931
activity_only,43,13,91,16.18497,8.44299,8.10253,6.7409,0.68966,0.39637,2.99868,33.0,0.82051,8.10253
activity_only,43,14,94,17.505705,8.44299,8.13503,6.7738949999999996,0.702765,0.393225,2.9716050000000003,32.0,0.827005,8.13503
activity_only,43,15,94,17.77003,8.44299,8.16657,6.774369999999999,0.70922,0.406565,2.951705,32.0,0.83331,8.16657
activity_only,43,16,95,17.77003,8.44299,8.17349,6.77621,0.71154,0.39008,2.91721,32.0,0.8347,8.17349
activity_only,43,17,95,17.77003,8.44299,8.19198,6.76399,0.71154,0.41075,2.92332,32.0,0.8384,8.19198
activity_only,43,18,97,20.59701,8.44299,8.19672,6.77158,0.71154,0.3713,2.93474,32.0,0.83934,8.19672
activity_only,43,19,97,20.81377,8.44299,8.2013,6.7784,0.72308,0.36993,2.90882,32.0,0.84026,8.2013
activity_only,43,20,97,21.06918,8.44299,8.2035,6.77929,0.72414,0.37165,2.90882,32.0,0.8407,8.2035
activity_only,43,21,98,20.51045,8.44299,8.20842,6.7788450000000005,0.7191449999999999,0.371405,2.9298900000000003,32.0,0.84168,8.20842
activity_only,43,22,98,20.310465,8.50158,8.212015,6.7853449999999995,0.72361,0.371405,2.935505,32.0,0.8424,8.212015
activity_only,43,23,98,21.087355000000002,8.50158,8.217205,6.793975,0.72549,0.372325,2.939625,32.0,0.84344,8.217205
activity_only,43,24,98,19.37155,8.50158,8.222885,6.79231,0.72549,0.368285,2.95217,32.0,0.844575,8.222885
activity_only,43,25,98,17.28927,8.50158,8.22733,6.79231,0.724815,0.356575,2.9553900000000004,32.5,0.8454649999999999,8.22733
activity_only,43,26,98,16.338255,8.50158,8.23254,6.79231,0.7221949999999999,0.356575,2.9483550000000003,32.0,0.84651,8.23254
activity_only,43,27,98,17.430945,8.50158,8.241534999999999,6.791485,0.724815,0.371405,2.94193,32.0,0.84831,8.241534999999999
activity_only,43,28,98,17.011454999999998,8.50158,8.247685,6.78367,0.72095,0.368285,2.935505,32.0,0.84954,8.247685
activity_only,43,29,98,18.153365,8.50158,8.250875,6.7539750000000005,0.72361,0.368285,2.941165,32.0,0.850175,8.250875
activity_only,43,30,98,19.57547,8.50158,8.277275,6.75111,0.7221949999999999,0.37903,2.92962,32.0,0.855455,8.277275
activity_only,43,31,98,19.767249999999997,8.50158,8.28648,6.77564,0.72095,0.366615,2.9127,32.0,0.8573,8.28648
activity_only,43,32,98,19.638205,8.50158,8.29042,6.75111,0.71548,0.35175500000000004,2.9127,33.0,0.85808,8.29042
activity_only,43,33,98,19.68818,8.50158,8.29515,6.75054,0.71863,0.34633,2.894785,33.0,0.85903,8.29515
activity_only,43,34,98,20.117604999999998,8.50158,8.306965,6.75225,0.71863,0.35586,2.8867000000000003,32.0,0.861395,8.306965
activity_only,43,35,98,19.68818,8.50158,8.308255,6.789955000000001,0.71863,0.34633,2.879815,33.0,0.86165,8.308255
activity_only,43,36,98,19.68818,8.50158,8.309325000000001,6.858915,0.72095,0.344355,2.843525,33.0,0.8618650000000001,8.309325000000001
activity_only,43,37,98,19.68818,8.50158,8.313275,6.873055,0.71863,0.344355,2.82668,33.0,0.862655,8.313275
activity_only,43,38,98,20.073535,8.50158,8.317464999999999,6.8655100000000004,0.72095,0.31623,2.842155,33.0,0.863495,8.317464999999999
activity_only,43,39,98,20.073535,8.50158,8.318915,6.858915,0.72095,0.3317,2.82668,33.0,0.863785,8.318915
activity_only,43,40,98,19.68818,8.50158,8.32035,6.868855,0.71863,0.30845500000000003,2.85514,33.0,0.86407,8.32035
activity_only,43,41,98,19.638205,8.50158,8.320815,6.884195,0.710595,0.32340500000000005,2.86266,33.0,0.8641650000000001,8.320815
activity_only,43,42,98,19.638205,8.50158,8.321069999999999,6.873055,0.71548,0.344355,2.8905700000000003,33.0,0.864215,8.321069999999999
activity_only,43,43,98,20.6253,8.50158,8.325785,6.876575,0.7177100000000001,0.357035,2.89403,33.0,0.8651599999999999,8.325785
activity_only,43,44,98,19.68818,8.50158,8.327425,6.856425,0.7177100000000001,0.34916,2.922355,33.0,0.8654850000000001,8.327425
activity_only,43,45,98,20.840285,8.50158,8.329965,6.873225,0.7177100000000001,0.344355,2.909795,33.0,0.865995,8.329965
activity_only,43,46,98,21.209629999999997,8.50158,8.331595,6.894595000000001,0.7223649999999999,0.335085,2.897455,33.0,0.86632,8.331595
activity_only,43,47,98,22.196134999999998,8.50158,8.33272,6.910495,0.7249749999999999,0.335085,2.86129,33.0,0.866545,8.33272
activity_only,43,48,98,21.46502,8.50158,8.33979,6.90437,0.72414,0.30845500000000003,2.842155,33.0,0.867955,8.33979
activity_only,43,49,98,21.46502,8.50158,8.343805,6.90437,0.72414,0.301195,2.88082,34.0,0.868765,8.343805
activity_only,43,50,98,21.709519999999998,8.50158,8.344775,6.90437,0.7249749999999999,0.30347,2.86129,33.5,0.8689549999999999,8.344775
activity_only,44,0,100,100.0,8.88689,6.5950500000000005,6.802695,1.0,0.5159549999999999,2.964695,29.0,0.51901,6.5950500000000005
activity_only,44,1,49,8.01394,8.32577,6.96642,6.64096,0.52564,0.44361,3.20059,30.0,0.59328,6.96642
activity_only,44,2,64,8.406945,8.39452,7.37887,6.52845,0.55393,0.443615,3.219755,29.0,0.67577,7.37887
activity_only,44,3,71,8.30325,8.39452,7.51541,6.60815,0.5679,0.43044,3.21493,29.0,0.70308,7.51541
activity_only,44,4,79,7.51445,8.39452,7.68176,6.57711,0.59211,0.40546,3.33062,30.0,0.73635,7.68176
activity_only,44,5,82,7.90885,8.39452,7.809279999999999,6.492245,0.59365,0.346785,3.38081,30.0,0.76186,7.809279999999999
activity_only,44,6,82,8.907990000000002,8.39452,7.82763,6.496335,0.601585,0.33703,3.3952799999999996,30.0,0.765525,7.82763
activity_only,44,7,83,7.79014,8.39452,7.95507,6.49653,0.58904,0.32028,3.41533,32.0,0.79101,7.95507
activity_only,44,8,85,7.44681,8.41756,7.99654,6.55638,0.58491,0.32356,3.43664,32.0,0.79931,7.99654
activity_only,44,9,85,7.80488,8.45998,8.03139,6.56066,0.58904,0.32028,3.50532,32.0,0.80628,8.03139
activity_only,44,10,87,7.80488,8.45998,8.04008,6.56066,0.59259,0.30889,3.51384,33.0,0.80802,8.04008
activity_only,44,11,88,7.93229,8.45998,8.053785,6.60337,0.59175,0.32979,3.588835,32.5,0.810755,8.053785
activity_only,44,12,88,9.48094,8.45998,8.140915,6.661025,0.59207,0.340415,3.39941,32.0,0.828185,8.140915
activity_only,44,13,90,9.20578,8.45998,8.159725,6.661025,0.59123,0.350655,3.427245,32.0,0.8319449999999999,8.159725
activity_only,44,14,90,13.5774,8.45998,8.20941,6.733905,0.6401,0.356465,3.40877,32.0,0.841885,8.20941
activity_only,44,15,91,12.83255,8.45998,8.23308,6.75794,0.63636,0.3625,3.32951,32.0,0.84662,8.23308
activity_only,44,16,91,12.71777,8.59132,8.26098,6.79876,0.63636,0.33955,3.33496,32.0,0.8522,8.26098
activity_only,44,17,91,11.77394,8.59132,8.28304,6.76887,0.64516,0.33955,3.25283,33.0,0.85661,8.28304
activity_only,44,18,91,12.71777,8.59132,8.29158,6.76492,0.65079,0.35522,3.26569,32.0,0.85832,8.29158
activity_only,44,19,91,12.83255,8.59132,8.30874,6.76887,0.65079,0.36614,3.30428,32.0,0.86175,8.30874
activity_only,44,20,92,13.25479,8.59132,8.320025000000001,6.714779999999999,0.65193,0.35987499999999994,3.38631,33.0,0.864005,8.320025000000001
activity_only,44,21,92,14.78834,8.59494,8.35769,6.69644,0.6587700000000001,0.364105,3.3369999999999997,33.0,0.87154,8.35769
activity_only,44,22,94,15.181915,8.59494,8.37359,6.7368500000000004,0.67742,0.3674,3.29651,32.5,0.8747199999999999,8.37359
activity_only,44,23,94,15.739265,8.59494,8.386665,6.704705000000001,0.6717949999999999,0.36643000000000003,3.2938099999999997,32.0,0.877335,8.386665
activity_only,44,24,94,14.34983,8.59494,8.391224999999999,6.64103,0.674175,0.36756500000000003,3.26411,32.0,0.8782449999999999,8.391224999999999
activity_only,44,25,94,15.955445000000001,8.59494,8.395515,6.62645,0.67717,0.36524500000000004,3.2938099999999997,32.0,0.8791,8.395515
activity_only,44,26,94,16.19188,8.59494,8.395515,6.62645,0.67742,0.36524500000000004,3.270225,32.0,0.8791,8.395515
activity_only,44,27,94,16.35142,8.60132,8.397635000000001,6.62645,0.67929,0.35804,3.3249649999999997,32.0,0.879525,8.397635000000001
activity_only,44,28,94,15.027725,8.62043,8.401734999999999,6.6166350000000005,0.68484,0.33807,3.3758150000000002,33.0,0.8803449999999999,8.401734999999999
activity_only,44,29,94,14.63415,8.62043,8.405370000000001,6.61547,0.682685,0.33704,3.3715349999999997,33.0,0.881075,8.405370000000001
activity_only,44,30,94,13.747275,8.62043,8.409435,6.588885,0.67929,0.329845,3.3249649999999997,33.0,0.8818900000000001,8.409435
activity_only,44,31,94,13.15026,8.62043,8.413545,6.59377,0.67717,0.336775,3.3249649999999997,33.0,0.88271,8.413545
activity_only,44,32,94,14.332,8.62043,8.417729999999999,6.57507,0.68116,0.33704,3.3003400000000003,33.0,0.883545,8.417729999999999
activity_only,44,33,94,13.404250000000001,8.62043,8.424,6.564405000000001,0.66954,0.33704,3.24647,33.0,0.8848,8.424
activity_only,44,34,94,14.332,8.62043,8.42795,6.57082,0.67717,0.339275,3.213105,33.0,0.88559,8.42795
activity_only,44,35,94,13.404250000000001,8.62043,8.435315,6.57082,0.66954,0.33292999999999995,3.2868399999999998,33.0,0.887065,8.435315
activity_only,44,36,94,12.821850000000001,8.62043,8.43895,6.55881,0.66954,0.326675,3.2868399999999998,34.0,0.88779,8.43895
activity_only,44,37,94,12.43902,8.62043,8.443719999999999,6.57082,0.66667,0.32323999999999997,3.30464,34.0,0.888745,8.443719999999999
activity_only,44,38,94,11.98686,8.62043,8.44525,6.535164999999999,0.65625,0.318445,3.3722250000000003,34.5,0.8890499999999999,8.44525
activity_only,44,39,94,11.31351,8.62043,8.446275,6.537839999999999,0.655995,0.31156,3.38589,35.0,0.889255,8.446275
activity_only,44,40,94,12.087615,8.62043,8.45623,6.56794,0.6614599999999999,0.318445,3.382515,34.0,0.8912450000000001,8.45623
activity_only,44,41,94,11.644919999999999,8.62043,8.460265,6.545945,0.65625,0.31428500000000004,3.42192,34.0,0.892055,8.460265
activity_only,44,42,94,11.226405,8.62043,8.460945,6.555565,0.65625,0.31156,3.43566,34.5,0.89219,8.460945
activity_only,44,43,94,11.644919999999999,8.62043,8.46264,6.566625,0.6614599999999999,0.31156,3.45932,34.0,0.89253,8.46264
activity_only,44,44,94,11.226405,8.62043,8.46441,6.567745,0.6614599999999999,0.310785,3.48548,34.0,0.89288,8.46441
activity_only,44,45,94,11.226405,8.62043,8.46921,6.566845,0.65625,0.30866,3.5375,34.5,0.89384,8.46921
activity_only,44,46,94,11.017344999999999,8.6402,8.472165,6.566845,0.66667,0.30866,3.5084049999999998,34.5,0.894435,8.472165
activity_only,44,47,94,11.91508,8.6402,8.484975,6.575385000000001,0.66667,0.30464,3.54684,35.0,0.896995,8.484975
activity_only,44,48,95,11.56069,8.6402,8.49159,6.56858,0.66667,0.31095,3.54103,35.0,0.89832,8.49159
activity_only,44,49,95,11.64179,8.64657,8.49181,6.57643,0.66667,0.30966,3.54103,35.0,0.89836,8.49181
activity_only,44,50,95,11.64179,8.64657,8.49897,6.57643,0.66667,0.30766,3.53397,35.0,0.89979,8.49897
activity_only,45,0,100,100.0,8.50158,6.71856,6.6071100000000005,1.0,0.493815,2.916545,30.0,0.543715,6.71856
activity_only,45,1,50,12.101865,8.23213,7.03374,6.65978,0.59073,0.43666,3.31508,30.0,0.6067499999999999,7.03374
activity_only,45,2,60,9.50999,8.32809,7.458865,6.555715,0.6076900000000001,0.44073,3.274965,31.0,0.69177,7.458865
activity_only,45,3,69,11.32404,8.32809,7.62393,6.61098,0.63462,0.40622,3.50422,30.0,0.72479,7.62393
activity_only,45,4,77,9.34256,8.32809,7.70966,6.58335,0.6,0.40842,3.55804,30.0,0.74193,7.70966
activity_only,45,5,80,9.402715,8.32809,7.832025,6.5847750000000005,0.60303,0.405975,3.5615550000000002,30.0,0.766405,7.832025
activity_only,45,6,82,10.765835,8.37085,7.90877,6.5847750000000005,0.63503,0.401695,3.41991,30.0,0.781755,7.90877
activity_only,45,7,84,12.922225000000001,8.43071,8.015135,6.63638,0.6612800000000001,0.38447,3.301145,31.0,0.803025,8.015135
activity_only,45,8,86,12.459305,8.43071,8.076360000000001,6.57801,0.664105,0.37593,3.224785,31.5,0.8152699999999999,8.076360000000001
activity_only,45,9,87,12.80788,8.43071,8.14277,6.55317,0.66234,0.34616,3.21711,32.0,0.82855,8.14277
activity_only,45,10,87,12.43902,8.43071,8.18464,6.6162,0.66667,0.35242,3.10005,32.0,0.83693,8.18464
activity_only,45,11,88,13.05798,8.43071,8.208365,6.63236,0.6697,0.36375,3.046555,33.0,0.841675,8.208365
activity_only,45,12,91,15.22158,8.45051,8.23158,6.5939,0.67692,0.34174,3.05311,33.0,0.84632,8.23158
activity_only,45,13,91,17.89819,8.45051,8.25693,6.6162,0.69565,0.34174,3.03267,33.0,0.85139,8.25693
activity_only,45,14,91,19.56182,8.45051,8.2757,6.5443,0.7069,0.34174,3.07507,33.0,0.85514,8.2757
activity_only,45,15,91,16.80851,8.45051,8.28239,6.50565,0.69565,0.31753,3.12369,34.0,0.85648,8.28239
activity_only,45,16,91,16.55052,8.5289,8.30271,6.47793,0.7069,0.33423,3.12369,34.0,0.86054,8.30271
activity_only,45,17,91,16.55052,8.5289,8.30409,6.46222,0.70769,0.33423,3.10623,34.0,0.86082,8.30409
activity_only,45,18,92,17.05575,8.5289,8.305985,6.455945,0.7083900000000001,0.31633500000000003,3.11496,34.0,0.8612,8.305985
activity_only,45,19,92,16.464084999999997,8.5289,8.3165,6.40859,0.707295,0.326695,3.132065,34.0,0.8633,8.3165
activity_only,45,20,92,16.464084999999997,8.54206,8.325415,6.336495,0.707295,0.326695,3.160555,34.5,0.865085,8.325415
activity_only,45,21,92,16.320315,8.54206,8.328215,6.31715,0.70421,0.330665,3.177575,34.5,0.865645,8.328215
activity_only,45,22,94,16.320315,8.62131,8.34178,6.31715,0.6987,0.309355,3.16927,35.0,0.868355,8.34178
activity_only,45,23,94,15.93637,8.62131,8.360005000000001,6.38846,0.691815,0.31659000000000004,3.124615,35.0,0.872,8.360005000000001
activity_only,45,24,94,16.501235,8.62131,8.366085,6.42639,0.706275,0.33119,3.10805,34.5,0.87322,8.366085
activity_only,45,25,94,16.013835,8.62131,8.384215000000001,6.46752,0.705055,0.33119,3.10805,34.0,0.87684,8.384215000000001
activity_only,45,26,94,15.487805,8.62131,8.395945000000001,6.500605,0.706275,0.330375,3.091275,35.0,0.87919,8.395945000000001
activity_only,45,27,94,15.487805,8.62131,8.408875,6.500605,0.70299,0.333735,3.081065,34.0,0.881775,8.408875
activity_only,45,28,94,16.30144,8.62131,8.419075,6.48935,0.70175,0.36133499999999996,3.0753000000000004,33.5,0.883815,8.419075
activity_only,45,29,95,16.18497,8.62131,8.42678,6.47832,0.69841,0.36188,3.10071,34.0,0.88536,8.42678
activity_only,45,30,96,15.897365,8.62131,8.43131,6.47647,0.694275,0.348055,3.0753000000000004,34.0,0.88626,8.43131
activity_only,45,31,96,16.28064,8.62131,8.452555,6.474235,0.69789,0.353045,3.073925,34.0,0.89051,8.452555
activity_only,45,32,96,15.763359999999999,8.62131,8.465724999999999,6.466060000000001,0.69852,0.35561,3.10448,34.0,0.893145,8.465724999999999
activity_only,45,33,96,16.397109999999998,8.62131,8.48008,6.45866,0.7093849999999999,0.34909,3.106,34.0,0.89602,8.48008
activity_only,45,34,96,16.050964999999998,8.62131,8.493295,6.4419,0.70829,0.348,3.112875,35.0,0.89866,8.493295
activity_only,45,35,98,15.763359999999999,8.65042,8.518125000000001,6.437695,0.713205,0.348,3.16003,34.5,0.903625,8.518125000000001
activity_only,45,36,98,16.050964999999998,8.65042,8.526555,6.44326,0.713205,0.34282,3.141985,34.5,0.9053100000000001,8.526555
activity_only,45,37,99,15.85366,8.65042,8.53538,6.45638,0.72,0.32026,3.16897,35.0,0.90708,8.53538
activity_only,45,38,99,16.71642,8.65042,8.54421,6.46478,0.72857,0.31587,3.16897,35.0,0.90884,8.54421
activity_only,45,39,100,16.807685,8.65042,8.547015,6.462339999999999,0.72857,0.307175,3.15929,35.0,0.9094,8.547015
activity_only,45,40,100,15.73171,8.65042,8.55619,6.461684999999999,0.717265,0.309945,3.21801,35.0,0.911235,8.55619
activity_only,45,41,100,15.85366,8.65042,8.56109,6.461415,0.71212,0.31642499999999996,3.23793,35.0,0.91222,8.56109
activity_only,45,42,100,16.050964999999998,8.66554,8.5646,6.461415,0.71212,0.32058,3.240455,34.5,0.91292,8.5646
activity_only,45,43,100,16.28064,8.66554,8.56654,6.461415,0.71212,0.32558,3.23793,34.5,0.9133100000000001,8.56654
activity_only,45,44,100,17.02128,8.66554,8.576419999999999,6.459825,0.71417,0.330115,3.20332,34.0,0.915285,8.576419999999999
activity_only,45,45,100,17.02128,8.66554,8.58526,6.45651,0.71417,0.330115,3.203455,34.0,0.91705,8.58526
activity_only,45,46,100,17.273735000000002,8.66554,8.587465,6.454175,0.717265,0.34228000000000003,3.18844,34.0,0.917495,8.587465
activity_only,45,47,100,16.89895,8.66554,8.59346,6.451280000000001,0.71212,0.345125,3.199775,34.0,0.918695,8.59346
activity_only,45,48,100,16.63763,8.66554,8.598685,6.4392700000000005,0.71212,0.345125,3.200875,34.0,0.91974,8.598685
activity_only,45,49,100,16.63763,8.66881,8.60203,6.44496,0.71212,0.34228000000000003,3.18839,34.0,0.9204049999999999,8.60203
activity_only,45,50,100,16.18497,8.66881,8.604635,6.4569399999999995,0.708175,0.34228000000000003,3.1942,34.0,0.920925,8.604635
activity_only,46,0,100,100.0,8.71457,6.490385,6.761205,1.0,0.5439350000000001,2.8631349999999998,28.0,0.49807999999999997,6.490385
activity_only,46,1,54,6.181675,8.41282,6.9887999999999995,6.581495,0.49960499999999997,0.444295,3.26096,27.5,0.5977600000000001,6.9887999999999995
activity_only,46,2,62,6.77697,8.41282,7.35228,6.492,0.519,0.44294,3.1056749999999997,30.0,0.670455,7.35228
activity_only,46,3,68,7.92854,8.43234,7.585305,6.47584,0.518565,0.42199,3.061815,30.0,0.71706,7.585305
activity_only,46,4,74,9.745965,8.47782,7.783405,6.57535,0.59273,0.343615,3.2359150000000003,31.0,0.75668,7.783405
activity_only,46,5,81,9.41915,8.47782,7.88603,6.55666,0.60317,0.33123,3.37065,31.0,0.77721,7.88603
activity_only,46,6,88,9.56462,8.47782,7.927635,6.56849,0.604215,0.32029,3.339515,31.5,0.785525,7.927635
activity_only,46,7,90,9.041505,8.47782,7.990745,6.5914850000000005,0.604215,0.308595,3.4705399999999997,31.0,0.79815,7.990745
activity_only,46,8,92,9.071275,8.47782,8.04998,6.630235,0.59092,0.31345,3.4366849999999998,32.0,0.809995,8.04998
activity_only,46,9,94,9.071275,8.47782,8.10501,6.6354500000000005,0.583975,0.333365,3.3209049999999998,32.0,0.821,8.10501
activity_only,46,10,94,9.43019,8.47782,8.12219,6.641385,0.5940650000000001,0.339935,3.3148400000000002,32.0,0.824435,8.12219
activity_only,46,11,95,10.21277,8.47782,8.14709,6.63862,0.60317,0.33123,3.26189,32.0,0.82942,8.14709
activity_only,46,12,95,10.01565,8.47782,8.18803,6.595,0.59722,0.3366,3.24801,32.0,0.83761,8.18803
activity_only,46,13,96,9.717400000000001,8.52115,8.20735,6.6038049999999995,0.59722,0.326535,3.20809,32.0,0.84147,8.20735
activity_only,46,14,96,10.147200000000002,8.52115,8.231265,6.599254999999999,0.604215,0.33460500000000004,3.153275,32.0,0.846255,8.231265
activity_only,46,15,96,11.353225,8.52115,8.28495,6.61703,0.638045,0.35767,3.14187,32.0,0.85699,8.28495
activity_only,46,16,96,11.79392,8.52779,8.304345000000001,6.59955,0.664505,0.326535,3.093305,32.0,0.86087,8.304345000000001
activity_only,46,17,96,14.356245000000001,8.52779,8.323450000000001,6.593859999999999,0.678235,0.34043500000000004,3.0849599999999997,32.0,0.86469,8.323450000000001
activity_only,46,18,96,14.25989,8.5288,8.34258,6.596995,0.67647,0.33442,3.090555,32.0,0.868515,8.34258
activity_only,46,19,96,14.356245000000001,8.5288,8.35159,6.6038049999999995,0.678235,0.34684499999999996,3.06898,32.0,0.87032,8.35159
activity_only,46,20,96,14.356245000000001,8.5288,8.39549,6.613875,0.676945,0.33852499999999996,3.0216450000000004,32.0,0.8791,8.39549
activity_only,46,21,96,16.189970000000002,8.55597,8.403655,6.61412,0.6875,0.36297999999999997,3.00174,32.0,0.88073,8.403655
activity_only,46,22,96,16.189970000000002,8.55597,8.411560000000001,6.58836,0.69643,0.36297999999999997,3.00174,32.0,0.882315,8.411560000000001
activity_only,46,23,96,16.019315,8.55597,8.41798,6.5745000000000005,0.696315,0.36772499999999997,3.06421,32.0,0.8836,8.41798
activity_only,46,24,96,16.2352,8.55597,8.426765,6.510529999999999,0.69643,0.372145,3.02845,32.0,0.885355,8.426765
activity_only,46,25,96,17.295855000000003,8.55597,8.435665,6.478925,0.6967,0.395575,3.02172,32.0,0.887135,8.435665
activity_only,46,26,96,17.474495,8.55597,8.454149999999998,6.45346,0.70175,0.3674,3.03669,33.0,0.89083,8.454149999999998
activity_only,46,27,96,16.995075,8.55597,8.461895,6.439925000000001,0.69697,0.34209500000000004,3.01159,33.0,0.89238,8.461895
activity_only,46,28,96,17.544185,8.55597,8.46952,6.435040000000001,0.70175,0.35055000000000003,3.04424,33.0,0.893905,8.46952
activity_only,46,29,96,16.2302,8.61048,8.477325,6.435040000000001,0.6967,0.32079,3.070055,34.0,0.895465,8.477325
activity_only,46,30,97,16.41791,8.61048,8.48748,6.43491,0.69697,0.31159,3.08739,34.0,0.8975,8.48748
activity_only,46,31,97,15.85366,8.61048,8.50572,6.40847,0.70175,0.31159,3.14633,34.0,0.90114,8.50572
activity_only,46,32,97,16.82927,8.61048,8.51521,6.40847,0.70769,0.31589,3.10456,34.0,0.90304,8.51521
activity_only,46,33,98,16.87112,8.61048,8.52022,6.401255,0.709005,0.31588,3.1082650000000003,34.0,0.904045,8.52022
activity_only,46,34,98,17.978725,8.61915,8.523025,6.405945,0.7175849999999999,0.32181499999999996,3.06398,34.0,0.904605,8.523025
activity_only,46,35,98,18.823025,8.61915,8.5247,6.41839,0.72131,0.337245,3.047035,34.0,0.90494,8.5247
activity_only,46,36,98,21.407925,8.61915,8.52807,6.41923,0.7317450000000001,0.332935,3.047035,34.0,0.90561,8.52807
activity_only,46,37,98,21.4439,8.61915,8.531585,6.4242799999999995,0.735895,0.332935,3.07956,34.0,0.906315,8.531585
activity_only,46,38,98,20.89772,8.61915,8.541364999999999,6.445365000000001,0.72727,0.330945,3.12828,34.0,0.9082749999999999,8.541364999999999
activity_only,46,39,98,18.76307,8.62696,8.54363,6.45162,0.72727,0.348075,3.12828,34.0,0.90873,8.54363
activity_only,46,40,98,17.074775,8.64943,8.549285,6.445365000000001,0.715355,0.348075,3.133395,34.0,0.90986,8.549285
activity_only,46,41,98,16.708755,8.66777,8.55214,6.456770000000001,0.713075,0.348075,3.149235,34.0,0.9104300000000001,8.55214
activity_only,46,42,98,16.492655,8.66777,8.55641,6.467639999999999,0.70991,0.341805,3.1649950000000002,35.0,0.91128,8.55641
activity_only,46,43,98,15.87983,8.66777,8.563635000000001,6.47306,0.70769,0.33492500000000003,3.1841549999999996,35.0,0.91273,8.563635000000001
activity_only,46,44,99,15.85366,8.68341,8.5705,6.48049,0.70769,0.32247,3.19385,35.0,0.9141,8.5705
activity_only,46,45,99,15.60976,8.68341,8.58299,6.48311,0.70769,0.32247,3.22391,35.0,0.9166,8.58299
activity_only,46,46,99,15.60976,8.68341,8.5902,6.49475,0.70149,0.32247,3.22391,35.0,0.91804,8.5902
activity_only,46,47,99,15.60976,8.68341,8.59035,6.50794,0.69841,0.32921,3.22391,35.0,0.91807,8.59035
activity_only,46,48,99,13.57341,8.68341,8.59193,6.49475,0.69118,0.32247,3.24296,35.0,0.91839,8.59193
activity_only,46,49,99,12.19512,8.68341,8.59405,6.46779,0.6875,0.32462,3.21731,35.0,0.91881,8.59405
activity_only,46,50,99,11.00164,8.68341,8.5998,6.45741,0.6875,0.31686,3.25493,36.0,0.91996,8.5998
druglike_only,42,0,100,100.0,8.4666,6.66064,6.59201,1.0,0.51425,2.83206,30.0,0.62456,
druglike_only,42,1,45,9.0535,7.82235,6.30736,6.67646,0.54545,0.64533,2.85671,26.0,0.70582,
druglike_only,42,2,67,9.49153,7.82235,6.28514,6.61894,0.52174,0.73679,2.85671,24.0,0.74393,
druglike_only,42,3,79,8.43621,8.23547,6.22088,6.58291,0.49254,0.76639,2.83564,23.0,0.77836,
druglike_only,42,4,90,7.171875,8.23547,6.250625,6.543495,0.46760999999999997,0.788215,2.670415,23.0,0.7944100000000001,
druglike_only,42,5,94,6.823665,8.23547,6.349185,6.516365,0.443665,0.8099000000000001,2.65401,23.0,0.8013600000000001,
druglike_only,42,6,95,6.60377,8.23547,6.35212,6.51333,0.4125,0.82485,2.59295,23.0,0.81264,
druglike_only,42,7,95,6.13208,8.07054,6.26416,6.54133,0.4,0.84938,2.54078,23.0,0.82385,
druglike_only,42,8,97,5.19263,8.07054,6.26703,6.51263,0.375,0.854,2.43604,22.0,0.83397,
druglike_only,42,9,98,5.0036950000000004,8.07054,6.273405,6.527285,0.357655,0.86103,2.39818,22.0,0.8447100000000001,
druglike_only,42,10,99,4.60829,7.71128,6.26703,6.51975,0.35385,0.86457,2.38836,22.0,0.84978,
druglike_only,42,11,99,4.60829,7.71128,6.21272,6.55207,0.34615,0.86888,2.33296,22.0,0.85502,
druglike_only,42,12,100,4.0194600000000005,7.71128,6.11113,6.541815,0.34269499999999997,0.877115,2.253285,22.0,0.863405,
druglike_only,42,13,100,4.06833,7.52608,6.010555,6.554365,0.33892,0.877115,2.221405,22.0,0.8690199999999999,
druglike_only,42,14,100,3.7696199999999997,7.52608,6.0046800000000005,6.58605,0.335585,0.8893800000000001,2.148965,22.0,0.872445,
druglike_only,42,15,100,3.68664,7.52608,6.1023499999999995,6.648244999999999,0.33333,0.89795,2.1222,22.0,0.8732850000000001,
druglike_only,42,16,100,3.57727,7.52608,6.00583,6.595585,0.33130000000000004,0.9008,2.10833,22.0,0.879065,
druglike_only,42,17,100,3.68664,7.52608,6.1023499999999995,6.584985,0.33130000000000004,0.90524,2.10732,22.0,0.884575,
druglike_only,42,18,100,3.68664,7.52608,6.19742,6.586685,0.33333,0.9054949999999999,2.07614,22.0,0.885845,
druglike_only,42,19,100,3.77815,7.52608,6.225445,6.61208,0.33333,0.90629,2.05524,22.0,0.888505,
druglike_only,42,20,100,3.68664,7.47187,6.247475,6.6065000000000005,0.32787,0.90629,2.049525,22.0,0.889265,
druglike_only,42,21,100,3.8526,7.47187,6.2314,6.60033,0.32759,0.90735,1.98725,22.0,0.891145,
druglike_only,42,22,100,3.881035,7.47187,6.239955,6.6065000000000005,0.32787,0.9099600000000001,1.975085,22.0,0.8937999999999999,
druglike_only,42,23,100,3.7696199999999997,7.47187,6.22569,6.60033,0.32759,0.9106700000000001,1.9651450000000001,22.0,0.8960049999999999,
druglike_only,42,24,100,3.68664,7.47187,6.22569,6.586325,0.32706,0.9099600000000001,1.9681700000000002,22.0,0.89769,
druglike_only,42,25,100,3.68664,7.47187,6.223845,6.57707,0.32330499999999995,0.911965,1.95543,22.0,0.89943,
druglike_only,42,26,100,3.68664,7.47187,6.20334,6.586325,0.32560500000000003,0.913545,1.93622,21.0,0.900165,
druglike_only,42,27,100,3.68664,7.47187,6.20334,6.576605,0.32706,0.9170400000000001,1.9253,21.0,0.9024000000000001,
druglike_only,42,28,100,3.68664,7.33654,6.246309999999999,6.57707,0.32706,0.91764,1.928385,21.0,0.903365,
druglike_only,42,29,100,3.68664,7.29979,6.26224,6.58151,0.32799500000000004,0.9185300000000001,1.88926,22.0,0.906455,
druglike_only,42,30,100,3.7696199999999997,7.29979,6.246309999999999,6.576605,0.33333,0.920485,1.861895,22.0,0.90786,
druglike_only,42,31,100,3.90947,7.2794,6.20334,6.58151,0.33072500000000005,0.92197,1.8718499999999998,22.0,0.90859,
druglike_only,42,32,100,3.90947,7.2794,6.2135549999999995,6.576605,0.33094999999999997,0.92197,1.8557899999999998,22.0,0.910995,
druglike_only,42,33,100,3.90947,7.2794,6.1814800000000005,6.576605,0.33333,0.922595,1.851885,21.5,0.911175,
druglike_only,42,34,100,3.90947,7.2794,6.1814800000000005,6.57707,0.33333,0.923325,1.84002,21.0,0.912355,
druglike_only,42,35,100,3.90947,7.2794,6.16479,6.578305,0.33333,0.92363,1.827735,22.0,0.9137500000000001,
druglike_only,42,36,100,3.90947,7.2794,6.16479,6.580445,0.33602,0.92363,1.82193,22.0,0.914145,
druglike_only,42,37,100,3.90947,7.2422,6.1455400000000004,6.586355,0.33871,0.92486,1.81904,22.0,0.9149799999999999,
druglike_only,42,38,100,3.90947,7.2422,6.1200849999999996,6.586355,0.33871,0.92591,1.8185850000000001,22.0,0.91523,
druglike_only,42,39,100,3.90947,7.2422,6.1200849999999996,6.586355,0.33871,0.926825,1.813765,22.0,0.916485,
druglike_only,42,40,100,3.988635,7.2422,6.136095,6.586355,0.339645,0.92926,1.81275,22.0,0.91717,
druglike_only,42,41,100,3.988635,7.2422,6.1200849999999996,6.586355,0.34286,0.930015,1.805225,22.0,0.9179550000000001,
druglike_only,42,42,100,4.10971,7.51833,6.1205099999999995,6.586355,0.351495,0.9317850000000001,1.79633,22.0,0.918545,
druglike_only,42,43,100,4.0678,7.51833,6.11294,6.595915,0.35004500000000005,0.932775,1.800055,22.0,0.91872,
druglike_only,42,44,100,4.10971,7.51833,6.11294,6.599005,0.35297999999999996,0.93381,1.7898399999999999,22.0,0.91916,
druglike_only,42,45,100,4.35147,7.51833,6.13031,6.612215,0.35484,0.934715,1.769935,22.0,0.92003,
druglike_only,42,46,100,4.34783,7.51833,6.177415,6.599005,0.35484,0.934715,1.76333,22.0,0.92003,
druglike_only,42,47,100,4.3809450000000005,7.51833,6.110555,6.59346,0.35541,0.93521,1.75392,22.0,0.92048,
druglike_only,42,48,100,4.60829,7.41682,6.0890450000000005,6.58861,0.35714,0.935885,1.7439900000000002,22.0,0.92213,
druglike_only,42,49,100,4.60829,7.41682,6.0890450000000005,6.58861,0.35714,0.935885,1.7439900000000002,22.0,0.92213,
druglike_only,42,50,100,4.60829,7.41682,6.085155,6.586245,0.35714,0.93606,1.74102,22.0,0.922215,
druglike_only,43,0,100,100.0,8.56234,6.514155,6.699425,1.0,0.53384,2.744945,29.0,0.64967,
druglike_only,43,1,44,7.4739450000000005,7.68578,6.2911649999999995,6.59074,0.4935,0.622845,2.8891799999999996,25.0,0.6882999999999999,
druglike_only,43,2,64,5.848235000000001,8.09925,6.27257,6.52016,0.43693000000000004,0.74615,2.58399,25.0,0.765135,
druglike_only,43,3,83,4.85934,8.09925,6.22323,6.51845,0.3913,0.75857,2.55578,24.0,0.77702,
druglike_only,43,4,88,4.650715,7.65785,6.17275,6.552105,0.379485,0.7814350000000001,2.526395,23.0,0.792985,
druglike_only,43,5,90,4.33441,7.55446,6.106635000000001,6.54981,0.355745,0.80997,2.47824,23.0,0.81967,
druglike_only,43,6,92,4.34783,7.55446,6.045365,6.558785,0.353835,0.84241,2.39259,23.0,0.8387450000000001,
druglike_only,43,7,96,4.23423,7.55446,6.004495,6.57247,0.351205,0.849565,2.285285,23.0,0.847775,
druglike_only,43,8,97,4.0678,7.55446,5.97316,6.51188,0.34921,0.86539,2.17693,22.0,0.85719,
druglike_only,43,9,98,3.8526,7.55446,6.0121649999999995,6.5105,0.343185,0.8726849999999999,2.1211349999999998,22.0,0.86404,
druglike_only,43,10,98,4.0678,7.55446,5.887195,6.5306,0.338845,0.87539,2.035225,22.0,0.87456,
druglike_only,43,11,98,4.0678,7.55446,5.86739,6.55578,0.340545,0.8947149999999999,2.008505,22.0,0.878735,
druglike_only,43,12,98,3.72881,7.55446,5.86451,6.57774,0.338245,0.8979550000000001,1.96855,22.0,0.882085,
druglike_only,43,13,98,4.0678,7.55446,5.889060000000001,6.59362,0.343185,0.90341,1.895435,22.0,0.89209,
druglike_only,43,14,98,4.0678,6.74681,5.889060000000001,6.5718250000000005,0.340545,0.90341,1.895435,22.0,0.8962600000000001,
druglike_only,43,15,99,4.60829,6.73388,5.82821,6.58724,0.34211,0.90276,1.85145,22.0,0.89762,
druglike_only,43,16,99,4.34783,6.73388,5.77755,6.6,0.34483,0.90599,1.84625,22.0,0.8986,
druglike_only,43,17,99,4.0678,6.73388,5.79546,6.57864,0.34426,0.90988,1.84117,22.0,0.90289,
druglike_only,43,18,100,4.0678,6.73388,5.81926,6.600695,0.338875,0.913475,1.847835,22.0,0.904215,
druglike_only,43,19,100,3.8728949999999998,6.73388,5.794745000000001,6.617485,0.339645,0.914255,1.834015,22.0,0.90499,
druglike_only,43,20,100,3.988635,6.73388,5.804465,6.63365,0.341235,0.9177150000000001,1.824535,22.0,0.9082,
druglike_only,43,21,100,4.0678,6.73388,5.804465,6.64128,0.34637,0.9172750000000001,1.82403,22.0,0.9096500000000001,
druglike_only,43,22,100,3.8728949999999998,6.73388,5.77342,6.6503499999999995,0.34229,0.91821,1.8170899999999999,22.0,0.911035,
druglike_only,43,23,100,3.90372,6.5266,5.765785,6.64128,0.33899999999999997,0.918275,1.811955,22.0,0.911505,
druglike_only,43,24,100,3.68664,6.73938,5.768660000000001,6.61824,0.335895,0.9192,1.816055,22.0,0.911815,
druglike_only,43,25,100,3.68664,6.5266,5.765785,6.611305,0.33333,0.920145,1.816055,22.0,0.91189,
druglike_only,43,26,100,4.0678,6.5266,5.768660000000001,6.62845,0.338585,0.9187449999999999,1.8042349999999998,21.5,0.913205,
druglike_only,43,27,100,4.0678,6.5266,5.765785,6.64128,0.33899999999999997,0.920515,1.811955,21.0,0.9136850000000001,
druglike_only,43,28,100,4.0678,6.5266,5.762955,6.6545,0.33814999999999995,0.9221950000000001,1.809725,22.0,0.914395,
druglike_only,43,29,100,4.0678,6.5266,5.768660000000001,6.65506,0.33814999999999995,0.9221950000000001,1.7940200000000002,22.0,0.915375,
druglike_only,43,30,100,4.0678,6.5266,5.768660000000001,6.66079,0.33814999999999995,0.922445,1.7941850000000001,22.0,0.915375,
druglike_only,43,31,100,4.0678,6.5266,5.769255,6.6572,0.33814999999999995,0.9221950000000001,1.7893750000000002,21.5,0.91551,
druglike_only,43,32,100,4.0678,6.5266,5.77752,6.6572,0.338585,0.922445,1.78556,21.5,0.9158,
druglike_only,43,33,100,4.0678,6.71916,5.77752,6.66407,0.33899999999999997,0.92256,1.78556,22.0,0.916345,
druglike_only,43,34,100,4.0678,6.71916,5.77342,6.674215,0.34336500000000003,0.92256,1.782785,22.0,0.91716,
druglike_only,43,35,100,4.0678,6.56708,5.77342,6.674215,0.34377,0.92387,1.778355,22.0,0.9180550000000001,
druglike_only,43,36,100,4.0678,6.56708,5.77749,6.674215,0.34549,0.92387,1.779305,22.0,0.918975,
druglike_only,43,37,100,4.0678,6.56708,5.77749,6.6906099999999995,0.34615,0.925945,1.76874,22.0,0.9203,
druglike_only,43,38,100,4.0678,6.56708,5.77749,6.6670300000000005,0.34768,0.9260999999999999,1.7646899999999999,22.0,0.920815,
druglike_only,43,39,100,4.0678,6.56708,5.77342,6.6670300000000005,0.34768,0.9267650000000001,1.7606549999999999,22.0,0.9212549999999999,
druglike_only,43,40,100,4.0678,6.56708,5.769255,6.684835,0.34615,0.927515,1.75654,22.0,0.92133,
druglike_only,43,41,100,4.0194600000000005,6.56708,5.768660000000001,6.705745,0.34615,0.9274199999999999,1.75654,22.0,0.92133,
druglike_only,43,42,100,3.946345,6.56708,5.769255,6.705745,0.34615,0.92804,1.75654,22.0,0.921475,
druglike_only,43,43,100,3.82519,6.6124,5.769255,6.705745,0.34549,0.928725,1.752835,22.0,0.921735,
druglike_only,43,44,100,3.82519,6.6124,5.77749,6.710325,0.34549,0.928725,1.752835,22.0,0.921735,
druglike_only,43,45,100,3.82519,6.6124,5.780865,6.713195000000001,0.34549,0.93021,1.73345,22.0,0.9228700000000001,
druglike_only,43,46,100,3.72881,6.6124,5.781235000000001,6.711225000000001,0.34483,0.930975,1.729855,22.0,0.9237,
druglike_only,43,47,100,3.82519,6.6124,5.7898499999999995,6.70581,0.34615,0.931905,1.7215699999999998,22.0,0.924035,
druglike_only,43,48,100,3.82519,6.6124,5.792555,6.70581,0.34549,0.9327300000000001,1.72614,22.0,0.924385,
druglike_only,43,49,100,3.82519,6.6124,5.792555,6.701175,0.34549,0.9338,1.72614,22.0,0.9246000000000001,
druglike_only,43,50,100,3.82519,6.6124,5.792555,6.701175,0.34549,0.9338,1.72614,22.0,0.9246000000000001,
druglike_only,44,0,100,100.0,8.88689,6.5950500000000005,6.802695,1.0,0.5159549999999999,2.964695,29.0,0.6176999999999999,
druglike_only,44,1,52,8.905000000000001,7.57898,6.32975,6.571664999999999,0.536835,0.655715,2.89041,27.0,0.71221,
druglike_only,44,2,67,5.95668,7.5312,6.19187,6.62826,0.44828,0.72612,2.78254,26.0,0.75358,
druglike_only,44,3,81,5.95668,7.5312,6.11756,6.64657,0.42647,0.76246,2.77542,24.0,0.78422,
druglike_only,44,4,88,5.210695,7.5312,6.10187,6.628159999999999,0.384705,0.8049649999999999,2.71076,23.0,0.79573,
druglike_only,44,5,92,4.77709,7.5312,6.10183,6.6251750000000005,0.36834999999999996,0.831805,2.6431649999999998,23.0,0.81936,
druglike_only,44,6,93,4.85934,7.5312,6.11004,6.62231,0.35616,0.84503,2.5535,22.0,0.82824,
druglike_only,44,7,98,4.14747,7.28256,6.095245,6.618405,0.34504,0.852725,2.464845,22.0,0.83579,
druglike_only,44,8,98,3.8625249999999998,7.28256,6.08713,6.652695,0.342665,0.8685,2.415635,22.0,0.8464700000000001,
druglike_only,44,9,99,3.77358,7.19979,6.13178,6.62198,0.34247,0.87695,2.45013,22.0,0.84887,
druglike_only,44,10,100,3.68664,7.19979,6.10947,6.621055,0.33333,0.892115,2.370895,22.0,0.8630599999999999,
druglike_only,44,11,100,3.4637700000000002,6.94892,6.093120000000001,6.61589,0.32886000000000004,0.90238,2.32292,22.0,0.86886,
druglike_only,44,12,100,3.4296,6.94892,6.10947,6.622145,0.3245,0.9099550000000001,2.29655,22.0,0.87305,
druglike_only,44,13,100,3.68664,6.94892,6.097595,6.63696,0.328565,0.90936,2.264275,22.0,0.87677,
druglike_only,44,14,100,3.68664,6.99128,6.069599999999999,6.627305,0.328115,0.910405,2.20717,22.0,0.88165,
druglike_only,44,15,100,3.881035,6.99128,6.06119,6.62443,0.33333,0.910405,2.186495,22.0,0.883775,
druglike_only,44,16,100,3.68664,7.04263,6.053205,6.61698,0.328465,0.91438,2.16033,22.0,0.88561,
druglike_only,44,17,100,3.707725,7.04263,6.054130000000001,6.61698,0.32876,0.91511,2.150695,22.0,0.88674,
druglike_only,44,18,100,3.68664,7.06558,6.07502,6.61698,0.32547,0.91534,2.13731,22.0,0.888605,
druglike_only,44,19,100,3.68664,7.06558,6.07244,6.625185,0.32876,0.91548,2.101445,22.0,0.89032,
druglike_only,44,20,100,3.68664,7.06558,6.06119,6.635365,0.32876,0.915465,2.03906,22.0,0.893355,
druglike_only,44,21,100,3.707725,7.06558,6.06934,6.64076,0.33333,0.918005,2.0596449999999997,22.0,0.8949199999999999,
druglike_only,44,22,100,3.68664,7.06558,6.075705,6.64076,0.33114,0.91939,2.054435,22.0,0.89618,
druglike_only,44,23,100,3.72881,7.06558,6.031055,6.63808,0.32876,0.919655,2.054435,22.0,0.896745,
druglike_only,44,24,100,3.68664,7.06558,6.0097249999999995,6.630545,0.324265,0.92032,2.03906,22.0,0.8984300000000001,
druglike_only,44,25,100,3.72881,7.06558,6.01267,6.635365,0.33122,0.92032,2.02516,22.0,0.89956,
druglike_only,44,26,100,3.707725,7.06558,6.005974999999999,6.624359999999999,0.32596,0.92032,2.02516,22.0,0.901525,
druglike_only,44,27,100,3.707725,7.06558,6.005974999999999,6.624359999999999,0.32876,0.92228,2.01593,21.5,0.90271,
druglike_only,44,28,100,3.782565,7.06558,6.01267,6.61227,0.32903000000000004,0.921765,2.00468,22.0,0.9038,
druglike_only,44,29,100,4.207815,7.06558,6.005974999999999,6.624359999999999,0.33333,0.9226449999999999,2.001235,22.0,0.90439,
druglike_only,44,30,100,3.72881,7.06558,6.005974999999999,6.624359999999999,0.33333,0.92426,2.001235,22.0,0.904565,
druglike_only,44,31,100,3.68664,7.06558,6.0405750000000005,6.633324999999999,0.33333,0.9253100000000001,1.982,22.0,0.9052,
druglike_only,44,32,100,3.68664,7.06558,6.0405750000000005,6.633324999999999,0.33122,0.9258500000000001,1.9597799999999999,22.0,0.90577,
druglike_only,44,33,100,3.707725,7.06558,6.028420000000001,6.633324999999999,0.32903000000000004,0.92574,1.9521950000000001,22.0,0.90672,
druglike_only,44,34,100,3.68664,7.06558,6.0405750000000005,6.59614,0.33122,0.9258649999999999,1.942275,22.0,0.90734,
druglike_only,44,35,100,3.68664,7.06558,6.060305,6.59614,0.33122,0.9272,1.930925,22.0,0.90899,
druglike_only,44,36,100,3.782565,7.04263,6.1042749999999995,6.59614,0.33333,0.9281349999999999,1.917965,22.0,0.91011,
druglike_only,44,37,100,3.707725,7.04263,6.105245,6.600235,0.33333,0.929635,1.915315,22.0,0.9114450000000001,
druglike_only,44,38,100,3.707725,7.04263,6.099080000000001,6.59088,0.33114,0.929635,1.908215,22.0,0.91161,
druglike_only,44,39,100,3.72881,7.04263,6.105245,6.600235,0.33114,0.929635,1.90483,22.0,0.9121250000000001,
druglike_only,44,40,100,3.878945,7.04263,6.099080000000001,6.586075,0.33333,0.92979,1.879925,21.0,0.912675,
druglike_only,44,41,100,3.878945,7.04263,6.11259,6.58295,0.33333,0.929705,1.864385,21.0,0.91301,
druglike_only,44,42,100,3.994685,7.04263,6.105245,6.5839300000000005,0.33333,0.9293,1.8609399999999998,21.0,0.9132,
druglike_only,44,43,100,3.994685,7.04263,6.099080000000001,6.5839300000000005,0.33333,0.9293,1.85365,21.0,0.9132,
druglike_only,44,44,100,3.994685,7.04263,6.0861,6.590495,0.33333,0.92872,1.839615,21.0,0.913845,
druglike_only,44,45,100,4.14747,7.04263,6.11259,6.58569,0.33872,0.92872,1.835635,21.0,0.914615,
druglike_only,44,46,100,4.14747,7.04263,6.105245,6.5839300000000005,0.33872,0.928945,1.835635,21.0,0.9147700000000001,
druglike_only,44,47,100,4.14747,7.04263,6.093070000000001,6.5839300000000005,0.33872,0.92872,1.83191,21.0,0.915065,
druglike_only,44,48,100,4.24765,7.0749,6.11259,6.58569,0.338585,0.93101,1.82566,22.0,0.916315,
druglike_only,44,49,100,4.34783,7.0749,6.11259,6.58569,0.338585,0.93101,1.8078949999999998,21.5,0.91665,
druglike_only,44,50,100,4.107635,7.0749,6.11259,6.58569,0.33835,0.92946,1.8051599999999999,21.5,0.91699,
druglike_only,45,0,100,100.0,8.50158,6.71856,6.6071100000000005,1.0,0.493815,2.916545,30.0,0.6244149999999999,
druglike_only,45,1,52,8.96986,7.87263,6.28997,6.57608,0.55036,0.684225,2.9661,25.0,0.734375,
druglike_only,45,2,75,7.79014,8.32156,6.29767,6.58094,0.5,0.73914,2.76508,24.0,0.76863,
druglike_only,45,3,89,7.58123,8.32156,6.29767,6.61471,0.47619,0.78761,2.76508,24.0,0.78969,
druglike_only,45,4,94,7.55946,7.7355,6.290215,6.597955,0.46314500000000003,0.807045,2.734105,23.0,0.8039799999999999,
druglike_only,45,5,95,6.58436,7.7355,6.3477,6.58558,0.44068,0.828,2.73107,23.0,0.81687,
druglike_only,45,6,96,6.45161,7.24711,6.314864999999999,6.567685,0.419685,0.84671,2.613465,23.0,0.82352,
druglike_only,45,7,97,5.55556,7.24711,6.31962,6.58558,0.40299,0.85841,2.59485,23.0,0.82782,
druglike_only,45,8,99,5.14403,7.24711,6.31011,6.57624,0.38571,0.86598,2.59485,23.0,0.83732,
druglike_only,45,9,99,4.87421,7.24711,6.22727,6.58762,0.36207,0.87477,2.53405,22.0,0.84642,
druglike_only,45,10,100,4.650715,7.71642,6.205935,6.565165,0.355495,0.8770549999999999,2.418235,22.5,0.852875,
druglike_only,45,11,100,4.11977,7.71642,6.208735000000001,6.565165,0.34248500000000004,0.879245,2.407865,23.0,0.85471,
druglike_only,45,12,100,4.11977,7.71642,6.22811,6.5710049999999995,0.34307,0.8790800000000001,2.2697,22.0,0.862055,
druglike_only,45,13,100,3.81914,7.71642,6.208735000000001,6.590445,0.341785,0.88009,2.16014,23.0,0.8667400000000001,
druglike_only,45,14,100,3.68664,7.24711,6.17742,6.581405,0.33846,0.88722,2.12796,23.0,0.869815,
druglike_only,45,15,100,3.68664,7.24711,6.14947,6.59676,0.33846,0.88722,2.08933,23.0,0.875335,
druglike_only,45,16,100,4.34783,7.24711,6.14947,6.621585,0.34041,0.88722,2.07747,22.0,0.8797349999999999,
druglike_only,45,17,100,4.0194600000000005,7.24711,6.17549,6.6172699999999995,0.34307,0.889885,2.07747,22.0,0.8814550000000001,
druglike_only,45,18,100,4.09207,7.24711,6.1588650000000005,6.627425000000001,0.34495,0.8962950000000001,2.001125,22.0,0.88845,
druglike_only,45,19,100,4.079935,7.24711,6.1689050000000005,6.637915,0.34375,0.8997250000000001,1.9687649999999999,22.0,0.890825,
druglike_only,45,20,100,4.0194600000000005,7.24711,6.1834050000000005,6.64053,0.34699,0.905835,1.958585,22.0,0.89376,
druglike_only,45,21,100,3.82888,7.24711,6.1834050000000005,6.64053,0.347525,0.9065449999999999,1.9454099999999999,22.0,0.896355,
druglike_only,45,22,100,4.079935,6.9193,6.1689050000000005,6.647015,0.347525,0.908445,1.9162599999999999,22.0,0.89809,
druglike_only,45,23,100,4.079935,6.9193,6.185919999999999,6.621585,0.35294,0.91078,1.8984450000000002,22.0,0.89941,
druglike_only,45,24,100,4.031594999999999,6.9193,6.187665,6.626085,0.35070999999999997,0.91385,1.8984450000000002,22.0,0.8997850000000001,
druglike_only,45,25,100,4.11281,6.9193,6.187665,6.626085,0.35070999999999997,0.915285,1.8984450000000002,22.0,0.90309,
druglike_only,45,26,100,4.11281,6.9193,6.24566,6.6270050000000005,0.35070999999999997,0.918025,1.900995,22.0,0.903895,
druglike_only,45,27,100,4.34783,6.9193,6.24992,6.638075,0.35409999999999997,0.916555,1.900295,22.0,0.90569,
druglike_only,45,28,100,4.34783,6.88019,6.17999,6.62495,0.35409999999999997,0.917535,1.8763100000000001,22.0,0.90635,
druglike_only,45,29,100,4.34783,6.88019,6.187665,6.62495,0.3562,0.91804,1.8763100000000001,22.0,0.90663,
druglike_only,45,30,100,4.34783,6.88019,6.241915,6.626085,0.3562,0.91804,1.87104,22.0,0.9068350000000001,
druglike_only,45,31,100,4.60829,6.88019,6.180384999999999,6.6270050000000005,0.36033,0.918845,1.86226,22.0,0.90828,
druglike_only,45,32,100,4.35147,6.88019,6.175974999999999,6.622809999999999,0.35714,0.91928,1.8245149999999999,22.0,0.9112549999999999,
druglike_only,45,33,100,4.35147,6.88019,6.17558,6.6177,0.36033,0.9212100000000001,1.822905,22.0,0.912465,
druglike_only,45,34,100,4.650715,6.88019,6.17558,6.626085,0.36385,0.923365,1.819955,22.0,0.91444,
druglike_only,45,35,100,4.69314,6.88019,6.175974999999999,6.6270050000000005,0.366025,0.92543,1.796415,22.0,0.9145099999999999,
druglike_only,45,36,100,4.93827,6.88019,6.1712299999999995,6.6270050000000005,0.36923,0.92555,1.791315,22.0,0.91602,
druglike_only,45,37,100,4.93827,6.88019,6.17558,6.626085,0.368825,0.9263600000000001,1.7940299999999998,22.0,0.9161900000000001,
druglike_only,45,38,100,4.93827,6.88019,6.131325,6.6270050000000005,0.37041500000000005,0.9263600000000001,1.790915,22.0,0.91649,
druglike_only,45,39,100,4.93827,6.88019,6.120965,6.61923,0.369545,0.92669,1.790915,22.0,0.91708,
druglike_only,45,40,100,4.93827,6.88019,6.120965,6.618845,0.371925,0.9269750000000001,1.7940299999999998,22.0,0.91767,
druglike_only,45,41,100,5.0036950000000004,6.86714,6.11143,6.616315,0.37097,0.92715,1.791315,22.0,0.91886,
druglike_only,45,42,100,5.06912,6.86714,6.10641,6.618845,0.37041500000000005,0.927975,1.783555,22.0,0.91952,
druglike_only,45,43,100,5.14894,6.7912,6.109825000000001,6.616315,0.371925,0.930355,1.7787950000000001,22.0,0.920925,
druglike_only,45,44,100,5.14894,6.7912,6.109825000000001,6.618845,0.371925,0.930355,1.7664849999999999,22.0,0.9211199999999999,
druglike_only,45,45,100,5.397285,6.7912,6.102645000000001,6.620025,0.37041500000000005,0.93214,1.7557550000000002,22.0,0.921855,
druglike_only,45,46,100,5.2998,6.7912,6.10641,6.618845,0.369545,0.933345,1.7557550000000002,22.0,0.9222,
druglike_only,45,47,100,5.2998,6.7912,6.103515,6.615715,0.369545,0.93405,1.751375,22.0,0.92247,
druglike_only,45,48,100,5.397285,6.80812,6.11412,6.61745,0.37041500000000005,0.93405,1.74036,22.0,0.923065,
druglike_only,45,49,100,5.397285,6.80812,6.109825000000001,6.620025,0.37041500000000005,0.93464,1.7396,22.0,0.92314,
druglike_only,45,50,100,5.397285,6.80812,6.103515,6.618845,0.371925,0.93557,1.71914,22.0,0.9242950000000001,
druglike_only,46,0,100,100.0,8.71457,6.490385,6.761205,1.0,0.5439350000000001,2.8631349999999998,28.0,0.63734,
druglike_only,46,1,44,5.69756,7.58209,6.355705,6.565595,0.4305,0.7172149999999999,2.806485,24.0,0.75219,
druglike_only,46,2,65,6.36516,7.58209,6.24195,6.57117,0.43836,0.75402,2.75903,24.0,0.77727,
druglike_only,46,3,79,6.31769,7.76716,6.21079,6.5536,0.42029,0.77256,2.67857,24.0,0.78604,
druglike_only,46,4,89,5.76271,7.76716,6.12117,6.54138,0.40541,0.78268,2.60232,23.0,0.80176,
druglike_only,46,5,93,5.37084,7.76716,6.08635,6.54138,0.40541,0.79771,2.59573,23.0,0.80588,
druglike_only,46,6,94,4.77538,7.76716,6.115185,6.5711200000000005,0.36667,0.8316600000000001,2.54316,22.0,0.818375,
druglike_only,46,7,94,4.650715,7.76716,6.094720000000001,6.5682849999999995,0.36297999999999997,0.837525,2.50256,23.0,0.82758,
druglike_only,46,8,95,4.93827,7.76716,6.08635,6.54231,0.36364,0.85639,2.49636,23.0,0.83743,
druglike_only,46,9,96,4.270165,7.31329,6.093005,6.551105,0.34665500000000005,0.8672,2.512315,23.0,0.844455,
druglike_only,46,10,97,4.40678,7.33361,6.08111,6.52338,0.34286,0.86965,2.50438,22.0,0.85091,
druglike_only,46,11,97,3.91236,7.33361,6.10197,6.54257,0.34211,0.8843,2.42385,22.0,0.8569,
druglike_only,46,12,98,3.68664,7.59214,6.101375,6.591365,0.33333,0.8963,2.342495,22.0,0.8637600000000001,
druglike_only,46,13,100,3.68664,7.59214,6.11566,6.6005,0.32857,0.900975,2.3185599999999997,22.0,0.870045,
druglike_only,46,14,100,3.68664,7.59214,6.113835,6.62646,0.32867,0.90415,2.2715699999999996,22.0,0.87548,
druglike_only,46,15,100,3.68664,7.59214,6.111840000000001,6.632245,0.326135,0.90588,2.23745,22.0,0.878865,
druglike_only,46,16,100,3.68664,7.59214,6.10611,6.63065,0.32282999999999995,0.9095,2.1770449999999997,22.0,0.882595,
druglike_only,46,17,100,3.68664,7.59214,6.0710999999999995,6.660295,0.32071,0.91101,2.1305050000000003,22.0,0.88327,
druglike_only,46,18,100,3.68664,7.59214,6.10611,6.6617,0.31851,0.91377,2.0426900000000003,22.0,0.8876649999999999,
druglike_only,46,19,100,3.685865,7.59214,6.112705,6.6490849999999995,0.31746,0.916315,2.0360300000000002,22.0,0.88917,
druglike_only,46,20,100,3.68664,7.59214,6.10611,6.6490849999999995,0.31851,0.916315,2.0251599999999996,22.0,0.890795,
druglike_only,46,21,100,3.5915150000000002,7.59214,6.10611,6.658835,0.31746,0.91902,1.988315,22.0,0.89394,
druglike_only,46,22,100,3.238125,7.59214,6.125415,6.6755949999999995,0.31851,0.921285,1.995295,22.0,0.897045,
druglike_only,46,23,100,3.685865,7.59214,6.147985,6.678520000000001,0.31782,0.92164,1.968575,22.0,0.898085,
druglike_only,46,24,100,3.685865,7.51199,6.13736,6.68268,0.31914,0.923495,1.9521000000000002,22.0,0.904405,
druglike_only,46,25,100,3.68664,7.61065,6.13003,6.6725200000000005,0.32230499999999995,0.92703,1.938085,22.0,0.90821,
druglike_only,46,26,100,3.68664,7.61065,6.10508,6.681065,0.32759,0.927845,1.90968,22.0,0.91052,
druglike_only,46,27,100,3.68664,7.61065,6.10096,6.677125,0.33094999999999997,0.92909,1.893445,22.0,0.9115549999999999,
druglike_only,46,28,100,3.68664,6.74245,6.10508,6.6698450000000005,0.327975,0.92973,1.87944,22.0,0.9126399999999999,
druglike_only,46,29,100,3.68664,6.74245,6.14742,6.667904999999999,0.33333,0.92909,1.86606,22.0,0.9135949999999999,
druglike_only,46,30,100,3.68664,6.74245,6.15083,6.6665399999999995,0.328465,0.928565,1.84118,22.0,0.914535,
druglike_only,46,31,100,3.68664,6.74245,6.1601099999999995,6.6698450000000005,0.32824,0.928565,1.82241,21.0,0.91524,
druglike_only,46,32,100,3.68664,6.74245,6.152805000000001,6.663505000000001,0.32867,0.9292,1.8158,21.0,0.9169849999999999,
druglike_only,46,33,100,3.68664,6.74245,6.14217,6.648225,0.33105,0.9292,1.8066499999999999,21.0,0.91735,
druglike_only,46,34,100,3.68664,6.74245,6.1056,6.660875000000001,0.33105,0.92923,1.791805,21.0,0.917985,
druglike_only,46,35,100,3.68664,6.74245,6.117135,6.65484,0.33333,0.9293849999999999,1.7801399999999998,21.0,0.9184,
druglike_only,46,36,100,3.68664,6.74245,6.154575,6.65484,0.33333,0.9311050000000001,1.7801399999999998,21.0,0.9191,
druglike_only,46,37,100,3.90947,6.74245,6.154575,6.673935,0.335585,0.93208,1.775375,21.0,0.9202950000000001,
druglike_only,46,38,100,3.940295,6.63165,6.169425,6.6766950000000005,0.338275,0.9332,1.776255,22.0,0.9213,
druglike_only,46,39,100,4.34783,6.68341,6.169425,6.6892,0.34741500000000003,0.933465,1.76453,22.0,0.9223699999999999,
druglike_only,46,40,100,4.47806,6.68341,6.15795,6.69475,0.344545,0.934065,1.766175,22.0,0.922515,
druglike_only,46,41,100,4.77328,6.68341,6.167105,6.69475,0.34741500000000003,0.9346000000000001,1.76453,22.0,0.92294,
druglike_only,46,42,100,4.898805,6.68341,6.167105,6.687375,0.34483,0.934945,1.7562799999999998,22.0,0.92335,
druglike_only,46,43,100,4.733815,6.68341,6.16187,6.6907049999999995,0.34483,0.93498,1.7562799999999998,22.0,0.9235,
druglike_only,46,44,100,4.898805,6.68341,6.167105,6.69475,0.34483,0.93498,1.74518,22.0,0.92389,
druglike_only,46,45,100,5.0036950000000004,6.68341,6.17825,6.6907049999999995,0.35044,0.9343950000000001,1.735455,22.0,0.924005,
druglike_only,46,46,100,5.06912,6.68341,6.169425,6.701795000000001,0.35173,0.93498,1.729745,21.5,0.92545,
druglike_only,46,47,100,5.06912,6.68341,6.169425,6.7095400000000005,0.352525,0.9343950000000001,1.7263350000000002,22.0,0.9258,
druglike_only,46,48,100,5.06912,6.68341,6.17825,6.74615,0.35294,0.93498,1.72351,22.0,0.925975,
druglike_only,46,49,100,5.06912,6.68341,6.18984,6.766385,0.35294,0.93498,1.72161,21.5,0.92623,
druglike_only,46,50,100,5.14894,6.68341,6.228645,6.766385,0.3555,0.93537,1.71966,22.0,0.92639,
multi_real,42,0,100,100.0,8.4666,6.66064,6.59201,1.0,0.51425,2.83206,30.0,0.579975,6.66064
multi_real,42,1,43,7.47922,7.73509,6.65903,6.5822,0.5375,0.65528,2.87491,26.0,0.63978,6.65903
multi_real,42,2,67,7.11864,8.14391,6.75325,6.61323,0.53521,0.67878,2.97251,25.0,0.65628,6.75325
multi_real,42,3,77,7.15421,8.14391,6.65903,6.58977,0.5082,0.7824,2.87491,23.0,0.67279,6.65903
multi_real,42,4,82,7.287459999999999,8.60082,6.852735,6.6125,0.452015,0.75971,2.838905,23.0,0.6878850000000001,6.852735
multi_real,42,5,84,7.160145,8.60082,7.05625,6.62655,0.44018,0.7732,2.82799,24.0,0.70437,7.05625
multi_real,42,6,86,7.608205,8.60082,7.09027,6.64623,0.456175,0.77912,2.804475,24.0,0.71712,7.09027
multi_real,42,7,88,9.777885,8.60082,7.360255,6.66217,0.515385,0.799395,2.81341,23.0,0.7333750000000001,7.360255
multi_real,42,8,89,10.01565,8.60082,7.39241,6.66602,0.50725,0.80146,2.76428,23.0,0.7446,7.39241
multi_real,42,9,91,9.15033,8.60082,7.49825,6.67873,0.49153,0.81281,2.73195,23.0,0.75829,7.49825
multi_real,42,10,92,9.02527,8.60082,7.538145,6.677325,0.482735,0.814625,2.77117,23.0,0.765075,7.538145
multi_real,42,11,92,10.16949,8.60082,7.61311,6.67454,0.503625,0.819215,2.774635,23.0,0.76824,7.61311
multi_real,42,12,96,10.16949,8.60082,7.6499,6.66954,0.53972,0.822495,2.80499,23.0,0.777135,7.6499
multi_real,42,13,96,10.13825,8.60082,7.69774,6.6659299999999995,0.503625,0.8412649999999999,2.780395,23.0,0.78379,7.69774
multi_real,42,14,96,10.056335,8.60082,7.737965,6.662015,0.511085,0.846255,2.780395,23.0,0.78577,7.737965
multi_real,42,15,96,10.16949,8.60082,7.731529999999999,6.662015,0.507355,0.86084,2.77434,22.0,0.79104,7.731529999999999
multi_real,42,16,97,10.16949,8.60082,7.72751,6.67602,0.50746,0.86958,2.76186,22.0,0.7947,7.72751
multi_real,42,17,99,10.16949,8.60082,7.68004,6.69588,0.50725,0.87249,2.74445,22.0,0.79793,7.68004
multi_real,42,18,99,10.13825,8.60082,7.68004,6.67975,0.50725,0.87527,2.76186,22.0,0.80027,7.68004
multi_real,42,19,99,10.13825,8.60082,7.67527,6.70146,0.5,0.87638,2.77367,22.0,0.80029,7.67527
multi_real,42,20,99,9.97442,8.60082,7.66063,6.70507,0.4918,0.87716,2.73195,22.0,0.80138,7.66063
multi_real,42,21,99,9.97442,8.60082,7.65476,6.69819,0.48214,0.88221,2.71871,22.0,0.80185,7.65476
multi_real,42,22,99,10.13825,8.60082,7.68004,6.69476,0.5,0.88323,2.73557,22.0,0.80286,7.68004
multi_real,42,23,99,10.45752,8.60082,7.68004,6.69476,0.50746,0.88568,2.73557,22.0,0.80337,7.68004
multi_real,42,24,99,10.16949,8.60082,7.66371,6.69476,0.50725,0.88568,2.73348,22.0,0.8034,7.66371
multi_real,42,25,99,10.45752,8.60082,7.72012,6.69819,0.51515,0.88568,2.76186,22.0,0.80398,7.72012
multi_real,42,26,99,11.11111,8.60082,7.72751,6.72783,0.52941,0.88597,2.7814,22.0,0.80449,7.72751
multi_real,42,27,99,11.18644,8.60082,7.82364,6.70146,0.53731,0.88664,2.78295,22.0,0.80555,7.82364
multi_real,42,28,99,11.05991,8.60082,7.82364,6.66257,0.53333,0.88686,2.78295,22.0,0.80577,7.82364
multi_real,42,29,100,11.123175,8.60082,7.829095000000001,6.65319,0.53532,0.8867499999999999,2.782175,22.0,0.8066949999999999,7.829095000000001
multi_real,42,30,100,12.02046,8.60082,7.86327,6.646875,0.54391,0.88793,2.775755,22.0,0.808485,7.86327
multi_real,42,31,100,12.53197,8.60082,7.86327,6.65319,0.550505,0.88942,2.775755,22.0,0.80893,7.86327
multi_real,42,32,100,12.541705,8.60082,7.86327,6.638870000000001,0.55647,0.89049,2.785455,22.0,0.8105249999999999,7.86327
multi_real,42,33,100,12.7164,8.60082,7.886725,6.6327300000000005,0.564145,0.88793,2.785455,22.0,0.811055,7.886725
multi_real,42,34,100,12.53197,8.60082,7.876725,6.6297,0.55835,0.88942,2.800115,22.0,0.811785,7.876725
multi_real,42,35,100,12.7164,8.60082,7.897045,6.621085000000001,0.56897,0.89049,2.82996,22.0,0.813105,7.897045
multi_real,42,36,100,12.88136,8.60082,7.94112,6.60374,0.564145,0.8953150000000001,2.863405,22.0,0.81528,7.94112
multi_real,42,37,100,12.892295,8.60082,7.94112,6.60374,0.56897,0.8953150000000001,2.84753,22.0,0.815585,7.94112
multi_real,42,38,100,12.892295,8.60082,7.970165,6.59008,0.565185,0.8991,2.84753,22.0,0.8157749999999999,7.970165
multi_real,42,39,100,13.04348,8.60082,7.98916,6.58512,0.56897,0.8991,2.833015,22.0,0.81687,7.98916
multi_real,42,40,100,12.973355000000002,8.60082,7.970165,6.58512,0.56897,0.90242,2.82996,22.0,0.8171200000000001,7.970165
multi_real,42,41,100,12.973355000000002,8.60082,7.97913,6.570775,0.56897,0.90242,2.841085,22.0,0.817685,7.97913
multi_real,42,42,100,13.04348,8.60082,8.035445,6.5586199999999995,0.56897,0.90242,2.8573250000000003,22.0,0.81829,8.035445
multi_real,42,43,100,13.04348,8.60082,8.006865,6.5586199999999995,0.56897,0.90395,2.8573250000000003,22.0,0.81829,8.006865
multi_real,42,44,100,13.04348,8.60082,8.05141,6.54762,0.56897,0.90395,2.864495,22.0,0.8187,8.05141
multi_real,42,45,100,13.04348,8.60082,8.056439999999998,6.550330000000001,0.56897,0.90072,2.868835,22.0,0.8187,8.056439999999998
multi_real,42,46,100,13.04348,8.60082,8.056439999999998,6.550330000000001,0.56897,0.90072,2.868835,22.0,0.8187,8.056439999999998
multi_real,42,47,100,13.36402,8.60082,8.060179999999999,6.550330000000001,0.56897,0.90072,2.868835,22.0,0.819075,8.060179999999999
multi_real,42,48,100,13.106100000000001,8.60082,8.060179999999999,6.547395,0.56897,0.90395,2.8753849999999996,22.0,0.82041,8.060179999999999
multi_real,42,49,100,13.106100000000001,8.60082,8.06588,6.54762,0.56897,0.90395,2.868835,22.0,0.8212200000000001,8.06588
multi_real,42,50,100,13.106100000000001,8.4138,8.067995,6.54762,0.56897,0.90395,2.868835,22.0,0.8212200000000001,8.067995
multi_real,43,0,100,100.0,8.56234,6.514155,6.699425,1.0,0.53384,2.744945,29.0,0.572645,6.514155
multi_real,43,1,44,7.5212,7.58474,6.5260750000000005,6.648115000000001,0.534125,0.6531450000000001,2.887115,26.0,0.6187549999999999,6.5260750000000005
multi_real,43,2,63,7.20268,7.60017,6.49828,6.59906,0.45098,0.68987,2.66614,25.0,0.64957,6.49828
multi_real,43,3,72,6.39386,7.65605,6.577375,6.593019999999999,0.44222,0.7324900000000001,2.61275,24.0,0.662505,6.577375
multi_real,43,4,77,6.45161,8.18138,6.75759,6.53126,0.46667,0.74957,2.67997,25.0,0.68312,6.75759
multi_real,43,5,85,7.58123,8.18138,6.90789,6.57225,0.47945,0.75832,2.67997,24.0,0.69939,6.90789
multi_real,43,6,87,7.70519,8.18138,7.0112,6.5737,0.4697,0.75575,2.66134,24.0,0.70657,7.0112
multi_real,43,7,88,8.1518,8.25241,7.27852,6.64412,0.5,0.763455,2.65462,24.0,0.7166399999999999,7.27852
multi_real,43,8,89,7.79014,8.25241,7.29741,6.64763,0.47619,0.77997,2.65937,24.0,0.72766,7.29741
multi_real,43,9,91,6.77966,8.25241,7.30232,6.65223,0.44444,0.7889,2.65937,24.0,0.73933,7.30232
multi_real,43,10,92,6.493779999999999,8.25241,7.359225,6.676534999999999,0.41523,0.79528,2.608465,24.0,0.7523150000000001,7.359225
multi_real,43,11,92,6.493779999999999,8.25241,7.468935,6.64809,0.40839000000000003,0.802775,2.54167,24.0,0.76363,7.468935
multi_real,43,12,93,6.77966,8.25241,7.49397,6.64061,0.41379,0.80336,2.47429,24.0,0.77018,7.49397
multi_real,43,13,93,7.22022,8.25241,7.51777,6.64625,0.42553,0.81855,2.43501,23.0,0.77935,7.51777
multi_real,43,14,96,7.20488,8.25241,7.529495,6.653795000000001,0.42212,0.82221,2.41674,23.0,0.78243,7.529495
multi_real,43,15,96,6.10169,8.25241,7.530275,6.63558,0.39853000000000005,0.84631,2.38537,23.0,0.78666,7.530275
multi_real,43,16,97,5.99078,8.25241,7.55208,6.61702,0.38462,0.85287,2.28621,23.0,0.79213,7.55208
multi_real,43,17,97,5.99078,8.25241,7.55286,6.61702,0.38462,0.85924,2.22158,23.0,0.79446,7.55286
multi_real,43,18,98,6.10169,8.25241,7.530514999999999,6.58868,0.38462,0.86547,2.179285,22.0,0.799285,7.530514999999999
multi_real,43,19,98,6.45161,8.25241,7.530514999999999,6.579965,0.37905,0.870065,2.147425,22.0,0.80371,7.530514999999999
multi_real,43,20,98,6.45161,8.25241,7.54385,6.59085,0.38132,0.87404,2.1076449999999998,22.0,0.80644,7.54385
multi_real,43,21,98,6.046234999999999,8.25241,7.558895,6.604979999999999,0.37756999999999996,0.877435,2.0840899999999998,22.0,0.80758,7.558895
multi_real,43,22,98,6.046234999999999,8.25241,7.564135,6.59085,0.37756999999999996,0.87287,2.0462949999999998,22.0,0.8083199999999999,7.564135
multi_real,43,23,98,5.936565,8.25241,7.564135,6.579965,0.37756999999999996,0.873255,2.029425,22.0,0.809555,7.564135
multi_real,43,24,98,5.77617,8.25241,7.557779999999999,6.5784,0.37736,0.873255,2.008375,22.0,0.810955,7.557779999999999
multi_real,43,25,98,5.77617,8.25241,7.554435,6.571445,0.37512,0.877435,2.008375,22.0,0.8116300000000001,7.554435
multi_real,43,26,98,5.82926,8.25241,7.557779999999999,6.571445,0.37512,0.87849,2.02102,22.0,0.813875,7.557779999999999
multi_real,43,27,98,5.936565,8.25241,7.557779999999999,6.579965,0.3701,0.880475,2.007135,22.0,0.814765,7.557779999999999
multi_real,43,28,98,5.936565,8.25241,7.557779999999999,6.579965,0.368825,0.88221,1.99201,22.0,0.8169150000000001,7.557779999999999
multi_real,43,29,98,5.99078,8.18138,7.557779999999999,6.5836749999999995,0.368825,0.883255,1.9844300000000001,21.0,0.81735,7.557779999999999
multi_real,43,30,99,6.10169,8.18138,7.56178,6.5835,0.36667,0.88827,1.98176,21.0,0.82185,7.56178
multi_real,43,31,99,6.10169,8.18138,7.56456,6.5835,0.36538,0.89118,1.96702,21.0,0.82279,7.56456
multi_real,43,32,99,5.99078,8.18138,7.5806,6.58077,0.36538,0.89046,1.9615,21.0,0.82354,7.5806
multi_real,43,33,99,5.76271,8.18138,7.58156,6.57764,0.36207,0.89183,1.95451,21.0,0.82609,7.58156
multi_real,43,34,99,5.99078,8.18138,7.58156,6.57171,0.36538,0.90427,1.95346,21.0,0.82676,7.58156
multi_real,43,35,99,5.88235,8.18138,7.58156,6.56537,0.36364,0.90512,1.95451,21.0,0.82777,7.58156
multi_real,43,36,99,5.88235,8.18138,7.58314,6.53727,0.36364,0.90631,1.95451,21.0,0.82937,7.58314
multi_real,43,37,99,5.76271,7.94248,7.61596,6.51676,0.36066,0.90679,1.95346,21.0,0.82957,7.61596
multi_real,43,38,100,5.82253,7.94248,7.61942,6.518834999999999,0.361365,0.907185,1.9539849999999999,21.0,0.83018,7.61942
multi_real,43,39,100,5.397285,7.94248,7.627625,6.524725,0.35505,0.907595,1.9539849999999999,21.0,0.8305400000000001,7.627625
multi_real,43,40,100,5.397285,7.94248,7.63251,6.524725,0.35417,0.907745,1.9516149999999999,21.0,0.831055,7.63251
multi_real,43,41,100,5.397285,7.94248,7.63251,6.524725,0.35417,0.9084099999999999,1.9516149999999999,21.0,0.831225,7.63251
multi_real,43,42,100,5.397285,7.94248,7.634705,6.51774,0.34994000000000003,0.907595,1.95543,21.0,0.831485,7.634705
multi_real,43,43,100,5.397285,7.94248,7.63041,6.524725,0.346545,0.909925,1.9539849999999999,21.0,0.83184,7.63041
multi_real,43,44,100,5.22876,7.94248,7.63251,6.53144,0.3458,0.909925,1.94917,21.0,0.832265,7.63251
multi_real,43,45,100,5.22876,7.94248,7.64614,6.534035,0.346545,0.911365,1.94668,21.0,0.83462,7.64614
multi_real,43,46,100,5.22876,7.94248,7.646915,6.53598,0.346545,0.91196,1.9539849999999999,21.0,0.8354299999999999,7.646915
multi_real,43,47,100,5.22876,7.94248,7.653865,6.534035,0.3458,0.91401,1.9516149999999999,21.0,0.836635,7.653865
multi_real,43,48,100,5.22876,7.94248,7.653865,6.53096,0.34514,0.91703,1.937875,21.0,0.8369949999999999,7.653865
multi_real,43,49,100,5.22876,7.94248,7.646915,6.53096,0.344545,0.91703,1.913545,21.0,0.8375349999999999,7.646915
multi_real,43,50,100,5.22876,7.94248,7.646915,6.5176,0.344545,0.91724,1.913545,21.0,0.837975,7.646915
multi_real,44,0,100,100.0,8.88689,6.5950500000000005,6.802695,1.0,0.5159549999999999,2.964695,29.0,0.583375,6.5950500000000005
multi_real,44,1,48,7.8341,8.23519,6.599315000000001,6.680675000000001,0.4969,0.6718900000000001,3.0233,25.0,0.622805,6.599315000000001
multi_real,44,2,62,7.145754999999999,8.40827,6.68394,6.6474150000000005,0.48366,0.76605,2.95244,25.0,0.662325,6.68394
multi_real,44,3,74,7.59543,8.40827,6.889165,6.67945,0.5104249999999999,0.76971,2.8752899999999997,25.0,0.6921999999999999,6.889165
multi_real,44,4,81,7.37327,8.40827,7.02467,6.63848,0.5,0.78819,2.95233,25.0,0.70971,7.02467
multi_real,44,5,85,7.37327,8.11083,7.09707,6.66488,0.51316,0.79275,2.95233,25.0,0.7178,7.09707
multi_real,44,6,89,8.48375,8.1454,7.17626,6.68206,0.52239,0.8041,2.96678,24.0,0.72946,7.17626
multi_real,44,7,90,9.095655,8.1454,7.2332149999999995,6.69984,0.5263450000000001,0.8428899999999999,2.878485,23.0,0.7395849999999999,7.2332149999999995
multi_real,44,8,94,9.095655,8.33475,7.322165,6.673439999999999,0.53058,0.8469599999999999,2.8273349999999997,23.0,0.748605,7.322165
multi_real,44,9,94,9.425650000000001,8.33475,7.36381,6.679795,0.531255,0.85368,2.857885,23.0,0.760975,7.36381
multi_real,44,10,95,10.45752,8.33475,7.40278,6.65008,0.53968,0.8566,2.89838,23.0,0.77016,7.40278
multi_real,44,11,95,10.28881,8.33475,7.43634,6.64576,0.53846,0.86066,2.89838,23.0,0.77529,7.43634
multi_real,44,12,95,10.45752,8.33475,7.48159,6.69828,0.54098,0.85837,2.89838,23.0,0.77911,7.48159
multi_real,44,13,95,10.45752,8.40823,7.54208,6.69828,0.54386,0.86546,2.87773,23.0,0.78232,7.54208
multi_real,44,14,95,11.2532,8.40823,7.65218,6.67634,0.55385,0.86584,2.8542,23.0,0.78436,7.65218
multi_real,44,15,95,11.76471,8.40823,7.76209,6.63785,0.56061,0.86584,2.87037,23.0,0.78761,7.76209
multi_real,44,16,96,11.76471,8.40823,7.831115,6.636900000000001,0.560305,0.867455,2.87405,23.0,0.791555,7.831115
multi_real,44,17,96,11.81456,8.49379,7.842169999999999,6.668935,0.56351,0.8675550000000001,2.8958,23.0,0.7965500000000001,7.842169999999999
multi_real,44,18,96,12.599799999999998,8.49379,7.87612,6.608645,0.56623,0.87213,2.9038649999999997,22.0,0.800055,7.87612
multi_real,44,19,96,12.7572,8.49379,7.882815,6.611435,0.56226,0.87476,2.913445,22.0,0.8021,7.882815
multi_real,44,20,97,12.88136,8.49379,7.88412,6.63595,0.56452,0.87505,2.90935,22.0,0.80363,7.88412
multi_real,44,21,98,12.81928,8.49379,7.88139,6.608645,0.546165,0.88105,2.8958,22.0,0.806765,7.88139
multi_real,44,22,99,12.88136,8.49379,7.89982,6.60685,0.54688,0.88147,2.91327,22.0,0.80941,7.89982
multi_real,44,23,99,12.7572,8.49379,7.88151,6.61043,0.54688,0.8832,2.89777,22.0,0.81073,7.88151
multi_real,44,24,99,12.88136,8.49379,7.88932,6.61043,0.55738,0.88341,2.88035,22.0,0.81253,7.88932
multi_real,44,25,99,12.88136,8.49379,7.89982,6.59708,0.55738,0.88362,2.87037,22.0,0.81455,7.89982
multi_real,44,26,99,12.88136,8.49379,7.89982,6.59708,0.55172,0.88397,2.85798,22.0,0.81566,7.89982
multi_real,44,27,99,12.88136,8.49379,7.95093,6.58405,0.56452,0.88583,2.87037,22.0,0.81632,7.95093
multi_real,44,28,100,12.90323,8.49379,7.98554,6.56977,0.566745,0.888695,2.87416,22.0,0.817565,7.98554
multi_real,44,29,100,12.90323,8.49379,7.970445,6.56977,0.56452,0.8935299999999999,2.8667949999999998,22.0,0.8180350000000001,7.970445
multi_real,44,30,100,12.90323,8.49379,7.95903,6.5516749999999995,0.56452,0.8935299999999999,2.8667949999999998,22.0,0.818595,7.95903
multi_real,44,31,100,13.133645000000001,8.49379,7.975619999999999,6.556325,0.56296,0.8935299999999999,2.86062,22.0,0.81888,7.975619999999999
multi_real,44,32,100,12.90323,8.49379,8.001485,6.54843,0.56452,0.89526,2.8558700000000004,22.0,0.81996,8.001485
multi_real,44,33,100,12.90323,8.49379,8.03279,6.545025000000001,0.566745,0.895535,2.85776,22.0,0.8201799999999999,8.03279
multi_real,44,34,100,12.90323,8.49379,8.03279,6.54427,0.566745,0.894925,2.8549350000000002,22.0,0.8204499999999999,8.03279
multi_real,44,35,100,12.90323,8.50158,8.049505,6.547775,0.566745,0.899405,2.848565,22.0,0.821345,8.049505
multi_real,44,36,100,13.450985,8.50158,8.03279,6.56518,0.566745,0.90066,2.827115,22.0,0.82212,8.03279
multi_real,44,37,100,13.548615,8.50158,8.049505,6.56518,0.5713699999999999,0.90066,2.830305,22.0,0.82226,8.049505
multi_real,44,38,100,13.569785,8.50158,8.049505,6.56834,0.5759449999999999,0.90095,2.826175,22.0,0.82271,8.049505
multi_real,44,39,100,13.569785,8.50158,8.058295000000001,6.56834,0.5759449999999999,0.90095,2.82356,22.0,0.82302,8.058295000000001
multi_real,44,40,100,13.569785,8.50158,8.093430000000001,6.55476,0.57377,0.90095,2.82356,22.0,0.82405,8.093430000000001
multi_real,44,41,100,13.569785,8.50158,8.093430000000001,6.55476,0.57377,0.90046,2.82356,22.0,0.825415,8.093430000000001
multi_real,44,42,100,13.569785,8.50158,8.08644,6.55476,0.57377,0.90095,2.82035,22.0,0.825415,8.08644
multi_real,44,43,100,13.81074,8.50158,8.0954,6.56551,0.5759449999999999,0.90095,2.82356,22.0,0.826855,8.0954
multi_real,44,44,100,13.85483,8.50158,8.098305,6.5772949999999994,0.5759449999999999,0.901985,2.826175,22.0,0.8274900000000001,8.098305
multi_real,44,45,100,14.068105,8.50158,8.098305,6.581635,0.578535,0.901985,2.826175,22.0,0.8279099999999999,8.098305
multi_real,44,46,100,13.85483,8.50158,8.0954,6.581635,0.5759449999999999,0.904485,2.82035,22.0,0.82832,8.0954
multi_real,44,47,100,13.85483,8.50158,8.105525,6.579705000000001,0.5759449999999999,0.901985,2.82035,22.0,0.82874,8.105525
multi_real,44,48,100,13.695495,8.50158,8.0954,6.579705000000001,0.57377,0.905575,2.82356,22.0,0.829005,8.0954
multi_real,44,49,100,13.55908,8.50158,8.096315,6.579705000000001,0.57377,0.905575,2.82641,22.0,0.829305,8.096315
multi_real,44,50,100,13.55908,8.50158,8.095344999999998,6.584065000000001,0.57377,0.905335,2.82035,22.0,0.829305,8.095344999999998
multi_real,45,0,100,100.0,8.50158,6.71856,6.6071100000000005,1.0,0.493815,2.916545,30.0,0.59015,6.71856
multi_real,45,1,44,8.092185,7.78443,6.663785000000001,6.61753,0.486235,0.7099,2.960605,25.0,0.65941,6.663785000000001
multi_real,45,2,68,6.36516,7.8555,6.656345,6.590185,0.46640000000000004,0.725155,2.938945,23.0,0.66513,6.656345
multi_real,45,3,80,6.60661,8.41078,6.74852,6.61618,0.47174,0.74735,2.92819,24.0,0.689155,6.74852
multi_real,45,4,84,6.60661,8.5204,6.842005,6.6254100000000005,0.445065,0.8035,2.8465249999999997,23.0,0.701715,6.842005
multi_real,45,5,88,6.728465,8.48287,7.0535,6.658645,0.448535,0.8035,2.814155,23.5,0.7098599999999999,7.0535
multi_real,45,6,88,6.48329,8.48287,7.141755,6.659335,0.445495,0.80488,2.82601,24.0,0.71602,7.141755
multi_real,45,7,91,7.37327,8.48287,7.31933,6.65598,0.46154,0.82203,2.79847,24.0,0.72722,7.31933
multi_real,45,8,92,7.097315,8.48287,7.460165,6.626435,0.45277,0.83502,2.7566699999999997,24.0,0.74065,7.460165
multi_real,45,9,92,7.184575,8.47449,7.520425,6.62221,0.45049,0.845075,2.6945550000000003,23.0,0.750155,7.520425
multi_real,45,10,92,6.41727,8.47449,7.548595,6.62221,0.45049,0.845075,2.790645,23.5,0.75856,7.548595
multi_real,45,11,93,7.03971,8.47449,7.57202,6.58784,0.44444,0.8555,2.77942,23.0,0.7734,7.57202
multi_real,45,12,94,7.386995,8.47449,7.584125,6.587985,0.4414,0.861055,2.697555,23.0,0.782215,7.584125
multi_real,45,13,96,7.43645,8.47449,7.58089,6.5733,0.4414,0.862975,2.697555,23.0,0.7873600000000001,7.58089
multi_real,45,14,97,8.69565,8.47449,7.64079,6.57841,0.45,0.87709,2.68045,22.0,0.79343,7.64079
multi_real,45,15,98,9.0535,8.52627,7.6710449999999994,6.58112,0.457195,0.874285,2.65305,22.0,0.796135,7.6710449999999994
multi_real,45,16,99,9.80392,8.52627,7.6876,6.58813,0.47143,0.87709,2.62392,22.0,0.80105,7.6876
multi_real,45,17,99,10.16949,8.52627,7.6961,6.58784,0.47143,0.87709,2.62874,22.0,0.80175,7.6961
multi_real,45,18,99,9.80392,8.47449,7.6734,6.58813,0.45614,0.87791,2.5929,22.0,0.80482,7.6734
multi_real,45,19,99,9.83051,8.47449,7.6734,6.58383,0.45098,0.87939,2.5929,22.0,0.8069,7.6734
multi_real,45,20,99,10.16949,8.47449,7.68064,6.58406,0.45614,0.8803,2.61486,22.0,0.80953,7.68064
multi_real,45,21,99,10.16949,8.47449,7.68086,6.56057,0.45614,0.88102,2.61906,22.0,0.80968,7.68086
multi_real,45,22,99,9.97442,8.47449,7.68086,6.54551,0.44643,0.88281,2.6162,22.0,0.81081,7.68086
multi_real,45,23,99,9.80392,8.47449,7.71245,6.53373,0.45,0.88602,2.61486,22.0,0.81291,7.71245
multi_real,45,24,99,9.83051,8.47449,7.74818,6.54551,0.45098,0.88522,2.61486,22.0,0.81303,7.74818
multi_real,45,25,99,9.83051,8.47449,7.74245,6.53373,0.45098,0.88664,2.57878,22.0,0.81547,7.74245
multi_real,45,26,99,9.15254,8.47449,7.74245,6.5396,0.44444,0.88983,2.54715,22.0,0.81693,7.74245
multi_real,45,27,99,9.15254,8.47449,7.74903,6.5396,0.44615,0.89228,2.52664,21.0,0.82062,7.74903
multi_real,45,28,99,9.15254,8.47449,7.74104,6.5396,0.44615,0.8942,2.51515,21.0,0.82279,7.74104
multi_real,45,29,99,9.80392,8.47449,7.74903,6.5396,0.45098,0.89465,2.52664,21.0,0.82415,7.74903
multi_real,45,30,99,9.15254,8.47449,7.74903,6.543,0.44776,0.89817,2.45598,21.0,0.8257,7.74903
multi_real,45,31,99,9.15254,8.47449,7.75518,6.53373,0.44776,0.89844,2.449,21.0,0.82574,7.75518
multi_real,45,32,99,9.15033,8.28304,7.74104,6.53819,0.43056,0.9013,2.27586,21.0,0.82921,7.74104
multi_real,45,33,99,9.0535,8.28304,7.74104,6.53373,0.42857,0.9013,2.26873,21.0,0.82942,7.74104
multi_real,45,34,99,9.15033,8.28304,7.74903,6.53819,0.43056,0.9047,2.28435,21.0,0.83001,7.74903
multi_real,45,35,99,9.0535,8.28304,7.74903,6.53373,0.42593,0.90681,2.28435,21.0,0.83113,7.74903
multi_real,45,36,99,8.29493,8.28304,7.74903,6.5404,0.41935,0.90712,2.27586,21.0,0.83145,7.74903
multi_real,45,37,99,8.29493,8.28304,7.74903,6.5396,0.41935,0.90712,2.26873,21.0,0.8317,7.74903
multi_real,45,38,99,7.8341,8.28304,7.74903,6.5396,0.42593,0.90701,2.26873,21.0,0.83172,7.74903
multi_real,45,39,99,7.45763,8.28304,7.74903,6.53819,0.41935,0.90712,2.26088,21.0,0.83172,7.74903
multi_real,45,40,99,7.40072,8.28304,7.74038,6.53373,0.41667,0.9077,2.22581,21.0,0.83178,7.74038
multi_real,45,41,99,7.45763,8.28304,7.74903,6.52608,0.41667,0.9077,2.23249,21.0,0.83285,7.74903
multi_real,45,42,99,7.40072,8.28304,7.74903,6.53106,0.40741,0.9077,2.20286,21.0,0.83309,7.74903
multi_real,45,43,99,7.45763,8.28304,7.74903,6.52854,0.40741,0.90788,2.20286,21.0,0.83351,7.74903
multi_real,45,44,99,7.45763,8.28304,7.74903,6.52408,0.40909,0.90788,2.17305,21.0,0.83391,7.74903
multi_real,45,45,99,7.45763,8.28304,7.75518,6.53106,0.40909,0.90912,2.20286,21.0,0.83415,7.75518
multi_real,45,46,99,7.8341,8.28304,7.75518,6.52295,0.40909,0.90916,2.22731,21.0,0.83426,7.75518
multi_real,45,47,99,7.8341,8.28304,7.75038,6.52295,0.40741,0.90836,2.22731,21.0,0.8344,7.75038
multi_real,45,48,99,7.45763,8.28304,7.74903,6.52091,0.40741,0.90788,2.20286,21.0,0.83442,7.74903
multi_real,45,49,99,7.8341,8.28304,7.75518,6.52295,0.40741,0.90788,2.22731,21.0,0.83555,7.75518
multi_real,45,50,99,7.45763,8.28304,7.74903,6.52068,0.40678,0.90912,2.1618,21.0,0.83637,7.74903
multi_real,46,0,100,100.0,8.71457,6.490385,6.761205,1.0,0.5439350000000001,2.8631349999999998,28.0,0.586575,6.490385
multi_real,46,1,50,7.47725,8.06221,6.495725,6.583259999999999,0.46072,0.69059,2.8957550000000003,25.5,0.63613,6.495725
multi_real,46,2,67,6.91824,8.06221,6.57839,6.56576,0.47692,0.71755,2.81071,25.0,0.65421,6.57839
multi_real,46,3,75,7.58123,8.34572,6.75279,6.57945,0.48649,0.74529,2.83211,24.0,0.67159,6.75279
multi_real,46,4,78,8.111605,8.34572,6.838815,6.572604999999999,0.489515,0.776535,2.84591,24.0,0.689545,6.838815
multi_real,46,5,79,8.29493,8.34572,7.10113,6.53836,0.45902,0.78136,2.76397,23.0,0.70609,7.10113
multi_real,46,6,83,8.29493,8.34572,7.15992,6.57945,0.44643,0.79129,2.66653,24.0,0.71718,7.15992
multi_real,46,7,85,7.18954,8.34572,7.32637,6.53799,0.43939,0.78136,2.63135,23.0,0.72975,7.32637
multi_real,46,8,88,6.45161,8.40992,7.39715,6.52567,0.40501,0.77524,2.6335100000000002,23.0,0.739625,7.39715
multi_real,46,9,89,7.18954,8.40992,7.40166,6.53164,0.44444,0.82096,2.63135,23.0,0.75978,7.40166
multi_real,46,10,91,6.45161,8.40992,7.40166,6.55781,0.39623,0.83929,2.59734,22.0,0.76727,7.40166
multi_real,46,11,93,6.70017,8.40992,7.47904,6.54757,0.40506,0.8398,2.61707,23.0,0.77154,7.47904
multi_real,46,12,96,7.195595,8.34572,7.504545,6.556655,0.404145,0.84833,2.582405,22.0,0.7755099999999999,7.504545
multi_real,46,13,97,7.20165,8.34572,7.51583,6.55781,0.40789,0.85476,2.51469,22.0,0.784,7.51583
multi_real,46,14,98,8.933530000000001,8.44517,7.542365,6.567935,0.447355,0.866285,2.516645,22.0,0.79014,7.542365
multi_real,46,15,99,8.69565,8.44517,7.54256,6.56048,0.40909,0.87052,2.44388,22.0,0.79465,7.54256
multi_real,46,16,99,8.49673,8.34572,7.55176,6.5399,0.40789,0.87249,2.43713,21.0,0.79592,7.55176
multi_real,46,17,100,8.29493,8.34572,7.55633,6.520944999999999,0.403125,0.8769849999999999,2.402475,21.0,0.8019050000000001,7.55633
multi_real,46,18,100,8.15981,8.34572,7.551905,6.520944999999999,0.38758000000000004,0.88219,2.389315,21.0,0.8035,7.551905
multi_real,46,19,100,7.9293949999999995,8.53715,7.551905,6.520944999999999,0.38758000000000004,0.883275,2.3365299999999998,21.0,0.80445,7.551905
multi_real,46,20,100,7.8341,8.53715,7.55633,6.511934999999999,0.38380000000000003,0.883275,2.293215,21.0,0.8062199999999999,7.55633
multi_real,46,21,100,7.2814049999999995,8.53715,7.57803,6.511934999999999,0.37889,0.883275,2.27616,21.0,0.8095600000000001,7.57803
multi_real,46,22,100,7.18954,8.53715,7.58271,6.50597,0.37889,0.8878950000000001,2.24123,21.0,0.8129949999999999,7.58271
multi_real,46,23,100,7.2814049999999995,8.53715,7.588279999999999,6.497425,0.38149,0.88845,2.236755,21.0,0.8144750000000001,7.588279999999999
multi_real,46,24,100,7.18954,8.53715,7.610110000000001,6.489190000000001,0.37394,0.8899900000000001,2.229105,21.0,0.81671,7.610110000000001
multi_real,46,25,100,7.18954,8.53715,7.62021,6.50123,0.37097,0.8904,2.236755,21.0,0.81836,7.62021
multi_real,46,26,100,7.2814049999999995,8.53715,7.61669,6.50597,0.37288,0.8915949999999999,2.229105,21.0,0.819005,7.61669
multi_real,46,27,100,7.18954,8.53715,7.62021,6.50123,0.37067,0.8906350000000001,2.2070499999999997,21.0,0.8192900000000001,7.62021
multi_real,46,28,100,6.862745,8.53715,7.62344,6.497205,0.36939500000000003,0.89238,2.18716,21.0,0.8205199999999999,7.62344
multi_real,46,29,100,6.493779999999999,8.53715,7.62344,6.489190000000001,0.367885,0.894835,2.1738850000000003,21.0,0.8213299999999999,7.62344
multi_real,46,30,100,6.221195,8.28261,7.62021,6.484705,0.36451,0.90098,2.16125,21.0,0.82491,7.62021
multi_real,46,31,100,5.936565,8.28261,7.62344,6.489190000000001,0.35593,0.9057200000000001,2.16768,21.0,0.826065,7.62344
multi_real,46,32,100,5.99078,8.28261,7.626110000000001,6.5001750000000005,0.35593,0.90835,2.152215,21.0,0.82756,7.626110000000001
multi_real,46,33,100,6.45161,8.28261,7.628595000000001,6.50009,0.360655,0.9080250000000001,2.0961049999999997,21.0,0.828045,7.628595000000001
multi_real,46,34,100,6.45161,8.28261,7.63432,6.49213,0.367885,0.90835,2.106385,21.0,0.828395,7.63432
multi_real,46,35,100,6.45161,8.28261,7.639525,6.48404,0.367885,0.90835,2.092425,21.0,0.8288150000000001,7.639525
multi_real,46,36,100,6.45161,8.28261,7.6402,6.48404,0.367885,0.91152,2.050455,21.0,0.83106,7.6402
multi_real,46,37,100,6.221195,8.28261,7.6531400000000005,6.49697,0.3613,0.914025,2.092425,21.0,0.8324750000000001,7.6531400000000005
multi_real,46,38,100,6.820575,8.28261,7.66402,6.50009,0.36842,0.914025,2.080585,21.0,0.8344199999999999,7.66402
multi_real,46,39,100,6.45161,8.28261,7.67746,6.50009,0.36701,0.915865,2.09636,21.0,0.834875,7.67746
multi_real,46,40,100,6.45161,8.28261,7.6696,6.501665,0.367545,0.916895,2.087675,21.0,0.83596,7.6696
multi_real,46,41,100,6.221195,8.28261,7.66402,6.501665,0.3613,0.91795,2.087675,21.0,0.8362750000000001,7.66402
multi_real,46,42,100,6.45161,8.28261,7.6749600000000004,6.501665,0.367545,0.918425,2.1136299999999997,21.0,0.83639,7.6749600000000004
multi_real,46,43,100,6.820575,8.28261,7.69024,6.4965,0.36939500000000003,0.918695,2.0808400000000002,21.0,0.837235,7.69024
multi_real,46,44,100,7.18954,8.28261,7.6882649999999995,6.494465,0.37037,0.918695,2.0808400000000002,21.0,0.8377650000000001,7.6882649999999995
multi_real,46,45,100,6.45161,8.28261,7.6882649999999995,6.49104,0.36939500000000003,0.919895,2.05762,21.0,0.8387899999999999,7.6882649999999995
multi_real,46,46,100,6.45161,8.28261,7.691105,6.49104,0.36939500000000003,0.918695,2.05762,21.0,0.839505,7.691105
multi_real,46,47,100,6.45161,8.28261,7.6930700000000005,6.491205,0.37037,0.91795,2.05762,21.0,0.840155,7.6930700000000005
multi_real,46,48,100,6.820575,8.28261,7.6930700000000005,6.486365,0.371625,0.91795,2.05762,21.0,0.8408850000000001,7.6930700000000005
multi_real,46,49,100,6.45161,8.26268,7.6930700000000005,6.474724999999999,0.371625,0.91742,2.052695,21.0,0.841305,7.6930700000000005
multi_real,46,50,100,6.45161,8.26268,7.695085,6.474724999999999,0.371625,0.91692,2.052695,21.0,0.841305,7.695085
multi_scrambled,42,0,100,100.0,8.4666,6.66064,6.59201,1.0,0.51425,2.83206,30.0,0.58458,6.59201
multi_scrambled,42,1,44,10.77687,7.58436,6.28383,6.62899,0.5303100000000001,0.717195,2.6610050000000003,24.0,0.6586799999999999,6.62899
multi_scrambled,42,2,70,6.8515,7.75512,6.18617,6.64631,0.44218,0.742335,2.6334850000000003,24.0,0.673485,6.64631
multi_scrambled,42,3,82,7.15409,7.75512,6.168885,6.698275,0.44218,0.783015,2.62805,23.0,0.6864950000000001,6.698275
multi_scrambled,42,4,87,6.58436,7.75512,6.22851,6.7572,0.43056,0.79827,2.59853,23.0,0.7047,6.7572
multi_scrambled,42,5,92,6.28946,7.75512,6.222805,6.82052,0.4162,0.8256049999999999,2.5203699999999998,23.0,0.718955,6.82052
multi_scrambled,42,6,94,5.954275,7.75512,6.215635000000001,6.823725,0.407715,0.839835,2.510495,22.0,0.722245,6.823725
multi_scrambled,42,7,95,5.76271,7.75512,6.23568,6.83065,0.39759,0.85259,2.56891,22.0,0.72932,6.83065
multi_scrambled,42,8,96,6.070655,7.75512,6.23991,6.844645,0.39758499999999997,0.87087,2.5084600000000004,22.0,0.738585,6.844645
multi_scrambled,42,9,97,5.52995,7.26932,6.23618,6.89166,0.3956,0.87318,2.51842,22.0,0.74607,6.89166
multi_scrambled,42,10,97,5.76271,7.26932,6.22748,6.92154,0.39506,0.87866,2.5082,22.0,0.74942,6.92154
multi_scrambled,42,11,98,5.498685,7.26932,6.20749,6.94292,0.39237,0.8818900000000001,2.52013,22.0,0.752095,6.94292
multi_scrambled,42,12,98,5.186395,7.26932,6.232975,6.95837,0.3908,0.883355,2.51328,22.0,0.75315,6.95837
multi_scrambled,42,13,98,5.06912,7.26932,6.232975,6.9851399999999995,0.38895,0.88478,2.51328,22.0,0.75501,6.9851399999999995
multi_scrambled,42,14,98,5.06912,7.25507,6.234995,6.992,0.374245,0.883515,2.51328,22.0,0.75668,6.992
multi_scrambled,42,15,98,5.0036950000000004,7.25507,6.234995,6.992,0.37302,0.893535,2.50622,22.5,0.7586649999999999,6.992
multi_scrambled,42,16,98,4.93827,7.25507,6.2619,6.995185,0.37302,0.897135,2.472295,23.0,0.760635,6.995185
multi_scrambled,42,17,98,4.733815,7.43665,6.281995,7.0093700000000005,0.37067,0.8993800000000001,2.4384550000000003,23.0,0.763,7.0093700000000005
multi_scrambled,42,18,98,4.24765,7.43665,6.2816600000000005,7.021205,0.36352,0.901845,2.4233450000000003,23.0,0.76598,7.021205
multi_scrambled,42,19,98,4.443085,7.43665,6.22882,7.027145,0.36406,0.9030199999999999,2.41937,23.0,0.7672399999999999,7.027145
multi_scrambled,42,20,99,4.0678,7.43665,6.27628,7.03873,0.36047,0.90249,2.41955,23.0,0.76867,7.03873
multi_scrambled,42,21,100,4.0678,7.43665,6.2234300000000005,7.045059999999999,0.36001,0.901845,2.418595,23.0,0.769575,7.045059999999999
multi_scrambled,42,22,100,4.503405000000001,7.43665,6.205310000000001,7.051765,0.360885,0.9044449999999999,2.4114199999999997,23.0,0.7709600000000001,7.051765
multi_scrambled,42,23,100,4.503405000000001,7.43665,6.260765,7.051765,0.360885,0.905565,2.41937,23.0,0.771255,7.051765
multi_scrambled,42,24,100,4.898805,7.43665,6.23768,7.068765,0.36590999999999996,0.905565,2.3903350000000003,23.0,0.77346,7.068765
multi_scrambled,42,25,100,4.93827,7.43665,6.303235,7.080920000000001,0.37349,0.909805,2.439755,23.0,0.7745949999999999,7.080920000000001
multi_scrambled,42,26,100,4.93827,7.43665,6.318215,7.076855,0.37349,0.912085,2.3903350000000003,23.0,0.77776,7.076855
multi_scrambled,42,27,100,4.93827,7.43665,6.34374,7.079715,0.37278999999999995,0.91445,2.378755,23.0,0.77859,7.079715
multi_scrambled,42,28,100,4.93827,7.36238,6.3502,7.09825,0.37349,0.915045,2.3903350000000003,23.0,0.7792049999999999,7.09825
multi_scrambled,42,29,100,4.93827,7.36238,6.37237,7.09209,0.37987000000000004,0.916425,2.3903350000000003,23.0,0.7799149999999999,7.09209
multi_scrambled,42,30,100,5.106574999999999,7.41947,6.37237,7.099024999999999,0.38095,0.917725,2.378755,23.0,0.7821149999999999,7.099024999999999
multi_scrambled,42,31,100,4.93827,7.41947,6.375265000000001,7.09209,0.375,0.918445,2.36326,23.0,0.7827850000000001,7.09209
multi_scrambled,42,32,100,4.795925,7.41947,6.42043,7.104839999999999,0.37349,0.919,2.36326,23.0,0.7835749999999999,7.104839999999999
multi_scrambled,42,33,100,4.7128250000000005,7.41947,6.405255,7.104839999999999,0.37153,0.919665,2.3391900000000003,23.0,0.784465,7.104839999999999
multi_scrambled,42,34,100,4.85934,7.41947,6.44564,7.128135,0.374245,0.9198200000000001,2.36214,23.0,0.7851049999999999,7.128135
multi_scrambled,42,35,100,4.85934,7.41947,6.433025,7.1328,0.374245,0.9198200000000001,2.36214,23.0,0.78561,7.1328
multi_scrambled,42,36,100,4.85848,7.41947,6.438845,7.142395,0.37349,0.9191549999999999,2.36214,23.0,0.786165,7.142395
multi_scrambled,42,37,100,4.795065,7.41947,6.438845,7.12964,0.37067,0.9198200000000001,2.335985,23.0,0.78624,7.12964
multi_scrambled,42,38,100,4.670400000000001,7.41947,6.45354,7.128064999999999,0.36885999999999997,0.9200550000000001,2.31274,23.0,0.786825,7.128064999999999
multi_scrambled,42,39,100,4.605935000000001,7.41947,6.450465,7.137785,0.361975,0.9203300000000001,2.31274,23.0,0.7872250000000001,7.137785
multi_scrambled,42,40,100,4.670400000000001,7.41947,6.450465,7.139835,0.364175,0.9203300000000001,2.31274,23.0,0.787865,7.139835
multi_scrambled,42,41,100,4.795065,7.41947,6.43982,7.139835,0.36626000000000003,0.9207700000000001,2.3255999999999997,23.0,0.7882199999999999,7.139835
multi_scrambled,42,42,100,4.795065,7.41947,6.420669999999999,7.146504999999999,0.36626000000000003,0.9211149999999999,2.352055,23.0,0.7888850000000001,7.146504999999999
multi_scrambled,42,43,100,4.86656,7.41947,6.451225,7.17375,0.37341,0.921195,2.352055,23.0,0.7905549999999999,7.17375
multi_scrambled,42,44,100,4.93827,7.41947,6.43982,7.17948,0.37341,0.9227650000000001,2.352055,23.0,0.790605,7.17948
multi_scrambled,42,45,100,4.9024149999999995,7.41947,6.420669999999999,7.17375,0.37215,0.9237150000000001,2.33995,23.0,0.790685,7.17375
multi_scrambled,42,46,100,4.86209,7.41947,6.41174,7.19326,0.36916000000000004,0.924255,2.3197200000000002,23.0,0.791595,7.19326
multi_scrambled,42,47,100,4.670400000000001,7.41947,6.420669999999999,7.227385,0.36916000000000004,0.924255,2.335185,23.0,0.791785,7.227385
multi_scrambled,42,48,100,4.670400000000001,7.41947,6.4543,7.245255,0.37238,0.92454,2.33995,23.0,0.79244,7.245255
multi_scrambled,42,49,100,4.795065,7.41947,6.5069,7.2715,0.37341,0.92493,2.3641550000000002,23.0,0.7941849999999999,7.2715
multi_scrambled,42,50,100,4.85848,7.41947,6.523899999999999,7.277175,0.375,0.92493,2.3890700000000002,23.0,0.79463,7.277175
multi_scrambled,43,0,100,100.0,8.56234,6.514155,6.699425,1.0,0.53384,2.744945,29.0,0.59623,6.699425
multi_scrambled,43,1,47,7.40741,7.33591,6.25302,6.64195,0.46575,0.66591,2.59313,24.0,0.64626,6.64195
multi_scrambled,43,2,62,7.757885,7.29623,6.11298,6.66308,0.44028500000000004,0.727555,2.57607,23.0,0.669585,6.66308
multi_scrambled,43,3,73,7.40741,7.60149,6.30727,6.69564,0.43284,0.77969,2.60282,23.0,0.69252,6.69564
multi_scrambled,43,4,82,7.15409,7.61996,6.306405,6.773815,0.42857,0.8004100000000001,2.558605,23.0,0.70598,6.773815
multi_scrambled,43,5,83,7.11864,7.48423,6.15976,6.76313,0.41379,0.82175,2.54187,22.0,0.71683,6.76313
multi_scrambled,43,6,87,7.11864,7.9658,6.11836,6.78331,0.41429,0.85772,2.51133,22.0,0.72876,6.78331
multi_scrambled,43,7,89,6.3786,7.9658,6.1237,6.83012,0.40678,0.85791,2.45571,22.0,0.73558,6.83012
multi_scrambled,43,8,91,5.37084,7.52875,6.15976,6.85466,0.38372,0.86587,2.39097,22.0,0.74415,6.85466
multi_scrambled,43,9,93,5.22876,7.52875,6.1414,6.92641,0.38095,0.86858,2.4097,22.0,0.74729,6.92641
multi_scrambled,43,10,94,4.93827,7.52875,6.119770000000001,6.913545,0.366925,0.875905,2.30336,22.0,0.74973,6.913545
multi_scrambled,43,11,94,4.93827,7.62261,6.123785,6.886945000000001,0.36844,0.8864449999999999,2.2708399999999997,22.0,0.7559,6.886945000000001
multi_scrambled,43,12,94,5.22876,7.62261,6.113715,6.9171949999999995,0.37246,0.8864449999999999,2.286375,23.0,0.75851,6.9171949999999995
multi_scrambled,43,13,96,5.37084,7.65042,6.10048,6.959605,0.377155,0.887525,2.2708399999999997,23.0,0.760935,6.959605
multi_scrambled,43,14,97,5.55556,7.65042,6.10733,6.97249,0.38028,0.88691,2.24223,23.0,0.76701,6.97249
multi_scrambled,43,15,97,5.76271,7.65042,6.11584,6.99922,0.38333,0.88971,2.18781,23.0,0.76938,6.99922
multi_scrambled,43,16,97,5.96708,7.65042,6.14664,7.01589,0.38983,0.88971,2.18781,23.0,0.77092,7.01589
multi_scrambled,43,17,99,5.96708,7.65042,6.09363,7.02188,0.39344,0.88936,2.23224,23.0,0.77178,7.02188
multi_scrambled,43,18,99,5.76271,7.65042,6.06955,7.07305,0.38983,0.88936,2.23464,23.0,0.77358,7.07305
multi_scrambled,43,19,99,5.96708,7.65042,6.06955,7.07334,0.38462,0.88655,2.18781,23.0,0.77558,7.07334
multi_scrambled,43,20,99,6.19765,7.65042,6.0569,7.09099,0.4,0.88598,2.2211,23.0,0.77598,7.09099
multi_scrambled,43,21,99,6.45161,7.65042,6.01996,7.0975,0.4,0.88598,2.23464,22.0,0.77765,7.0975
multi_scrambled,43,22,99,5.99078,7.65042,5.95087,7.11735,0.40678,0.88936,2.29187,23.0,0.77893,7.11735
multi_scrambled,43,23,99,5.99078,7.65042,5.95087,7.11583,0.40678,0.89173,2.24223,23.0,0.77952,7.11583
multi_scrambled,43,24,99,5.76271,7.65042,5.92921,7.17351,0.40678,0.8903,2.26483,23.0,0.78229,7.17351
multi_scrambled,43,25,99,6.19765,7.65042,5.92921,7.18996,0.40678,0.89173,2.28775,23.0,0.78338,7.18996
multi_scrambled,43,26,99,6.19765,7.65042,5.93399,7.18996,0.40678,0.89495,2.26483,23.0,0.78443,7.18996
multi_scrambled,43,27,99,6.19765,7.65042,5.92368,7.17835,0.4,0.89514,2.24223,23.0,0.78642,7.17835
multi_scrambled,43,28,99,6.19765,7.65042,5.92368,7.18996,0.40678,0.89514,2.26483,23.0,0.78747,7.18996
multi_scrambled,43,29,99,5.88235,7.65042,5.87841,7.20216,0.4,0.90027,2.26483,23.0,0.78847,7.20216
multi_scrambled,43,30,99,5.76271,7.65042,5.86784,7.22816,0.4,0.90059,2.28775,22.0,0.78933,7.22816
multi_scrambled,43,31,99,6.19765,7.65042,5.86784,7.22829,0.40625,0.90423,2.2893,22.0,0.78952,7.22829
multi_scrambled,43,32,99,6.19765,7.65042,5.87326,7.24498,0.40678,0.90465,2.36759,22.0,0.79048,7.24498
multi_scrambled,43,33,99,6.19765,7.65042,5.87326,7.24498,0.40678,0.90465,2.36759,22.0,0.79048,7.24498
multi_scrambled,43,34,100,6.10716,7.65042,5.8705099999999995,7.2599149999999995,0.403125,0.90749,2.367625,22.0,0.79115,7.2599149999999995
multi_scrambled,43,35,100,6.10716,7.65042,5.8705099999999995,7.25453,0.38983,0.9089050000000001,2.385545,22.0,0.7913749999999999,7.25453
multi_scrambled,43,36,100,6.10716,7.65042,5.863785,7.240740000000001,0.38983,0.909715,2.385545,22.0,0.792035,7.240740000000001
multi_scrambled,43,37,100,6.45161,7.65042,5.8705099999999995,7.27029,0.39863000000000004,0.909015,2.404255,22.5,0.793315,7.27029
multi_scrambled,43,38,100,6.45161,7.65042,5.8705099999999995,7.2751,0.39863000000000004,0.909715,2.404255,22.5,0.7936650000000001,7.2751
multi_scrambled,43,39,100,6.16698,7.65042,5.856859999999999,7.27029,0.39354500000000003,0.91008,2.392075,22.0,0.793995,7.27029
multi_scrambled,43,40,100,6.91244,7.65042,5.848485,7.26512,0.403125,0.913295,2.409205,22.0,0.7941199999999999,7.26512
multi_scrambled,43,41,100,6.45161,7.65042,5.829330000000001,7.258685,0.39863000000000004,0.913295,2.392075,22.0,0.7941849999999999,7.258685
multi_scrambled,43,42,100,6.91244,7.65042,5.826945,7.270345,0.403125,0.914825,2.404255,22.0,0.79432,7.270345
multi_scrambled,43,43,100,7.37327,7.65042,5.825975,7.265174999999999,0.40625,0.913295,2.38545,22.0,0.7944,7.265174999999999
multi_scrambled,43,44,100,7.838620000000001,7.65042,5.824025,7.2751,0.40651499999999996,0.9118649999999999,2.404255,22.0,0.7944,7.2751
multi_scrambled,43,45,100,7.838620000000001,7.65042,5.821384999999999,7.278585,0.40651499999999996,0.9118649999999999,2.409205,23.0,0.79497,7.278585
multi_scrambled,43,46,100,7.933915,7.65042,5.79186,7.278585,0.40651499999999996,0.9128000000000001,2.4429350000000003,23.0,0.7953399999999999,7.278585
multi_scrambled,43,47,100,7.37327,7.65042,5.781415,7.2764050000000005,0.40625,0.9128000000000001,2.4429350000000003,23.0,0.795685,7.2764050000000005
multi_scrambled,43,48,100,7.37327,7.65042,5.781415,7.2764050000000005,0.40625,0.9128000000000001,2.4429350000000003,23.0,0.795685,7.2764050000000005
multi_scrambled,43,49,100,7.37327,7.65042,5.781415,7.30037,0.40625,0.9128000000000001,2.512705,23.0,0.796185,7.30037
multi_scrambled,43,50,100,8.08014,7.65042,5.777775,7.34213,0.427605,0.9128000000000001,2.542755,23.0,0.796465,7.34213
multi_scrambled,44,0,100,100.0,8.88689,6.5950500000000005,6.802695,1.0,0.5159549999999999,2.964695,29.0,0.59318,6.802695
multi_scrambled,44,1,46,6.32463,7.37495,6.2817050000000005,6.694405,0.47019999999999995,0.673205,2.87583,25.0,0.6447149999999999,6.694405
multi_scrambled,44,2,64,6.484945,8.05234,6.30789,6.780905,0.44721500000000003,0.7492650000000001,2.652965,23.0,0.6940900000000001,6.780905
multi_scrambled,44,3,81,5.77617,8.05234,6.18508,6.801,0.40845,0.809,2.74781,22.0,0.70933,6.801
multi_scrambled,44,4,87,5.96546,8.05234,6.14745,6.83788,0.4,0.83089,2.59015,22.0,0.72461,6.83788
multi_scrambled,44,5,89,5.88235,8.05234,6.20562,6.85964,0.4,0.84935,2.60814,22.0,0.72809,6.85964
multi_scrambled,44,6,93,5.88235,8.05234,6.14967,6.90445,0.38462,0.86157,2.59015,22.0,0.73683,6.90445
multi_scrambled,44,7,94,5.645635,8.05234,6.1253,6.940245,0.38409000000000004,0.8623700000000001,2.5379199999999997,22.0,0.7402299999999999,6.940245
multi_scrambled,44,8,96,5.47684,8.05234,6.14537,6.942255,0.38295500000000005,0.8631500000000001,2.5142550000000004,22.0,0.744255,6.942255
multi_scrambled,44,9,96,4.379955000000001,8.05234,6.07333,6.93513,0.35858999999999996,0.8801650000000001,2.47696,22.0,0.74726,6.93513
multi_scrambled,44,10,96,4.35147,8.05234,6.06057,6.92764,0.35858999999999996,0.896485,2.45334,22.0,0.751375,6.92764
multi_scrambled,44,11,97,4.34783,8.05234,6.04598,6.95443,0.36232,0.89421,2.43245,23.0,0.7566,6.95443
multi_scrambled,44,12,98,4.34783,8.05234,6.06057,6.96589,0.37483999999999995,0.9014,2.409655,23.0,0.75884,6.96589
multi_scrambled,44,13,98,4.77624,8.02338,6.07502,6.98693,0.374245,0.890845,2.37663,23.0,0.760995,6.98693
multi_scrambled,44,14,98,4.61574,8.02338,6.055905,6.983985,0.36573999999999995,0.8993599999999999,2.32321,23.0,0.7644,6.983985
multi_scrambled,44,15,98,4.88113,8.02338,6.105195,7.0112000000000005,0.35966,0.902235,2.29458,23.0,0.767525,7.0112000000000005
multi_scrambled,44,16,98,4.34783,8.02338,6.091855000000001,7.014355,0.35,0.90693,2.3077949999999996,22.5,0.77066,7.014355
multi_scrambled,44,17,98,4.34783,7.30321,6.023070000000001,7.040290000000001,0.34924,0.9053450000000001,2.2996600000000003,23.0,0.773355,7.040290000000001
multi_scrambled,44,18,98,4.33441,7.30321,6.03193,7.02342,0.34924,0.908435,2.29458,23.0,0.77416,7.02342
multi_scrambled,44,19,98,4.32099,7.30321,6.085190000000001,7.04496,0.35146999999999995,0.908745,2.2996600000000003,23.0,0.7742450000000001,7.04496
multi_scrambled,44,20,98,3.97112,7.30321,6.085190000000001,7.049645,0.34924,0.9098999999999999,2.30494,23.0,0.77468,7.049645
multi_scrambled,44,21,98,4.1460550000000005,7.30321,6.105195,7.055865,0.351135,0.910875,2.2741800000000003,23.0,0.7752600000000001,7.055865
multi_scrambled,44,22,98,3.829815,7.30321,6.105195,7.04519,0.34848,0.9098999999999999,2.267665,23.0,0.77569,7.04519
multi_scrambled,44,23,98,3.89171,7.30321,6.091895,7.055865,0.348845,0.91168,2.25535,23.0,0.77771,7.055865
multi_scrambled,44,24,98,3.707725,7.30321,6.13401,7.067145,0.348155,0.91151,2.26748,23.0,0.77867,7.067145
multi_scrambled,44,25,98,3.707725,7.26954,6.091895,7.068685,0.34024,0.91294,2.26152,23.0,0.77913,7.068685
multi_scrambled,44,26,98,3.648375,7.26954,6.076055,7.07039,0.34024,0.916885,2.250465,23.0,0.7799050000000001,7.07039
multi_scrambled,44,27,98,3.315405,7.26954,6.04969,7.07619,0.33846,0.912295,2.250465,23.0,0.780195,7.07619
multi_scrambled,44,28,98,3.29218,7.26954,6.0323150000000005,7.07619,0.33804,0.91619,2.237,23.0,0.7819400000000001,7.07619
multi_scrambled,44,29,98,3.2359150000000003,7.26954,6.005985,7.086595,0.33333,0.916415,2.24295,23.0,0.782065,7.086595
multi_scrambled,44,30,98,3.29218,7.26954,5.999305,7.094805,0.33333,0.915675,2.2155199999999997,23.0,0.7824249999999999,7.094805
multi_scrambled,44,31,99,3.33863,7.4525,5.99325,7.10939,0.33846,0.91533,2.24805,23.0,0.78345,7.10939
multi_scrambled,44,32,99,3.33863,7.4525,6.00489,7.1083,0.33846,0.91636,2.23785,23.0,0.78362,7.1083
multi_scrambled,44,33,99,3.61011,7.4525,6.07395,7.10674,0.34177,0.91647,2.23479,23.0,0.78522,7.10674
multi_scrambled,44,34,99,3.61011,7.4525,6.07395,7.10674,0.34177,0.91819,2.21006,23.0,0.7856,7.10674
multi_scrambled,44,35,99,3.30189,7.4525,6.02501,7.10939,0.33784,0.91844,2.23479,23.0,0.7856,7.10939
multi_scrambled,44,36,99,3.38983,7.4525,6.07395,7.1083,0.33846,0.91981,2.18525,23.0,0.78641,7.1083
multi_scrambled,44,37,99,3.29218,7.4525,6.04182,7.09994,0.33846,0.92221,2.17847,23.0,0.78884,7.09994
multi_scrambled,44,38,99,3.08642,7.4525,6.04182,7.10674,0.33333,0.92188,2.1829,23.0,0.78927,7.10674
multi_scrambled,44,39,99,3.61011,7.4525,6.04182,7.094,0.34177,0.92298,2.17136,23.0,0.78994,7.094
multi_scrambled,44,40,99,3.68664,7.4525,6.00887,7.09994,0.33784,0.92298,2.17847,23.0,0.79042,7.09994
multi_scrambled,44,41,99,3.61011,7.4525,6.00887,7.11385,0.33784,0.92298,2.18755,23.0,0.7907,7.11385
multi_scrambled,44,42,99,3.08642,7.4525,5.99582,7.1168,0.32653,0.92396,2.18525,23.0,0.79124,7.1168
multi_scrambled,44,43,99,3.08642,7.4525,6.00581,7.12973,0.32653,0.92401,2.17276,23.0,0.79193,7.12973
multi_scrambled,44,44,99,3.29218,6.97334,6.00581,7.12923,0.32432,0.92423,2.14149,23.0,0.79265,7.12923
multi_scrambled,44,45,99,3.61011,6.97334,6.00489,7.13061,0.32468,0.92298,2.14149,23.0,0.79332,7.13061
multi_scrambled,44,46,100,3.08642,6.97334,6.008705,7.145365,0.32432,0.9239850000000001,2.14885,23.0,0.7939449999999999,7.145365
multi_scrambled,44,47,100,3.08642,6.97334,6.00535,7.14969,0.3245,0.92336,2.1626849999999997,23.0,0.79422,7.14969
multi_scrambled,44,48,100,3.08642,6.97334,5.988295,7.15841,0.32432,0.9223600000000001,2.1756149999999996,23.0,0.7944100000000001,7.15841
multi_scrambled,44,49,100,3.08642,6.97334,5.99252,7.156255,0.32432,0.921705,2.1626849999999997,23.0,0.7947150000000001,7.156255
multi_scrambled,44,50,100,2.987255,6.97334,5.987755,7.159775,0.323925,0.921705,2.174915,23.0,0.7949900000000001,7.159775
multi_scrambled,45,0,100,100.0,8.50158,6.71856,6.6071100000000005,1.0,0.493815,2.916545,30.0,0.562925,6.6071100000000005
multi_scrambled,45,1,45,9.22099,7.46812,6.41582,6.59596,0.57143,0.64763,3.03949,26.0,0.62557,6.59596
multi_scrambled,45,2,64,7.685684999999999,8.37047,6.23381,6.630425,0.525575,0.70306,2.9945399999999998,24.5,0.66201,6.630425
multi_scrambled,45,3,72,7.81212,8.37047,6.201255,6.654780000000001,0.4951,0.78241,2.8978,23.5,0.68039,6.654780000000001
multi_scrambled,45,4,87,8.23045,8.37047,6.21959,6.67655,0.45161,0.792,2.76208,23.0,0.69373,6.67655
multi_scrambled,45,5,90,7.0130099999999995,7.81485,6.2128250000000005,6.7056450000000005,0.42857,0.79619,2.70634,23.0,0.7015549999999999,6.7056450000000005
multi_scrambled,45,6,92,6.45161,7.81485,6.196365,6.693215,0.41847999999999996,0.821605,2.575635,22.0,0.7105600000000001,6.693215
multi_scrambled,45,7,93,5.76132,7.81485,6.20606,6.70468,0.39744,0.85716,2.5723,22.0,0.71593,6.70468
multi_scrambled,45,8,94,5.762015,7.81485,6.19557,6.7056450000000005,0.385695,0.86951,2.55823,22.0,0.719355,6.7056450000000005
multi_scrambled,45,9,95,5.76271,7.81485,6.19486,6.70661,0.37313,0.87677,2.49357,22.0,0.72446,6.70661
multi_scrambled,45,10,95,5.06912,7.81485,6.19645,6.7311,0.35385,0.87682,2.43896,21.0,0.73006,6.7311
multi_scrambled,45,11,96,5.0036950000000004,7.81485,6.21225,6.7729,0.35617,0.8800300000000001,2.4212499999999997,22.0,0.73448,6.7729
multi_scrambled,45,12,96,4.60829,7.81485,6.189135,6.793385,0.34248500000000004,0.88061,2.3554,22.0,0.7390749999999999,6.793385
multi_scrambled,45,13,97,3.97112,7.81485,6.17118,6.80944,0.33784,0.88259,2.32477,22.0,0.74552,6.80944
multi_scrambled,45,14,99,3.97112,7.81485,6.08404,6.81362,0.33803,0.88357,2.28759,22.0,0.74873,6.81362
multi_scrambled,45,15,99,4.60829,7.81485,6.02774,6.82708,0.34375,0.88507,2.2152,22.0,0.7504,6.82708
multi_scrambled,45,16,99,3.68664,7.81485,6.03369,6.83198,0.33846,0.89454,2.07063,22.0,0.75482,6.83198
multi_scrambled,45,17,99,3.68664,7.81485,6.06527,6.87127,0.33784,0.89454,2.02033,22.0,0.76196,6.87127
multi_scrambled,45,18,99,3.68664,7.60663,6.07276,6.86408,0.33824,0.89454,2.02219,22.0,0.76538,6.86408
multi_scrambled,45,19,99,3.79061,7.60663,6.09159,6.92341,0.33929,0.89514,2.01671,22.0,0.76768,6.92341
multi_scrambled,45,20,99,3.68664,7.57585,6.09659,6.9658,0.33824,0.89242,2.00911,22.0,0.76907,6.9658
multi_scrambled,45,21,99,3.68664,7.57585,6.09159,6.9658,0.33333,0.89454,2.00911,22.0,0.76985,6.9658
multi_scrambled,45,22,99,3.68664,7.57585,6.06527,6.97919,0.33333,0.89454,1.97752,22.0,0.77355,6.97919
multi_scrambled,45,23,99,3.4296,7.57585,6.00817,6.98272,0.33333,0.89454,1.97376,22.0,0.77393,6.98272
multi_scrambled,45,24,100,3.2184150000000002,7.57585,6.069015,6.983465,0.33094999999999997,0.8930400000000001,1.970145,23.0,0.774275,6.983465
multi_scrambled,45,25,100,3.38983,7.57585,6.080635,6.99072,0.33333,0.8930400000000001,1.935345,23.0,0.77517,6.99072
multi_scrambled,45,26,100,3.55812,7.57585,6.088855000000001,6.99072,0.343515,0.8930400000000001,1.92537,23.0,0.77686,6.99072
multi_scrambled,45,27,100,3.68664,7.57585,6.03118,7.005625,0.34429,0.89208,1.92984,23.0,0.778715,7.005625
multi_scrambled,45,28,100,3.68664,7.57585,6.055854999999999,7.0164,0.34921,0.893965,1.935345,23.0,0.77966,7.0164
multi_scrambled,45,29,100,3.68664,7.57585,6.045655,7.019595000000001,0.34921,0.8951549999999999,1.94096,23.0,0.780745,7.019595000000001
multi_scrambled,45,30,100,3.68664,7.57585,6.045655,7.034275,0.35028000000000004,0.8963049999999999,1.934075,23.0,0.7814749999999999,7.034275
multi_scrambled,45,31,100,3.68664,7.57585,6.043585,7.035685,0.35173,0.8951549999999999,1.934075,23.0,0.782265,7.035685
multi_scrambled,45,32,100,3.633355,7.57585,6.045655,7.037475,0.35028000000000004,0.8963049999999999,1.934075,23.0,0.783205,7.037475
multi_scrambled,45,33,100,3.519855,7.57585,6.045655,7.037475,0.351115,0.8965099999999999,1.92877,23.0,0.7836799999999999,7.037475
multi_scrambled,45,34,100,3.519855,7.57585,6.043585,7.037475,0.351115,0.8965099999999999,1.92877,23.0,0.783935,7.037475
multi_scrambled,45,35,100,3.3374449999999998,7.57585,6.036105,7.040615,0.350765,0.8969050000000001,1.92537,23.0,0.784335,7.040615
multi_scrambled,45,36,100,3.648375,7.57585,6.045655,7.035685,0.350765,0.897545,1.91469,23.0,0.785075,7.035685
multi_scrambled,45,37,100,3.68664,6.66605,5.99716,7.039759999999999,0.350765,0.9010800000000001,1.90219,23.0,0.786055,7.039759999999999
multi_scrambled,45,38,100,3.68664,6.62922,5.984585,7.04505,0.34921,0.9067799999999999,1.90219,23.0,0.78711,7.04505
multi_scrambled,45,39,100,3.68664,6.5504,5.96874,7.045159999999999,0.34702,0.910615,1.87671,23.0,0.7899449999999999,7.045159999999999
multi_scrambled,45,40,100,3.68664,6.5504,5.9460999999999995,7.049675000000001,0.34921,0.914145,1.8745349999999998,23.0,0.7913349999999999,7.049675000000001
multi_scrambled,45,41,100,3.751195,6.5504,5.9460999999999995,7.06651,0.35191,0.91871,1.866665,23.0,0.793215,7.06651
multi_scrambled,45,42,100,3.841525,6.5504,5.91672,7.08317,0.35504,0.91761,1.857665,23.0,0.79327,7.08317
multi_scrambled,45,43,100,3.90947,6.5504,5.89872,7.088815,0.35826,0.91852,1.849705,22.5,0.7947500000000001,7.088815
multi_scrambled,45,44,100,3.90947,6.5504,5.9071750000000005,7.088815,0.35938,0.91852,1.841235,23.0,0.795665,7.088815
multi_scrambled,45,45,100,3.97112,6.5504,5.8818649999999995,7.09023,0.36297999999999997,0.9158999999999999,1.83434,23.0,0.7967,7.09023
multi_scrambled,45,46,100,3.97112,6.5504,5.89872,7.093,0.362195,0.914675,1.841235,23.0,0.79739,7.093
multi_scrambled,45,47,100,3.940295,6.61412,5.916355,7.09463,0.362195,0.91833,1.845745,23.0,0.7987299999999999,7.09463
multi_scrambled,45,48,100,3.97112,6.74899,5.92771,7.092280000000001,0.36297999999999997,0.91871,1.8363399999999999,23.0,0.79928,7.092280000000001
multi_scrambled,45,49,100,4.0194600000000005,6.74899,5.9071750000000005,7.09333,0.36492,0.92086,1.841235,23.0,0.799555,7.09333
multi_scrambled,45,50,100,4.0194600000000005,6.74899,5.8818649999999995,7.101635,0.36297999999999997,0.921775,1.84249,23.0,0.80043,7.101635
multi_scrambled,46,0,100,100.0,8.71457,6.490385,6.761205,1.0,0.5439350000000001,2.8631349999999998,28.0,0.59855,6.761205
multi_scrambled,46,1,47,6.86767,7.66419,6.40839,6.72555,0.48235,0.71564,2.7157,23.0,0.67301,6.72555
multi_scrambled,46,2,64,7.07547,7.38923,6.3277,6.74652,0.438995,0.7494149999999999,2.603135,23.0,0.700005,6.74652
multi_scrambled,46,3,74,7.145754999999999,7.38923,6.213,6.764010000000001,0.43316,0.77583,2.618405,23.0,0.70139,6.764010000000001
multi_scrambled,46,4,83,5.76271,7.38923,6.1644,6.78364,0.39623,0.79837,2.5718,23.0,0.70684,6.78364
multi_scrambled,46,5,91,5.76271,7.38923,6.10842,6.81063,0.38806,0.81758,2.51454,23.0,0.72184,6.81063
multi_scrambled,46,6,91,5.88235,7.38923,6.09963,6.88453,0.39437,0.84054,2.52521,22.0,0.72786,6.88453
multi_scrambled,46,7,93,5.40541,7.10822,6.05448,6.89027,0.3875,0.8477,2.47768,23.0,0.73362,6.89027
multi_scrambled,46,8,93,5.06912,7.10822,6.03443,6.91626,0.37879,0.85411,2.43191,23.0,0.73964,6.91626
multi_scrambled,46,9,94,5.693960000000001,7.10822,6.004289999999999,6.947145000000001,0.388945,0.859405,2.3659,22.0,0.74214,6.947145000000001
multi_scrambled,46,10,94,5.762015,7.10822,6.002435,6.95845,0.388945,0.86589,2.36394,22.0,0.74689,6.95845
multi_scrambled,46,11,97,5.22876,7.10822,6.03443,6.951,0.38596,0.87413,2.36284,22.0,0.75132,6.951
multi_scrambled,46,12,97,5.06912,6.91818,6.02505,6.9853,0.37288,0.87563,2.37991,22.0,0.75499,6.9853
multi_scrambled,46,13,97,4.93827,6.91818,6.02505,6.99437,0.36508,0.88412,2.36202,22.0,0.75717,6.99437
multi_scrambled,46,14,97,5.06912,7.03986,6.02951,7.0133,0.37288,0.88778,2.33171,22.0,0.7609,7.0133
multi_scrambled,46,15,97,4.93827,7.03986,6.04827,7.01865,0.36508,0.88877,2.28978,22.0,0.76365,7.01865
multi_scrambled,46,16,98,5.0036950000000004,7.03986,6.036735,7.018305,0.36508,0.89205,2.282795,22.0,0.76661,7.018305
multi_scrambled,46,17,98,5.06912,7.03986,6.030279999999999,7.04042,0.37288,0.8933150000000001,2.274115,22.0,0.7684,7.04042
multi_scrambled,46,18,98,5.06912,7.03986,6.044255,7.02019,0.363575,0.901385,2.2425550000000003,22.0,0.770175,7.02019
multi_scrambled,46,19,99,4.93827,7.03986,6.03105,7.03177,0.34694,0.90213,2.27242,22.0,0.77152,7.03177
multi_scrambled,46,20,99,5.06912,7.03986,5.98902,7.0414,0.34483,0.90244,2.21656,22.0,0.77472,7.0414
multi_scrambled,46,21,99,5.06912,7.04471,6.00995,7.0414,0.34483,0.90353,2.19578,22.0,0.7753,7.0414
multi_scrambled,46,22,99,5.06912,7.04471,6.03443,7.04818,0.35385,0.90213,2.19495,22.0,0.77662,7.04818
multi_scrambled,46,23,99,4.69314,7.04471,6.03105,7.05657,0.34483,0.90244,2.18612,22.0,0.77854,7.05657
multi_scrambled,46,24,99,3.97112,7.04471,6.04559,7.05657,0.34426,0.90244,2.18612,22.0,0.77927,7.05657
multi_scrambled,46,25,99,3.97112,6.90409,6.03443,7.09756,0.34694,0.90213,2.1496,22.0,0.77955,7.09756
multi_scrambled,46,26,99,3.8526,6.90409,6.04298,7.10006,0.34426,0.90213,2.18612,22.0,0.78049,7.10006
multi_scrambled,46,27,99,3.90947,6.90409,6.00995,7.09954,0.34848,0.90244,2.17381,22.0,0.78184,7.09954
multi_scrambled,46,28,99,3.90947,6.90409,5.98129,7.10046,0.35,0.90246,2.12867,22.0,0.78365,7.10046
multi_scrambled,46,29,99,3.90947,6.90409,6.00995,7.10429,0.36066,0.90279,2.12867,22.0,0.78437,7.10429
multi_scrambled,46,30,99,3.90947,6.90409,5.98129,7.10429,0.35,0.9041,2.12033,22.0,0.7847,7.10429
multi_scrambled,46,31,99,3.8526,6.77305,5.98129,7.10415,0.34694,0.90435,2.10144,22.0,0.78528,7.10415
multi_scrambled,46,32,99,3.8526,6.77305,6.02951,7.10615,0.34545,0.90632,2.11634,22.0,0.78655,7.10615
multi_scrambled,46,33,99,3.8526,6.77305,6.03105,7.10615,0.34483,0.90763,2.11634,22.0,0.78655,7.10615
multi_scrambled,46,34,99,3.81558,6.77305,6.03443,7.10415,0.34286,0.90763,2.10144,22.0,0.78694,7.10415
multi_scrambled,46,35,99,3.68664,6.70334,6.02951,7.10429,0.34,0.90818,2.06716,22.0,0.78755,7.10429
multi_scrambled,46,36,99,3.68664,6.70334,6.03105,7.10733,0.34,0.90818,2.06294,22.0,0.78851,7.10733
multi_scrambled,46,37,99,3.68664,6.70334,6.03443,7.10733,0.34,0.91019,2.03144,23.0,0.78937,7.10733
multi_scrambled,46,38,99,3.68664,6.70334,6.03105,7.10766,0.34,0.91024,2.02672,23.0,0.78992,7.10766
multi_scrambled,46,39,99,3.49794,6.70334,6.03105,7.11148,0.34,0.91024,2.02672,23.0,0.79058,7.11148
multi_scrambled,46,40,99,3.68664,6.70334,6.02951,7.11148,0.34,0.9107,2.0265,23.0,0.7909,7.11148
multi_scrambled,46,41,99,3.68664,6.70334,5.96938,7.11148,0.34177,0.91199,2.00926,23.0,0.79138,7.11148
multi_scrambled,46,42,99,3.68664,6.70334,5.96838,7.11174,0.34247,0.91199,1.96974,23.0,0.79234,7.11174
multi_scrambled,46,43,99,3.68664,6.70334,5.95703,7.12388,0.34286,0.9111,1.96448,23.0,0.79301,7.12388
multi_scrambled,46,44,99,3.68664,6.70334,5.92379,7.13209,0.34783,0.91106,1.9465,23.0,0.79465,7.13209
multi_scrambled,46,45,99,3.68664,6.70334,5.92327,7.14045,0.34783,0.91024,1.96207,23.0,0.79469,7.14045
multi_scrambled,46,46,99,3.68664,6.70334,5.93127,7.13769,0.34247,0.91031,1.9465,23.0,0.79578,7.13769
multi_scrambled,46,47,99,3.68664,6.70334,5.92379,7.13769,0.34694,0.91053,1.93566,23.0,0.7959,7.13769
multi_scrambled,46,48,99,3.68664,6.70334,5.91584,7.14713,0.34783,0.91031,1.91904,23.0,0.79711,7.14713
multi_scrambled,46,49,99,3.68664,6.70334,5.90952,7.15336,0.34694,0.91053,1.91759,23.0,0.79713,7.15336
multi_scrambled,46,50,99,3.68664,6.70334,5.90773,7.1537,0.34694,0.91199,1.9119,23.0,0.79722,7.1537
