arm,seed,generation,best_pred_real,median_pred_real,median_pred_scrambled,median_max_tanimoto,median_qed,median_sa,median_heavy_atoms,median_fitness,median_followed_pred
activity_only,42,0,8.59198,6.7789850000000005,6.590705,1.0,0.53157,2.85071,28.5,0.5558000000000001,6.7789850000000005
activity_only,42,1,8.59198,7.468965000000001,6.56723,1.0,0.449105,3.1537249999999997,30.0,0.6937899999999999,7.468965000000001
activity_only,42,2,8.59198,7.692365000000001,6.579705000000001,0.718475,0.40889,3.17056,32.0,0.738475,7.692365000000001
activity_only,42,3,8.59198,7.9208,6.554835000000001,0.6798949999999999,0.360615,3.15544,33.0,0.78416,7.9208
activity_only,42,4,8.59198,8.116485,6.49552,0.64605,0.31357999999999997,3.166725,35.0,0.823295,8.116485
activity_only,42,5,8.59198,8.19828,6.49355,0.64394,0.28132,3.30265,35.0,0.839655,8.19828
activity_only,42,6,8.59198,8.239685000000001,6.488405,0.631965,0.23591,3.30265,37.0,0.8479350000000001,8.239685000000001
activity_only,42,7,8.59198,8.302085,6.488405,0.6469199999999999,0.23983,3.238055,37.0,0.86042,8.302085
activity_only,42,8,8.59198,8.364375,6.49752,0.6692750000000001,0.23404,3.22275,37.5,0.872875,8.364375
activity_only,42,9,8.59198,8.393,6.492565,0.66667,0.23568,3.21491,37.5,0.8786,8.393
activity_only,42,10,8.60485,8.417615,6.50013,0.66954,0.223325,3.28952,40.0,0.883525,8.417615
activity_only,42,11,8.61006,8.44139,6.46197,0.68421,0.22558,3.2383949999999997,40.0,0.88828,8.44139
activity_only,42,12,8.61006,8.465215,6.44599,0.685855,0.21224500000000002,3.32059,40.0,0.893045,8.465215
activity_only,42,13,8.61006,8.483365,6.422165,0.70156,0.208735,3.23925,41.0,0.896675,8.483365
activity_only,42,14,8.61006,8.507545,6.40976,0.706785,0.19897,3.235145,41.5,0.90151,8.507545
activity_only,42,15,8.61006,8.513639999999999,6.418565,0.70968,0.20208500000000001,3.241695,41.0,0.90273,8.513639999999999
activity_only,42,16,8.61006,8.517,6.407565,0.70968,0.18563000000000002,3.274375,41.5,0.9034,8.517
activity_only,42,17,8.61006,8.51949,6.39728,0.716585,0.18184,3.2934200000000002,41.5,0.9039,8.51949
activity_only,42,18,8.61006,8.526995,6.40545,0.708685,0.16024,3.279505,42.5,0.9054,8.526995
activity_only,42,19,8.61006,8.531265000000001,6.42178,0.70968,0.183895,3.22419,41.0,0.906255,8.531265000000001
activity_only,42,20,8.61006,8.534595,6.41848,0.70968,0.16812,3.22777,41.5,0.90692,8.534595
activity_only,42,21,8.61006,8.53914,6.43267,0.70769,0.153835,3.244395,42.0,0.907825,8.53914
activity_only,42,22,8.61006,8.542255,6.4391,0.7,0.15073999999999999,3.245755,42.0,0.90845,8.542255
activity_only,42,23,8.61006,8.54777,6.44482,0.699205,0.150725,3.26251,42.0,0.909555,8.54777
activity_only,42,24,8.61006,8.550585,6.44482,0.691745,0.145795,3.3073449999999998,42.0,0.91012,8.550585
activity_only,42,25,8.61933,8.554110000000001,6.43459,0.68221,0.147885,3.330255,42.5,0.91082,8.554110000000001
activity_only,42,26,8.61933,8.557179999999999,6.442435,0.674175,0.147885,3.30227,42.0,0.911435,8.557179999999999
activity_only,42,27,8.62915,8.561185,6.44661,0.674175,0.14778999999999998,3.36974,42.0,0.9122349999999999,8.561185
activity_only,42,28,8.62915,8.567325,6.4655000000000005,0.66432,0.14912999999999998,3.36974,42.0,0.913465,8.567325
activity_only,42,29,8.65622,8.572235,6.463245000000001,0.67143,0.159285,3.27707,41.0,0.91445,8.572235
activity_only,42,30,8.65622,8.576335,6.465065,0.67692,0.159285,3.2455749999999997,41.0,0.915265,8.576335
activity_only,42,31,8.65622,8.58059,6.468425,0.66667,0.144625,3.28832,42.0,0.91612,8.58059
activity_only,42,32,8.65622,8.59029,6.457075,0.66667,0.133175,3.2642499999999997,43.0,0.918055,8.59029
activity_only,42,33,8.65622,8.594204999999999,6.468425,0.66667,0.133175,3.2344150000000003,42.0,0.9188449999999999,8.594204999999999
activity_only,42,34,8.67793,8.5972,6.463325,0.66667,0.138935,3.2388649999999997,42.0,0.91944,8.5972
activity_only,42,35,8.67793,8.600785,6.462845,0.66667,0.13332500000000003,3.208945,42.5,0.9201550000000001,8.600785
activity_only,42,36,8.67793,8.60082,6.4655450000000005,0.6690499999999999,0.13305,3.20198,42.5,0.92016,8.60082
activity_only,42,37,8.67793,8.60082,6.44792,0.6690499999999999,0.13063,3.2072149999999997,43.0,0.92016,8.60082
activity_only,42,38,8.67793,8.601015,6.44482,0.66667,0.12734499999999999,3.23353,42.0,0.9201999999999999,8.601015
activity_only,42,39,8.67793,8.60107,6.443515,0.6690499999999999,0.124325,3.228255,42.5,0.92021,8.60107
activity_only,42,40,8.67793,8.603110000000001,6.4242,0.66667,0.12734499999999999,3.23353,42.0,0.92062,8.603110000000001
activity_only,42,41,8.67793,8.60465,6.415865,0.66667,0.126795,3.25268,42.0,0.92093,8.60465
activity_only,42,42,8.67793,8.605075,6.410445,0.66667,0.126795,3.2820549999999997,42.5,0.9210149999999999,8.605075
activity_only,42,43,8.67793,8.605515,6.411715,0.66667,0.126795,3.288965,42.5,0.9211,8.605515
activity_only,42,44,8.67793,8.606755,6.406195,0.66432,0.12454499999999999,3.306945,43.0,0.92135,8.606755
activity_only,42,45,8.67793,8.607565000000001,6.406195,0.659645,0.12454499999999999,3.306945,43.0,0.9215150000000001,8.607565000000001
activity_only,42,46,8.67793,8.607610000000001,6.414070000000001,0.652685,0.12144,3.3446249999999997,44.0,0.9215249999999999,8.607610000000001
activity_only,42,47,8.67793,8.60764,6.406195,0.6482699999999999,0.11968500000000001,3.3547700000000003,44.0,0.92153,8.60764
activity_only,42,48,8.68116,8.608934999999999,6.356389999999999,0.64545,0.11574,3.37434,45.0,0.9217850000000001,8.608934999999999
activity_only,42,49,8.68116,8.61006,6.38441,0.64335,0.115105,3.379455,45.0,0.92201,8.61006
activity_only,42,50,8.68116,8.61316,6.394035000000001,0.64286,0.112805,3.426565,46.0,0.9226300000000001,8.61316
activity_only,43,0,8.88104,6.71275,6.626564999999999,1.0,0.546775,2.858015,29.0,0.54255,6.71275
activity_only,43,1,8.88104,7.302215,6.558185,1.0,0.47818,3.2093499999999997,31.0,0.660445,7.302215
activity_only,43,2,8.88104,7.50692,6.558185,0.697335,0.440735,3.20779,31.0,0.701385,7.50692
activity_only,43,3,8.88104,7.68497,6.537245,0.623975,0.447885,3.229985,31.0,0.7369950000000001,7.68497
activity_only,43,4,8.88104,7.956065000000001,6.50584,0.603055,0.37516,3.30523,33.0,0.791215,7.956065000000001
activity_only,43,5,8.88104,8.10793,6.53112,0.5982449999999999,0.285895,3.40191,37.0,0.821585,8.10793
activity_only,43,6,8.88104,8.177945000000001,6.640305,0.58117,0.244355,3.33483,38.0,0.83559,8.177945000000001
activity_only,43,7,8.88104,8.212485000000001,6.6700099999999996,0.577145,0.246915,3.302195,38.0,0.842495,8.212485000000001
activity_only,43,8,8.88104,8.254135,6.678755,0.59207,0.24155,3.312515,39.0,0.85083,8.254135
activity_only,43,9,8.88104,8.341165,6.683120000000001,0.59689,0.212755,3.443665,39.0,0.8682300000000001,8.341165
activity_only,43,10,8.88104,8.38801,6.72955,0.609,0.21322,3.4392,40.0,0.877605,8.38801
activity_only,43,11,8.88104,8.402235000000001,6.69885,0.61414,0.21322,3.42281,40.0,0.8804449999999999,8.402235000000001
activity_only,43,12,8.88104,8.416445,6.701045000000001,0.63564,0.21909499999999998,3.451005,40.0,0.88329,8.416445
activity_only,43,13,8.88104,8.42596,6.734385,0.6455150000000001,0.21619,3.37566,40.0,0.88519,8.42596
activity_only,43,14,8.88104,8.436319999999998,6.785534999999999,0.6455150000000001,0.22838,3.3432649999999997,39.0,0.887265,8.436319999999998
activity_only,43,15,8.88104,8.449404999999999,6.798405,0.653125,0.22838,3.38061,40.0,0.88988,8.449404999999999
activity_only,43,16,8.88104,8.45462,6.790285,0.6735549999999999,0.21909499999999998,3.382875,40.0,0.890925,8.45462
activity_only,43,17,8.88104,8.461645,6.75512,0.66667,0.21393,3.442075,41.0,0.8923300000000001,8.461645
activity_only,43,18,8.88104,8.46953,6.75512,0.664215,0.196765,3.442075,42.0,0.89391,8.46953
activity_only,43,19,8.88104,8.48732,6.7571449999999995,0.6770149999999999,0.196765,3.39812,42.5,0.897465,8.48732
activity_only,43,20,8.88104,8.49069,6.713495,0.67568,0.196765,3.447935,42.5,0.89814,8.49069
activity_only,43,21,8.88104,8.49709,6.713495,0.67674,0.196855,3.37987,42.0,0.8994150000000001,8.49709
activity_only,43,22,8.88104,8.501149999999999,6.737410000000001,0.6875,0.21393,3.2899950000000002,41.0,0.9002300000000001,8.501149999999999
activity_only,43,23,8.88104,8.508415,6.75059,0.69841,0.21592,3.24267,40.0,0.9016850000000001,8.508415
activity_only,43,24,8.88104,8.51641,6.752174999999999,0.7,0.21909499999999998,3.2317299999999998,40.0,0.90328,8.51641
activity_only,43,25,8.88104,8.520710000000001,6.72916,0.7063999999999999,0.21909499999999998,3.2317299999999998,40.0,0.904145,8.520710000000001
activity_only,43,26,8.88104,8.526005000000001,6.68711,0.7073,0.217685,3.2423349999999997,40.0,0.9052,8.526005000000001
activity_only,43,27,8.88104,8.52836,6.5513,0.713075,0.21417,3.22415,41.0,0.90567,8.52836
activity_only,43,28,8.88104,8.534345,6.407565,0.71331,0.21032499999999998,3.2793400000000004,42.0,0.906865,8.534345
activity_only,43,29,8.88104,8.54413,6.398235,0.71331,0.21739,3.3454750000000004,41.0,0.908825,8.54413
activity_only,43,30,8.88104,8.548235,6.430804999999999,0.71429,0.20956999999999998,3.346445,42.0,0.909645,8.548235
activity_only,43,31,8.88104,8.55016,6.42108,0.71233,0.189925,3.382145,43.0,0.91003,8.55016
activity_only,43,32,8.88104,8.558735,6.43589,0.71143,0.18618,3.38708,43.0,0.911745,8.558735
activity_only,43,33,8.88104,8.570245,6.423245,0.70968,0.179835,3.433705,44.0,0.91405,8.570245
activity_only,43,34,8.88104,8.572875,6.42108,0.70968,0.1753,3.46977,45.0,0.914575,8.572875
activity_only,43,35,8.88104,8.578289999999999,6.4113050000000005,0.71053,0.18016500000000002,3.4551600000000002,44.0,0.91566,8.578289999999999
activity_only,43,36,8.88104,8.58294,6.388445,0.71143,0.17818499999999998,3.446485,44.0,0.91659,8.58294
activity_only,43,37,8.88104,8.61129,6.3474699999999995,0.72,0.18864,3.420655,44.0,0.922255,8.61129
activity_only,43,38,8.88104,8.62239,6.322445,0.72,0.199415,3.418615,43.0,0.92448,8.62239
activity_only,43,39,8.88104,8.630445,6.322445,0.7171449999999999,0.19367,3.45335,44.0,0.9260900000000001,8.630445
activity_only,43,40,8.88104,8.639145,6.31463,0.722495,0.20264,3.4400399999999998,43.0,0.927825,8.639145
activity_only,43,41,8.88104,8.64554,6.2812,0.72973,0.199415,3.45335,43.5,0.92911,8.64554
activity_only,43,42,8.88104,8.651085,6.24399,0.7382850000000001,0.20264,3.466885,43.0,0.930215,8.651085
activity_only,43,43,8.88104,8.66032,6.239875,0.741485,0.20351,3.47851,43.0,0.932065,8.66032
activity_only,43,44,8.88104,8.66442,6.22057,0.741485,0.20264,3.4916799999999997,43.0,0.9328799999999999,8.66442
activity_only,43,45,8.88104,8.670179999999998,6.1882649999999995,0.75,0.200725,3.499815,43.5,0.93404,8.670179999999998
activity_only,43,46,8.88104,8.69794,6.17875,0.75342,0.200725,3.498405,43.0,0.939585,8.69794
activity_only,43,47,8.88104,8.703415,6.16028,0.77304,0.206395,3.498405,43.0,0.94068,8.703415
activity_only,43,48,8.88104,8.711285,6.13777,0.776215,0.20348,3.499815,43.0,0.94226,8.711285
activity_only,43,49,8.88104,8.72512,6.13436,0.7817149999999999,0.20348,3.4965349999999997,43.0,0.945025,8.72512
activity_only,43,50,8.88104,8.73631,6.1320250000000005,0.78082,0.19916,3.4965349999999997,44.0,0.94726,8.73631
activity_only,44,0,8.64633,6.509729999999999,6.734735,1.0,0.5303549999999999,2.84262,30.0,0.5019450000000001,6.509729999999999
activity_only,44,1,8.64633,6.949455,6.58967,1.0,0.46096000000000004,3.1614,31.0,0.58989,6.949455
activity_only,44,2,8.64633,7.363185,6.56508,0.6119300000000001,0.37704499999999996,3.3893500000000003,34.5,0.6726350000000001,7.363185
activity_only,44,3,8.64633,7.502635,6.562135,0.61035,0.376035,3.386905,34.0,0.70053,7.502635
activity_only,44,4,8.64633,7.847845,6.50209,0.5957749999999999,0.354115,3.410425,34.0,0.76957,7.847845
activity_only,44,5,8.64633,8.16011,6.475995,0.5957749999999999,0.29318,3.383265,36.0,0.83202,8.16011
activity_only,44,6,8.64633,8.231874999999999,6.4653849999999995,0.6102350000000001,0.29769999999999996,3.34566,36.0,0.846375,8.231874999999999
activity_only,44,7,8.64633,8.30341,6.477595,0.6247100000000001,0.262465,3.37498,38.0,0.860685,8.30341
activity_only,44,8,8.66577,8.335185,6.484645,0.61943,0.281115,3.395315,38.0,0.86704,8.335185
activity_only,44,9,8.66577,8.39231,6.52492,0.66176,0.240655,3.34566,40.0,0.87846,8.39231
activity_only,44,10,8.67076,8.40972,6.5165299999999995,0.65517,0.231365,3.34129,40.0,0.881945,8.40972
activity_only,44,11,8.67076,8.451365,6.54779,0.653975,0.19912,3.4190300000000002,41.0,0.8902749999999999,8.451365
activity_only,44,12,8.67076,8.46641,6.56581,0.65278,0.190975,3.432575,41.5,0.89328,8.46641
activity_only,44,13,8.67076,8.498595000000002,6.585985,0.64956,0.174795,3.507935,44.0,0.89972,8.498595000000002
activity_only,44,14,8.67076,8.53136,6.60899,0.6625749999999999,0.18313000000000001,3.4756,44.0,0.90627,8.53136
activity_only,44,15,8.67076,8.55583,6.647349999999999,0.6752849999999999,0.17804,3.48493,44.0,0.911165,8.55583
activity_only,44,16,8.67076,8.56448,6.67517,0.6814899999999999,0.17899,3.53615,44.0,0.912895,8.56448
activity_only,44,17,8.68128,8.583300000000001,6.713324999999999,0.6803250000000001,0.18313000000000001,3.522725,44.0,0.91666,8.583300000000001
activity_only,44,18,8.68128,8.591095,6.735615,0.691745,0.19543,3.500545,42.0,0.91822,8.591095
activity_only,44,19,8.68128,8.5972,6.751925,0.70149,0.202205,3.436,42.0,0.91944,8.5972
activity_only,44,20,8.68128,8.603015,6.780255,0.69741,0.20956,3.44006,42.0,0.9206000000000001,8.603015
activity_only,44,21,8.68128,8.60665,6.769064999999999,0.70149,0.211915,3.521055,42.0,0.92133,8.60665
activity_only,44,22,8.68128,8.60876,6.757585,0.69741,0.20643499999999998,3.535565,42.0,0.9217550000000001,8.60876
activity_only,44,23,8.68128,8.609565,6.742990000000001,0.6922550000000001,0.20643499999999998,3.535565,42.0,0.921915,8.609565
activity_only,44,24,8.68128,8.61351,6.72741,0.691745,0.203865,3.5591049999999997,42.0,0.9227,8.61351
activity_only,44,25,8.68128,8.617635,6.722099999999999,0.69118,0.20878999999999998,3.58758,42.0,0.923525,8.617635
activity_only,44,26,8.68128,8.619430000000001,6.71513,0.68626,0.203865,3.59598,43.0,0.9238850000000001,8.619430000000001
activity_only,44,27,8.68128,8.620004999999999,6.710255,0.68235,0.19351000000000002,3.614205,43.0,0.9239999999999999,8.620004999999999
activity_only,44,28,8.68128,8.624794999999999,6.708024999999999,0.68116,0.19855,3.6172899999999997,43.5,0.92496,8.624794999999999
activity_only,44,29,8.68128,8.628744999999999,6.708024999999999,0.68116,0.18768,3.62826,43.5,0.9257500000000001,8.628744999999999
activity_only,44,30,8.68128,8.630455000000001,6.71624,0.67143,0.18736000000000003,3.655265,44.0,0.92609,8.630455000000001
activity_only,44,31,8.68128,8.63111,6.71624,0.67073,0.18557,3.65739,44.0,0.9262250000000001,8.63111
activity_only,44,32,8.68128,8.633785,6.705315,0.66197,0.18314,3.662355,44.0,0.92676,8.633785
activity_only,44,33,8.68128,8.63668,6.712009999999999,0.6600999999999999,0.18071500000000001,3.668635,45.0,0.927335,8.63668
activity_only,44,34,8.68128,8.63861,6.70078,0.65806,0.18272,3.668635,44.0,0.927725,8.63861
activity_only,44,35,8.68128,8.639289999999999,6.69062,0.65806,0.18272,3.67203,44.5,0.92786,8.639289999999999
activity_only,44,36,8.68128,8.639289999999999,6.69062,0.65806,0.18272,3.6693,44.0,0.92786,8.639289999999999
activity_only,44,37,8.69043,8.640305,6.68449,0.66669,0.18557,3.668635,44.0,0.92806,8.640305
activity_only,44,38,8.69043,8.641960000000001,6.70078,0.66231,0.18405,3.6649200000000004,44.0,0.92839,8.641960000000001
activity_only,44,39,8.70297,8.643325,6.675929999999999,0.655335,0.18244500000000002,3.666545,44.0,0.9286650000000001,8.643325
activity_only,44,40,8.70297,8.6445,6.675195,0.65278,0.183125,3.67203,44.0,0.9289000000000001,8.6445
activity_only,44,41,8.70297,8.645050000000001,6.680275,0.65278,0.18244500000000002,3.682165,45.0,0.92901,8.645050000000001
activity_only,44,42,8.70297,8.645945000000001,6.67455,0.65278,0.18244500000000002,3.705105,45.0,0.92919,8.645945000000001
activity_only,44,43,8.70297,8.646405000000001,6.658989999999999,0.65278,0.18377500000000002,3.6940150000000003,44.5,0.929285,8.646405000000001
activity_only,44,44,8.70297,8.647110000000001,6.658989999999999,0.65278,0.17910500000000001,3.734495,45.0,0.92942,8.647110000000001
activity_only,44,45,8.70297,8.649155,6.658989999999999,0.64854,0.17910500000000001,3.760225,45.0,0.9298299999999999,8.649155
activity_only,44,46,8.71057,8.651935,6.655545,0.64854,0.18104,3.760225,45.0,0.930385,8.651935
activity_only,44,47,8.71057,8.655940000000001,6.661104999999999,0.64384,0.17994500000000002,3.760225,45.0,0.93119,8.655940000000001
activity_only,44,48,8.71057,8.657125,6.656874999999999,0.645785,0.17910500000000001,3.773915,45.0,0.931425,8.657125
activity_only,44,49,8.71057,8.65913,6.645225,0.645785,0.17994500000000002,3.79108,45.0,0.931825,8.65913
activity_only,44,50,8.71057,8.65913,6.644465,0.64384,0.18104,3.79108,45.0,0.931825,8.65913
activity_only,45,0,8.45346,6.5619250000000005,6.59651,1.0,0.52203,2.906205,30.0,0.512385,6.5619250000000005
activity_only,45,1,8.45346,7.236675,6.626469999999999,0.7810900000000001,0.43576,3.1183449999999997,31.0,0.647335,7.236675
activity_only,45,2,8.45346,7.3989650000000005,6.531890000000001,0.628825,0.410045,3.13666,31.0,0.6797949999999999,7.3989650000000005
activity_only,45,3,8.4723,7.5683050000000005,6.544404999999999,0.66667,0.40659999999999996,3.153135,32.0,0.71366,7.5683050000000005
activity_only,45,4,8.4723,7.70341,6.57331,0.64027,0.38728,3.27275,33.0,0.74068,7.70341
activity_only,45,5,8.4723,7.81498,6.527324999999999,0.62419,0.321805,3.3233800000000002,33.0,0.763,7.81498
activity_only,45,6,8.4723,7.901870000000001,6.491875,0.59571,0.29395000000000004,3.535155,34.0,0.780375,7.901870000000001
activity_only,45,7,8.50409,8.02855,6.48194,0.5942,0.263825,3.5721299999999996,34.0,0.8057099999999999,8.02855
activity_only,45,8,8.50409,8.1162,6.42537,0.60179,0.223045,3.61342,37.0,0.82324,8.1162
activity_only,45,9,8.50409,8.21693,6.37909,0.6017250000000001,0.219105,3.49346,37.0,0.843385,8.21693
activity_only,45,10,8.50409,8.29719,6.36913,0.5985050000000001,0.21185500000000002,3.380705,37.5,0.85944,8.29719
activity_only,45,11,8.61848,8.33688,6.327505,0.606415,0.21579500000000001,3.3712600000000004,39.0,0.867375,8.33688
activity_only,45,12,8.61848,8.35184,6.327505,0.62419,0.2109,3.3510400000000002,39.0,0.870365,8.35184
activity_only,45,13,8.61848,8.395445,6.305955,0.65574,0.219875,3.3235900000000003,40.0,0.87909,8.395445
activity_only,45,14,8.61848,8.413275,6.28443,0.6692750000000001,0.22493000000000002,3.314795,40.0,0.882655,8.413275
activity_only,45,15,8.61848,8.421265,6.27973,0.661155,0.22642,3.31398,40.0,0.88425,8.421265
activity_only,45,16,8.61848,8.434349999999998,6.268834999999999,0.6853899999999999,0.22642,3.2988999999999997,40.0,0.88687,8.434349999999998
activity_only,45,17,8.61848,8.442765000000001,6.247845,0.68858,0.22642,3.327465,40.5,0.888555,8.442765000000001
activity_only,45,18,8.61848,8.45225,6.24417,0.66245,0.197695,3.38454,42.0,0.89045,8.45225
activity_only,45,19,8.61848,8.45762,6.239905,0.6870350000000001,0.197695,3.453335,42.0,0.891525,8.45762
activity_only,45,20,8.61848,8.46633,6.241569999999999,0.6942550000000001,0.199295,3.47426,42.0,0.89327,8.46633
activity_only,45,21,8.61848,8.47609,6.235144999999999,0.712095,0.199295,3.518975,42.0,0.89522,8.47609
activity_only,45,22,8.61848,8.47993,6.211755,0.71331,0.195695,3.52514,41.5,0.895985,8.47993
activity_only,45,23,8.61848,8.48747,6.20641,0.72131,0.19694,3.609775,41.0,0.8974949999999999,8.48747
activity_only,45,24,8.61848,8.490625,6.19544,0.72732,0.19694,3.6428450000000003,42.0,0.8981250000000001,8.490625
activity_only,45,25,8.61848,8.494565,6.197295,0.7377,0.211065,3.5753500000000003,41.5,0.8989100000000001,8.494565
activity_only,45,26,8.61848,8.4972,6.18194,0.74324,0.20283,3.571585,42.0,0.89944,8.4972
activity_only,45,27,8.61848,8.501325,6.18085,0.735515,0.19208999999999998,3.576945,42.0,0.900265,8.501325
activity_only,45,28,8.61848,8.505835,6.18085,0.7377,0.217905,3.576945,41.5,0.90117,8.505835
activity_only,45,29,8.61848,8.51156,6.187374999999999,0.72434,0.2019,3.5926400000000003,41.5,0.902315,8.51156
activity_only,45,30,8.61848,8.514635,6.19825,0.711005,0.208595,3.6141300000000003,41.0,0.902925,8.514635
activity_only,45,31,8.61848,8.522085,6.162635,0.711005,0.217905,3.5999800000000004,41.0,0.904415,8.522085
activity_only,45,32,8.61848,8.522884999999999,6.166835,0.711005,0.212505,3.63697,41.5,0.9045799999999999,8.522884999999999
activity_only,45,33,8.61848,8.525490000000001,6.169255,0.70968,0.19882,3.66359,42.0,0.9051,8.525490000000001
activity_only,45,34,8.61848,8.529705,6.16463,0.7063999999999999,0.206095,3.71067,42.0,0.90594,8.529705
activity_only,45,35,8.61848,8.532235,6.162055,0.693415,0.20515,3.75981,42.0,0.906445,8.532235
activity_only,45,36,8.61848,8.536045,6.159205,0.70043,0.195495,3.77325,42.0,0.907205,8.536045
activity_only,45,37,8.61848,8.54033,6.14825,0.71642,0.197165,3.8137499999999998,43.5,0.908065,8.54033
activity_only,45,38,8.61848,8.547445,6.12803,0.72727,0.207445,3.8046949999999997,43.0,0.90949,8.547445
activity_only,45,39,8.61848,8.55198,6.125405000000001,0.7313700000000001,0.212505,3.726255,42.5,0.9103950000000001,8.55198
activity_only,45,40,8.61848,8.553965000000002,6.11434,0.73846,0.20652500000000001,3.726255,45.0,0.910795,8.553965000000002
activity_only,45,41,8.61848,8.559995,6.118415000000001,0.73765,0.20652500000000001,3.73001,45.0,0.912,8.559995
activity_only,45,42,8.61848,8.561855,6.11434,0.733125,0.21200999999999998,3.73983,43.0,0.91237,8.561855
activity_only,45,43,8.61848,8.56561,6.11434,0.72834,0.218155,3.7703699999999998,43.5,0.91312,8.56561
activity_only,45,44,8.61848,8.565785,6.111305,0.72834,0.218155,3.7896,45.0,0.9131549999999999,8.565785
activity_only,45,45,8.61848,8.56695,6.121650000000001,0.726135,0.218155,3.7896,45.0,0.91339,8.56695
activity_only,45,46,8.64405,8.56962,6.107065,0.72727,0.21661,3.77916,45.0,0.9139200000000001,8.56962
activity_only,45,47,8.64405,8.576274999999999,6.09987,0.74359,0.23643999999999998,3.6994350000000003,43.0,0.9152549999999999,8.576274999999999
activity_only,45,48,8.66988,8.578755000000001,6.097995,0.759,0.23342000000000002,3.724745,45.0,0.915755,8.578755000000001
activity_only,45,49,8.66988,8.583625,6.094685,0.778525,0.23544500000000002,3.67202,45.0,0.916725,8.583625
activity_only,45,50,8.66988,8.587015000000001,6.09018,0.778525,0.22407,3.667995,44.5,0.917405,8.587015000000001
activity_only,46,0,8.60509,6.861435,6.600899999999999,1.0,0.51399,2.8607,29.5,0.57229,6.861435
activity_only,46,1,8.61284,7.20794,6.4921500000000005,1.0,0.469155,3.070435,31.0,0.6415900000000001,7.20794
activity_only,46,2,8.61284,7.531915,6.571695,0.65672,0.42778499999999997,3.25998,32.5,0.706385,7.531915
activity_only,46,3,8.61284,7.734719999999999,6.609585,0.633185,0.315705,3.3290800000000003,36.0,0.746945,7.734719999999999
activity_only,46,4,8.61284,7.879685,6.647975,0.6023499999999999,0.270875,3.3066199999999997,34.0,0.7759400000000001,7.879685
activity_only,46,5,8.61284,7.9907,6.65149,0.59878,0.24189,3.34897,34.0,0.79814,7.9907
activity_only,46,6,8.61284,8.09421,6.6907250000000005,0.5874550000000001,0.20926499999999998,3.49956,37.0,0.81884,8.09421
activity_only,46,7,8.61284,8.13952,6.68617,0.59459,0.19814500000000002,3.479285,38.0,0.8279,8.13952
activity_only,46,8,8.61284,8.178525,6.70058,0.6001700000000001,0.19814500000000002,3.5022200000000003,38.0,0.835705,8.178525
activity_only,46,9,8.61284,8.19759,6.718865,0.604285,0.21791,3.4532,36.5,0.83952,8.19759
activity_only,46,10,8.61284,8.249614999999999,6.70828,0.62503,0.229575,3.4427450000000004,37.0,0.84992,8.249614999999999
activity_only,46,11,8.61284,8.33484,6.716975,0.6331249999999999,0.22451,3.469385,37.5,0.866965,8.33484
activity_only,46,12,8.65611,8.375229999999998,6.742665000000001,0.644045,0.220805,3.4318400000000002,38.5,0.875045,8.375229999999998
activity_only,46,13,8.65611,8.396754999999999,6.75794,0.648925,0.214625,3.5188699999999997,40.0,0.8793500000000001,8.396754999999999
activity_only,46,14,8.65611,8.43477,6.770595,0.66398,0.22278,3.433325,40.5,0.886955,8.43477
activity_only,46,15,8.65611,8.451625,6.754365,0.66667,0.225095,3.4233849999999997,41.0,0.890325,8.451625
activity_only,46,16,8.65611,8.465015000000001,6.72337,0.66667,0.218955,3.460115,42.0,0.893005,8.465015000000001
activity_only,46,17,8.65611,8.47787,6.69513,0.66667,0.218955,3.424075,41.0,0.89557,8.47787
activity_only,46,18,8.65611,8.489915,6.697235,0.66667,0.21803,3.43817,42.0,0.89798,8.489915
activity_only,46,19,8.66379,8.51342,6.675835,0.671535,0.213035,3.424075,42.0,0.9026799999999999,8.51342
activity_only,46,20,8.66379,8.544979999999999,6.656985,0.67428,0.18628,3.4524600000000003,43.0,0.908995,8.544979999999999
activity_only,46,21,8.66379,8.56573,6.64567,0.68086,0.19063000000000002,3.42314,43.0,0.913145,8.56573
activity_only,46,22,8.66379,8.57732,6.609999999999999,0.68116,0.18705,3.45146,43.0,0.915465,8.57732
activity_only,46,23,8.66379,8.589265000000001,6.61512,0.68116,0.19818999999999998,3.456515,43.0,0.91785,8.589265000000001
activity_only,46,24,8.66379,8.59518,6.61512,0.69118,0.177635,3.4599849999999996,44.0,0.9190400000000001,8.59518
activity_only,46,25,8.66379,8.60132,6.634155,0.69118,0.17723,3.456515,43.5,0.920265,8.60132
activity_only,46,26,8.68258,8.60801,6.637639999999999,0.69118,0.1748,3.45416,43.0,0.9216,8.60801
activity_only,46,27,8.70555,8.61425,6.640165,0.68116,0.17977500000000002,3.45416,43.0,0.92285,8.61425
activity_only,46,28,8.70555,8.618020000000001,6.651025000000001,0.683865,0.17384,3.45416,44.0,0.923605,8.618020000000001
activity_only,46,29,8.70555,8.61967,6.65288,0.68116,0.1748,3.450735,44.0,0.923935,8.61967
activity_only,46,30,8.70555,8.620535,6.674195,0.68116,0.17723,3.436105,43.5,0.92411,8.620535
activity_only,46,31,8.70555,8.623625,6.65754,0.69118,0.182255,3.4308449999999997,43.0,0.924725,8.623625
activity_only,46,32,8.70555,8.625955,6.65754,0.69118,0.19185,3.450735,43.0,0.92519,8.625955
activity_only,46,33,8.7191,8.62836,6.65754,0.68617,0.182255,3.467765,44.0,0.92567,8.62836
activity_only,46,34,8.7191,8.629915,6.651025000000001,0.68116,0.17384,3.508255,44.0,0.9259850000000001,8.629915
activity_only,46,35,8.7191,8.63258,6.645875,0.68116,0.1748,3.508255,44.0,0.92652,8.63258
activity_only,46,36,8.7191,8.635125,6.640165,0.68116,0.17321,3.5513500000000002,45.0,0.927025,8.635125
activity_only,46,37,8.7191,8.6387,6.628615,0.68116,0.17384,3.5513500000000002,45.0,0.92774,8.6387
activity_only,46,38,8.7191,8.64116,6.628615,0.676295,0.172455,3.566585,45.0,0.92823,8.64116
activity_only,46,39,8.7191,8.643329999999999,6.628615,0.67143,0.172455,3.59134,45.0,0.9286650000000001,8.643329999999999
activity_only,46,40,8.7191,8.644355000000001,6.63314,0.67143,0.171955,3.5954550000000003,46.0,0.92887,8.644355000000001
activity_only,46,41,8.7191,8.6461,6.628615,0.67143,0.17284,3.602345,45.0,0.9292199999999999,8.6461
activity_only,46,42,8.7191,8.64846,6.62556,0.67143,0.1745,3.61315,45.0,0.92969,8.64846
activity_only,46,43,8.7191,8.652515000000001,6.60947,0.67143,0.174825,3.61315,45.0,0.930505,8.652515000000001
activity_only,46,44,8.7191,8.653974999999999,6.60947,0.67143,0.175195,3.59134,45.0,0.930795,8.653974999999999
activity_only,46,45,8.7191,8.65611,6.604374999999999,0.67101,0.174825,3.59134,45.0,0.93122,8.65611
activity_only,46,46,8.7191,8.65611,6.607305,0.6622349999999999,0.17354,3.600495,45.0,0.93122,8.65611
activity_only,46,47,8.7191,8.660029999999999,6.59505,0.67101,0.17204,3.600495,45.0,0.932005,8.660029999999999
activity_only,46,48,8.7191,8.660029999999999,6.592034999999999,0.67143,0.172425,3.592065,45.0,0.932005,8.660029999999999
activity_only,46,49,8.7191,8.661415,6.58942,0.67143,0.17354,3.59134,44.0,0.93228,8.661415
activity_only,46,50,8.7191,8.661925,6.58942,0.67101,0.17057,3.590485,44.0,0.932385,8.661925
druglike_only,42,0,8.59198,6.7789850000000005,6.590705,1.0,0.53157,2.85071,28.5,0.63252,
druglike_only,42,1,8.59198,6.47573,6.571055,1.0,0.63321,2.72476,26.0,0.712445,
druglike_only,42,2,8.47449,6.25013,6.64551,0.50877,0.74002,2.68604,23.0,0.76582,
druglike_only,42,3,8.47449,6.249225,6.624269999999999,0.452275,0.79493,2.682695,21.0,0.7896650000000001,
druglike_only,42,4,8.47449,6.240270000000001,6.645935,0.39669,0.8150900000000001,2.6289,20.0,0.811365,
druglike_only,42,5,7.79445,6.122154999999999,6.641685,0.37394,0.84718,2.520265,19.5,0.8305199999999999,
druglike_only,42,6,7.79445,6.12559,6.618625,0.35053,0.853535,2.39926,19.0,0.8429949999999999,
druglike_only,42,7,7.79445,6.159065,6.6116399999999995,0.360645,0.8558749999999999,2.186975,19.0,0.850395,
druglike_only,42,8,7.79445,6.203530000000001,6.615055,0.360645,0.86031,2.145875,19.0,0.86124,
druglike_only,42,9,7.74675,6.18419,6.616205,0.358055,0.8617699999999999,2.066125,19.0,0.8697,
druglike_only,42,10,7.72966,6.091165,6.616835,0.335495,0.863175,1.98498,19.0,0.875575,
druglike_only,42,11,7.72966,6.05842,6.6319,0.352395,0.87246,1.880645,19.0,0.880745,
druglike_only,42,12,7.72966,6.088395,6.630625,0.34984,0.88593,1.87171,19.0,0.88599,
druglike_only,42,13,7.72966,6.07352,6.630625,0.34143,0.89099,1.819505,20.0,0.891415,
druglike_only,42,14,7.72966,6.06792,6.64345,0.344155,0.893975,1.8020049999999999,20.0,0.896185,
druglike_only,42,15,7.65068,6.01815,6.63999,0.347525,0.900345,1.7733249999999998,20.0,0.90432,
druglike_only,42,16,7.65068,6.05484,6.631575,0.35136500000000004,0.9027350000000001,1.7467100000000002,20.0,0.9076550000000001,
druglike_only,42,17,7.65068,6.061394999999999,6.62632,0.35044,0.9034800000000001,1.7467100000000002,20.0,0.9088149999999999,
druglike_only,42,18,7.65068,6.07128,6.625325,0.355715,0.90513,1.73501,20.0,0.9098550000000001,
druglike_only,42,19,7.65068,6.07128,6.64583,0.36297999999999997,0.9080600000000001,1.71345,20.0,0.912445,
druglike_only,42,20,7.65068,6.07128,6.64583,0.36297999999999997,0.909775,1.710715,20.0,0.913505,
druglike_only,42,21,7.6182,6.05869,6.670375,0.36364,0.91142,1.71261,20.0,0.915265,
druglike_only,42,22,7.6182,6.07128,6.67694,0.36497,0.9119649999999999,1.7123149999999998,20.0,0.915975,
druglike_only,42,23,7.64456,6.075075,6.672475,0.36364,0.91431,1.70749,20.5,0.9187000000000001,
druglike_only,42,24,7.56287,6.066520000000001,6.672475,0.36364,0.9148000000000001,1.7182149999999998,21.0,0.91991,
druglike_only,42,25,7.56287,6.0288,6.666945,0.36232,0.9186650000000001,1.71437,21.0,0.9211050000000001,
druglike_only,42,26,7.56287,5.99827,6.666945,0.36232,0.91834,1.69754,21.0,0.921775,
druglike_only,42,27,7.56287,6.013904999999999,6.67603,0.36297999999999997,0.9233800000000001,1.6905450000000002,21.0,0.92241,
druglike_only,42,28,7.56287,5.95591,6.672475,0.36297999999999997,0.925835,1.69754,21.0,0.92269,
druglike_only,42,29,7.56287,5.952795,6.67603,0.37041500000000005,0.92685,1.6905450000000002,21.0,0.923025,
druglike_only,42,30,7.56287,5.95446,6.67603,0.37176,0.92685,1.68403,21.0,0.92334,
druglike_only,42,31,7.56287,5.956160000000001,6.672475,0.37176,0.927315,1.675705,21.0,0.923915,
druglike_only,42,32,7.56287,5.956160000000001,6.666945,0.37176,0.927315,1.67115,21.0,0.9239649999999999,
druglike_only,42,33,7.56287,5.9224499999999995,6.66406,0.372715,0.926435,1.6543299999999999,20.0,0.924875,
druglike_only,42,34,7.56287,5.920915000000001,6.669505,0.37313,0.926435,1.64814,20.0,0.92546,
druglike_only,42,35,7.56287,5.944675,6.6764399999999995,0.378335,0.927315,1.639395,20.0,0.92576,
druglike_only,42,36,7.56287,5.9359,6.691905,0.377205,0.928895,1.647345,21.0,0.9259900000000001,
druglike_only,42,37,7.56287,5.9359,6.691905,0.377205,0.929335,1.639395,21.0,0.92628,
druglike_only,42,38,7.56287,5.928215,6.706815000000001,0.38182,0.93027,1.626245,21.0,0.92674,
druglike_only,42,39,7.56287,5.91311,6.706815000000001,0.382575,0.93027,1.618725,20.5,0.927235,
druglike_only,42,40,7.56287,5.91311,6.706815000000001,0.384845,0.9314100000000001,1.62039,21.0,0.92734,
druglike_only,42,41,7.56287,5.91311,6.706815000000001,0.384845,0.9322999999999999,1.622385,21.0,0.9274,
druglike_only,42,42,7.56287,5.904405,6.699285,0.384845,0.933,1.6309900000000002,21.0,0.92752,
druglike_only,42,43,7.56287,5.904525,6.71028,0.38721,0.9322999999999999,1.622385,21.0,0.9283349999999999,
druglike_only,42,44,7.56287,5.920030000000001,6.71028,0.389755,0.93316,1.62661,21.0,0.928615,
druglike_only,42,45,7.56287,5.91634,6.7024,0.39623,0.935,1.6309900000000002,21.0,0.9290499999999999,
druglike_only,42,46,7.56287,5.944675,6.70275,0.4,0.9338150000000001,1.6305399999999999,21.0,0.9295549999999999,
druglike_only,42,47,7.56287,5.935015,6.691905,0.398115,0.936145,1.62661,21.0,0.9298550000000001,
druglike_only,42,48,7.56287,5.94661,6.70275,0.401615,0.936015,1.618725,21.0,0.930585,
druglike_only,42,49,7.56287,5.9442,6.71082,0.401615,0.93652,1.618725,21.0,0.931045,
druglike_only,42,50,7.56287,5.9442,6.721955,0.407785,0.934145,1.6088399999999998,21.0,0.931365,
druglike_only,43,0,8.88104,6.71275,6.626564999999999,1.0,0.546775,2.858015,29.0,0.64806,
druglike_only,43,1,8.88104,6.34204,6.635475,1.0,0.64632,2.6719999999999997,25.0,0.71753,
druglike_only,43,2,8.88104,6.186629999999999,6.684565,0.5755250000000001,0.75852,2.59075,22.5,0.77237,
druglike_only,43,3,8.40832,6.160785,6.647735,0.495285,0.793205,2.559055,21.0,0.800505,
druglike_only,43,4,8.40832,6.12069,6.69098,0.40629,0.82763,2.495055,20.0,0.824985,
druglike_only,43,5,7.54339,6.09581,6.698855,0.39022500000000004,0.8458950000000001,2.370355,19.5,0.8381149999999999,
druglike_only,43,6,7.65287,6.01989,6.73212,0.37339500000000003,0.8526400000000001,2.274615,20.0,0.849335,
druglike_only,43,7,7.52477,6.097995,6.752515,0.368265,0.85685,2.2326249999999996,20.0,0.85855,
druglike_only,43,8,7.52477,6.091265,6.77604,0.369545,0.873345,2.107775,20.0,0.8699349999999999,
druglike_only,43,9,7.52477,6.08385,6.79178,0.36158999999999997,0.882115,2.042475,20.0,0.877445,
druglike_only,43,10,7.55643,6.098585,6.78568,0.358935,0.886925,2.03334,20.0,0.878925,
druglike_only,43,11,7.55643,6.091265,6.802149999999999,0.365495,0.8891,1.9851,20.0,0.88247,
druglike_only,43,12,7.55643,6.0789550000000006,6.8008500000000005,0.358935,0.8929100000000001,1.89885,19.0,0.88721,
druglike_only,43,13,7.55643,6.066635,6.805765,0.35834999999999995,0.8949100000000001,1.89885,19.0,0.890545,
druglike_only,43,14,7.55643,6.013294999999999,6.826315,0.35665,0.894955,1.831055,19.0,0.895675,
druglike_only,43,15,7.55643,6.0225100000000005,6.83474,0.35834999999999995,0.8953249999999999,1.804465,19.0,0.89876,
druglike_only,43,16,7.55643,6.013294999999999,6.80576,0.35767499999999997,0.897745,1.79532,20.0,0.90137,
druglike_only,43,17,7.58113,6.03324,6.782465,0.34968,0.89978,1.8042099999999999,20.0,0.9038999999999999,
druglike_only,43,18,7.58113,6.010185,6.773585,0.34924,0.90304,1.75008,20.0,0.90769,
druglike_only,43,19,7.66587,6.010185,6.747719999999999,0.35,0.9066099999999999,1.738985,20.0,0.90873,
druglike_only,43,20,7.66587,6.027895,6.735735,0.354435,0.9055,1.723115,20.0,0.90987,
druglike_only,43,21,7.66587,6.027895,6.740745,0.36066,0.9065749999999999,1.688765,20.0,0.91083,
druglike_only,43,22,7.66587,6.0166900000000005,6.7438,0.3589,0.90823,1.69062,20.0,0.91277,
druglike_only,43,23,7.59367,6.00966,6.735735,0.365645,0.9097500000000001,1.69062,20.0,0.9141699999999999,
druglike_only,43,24,7.67814,6.00966,6.735735,0.36923,0.91107,1.69973,20.0,0.916355,
druglike_only,43,25,7.67814,5.972535,6.740955,0.36451,0.9118649999999999,1.693895,20.0,0.916585,
druglike_only,43,26,7.67814,5.972535,6.759155,0.36844,0.9139550000000001,1.7044350000000001,20.0,0.917205,
druglike_only,43,27,7.67814,5.97053,6.759155,0.36844,0.915405,1.7044350000000001,20.0,0.918095,
druglike_only,43,28,7.67814,5.96635,6.759155,0.366515,0.91483,1.69973,20.0,0.918635,
druglike_only,43,29,7.67814,5.954225,6.7451799999999995,0.36523,0.916365,1.71025,20.0,0.918925,
druglike_only,43,30,7.67814,5.94138,6.75272,0.366515,0.915405,1.696505,20.0,0.91975,
druglike_only,43,31,7.55643,5.94138,6.768135,0.366515,0.9179200000000001,1.696505,20.0,0.92012,
druglike_only,43,32,7.55643,5.94672,6.773975,0.36523,0.92051,1.7044350000000001,20.0,0.92042,
druglike_only,43,33,7.55643,5.954560000000001,6.792590000000001,0.36214999999999997,0.92718,1.69062,20.0,0.9217299999999999,
druglike_only,43,34,7.55643,5.94672,6.792590000000001,0.36214999999999997,0.928515,1.6870949999999998,20.0,0.9221699999999999,
druglike_only,43,35,7.55643,5.94672,6.78919,0.3589,0.93,1.690725,20.0,0.92265,
druglike_only,43,36,7.55643,5.954560000000001,6.792590000000001,0.361365,0.93,1.690725,20.0,0.922715,
druglike_only,43,37,7.55643,5.94672,6.792590000000001,0.36364,0.9297850000000001,1.6870949999999998,20.0,0.9228449999999999,
druglike_only,43,38,7.55643,5.94672,6.793900000000001,0.36364,0.9297850000000001,1.68283,20.0,0.923025,
druglike_only,43,39,7.55643,5.941155,6.795055,0.366515,0.93,1.6807750000000001,20.0,0.923585,
druglike_only,43,40,7.55643,5.941155,6.793900000000001,0.366515,0.9297850000000001,1.67923,20.0,0.9237249999999999,
druglike_only,43,41,7.55643,5.941155,6.794295,0.36844,0.9297850000000001,1.67923,20.0,0.9239649999999999,
druglike_only,43,42,7.55643,5.937445,6.78919,0.36844,0.930245,1.6807750000000001,20.0,0.9240999999999999,
druglike_only,43,43,7.55643,5.941155,6.788045,0.369545,0.93054,1.67923,20.0,0.924265,
druglike_only,43,44,7.55643,5.938915,6.789625,0.37011499999999997,0.93054,1.67923,20.0,0.924375,
druglike_only,43,45,7.55643,5.937445,6.78792,0.37199,0.930245,1.67766,20.0,0.92458,
druglike_only,43,46,7.57927,5.937445,6.789625,0.37067,0.929925,1.67766,20.0,0.924675,
druglike_only,43,47,7.57927,5.938915,6.790895,0.37067,0.929925,1.67766,20.0,0.92476,
druglike_only,43,48,7.57927,5.94448,6.789625,0.37176,0.930245,1.654245,20.0,0.925305,
druglike_only,43,49,7.57927,5.963635,6.78792,0.368825,0.93054,1.67794,20.0,0.92551,
druglike_only,43,50,7.57927,5.963635,6.78792,0.368825,0.93054,1.67794,20.0,0.92551,
druglike_only,44,0,8.64633,6.509729999999999,6.734735,1.0,0.5303549999999999,2.84262,30.0,0.631955,
druglike_only,44,1,8.64633,6.42944,6.5914,1.0,0.667095,2.725435,25.0,0.7224200000000001,
druglike_only,44,2,8.3939,6.264225,6.60482,0.45823,0.7730049999999999,2.6167,22.0,0.78722,
druglike_only,44,3,8.27846,6.237275,6.629615,0.403315,0.8065800000000001,2.45735,20.0,0.8140000000000001,
druglike_only,44,4,7.28221,6.155135,6.63567,0.361365,0.82988,2.328585,19.0,0.83426,
druglike_only,44,5,7.22727,6.1363,6.63907,0.3458,0.840545,2.2927299999999997,19.0,0.845645,
druglike_only,44,6,7.22727,6.1363,6.60482,0.330845,0.8457600000000001,2.21175,19.0,0.85458,
druglike_only,44,7,7.22668,6.125745,6.5951900000000006,0.330845,0.84954,2.182365,19.0,0.8573850000000001,
druglike_only,44,8,7.22668,6.15506,6.581424999999999,0.33333,0.86331,2.1066450000000003,19.5,0.8639650000000001,
druglike_only,44,9,7.22668,6.163905,6.609165,0.328565,0.8755850000000001,2.097355,20.0,0.8679699999999999,
druglike_only,44,10,7.22668,6.198825,6.626670000000001,0.32520499999999997,0.87637,2.01729,19.0,0.8728750000000001,
druglike_only,44,11,7.22668,6.215425,6.617089999999999,0.32836,0.881095,1.9910199999999998,19.0,0.875745,
druglike_only,44,12,7.22668,6.205605,6.61604,0.32836,0.88443,1.971795,20.0,0.88053,
druglike_only,44,13,7.22668,6.21552,6.600885,0.32781499999999997,0.8866799999999999,1.939855,20.0,0.88392,
druglike_only,44,14,7.22668,6.23732,6.5982,0.33333,0.8906350000000001,1.89909,20.0,0.88982,
druglike_only,44,15,7.22668,6.261195000000001,6.5804,0.33766,0.89629,1.8731,20.0,0.893095,
druglike_only,44,16,7.22668,6.23836,6.585265,0.33333,0.900795,1.8645900000000002,20.0,0.89776,
druglike_only,44,17,7.22668,6.23836,6.585265,0.340025,0.900795,1.83011,20.0,0.8997850000000001,
druglike_only,44,18,7.22668,6.2402999999999995,6.5804,0.33864,0.90103,1.80673,20.0,0.90074,
druglike_only,44,19,7.22668,6.2402999999999995,6.58551,0.34043,0.90175,1.797855,20.0,0.903045,
druglike_only,44,20,7.13116,6.2402999999999995,6.5806450000000005,0.340025,0.901385,1.76843,20.0,0.904285,
druglike_only,44,21,6.97569,6.23836,6.58551,0.340025,0.901385,1.7646350000000002,20.0,0.9053100000000001,
druglike_only,44,22,6.97569,6.23426,6.5806450000000005,0.34043,0.901895,1.7646350000000002,20.0,0.9077299999999999,
druglike_only,44,23,6.96249,6.2402999999999995,6.590985,0.34043,0.90223,1.7482950000000002,20.0,0.909415,
druglike_only,44,24,6.96249,6.26579,6.590985,0.34633499999999995,0.9030199999999999,1.718615,20.0,0.9099200000000001,
druglike_only,44,25,6.96249,6.253575,6.602225000000001,0.344855,0.9030199999999999,1.7130999999999998,20.0,0.9109,
druglike_only,44,26,6.96249,6.22375,6.5998149999999995,0.348155,0.90676,1.691345,20.0,0.9124749999999999,
druglike_only,44,27,6.96249,6.2082049999999995,6.5998149999999995,0.348845,0.9073549999999999,1.669355,20.0,0.91279,
druglike_only,44,28,6.96249,6.193035,6.60386,0.35053,0.9084650000000001,1.6419000000000001,20.0,0.915085,
druglike_only,44,29,6.96249,6.1546400000000006,6.604184999999999,0.35197999999999996,0.9094199999999999,1.6374300000000002,20.0,0.91583,
druglike_only,44,30,7.00191,6.165134999999999,6.6062650000000005,0.348845,0.9136850000000001,1.62999,20.0,0.9171849999999999,
druglike_only,44,31,7.00191,6.183565,6.6062650000000005,0.348155,0.914095,1.62023,20.0,0.91778,
druglike_only,44,32,7.00191,6.154865,6.602225000000001,0.348845,0.915675,1.62023,20.0,0.9194899999999999,
druglike_only,44,33,7.00191,6.137615,6.60032,0.35053,0.916535,1.62023,20.0,0.920525,
druglike_only,44,34,7.00191,6.119705,6.6062650000000005,0.35053,0.9160550000000001,1.612235,20.0,0.9208,
druglike_only,44,35,7.00191,6.116905,6.6288599999999995,0.35053,0.9151499999999999,1.6015199999999998,20.0,0.92116,
druglike_only,44,36,7.00191,6.119705,6.63767,0.35053,0.9151499999999999,1.590805,20.0,0.922075,
druglike_only,44,37,7.00191,6.119705,6.658085,0.35185,0.91601,1.590805,20.0,0.923215,
druglike_only,44,38,7.00191,6.1181,6.670165,0.354435,0.91696,1.580495,20.0,0.924445,
druglike_only,44,39,7.00191,6.11371,6.658085,0.35767499999999997,0.919065,1.57883,20.0,0.92533,
druglike_only,44,40,7.06789,6.104725,6.673105,0.35968999999999995,0.918105,1.57705,20.0,0.9255800000000001,
druglike_only,44,41,7.06789,6.10686,6.680345,0.35968999999999995,0.918105,1.5756999999999999,20.0,0.926535,
druglike_only,44,42,7.06789,6.104725,6.658085,0.360885,0.919065,1.5735649999999999,20.0,0.926875,
druglike_only,44,43,7.06789,6.0875699999999995,6.658085,0.36961,0.92212,1.5735649999999999,20.0,0.92781,
druglike_only,44,44,7.06789,6.086444999999999,6.695525,0.366435,0.924755,1.5735649999999999,20.0,0.9282900000000001,
druglike_only,44,45,7.06789,6.0724350000000005,6.700595,0.366025,0.9229,1.55369,20.0,0.928395,
druglike_only,44,46,7.06789,6.0614550000000005,6.70822,0.37255,0.9249700000000001,1.5584,20.0,0.92964,
druglike_only,44,47,7.06789,6.052,6.720785,0.377715,0.9266300000000001,1.55731,20.0,0.92979,
druglike_only,44,48,7.06789,6.052,6.720785,0.380565,0.92735,1.5497450000000002,20.0,0.93031,
druglike_only,44,49,7.06789,6.06078,6.695525,0.380565,0.928995,1.5497450000000002,20.0,0.93057,
druglike_only,44,50,7.06789,6.06078,6.700595,0.378845,0.927915,1.5375299999999998,20.0,0.931575,
druglike_only,45,0,8.45346,6.5619250000000005,6.59651,1.0,0.52203,2.906205,30.0,0.61452,
druglike_only,45,1,8.45346,6.159549999999999,6.593640000000001,1.0,0.637375,2.784585,25.5,0.714445,
druglike_only,45,2,8.34942,5.98917,6.65657,0.5439750000000001,0.74687,2.563935,22.0,0.777185,
druglike_only,45,3,8.34942,5.981935,6.625935,0.392305,0.7954300000000001,2.4713,20.0,0.808585,
druglike_only,45,4,8.34942,5.979865,6.6087050000000005,0.342665,0.8202849999999999,2.3593900000000003,19.5,0.8316600000000001,
druglike_only,45,5,8.34942,5.9460999999999995,6.58611,0.341045,0.8413900000000001,2.25842,19.0,0.8437749999999999,
druglike_only,45,6,7.85865,5.893565000000001,6.614095,0.326285,0.8619,2.23801,19.0,0.8518749999999999,
druglike_only,45,7,7.85865,5.971019999999999,6.59792,0.326285,0.8690899999999999,2.23175,20.0,0.862205,
druglike_only,45,8,7.85865,5.971019999999999,6.611525,0.33333,0.87675,2.217105,19.0,0.86602,
druglike_only,45,9,7.85865,6.0065100000000005,6.594705,0.33333,0.88584,2.23175,20.0,0.87032,
druglike_only,45,10,7.85865,6.050395,6.594705,0.33333,0.89612,2.204365,20.0,0.8748,
druglike_only,45,11,7.85865,6.01283,6.59792,0.32515,0.8965650000000001,2.19781,20.0,0.879245,
druglike_only,45,12,7.85865,5.989745,6.60504,0.31861,0.8965650000000001,2.1510249999999997,20.0,0.8814249999999999,
druglike_only,45,13,7.85865,6.011545,6.5982199999999995,0.31067,0.899715,2.12686,20.0,0.883695,
druglike_only,45,14,7.85865,6.026325,6.591,0.30934,0.8983000000000001,2.110245,19.5,0.885275,
druglike_only,45,15,7.85865,6.040905,6.57995,0.31199,0.898985,2.08329,20.0,0.886255,
druglike_only,45,16,7.85865,6.03466,6.57055,0.31818,0.900645,2.052,20.0,0.88899,
druglike_only,45,17,7.83769,6.04014,6.54585,0.32535000000000003,0.90232,2.038265,20.0,0.89059,
druglike_only,45,18,7.83769,6.05316,6.53293,0.32535000000000003,0.904175,2.038265,20.0,0.891285,
druglike_only,45,19,7.83769,6.068440000000001,6.55516,0.328345,0.9018200000000001,2.01499,20.0,0.8929199999999999,
druglike_only,45,20,7.83769,6.08775,6.525295,0.32877,0.906585,2.015865,20.0,0.8952800000000001,
druglike_only,45,21,7.83769,6.055735,6.51568,0.32877,0.90784,1.983755,20.0,0.896525,
druglike_only,45,22,7.83769,6.05199,6.518075,0.32867,0.9117200000000001,1.96582,20.0,0.8985799999999999,
druglike_only,45,23,7.83769,6.045785,6.51604,0.32877,0.912445,1.928925,20.0,0.901635,
druglike_only,45,24,7.83769,6.05199,6.51501,0.33105,0.913015,1.928925,20.0,0.9023399999999999,
druglike_only,45,25,7.83769,6.038679999999999,6.518075,0.33105,0.912445,1.9099050000000002,20.0,0.9027499999999999,
druglike_only,45,26,7.83769,6.01321,6.5214,0.32857,0.913305,1.897545,20.0,0.90339,
druglike_only,45,27,7.83769,6.019165,6.53283,0.32857,0.913405,1.89094,20.0,0.9052899999999999,
druglike_only,45,28,7.83769,6.01321,6.53921,0.32857,0.91398,1.876305,20.0,0.90576,
druglike_only,45,29,7.83769,6.010565,6.533405,0.328345,0.91465,1.8557000000000001,20.0,0.9065449999999999,
druglike_only,45,30,7.83769,6.03015,6.532055,0.33105,0.916955,1.8479,20.0,0.908495,
druglike_only,45,31,7.83769,6.03015,6.532055,0.344855,0.91618,1.8363049999999999,20.0,0.90909,
druglike_only,45,32,7.83769,6.0432500000000005,6.532055,0.34545,0.91519,1.82447,20.0,0.90952,
druglike_only,45,33,7.83769,6.00808,6.532055,0.344855,0.91934,1.817315,20.0,0.91037,
druglike_only,45,34,7.4253,6.024195,6.52393,0.35044,0.9203250000000001,1.80883,20.0,0.9121349999999999,
druglike_only,45,35,7.4253,6.0432500000000005,6.519045,0.35044,0.9210499999999999,1.79,20.0,0.9134599999999999,
druglike_only,45,36,7.4253,6.037965,6.53158,0.34921,0.92116,1.7853949999999998,20.0,0.9138550000000001,
druglike_only,45,37,7.46078,6.06704,6.535855,0.35136500000000004,0.92161,1.783715,20.0,0.914595,
druglike_only,45,38,7.46078,6.06704,6.53158,0.354715,0.924735,1.776575,20.0,0.915335,
druglike_only,45,39,7.46078,6.0826899999999995,6.526045,0.354715,0.92533,1.7641,20.0,0.91638,
druglike_only,45,40,7.46078,6.103835,6.550345,0.35665,0.92533,1.7641,20.0,0.917375,
druglike_only,45,41,7.54037,6.103835,6.55584,0.36033,0.92533,1.7574,20.0,0.917915,
druglike_only,45,42,7.54037,6.0872399999999995,6.556785,0.36297999999999997,0.92533,1.742925,20.0,0.9180299999999999,
druglike_only,45,43,7.54037,6.076765,6.55584,0.36364,0.92565,1.7295699999999998,20.0,0.92045,
druglike_only,45,44,7.54037,6.07529,6.5726700000000005,0.36364,0.9263399999999999,1.7136149999999999,20.0,0.9223049999999999,
druglike_only,45,45,7.54037,6.07529,6.576685,0.36436,0.9263399999999999,1.706915,20.0,0.92238,
druglike_only,45,46,7.54037,6.0691749999999995,6.57957,0.367155,0.926965,1.69451,20.0,0.9226749999999999,
druglike_only,45,47,7.51309,6.062749999999999,6.576685,0.37067,0.926965,1.669895,20.5,0.923125,
druglike_only,45,48,7.51309,6.07529,6.579235000000001,0.376025,0.92746,1.6586599999999998,21.0,0.9238299999999999,
druglike_only,45,49,7.51309,6.062749999999999,6.576685,0.372985,0.9269149999999999,1.65407,21.0,0.92397,
druglike_only,45,50,7.51309,6.062749999999999,6.579235000000001,0.37817999999999996,0.92686,1.64398,20.5,0.924005,
druglike_only,46,0,8.60509,6.861435,6.600899999999999,1.0,0.51399,2.8607,29.5,0.63148,
druglike_only,46,1,8.60509,6.624025,6.523994999999999,1.0,0.648705,2.75846,26.0,0.718205,
druglike_only,46,2,8.00727,6.381679999999999,6.48559,0.51783,0.74326,2.6242400000000004,23.0,0.769875,
druglike_only,46,3,8.00727,6.285,6.4887999999999995,0.43739,0.79349,2.5368000000000004,22.0,0.79981,
druglike_only,46,4,8.00727,6.193035,6.510555,0.38667,0.8295250000000001,2.411345,20.5,0.8248,
druglike_only,46,5,7.61903,6.1241699999999994,6.551515,0.35294,0.8424,2.306575,19.0,0.8414999999999999,
druglike_only,46,6,7.65441,6.11599,6.53672,0.348345,0.85685,2.25834,19.0,0.8546849999999999,
druglike_only,46,7,7.65441,6.107115,6.546135,0.346735,0.87301,2.218445,19.0,0.86302,
druglike_only,46,8,7.65441,6.09641,6.487875,0.33871,0.88615,2.1422,19.0,0.86886,
druglike_only,46,9,7.65441,6.0625800000000005,6.506895,0.33333,0.8888100000000001,2.1184250000000002,19.0,0.872275,
druglike_only,46,10,7.43641,6.015105,6.506895,0.33333,0.88957,2.079975,19.0,0.881165,
druglike_only,46,11,7.38184,6.019335,6.538145,0.33046,0.88922,2.046575,19.0,0.883165,
druglike_only,46,12,7.38184,6.019335,6.5137,0.33333,0.8883000000000001,1.9658449999999998,19.0,0.8847700000000001,
druglike_only,46,13,7.56275,6.019335,6.559645,0.33602,0.889945,1.893465,19.0,0.887475,
druglike_only,46,14,7.56275,6.032875000000001,6.580075,0.343515,0.8906350000000001,1.848595,19.0,0.889625,
druglike_only,46,15,7.56275,5.991384999999999,6.576345,0.34426,0.889915,1.8127550000000001,19.0,0.8923099999999999,
druglike_only,46,16,7.56275,5.9855,6.5681650000000005,0.34377,0.88944,1.776685,19.0,0.8942650000000001,
druglike_only,46,17,7.56275,5.972255,6.56325,0.338845,0.890865,1.766635,19.0,0.8977200000000001,
druglike_only,46,18,7.663,5.9498549999999994,6.51516,0.33568,0.892965,1.74728,19.0,0.9027700000000001,
druglike_only,46,19,7.663,5.9498549999999994,6.52275,0.33114,0.894015,1.735295,19.0,0.9047000000000001,
druglike_only,46,20,7.663,6.006855,6.500285,0.34009999999999996,0.8997850000000001,1.6897950000000002,19.5,0.907475,
druglike_only,46,21,7.663,6.02957,6.54821,0.34506000000000003,0.899005,1.68166,19.5,0.90786,
druglike_only,46,22,7.663,6.08717,6.5578,0.346245,0.89954,1.67841,20.0,0.910695,
druglike_only,46,23,7.663,6.096349999999999,6.561305,0.35004500000000005,0.9003950000000001,1.66742,20.0,0.911405,
druglike_only,46,24,7.663,6.06408,6.5578,0.34733,0.90222,1.65408,20.0,0.913535,
druglike_only,46,25,7.663,6.058785,6.58888,0.34633499999999995,0.905565,1.652115,20.0,0.914045,
druglike_only,46,26,7.663,6.0669699999999995,6.62015,0.344365,0.905785,1.65152,20.0,0.91574,
druglike_only,46,27,7.663,6.078234999999999,6.57451,0.35136500000000004,0.9059699999999999,1.65021,20.0,0.9159649999999999,
druglike_only,46,28,7.663,6.0669699999999995,6.63508,0.34633499999999995,0.9072549999999999,1.6446450000000001,20.0,0.9172,
druglike_only,46,29,7.58836,6.058785,6.58888,0.34733,0.90895,1.61909,20.0,0.919465,
druglike_only,46,30,7.58836,6.058785,6.58888,0.35004500000000005,0.909015,1.61755,20.0,0.9197299999999999,
druglike_only,46,31,7.58836,6.058785,6.586905,0.35197999999999996,0.909385,1.612395,20.0,0.9203250000000001,
druglike_only,46,32,7.58836,6.0656300000000005,6.5787700000000005,0.35136500000000004,0.910255,1.612395,20.0,0.9207449999999999,
druglike_only,46,33,7.58836,6.015785,6.551105,0.35197999999999996,0.91058,1.60732,20.0,0.921245,
druglike_only,46,34,7.54273,6.02085,6.55625,0.35197999999999996,0.9113800000000001,1.60732,20.0,0.921745,
druglike_only,46,35,7.54273,6.015785,6.55625,0.352525,0.911045,1.6052300000000002,20.0,0.9218900000000001,
druglike_only,46,36,7.54273,6.055575,6.550155,0.35714,0.9113800000000001,1.60732,20.0,0.922115,
druglike_only,46,37,7.54273,6.029195,6.550155,0.35653500000000005,0.9120550000000001,1.601005,20.0,0.922245,
druglike_only,46,38,7.54273,6.055575,6.542115000000001,0.35653500000000005,0.913055,1.58508,20.0,0.9232100000000001,
druglike_only,46,39,7.54273,6.04167,6.53648,0.35402,0.9143749999999999,1.5832199999999998,20.0,0.9238500000000001,
druglike_only,46,40,7.54273,6.04167,6.53866,0.35714,0.915825,1.58377,20.0,0.92468,
druglike_only,46,41,7.54273,6.054185,6.53866,0.35714,0.915805,1.579765,20.0,0.92501,
druglike_only,46,42,7.54273,6.002750000000001,6.542115000000001,0.36,0.9162699999999999,1.57478,20.0,0.92538,
druglike_only,46,43,7.54273,6.045755,6.550155,0.36451,0.9177949999999999,1.564305,20.0,0.9261550000000001,
druglike_only,46,44,7.54273,6.05783,6.55625,0.36285500000000004,0.92059,1.57478,20.0,0.926525,
druglike_only,46,45,7.54273,6.002750000000001,6.541555000000001,0.361885,0.92123,1.57478,20.0,0.9266099999999999,
druglike_only,46,46,7.54273,5.98479,6.52272,0.36033,0.922485,1.5775100000000002,20.0,0.9268449999999999,
druglike_only,46,47,7.54273,6.002750000000001,6.52272,0.36118,0.9226,1.580035,20.0,0.926975,
druglike_only,46,48,7.54273,5.98479,6.520435,0.36285500000000004,0.92448,1.5775100000000002,20.0,0.92754,
druglike_only,46,49,7.54273,6.02783,6.520435,0.36033,0.926115,1.580035,20.0,0.92789,
druglike_only,46,50,7.54273,6.04439,6.51891,0.36285500000000004,0.9265,1.58014,20.0,0.927975,
multi_real,42,0,8.59198,6.7789850000000005,6.590705,1.0,0.53157,2.85071,28.5,0.58562,6.7789850000000005
multi_real,42,1,8.59198,7.09445,6.590705,1.0,0.593245,2.81041,27.0,0.64669,7.09445
multi_real,42,2,8.59198,7.22916,6.587870000000001,0.616555,0.6683399999999999,2.733085,25.0,0.694305,7.22916
multi_real,42,3,8.59198,7.286569999999999,6.612985,0.556625,0.73943,2.7001150000000003,24.0,0.7143550000000001,7.286569999999999
multi_real,42,4,8.59198,7.347675000000001,6.602835000000001,0.51564,0.76363,2.585035,23.0,0.7285299999999999,7.347675000000001
multi_real,42,5,8.59198,7.383369999999999,6.567565,0.47279,0.78303,2.585035,22.0,0.737175,7.383369999999999
multi_real,42,6,8.59198,7.5101700000000005,6.625375,0.42373,0.79483,2.55973,21.5,0.7518,7.5101700000000005
multi_real,42,7,8.59198,7.481305000000001,6.6503499999999995,0.405145,0.80862,2.527635,21.0,0.759595,7.481305000000001
multi_real,42,8,8.59198,7.494484999999999,6.6503499999999995,0.418335,0.826565,2.50655,21.0,0.77362,7.494484999999999
multi_real,42,9,8.47449,7.4868749999999995,6.68348,0.4,0.8381149999999999,2.35001,21.0,0.78681,7.4868749999999995
multi_real,42,10,8.47449,7.5327649999999995,6.717034999999999,0.394705,0.8440000000000001,2.297835,21.0,0.79012,7.5327649999999995
multi_real,42,11,8.47449,7.5436250000000005,6.7332149999999995,0.39251,0.8545,2.2851150000000002,20.0,0.795705,7.5436250000000005
multi_real,42,12,8.47449,7.560775,6.735435000000001,0.39315,0.864355,2.27137,20.0,0.80054,7.560775
multi_real,42,13,8.47449,7.554925,6.73963,0.38529,0.876765,2.244335,20.0,0.8052349999999999,7.554925
multi_real,42,14,8.47449,7.56932,6.759460000000001,0.389,0.8702300000000001,2.1608799999999997,20.0,0.80792,7.56932
multi_real,42,15,8.47449,7.578925,6.744095,0.38686,0.878575,2.203145,21.0,0.811815,7.578925
multi_real,42,16,8.47449,7.58825,6.75445,0.39280000000000004,0.8801300000000001,2.141375,20.5,0.813545,7.58825
multi_real,42,17,8.47449,7.58258,6.763294999999999,0.38686,0.88415,2.1100250000000003,21.0,0.8189249999999999,7.58258
multi_real,42,18,8.47449,7.586354999999999,6.763294999999999,0.38686,0.887335,2.141375,20.0,0.81963,7.586354999999999
multi_real,42,19,8.47449,7.602105,6.801159999999999,0.38686,0.891875,2.097575,20.0,0.821725,7.602105
multi_real,42,20,8.47449,7.593735000000001,6.791615,0.38380000000000003,0.8938,2.04058,20.0,0.823825,7.593735000000001
multi_real,42,21,8.47449,7.593735000000001,6.783465,0.381965,0.8992249999999999,1.9287450000000002,20.0,0.8247450000000001,7.593735000000001
multi_real,42,22,8.47449,7.593735000000001,6.801159999999999,0.373545,0.8992249999999999,1.882965,20.0,0.826005,7.593735000000001
multi_real,42,23,8.26748,7.6040849999999995,6.77851,0.376025,0.9014,1.8921800000000002,20.0,0.82717,7.6040849999999995
multi_real,42,24,8.1404,7.609695,6.782635,0.376025,0.90408,1.8810600000000002,20.0,0.828845,7.609695
multi_real,42,25,8.20722,7.60997,6.77851,0.379,0.90579,1.88073,20.0,0.8302350000000001,7.60997
multi_real,42,26,8.20722,7.60997,6.782635,0.376025,0.906925,1.8562699999999999,20.0,0.831485,7.60997
multi_real,42,27,8.20722,7.628655,6.782635,0.376025,0.90779,1.8562699999999999,20.0,0.83164,7.628655
multi_real,42,28,8.20722,7.635105,6.7854,0.375,0.9101,1.8691149999999999,20.0,0.83386,7.635105
multi_real,42,29,8.20722,7.635105,6.79355,0.376025,0.9101,1.8691149999999999,20.0,0.83386,7.635105
multi_real,42,30,8.20722,7.640445,6.810475,0.379,0.912445,1.8562699999999999,20.0,0.835075,7.640445
multi_real,42,31,8.20722,7.652005,6.809094999999999,0.376025,0.912445,1.87022,20.0,0.836375,7.652005
multi_real,42,32,8.20722,7.652005,6.80565,0.376025,0.912445,1.87022,20.0,0.836375,7.652005
multi_real,42,33,8.20722,7.64712,6.809094999999999,0.373545,0.913405,1.85028,20.0,0.836375,7.64712
multi_real,42,34,8.20722,7.659165,6.81098,0.373545,0.913405,1.84585,20.0,0.8368549999999999,7.659165
multi_real,42,35,8.20722,7.676035,6.812685,0.376025,0.91383,1.84585,20.0,0.8387,7.676035
multi_real,42,36,8.20722,7.671385,6.813695,0.373545,0.9144950000000001,1.819,20.0,0.8389949999999999,7.671385
multi_real,42,37,8.20722,7.664955,6.813695,0.37066,0.916015,1.81337,20.0,0.8402000000000001,7.664955
multi_real,42,38,8.20722,7.676035,6.8146450000000005,0.36795,0.916015,1.819,20.0,0.841045,7.676035
multi_real,42,39,8.20722,7.671385,6.819215,0.36795,0.9164650000000001,1.81337,20.0,0.841045,7.671385
multi_real,42,40,8.20722,7.6826799999999995,6.8146450000000005,0.37066,0.9164650000000001,1.81337,20.0,0.8417250000000001,7.6826799999999995
multi_real,42,41,8.20722,7.689584999999999,6.813695,0.373545,0.9174,1.81337,20.0,0.84244,7.689584999999999
multi_real,42,42,8.20722,7.689584999999999,6.8146450000000005,0.373545,0.9174,1.81337,20.0,0.8427849999999999,7.689584999999999
multi_real,42,43,8.20722,7.694795,6.81098,0.36795,0.917335,1.83134,20.0,0.843715,7.694795
multi_real,42,44,8.20722,7.69459,6.80746,0.366435,0.919215,1.819,20.0,0.843855,7.69459
multi_real,42,45,8.20722,7.69528,6.80113,0.366435,0.920415,1.8042950000000002,20.0,0.84468,7.69528
multi_real,42,46,8.20722,7.698455,6.797969999999999,0.36364,0.920615,1.8042950000000002,20.0,0.84503,7.698455
multi_real,42,47,8.20722,7.698455,6.7935300000000005,0.36285500000000004,0.921,1.81337,20.0,0.84503,7.698455
multi_real,42,48,8.20722,7.698455,6.7935300000000005,0.36285500000000004,0.921,1.81337,20.0,0.84503,7.698455
multi_real,42,49,8.20722,7.70199,6.779529999999999,0.36285500000000004,0.92154,1.81317,20.0,0.84536,7.70199
multi_real,42,50,8.20722,7.70199,6.784965,0.36285500000000004,0.92154,1.808105,20.0,0.84559,7.70199
multi_real,43,0,8.88104,6.71275,6.626564999999999,1.0,0.546775,2.858015,29.0,0.577365,6.71275
multi_real,43,1,8.88104,7.03214,6.626175,1.0,0.60812,2.78701,26.0,0.6383,7.03214
multi_real,43,2,8.88104,7.229744999999999,6.56128,0.5850299999999999,0.71362,2.71914,24.0,0.692995,7.229744999999999
multi_real,43,3,8.88104,7.009065,6.61599,0.54033,0.78509,2.599665,23.0,0.708035,7.009065
multi_real,43,4,8.88104,7.0325299999999995,6.607395,0.492475,0.790135,2.5238300000000002,23.0,0.720745,7.0325299999999995
multi_real,43,5,8.88104,7.13776,6.562514999999999,0.46446,0.81099,2.5142949999999997,23.0,0.73474,7.13776
multi_real,43,6,8.88104,7.29354,6.553155,0.43171499999999996,0.81765,2.55236,22.0,0.741015,7.29354
multi_real,43,7,8.88104,7.334255000000001,6.6161200000000004,0.42121,0.814875,2.460665,22.0,0.751025,7.334255000000001
multi_real,43,8,8.88104,7.460025,6.628715,0.432265,0.814875,2.427925,22.0,0.7609950000000001,7.460025
multi_real,43,9,8.88104,7.45883,6.646815,0.42593,0.81299,2.4117300000000004,22.0,0.76827,7.45883
multi_real,43,10,8.88104,7.486225,6.66421,0.406845,0.8385750000000001,2.4230400000000003,21.0,0.78245,7.486225
multi_real,43,11,8.88104,7.520535000000001,6.683985,0.401755,0.8526499999999999,2.377655,20.0,0.790825,7.520535000000001
multi_real,43,12,8.88104,7.561515,6.6821850000000005,0.406845,0.8526499999999999,2.28424,20.0,0.79687,7.561515
multi_real,43,13,8.88104,7.571545,6.6821850000000005,0.4,0.86122,2.24743,20.0,0.8005,7.571545
multi_real,43,14,8.88104,7.574949999999999,6.689355000000001,0.39643,0.85737,2.155775,20.0,0.802075,7.574949999999999
multi_real,43,15,8.88104,7.573175,6.69337,0.39643,0.857775,2.130735,20.0,0.80325,7.573175
multi_real,43,16,8.88104,7.5754649999999994,6.68567,0.4,0.86375,2.093035,20.0,0.80455,7.5754649999999994
multi_real,43,17,8.40832,7.580125000000001,6.674905,0.39031,0.8703700000000001,2.03948,20.0,0.8106949999999999,7.580125000000001
multi_real,43,18,8.40832,7.5758,6.6759699999999995,0.38686,0.8722099999999999,2.0073499999999997,20.0,0.8110999999999999,7.5758
multi_real,43,19,8.40832,7.585,6.64462,0.38686,0.8726499999999999,1.986745,20.0,0.8136099999999999,7.585
multi_real,43,20,8.40832,7.580125000000001,6.64462,0.380475,0.87306,1.97132,20.0,0.8180000000000001,7.580125000000001
multi_real,43,21,8.40832,7.592595,6.64462,0.380475,0.880505,1.933785,20.0,0.8202849999999999,7.592595
multi_real,43,22,8.40832,7.592595,6.656055,0.381965,0.88114,1.9198,20.0,0.821765,7.592595
multi_real,43,23,8.40832,7.585850000000001,6.667785,0.38380000000000003,0.8896949999999999,1.9053200000000001,20.0,0.824325,7.585850000000001
multi_real,43,24,8.40832,7.5805050000000005,6.64462,0.38462,0.899375,1.90483,20.0,0.8264050000000001,7.5805050000000005
multi_real,43,25,8.40832,7.57747,6.660080000000001,0.38149,0.9008849999999999,1.8973,20.0,0.827005,7.57747
multi_real,43,26,8.40832,7.583965,6.6519200000000005,0.38,0.9008849999999999,1.8973,20.0,0.82867,7.583965
multi_real,43,27,8.40832,7.588665000000001,6.64462,0.37965499999999996,0.89992,1.8973,20.0,0.82967,7.588665000000001
multi_real,43,28,8.40832,7.593515,6.64462,0.37965499999999996,0.903365,1.8935300000000002,20.0,0.830085,7.593515
multi_real,43,29,8.40417,7.593515,6.6519200000000005,0.37965499999999996,0.908515,1.87334,19.0,0.8323149999999999,7.593515
multi_real,43,30,8.40417,7.59075,6.661985,0.378545,0.9097500000000001,1.87334,19.0,0.83299,7.59075
multi_real,43,31,8.40417,7.588665000000001,6.660080000000001,0.374075,0.9097500000000001,1.87334,19.0,0.8336749999999999,7.588665000000001
multi_real,43,32,8.36101,7.59418,6.6519200000000005,0.37037,0.91416,1.86484,19.5,0.83497,7.59418
multi_real,43,33,8.36101,7.59418,6.6519200000000005,0.37037,0.9146799999999999,1.86484,19.0,0.83497,7.59418
multi_real,43,34,8.36101,7.597474999999999,6.6519200000000005,0.37037,0.91622,1.87334,19.5,0.83553,7.597474999999999
multi_real,43,35,8.18095,7.597474999999999,6.660080000000001,0.3669,0.917225,1.86484,19.0,0.83653,7.597474999999999
multi_real,43,36,8.18095,7.59418,6.667785,0.366365,0.917815,1.86484,19.5,0.836775,7.59418
multi_real,43,37,8.18095,7.58837,6.681115,0.36364,0.920355,1.822305,20.0,0.837725,7.58837
multi_real,43,38,8.18095,7.59418,6.68619,0.366365,0.91869,1.811995,20.0,0.8379000000000001,7.59418
multi_real,43,39,8.18095,7.59418,6.689285,0.36451,0.91953,1.811995,20.0,0.83801,7.59418
multi_real,43,40,8.18095,7.595555,6.68619,0.36364,0.920695,1.80412,20.0,0.838335,7.595555
multi_real,43,41,8.18095,7.595555,6.681115,0.36364,0.920695,1.811995,20.0,0.838985,7.595555
multi_real,43,42,8.18095,7.597474999999999,6.689285,0.366365,0.920695,1.8058999999999998,20.0,0.8392,7.597474999999999
multi_real,43,43,8.18095,7.597474999999999,6.689285,0.36451,0.9218999999999999,1.8058999999999998,20.0,0.840195,7.597474999999999
multi_real,43,44,8.18095,7.59844,6.71517,0.366365,0.9227099999999999,1.801675,20.0,0.8411649999999999,7.59844
multi_real,43,45,8.18095,7.597474999999999,6.72452,0.36939500000000003,0.92275,1.796655,19.5,0.841565,7.597474999999999
multi_real,43,46,8.18095,7.595555,6.735015000000001,0.3669,0.92275,1.792105,19.5,0.84195,7.595555
multi_real,43,47,8.18095,7.597474999999999,6.7386099999999995,0.36451,0.9244600000000001,1.792105,20.0,0.84215,7.597474999999999
multi_real,43,48,8.18095,7.597474999999999,6.74136,0.36451,0.9244600000000001,1.792105,20.0,0.842245,7.597474999999999
multi_real,43,49,8.18095,7.59844,6.7386099999999995,0.36451,0.92275,1.792105,20.0,0.842295,7.59844
multi_real,43,50,8.18095,7.598725,6.7386099999999995,0.36364,0.9244600000000001,1.796655,20.0,0.8423849999999999,7.598725
multi_real,44,0,8.64633,6.509729999999999,6.734735,1.0,0.5303549999999999,2.84262,30.0,0.568925,6.509729999999999
multi_real,44,1,8.64633,6.66548,6.654864999999999,1.0,0.66218,2.7553549999999998,26.0,0.6311800000000001,6.66548
multi_real,44,2,8.64633,6.7405100000000004,6.65302,0.583595,0.733355,2.69731,24.0,0.674925,6.7405100000000004
multi_real,44,3,8.64633,6.869415,6.569705,0.543115,0.7675000000000001,2.6626849999999997,24.0,0.6990149999999999,6.869415
multi_real,44,4,8.64633,6.882545,6.60872,0.522775,0.7884500000000001,2.6626849999999997,23.0,0.709735,6.882545
multi_real,44,5,8.64633,6.93613,6.59992,0.49138000000000004,0.798225,2.658905,22.0,0.718295,6.93613
multi_real,44,6,8.64633,7.0735600000000005,6.561385,0.47154,0.81476,2.658905,22.0,0.72915,7.0735600000000005
multi_real,44,7,8.64633,7.16062,6.5297149999999995,0.44308000000000003,0.8301350000000001,2.6659499999999996,22.0,0.7373350000000001,7.16062
multi_real,44,8,8.64633,7.199540000000001,6.5297149999999995,0.42376,0.84488,2.720955,21.0,0.74863,7.199540000000001
multi_real,44,9,8.64633,7.432685,6.47232,0.4299,0.84449,2.74164,21.0,0.75579,7.432685
multi_real,44,10,8.64633,7.48571,6.457795,0.429655,0.849,2.753055,21.0,0.7633399999999999,7.48571
multi_real,44,11,8.64633,7.502255,6.45476,0.418215,0.857605,2.739695,20.5,0.768475,7.502255
multi_real,44,12,8.57681,7.48858,6.429625,0.40996,0.861595,2.81184,20.0,0.77093,7.48858
multi_real,44,13,8.47346,7.5147949999999994,6.422965,0.40996,0.8654900000000001,2.84343,20.0,0.77652,7.5147949999999994
multi_real,44,14,8.47346,7.55542,6.415649999999999,0.42376,0.87436,2.8244100000000003,21.0,0.785265,7.55542
multi_real,44,15,8.47346,7.560675,6.417425,0.41223,0.877785,2.8714250000000003,20.0,0.786475,7.560675
multi_real,44,16,8.47346,7.58223,6.411185,0.41223,0.881345,2.8597200000000003,20.0,0.788735,7.58223
multi_real,44,17,8.47346,7.5768699999999995,6.417425,0.393725,0.88686,2.83644,20.0,0.79009,7.5768699999999995
multi_real,44,18,8.47346,7.584455,6.417425,0.405835,0.8909400000000001,2.847195,20.0,0.7932049999999999,7.584455
multi_real,44,19,8.47346,7.58223,6.40659,0.40900000000000003,0.89541,2.803165,20.0,0.79739,7.58223
multi_real,44,20,8.47346,7.58768,6.402055000000001,0.40900000000000003,0.89503,2.797415,20.0,0.79978,7.58768
multi_real,44,21,8.47346,7.59773,6.397355,0.416025,0.89237,2.79438,20.0,0.800155,7.59773
multi_real,44,22,8.47346,7.62034,6.39878,0.423905,0.89541,2.766175,20.0,0.8011,7.62034
multi_real,44,23,8.47346,7.617345,6.40258,0.41935,0.897025,2.785665,20.0,0.80172,7.617345
multi_real,44,24,8.47346,7.624105,6.405295000000001,0.41935,0.897025,2.766175,20.0,0.802235,7.624105
multi_real,44,25,8.47346,7.64096,6.401775000000001,0.421465,0.8980250000000001,2.758935,20.0,0.8038099999999999,7.64096
multi_real,44,26,8.47346,7.654365,6.401775000000001,0.42247999999999997,0.8987149999999999,2.776155,20.0,0.80387,7.654365
multi_real,44,27,8.47346,7.6519449999999996,6.39878,0.42247999999999997,0.8987149999999999,2.754365,20.0,0.804145,7.6519449999999996
multi_real,44,28,8.47346,7.654365,6.401775000000001,0.42247999999999997,0.899355,2.766175,20.0,0.80473,7.654365
multi_real,44,29,8.47346,7.671095,6.413345,0.429385,0.8987350000000001,2.766175,20.0,0.8058350000000001,7.671095
multi_real,44,30,8.47346,7.681775,6.413345,0.44715000000000005,0.8987350000000001,2.7719050000000003,20.0,0.80687,7.681775
multi_real,44,31,8.47346,7.6781500000000005,6.40596,0.44447000000000003,0.8999250000000001,2.75218,20.0,0.80872,7.6781500000000005
multi_real,44,32,8.47346,7.696935,6.40119,0.45672,0.899445,2.758935,20.0,0.81036,7.696935
multi_real,44,33,8.47346,7.700995000000001,6.404185,0.462555,0.9014,2.748245,20.0,0.8116049999999999,7.700995000000001
multi_real,44,34,8.47346,7.704845000000001,6.40119,0.46923499999999996,0.9014,2.7504600000000003,20.0,0.81175,7.704845000000001
multi_real,44,35,8.27852,7.75999,6.3944399999999995,0.47809,0.9010549999999999,2.758935,20.0,0.8128,7.75999
multi_real,44,36,8.27852,7.75999,6.38338,0.47809,0.902785,2.754365,20.0,0.8134250000000001,7.75999
multi_real,44,37,8.27852,7.772724999999999,6.361695,0.491665,0.9040600000000001,2.7572900000000002,20.0,0.8144199999999999,7.772724999999999
multi_real,44,38,8.27852,7.786925,6.361695,0.49192,0.905635,2.76759,21.0,0.815015,7.786925
multi_real,44,39,8.27852,7.7985,6.3637250000000005,0.49192,0.9040600000000001,2.76759,20.5,0.81576,7.7985
multi_real,44,40,8.27852,7.7985,6.361695,0.49192,0.90354,2.75218,20.0,0.8165,7.7985
multi_real,44,41,8.41531,7.82922,6.3457550000000005,0.508515,0.905635,2.75218,20.0,0.816685,7.82922
multi_real,44,42,8.41531,7.867979999999999,6.330845,0.51949,0.90656,2.76759,20.0,0.8173900000000001,7.867979999999999
multi_real,44,43,8.41531,7.872465,6.330845,0.522775,0.90754,2.767125,20.5,0.8180799999999999,7.872465
multi_real,44,44,8.41531,7.8772850000000005,6.330845,0.522775,0.90898,2.7591799999999997,21.0,0.818255,7.8772850000000005
multi_real,44,45,8.41531,7.938535,6.32438,0.5242,0.9114549999999999,2.7572900000000002,21.0,0.819,7.938535
multi_real,44,46,8.41531,7.938535,6.32438,0.52459,0.911915,2.7572900000000002,21.0,0.820535,7.938535
multi_real,44,47,8.41531,7.94479,6.31426,0.52896,0.9114549999999999,2.75218,21.0,0.82124,7.94479
multi_real,44,48,8.44712,7.9515899999999995,6.31382,0.53333,0.910705,2.74987,21.0,0.82182,7.9515899999999995
multi_real,44,49,8.44712,7.9515899999999995,6.31426,0.536505,0.9114549999999999,2.75105,21.0,0.82214,7.9515899999999995
multi_real,44,50,8.44712,7.964895,6.31426,0.544655,0.90977,2.75105,21.0,0.8229299999999999,7.964895
multi_real,45,0,8.45346,6.5619250000000005,6.59651,1.0,0.52203,2.906205,30.0,0.5757950000000001,6.5619250000000005
multi_real,45,1,8.45346,6.79958,6.6580200000000005,1.0,0.631445,2.7468399999999997,27.0,0.636265,6.79958
multi_real,45,2,8.45346,6.826335,6.716355,0.5740000000000001,0.6930499999999999,2.657955,25.0,0.6693800000000001,6.826335
multi_real,45,3,8.45346,6.899065,6.680059999999999,0.526465,0.718005,2.72691,24.0,0.69236,6.899065
multi_real,45,4,8.45346,6.96999,6.59319,0.483855,0.7557750000000001,2.657835,23.0,0.7059,6.96999
multi_real,45,5,8.45346,7.0481300000000005,6.583825,0.473005,0.7838350000000001,2.689825,22.0,0.71176,7.0481300000000005
multi_real,45,6,8.45346,7.170315,6.548385,0.45035000000000003,0.7905549999999999,2.6560300000000003,22.0,0.7253499999999999,7.170315
multi_real,45,7,8.45346,7.1779,6.54266,0.45035000000000003,0.796805,2.659405,22.0,0.737675,7.1779
multi_real,45,8,8.45346,7.21244,6.536524999999999,0.451155,0.8239449999999999,2.643895,22.0,0.751875,7.21244
multi_real,45,9,8.45346,7.25202,6.51695,0.41667,0.8322849999999999,2.5412749999999997,21.0,0.7605,7.25202
multi_real,45,10,8.45346,7.27433,6.49419,0.41225,0.84463,2.52489,21.0,0.76295,7.27433
multi_real,45,11,8.34942,7.309065,6.498265,0.398415,0.84945,2.4426550000000002,21.0,0.76739,7.309065
multi_real,45,12,8.34942,7.39201,6.5583,0.39669,0.856685,2.3893199999999997,21.0,0.77502,7.39201
multi_real,45,13,8.34942,7.448245,6.573145,0.38906,0.86155,2.35079,21.0,0.7830550000000001,7.448245
multi_real,45,14,8.34942,7.531775,6.5742650000000005,0.40351,0.86278,2.31945,20.0,0.790555,7.531775
multi_real,45,15,8.34942,7.56998,6.57319,0.40793,0.864825,2.3028750000000002,21.0,0.7983450000000001,7.56998
multi_real,45,16,8.34942,7.58061,6.584805,0.40793,0.870155,2.216685,21.0,0.8008500000000001,7.58061
multi_real,45,17,8.34942,7.56998,6.57625,0.40351,0.875645,2.180625,21.0,0.80632,7.56998
multi_real,45,18,8.34942,7.5863949999999996,6.58041,0.40351,0.87872,2.147005,21.0,0.80979,7.5863949999999996
multi_real,45,19,8.34942,7.5863949999999996,6.601395,0.39231000000000005,0.88063,2.08201,20.5,0.8167150000000001,7.5863949999999996
multi_real,45,20,8.34942,7.594239999999999,6.62209,0.38284,0.883845,2.04558,20.5,0.82071,7.594239999999999
multi_real,45,21,8.34942,7.595834999999999,6.624065,0.378545,0.89201,2.0445900000000004,21.0,0.82314,7.595834999999999
multi_real,45,22,8.34942,7.595834999999999,6.62501,0.36842,0.89294,1.99897,20.5,0.824355,7.595834999999999
multi_real,45,23,8.34942,7.60073,6.624065,0.378545,0.89201,1.99897,20.0,0.824955,7.60073
multi_real,45,24,8.34942,7.62355,6.6350750000000005,0.36939500000000003,0.893965,1.99719,20.0,0.825155,7.62355
multi_real,45,25,8.34942,7.62571,6.632115,0.367885,0.894115,1.99719,20.0,0.82528,7.62571
multi_real,45,26,8.34942,7.66161,6.62501,0.36939500000000003,0.89419,2.00328,20.0,0.8267,7.66161
multi_real,45,27,8.34942,7.664855,6.62209,0.372685,0.89419,2.00328,20.0,0.82675,7.664855
multi_real,45,28,8.34942,7.667915,6.604205,0.37639,0.8992549999999999,2.043735,20.0,0.8293699999999999,7.667915
multi_real,45,29,8.34942,7.666119999999999,6.58608,0.381965,0.8995299999999999,2.008775,20.0,0.830255,7.666119999999999
multi_real,45,30,8.34942,7.666119999999999,6.595275,0.381965,0.8992549999999999,2.04002,20.0,0.830865,7.666119999999999
multi_real,45,31,8.34942,7.664855,6.613655,0.37756999999999996,0.8992549999999999,1.99897,20.0,0.83102,7.664855
multi_real,45,32,8.34942,7.666119999999999,6.606305000000001,0.37756999999999996,0.90079,1.978605,20.0,0.8317,7.666119999999999
multi_real,45,33,8.34942,7.667975,6.606305000000001,0.37617999999999996,0.90079,1.978605,20.0,0.833155,7.667975
multi_real,45,34,8.34942,7.67666,6.604205,0.3812,0.9020250000000001,1.97118,20.0,0.8338300000000001,7.67666
multi_real,45,35,8.34942,7.685230000000001,6.594845,0.3812,0.90259,1.97118,20.0,0.83432,7.685230000000001
multi_real,45,36,8.34942,7.692410000000001,6.5845,0.37756999999999996,0.90259,1.990365,20.0,0.8346,7.692410000000001
multi_real,45,37,8.34942,7.7066300000000005,6.580360000000001,0.37756999999999996,0.90127,1.97497,20.0,0.83489,7.7066300000000005
multi_real,45,38,8.34942,7.713,6.59626,0.37289,0.906155,1.9521950000000001,20.5,0.83725,7.713
multi_real,45,39,8.34942,7.716685,6.59626,0.36603,0.90411,1.944415,20.5,0.83743,7.716685
multi_real,45,40,8.34942,7.713,6.59626,0.37289,0.90699,1.9234499999999999,20.0,0.838035,7.713
multi_real,45,41,8.34942,7.713,6.610015000000001,0.37756999999999996,0.90699,1.88687,20.0,0.839065,7.713
multi_real,45,42,8.34942,7.716685,6.606305000000001,0.378545,0.90699,1.8965,20.0,0.84056,7.716685
multi_real,45,43,8.34942,7.7208000000000006,6.59626,0.378545,0.9085000000000001,1.9027699999999999,20.0,0.84104,7.7208000000000006
multi_real,45,44,8.34942,7.725365,6.585915,0.381965,0.90967,1.895195,20.0,0.84222,7.725365
multi_real,45,45,8.34942,7.729335000000001,6.593655,0.381965,0.90861,1.8965,20.0,0.8425549999999999,7.729335000000001
multi_real,45,46,8.34942,7.729335000000001,6.57442,0.381965,0.909155,1.8965,20.0,0.84301,7.729335000000001
multi_real,45,47,8.34942,7.72805,6.564724999999999,0.38012999999999997,0.909155,1.895195,20.0,0.84301,7.72805
multi_real,45,48,8.34942,7.72805,6.557544999999999,0.38012999999999997,0.90967,1.895195,20.0,0.843175,7.72805
multi_real,45,49,8.34942,7.72805,6.557544999999999,0.378545,0.9102950000000001,1.895195,20.0,0.8433999999999999,7.72805
multi_real,45,50,8.34942,7.725375,6.55561,0.37736,0.91247,1.8673250000000001,20.0,0.844245,7.725375
multi_real,46,0,8.60509,6.861435,6.600899999999999,1.0,0.51399,2.8607,29.5,0.594495,6.861435
multi_real,46,1,8.60509,6.86601,6.6386,1.0,0.6181650000000001,2.8626050000000003,27.0,0.648585,6.86601
multi_real,46,2,8.60509,7.053005000000001,6.5958749999999995,0.65503,0.67016,2.879575,25.0,0.67615,7.053005000000001
multi_real,46,3,8.60509,7.10656,6.6741150000000005,0.545485,0.713585,2.7587149999999996,24.0,0.6924600000000001,7.10656
multi_real,46,4,8.60509,7.119915000000001,6.683475,0.50877,0.7433099999999999,2.758395,23.0,0.703485,7.119915000000001
multi_real,46,5,8.60509,7.176625,6.6814,0.45916500000000005,0.7672399999999999,2.6612999999999998,23.0,0.7154050000000001,7.176625
multi_real,46,6,8.60509,7.30178,6.6536349999999995,0.45304500000000003,0.772555,2.6612999999999998,22.5,0.731095,7.30178
multi_real,46,7,8.60509,7.34598,6.583595000000001,0.39863000000000004,0.8159099999999999,2.48168,22.0,0.7464200000000001,7.34598
multi_real,46,8,8.60509,7.374855,6.680115000000001,0.396905,0.83961,2.398795,21.0,0.754,7.374855
multi_real,46,9,8.60509,7.42742,6.722635,0.394705,0.8465,2.34869,21.0,0.7665150000000001,7.42742
multi_real,46,10,8.10201,7.42742,6.71961,0.38462,0.8614200000000001,2.326955,21.0,0.779045,7.42742
multi_real,46,11,8.10201,7.46278,6.749829999999999,0.383975,0.8652150000000001,2.2838700000000003,21.0,0.7876799999999999,7.46278
multi_real,46,12,8.10201,7.52605,6.826779999999999,0.39827500000000005,0.867745,2.259405,21.0,0.7962849999999999,7.52605
multi_real,46,13,8.10201,7.52829,6.9018250000000005,0.38462,0.877775,2.18987,21.0,0.7974300000000001,7.52829
multi_real,46,14,8.10201,7.52552,6.88251,0.38586,0.88112,2.1639999999999997,21.0,0.801195,7.52552
multi_real,46,15,8.10201,7.526949999999999,6.89215,0.38239999999999996,0.881885,2.1530899999999997,20.0,0.808565,7.526949999999999
multi_real,46,16,8.10201,7.53002,6.833655,0.383155,0.884725,2.12321,20.0,0.81243,7.53002
multi_real,46,17,8.10201,7.543145,6.83356,0.380475,0.88681,2.134615,20.0,0.81504,7.543145
multi_real,46,18,8.10201,7.54456,6.869020000000001,0.37736,0.888575,2.042875,20.0,0.8178300000000001,7.54456
multi_real,46,19,8.10201,7.55317,6.857365,0.37736,0.89161,1.9971299999999998,20.0,0.8224450000000001,7.55317
multi_real,46,20,8.10201,7.54456,6.87999,0.367885,0.89964,1.9969299999999999,20.0,0.822845,7.54456
multi_real,46,21,8.16263,7.55032,6.86476,0.3698,0.90339,1.9969299999999999,20.0,0.82367,7.55032
multi_real,46,22,8.16263,7.55317,6.88963,0.36829,0.904305,1.976445,20.0,0.825205,7.55317
multi_real,46,23,8.16263,7.555775000000001,6.900065,0.37122999999999995,0.9051400000000001,1.973765,20.0,0.8267450000000001,7.555775000000001
multi_real,46,24,8.16263,7.555775000000001,6.900065,0.367545,0.90645,1.972135,20.0,0.827985,7.555775000000001
multi_real,46,25,8.16263,7.561995,6.900065,0.36851999999999996,0.910675,1.961335,20.0,0.82938,7.561995
multi_real,46,26,8.16263,7.5684249999999995,6.896459999999999,0.37037,0.918275,1.94031,20.0,0.8307100000000001,7.5684249999999995
multi_real,46,27,8.16263,7.57048,6.87999,0.36207,0.918965,1.8973,20.0,0.833565,7.57048
multi_real,46,28,8.16263,7.574635000000001,6.862725,0.359,0.9193849999999999,1.8973,20.0,0.833655,7.574635000000001
multi_real,46,29,8.16263,7.582610000000001,6.8447499999999994,0.35450499999999996,0.920065,1.895415,20.0,0.8354,7.582610000000001
multi_real,46,30,8.16263,7.580275,6.84314,0.355385,0.92136,1.88629,20.0,0.8360749999999999,7.580275
multi_real,46,31,8.16263,7.57048,6.848875,0.35301,0.9216500000000001,1.88629,20.0,0.8364450000000001,7.57048
multi_real,46,32,8.16263,7.584695,6.850485,0.346685,0.92267,1.88629,20.0,0.8383,7.584695
multi_real,46,33,8.16263,7.587125,6.8494600000000005,0.346685,0.923735,1.88629,20.0,0.838705,7.587125
multi_real,46,34,8.16263,7.60264,6.8494600000000005,0.346685,0.9230700000000001,1.87706,20.0,0.8398049999999999,7.60264
multi_real,46,35,8.16263,7.60264,6.8494600000000005,0.34329,0.92267,1.87141,20.0,0.83996,7.60264
multi_real,46,36,8.16263,7.597965,6.84113,0.33986,0.923735,1.87141,20.0,0.8400449999999999,7.597965
multi_real,46,37,8.16263,7.6045549999999995,6.84113,0.33929,0.924105,1.868565,20.0,0.84105,7.6045549999999995
multi_real,46,38,8.16263,7.605874999999999,6.8494600000000005,0.33929,0.92455,1.868565,20.0,0.84179,7.605874999999999
multi_real,46,39,8.16263,7.608375,6.8435299999999994,0.33929,0.9230700000000001,1.8627850000000001,20.0,0.84179,7.608375
multi_real,46,40,8.17408,7.61101,6.8435299999999994,0.33986,0.92267,1.8627850000000001,20.0,0.84278,7.61101
multi_real,46,41,8.17408,7.614504999999999,6.83192,0.33986,0.923735,1.868565,20.0,0.843665,7.614504999999999
multi_real,46,42,8.19346,7.627215,6.84113,0.342345,0.92384,1.873305,20.0,0.84387,7.627215
multi_real,46,43,8.19346,7.6283449999999995,6.83192,0.345205,0.92384,1.87706,20.0,0.8440300000000001,7.6283449999999995
multi_real,46,44,8.19346,7.6283449999999995,6.84113,0.345205,0.925215,1.87706,20.0,0.8440300000000001,7.6283449999999995
multi_real,46,45,8.20619,7.62815,6.827310000000001,0.345205,0.9259200000000001,1.888175,20.0,0.84413,7.62815
multi_real,46,46,8.20619,7.627215,6.827310000000001,0.345205,0.9259200000000001,1.87706,20.0,0.84413,7.627215
multi_real,46,47,8.20619,7.622484999999999,6.827310000000001,0.34615,0.9259200000000001,1.873305,20.0,0.84413,7.622484999999999
multi_real,46,48,8.20619,7.627215,6.824775000000001,0.34615,0.926875,1.873305,20.0,0.8443849999999999,7.627215
multi_real,46,49,8.20619,7.622484999999999,6.827310000000001,0.34615,0.926875,1.868565,20.0,0.8443849999999999,7.622484999999999
multi_real,46,50,8.20619,7.627215,6.83192,0.345205,0.926875,1.8604150000000002,20.0,0.844735,7.627215
multi_scrambled,42,0,8.59198,6.7789850000000005,6.590705,1.0,0.53157,2.85071,28.5,0.570265,6.590705
multi_scrambled,42,1,8.59198,6.425435,6.686904999999999,1.0,0.6358,2.84456,26.0,0.6324449999999999,6.686904999999999
multi_scrambled,42,2,8.25248,6.48764,6.77302,0.488915,0.7283649999999999,2.6993150000000004,22.5,0.68138,6.77302
multi_scrambled,42,3,8.15901,6.38134,6.77302,0.434405,0.77759,2.527485,21.0,0.706555,6.77302
multi_scrambled,42,4,8.15901,6.338685,6.78647,0.40303500000000003,0.80696,2.511585,21.0,0.717705,6.78647
multi_scrambled,42,5,8.15901,6.25212,6.8106100000000005,0.401015,0.82943,2.4780949999999997,21.0,0.7258549999999999,6.8106100000000005
multi_scrambled,42,6,8.15901,6.195795,6.81644,0.40354,0.8402499999999999,2.425135,20.0,0.73209,6.81644
multi_scrambled,42,7,8.15901,6.214975,6.82184,0.39623,0.8595200000000001,2.35658,20.0,0.738845,6.82184
multi_scrambled,42,8,8.15901,6.195795,6.859795,0.396645,0.860765,2.32526,21.0,0.744355,6.859795
multi_scrambled,42,9,8.08323,6.1555599999999995,6.87229,0.39853000000000005,0.8749,2.259185,21.0,0.75385,6.87229
multi_scrambled,42,10,8.08323,6.11041,6.893815,0.39027,0.87962,2.223275,21.0,0.7575700000000001,6.893815
multi_scrambled,42,11,7.804,6.0906649999999996,6.898685,0.375,0.88876,2.157105,20.0,0.76113,6.898685
multi_scrambled,42,12,7.804,6.07442,6.901535,0.367885,0.89208,2.04863,20.0,0.765435,6.901535
multi_scrambled,42,13,7.64013,6.062495,6.918385,0.37377499999999997,0.89388,2.02702,20.0,0.76859,6.918385
multi_scrambled,42,14,7.5715,5.998805,6.93685,0.34768,0.892585,1.994235,20.0,0.774425,6.93685
multi_scrambled,42,15,7.56513,5.97128,6.9584600000000005,0.34431,0.8932899999999999,1.9855049999999999,20.0,0.7758700000000001,6.9584600000000005
multi_scrambled,42,16,7.55473,6.00005,6.9631,0.34059,0.89388,1.97531,20.0,0.7772399999999999,6.9631
multi_scrambled,42,17,7.55473,6.02728,6.986,0.33602,0.892845,1.95272,20.0,0.7790699999999999,6.986
multi_scrambled,42,18,7.55473,6.005475000000001,6.998715000000001,0.33602,0.89209,1.875675,20.0,0.780045,6.998715000000001
multi_scrambled,42,19,7.55473,5.96718,7.00239,0.35007999999999995,0.8915850000000001,1.865075,20.5,0.780545,7.00239
multi_scrambled,42,20,7.55473,5.96718,7.01107,0.339645,0.8942749999999999,1.8866049999999999,20.0,0.7816,7.01107
multi_scrambled,42,21,7.55473,5.9558599999999995,7.01367,0.33602,0.89495,1.8866049999999999,20.0,0.78171,7.01367
multi_scrambled,42,22,7.55473,5.96718,7.002955,0.340455,0.8976299999999999,1.8445399999999998,20.0,0.782555,7.002955
multi_scrambled,42,23,7.55473,5.97128,7.011035,0.35007999999999995,0.896205,1.7792949999999998,20.0,0.78348,7.011035
multi_scrambled,42,24,7.55473,6.009320000000001,7.012745000000001,0.36436999999999997,0.8974150000000001,1.7739500000000001,20.0,0.786315,7.012745000000001
multi_scrambled,42,25,7.55473,6.02831,7.023815,0.36701,0.896205,1.8270300000000002,20.0,0.787765,7.023815
multi_scrambled,42,26,7.55473,6.02831,7.04425,0.34928499999999996,0.896205,1.8270300000000002,20.0,0.7883100000000001,7.04425
multi_scrambled,42,27,7.55473,6.030620000000001,7.047145,0.340455,0.899135,1.85059,20.0,0.7886,7.047145
multi_scrambled,42,28,7.55473,6.058485,7.056815,0.33929,0.8974150000000001,1.84363,20.0,0.78874,7.056815
multi_scrambled,42,29,7.55473,6.0655,7.072279999999999,0.33333,0.8942,1.870895,20.0,0.79051,7.072279999999999
multi_scrambled,42,30,7.55473,6.0655,7.07951,0.33333,0.8942,1.86134,19.0,0.79204,7.07951
multi_scrambled,42,31,7.55473,6.0655,7.07628,0.33837,0.89744,1.86134,20.0,0.79244,7.07628
multi_scrambled,42,32,7.57408,6.0655,7.101515,0.33981,0.8968750000000001,1.8177349999999999,19.5,0.79312,7.101515
multi_scrambled,42,33,7.57408,6.068975,7.11224,0.33945499999999995,0.8968750000000001,1.82828,20.0,0.79312,7.11224
multi_scrambled,42,34,7.57408,6.056760000000001,7.11224,0.355785,0.89744,1.797245,19.0,0.7940499999999999,7.11224
multi_scrambled,42,35,7.57408,6.097305,7.141985,0.361885,0.897895,1.77683,20.0,0.7953399999999999,7.141985
multi_scrambled,42,36,7.57408,6.097305,7.146795,0.361885,0.899275,1.7995800000000002,20.0,0.79583,7.146795
multi_scrambled,42,37,7.57408,6.102785,7.151365,0.355785,0.9009499999999999,1.77912,20.0,0.79691,7.151365
multi_scrambled,42,38,7.57408,6.097305,7.146105,0.34545,0.90176,1.7739500000000001,20.0,0.7974399999999999,7.146105
multi_scrambled,42,39,7.57408,6.110735,7.151365,0.339355,0.90308,1.77912,20.0,0.7988299999999999,7.151365
multi_scrambled,42,40,7.57408,6.110735,7.149995,0.34208,0.9043049999999999,1.79961,20.0,0.799145,7.149995
multi_scrambled,42,41,7.57408,6.129605,7.153565,0.35401000000000005,0.904615,1.79961,20.0,0.80027,7.153565
multi_scrambled,42,42,7.57408,6.129605,7.151365,0.35401000000000005,0.9050100000000001,1.7748650000000001,20.0,0.801115,7.151365
multi_scrambled,42,43,7.57408,6.14362,7.151365,0.357815,0.9050100000000001,1.774335,20.0,0.80164,7.151365
multi_scrambled,42,44,7.57408,6.14362,7.176304999999999,0.35401000000000005,0.9050100000000001,1.7748650000000001,20.0,0.802155,7.176304999999999
multi_scrambled,42,45,7.57408,6.14203,7.177135,0.348075,0.9059950000000001,1.777155,20.0,0.8024249999999999,7.177135
multi_scrambled,42,46,7.57408,6.15085,7.17734,0.3458,0.909365,1.8243800000000001,20.0,0.802605,7.17734
multi_scrambled,42,47,7.57408,6.15085,7.199725,0.35044,0.9124399999999999,1.79961,20.0,0.80358,7.199725
multi_scrambled,42,48,7.57408,6.15085,7.199725,0.35044,0.914245,1.8243800000000001,20.0,0.80368,7.199725
multi_scrambled,42,49,7.61044,6.159485,7.202475,0.348915,0.91455,1.8243800000000001,20.0,0.804145,7.202475
multi_scrambled,42,50,7.61044,6.165229999999999,7.202475,0.348915,0.9163250000000001,1.84214,20.0,0.80478,7.202475
multi_scrambled,43,0,8.88104,6.71275,6.626564999999999,1.0,0.546775,2.858015,29.0,0.5827,6.626564999999999
multi_scrambled,43,1,8.49613,6.325725,6.724539999999999,1.0,0.61054,2.75103,25.0,0.6458200000000001,6.724539999999999
multi_scrambled,43,2,8.49613,6.155535,6.875445,0.54545,0.673245,2.6186049999999996,23.0,0.686965,6.875445
multi_scrambled,43,3,8.49613,6.00196,6.888434999999999,0.45655,0.75034,2.5421050000000003,21.0,0.70441,6.888434999999999
multi_scrambled,43,4,8.49613,5.95731,6.875445,0.42451,0.7714,2.521575,19.5,0.712285,6.875445
multi_scrambled,43,5,8.49613,5.90038,6.888434999999999,0.36229,0.79491,2.39153,19.0,0.72074,6.888434999999999
multi_scrambled,43,6,8.49613,5.944605,6.976095,0.36931,0.798035,2.366065,19.0,0.73242,6.976095
multi_scrambled,43,7,8.49613,5.870505,7.010854999999999,0.34067000000000003,0.8046949999999999,2.3429599999999997,18.0,0.743255,7.010854999999999
multi_scrambled,43,8,8.49613,5.8546499999999995,7.05256,0.352085,0.812405,2.261795,18.0,0.7532350000000001,7.05256
multi_scrambled,43,9,7.49292,5.880380000000001,7.04005,0.348075,0.82798,2.261795,18.0,0.75652,7.04005
multi_scrambled,43,10,7.49292,5.88309,7.05832,0.34287,0.830655,2.2560599999999997,18.0,0.761455,7.05832
multi_scrambled,43,11,7.49292,5.894945,7.07479,0.336665,0.8388450000000001,2.2267349999999997,18.0,0.768455,7.07479
multi_scrambled,43,12,7.49292,5.8516200000000005,7.1438950000000006,0.34021500000000005,0.82798,2.1719999999999997,18.0,0.7714650000000001,7.1438950000000006
multi_scrambled,43,13,7.12513,5.822475,7.172635,0.343015,0.82798,2.2102199999999996,18.0,0.77413,7.172635
multi_scrambled,43,14,7.12513,5.76413,7.20157,0.34258500000000003,0.82798,2.2102199999999996,18.0,0.774295,7.20157
multi_scrambled,43,15,7.12513,5.762115,7.16235,0.34699,0.8298300000000001,2.116175,18.0,0.77511,7.16235
multi_scrambled,43,16,7.36252,5.77916,7.149375,0.34699,0.840455,2.04103,18.0,0.777845,7.149375
multi_scrambled,43,17,7.36252,5.804515,7.142845,0.34699,0.84134,2.01625,18.0,0.77898,7.142845
multi_scrambled,43,18,7.36252,5.79028,7.14412,0.34483,0.8485149999999999,1.91496,18.0,0.7808649999999999,7.14412
multi_scrambled,43,19,7.36252,5.79028,7.142845,0.34935499999999997,0.85053,1.909175,18.0,0.781775,7.142845
multi_scrambled,43,20,7.36252,5.77916,7.15966,0.35355499999999995,0.84843,1.9347750000000001,18.0,0.783385,7.15966
multi_scrambled,43,21,7.36252,5.806010000000001,7.19777,0.3617,0.84377,1.9006500000000002,18.0,0.7846949999999999,7.19777
multi_scrambled,43,22,7.36252,5.794105,7.20074,0.364175,0.84377,1.8936899999999999,18.0,0.78485,7.20074
multi_scrambled,43,23,7.36252,5.8120650000000005,7.262415,0.37255,0.84758,1.9006500000000002,18.0,0.787325,7.262415
multi_scrambled,43,24,7.36252,5.79205,7.262415,0.37199,0.847215,1.9006500000000002,18.0,0.78824,7.262415
multi_scrambled,43,25,7.36252,5.788225000000001,7.255884999999999,0.37199,0.848395,1.8936899999999999,18.0,0.789945,7.255884999999999
multi_scrambled,43,26,7.36252,5.74774,7.2697400000000005,0.37377499999999997,0.84854,1.8873,18.0,0.79186,7.2697400000000005
multi_scrambled,43,27,7.36252,5.766865,7.2697400000000005,0.39608,0.857125,1.8873,18.0,0.7927,7.2697400000000005
multi_scrambled,43,28,7.36252,5.7306349999999995,7.26158,0.40339,0.85928,1.8873,19.0,0.794065,7.26158
multi_scrambled,43,29,7.36252,5.686255,7.29563,0.410975,0.85834,1.89882,19.0,0.79649,7.29563
multi_scrambled,43,30,7.36252,5.686255,7.339435,0.41509,0.860685,1.90578,18.5,0.797545,7.339435
multi_scrambled,43,31,7.36252,5.644970000000001,7.3831500000000005,0.42725,0.87144,1.92074,19.0,0.80019,7.3831500000000005
multi_scrambled,43,32,7.36252,5.651400000000001,7.3831500000000005,0.42725,0.87483,1.94726,18.0,0.801975,7.3831500000000005
multi_scrambled,43,33,7.36252,5.651400000000001,7.3831500000000005,0.42857,0.873505,1.94726,18.0,0.802235,7.3831500000000005
multi_scrambled,43,34,7.36252,5.644970000000001,7.3831500000000005,0.42996999999999996,0.87541,1.94726,18.0,0.80305,7.3831500000000005
multi_scrambled,43,35,7.36252,5.644970000000001,7.42426,0.43137,0.877225,2.018395,18.0,0.8039000000000001,7.42426
multi_scrambled,43,36,7.36252,5.632015,7.42426,0.43137,0.877225,2.018395,18.0,0.80398,7.42426
multi_scrambled,43,37,7.36252,5.644970000000001,7.448175,0.43137,0.877225,2.06485,18.0,0.8041050000000001,7.448175
multi_scrambled,43,38,7.34201,5.5578199999999995,7.698734999999999,0.44984,0.877225,2.375535,18.0,0.80599,7.698734999999999
multi_scrambled,43,39,7.34201,5.5578199999999995,7.72771,0.45176499999999997,0.87944,2.3943399999999997,18.0,0.807365,7.72771
multi_scrambled,43,40,7.34201,5.5578199999999995,7.729715,0.454675,0.877225,2.3943399999999997,18.0,0.8084800000000001,7.729715
multi_scrambled,43,41,7.34201,5.5578199999999995,7.765915,0.45742499999999997,0.87513,2.419765,18.0,0.80922,7.765915
multi_scrambled,43,42,7.34201,5.532455000000001,7.805035,0.45833,0.87513,2.436585,18.0,0.8106549999999999,7.805035
multi_scrambled,43,43,7.34201,5.507125,7.85449,0.47826,0.87324,2.47688,19.0,0.811115,7.85449
multi_scrambled,43,44,7.34201,5.532455000000001,7.85946,0.484265,0.87513,2.4866099999999998,19.0,0.8113950000000001,7.85946
multi_scrambled,43,45,7.34201,5.51085,7.8922550000000005,0.4898,0.87147,2.50091,19.0,0.811665,7.8922550000000005
multi_scrambled,43,46,7.34201,5.51085,7.8922550000000005,0.49,0.87324,2.50091,19.0,0.812165,7.8922550000000005
multi_scrambled,43,47,7.30737,5.5038149999999995,7.90244,0.5,0.87301,2.50762,19.0,0.8136399999999999,7.90244
multi_scrambled,43,48,7.30737,5.5038149999999995,7.924835,0.510915,0.868795,2.5261199999999997,19.0,0.81444,7.924835
multi_scrambled,43,49,7.30737,5.4986999999999995,7.93703,0.536665,0.861955,2.53877,19.0,0.81482,7.93703
multi_scrambled,43,50,7.30737,5.49685,7.93703,0.54174,0.861955,2.55459,19.0,0.81542,7.93703
multi_scrambled,44,0,8.64633,6.509729999999999,6.734735,1.0,0.5303549999999999,2.84262,30.0,0.580225,6.734735
multi_scrambled,44,1,8.64633,6.398815,6.8522,1.0,0.642795,2.83849,26.5,0.6525350000000001,6.8522
multi_scrambled,44,2,8.64633,6.15958,6.845725,0.46924,0.74153,2.6756450000000003,23.0,0.6891149999999999,6.845725
multi_scrambled,44,3,8.64633,6.139005,6.84985,0.39655,0.779055,2.5690099999999996,22.0,0.71129,6.84985
multi_scrambled,44,4,7.64056,6.2662949999999995,6.853295,0.37205,0.8270850000000001,2.472335,21.0,0.725055,6.853295
multi_scrambled,44,5,7.22727,6.262065,6.848535,0.36358999999999997,0.84247,2.328785,20.0,0.731875,6.848535
multi_scrambled,44,6,7.54986,6.26363,6.85821,0.366345,0.84628,2.27797,20.0,0.74456,6.85821
multi_scrambled,44,7,7.54986,6.271504999999999,6.8466000000000005,0.35714,0.854765,2.19093,20.0,0.74903,6.8466000000000005
multi_scrambled,44,8,7.54986,6.196455,6.9093800000000005,0.35767499999999997,0.859085,2.067335,20.0,0.756075,6.9093800000000005
multi_scrambled,44,9,7.54986,6.1931,6.927925,0.35767499999999997,0.866295,2.04738,19.0,0.7600549999999999,6.927925
multi_scrambled,44,10,7.54986,6.18956,6.927925,0.35968999999999995,0.866295,2.016625,20.0,0.7618149999999999,6.927925
multi_scrambled,44,11,7.54986,6.097075,6.95739,0.36116,0.859175,2.0022349999999998,19.0,0.766905,6.95739
multi_scrambled,44,12,7.54986,6.0813749999999995,6.980525,0.3675,0.8657250000000001,1.8615,19.0,0.770725,6.980525
multi_scrambled,44,13,7.53024,6.05757,7.002555,0.36939500000000003,0.869445,1.84232,19.5,0.775535,7.002555
multi_scrambled,44,14,7.53024,6.083410000000001,7.019475,0.375,0.880425,1.852085,20.0,0.7789699999999999,7.019475
multi_scrambled,44,15,7.53024,6.04681,7.02847,0.375,0.88125,1.80519,20.0,0.782165,7.02847
multi_scrambled,44,16,7.53024,6.065175,7.044015,0.37416499999999997,0.8867400000000001,1.7979349999999998,20.0,0.7836650000000001,7.044015
multi_scrambled,44,17,7.68327,6.077895,7.048344999999999,0.375,0.889675,1.7979349999999998,20.0,0.785915,7.048344999999999
multi_scrambled,44,18,7.68327,6.0676749999999995,7.0712399999999995,0.37919,0.8955949999999999,1.815035,21.0,0.788805,7.0712399999999995
multi_scrambled,44,19,7.68327,6.065175,7.0766,0.38284,0.894605,1.8204500000000001,21.0,0.78899,7.0766
multi_scrambled,44,20,7.68327,6.065175,7.082755,0.38344500000000004,0.89531,1.80838,21.0,0.79189,7.082755
multi_scrambled,44,21,7.68327,6.065175,7.086125,0.38409000000000004,0.89635,1.80442,21.0,0.79374,7.086125
multi_scrambled,44,22,7.68327,6.062335,7.096935,0.38214000000000004,0.894605,1.7979349999999998,21.0,0.794055,7.096935
multi_scrambled,44,23,7.68327,6.062335,7.10437,0.37966500000000003,0.895625,1.8112300000000001,21.0,0.79514,7.10437
multi_scrambled,44,24,7.68327,6.05396,7.097405,0.377595,0.8985700000000001,1.8112300000000001,21.0,0.79675,7.097405
multi_scrambled,44,25,7.68327,6.0639,7.10042,0.377595,0.8985700000000001,1.80727,21.0,0.797215,7.10042
multi_scrambled,44,26,7.68327,6.0639,7.110110000000001,0.376715,0.897765,1.80727,21.0,0.797535,7.110110000000001
multi_scrambled,44,27,7.68327,6.048245,7.1183250000000005,0.377595,0.897765,1.80442,21.0,0.7978700000000001,7.1183250000000005
multi_scrambled,44,28,7.68327,6.048245,7.110110000000001,0.37966500000000003,0.8985700000000001,1.8001749999999999,21.0,0.798315,7.110110000000001
multi_scrambled,44,29,7.68327,6.05049,7.12729,0.37838,0.89873,1.8112300000000001,21.0,0.800215,7.12729
multi_scrambled,44,30,7.68327,6.048245,7.13181,0.38344500000000004,0.899705,1.80442,21.0,0.80061,7.13181
multi_scrambled,44,31,7.68327,6.04681,7.1477,0.382575,0.89873,1.815035,21.0,0.801195,7.1477
multi_scrambled,44,32,7.68327,6.048245,7.1621950000000005,0.37966500000000003,0.9006149999999999,1.815035,21.0,0.80156,7.1621950000000005
multi_scrambled,44,33,7.68327,6.0352049999999995,7.210355,0.377595,0.8999550000000001,1.815035,21.0,0.802195,7.210355
multi_scrambled,44,34,7.68327,6.05378,7.21579,0.378845,0.89873,1.821285,21.0,0.802475,7.21579
multi_scrambled,44,35,7.68327,6.058635000000001,7.228905,0.38269,0.8999550000000001,1.827535,21.0,0.80352,7.228905
multi_scrambled,44,36,7.68327,6.058635000000001,7.243515,0.38269,0.8999550000000001,1.824495,21.0,0.804325,7.243515
multi_scrambled,44,37,7.68327,6.05378,7.247635000000001,0.378845,0.90028,1.827535,21.0,0.80473,7.247635000000001
multi_scrambled,44,38,7.68327,6.0639,7.262235,0.377595,0.90402,1.84947,21.0,0.80551,7.262235
multi_scrambled,44,39,7.68327,6.0639,7.272955,0.377595,0.90402,1.875705,21.0,0.8059499999999999,7.272955
multi_scrambled,44,40,7.68327,6.058635000000001,7.28386,0.37581,0.90402,1.899545,21.0,0.807125,7.28386
multi_scrambled,44,41,7.68327,6.053725,7.311640000000001,0.375,0.905185,2.02929,21.0,0.807485,7.311640000000001
multi_scrambled,44,42,7.69227,6.058635000000001,7.339180000000001,0.375,0.905185,2.1160699999999997,21.0,0.8078799999999999,7.339180000000001
multi_scrambled,44,43,7.69227,6.0639,7.339180000000001,0.37581,0.905185,2.1160699999999997,21.0,0.8080799999999999,7.339180000000001
multi_scrambled,44,44,7.69227,6.058635000000001,7.339180000000001,0.37581,0.90646,2.1160699999999997,21.0,0.8082750000000001,7.339180000000001
multi_scrambled,44,45,7.69227,6.0758399999999995,7.352690000000001,0.375,0.905185,2.119685,21.0,0.8083899999999999,7.352690000000001
multi_scrambled,44,46,7.69227,6.0676749999999995,7.352690000000001,0.37288,0.90646,2.11481,21.0,0.8087,7.352690000000001
multi_scrambled,44,47,7.69227,6.0639,7.33714,0.37066,0.908075,2.0896850000000002,21.0,0.8087,7.33714
multi_scrambled,44,48,7.69227,6.0676749999999995,7.33714,0.37248499999999996,0.908075,2.07586,21.0,0.8087,7.33714
multi_scrambled,44,49,7.69227,6.058635000000001,7.368845,0.37248499999999996,0.905185,2.11481,21.0,0.8088599999999999,7.368845
multi_scrambled,44,50,7.69227,6.053725,7.368845,0.37394,0.904985,2.11481,21.0,0.8089249999999999,7.368845
multi_scrambled,45,0,8.45346,6.5619250000000005,6.59651,1.0,0.52203,2.906205,30.0,0.560865,6.59651
multi_scrambled,45,1,8.45346,6.193555,6.79387,1.0,0.6472549999999999,2.77251,27.0,0.647335,6.79387
multi_scrambled,45,2,8.34942,6.142485,6.7746949999999995,0.598385,0.7342500000000001,2.607335,23.0,0.68692,6.7746949999999995
multi_scrambled,45,3,8.16758,6.09895,6.813715,0.47214,0.771855,2.537925,21.0,0.7025600000000001,6.813715
multi_scrambled,45,4,8.16758,6.06739,6.74659,0.386035,0.815465,2.45554,20.0,0.72095,6.74659
multi_scrambled,45,5,8.16758,6.089,6.771385,0.375245,0.82534,2.390025,20.0,0.7268,6.771385
multi_scrambled,45,6,7.85865,6.057135,6.797825,0.3701,0.84152,2.37027,20.0,0.732685,6.797825
multi_scrambled,45,7,7.85865,6.1039,6.805994999999999,0.3712,0.84571,2.27269,20.0,0.73732,6.805994999999999
multi_scrambled,45,8,7.85865,6.089245,6.838475,0.36754,0.842345,2.188325,20.0,0.7417499999999999,6.838475
multi_scrambled,45,9,7.85865,6.089485,6.843170000000001,0.36585,0.842345,2.160745,20.0,0.743195,6.843170000000001
multi_scrambled,45,10,7.85865,6.092335,6.862745,0.360885,0.85231,2.0966,20.0,0.7486349999999999,6.862745
multi_scrambled,45,11,7.85865,6.05523,6.897985,0.350765,0.849525,2.04906,20.0,0.751645,6.897985
multi_scrambled,45,12,7.85865,6.092335,6.906505,0.34113,0.858805,1.99228,19.5,0.755085,6.906505
multi_scrambled,45,13,7.85865,6.04078,6.911025,0.34375,0.85626,1.93865,19.0,0.7604150000000001,6.911025
multi_scrambled,45,14,7.85865,6.05003,6.94335,0.34377,0.85873,1.9348200000000002,19.0,0.76274,6.94335
multi_scrambled,45,15,7.85865,6.11248,6.95275,0.33945499999999995,0.85873,1.8948550000000002,19.0,0.767225,6.95275
multi_scrambled,45,16,7.85865,6.138495,6.969385,0.33333,0.865745,1.93865,19.0,0.769875,6.969385
multi_scrambled,45,17,7.85865,6.111845000000001,6.97617,0.33333,0.865745,1.9365350000000001,19.0,0.770335,6.97617
multi_scrambled,45,18,7.85865,6.032745,6.992765,0.32792,0.87112,1.93865,19.0,0.77079,6.992765
multi_scrambled,45,19,7.30723,6.11301,7.011495,0.327695,0.873605,1.9428,19.5,0.773185,7.011495
multi_scrambled,45,20,7.30723,6.1508199999999995,7.00897,0.32824,0.881795,1.9112300000000002,19.5,0.7746850000000001,7.00897
multi_scrambled,45,21,7.30723,5.994145,7.024455,0.327695,0.880605,1.897385,19.0,0.77689,7.024455
multi_scrambled,45,22,7.17214,6.02998,7.025465,0.32625,0.881795,1.93611,19.0,0.77976,7.025465
multi_scrambled,45,23,7.25579,6.092205,7.032769999999999,0.32625,0.88245,1.90014,19.0,0.781165,7.032769999999999
multi_scrambled,45,24,7.18112,6.000055,7.04193,0.32812,0.883185,1.8482599999999998,20.0,0.78264,7.04193
multi_scrambled,45,25,7.18112,5.989509999999999,7.037179999999999,0.32812,0.8839049999999999,1.867045,20.0,0.78429,7.037179999999999
multi_scrambled,45,26,7.18112,6.044385,7.04274,0.32812,0.884525,1.842615,20.0,0.7854099999999999,7.04274
multi_scrambled,45,27,7.18112,6.000055,7.07507,0.32787,0.885825,1.86482,20.0,0.786365,7.07507
multi_scrambled,45,28,7.18112,6.062984999999999,7.103505,0.32787,0.890975,1.8995250000000001,20.0,0.78864,7.103505
multi_scrambled,45,29,7.17214,6.13148,7.09436,0.33333,0.88916,1.889515,20.0,0.78983,7.09436
multi_scrambled,45,30,7.16931,6.13148,7.11449,0.33333,0.893125,1.8911099999999998,20.0,0.791715,7.11449
multi_scrambled,45,31,7.16931,6.196915,7.128745,0.33333,0.8944650000000001,1.89227,20.0,0.792635,7.128745
multi_scrambled,45,32,7.16931,6.22354,7.13823,0.33333,0.8951899999999999,1.89331,20.0,0.793845,7.13823
multi_scrambled,45,33,7.16931,6.196915,7.149205,0.33333,0.8936649999999999,1.89331,20.0,0.79403,7.149205
multi_scrambled,45,34,7.1714,6.3009,7.165055000000001,0.33333,0.89583,1.89331,20.0,0.79436,7.165055000000001
multi_scrambled,45,35,7.22764,6.119915,7.175405,0.33333,0.89413,1.89331,20.0,0.795625,7.175405
multi_scrambled,45,36,7.22764,6.3009,7.175405,0.33333,0.897555,1.89331,20.0,0.79628,7.175405
multi_scrambled,45,37,7.22764,6.357530000000001,7.177474999999999,0.33333,0.8959550000000001,1.8873250000000001,20.0,0.79733,7.177474999999999
multi_scrambled,45,38,7.22764,6.357530000000001,7.177474999999999,0.33333,0.8959550000000001,1.8873250000000001,20.0,0.7977799999999999,7.177474999999999
multi_scrambled,45,39,7.22764,6.3894,7.179774999999999,0.33333,0.8992,1.88892,20.0,0.798025,7.179774999999999
multi_scrambled,45,40,7.22764,6.427009999999999,7.177474999999999,0.33333,0.89936,1.88892,20.0,0.799315,7.177474999999999
multi_scrambled,45,41,7.22764,6.43209,7.179774999999999,0.33333,0.8992,1.870215,20.0,0.79945,7.179774999999999
multi_scrambled,45,42,7.1714,6.526445,7.188689999999999,0.33333,0.9029149999999999,1.870215,20.0,0.800155,7.188689999999999
multi_scrambled,45,43,7.1714,6.537265,7.1994050000000005,0.33333,0.903565,1.870215,20.0,0.800705,7.1994050000000005
multi_scrambled,45,44,7.1714,6.526445,7.188689999999999,0.33333,0.9039950000000001,1.852625,20.0,0.80081,7.188689999999999
multi_scrambled,45,45,7.1714,6.526445,7.20437,0.33333,0.903565,1.88866,20.0,0.801365,7.20437
multi_scrambled,45,46,7.1714,6.547655,7.213279999999999,0.33333,0.90436,1.89331,20.0,0.80165,7.213279999999999
multi_scrambled,45,47,7.1714,6.547655,7.21748,0.33333,0.903565,1.89331,20.0,0.8020700000000001,7.21748
multi_scrambled,45,48,7.1714,6.537265,7.213279999999999,0.33333,0.906155,1.89331,20.0,0.8021,7.213279999999999
multi_scrambled,45,49,7.1714,6.5177499999999995,7.213279999999999,0.33333,0.90829,1.9040750000000002,20.0,0.802125,7.213279999999999
multi_scrambled,45,50,7.1714,6.515195,7.227085000000001,0.33333,0.90829,1.93176,20.0,0.802435,7.227085000000001
multi_scrambled,46,0,8.60509,6.861435,6.600899999999999,1.0,0.51399,2.8607,29.5,0.586635,6.600899999999999
multi_scrambled,46,1,8.60509,6.5324100000000005,6.662685,1.0,0.625455,2.74391,25.0,0.6465650000000001,6.662685
multi_scrambled,46,2,8.25171,6.471715,6.69274,0.51416,0.748415,2.639945,22.0,0.6795100000000001,6.69274
multi_scrambled,46,3,7.88857,6.307845,6.702405,0.396945,0.804045,2.6155299999999997,21.0,0.698685,6.702405
multi_scrambled,46,4,7.88857,6.286125,6.717345,0.36914,0.822955,2.55269,20.0,0.70996,6.717345
multi_scrambled,46,5,7.74177,6.22211,6.73925,0.35938,0.842535,2.3926,19.0,0.723845,6.73925
multi_scrambled,46,6,7.87649,6.23188,6.81958,0.358935,0.859715,2.3459399999999997,19.0,0.732785,6.81958
multi_scrambled,46,7,7.87649,6.209125,6.848295,0.35044,0.86887,2.208075,20.0,0.7458199999999999,6.848295
multi_scrambled,46,8,7.87649,6.176805,6.8861550000000005,0.339645,0.86887,2.09614,19.0,0.754265,6.8861550000000005
multi_scrambled,46,9,7.87649,6.209125,6.910245,0.330845,0.873355,2.05706,19.5,0.76062,6.910245
multi_scrambled,46,10,7.87649,6.243675,6.96926,0.338875,0.87965,2.06596,20.0,0.7626299999999999,6.96926
multi_scrambled,46,11,7.87649,6.215434999999999,7.0093700000000005,0.33333,0.877365,2.025395,19.0,0.76542,7.0093700000000005
multi_scrambled,46,12,7.87649,6.215434999999999,7.039075,0.327855,0.87521,1.995165,19.0,0.76738,7.039075
multi_scrambled,46,13,7.87649,6.215434999999999,7.0683050000000005,0.33647499999999997,0.88771,1.96525,20.0,0.773485,7.0683050000000005
multi_scrambled,46,14,7.76791,6.215434999999999,7.08916,0.33333,0.884175,1.940465,19.0,0.77754,7.08916
multi_scrambled,46,15,7.5964,6.667125,7.095705,0.33333,0.884175,1.89842,20.0,0.78152,7.095705
multi_scrambled,46,16,7.5964,6.7317599999999995,7.097775,0.330845,0.88779,1.936105,20.0,0.78342,7.097775
multi_scrambled,46,17,7.5964,6.789725,7.109385,0.32824,0.88779,1.936105,20.0,0.784995,7.109385
multi_scrambled,46,18,7.5964,6.831655,7.12094,0.327855,0.8929549999999999,1.89889,19.5,0.7891649999999999,7.12094
multi_scrambled,46,19,7.56058,6.8374749999999995,7.12535,0.32743,0.8929549999999999,1.906945,19.0,0.790475,7.12535
multi_scrambled,46,20,7.56336,6.7859,7.129715,0.326725,0.894175,1.8861599999999998,19.0,0.791685,7.129715
multi_scrambled,46,21,7.56336,6.741070000000001,7.13791,0.32284,0.88933,1.867315,19.0,0.793535,7.13791
multi_scrambled,46,22,7.56336,6.72769,7.13845,0.318665,0.890675,1.842925,19.0,0.7940400000000001,7.13845
multi_scrambled,46,23,7.56336,6.7859,7.142415,0.318305,0.888695,1.77645,19.0,0.794485,7.142415
multi_scrambled,46,24,7.56336,6.87038,7.152675,0.31662500000000005,0.888695,1.75991,19.0,0.79652,7.152675
multi_scrambled,46,25,7.56336,6.936175,7.159805,0.31662500000000005,0.8882099999999999,1.752865,19.0,0.797425,7.159805
multi_scrambled,46,26,7.56336,6.85386,7.156885,0.31662500000000005,0.891035,1.75991,19.0,0.798665,7.156885
multi_scrambled,46,27,7.57861,6.83248,7.159805,0.31579,0.89462,1.77645,19.0,0.7999799999999999,7.159805
multi_scrambled,46,28,7.57861,6.85386,7.1664200000000005,0.31579,0.89514,1.75991,19.0,0.800595,7.1664200000000005
multi_scrambled,46,29,7.56336,6.87038,7.16878,0.31662500000000005,0.8990499999999999,1.812385,19.0,0.8019050000000001,7.16878
multi_scrambled,46,30,7.56336,6.979155,7.17181,0.318305,0.8990499999999999,1.78577,19.0,0.802975,7.17181
multi_scrambled,46,31,7.56336,6.87038,7.175515,0.31662500000000005,0.8990499999999999,1.78577,19.0,0.80332,7.175515
multi_scrambled,46,32,7.56336,7.05773,7.181995000000001,0.32447499999999996,0.9045650000000001,1.847715,19.0,0.804835,7.181995000000001
multi_scrambled,46,33,7.55089,7.05773,7.189565,0.32203,0.905395,1.835045,19.0,0.805005,7.189565
multi_scrambled,46,34,7.58416,6.91432,7.197345,0.318305,0.9057599999999999,1.786315,19.0,0.805625,7.197345
multi_scrambled,46,35,7.58416,6.87038,7.21354,0.318305,0.9057599999999999,1.816605,19.0,0.805795,7.21354
multi_scrambled,46,36,7.58416,6.984185,7.21542,0.32230499999999995,0.906935,1.80952,19.0,0.80638,7.21542
multi_scrambled,46,37,7.58416,6.91432,7.21683,0.32059,0.9057599999999999,1.786315,19.0,0.80662,7.21683
multi_scrambled,46,38,7.57293,6.91432,7.21683,0.31662500000000005,0.905395,1.7973,19.0,0.807285,7.21683
multi_scrambled,46,39,7.57293,6.91432,7.21683,0.31662500000000005,0.905395,1.80952,19.0,0.8077399999999999,7.21683
multi_scrambled,46,40,7.57293,6.91432,7.2222550000000005,0.313635,0.906385,1.80952,19.0,0.808,7.2222550000000005
multi_scrambled,46,41,7.57293,6.91432,7.2222550000000005,0.313635,0.907095,1.80952,19.0,0.80833,7.2222550000000005
multi_scrambled,46,42,7.57293,6.87038,7.2235499999999995,0.313635,0.907645,1.806985,19.0,0.8087150000000001,7.2235499999999995
multi_scrambled,46,43,7.57293,6.9207149999999995,7.22758,0.313635,0.907645,1.7836500000000002,19.0,0.80884,7.22758
multi_scrambled,46,44,7.57293,6.99058,7.228260000000001,0.308965,0.9083,1.7836500000000002,19.0,0.808955,7.228260000000001
multi_scrambled,46,45,7.57293,6.9207149999999995,7.232185,0.3054,0.90928,1.796985,19.0,0.80918,7.232185
multi_scrambled,46,46,7.57293,7.02412,7.234855,0.308965,0.90947,1.7836500000000002,19.0,0.8098000000000001,7.234855
multi_scrambled,46,47,7.57293,7.02412,7.23948,0.313635,0.9110499999999999,1.806985,20.0,0.8098000000000001,7.23948
multi_scrambled,46,48,7.57293,7.029344999999999,7.245825,0.313635,0.9110499999999999,1.806985,20.0,0.8098000000000001,7.245825
multi_scrambled,46,49,7.57293,7.029344999999999,7.245825,0.31579,0.9110499999999999,1.796985,20.0,0.8099000000000001,7.245825
multi_scrambled,46,50,7.57293,7.029344999999999,7.245825,0.313635,0.91157,1.796985,20.0,0.8099000000000001,7.245825
