smiles,pb_pass,mol_pred_loaded,mol_cond_loaded,sanitization,inchi_convertible,all_atoms_connected,no_radicals,bond_lengths,bond_angles,internal_steric_clash,aromatic_ring_flatness,non-aromatic_ring_non-flatness,double_bond_flatness,protein-ligand_maximum_distance,minimum_distance_to_protein,minimum_distance_to_organic_cofactors,minimum_distance_to_inorganic_cofactors,minimum_distance_to_waters,volume_overlap_with_protein,volume_overlap_with_organic_cofactors,volume_overlap_with_inorganic_cofactors,volume_overlap_with_waters
COC1CCN(c2nccc(Nc3cc4c(ccn4C4CCCC4)cn3)n2)CC1,True,True,True,True,True,True,True,True,True,True,True,True,True,True,True,True,True,True,True,True,True,True
CC(=CC(=O)c1ccc(Nc2ncc(F)c(-c3cnc(C)n3C(C)C)n2)cc1)C(C)C,True,True,True,True,True,True,True,True,True,True,True,True,True,True,True,True,True,True,True,True,True,True
COc1ccccc1C(=O)Nc1ccc(N2CCCN(C)CC2)cc1,True,True,True,True,True,True,True,True,True,True,True,True,True,True,True,True,True,True,True,True,True,True
Oc1cccc(N2CCN(Cc3ccccc3F)CC2)c1,True,True,True,True,True,True,True,True,True,True,True,True,True,True,True,True,True,True,True,True,True,True
CN(C)S(=O)(=O)c1ccc(Nc2cc(N[C@H]3CC[C@H](N)CC3)nc3c(Br)cnn23)cc1Cl,True,True,True,True,True,True,True,True,True,True,True,True,True,True,True,True,True,True,True,True,True,True
N[C@H](C=Nc1nnc(-c2ccc(N3CCNCC3)cc2)s1)Cc1cccc(Cl)c1,True,True,True,True,True,True,True,True,True,True,True,True,True,True,True,True,True,True,True,True,True,True
COCCNS(=O)(=O)c1ccc(Nc2nccc(-c3cnc(C)n3C(C)C)n2)cc1,True,True,True,True,True,True,True,True,True,True,True,True,True,True,True,True,True,True,True,True,True,True
O=C(O)c1ccc2[nH]c(O)c(Nc3ccccc3F)c2c1,True,True,True,True,True,True,True,True,True,True,True,True,True,True,True,True,True,True,True,True,True,True
CC(=CC=CCNC(=O)c1ccc(Nc2ncc(F)c(-c3cnc(C)n3C(C)C)n2)cc1F)NSF,True,True,True,True,True,True,True,True,True,True,True,True,True,True,True,True,True,True,True,True,True,True
CC(C)C(=O)c1ccc(-c2ccc(S(N)(=O)=O)cc2)nc1,True,True,True,True,True,True,True,True,True,True,True,True,True,True,True,True,True,True,True,True,True,True
Oc1ccc(N2CCC(O)CC2)cc1-c1ccc(N2CCNCC2)cc1,True,True,True,True,True,True,True,True,True,True,True,True,True,True,True,True,True,True,True,True,True,True
COC[C@H](Nc1nc(Nc2ccc(S(C)(=N)=O)cc2)ncc1Br)[C@H](C)O,True,True,True,True,True,True,True,True,True,True,True,True,True,True,True,True,True,True,True,True,True,True
Cc1nc2c(F)cc(-c3nc(NCc4ccc(O)c(O)c4)ncc3F)cc2n1C1CC1,True,True,True,True,True,True,True,True,True,True,True,True,True,True,True,True,True,True,True,True,True,True
CC(C)CC(=O)c1ccc(-c2ccc(S(N)(=O)=O)cc2)cc1,True,True,True,True,True,True,True,True,True,True,True,True,True,True,True,True,True,True,True,True,True,True
CCC(C)=CNC(=O)C(=O)c1ccc(Nc2ncc(F)c(-c3cnc(C)n3C(C)C)n2)cc1F,True,True,True,True,True,True,True,True,True,True,True,True,True,True,True,True,True,True,True,True,True,True
Cc1ncc(-c2ccnc(Nc3ccc(S(=O)(=O)NCCCOC(C)C)cc3)n2)n1C,True,True,True,True,True,True,True,True,True,True,True,True,True,True,True,True,True,True,True,True,True,True
CC(C)Cc1ccc(Oc2ccc(S(N)(=O)=O)cc2)cc1,True,True,True,True,True,True,True,True,True,True,True,True,True,True,True,True,True,True,True,True,True,True
CC(C)c1cc(-c2ccc(-c3ccc(S(N)(=O)=O)cc3)cc2)n[nH]1,True,True,True,True,True,True,True,True,True,True,True,True,True,True,True,True,True,True,True,True,True,True
CC(CO)Sc1nc(Nc2ccc(S(C)(=N)=O)cc2)ncc1Br,True,True,True,True,True,True,True,True,True,True,True,True,True,True,True,True,True,True,True,True,True,True
Cc1ccccc1C(=O)Nc1ccc(NC(=O)C(F)(F)F)cc1,True,True,True,True,True,True,True,True,True,True,True,True,True,True,True,True,True,True,True,True,True,True
CC(=O)NC(=O)Nc1ncc(F)c(-c2cnc(C)n2C(C)C)n1,True,True,True,True,True,True,True,True,True,True,True,True,True,True,True,True,True,True,True,True,True,True
CC(C)c1ccc(CNc2ccc(S(N)(=O)=O)cc2)cc1,True,True,True,True,True,True,True,True,True,True,True,True,True,True,True,True,True,True,True,True,True,True
CC(C)Nc1nccc(-c2ccc(S(N)(=O)=O)cc2)n1,True,True,True,True,True,True,True,True,True,True,True,True,True,True,True,True,True,True,True,True,True,True
CS(=N)(=O)Cc1cccc(Nc2ncc(F)c(NCc3cccnc3)n2)c1,True,True,True,True,True,True,True,True,True,True,True,True,True,True,True,True,True,True,True,True,True,True
C=C(c1ccc(C(=O)NC)cc1)c1ccc(S(N)(=O)=O)cc1,True,True,True,True,True,True,True,True,True,True,True,True,True,True,True,True,True,True,True,True,True,True
CC(=O)Nc1ccc(N(C)CCN(C)C(=O)OC(C)(C)C)nn1,True,True,True,True,True,True,True,True,True,True,True,True,True,True,True,True,True,True,True,True,True,True
O=C(Nc1ccccc1)c1ccc(C(=O)NC2CCCC2)cc1,True,True,True,True,True,True,True,True,True,True,True,True,True,True,True,True,True,True,True,True,True,True
O=C(Cc1ccc(OC(F)(F)F)cc1)Nc1cc(C2CC2)[nH]n1,True,True,True,True,True,True,True,True,True,True,True,True,True,True,True,True,True,True,True,True,True,True
C=C(C)CNC(=O)C(=O)c1ccc(Nc2ccc(Nc3ncc(F)c(-c4cnc(C)n4C(C)C)n3)cc2)cc1,True,True,True,True,True,True,True,True,True,True,True,True,True,True,True,True,True,True,True,True,True,True
c1nc2nc(OCC3CCCC3)nc(OC3CCCC3)c2[nH]1,True,True,True,True,True,True,True,True,True,True,True,True,True,True,True,True,True,True,True,True,True,True
O=C(O)N1CCc2cnc(NCc3cccc(Cl)c3)nc2C1,True,True,True,True,True,True,True,True,True,True,True,True,True,True,True,True,True,True,True,True,True,True
CC(C)n1cnc2c(NCc3ccccc3)nc(NCCO)nc21,True,True,True,True,True,True,True,True,True,True,True,True,True,True,True,True,True,True,True,True,True,True
CCN(CC)c1cnc(Nc2cnn(C)c2)nc1NCCCNC(=O)C1CCC1,True,True,True,True,True,True,True,True,True,True,True,True,True,True,True,True,True,True,True,True,True,True
CN=S(C)(=O)c1ccc(Nc2ncc(Br)c(N[C@H](C)[C@H](C)O)n2)cc1OC,True,True,True,True,True,True,True,True,True,True,True,True,True,True,True,True,True,True,True,True,True,True
CC(O)C(=O)N1CCN(c2ccc(C(=O)N3CCCC3)cc2)CC1,True,True,True,True,True,True,True,True,True,True,True,True,True,True,True,True,True,True,True,True,True,True
C=C(C)CN[C@@H](C)CCNC(=O)c1ccc(Nc2ncc(F)c(-c3cnc(C)n3C(C)C)n2)cc1,True,True,True,True,True,True,True,True,True,True,True,True,True,True,True,True,True,True,True,True,True,True
c1cc(-c2cc(C3CC3)[nH]n2)c2cc(C3CCNCC3)[nH]c2n1,True,True,True,True,True,True,True,True,True,True,True,True,True,True,True,True,True,True,True,True,True,True
CC(C)c1cnn2c(NCC(F)(F)F)cc(NC[C@H]3CCNC[C@@H]3O)nc12,True,True,True,True,True,True,True,True,True,True,True,True,True,True,True,True,True,True,True,True,True,True
Cn1nc(C(N)=O)c2c1-c1nc(Nc3ccccc3)ncc1CC2,True,True,True,True,True,True,True,True,True,True,True,True,True,True,True,True,True,True,True,True,True,True
CC(C)c1cnn2c(NCC(=O)C(C)c3ccccc3)nc(N3CCC[C@@H]3CO)nc12,True,True,True,True,True,True,True,True,True,True,True,True,True,True,True,True,True,True,True,True,True,True
C=C(C)c1ccc(NNC(=O)c2ccc(Nc3ncc(F)c(-c4cnc(C)n4C(C)C)n3)cc2F)cc1F,True,True,True,True,True,True,True,True,True,True,True,True,True,True,True,True,True,True,True,True,True,True
CC(=O)Nc1ccc(-c2ccc(CN3CCOCC3)cc2)cc1C,True,True,True,True,True,True,True,True,True,True,True,True,True,True,True,True,True,True,True,True,True,True
NC(=O)Nc1ccc(C(=O)N2CCN(c3ccccc3)CC2)cc1,True,True,True,True,True,True,True,True,True,True,True,True,True,True,True,True,True,True,True,True,True,True
CN(C)c1ccc(NC(=O)c2ccccc2)c(C(=O)N2CCC2)c1,True,True,True,True,True,True,True,True,True,True,True,True,True,True,True,True,True,True,True,True,True,True
Cc1cccc(C(=O)NC(=O)c2ccc(C(C)C)cc2)c1,True,True,True,True,True,True,True,True,True,True,True,True,True,True,True,True,True,True,True,True,True,True
CC(=O)Nc1ccc(CNc2nc(Nc3ccc4c(n3)CCN(C(C)C)C4)ncc2F)cc1,True,True,True,True,True,True,True,True,True,True,True,True,True,True,True,True,True,True,True,True,True,True
Cc1[nH]nc2ccc(-c3cncc(Nc4ncc5cc(C(=O)N(C)C)n(C6CCCC6)c5n4)n3)cc12,True,True,True,True,True,True,True,True,True,True,True,True,True,True,True,True,True,True,True,True,True,True
CC(C)NC(=O)N(C)CCN(C)c1ccc(C(C)C)cc1,True,True,True,True,True,True,True,True,True,True,True,True,True,True,True,True,True,True,True,True,True,True
CC(C)C=c1cc(-c2ccc[nH]2)c2c(O)[nH]c3ccc(F)c1c32,True,True,True,True,True,True,True,True,True,True,True,True,True,True,True,True,True,True,True,True,True,True
COc1ccc(CC(=O)Nc2ccc(N3CCCC3)cc2)cc1,True,True,True,True,True,True,True,True,True,True,True,True,True,True,True,True,True,True,True,True,True,True
CC(=O)Nc1ncc(F)c(-c2cnc(C)n2C(C)C)n1,True,True,True,True,True,True,True,True,True,True,True,True,True,True,True,True,True,True,True,True,True,True
O=C(Nc1ccc(F)cc1)c1[nH]ncc1NC(=O)c1c(F)cccc1F,True,True,True,True,True,True,True,True,True,True,True,True,True,True,True,True,True,True,True,True,True,True
CC(=O)Nc1ccc(-c2ccc(N3CCOCC3)cc2)cc1,True,True,True,True,True,True,True,True,True,True,True,True,True,True,True,True,True,True,True,True,True,True
CCCc1cccc(Nc2ccc(N3CCN(CC4CCS4)CC3)cn2)c1,True,True,True,True,True,True,True,True,True,True,True,True,True,True,True,True,True,True,True,True,True,True
C=CC(=O)Nc1cccc(C(=O)N2CCCC(Nc3ncc(SCc4ncc(C(C)(C)C)o4)s3)C2)c1,True,True,True,True,True,True,True,True,True,True,True,True,True,True,True,True,True,True,True,True,True,True
CCNc1nc(OC)c(F)c(-c2cnc(C)n2C(C)C)n1,True,True,True,True,True,True,True,True,True,True,True,True,True,True,True,True,True,True,True,True,True,True
Nc1ccc(-c2cc(Nc3ccc(S(N)(=O)=O)cc3)[nH]n2)cc1,True,True,True,True,True,True,True,True,True,True,True,True,True,True,True,True,True,True,True,True,True,True
CC(=O)Nc1ccc(C(C)C(=O)NNc2ccc(S(N)(=O)=O)cc2)cc1,True,True,True,True,True,True,True,True,True,True,True,True,True,True,True,True,True,True,True,True,True,True
O=C(NN1CCN(C(=O)c2ccccc2)CC1)c1ccccc1,True,True,True,True,True,True,True,True,True,True,True,True,True,True,True,True,True,True,True,True,True,True
CN(C)Cc1c(O)cc(O)c2c(=O)cc(Sc3ccccc3N)oc12,True,True,True,True,True,True,True,True,True,True,True,True,True,True,True,True,True,True,True,True,True,True
C=C(C)c1ccc(NNc2ccc(Nc3ncc(F)c(-c4cnc(C)n4C(C)C)n3)cc2)cc1F,True,True,True,True,True,True,True,True,True,True,True,True,True,True,True,True,True,True,True,True,True,True
c1nc2nc(C3CCOCC3)nc(OCC3CCCCC3)c2[nH]1,True,True,True,True,True,True,True,True,True,True,True,True,True,True,True,True,True,True,True,True,True,True
CCN1CC=C(NC(=O)c2ccc(N3CCCC3=O)cc2)CC1,True,True,True,True,True,True,True,True,True,True,True,True,True,True,True,True,True,True,True,True,True,True
Cc1ncc(-c2ccnc(NC(=O)CC(C)C)n2)n1C(C)C,True,True,True,True,True,True,True,True,True,True,True,True,True,True,True,True,True,True,True,True,True,True
COc1ccc(CC(=O)c2c(N)nc3ccc(C(=O)c4ccccc4)cn23)cc1O,True,True,True,True,True,True,True,True,True,True,True,True,True,True,True,True,True,True,True,True,True,True
c1cc2c(-c3ccnc(Nc4ccc5c(n4)CCNC5)n3)c[nH]c2cn1,True,True,True,True,True,True,True,True,True,True,True,True,True,True,True,True,True,True,True,True,True,True
CN1CCN(c2cccc(C(=O)Nc3ccc(F)cc3)c2)CC1,True,True,True,True,True,True,True,True,True,True,True,True,True,True,True,True,True,True,True,True,True,True
NC(=O)c1ccc(CCN2CCN(C(=O)c3ccccc3)CC2)cc1,True,True,True,True,True,True,True,True,True,True,True,True,True,True,True,True,True,True,True,True,True,True
Cc1cc(C(C)C)ccc1Nc1ccc(S(N)(=O)=O)cc1,True,True,True,True,True,True,True,True,True,True,True,True,True,True,True,True,True,True,True,True,True,True
Nc1nc2ccc(NC(=O)CCNC(=O)C3CCC3)cn2c1Cc1ccccc1,True,True,True,True,True,True,True,True,True,True,True,True,True,True,True,True,True,True,True,True,True,True
C=C(C)c1ccc(NC(=O)c2ccc(Nc3ncc(F)c(-c4cnc(C)n4C(C)C)n3)cc2F)cc1F,True,True,True,True,True,True,True,True,True,True,True,True,True,True,True,True,True,True,True,True,True,True
CN(C)[C@@H]1CCN(C(=O)c2ccc(NNC[C@@H](N)Cc3ccc(C(F)(F)F)cc3)cc2)C1,True,True,True,True,True,True,True,True,True,True,True,True,True,True,True,True,True,True,True,True,True,True
Cc1ccc(F)c(Nc2cc(Nc3ccc(OCC(O)CN(C)C)cc3)ncn2)c1,True,True,True,True,True,True,True,True,True,True,True,True,True,True,True,True,True,True,True,True,True,True
O=[N+]([O-])c1ccc(Nc2nccc(-c3cnn4ncccc34)n2)cc1,True,True,True,True,True,True,True,True,True,True,True,True,True,True,True,True,True,True,True,True,True,True
CCC(=O)Nc1ccc(-c2ccc(NC(C)=O)cc2)cc1,True,True,True,True,True,True,True,True,True,True,True,True,True,True,True,True,True,True,True,True,True,True
O=C(NC1CCCC1)c1ccc(Cc2ccccc2)cc1,True,True,True,True,True,True,True,True,True,True,True,True,True,True,True,True,True,True,True,True,True,True
CCN(CC)C1CCN(C2CCN(c3ccc(Nc4ncc5cc6n(c5n4)C4(CCCCC4)CNC6=O)nc3)CC2)C1,True,True,True,True,True,True,True,True,True,True,True,True,True,True,True,True,True,True,True,True,True,True
Cc1ncc(-c2nc(NC(=S)N(C)C)ncc2F)n1C(C)C,True,True,True,True,True,True,True,True,True,True,True,True,True,True,True,True,True,True,True,True,True,True
Cc1ncc(-c2nc(Nc3ccc(C(=O)Nc4ccc(C(=O)S)c(F)c4)c(F)c3)ncc2F)n1C(C)C,True,True,True,True,True,True,True,True,True,True,True,True,True,True,True,True,True,True,True,True,True,True
O=C(O)c1ccc2[nH]c(O)c(C=c3[nH]cc4c3=CCOC4=O)c2c1,True,True,True,True,True,True,True,True,True,True,True,True,True,True,True,True,True,True,True,True,True,True
COc1cc(C(C)C)ccc1NC(=O)c1ccccc1,True,True,True,True,True,True,True,True,True,True,True,True,True,True,True,True,True,True,True,True,True,True
CCCC(=O)Nc1ncc(F)c(-c2cnc(C)n2C(C)C)n1,True,True,True,True,True,True,True,True,True,True,True,True,True,True,True,True,True,True,True,True,True,True
CC(=O)C1CCc2nc(Nc3ncc(F)c(C(=O)c4cccs4)n3)ccc2C1,True,True,True,True,True,True,True,True,True,True,True,True,True,True,True,True,True,True,True,True,True,True
CC(=O)N1CCC(NC(=O)c2ccc(N(C)C)cc2)CC1,True,True,True,True,True,True,True,True,True,True,True,True,True,True,True,True,True,True,True,True,True,True
O=C(c1ccc2ccccc2c1)c1cn(-c2ccccc2)nc1C1=Nn2c(n[nH]c2=S)SC1,True,True,True,True,True,True,True,True,True,True,True,True,True,True,True,True,True,True,True,True,True,True
COc1ccccc1Nc1ccc(N2CCN(C)CC2)nc1,True,True,True,True,True,True,True,True,True,True,True,True,True,True,True,True,True,True,True,True,True,True
CC(C)N1CCN(c2ccc(Nc3ncc4cc5n(c4n3)C3(CCCCC3)CNC5=O)nc2)C[C@H]1C,True,True,True,True,True,True,True,True,True,True,True,True,True,True,True,True,True,True,True,True,True,True
CC(C)(N)CN1CCc2nc(-c3cc(C4CCCNC4)nc(N)n3)ccc2C1,True,True,True,True,True,True,True,True,True,True,True,True,True,True,True,True,True,True,True,True,True,True
C#CCN1CCCC1CN1CCc2nc(Nc3ncc(F)c(-c4cc(F)c5nc(C)n(C(C)C)c5c4)n3)ccc2C1,True,True,True,True,True,True,True,True,True,True,True,True,True,True,True,True,True,True,True,True,True,True
CC(C)=CN(C)N(C)C(=O)C(=O)c1ccc(Nc2ncc(F)c(-c3cnc(C)n3C(C)C)n2)cc1F,True,True,True,True,True,True,True,True,True,True,True,True,True,True,True,True,True,True,True,True,True,True
CCS(=N)(=O)c1ccc(Nc2ncc(Br)c(N[C@@H](C)[C@H](C)O)n2)cc1,True,True,True,True,True,True,True,True,True,True,True,True,True,True,True,True,True,True,True,True,True,True
O=S(=O)(NCCc1c[nH]cn1)c1ccc(N=Cc2c(O)[nH]c3ccc4ncsc4c23)cc1,True,True,True,True,True,True,True,True,True,True,True,True,True,True,True,True,True,True,True,True,True,True
CC(C)NC(=O)c1ccc(-c2cccc3c2OCCC3)nc1,True,True,True,True,True,True,True,True,True,True,True,True,True,True,True,True,True,True,True,True,True,True
CN1CCN(Cc2ccc(NC(=O)c3[nH]ncc3Nc3ncnc4[nH]ccc34)cc2)CC1,True,True,True,True,True,True,True,True,True,True,True,True,True,True,True,True,True,True,True,True,True,True
COC(=O)Nc1ccc(Cc2ccc(OC)cc2)cc1,True,True,True,True,True,True,True,True,True,True,True,True,True,True,True,True,True,True,True,True,True,True
Cc1ncc(-c2nc(Nc3ccc(C(=O)NC4CCN(C)CC4)c(F)c3)ncc2F)n1C(C)C,True,True,True,True,True,True,True,True,True,True,True,True,True,True,True,True,True,True,True,True,True,True
CN1CCCN(c2ccc(NC(=O)c3cccnc3)cc2)CC1,True,True,True,True,True,True,True,True,True,True,True,True,True,True,True,True,True,True,True,True,True,True
C=C(NC(=O)Cc1ccccc1)c1ccc(C(C)(C)C)cc1,True,True,True,True,True,True,True,True,True,True,True,True,True,True,True,True,True,True,True,True,True,True
CC(=C[C@@H](C)CN[C@@H]1CCN(C(=O)c2ccc(Nc3ncc(F)c(-c4cnc(C)n4C(C)C)n3)cc2)C1)CS,True,True,True,True,True,True,True,True,True,True,True,True,True,True,True,True,True,True,True,True,True,True
N[C@H](CNc1ncc(S(=O)(=O)O)s1)Cc1ccc(C(F)(F)F)cc1,True,True,True,True,True,True,True,True,True,True,True,True,True,True,True,True,True,True,True,True,True,True
Cn1cnc(S(=O)(=O)N2CCC(Nc3ncc(C#N)c(-c4cnn(CC(F)(F)F)c4)n3)CC2)c1,True,True,True,True,True,True,True,True,True,True,True,True,True,True,True,True,True,True,True,True,True,True
CC(=O)c1c(C)c2cnc(Nc3ccc(-c4csc(C(N)=O)c4)cn3)nc2n(C2CCCC2)c1=O,True,True,True,True,True,True,True,True,True,True,True,True,True,True,True,True,True,True,True,True,True,True
N[C@H]1CC[C@H](Nc2cc(NC3=CCN(C4CCC(C(=O)O)CC4)CC3)n3ncnc3n2)CC1,True,True,True,True,True,True,True,True,True,True,True,True,True,True,True,True,True,True,True,True,True,True
CN1CCN(c2ccc(NC(=O)c3ccccc3)cc2)CC1,True,True,True,True,True,True,True,True,True,True,True,True,True,True,True,True,True,True,True,True,True,True
CNS(=O)(=O)c1ccc(Nc2ncc3c(n2)N(c2cc(F)ccc2Cl)C(=O)C32CC2)cc1,True,True,True,True,True,True,True,True,True,True,True,True,True,True,True,True,True,True,True,True,True,True
CC(=O)Nc1ccc(CNc2nc(NC(CO)CO)nc3c(C(C)C)cnn23)cc1,True,True,True,True,True,True,True,True,True,True,True,True,True,True,True,True,True,True,True,True,True,True
CCNC(=O)c1ccc(Nc2ncc(F)c(-c3ncc(F)c(-c4cnc(C)n4C(C)C)n3)n2)cc1F,True,True,True,True,True,True,True,True,True,True,True,True,True,True,True,True,True,True,True,True,True,True
COc1ccc(CC(=O)Nc2ccc(OC)cc2)cc1,True,True,True,True,True,True,True,True,True,True,True,True,True,True,True,True,True,True,True,True,True,True
OC1CCC(c2[nH]ncc2-c2ccnc(NC3CCCC3)n2)CC1,True,True,True,True,True,True,True,True,True,True,True,True,True,True,True,True,True,True,True,True,True,True
CC(=NCN)c1ccc(Nc2nccc(-c3cnc(C)n3C(C)C)n2)cc1,True,True,True,True,True,True,True,True,True,True,True,True,True,True,True,True,True,True,True,True,True,True
Cc1ncc(-c2nc(NC(=O)C3CC3)ncc2F)n1C(C)C,True,True,True,True,True,True,True,True,True,True,True,True,True,True,True,True,True,True,True,True,True,True
COc1cccc(F)c1C(=O)Nc1c[nH]nc1C(=O)N[C@@H]1CCN(C)[C@H]1CO,True,True,True,True,True,True,True,True,True,True,True,True,True,True,True,True,True,True,True,True,True,True
O=C(Nc1[nH]nc2cc(-c3cccs3)ccc12)C(=O)NC1CCCC1,True,True,True,True,True,True,True,True,True,True,True,True,True,True,True,True,True,True,True,True,True,True
Cc1ncc(-c2nc(C3CNCC(C)C3)ncc2F)n1C(C)C,True,True,True,True,True,True,True,True,True,True,True,True,True,True,True,True,True,True,True,True,True,True
Cn1cc(C2=C(c3coc4ccccc34)C(=O)NC2=O)c2cccc(CO)c21,True,True,True,True,True,True,True,True,True,True,True,True,True,True,True,True,True,True,True,True,True,True
C=C(C)n1c(SC(=O)c2ccc(Nc3ncc(F)c(-c4cnc(C)n4C(C)C)n3)cc2)cnc1NC,True,True,True,True,True,True,True,True,True,True,True,True,True,True,True,True,True,True,True,True,True,True
CC(O)C(=O)N1CCN(c2ccc(OC3CCCC3)cc2)CC1,True,True,True,True,True,True,True,True,True,True,True,True,True,True,True,True,True,True,True,True,True,True
O=C(Nc1c[nH]nc1-c1nc2cc(CN3CCOCC3)ccc2[nH]1)NC1CCCCC1,True,True,True,True,True,True,True,True,True,True,True,True,True,True,True,True,True,True,True,True,True,True
O=C(NCc1ccccc1)NC(=O)c1ccc(N2CCCCC2=O)cc1,True,True,True,True,True,True,True,True,True,True,True,True,True,True,True,True,True,True,True,True,True,True
Cc1ncc(-c2nc(-c3nc(Nc4ccc(C(=O)NCC(C)C)c(F)c4)ncc3F)ncc2F)n1C(C)C,True,True,True,True,True,True,True,True,True,True,True,True,True,True,True,True,True,True,True,True,True,True
C=C(C)[CH]C(=O)c1ccc(C(=O)c2ccc(Nc3ncc(F)c(-c4cnc(C)n4C(C)C)n3)cc2F)cc1,False,True,True,True,True,True,False,True,True,True,True,True,True,True,True,True,True,True,True,True,True,True
CC(=O)Nc1cc(-c2ccc(S(N)(=O)=O)cc2)ccn1,True,True,True,True,True,True,True,True,True,True,True,True,True,True,True,True,True,True,True,True,True,True
CCc1cnn2c(NCc3ccc[n+]([O-])c3)cc(N3CCCC[C@H]3CC(N)=O)nc12,True,True,True,True,True,True,True,True,True,True,True,True,True,True,True,True,True,True,True,True,True,True
Cc1ncc(-c2nc(Nc3nc(Nc4ccc(C(=O)NSF)c(F)c4)ncc3F)ncc2F)n1C(C)C,True,True,True,True,True,True,True,True,True,True,True,True,True,True,True,True,True,True,True,True,True,True
O=C(Cc1ccc(Cl)cc1)Nc1ccc(N2CCCC2)nc1,True,True,True,True,True,True,True,True,True,True,True,True,True,True,True,True,True,True,True,True,True,True
C=C(C)NCC(=O)c1ccc(Nc2ncc(F)c(-c3ncc(F)c(-c4cnc(C)n4C(C)C)n3)n2)cc1F,True,True,True,True,True,True,True,True,True,True,True,True,True,True,True,True,True,True,True,True,True,True
OC1CCN(c2ccc(Cc3ccccc3)cc2)CC1,True,True,True,True,True,True,True,True,True,True,True,True,True,True,True,True,True,True,True,True,True,True
O=C(Nc1ccc(N2CCOCCC2=O)cc1)c1ccccc1,True,True,True,True,True,True,True,True,True,True,True,True,True,True,True,True,True,True,True,True,True,True
O=C(NCN1CCCCC1)N1CCc2nc(CN3CCCCC3)ccc2N1,True,True,True,True,True,True,True,True,True,True,True,True,True,True,True,True,True,True,True,True,True,True
N=C(N)NS(=O)(=O)c1ccc(N=Cc2c(O)[nH]c3ccc4ncsc4c23)cc1,True,True,True,True,True,True,True,True,True,True,True,True,True,True,True,True,True,True,True,True,True,True
CS(=O)(=O)c1ccc(C(=O)Nc2ccc(F)cc2)cc1,True,True,True,True,True,True,True,True,True,True,True,True,True,True,True,True,True,True,True,True,True,True
Cc1ncc(-c2ccnc(Nc3ccc(-c4ccccc4)cc3)n2)n1C(C)C,True,True,True,True,True,True,True,True,True,True,True,True,True,True,True,True,True,True,True,True,True,True
CC(C)NCc1ccc(Cc2ccc(S(N)(=O)=O)cc2)cc1,True,True,True,True,True,True,True,True,True,True,True,True,True,True,True,True,True,True,True,True,True,True
CC(C)S(=O)(=O)c1ccc(Oc2ccc(S(N)(=O)=O)cc2)cc1,True,True,True,True,True,True,True,True,True,True,True,True,True,True,True,True,True,True,True,True,True,True
CNc1ccc(N2CCN(C(=O)c3ccccc3)CC2)c(C)c1,True,True,True,True,True,True,True,True,True,True,True,True,True,True,True,True,True,True,True,True,True,True
O=C(Nc1cccc2c1C(=O)c1c(-c3ccc(C(=O)N4CCNCC4)s3)n[nH]c1-2)NN1CCOCC1,True,True,True,True,True,True,True,True,True,True,True,True,True,True,True,True,True,True,True,True,True,True
CN1CCN(c2ccc(NC(=O)Cc3ccccc3)cc2)CC1,True,True,True,True,True,True,True,True,True,True,True,True,True,True,True,True,True,True,True,True,True,True
CC(C)NCc1ccc(-c2ccc(S(N)(=O)=O)cc2)cc1,True,True,True,True,True,True,True,True,True,True,True,True,True,True,True,True,True,True,True,True,True,True
CN(C)CC(=O)N1CCc2nc(NCc3cccc(Cl)c3)ccc2C1,True,True,True,True,True,True,True,True,True,True,True,True,True,True,True,True,True,True,True,True,True,True
Cc1cc(C)c(CNc2nc(N[C@@H](C)[C@@H](C)O)nc3c2ncn3C(C)C)cn1,True,True,True,True,True,True,True,True,True,True,True,True,True,True,True,True,True,True,True,True,True,True
CN(C)CCNS(=O)(=O)c1ccc(Nc2nccc(-c3cnc4cccnn34)n2)cc1,True,True,True,True,True,True,True,True,True,True,True,True,True,True,True,True,True,True,True,True,True,True
CN(C)C(=O)N1CCc2nc(NCc3ccccc3)ccc2C1,True,True,True,True,True,True,True,True,True,True,True,True,True,True,True,True,True,True,True,True,True,True
CC(C)CC(=O)NC1CC=C(c2ncc(F)c(-c3cccc4c3OCC4)n2)C1,True,True,True,True,True,True,True,True,True,True,True,True,True,True,True,True,True,True,True,True,True,True
O=C(Cc1ccncc1)Nc1ccc(N2CCCC2)cc1,True,True,True,True,True,True,True,True,True,True,True,True,True,True,True,True,True,True,True,True,True,True
O=C(Nc1ccc(N2CCOCC2)cc1)c1ccc(F)cc1,True,True,True,True,True,True,True,True,True,True,True,True,True,True,True,True,True,True,True,True,True,True
CN(CCN(C)c1ccccc1Cl)NC(=O)c1ccccc1,True,True,True,True,True,True,True,True,True,True,True,True,True,True,True,True,True,True,True,True,True,True
Cc1nc2c(F)cc(-c3nc(Nc4ccc5c(n4)CCN(CC(=O)O)C5)ncc3F)cc2n1C(C)C,True,True,True,True,True,True,True,True,True,True,True,True,True,True,True,True,True,True,True,True,True,True
Cc1ncc(-c2nc(Nc3ccc([SH](=O)CO)cc3)ncc2F)n1C(C)C,False,True,True,True,True,True,False,True,True,True,True,True,True,True,True,True,True,True,True,True,True,True
CSCNC(=S)c1ccc(NC(=O)c2ccc(Nc3ncc(F)c(-c4cnc(C)n4C(C)C)n3)cc2F)cc1,True,True,True,True,True,True,True,True,True,True,True,True,True,True,True,True,True,True,True,True,True,True
CC(=CC(=CN)c1ccc(Nc2nccc(-c3cnc(C)n3C(C)C)n2)cc1)C(=O)SN,True,True,True,True,True,True,True,True,True,True,True,True,True,True,True,True,True,True,True,True,True,True
Cc1nc2c(F)cc(-c3nc(NCCN)ncc3F)cc2n1C1CCC(C)CCN1,True,True,True,True,True,True,True,True,True,True,True,True,True,True,True,True,True,True,True,True,True,True
O=S1(=O)CCCN1C1CCN(c2nccc(Nc3ccc(NCO)cc3)n2)CC1,True,True,True,True,True,True,True,True,True,True,True,True,True,True,True,True,True,True,True,True,True,True
c1nc2nc(C3CC3)nc(OCC3CCCCC3)c2[nH]1,True,True,True,True,True,True,True,True,True,True,True,True,True,True,True,True,True,True,True,True,True,True
C=C(C)NCSN(C)C(=O)c1ccc(Nc2ncc(F)c(-c3cnc(C)n3C(C)C)n2)cc1F,True,True,True,True,True,True,True,True,True,True,True,True,True,True,True,True,True,True,True,True,True,True
CC(=O)NC1CCC(c2nc3c(-n4c(O)ccc4O)ccnc3[nH]2)C1,True,True,True,True,True,True,True,True,True,True,True,True,True,True,True,True,True,True,True,True,True,True
C=C(C)C(=O)c1ccc(Nc2ncc(F)c(-c3cnc(C)n3C(C)C)n2)cc1F,True,True,True,True,True,True,True,True,True,True,True,True,True,True,True,True,True,True,True,True,True,True
O=C(Nc1cn[nH]c1C(=O)NC1CCNCC1)c1ccccc1,True,True,True,True,True,True,True,True,True,True,True,True,True,True,True,True,True,True,True,True,True,True
CCc1ccc(Nc2nccc(-c3cnc(C)n3C(C)C)n2)cc1,True,True,True,True,True,True,True,True,True,True,True,True,True,True,True,True,True,True,True,True,True,True
O=C(Nc1ccccc1Cl)c1ccc(Nc2nc(Nc3ccc(O)cc3)ncc2F)cc1,True,True,True,True,True,True,True,True,True,True,True,True,True,True,True,True,True,True,True,True,True,True
Cc1cc(N2CCCC2=O)c2oc(-c3ccc(O)c(O)c3)c(O)c(=O)c2c1,True,True,True,True,True,True,True,True,True,True,True,True,True,True,True,True,True,True,True,True,True,True
CN1CCN(C(=O)c2cccc(Nc3cccnc3)c2)CC1,True,True,True,True,True,True,True,True,True,True,True,True,True,True,True,True,True,True,True,True,True,True
O=S(=O)(c1ccc(F)cc1)N1CCC(Nc2ccccc2)CC1,True,True,True,True,True,True,True,True,True,True,True,True,True,True,True,True,True,True,True,True,True,True
C[C@@H]1CN(c2ccc(Nc3ccc(N4CCN(C(=O)CO)CC4)cc3)nc2)C[C@H](C)N1C[C@@H](C)O,True,True,True,True,True,True,True,True,True,True,True,True,True,True,True,True,True,True,True,True,True,True
COc1ccc(Cc2cccc(N3CCC(O)CC3)c2)cc1,True,True,True,True,True,True,True,True,True,True,True,True,True,True,True,True,True,True,True,True,True,True
CCC(=O)NC(=O)c1ncc(F)c(-c2cnc(C)n2C(C)C)n1,True,True,True,True,True,True,True,True,True,True,True,True,True,True,True,True,True,True,True,True,True,True
CC(C)(C)C(=O)Nc1n[nH]c2c1CN(C(=O)O[C@H](CCO)c1ccccc1)C2(C)C,True,True,True,True,True,True,True,True,True,True,True,True,True,True,True,True,True,True,True,True,True,True
CCC(=O)Nc1ccc(-c2ccc(N3CCN(C)CC3)cc2)cc1,True,True,True,True,True,True,True,True,True,True,True,True,True,True,True,True,True,True,True,True,True,True
CCOC(=O)N=S(=O)(CC)c1ccc(Nc2ncc(Br)c(NC(C)(C)C)n2)cc1,True,True,True,True,True,True,True,True,True,True,True,True,True,True,True,True,True,True,True,True,True,True
CC(C)C(=O)N1CCCc2nc(NCc3ccccc3)ccc2C1,True,True,True,True,True,True,True,True,True,True,True,True,True,True,True,True,True,True,True,True,True,True
O=C(Nc1ccccc1)c1ccc(CN2CCCCCC2)cc1,True,True,True,True,True,True,True,True,True,True,True,True,True,True,True,True,True,True,True,True,True,True
COc1ccc(-c2nn(-c3ccccc3)cc2C(=O)NC(=S)Nc2ccc(Cl)cc2)cc1,True,True,True,True,True,True,True,True,True,True,True,True,True,True,True,True,True,True,True,True,True,True
COc1cc[nH]c1C=C1C(=O)Nc2ccc(F)c(C#C[C@@H]3CCCN3)c21,True,True,True,True,True,True,True,True,True,True,True,True,True,True,True,True,True,True,True,True,True,True
CC(C)(C)c1nccc(-c2ccc(S(N)(=O)=O)cc2)n1,True,True,True,True,True,True,True,True,True,True,True,True,True,True,True,True,True,True,True,True,True,True
CC(C)CNc1ccc2c(n1)CCN(C(=O)c1cccc(F)c1)C2,True,True,True,True,True,True,True,True,True,True,True,True,True,True,True,True,True,True,True,True,True,True
CC(c1ccc(Nc2ccc(N3CCN(C)CC3)cc2)cc1O)N(C)C,True,True,True,True,True,True,True,True,True,True,True,True,True,True,True,True,True,True,True,True,True,True
O=C(Nc1ccccc1)c1ccc(CN2CCCCC2)nc1,True,True,True,True,True,True,True,True,True,True,True,True,True,True,True,True,True,True,True,True,True,True
CC(=C[C@@H](C)CNCC(=O)c1ccc(Nc2ncc(F)c(-c3cnc(C)n3C(C)C)n2)cc1)CS,True,True,True,True,True,True,True,True,True,True,True,True,True,True,True,True,True,True,True,True,True,True
CCN1CC=C(NC(=O)c2cccc3c2OCCC3)CC1,True,True,True,True,True,True,True,True,True,True,True,True,True,True,True,True,True,True,True,True,True,True
CC(c1ccc(S(C)(=O)=O)cc1)c1ccc(S(N)(=O)=O)cc1,True,True,True,True,True,True,True,True,True,True,True,True,True,True,True,True,True,True,True,True,True,True
N[C@@H]1CCCN(CCC=Cc2ccnc(N[C@H]3CC[C@H](NC4CCOCC4)CC3)n2)C1,True,True,True,True,True,True,True,True,True,True,True,True,True,True,True,True,True,True,True,True,True,True
CN(C)c1ccc(Nc2nccc(NC(=O)N=Nc3ccc(S(C)(=O)=O)cc3)n2)cc1,True,True,True,True,True,True,True,True,True,True,True,True,True,True,True,True,True,True,True,True,True,True
COc1cc(Nc2ncc(Br)c(O[C@H](C)[C@H](C)O)n2)ccc1S(C)(=N)=O,True,True,True,True,True,True,True,True,True,True,True,True,True,True,True,True,True,True,True,True,True,True
CC(C)c1cnn2c(NCc3ccc(NC(=O)CCCCCCO)cc3)nc(OC3CCN(C)CC3)nc12,True,True,True,True,True,True,True,True,True,True,True,True,True,True,True,True,True,True,True,True,True,True
CN1CCN(c2ccc(Nc3cccc(F)c3)cc2)CC1,True,True,True,True,True,True,True,True,True,True,True,True,True,True,True,True,True,True,True,True,True,True
Cc1ncc(-c2nc(Nc3cccc(F)c3)ncc2F)n1C(C)C,True,True,True,True,True,True,True,True,True,True,True,True,True,True,True,True,True,True,True,True,True,True
COc1ccc(-c2ccc(NC(=O)N(C)C)cc2)cc1,True,True,True,True,True,True,True,True,True,True,True,True,True,True,True,True,True,True,True,True,True,True
Cc1ncc(-c2nc(Nc3ccc(C(=O)NCNCC[C@H](C)N(C)C)c(F)c3)ncc2F)n1C(C)C,True,True,True,True,True,True,True,True,True,True,True,True,True,True,True,True,True,True,True,True,True,True
CC(C)CNc1ncc2c(n1)-c1c(c(C(N)=O)nn1C)CC2,True,True,True,True,True,True,True,True,True,True,True,True,True,True,True,True,True,True,True,True,True,True
Cc1ncc(-c2ccnc(Nc3cccc(F)c3)n2)n1C(C)C,True,True,True,True,True,True,True,True,True,True,True,True,True,True,True,True,True,True,True,True,True,True
C=C(C)SC(=O)CS[C@@H]1CCN(C(=O)c2ccc(Nc3ncc(F)c(-c4cnc(C)n4C(C)C)n3)cc2)C1,True,True,True,True,True,True,True,True,True,True,True,True,True,True,True,True,True,True,True,True,True,True
NS(=O)(=O)c1ccc(-c2ccc(CC3CC3)cn2)cc1,True,True,True,True,True,True,True,True,True,True,True,True,True,True,True,True,True,True,True,True,True,True
CCC[C@H]1CCCCN1c1cc(NCc2ccc[n+]([O-])c2)n2ncc(CC)c2n1,True,True,True,True,True,True,True,True,True,True,True,True,True,True,True,True,True,True,True,True,True,True
CC(O)C(=O)N1CCN(c2ccc(Nc3nccc(-c4cncn4C(=O)O)n3)cc2)CC1,True,True,True,True,True,True,True,True,True,True,True,True,True,True,True,True,True,True,True,True,True,True
O=C(Cc1cccc(Br)c1)Nc1[nH]nc2ccc(N3CCCS3(=O)=O)cc12,True,True,True,True,True,True,True,True,True,True,True,True,True,True,True,True,True,True,True,True,True,True
CCC(=O)Nc1ccc(-c2ccc(S(N)(=O)=O)cc2)cc1,True,True,True,True,True,True,True,True,True,True,True,True,True,True,True,True,True,True,True,True,True,True
FC(F)(F)c1cnc(Nc2ccc3[nH]cnc3c2)nc1Nc1ccccc1Cl,True,True,True,True,True,True,True,True,True,True,True,True,True,True,True,True,True,True,True,True,True,True
COc1cc(CS(C)(=N)=O)cc(Nc2ncc(F)c(-c3ccc(F)cc3OC)n2)c1,True,True,True,True,True,True,True,True,True,True,True,True,True,True,True,True,True,True,True,True,True,True
N#Cc1ccc(-c2nc(NCc3cccnc3)ncc2CF)cc1,True,True,True,True,True,True,True,True,True,True,True,True,True,True,True,True,True,True,True,True,True,True
COc1cc(N2CCN(C(C)=O)CC2)ccc1Nc1ncc(OC)c(-c2cnc3ccccn23)n1,True,True,True,True,True,True,True,True,True,True,True,True,True,True,True,True,True,True,True,True,True,True
CC(C)=Cc1ccc(Nc2ccc(Nc3ncc(F)c(-c4cnc(C)n4C(C)C)n3)cc2)cc1F,True,True,True,True,True,True,True,True,True,True,True,True,True,True,True,True,True,True,True,True,True,True
CCC(=O)c1ccc(C(C)=Cc2ccc(Nc3ncc(F)c(-c4cnc(C)n4C(C)C)n3)cc2F)cc1,True,True,True,True,True,True,True,True,True,True,True,True,True,True,True,True,True,True,True,True,True,True
Cc1ncc(-c2ccnc(Nc3ccc(C(=O)N(C)C)cc3)n2)n1C(C)C,True,True,True,True,True,True,True,True,True,True,True,True,True,True,True,True,True,True,True,True,True,True
CC(C)c1nc(N2CCN(C(=O)C3CC3)CC2)c2[nH]cnc2n1,True,True,True,True,True,True,True,True,True,True,True,True,True,True,True,True,True,True,True,True,True,True
O=C(c1cccc(NCc2ccccc2)n1)N1CCCC1,True,True,True,True,True,True,True,True,True,True,True,True,True,True,True,True,True,True,True,True,True,True
NC(=O)Oc1ccc(-c2ccc(S(N)(=O)=O)cc2)cc1,True,True,True,True,True,True,True,True,True,True,True,True,True,True,True,True,True,True,True,True,True,True
CC(C)(C)c1ccc(NC(=O)Cc2ccccn2)cc1,True,True,True,True,True,True,True,True,True,True,True,True,True,True,True,True,True,True,True,True,True,True
O=C(Nc1cn[nH]c1CC1CCCOCC1)c1c(F)cccc1F,True,True,True,True,True,True,True,True,True,True,True,True,True,True,True,True,True,True,True,True,True,True
CC(=C[C@@H](C)CCNC(=O)c1ccc(Nc2ncc(F)c(-c3cnc(C)n3C(C)C)n2)cc1)CS,True,True,True,True,True,True,True,True,True,True,True,True,True,True,True,True,True,True,True,True,True,True
O=C(NCc1ccc(N2CCCC2=O)cc1)c1ccccc1,True,True,True,True,True,True,True,True,True,True,True,True,True,True,True,True,True,True,True,True,True,True
COc1cc(F)ccc1-c1ccnc(NC(=O)C2CCC[C@@H](NC(C)=O)C2)c1,True,True,True,True,True,True,True,True,True,True,True,True,True,True,True,True,True,True,True,True,True,True
N[C@H](CNc1ncc(-c2nccs2)s1)Cc1ccc(C(F)(F)F)cc1,True,True,True,True,True,True,True,True,True,True,True,True,True,True,True,True,True,True,True,True,True,True
CN(CCNc1ccccc1C(N)=O)c1ccccc1Cl,True,True,True,True,True,True,True,True,True,True,True,True,True,True,True,True,True,True,True,True,True,True
O=C(O)C1CCC(N2CC=C(c3ccccc3)CC2)CC1,True,True,True,True,True,True,True,True,True,True,True,True,True,True,True,True,True,True,True,True,True,True
Cc1ncc(-c2ccnc(Nc3ccc(Cc4ccc(C(N)=O)cc4)cc3)n2)n1C(C)C,True,True,True,True,True,True,True,True,True,True,True,True,True,True,True,True,True,True,True,True,True,True
COc1ccc(-c2[nH]nc3c2C(=O)c2c(NC(=O)CN4CCN(C(=N)N)CC4)cccc2-3)cc1,True,True,True,True,True,True,True,True,True,True,True,True,True,True,True,True,True,True,True,True,True,True
Cc1ncc(-c2nc(Nc3ccc(C(=O)Nc4c(Br)nc(C)n4C(C)C)c(F)c3)ncc2F)n1C(C)C,True,True,True,True,True,True,True,True,True,True,True,True,True,True,True,True,True,True,True,True,True,True
C=CC(=O)Nc1cccc(C(=O)N2CC(c3ccc(N4CCN(C)CC4)cc3)CCCO2)c1,True,True,True,True,True,True,True,True,True,True,True,True,True,True,True,True,True,True,True,True,True,True
CC(C)=CC[C@@H]1CCN(C(=O)c2ccc(Nc3ncc(F)c(-c4cnc(C)n4C(C)C)n3)cc2)C1,True,True,True,True,True,True,True,True,True,True,True,True,True,True,True,True,True,True,True,True,True,True
CNS(=O)(=O)c1ccc(N2CCN(c3ccc(/C=C4\SC(=N)NC4=O)o3)CC2)cc1,True,True,True,True,True,True,True,True,True,True,True,True,True,True,True,True,True,True,True,True,True,True
CCCC(O)CCOC(C(=O)NC(C)=O)c1ccc(Nc2ncc(F)c(-c3cnc(C)n3C(C)C)n2)cc1,True,True,True,True,True,True,True,True,True,True,True,True,True,True,True,True,True,True,True,True,True,True
CC(c1ccc(S(N)(=O)=O)cc1)c1ccc(S(N)(=O)=O)cc1,True,True,True,True,True,True,True,True,True,True,True,True,True,True,True,True,True,True,True,True,True,True
C=C(c1ccc(S(C)(=O)=O)cc1)c1ccc(S(N)(=O)=O)cc1,True,True,True,True,True,True,True,True,True,True,True,True,True,True,True,True,True,True,True,True,True,True
CC(C)c1ccc(C(=O)NC(=O)Cc2ccccc2)cc1,True,True,True,True,True,True,True,True,True,True,True,True,True,True,True,True,True,True,True,True,True,True
CC(=Cc1cccc2[nH]c(O)c(N=Nc3ccc(S(N)(=O)=O)cc3)c12)CN,True,True,True,True,True,True,True,True,True,True,True,True,True,True,True,True,True,True,True,True,True,True
O=C(c1ccccc1)N1CCN(C(O)c2ccccc2)CC1,True,True,True,True,True,True,True,True,True,True,True,True,True,True,True,True,True,True,True,True,True,True
CCC(C)Oc1ccc(-c2ccc(S(N)(=O)=O)cc2)cc1,True,True,True,True,True,True,True,True,True,True,True,True,True,True,True,True,True,True,True,True,True,True
CC[C@@H](C)Oc1nc(Nc2ccc(S(N)(=O)=O)cc2)nc(N)c1C=O,True,True,True,True,True,True,True,True,True,True,True,True,True,True,True,True,True,True,True,True,True,True
Cc1ncc(-c2nc(N[C@@H](C)CO)ncc2F)n1C(C)C,True,True,True,True,True,True,True,True,True,True,True,True,True,True,True,True,True,True,True,True,True,True
CC(C)(N)CNNC(=O)c1oc2ccccc2c1CN1CCN(c2ccccc2)CC1,True,True,True,True,True,True,True,True,True,True,True,True,True,True,True,True,True,True,True,True,True,True
Cc1ccc(-c2ccc(N3CCCC3)cc2C(=O)O)cc1,True,True,True,True,True,True,True,True,True,True,True,True,True,True,True,True,True,True,True,True,True,True
CC(C)=CSC(=O)C(=O)c1ccc(Nc2ncc(F)c(-c3cnc(C)n3C(C)C)n2)cc1,True,True,True,True,True,True,True,True,True,True,True,True,True,True,True,True,True,True,True,True,True,True
CC(C)(C)Cc1cc(-c2ccc(S(N)(=O)=O)cc2)ccn1,True,True,True,True,True,True,True,True,True,True,True,True,True,True,True,True,True,True,True,True,True,True
C=CCCNCNC(=O)c1ccc(Nc2ncc(F)c(-c3cnc(C)n3C(C)C)n2)cc1F,True,True,True,True,True,True,True,True,True,True,True,True,True,True,True,True,True,True,True,True,True,True
COc1ccc(-c2ccc(N3CCCCC3=O)cc2)cc1O,True,True,True,True,True,True,True,True,True,True,True,True,True,True,True,True,True,True,True,True,True,True
CC(C)Nc1ncc(F)c(-c2ccc(S(N)(=O)=O)cc2)n1,True,True,True,True,True,True,True,True,True,True,True,True,True,True,True,True,True,True,True,True,True,True
CC(=CC(=O)c1ccc(Nc2ncc(F)c(-c3cnc(C)n3C(C)C)n2)cc1F)NSF,True,True,True,True,True,True,True,True,True,True,True,True,True,True,True,True,True,True,True,True,True,True
Cc1ncc(-c2cnc(NC(=O)OC(C)C)s2)n1C(C)C,True,True,True,True,True,True,True,True,True,True,True,True,True,True,True,True,True,True,True,True,True,True
Cc1ncc(-c2nc(NC(C)C)ncc2F)n1C(C)C,True,True,True,True,True,True,True,True,True,True,True,True,True,True,True,True,True,True,True,True,True,True
CN1CCN(c2ccc(Nc3ccc(F)cc3)cn2)CC1,True,True,True,True,True,True,True,True,True,True,True,True,True,True,True,True,True,True,True,True,True,True
CCN(C)C(=O)NCc1ncc(F)c(-c2cnc(C)n2C(C)C)n1,True,True,True,True,True,True,True,True,True,True,True,True,True,True,True,True,True,True,True,True,True,True
NC(=O)c1ccc(-c2ccc(N3CCCCC3)cc2)cc1,True,True,True,True,True,True,True,True,True,True,True,True,True,True,True,True,True,True,True,True,True,True
CC(C)CS(=O)(=O)c1ccc(-c2ccc(S(N)(=O)=O)cn2)cc1,True,True,True,True,True,True,True,True,True,True,True,True,True,True,True,True,True,True,True,True,True,True
O=C(Oc1ccc(Nc2ccccc2)cc1)N1CCCC1,True,True,True,True,True,True,True,True,True,True,True,True,True,True,True,True,True,True,True,True,True,True
O=C(Cc1ccccc1)NC(=O)c1cccc2c1OCCC2,True,True,True,True,True,True,True,True,True,True,True,True,True,True,True,True,True,True,True,True,True,True
CNCNc1nc(NCc2cccc(C(F)(F)F)c2)c2ncn(C(C)C3CC3)c2n1,True,True,True,True,True,True,True,True,True,True,True,True,True,True,True,True,True,True,True,True,True,True
O=C(c1ccccc1)N1CC=C(c2ccc(N3CCCCC3=O)cc2)CC1,True,True,True,True,True,True,True,True,True,True,True,True,True,True,True,True,True,True,True,True,True,True
O=C(c1ccc(CN2CCCCCC2)cc1)N1CCC(O)CC1,True,True,True,True,True,True,True,True,True,True,True,True,True,True,True,True,True,True,True,True,True,True
O=Nc1c(-c2c(O)[nH]c3ccc([N+](=O)[O-])cc23)[nH]c2ccc(O)cc12,True,True,True,True,True,True,True,True,True,True,True,True,True,True,True,True,True,True,True,True,True,True
CC(C)N1CCN(C(=O)c2ccc(OC(C)(C)C)cc2)CC1,True,True,True,True,True,True,True,True,True,True,True,True,True,True,True,True,True,True,True,True,True,True
CN(C)C/C=C/C(=O)Nc1ccc(S(=O)(=O)N2CCCC(Nc3ncc(SCc4ncc(C(C)(C)C)o4)s3)C2)cc1,True,True,True,True,True,True,True,True,True,True,True,True,True,True,True,True,True,True,True,True,True,True
CC(C)C(=O)N1CCN(C(=O)c2ccc(C(C)C)cc2)CC1,True,True,True,True,True,True,True,True,True,True,True,True,True,True,True,True,True,True,True,True,True,True
COc1ccc2[nH]c(O)c(C=c3[nH]cc4c3=CCNC4=O)c2c1,True,True,True,True,True,True,True,True,True,True,True,True,True,True,True,True,True,True,True,True,True,True
CC(C)N1CCc2cnc(Nc3ccc(N4CC=NCC4)cn3)nc2C1,True,True,True,True,True,True,True,True,True,True,True,True,True,True,True,True,True,True,True,True,True,True
CNc1ccc(C(C)c2ccc(S(N)(=O)=O)cc2)cc1,True,True,True,True,True,True,True,True,True,True,True,True,True,True,True,True,True,True,True,True,True,True
CC(C(=O)NC(=O)Nc1cc(C2CC2)[nH]n1)c1ccc(N2CCCC2=O)cc1,True,True,True,True,True,True,True,True,True,True,True,True,True,True,True,True,True,True,True,True,True,True
C1=C/COCc2cc(ccc2OCCN2CCCC2)Nc2nccc(n2)-c2ccc(s2)COC/1,True,True,True,True,True,True,True,True,True,True,True,True,True,True,True,True,True,True,True,True,True,True
NCc1ccc(-c2ccc(CN3CCOCC3)cc2)cc1,True,True,True,True,True,True,True,True,True,True,True,True,True,True,True,True,True,True,True,True,True,True
CC(C)C(=O)N1CCc2cnc(Nc3ccnn3C)nc2C1,True,True,True,True,True,True,True,True,True,True,True,True,True,True,True,True,True,True,True,True,True,True
Cc1cc(OC(C)C)ccc1-c1ccc(S(N)(=O)=O)cc1,True,True,True,True,True,True,True,True,True,True,True,True,True,True,True,True,True,True,True,True,True,True
C[C@H](O)[C@@H](C)Nc1nc2nc(c1Br)-c1cc(C3CCCC3)ccc1N2,False,True,True,True,True,True,True,True,True,True,False,True,True,True,True,True,True,True,True,True,True,True
COc1ccc(-c2ccc(NC(=O)C3CCC3)cc2)cc1,True,True,True,True,True,True,True,True,True,True,True,True,True,True,True,True,True,True,True,True,True,True
NS(=O)(=O)c1ccc(N=Nc2c(O)[nH]c3ccc(C(=O)NCc4ccncc4)cc23)cc1,True,True,True,True,True,True,True,True,True,True,True,True,True,True,True,True,True,True,True,True,True,True
O=c1[nH]c(O)c(C=Nc2ccc(CN3CCOCC3)cc2)c2ccccc12,True,True,True,True,True,True,True,True,True,True,True,True,True,True,True,True,True,True,True,True,True,True
NC(=O)c1ccc(N2CCC(c3ccccc3)CC2)cc1,True,True,True,True,True,True,True,True,True,True,True,True,True,True,True,True,True,True,True,True,True,True
NC(=O)c1ccccc1N1CCN(c2ccccc2Cl)CC1,True,True,True,True,True,True,True,True,True,True,True,True,True,True,True,True,True,True,True,True,True,True
CC(F)(F)c1ccc(-c2ccc(S(N)(=O)=O)cc2)cc1,True,True,True,True,True,True,True,True,True,True,True,True,True,True,True,True,True,True,True,True,True,True
CC(=O)Nc1ccc(Nc2ncc(F)c(-c3cnc(C)n3C(C)C)n2)cc1,True,True,True,True,True,True,True,True,True,True,True,True,True,True,True,True,True,True,True,True,True,True
CCSc1nn2c(COc3ccc(Cl)cc3)nnc2s1,True,True,True,True,True,True,True,True,True,True,True,True,True,True,True,True,True,True,True,True,True,True
O=S(=O)(c1ccccc1)N1CCC(Nc2ccccc2)CC1,True,True,True,True,True,True,True,True,True,True,True,True,True,True,True,True,True,True,True,True,True,True
NS(=O)(=O)c1ccc(N=Nc2c(O)[nH]c3ccc4ncsc4c23)cc1,True,True,True,True,True,True,True,True,True,True,True,True,True,True,True,True,True,True,True,True,True,True
Cc1ncc(-c2nc(NC(=O)c3ccccc3)ncc2F)n1C(C)C,True,True,True,True,True,True,True,True,True,True,True,True,True,True,True,True,True,True,True,True,True,True
O=C(c1ccccc1)N1CCN(Nc2ccccc2Cl)CC1,True,True,True,True,True,True,True,True,True,True,True,True,True,True,True,True,True,True,True,True,True,True
CC(C)NC(=O)N1CCc2cnc(Nc3ccc(N4CC=NCC4)cn3)nc2C1,True,True,True,True,True,True,True,True,True,True,True,True,True,True,True,True,True,True,True,True,True,True
N#Cc1ccc2c(=O)[nH]c(O)c(C=Nc3ccc(CN4CCCCC4)cc3)c2c1,True,True,True,True,True,True,True,True,True,True,True,True,True,True,True,True,True,True,True,True,True,True
CCc1nc(NC(C)=O)nc(-c2cnc(C)n2C(C)C)c1F,True,True,True,True,True,True,True,True,True,True,True,True,True,True,True,True,True,True,True,True,True,True
CN1C=CN(C(=O)Nc2cccc(Cc3ccccc3)n2)CC1,True,True,True,True,True,True,True,True,True,True,True,True,True,True,True,True,True,True,True,True,True,True
NCCCCNC(=O)c1ccc(Nc2nc(N[C@H]3CC[C@H](N)CC3)nc3c2ncn3C2CCCC2)cc1,True,True,True,True,True,True,True,True,True,True,True,True,True,True,True,True,True,True,True,True,True,True
CNc1nccc(-n2ccc3ccc(C#N)cc32)n1,True,True,True,True,True,True,True,True,True,True,True,True,True,True,True,True,True,True,True,True,True,True
NC(=O)c1ccc(-c2ccc(CN3CCCCC3)cc2)cc1,True,True,True,True,True,True,True,True,True,True,True,True,True,True,True,True,True,True,True,True,True,True
CC(=O)Nc1ccc(-c2ccc(S(N)(=O)=O)cc2)cc1,True,True,True,True,True,True,True,True,True,True,True,True,True,True,True,True,True,True,True,True,True,True
CCc1ccc(C(C)c2ccc(S(N)(=O)=O)cc2)cc1,True,True,True,True,True,True,True,True,True,True,True,True,True,True,True,True,True,True,True,True,True,True
O=C(NC1CCNCC1)c1[nH]ncc1Nc1c(F)cccc1F,True,True,True,True,True,True,True,True,True,True,True,True,True,True,True,True,True,True,True,True,True,True
CC(C)c1ccc2c(N=Nc3ccc(S(N)(=O)=O)cc3)c(O)[nH]c2c1,True,True,True,True,True,True,True,True,True,True,True,True,True,True,True,True,True,True,True,True,True,True
CN(C)CCNS(=O)(=O)c1ccc(Nc2cccc(-c3cnc4ccccn34)c2)cc1,True,True,True,True,True,True,True,True,True,True,True,True,True,True,True,True,True,True,True,True,True,True
COc1ccc(-c2ocnc2C(=O)NCc2ccncc2)cn1,True,True,True,True,True,True,True,True,True,True,True,True,True,True,True,True,True,True,True,True,True,True
COc1ccc(C(=O)NC(=O)Cc2ccccc2)cc1,True,True,True,True,True,True,True,True,True,True,True,True,True,True,True,True,True,True,True,True,True,True
CC(C)S(=O)(=O)c1ccc(Nc2ccc(S(N)(=O)=O)cc2)cc1,True,True,True,True,True,True,True,True,True,True,True,True,True,True,True,True,True,True,True,True,True,True
CC(=O)N1CCC(c2ccc(NC(=O)C3CCC3)cc2)CC1,True,True,True,True,True,True,True,True,True,True,True,True,True,True,True,True,True,True,True,True,True,True
Cc1ncc(-c2nc(Nc3ccc(C(=O)N(C)C)cc3)ncc2F)n1C(C)C,True,True,True,True,True,True,True,True,True,True,True,True,True,True,True,True,True,True,True,True,True,True
COc1ccc2cc(-c3[nH]nc4cccnc34)[nH]c2c1,True,True,True,True,True,True,True,True,True,True,True,True,True,True,True,True,True,True,True,True,True,True
COCc1ncc(-c2nc(N[C@H]3CC[C@H](N)CC3)ncc2Br)n1C(C)C,True,True,True,True,True,True,True,True,True,True,True,True,True,True,True,True,True,True,True,True,True,True
CC(C)c1ccc(Nc2ccc(S(N)(=O)=O)cc2)cc1,True,True,True,True,True,True,True,True,True,True,True,True,True,True,True,True,True,True,True,True,True,True
CCC(Cc1ccc(Nc2ncc(F)c(-c3ccc(F)cc3OC)n2)nc1)C(=O)CN,True,True,True,True,True,True,True,True,True,True,True,True,True,True,True,True,True,True,True,True,True,True
COc1cc(F)ccc1-c1nc2c(NCN3CC(O)C3)c(Br)cnc2[nH]1,True,True,True,True,True,True,True,True,True,True,True,True,True,True,True,True,True,True,True,True,True,True
OC1CCN(c2ccccc2CCc2ccccc2)CC1,True,True,True,True,True,True,True,True,True,True,True,True,True,True,True,True,True,True,True,True,True,True
CC(C)C(=O)Nc1nc(OCC2CCCC2)c2[nH]cnc2n1,True,True,True,True,True,True,True,True,True,True,True,True,True,True,True,True,True,True,True,True,True,True
CNS(=O)(=O)CCOc1c(Br)cnc2[nH]c(-c3ccc(OC)cc3)nc12,True,True,True,True,True,True,True,True,True,True,True,True,True,True,True,True,True,True,True,True,True,True
Cc1ncc(-c2nc(Nc3ccc(NC#N)cc3)ncc2F)n1-c1ncc(F)c(-c2cnc(C)n2C(C)C)n1,True,True,True,True,True,True,True,True,True,True,True,True,True,True,True,True,True,True,True,True,True,True
Cc1ncc(-c2nc(NC(=O)C(C)O)ncc2F)n1C(C)C,True,True,True,True,True,True,True,True,True,True,True,True,True,True,True,True,True,True,True,True,True,True
CC(=CC(=O)SN[C@@H]1CCN(C(=O)c2ccc(Nc3ncc(F)c(-c4cnc(C)n4C(C)C)n3)cc2)C1)CO,True,True,True,True,True,True,True,True,True,True,True,True,True,True,True,True,True,True,True,True,True,True
CC(=O)N[SH](O)(SO)c1ccc(Nc2ncc(F)c(-c3ncc(F)c(-c4cnc(C)n4C(C)C)n3)n2)cc1N,False,True,True,True,True,True,False,True,False,True,True,True,True,True,True,True,True,True,True,True,True,True
CN1CCN(c2ccc(NC(=O)Nc3ccccc3)cc2)CC1,True,True,True,True,True,True,True,True,True,True,True,True,True,True,True,True,True,True,True,True,True,True
CNC(=O)c1ccc(-c2ccc(S(N)(=O)=O)cc2)cc1,True,True,True,True,True,True,True,True,True,True,True,True,True,True,True,True,True,True,True,True,True,True
CC(=O)CC(=C(N)O)c1ccc(Nc2ncc(F)c(-c3cnc(C)n3C(C)C)n2)cc1,True,True,True,True,True,True,True,True,True,True,True,True,True,True,True,True,True,True,True,True,True,True
CC(=O)Nc1ccc(N2CCN(c3ccccc3)CC2)cc1,True,True,True,True,True,True,True,True,True,True,True,True,True,True,True,True,True,True,True,True,True,True
CC(=Nc1ccc(S(N)(=O)=O)cc1)c1ccc(C(C)C)cc1,True,True,True,True,True,True,True,True,True,True,True,True,True,True,True,True,True,True,True,True,True,True
COc1ccccc1Nc1ccnc(Nc2ccc(OCN3CCN(C)CC3)cc2)n1,True,True,True,True,True,True,True,True,True,True,True,True,True,True,True,True,True,True,True,True,True,True
CN(C)CCN(C)c1ccc(N2CCCCC2=O)cc1O,True,True,True,True,True,True,True,True,True,True,True,True,True,True,True,True,True,True,True,True,True,True
Cc1ncc(-c2ccnc(Nc3ccc(C(N)=O)cc3)n2)n1-c1nccc(-c2cnc(C)n2C(C)C)n1,True,True,True,True,True,True,True,True,True,True,True,True,True,True,True,True,True,True,True,True,True,True
CN1CCC(c2c(O)cc(O)c3c2O/C(=C\c2ccccc2)C3=O)CC1,True,True,True,True,True,True,True,True,True,True,True,True,True,True,True,True,True,True,True,True,True,True
C[C@@H](O)[C@@H](C)Oc1nc(Nc2ccc(S(=O)(=O)CCO)cc2)ncc1C(F)(F)F,True,True,True,True,True,True,True,True,True,True,True,True,True,True,True,True,True,True,True,True,True,True
Nc1nc(Nc2ccc(S(N)(=O)=O)cc2)nn1C(=O)c1c(F)cccc1F,True,True,True,True,True,True,True,True,True,True,True,True,True,True,True,True,True,True,True,True,True,True
CC(C)CNc1nc2c(cc1Cl)CN(C(=O)CN(C)C)CC2,True,True,True,True,True,True,True,True,True,True,True,True,True,True,True,True,True,True,True,True,True,True
CNNc1ccc(C)c(Nc2ccc3c(n2)CCN(C(=O)CN(C)C)C3)n1,True,True,True,True,True,True,True,True,True,True,True,True,True,True,True,True,True,True,True,True,True,True
Cc1ncc(-c2nc(NC(=O)NCC(C)C)ncc2F)n1C(C)C,True,True,True,True,True,True,True,True,True,True,True,True,True,True,True,True,True,True,True,True,True,True
CC(C)(CO)CNC(=O)c1ccc2[nH]c(O)c(N=Nc3ccc(S(N)(=O)=O)cc3)c2c1,True,True,True,True,True,True,True,True,True,True,True,True,True,True,True,True,True,True,True,True,True,True
CC(C)c1cnn2c(NCc3ccccc3)cc(N[C@@H](CO)[C@@H](O)CO)nc12,True,True,True,True,True,True,True,True,True,True,True,True,True,True,True,True,True,True,True,True,True,True
Cc1ncc(-c2nc(Nc3ccc(C(=O)NC(=O)C(=O)C(C)C)c(F)c3)ncc2F)n1C(C)C,True,True,True,True,True,True,True,True,True,True,True,True,True,True,True,True,True,True,True,True,True,True
C=C(C)n1c(C(=O)c2ccc(Nc3ncc(F)c(-c4cnc(C)n4C(C)C)n3)cc2)cnc1NC,True,True,True,True,True,True,True,True,True,True,True,True,True,True,True,True,True,True,True,True,True,True
CC(C)[C@H](CO)Nc1nc(Nc2ccc(C(=O)O)c(Cl)c2)c2ncn(C(C)C)c2n1,True,True,True,True,True,True,True,True,True,True,True,True,True,True,True,True,True,True,True,True,True,True
O=C(O)N1CCN(C(=O)c2ccc(CCc3ccccc3)cc2)CC1,True,True,True,True,True,True,True,True,True,True,True,True,True,True,True,True,True,True,True,True,True,True
CN1CCN(c2cccc(NC(=O)Nc3ccccc3)c2)CC1,True,True,True,True,True,True,True,True,True,True,True,True,True,True,True,True,True,True,True,True,True,True
COc1ccccc1CNC(=O)Cc1ccc(F)cc1,True,True,True,True,True,True,True,True,True,True,True,True,True,True,True,True,True,True,True,True,True,True
Cc1ncc(-c2nc(NC(=O)C(C)C)ncc2F)n1C(C)C,True,True,True,True,True,True,True,True,True,True,True,True,True,True,True,True,True,True,True,True,True,True
Nc1nc2ccc(C(=O)c3ccccc3OC(F)(F)F)cn2c1N1CCCC1,True,True,True,True,True,True,True,True,True,True,True,True,True,True,True,True,True,True,True,True,True,True
NCCC=c1cc(-c2ccc[nH]2)c2c(O)[nH]c3ccc(F)c1c32,True,True,True,True,True,True,True,True,True,True,True,True,True,True,True,True,True,True,True,True,True,True
CC(=CSC(=O)c1ccc(Nc2ncc(F)c(-c3cnc(C)n3C(C)C)n2)cc1F)SC(C)C,True,True,True,True,True,True,True,True,True,True,True,True,True,True,True,True,True,True,True,True,True,True
NS(=O)(=O)c1ccc(Nc2ccc(C3CC3)cc2)cc1,True,True,True,True,True,True,True,True,True,True,True,True,True,True,True,True,True,True,True,True,True,True
Cc1nc2c(F)cc(-c3nc(Nc4ccc5c(n4)CCN(C(=O)CCN(C)C)C5)ncc3F)cc2n1C(C)(C)C,True,True,True,True,True,True,True,True,True,True,True,True,True,True,True,True,True,True,True,True,True,True
COc1ccccc1Nc1cc2[nH]c(-c3cn[nH]c3)cc2cn1,True,True,True,True,True,True,True,True,True,True,True,True,True,True,True,True,True,True,True,True,True,True
C=CC(=O)Nc1ccc(OC(=O)N2CCCC(Nc3ncc(SCc4ncc(C(C)(C)C)o4)s3)C2)cc1,True,True,True,True,True,True,True,True,True,True,True,True,True,True,True,True,True,True,True,True,True,True
CCCCNc1ncc(F)c(-c2cnc(C)n2C(C)C)n1,True,True,True,True,True,True,True,True,True,True,True,True,True,True,True,True,True,True,True,True,True,True
O=C(Nc1ccc(N2CCOCC2)cc1)c1ccccc1,True,True,True,True,True,True,True,True,True,True,True,True,True,True,True,True,True,True,True,True,True,True
CNc1ccc(N2CCCN(C(=O)c3ccc(C)nc3)CC2)cc1,True,True,True,True,True,True,True,True,True,True,True,True,True,True,True,True,True,True,True,True,True,True
CCC(C)Nc1ncc(F)c(-c2cnc(C)n2C(C)C)n1,True,True,True,True,True,True,True,True,True,True,True,True,True,True,True,True,True,True,True,True,True,True
c1nc2nc(C3CCCCC3)nc(OCC3CCCCC3)c2[nH]1,True,True,True,True,True,True,True,True,True,True,True,True,True,True,True,True,True,True,True,True,True,True
Cc1ncc(C(=O)Nc2ncc(F)c(C(C)C)n2)n1C(C)C,True,True,True,True,True,True,True,True,True,True,True,True,True,True,True,True,True,True,True,True,True,True
O=C1CCCCN1c1ccc(NCc2ccccc2)cc1,True,True,True,True,True,True,True,True,True,True,True,True,True,True,True,True,True,True,True,True,True,True
NC(=O)c1ccc2[nH]c(O)c(N=Nc3ccc(S(N)(=O)=O)cc3)c2c1,True,True,True,True,True,True,True,True,True,True,True,True,True,True,True,True,True,True,True,True,True,True
CC(C)c1cccc(CC(=O)Nc2ccc(S(N)(=O)=O)cc2)c1,True,True,True,True,True,True,True,True,True,True,True,True,True,True,True,True,True,True,True,True,True,True
Cc1ncc(-c2nc(Nc3ccc(C(=O)N4CCCN(C)CC4)cc3)ncc2F)n1C(C)C,True,True,True,True,True,True,True,True,True,True,True,True,True,True,True,True,True,True,True,True,True,True
CC(C)(C)c1ccc(Oc2ccc(S(N)(=O)=O)cc2)cc1,True,True,True,True,True,True,True,True,True,True,True,True,True,True,True,True,True,True,True,True,True,True
CC(c1ccc(C2CC2)cc1)c1ccc(S(N)(=O)=O)cc1,True,True,True,True,True,True,True,True,True,True,True,True,True,True,True,True,True,True,True,True,True,True
CCN(C)CCNc1ncc(F)c(-c2cnc(C)n2C(C)C)n1,True,True,True,True,True,True,True,True,True,True,True,True,True,True,True,True,True,True,True,True,True,True
CC(C)CC(=O)c1ccc2[nH]c(O)c(C=Nc3ccc(S(N)(=O)=O)cc3)c2c1,True,True,True,True,True,True,True,True,True,True,True,True,True,True,True,True,True,True,True,True,True,True
O=C(Nc1cn[nH]c1CC1CCCCC1)c1c(F)cccc1F,True,True,True,True,True,True,True,True,True,True,True,True,True,True,True,True,True,True,True,True,True,True
COCCNS(=O)(=O)c1ccc(Nc2nccc(-c3cnc(C)n3C)n2)cc1,True,True,True,True,True,True,True,True,True,True,True,True,True,True,True,True,True,True,True,True,True,True
O=C(Cc1ccccc1)NC(=O)c1cccc2c1CCCC2,True,True,True,True,True,True,True,True,True,True,True,True,True,True,True,True,True,True,True,True,True,True
C[C@@H](O)[C@@H](C)Nc1nc(Nc2ccc(S(=N)(=O)CCO)cc2)ncc1Br,True,True,True,True,True,True,True,True,True,True,True,True,True,True,True,True,True,True,True,True,True,True
C=C(C)c1ccc(C(=O)c2ccc(Nc3ncc(F)c(-c4cnc(C)n4C(C)C)n3)cc2)cc1,True,True,True,True,True,True,True,True,True,True,True,True,True,True,True,True,True,True,True,True,True,True
CN(CCN(C)c1ccccc1Cl)C(=O)Oc1ccccc1C(N)=O,True,True,True,True,True,True,True,True,True,True,True,True,True,True,True,True,True,True,True,True,True,True
CC(C)NC(=O)c1ccc2c(n1)CCN(C(=O)c1ccccc1)C2,True,True,True,True,True,True,True,True,True,True,True,True,True,True,True,True,True,True,True,True,True,True
NC(=O)c1ccc(N2CCN(c3ccccc3)CC2)cc1,True,True,True,True,True,True,True,True,True,True,True,True,True,True,True,True,True,True,True,True,True,True
CCCc1ccc(Nc2ccc(S(N)(=O)=O)cc2)cc1,True,True,True,True,True,True,True,True,True,True,True,True,True,True,True,True,True,True,True,True,True,True
N#CCC=c1cc(-c2ccc[nH]2)c2c(O)[nH]c3ccc(F)c1c32,True,True,True,True,True,True,True,True,True,True,True,True,True,True,True,True,True,True,True,True,True,True
COc1cc(N2CCN(C)CC2)ccc1Nc1ccccc1,True,True,True,True,True,True,True,True,True,True,True,True,True,True,True,True,True,True,True,True,True,True
CC(O)=CC(=O)c1ccc(Nc2ccc(Nc3ncc(F)c(-c4cnc(C)n4C(C)C)n3)cc2)cc1,True,True,True,True,True,True,True,True,True,True,True,True,True,True,True,True,True,True,True,True,True,True
CN1CCN(C(=O)N2CCC(Nc3ncc(Cl)c(-c4c[nH]c5ccccc45)n3)CC2)CC1,True,True,True,True,True,True,True,True,True,True,True,True,True,True,True,True,True,True,True,True,True,True
Cc1ncc(-c2ccnc(Nc3ccc(-c4ccc(Nc5ccc(C(N)=O)cc5)cc4)cc3)n2)n1C(C)C,True,True,True,True,True,True,True,True,True,True,True,True,True,True,True,True,True,True,True,True,True,True
O=C1NC(=O)C(c2coc3cc(CO)ccc23)=C1c1cccnc1,True,True,True,True,True,True,True,True,True,True,True,True,True,True,True,True,True,True,True,True,True,True
O=C(Cc1ccccc1)NCc1ccc(N2CC=CC2=O)cc1,True,True,True,True,True,True,True,True,True,True,True,True,True,True,True,True,True,True,True,True,True,True
CC(=O)NC(=O)c1ccc(Nc2ncc(F)c(-c3cnc(C)n3C(C)C)n2)cc1F,True,True,True,True,True,True,True,True,True,True,True,True,True,True,True,True,True,True,True,True,True,True
Cc1ccccc1C(=O)Nc1ccc(C(=O)N(C)C)cn1,True,True,True,True,True,True,True,True,True,True,True,True,True,True,True,True,True,True,True,True,True,True
CC(=O)N1CCC(c2ccc(CNc3ccccc3)cc2)CC1,True,True,True,True,True,True,True,True,True,True,True,True,True,True,True,True,True,True,True,True,True,True
C[C@H](CO)Nc1nc(Nc2ccc(S(N)(=O)=O)cc2)ncc1Br,True,True,True,True,True,True,True,True,True,True,True,True,True,True,True,True,True,True,True,True,True,True
C=NC(F)NC(=O)c1ccc(Nc2ncc(F)c(-c3cnc(C)n3C(C)C)n2)cc1F,True,True,True,True,True,True,True,True,True,True,True,True,True,True,True,True,True,True,True,True,True,True
CC(C)Cc1ccc(Nc2ccc(S(N)(=O)=O)cc2)cc1,True,True,True,True,True,True,True,True,True,True,True,True,True,True,True,True,True,True,True,True,True,True
O=C(Cc1ccccc1)NC(=O)Cc1cccc(Cl)c1F,True,True,True,True,True,True,True,True,True,True,True,True,True,True,True,True,True,True,True,True,True,True
O=C1CCCCN1c1ccc(Nc2ccccc2)cc1,True,True,True,True,True,True,True,True,True,True,True,True,True,True,True,True,True,True,True,True,True,True
COc1ccc(N(C)c2ccc(NC(C)=O)cc2)cc1,True,True,True,True,True,True,True,True,True,True,True,True,True,True,True,True,True,True,True,True,True,True
CCN(CC)C1CCN(c2ccc(Nc3ncc4cc5n(c4n3)C3(CCCCC3)CNC5=O)nc2)C1,True,True,True,True,True,True,True,True,True,True,True,True,True,True,True,True,True,True,True,True,True,True
O=C(Nc1ccccc1Cl)N1CCN(C(=O)c2cccnc2)CC1,True,True,True,True,True,True,True,True,True,True,True,True,True,True,True,True,True,True,True,True,True,True
CCCC(=O)Nc1ccc(C(=O)Nc2ccc(F)cc2OC)cc1,True,True,True,True,True,True,True,True,True,True,True,True,True,True,True,True,True,True,True,True,True,True
CC(C)Cc1ccc(-c2ccc(S(N)(=O)=O)cc2)cc1,True,True,True,True,True,True,True,True,True,True,True,True,True,True,True,True,True,True,True,True,True,True
CC(=O)Cc1ccc(-c2ccc(S(N)(=O)=O)cc2)cc1,True,True,True,True,True,True,True,True,True,True,True,True,True,True,True,True,True,True,True,True,True,True
NS(=O)(=O)c1ccc(N=Cc2c(=O)[nH]c3ccc4[nH]cccc4c23)cc1,True,True,True,True,True,True,True,True,True,True,True,True,True,True,True,True,True,True,True,True,True,True
O=C1Nc2ccc(F)c3c(S[C@H]4CCNC4)cc(-c4ccc[nH]4)c1c23,True,True,True,True,True,True,True,True,True,True,True,True,True,True,True,True,True,True,True,True,True,True
CC(C)c1cc(C(C)c2ccc(S(N)(=O)=O)cc2)ccn1,True,True,True,True,True,True,True,True,True,True,True,True,True,True,True,True,True,True,True,True,True,True
Cc1ncc(-c2nc(Nc3ccc(C=CCc4ccc(C(=O)C(C)C)cc4)c(F)c3)ncc2F)n1C(C)C,True,True,True,True,True,True,True,True,True,True,True,True,True,True,True,True,True,True,True,True,True,True
O=C(C1CCC1)N1CCc2nc(Nc3ccccc3)ccc2C1,True,True,True,True,True,True,True,True,True,True,True,True,True,True,True,True,True,True,True,True,True,True
Cc1ncc(-c2nc(Nc3ccc(C(CC[CH]C(C)C)C(O)C(=O)NON)cc3)ncc2F)n1C(C)C,False,True,True,True,True,True,False,True,True,True,True,True,True,True,True,True,True,True,True,True,True,True
CC(C)(C)n1nc(-c2cccc3ccccc23)c2c(N)ncnc21,True,True,True,True,True,True,True,True,True,True,True,True,True,True,True,True,True,True,True,True,True,True
O=c1[nH]cc(-c2ccc(N3CCOCC3)cc2)c2sc(-c3cn[nH]c3)cc12,True,True,True,True,True,True,True,True,True,True,True,True,True,True,True,True,True,True,True,True,True,True
CCN1CCN(c2cc3c(-c4ccc(C(=O)N5CCCC5)cc4OC)ccnc3[nH]2)CC1,True,True,True,True,True,True,True,True,True,True,True,True,True,True,True,True,True,True,True,True,True,True
CCNC(=O)Nc1cc(-c2cnc(C)n2C(C)C)c(F)cn1,True,True,True,True,True,True,True,True,True,True,True,True,True,True,True,True,True,True,True,True,True,True
CC(c1ccc(C(N)=O)cc1)c1ccc(S(N)(=O)=O)cc1,True,True,True,True,True,True,True,True,True,True,True,True,True,True,True,True,True,True,True,True,True,True
CC(C)c1ccc(C(=O)Nc2cccc(N3CCN(C)CC3)c2)cc1,True,True,True,True,True,True,True,True,True,True,True,True,True,True,True,True,True,True,True,True,True,True
CC(=O)c1ccc(Nc2ncc(F)c(-c3cnc(C)n3C(C)C)n2)cc1F,True,True,True,True,True,True,True,True,True,True,True,True,True,True,True,True,True,True,True,True,True,True
CN(C)c1ccc(C(=O)NC(=O)Cc2ccccc2)cc1,True,True,True,True,True,True,True,True,True,True,True,True,True,True,True,True,True,True,True,True,True,True
CNS(=O)(=O)c1ccc2[nH]c(O)c(C=c3[nH]cc4c3=CCOC4=O)c2c1,True,True,True,True,True,True,True,True,True,True,True,True,True,True,True,True,True,True,True,True,True,True
CC[C@@H](NC(=O)N1CCc2cnc(NC3CCOCC3)nc2C1)c1ccc(C#N)c(Cl)c1,True,True,True,True,True,True,True,True,True,True,True,True,True,True,True,True,True,True,True,True,True,True
O=C(c1ccccc1)N1CCCN(c2ccccc2)CC1,True,True,True,True,True,True,True,True,True,True,True,True,True,True,True,True,True,True,True,True,True,True
CC(C)Cc1nccc(-c2ccc(S(N)(=O)=O)cc2)n1,True,True,True,True,True,True,True,True,True,True,True,True,True,True,True,True,True,True,True,True,True,True
O=C(O)c1cc(C(F)(F)F)ccc1NNc1ccc(N2CCNCC2)cn1,True,True,True,True,True,True,True,True,True,True,True,True,True,True,True,True,True,True,True,True,True,True
CNC(=O)c1ccc(Nc2ncc(F)c(-c3cnc(C)n3C(C)C)n2)cc1F,True,True,True,True,True,True,True,True,True,True,True,True,True,True,True,True,True,True,True,True,True,True
Nc1cc(-c2c[nH]c3ccccc23)nn1-c1nc(Nc2ccc(Cl)cc2)nc(N2CCOCC2)n1,True,True,True,True,True,True,True,True,True,True,True,True,True,True,True,True,True,True,True,True,True,True
CC(=CC(C)C)N(C)C(=O)c1ccc(Nc2ncc(F)c(-c3cnc(C)n3C(C)C)n2)cc1F,True,True,True,True,True,True,True,True,True,True,True,True,True,True,True,True,True,True,True,True,True,True
O=C1CCN(C(=O)c2ccc(CNc3ccccc3)cc2)CC1,True,True,True,True,True,True,True,True,True,True,True,True,True,True,True,True,True,True,True,True,True,True
Cc1ncc(-c2nc(NC3CC3)ncc2F)n1C(C)C,True,True,True,True,True,True,True,True,True,True,True,True,True,True,True,True,True,True,True,True,True,True
Nc1c[nH]nc1C(=O)Nc1ccc(F)cc1,True,True,True,True,True,True,True,True,True,True,True,True,True,True,True,True,True,True,True,True,True,True
CS(=O)(=O)c1ccc(-c2ccc(S(C)(=O)=O)cc2)cc1,True,True,True,True,True,True,True,True,True,True,True,True,True,True,True,True,True,True,True,True,True,True
Cc1ncc(-c2nc(Nc3cccnc3)ncc2F)n1C(C)C,True,True,True,True,True,True,True,True,True,True,True,True,True,True,True,True,True,True,True,True,True,True
CN1CCN(c2ccc(NCc3ccccc3)cc2)CC1,True,True,True,True,True,True,True,True,True,True,True,True,True,True,True,True,True,True,True,True,True,True
CN=C(N)SCCCN1C(=O)C2=C(C1=O)n1ccc3cccc(c31)C1Cc3ccccc3N21,True,True,True,True,True,True,True,True,True,True,True,True,True,True,True,True,True,True,True,True,True,True
CCN(CC)CCNc1cc(-c2ccc[nH]2)c2c3c(ccc(F)c13)NC2=O,True,True,True,True,True,True,True,True,True,True,True,True,True,True,True,True,True,True,True,True,True,True
CCCNc1ncc(F)c(-c2cnc(C)n2C(C)C)n1,True,True,True,True,True,True,True,True,True,True,True,True,True,True,True,True,True,True,True,True,True,True
NS(=O)(=O)c1ccc(-c2ccc(N3C=CCC3)cc2)cc1,True,True,True,True,True,True,True,True,True,True,True,True,True,True,True,True,True,True,True,True,True,True
CN1CCN(c2cc(NCc3cccnc3)n3nccc3n2)CC1,True,True,True,True,True,True,True,True,True,True,True,True,True,True,True,True,True,True,True,True,True,True
O=C(Cc1ccccc1)Nc1ccc(N2CCCC2)cc1,True,True,True,True,True,True,True,True,True,True,True,True,True,True,True,True,True,True,True,True,True,True
CC(=O)Nc1ccc(CNc2nc(CS(C)(=O)=O)nc3c(C(C)C)cnn23)cc1,True,True,True,True,True,True,True,True,True,True,True,True,True,True,True,True,True,True,True,True,True,True
CC(C)=Cc1ccc(-c2ccc(Nc3ncc(F)c(-c4cnc(C)n4C(C)C)n3)cc2)cc1F,True,True,True,True,True,True,True,True,True,True,True,True,True,True,True,True,True,True,True,True,True,True
CC(C)c1ccc(C(=O)N2CCN(C(=O)NC(=O)Cc3ccccc3)CC2)cc1,True,True,True,True,True,True,True,True,True,True,True,True,True,True,True,True,True,True,True,True,True,True
CC(C)(C)c1cnc(CSc2cnc(N[C@H]3CC[C@H](O)CC3)s2)o1,True,True,True,True,True,True,True,True,True,True,True,True,True,True,True,True,True,True,True,True,True,True
NCCCn1nc(C(N)=O)c2c1-c1nc(Nc3ccccc3)ncc1CC2,True,True,True,True,True,True,True,True,True,True,True,True,True,True,True,True,True,True,True,True,True,True
CN(C)CC(=O)N1CCC(Nc2ncc(Cl)c(-c3c[nH]c4ccccc34)n2)CC1,True,True,True,True,True,True,True,True,True,True,True,True,True,True,True,True,True,True,True,True,True,True
CCC(=O)Nc1ccc(NC(=O)c2ccccc2)cc1,True,True,True,True,True,True,True,True,True,True,True,True,True,True,True,True,True,True,True,True,True,True
C=C(C)[C@@H](CBr)CCSC(=O)c1ccc(Nc2ncc(F)c(-c3cnc(C)n3C(C)C)n2)cc1,True,True,True,True,True,True,True,True,True,True,True,True,True,True,True,True,True,True,True,True,True,True
CC(C)S(=O)(=O)c1ccc(Cc2ccc(S(N)(=O)=O)cc2)cc1,True,True,True,True,True,True,True,True,True,True,True,True,True,True,True,True,True,True,True,True,True,True
CCCCc1ccc(Oc2ccc(S(N)(=O)=O)cc2)cc1,True,True,True,True,True,True,True,True,True,True,True,True,True,True,True,True,True,True,True,True,True,True
NS(=O)(=O)c1ccc(Cc2ccc(C(F)(F)F)cc2)cc1,True,True,True,True,True,True,True,True,True,True,True,True,True,True,True,True,True,True,True,True,True,True
O=C(Nc1ccccc1)c1ccc(C(=O)N2CCCCC2)cc1,True,True,True,True,True,True,True,True,True,True,True,True,True,True,True,True,True,True,True,True,True,True
COc1cc(N2CCCC2)ccc1Nc1ccccc1,True,True,True,True,True,True,True,True,True,True,True,True,True,True,True,True,True,True,True,True,True,True
COc1ccc(-c2ccc(C(=O)N3CCCC3)cc2)cc1O,True,True,True,True,True,True,True,True,True,True,True,True,True,True,True,True,True,True,True,True,True,True
COc1cccc(CC(=O)NC(=O)c2ccccc2)c1,True,True,True,True,True,True,True,True,True,True,True,True,True,True,True,True,True,True,True,True,True,True
CC(C)Nc1ccc(-c2ccc(S(N)(=O)=O)cc2)nc1,True,True,True,True,True,True,True,True,True,True,True,True,True,True,True,True,True,True,True,True,True,True
Cc1ncc(-c2nc(Nc3ccc(C(=O)N4CC[C@@H](N(C)C)C4)cc3)ncc2F)n1C(C)C,True,True,True,True,True,True,True,True,True,True,True,True,True,True,True,True,True,True,True,True,True,True
Cc1ncc(-c2nc(-c3nc(Nc4ccc([SH](O)(SO)C(N)=O)c(N)c4)ncc3F)ncc2F)n1C(C)C,False,True,True,True,True,True,False,True,True,True,True,True,True,True,True,True,True,True,True,True,True,True
NS(=O)(=O)c1ccc(N=Cc2c(O)[nH]c3ccc4ncsc4c23)cc1,True,True,True,True,True,True,True,True,True,True,True,True,True,True,True,True,True,True,True,True,True,True
CC(C)c1ccc(N2CCN(c3ccc(S(N)(=O)=O)cc3)CC2)cc1,True,True,True,True,True,True,True,True,True,True,True,True,True,True,True,True,True,True,True,True,True,True
C=C(C)CNC(=S)N(C)C(=O)N(C)C(=O)c1ccc(Nc2ncc(F)c(-c3cnc(C)n3C(C)C)n2)cc1,True,True,True,True,True,True,True,True,True,True,True,True,True,True,True,True,True,True,True,True,True,True
Cc1ncc(C(=O)NCc2cccc(F)c2)n1C(C)C,True,True,True,True,True,True,True,True,True,True,True,True,True,True,True,True,True,True,True,True,True,True
CCCCOc1c(C(=O)c2c(F)cc(C)cc2F)ccc2[nH]ncc12,True,True,True,True,True,True,True,True,True,True,True,True,True,True,True,True,True,True,True,True,True,True
CCC(=O)NCc1ccc(N2Cc3ccccc3C2=O)cc1,True,True,True,True,True,True,True,True,True,True,True,True,True,True,True,True,True,True,True,True,True,True
CC(C)(O)CSc1nc(Nc2ccc(S(C)(=N)=O)cc2)ncc1Br,True,True,True,True,True,True,True,True,True,True,True,True,True,True,True,True,True,True,True,True,True,True
O=C(O)c1ccc2[nH]c(O)c(C=c3[nH]cc4c3=CCNC4=O)c2c1,True,True,True,True,True,True,True,True,True,True,True,True,True,True,True,True,True,True,True,True,True,True
CC(=O)NC1CCC(N2CC=C(c3ccccc3)CC2)CC1,True,True,True,True,True,True,True,True,True,True,True,True,True,True,True,True,True,True,True,True,True,True
NS(=O)(=O)c1ccc(-c2cccc(C(F)(F)F)c2)cc1,True,True,True,True,True,True,True,True,True,True,True,True,True,True,True,True,True,True,True,True,True,True
CCCNC(=O)c1ccc(C(C)c2ccc(S(N)(=O)=O)cc2)cc1,True,True,True,True,True,True,True,True,True,True,True,True,True,True,True,True,True,True,True,True,True,True
CC1(C)CN(c2ccc(Nc3ncc4cc5n(c4n3)C3(CCCCC3)CNC5=O)nc2)CCN1,True,True,True,True,True,True,True,True,True,True,True,True,True,True,True,True,True,True,True,True,True,True
O=C(O)c1ccc(CN2CC=C(c3ccccc3)CC2)cc1,True,True,True,True,True,True,True,True,True,True,True,True,True,True,True,True,True,True,True,True,True,True
CC(=O)NC(=O)Nc1ncc(C(C)C)c(-c2cnc(C)n2C(C)C)n1,True,True,True,True,True,True,True,True,True,True,True,True,True,True,True,True,True,True,True,True,True,True
NS(=O)(=O)c1ccc(Nc2nccc(-c3cnc4ccccn34)n2)cc1,True,True,True,True,True,True,True,True,True,True,True,True,True,True,True,True,True,True,True,True,True,True
COc1cccc(NC(=O)c2ccc(N3CCN(C)CC3)cc2)c1,True,True,True,True,True,True,True,True,True,True,True,True,True,True,True,True,True,True,True,True,True,True
COc1ccc(Nc2cc(Nc3ccccc3N[C@@H](C)CO)ncn2)cc1,True,True,True,True,True,True,True,True,True,True,True,True,True,True,True,True,True,True,True,True,True,True
CC(=O)Nc1ccc(Cc2ccc(N3CCCC3)cc2)cc1,True,True,True,True,True,True,True,True,True,True,True,True,True,True,True,True,True,True,True,True,True,True
O=C(NN1CC=NCC1)c1ccc(-c2cccc3c2OCCC3)cc1,True,True,True,True,True,True,True,True,True,True,True,True,True,True,True,True,True,True,True,True,True,True
Cc1ncc(-c2nc(Nc3ccc(C(=O)Nc4ccc(C(=O)C(C)C)c(F)c4)c(F)c3)ncc2F)n1C(C)C,True,True,True,True,True,True,True,True,True,True,True,True,True,True,True,True,True,True,True,True,True,True
CC(=O)Nc1ccc(Cc2ccc(N3CCOCC3)cc2)cc1C,True,True,True,True,True,True,True,True,True,True,True,True,True,True,True,True,True,True,True,True,True,True
N[C@H]1CC[C@H](Nc2nc(Nc3ccccc3)c3ncn(C4CCCC4)c3n2)CC1,True,True,True,True,True,True,True,True,True,True,True,True,True,True,True,True,True,True,True,True,True,True
Nc1nc2ccc(C(=O)c3c(Cl)cccc3Cl)cn2c1C(=O)c1c(F)cccc1F,True,True,True,True,True,True,True,True,True,True,True,True,True,True,True,True,True,True,True,True,True,True
COc1ccc(NN2CCN(c3ccc(N4CCCC4)cc3)CC2)cc1,True,True,True,True,True,True,True,True,True,True,True,True,True,True,True,True,True,True,True,True,True,True
C=C(C)SC(=O)c1ccc(Nc2ncc(F)c(-c3cnc(C)n3C(C)C)n2)cc1,True,True,True,True,True,True,True,True,True,True,True,True,True,True,True,True,True,True,True,True,True,True
COc1ccccc1-c1nc(Nc2ccc(CN(C)C(=O)NCCO)c(C)n2)ncc1F,True,True,True,True,True,True,True,True,True,True,True,True,True,True,True,True,True,True,True,True,True,True
Cc1cccc(Nc2nccc(C(=O)Nc3ncc(C(C)C)s3)n2)c1,True,True,True,True,True,True,True,True,True,True,True,True,True,True,True,True,True,True,True,True,True,True
CCCc1ccc(Oc2ccc(S(N)(=O)=O)cc2)cc1,True,True,True,True,True,True,True,True,True,True,True,True,True,True,True,True,True,True,True,True,True,True
C=C(C)c1ccc(Nc2ccc(S(N)(=O)=O)cc2)cc1,True,True,True,True,True,True,True,True,True,True,True,True,True,True,True,True,True,True,True,True,True,True
COc1cc(Nc2ncc(Br)c(N[C@H](C)[C@@H](C)O)n2)ccc1S(C)(=N)=O,True,True,True,True,True,True,True,True,True,True,True,True,True,True,True,True,True,True,True,True,True,True
CC(C)N1CCN(Cc2ccc(N3CCC(O)CC3)cc2)CC1,True,True,True,True,True,True,True,True,True,True,True,True,True,True,True,True,True,True,True,True,True,True
Cc1ncc(-c2ccnc(Nc3ccc(C(N)=O)cc3)n2)n1C(C)C,True,True,True,True,True,True,True,True,True,True,True,True,True,True,True,True,True,True,True,True,True,True
CNC(=O)c1nn(C)c2c1C(C)(C)Cc1cnc(Nc3ccc(OC4CCN(C)CC4)cc3)nc1-2,True,True,True,True,True,True,True,True,True,True,True,True,True,True,True,True,True,True,True,True,True,True
CCC(C)c1ccc(C(C)c2ccc(S(N)(=O)=O)cc2)cc1,True,True,True,True,True,True,True,True,True,True,True,True,True,True,True,True,True,True,True,True,True,True
NC(=O)c1ccccc1CN1CCN(C(=O)c2ccccc2)CC1,True,True,True,True,True,True,True,True,True,True,True,True,True,True,True,True,True,True,True,True,True,True
C=C(C)S(=O)(=O)c1ccc(-c2ccc(/C=C3\SC(=O)NC3=O)o2)cc1C,True,True,True,True,True,True,True,True,True,True,True,True,True,True,True,True,True,True,True,True,True,True
COc1ccc(C=CNC(=O)N2CCc3cnc(Nc4ccnn4C)nc3C2)cn1,True,True,True,True,True,True,True,True,True,True,True,True,True,True,True,True,True,True,True,True,True,True
C=C(C)[C@H](CCSC(=O)c1ccc(Nc2ncc(F)c(-c3cnc(C)n3C(C)C)n2)cc1)CNC(C)C,True,True,True,True,True,True,True,True,True,True,True,True,True,True,True,True,True,True,True,True,True,True
COC[C@@H](Nc1nc(Nc2ccc(S(C)(=N)=O)cc2)ncc1Br)[C@@H](C)O,True,True,True,True,True,True,True,True,True,True,True,True,True,True,True,True,True,True,True,True,True,True
CN(CCO)Cc1ccc(Nc2cc(OC3CCCCC3)nc3ncnn23)nc1,True,True,True,True,True,True,True,True,True,True,True,True,True,True,True,True,True,True,True,True,True,True
CN1CCN(CCOc2cc(OC3CCOCC3)c3c(Nc4c(Cl)ccc5c4OCO5)ncnc3c2)CC1,True,True,True,True,True,True,True,True,True,True,True,True,True,True,True,True,True,True,True,True,True,True
Cc1nc2c(F)cc(-c3nc(Nc4ccc5c(n4)CCN(CCN(C)C(=N)N)C5)ncc3F)cc2n1C(C)C,True,True,True,True,True,True,True,True,True,True,True,True,True,True,True,True,True,True,True,True,True,True
CN=S(C)(=O)c1ccc(Nc2ncc(Br)c(N[C@H](C)[C@H](C)O)n2)cc1,True,True,True,True,True,True,True,True,True,True,True,True,True,True,True,True,True,True,True,True,True,True
C=C(C)NC(=O)C(=O)c1ccc(Nc2ncc(F)c(-c3cnc(C)n3C(C)C)n2)cc1F,True,True,True,True,True,True,True,True,True,True,True,True,True,True,True,True,True,True,True,True,True,True
Cc1ncc(C(=O)c2ccc(S(N)(=O)=O)cc2)n1C(C)C,True,True,True,True,True,True,True,True,True,True,True,True,True,True,True,True,True,True,True,True,True,True
CN(C)CC(O)COc1ccc(Nc2nccc(N(CCCC(F)(F)F)c3cc(Cl)ccc3Cl)n2)cc1,True,True,True,True,True,True,True,True,True,True,True,True,True,True,True,True,True,True,True,True,True,True
CC(C)c1c2cc(-c3nc(Nc4ccc(N5CCNCC5)cn4)ncc3F)ccc2nn1C,True,True,True,True,True,True,True,True,True,True,True,True,True,True,True,True,True,True,True,True,True,True
COC[C@H](Nc1nc(N2CCN(C)CNC2)ncc1Br)[C@H](C)O,True,True,True,True,True,True,True,True,True,True,True,True,True,True,True,True,True,True,True,True,True,True
CC(=CNC(=O)C(=O)c1ccc(Nc2ncc(F)c(-c3cnc(C)n3C(C)C)n2)cc1F)NS,True,True,True,True,True,True,True,True,True,True,True,True,True,True,True,True,True,True,True,True,True,True
Nc1c(S(=O)(=O)O)cc(Nc2ccc(Cl)cc2)c2c1C(=O)c1ccccc1C2=O,True,True,True,True,True,True,True,True,True,True,True,True,True,True,True,True,True,True,True,True,True,True
COc1cccc(-c2cccc(N3CCNCC3)c2)c1,True,True,True,True,True,True,True,True,True,True,True,True,True,True,True,True,True,True,True,True,True,True
CC(C)c1c2cc(-c3ccnc(Nc4ccc5c(N6CCN(C)CC6)ncnc5c4)n3)ccc2nn1C,True,True,True,True,True,True,True,True,True,True,True,True,True,True,True,True,True,True,True,True,True,True
C=C(C)SC(=O)C(O)CSC(=O)c1ccc(Nc2ncc(F)c(-c3cnc(C)n3C(C)C)n2)cc1,True,True,True,True,True,True,True,True,True,True,True,True,True,True,True,True,True,True,True,True,True,True
CC(C)Cc1ccc(C(C)c2ccc(S(N)(=O)=O)cc2)cc1,True,True,True,True,True,True,True,True,True,True,True,True,True,True,True,True,True,True,True,True,True,True
O=C(CCc1ccccc1)NC(=O)N1CC=C(c2ccccc2)CC1,True,True,True,True,True,True,True,True,True,True,True,True,True,True,True,True,True,True,True,True,True,True
Cc1cc(-c2ccc(S(N)(=O)=O)cc2)ccc1C(C)(C)C,True,True,True,True,True,True,True,True,True,True,True,True,True,True,True,True,True,True,True,True,True,True
CCc1ccc(Nc2nccc(-c3ccc(S(N)(=O)=O)cc3)n2)cc1,True,True,True,True,True,True,True,True,True,True,True,True,True,True,True,True,True,True,True,True,True,True
O=C1NCC2(CCCCC2)n2c1cc1cnc(Nc3ccc(N4CCC(N5CCOCC5)CC4)cn3)nc12,True,True,True,True,True,True,True,True,True,True,True,True,True,True,True,True,True,True,True,True,True,True
Cc1ncc(-c2nc(Nc3ccc(C(NC(C)C)C(=O)C(=O)C(C)C)cc3)ncc2F)n1C(C)C,True,True,True,True,True,True,True,True,True,True,True,True,True,True,True,True,True,True,True,True,True,True
CN(C)CC(O)COc1ccc(Nc2nccc(Nc3ccc(C#N)cc3)n2)cc1,True,True,True,True,True,True,True,True,True,True,True,True,True,True,True,True,True,True,True,True,True,True
CC(=O)CC(C)c1ccc(-c2ccc(S(N)(=O)=O)cc2)cc1,True,True,True,True,True,True,True,True,True,True,True,True,True,True,True,True,True,True,True,True,True,True
CC(=O)N1CC=C(NC(=O)c2ccc(N3CCCCC3=O)cc2)CC1,True,True,True,True,True,True,True,True,True,True,True,True,True,True,True,True,True,True,True,True,True,True
C=C(C(=O)Nc1ncc(F)c(-c2cnc(C)n2C(C)C)n1)C(C)C,True,True,True,True,True,True,True,True,True,True,True,True,True,True,True,True,True,True,True,True,True,True
c1ncc(-c2cc3cnc(Nc4ccc(CN5CCNCC5)cn4)nc3n2C2CCCC2)o1,True,True,True,True,True,True,True,True,True,True,True,True,True,True,True,True,True,True,True,True,True,True
C=C(C)Nc1ncc(F)c(-c2cnc(C)n2C(C)C)n1,True,True,True,True,True,True,True,True,True,True,True,True,True,True,True,True,True,True,True,True,True,True
O=C(Nc1ccc(N2CCCC2)cc1)c1ccccc1,True,True,True,True,True,True,True,True,True,True,True,True,True,True,True,True,True,True,True,True,True,True
O=C(Nc1ccccc1)c1nc(Nc2ccc3c(n2)CCNC3)ncc1F,True,True,True,True,True,True,True,True,True,True,True,True,True,True,True,True,True,True,True,True,True,True
CC(=O)NCCC(C)Nc1ncc(F)c(-c2cnc(C)n2C(C)C)n1,True,True,True,True,True,True,True,True,True,True,True,True,True,True,True,True,True,True,True,True,True,True
O=C(NCc1cccc2c1OCCC2)Nc1ccc(N2CCCC2=O)cc1,True,True,True,True,True,True,True,True,True,True,True,True,True,True,True,True,True,True,True,True,True,True
CCN(CC)CCNC(=O)c1cccc(Nc2nccc(-c3cnn4ncccc34)n2)c1,True,True,True,True,True,True,True,True,True,True,True,True,True,True,True,True,True,True,True,True,True,True
Cc1ncc(-c2nc(NN3C=COCC3)ncc2F)n1C(C)C,True,True,True,True,True,True,True,True,True,True,True,True,True,True,True,True,True,True,True,True,True,True
CN1CCN(c2cccc(Nc3ccccc3)c2)CC1,True,True,True,True,True,True,True,True,True,True,True,True,True,True,True,True,True,True,True,True,True,True
NC(=O)N1CCN(C(=O)Oc2ccc(Oc3ccccc3)cc2)CC1,True,True,True,True,True,True,True,True,True,True,True,True,True,True,True,True,True,True,True,True,True,True
COc1ccc(-c2cc(N3CCN(C)CC3)ccc2O)cc1,True,True,True,True,True,True,True,True,True,True,True,True,True,True,True,True,True,True,True,True,True,True
CC(C)c1cnc(NC(=O)NC(=O)Cc2ccccc2)s1,True,True,True,True,True,True,True,True,True,True,True,True,True,True,True,True,True,True,True,True,True,True
CNC(=O)c1ccc(Nc2nccc(-c3cnc(C)n3C(C)C)n2)cc1,True,True,True,True,True,True,True,True,True,True,True,True,True,True,True,True,True,True,True,True,True,True
Cc1ncc(Nc2ccc(S(N)(=O)=O)cc2)n1C(C)C,True,True,True,True,True,True,True,True,True,True,True,True,True,True,True,True,True,True,True,True,True,True
OCc1ccc(-c2ccc(N3CCOCC3)cc2Cl)cc1,True,True,True,True,True,True,True,True,True,True,True,True,True,True,True,True,True,True,True,True,True,True
CC(=Cc1ccc(Nc2ncc(F)c(-c3cnc(C)n3C(C)C)n2)cc1F)C(=O)C(O)=C=O,True,True,True,True,True,True,True,True,True,True,True,True,True,True,True,True,True,True,True,True,True,True
COc1ccc(Nc2nccc(-c3cnc(C)n3C(C)C)n2)cc1,True,True,True,True,True,True,True,True,True,True,True,True,True,True,True,True,True,True,True,True,True,True
Cc1ncc(-c2ccnc(Nc3ccc(Cc4ccc(C(=O)C(C)C)cc4)cc3)n2)n1C(C)C,True,True,True,True,True,True,True,True,True,True,True,True,True,True,True,True,True,True,True,True,True,True
CC(C)(C)c1cnc(Sc2c(O)[nH]c3ccc(C(=O)O)cc23)o1,True,True,True,True,True,True,True,True,True,True,True,True,True,True,True,True,True,True,True,True,True,True
COc1ccccc1C(=O)Nc1cccc(N2CCN(C)CC2)c1,True,True,True,True,True,True,True,True,True,True,True,True,True,True,True,True,True,True,True,True,True,True
CC(C)C(=O)c1ccc(-c2ccc(S(N)(=O)=O)cc2)cc1,True,True,True,True,True,True,True,True,True,True,True,True,True,True,True,True,True,True,True,True,True,True
Cc1ncc(-c2cccc(NC(=O)C(C)C)c2)n1C(C)C,True,True,True,True,True,True,True,True,True,True,True,True,True,True,True,True,True,True,True,True,True,True
O=C1NC(=O)C(c2cnc3ccccn23)=C1c1cn2c3c(cccc13)CN(C(=O)N1CCOCC1)CC2,True,True,True,True,True,True,True,True,True,True,True,True,True,True,True,True,True,True,True,True,True,True
C=C(C)c1ccc(C(C)c2ccc(S(N)(=O)=O)cc2)cc1,True,True,True,True,True,True,True,True,True,True,True,True,True,True,True,True,True,True,True,True,True,True
CCC(C(=O)C(=O)c1cnc(C)n1C(C)C)c1ccc(Nc2ncc(F)c(-c3cnc(C)n3C(C)C)n2)cc1,True,True,True,True,True,True,True,True,True,True,True,True,True,True,True,True,True,True,True,True,True,True
CCN1CCN(C(=O)Nc2cccc(-c3ccccc3)n2)CC1,True,True,True,True,True,True,True,True,True,True,True,True,True,True,True,True,True,True,True,True,True,True
C[C@@H](Nc1nc(Nc2ccc(S(=N)(=O)CC3CC3)cc2)ncc1Br)C(C)(C)O,True,True,True,True,True,True,True,True,True,True,True,True,True,True,True,True,True,True,True,True,True,True
CCCN(C)[C@H]1CCN(C(=O)c2ccc(Nc3nccc(-c4cnc(C)n4C(C)C)n3)cc2)C1,True,True,True,True,True,True,True,True,True,True,True,True,True,True,True,True,True,True,True,True,True,True
NS(=O)(=O)c1ccc(-c2ccc(Nc3nccc(-c4cnc5ccccn45)n3)cc2)cc1,True,True,True,True,True,True,True,True,True,True,True,True,True,True,True,True,True,True,True,True,True,True
CCC(=O)Nc1ncc(F)c(-c2cnc(C)n2C(C)C)n1,True,True,True,True,True,True,True,True,True,True,True,True,True,True,True,True,True,True,True,True,True,True
Cc1ncc(-c2nc(NC(C)(C)O)ncc2F)n1C(C)C,True,True,True,True,True,True,True,True,True,True,True,True,True,True,True,True,True,True,True,True,True,True
CC(NC(=O)c1ccc(N2CCN(C)CC2)cc1)C(=O)NSc1cc(C2CC2)[nH]n1,True,True,True,True,True,True,True,True,True,True,True,True,True,True,True,True,True,True,True,True,True,True
Cc1ncc(-c2nc(Nc3ccc(C#N)cc3)ncc2F)n1C(C)C,True,True,True,True,True,True,True,True,True,True,True,True,True,True,True,True,True,True,True,True,True,True
O=C(NC1=CCN(C(=O)c2ccccc2)CC1)c1ccc(N2CCCC2=O)cc1,True,True,True,True,True,True,True,True,True,True,True,True,True,True,True,True,True,True,True,True,True,True
CCNC(=O)N1CCC(c2ncc3c(n2)-c2c(c(C(=O)NC)nn2C)C(C)(C)C3)CC1,True,True,True,True,True,True,True,True,True,True,True,True,True,True,True,True,True,True,True,True,True,True
C=C(C)[C@@H](C)[C@@H](C)[SH](C)C(=O)C(=O)c1ccc(Nc2ncc(F)c(-c3cnc(C)n3C(C)C)n2)cc1F,True,True,True,True,True,True,True,True,True,True,True,True,True,True,True,True,True,True,True,True,True,True
CC(C)c1ccc(Oc2ccc(S(N)(=O)=O)cc2)cc1,True,True,True,True,True,True,True,True,True,True,True,True,True,True,True,True,True,True,True,True,True,True
CC(=O)NS(=O)(=O)c1ccc(-c2ccccc2)c(C)c1,True,True,True,True,True,True,True,True,True,True,True,True,True,True,True,True,True,True,True,True,True,True
CC(C)C(=O)c1ccc(Nc2ccc(S(N)(=O)=O)cc2)cc1,True,True,True,True,True,True,True,True,True,True,True,True,True,True,True,True,True,True,True,True,True,True
C[C@H](O)[C@@H](C)Nc1nc(Nc2ccc(S(=N)(=O)CCO)cc2)ncc1Br,True,True,True,True,True,True,True,True,True,True,True,True,True,True,True,True,True,True,True,True,True,True
CC(C)c1c2cc(-c3ccnc(N[C@H]4CC[C@H](NCCN(C)C)CC4)n3)ccc2nn1C,True,True,True,True,True,True,True,True,True,True,True,True,True,True,True,True,True,True,True,True,True,True
CC(C)(O)Cn1cc(-c2nc(NC3CCN(S(=O)(=O)C4CC4)CC3)ncc2C(F)(F)F)cn1,True,True,True,True,True,True,True,True,True,True,True,True,True,True,True,True,True,True,True,True,True,True
Cc1nc2ccccn2c1-c1ccnc(N)n1,True,True,True,True,True,True,True,True,True,True,True,True,True,True,True,True,True,True,True,True,True,True
Cc1ncc(-c2ccnc(Nc3ccccc3)n2)n1C(C)C,True,True,True,True,True,True,True,True,True,True,True,True,True,True,True,True,True,True,True,True,True,True
CC(=Nc1ccc(S(N)(=O)=O)cc1)c1c(O)[nH]c2ccc(-c3cnco3)cc12,True,True,True,True,True,True,True,True,True,True,True,True,True,True,True,True,True,True,True,True,True,True
Cc1cc(-c2ccc(S(N)(=O)=O)cc2)ccc1N1CCCC1,True,True,True,True,True,True,True,True,True,True,True,True,True,True,True,True,True,True,True,True,True,True
Cc1cc(N(C)C)ccc1NC(=O)c1ccccc1C,True,True,True,True,True,True,True,True,True,True,True,True,True,True,True,True,True,True,True,True,True,True
O=C(Nc1ccccc1)c1ccc(CN2CCCCC2)cc1,True,True,True,True,True,True,True,True,True,True,True,True,True,True,True,True,True,True,True,True,True,True
Cc1nc2c(F)cc(-c3nc(Nc4ccc5c(n4)CCN(C(=O)O)C5)ncc3F)cc2n1C(C)C,True,True,True,True,True,True,True,True,True,True,True,True,True,True,True,True,True,True,True,True,True,True
O=C(c1nc(OC2CCCC2)c2[nH]cnc2n1)N1CCCC1,True,True,True,True,True,True,True,True,True,True,True,True,True,True,True,True,True,True,True,True,True,True
Cc1ncc(-c2ccnc(Nc3ccc(C(=O)O)cc3)n2)n1C(C)C,True,True,True,True,True,True,True,True,True,True,True,True,True,True,True,True,True,True,True,True,True,True
CN1CCN(c2cc3cnc(Nc4ccc(C(=O)N(C)C)cc4Cl)cc3n2C(=O)OC(C)(C)C)CC1,True,True,True,True,True,True,True,True,True,True,True,True,True,True,True,True,True,True,True,True,True,True
Cc1ncc(-c2nc(NC(=O)C(=O)C(C)C)ncc2F)n1C(C)C,True,True,True,True,True,True,True,True,True,True,True,True,True,True,True,True,True,True,True,True,True,True
Cc1c(C(=O)NCCc2ccc(F)cc2)[nH]c2cc(F)ccc12,True,True,True,True,True,True,True,True,True,True,True,True,True,True,True,True,True,True,True,True,True,True
CC(O)C(C)Sc1nc(Nc2ccc(S(C)(=N)=O)cc2)ncc1Br,True,True,True,True,True,True,True,True,True,True,True,True,True,True,True,True,True,True,True,True,True,True
CC(=O)Nc1ccc(NC(=O)c2ccc(C(C)C)cc2)cc1,True,True,True,True,True,True,True,True,True,True,True,True,True,True,True,True,True,True,True,True,True,True
O=C(O)c1cc(Br)ccc1NCCc1c[nH]c2ccccc12,True,True,True,True,True,True,True,True,True,True,True,True,True,True,True,True,True,True,True,True,True,True
COCCOCCOCCOCCNS(=O)(=O)c1ccc(N=Cc2c(O)[nH]c3ccc4ncsc4c23)cc1,True,True,True,True,True,True,True,True,True,True,True,True,True,True,True,True,True,True,True,True,True,True
CCN1CCN(C(=O)Nc2ccc(-c3cccc(C)c3)cc2)CC1,True,True,True,True,True,True,True,True,True,True,True,True,True,True,True,True,True,True,True,True,True,True
CC(C)NCc1cccc(-c2ccc(S(N)(=O)=O)cc2)c1,True,True,True,True,True,True,True,True,True,True,True,True,True,True,True,True,True,True,True,True,True,True
O=C(NCc1cccc2c1OCCC2)c1ccc(N2CCCCC2=O)cc1,True,True,True,True,True,True,True,True,True,True,True,True,True,True,True,True,True,True,True,True,True,True
COC(C)(C)n1nc(NCc2ccc(N3CCN(C)CC3)cc2)c2c(N)ncnc21,True,True,True,True,True,True,True,True,True,True,True,True,True,True,True,True,True,True,True,True,True,True
CNS(=O)(=O)Cc1ccc(N=Cc2c(O)[nH]c3ccc4ncsc4c23)cc1,True,True,True,True,True,True,True,True,True,True,True,True,True,True,True,True,True,True,True,True,True,True
CC(C)Cc1nc(Nc2ccc(S(N)(=O)=O)cc2)ncc1F,True,True,True,True,True,True,True,True,True,True,True,True,True,True,True,True,True,True,True,True,True,True
COc1ccc(N2CCC(O)CC2)c(-c2ccccc2)c1,True,True,True,True,True,True,True,True,True,True,True,True,True,True,True,True,True,True,True,True,True,True
Nc1c(S(=O)(=O)O)cc(Nc2ccccc2)c2c1C(=O)c1ccccc1C2=O,True,True,True,True,True,True,True,True,True,True,True,True,True,True,True,True,True,True,True,True,True,True
CC(C)c1ccc(Nc2nccc(-c3ccc(S(N)(=O)=O)cc3)n2)cc1,True,True,True,True,True,True,True,True,True,True,True,True,True,True,True,True,True,True,True,True,True,True
CNc1ncc(CCNC(=O)c2ccc(Nc3ncc(F)c(-c4cnc(C)n4C(C)C)n3)cc2F)n1[C@@H](C)O,True,True,True,True,True,True,True,True,True,True,True,True,True,True,True,True,True,True,True,True,True,True
CS(=O)(=O)c1ccc(-c2ccc(S(N)(=O)=O)cc2)cc1,True,True,True,True,True,True,True,True,True,True,True,True,True,True,True,True,True,True,True,True,True,True
CC(C)C=Cc1ccc(-c2ccc(S(N)(=O)=O)cc2)nc1,True,True,True,True,True,True,True,True,True,True,True,True,True,True,True,True,True,True,True,True,True,True
O=C1C=CCN1c1ccc(NCc2ccccc2)cc1,True,True,True,True,True,True,True,True,True,True,True,True,True,True,True,True,True,True,True,True,True,True
CC(=O)C(F)(F)CNC(=O)c1ccc(Nc2ncc(F)c(-c3cnc(C)n3C(C)C)n2)cc1F,True,True,True,True,True,True,True,True,True,True,True,True,True,True,True,True,True,True,True,True,True,True
CCC(CC)Nc1ncc(F)c(-c2cnc(C)n2C(C)C)n1,True,True,True,True,True,True,True,True,True,True,True,True,True,True,True,True,True,True,True,True,True,True
C=C(c1ccc(-c2ccc(S(N)(=O)=O)cc2)cc1)C(C)C,True,True,True,True,True,True,True,True,True,True,True,True,True,True,True,True,True,True,True,True,True,True
COc1cc[nH]c1C=C1C(=O)Nc2ccc(F)c(C#C[C@@H](O)[C@@H](N)[C@@H](C)O)c21,True,True,True,True,True,True,True,True,True,True,True,True,True,True,True,True,True,True,True,True,True,True
CN(C)C/C=C/C(=O)Nc1ccc(C(=O)Nc2ncc(SCc3ncc(C(C)(C)C)o3)s2)cc1,True,True,True,True,True,True,True,True,True,True,True,True,True,True,True,True,True,True,True,True,True,True
Cc1ncc(CCNC(=O)c2c(F)cccc2F)n1C(C)C,True,True,True,True,True,True,True,True,True,True,True,True,True,True,True,True,True,True,True,True,True,True
CN(C)CC(O)COc1ccc(Nc2cc(Nc3cc(C(F)(F)F)ccc3F)ncn2)cc1,True,True,True,True,True,True,True,True,True,True,True,True,True,True,True,True,True,True,True,True,True,True
O=C(c1ccc(NNC2CCOCC2)nc1)N1CCN(CSC2CC2)CC1,True,True,True,True,True,True,True,True,True,True,True,True,True,True,True,True,True,True,True,True,True,True
O=C(c1ccccc1)N1CCCc2nc(NN3CC=NCC3)ccc2C1,True,True,True,True,True,True,True,True,True,True,True,True,True,True,True,True,True,True,True,True,True,True
CC(C)COc1nc(N2CCN(C(C)C)CC2)nc2nc[nH]c12,True,True,True,True,True,True,True,True,True,True,True,True,True,True,True,True,True,True,True,True,True,True
CC(=O)Nc1ccc(-c2ccc(N3CCN(C)CC3)cc2)cc1,True,True,True,True,True,True,True,True,True,True,True,True,True,True,True,True,True,True,True,True,True,True
CN(c1ccc(Nc2cccc3c2OCCC3)cc1)N1CC=CC1=O,True,True,True,True,True,True,True,True,True,True,True,True,True,True,True,True,True,True,True,True,True,True
Cc1[nH]nc2ccc(-c3cncc(NC(CO)c4ccccc4)n3)cc12,True,True,True,True,True,True,True,True,True,True,True,True,True,True,True,True,True,True,True,True,True,True
CC(C)NC(=O)c1ccc(-c2ccc(S(N)(=O)=O)cc2)nc1,True,True,True,True,True,True,True,True,True,True,True,True,True,True,True,True,True,True,True,True,True,True
CN(CCN(C)C(=O)[C@H]1CC[C@H](N)CC1)c1ccccc1Cl,True,True,True,True,True,True,True,True,True,True,True,True,True,True,True,True,True,True,True,True,True,True
NC(=O)c1nn(CCC(=O)O)c2c1CCc1cnc(Nc3ccccc3)nc1-2,True,True,True,True,True,True,True,True,True,True,True,True,True,True,True,True,True,True,True,True,True,True
CC(C)OC(C)c1ccc(-c2ccc(S(N)(=O)=O)cc2)cc1,True,True,True,True,True,True,True,True,True,True,True,True,True,True,True,True,True,True,True,True,True,True
O=C(Nc1cn[nH]c1C(=O)N1CCCC1)c1c(F)cccc1F,True,True,True,True,True,True,True,True,True,True,True,True,True,True,True,True,True,True,True,True,True,True
CCCCc1ccc(-c2ccc(S(N)(=O)=O)cc2)cc1,True,True,True,True,True,True,True,True,True,True,True,True,True,True,True,True,True,True,True,True,True,True
COCCOCCOCCOCCN(C)S(=O)(=O)c1ccc(N=Cc2c(O)[nH]c3ccc4ncsc4c23)cc1,True,True,True,True,True,True,True,True,True,True,True,True,True,True,True,True,True,True,True,True,True,True
CCC1=S(Br)C=NC(Nc2ccc(Nc3ncc(F)c(-c4cnc(C)n4C(C)C)n3)cc2)=N1,True,True,True,True,True,True,True,True,True,True,True,True,True,True,True,True,True,True,True,True,True,True
NS(=O)(=O)Cc1ccc(N=Cc2c(O)[nH]c3ccc4ncsc4c23)cc1,True,True,True,True,True,True,True,True,True,True,True,True,True,True,True,True,True,True,True,True,True,True
CN(C)C(=O)Nc1ccc(NC(=O)c2cccnc2)cc1,True,True,True,True,True,True,True,True,True,True,True,True,True,True,True,True,True,True,True,True,True,True
CCC(C)Cc1ccc(-c2ccc(S(N)(=O)=O)cc2)cc1,True,True,True,True,True,True,True,True,True,True,True,True,True,True,True,True,True,True,True,True,True,True
O=C(c1ccc(NCc2ccccc2F)cc1)N1CCCC1,True,True,True,True,True,True,True,True,True,True,True,True,True,True,True,True,True,True,True,True,True,True
Cc1ccc(C(=O)N2CCN(Cc3ccc(C(N)=O)cc3)CC2)cn1,True,True,True,True,True,True,True,True,True,True,True,True,True,True,True,True,True,True,True,True,True,True
CC(=O)N1CCC(Nc2ccc(-c3cnc(C)n3C(C)C)cc2F)CC1,True,True,True,True,True,True,True,True,True,True,True,True,True,True,True,True,True,True,True,True,True,True
CC=C(Nc1ncc(F)c(-c2cnc(C)n2C(C)C)n1)C(C)C,True,True,True,True,True,True,True,True,True,True,True,True,True,True,True,True,True,True,True,True,True,True
CN1CCN(c2cccc(S(=O)(=O)Nc3ccccc3)c2)CC1,True,True,True,True,True,True,True,True,True,True,True,True,True,True,True,True,True,True,True,True,True,True
CC(C)c1cnc(CN2CNc3ccccc3C2=O)s1,True,True,True,True,True,True,True,True,True,True,True,True,True,True,True,True,True,True,True,True,True,True
Cc1ncc(-c2cnc(NC(=O)N(C)C)s2)n1C(C)C,True,True,True,True,True,True,True,True,True,True,True,True,True,True,True,True,True,True,True,True,True,True
COc1cc(-c2ccc3c(-c4nc5c(N6CCN(C)CC6)cccc5[nH]4)[nH]nc3c2)ccc1O,True,True,True,True,True,True,True,True,True,True,True,True,True,True,True,True,True,True,True,True,True,True
O=C(NCCc1ccc(F)cc1)c1ccc(CN2CCCCS2)cc1,True,True,True,True,True,True,True,True,True,True,True,True,True,True,True,True,True,True,True,True,True,True
CCCS(=O)(=O)c1ccc(Nc2nccc(-c3cnc(C)n3C(C)C)n2)cc1,True,True,True,True,True,True,True,True,True,True,True,True,True,True,True,True,True,True,True,True,True,True
C=C(C)NCNC(=O)c1ccc(Nc2ncc(F)c(-c3cnc(C)n3C(C)C)n2)cc1F,True,True,True,True,True,True,True,True,True,True,True,True,True,True,True,True,True,True,True,True,True,True
Cc1c(Nc2ncc(Cl)c(-c3cnc4ccccn34)n2)cnn1C1CCNCC1,True,True,True,True,True,True,True,True,True,True,True,True,True,True,True,True,True,True,True,True,True,True
CC(C)Cc1ccc(-c2ccc(S(N)(=O)=O)cn2)cc1,True,True,True,True,True,True,True,True,True,True,True,True,True,True,True,True,True,True,True,True,True,True
CNS(=O)(=O)c1ccc(-c2cccc3c2OCCC3)cc1,True,True,True,True,True,True,True,True,True,True,True,True,True,True,True,True,True,True,True,True,True,True
CC(C)c1cnc(NN2CCN(C(=O)c3ccccc3)CC2)s1,True,True,True,True,True,True,True,True,True,True,True,True,True,True,True,True,True,True,True,True,True,True
CC(C)c1ccc(Nc2ccc(N3CCCC3=O)cc2)cc1,True,True,True,True,True,True,True,True,True,True,True,True,True,True,True,True,True,True,True,True,True,True
CC(=O)Nc1cccc(CNc2nc(OC3CCN(C)CC3)nc3c(C(C)C)cnn23)c1,True,True,True,True,True,True,True,True,True,True,True,True,True,True,True,True,True,True,True,True,True,True
Cc1ccc(C(=O)N2CCN(NCc3ccccc3)CC2)cn1,True,True,True,True,True,True,True,True,True,True,True,True,True,True,True,True,True,True,True,True,True,True
C=C(C)SC(=O)C(=O)c1ccc(Nc2ncc(F)c(-c3cnc(C)n3C(C)C)n2)cc1,True,True,True,True,True,True,True,True,True,True,True,True,True,True,True,True,True,True,True,True,True,True
Cc1nc2c(F)cc(-c3nc(Nc4ccc5c(n4)CCN[C@H]5C)ncc3F)cc2n1C(C)(C)C,True,True,True,True,True,True,True,True,True,True,True,True,True,True,True,True,True,True,True,True,True,True
CC(C)COc1cc(Nc2ccc(S(=O)(=O)N(C)C)cc2)n2ncc(N3CCN(C)CC3)c2n1,True,True,True,True,True,True,True,True,True,True,True,True,True,True,True,True,True,True,True,True,True,True
CC(C)c1ccc(Cc2ccc(S(N)(=O)=O)cc2)cc1,True,True,True,True,True,True,True,True,True,True,True,True,True,True,True,True,True,True,True,True,True,True
CN(C)S(=O)(=O)c1ccc(Nc2cc3[nH]c(-c4cn[nH]c4)cc3cn2)cc1,True,True,True,True,True,True,True,True,True,True,True,True,True,True,True,True,True,True,True,True,True,True
COc1ccc2[nH]c(O)c(C=c3[nH]cc4c3=CCOC4=O)c2c1,True,True,True,True,True,True,True,True,True,True,True,True,True,True,True,True,True,True,True,True,True,True
CC(C)c1ncc(F)c(-c2ccc(S(N)(=O)=O)cc2)n1,True,True,True,True,True,True,True,True,True,True,True,True,True,True,True,True,True,True,True,True,True,True
O=C(O)N1CCN(C(=O)c2ccc(Oc3ccccc3)cc2)CC1,True,True,True,True,True,True,True,True,True,True,True,True,True,True,True,True,True,True,True,True,True,True
Cc1ncc(-c2nc(Nc3ccc(C(=O)NSF)c(F)c3)ncc2F)n1C(C)C,True,True,True,True,True,True,True,True,True,True,True,True,True,True,True,True,True,True,True,True,True,True
Cc1nc2c(F)cc(-c3nc(Nc4ccc5c(n4)CCN(CC(N)=NO)C5)ncc3F)cc2n1C(C)C,True,True,True,True,True,True,True,True,True,True,True,True,True,True,True,True,True,True,True,True,True,True
CN1CCN(c2ccc(NC(=O)c3cccc(F)c3)cc2)CC1,True,True,True,True,True,True,True,True,True,True,True,True,True,True,True,True,True,True,True,True,True,True
O=C(Nc1[nH]nc2nc(-c3ccc(O)cc3)c(Br)cc12)C1CC1,True,True,True,True,True,True,True,True,True,True,True,True,True,True,True,True,True,True,True,True,True,True
Cc1ccc(NC(=S)NC(=O)c2cn(-c3ccccc3)nc2-c2ccc(C)cc2)cc1,True,True,True,True,True,True,True,True,True,True,True,True,True,True,True,True,True,True,True,True,True,True
Cc1ncc(-c2nc(Nc3ccc(C(=O)C(C)C)c(O)c3)ncc2F)n1C(C)C,True,True,True,True,True,True,True,True,True,True,True,True,True,True,True,True,True,True,True,True,True,True
COCCCNS(=O)(=O)c1ccc(Nc2nccc(-c3cnc4ccccn34)n2)cc1,True,True,True,True,True,True,True,True,True,True,True,True,True,True,True,True,True,True,True,True,True,True
NS(=O)(=O)c1ccc(-c2ccc(S(N)(=O)=O)cc2)cc1,True,True,True,True,True,True,True,True,True,True,True,True,True,True,True,True,True,True,True,True,True,True
C=C(C)C(=O)C(=O)c1ccc(C(=O)c2ccc(Nc3ncc(F)c(-c4cnc(C)n4C(C)C)n3)cc2)cn1,True,True,True,True,True,True,True,True,True,True,True,True,True,True,True,True,True,True,True,True,True,True
CC(=O)Nc1ccc(-c2ccc(N3CCCC3)cc2)cc1,True,True,True,True,True,True,True,True,True,True,True,True,True,True,True,True,True,True,True,True,True,True
Cc1ncc(-c2nc(NC(=O)N(C)C)ncc2F)n1C(C)C,True,True,True,True,True,True,True,True,True,True,True,True,True,True,True,True,True,True,True,True,True,True
C[C@@H]1C[C@H]2CN1CCn1[nH]c3c(cccc3c1=O)-c1nc3c(cccc3[nH]c1=O)O2,True,True,True,True,True,True,True,True,True,True,True,True,True,True,True,True,True,True,True,True,True,True
Cc1cc(Nc2ncc(Br)c(N[C@H](C)C(C)(C)O)n2)ccc1S(C)(=N)=O,True,True,True,True,True,True,True,True,True,True,True,True,True,True,True,True,True,True,True,True,True,True
CN(C)CC(O)COc1ccc(Nc2ncc(Br)c(Nc3ccccc3)n2)cc1,True,True,True,True,True,True,True,True,True,True,True,True,True,True,True,True,True,True,True,True,True,True
CC(=O)Nc1ccc(-c2ccc(CN3CCOCC3)o2)cc1,True,True,True,True,True,True,True,True,True,True,True,True,True,True,True,True,True,True,True,True,True,True
N[C@H]1CC[C@H](Nc2cc(Nc3ccc(S(=O)(=O)c4ccccc4)cc3)n3ncc(Br)c3n2)CC1,True,True,True,True,True,True,True,True,True,True,True,True,True,True,True,True,True,True,True,True,True,True
Nc1nc(Nc2ccc(S(N)(=O)=O)cc2)nc(OCC2CCCCC2)c1N=O,True,True,True,True,True,True,True,True,True,True,True,True,True,True,True,True,True,True,True,True,True,True
CNNc1n[nH]c2c1CN(C(=O)O[C@H](CN(C)C)c1ccccc1)C2(C)C,True,True,True,True,True,True,True,True,True,True,True,True,True,True,True,True,True,True,True,True,True,True
CN[SH](C)(CO)C(=O)c1ccc(Nc2ncc(F)c(-c3cnc(C)n3C(C)C)n2)cc1F,False,True,True,True,True,True,False,True,True,True,True,True,True,True,True,True,True,True,True,True,True,True
Cc1ncc(-c2nc(NC(C)(C)F)ncc2F)n1C(C)C,True,True,True,True,True,True,True,True,True,True,True,True,True,True,True,True,True,True,True,True,True,True
C=C(C)c1ccc(Nc2ncc(C(C)C)c(-c3ncc(F)c(-c4cnc(C)n4C(C)C)n3)n2)cc1,True,True,True,True,True,True,True,True,True,True,True,True,True,True,True,True,True,True,True,True,True,True
CNCNc1cncc(-c2ccc3n[nH]c(NC(=O)c4ccccc4)c3c2)c1,True,True,True,True,True,True,True,True,True,True,True,True,True,True,True,True,True,True,True,True,True,True
CN1CCN(c2ccc(NC(=O)c3ccncc3)cc2)CC1,True,True,True,True,True,True,True,True,True,True,True,True,True,True,True,True,True,True,True,True,True,True
COc1ccc(NC(=O)c2ccc(OC)cc2Cl)cc1,True,True,True,True,True,True,True,True,True,True,True,True,True,True,True,True,True,True,True,True,True,True
COc1ccc(C(=O)NC(=O)Cc2ccc(C(C)C)cc2)cc1,True,True,True,True,True,True,True,True,True,True,True,True,True,True,True,True,True,True,True,True,True,True
NS(=O)(=O)c1ccc(-c2ccc(-c3ccc(S(N)(=O)=O)cc3)cc2)cc1,True,True,True,True,True,True,True,True,True,True,True,True,True,True,True,True,True,True,True,True,True,True
CC(N)=CCC(=O)c1ccc(Nc2ncc(F)c(-c3cnc(C)n3C(C)C)n2)cc1,True,True,True,True,True,True,True,True,True,True,True,True,True,True,True,True,True,True,True,True,True,True
CN1CCN(c2ccc(Nc3ccccc3)cc2)CC1,True,True,True,True,True,True,True,True,True,True,True,True,True,True,True,True,True,True,True,True,True,True
COCc1cc(C(=O)Nc2cc(C3CC[C@@H](OC(=O)NC(C)C)C3)[nH]n2)n(C)n1,True,True,True,True,True,True,True,True,True,True,True,True,True,True,True,True,True,True,True,True,True,True
COc1ccc(NC(=O)c2ccc(N3CCCC3=O)cc2)cc1,True,True,True,True,True,True,True,True,True,True,True,True,True,True,True,True,True,True,True,True,True,True
CC(=O)N1CCC(c2ccc(NC(=O)c3ccccc3)cc2)CC1,True,True,True,True,True,True,True,True,True,True,True,True,True,True,True,True,True,True,True,True,True,True
NS(=O)(=O)c1ccc(N=Cc2c(O)[nH]c3ccc(-c4cnco4)cc23)cc1,True,True,True,True,True,True,True,True,True,True,True,True,True,True,True,True,True,True,True,True,True,True
OC1CCN(c2ccnc(N[C@H]3CCC[C@H](NC4CCOCC4)CC3)n2)CC1,True,True,True,True,True,True,True,True,True,True,True,True,True,True,True,True,True,True,True,True,True,True
CN1CCN(c2ccc(Nc3ncc4c(n3)-c3c(c(C(N)=O)nn3C)CC4)cc2)CC1,True,True,True,True,True,True,True,True,True,True,True,True,True,True,True,True,True,True,True,True,True,True
CCc1cnn2c(NCc3ccc[n+]([O-])c3)cc(N3CCCC[C@H]3CCc3ccc[n+]([O-])c3)nc12,True,True,True,True,True,True,True,True,True,True,True,True,True,True,True,True,True,True,True,True,True,True
COc1ccc(N2CCC(O)CC2)c(Cc2ccccc2)c1,True,True,True,True,True,True,True,True,True,True,True,True,True,True,True,True,True,True,True,True,True,True
CC(=CC(=O)c1ccc(Nc2ncc(F)c(-c3cnc(C)n3C(C)C)n2)cc1F)NC(C)C,True,True,True,True,True,True,True,True,True,True,True,True,True,True,True,True,True,True,True,True,True,True
O=C(Nc1ccccc1)c1ccc(N2CCCCC2)cc1,True,True,True,True,True,True,True,True,True,True,True,True,True,True,True,True,True,True,True,True,True,True
CN(CCN(C)c1ccccc1Cl)C(=O)Nc1cccnc1,True,True,True,True,True,True,True,True,True,True,True,True,True,True,True,True,True,True,True,True,True,True
Cc1ncc(-c2ccnc(Nc3ccc(CO)cc3)n2)n1C(C)C,True,True,True,True,True,True,True,True,True,True,True,True,True,True,True,True,True,True,True,True,True,True
CCCNC(=O)Nc1ncc(F)c(-c2cnc(C)n2C(C)C)n1,True,True,True,True,True,True,True,True,True,True,True,True,True,True,True,True,True,True,True,True,True,True
CC(=O)Nc1ccc(N(C)C(=O)c2ccccc2)cc1,True,True,True,True,True,True,True,True,True,True,True,True,True,True,True,True,True,True,True,True,True,True
CC(C)(C)Nc1nc(C(F)(F)F)nc2ccc(-c3cccc(N)c3)cc12,True,True,True,True,True,True,True,True,True,True,True,True,True,True,True,True,True,True,True,True,True,True
CN[C@H]1CCN(C(=O)c2ccc(Nc3nccc(-c4cnc(C)n4C(C)C)n3)cc2)C1,True,True,True,True,True,True,True,True,True,True,True,True,True,True,True,True,True,True,True,True,True,True
c1ccc(Cc2nnc3sc(SSc4nn5c(Cc6ccccc6)nnc5s4)nn23)cc1,True,True,True,True,True,True,True,True,True,True,True,True,True,True,True,True,True,True,True,True,True,True
Cc1ncc(-c2ccnc(Nc3ccc(C(=O)C(N)=O)cc3)n2)n1C(C)C,True,True,True,True,True,True,True,True,True,True,True,True,True,True,True,True,True,True,True,True,True,True
CNC(=O)c1nn(C)c2c1C(C)(C)Cc1cnc(Nc3cccc(CN4CCOCC4)c3)nc1-2,True,True,True,True,True,True,True,True,True,True,True,True,True,True,True,True,True,True,True,True,True,True
CC(=O)Nc1ccc(Cc2ccc3c(n2)CCN(C(C)=O)C3)cc1,True,True,True,True,True,True,True,True,True,True,True,True,True,True,True,True,True,True,True,True,True,True
CCCN(c1cc(C)cc2c(=O)c(O)c(Cc3cc(C)nc(C)c3)oc12)[SH](=O)=O,True,True,True,True,True,True,True,True,True,True,True,True,True,True,True,True,True,True,True,True,True,True
CN(CCc1ccc(N2CC=C(C(N)=O)CC2)cc1)C(=O)OC(C)(C)C,True,True,True,True,True,True,True,True,True,True,True,True,True,True,True,True,True,True,True,True,True,True
CC(C)S(=O)(=O)c1ccc(-c2ccc(CO)cc2)cc1,True,True,True,True,True,True,True,True,True,True,True,True,True,True,True,True,True,True,True,True,True,True
O=C(Cc1ccc(Cc2cccs2)cc1)Nc1cc(C2CC2)[nH]n1,True,True,True,True,True,True,True,True,True,True,True,True,True,True,True,True,True,True,True,True,True,True
Nc1ccc(CC(=O)Nc2[nH]nc3ccc(C4CCCC4)cc23)cc1,True,True,True,True,True,True,True,True,True,True,True,True,True,True,True,True,True,True,True,True,True,True
C=C(c1ccc(C(C)C)cc1)c1ccc(S(N)(=O)=O)cc1,True,True,True,True,True,True,True,True,True,True,True,True,True,True,True,True,True,True,True,True,True,True
CN(C)c1ccc(Nc2ccc(N3CCCC3=O)cc2)cc1,True,True,True,True,True,True,True,True,True,True,True,True,True,True,True,True,True,True,True,True,True,True
CC(C)Oc1cccc2[nH]c(O)c(N=Nc3ccc(S(N)(=O)=O)cc3)c12,True,True,True,True,True,True,True,True,True,True,True,True,True,True,True,True,True,True,True,True,True,True
COC(=O)N1CCc2nc(Nc3ncc(F)c(-c4cc(F)c5nc(C)n(C(C)C)c5c4)n3)ccc2C1,True,True,True,True,True,True,True,True,True,True,True,True,True,True,True,True,True,True,True,True,True,True
Cc1ncc(-c2cc(NC(C)C)ncc2F)n1C(C)C,True,True,True,True,True,True,True,True,True,True,True,True,True,True,True,True,True,True,True,True,True,True
CC(C)S(=O)(=O)Cc1ccc(-c2ccc(S(N)(=O)=O)cc2)cc1,True,True,True,True,True,True,True,True,True,True,True,True,True,True,True,True,True,True,True,True,True,True
CC(=O)NC1CN(c2ccc(Nc3ncc(F)c(-c4cnc(C)n4C(C)C)n3)cc2)C1,True,True,True,True,True,True,True,True,True,True,True,True,True,True,True,True,True,True,True,True,True,True
C[C@H](Nc1nc(Nc2ccc(S(=N)(=O)CCO)cc2)ncc1Br)C(C)(C)O,True,True,True,True,True,True,True,True,True,True,True,True,True,True,True,True,True,True,True,True,True,True
C=C(C)C(=O)c1ccc(Cc2ccc(Nc3ncc(F)c(-c4cnc(C)n4C(C)C)n3)cc2)cc1,True,True,True,True,True,True,True,True,True,True,True,True,True,True,True,True,True,True,True,True,True,True
Cc1ncc(Nc2ccc(S(C)(=O)=O)cc2)n1C(C)C,True,True,True,True,True,True,True,True,True,True,True,True,True,True,True,True,True,True,True,True,True,True
O=C(c1ccccc1)N1CCc2nc(NC3=CCC3)ccc2C1,True,True,True,True,True,True,True,True,True,True,True,True,True,True,True,True,True,True,True,True,True,True
COc1ccc(C(=O)Nc2ccc(C(C)C)cc2)cc1,True,True,True,True,True,True,True,True,True,True,True,True,True,True,True,True,True,True,True,True,True,True
O=C(N[C@H]1CC[C@H](NC2CCOCC2)CC1)N1CCc2nc(CN3CCCCC3)ccc2C1,True,True,True,True,True,True,True,True,True,True,True,True,True,True,True,True,True,True,True,True,True,True
CNC(=O)c1nn(C)c2c1C(C)(C)Cc1cnc(Nc3cccc(N4CCOCC4)c3)nc1-2,True,True,True,True,True,True,True,True,True,True,True,True,True,True,True,True,True,True,True,True,True,True
CN(C)Cc1ccc(C(=O)Nc2cccc3c2OCCC3)cc1,True,True,True,True,True,True,True,True,True,True,True,True,True,True,True,True,True,True,True,True,True,True
CN1CCN(c2ccc(C(=O)Nc3ccccc3)c(Cl)c2)CC1,True,True,True,True,True,True,True,True,True,True,True,True,True,True,True,True,True,True,True,True,True,True
Cc1ncc(-c2nc(Nc3ccccc3)ncc2F)n1C(C)C,True,True,True,True,True,True,True,True,True,True,True,True,True,True,True,True,True,True,True,True,True,True
Cc1ccc(-c2ccc(C(=O)N3CCN(C(=O)C(C)C)CC3)cc2)cc1,True,True,True,True,True,True,True,True,True,True,True,True,True,True,True,True,True,True,True,True,True,True
O=C1CCCN1c1ccc(Nc2cccc3c2OCCCC3)cc1,True,True,True,True,True,True,True,True,True,True,True,True,True,True,True,True,True,True,True,True,True,True
CN1CCN(c2cccc(Nc3ncc4c(n3)-c3c(c(C(N)=O)nn3C)CC4)c2)CC1,True,True,True,True,True,True,True,True,True,True,True,True,True,True,True,True,True,True,True,True,True,True
CC(=O)Nc1ncc(-c2ccc(N3CCCC3)cc2)cc1C,True,True,True,True,True,True,True,True,True,True,True,True,True,True,True,True,True,True,True,True,True,True
CC(C)N1CCN(c2ccc(-c3ccc(S(N)(=O)=O)cc3)cc2)CC1,True,True,True,True,True,True,True,True,True,True,True,True,True,True,True,True,True,True,True,True,True,True
CC(C)(C)c1ccc(-c2ccc(S(N)(=O)=O)cc2)nc1,True,True,True,True,True,True,True,True,True,True,True,True,True,True,True,True,True,True,True,True,True,True
CCOP(=O)(OCC)N(C)CCN1CCc2nc(Nc3ncc(F)c(-c4cc(F)c5nc(C)n(C(C)C)c5c4)n3)ccc2C1,True,True,True,True,True,True,True,True,True,True,True,True,True,True,True,True,True,True,True,True,True,True
NC(=O)c1ccc(-c2ccc(N3CCC(=O)CC3)cc2)cc1,True,True,True,True,True,True,True,True,True,True,True,True,True,True,True,True,True,True,True,True,True,True
Cn1nc(C(=O)Nc2ccccc2)c2c1-c1nc(Nc3ccccc3)ncc1CC2,True,True,True,True,True,True,True,True,True,True,True,True,True,True,True,True,True,True,True,True,True,True
O=C(Nc1ccccn1)c1ccc(N2CCCC2)cc1,True,True,True,True,True,True,True,True,True,True,True,True,True,True,True,True,True,True,True,True,True,True
Cc1ccc(CC(=O)Nc2[nH]nc3ccc(N4CCCS4(=O)=O)cc23)cc1,True,True,True,True,True,True,True,True,True,True,True,True,True,True,True,True,True,True,True,True,True,True
Clc1cccc(Nc2nccc(-c3ccnc(N4CCOCC4)c3)n2)c1,True,True,True,True,True,True,True,True,True,True,True,True,True,True,True,True,True,True,True,True,True,True
CC(C)c1cnn2c(NCc3ccccc3)cc(N[C@@H](CO)[C@H](O)CO)nc12,True,True,True,True,True,True,True,True,True,True,True,True,True,True,True,True,True,True,True,True,True,True
N[C@H](CNc1cc(-c2ccc3cnccc3c2)no1)Cc1ccc(C(F)(F)F)cc1,True,True,True,True,True,True,True,True,True,True,True,True,True,True,True,True,True,True,True,True,True,True
CC(=O)Nc1ccc(Nc2ncc(F)c(-c3cnc(C)n3C(C)C)n2)cn1,True,True,True,True,True,True,True,True,True,True,True,True,True,True,True,True,True,True,True,True,True,True
CSC(C)=Cc1cccc2[nH]c(O)c(N=Nc3ccc(-c4ccc(S(N)(=O)=O)cc4)cc3)c12,True,True,True,True,True,True,True,True,True,True,True,True,True,True,True,True,True,True,True,True,True,True
C[C@H](Nc1nc(Nc2ccc(S(C)(=N)=O)cc2)ncc1Br)C(C)(C)O,True,True,True,True,True,True,True,True,True,True,True,True,True,True,True,True,True,True,True,True,True,True
CN(C)CCNS(=O)(=O)c1ccc(Nc2nccc(-c3cnc4ccccn34)n2)cc1,True,True,True,True,True,True,True,True,True,True,True,True,True,True,True,True,True,True,True,True,True,True
CCN(C)C(=S)Nc1ncc(F)c(-c2cnc(C)n2C(C)C)n1,True,True,True,True,True,True,True,True,True,True,True,True,True,True,True,True,True,True,True,True,True,True
CCN(C(C)=O)c1ccc(-c2ccc(NC(C)=O)cc2)cc1,True,True,True,True,True,True,True,True,True,True,True,True,True,True,True,True,True,True,True,True,True,True
CN1C/C=C/COCc2ccc(o2)-c2ccnc(n2)Nc2ccc(OCCN3CCCC3)c(c2)C1,True,True,True,True,True,True,True,True,True,True,True,True,True,True,True,True,True,True,True,True,True,True
O=C(c1nc(C2CCCCC2)nc2nc[nH]c12)N1CCCC1,True,True,True,True,True,True,True,True,True,True,True,True,True,True,True,True,True,True,True,True,True,True
CC(C)Oc1ccc(-c2ccc(S(N)(=O)=O)cc2)cc1,True,True,True,True,True,True,True,True,True,True,True,True,True,True,True,True,True,True,True,True,True,True
CC(=NCN)c1ccc(Cc2ccc(Nc3nccc(-c4cnc(C)n4C(C)C)n3)cc2)cc1,True,True,True,True,True,True,True,True,True,True,True,True,True,True,True,True,True,True,True,True,True,True
O=S(=O)(c1ccccc1)N1CCC(Nc2ccc(F)cc2)CC1,True,True,True,True,True,True,True,True,True,True,True,True,True,True,True,True,True,True,True,True,True,True
NC(=O)NC(=O)CC(=O)Nc1[nH]nc2ccc(N3CCCCC3=O)cc12,True,True,True,True,True,True,True,True,True,True,True,True,True,True,True,True,True,True,True,True,True,True
Cc1ncc(-c2nc(Nc3ccc(C(N)=O)cc3)ncc2F)n1C(C)C,True,True,True,True,True,True,True,True,True,True,True,True,True,True,True,True,True,True,True,True,True,True
CC(=O)C(=O)c1ccc(Nc2ncc(F)c(-c3cnc(C)n3C(C)C)n2)cc1,True,True,True,True,True,True,True,True,True,True,True,True,True,True,True,True,True,True,True,True,True,True
COCCNc1cc(Nc2ccc(OCC(O)CN(C)C)cc2)ncn1,True,True,True,True,True,True,True,True,True,True,True,True,True,True,True,True,True,True,True,True,True,True
O=C(NC1CCCC1)c1ccc(Nc2cn[nH]c2C(=O)NC2CCNCC2)cc1,True,True,True,True,True,True,True,True,True,True,True,True,True,True,True,True,True,True,True,True,True,True
NS(=O)(=O)c1ccc(-c2ccc(N3CCCC3)cc2)cc1,True,True,True,True,True,True,True,True,True,True,True,True,True,True,True,True,True,True,True,True,True,True
CC(C)NC(=O)c1ccc2c(n1)CCN(C(=O)C1CCC1)C2,True,True,True,True,True,True,True,True,True,True,True,True,True,True,True,True,True,True,True,True,True,True
OC1CCN(c2cccc(Cc3ccc(F)cc3)c2)CC1,True,True,True,True,True,True,True,True,True,True,True,True,True,True,True,True,True,True,True,True,True,True
CC(=O)c1ccc(Nc2ncc(F)c(-c3cnc(C)n3C(C)C)n2)cc1,True,True,True,True,True,True,True,True,True,True,True,True,True,True,True,True,True,True,True,True,True,True
Cc1ncc(-c2nc(Nc3ccc(N4CCOCC4)cc3)ncc2F)n1C(C)C,True,True,True,True,True,True,True,True,True,True,True,True,True,True,True,True,True,True,True,True,True,True
CN1CCN(c2cccc(C(=O)Nc3cccnc3)c2)CC1,True,True,True,True,True,True,True,True,True,True,True,True,True,True,True,True,True,True,True,True,True,True
C=C(C)N(C)C(=O)c1ccc(Nc2ncc(F)c(-c3cnc(C)n3C(C)C)n2)cc1F,True,True,True,True,True,True,True,True,True,True,True,True,True,True,True,True,True,True,True,True,True,True
NCCCCNC(=O)c1ccc(CNc2nc(N[C@H]3CC[C@H](N)CC3)nc3c2ncn3C2CCCC2)cc1,True,True,True,True,True,True,True,True,True,True,True,True,True,True,True,True,True,True,True,True,True,True
Nc1nc2ccc(C(=O)c3ccc(Br)cc3C(=O)O)cn2c1N1CCCC1,True,True,True,True,True,True,True,True,True,True,True,True,True,True,True,True,True,True,True,True,True,True
CC(=Cc1ccc(Nc2ncc(F)c(-c3cnc(C)n3C(C)C)n2)cc1F)CS,True,True,True,True,True,True,True,True,True,True,True,True,True,True,True,True,True,True,True,True,True,True
Cc1cc(Nc2ncc(Br)c(N[C@H](C)[C@H](C)O)n2)ccc1S(C)(=N)=O,True,True,True,True,True,True,True,True,True,True,True,True,True,True,True,True,True,True,True,True,True,True
C1=C(c2cc(NCc3ccc(N4CCCNCC4)cn3)ccn2)CC1,True,True,True,True,True,True,True,True,True,True,True,True,True,True,True,True,True,True,True,True,True,True
C=CC(=O)Nc1ccc(C(=O)N2CCCC(Nc3ncc(C=Cc4ncc(C(C)(C)C)o4)s3)C2)cc1,True,True,True,True,True,True,True,True,True,True,True,True,True,True,True,True,True,True,True,True,True,True
NS(=O)(=O)c1ccc(-c2ccc(-c3ccccc3)cc2)cc1,True,True,True,True,True,True,True,True,True,True,True,True,True,True,True,True,True,True,True,True,True,True
Cc1ncc(-c2ccnc(NC(=O)C(C)C)n2)n1C(C)C,True,True,True,True,True,True,True,True,True,True,True,True,True,True,True,True,True,True,True,True,True,True
CC(C)N(C)c1ccc(-c2ccc(S(N)(=O)=O)cc2)cc1,True,True,True,True,True,True,True,True,True,True,True,True,True,True,True,True,True,True,True,True,True,True
CC(=O)N1CC=C(Nc2cccc3c2OCCCC3)CC1,True,True,True,True,True,True,True,True,True,True,True,True,True,True,True,True,True,True,True,True,True,True
CCn1c(-c2ccnc(Nc3ccc(S(=O)(=O)NCCOC)cc3)n2)cnc1C,True,True,True,True,True,True,True,True,True,True,True,True,True,True,True,True,True,True,True,True,True,True
CCNC(=O)c1ccc(Nc2ncc(F)c(-c3cnc(C)n3C(C)C)n2)cc1SC,True,True,True,True,True,True,True,True,True,True,True,True,True,True,True,True,True,True,True,True,True,True
Cc1cc(S(=O)(=O)N(C)C)ccc1Nc1ccccc1,True,True,True,True,True,True,True,True,True,True,True,True,True,True,True,True,True,True,True,True,True,True
Cc1c(N[C@H]2CCCNC2)nc2ccnn2c1-c1ccc(O)c(Br)c1,True,True,True,True,True,True,True,True,True,True,True,True,True,True,True,True,True,True,True,True,True,True
O=C(Nc1ccccn1)Nc1cccc2c1[C@H]1CCCN1C2=O,True,True,True,True,True,True,True,True,True,True,True,True,True,True,True,True,True,True,True,True,True,True
Cc1ncc(-c2ccnc(Nc3ccc(Cl)cc3)n2)n1C(C)C,True,True,True,True,True,True,True,True,True,True,True,True,True,True,True,True,True,True,True,True,True,True
NS(=O)(=O)c1ccc(-c2ccnc(N3CCCC3)n2)cc1,True,True,True,True,True,True,True,True,True,True,True,True,True,True,True,True,True,True,True,True,True,True
O=C(c1ccc(NCCc2ccccc2)cc1)N1CCCC1,True,True,True,True,True,True,True,True,True,True,True,True,True,True,True,True,True,True,True,True,True,True
NC(=O)c1ccc(-c2ccc(N3CCOCC3)cc2)cc1,True,True,True,True,True,True,True,True,True,True,True,True,True,True,True,True,True,True,True,True,True,True
CCN1CCC(c2ccc(Nc3ncc(F)c(-c4cc(F)c5nc6n(c5c4)C(C)(C)CC6)n3)nc2)CC1,True,True,True,True,True,True,True,True,True,True,True,True,True,True,True,True,True,True,True,True,True,True
CC(C)c1cccc(CC(=O)Cc2ccc(S(N)(=O)=O)cc2)c1,True,True,True,True,True,True,True,True,True,True,True,True,True,True,True,True,True,True,True,True,True,True
Cc1ncc(-c2nc(CC(=O)NC(C)C)ncc2F)n1C(C)C,True,True,True,True,True,True,True,True,True,True,True,True,True,True,True,True,True,True,True,True,True,True
O=C1NC(=O)C(n2c(O)ccc2O)=C1c1coc2cc(CO)ccc12,True,True,True,True,True,True,True,True,True,True,True,True,True,True,True,True,True,True,True,True,True,True
Nc1ncnc2occ(-c3ccc(NC4CCC(C5CCNCC5)C4)cc3)c12,True,True,True,True,True,True,True,True,True,True,True,True,True,True,True,True,True,True,True,True,True,True
CN(C)C(=O)c1ccc(NC(=O)c2ccccc2)nc1,True,True,True,True,True,True,True,True,True,True,True,True,True,True,True,True,True,True,True,True,True,True
CC(=CNC=CC(=O)c1ccc(Nc2ncc(F)c(-c3cnc(C)n3C(C)C)n2)cc1F)NSF,True,True,True,True,True,True,True,True,True,True,True,True,True,True,True,True,True,True,True,True,True,True
Cc1ncc(-c2ccnc(Nc3ccc(C(=O)N(C)C)c(F)c3)n2)n1C(C)C,True,True,True,True,True,True,True,True,True,True,True,True,True,True,True,True,True,True,True,True,True,True
CCCc1ccc(-c2ccc(S(N)(=O)=O)cc2)cc1F,True,True,True,True,True,True,True,True,True,True,True,True,True,True,True,True,True,True,True,True,True,True
C=C(C)N[C@@H]1CCN(C(=O)c2ccc(Nc3ncc(F)c(-c4cnc(C)n4C(C)C)n3)cc2)C1,True,True,True,True,True,True,True,True,True,True,True,True,True,True,True,True,True,True,True,True,True,True
COc1ccc(-c2ccc(C(=O)N3CCC(O)CC3)cc2)cc1,True,True,True,True,True,True,True,True,True,True,True,True,True,True,True,True,True,True,True,True,True,True
Cc1cc(S(=O)(=O)NC2CC2)ccc1Cc1ccccc1,True,True,True,True,True,True,True,True,True,True,True,True,True,True,True,True,True,True,True,True,True,True
NC(=O)c1ccc(Nc2nc(N)c(N=O)c(OCC3CCCCC3)n2)cc1,True,True,True,True,True,True,True,True,True,True,True,True,True,True,True,True,True,True,True,True,True,True
CC(C)=CNc1ccc(CC(=O)c2ccc(Nc3ncc(F)c(-c4cnc(C)n4C(C)C)n3)cc2)cc1,True,True,True,True,True,True,True,True,True,True,True,True,True,True,True,True,True,True,True,True,True,True
O=C(Nc1[nH]nc2nc(-c3cccc(O)c3)ccc12)C1CC1,True,True,True,True,True,True,True,True,True,True,True,True,True,True,True,True,True,True,True,True,True,True
CCN(c1ccc(-c2ccc(S(N)(=O)=O)cc2)nc1)C(C)C,True,True,True,True,True,True,True,True,True,True,True,True,True,True,True,True,True,True,True,True,True,True
COc1ccc(N2CCN(c3ccccc3)CCNC2)cc1,True,True,True,True,True,True,True,True,True,True,True,True,True,True,True,True,True,True,True,True,True,True
Cc1ncc(-c2ccnc(-c3ccnc(Nc4ccc(C(N)=O)cc4)n3)n2)n1C(C)C,True,True,True,True,True,True,True,True,True,True,True,True,True,True,True,True,True,True,True,True,True,True
CCOC(=O)c1cnn2c(-c3ccc(Cl)cc3)nc(NCc3ccccc3)nc12,True,True,True,True,True,True,True,True,True,True,True,True,True,True,True,True,True,True,True,True,True,True
O=C1C(c2[nH]c3ccccc3c2O)=Nc2ccccc21,True,True,True,True,True,True,True,True,True,True,True,True,True,True,True,True,True,True,True,True,True,True
NC(=O)c1ccc(OC(=O)N2CCN(c3ccccc3)CC2)cc1,True,True,True,True,True,True,True,True,True,True,True,True,True,True,True,True,True,True,True,True,True,True
CC(C)c1[nH]nc2c(NCc3ccc(-c4ccccn4)cc3)nc(C(C)(C)O)nc12,True,True,True,True,True,True,True,True,True,True,True,True,True,True,True,True,True,True,True,True,True,True
C=C(C)n1c(CC(=O)c2ccc(Nc3ncc(F)c(-c4cnc(C)n4C(C)C)n3)cc2F)cnc1C,True,True,True,True,True,True,True,True,True,True,True,True,True,True,True,True,True,True,True,True,True,True
CCN(CCCc1ccc(Nc2ncc(C(F)(F)F)c(OC3CCCCC3)n2)cc1)C(C)=O,True,True,True,True,True,True,True,True,True,True,True,True,True,True,True,True,True,True,True,True,True,True
CN(C(=O)c1ccc(C(N)=O)cc1)c1ccccc1Cl,True,True,True,True,True,True,True,True,True,True,True,True,True,True,True,True,True,True,True,True,True,True
Cc1ncc(-c2ccnc(Nc3cccnc3)n2)n1C(C)C,True,True,True,True,True,True,True,True,True,True,True,True,True,True,True,True,True,True,True,True,True,True
CN(C)S(=O)(=O)c1ccc(NC(=O)c2ncoc2-c2ccc(N3CCCC3=O)cc2)cc1,True,True,True,True,True,True,True,True,True,True,True,True,True,True,True,True,True,True,True,True,True,True
CC(C)Nc1ccc(-c2ccc(S(N)(=O)=O)cc2)cc1,True,True,True,True,True,True,True,True,True,True,True,True,True,True,True,True,True,True,True,True,True,True
CC(=CC(=N)c1ccc(Nc2ncc(F)c(-c3cnc(C)n3C(C)C)n2)cc1)C(=O)c1cnc(C)n1C(C)C,True,True,True,True,True,True,True,True,True,True,True,True,True,True,True,True,True,True,True,True,True,True
Cc1nc2c(F)cc(-c3nc(Nc4ccc5c(n4)CCN(C(=O)CN(C)C)C5)ncc3F)cc2n1C(C)C,True,True,True,True,True,True,True,True,True,True,True,True,True,True,True,True,True,True,True,True,True,True
CC(=O)Nc1ccc(Cc2ccc(C=C3CC(=O)NC(=N)S3)cc2)cc1,True,True,True,True,True,True,True,True,True,True,True,True,True,True,True,True,True,True,True,True,True,True
O=C(NC1CCCC1)c1ccc(CN2CCCCC2)cc1,True,True,True,True,True,True,True,True,True,True,True,True,True,True,True,True,True,True,True,True,True,True
NS(=O)(=O)c1ccc(OCc2c(F)cccc2F)cc1,True,True,True,True,True,True,True,True,True,True,True,True,True,True,True,True,True,True,True,True,True,True
C=C1N=C([C@H]2CC[C@H](N)CC2)C=C(Nc2ccc(F)c(Cl)c2)N1N,True,True,True,True,True,True,True,True,True,True,True,True,True,True,True,True,True,True,True,True,True,True
Cc1ncc(-c2nc(C(=O)NC(=O)N(C)C)ncc2F)n1C(C)C,True,True,True,True,True,True,True,True,True,True,True,True,True,True,True,True,True,True,True,True,True,True
CN1CCN(c2ccc(NCc3ccccc3F)cc2)CC1,True,True,True,True,True,True,True,True,True,True,True,True,True,True,True,True,True,True,True,True,True,True
Cc1ncc(-c2ccnc(Nc3ccc(C(=O)CN)cc3)n2)n1C(C)C,True,True,True,True,True,True,True,True,True,True,True,True,True,True,True,True,True,True,True,True,True,True
CCCc1ccc(Sc2ccc(S(N)(=O)=O)cc2)cc1,True,True,True,True,True,True,True,True,True,True,True,True,True,True,True,True,True,True,True,True,True,True
O=C(Cc1ccc(Br)cc1)Nc1[nH]nc2ccc(N3CCCS3(=O)=O)cc12,True,True,True,True,True,True,True,True,True,True,True,True,True,True,True,True,True,True,True,True,True,True
CCS(=N)(=O)c1ccc(Nc2ncc(Br)c(N[C@H](COC)[C@H](C)O)n2)cc1,True,True,True,True,True,True,True,True,True,True,True,True,True,True,True,True,True,True,True,True,True,True
CC(=O)Nc1nc(C)c(F)c(-c2cnc(C)n2C(C)C)n1,True,True,True,True,True,True,True,True,True,True,True,True,True,True,True,True,True,True,True,True,True,True
O=C(c1ccccc1)N1CCc2nc(NC3CC3)ccc2C1,True,True,True,True,True,True,True,True,True,True,True,True,True,True,True,True,True,True,True,True,True,True
COc1ccc(-c2nn(-c3ccccc3)cc2C(=O)NC(=S)Nc2ccc(C)cc2)cc1,True,True,True,True,True,True,True,True,True,True,True,True,True,True,True,True,True,True,True,True,True,True
Cc1c(N[C@H]2CCCNC2)nc2ccnn2c1Nc1ccc2c(cnn2C)c1,True,True,True,True,True,True,True,True,True,True,True,True,True,True,True,True,True,True,True,True,True,True
Cc1ncc(-c2ccc(NC(=O)CC(C)C)cc2)n1C(C)C,True,True,True,True,True,True,True,True,True,True,True,True,True,True,True,True,True,True,True,True,True,True
CC(C)=Cc1cccc2[nH]c(O)c(NNc3ccc(S(N)(=O)=O)cc3)c12,True,True,True,True,True,True,True,True,True,True,True,True,True,True,True,True,True,True,True,True,True,True
O=C(Nc1ccc(N2CCCCC2=O)cc1)c1ccccc1,True,True,True,True,True,True,True,True,True,True,True,True,True,True,True,True,True,True,True,True,True,True
Cc1ncc(-c2ccnc(Nc3nc(-c4ccnc(Nc5ccc(C(N)=O)cc5)n4)ncc3S)n2)n1C(C)C,True,True,True,True,True,True,True,True,True,True,True,True,True,True,True,True,True,True,True,True,True,True
NC(=O)C1CCC(N2CC=C(c3ccccc3)CC2)CC1,True,True,True,True,True,True,True,True,True,True,True,True,True,True,True,True,True,True,True,True,True,True
NS(=O)(=O)c1ccc(NC(=O)Cc2ccccc2)cc1,True,True,True,True,True,True,True,True,True,True,True,True,True,True,True,True,True,True,True,True,True,True
