arm,seed,generation,n_generated,median_size_pctile,best_pred_real,median_pred_real,median_pred_scrambled,median_max_tanimoto,median_qed,median_sa,median_heavy_atoms,median_fitness,median_followed_pred
activity_only,42,0,100,100.0,8.4666,6.66064,6.59201,1.0,0.51425,2.83206,30.0,0.53213,6.66064
activity_only,42,1,49,6.76101,8.206,7.14038,6.5525,0.55714,0.43664,3.23453,31.0,0.62808,7.14038
activity_only,42,2,63,6.75039,8.2505,7.51133,6.53671,0.52564,0.42618,3.11565,30.0,0.70227,7.51133
activity_only,42,3,72,7.165654999999999,8.2505,7.659105,6.50186,0.55072,0.430985,3.124815,30.0,0.7318199999999999,7.659105
activity_only,42,4,78,7.911675,8.5243,7.7693650000000005,6.50451,0.55779,0.428195,3.1563999999999997,30.0,0.7538750000000001,7.7693650000000005
activity_only,42,5,83,7.20222,8.53112,7.90019,6.58383,0.57143,0.35628,3.14108,31.0,0.78004,7.90019
activity_only,42,6,85,7.44681,8.53112,8.01941,6.53971,0.56667,0.38348,3.17842,31.0,0.80388,8.01941
activity_only,42,7,90,7.8223,8.53112,8.071200000000001,6.52136,0.574175,0.384235,3.1822600000000003,31.0,0.8142400000000001,8.071200000000001
activity_only,42,8,91,8.79121,8.53112,8.11787,6.51368,0.59091,0.38348,3.20096,31.0,0.82357,8.11787
activity_only,42,9,91,10.01927,8.53112,8.14119,6.52904,0.62295,0.38348,3.11374,31.0,0.82824,8.14119
activity_only,42,10,91,14.40536,8.53112,8.19084,6.53616,0.66038,0.41191,3.06704,31.0,0.83817,8.19084
activity_only,42,11,92,18.53904,8.53112,8.229445,6.54408,0.71154,0.414215,3.102175,31.0,0.84589,8.229445
activity_only,42,12,95,20.42553,8.53112,8.26154,6.54999,0.71698,0.39994,3.08029,31.0,0.85231,8.26154
activity_only,42,13,95,22.98851,8.53112,8.28495,6.54999,0.72308,0.37546,2.98089,32.0,0.85699,8.28495
activity_only,42,14,95,21.06918,8.53112,8.35547,6.47895,0.72131,0.38897,3.00806,32.0,0.87109,8.35547
activity_only,42,15,96,20.43289,8.54171,8.416129999999999,6.4768349999999995,0.715635,0.35568500000000003,3.10435,33.5,0.88323,8.416129999999999
activity_only,42,16,98,18.548075,8.54171,8.425795,6.478485,0.713205,0.338835,3.10435,34.0,0.88516,8.425795
activity_only,42,17,99,16.09756,8.55081,8.43905,6.45699,0.70909,0.31903,3.11246,35.0,0.88781,8.43905
activity_only,42,18,99,18.53659,8.55081,8.4573,6.45699,0.71429,0.34401,3.02015,34.0,0.89146,8.4573
activity_only,42,19,99,18.53659,8.58897,8.46363,6.44795,0.72222,0.34382,3.03294,35.0,0.89273,8.46363
activity_only,42,20,99,18.53659,8.58897,8.4689,6.43937,0.72222,0.32154,3.07265,35.0,0.89378,8.4689
activity_only,42,21,99,18.53659,8.58897,8.48287,6.4042,0.72727,0.31951,3.06601,35.0,0.89657,8.48287
activity_only,42,22,99,18.55956,8.58897,8.49959,6.39505,0.72727,0.31903,3.05371,35.0,0.89992,8.49959
activity_only,42,23,99,18.83657,8.60258,8.51242,6.39505,0.73438,0.31903,2.98534,35.0,0.90248,8.51242
activity_only,42,24,99,18.83657,8.60258,8.51451,6.41115,0.73684,0.31682,2.97301,35.0,0.9029,8.51451
activity_only,42,25,100,21.46341,8.60258,8.519269999999999,6.41616,0.74576,0.321845,2.991385,34.0,0.903855,8.519269999999999
activity_only,42,26,100,21.425345,8.65028,8.52222,6.412695,0.74576,0.3225,3.0388349999999997,34.0,0.90444,8.52222
activity_only,42,27,100,22.51225,8.65028,8.52469,6.406980000000001,0.74576,0.34678,3.024005,34.0,0.9049400000000001,8.52469
activity_only,42,28,100,21.425345,8.65028,8.52532,6.41364,0.74576,0.32437,3.0719950000000003,34.0,0.905065,8.52532
activity_only,42,29,100,21.46341,8.65028,8.527935,6.41115,0.74576,0.32311999999999996,3.0719950000000003,34.0,0.9055850000000001,8.527935
activity_only,42,30,100,21.46341,8.65028,8.529399999999999,6.41115,0.74576,0.32311999999999996,3.04922,34.0,0.90588,8.529399999999999
activity_only,42,31,100,21.46341,8.65028,8.530255,6.406835,0.74576,0.32311999999999996,3.05247,34.0,0.90605,8.530255
activity_only,42,32,100,22.600635,8.65028,8.532855,6.425445,0.745895,0.34473,3.05247,34.0,0.90657,8.532855
activity_only,42,33,100,21.425345,8.65028,8.53442,6.42323,0.74576,0.33738500000000005,3.10526,34.5,0.906885,8.53442
activity_only,42,34,100,18.698065,8.65028,8.53868,6.4294150000000005,0.72727,0.33076,3.113695,35.0,0.907735,8.53868
activity_only,42,35,100,18.698065,8.65028,8.540714999999999,6.428015,0.72727,0.33076,3.11928,34.5,0.908145,8.540714999999999
activity_only,42,36,100,18.245095,8.65028,8.543865,6.44344,0.7221949999999999,0.3216,3.1475400000000002,35.0,0.9087700000000001,8.543865
activity_only,42,37,100,17.14836,8.65028,8.55001,6.444699999999999,0.70968,0.30874999999999997,3.15771,35.0,0.9099999999999999,8.55001
activity_only,42,38,100,16.759725,8.65028,8.559875000000002,6.436875000000001,0.70149,0.306745,3.1628999999999996,35.0,0.911975,8.559875000000002
activity_only,42,39,100,15.19568,8.65028,8.56427,6.4463349999999995,0.70149,0.30011,3.1757549999999997,35.0,0.9128499999999999,8.56427
activity_only,42,40,100,14.567105,8.65028,8.571539999999999,6.447285,0.70149,0.306745,3.1757549999999997,35.0,0.914305,8.571539999999999
activity_only,42,41,100,14.07888,8.65028,8.580960000000001,6.45512,0.69631,0.29172,3.229965,35.0,0.9161900000000001,8.580960000000001
activity_only,42,42,100,12.19512,8.65028,8.58741,6.461955,0.6870350000000001,0.265465,3.229965,36.0,0.91748,8.58741
activity_only,42,43,100,12.191745000000001,8.65028,8.58897,6.462125,0.68657,0.265465,3.229965,36.0,0.91779,8.58897
activity_only,42,44,100,11.565574999999999,8.65028,8.58989,6.4653,0.6875,0.255305,3.22577,36.0,0.91798,8.58989
activity_only,42,45,100,11.565574999999999,8.65028,8.590209999999999,6.468945,0.6857500000000001,0.250315,3.253555,36.0,0.91804,8.590209999999999
activity_only,42,46,100,11.565574999999999,8.65028,8.59413,6.47519,0.6857500000000001,0.24871500000000002,3.2387449999999998,36.0,0.91883,8.59413
activity_only,42,47,100,11.91508,8.65028,8.596689999999999,6.493535,0.6857500000000001,0.252335,3.233295,36.0,0.91934,8.596689999999999
activity_only,42,48,100,12.191745000000001,8.65028,8.59867,6.50121,0.6875,0.26992499999999997,3.22161,36.0,0.919735,8.59867
activity_only,42,49,100,13.595215,8.65028,8.60082,6.492,0.69536,0.26992499999999997,3.18731,35.0,0.92016,8.60082
activity_only,42,50,100,13.595215,8.65028,8.60082,6.489525,0.691745,0.268035,3.201925,35.0,0.92016,8.60082
activity_only,43,0,100,100.0,8.56234,6.514155,6.699425,1.0,0.53384,2.744945,29.0,0.50283,6.514155
activity_only,43,1,50,8.67081,8.1484,7.09215,6.58156,0.57318,0.508215,3.07576,28.0,0.61843,7.09215
activity_only,43,2,62,7.6934450000000005,8.1484,7.243024999999999,6.6318850000000005,0.56621,0.466255,3.14051,31.0,0.6486050000000001,7.243024999999999
activity_only,43,3,70,7.231165000000001,8.1484,7.4470849999999995,6.648575,0.56452,0.394725,3.245635,32.0,0.689415,7.4470849999999995
activity_only,43,4,77,7.12909,8.23029,7.59748,6.62007,0.57143,0.404,3.2436,32.0,0.7195,7.59748
activity_only,43,5,85,8.28516,8.23029,7.71135,6.64616,0.58108,0.41609,3.25966,31.0,0.74227,7.71135
activity_only,43,6,89,7.98122,8.45932,7.80408,6.62435,0.57812,0.46601,3.32638,31.0,0.76082,7.80408
activity_only,43,7,89,8.08511,8.45932,7.86273,6.70266,0.5873,0.42247,3.2378,32.0,0.77255,7.86273
activity_only,43,8,89,8.67052,8.45932,7.91484,6.71119,0.61404,0.42521,3.15276,31.0,0.78297,7.91484
activity_only,43,9,90,9.887685000000001,8.45932,7.975275,6.7186,0.61981,0.43043,3.07096,32.0,0.795055,7.975275
activity_only,43,10,91,10.80332,8.45932,8.01958,6.71915,0.62903,0.4235,3.10425,32.0,0.80392,8.01958
activity_only,43,11,91,11.32404,8.45932,8.07274,6.72122,0.65333,0.42521,3.04417,32.0,0.81455,8.07274
activity_only,43,12,91,11.94969,8.45932,8.11075,6.72784,0.67164,0.43398,3.02438,32.0,0.82215,8.11075
activity_only,43,13,92,14.796299999999999,8.45932,8.11303,6.72453,0.67213,0.44023,2.9825,32.0,0.822605,8.11303
activity_only,43,14,94,14.993675,8.45932,8.13927,6.75025,0.677475,0.45676,3.0019549999999997,31.0,0.827855,8.13927
activity_only,43,15,94,17.091450000000002,8.45932,8.143339999999998,6.76154,0.690525,0.460225,2.982605,31.0,0.828665,8.143339999999998
activity_only,43,16,95,18.71921,8.56221,8.16688,6.7619,0.70175,0.46189,3.02423,31.0,0.83338,8.16688
activity_only,43,17,95,19.0779,8.56221,8.1748,6.76467,0.70423,0.46008,3.00983,31.0,0.83496,8.1748
activity_only,43,18,95,23.50674,8.56221,8.187,6.76763,0.72131,0.46374,2.97492,31.0,0.8374,8.187
activity_only,43,19,97,22.11055,8.56221,8.19545,6.7619,0.71212,0.46008,2.97492,31.0,0.83909,8.19545
activity_only,43,20,97,23.50674,8.56221,8.1985,6.76763,0.72131,0.45344,2.96316,31.0,0.8397,8.1985
activity_only,43,21,97,23.50674,8.56221,8.2013,6.76155,0.72131,0.446,2.95124,31.0,0.84026,8.2013
activity_only,43,22,97,23.50674,8.56221,8.20143,6.73356,0.72131,0.45344,2.95201,31.0,0.84029,8.20143
activity_only,43,23,97,24.10016,8.56221,8.20291,6.7619,0.72549,0.45344,2.96316,31.0,0.84058,8.20291
activity_only,43,24,98,23.973770000000002,8.56221,8.20781,6.76459,0.72549,0.439835,2.979515,31.0,0.84156,8.20781
activity_only,43,25,98,22.322879999999998,8.56221,8.214115,6.758,0.72308,0.420535,2.9690399999999997,31.0,0.8428249999999999,8.214115
activity_only,43,26,98,21.35378,8.56221,8.21973,6.76992,0.72308,0.404995,2.977905,31.5,0.843945,8.21973
activity_only,43,27,98,22.54953,8.56221,8.227565,6.79023,0.724285,0.404995,2.982005,31.0,0.845515,8.227565
activity_only,43,28,98,20.725435,8.56221,8.2341,6.787455,0.7221949999999999,0.400705,2.982005,32.0,0.84682,8.2341
activity_only,43,29,98,19.140515,8.56221,8.24013,6.776719999999999,0.7082299999999999,0.400705,2.98717,32.0,0.8480300000000001,8.24013
activity_only,43,30,98,17.83321,8.56221,8.243670000000002,6.77368,0.71154,0.37521,3.007255,32.0,0.848735,8.243670000000002
activity_only,43,31,98,19.68657,8.56221,8.244435,6.758,0.712915,0.394555,2.982005,31.5,0.8488899999999999,8.244435
activity_only,43,32,98,18.3078,8.56221,8.24592,6.746790000000001,0.7082299999999999,0.385225,2.972025,32.0,0.84918,8.24592
activity_only,43,33,98,20.204165,8.56221,8.250415,6.758,0.7178,0.384865,2.9577,32.0,0.850085,8.250415
activity_only,43,34,98,20.204165,8.56221,8.251025,6.746790000000001,0.72131,0.36829999999999996,2.972025,32.5,0.8502050000000001,8.251025
activity_only,43,35,98,21.023945,8.56221,8.252265,6.7747399999999995,0.72308,0.352255,2.982005,33.0,0.8504499999999999,8.252265
activity_only,43,36,98,18.793785,8.56221,8.25478,6.79062,0.7178,0.32896000000000003,2.98717,33.5,0.850955,8.25478
activity_only,43,37,98,20.079415,8.56221,8.265035000000001,6.758,0.72308,0.325795,2.98717,34.0,0.853005,8.265035000000001
activity_only,43,38,98,16.932389999999998,8.56221,8.26909,6.758,0.712915,0.323975,2.97992,34.0,0.85382,8.26909
activity_only,43,39,98,17.658995,8.56221,8.273485,6.800645,0.71429,0.32772500000000004,2.90466,34.0,0.854695,8.273485
activity_only,43,40,98,17.658995,8.56221,8.273485,6.8093699999999995,0.712915,0.33425499999999997,2.89292,34.0,0.854695,8.273485
activity_only,43,41,98,17.06901,8.56221,8.277995,6.816694999999999,0.712915,0.327595,2.891715,34.0,0.8556,8.277995
activity_only,43,42,98,16.650489999999998,8.56221,8.280225,6.8205849999999995,0.712915,0.325795,2.90466,34.0,0.856045,8.280225
activity_only,43,43,98,17.944735,8.56221,8.285415,6.85673,0.719875,0.323395,2.8595800000000002,34.0,0.8570850000000001,8.285415
activity_only,43,44,98,17.115054999999998,8.56221,8.289860000000001,6.864750000000001,0.71548,0.325955,2.84659,34.5,0.8579699999999999,8.289860000000001
activity_only,43,45,98,17.115054999999998,8.56221,8.29195,6.864750000000001,0.71548,0.325955,2.841195,34.5,0.85839,8.29195
activity_only,43,46,98,17.658995,8.56221,8.29313,6.86403,0.72308,0.325955,2.831925,35.0,0.858625,8.29313
activity_only,43,47,98,18.02575,8.56221,8.30348,6.85673,0.731595,0.32853,2.815965,35.0,0.8607,8.30348
activity_only,43,48,98,18.009414999999997,8.56221,8.305825,6.87966,0.731595,0.325955,2.82375,35.0,0.861165,8.305825
activity_only,43,49,98,20.85386,8.56221,8.313315,6.906765,0.74074,0.33087,2.80989,34.5,0.86266,8.313315
activity_only,43,50,98,21.023945,8.56221,8.31362,6.911665,0.74074,0.333405,2.80989,34.0,0.86272,8.31362
activity_only,44,0,100,100.0,8.88689,6.5950500000000005,6.802695,1.0,0.5159549999999999,2.964695,29.0,0.51901,6.5950500000000005
activity_only,44,1,53,5.81717,8.36899,7.01452,6.57502,0.5,0.43907,3.2174,30.0,0.6029,7.01452
activity_only,44,2,65,6.62021,8.48039,7.34211,6.64459,0.53333,0.37813,3.28013,31.0,0.66842,7.34211
activity_only,44,3,71,6.80851,8.48039,7.54547,6.63656,0.55,0.339,3.27332,32.0,0.70909,7.54547
activity_only,44,4,79,6.37119,8.48039,7.59062,6.61669,0.52874,0.3216,3.35184,31.0,0.71812,7.59062
activity_only,44,5,82,6.893685,8.48039,7.728445000000001,6.70374,0.560255,0.32072999999999996,3.37666,32.0,0.7456849999999999,7.728445000000001
activity_only,44,6,82,7.26055,8.48039,7.80769,6.713570000000001,0.54809,0.315125,3.4546200000000002,31.5,0.761535,7.80769
activity_only,44,7,83,7.47922,8.48039,7.89864,6.68575,0.57143,0.33476,3.50666,31.0,0.77973,7.89864
activity_only,44,8,84,8.374285,8.48039,8.027235000000001,6.681925,0.5920650000000001,0.330565,3.6135,31.0,0.805445,8.027235000000001
activity_only,44,9,85,7.76119,8.48039,8.08921,6.73945,0.57143,0.33476,3.60679,31.0,0.81784,8.08921
activity_only,44,10,87,8.01394,8.48039,8.13125,6.73718,0.57143,0.36725,3.51464,31.0,0.82625,8.13125
activity_only,44,11,88,8.657835,8.48039,8.151825,6.724795,0.575345,0.39915999999999996,3.55533,31.0,0.830365,8.151825
activity_only,44,12,90,9.12964,8.56573,8.185665,6.724795,0.577935,0.40718,3.459345,31.0,0.8371299999999999,8.185665
activity_only,44,13,90,9.209255,8.56573,8.21711,6.6641449999999995,0.577935,0.42675,3.459345,30.0,0.8434200000000001,8.21711
activity_only,44,14,91,9.97442,8.56573,8.23652,6.77713,0.58904,0.40047,3.3859,31.0,0.8473,8.23652
activity_only,44,15,91,9.68858,8.56573,8.2552,6.81698,0.6,0.36801,3.42143,31.0,0.85104,8.2552
activity_only,44,16,91,9.85915,8.56573,8.2854,6.90741,0.62025,0.37414,3.38249,31.0,0.85708,8.2854
activity_only,44,17,91,10.06289,8.56573,8.28631,6.90415,0.63291,0.38986,3.36299,30.0,0.85726,8.28631
activity_only,44,18,91,11.48936,8.56573,8.30111,6.91134,0.64384,0.39846,3.36299,30.0,0.86022,8.30111
activity_only,44,19,91,14.19753,8.71167,8.34914,6.90741,0.65625,0.41389,3.27933,30.0,0.86983,8.34914
activity_only,44,20,92,16.077395000000003,8.71167,8.3536,6.928229999999999,0.68582,0.39946499999999996,3.2016600000000004,30.0,0.8707199999999999,8.3536
activity_only,44,21,92,16.258960000000002,8.71167,8.355744999999999,6.928229999999999,0.688415,0.40718,3.11268,30.5,0.87115,8.355744999999999
activity_only,44,22,92,18.49559,8.71167,8.361185,6.928229999999999,0.696175,0.40718,3.112915,30.0,0.872235,8.361185
activity_only,44,23,94,19.0793,8.71167,8.36398,6.928229999999999,0.696175,0.43191,3.1215200000000003,30.0,0.872795,8.36398
activity_only,44,24,94,21.342775000000003,8.71167,8.372274999999998,6.973585,0.703205,0.43191,3.29192,30.0,0.874455,8.372274999999998
activity_only,44,25,94,22.29965,8.71167,8.377375,6.981809999999999,0.70991,0.437315,3.315,30.0,0.875475,8.377375
activity_only,44,26,94,21.106925,8.71167,8.383,6.9643250000000005,0.70612,0.420025,3.281205,31.0,0.8766,8.383
activity_only,44,27,94,21.896375,8.71167,8.389199999999999,6.954034999999999,0.707505,0.40617499999999995,3.252415,31.0,0.87784,8.389199999999999
activity_only,44,28,94,23.37043,8.71167,8.396145,6.8799399999999995,0.72308,0.39536,3.1491499999999997,32.0,0.87923,8.396145
activity_only,44,29,94,20.742325,8.71167,8.398869999999999,6.769674999999999,0.71429,0.39679,3.1491499999999997,32.0,0.879775,8.398869999999999
activity_only,44,30,94,18.66684,8.71167,8.404905,6.747450000000001,0.718685,0.39679,3.1491499999999997,32.0,0.880985,8.404905
activity_only,44,31,94,23.514485,8.71167,8.411175,6.687519999999999,0.72654,0.43185,3.100105,30.5,0.882235,8.411175
activity_only,44,32,94,25.421905,8.71167,8.423325,6.65898,0.737055,0.438615,3.0708599999999997,31.0,0.884665,8.423325
activity_only,44,33,94,25.9466,8.71167,8.426365,6.6208,0.73438,0.438615,3.04033,30.5,0.885275,8.426365
activity_only,44,34,94,24.264645,8.71167,8.427685,6.608055,0.72727,0.437255,3.02526,31.0,0.885535,8.427685
activity_only,44,35,94,23.082025,8.71167,8.430485000000001,6.594785,0.725225,0.42737,3.03618,31.0,0.8861,8.430485000000001
activity_only,44,36,94,19.87943,8.71167,8.434664999999999,6.5631900000000005,0.72308,0.4249,3.04033,31.0,0.886935,8.434664999999999
activity_only,44,37,94,17.175235,8.71167,8.440035,6.512074999999999,0.713205,0.39383,3.042205,32.0,0.888005,8.440035
activity_only,44,38,94,16.412975,8.71167,8.44304,6.507305,0.71212,0.351345,3.042205,33.0,0.88861,8.44304
activity_only,44,39,94,15.628575000000001,8.71167,8.446365,6.5291999999999994,0.709905,0.351345,3.047415,33.0,0.889275,8.446365
activity_only,44,40,94,15.89395,8.71167,8.448995,6.532385,0.7076199999999999,0.357655,3.03618,33.0,0.8897999999999999,8.448995
activity_only,44,41,94,15.060625,8.71167,8.453714999999999,6.52646,0.700745,0.34856,3.03618,34.0,0.8907449999999999,8.453714999999999
activity_only,44,42,94,14.39024,8.71167,8.459209999999999,6.5231650000000005,0.69697,0.33303499999999997,2.9994300000000003,34.5,0.89184,8.459209999999999
activity_only,44,43,94,14.39024,8.71167,8.465065,6.503265,0.6946,0.32828999999999997,3.03618,34.5,0.89301,8.465065
activity_only,44,44,94,14.64193,8.71167,8.47348,6.51088,0.6952849999999999,0.32828999999999997,3.03618,34.5,0.894695,8.47348
activity_only,44,45,94,15.060625,8.71167,8.47489,6.5231650000000005,0.69697,0.32828999999999997,3.0245800000000003,35.0,0.89498,8.47489
activity_only,44,46,94,15.27339,8.71167,8.481105,6.5360949999999995,0.700745,0.339055,2.97932,34.0,0.89622,8.481105
activity_only,44,47,94,15.561115000000001,8.71167,8.48632,6.51555,0.70472,0.339055,2.9709950000000003,34.0,0.89726,8.48632
activity_only,44,48,95,14.89362,8.71167,8.49453,6.49241,0.69841,0.32816,2.9733,35.0,0.89891,8.49453
activity_only,44,49,95,15.51247,8.71167,8.50007,6.47674,0.69697,0.33562,2.98534,35.0,0.90001,8.50007
activity_only,44,50,95,14.39024,8.71167,8.50335,6.49352,0.68966,0.34267,2.97692,34.0,0.90067,8.50335
activity_only,45,0,100,100.0,8.50158,6.71856,6.6071100000000005,1.0,0.493815,2.916545,30.0,0.543715,6.71856
activity_only,45,1,49,7.15421,8.30795,6.90182,6.49513,0.53125,0.43126,3.2914,31.0,0.58036,6.90182
activity_only,45,2,60,8.676185,8.30795,7.367825,6.505129999999999,0.566425,0.432995,3.274775,31.0,0.673565,7.367825
activity_only,45,3,69,11.00629,8.50229,7.64599,6.46915,0.62121,0.4167,3.27949,30.0,0.7292,7.64599
activity_only,45,4,77,12.20657,8.5288,7.81479,6.46915,0.63492,0.37382,3.4419,31.0,0.76296,7.81479
activity_only,45,5,81,13.55932,8.61917,8.03614,6.42606,0.64615,0.36698,3.3298,32.0,0.80723,8.03614
activity_only,45,6,85,14.94253,8.61917,8.15131,6.33246,0.67164,0.3261,3.31327,32.0,0.83026,8.15131
activity_only,45,7,87,16.37631,8.61917,8.18855,6.31149,0.68,0.30703,3.35286,32.0,0.83771,8.18855
activity_only,45,8,89,21.66405,8.61917,8.25077,6.29196,0.70968,0.30703,3.28212,32.0,0.85015,8.25077
activity_only,45,9,91,21.66405,8.61917,8.27777,6.29196,0.70968,0.27949,3.26504,33.0,0.85555,8.27777
activity_only,45,10,91,21.75274,8.61917,8.28973,6.29376,0.72368,0.27949,3.30259,33.0,0.85795,8.28973
activity_only,45,11,91,22.68293,8.61917,8.30547,6.26246,0.72727,0.27863,3.32502,34.0,0.86109,8.30547
activity_only,45,12,91,17.52739,8.61917,8.32532,6.29196,0.71186,0.26728,3.26504,34.0,0.86506,8.32532
activity_only,45,13,92,16.271774999999998,8.61917,8.38401,6.329359999999999,0.6974199999999999,0.275065,3.2276550000000004,34.5,0.8768,8.38401
activity_only,45,14,94,16.0324,8.61917,8.394055000000002,6.391665,0.694125,0.28200000000000003,3.2137700000000002,34.0,0.87881,8.394055000000002
activity_only,45,15,94,14.77833,8.61917,8.41798,6.403535,0.685855,0.28346499999999997,3.17909,34.0,0.8836,8.41798
activity_only,45,16,94,13.587430000000001,8.61917,8.43316,6.4607600000000005,0.677445,0.304865,3.137745,34.0,0.8866350000000001,8.43316
activity_only,45,17,96,16.321235,8.61917,8.45236,6.430525,0.68909,0.32284999999999997,3.061165,33.0,0.89047,8.45236
activity_only,45,18,96,15.972805000000001,8.61917,8.461705,6.403525,0.68801,0.31536,3.067635,34.0,0.8923449999999999,8.461705
activity_only,45,19,96,16.89751,8.61917,8.466045000000001,6.4008199999999995,0.69841,0.320565,3.067635,34.0,0.8932100000000001,8.466045000000001
activity_only,45,20,97,16.91297,8.61917,8.47705,6.40547,0.69841,0.32326,3.06,34.0,0.89541,8.47705
activity_only,45,21,97,16.89751,8.61917,8.48089,6.40158,0.69841,0.3222,3.04913,34.0,0.89618,8.48089
activity_only,45,22,98,20.310465,8.61917,8.501294999999999,6.40136,0.72131,0.34514500000000004,2.997115,33.0,0.9002600000000001,8.501294999999999
activity_only,45,23,98,20.184355,8.61917,8.50663,6.402075,0.72719,0.330935,3.047575,34.0,0.90133,8.50663
activity_only,45,24,99,20.42553,8.61917,8.51034,6.40549,0.73333,0.33442,3.01484,34.0,0.90207,8.51034
activity_only,45,25,99,21.90923,8.61917,8.51604,6.42907,0.73438,0.35243,2.98262,34.0,0.90321,8.51604
activity_only,45,26,99,21.88366,8.63344,8.52115,6.44682,0.74576,0.34974,2.97301,34.0,0.90423,8.52115
activity_only,45,27,99,23.65854,8.63344,8.52564,6.45063,0.75,0.34974,2.93756,34.0,0.90513,8.52564
activity_only,45,28,99,24.37673,8.63344,8.52694,6.45116,0.75385,0.36429,2.92295,34.0,0.90539,8.52694
activity_only,45,29,100,23.83869,8.64763,8.52783,6.451549999999999,0.751925,0.35058,2.941515,34.0,0.905565,8.52783
activity_only,45,30,100,23.631845,8.64763,8.529275,6.449095,0.751925,0.35493,2.941515,33.0,0.9058550000000001,8.529275
activity_only,45,31,100,23.631845,8.64763,8.53292,6.455405,0.75,0.348695,2.96206,33.0,0.906585,8.53292
activity_only,45,32,100,23.631845,8.64763,8.53781,6.46396,0.75,0.344025,2.9711049999999997,33.0,0.907565,8.53781
activity_only,45,33,100,23.631845,8.64763,8.542895000000001,6.457660000000001,0.748015,0.34615,2.9791749999999997,34.0,0.9085799999999999,8.542895000000001
activity_only,45,34,100,22.975814999999997,8.64763,8.544535,6.451285,0.74576,0.34615,3.016705,34.0,0.90891,8.544535
activity_only,45,35,100,21.96532,8.64763,8.546115,6.44719,0.73438,0.34615,3.03647,33.5,0.90922,8.546115
activity_only,45,36,100,20.639695,8.65002,8.54934,6.44719,0.733855,0.33746,3.04078,34.0,0.90987,8.54934
activity_only,45,37,100,19.4762,8.65002,8.55176,6.451285,0.73016,0.34081,3.04894,35.0,0.910355,8.55176
activity_only,45,38,100,18.88247,8.65002,8.555295000000001,6.451285,0.72308,0.33108499999999996,3.04894,35.0,0.911055,8.555295000000001
activity_only,45,39,100,18.694965,8.65002,8.560375,6.45221,0.7258249999999999,0.32164000000000004,3.04894,35.0,0.912075,8.560375
activity_only,45,40,100,19.136525,8.65002,8.562104999999999,6.46396,0.7258249999999999,0.32164000000000004,3.058825,35.0,0.91242,8.562104999999999
activity_only,45,41,100,17.94425,8.65002,8.57013,6.46824,0.72308,0.31362500000000004,3.065615,35.0,0.91403,8.57013
activity_only,45,42,100,17.382475,8.65002,8.573655,6.47332,0.72308,0.32164000000000004,3.0728150000000003,35.0,0.91473,8.573655
activity_only,45,43,100,17.908295000000003,8.65002,8.579625,6.466035,0.72308,0.33557000000000003,3.0793,35.0,0.915925,8.579625
activity_only,45,44,100,17.382475,8.66085,8.582895,6.46396,0.7221949999999999,0.331985,3.0955000000000004,35.0,0.91658,8.582895
activity_only,45,45,100,16.402735,8.66881,8.58623,6.458875,0.71212,0.30661499999999997,3.11655,35.0,0.917245,8.58623
activity_only,45,46,100,16.772845,8.6866,8.590955000000001,6.44331,0.7152149999999999,0.31346,3.08933,35.0,0.9181900000000001,8.590955000000001
activity_only,45,47,100,15.83728,8.6866,8.594755,6.453015000000001,0.70991,0.31122,3.09044,35.0,0.91895,8.594755
activity_only,45,48,100,15.83728,8.6866,8.597435,6.453695,0.70991,0.31122,3.0980600000000003,35.0,0.919485,8.597435
activity_only,45,49,100,14.551120000000001,8.6866,8.60082,6.47551,0.70149,0.30257,3.13912,35.0,0.92016,8.60082
activity_only,45,50,100,13.94765,8.6866,8.602129999999999,6.489155,0.70149,0.29957999999999996,3.162995,35.0,0.920425,8.602129999999999
activity_only,46,0,100,100.0,8.71457,6.490385,6.761205,1.0,0.5439350000000001,2.8631349999999998,28.0,0.49807999999999997,6.490385
activity_only,46,1,53,6.3593,8.06391,6.9672,6.5735,0.53846,0.37102,3.38412,32.0,0.59344,6.9672
activity_only,46,2,60,6.6991,8.22857,7.26774,6.5594,0.557535,0.31836,3.48857,33.0,0.6535500000000001,7.26774
activity_only,46,3,67,7.20222,8.48404,7.55265,6.52827,0.58065,0.33883,3.549,33.0,0.71053,7.55265
activity_only,46,4,73,8.08511,8.58714,7.70434,6.5327,0.58065,0.33904,3.48828,32.0,0.74087,7.70434
activity_only,46,5,79,9.0535,8.58714,7.82712,6.5213,0.58462,0.36172,3.40055,32.0,0.76542,7.82712
activity_only,46,6,85,9.0535,8.58714,7.88419,6.49372,0.60976,0.37223,3.362,32.0,0.77684,7.88419
activity_only,46,7,88,8.96926,8.58714,7.964105,6.48549,0.6119,0.36292,3.3610100000000003,32.0,0.7928200000000001,7.964105
activity_only,46,8,91,8.69565,8.58714,8.01393,6.48135,0.59259,0.33375,3.3475,32.0,0.80279,8.01393
activity_only,46,9,92,8.96926,8.58714,8.047004999999999,6.46574,0.60938,0.33345,3.33648,31.0,0.8094,8.047004999999999
activity_only,46,10,94,8.586445000000001,8.58714,8.094915,6.45337,0.60231,0.33101,3.33904,32.0,0.8189850000000001,8.094915
activity_only,46,11,94,9.83088,8.58714,8.119295,6.438105,0.62381,0.32294500000000004,3.3610100000000003,32.5,0.823855,8.119295
activity_only,46,12,95,10.01565,8.58714,8.16297,6.4643,0.62903,0.32887,3.37618,33.0,0.83259,8.16297
activity_only,46,13,95,10.32864,8.58714,8.22857,6.43064,0.64516,0.32887,3.35587,33.0,0.84571,8.22857
activity_only,46,14,96,12.27854,8.58714,8.235675,6.396235000000001,0.663845,0.312225,3.3701350000000003,33.0,0.847135,8.235675
activity_only,46,15,96,12.744915,8.58714,8.25,6.373735,0.674175,0.312225,3.33904,33.0,0.85,8.25
activity_only,46,16,96,12.27854,8.58714,8.263635,6.3894400000000005,0.67797,0.300145,3.33904,33.0,0.852725,8.263635
activity_only,46,17,96,15.73171,8.58714,8.292864999999999,6.3894400000000005,0.6910350000000001,0.307465,3.27637,33.5,0.8585750000000001,8.292864999999999
activity_only,46,18,96,15.85366,8.58714,8.31316,6.42517,0.695675,0.31576000000000004,3.275245,33.0,0.862635,8.31316
activity_only,46,19,96,15.73171,8.58714,8.333179999999999,6.453329999999999,0.6910350000000001,0.33101,3.2048300000000003,33.0,0.866635,8.333179999999999
activity_only,46,20,96,14.18031,8.589,8.367695,6.4718800000000005,0.68909,0.31655,3.1965450000000004,34.0,0.87354,8.367695
activity_only,46,21,96,15.09101,8.589,8.38819,6.498755,0.6922900000000001,0.326065,3.1771599999999998,34.0,0.8776349999999999,8.38819
activity_only,46,22,96,11.7815,8.589,8.40796,6.5255849999999995,0.677445,0.360535,3.1771599999999998,34.0,0.881595,8.40796
activity_only,46,23,96,12.9914,8.60082,8.419175,6.551985,0.68109,0.36934500000000003,3.1584,34.0,0.8838349999999999,8.419175
activity_only,46,24,96,15.09101,8.60082,8.437100000000001,6.558735,0.690985,0.382455,3.12226,34.0,0.88742,8.437100000000001
activity_only,46,25,96,14.29184,8.60082,8.454445,6.533025,0.693615,0.400675,3.10951,34.0,0.89089,8.454445
activity_only,46,26,96,14.169915,8.60082,8.464875,6.506825,0.696315,0.368455,3.146855,34.0,0.8929750000000001,8.464875
activity_only,46,27,96,12.276635,8.60082,8.476984999999999,6.495105000000001,0.69556,0.35350000000000004,3.14049,34.5,0.8954,8.476984999999999
activity_only,46,28,96,11.861934999999999,8.60082,8.48597,6.521995,0.693615,0.35350000000000004,3.146855,34.5,0.897195,8.48597
activity_only,46,29,97,12.74238,8.60082,8.49351,6.52269,0.69492,0.35876,3.17842,35.0,0.8987,8.49351
activity_only,46,30,97,13.90244,8.60082,8.49575,6.52989,0.69841,0.36239,3.15522,35.0,0.89915,8.49575
activity_only,46,31,97,14.32836,8.60082,8.50228,6.50699,0.69841,0.36923,3.15089,34.0,0.90046,8.50228
activity_only,46,32,98,14.359300000000001,8.61194,8.50684,6.475474999999999,0.70968,0.362185,3.14295,35.0,0.90137,8.50684
activity_only,46,33,98,14.63415,8.61194,8.516905,6.46838,0.713205,0.36037,3.12105,34.0,0.90338,8.516905
activity_only,46,34,98,15.365855,8.61194,8.51885,6.469345000000001,0.713205,0.357935,3.115995,34.0,0.90377,8.51885
activity_only,46,35,98,16.291345,8.61194,8.521560000000001,6.468325,0.71429,0.36024500000000004,3.1358800000000002,34.0,0.90431,8.521560000000001
activity_only,46,36,98,18.245095,8.61194,8.526945000000001,6.462315,0.73333,0.36206,3.113995,34.0,0.9053899999999999,8.526945000000001
activity_only,46,37,98,19.538494999999998,8.61194,8.5288,6.4640699999999995,0.73333,0.36024500000000004,3.113995,34.0,0.90576,8.5288
activity_only,46,38,98,20.115605000000002,8.61194,8.531595,6.462315,0.73333,0.36206,3.1038449999999997,34.0,0.90632,8.531595
activity_only,46,39,98,19.843204999999998,8.61194,8.536275,6.462315,0.73333,0.36434500000000003,3.0947050000000003,34.0,0.9072549999999999,8.536275
activity_only,46,40,98,20.115605000000002,8.61194,8.54138,6.459465,0.73333,0.36206,3.092885,34.0,0.9082749999999999,8.54138
activity_only,46,41,98,17.945635,8.61194,8.549710000000001,6.4604099999999995,0.7303,0.36024500000000004,3.09619,34.0,0.909945,8.549710000000001
activity_only,46,42,98,17.653255,8.61194,8.554079999999999,6.4604099999999995,0.7303,0.35499,3.06459,35.0,0.9108149999999999,8.554079999999999
activity_only,46,43,98,17.10547,8.63472,8.558990000000001,6.4633199999999995,0.725705,0.352015,3.0745649999999998,35.0,0.9117999999999999,8.558990000000001
activity_only,46,44,98,15.61758,8.6564,8.568114999999999,6.469475,0.71429,0.33757000000000004,3.08641,35.5,0.913625,8.568114999999999
activity_only,46,45,98,15.31792,8.6564,8.573805,6.469475,0.70968,0.31137499999999996,3.09619,36.0,0.91476,8.573805
activity_only,46,46,98,15.31792,8.6564,8.574745,6.4684550000000005,0.715355,0.313225,3.0855550000000003,36.0,0.91495,8.574745
activity_only,46,47,99,15.22158,8.6564,8.57861,6.47402,0.71642,0.31253,3.08,36.0,0.91572,8.57861
activity_only,46,48,99,14.89362,8.6564,8.58237,6.46941,0.70968,0.31253,3.08128,36.0,0.91647,8.58237
activity_only,46,49,99,15.22158,8.6564,8.58582,6.46954,0.70968,0.30883,3.08983,36.0,0.91716,8.58582
activity_only,46,50,99,14.12742,8.6564,8.58897,6.46954,0.70968,0.29382,3.09423,36.0,0.91779,8.58897
druglike_only,42,0,100,100.0,8.4666,6.66064,6.59201,1.0,0.51425,2.83206,30.0,0.62456,
druglike_only,42,1,48,8.927215,8.29826,6.34019,6.48834,0.47948,0.644285,2.830725,24.0,0.713285,
druglike_only,42,2,72,9.002455,7.94905,6.264275,6.547585,0.474995,0.74048,2.71604,23.0,0.7747850000000001,
druglike_only,42,3,86,6.8731349999999996,7.94905,6.17431,6.53559,0.44059000000000004,0.78272,2.526465,23.0,0.79588,
druglike_only,42,4,92,6.408385,7.7395,6.120785,6.5641300000000005,0.39096,0.8197,2.50512,22.0,0.81538,
druglike_only,42,5,95,5.76132,7.7395,6.17189,6.54452,0.37681,0.84943,2.46975,22.0,0.82481,
druglike_only,42,6,96,5.14403,7.7395,6.2069600000000005,6.548579999999999,0.372155,0.86145,2.442235,22.0,0.8424,
druglike_only,42,7,99,5.06912,7.72404,6.25044,6.54394,0.36,0.87564,2.44183,22.0,0.85228,
druglike_only,42,8,99,5.14403,7.72404,6.25357,6.5109,0.36486,0.88495,2.39812,22.0,0.85917,
druglike_only,42,9,100,5.106574999999999,7.76454,6.23156,6.50705,0.36358999999999997,0.8867700000000001,2.3352700000000004,22.0,0.862685,
druglike_only,42,10,100,5.06912,7.76454,6.194575,6.501225,0.358055,0.88832,2.230735,21.0,0.865915,
druglike_only,42,11,100,5.106574999999999,7.76454,6.137885,6.50705,0.359175,0.8918550000000001,2.1971100000000003,21.0,0.872075,
druglike_only,42,12,100,5.0036950000000004,7.76454,6.123985,6.5181450000000005,0.359175,0.901615,2.1626399999999997,21.0,0.874765,
druglike_only,42,13,100,5.0036950000000004,7.76454,6.138525,6.526835,0.35665,0.904365,2.142405,21.0,0.87564,
druglike_only,42,14,100,4.77328,7.76454,6.138525,6.5181450000000005,0.35570999999999997,0.90465,2.12721,21.0,0.8795,
druglike_only,42,15,100,4.06137,7.76454,6.138525,6.51999,0.34968,0.9050400000000001,2.09361,21.0,0.882765,
druglike_only,42,16,100,3.940295,7.76454,6.0906400000000005,6.528245,0.344855,0.904365,2.0064849999999996,21.0,0.886935,
druglike_only,42,17,100,3.707725,7.46466,6.0906400000000005,6.528245,0.34053,0.90584,2.01123,21.0,0.88872,
druglike_only,42,18,100,3.707725,7.46466,6.119395000000001,6.542355000000001,0.34053,0.9120299999999999,2.00619,21.0,0.890555,
druglike_only,42,19,100,3.90947,7.46466,6.146775,6.53196,0.34053,0.9120299999999999,1.98705,21.0,0.89245,
druglike_only,42,20,100,3.90947,7.46466,6.119395000000001,6.54454,0.33899999999999997,0.91233,1.9460799999999998,21.0,0.89452,
druglike_only,42,21,100,3.90947,7.46466,6.119395000000001,6.545305,0.338585,0.91233,1.935535,21.0,0.895765,
druglike_only,42,22,100,4.21995,7.46466,6.03968,6.54454,0.33899999999999997,0.9160349999999999,1.929915,21.5,0.898245,
druglike_only,42,23,100,4.34783,7.46466,6.032954999999999,6.541285,0.34356,0.91648,1.935275,21.0,0.8990750000000001,
druglike_only,42,24,100,4.031594999999999,7.46466,6.068055,6.545235,0.33899999999999997,0.9172199999999999,1.922365,21.0,0.902755,
druglike_only,42,25,100,4.21995,7.46466,6.032954999999999,6.54454,0.33899999999999997,0.919075,1.929915,21.0,0.903985,
druglike_only,42,26,100,4.475705,7.46466,6.03595,6.545235,0.33913499999999996,0.919075,1.9100100000000002,21.0,0.905395,
druglike_only,42,27,100,4.34783,7.46466,6.0079899999999995,6.545305,0.33835,0.91964,1.908315,21.5,0.9062650000000001,
druglike_only,42,28,100,3.946345,7.46466,6.0160350000000005,6.54771,0.335785,0.92201,1.877465,22.0,0.9070849999999999,
druglike_only,42,29,100,3.91552,7.46466,5.96941,6.55699,0.33872,0.92376,1.87049,22.0,0.9097,
druglike_only,42,30,100,4.34783,7.46466,5.98038,6.55699,0.33898,0.924385,1.8555700000000002,21.0,0.911795,
druglike_only,42,31,100,4.1594750000000005,7.46466,6.016145,6.565335,0.33333,0.924935,1.8474949999999999,21.0,0.91414,
druglike_only,42,32,100,4.1594750000000005,7.46466,6.033065,6.565335,0.33872,0.926665,1.83853,21.0,0.915465,
druglike_only,42,33,100,4.34783,7.46466,6.03514,6.560725,0.335895,0.926665,1.837415,21.0,0.91557,
druglike_only,42,34,100,4.1594750000000005,7.46466,6.0450800000000005,6.565335,0.335895,0.9293800000000001,1.83853,21.5,0.91586,
druglike_only,42,35,100,4.605935000000001,7.46466,6.1056550000000005,6.574645,0.33949,0.93085,1.828435,21.0,0.9170799999999999,
druglike_only,42,36,100,4.60829,7.46466,6.1056550000000005,6.574645,0.34633499999999995,0.93085,1.8245200000000001,21.0,0.9172499999999999,
druglike_only,42,37,100,4.60829,7.46466,6.161465,6.567995,0.34633499999999995,0.93279,1.8194,21.0,0.9178850000000001,
druglike_only,42,38,100,4.60829,7.42627,6.14323,6.575385,0.353395,0.93313,1.8224900000000002,21.0,0.91823,
druglike_only,42,39,100,4.8157049999999995,7.42627,6.09646,6.575385,0.34785,0.93396,1.812205,21.0,0.9194100000000001,
druglike_only,42,40,100,4.60829,7.42627,6.053135,6.5761400000000005,0.3458,0.93438,1.804435,21.0,0.91972,
druglike_only,42,41,100,4.77624,7.42627,6.02923,6.5765150000000006,0.35070999999999997,0.93438,1.79536,21.0,0.9203950000000001,
druglike_only,42,42,100,4.650715,7.56622,6.045035,6.574495,0.35070999999999997,0.93396,1.7713450000000002,21.0,0.9211499999999999,
druglike_only,42,43,100,4.650715,7.56622,6.034905,6.575385,0.348845,0.93396,1.770615,21.0,0.9211499999999999,
druglike_only,42,44,100,4.898805,7.56622,6.045035,6.574495,0.34549,0.93438,1.770615,21.0,0.921225,
druglike_only,42,45,100,4.60829,7.56622,6.053135,6.574495,0.34549,0.93463,1.770615,21.0,0.921225,
druglike_only,42,46,100,4.733815,7.56622,6.07101,6.575415,0.34263,0.93463,1.762195,21.0,0.922005,
druglike_only,42,47,100,4.77328,7.56622,6.11865,6.576715,0.34043,0.935435,1.75494,21.0,0.922955,
druglike_only,42,48,100,5.0036950000000004,7.56622,6.11865,6.576505,0.34043,0.935515,1.752715,21.0,0.92318,
druglike_only,42,49,100,5.06912,7.56622,6.07101,6.576505,0.34263,0.9355549999999999,1.74945,21.0,0.92354,
druglike_only,42,50,100,4.77328,7.56622,6.053135,6.576505,0.34021500000000005,0.935865,1.74945,21.0,0.92381,
druglike_only,43,0,100,100.0,8.56234,6.514155,6.699425,1.0,0.53384,2.744945,29.0,0.64967,
druglike_only,43,1,44,7.47725,7.57216,6.255185,6.510645,0.511585,0.6686000000000001,2.84391,25.0,0.7208600000000001,
druglike_only,43,2,67,6.04134,7.57216,6.25629,6.56112,0.44304,0.73275,2.80564,23.0,0.75623,
druglike_only,43,3,83,6.04134,7.56287,6.25714,6.55596,0.42029,0.76637,2.63383,23.0,0.79756,
druglike_only,43,4,89,5.6266,7.56287,6.19193,6.58802,0.39506,0.80028,2.5327,23.0,0.80885,
druglike_only,43,5,92,5.210695,7.56287,6.144215,6.571434999999999,0.365875,0.8221,2.4733,22.0,0.8234049999999999,
druglike_only,43,6,93,5.06912,7.56287,6.09981,6.55573,0.36232,0.83422,2.35846,22.0,0.84258,
druglike_only,43,7,97,3.8526,7.56287,6.0588,6.5261,0.34483,0.85303,2.21595,23.0,0.85018,
druglike_only,43,8,98,3.69517,7.56287,5.98191,6.54201,0.34269499999999997,0.8618950000000001,2.104895,23.0,0.8604849999999999,
druglike_only,43,9,98,3.69517,7.56287,5.962345,6.54201,0.34307,0.86615,2.095035,23.0,0.8652,
druglike_only,43,10,98,3.69517,7.56287,5.950810000000001,6.55483,0.34041,0.876585,2.030355,23.0,0.8719,
druglike_only,43,11,98,3.68664,7.56287,5.95242,6.551159999999999,0.33813499999999996,0.87979,2.01152,22.5,0.87595,
druglike_only,43,12,98,3.68664,6.69926,5.951555,6.541535,0.335585,0.87979,1.99777,23.0,0.878085,
druglike_only,43,13,98,4.0194600000000005,6.69926,5.96199,6.55483,0.34785,0.887595,1.95113,22.0,0.8838550000000001,
druglike_only,43,14,98,4.107635,6.71736,5.9582250000000005,6.541535,0.338585,0.896895,1.943825,22.0,0.8885799999999999,
druglike_only,43,15,98,4.15162,6.71736,5.949490000000001,6.546614999999999,0.3458,0.90015,1.91597,22.0,0.892565,
druglike_only,43,16,99,3.97112,6.60644,5.94969,6.53445,0.34545,0.90644,1.89015,22.0,0.8978,
druglike_only,43,17,99,4.0678,6.60644,5.94969,6.54862,0.34328,0.90697,1.8805,22.0,0.89825,
druglike_only,43,18,99,4.14747,6.60644,5.95193,6.54461,0.34722,0.90833,1.88089,22.0,0.89868,
druglike_only,43,19,99,4.60829,6.60644,5.97289,6.54633,0.34848,0.90894,1.88443,22.0,0.90005,
druglike_only,43,20,100,5.0036950000000004,6.80437,5.96241,6.556710000000001,0.36066,0.909265,1.879695,22.0,0.901465,
druglike_only,43,21,100,4.85934,6.80437,5.96241,6.53705,0.366025,0.913375,1.8732250000000001,22.0,0.90464,
druglike_only,43,22,100,4.77624,6.61147,5.950435000000001,6.581445,0.36451,0.915535,1.876995,22.0,0.9053249999999999,
druglike_only,43,23,100,4.898805,6.61147,6.01543,6.578469999999999,0.368825,0.91667,1.866485,22.0,0.906695,
druglike_only,43,24,100,4.93827,6.73037,6.0712150000000005,6.581445,0.374065,0.91809,1.86173,22.0,0.9073450000000001,
druglike_only,43,25,100,4.93827,6.73037,6.046,6.59147,0.371055,0.919165,1.855075,22.0,0.9095200000000001,
druglike_only,43,26,100,5.0036950000000004,6.73037,6.08396,6.587925,0.374065,0.91967,1.855075,22.0,0.910265,
druglike_only,43,27,100,5.106574999999999,6.73037,6.08991,6.59788,0.37905,0.92115,1.83528,22.0,0.91247,
druglike_only,43,28,100,5.106574999999999,6.73037,6.105735,6.595535,0.37905,0.9220200000000001,1.81963,22.0,0.913105,
druglike_only,43,29,100,5.106574999999999,6.86556,6.132785,6.578469999999999,0.381385,0.9220200000000001,1.8002799999999999,22.0,0.91509,
druglike_only,43,30,100,5.47684,6.86556,6.132785,6.581445,0.381385,0.92425,1.79251,22.0,0.918145,
druglike_only,43,31,100,5.578275,6.86556,6.134785,6.55556,0.38322,0.926225,1.7691050000000001,22.0,0.918685,
druglike_only,43,32,100,5.76271,6.86556,6.14981,6.542975,0.38653000000000004,0.928545,1.75806,22.0,0.91957,
druglike_only,43,33,100,5.76271,6.86556,6.134785,6.55556,0.3871,0.92944,1.753095,22.0,0.92021,
druglike_only,43,34,100,5.762015,6.86556,6.132905,6.581445,0.38653000000000004,0.93267,1.742955,22.0,0.92079,
druglike_only,43,35,100,5.693960000000001,6.86556,6.12482,6.596725,0.38529,0.93287,1.7357,22.0,0.92161,
druglike_only,43,36,100,5.76271,6.86556,6.148095,6.578469999999999,0.39022500000000004,0.93287,1.72443,22.0,0.9225399999999999,
druglike_only,43,37,100,5.76271,6.62479,6.150785,6.598935,0.39228,0.933045,1.721165,22.0,0.922845,
druglike_only,43,38,100,5.76271,6.62264,6.156504999999999,6.61068,0.3955,0.933945,1.709285,22.0,0.92407,
druglike_only,43,39,100,5.859695,6.61147,6.17149,6.621175,0.39716,0.93434,1.70422,22.0,0.925165,
druglike_only,43,40,100,5.859695,6.61147,6.17149,6.6283650000000005,0.39716,0.934775,1.70573,22.0,0.92547,
druglike_only,43,41,100,5.859695,6.6709,6.17634,6.637015,0.401615,0.934775,1.702085,22.0,0.926365,
druglike_only,43,42,100,5.76271,6.6709,6.174564999999999,6.62759,0.39716,0.935025,1.700225,22.0,0.926415,
druglike_only,43,43,100,5.76271,6.6709,6.1740200000000005,6.62759,0.39863000000000004,0.93514,1.68667,22.0,0.927155,
druglike_only,43,44,100,5.76271,6.6709,6.17404,6.646039999999999,0.4,0.935025,1.684725,22.0,0.9274150000000001,
druglike_only,43,45,100,5.76271,6.6709,6.17634,6.64972,0.39716,0.936455,1.6794850000000001,22.0,0.927935,
druglike_only,43,46,100,5.76271,6.6709,6.18155,6.655115,0.4,0.936455,1.6673499999999999,22.0,0.9284,
druglike_only,43,47,100,5.76271,6.6709,6.195375,6.660105,0.39863000000000004,0.93775,1.66605,22.0,0.928775,
druglike_only,43,48,100,5.76271,6.6709,6.20782,6.655115,0.39716,0.93775,1.664585,22.0,0.929055,
druglike_only,43,49,100,5.76271,6.6709,6.204315,6.655115,0.393425,0.93799,1.660245,22.0,0.9291849999999999,
druglike_only,43,50,100,5.864895000000001,6.6709,6.192360000000001,6.655115,0.393585,0.93799,1.660245,22.0,0.9291849999999999,
druglike_only,44,0,100,100.0,8.88689,6.5950500000000005,6.802695,1.0,0.5159549999999999,2.964695,29.0,0.6176999999999999,
druglike_only,44,1,46,6.730589999999999,7.94918,6.297560000000001,6.552665,0.491515,0.669925,3.12125,25.0,0.71202,
druglike_only,44,2,64,6.2041450000000005,7.92927,6.304045,6.5710999999999995,0.44222,0.74163,2.9275599999999997,23.5,0.756615,
druglike_only,44,3,81,7.11864,7.66561,6.26154,6.64322,0.45588,0.77571,2.84585,23.0,0.77729,
druglike_only,44,4,92,6.288125,7.68328,6.207605,6.6527449999999995,0.42239,0.7967850000000001,2.6992149999999997,22.0,0.7963549999999999,
druglike_only,44,5,92,5.23171,7.68328,6.275930000000001,6.633015,0.366645,0.8382000000000001,2.683515,22.0,0.8089850000000001,
druglike_only,44,6,93,5.06912,7.68328,6.28016,6.65398,0.36232,0.85188,2.65808,22.0,0.81886,
druglike_only,44,7,94,5.06912,7.61186,6.265745000000001,6.695155,0.36426000000000003,0.846285,2.60485,22.0,0.82388,
druglike_only,44,8,96,5.22876,7.61186,6.22271,6.695155,0.360105,0.8594900000000001,2.606215,22.0,0.8298749999999999,
druglike_only,44,9,98,5.22876,7.61186,6.317325,6.67434,0.360105,0.86502,2.5453349999999997,22.0,0.839985,
druglike_only,44,10,98,5.22876,7.61186,6.221005,6.67434,0.35854,0.867815,2.525595,22.0,0.846785,
druglike_only,44,11,98,5.22876,7.61186,6.2444749999999996,6.66397,0.366435,0.87454,2.5177050000000003,22.0,0.8508450000000001,
druglike_only,44,12,100,5.14894,7.61186,6.2402,6.633649999999999,0.350925,0.8863,2.4207549999999998,22.0,0.860215,
druglike_only,44,13,100,5.14894,7.61186,6.2062349999999995,6.633649999999999,0.359245,0.884605,2.31155,22.0,0.863785,
druglike_only,44,14,100,5.0036950000000004,7.49499,6.209899999999999,6.639545,0.354435,0.8863,2.281415,22.0,0.866985,
druglike_only,44,15,100,4.249725,7.49499,6.2097750000000005,6.627940000000001,0.35294,0.90323,2.2343349999999997,22.0,0.8762000000000001,
druglike_only,44,16,100,4.249725,7.49499,6.18698,6.58522,0.34699,0.9094249999999999,2.20296,22.0,0.8803449999999999,
druglike_only,44,17,100,4.77328,7.49499,6.18698,6.6027249999999995,0.355595,0.9134800000000001,2.1983300000000003,22.0,0.88504,
druglike_only,44,18,100,4.15162,7.49499,6.16055,6.6038250000000005,0.349605,0.91516,2.1456049999999998,22.0,0.8885149999999999,
druglike_only,44,19,100,4.34783,7.49499,6.151265,6.6038250000000005,0.349605,0.915875,2.118195,22.0,0.88916,
druglike_only,44,20,100,4.35147,7.29956,6.1773050000000005,6.6209,0.35,0.91496,2.072475,22.0,0.89196,
druglike_only,44,21,100,4.15162,7.29956,6.213805,6.633435,0.34311,0.9146099999999999,2.06205,22.0,0.894565,
druglike_only,44,22,100,4.34783,7.29956,6.2016,6.6344650000000005,0.353395,0.91496,2.008,22.0,0.8973949999999999,
druglike_only,44,23,100,4.34783,7.19588,6.2151250000000005,6.64297,0.353395,0.9186300000000001,1.984755,22.0,0.89893,
druglike_only,44,24,100,4.15162,7.17129,6.213805,6.631215,0.35593,0.92062,1.97658,22.0,0.9007799999999999,
druglike_only,44,25,100,4.249725,7.18129,6.163595000000001,6.6265350000000005,0.35593,0.922195,1.9595099999999999,22.0,0.9025799999999999,
druglike_only,44,26,100,4.249725,7.18129,6.1182549999999996,6.6265350000000005,0.354435,0.925605,1.934405,22.0,0.9056649999999999,
druglike_only,44,27,100,4.50518,7.18129,6.06227,6.63536,0.35593,0.922485,1.8858350000000002,22.0,0.90829,
druglike_only,44,28,100,4.377305,7.18129,6.057005,6.63536,0.354435,0.925675,1.88202,22.0,0.90886,
druglike_only,44,29,100,4.377305,7.30566,6.01995,6.632245,0.34924,0.9274800000000001,1.85433,22.0,0.909905,
druglike_only,44,30,100,4.33441,7.30566,6.022445,6.636985,0.350925,0.92755,1.851635,22.0,0.9109499999999999,
druglike_only,44,31,100,4.33441,7.5176,6.0425699999999996,6.637995,0.35653500000000005,0.928265,1.831745,22.0,0.9129849999999999,
druglike_only,44,32,100,4.34783,7.5176,6.037905,6.6477,0.354435,0.931565,1.831745,22.0,0.91412,
druglike_only,44,33,100,4.33441,7.5176,6.037905,6.6477,0.350925,0.9340250000000001,1.84383,22.0,0.91559,
druglike_only,44,34,100,4.34783,7.47993,6.037905,6.6508400000000005,0.354435,0.9343600000000001,1.8036349999999999,22.0,0.91648,
druglike_only,44,35,100,4.47806,7.47993,6.030785,6.653095,0.35653500000000005,0.9343600000000001,1.8010549999999999,22.0,0.916795,
druglike_only,44,36,100,4.34783,7.47993,6.030785,6.6508400000000005,0.35767499999999997,0.934375,1.787715,22.0,0.91725,
druglike_only,44,37,100,4.60829,7.47993,6.024955,6.6477,0.358795,0.933525,1.780395,22.0,0.91751,
druglike_only,44,38,100,4.898805,7.47993,6.022445,6.63825,0.35968999999999995,0.9340250000000001,1.77719,22.0,0.91888,
druglike_only,44,39,100,4.93827,7.47993,5.99402,6.63825,0.361885,0.9303950000000001,1.766975,22.0,0.9199200000000001,
druglike_only,44,40,100,4.93827,7.47993,5.984885,6.64171,0.36053999999999997,0.93008,1.759015,22.0,0.9205099999999999,
druglike_only,44,41,100,4.93827,7.47993,5.97537,6.637835,0.36053999999999997,0.9326099999999999,1.7509700000000001,22.0,0.92116,
druglike_only,44,42,100,4.93827,7.47993,5.984225,6.637835,0.361885,0.9326099999999999,1.74115,22.0,0.92116,
druglike_only,44,43,100,4.93827,7.47993,5.97537,6.637835,0.361885,0.932865,1.738045,22.0,0.92133,
druglike_only,44,44,100,4.93827,7.47993,5.94642,6.637835,0.36053999999999997,0.93174,1.734575,22.0,0.9228700000000001,
druglike_only,44,45,100,4.93827,7.47993,5.944509999999999,6.636825,0.35826,0.93263,1.733195,22.0,0.923215,
druglike_only,44,46,100,4.77328,7.47993,5.931375,6.63825,0.35653500000000005,0.934375,1.730335,21.0,0.9237299999999999,
druglike_only,44,47,100,4.93827,7.47993,5.914715,6.64171,0.35653500000000005,0.934375,1.7222849999999998,21.0,0.92387,
druglike_only,44,48,100,4.77328,7.56622,5.9121950000000005,6.6477,0.35185,0.934375,1.7154349999999998,21.0,0.92403,
druglike_only,44,49,100,4.77328,7.56622,5.914715,6.6477,0.35185,0.934375,1.712435,21.0,0.92403,
druglike_only,44,50,100,4.93827,7.56622,5.914715,6.64171,0.352395,0.93263,1.705535,21.0,0.92408,
druglike_only,45,0,100,100.0,8.50158,6.71856,6.6071100000000005,1.0,0.493815,2.916545,30.0,0.6244149999999999,
druglike_only,45,1,49,7.83972,8.27851,6.27341,6.51901,0.54839,0.66952,2.89681,26.0,0.70919,
druglike_only,45,2,75,7.79014,7.33176,6.28703,6.58722,0.47761,0.76008,2.81943,23.0,0.76684,
druglike_only,45,3,85,7.18954,7.33176,6.34381,6.57646,0.45055,0.79907,2.78463,23.0,0.79391,
druglike_only,45,4,94,6.0892599999999995,7.22248,6.311985,6.602795,0.419115,0.839615,2.757605,23.0,0.80628,
druglike_only,45,5,95,5.76132,7.82852,6.29633,6.60658,0.38028,0.85798,2.78463,23.0,0.82051,
druglike_only,45,6,97,4.61049,7.82852,6.25343,6.59901,0.35714,0.86715,2.78282,23.0,0.82713,
druglike_only,45,7,97,3.68664,7.82852,6.27243,6.60701,0.34091,0.87122,2.74475,23.0,0.8371,
druglike_only,45,8,99,3.68664,7.82852,6.24885,6.58405,0.33333,0.87453,2.68307,22.0,0.84402,
druglike_only,45,9,100,3.68664,7.82852,6.215175,6.589865,0.33947,0.88566,2.5273700000000003,22.0,0.84981,
druglike_only,45,10,100,3.38983,7.82852,6.095415,6.593445,0.32876,0.89681,2.46948,22.0,0.856405,
druglike_only,45,11,100,3.707725,7.82852,6.13819,6.60717,0.33762000000000003,0.89681,2.40965,22.0,0.860535,
druglike_only,45,12,100,3.68664,7.82852,6.1647,6.58489,0.33333,0.9008149999999999,2.3876150000000003,22.0,0.86427,
druglike_only,45,13,100,3.68664,7.82852,6.20019,6.58489,0.33114,0.9067000000000001,2.36899,22.0,0.87031,
druglike_only,45,14,100,3.707725,7.82852,6.22941,6.59343,0.33333,0.90662,2.32048,22.0,0.871885,
druglike_only,45,15,100,3.790705,7.82852,6.22458,6.58489,0.33568,0.906385,2.296425,22.0,0.87353,
druglike_only,45,16,100,3.790705,7.82852,6.21538,6.608205,0.337495,0.908175,2.2862,22.0,0.87748,
druglike_only,45,17,100,3.68664,7.82852,6.188739999999999,6.59343,0.337935,0.9076599999999999,2.2539350000000002,22.0,0.8785149999999999,
druglike_only,45,18,100,4.0345200000000006,7.82852,6.175935,6.5876850000000005,0.33846,0.912565,2.22107,22.0,0.881715,
druglike_only,45,19,100,3.988635,7.82852,6.163695000000001,6.59343,0.33846,0.9147449999999999,2.205145,22.0,0.88361,
druglike_only,45,20,100,3.940295,7.82852,6.15246,6.600350000000001,0.337935,0.91499,2.167235,22.0,0.88592,
druglike_only,45,21,100,4.107635,7.82852,6.11653,6.59343,0.33846,0.91568,2.1559150000000002,22.0,0.887275,
druglike_only,45,22,100,4.34783,7.73156,6.16009,6.60619,0.33846,0.916785,2.15509,22.0,0.8906700000000001,
druglike_only,45,23,100,4.107635,7.73156,6.224685,6.60332,0.33846,0.918015,2.1538,22.0,0.891095,
druglike_only,45,24,100,4.24765,7.73156,6.224685,6.584795,0.340465,0.918015,2.116295,22.0,0.89248,
druglike_only,45,25,100,4.14747,7.73156,6.224685,6.597424999999999,0.34524999999999995,0.9195949999999999,2.086825,22.0,0.89537,
druglike_only,45,26,100,3.97112,7.73156,6.153565,6.59343,0.34524999999999995,0.9191199999999999,2.0757149999999998,22.0,0.89652,
druglike_only,45,27,100,4.0194600000000005,7.73156,6.1952,6.584795,0.342875,0.9207000000000001,2.0493550000000003,22.0,0.9015200000000001,
druglike_only,45,28,100,3.97112,7.73156,6.22841,6.57198,0.344715,0.92388,2.046855,22.0,0.90283,
druglike_only,45,29,100,4.34783,7.73156,6.170145,6.582015,0.34852,0.924285,2.02763,22.0,0.903635,
druglike_only,45,30,100,4.24765,7.73156,6.1680399999999995,6.584795,0.347525,0.923435,2.02763,22.0,0.90375,
druglike_only,45,31,100,4.14747,7.73156,6.1680399999999995,6.565835,0.34852,0.924285,1.9634,22.0,0.904375,
druglike_only,45,32,100,4.24765,7.73156,6.161519999999999,6.57475,0.34852,0.922805,1.94476,22.0,0.90541,
druglike_only,45,33,100,4.24765,7.73156,6.161519999999999,6.560835,0.351075,0.921305,1.9372449999999999,22.0,0.90638,
druglike_only,45,34,100,4.24765,7.73156,6.150515,6.56433,0.352395,0.921305,1.926475,22.0,0.907025,
druglike_only,45,35,100,4.34783,7.73156,6.1680399999999995,6.547185000000001,0.355385,0.921305,1.9189349999999998,22.0,0.90734,
druglike_only,45,36,100,4.34783,7.73156,6.17376,6.54776,0.355385,0.9248350000000001,1.896725,22.0,0.90767,
druglike_only,45,37,100,4.83539,7.73156,6.161519999999999,6.52184,0.35858999999999996,0.925645,1.896725,22.0,0.908355,
druglike_only,45,38,100,4.93827,7.73156,6.1680399999999995,6.56975,0.36202500000000004,0.92713,1.88769,22.0,0.909225,
druglike_only,45,39,100,4.83539,7.49051,6.158215,6.53943,0.36202500000000004,0.92713,1.87371,22.0,0.9097649999999999,
druglike_only,45,40,100,4.93827,7.42096,6.161519999999999,6.53943,0.36523,0.926985,1.863155,22.0,0.910155,
druglike_only,45,41,100,4.83539,7.42096,6.17192,6.56975,0.36202500000000004,0.925645,1.84796,22.0,0.911575,
druglike_only,45,42,100,4.93827,7.42096,6.176885,6.589785,0.36523,0.92607,1.84243,22.0,0.91199,
druglike_only,45,43,100,4.93827,7.42096,6.176885,6.60239,0.36523,0.92607,1.8374700000000002,22.0,0.9124300000000001,
druglike_only,45,44,100,4.83539,7.42096,6.176885,6.5703,0.36523,0.9264650000000001,1.8326250000000002,22.0,0.913015,
druglike_only,45,45,100,4.93827,7.42096,6.18136,6.60794,0.371625,0.926745,1.8281,22.0,0.91465,
druglike_only,45,46,100,4.898805,7.42096,6.1781749999999995,6.64121,0.3698,0.92733,1.82061,22.0,0.917025,
druglike_only,45,47,100,4.93827,7.42096,6.1781749999999995,6.62413,0.37787,0.92713,1.80351,22.0,0.917745,
druglike_only,45,48,100,4.93827,7.42096,6.1919249999999995,6.62413,0.38061500000000004,0.92635,1.8012199999999998,22.0,0.918145,
druglike_only,45,49,100,4.93827,7.42096,6.1781749999999995,6.60794,0.38061500000000004,0.92621,1.796975,22.0,0.918305,
druglike_only,45,50,100,4.93827,7.42096,6.206815000000001,6.64121,0.38061500000000004,0.926705,1.791325,22.0,0.919305,
druglike_only,46,0,100,100.0,8.71457,6.490385,6.761205,1.0,0.5439350000000001,2.8631349999999998,28.0,0.63734,
druglike_only,46,1,50,6.8731349999999996,7.70696,6.15782,6.617345,0.50449,0.690685,2.76257,25.0,0.7240949999999999,
druglike_only,46,2,69,6.75039,7.7209,6.19952,6.63161,0.46341,0.73508,2.64447,24.0,0.77681,
druglike_only,46,3,82,6.45161,7.7209,6.138465,6.5876149999999996,0.44422,0.77432,2.627575,23.0,0.794685,
druglike_only,46,4,86,6.550615,7.70696,6.130735,6.502865,0.421415,0.79172,2.67265,23.0,0.803025,
druglike_only,46,5,92,6.550615,7.70696,6.13608,6.5523299999999995,0.41657,0.80703,2.62275,23.0,0.8066500000000001,
druglike_only,46,6,94,5.957955,7.70696,6.17671,6.49159,0.398415,0.84057,2.6214,22.0,0.8203100000000001,
druglike_only,46,7,94,5.14894,7.6961,6.216375,6.53097,0.34935499999999997,0.8476600000000001,2.60873,22.0,0.82511,
druglike_only,46,8,94,4.60829,7.63996,6.23798,6.5479,0.348775,0.86786,2.62909,22.0,0.833415,
druglike_only,46,9,95,4.34783,7.63996,6.17367,6.54259,0.34667,0.87614,2.63941,22.0,0.83968,
druglike_only,46,10,96,4.34783,7.63996,6.22844,6.57335,0.338585,0.88338,2.61874,22.0,0.84507,
druglike_only,46,11,97,4.34783,7.63996,6.2186,6.55582,0.33824,0.88722,2.6267,22.0,0.85034,
druglike_only,46,12,97,4.34783,7.63996,6.20327,6.53671,0.33803,0.89664,2.54661,22.0,0.8553,
druglike_only,46,13,98,4.24765,7.63996,6.192675,6.55014,0.33784,0.89566,2.49565,21.5,0.8583700000000001,
druglike_only,46,14,100,4.0194600000000005,7.63996,6.192675,6.5426850000000005,0.337935,0.898405,2.39231,22.0,0.8636999999999999,
druglike_only,46,15,100,3.69517,7.63996,6.18353,6.551965,0.33784,0.90192,2.357495,22.0,0.86621,
druglike_only,46,16,100,4.24765,7.63996,6.1669350000000005,6.54637,0.337935,0.90602,2.250215,22.0,0.8740600000000001,
druglike_only,46,17,100,4.0592950000000005,7.63996,6.160945,6.54637,0.33094999999999997,0.90671,2.23818,22.0,0.87859,
druglike_only,46,18,100,3.77815,7.63996,6.137475,6.528865,0.32388,0.907335,2.172275,22.0,0.88073,
druglike_only,46,19,100,3.68664,7.63996,6.126725,6.52558,0.32037499999999997,0.908125,2.152215,21.5,0.88385,
druglike_only,46,20,100,3.68664,7.63996,6.1615400000000005,6.523985,0.32138999999999995,0.91003,2.137595,22.0,0.8887,
druglike_only,46,21,100,3.68664,7.63996,6.184985,6.536035,0.319795,0.9095150000000001,2.108,22.0,0.89129,
druglike_only,46,22,100,3.68664,7.63996,6.1615400000000005,6.540145,0.31884,0.910995,2.0770850000000003,21.0,0.894325,
druglike_only,46,23,100,3.68664,7.63996,6.136785,6.577579999999999,0.319795,0.911455,2.05308,21.0,0.89605,
druglike_only,46,24,100,3.68664,7.63996,6.15543,6.577579999999999,0.321665,0.911455,2.0094000000000003,21.0,0.898205,
druglike_only,46,25,100,3.68664,7.24056,6.1224799999999995,6.565305,0.31884,0.912095,2.008095,21.0,0.90018,
druglike_only,46,26,100,3.68664,7.24056,6.1224799999999995,6.574285,0.32431,0.911815,1.89444,21.0,0.9021950000000001,
druglike_only,46,27,100,3.68664,7.24056,6.107545,6.536035,0.326135,0.913975,1.856225,21.0,0.905325,
druglike_only,46,28,100,3.68664,7.24056,6.107545,6.536035,0.32772999999999997,0.91713,1.83868,21.0,0.9065350000000001,
druglike_only,46,29,100,4.0678,7.57095,6.119935,6.5481,0.335785,0.91779,1.782835,21.0,0.910165,
druglike_only,46,30,100,4.338045,7.57095,6.119935,6.552635,0.338845,0.91808,1.7662300000000002,21.0,0.911765,
druglike_only,46,31,100,4.60829,7.24056,6.100575,6.565755,0.33913499999999996,0.915805,1.75184,22.0,0.9129849999999999,
druglike_only,46,32,100,4.60829,7.24056,6.094025,6.56729,0.33986,0.91808,1.739145,21.5,0.91401,
druglike_only,46,33,100,4.60829,7.24056,6.100575,6.57971,0.341855,0.91916,1.7509649999999999,22.0,0.91527,
druglike_only,46,34,100,4.60829,7.24056,6.11731,6.5712399999999995,0.33986,0.91925,1.74947,22.0,0.916605,
druglike_only,46,35,100,4.60829,7.24056,6.1304549999999995,6.56729,0.35,0.9208350000000001,1.7425199999999998,22.0,0.917585,
druglike_only,46,36,100,4.60829,7.24056,6.108915,6.5712399999999995,0.35,0.9203600000000001,1.737575,22.0,0.917755,
druglike_only,46,37,100,4.60829,7.24056,6.100575,6.574285,0.34772499999999995,0.92077,1.73515,22.0,0.91846,
druglike_only,46,38,100,4.60829,7.24056,6.09398,6.587675,0.34663999999999995,0.92047,1.72869,21.5,0.91895,
druglike_only,46,39,100,4.77328,7.24056,6.100575,6.600255000000001,0.348915,0.91988,1.71329,21.0,0.91929,
druglike_only,46,40,100,4.60829,7.11565,6.075935,6.59206,0.35,0.9189750000000001,1.71008,21.0,0.920445,
druglike_only,46,41,100,4.650715,7.11565,6.084795,6.5944,0.35044,0.920345,1.70567,21.0,0.92077,
druglike_only,46,42,100,4.93827,7.11565,6.08971,6.5944,0.35653500000000005,0.920715,1.676495,21.0,0.9214199999999999,
druglike_only,46,43,100,4.93827,7.11565,6.084795,6.5944,0.35938,0.920945,1.67246,21.0,0.9219649999999999,
druglike_only,46,44,100,5.22876,6.56669,6.09398,6.59391,0.35938,0.923905,1.676495,21.0,0.9230750000000001,
druglike_only,46,45,100,5.22876,6.56669,6.09398,6.578355,0.35938,0.92648,1.676495,21.0,0.92337,
druglike_only,46,46,100,5.22876,6.56669,6.126580000000001,6.587675,0.35938,0.9269000000000001,1.676495,21.0,0.92348,
druglike_only,46,47,100,5.22876,6.56669,6.126580000000001,6.57984,0.35938,0.9275249999999999,1.6727949999999998,21.0,0.9239850000000001,
druglike_only,46,48,100,5.22876,6.56669,6.1304300000000005,6.57984,0.35938,0.928555,1.68202,21.0,0.92428,
druglike_only,46,49,100,5.22876,6.56669,6.126580000000001,6.578765,0.35938,0.928585,1.68202,21.0,0.9244600000000001,
druglike_only,46,50,100,5.22876,6.56669,6.13446,6.578765,0.36066,0.930835,1.68202,21.0,0.92459,
multi_real,42,0,100,100.0,8.4666,6.66064,6.59201,1.0,0.51425,2.83206,30.0,0.579975,6.66064
multi_real,42,1,44,9.88917,7.93731,6.54295,6.54649,0.5728549999999999,0.690565,2.8204599999999997,26.0,0.656,6.54295
multi_real,42,2,63,9.80392,7.72272,6.61493,6.55678,0.54545,0.72421,2.83797,24.0,0.67083,6.61493
multi_real,42,3,76,8.55961,7.72272,6.822725,6.587745,0.503425,0.751815,2.680945,24.0,0.6829050000000001,6.822725
multi_real,42,4,84,9.478275,7.95917,6.89176,6.597355,0.52081,0.7569049999999999,2.7035,24.0,0.69258,6.89176
multi_real,42,5,86,9.552869999999999,7.95917,7.03095,6.635565,0.5182249999999999,0.77946,2.6897849999999996,24.0,0.713495,7.03095
multi_real,42,6,86,6.95706,8.18862,7.161245,6.62782,0.46791499999999997,0.776575,2.69665,24.0,0.73019,7.161245
multi_real,42,7,88,6.674894999999999,8.18862,7.134135000000001,6.592275,0.45769000000000004,0.81444,2.643405,23.5,0.73866,7.134135000000001
multi_real,42,8,91,6.64962,8.18862,7.19724,6.58405,0.45161,0.84039,2.62426,23.0,0.74923,7.19724
multi_real,42,9,92,6.84895,8.18862,7.22211,6.57106,0.44137000000000004,0.8500300000000001,2.597345,23.0,0.7578199999999999,7.22211
multi_real,42,10,92,7.49432,8.20129,7.3308599999999995,6.574035,0.45868,0.857785,2.635495,23.0,0.76521,7.3308599999999995
multi_real,42,11,93,6.77966,8.20129,7.36588,6.56959,0.41791,0.86,2.61994,23.0,0.7689,7.36588
multi_real,42,12,96,6.728465,8.20129,7.427455,6.575115,0.419895,0.8628899999999999,2.614865,23.0,0.773585,7.427455
multi_real,42,13,96,7.39034,8.20129,7.4366699999999994,6.59116,0.44430000000000003,0.863475,2.597345,23.0,0.776115,7.4366699999999994
multi_real,42,14,96,7.2814049999999995,8.20129,7.4443649999999995,6.634985,0.42645500000000003,0.86751,2.581095,22.0,0.7778,7.4443649999999995
multi_real,42,15,96,7.028605000000001,8.20129,7.494205,6.609225,0.43498499999999996,0.86751,2.532945,22.5,0.781595,7.494205
multi_real,42,16,96,6.728465,8.20129,7.5203299999999995,6.609225,0.42645500000000003,0.86751,2.49187,22.5,0.7844599999999999,7.5203299999999995
multi_real,42,17,97,7.20165,8.20722,7.54605,6.61984,0.4386,0.86997,2.44739,22.0,0.78897,7.54605
multi_real,42,18,99,6.86767,8.20722,7.5895,6.59928,0.42857,0.87166,2.42305,22.0,0.79597,7.5895
multi_real,42,19,99,6.86767,8.20722,7.5895,6.59206,0.42373,0.87289,2.42305,22.0,0.79793,7.5895
multi_real,42,20,99,6.77966,8.20722,7.61169,6.55974,0.4127,0.8835,2.42069,22.0,0.80248,7.61169
multi_real,42,21,99,6.45161,8.20722,7.61169,6.56488,0.40385,0.88498,2.41645,22.0,0.80748,7.61169
multi_real,42,22,99,6.77966,8.20722,7.63077,6.55679,0.4127,0.88906,2.41651,22.0,0.81086,7.63077
multi_real,42,23,99,6.53595,8.20722,7.6378,6.55247,0.40678,0.89059,2.40113,22.0,0.81334,7.6378
multi_real,42,24,99,6.45161,8.20722,7.63847,6.53727,0.40385,0.89185,2.40516,22.0,0.81517,7.63847
multi_real,42,25,100,6.657805,8.20722,7.646795,6.529565,0.40974,0.89114,2.3998049999999997,22.0,0.816175,7.646795
multi_real,42,26,100,6.9491499999999995,8.20722,7.6581,6.53842,0.40974,0.89114,2.40646,22.0,0.81779,7.6581
multi_real,42,27,100,6.657805,8.20722,7.66237,6.533665,0.40974,0.89237,2.410415,22.0,0.818975,7.66237
multi_real,42,28,100,6.493779999999999,8.20722,7.662285000000001,6.53842,0.40339,0.89237,2.40646,22.0,0.819285,7.662285000000001
multi_real,42,29,100,6.45161,8.20722,7.666055,6.541285,0.387995,0.894795,2.3998049999999997,22.0,0.82023,7.666055
multi_real,42,30,100,6.422734999999999,8.20722,7.662285000000001,6.547734999999999,0.387995,0.894795,2.3818799999999998,22.0,0.82023,7.662285000000001
multi_real,42,31,100,6.422734999999999,8.20722,7.6581,6.55382,0.38832500000000003,0.894425,2.373335,22.0,0.820925,7.6581
multi_real,42,32,100,6.3786,8.20722,7.66569,6.53501,0.38586,0.894795,2.343585,22.0,0.82206,7.66569
multi_real,42,33,100,6.3786,8.20722,7.67148,6.5314049999999995,0.38586,0.89325,2.31733,22.0,0.82328,7.67148
multi_real,42,34,100,6.046234999999999,8.20722,7.68185,6.526265,0.38380000000000003,0.898775,2.254775,22.0,0.82551,7.68185
multi_real,42,35,100,5.82253,8.20722,7.670655,6.522185,0.376275,0.90114,2.214485,21.5,0.8255950000000001,7.670655
multi_real,42,36,100,5.88235,8.20722,7.672435,6.522185,0.3817,0.9030400000000001,2.1872350000000003,21.0,0.8259449999999999,7.672435
multi_real,42,37,100,5.88235,8.20722,7.676,6.5223949999999995,0.37067,0.9030400000000001,2.073305,21.0,0.8269150000000001,7.676
multi_real,42,38,100,5.88235,8.20722,7.676,6.526265,0.37067,0.9030400000000001,2.073305,21.0,0.8269150000000001,7.676
multi_real,42,39,100,5.936565,8.20722,7.68768,6.5223949999999995,0.37067,0.90378,2.04904,21.0,0.828895,7.68768
multi_real,42,40,100,5.88235,8.20722,7.68768,6.52112,0.3698,0.90378,2.03895,21.0,0.8290900000000001,7.68768
multi_real,42,41,100,5.694655,8.20722,7.70188,6.52088,0.365875,0.904305,2.014755,21.0,0.83092,7.70188
multi_real,42,42,100,5.578275,8.20722,7.70188,6.52088,0.36364,0.9037200000000001,2.01071,21.0,0.8319,7.70188
multi_real,42,43,100,5.47684,8.20722,7.70188,6.52088,0.36364,0.90378,2.01071,21.5,0.8322,7.70188
multi_real,42,44,100,5.52995,8.20722,7.706965,6.513375,0.36364,0.90533,2.0107749999999998,21.0,0.833295,7.706965
multi_real,42,45,100,5.646330000000001,8.20722,7.711825,6.505995,0.36364,0.9073599999999999,2.0107749999999998,21.0,0.833365,7.711825
multi_real,42,46,100,5.76271,8.20722,7.71931,6.504555,0.36364,0.90619,1.994485,21.0,0.836975,7.71931
multi_real,42,47,100,5.76271,8.20722,7.71931,6.504555,0.36364,0.90619,1.994485,21.0,0.836975,7.71931
multi_real,42,48,100,5.76271,8.20722,7.723735,6.505995,0.36364,0.9073599999999999,1.994485,21.0,0.83778,7.723735
multi_real,42,49,100,5.76271,8.20722,7.723735,6.513375,0.36436,0.909125,2.0032200000000002,21.0,0.837825,7.723735
multi_real,42,50,100,5.88235,8.20722,7.728875,6.502549999999999,0.36436,0.9078999999999999,1.994485,21.0,0.8384100000000001,7.728875
multi_real,43,0,100,100.0,8.56234,6.514155,6.699425,1.0,0.53384,2.744945,29.0,0.572645,6.514155
multi_real,43,1,49,8.8632,7.75556,6.643,6.53574,0.56522,0.62996,2.88253,26.0,0.62856,6.643
multi_real,43,2,64,7.255975,7.75556,6.714354999999999,6.515219999999999,0.499765,0.684795,2.8704650000000003,25.0,0.652185,6.714354999999999
multi_real,43,3,75,6.28931,7.75556,6.70637,6.55625,0.47368,0.73634,2.77524,24.0,0.67838,6.70637
multi_real,43,4,80,6.37046,8.25128,6.821935,6.570180000000001,0.471215,0.747425,2.777825,24.0,0.693095,6.821935
multi_real,43,5,85,6.28931,8.25128,6.86887,6.58392,0.44156,0.77448,2.79902,24.0,0.70535,6.86887
multi_real,43,6,88,6.812035,8.25128,7.051315,6.6157,0.43793000000000004,0.828765,2.812125,24.0,0.71607,7.051315
multi_real,43,7,90,7.079175,8.50158,7.321255000000001,6.627955,0.43918,0.8004800000000001,2.783795,24.0,0.7327250000000001,7.321255000000001
multi_real,43,8,91,7.11864,8.50158,7.36693,6.63795,0.43662,0.79039,2.77846,24.0,0.74176,7.36693
multi_real,43,9,92,7.39034,8.50158,7.37702,6.65273,0.443,0.79095,2.75882,23.5,0.7449300000000001,7.37702
multi_real,43,10,93,7.03971,8.50158,7.40384,6.66822,0.42373,0.82878,2.73301,23.0,0.75285,7.40384
multi_real,43,11,93,5.76271,8.50158,7.41403,6.67743,0.39241,0.84099,2.7258,23.0,0.76326,7.41403
multi_real,43,12,93,6.53595,8.50158,7.41783,6.67092,0.4026,0.85155,2.68141,23.0,0.76737,7.41783
multi_real,43,13,95,6.10169,8.50158,7.42928,6.67316,0.4026,0.86039,2.68141,23.0,0.77127,7.42928
multi_real,43,14,96,5.82253,8.50158,7.442,6.669785,0.39185499999999995,0.86324,2.67338,23.0,0.775225,7.442
multi_real,43,15,96,5.99202,8.50158,7.451795,6.65768,0.405605,0.861935,2.63819,23.0,0.7761750000000001,7.451795
multi_real,43,16,96,5.936565,8.50158,7.459535000000001,6.6487099999999995,0.405605,0.86012,2.6040200000000002,23.0,0.77886,7.459535000000001
multi_real,43,17,96,5.76271,8.50158,7.5052900000000005,6.631410000000001,0.39062,0.862685,2.56157,23.0,0.783285,7.5052900000000005
multi_real,43,18,96,5.82926,8.50158,7.514810000000001,6.63425,0.39022500000000004,0.86485,2.56029,22.0,0.787805,7.514810000000001
multi_real,43,19,97,5.88235,8.50158,7.51701,6.61962,0.38462,0.86792,2.49611,22.0,0.78939,7.51701
multi_real,43,20,97,5.88235,8.50158,7.55008,6.63578,0.38462,0.86877,2.47887,22.0,0.793,7.55008
multi_real,43,21,98,5.99078,8.50158,7.55255,6.61656,0.388,0.87602,2.457325,22.0,0.7949200000000001,7.55255
multi_real,43,22,98,5.99078,8.50158,7.56218,6.620325,0.38776,0.87681,2.457325,22.0,0.7957799999999999,7.56218
multi_real,43,23,98,6.45161,8.50158,7.5730699999999995,6.62753,0.388,0.877475,2.44811,22.0,0.7995099999999999,7.5730699999999995
multi_real,43,24,98,6.91244,8.50158,7.5870049999999996,6.624615,0.39315,0.8795,2.417945,21.0,0.8033600000000001,7.5870049999999996
multi_real,43,25,98,7.142855,8.50158,7.61249,6.584985,0.39251,0.8805499999999999,2.400865,21.0,0.808575,7.61249
multi_real,43,26,98,7.245955,8.50158,7.60694,6.586695,0.39672,0.87825,2.36257,21.0,0.810415,7.60694
multi_real,43,27,98,7.142855,8.50158,7.603225,6.579535,0.39315,0.8805499999999999,2.352435,21.0,0.8129299999999999,7.603225
multi_real,43,28,98,6.70181,8.50158,7.603225,6.543975,0.39315,0.88323,2.32067,21.0,0.8144750000000001,7.603225
multi_real,43,29,98,6.45161,8.50158,7.61703,6.54755,0.388945,0.885425,2.349985,21.0,0.8147500000000001,7.61703
multi_real,43,30,98,6.45161,8.50158,7.61833,6.552160000000001,0.38776,0.888585,2.323805,21.0,0.81569,7.61833
multi_real,43,31,98,6.45161,8.50158,7.61703,6.559025,0.38776,0.888585,2.323805,21.0,0.81569,7.61703
multi_real,43,32,98,6.45161,8.50158,7.61903,6.552160000000001,0.38743,0.89072,2.323805,21.0,0.817475,7.61903
multi_real,43,33,98,5.99078,8.50158,7.61833,6.5716149999999995,0.38462,0.894795,2.318785,21.0,0.821035,7.61833
multi_real,43,34,98,6.215730000000001,8.50158,7.62501,6.561795,0.38653000000000004,0.89752,2.30427,21.0,0.822515,7.62501
multi_real,43,35,99,6.45161,8.50158,7.61907,6.55395,0.38776,0.89733,2.27994,21.0,0.82263,7.61907
multi_real,43,36,99,6.53595,8.50158,7.61907,6.542,0.39286,0.90005,2.27123,21.0,0.8233,7.61907
multi_real,43,37,99,6.53595,8.50158,7.61899,6.54149,0.39286,0.90115,2.24373,21.0,0.82379,7.61899
multi_real,43,38,99,6.91244,8.50158,7.63095,6.54149,0.38806,0.90115,2.22661,21.0,0.82464,7.63095
multi_real,43,39,99,6.91244,8.50158,7.63447,6.53727,0.38806,0.90115,2.22507,21.0,0.82509,7.63447
multi_real,43,40,99,6.53595,8.50158,7.64429,6.52734,0.38776,0.90005,2.21303,21.0,0.82536,7.64429
multi_real,43,41,100,6.493779999999999,8.50158,7.6487750000000005,6.513925,0.38686,0.9006000000000001,2.2079449999999996,21.0,0.82575,7.6487750000000005
multi_real,43,42,100,6.493779999999999,8.50158,7.652100000000001,6.513925,0.38529,0.9013100000000001,2.21982,21.0,0.8263149999999999,7.652100000000001
multi_real,43,43,100,6.221195,8.50158,7.657465,6.530695,0.38278500000000004,0.89888,2.179385,21.0,0.8272200000000001,7.657465
multi_real,43,44,100,6.45161,8.50158,7.67066,6.534195,0.38278500000000004,0.9006000000000001,2.179385,21.0,0.8275250000000001,7.67066
multi_real,43,45,100,6.45161,8.50158,7.67607,6.530695,0.38462,0.89888,2.19317,21.0,0.82782,7.67607
multi_real,43,46,100,6.724195,8.50158,7.68231,6.50855,0.38529,0.9013100000000001,2.17164,21.0,0.8281799999999999,7.68231
multi_real,43,47,100,6.45161,8.50158,7.686265000000001,6.505965,0.38529,0.9013100000000001,2.17164,21.0,0.830785,7.686265000000001
multi_real,43,48,100,6.682024999999999,8.50158,7.691269999999999,6.50339,0.38686,0.9013100000000001,2.1319,21.0,0.8311999999999999,7.691269999999999
multi_real,43,49,100,6.682024999999999,8.50158,7.695819999999999,6.49814,0.38686,0.9013100000000001,2.09225,21.0,0.831835,7.695819999999999
multi_real,43,50,100,6.91244,8.50158,7.695819999999999,6.501265,0.38776,0.901565,2.088255,21.0,0.83196,7.695819999999999
multi_real,44,0,100,100.0,8.88689,6.5950500000000005,6.802695,1.0,0.5159549999999999,2.964695,29.0,0.583375,6.5950500000000005
multi_real,44,1,48,7.81893,8.26044,6.53182,6.65705,0.470175,0.65476,3.11683,24.5,0.62256,6.53182
multi_real,44,2,62,7.9293949999999995,8.26044,6.66466,6.616735,0.486835,0.719,2.8556600000000003,24.0,0.65433,6.66466
multi_real,44,3,65,8.49673,8.42595,6.68729,6.62964,0.48438,0.75543,2.76636,24.0,0.67864,6.68729
multi_real,44,4,75,8.02469,8.42595,6.83549,6.6077,0.46667,0.78896,2.74139,23.0,0.6923,6.83549
multi_real,44,5,82,9.15033,8.50158,7.03056,6.71096,0.49260000000000004,0.7872699999999999,2.751065,23.5,0.70529,7.03056
multi_real,44,6,85,8.75576,8.50158,7.19676,6.71469,0.47222,0.80982,2.74682,23.0,0.72322,7.19676
multi_real,44,7,89,8.69565,8.50158,7.25092,6.77109,0.47887,0.80445,2.74139,23.0,0.72964,7.25092
multi_real,44,8,89,8.69565,8.50158,7.32822,6.80319,0.47541,0.79324,2.69061,23.0,0.73863,7.32822
multi_real,44,9,93,8.75576,8.50158,7.38942,6.7898,0.47222,0.78976,2.69435,23.0,0.74483,7.38942
multi_real,44,10,94,8.703225,8.50158,7.400494999999999,6.7771550000000005,0.47140499999999996,0.79903,2.6934050000000003,23.0,0.75124,7.400494999999999
multi_real,44,11,95,7.92839,8.50158,7.42335,6.78211,0.46809,0.82357,2.69246,23.0,0.76334,7.42335
multi_real,44,12,95,7.45763,8.50158,7.42885,6.7619,0.46753,0.84002,2.69116,23.0,0.76861,7.42885
multi_real,44,13,95,7.92839,8.50158,7.46066,6.72771,0.46667,0.84623,2.69061,23.0,0.77091,7.46066
multi_real,44,14,95,7.92839,8.50158,7.47602,6.70433,0.46154,0.85283,2.66561,23.0,0.77976,7.47602
multi_real,44,15,95,8.81356,8.50158,7.48003,6.69317,0.46154,0.86385,2.6317,23.0,0.78126,7.48003
multi_real,44,16,95,9.15033,8.50158,7.48644,6.68066,0.46552,0.86739,2.6317,22.0,0.78279,7.48644
multi_real,44,17,95,8.81356,8.50158,7.50773,6.68066,0.46753,0.86887,2.59927,22.0,0.78932,7.50773
multi_real,44,18,96,8.78466,8.50158,7.526384999999999,6.667945,0.46652499999999997,0.87571,2.599945,22.0,0.792515,7.526384999999999
multi_real,44,19,96,8.78466,8.50158,7.514025,6.676765,0.464465,0.87654,2.553345,22.0,0.79477,7.514025
multi_real,44,20,96,7.97654,8.50158,7.535425,6.652225,0.43848,0.87744,2.4977,22.0,0.7963549999999999,7.535425
multi_real,44,21,96,8.5897,8.50158,7.544525,6.666805,0.44237499999999996,0.881885,2.5177,22.0,0.79785,7.544525
multi_real,44,22,96,8.725705000000001,8.50158,7.547865,6.64546,0.43848,0.8795299999999999,2.494345,22.0,0.7985450000000001,7.547865
multi_real,44,23,96,8.953045,8.50158,7.55016,6.64546,0.434685,0.883045,2.4316750000000003,22.0,0.80166,7.55016
multi_real,44,24,97,8.69565,8.50158,7.55247,6.64576,0.42857,0.88488,2.42847,22.0,0.80538,7.55247
multi_real,44,25,99,8.02469,8.50158,7.57092,6.62777,0.42188,0.88313,2.42069,22.0,0.80604,7.57092
multi_real,44,26,99,7.37327,8.50158,7.54808,6.59585,0.41892,0.88488,2.39607,22.0,0.80671,7.54808
multi_real,44,27,99,7.37327,8.50158,7.55224,6.57703,0.41463,0.88495,2.36064,22.0,0.81073,7.55224
multi_real,44,28,99,7.18954,8.50158,7.55907,6.57591,0.40816,0.88715,2.36003,22.0,0.81221,7.55907
multi_real,44,29,99,7.11864,8.50158,7.57092,6.56009,0.40625,0.8906,2.35331,22.0,0.81312,7.57092
multi_real,44,30,99,6.53595,8.50158,7.57092,6.5593,0.3913,0.89238,2.35173,22.0,0.81344,7.57092
multi_real,44,31,99,6.53595,8.50158,7.57832,6.5593,0.3913,0.8906,2.34113,22.0,0.81474,7.57832
multi_real,44,32,100,6.765915,8.50158,7.57147,6.557065,0.38616,0.89249,2.34462,22.0,0.8151299999999999,7.57147
multi_real,44,33,100,6.657805,8.50158,7.58225,6.549035,0.38616,0.89249,2.24704,21.5,0.8156950000000001,7.58225
multi_real,44,34,100,6.9846,8.50158,7.58225,6.54092,0.38529,0.894855,2.19253,21.0,0.818695,7.58225
multi_real,44,35,100,6.9846,8.50158,7.57921,6.53689,0.38529,0.8936249999999999,2.2235050000000003,21.0,0.819625,7.57921
multi_real,44,36,100,6.9491499999999995,8.50158,7.58225,6.522935,0.38529,0.895445,2.1808899999999998,21.0,0.820175,7.58225
multi_real,44,37,100,6.657805,8.50158,7.57921,6.5200949999999995,0.38529,0.894855,2.1461300000000003,21.0,0.820175,7.57921
multi_real,44,38,100,6.45161,8.50158,7.5830400000000004,6.522935,0.38298,0.894855,2.130195,21.0,0.820625,7.5830400000000004
multi_real,44,39,100,6.446145,8.50158,7.58225,6.52626,0.38038,0.895445,2.152055,21.0,0.820825,7.58225
multi_real,44,40,100,6.45161,8.50158,7.58225,6.52626,0.38298,0.899845,2.10632,21.0,0.82153,7.58225
multi_real,44,41,100,6.45161,8.50158,7.5830400000000004,6.52626,0.38038,0.903465,2.121295,21.0,0.82267,7.5830400000000004
multi_real,44,42,100,6.45161,8.50158,7.58331,6.522935,0.37705,0.906425,2.121295,21.0,0.8254600000000001,7.58331
multi_real,44,43,100,6.45161,8.50158,7.5927299999999995,6.522935,0.376025,0.906425,2.1461300000000003,21.0,0.826125,7.5927299999999995
multi_real,44,44,100,6.45161,8.50158,7.587025,6.519605,0.376025,0.90677,2.09532,21.0,0.826655,7.587025
multi_real,44,45,100,6.45161,8.50158,7.58331,6.51753,0.375,0.90694,2.0890750000000002,21.0,0.82761,7.58331
multi_real,44,46,100,6.493779999999999,8.50158,7.587025,6.511565,0.375,0.90788,2.09532,21.0,0.82839,7.587025
multi_real,44,47,100,6.53595,8.50158,7.597325,6.512335,0.376025,0.90807,2.0900749999999997,21.0,0.83006,7.597325
multi_real,44,48,100,6.53595,8.50158,7.610075,6.512335,0.377415,0.90741,2.10732,21.0,0.8304549999999999,7.610075
multi_real,44,49,100,6.53595,8.50158,7.610545,6.512335,0.37639,0.90788,2.1461300000000003,21.0,0.83083,7.610545
multi_real,44,50,100,6.45161,8.50158,7.622,6.504555,0.37756999999999996,0.90569,2.0900749999999997,21.0,0.8315,7.622
multi_real,45,0,100,100.0,8.50158,6.71856,6.6071100000000005,1.0,0.493815,2.916545,30.0,0.59015,6.71856
multi_real,45,1,44,8.662815,8.19253,6.54327,6.469725,0.503845,0.69697,3.0228450000000002,24.5,0.632295,6.54327
multi_real,45,2,62,7.795165000000001,8.16726,6.692405,6.4915199999999995,0.48181,0.7405349999999999,2.9526149999999998,24.0,0.65079,6.692405
multi_real,45,3,79,8.02469,8.23993,6.81983,6.49804,0.5,0.75687,2.93622,24.0,0.67765,6.81983
multi_real,45,4,83,9.46292,8.31684,6.84996,6.483,0.5,0.77205,2.94315,24.0,0.6897,6.84996
multi_real,45,5,85,10.45752,8.31684,6.8772,6.46572,0.49231,0.77499,2.95034,23.0,0.70388,6.8772
multi_real,45,6,87,9.49153,8.31684,6.9474,6.47114,0.49206,0.78492,2.87081,23.0,0.70742,6.9474
multi_real,45,7,88,9.52916,8.35958,6.982245,6.542755,0.5,0.787785,2.860475,24.0,0.7198549999999999,6.982245
multi_real,45,8,91,9.15033,8.35958,7.01972,6.58806,0.49206,0.80114,2.84667,24.0,0.73001,7.01972
multi_real,45,9,92,7.391954999999999,8.35958,7.0329,6.5828050000000005,0.46464,0.817885,2.86282,24.0,0.73539,7.0329
multi_real,45,10,92,7.391954999999999,8.36228,7.048705,6.58563,0.46154,0.832025,2.76247,23.5,0.7436849999999999,7.048705
multi_real,45,11,92,7.747665,8.36228,7.17783,6.603795,0.46464,0.84005,2.7462850000000003,23.0,0.752135,7.17783
multi_real,45,12,93,9.38628,8.36228,7.33186,6.60541,0.5,0.8386,2.7056,23.0,0.75687,7.33186
multi_real,45,13,93,9.46292,8.36228,7.34935,6.62892,0.5,0.8452,2.72666,23.0,0.76403,7.34935
multi_real,45,14,93,10.16949,8.36228,7.46832,6.66131,0.52459,0.84712,2.73627,23.0,0.7666,7.46832
multi_real,45,15,94,11.148775,8.36228,7.572815,6.662455,0.53333,0.849785,2.753655,23.0,0.76825,7.572815
multi_real,45,16,95,11.11111,8.36228,7.54494,6.66277,0.52632,0.86183,2.7563,23.0,0.77299,7.54494
multi_real,45,17,95,10.45752,8.36228,7.54494,6.66277,0.52459,0.86346,2.7563,23.0,0.77389,7.54494
multi_real,45,18,96,11.86441,8.36228,7.655395,6.715395,0.53333,0.8639749999999999,2.76258,23.0,0.774955,7.655395
multi_real,45,19,96,11.11111,8.38979,7.655395,6.715395,0.525455,0.866915,2.74036,23.0,0.77998,7.655395
multi_real,45,20,97,11.11111,8.38979,7.65913,6.71902,0.52459,0.86867,2.72666,23.0,0.7828,7.65913
multi_real,45,21,98,11.11111,8.38979,7.676015,6.72291,0.5163949999999999,0.871595,2.74036,23.0,0.78488,7.676015
multi_real,45,22,99,11.11111,8.40244,7.66561,6.72609,0.52459,0.87249,2.73627,23.0,0.7869,7.66561
multi_real,45,23,99,11.11111,8.40244,7.70599,6.72843,0.52632,0.87249,2.74445,22.0,0.78841,7.70599
multi_real,45,24,99,11.11111,8.40244,7.71325,6.72305,0.52632,0.87289,2.69135,22.0,0.79023,7.71325
multi_real,45,25,99,11.11111,8.40244,7.71325,6.71902,0.52632,0.88006,2.73627,22.0,0.79415,7.71325
multi_real,45,26,99,11.11111,8.40244,7.7155,6.71902,0.53226,0.88019,2.74445,22.0,0.79882,7.7155
multi_real,45,27,99,11.11111,8.40244,7.72154,6.6983,0.50909,0.88196,2.73627,22.0,0.80118,7.72154
multi_real,45,28,99,11.76471,8.40244,7.72473,6.70207,0.51852,0.88195,2.70506,22.0,0.80482,7.72473
multi_real,45,29,99,11.76471,8.40244,7.72473,6.72228,0.51852,0.88319,2.72666,22.0,0.80578,7.72473
multi_real,45,30,99,13.0719,8.40244,7.73277,6.72228,0.5283,0.88516,2.72666,22.0,0.80736,7.73277
multi_real,45,31,99,12.27621,8.40244,7.74245,6.72334,0.52459,0.88582,2.71191,22.0,0.81001,7.74245
multi_real,45,32,99,11.76471,8.40244,7.73255,6.72228,0.50909,0.89242,2.71191,22.0,0.8113,7.73255
multi_real,45,33,99,11.52542,8.40244,7.73255,6.72228,0.5082,0.89618,2.71191,22.0,0.81142,7.73255
multi_real,45,34,99,11.76471,8.40244,7.73277,6.70695,0.5082,0.90142,2.70673,22.0,0.81199,7.73277
multi_real,45,35,99,11.52542,8.40244,7.73277,6.70207,0.50794,0.90383,2.71191,22.0,0.81226,7.73277
multi_real,45,36,99,11.52542,8.42846,7.74255,6.6983,0.50794,0.90383,2.70554,22.0,0.81291,7.74255
multi_real,45,37,99,11.76471,8.42846,7.75658,6.68936,0.5082,0.90405,2.70554,22.0,0.81344,7.75658
multi_real,45,38,99,11.52542,8.42846,7.74351,6.681,0.50794,0.90405,2.70506,22.0,0.81398,7.74351
multi_real,45,39,99,11.11111,8.534,7.74255,6.65869,0.5,0.90405,2.68356,22.0,0.81857,7.74255
multi_real,45,40,99,11.11111,8.534,7.75177,6.65463,0.5,0.90502,2.68356,22.0,0.8186,7.75177
multi_real,45,41,99,11.05991,8.534,7.74351,6.62892,0.5,0.90763,2.65849,22.0,0.81901,7.74351
multi_real,45,42,99,11.11111,8.534,7.75177,6.61689,0.5,0.90712,2.66376,22.0,0.81971,7.75177
multi_real,45,43,99,11.18644,8.41864,7.74351,6.60975,0.5,0.90763,2.63866,22.0,0.82179,7.74351
multi_real,45,44,99,11.50895,8.41864,7.74351,6.61689,0.5,0.90712,2.61357,22.0,0.82211,7.74351
multi_real,45,45,99,11.52542,8.41864,7.75177,6.60975,0.5082,0.90763,2.61357,22.0,0.82213,7.75177
multi_real,45,46,99,11.50895,8.43073,7.74351,6.60228,0.5082,0.90764,2.5907,22.0,0.82213,7.74351
multi_real,45,47,99,11.31687,8.41864,7.74351,6.57841,0.5,0.90764,2.5691,22.0,0.82546,7.74351
multi_real,45,48,99,11.11111,8.41864,7.74351,6.57784,0.5,0.90784,2.56854,22.0,0.82589,7.74351
multi_real,45,49,99,11.18644,8.41864,7.75177,6.57784,0.5,0.90784,2.5907,22.0,0.82624,7.75177
multi_real,45,50,99,10.90535,8.41864,7.74255,6.56825,0.48571,0.90788,2.53225,22.0,0.82665,7.74255
multi_real,46,0,100,100.0,8.71457,6.490385,6.761205,1.0,0.5439350000000001,2.8631349999999998,28.0,0.586575,6.490385
multi_real,46,1,40,8.904630000000001,7.69247,6.78088,6.7078500000000005,0.5168349999999999,0.6521300000000001,2.859375,25.0,0.62792,6.78088
multi_real,46,2,67,7.37327,7.69247,6.62925,6.59158,0.45588,0.72287,2.91626,24.0,0.6562,6.62925
multi_real,46,3,73,7.11864,7.62876,6.67257,6.52916,0.4359,0.73011,2.93176,24.0,0.67204,6.67257
multi_real,46,4,77,7.18954,7.65745,6.71421,6.59766,0.4359,0.74872,2.87076,24.0,0.67749,6.71421
multi_real,46,5,78,7.195595,7.65745,6.86573,6.601125,0.42330500000000004,0.763145,2.75541,24.0,0.695425,6.86573
multi_real,46,6,79,6.13718,7.65745,7.0179,6.57839,0.40964,0.76525,2.67353,24.0,0.70188,7.0179
multi_real,46,7,85,5.88235,7.86644,7.0551,6.5346,0.40789,0.78693,2.62872,23.0,0.71845,7.0551
multi_real,46,8,86,5.8725000000000005,7.86644,7.1365300000000005,6.55063,0.40764999999999996,0.809465,2.6120900000000002,23.0,0.729305,7.1365300000000005
multi_real,46,9,88,6.498195,8.1039,7.296895,6.525615,0.414595,0.790585,2.63056,23.0,0.7362249999999999,7.296895
multi_real,46,10,89,7.37327,8.12426,7.32215,6.5346,0.43548,0.79665,2.5338,23.0,0.75344,7.32215
multi_real,46,11,91,6.99588,8.12426,7.36572,6.52205,0.42553,0.81231,2.5338,23.0,0.76089,7.36572
multi_real,46,12,92,6.535909999999999,8.13601,7.459265,6.502140000000001,0.40664999999999996,0.824955,2.547105,23.0,0.767115,7.459265
multi_real,46,13,95,7.18954,8.20885,7.46465,6.46723,0.42553,0.82568,2.49369,23.0,0.77591,7.46465
multi_real,46,14,96,7.47725,8.20885,7.478440000000001,6.488025,0.431265,0.8341149999999999,2.399415,22.0,0.7821549999999999,7.478440000000001
multi_real,46,15,97,8.02469,8.20885,7.46921,6.43921,0.40789,0.86385,2.32089,22.0,0.78691,7.46921
multi_real,46,16,98,8.159865,8.20885,7.478440000000001,6.44397,0.40546,0.863595,2.327155,22.0,0.7873,7.478440000000001
multi_real,46,17,98,8.439895,8.20885,7.478440000000001,6.4388950000000005,0.398415,0.866315,2.327155,21.0,0.788905,7.478440000000001
multi_real,46,18,99,8.69565,8.20885,7.49408,6.46472,0.4,0.8776,2.33112,21.0,0.79271,7.49408
multi_real,46,19,100,7.54002,8.20885,7.5000800000000005,6.43591,0.39669,0.88092,2.2522349999999998,21.0,0.797365,7.5000800000000005
multi_real,46,20,100,7.54002,8.20885,7.526315,6.43826,0.398415,0.883015,2.24167,21.0,0.80324,7.526315
multi_real,46,21,100,7.37327,8.20885,7.531905,6.432055,0.394995,0.883685,2.205975,21.0,0.8070299999999999,7.531905
multi_real,46,22,100,7.37327,8.28304,7.517185,6.43732,0.39216,0.88685,2.1951549999999997,21.0,0.80861,7.517185
multi_real,46,23,100,7.18954,8.28304,7.540455,6.455355,0.38686,0.88815,2.15613,21.0,0.8101149999999999,7.540455
multi_real,46,24,100,6.91244,8.28304,7.5412099999999995,6.464725,0.38462,0.889205,2.17396,21.0,0.811145,7.5412099999999995
multi_real,46,25,100,7.0509900000000005,8.32887,7.550365,6.464725,0.38529,0.8891249999999999,2.15705,21.0,0.81353,7.550365
multi_real,46,26,100,6.45161,8.32887,7.550935000000001,6.43732,0.38298,0.8896649999999999,2.14163,21.0,0.817225,7.550935000000001
multi_real,46,27,100,6.84605,8.32887,7.552455,6.441660000000001,0.38298,0.89189,2.2081150000000003,21.0,0.8180350000000001,7.552455
multi_real,46,28,100,6.45161,8.32887,7.552455,6.435345,0.38182,0.8929199999999999,2.21655,21.0,0.818315,7.552455
multi_real,46,29,100,6.615634999999999,8.32887,7.552455,6.432995,0.38298,0.8981950000000001,2.17108,21.0,0.8194,7.552455
multi_real,46,30,100,6.615634999999999,8.32887,7.55725,6.432995,0.38298,0.89463,2.14163,21.0,0.82135,7.55725
multi_real,46,31,100,6.615634999999999,8.32887,7.60321,6.435345,0.38298,0.8981950000000001,2.12085,21.0,0.82515,7.60321
multi_real,46,32,100,6.493779999999999,8.32887,7.606845,6.432055,0.38239999999999996,0.89995,2.0898399999999997,21.0,0.825315,7.606845
multi_real,46,33,100,6.45161,8.32887,7.616009999999999,6.4300049999999995,0.38239999999999996,0.89995,2.07286,21.0,0.826425,7.616009999999999
multi_real,46,34,100,6.422734999999999,8.32887,7.623305,6.427835,0.38090999999999997,0.90512,2.0626100000000003,21.0,0.82755,7.623305
multi_real,46,35,100,6.10169,8.32887,7.62382,6.4300049999999995,0.37787,0.905165,2.06731,21.0,0.82755,7.62382
multi_real,46,36,100,6.422734999999999,8.32887,7.622825,6.4300049999999995,0.37919,0.905165,2.0501899999999997,21.0,0.8279449999999999,7.622825
multi_real,46,37,100,6.45161,8.32887,7.63479,6.42692,0.38090999999999997,0.90578,2.0531550000000003,21.0,0.8282,7.63479
multi_real,46,38,100,6.84605,8.32887,7.639995,6.409924999999999,0.38182,0.906705,2.04038,21.0,0.828955,7.639995
multi_real,46,39,100,6.45161,8.32887,7.6581399999999995,6.41339,0.37919,0.905165,1.99748,21.0,0.83096,7.6581399999999995
multi_real,46,40,100,6.45161,8.32887,7.672775,6.409174999999999,0.38149,0.90578,2.0262700000000002,21.0,0.831035,7.672775
multi_real,46,41,100,6.84605,8.32887,7.675255,6.42394,0.383975,0.907305,2.0262700000000002,21.0,0.8314900000000001,7.675255
multi_real,46,42,100,6.45161,8.32887,7.678515,6.42394,0.38149,0.90788,2.0262700000000002,21.0,0.83185,7.678515
multi_real,46,43,100,6.45161,8.32887,7.675255,6.42394,0.38149,0.9080250000000001,2.0262700000000002,21.0,0.832015,7.675255
multi_real,46,44,100,6.45161,8.32887,7.68205,6.41864,0.38149,0.9080250000000001,2.0531550000000003,21.0,0.832375,7.68205
multi_real,46,45,100,6.45161,8.32887,7.691784999999999,6.41864,0.37919,0.908645,2.06417,21.0,0.833245,7.691784999999999
multi_real,46,46,100,6.45161,8.32887,7.683775000000001,6.427835,0.37807999999999997,0.908645,2.06417,21.0,0.83404,7.683775000000001
multi_real,46,47,100,6.45161,8.32887,7.683775000000001,6.427835,0.377415,0.91181,2.06417,21.0,0.834175,7.683775000000001
multi_real,46,48,100,6.45161,8.32887,7.69484,6.42394,0.377415,0.91536,2.052205,21.0,0.83552,7.69484
multi_real,46,49,100,6.45161,8.28304,7.698595,6.43003,0.37919,0.91639,2.025685,21.0,0.83585,7.698595
multi_real,46,50,100,6.493779999999999,8.28304,7.698595,6.43003,0.37807999999999997,0.91639,2.025685,21.0,0.83585,7.698595
multi_scrambled,42,0,100,100.0,8.4666,6.66064,6.59201,1.0,0.51425,2.83206,30.0,0.58458,6.59201
multi_scrambled,42,1,50,6.68872,8.19425,6.429919999999999,6.669454999999999,0.5186200000000001,0.680185,3.003795,25.0,0.645095,6.669454999999999
multi_scrambled,42,2,67,7.18954,8.19425,6.41282,6.67992,0.50685,0.73579,2.96868,25.0,0.66476,6.67992
multi_scrambled,42,3,81,6.36516,8.19425,6.32667,6.67992,0.48438,0.77149,2.88534,24.0,0.6744,6.67992
multi_scrambled,42,4,84,6.37188,8.19425,6.28977,6.74169,0.43788499999999997,0.77793,2.759975,23.0,0.68953,6.74169
multi_scrambled,42,5,89,6.36516,8.19425,6.3599,6.76104,0.42623,0.80496,2.69114,22.0,0.70588,6.76104
multi_scrambled,42,6,92,6.415105,8.19425,6.380135,6.799225,0.42544499999999996,0.8440099999999999,2.7468950000000003,22.0,0.7119249999999999,6.799225
multi_scrambled,42,7,93,7.18954,8.19425,6.36197,6.7903,0.42857,0.85105,2.65991,22.0,0.71579,6.7903
multi_scrambled,42,8,95,6.91824,8.19425,6.2892,6.79746,0.40541,0.87239,2.63118,22.0,0.72456,6.79746
multi_scrambled,42,9,96,7.18954,8.19425,6.304435,6.84079,0.40583,0.8763350000000001,2.6121600000000003,22.0,0.727345,6.84079
multi_scrambled,42,10,96,6.45161,8.19425,6.298629999999999,6.843205,0.394395,0.8820349999999999,2.614465,22.0,0.733685,6.843205
multi_scrambled,42,11,96,6.575889999999999,8.19425,6.307874999999999,6.857505,0.383975,0.89047,2.6081950000000003,22.0,0.7359249999999999,6.857505
multi_scrambled,42,12,97,7.18954,8.19425,6.35035,6.83941,0.39344,0.89371,2.61037,22.0,0.73888,6.83941
multi_scrambled,42,13,97,6.53595,8.19425,6.31368,6.83215,0.38462,0.898,2.59516,22.0,0.74014,6.83215
multi_scrambled,42,14,97,6.45161,7.78322,6.2883,6.847,0.38158,0.898,2.57629,22.0,0.74227,6.847
multi_scrambled,42,15,98,6.246475,7.78322,6.304435,6.843485,0.380665,0.90462,2.578885,22.0,0.7437849999999999,6.843485
multi_scrambled,42,16,98,6.16698,7.78322,6.304435,6.841325,0.380665,0.9103399999999999,2.556545,22.0,0.7478899999999999,6.841325
multi_scrambled,42,17,98,7.05389,7.78322,6.2834,6.84562,0.382455,0.9119349999999999,2.5473999999999997,22.0,0.751,6.84562
multi_scrambled,42,18,98,6.45161,7.78322,6.2834,6.85073,0.380665,0.9119349999999999,2.536275,22.0,0.752175,6.85073
multi_scrambled,42,19,98,5.88235,7.78322,6.25582,6.870795,0.378765,0.91271,2.5473999999999997,22.0,0.75406,6.870795
multi_scrambled,42,20,98,6.415105,7.78322,6.2834,6.88387,0.382455,0.913435,2.55226,22.0,0.755875,6.88387
multi_scrambled,42,21,98,6.16698,7.77526,6.25582,6.89173,0.382455,0.913435,2.5473999999999997,22.0,0.757825,6.89173
multi_scrambled,42,22,98,5.82253,7.77526,6.269565,6.918995000000001,0.380665,0.913435,2.55226,22.0,0.75895,6.918995000000001
multi_scrambled,42,23,98,5.82253,7.77526,6.2834,6.930795,0.380665,0.91405,2.55226,22.0,0.7603249999999999,6.930795
multi_scrambled,42,24,98,6.10716,7.77526,6.361835,6.9530449999999995,0.38787,0.91271,2.518275,22.5,0.761775,6.9530449999999995
multi_scrambled,42,25,98,6.070655,7.77526,6.399789999999999,6.977259999999999,0.383025,0.91183,2.505975,23.0,0.7629,6.977259999999999
multi_scrambled,42,26,98,5.76271,7.77526,6.44225,7.01571,0.3817,0.913435,2.505975,22.0,0.7650950000000001,7.01571
multi_scrambled,42,27,99,5.52995,7.77526,6.42481,7.04435,0.37975,0.9136,2.50519,23.0,0.76591,7.04435
multi_scrambled,42,28,100,5.76271,7.77526,6.420085,7.05893,0.37807999999999997,0.91405,2.50259,22.0,0.7677799999999999,7.05893
multi_scrambled,42,29,100,5.14897,7.66399,6.430035,7.080285,0.37778,0.9107799999999999,2.4903,22.5,0.76863,7.080285
multi_scrambled,42,30,100,5.14897,7.66399,6.443334999999999,7.080285,0.37807999999999997,0.90596,2.47583,22.0,0.769525,7.080285
multi_scrambled,42,31,100,5.326245,7.66399,6.4528,7.122035,0.37953,0.9045099999999999,2.48151,22.0,0.77142,7.122035
multi_scrambled,42,32,100,5.051485,7.66399,6.4554849999999995,7.115045,0.37807999999999997,0.90387,2.4707299999999996,22.0,0.773525,7.115045
multi_scrambled,42,33,100,5.051485,7.66399,6.47489,7.150095,0.378545,0.905845,2.460655,22.0,0.7752,7.150095
multi_scrambled,42,34,100,4.865914999999999,7.66399,6.47489,7.1829350000000005,0.37778,0.904165,2.450455,22.0,0.776165,7.1829350000000005
multi_scrambled,42,35,100,5.051485,7.66399,6.51155,7.19797,0.3772,0.9045099999999999,2.463375,22.0,0.776885,7.19797
multi_scrambled,42,36,100,4.87393,7.66399,6.580465,7.21072,0.37778,0.908,2.4707299999999996,22.5,0.7779050000000001,7.21072
multi_scrambled,42,37,100,4.813549999999999,7.66399,6.615494999999999,7.23515,0.3772,0.9045099999999999,2.480405,23.0,0.778705,7.23515
multi_scrambled,42,38,100,4.90624,7.66399,6.802745,7.249890000000001,0.3799,0.906685,2.483285,23.0,0.7807299999999999,7.249890000000001
multi_scrambled,42,39,100,5.2998,7.66399,6.813085,7.239545,0.38667,0.910455,2.46294,23.0,0.78189,7.239545
multi_scrambled,42,40,100,5.210695,7.66399,6.802745,7.243585,0.38814000000000004,0.91002,2.4633000000000003,23.0,0.782925,7.243585
multi_scrambled,42,41,100,5.210695,7.66399,6.778425,7.280144999999999,0.386515,0.91002,2.45616,23.0,0.784055,7.280144999999999
multi_scrambled,42,42,100,5.0036950000000004,7.69538,6.841085,7.30625,0.38814000000000004,0.90981,2.46801,23.5,0.78664,7.30625
multi_scrambled,42,43,100,4.90596,7.69538,6.802745,7.31594,0.383055,0.91002,2.47918,23.0,0.7880400000000001,7.31594
multi_scrambled,42,44,100,4.865634999999999,7.69538,6.69773,7.318955000000001,0.37567,0.910455,2.46801,23.0,0.7896099999999999,7.318955000000001
multi_scrambled,42,45,100,4.73131,7.69538,6.6060300000000005,7.318955000000001,0.37416499999999997,0.9110149999999999,2.45916,23.0,0.790065,7.318955000000001
multi_scrambled,42,46,100,4.4817,7.69538,6.554785,7.32846,0.36843499999999996,0.9110149999999999,2.4516850000000003,23.0,0.791705,7.32846
multi_scrambled,42,47,100,4.35511,7.69538,6.579375000000001,7.32846,0.36931,0.9110149999999999,2.449485,23.0,0.792065,7.32846
multi_scrambled,42,48,100,4.524125,7.69538,6.60121,7.333075,0.37782499999999997,0.9110149999999999,2.452735,23.0,0.7921,7.333075
multi_scrambled,42,49,100,4.865634999999999,7.69538,6.768575,7.333235,0.38647,0.913575,2.452735,23.0,0.79294,7.333235
multi_scrambled,42,50,100,4.90624,7.69538,6.749375000000001,7.3342600000000004,0.38647,0.91475,2.449485,23.0,0.79503,7.3342600000000004
multi_scrambled,43,0,100,100.0,8.56234,6.514155,6.699425,1.0,0.53384,2.744945,29.0,0.59623,6.699425
multi_scrambled,43,1,51,6.77966,7.29044,6.18496,6.69238,0.5,0.6679,2.79673,26.0,0.65306,6.69238
multi_scrambled,43,2,64,6.063935000000001,7.4776,6.158125,6.700279999999999,0.440475,0.7592300000000001,2.7317400000000003,25.0,0.687685,6.700279999999999
multi_scrambled,43,3,82,5.566775,7.64847,6.230505,6.733639999999999,0.408045,0.787365,2.7066350000000003,24.0,0.69943,6.733639999999999
multi_scrambled,43,4,83,5.76271,8.04548,6.14026,6.79869,0.39726,0.79235,2.62683,24.0,0.71151,6.79869
multi_scrambled,43,5,86,5.694655,8.04548,6.0588999999999995,6.80899,0.39415500000000003,0.840095,2.639565,23.0,0.72453,6.80899
multi_scrambled,43,6,88,5.4987200000000005,8.04548,6.043185,6.834960000000001,0.37817999999999996,0.84857,2.624855,23.0,0.730245,6.834960000000001
multi_scrambled,43,7,90,5.762015,8.04548,6.051915,6.8807,0.39339999999999997,0.84275,2.4918050000000003,23.0,0.73439,6.8807
multi_scrambled,43,8,91,5.22876,8.04548,6.03256,6.87544,0.37705,0.84925,2.44191,23.0,0.7384,6.87544
multi_scrambled,43,9,92,5.76271,8.04548,6.072425,6.889575,0.390565,0.8525499999999999,2.478765,23.0,0.7417549999999999,6.889575
multi_scrambled,43,10,94,6.123755,8.04548,6.0379000000000005,6.910625,0.39208,0.853925,2.48144,22.0,0.7461450000000001,6.910625
multi_scrambled,43,11,94,5.82253,8.04548,6.056625,6.96274,0.390565,0.8649249999999999,2.46631,22.0,0.74888,6.96274
multi_scrambled,43,12,94,6.16698,8.04548,6.06175,6.988315,0.390565,0.8769750000000001,2.46631,23.0,0.75424,6.988315
multi_scrambled,43,13,94,5.88235,8.04548,6.026985,6.9982050000000005,0.386405,0.880675,2.470525,23.0,0.75752,6.9982050000000005
multi_scrambled,43,14,94,5.4987200000000005,7.64847,6.01956,7.028315,0.37573500000000004,0.884115,2.462095,23.0,0.7603,7.028315
multi_scrambled,43,15,96,5.4987200000000005,7.64847,6.0076149999999995,7.028315,0.37573500000000004,0.889985,2.45302,22.5,0.7621899999999999,7.028315
multi_scrambled,43,16,96,6.16698,7.64847,6.039455,7.0365649999999995,0.386405,0.890555,2.450665,22.0,0.7633300000000001,7.0365649999999995
multi_scrambled,43,17,97,5.76271,7.64847,6.03808,7.04743,0.38571,0.89121,2.42386,22.0,0.76499,7.04743
multi_scrambled,43,18,97,5.37084,7.64847,6.02531,7.05694,0.37705,0.89186,2.42723,22.0,0.76671,7.05694
multi_scrambled,43,19,97,5.22876,7.64847,6.0123,7.05694,0.36923,0.89311,2.41273,22.0,0.76816,7.05694
multi_scrambled,43,20,98,5.22876,7.64847,5.98937,7.061349999999999,0.3701,0.89473,2.409675,22.0,0.7697700000000001,7.061349999999999
multi_scrambled,43,21,99,5.22876,7.63113,5.99533,7.06162,0.36923,0.89473,2.40662,22.0,0.77002,7.06162
multi_scrambled,43,22,99,4.93827,7.56595,5.95094,7.06782,0.36232,0.89473,2.40662,22.0,0.77166,7.06782
multi_scrambled,43,23,99,5.22876,7.54045,5.93536,7.06782,0.36207,0.89542,2.35463,22.0,0.77212,7.06782
multi_scrambled,43,24,99,5.22876,7.54045,5.9265,7.06162,0.36,0.89842,2.35463,22.0,0.7729,7.06162
multi_scrambled,43,25,99,5.37084,7.48504,5.93536,7.07529,0.36207,0.8972,2.31619,22.0,0.77383,7.07529
multi_scrambled,43,26,99,5.76271,7.48504,5.9265,7.11213,0.37097,0.8972,2.31619,22.0,0.77558,7.11213
multi_scrambled,43,27,99,5.22876,7.48504,5.93732,7.11555,0.36,0.89842,2.31619,22.0,0.7766,7.11555
multi_scrambled,43,28,99,4.60829,7.48504,5.95094,7.10982,0.35385,0.90033,2.31619,22.0,0.77737,7.10982
multi_scrambled,43,29,99,4.60829,7.48504,5.98159,7.11654,0.35294,0.89918,2.33717,22.0,0.77792,7.11654
multi_scrambled,43,30,99,4.60829,7.48504,5.96499,7.12128,0.35385,0.89842,2.33751,22.0,0.77812,7.12128
multi_scrambled,43,31,99,4.60829,7.48504,5.96499,7.12128,0.35294,0.89906,2.34623,22.0,0.77924,7.12128
multi_scrambled,43,32,99,4.93827,7.48504,5.98159,7.12128,0.35593,0.89918,2.33751,22.0,0.7796,7.12128
multi_scrambled,43,33,99,4.85934,7.48504,5.98159,7.13095,0.35294,0.90394,2.35463,22.0,0.78116,7.13095
multi_scrambled,43,34,99,5.06912,7.48504,5.96344,7.13744,0.36207,0.89979,2.34623,22.0,0.78145,7.13744
multi_scrambled,43,35,99,5.06912,7.48504,5.95094,7.16784,0.36364,0.90337,2.36679,22.0,0.78184,7.16784
multi_scrambled,43,36,99,4.93827,7.48504,5.97125,7.16935,0.35897,0.90337,2.34623,22.0,0.78209,7.16935
multi_scrambled,43,37,99,4.93827,7.48504,5.92944,7.17919,0.35294,0.90414,2.36679,22.0,0.78244,7.17919
multi_scrambled,43,38,99,5.06912,7.48504,5.92592,7.1878,0.35556,0.90414,2.36786,22.0,0.78328,7.1878
multi_scrambled,43,39,99,4.93827,7.48504,5.92527,7.19315,0.35088,0.9005,2.41666,22.0,0.78343,7.19315
multi_scrambled,43,40,99,4.93827,7.48504,5.92527,7.20867,0.35556,0.89979,2.42723,22.0,0.78425,7.20867
multi_scrambled,43,41,99,4.93827,7.48504,5.89307,7.20867,0.35556,0.89979,2.42293,22.0,0.78427,7.20867
multi_scrambled,43,42,99,4.93827,7.48504,5.88035,7.22793,0.35556,0.89918,2.42723,22.0,0.78441,7.22793
multi_scrambled,43,43,99,4.93827,7.48504,5.89307,7.22349,0.35556,0.89979,2.42293,22.0,0.7848,7.22349
multi_scrambled,43,44,99,5.22876,7.48504,5.89695,7.22349,0.35714,0.89918,2.41666,22.0,0.78493,7.22349
multi_scrambled,43,45,99,5.6266,7.48504,5.90266,7.22903,0.36364,0.89906,2.41666,22.0,0.78507,7.22903
multi_scrambled,43,46,100,5.4276800000000005,7.48504,5.902785,7.233750000000001,0.36285500000000004,0.898965,2.4197949999999997,22.0,0.78633,7.233750000000001
multi_scrambled,43,47,100,5.06912,7.48504,5.902785,7.244820000000001,0.357815,0.89918,2.458715,22.0,0.786905,7.244820000000001
multi_scrambled,43,48,100,5.14894,7.48504,5.9020600000000005,7.263285,0.35653500000000005,0.899025,2.55994,22.0,0.787,7.263285
multi_scrambled,43,49,100,5.06912,7.48504,5.902785,7.30133,0.355745,0.898835,2.573975,22.0,0.7879050000000001,7.30133
multi_scrambled,43,50,100,5.14894,7.48504,5.90951,7.32257,0.35322,0.899025,2.5791500000000003,22.0,0.78837,7.32257
multi_scrambled,44,0,100,100.0,8.88689,6.5950500000000005,6.802695,1.0,0.5159549999999999,2.964695,29.0,0.59318,6.802695
multi_scrambled,44,1,44,7.48604,7.78324,6.376860000000001,6.764875,0.475595,0.724255,3.104155,24.0,0.654195,6.764875
multi_scrambled,44,2,67,7.53532,8.111,6.29305,6.74832,0.46667,0.7425,2.83686,23.0,0.67307,6.74832
multi_scrambled,44,3,76,7.138845,8.111,6.28363,6.90461,0.44061,0.75759,2.833015,23.0,0.6882349999999999,6.90461
multi_scrambled,44,4,81,6.45161,8.30839,6.25784,6.8956,0.42857,0.78522,2.81138,23.0,0.70839,6.8956
multi_scrambled,44,5,84,5.566775,8.30839,6.2440549999999995,6.881565,0.38034999999999997,0.8272200000000001,2.7729,22.0,0.720965,6.881565
multi_scrambled,44,6,88,5.76271,7.79607,6.291399999999999,6.93363,0.38409000000000004,0.83447,2.774995,23.0,0.728075,6.93363
multi_scrambled,44,7,89,5.99078,7.79607,6.26914,6.92545,0.375,0.85356,2.63937,22.0,0.73477,6.92545
multi_scrambled,44,8,92,5.22876,7.60898,6.29777,6.96851,0.37263999999999997,0.86578,2.66638,23.0,0.738325,6.96851
multi_scrambled,44,9,94,5.326245,7.46426,6.25431,6.990895,0.37051,0.86971,2.6489000000000003,23.0,0.7416100000000001,6.990895
multi_scrambled,44,10,96,4.9013349999999996,7.35489,6.22694,6.982925,0.367135,0.87347,2.609035,23.0,0.745,6.982925
multi_scrambled,44,11,96,4.93827,7.35489,6.19001,6.99195,0.36923,0.873955,2.583165,23.0,0.74932,6.99195
multi_scrambled,44,12,96,4.8667750000000005,7.35489,6.224755,6.998915,0.36842,0.873955,2.609035,23.0,0.752805,6.998915
multi_scrambled,44,13,97,4.60358,7.35489,6.28975,7.05429,0.36842,0.87718,2.63032,23.0,0.75623,7.05429
multi_scrambled,44,14,97,4.85934,7.38105,6.28975,7.10767,0.36923,0.87218,2.60827,23.0,0.75813,7.10767
multi_scrambled,44,15,98,4.738894999999999,7.38105,6.353565,7.08395,0.35938,0.87981,2.59356,23.0,0.7604150000000001,7.08395
multi_scrambled,44,16,98,4.479345,7.38417,6.27957,7.066585,0.36492,0.88958,2.570055,23.0,0.762625,7.066585
multi_scrambled,44,17,98,4.33441,7.38417,6.31299,7.083635,0.36039,0.88958,2.55861,23.0,0.765015,7.083635
multi_scrambled,44,18,98,4.33441,7.38417,6.27957,7.092625,0.36039,0.887975,2.5267150000000003,23.0,0.766725,7.092625
multi_scrambled,44,19,98,4.443085,7.38417,6.27957,7.091685,0.36492,0.89148,2.5267150000000003,23.0,0.7675099999999999,7.091685
multi_scrambled,44,20,98,4.443085,7.35489,6.27957,7.090035,0.36039,0.892235,2.50589,23.0,0.76838,7.090035
multi_scrambled,44,21,98,4.11281,7.35489,6.327815,7.10582,0.353755,0.8979250000000001,2.465085,23.0,0.7712749999999999,7.10582
multi_scrambled,44,22,98,4.079935,7.35489,6.304825,7.110285,0.353755,0.89242,2.45057,23.0,0.7724599999999999,7.110285
multi_scrambled,44,23,98,4.34783,7.35489,6.37438,7.12467,0.364745,0.895205,2.465085,23.0,0.77378,7.12467
multi_scrambled,44,24,98,4.7329550000000005,7.35489,6.41704,7.132759999999999,0.368995,0.8979250000000001,2.465085,23.0,0.7748349999999999,7.132759999999999
multi_scrambled,44,25,98,4.35147,7.35489,6.47087,7.1360600000000005,0.36602500000000004,0.8979250000000001,2.444855,23.0,0.776635,7.1360600000000005
multi_scrambled,44,26,98,4.249725,7.35489,6.40072,7.152044999999999,0.36492,0.898745,2.444855,23.0,0.77868,7.152044999999999
multi_scrambled,44,27,98,4.35147,7.35489,6.4239999999999995,7.151395,0.36436,0.9013800000000001,2.43379,23.0,0.780315,7.151395
multi_scrambled,44,28,98,4.650715,7.35489,6.408035,7.151395,0.36297999999999997,0.90297,2.403355,23.0,0.781765,7.151395
multi_scrambled,44,29,98,4.35147,7.35489,6.412075,7.15291,0.35858,0.903265,2.37133,23.0,0.7831250000000001,7.15291
multi_scrambled,44,30,98,4.236305,7.34813,6.412075,7.15668,0.35858,0.9047149999999999,2.36153,23.0,0.784975,7.15668
multi_scrambled,44,31,98,4.15162,7.34813,6.395754999999999,7.179595,0.35858,0.90432,2.36153,23.0,0.786135,7.179595
multi_scrambled,44,32,99,4.15162,7.34813,6.40307,7.19748,0.35366,0.90351,2.3438,23.0,0.78674,7.19748
multi_scrambled,44,33,99,4.34783,7.34813,6.33431,7.19961,0.35484,0.90411,2.30278,23.0,0.78711,7.19961
multi_scrambled,44,34,99,4.35511,7.34813,6.26914,7.19748,0.35484,0.90915,2.29769,23.0,0.7895,7.19748
multi_scrambled,44,35,99,4.32099,7.34813,6.23709,7.19748,0.35484,0.91002,2.29279,23.0,0.79015,7.19748
multi_scrambled,44,36,99,4.34783,7.34813,6.28992,7.19809,0.35616,0.91002,2.29381,23.0,0.79066,7.19809
multi_scrambled,44,37,99,4.34783,7.36341,6.37818,7.20994,0.35526,0.91094,2.29221,23.0,0.79254,7.20994
multi_scrambled,44,38,99,4.60829,7.36341,6.52638,7.21278,0.36066,0.91234,2.29221,23.0,0.79375,7.21278
multi_scrambled,44,39,99,4.60829,7.36341,6.37818,7.23172,0.36364,0.91234,2.29042,23.0,0.79411,7.23172
multi_scrambled,44,40,99,4.34783,7.50202,6.61397,7.2859,0.36066,0.91234,2.29221,23.0,0.79533,7.2859
multi_scrambled,44,41,99,4.34783,7.50202,6.5799,7.28554,0.3625,0.91234,2.2903,23.0,0.79572,7.28554
multi_scrambled,44,42,100,4.377305,7.50202,6.63896,7.279669999999999,0.36307,0.913705,2.2903599999999997,23.0,0.79598,7.279669999999999
multi_scrambled,44,43,100,4.45971,7.50202,6.4638100000000005,7.272175,0.36307,0.9126350000000001,2.279245,23.0,0.796225,7.272175
multi_scrambled,44,44,100,4.33441,7.50202,6.5697399999999995,7.27823,0.36158,0.914835,2.2869,23.5,0.796945,7.27823
multi_scrambled,44,45,100,4.33441,7.50202,6.651625,7.286795,0.36626000000000003,0.914835,2.2869,24.0,0.797315,7.286795
multi_scrambled,44,46,100,4.670400000000001,7.50202,6.651625,7.2857199999999995,0.36737,0.9160699999999999,2.26591,24.0,0.7979799999999999,7.2857199999999995
multi_scrambled,44,47,100,4.670400000000001,7.50202,6.721695,7.292365,0.37321499999999996,0.915485,2.273865,24.0,0.7985800000000001,7.292365
multi_scrambled,44,48,100,4.795925,7.50202,6.752750000000001,7.292365,0.375,0.915485,2.2691749999999997,24.0,0.79867,7.292365
multi_scrambled,44,49,100,4.47806,7.50202,6.752750000000001,7.296234999999999,0.36954,0.9160699999999999,2.26749,24.0,0.799455,7.296234999999999
multi_scrambled,44,50,100,4.670400000000001,7.50202,6.752750000000001,7.296234999999999,0.37321499999999996,0.915485,2.26591,24.0,0.799705,7.296234999999999
multi_scrambled,45,0,100,100.0,8.50158,6.71856,6.6071100000000005,1.0,0.493815,2.916545,30.0,0.562925,6.6071100000000005
multi_scrambled,45,1,50,7.437424999999999,7.73905,6.46635,6.677695,0.5131600000000001,0.6827650000000001,3.17526,25.5,0.635515,6.677695
multi_scrambled,45,2,69,6.77966,7.81332,6.34313,6.66632,0.47761,0.72805,3.03924,24.0,0.66448,6.66632
multi_scrambled,45,3,83,7.37327,7.84128,6.34963,6.74248,0.47761,0.79731,2.89061,23.0,0.68923,6.74248
multi_scrambled,45,4,87,6.3786,7.87073,6.3655,6.75133,0.42647,0.80621,2.88266,23.0,0.69754,6.75133
multi_scrambled,45,5,90,6.493779999999999,7.87073,6.35747,6.78134,0.42635,0.82389,2.74299,23.5,0.709495,6.78134
multi_scrambled,45,6,93,6.44068,7.87073,6.32122,6.78939,0.40845,0.84569,2.70019,23.0,0.7169,6.78939
multi_scrambled,45,7,94,5.99078,7.87073,6.3713750000000005,6.81934,0.396945,0.8495699999999999,2.6700150000000002,23.0,0.72465,6.81934
multi_scrambled,45,8,95,6.3786,7.87073,6.40371,6.79981,0.39683,0.86649,2.70019,22.0,0.73205,6.79981
multi_scrambled,45,9,95,5.6266,7.87073,6.34618,6.82435,0.38462,0.87278,2.63156,22.0,0.73485,6.82435
multi_scrambled,45,10,96,5.22876,7.87073,6.37915,6.85764,0.36031500000000005,0.88012,2.631095,22.0,0.7395,6.85764
multi_scrambled,45,11,97,5.22876,7.87073,6.34335,6.8673,0.3662,0.88579,2.60453,22.0,0.74302,6.8673
multi_scrambled,45,12,99,5.22876,7.35675,6.3882,6.85758,0.36905,0.88776,2.58197,22.0,0.74442,6.85758
multi_scrambled,45,13,99,5.22876,7.35675,6.40371,6.87815,0.3662,0.89695,2.56627,22.0,0.74775,6.87815
multi_scrambled,45,14,99,5.22876,7.35675,6.34618,6.88148,0.3662,0.90402,2.55801,22.0,0.74831,6.88148
multi_scrambled,45,15,99,5.14403,7.35675,6.39519,6.87097,0.36364,0.9049,2.47382,22.0,0.751,6.87097
multi_scrambled,45,16,99,4.60829,7.35675,6.32748,6.8944,0.35211,0.90612,2.47382,22.0,0.75424,6.8944
multi_scrambled,45,17,99,4.34783,7.35675,6.30355,6.91588,0.32979,0.89844,2.41792,22.0,0.75963,6.91588
multi_scrambled,45,18,99,4.0678,7.35675,6.32748,6.96057,0.33962,0.90021,2.39653,22.0,0.76073,6.96057
multi_scrambled,45,19,99,3.97112,7.35675,6.32748,7.01681,0.34524,0.90021,2.3495,22.0,0.76224,7.01681
multi_scrambled,45,20,99,3.90947,7.35675,6.32748,7.01997,0.34848,0.89844,2.35867,22.0,0.76443,7.01997
multi_scrambled,45,21,99,3.68664,7.2211,6.24163,7.01681,0.33824,0.90313,2.31968,22.0,0.76502,7.01681
multi_scrambled,45,22,99,3.68664,7.2211,6.26413,7.03417,0.33962,0.90714,2.31725,22.0,0.76564,7.03417
multi_scrambled,45,23,99,3.68664,7.00799,6.26413,7.03417,0.33824,0.90742,2.29831,22.0,0.7684,7.03417
multi_scrambled,45,24,99,3.7037,7.00799,6.2647,7.0536,0.34328,0.90742,2.3173,22.0,0.76972,7.0536
multi_scrambled,45,25,99,3.90947,7.00799,6.24163,7.05816,0.34328,0.90795,2.31725,22.0,0.77053,7.05816
multi_scrambled,45,26,99,3.68664,7.00799,6.20423,7.0536,0.33735,0.90742,2.2974,22.0,0.77256,7.0536
multi_scrambled,45,27,100,3.4296,7.00799,6.2057199999999995,7.05588,0.32865500000000003,0.9076850000000001,2.297855,22.0,0.7729250000000001,7.05588
multi_scrambled,45,28,100,3.4097150000000003,7.00799,6.2057199999999995,7.068925,0.32642499999999997,0.9086700000000001,2.294805,22.0,0.773845,7.068925
multi_scrambled,45,29,100,3.3573199999999996,7.00799,6.19966,7.068770000000001,0.32655500000000004,0.91147,2.287565,22.0,0.775545,7.068770000000001
multi_scrambled,45,30,100,3.4097150000000003,6.98524,6.2057199999999995,7.08113,0.32265,0.91003,2.267985,23.0,0.77722,7.08113
multi_scrambled,45,31,100,3.519855,6.98524,6.185905,7.08113,0.32001,0.9125449999999999,2.18755,22.5,0.780595,7.08113
multi_scrambled,45,32,100,3.68664,6.98524,6.192775,7.08775,0.32389999999999997,0.9125449999999999,2.17794,23.0,0.782025,7.08775
multi_scrambled,45,33,100,3.519855,7.11159,6.18724,7.085575,0.32526,0.91335,2.1716949999999997,23.0,0.783515,7.085575
multi_scrambled,45,34,100,3.55812,7.11159,6.194425000000001,7.096895,0.32265,0.9154100000000001,2.15587,23.0,0.785345,7.096895
multi_scrambled,45,35,100,3.55812,7.11159,6.194425000000001,7.10178,0.325975,0.91671,2.152895,23.0,0.785865,7.10178
multi_scrambled,45,36,100,3.3573199999999996,7.11159,6.194425000000001,7.10624,0.32388,0.917625,2.152895,23.0,0.78649,7.10624
multi_scrambled,45,37,100,3.32481,7.11159,6.2057199999999995,7.11325,0.326285,0.9168499999999999,2.16176,23.0,0.787825,7.11325
multi_scrambled,45,38,100,3.3084949999999997,7.11159,6.193345000000001,7.11325,0.326285,0.9168499999999999,2.14975,23.0,0.7881849999999999,7.11325
multi_scrambled,45,39,100,3.3084949999999997,7.11159,6.19697,7.117685,0.32833999999999997,0.9168499999999999,2.152895,23.0,0.7882450000000001,7.117685
multi_scrambled,45,40,100,3.32481,7.15268,6.18581,7.117685,0.326285,0.92032,2.149655,23.0,0.7885150000000001,7.117685
multi_scrambled,45,41,100,3.3084949999999997,7.15268,6.17598,7.11325,0.32468,0.92205,2.1432450000000003,23.0,0.788995,7.11325
multi_scrambled,45,42,100,3.32481,7.15268,6.17598,7.11325,0.32028999999999996,0.922545,2.151965,23.0,0.78999,7.11325
multi_scrambled,45,43,100,3.08642,7.15268,6.17849,7.129149999999999,0.3184,0.921745,2.14643,23.0,0.7921199999999999,7.129149999999999
multi_scrambled,45,44,100,2.940945,7.15268,6.1737649999999995,7.13481,0.31448,0.921615,2.1303850000000004,23.0,0.792385,7.13481
multi_scrambled,45,45,100,2.850695,7.15268,6.1715800000000005,7.1432400000000005,0.3125,0.921615,2.1303850000000004,23.0,0.7924899999999999,7.1432400000000005
multi_scrambled,45,46,100,2.7891399999999997,7.15268,6.174635,7.149045,0.31646,0.921615,2.1303850000000004,23.0,0.792675,7.149045
multi_scrambled,45,47,100,2.73842,7.15268,6.168565,7.15637,0.31448,0.921615,2.12911,23.0,0.79287,7.15637
multi_scrambled,45,48,100,2.73842,7.15268,6.168565,7.15637,0.31448,0.921615,2.12911,23.0,0.79287,7.15637
multi_scrambled,45,49,100,2.71186,7.15268,6.174635,7.1609300000000005,0.312875,0.92205,2.129865,23.0,0.7930550000000001,7.1609300000000005
multi_scrambled,45,50,100,2.71186,7.15268,6.182685,7.168895,0.31646,0.92205,2.128725,23.0,0.79383,7.168895
multi_scrambled,46,0,100,100.0,8.71457,6.490385,6.761205,1.0,0.5439350000000001,2.8631349999999998,28.0,0.59855,6.761205
multi_scrambled,46,1,45,8.18414,7.72393,6.08362,6.67881,0.48649,0.65003,2.91027,25.0,0.6262,6.67881
multi_scrambled,46,2,60,7.1407,7.72393,6.05716,6.7549,0.46664,0.7331,2.76251,24.0,0.68094,6.7549
multi_scrambled,46,3,74,6.20997,7.72393,5.93058,6.77574,0.4252,0.785295,2.7206900000000003,23.0,0.702705,6.77574
multi_scrambled,46,4,85,5.06912,6.93845,6.00085,6.84583,0.39286,0.80004,2.62606,23.0,0.71401,6.84583
multi_scrambled,46,5,90,5.04405,6.83498,5.9798,6.8502600000000005,0.38968,0.8318300000000001,2.64148,22.0,0.7172000000000001,6.8502600000000005
multi_scrambled,46,6,91,4.61049,7.20164,5.95146,6.8579,0.36364,0.85108,2.61653,22.0,0.7293,6.8579
multi_scrambled,46,7,93,4.60829,7.20164,5.9129,6.89285,0.35821,0.85733,2.5793,22.0,0.73692,6.89285
multi_scrambled,46,8,93,5.22876,7.20164,5.91065,6.90646,0.36364,0.86525,2.54503,22.0,0.7418,6.90646
multi_scrambled,46,9,94,4.45971,7.04003,5.91224,6.930085,0.350325,0.8653949999999999,2.54646,22.0,0.743455,6.930085
multi_scrambled,46,10,97,3.77358,7.04003,5.9129,6.9309,0.34328,0.86602,2.49667,22.0,0.74767,6.9309
multi_scrambled,46,11,97,4.60829,7.04003,5.90408,6.91915,0.34921,0.87072,2.4753,22.0,0.75257,6.91915
multi_scrambled,46,12,97,4.0678,7.04003,5.90056,6.9309,0.34848,0.87971,2.3707,22.0,0.7561,6.9309
multi_scrambled,46,13,97,4.34783,6.52391,5.89826,6.9198,0.34783,0.89305,2.30949,22.0,0.75824,6.9198
multi_scrambled,46,14,97,4.61049,6.52391,5.89788,6.9319,0.35,0.89913,2.28805,22.0,0.76201,6.9319
multi_scrambled,46,15,98,4.47916,6.486,5.89196,6.96801,0.35897,0.899,2.2716250000000002,22.0,0.7647999999999999,6.96801
multi_scrambled,46,16,98,4.898805,6.486,5.881175000000001,6.975395000000001,0.36052,0.9030400000000001,2.22222,22.0,0.7667200000000001,6.975395000000001
multi_scrambled,46,17,98,4.898805,6.58765,5.9011700000000005,6.970245,0.36052,0.9030400000000001,2.181355,22.0,0.7681199999999999,6.970245
multi_scrambled,46,18,99,4.61049,6.58765,5.90408,6.98924,0.35385,0.90217,2.17075,22.0,0.76954,6.98924
multi_scrambled,46,19,99,4.40678,6.58765,5.91156,7.00404,0.35,0.9018,2.14728,22.0,0.77027,7.00404
multi_scrambled,46,20,99,4.40678,6.58765,5.90952,7.00794,0.35897,0.89816,2.1235,22.0,0.77167,7.00794
multi_scrambled,46,21,99,4.15162,6.58765,5.90408,7.01512,0.35802,0.89816,2.09097,22.0,0.77289,7.01512
multi_scrambled,46,22,99,4.15162,6.486,5.89537,7.03155,0.35897,0.89481,1.99802,22.0,0.77319,7.03155
multi_scrambled,46,23,99,4.15162,6.486,5.87309,7.03605,0.35802,0.89481,1.99153,22.0,0.77463,7.03605
multi_scrambled,46,24,99,4.15162,6.486,5.87291,7.03605,0.35714,0.89481,1.99402,22.0,0.77463,7.03605
multi_scrambled,46,25,99,3.97112,6.486,5.89537,7.03943,0.34722,0.89169,1.97446,23.0,0.77732,7.03943
multi_scrambled,46,26,99,3.97112,6.61412,5.91871,7.0458,0.35593,0.89369,1.97362,23.0,0.77955,7.0458
multi_scrambled,46,27,99,3.97112,6.61412,5.89537,7.05684,0.35,0.89253,1.93308,23.0,0.78057,7.05684
multi_scrambled,46,28,99,4.0678,6.61412,5.88926,7.05918,0.35714,0.89183,1.93306,23.0,0.78128,7.05918
multi_scrambled,46,29,99,3.97112,6.72109,5.89537,7.07155,0.35714,0.89253,1.93246,23.0,0.78201,7.07155
multi_scrambled,46,30,99,4.0678,6.72109,5.84814,7.08439,0.35714,0.89253,1.85809,23.0,0.78561,7.08439
multi_scrambled,46,31,99,4.0678,6.72109,5.83986,7.08439,0.36538,0.89369,1.83587,23.0,0.78779,7.08439
multi_scrambled,46,32,99,4.0678,6.72109,5.87291,7.09601,0.36765,0.89816,1.84434,23.0,0.78924,7.09601
multi_scrambled,46,33,99,4.09207,6.72109,5.91252,7.10704,0.37037,0.90833,1.83587,23.0,0.79138,7.10704
multi_scrambled,46,34,99,4.15162,6.72109,5.92063,7.11672,0.36538,0.90876,1.83587,23.0,0.79243,7.11672
multi_scrambled,46,35,99,4.34783,6.72109,5.94024,7.10704,0.37037,0.90992,1.81752,23.0,0.79272,7.10704
multi_scrambled,46,36,99,4.34783,6.72109,5.9539,7.12594,0.37097,0.91066,1.80285,23.0,0.79369,7.12594
multi_scrambled,46,37,99,4.34783,6.72109,5.9613,7.12733,0.37097,0.91107,1.80285,23.0,0.79417,7.12733
multi_scrambled,46,38,99,4.15162,6.72109,5.96606,7.12733,0.37255,0.91107,1.78677,23.0,0.7949,7.12733
multi_scrambled,46,39,99,4.34783,6.72109,5.96605,7.12594,0.375,0.91203,1.79924,23.0,0.79505,7.12594
multi_scrambled,46,40,99,4.34783,6.72109,5.96139,7.12733,0.375,0.91232,1.78677,23.0,0.79554,7.12733
multi_scrambled,46,41,99,4.34783,6.7551,5.9613,7.13098,0.375,0.9133,1.77582,23.0,0.79719,7.13098
multi_scrambled,46,42,99,4.35511,6.7551,5.954,7.13307,0.38095,0.91374,1.77264,23.0,0.79727,7.13307
multi_scrambled,46,43,99,4.40678,6.7551,5.96139,7.1377,0.38095,0.91374,1.76745,23.0,0.79878,7.1377
multi_scrambled,46,44,99,4.35511,6.7551,5.97302,7.14066,0.38095,0.91374,1.76745,23.0,0.80009,7.14066
multi_scrambled,46,45,99,4.60829,6.7551,5.97302,7.14486,0.38095,0.91374,1.76939,23.0,0.80184,7.14486
multi_scrambled,46,46,99,4.35511,6.7551,5.96605,7.14542,0.37705,0.91374,1.76939,23.0,0.80249,7.14542
multi_scrambled,46,47,99,4.69314,6.7551,5.954,7.15336,0.38095,0.91232,1.77462,23.0,0.80317,7.15336
multi_scrambled,46,48,99,4.69314,6.7551,5.9539,7.15336,0.38095,0.9133,1.77264,23.0,0.8038,7.15336
multi_scrambled,46,49,99,4.40678,6.72109,5.96285,7.15616,0.375,0.9133,1.76939,23.0,0.80417,7.15616
multi_scrambled,46,50,99,4.35511,6.72109,5.96285,7.15786,0.37313,0.91374,1.77264,23.0,0.80503,7.15786
