smiles,hinge_distance,hinge_contact
N#Cc1cccc(Nc2nccc(-c3cnn4ncccc34)n2)c1,3.069662033514436,True
N=S(=O)(c1ccc2c(c1)N(c1ccc([N+](=O)[O-])cc1C(=O)O)CCN2)C1CC1,3.193468333959182,True
Clc1cccc(CN2CCCN(c3ccccc3)CCN2)c1,2.9534997883866505,True
CC(S)S(=O)(=O)NSS(=O)(=O)S(=O)(=S)c1ccc(Nc2ncc(Br)c(N[C@H](C)[C@@H](C)O)n2)cc1,3.05692230846648,True
CNC(=O)c1ccc(-c2cccc(C(=O)N(C)C)c2)c(F)c1,5.911519347849592,False
CCN(CC)CCNC(=O)c1cccc(Nc2nccc(-c3cnn4ncccc34)n2)c1,2.8592261190748802,True
CCOc1ccc(C(=O)Nc2ccc(OC)cc2)cc1,3.710853944848816,False
Cc1ncc(-c2nc(NC(=O)CN)ncc2F)n1C(C)C,3.3113939662927474,True
O=C(Nc1ccc(C(=O)N2CCCC2)cc1Cl)c1ccccc1,3.251051829792946,True
O=C(c1ccccc1)N1CCN(Cc2ccc3c(n2)CCNC3)CC1,4.090445819223133,False
Cc1ncc(-c2nc(NCC3CC3)ncc2F)n1C(C)C,3.0346698337710456,True
Nc1nccc(-n2cc(-c3ccc(Cl)cc3)c3cnccc32)n1,3.731107476339962,False
C[C@H](N)Oc1nc(Nc2ccc(NNc3ccc(S(=O)(=O)[SH](=O)O)cc3)cc2)ncc1C(F)(F)F,2.703084349405323,True
O=C(NC1CCCC1)c1ccc(-c2nccc(-c3c[nH]c4cnccc34)n2)cc1,3.664651961646559,False
Cc1cnc(Nc2ccc(OCC(O)CN(C)C)cc2)nc1Nc1ccccc1,3.046267552267861,True
Cc1ncc(-c2ccnc(Nc3ccc(C(C)C)cc3)n2)n1C(C)C,3.051527322505902,True
Cc1ncc(-c2nc(Nc3ccc(C=O)c(F)c3)ncc2F)n1-c1ncc(F)c(-c2cnc(C)n2C(C)C)n1,3.0583894454434657,True
C=CNC(=O)N1CCC(c2ccc(O)c(-c3cc(C)nc(N)n3)c2)CC1,4.346158073517351,False
Cc1cccc(Nc2ccc(N3CCOCC3)cc2)c1,3.2782022512346627,True
O=C(O)Nc1ccc(-c2ccc(C(F)(F)F)cc2C(=O)O)nn1,4.159773190932417,False
Cc1nc2c(F)cc(-c3nc(Nc4ccc5c(n4)CCN(C[C@@H](O)CN(C)C)C5)ncc3F)cc2n1C1CC1,3.0297343117837903,True
CC(=O)N1CCC(Nc2ncc3c(n2)CN(Nc2ccccc2Cl)CC3)CC1,3.9058237287414785,False
CN1CCN(CCCCOc2c(OCc3ccc(C#N)cc3)cc(O)c3c(=O)cc(-c4ccccc4)oc23)CC1,3.647207287775125,False
CCNc1ncc2c(n1)CN(c1ccc(C(C)(C)C)cc1)CC2,3.5603485784400353,False
O=C(Nc1ccccc1)N1CCN(Cc2ccccc2)CC1,4.399139688620946,False
CN1CCN(Cc2ccc(NC3CCCC3)cc2)CC1,2.869733611330507,True
COc1cc(C2=C(c3cn(COC(C)(C)C)c4ccccc34)CNC2=O)cc(CN(C)C)c1OC,3.5307479377605033,False
CN(C)CC(O)COc1ccc(Nc2nccc(C3CCC(N)CC3)n2)cc1,3.0208361425274335,True
Cc1cccc(C(=O)Nc2ccc(CN3CCCC3=O)cc2)c1C,3.6994304967116216,False
COc1ccccc1Nc1ccc(N2CCN(C(C)=O)CC2)cc1,3.147198118962323,True
CC[C@H](Nc1nc(NCCOC)c2ncn(C(C)C)c2n1)C(=O)C(C)(C)C,3.4796703866889485,True
CCc1cc(C)nc(-c2ccc(N3CCCNCC3)cc2)n1,4.872563288455059,False
CCC(=O)N1CCc2cnc(Nc3ccc(C(C)C)cc3)nc2C1,3.0558828511577496,True
CC(=O)Nc1ccc(CNc2nc(NC3CCN(C)CC3)nc3c(C(C)C)cnn23)cc1,3.069594109976104,True
Cc1ncc(-c2nc(NC(=O)NN3CCC3)ncc2F)n1C(C)C,2.9944650607412324,True
CCCc1ccc(-c2ccc(S(N)(=O)=O)cc2)cc1C,12.381538918890488,False
N=C1NC(=O)/C(=C/c2ccc(-c3ccc(S(N)(=O)=O)c(C(F)(F)F)c3)o2)S1,3.0181202759333488,True
CN(C)c1cc(Cl)cc(Cc2ccc(C(N)=O)cc2)c1,6.746000000000004,False
O=C(c1ccccc1)N1CCN(c2ccccc2Cl)CC1,3.8860495364830427,False
Cc1cc(CN2CCCCCC2)nc(CN2CCCNCC2)n1,4.5961359858037305,False
CN(C)C(=O)c1cccc(Nc2cccc(C(=O)N3CCCC3)c2)c1,3.045212800445979,True
C=C(C)c1cccc(Cc2ccc(S(N)(=O)=O)cc2)c1,6.7059759170459285,False
CCCN1CCc2cnc(Nc3ccc(C(C)C)cc3)nc2C1,3.279185874573136,True
C=C(CO)c1ccc(-c2ccc(S(N)(=O)=O)cc2)cc1,2.9647755395645072,True
CN1CCCN(NC(=O)CCc2cn(C)c3ccc(Cl)cc23)CC1,4.301946768615345,False
CCC(C)[C@@H]1CNC(=O)c2cc3cnc(Nc4ccc(NC(C)=O)cn4)nc3n21,2.884482275903254,True
COS(=O)(=S)c1ccc(Nc2ncc(Br)c(N[C@H](C)S(C)(=N)=O)n2)cc1,2.8448722291168043,True
Cc1ncc(-c2nc(NC(=O)C3CCC3)ncc2F)n1C(C)C,3.157223780475502,True
COc1cc(F)ccc1Nc1ccc(C(=O)N2CCCC2)cc1,3.178682274150722,True
CN1CCCN(c2ccc(-c3ccc(CCN)cc3)cc2)CC1,4.550110438220151,False
NS(=O)(=O)c1ccc(N=Nc2c(O)[nH]c3ccc(Cc4c(=O)[nH]c5ccc6[nH]cccc6c45)cc23)cc1,5.27067035584658,False
O=C(Cc1ccc(-c2ccncc2F)cc1)NC1CCCC1,3.4691183317955616,True
CC(=O)Nc1ccc(NC(=O)c2ccc(F)cc2)cc1,3.3381069485563217,True
CC(=O)Nc1ccc(C(C)C(=O)NCc2cccc3ccccc23)cc1,3.696910737358971,False
CN1CCN(C(=O)c2ccc(CCc3ccc(N)nc3)cc2)CC1,4.709796173933647,False
Cc1ncc(-c2ccnc(Nc3ccc(S(=O)(=S)S(=O)(=O)SS(C)(=N)=O)cc3)n2)n1C(C)C,3.0976999531910825,True
CN(C)C(=O)c1ccc(-c2ccc(CC(=O)O)cc2)cc1,4.80612702703538,False
NC(C(=O)Nc1cc(C2CC2)[nH]n1)c1ccccc1,3.0054818249325694,True
NC1CCC(Nc2nccc(-c3cn[nH]c3C(=O)c3c(F)cccc3F)n2)CC1,3.0600715677905352,True
CC(C)S(=O)(=O)c1ccc(Nc2ncc(C(F)(F)F)c(O[C@H](C)[C@@H](C)O)n2)cc1,2.9444787314565546,True
Cc1nc2c(F)cc(-c3nc(Nc4ncc5c(n4)CCN(C(=O)CN(C)C)C5)ncc3F)cc2n1C(C)C,2.9080321525045054,True
Cc1ncc(NC(=O)Cc2cccc(F)c2)n1C(C)C,3.1341619294478065,True
CN(C)CC(O)COc1ccc(Nc2ncc(Cl)c(Nc3ccccc3)n2)cc1,2.9845090048448557,True
C=C(C)CC(=O)c1ccc(Nc2ncc(F)c(-c3cnc(C)n3C(C)C)n2)cc1,3.2302937946880337,True
C[C@H](O[C@H](C)[C@@H](C)O[C@@H](C)O)S(=N)(=O)c1ccc(Nc2ncc(C(F)(F)F)c(O[C@H](C)[C@@H](C)O)n2)cc1,2.9716086552572865,True
O=C(Cc1ccccc1)NCc1cccc(N2CCOCC2)c1,3.8694476349990885,False
CC(C)OCc1nnc2sc(Cc3[nH]nc4[nH]c(=S)[nH]c(=S)c34)nn12,3.485124674957844,True
COc1ccc(C(=O)N(C)Cc2ccc(C(=O)O)cc2)cc1,3.4293034278115404,True
CSC(=O)Nc1nccc(-c2ccc(S(N)(=O)=O)cc2)n1,3.6594459963223915,False
C[C@H]([C@H](O)S)[C@@H](C)S(=O)(=O)[C@@H](C)OS(=O)(=O)c1ccc(Nc2ncc(C(F)(F)F)c(O[C@H](C)[C@H](O)S)n2)cc1,3.0254693850706875,True
COCc1ccc(Nc2ccc(S(C)(=O)=O)cc2)cc1,3.1548210725808263,True
CC(C1CC1)n1cnc2c(NCc3cccc(C(F)(F)F)c3)nc(NCC(N)=O)nc21,3.0144022624726095,True
CCc1ccc(Nc2ncc3c(n2)CN(C2CC2)CC3)cc1,3.3181407444531357,True
O=C1Cc2c(-c3ccc[nH]3)cc(NCCO)c3c(F)ccc(c23)N1,3.339211583592749,True
NOc1[nH]c2ccc(N=Cc3c(=O)[nH]c4ccc5[nH]cccc5c34)cc2c1N=Nc1ccc(S(N)(=O)=O)cc1,4.97106276363516,False
CN(C)C1CCN(c2ccc(Nc3ncc4cc5n(c4n3)C3(CCCCC3)CNC5=O)nn2)CC1,3.9659548661072788,False
NS(=O)(=O)c1ccc(N=NN=Nc2ccc(-c3c(=O)[nH]c4ccc5[nH]cccc5c34)cc2)cc1,2.86685367607068,True
COc1cc(N2CCN(C)CC2)ccc1Nc1cc(-c2c[nH]c3cnccc23)ncn1,3.1080722321078715,True
CC(C)(C)C(=O)Nc1ccc(Nc2ncc3cc4n(c3n2)C2(CCCCC2)CNC4=O)nc1,5.024089967347323,False
CC(C)CC(=O)Nc1[nH]nc2ccc(N3CCCS3(=O)=O)cc12,2.848086375094686,True
CC[C@H](CO)Nc1nc(NCc2ccc(NC(=O)C3CCOCC3)cc2)n2ncc(C(C)C)c2n1,3.154802370989347,True
CC(C)c1ccc(C(=O)Nc2ccc(S(N)(=O)=O)cc2)cc1,3.334329017958487,True
C=CC(=O)Nc1ccc(S(=O)(=O)N2CCC[C@@H](Nc3ncc(SCc4ncc(C(C)(C)C)o4)s3)C2)cc1,3.223052745457324,True
CC(C)c1c2cc(-c3nc(Nc4ccc(N5CCNCC5)cn4)ncc3F)ccc2nn1C,2.9087208528836195,True
CN(C)C(=O)c1ccc(Nc2cccc(C(=O)N(C)C)c2)cc1,3.2709474162694865,True
Oc1ccc(-c2nc(Nc3cccc(Cl)c3)nc3[nH]cnc23)cc1,3.3312173450557143,True
c1ccc2[nH]c(-c3cc[nH]n3)nc2c1,8.341885458336142,False
CN(C)Cc1ccc(Nc2ncc3cc(C(=O)NC(C)(C)C)n(C4CCCC4)c3n2)nc1,2.901835798249106,True
NS(=O)(=O)c1ccc(Cc2ccc(C3=CCC3)cc2)cc1,12.33617910862192,False
C[C@@H](O)[C@@H](C)Oc1nc(Nc2ccc(S(=O)(=O)C(F)(F)[C@H](O)S)cc2)ncc1C(F)(F)F,3.092005498054619,True
Cc1nc2c(F)cc(-c3nc(Nc4ccc5c(n4)CCN(CCS(C)(=O)=NC#N)C5)ncc3F)cc2n1C(C)C,2.8062751112462285,True
CN(C)C(=O)Nc1ccc(-c2ccc(N(C)C)cc2)cc1,4.216979132032787,False
C[C@@H]1CN(c2ccc(NC(=O)Nc3cc(C4CC4)[nH]n3)nc2)C[C@H](C)N1C[C@@H](C)O,4.37882107421621,False
CCC(=O)NCCCCn1nc(C(N)=O)c2c1-c1nc(Nc3ccccc3)ncc1CC2,2.7602972666001024,True
CCOC(=O)n1cnc2c(NCc3cccc(O)c3)nc(NC(CO)C(C)C)nc21,2.983736415972427,True
Cc1ncc(-c2cn[nH]c2C(O)Sc2ccnc(Nc3ccc(C(N)=O)cc3)n2)n1C(C)C,2.8218940447862346,True
Cc1ncc(Nc2ccc(N3CCOCC3)cc2)n1C(C)C,3.913035778011752,False
Cc1cccc(C(=O)Nc2ccc(N(C)C)cc2)c1C,3.5005246749594585,False
NS(=O)(=O)c1ccc(Cc2ccc(C3CC3)cc2)nc1,8.451458217372902,False
Cc1ccc(NC(=O)Cc2ccccc2)c(OCC2CC2)c1,2.9984290887062857,True
CC(=O)Nc1c[nH]nc1-c1nc2ccccc2[nH]1,6.3960204033445605,False
COc1cc(F)ccc1C(=O)Nc1cc(C2CC[C@@H](OC(=O)N(C)C(C)C)C2)[nH]n1,3.635185277258916,False
CC(CO)Sc1nc(Nc2ccc(S(C)(=N)=O)cc2)ncc1Br,3.0349922569917727,True
Cc1ncc(CN2CCCN(c3ccc(NC(C)(C)C)nc3)CC2)n1C(C)C,3.546995066249744,False
CC(=O)Nc1ccc(CCC(=O)Nc2ccccc2C)nc1,4.374831425323728,False
CCCCc1ccc(-c2ccc(S(N)(=O)=O)cc2)cc1,12.478284257060341,False
COc1ccnc(Nc2ccc(N3CCOCC3)cc2)n1,3.212377468480314,True
O=C(NN1CCN(c2ccccc2Cl)CC1)c1ccccc1,3.317034971175309,True
C=C(N=NN=Nc1c(O)[nH]c2ccc(C(=O)OC)cc12)N=Nc1ccc(S(N)(=O)=O)cc1,3.442183318767326,True
COc1ccc(CNC(=O)N(C)c2ccccc2)cc1,3.7133361011360093,False
CC(C)C(C)Nc1cccc(-c2ccc(S(N)(=O)=O)cc2)c1,3.145225747064914,True
O=C(c1ccccc1F)N1CC=C(Oc2ccccc2)CC1,3.2617274564255045,True
Cc1[nH]nc2ccc(-c3cncc(N[C@@H](CO)c4ccc(F)cc4)n3)cc12,3.4788404677420903,True
CC(C)c1ccc(-c2ccc(S(N)(=O)=O)cc2)cc1F,12.13610374049266,False
C=C(C)c1ccc(CC(=O)c2ccc(Nc3ncc(F)c(-c4cnc(C)n4C(C)C)n3)cc2)cc1,2.9396720905570435,True
CS(=O)(=O)N1CCC(Nc2ncc(C(F)(F)F)c(-c3cnn(-c4ccc(C#N)cc4Cl)c3)n2)CC1,3.366265883735268,True
CC(C)c1ccc(Nc2ncc3c(n2)CN(C2CC2)CC3)cc1,3.0128169542804946,True
CC(C)Nc1ccc(C(C)c2ccc(S(N)(=O)=O)cc2)cc1,3.185673555152823,True
CS(=O)(=O)c1ccc(NC(=O)Cc2ccccc2)nc1,3.4402863252932923,True
COc1ccc(CN=Cc2c(=O)[nH]c(O)c3cccc(Br)c23)cc1O,5.231948203107524,False
CO[C@@H](O)[C@@H](C)O[C@@H](C)OS(=O)(=O)c1ccc(Nc2ncc(C(F)(F)F)c(O[C@H](C)[C@@H](C)O)n2)cc1,3.0588929369953504,True
O=C(Nc1cccc(Cl)c1)c1ccc(N2CCOCC2)cc1,3.3629433536710085,True
Cc1ncc(-c2nc(NC(=O)NC(=O)CC(C)C)ncc2F)n1C(C)C,3.2825292077908452,True
Cc1ccc(CN=Cc2c(=O)[nH]c(O)c3ccc(I)cc23)cc1O,2.8714430170212335,True
COc1c(C)cccc1-c1ccc(NC(C)(C)C)nc1,5.683999736101331,False
CN(C)C(=O)c1cccc(NC(=O)Cc2ccccc2)c1,2.98308514796343,True
CC(C)c1c2cc(-c3ccnc(N[C@H]4CC[C@H](NC5CCOCC5)CC4)n3)ccc2nn1C,3.3009485000526806,True
O=C(CN1CCN(Cc2ccc(F)cc2)CC1)Nc1ccccc1,3.493367716115781,True
CNC(=O)c1cccc(Nc2ccc(C(=O)N(C)C)cc2)c1,3.131753662087751,True
CCN(CC)C(=O)c1ccc(-c2ccc(O)cc2)cc1,3.7433788213324055,False
NS(=O)(=O)c1ccc(N=Cc2c(=O)[nH]c3ccc4[nH]cccc4c23)cc1,2.944955517490889,True
C[C@H](O[C@H](C)[C@@H](C)O)[C@@H](C)Oc1nc(Nc2ccc(S(=O)(=O)[C@@H](C)O)cc2)ncc1C(F)(F)F,2.9835907896358687,True
O=C(Nc1cncc(CC2CCCCC2)c1)c1oc2cccc(O)c2c(=O)c1O,3.3046430972194307,True
NS(=O)(=O)c1ccc(N=Nc2c(O)[nH]c3ccc(C(=O)NCc4cccnc4)cc23)cc1,3.3161732463790248,True
CC(C)CNC(=O)c1ccc(-c2ccc(S(N)(=O)=O)cn2)cc1,2.7500507268048753,True
CC(C)c1nc(Nc2ccc(S(N)(=O)=O)cc2)ncc1F,4.982883201520981,False
CC(N=Nc1c(O)[nH]c2ccc(-c3cnco3)cc12)NNN=Nc1ccc(S(N)(=O)=O)cc1,2.995299651120067,True
COc1cc(F)ccc1-c1ccnc(NC(=O)C2CCC(NC(C)=O)C2)c1,3.8368364572913447,False
CN1CCN(Nc2ccc(Nc3ccc(Nc4ncc5c(n4)-c4c(c(C(N)=O)nn4C)CC5)cc3)cc2)CC1,2.6241541494355873,True
CC(C)n1nnc2ccc(-c3ccnc(Nc4cc(C(=O)N5CCCC5)ccn4)c3)cc21,3.8892287153110425,False
O=C(COc1ccncc1)NC(=O)OCc1ccccc1,3.174860154400503,True
CNCc1nc2oc(-c3ccc(F)cc3OC)nc2c2c1ncn2C,3.0136746672459545,True
C[C@H]1CNCC(C(=O)Nc2ncc(OSCc3ncc(C(C)(C)C)o3)s2)C1,3.2576872164159694,True
CC(C)C(=O)c1ccc(-c2ccc(S(N)(=O)=O)cc2)cn1,5.917171114645917,False
Nc1nc(N)c(N=O)c(OCC2CCCCC2)n1,7.5327812924576545,False
N#Cc1ccc(C(=O)N2CCc3cnc(NC4CCCCC4)nc3C2)cc1Cl,3.065724547313407,True
CCNCc1ccc(N2CCN(C(=O)c3ccccc3)CC2)cc1,4.0072061339541865,False
CN1C/C=C/COCc2cncc(c2)-c2ccnc(n2)Nc2cccc(c2)C1,4.556754766278304,False
CC(C)N1CCc2cnc(NC(=O)c3c(F)cccc3F)nc2C1,3.3522990618380075,True
CCn1c(-c2ccnc(Nc3ccc(S(C)(=O)=O)cc3)n2)cnc1C,3.189373292670525,True
CC(=O)N1CCC(n2ncc(Nc3ncc(Cl)c(-c4cnc5ccccn45)n3)c2C)CC1,3.185336089017922,True
O=C(Nc1ccccc1)c1cccc(N2CCCCNCC2)c1,3.418895289417331,True
CC(CN(C)C)N1CCc2nc(Nc3ncc(F)c(N[C@H]4CC[C@H](N)CC4)n3)ccc2C1,2.91549944263415,True
C=C(C)c1ccc(Cc2cc(C[C@H]3CC[C@H](N)CC3)cnn2)cc1,3.1343339005281474,True
CN(C)S(=O)(=O)c1ccc(Nc2cc(N[C@H]3CC[C@H](N)CC3)nc3c(Cl)cnn23)cc1,3.099666111051317,True
O=C(Nc1ccc(N2CCNCC2)cc1)c1[nH]ncc1Nc1cc(Oc2ccccc2)ncn1,2.8918675626660377,True
C[C@H](ON)Oc1nc(Nc2ccc(S(=O)(=O)C(F)F)cc2)ncc1C(F)(F)F,2.9897769147546773,True
CC(C)CNc1ccc(-c2ccc(S(N)(=O)=O)cn2)cc1,3.2557698014448144,True
C=C(C)C(=O)c1ccc(Nc2ncc(F)c(-c3cnc(C)n3C(C)C)n2)cc1,2.9584673396878967,True
CN(C)CC(O)CNc1ccc(C(=O)OCCc2cccc(C(F)(F)F)c2)cn1,8.25786770298483,False
Cc1cccc(C(=O)Nc2ccc(N3CCOCC3)cc2)c1,3.70102850569947,False
CC(C)Cc1ccc(-c2ccc(S(N)(=O)=O)cc2)cn1,5.594137198889573,False
CC(=O)Nc1ccc(C(=O)Nc2ccc(Cl)cc2)cc1,3.411298579720043,True
CONc1ccc2oc(O)c(NNc3ccc4[nH]c(O)c(N=Nc5ccc(S(N)(=O)=O)cc5)c4c3)c2c1,3.8595590421704906,False
NS(=O)(=O)c1ccc(N=NN=CN=NN=Cc2c(=O)[nH]c3ccc4[nH]cccc4c23)cc1,3.2865853100140296,True
COc1ccc2c(=O)[nH]c(O)c(C=NCc3ccc(OC)c(O)c3)c2c1,2.77124177941947,True
O=C(Nc1ccc(CN2CCCCC2)cn1)c1ccccc1,3.4545889769985707,True
CCCCc1ccc(-c2cccc(S(N)(=O)=O)c2)cc1,6.939378862693691,False
CC(C(=O)Nc1cc(C2CC2)[nH]n1)c1ccc(N2CCNC2=O)cc1,3.072486126901149,True
CC(=O)N1CCCc2nc(-c3ccc(S(N)(=O)=O)cc3)ccc2C1,4.778769506891912,False
CCCc1cccc(NCc2ccc(S(N)(=O)=O)cc2)c1,6.517381452700155,False
Cn1cc(-c2cnc3c(-c4csc(C(=O)N[C@@H]5CCCC[C@@H]5N)c4)cnn3c2)cn1,4.202729113326245,False
COc1cc2c(cc1F)C(c1ccccc1Cl)=Nc1c(C)n[nH]c1N2,4.661048487196851,False
NS(=O)(=O)c1ccc(N=NN=Nc2c(O)[nH]c3ccc(-c4ccc5[nH]c(O)c(-c6cnco6)c5c4)cc23)cc1,2.96287208633785,True
CCc1cc(C(=O)c2nc(N)nc(C(C)(C)C)n2)cc(OC)c1OC,2.497382029245831,True
CC(C)CNc1ncc2c(n1)-c1c(c(C(N)=O)nn1C)CC2,5.238970700433439,False
CC(=O)Nc1ccc(C(=O)N2CCN(c3ccccc3)CC2)cc1,4.166810410853854,False
COc1ccccc1NC(=O)c1ccc(F)cc1N(C)C,5.31687821940657,False
CC(=O)Nc1ccc(C(=O)c2ccc(Nc3ncc(F)c(-c4cnc(C)n4C(C)C)n3)cc2)cc1,3.5951346289117008,False
COC(=CO)C(=O)c1ccc2[nH]c(O)c(N=Nc3ccc(S(N)(=O)=O)cc3)c2c1,2.753704050910342,True
O=C(Nc1[nH]nc2nc(-c3ccc(O)cc3)ccc12)C1CC1,3.2037329788857263,True
Cc1cnc(OC2CCCCC2)nc1-c1cnc(Nc2ccccn2)s1,3.7409010946562127,False
CCNC(=O)c1[nH]nc2ccc(N3CCCS3(=O)=O)cc12,3.169288563700063,True
CC(=O)N1CCCc2cnc(Nc3ccc(C(=O)O)cc3)nc2C1,3.286579072531192,True
CC(=O)NCCc1nc(Nc2ncc(F)c(NCN(C)C)n2)ccc1C,2.930557967350252,True
Cc1ncc(-c2nc(Nc3ccc(C(=O)O)cc3)ncc2F)n1C(C)C,3.115986200226185,True
Cc1ncc(-c2nc(NC(=O)N3CCc4cnc(NC5CCOCC5)nc4C3)ncc2F)n1C(C)C,3.3813139457908967,True
CC(C)=Cc1cccc2[nH]c(O)c(N=Nc3ccc(S(N)(=O)=O)cc3)c12,3.2305272015570505,True
Cc1ncc(-c2nc(Nc3ccccc3)ncc2F)n1C(C)C,3.0557740426936046,True
COc1ccc(Nc2nccc(-c3cnc(C)n3C(C)C)n2)cc1,3.0512662945079065,True
NS(=O)(=O)c1ccc(N=Nc2c(O)[nH]c3cccc(N=Nc4c(O)[nH]c5cccc([SH](N)(=O)O)c45)c23)cc1,3.0196460057430605,True
Cc1nc2c(F)cc(-c3nc(Nc4ccc5c(n4)CCN(C(=O)C(C)N(C)C)C5)ncc3F)cc2n1C(C)C,2.8058905894564,True
CC(=O)Nc1ccc(Nc2ncc3c(n2)N([C@@H]2CCC[C@@]2(C)O)C(=O)C32CC2)cc1,2.573966200244282,True
COc1cccc(C(C)C)c1CNC(=O)c1ccc2[nH]c(O)c(N=Nc3ccc(S(N)(=O)=O)cc3)c2c1,3.238750067541499,True
CC(C)=CNc1cccc(Nc2cccc(Nc3ncc4c(n3)-c3c(c(C(N)=O)nn3C)CC4)c2)c1,2.6753007307590737,True
Cc1cc(S(N)(=O)=O)ccc1-c1ccc(C(F)F)cc1,12.534494245880044,False
O=C(Nc1ccccc1)C(=S)N1CCN(Nc2cc(C3CC3)[nH]n2)CC1,7.279394617686282,False
CCc1ccc(OCC(=O)Nc2ccccc2C)cc1,3.6750024489787854,False
C=C(C)Nc1cccc(-c2ccc(S(N)(=O)=O)cc2)n1,3.058847331920968,True
CC(=O)N1CCC(n2cc(Nc3ncc(Cl)c(-c4cnc5ccccn45)n3)cn2)CC1,3.044198745154463,True
CN1CCN(C(=O)c2ccc(Nc3nc(Nc4ccc5c(n4)CCNC5)ncc3F)cc2)CC1,2.819825171885664,True
Clc1cccc(Nc2ccc(N3CCCOCC3)cc2)c1,3.2577773097619818,True
COc1cccc(C=Cc2nccc(N3CCCNCC3)n2)c1,4.510547860293692,False
C[C@@H](O)[C@@H](C)Oc1nc(Nc2ccc(S(=O)(=O)CCO)cc2)ncc1C(F)(F)F,2.95224202937361,True
CCN1CCc2cnc(Nc3ccc(C(C)C)nc3)nc2C1,3.711485551635629,False
CC=Nc1ccc(-c2nc(Nc3ccc4c(n3)CCNC4)ncc2F)cc1F,2.9380253572765516,True
CNc1nc2c(nc(-c3ccccc3)n2C)c2c1ncn2C,2.856778080285553,True
CCC(=O)Nc1ccc(CNc2nc(OC3CCN(C)CC3)nc3c(C(C)C)cnn23)cc1,3.357501600893139,True
NS(=O)(=O)c1ccc(Nc2ccc(C3CC3)c(F)c2)cc1,3.1173291452780534,True
CC(C)=Cc1ccc(-c2ccc(S(N)(=O)=O)cc2)cc1,2.893516200058326,True
CC[C@H](Nc1nc(Nc2ccccc2)c2ncn(C(C)C)c2n1)[C@@H](C)O,3.081833382907002,True
O=C(NN1CCCC1=O)Oc1ccc(-c2cccs2)cc1,4.133706085342796,False
CNC(=O)c1nn(C)c(-c2ccnc(Nc3cccc(COF)c3)n2)c1C(C)C,2.921029441823549,True
CC(=O)Cc1ccc(C(=O)Nc2ccc(C)cc2)cc1,3.34089239575297,True
CN1CCN(c2ccc(NC(=O)Cc3ccccc3)cc2)CC1,3.2479570502086457,True
CN[C@@H]1C[C@H]2O[C@@](C)([C@@H]1OC)n1c3ccccc3c3c4c(c5c6ccccc6n2c5c31)C(=O)NC4,6.332996841938258,False
Cc1ncc(-c2nc(Nc3ccc(C(=O)N4CC[C@@H](N(C)C)C4)cc3)ncc2F)n1C(C)C,3.1250812789429947,True
O=C(Nc1ccc(Cl)c(C(F)(F)F)c1)N1CCN(c2nnc(Cc3ccccc3)c3ccccc23)CC1,3.0571682976244534,True
COC=C(C)c1ccc2[nH]c(O)c(C=NON=Nc3ccc(S(N)(=O)=O)cc3)c2c1,3.7895026058837855,False
CC(=O)N1CCc2cc(-c3ccc(NC(C)C)cn3)ccc2C1,3.860444922544553,False
NS(=O)(=O)c1ccc(N=Nc2ccc(N=NN=NN=Cc3c(=O)[nH]c4ccc5[nH]cccc5c34)cc2)cc1,2.818588476525082,True
COc1cccc(OC)c1C(=S)c1c(N)nc2ccc(C(=O)c3c(F)cccc3F)cn12,6.039758935586757,False
CN1CCN(c2cc(NCc3cccnc3)n3nccc3n2)CC1,4.746278331493002,False
CNc1nc2sc(-c3cccc(CNC(C)=O)c3)nc2c2c1ncn2C,3.7161210959816677,False
NS(=O)(=O)c1ccc(-c2cccc(C(F)(F)F)c2)cc1,12.451471639930753,False
CCN(C(C)=O)c1cc(NCCNC(=O)OC(C)(C)C)c2c(F)ccc3c2c1C(=O)N3,4.992206325864349,False
CCCS(=O)(=O)c1ccc(Nc2nccc(-c3cnc(C)n3C(C)C)n2)cc1,3.080876660952202,True
O=C(c1ccccc1)N1CCc2cnc(NCC3CC3)nc2C1,3.0239371686594314,True
NS(=O)(=O)c1ccc(C(=O)c2ccc(C(F)(F)F)cc2)cc1,8.166872840934891,False
COc1ccc(Cc2ccc(N3CCCN(C(=O)O)CC3)cc2)cc1,6.355518940259714,False
CNC(=O)c1cccc(Nc2cccc(C(=O)N(C)C)c2)c1,3.111896367169064,True
CC(=O)Nc1ccc(CNc2nc(O[C@H]3CCCNC3)nc3c(C(C)C)cnn23)cc1,3.74401001601224,False
NS(=O)(=O)c1ccc(N=Nc2c3[nH]c4ccc(N=Cc5c(O)[nH]c6ccc(-c7cnco7)cc56)c(o3)c24)cc1,2.6752947501163384,True
CN1CCN(C(=O)c2ccc(C(=O)NC3CCCC3)cc2)CC1,3.14685048898101,True
NS(=O)(=O)c1ccc(N=Nc2c(O)[nH]c3cccc([SH](N)(N)=O)c23)cc1,2.9311936135301626,True
NOc1nc(NC2CCCC2)cc(-c2cc(-c3ccccc3)ccc2O)n1,3.224272010857639,True
CC1CN(c2ccc(NCc3ccccc3S(C)(=O)=O)nc2)CCN1CC(C)(C)O,3.8784422130541034,False
CNC=CC=CC(=O)C(=O)NC(=O)c1ccc(Nc2ncc(F)c(-c3cnc(C)n3C(C)C)n2)cc1F,2.904020316733336,True
CC(C)CC(=O)Nc1[nH]nc2c1CN(Nc1cccc(-c3cocn3)c1)C2(C)C,2.97348970067159,True
Cc1ncc(-c2nc(NC(=O)C(C)(C)C)ncc2F)n1C(C)C,3.386763204004672,True
CC(=O)Nc1ccc(-c2ccc(N3CCN(C)CC3)cn2)cc1,3.4448445538224277,True
N#Cc1ccc(NC=c2[nH]cc3c2=CCNC3=O)c(C(=O)O)c1,2.7590219281477246,True
C[C@H](OC(O)O)OS(=N)(=O)c1ccc(Nc2ncc(C(F)(F)F)c(O[C@H](C)[C@@H](C)O)n2)cc1,3.002270640698473,True
C=C(N)c1cnc(Nc2ncc3c(n2)-c2c(c(C(N)=O)nn2C)CC3)nc1N1CCN(C)CC1,3.760420987070463,False
C=C(C)Nc1ncc(F)c(-c2cnc(C)n2C(C)C)n1,3.042115218067849,True
COc1ccccc1NC(=O)N1CCN(Nc2ccccc2OC)CC1,3.2867232922775904,True
CNC(=O)c1nn(C)c2c1C(C)(C)Cc1cnc(Nc3ccc(N4CCN(C)CC4)cc3)nc1-2,4.4494742386039245,False
COc1cc(F)ccc1-c1ccnc(NC(=O)Nc2cccc(C[S@](C)(=N)=O)c2)c1,3.4609794856369778,True
COC(=O)NCc1ccccc1NC(=O)c1cccc(F)c1,6.938062049304547,False
Cc1ncc(-c2nc(Nc3ccc(C(=O)N4CCCN(C)CC4)cc3)ncc2F)n1C(C)C,3.0924446640158356,True
CNS(=O)(=O)c1ccc(-c2ccc(S(N)(=O)=O)cc2)cc1,2.893435501268345,True
O=S(=O)(NCCOCCO)c1ccc(N=Cc2c(O)[nH]c3ccc4ncsc4c23)cc1,2.7064412057164637,True
CNC(=O)Nc1ccc(-c2cc(-c3ccnc(NN(C)C)n3)ccn2)cc1,4.447540106620744,False
NS(=O)(=O)c1ccc(N=Nc2c(O)[nH]c3ccc(C(=O)Cc4c(=O)[nH]c5ccc6[nH]cccc6c45)cc23)cc1,2.949333653556346,True
CCN(CCNC)c1ccc(Nc2ncc3c(n2)-c2c(c(OC)nn2C)CC3)cc1,2.9720570317542765,True
Cc1c(N[C@H]2CCCNC2)nc2ccnn2c1Nc1ccc2c(cnn2C)c1,2.9577690917311306,True
CC(C)NC(=O)N1CCCc2nc(-c3ccc(S(N)(=O)=O)cc3)ccc2C1,2.8676235805977006,True
N[C@H]1CCN(c2c3cc(-c4ccnc(NC(=O)C5CC5)c4)ccc3nc3c2[nH]c2ccccc23)C1,4.034783389477062,False
CC(C)OC(=O)N1CCn2cc(C3=C(c4cnc5ccccn45)C(=O)NC3=O)c3cccc(c32)C1,3.2316984698452322,True
Nc1ccc(CSC(=O)Nc2[nH]nc3ccc(S(N)(=O)=O)cc23)cc1,3.0617891828145174,True
CC(C)c1cccc(Nc2ccc(S(N)(=O)=O)cc2)c1,7.912897699326081,False
O=C(Cc1ccc(Cc2cccs2)cc1)Nc1cc(C2CC2)[nH]n1,3.273120987681329,True
CN=C(N)SCCCn1c(=O)c2c(c1=O)n1c3ccccc3cc1c1cccc3ccn2c31,3.2407931128043317,True
CC(=N)[C@@H](C)[C@@H](C)Oc1nc(Nc2ccc(S(=O)(=O)[C@@H](C)O)cc2)ncc1C(F)(F)F,3.058273042094184,True
Cc1nc2c(F)cc(-c3nn(C(C)(C)C)c4ncnc(N)c34)cc2n1C(C)C,5.968755397903321,False
Nc1cc(O)nc(Nc2ccc(C(=O)Cc3c(F)cccc3F)cc2)n1,2.895872580069781,True
CC(=O)Nc1ccc(-c2ccc(N3CCOCC3)cc2)cc1,4.274257128437635,False
COc1ccc(C(=O)Nc2ccc(N3CCOCC3)cc2)cc1,3.731737664949131,False
CC=C(C)c1cc(-c2ccc(S(N)(=O)=O)cc2)ccn1,4.617991121689175,False
c1cc(NNc2ccc3c(n2)CCN(C[C@@H]2CNCCO2)C3)ncc1N1CCN(CC2CC2)CC1,2.9090226881205274,True
CCCC(C)COc1nc(NC2CCN(C)C[C@@H]2O)nc2nc[nH]c12,3.1040847282250557,True
O=C(c1ccccc1)N1CCN(CNc2ccccc2)CC1,3.136127070129659,True
C[C@H]([C@@H](C)O)S(=O)(=O)c1ccc(Nc2ncc(C(F)(F)F)c(O[C@H](C)C(O)O)n2)cc1,3.053558252268992,True
CC(C)N1CCN(c2ccc(-c3ccc(N4CCC(O)CC4)cc3)nc2)CC1,4.106582033759946,False
CC(C)(C)NC(=O)C1=Cc2cnc(NC(N)=O)nc2C1C1CCCC1,4.655487407350606,False
Cc1cc(CNC(=O)c2nn(C)c3c2CCc2cnc(Nc4ccc(N5CCN(C)CC5)cc4)nc2-3)ccn1,4.160704387480564,False
CC(=O)C(=O)C(=O)c1ccc(Nc2ncc(F)c(Nc3ncc(F)c(-c4cnc(C)n4C(C)C)n3)n2)cc1,3.1905914812147276,True
COCc1ccc(NC(=O)N2CCN(c3ccc(F)cc3)CC2)cc1,3.523272484495069,False
OCCN1CCN(c2ccc(-c3cccc(F)c3)cc2)CC1,4.073064325541644,False
NS(=O)(=O)c1ccc(-c2ccc(S(N)(=O)=O)cc2)cc1,2.731100510783156,True
CN1CCN(c2ccc(NNNNc3ncc4c(n3)-c3c(c(C(N)=O)nn3C)CC4)cc2)CC1,2.921504406979394,True
NS(=O)(=O)c1ccc(NC(=O)c2c(F)cc(F)cc2F)cc1,3.319829212474643,True
C=C(Nc1nccc(-c2cnc(C)n2C(C)C)n1)c1ccnc(Nc2ccc(C(N)=O)cc2)n1,3.109051784708646,True
Cn1nc(C(N)=O)c2c1-c1nc(Nc3cccc(Nc4cccc(Nc5ccccc5)c4)c3)ncc1CC2,2.6712755380155007,True
CC(C)NC(=O)O[C@@H]1CCC(c2cc(NC(=O)Cc3ccccc3S(C)(=O)=O)[nH]n2)C1,4.420190154280696,False
C[C@@H]1C[C@H]2CN1CCn1[nH]c3c(cccc3c1=O)-c1nc3c(cccc3[nH]c1=O)O2,5.556418720722905,False
C[C@@H](O)[C@@H](C)Oc1nc(-c2nc3c(N4CCN(C)CC4)cccc3[nH]2)ncc1C(F)(F)F,3.0442130345953102,True
COC(=O)c1ccc2[nH]c(O)c(C=Nc3ccc(S(N)(=O)=O)cc3)c2c1,2.78313061137993,True
Cc1nc2c(F)cc(-c3nc(Nc4ccc5c(n4)CCN(CC=NO)C5)ncc3F)cc2n1C(C)C,2.835505069648084,True
O=C(Nc1ccccn1)c1ccc(CN2CCOCC2)cc1,4.024347400511051,False
CS(=N)(=O)Cc1cccc(C(=O)NC(=O)SCc2ccc(N)cc2)c1,3.7858478574818517,False
CN1CCN(c2ccc(CC(=O)NCc3ccccc3)cc2)CC1,4.84964441995493,False
CC(C)n1cc(-c2ccnc3[nH]c(C4CCN(CC(=O)N5CCCCC5)CC4)cc23)ccc1=O,3.027617214906808,True
CCN(C(C)=O)c1ccc(NC(=O)c2ccccc2)cc1,3.6279207543715746,False
Cc1ccccc1NCc1ccc(N2CCOCC2)cc1,3.1515794452940624,True
C=C(C)[SH]CC[C@H]1CCN(C(=O)c2ccc(Nc3ncc(F)c(-c4cnc(C)n4C(C)C)n3)cc2)C1,3.1277608604239564,True
COc1cc(F)ccc1-c1nc(Nc2cc(CS(C)(=N)=O)cc(C3CC3)c2)ncc1F,3.187491176458377,True
O=C(Cc1cccc(Cl)c1)NC(=O)c1ccc(N2CCCNCC2)cc1,3.1295894299412486,True
CC(=O)Nc1ccc(-c2ccc3c(n2)CCN(C(=O)C(C)C)C3)cc1,3.681932373088899,False
O=C(Cc1ccccc1)Nc1c[nH]nc1C(=O)Nc1ccc(F)cc1,3.0358527632281547,True
Cn1nc(C(N)=O)c2c1-c1nc(Nc3ccccc3F)ncc1CC2,2.829034464265154,True
C[C@@H]1CN(c2ccc(Nc3c[nH]c4ccccc34)nc2)C[C@H](C)N1C[C@@H](C)O,3.293979659925058,True
CNC(=O)c1nn(C)c2c1C(C)(C)Cc1cnc(Nc3ccc(CO)c(O)c3)nc1-2,2.8377491080079627,True
NS(=O)(=O)c1ccc(-c2ccc(N=Nc3c(=O)[nH]c4ccc5[nH]cccc5c34)cc2)cc1,4.946612376162098,False
CN1CCCN(Nc2c(Cl)cnc3[nH]c(C4CCNCC4)cc23)CC1,2.4999243988568915,True
CN1CCN(c2ccnc(Nc3ccc(S(N)(=O)=O)cc3)n2)CC1,2.973572598743807,True
CC1CNCC(C(=O)Nc2ncc(-c3ccc(N4CCNCC4)cn3)s2)C1,3.7247497902543807,False
COc1cc(F)ccc1C(=O)NCCc1ccc(F)cc1,3.0050043261200208,True
COC1CCN(c2nccc(Nc3cc4c(ccn4C(=O)c4c(F)cccc4Cl)cn3)n2)CC1,2.67703212532088,True
COc1ccccc1-c1ccc(N2CCNCC2)cc1,4.893804246187211,False
O=C(Nc1ccccc1)C1CCN(Cc2ccccn2)CC1,4.628966515324988,False
Cc1ccc(N(C)C(=O)c2ccc(C(=O)O)cc2)cc1,3.606821453856567,False
C=C(C)NNC(=O)C(C(=O)c1ccc(Nc2ncc(F)c(-c3cnc(C)n3C(C)C)n2)cc1F)=C(C)C,3.523596741966933,False
Cc1nccc(-c2ccc(N3CCCCCC3)nn2)c1CO,3.1195502881024417,True
c1ccc2c(c1)Cc1c(-c3ccncc3)n[nH]c1-2,6.503696564262513,False
NS(=O)(=O)c1ccc(Cc2ccc(C3COC3)cc2)cc1,4.910222907363788,False
CN1CCC(c2ccc(NCc3ccccc3)cc2)CC1,2.8635816733594295,True
Cc1ncc(-c2nc(NC(C)C)ncc2F)n1C(C)C,2.9444826370688695,True
CCNC(=O)c1ccc(C(=O)Nc2cccc(Cl)c2)nc1,3.1846097092108496,True
CC1CN(C)CCN1Sc1ccc(Nc2ncc3c(n2)-c2c(c(C(N)=O)nn2C)CC3)cc1,2.8998118904508288,True
Cc1cc(N2C(=O)CCCC2=O)c2oc(-c3ccc(O)c(O)c3)c(O)c(=O)c2c1,2.803275940752179,True
CC(=O)Nc1ccc(-c2ccc(S(=O)(=O)N(C)C)cc2)cc1,4.503057405807741,False
C=Cc1ccc(Nc2ccc(S(N)(=O)=O)cc2)cc1C,3.239184002183267,True
Cc1cc(C(=O)Nc2ccc(C(=O)N(C)C)c(C)c2)cc(C)n1,3.9221689152814383,False
CC(C)=NCC(CCCC(C)C(=O)c1ccc(Nc2ncc(F)c(-c3cnc(C)n3C(C)C)n2)cc1)CNBr,2.880049999565984,True
CC(C)c1cnn2c(Nc3cccnc3)nc(NC3CCNCC3)nc12,2.733584460008508,True
CC(C)COC(=O)c1ccc2[nH]c(O)c(C=Nc3ccc(S(N)(=O)=O)cc3)c2c1,3.0401496673683654,True
NS(=O)(=O)c1ccc(NC(=O)Cc2cccc(Cl)c2)cc1,6.890484235523659,False
CC(C)c1ncc2c(n1)CN(c1ccc(S(N)(=O)=O)cc1)CC2,2.662654878124462,True
CN1CCC(c2ccc(NCc3ccncc3)cc2)CC1,2.9319836288765306,True
C[C@H](Nc1nc(Nc2ccc(S(C)(=N)=O)cc2)ncc1Br)C(C)(C)O,2.743579778318827,True
CN1CCCN(c2ccc(NC(=O)c3ccsc3)cc2)CC1,4.405264123750132,False
O=C(Cc1ccsc1)Nc1ccc(N2CCCCC2)cc1,4.601340782858842,False
NCCCn1nc(C(N)=O)c2c1-c1nc(Nc3ccccc3)ncc1CC2,3.172125155160186,True
O=C(c1ccccc1)N1CCCN(C(=O)c2ccccc2)CC1,3.2561317540910455,True
C=C(C)CC(=O)CC(=O)c1ccc(Nc2ncc(F)c(-c3cnc(C)n3C(C)C)n2)cc1,2.99002274238843,True
COCCc1cccc(-c2ccc(S(N)(=O)=O)cc2)n1,3.607880957016183,False
Cc1ncc(C=Cc2ccc(S(N)(=O)=O)cc2)n1C(C)C,5.070271294516691,False
Cc1ccccc1NC(=O)CCc1ccc(C(=O)O)cc1,5.300770981659181,False
COc1ccc(Nc2ccc(N3CCOCC3)cc2)cc1F,3.1254086132856314,True
CC(=O)NCc1ccc(NC(=O)c2ccc(C)cc2)cc1,3.598198021232299,False
CCc1cc(Nc2ccc(S(N)(=O)=O)cc2)ccc1C,7.512846131793198,False
NS(=O)(=O)c1ccc(-c2ccc(S(=O)(=O)CO)cc2)cc1,2.8220816784777885,True
N[C@H](CNc1nnc(C2CCNCC2)s1)Cc1ccc(C(F)(F)F)cc1,3.45471113119462,True
C=C(C)c1cc(CC(=O)CC(=O)c2ccc(Nc3ncc(F)c(-c4cnc(C)n4C(C)C)n3)cc2)ccn1,3.013844222915312,True
O=C(Nc1ncc2c(n1)CN(C(=O)O)CCC2)c1ccccc1,3.317469216134497,True
O=C(CN1CCOCC1)Nc1ccccc1C1CCCCC1,3.2067313576288288,True
CC(C)(C)NCc1ccc(-c2ccc(S(N)(=O)=O)cc2)nc1,4.041930603065816,False
CN(C)S(=O)(=O)c1ccc(Nc2cc3[nH]c(-c4cn[nH]c4)cc3cn2)cc1,3.137952517167845,True
O=C(Cc1ccc(Br)cc1)Nc1[nH]nc2ccc(N3CCCS3(=O)=O)cc12,3.0781700732740522,True
O=C(Cc1ccccc1)Nc1cccc(N2CCCCC2)c1,3.189536173176279,True
CS(=O)(=O)c1ccc(Nc2ccc(S(N)(=O)=O)cc2)cc1,3.1331074032021298,True
CCC(=O)c1ccc([C@H](C)c2ccc(S(N)(=O)=O)cc2)cc1,4.232475044226489,False
Cc1ccccc1N(C)CC(=O)NC(=O)c1ccccc1F,3.1606306332755807,True
Cc1c(NC2CCCNC2)nc2ccnn2c1Nc1ccc(F)c(Cl)c1,2.880607574800844,True
Cc1cc(CNC(=O)c2ccsc2)ccc1C(=O)N1CCNCC1,3.8249447054826855,False
C=C1N(C)C=C(O)N1c1cc(C)cc2c1OC(N(C)C(C)C)=C(O)C2,6.567529596431217,False
O=C(Cc1cccc(O)c1)Nc1[nH]nc2ccc(N3CCCS3(=O)=O)cc12,2.880150343298069,True
Cc1nnc(-c2cccc(-c3cnn4ccc(NCCN)nc34)c2)o1,3.443235397122892,True
CN(C)N1CCC(Nc2ccc(S(N)(=O)=O)cc2)CC1,3.1473531737000906,True
CC[C@H](CO)Nc1nc(NCc2ccc(NC(=O)C3(F)CC3)cc2)n2ncc(C(C)C)c2n1,3.0701662821417344,True
CNC(=O)c1ccc(Nc2nccc(-c3cnc(C)n3C(C)C)n2)cc1,3.118160355081186,True
CS(=O)(=O)c1ccc(NC(=O)NC(=O)c2cccc(Cl)c2)cc1,2.903698331438726,True
C[C@H](CO)Nc1nc(Nc2ccc(S(C)(=O)=NS(=O)(=O)CC[Si](C)(C)C)cc2)ncc1Br,2.9552449983038684,True
C=CC(=O)Nc1ccc(OC(=O)N2CCCC(Nc3ncc(SCc4ncc(C(C)(C)C)o4)s3)C2)cc1,4.207739654493851,False
CO[C@@H](S)[C@@H](C)Oc1nc(Nc2ccc(S(=O)(=O)O[C@H](C)[C@@H](C)O)cc2)ncc1C(F)(F)F,2.98406333712943,True
O=C(Nc1ccc(C(=O)N2CCCC2)cc1)c1ccccc1F,3.8390053399285646,False
Cn1cc(C2=C(c3cn(CC(O)CO)c4ccccc34)C(=O)NC2=O)c2ccccc21,2.8422044261453108,True
O=C(c1ccccc1)N1CCN(Nc2ccccc2)CC1,3.2818295202523893,True
CNCn1nc(C(N)=O)c2c1-c1nc(Nc3ccc(-c4cnc(C)n4C(C)C)cc3)ncc1CC2,3.167083990045103,True
NS(=O)(=O)Cc1ccc(-c2ccc(S(N)(=O)=O)cc2)cc1,2.9837932233987017,True
CC(C)(C)n1cnc2c(NCc3ccccc3)nc(NC=CCO)nc21,2.932669773431713,True
CC(=O)C(=N)c1ccc(Nc2ncc(F)c(-c3ncc(F)c(-c4cnc(C)n4C(C)C)n3)n2)cc1C,3.364265447315356,True
COC(C(=O)N1Cc2[nH]nc(NC(=O)c3ccc(N4CCN(C)CC4)cc3)c2C1)c1ccccc1,3.3588078242138235,True
CC(=O)Nc1cccc(Cc2ncc(-c3cc(C(=O)N4CCN(C(C)C)CC4)ccn3)s2)c1,3.393933411250135,True
O=C(OCC1CCCCC1)c1nc(OCC2CCCCC2)c2[nH]cnc2n1,2.943450526168224,True
CC(=O)Nc1ccc([C@@H](C)c2ccc(S(N)(=O)=O)cc2)cc1,4.311050452036031,False
CS(=O)(=O)c1cccc(-c2ccc(NC3CCCC3)cc2)c1,5.4543841082197355,False
C=C(CCN(C)C)N1CCc2nc(Nc3ncc(F)c(-c4cc(F)c5nc(C)n(C6CC6)c5c4)n3)ccc2C1,2.911307266504178,True
CN1C/C=C/CCOc2cccc(c2)-c2ccnc(n2)Nc2cccc(c2)C1,2.9053972189702404,True
CNC(=O)c1ccc(Cc2ccc(NC3CC3)cc2)cc1,3.2882174502304515,True
CCCC(=O)Nc1nc(Nc2ccc(N3CCN(C(C)=O)CC3)cc2OC)ncc1Br,3.0054838212840242,True
CCNC(=O)c1ccc(-c2ccc(S(N)(=O)=O)cc2)cc1,3.0125943968612816,True
CC(C)c1nccc(Nc2ccc(S(N)(=O)=O)cc2)n1,4.342787353762553,False
NS(=O)(=O)c1ccc(Nc2nccc(-c3cnc4ccccn34)n2)cc1,3.0827769948538277,True
CCCc1ccc(-c2ccc(S(N)(=O)=O)cc2)cc1O,4.805190839082251,False
O=C(c1ccc(-c2ccccc2)cc1)N1CCCNCC1,4.755046266862182,False
COc1c(O)[nH]c2ccc(C(=O)SCNN=NN=Nc3ccc(S(N)(=O)=O)cc3)cc12,4.334933102136639,False
C[C@@H]1CN(c2ccc(Nc3ncc4cc5n(c4n3)C3(CCCCC3)CNC5=O)nc2)CCN1C,4.4838739946613115,False
Nc1nc(Nc2ccc(S(N)(=O)=O)cc2)nc(OCC2CCCCC2)c1N=O,2.831777533635017,True
CC(C)c1ccc(Cc2ccc(S(N)(=O)=O)cc2)cc1,12.261253239371575,False
O=C(N=C1NNC2=CC=CC21)C1CC1,3.31326802417191,True
CC(C)(C)c1cc2cnc(Nc3ccc(N4CCCNCCC4)cn3)nc2n1C1CCCC1,3.1906909909923966,True
O=C(Nc1ccc(-c2ccccc2)cc1)N1CCN(C2CC2)CC1,5.1021762023669845,False
O=C(c1nc2c(OCC3CCNCC3)c(Br)cnc2[nH]1)c1cccs1,2.70924841976516,True
COCc1cccc(N2CCN(c3ccc(O)cc3)CC2)c1,3.976385670429879,False
NC(=O)c1nn(CCCNc2ccccc2)c2c1CCc1cnc(Nc3ccccc3)nc1-2,5.5597919025805265,False
Cc1ncc(-c2ccnc(Nc3ccc(C(N)=O)cc3)n2)n1-c1ncc(N)c(-c2cnc(C)n2C(C)C)n1,3.1044783780854432,True
O=C(Nc1ccc(C(=O)N2CCCCCC2)cc1)c1ccccc1,3.344103018748083,True
O=C(NC1CCNCC1)c1[nH]ncc1NC(=O)c1c(Cl)cccc1Cl,2.7367005682025196,True
CN1C/C=C/CCOc2cc(ccn2)-c2ccnc(n2)Nc2cccc(c2)C1,3.0283584662321608,True
Cc1ncc(-c2nc(NC(C)(C)C(C)C)ncc2F)n1C(C)C,3.477461142845451,True
CN1CCN(c2ccc(NC(=O)c3ccccc3)cc2)CC1,4.060645884585358,False
COc1ccc(NC(=O)C2CCN(c3ccccc3)CC2)cc1,3.2478611423519967,True
Cc1nc2c(F)cc(-c3nc(Nc4ccc5c(n4)CCN(CCC(N)NO)C5)ncc3F)cc2n1C(C)C,2.733918250423747,True
CCNC(=O)N1CCC(c2ccc3c(NNC)[nH]nc3n2)CC1,4.0874243723890435,False
Cc1cc(Nc2ncc(Br)c(N[C@H](C)[C@H](C)O)n2)ccc1S(C)(=N)=O,3.0243187662678723,True
Nc1nccc(-c2ccc(F)c(NC(=O)Nc3ccc(Cl)cc3)c2)n1,3.363855080112697,True
CC(C)(C)c1nccc(-c2ccc(S(N)(=O)=O)cc2)n1,4.433747399209838,False
CC(=O)C(=N)c1ccc(NC(=O)c2ccc(Nc3ncc(F)c(-c4cnc(C)n4C(C)C)n3)cc2C)cc1C,2.9358468965530227,True
O=C(CN1CCN(C(=O)c2ccccc2)CC1)NC(=O)c1ccccc1,3.5661685321925005,False
N[C@H]1CC[C@H](Nc2cc(-c3ccc(N4CCCC4)cc3)n3ncnc3n2)CC1,3.086644456363579,True
CN1CCC(OCc2ccc(Nc3ncc(F)c(-c4cc(F)c5nc6n(c5c4)C(C)(C)CC6)n3)nc2)CC1,2.9933100407408544,True
CC(C)N1CCc2cnc(Nc3ccccc3Cl)nc2C1,3.329390484758436,True
CN1CCN(c2ccc(CCc3ccc(N)nc3)cc2)CC1,5.4914694754683,False
NS(=O)(=O)c1cncc(-c2nc(NCc3ccccn3)c3c(-c4ccccc4)cccc3n2)c1,3.17411499476626,True
CC(C)Cc1nc(Nc2ccc(S(N)(=O)=O)cc2)ncc1F,5.264646331901126,False
C[C@H](Nc1nc(Nc2ccc(S(=N)(=O)CCO)cc2)ncc1Br)C(C)(C)O,2.9967515746221003,True
COc1ccc(C(=O)NC(=O)Oc2ccccc2F)cc1,3.426159657692564,True
CCOC(=O)N=S(C)(=O)Cc1cccc(Nc2ncc(F)c(-c3cccc4c3OCCC4)n2)c1,3.029923596396456,True
Cc1ccc(CNC(=O)NC(=O)c2cccc(F)c2)cc1,3.1582441324254855,True
Cc1cc(CN2CCCCNCC2)nc(Cc2ccccc2)n1,4.109442176257006,False
CCc1c(C(=O)NCCc2ccc(N3CCOCC3)cc2)[nH]c2ccc(C)cc12,3.3735420554663347,True
CONc1ccc2[nH]c(O)c(NNc3ccc4[nH]c(O)c(N=Nc5ccc(S(N)(=O)=O)cc5)c4c3)c2c1,2.9975733518965013,True
C=C(C)[CH]C[CH][C@H]1CCN(C(=O)c2ccc(Nc3ncc(F)c(-c4cnc(C)n4C(C)C)n3)cc2)C1,2.9734256338439,True
COc1ccc(CN(C)C(=O)c2ccc(CO)cc2)cc1,3.028179981441001,True
CNc1cc(-c2ccc(S(N)(=O)=O)cc2)ccc1C(=O)N(C)C,3.0218127010124256,True
NC(=O)N1CCN(c2cccc(Oc3ccccc3)c2)CC1,2.8773465206679583,True
CNC(=O)c1ccc(C(=O)Nc2cc(N3CCCCC3)ncn2)cc1,4.106004140280425,False
CCc1ccc(N=Nc2ccc(S(N)(=O)=O)cc2)cc1,3.2695479809906494,True
C[C@H](O)[C@@H](C)Oc1nc(Nc2ccc(S(=N)(=O)[C@H](C)[C@@H](C)O)cc2)ncc1C(F)(F)F,3.0672425727353216,True
CC(=O)C[C@H](c1ccc(Nc2ncc(F)c(-c3cnc(C)n3C(C)C)n2)cc1)C(C)C,3.140594052086323,True
Cc1ccccc1C(=O)Nc1ccc(N2CCOCC2)cc1,4.139178420894655,False
CN(C)CC(=O)N1CCc2nc(Nc3ncc(F)c(-c4ccccc4O[N+](=O)[O-])n3)ccc2C1,3.065288404049445,True
Cc1ccc(Nc2ccc(Nc3nccc(-c4cnc(C)n4C(C)C)n3)cc2)cc1,3.0439147491347383,True
N=S(=O)(Nc1cc(-c2cccc(O)c2)[nH]n1)c1ccc(Nc2cc(-c3ccc(S(N)(=O)=O)cc3)[nH]n2)cc1,4.606792376480625,False
CC=C(c1ccc2[nH]c(O)c(N=Nc3ccc(N=Nc4ccc(S(N)(=O)=O)cc4)cc3)c2c1)S(=N)(=O)COC,2.3742506186163217,True
Cc1nc(-c2c(C)nn3c(Cc4cccc(O)c4)ccnc23)no1,5.182788245722567,False
O=C(Nc1cc(N2CCCSC2)ncn1)c1cccc(Cl)c1,3.5921879126793996,False
COc1cc(-c2ccc(N3CCCCC3)cc2)cc(O)c1OC,2.814114958561567,True
C[C@H](CC(C)(C)O)S(=O)(=O)c1ccc(Nc2ncc(C(F)(F)F)c(O[C@H](C)C(C)(C)O)n2)cc1,2.903854507374643,True
O=C(Nc1ccccc1)N1CCN(C(=O)c2ccc(F)cc2)CC1,3.842405886941156,False
CC(C)(O)c1ccc(-c2ccc(S(N)(=O)=O)cc2)cc1,2.8039525673591577,True
C=C(C)c1ccc(-c2ccc(S(N)(=O)=O)cc2F)cc1,12.387360049663526,False
c1ccc(Cc2nnc3sc(SSc4nn5c(Cc6ccccc6)nnc5s4)nn23)cc1,5.0439566810193766,False
Cc1ncc(-c2nc(Nc3ccc(C(=O)CC(=O)CO)cc3)ncc2F)n1C(C)C,3.0446434930874906,True
O=C(c1ccc(Cl)cc1)N1CCN(c2ccccc2)CC1,3.0761202837340478,True
NS(=O)(=O)c1ccc(-c2ccc(C(F)F)c(O)c2)cc1,4.895529593414799,False
Oc1ccc(-c2cccc(N3CCC(OC(F)F)CC3)n2)cc1,5.065123295636542,False
Cc1ncc(-c2ccnc(NN3CCCN(C)CC3)n2)n1C(C)C,3.3211184862934364,True
C1=C/COCc2cc(ccc2OCCN2CCCC2)Nc2nccc(n2)-c2csc(c2)COC/1,3.033898811760216,True
CNC(=O)Nc1ncc(F)c(-c2cnc(C)n2C(C)C)n1,3.231238462261803,True
CN(C)CCN(C)c1cccc2[nH]c(N3CCc4cnc(Nc5ccnn5C)nc4C3)nc12,4.338262785954768,False
CC(=O)Nc1ccccc1-c1cc2cc(NC#N)ccc2[nH]1,3.1738703502191155,True
Cc1ccc(NC(=O)Cc2ccc(N3CCOCC3)cc2)cc1,3.2683269420301273,True
NS(=O)(=O)c1ccc(Cc2c(F)cc(F)cc2F)cc1,6.705110140780694,False
Cc1ncc(-c2ccnc(Nc3ccc(C(N)=O)cc3)n2)n1C(C)C,3.1328186988716773,True
COc1ccc([C@H](C)c2ccc(S(N)(=O)=O)cc2)cc1,3.2760299143933427,True
Cc1ccccc1Nc1ccc(N2CCCN(C)CC2)cc1,3.5232544614319354,False
Cc1ncc(-c2ccnc(Nc3ccc(C(=O)N(C)C)c(F)c3)n2)n1C(C)C,3.5440380923460797,False
O=C(O)c1cc(Cl)ccc1Nc1ccc2c(n1)CCN(C(=O)OCl)C2,2.721373733980688,True
O=C(NC(=S)Nc1ccc(Cl)cc1)c1cn(-c2ccccc2)nc1-c1ccc(Cl)cc1,3.837380617035541,False
NC(=O)n1cc(C(=O)NC(=S)Nc2ccc(Cl)cc2)c(-c2ccc(Cl)cc2)n1,4.795909298558511,False
Oc1ccc(N2CCC(O)CC2)cc1-c1nc(OCC2CCCCC2)c2[nH]cnc2n1,2.9878383490409908,True
CN(C)CCNS(=O)(=O)c1ccc(Nc2cccc(-c3cnc4ccccn34)c2)cc1,3.1256426539193582,True
CNC(=O)c1nn(C)c(-c2nc(Nc3cccc(S(N)(=O)=O)c3)ncc2C)c1C(C)C,3.1205598856615526,True
COc1ccccc1-c1nc(C)cc(CN2CCCNCC2)n1,4.198884375640756,False
Cc1cc(Nc2cnc(C#N)c(N[C@@H](C)c3ccc(F)cn3)n2)[nH]n1,3.009577711241229,True
CN1CCN(c2cccc(-c3cccc(Nc4ncc5c(n4)-c4c(c(C(N)=O)nn4C)CC5)c3)c2)CC1,2.724256595844088,True
CN=S(C)(=O)c1ccc(Nc2ncc(Br)c(N[C@H](C)[C@H](C)O)n2)cc1,2.9912019323342287,True
COc1cc(F)ccc1Nc1ncc2c(n1)N([C@@H]1CCC[C@@H](O)C1)C(=O)C21CC1,2.909121001264812,True
CNS(=O)(=O)c1ccc(-c2ccc(N3CCOCC3)cc2)cc1,5.696377445359464,False
CC(C)CCCc1nccc(-c2ccc(S(N)(=O)=O)cc2)n1,4.483108854355421,False
CN1CCN(c2ccc(Nc3ccc(N(C)C)cc3)cc2)CC1,3.231997679454614,True
CN(C)C(=O)c1ccc(-c2ccc(S(N)(=O)=O)cc2)cc1,2.8426361005235945,True
Cc1ncc(-c2nc(NCC(=O)C3CC3)ncc2F)n1C(C)C,3.0037127026398514,True
CS(=O)(=O)C(=O)NCc1cccc(-c2ccc(O)cc2)n1,5.095933378685404,False
CN(C)CCCS(=O)(=O)c1ccc(Nc2nccc(Nc3ccc(F)cc3)n2)cc1,3.1155473034444574,True
C[C@@H](O[C@H](C)[C@@H](C)O)SS(=O)(=O)c1ccc(Nc2ncc(C(F)(F)F)c(O[C@H](C)[C@@H](C)O)n2)cc1,2.9140629711795913,True
NS(=O)(=O)c1ccc(N=NSc2ccc(-c3c(=O)[nH]c4ccc5[nH]cccc5c34)cc2)cc1,2.813771312669175,True
COc1ccc(-c2cccc(N3CCCOCC3)c2)c(O)c1,4.73966865930521,False
C1=C/COCc2cncc(c2)-c2ccnc(n2)Nc2cccc(c2)COC/1,4.075512851163643,False
CC([C@@H](C)O)[C@@H](C)Oc1nc(Nc2ccc(S(=N)(=O)C(C)C)cc2)ncc1C(F)(F)F,2.8702489439071286,True
CC(C)c1cccc(Cc2ccc(S(N)(=O)=O)cc2)c1,6.659277813697227,False
Cc1cc(N2CCN(C(=O)c3cccnc3)CC2)ccc1CN,3.9117741499222585,False
Nc1ncccc1-c1nc2ccccc2[nH]1,6.1553444257815535,False
CN(C)S(=O)(=O)c1ccc(Nc2ccc(F)cc2)cc1,3.41911933105588,True
CC(C)c1nc(N2CCN(C(C)C)CC2)c2[nH]cnc2n1,2.992846304105843,True
CN1CCN(c2ccc(NC(=O)NC(=O)c3ccsc3)cc2)CC1,3.731446368367106,False
CC(C)c1ccc(Cc2ccc(S(N)(=O)=O)cc2)cn1,3.324489284085605,True
COc1ccccc1-c1nccc(CC2CCC(N)CC2)n1,3.1344457245261057,True
COCS(=O)(=O)c1ccc(NS(=O)(=S)c2ccc(Nc3ncc(Br)c(N[C@H](C)[C@@H](C)O)n3)cc2)cc1,3.5075879176436997,False
Cc1ncc(-c2nc(Nc3ccc(C(=O)N4CC[C@H](N(C)C)C4)cc3)ncc2F)n1C(C)C,3.0429083127823637,True
C=C(C)N(C)C(=O)c1ccc(Nc2ncc(F)c(-c3cnc(C)n3C(C)C)n2)cc1,3.1098935673106256,True
NS(=O)(=O)c1ccc(Nc2cc(-c3ccc(Nc4cc(-c5cccc(O)c5)[nH]n4)cc3)[nH]n2)cc1,2.8060600492505507,True
COc1c(C)cccc1Nc1ccc(C(F)(F)F)cc1C(=O)O,5.238392310623556,False
O=S(=O)(NCCO)c1ccc(N=Cc2c(O)[nH]c3ccc4ncsc4c23)cc1,2.7156925451898988,True
CC(=O)C(=O)c1ccc(C(=O)c2ccc(Nc3ncc(F)c(-c4cnc(C)n4C(C)C)n3)cc2C)cc1C,3.0144913335420367,True
Cc1ccccc1-c1ccc(C(=O)NCN2CCN(C)CC2)cc1,5.114857182756923,False
CCC(=O)c1cccc(-c2ccc(S(N)(=O)=O)cc2)c1,3.2225092707391907,True
CC(=O)c1ccc(C(=O)C=Nc2ccc(Nc3ncc(F)c(-c4cnc(C)n4C(C)C)n3)cn2)cc1,2.9244693535751147,True
O=C(NCc1ccccc1)c1ccc(CC(=O)N2CCCC2)cc1,3.3426649547928156,True
CN1CCN(c2ccc(C(=O)Nc3cccc(Cl)c3)cc2)CC1,3.2695658733232467,True
O=C(Cc1cccc(Cl)c1)NN1CCN(C(=O)c2ccsc2)CC1,3.3656818031418227,True
O=C(CC1CC1)Nc1nccc(Nc2ccccc2Cl)n1,3.1683801855206744,True
CC(C)=CC[C@H]1CCN(C(=O)c2ccc(Nc3ncc(F)c(-c4cnc(C)n4C(C)C)n3)cc2)C1,3.0074169980233845,True
O=C(NC1CC1)c1ccc(C(=O)N2CCCCC2)cc1,7.0613500125684086,False
C[C@@H](O)[C@@H](C)Nc1nc(Nc2ccc(S(=O)(=S)S(=O)(=O)Nc3ccc(S(=O)(=O)ON)cc3)cc2)ncc1Br,2.9467624607355143,True
COc1ccc(NC(=O)C(=O)NC2CCN(c3ccccc3)CC2)cc1,3.965119292026407,False
O=C(c1cccc(N2CCCCNCC2)c1)N1CCN(C2CC2)CC1,4.127690395366406,False
CN1CCN(c2ccc(NC(=O)C3CCCC3)cc2)CC1,4.432663646161309,False
CC(C)c1ccc(Nc2ccc(S(N)(=O)=O)cc2)cc1F,7.030460084517942,False
O=C(NC(=O)c1ccsc1)c1ccc(N2CCCCC2)cc1,4.263670953532883,False
Cc1ncc(-c2nc(NC(=O)N(C)C)ncc2F)n1C(C)C,3.2889285489350484,True
CC(=O)Nc1cccc(N2CCN(c3cccc(C)c3)CC2)c1,4.00906535242318,False
COc1ccc(Nc2ccc(S(=O)(=O)N(C)C)cc2)cc1,3.1944083959318688,True
O=c1cc(-c2ccc(O)c(O)c2)oc2cc(O)cc(O)c12,2.8031655320369464,True
COc1cc(N2CCOCC2)ccc1NC(=O)c1ccccc1,3.4621142384387076,True
N[C@H]1CC[C@H](Nc2nc(Nc3ccccc3)c3ncn(C4CCCC4)c3n2)CC1,2.785253668878294,True
Cc1ncc(-c2ccnc(Nc3ccc(C(=O)NCCO)cc3)n2)n1C(C)C,3.1247215875978434,True
CCc1ccc(-c2nccc(CC3CCC(N)CC3)n2)cn1,5.165461741219272,False
CC(=O)N1CCN(C(=O)Nc2ccc(Nc3ccc(Cl)cc3)cc2)CC1,3.5409073695876363,False
Cc1ncc(-c2nc(Nc3ccc(Nc4ccc(C(=O)N[C@H](C)[C@@H](C)O)c(F)c4)cc3)ncc2F)n1C(C)C,2.968998652744732,True
NC(=O)c1ccc(N2CCN(c3ccccc3)CC2)cc1,2.8218991831743385,True
Cc1ccccc1-c1n[nH]c2c1CN(N1CCCCC1)C2,3.5269937623987904,False
Cc1ccc(NC(=O)c2ccc(S(=O)(=O)C3CC3)cc2)cc1,3.411867084163742,True
CC(=O)N1CCC(CNc2nccc3c2OCCC3)CC1,3.4872860507850505,True
COC(=O)[C@@]1(Cc2ccc(O)c(CC=C(C)C)c2)OC(=O)C(=O)C1c1ccc(O)cc1,2.3607276420629315,True
CC(C)C1CCN(c2ccc(Nc3ncc4cc5n(c4n3)C3(CCCCC3)CNC5=O)nc2)CC1,4.405196363387228,False
CC(=O)N1CCN(c2ccc(C(=O)Nc3ccccc3F)cc2)CC1,3.197296045098108,True
Cc1cc(Nc2ccc(S(N)(=O)=O)cc2)ccc1C(C)C,3.2011137124444757,True
Cc1cc(-c2ccc(S(N)(=O)=O)cc2)ccc1C1CC1,12.312180676062217,False
CS(=N)(=O)Cc1cccc(Nc2ncc(F)c(-c3cccc4c3OCCC4)n2)c1,3.1446274819126065,True
NS(=O)(=O)c1ccc(-c2ccc(COC3CC3)cc2)cc1,3.401605209309281,True
COc1ccc(C(=O)NC(=O)Nc2ccccc2F)cc1,3.340344892372647,True
O=C(Nc1[nH]nc2cc(-c3ccc(O)cc3)ccc12)C1CC1,2.792301201518206,True
CCS(=O)(=O)c1ccc(-c2ccc(NC(C)=O)cc2)cc1,2.825148845636274,True
c1ccc(Nc2cccc(CN3CCOCC3)c2)cc1,3.108712112756667,True
OCc1ccc(-c2ccc(N3CCOCC3)cc2)cc1,3.1200764413712614,True
CONc1ccc2[nH]c(O)c(N=Nc3ccc(S(N)(=O)=O)cc3)c2c1,3.0821333520793646,True
COCC(=O)Nc1ccc(-c2ccc(F)c(Cl)c2)nc1,8.667609647417214,False
CN1CCN(c2ccc(NC(=O)c3ccccc3F)cc2)CC1,4.144303801605284,False
COCCOCCOCCOCCN(C)S(=O)(=O)c1ccc(N=Cc2c(O)[nH]c3ccc4ncsc4c23)cc1,2.7142361724802035,True
NS(=O)(=O)c1ccc2[nH]c(O)c(N=NN3Cc4ccccc4C3=O)c2c1,4.007160715519156,False
CC(c1ccc(S(N)(=O)=O)cc1)c1ccnc(C(C)(C)C)c1,5.234204141987592,False
C=C(C)CC(=O)c1ccc(Nc2ncc(F)c(-c3ncc(F)c(-c4cnc(C)n4C(C)C)n3)n2)cc1,4.849330984785428,False
CN1CCN(c2ccc(Nc3ccccc3)cc2)CC1,3.148448030379414,True
COc1ccc(-c2ocnc2NOc2ccc3c(n2)CCNC3)cc1Cl,3.019604278709383,True
COc1ccc(C(=O)CC(=O)c2ccc3[nH]c(O)c(N=Nc4ccc(S(N)(=O)=O)cc4)c3c2)cc1,3.126062379415998,True
CC(C1CC1)n1cnc2c(NCc3cccc(C(F)(F)F)c3)nc(NCCC#N)nc21,3.9275934107287616,False
O=C(Nc1ccc(CN2CCCC2=O)cc1)c1ccccc1,3.9911960613329946,False
O=C(NC(=O)c1ccc(N2CCCC2=O)cc1)Nc1ccccc1,2.9828645627986528,True
CCc1ccc(NC(=O)c2ccc(S(N)(=O)=O)cc2)cc1,3.5069699171792146,False
O=C(Cc1ccc(N2CCOCC2)cc1)NCc1ccccc1,3.366271973563635,True
CN(C)c1ccccc1NC(=O)C1CCN(c2ccccc2)CC1,3.9415014905490033,False
CNC(=O)c1ccc(C(=O)NCc2ccccc2F)cc1,3.905313559754201,False
CC(=O)N1CCc2nc(-c3ccc(C(N)=O)cc3)ccc2C1,3.2148987542378347,True
Cc1ncc(-c2nc(Nc3ccc(N4CCOCC4)cc3)ncc2F)n1C(C)C,3.109090703083457,True
CN(C)C(=O)Cc1ccc(-c2ccc(S(N)(=O)=O)cc2)cc1,4.088268215271595,False
Cc1nc2c(F)cc(C[C@@H]3CNCCO3)cc2n1C1CCCC1,3.2815496339382153,True
O=C(c1ccccc1)N1CCN(Cc2cccc(Cl)c2)CC1,4.032699592084683,False
CCOC(=O)N=S(C)(=O)Cc1cccc(Nc2ncc(F)c(-c3ccc(F)cc3OC)n2)c1,2.992367123198625,True
CC(C)(C)Oc1cccc(C(=O)N2CCN(C(=O)O)CC2)c1,3.2989067886195285,True
C=C(C)C(=O)c1ccc(NC(=O)c2ccc(Nc3ncc(F)c(-c4cnc(C)n4C(C)C)n3)cc2F)cc1F,2.9257725475504794,True
C(=Cc1nccc(CCN2CCCNCC2)n1)c1ccccc1,2.8707370133817576,True
CC(=O)N1CCC(Cc2ccc(NC(=O)c3ccccc3)cc2)CC1,3.6610973764706127,False
NS(=O)(=O)c1ccc(N=Nc2c(O)[nH]c3ccc4ncsc4c23)cc1,3.064876343345689,True
COC(=O)c1ccc2[nH]c(O)c(N=NN=NN=Nc3ccc(S(N)(=O)=O)cc3)c2c1,3.7616743612386307,False
NC(=O)c1ccc2[nH]c(O)c(N=Nc3ccc(S(N)(=O)=O)cc3)c2c1,2.8260391009326096,True
C[C@@H](Nc1nc(Nc2ccc(S(=O)(=O)[C@@H](C)O)cc2)ncc1Br)c1ncc(Br)c(N[C@H](C)[C@@H](C)O)n1,3.0047545656841947,True
CCc1ccc(NC(=O)c2ccc(CC(C)=O)cc2)cc1,3.392051886395613,True
CN(C)CC(=O)NOc1ccc(Nc2nccc(Nc3cccc(Cl)c3)n2)cc1,2.815673631655489,True
C[C@H]([C@H](C)O)[C@@H](C)Oc1nc(Nc2ccc(S(=N)(=O)C3C=C3)cc2)ncc1C(F)(F)F,3.4903994040797133,True
Nc1ccccc1NC(=O)/C=C/c1ccc(-c2ccc3ncnc(Nc4ccc(OCc5cccc(F)c5)c(Cl)c4)c3c2)cc1,3.511966258380053,False
Cc1ccccc1NC(=O)Cc1ccc(C(=O)O)cc1,6.311447773688702,False
NS(=O)(=O)c1ccc(-c2ccc(CN3CC3)cc2)cc1,3.8551702945524995,False
C=C(Cc1ccc(S(N)(=O)=O)cc1)c1ccc(C(C)C)cc1,6.66964564276095,False
C=C(C=CCNc1ccc(-c2cc(C)nc(N)n2)cc1)N1CCN(C(C)=O)C(C)C1,3.767868495582087,False
C=CC(=O)Nc1ccc(C(=O)N2CCCC(Nc3ncc(CNCc4ncc(C(C)(C)C)o4)s3)C2)cc1,3.222318575187745,True
Cc1ncc(-c2nc(NCCC(C)C)ncc2F)n1C(C)C,2.950789216463963,True
O=C(CNC(=O)c1ccsc1)NC(=O)Cc1cccc(Cl)c1,3.492269462684694,True
COC(=O)c1ccc2[nH]c(O)c(N=NN=Nc3ccc(N=Nc4ccc(S(N)(=O)=O)cc4)cc3)c2c1,2.9294391954775256,True
CC(C)(C)SC(=O)c1c(N)nc2ccc(C(=O)c3c(O)cccc3Cl)cn12,4.4561843543551936,False
CC(=O)Nc1ccc(N=Cc2c(=O)[nH]c(O)c3cc(Br)ccc23)cc1,3.555473667459793,False
COc1cc(-c2ccc3c(-c4nc5c(N6CCN(C)CC6)cccc5[nH]4)[nH]nc3c2)ccc1O,3.2070194885594336,True
C[C@@H](Oc1nc(Nc2ccc(Oc3ccc(S(=O)(=O)OS(C)(=N)=O)cc3)cc2)ncc1C(F)(F)F)[C@H](O)S,3.15699635729914,True
CCn1c(-c2ccnc(Nc3ccc(S(=O)(=O)NCCOC)cc3)n2)cnc1C,3.2418460790111565,True
COc1cc(N2CCN(C(C)=O)CC2)ccc1Nc1ncc(C)c([C@H]2CC[C@H](N)CC2)n1,3.074073518964703,True
C[C@@H](Oc1cc(-c2cc(-c3cc(CN(C)C)cs3)cnc2N)ccc1C(N)=O)c1ccccc1C(F)(F)F,3.50923011499673,False
O=C1NC(=O)C(c2cnc3ccccn23)=C1c1cn2c3c(cc(F)cc13)CN(C(=O)N1CCCCC1)CC2,5.475540247318066,False
Cc1ncc(-c2ccnc(Nc3ccc(F)cc3)n2)n1C(C)C,3.0612575847190695,True
CC(=O)N1CCN(c2ccc(-c3ccc(NC4CC4)cc3)cc2)CC1,5.715739759646171,False
Cc1ccc(C(=O)N2CCc3cnc(NC4CCOCC4)nc3C2)cc1,3.289844069253134,True
CCc1ccc(Nc2ccc(N3CCOCC3)cc2)cc1,3.2683593743650667,True
Cc1ncc(-c2ccc(S(N)(=O)=O)cc2)n1C(C)C(C)C,4.533806458154119,False
CC(C)(C)CCN1CCN(c2ccc(Nc3ncc4cc5n(c4n3)C3(CCCC3)CNC5=O)nc2)CC1,3.1996263844392843,True
C[C@H]1CC[C@@H](n2c3cnccc3c3cnc(Nc4ccc5c(n4)CCN(C(=O)CO)C5)nc32)CC1,3.1141337479305538,True
CCN1CCN(C(=O)c2ccc(Nc3ccccc3)cc2)CC1,3.018553958437714,True
COc1cc(N2CCN(C)CC2)c(O)cc1-c1ccccc1,7.68787649484564,False
CN1CCC(NC(=O)c2ccc(Nc3ncc(F)c(-c4ccc(F)cn4)n3)cc2)NC1,2.823173745981639,True
C[C@@H](Oc1nc(Nc2ccc(S(=O)(=O)S(N)(=O)=O)cc2)ncc1C(F)(F)F)OC(F)O[C@H](C)[C@@H](C)O,3.056612667643718,True
CC(C)(C)S(=O)(=O)c1ccc(-c2ccc(S(N)(=O)=O)cc2)cc1,2.9235300579949572,True
C=C(C)C(=O)C(=O)C(=O)c1ccc(Nc2ncc(F)c(-c3cnc(C)n3C(C)C)n2)cc1,3.0409968760260164,True
CCN(CC)C1CCN(c2ccc(NC3CCNCC3)nc2)CC1,4.0750893241743835,False
C[C@@H](O)[C@@H](C)Nc1nc(Nc2ccc(S(=O)(=S)Nc3ccc(S(=O)(=S)S(=O)(=O)ON)cc3)cc2)ncc1Br,3.0018557593595374,True
CC(C)Cc1ccc(Nc2ccc(S(N)(=O)=O)cc2)cc1,7.076427064557362,False
COC(=O)NCc1ccc(-c2ccc(N3CCN(C)CC3)cc2)cc1,5.518099854116458,False
Nc1nccc(-c2cc(N3CCC(O)C3)ccc2O)n1,3.6226270854174336,False
CC(=O)Nc1ccc(Nc2ncc(F)c(-c3cnc(C)n3C(C)C)n2)cc1,3.075175767334284,True
NS(=O)(=O)c1ccc(-c2cccc(S(N)(=O)=O)c2)cc1,2.782040977412088,True
CCCSc1ccc(-c2ccc(S(N)(=O)=O)cc2)cc1,12.453320119550446,False
CC(=O)c1ccc(NC(=O)C2CCN(C(C)=O)CC2)cc1,3.3000468178497107,True
CC(C)NCc1ccc(-c2ccc(S(N)(=O)=O)cc2)cc1,3.087734120678141,True
CCc1ccc(NC(=O)c2ccc(F)cc2OC)cc1,3.5651022425731376,False
CNc1nccc(-n2ccc3ccc(C#N)cc32)n1,4.478882449897526,False
C[C@H]1CCC[C@@H]1N1C(=O)C2(CC2)c2cnc(Nc3ccc(S(=O)(=O)N[C@H]4CC[C@H](N)CC4)cc3)nc21,3.1893541665986254,True
CC(=O)N1Cc2[nH]nc(-c3ccc(N4CCCCC4)cc3)c2C1,4.75917062102211,False
COc1ccc(-c2ccc(N3CCCNCC3)cc2)cn1,2.9311318632910424,True
Cn1cnc(S(=O)(=O)N2CCC(Nc3ncc(C(F)(F)F)c(Nc4cccc(Cl)c4)n3)CC2)c1,2.8753424143917194,True
O=C(c1ccccc1)N1CCCN(c2ccc(Cl)cc2)CC1,3.1981131937440934,True
O=C(O)c1ccc(N2CCN(c3ccccc3)CC2)cc1,2.7946030129519253,True
CN(C)C(=O)c1cccc(-c2cccc(C(=O)N3CCCC3)c2)c1,3.6889920032442527,False
Cc1ncc(Nc2ccc(C(N)=O)c(F)c2)n1C(C)C,2.824572357012653,True
CN1CC([C@@H](NC(=O)c2ccc3cnccc3c2)c2ccc(Cl)c(Cl)c2)C1,4.288454616758816,False
NS(=O)(=O)c1ccc(Nc2cc(-c3cccc(NC(=O)Nc4cc(C(F)(F)F)ccc4F)c3)[nH]n2)cc1,3.2418102967323645,True
CNC(=O)c1ccc(-c2ccc(C(=O)N(C)C)cc2)c(Cl)c1,3.103099901711183,True
O=C(Nc1[nH]nc2ccc(N3CCCS3(=O)=O)cc12)N1CCCCC1,2.9972822689896943,True
CC(O)C(C)Sc1nc(Nc2ccc(S(C)(=N)=O)cc2)ncc1Br,3.061196171433645,True
CNC(=O)c1ccc(-c2ccnc(CNC3CC3)c2)c(OC)c1,2.9488446890265374,True
CC(=O)Nc1ccc(CNc2nc(N3CCC[C@H](O)C3)nc3c(C(C)C)cnn23)cc1,3.823223116690944,False
COCNc1ccc2[nH]c(O)c(N=NNNc3ccc(N=Nc4ccc(S(N)(=O)=O)cc4)cc3)c2c1,3.0095360107498332,True
COc1ccccc1C1CCN(C(=O)c2ccccc2)CC1,4.834543722007275,False
Cc1ccc(NC(=O)c2ccc(S(N)(=O)=O)cc2)n1CC(C)C,3.373544426860272,True
COc1ccc(NC(=O)Nc2ccc(OC)cc2)cc1,3.1320269794495736,True
C[C@@H](O)[C@@H](C)Oc1nc(Nc2ccc(S(=O)(=O)S)cc2)ncc1C(F)(F)F,2.926588115878289,True
Cc1ncc(NC(=O)c2c(F)cccc2F)n1C(C)C,7.156999580829939,False
COC(=O)CNC(=O)c1ccc2[nH]c(O)c(C=Nc3ccc(-c4ccc(S(N)(=O)=O)cc4)cc3)c2c1,3.183327504357668,True
C[C@@H](O)[C@@H](C)Oc1nc(Nc2ccc(S(=O)(=O)C(F)F)cc2)ncc1C(F)(F)S(N)(=O)=O,4.227827101478964,False
COc1c(O)[nH]c2ccc(C(=O)SCNN=NN=NN=Nc3ccc(S(N)(=O)=O)cc3)cc12,3.8358679591456184,False
NS(=O)(=O)c1cccc(-c2ccc(C(F)(F)F)cn2)c1,2.730948003899014,True
N#Cc1cnn2c(Nc3ccc(F)c(Cl)c3)cc(N[C@H]3CC[C@H](N)CC3)nc12,3.2483886774830393,True
Cc1ccc(N(CC#N)c2cc(Nc3ccc(OCC(O)CN(C)C)cc3)ncn2)c(Br)c1,2.8898553597022776,True
C[C@@H](Oc1nc(Nc2ccc(S(=N)(=O)C3CC3)cc2)ncc1C(F)(F)F)O[C@H](C)[C@@H](C)O,2.8333270196008105,True
O=C(NCN1CCN(C(=O)c2ccccc2)CC1)c1ccccc1,3.2154374507988837,True
CN1CCCN(c2ccc(C[C@H]3CC[C@H](N)CC3)cc2)CC1,5.458177534672175,False
CC(C)n1cnc2c(NOCc3cccc(O)c3)nc(C(C)(C)C)nc21,3.93382701704079,False
Nc1nc(Nc2ccc(S(N)(=O)=O)cc2)nn1C(=O)c1c(F)cccc1F,3.0032558998526953,True
CCOc1cc(F)ccc1-c1nc(Nc2cc(F)cc(CS(C)(=O)=NC#N)c2)ncc1F,3.017965871245072,True
COc1ccc(CN(C)/C=C2\C(=O)NC(=O)c3ccc(Br)cc32)cc1O,4.313021330807444,False
COC1CCN(c2nccc(Nc3cc(OCC4CCCCC4)cc(O)n3)n2)CC1,2.9548057465762425,True
Cc1nnc2sc(SCc3ccccc3)nn12,9.839066215856052,False
COc1ccccc1N1CCN(C(=O)Nc2ccccc2)CC1,3.5671087732223685,False
CC([C@H](C)O)[C@@H](C)Oc1nc(Nc2ccc(S(=N)(=O)C(F)(F)F)cc2)ncc1C(F)(F)F,3.1794346981814257,True
O=C(Cc1ccc(-c2ccccc2)c(F)c1)Nc1cc(C2CC2)[nH]n1,3.3537377655386256,True
CC(=O)N1CCC(Nc2ccc(S(N)(=O)=O)cc2)CC1,2.9883169175975968,True
Cc1ccccc1NC(=O)CN(C)c1ccccc1C,6.885104646989755,False
CC(=O)N1CCC(Nc2ncc(F)c(-c3cnc(C)n3C(C)C)n2)CC1,3.253840346421441,True
COc1ccc(C(=O)NC(=O)Nc2ccccc2)cc1,3.4931422816713393,True
O=C(Cc1ccccc1)NC1CCN(c2ccccc2)CC1,3.6371627678727814,False
CC(=O)N1CCCc2cnc(Nc3ccc(N4CCCCC4=O)cc3)nc2C1,3.500437829757878,False
O=S(=O)(Nc1ccccc1)c1ccc(N=Cc2c(O)[nH]c3ccc4ncsc4c23)cc1,3.006315186403446,True
CC(C)C=c1cc(-c2ccc[nH]2)c2c(O)[nH]c3ccc(F)c1c32,6.247608982642887,False
CC(=O)N1CCCc2cnc(NC(=O)Nc3ccc(C)cc3)nc2C1,3.158365558322855,True
Cc1cc(N2CCN(C)CC2)ccc1NCc1ccccc1,3.86625128515983,False
NS(=O)(=O)c1ccc(SNN=NNc2ccc(N=Nc3c(O)[nH]c4ccc(S(N)(=O)=O)cc34)cc2)cc1,3.204116883011608,True
OC1CCN(c2ccc(N3CCN(c4ccc(Cl)cc4)CC3)cc2)CC1,3.8449732118702733,False
Cc1ncc(-c2ccnc(Nc3ccc(-c4ccc(C(=O)C(C)C)cc4)cc3)n2)n1C(C)C,2.9451084869661432,True
NS(=O)(=O)c1ccc(-c2ccc(C3CCCC3)cc2)cc1,12.147234911699037,False
CO[C@@]1(C)C(=O)C(O)C(C)=C2OC(=O)c3c(C)cc(O)c(C)c3O[C@@H]21,7.006294312973156,False
COc1cc(/C=C2\Oc3cc4occc4c(OC)c3C2=O)ccc1OCC(=O)Nc1ccccc1,3.256080158718455,True
COc1ccc2[nH]c(O)c(N=Nc3ccc(S(N)(=O)=O)cc3)c2c1,2.866248244657116,True
O=C(Nc1nccc(Nc2ccccc2Cl)n1)C1CC1,3.070216279026613,True
C[C@@H](Oc1nc(Nc2ccc(S(=O)(=O)S(N)(=O)=O)cc2)ncc1C(F)(F)F)C(O)NC(F)(F)F,2.990125749864041,True
COCc1cccc(S(N)(=O)=O)c1CNC(=O)c1ccc2[nH]c(O)c(N=Nc3ccc(S(N)(=O)=O)cc3)c2c1,7.7324637082885825,False
Cc1ncc(-c2ccnc(Nc3ccc(Nc4ccc(S(=O)(=O)SS(C)(=N)=O)cc4)cc3)n2)n1C(C)C,3.114695169675518,True
CS(=O)(=O)N1CCC(Nc2ncc(C(F)(F)F)c(-c3cnn(-c4ccccc4F)c3)n2)CC1,2.957772979794089,True
O=C(c1ccccc1)N1CCN(c2ccccc2)CNC1,3.7467892921807064,False
CCCC(CC)NC(=O)Nc1cc(N2CCCC[C@H]2CCO)nc2c(CC)cnn12,2.9762718289833674,True
COc1ccc(NC(=O)c2ccc(S(N)(=O)=O)cc2)cc1,3.3624697768158414,True
Cc1cccc(Nc2ccc(-c3ccc(Nc4ncc5c(n4)-c4c(c(C(N)=O)nn4C)CC5)cc3)cc2)c1,2.8291429797732013,True
CC(C)Nc1cnc(OCl)c(Nc2ccc3c(n2)CCN(C(=O)CN(C)C)C3)c1,3.3598282694209223,True
COc1ccc(-c2nc3c(NCCCNC(=O)C4CC(O)C4)c(Br)cnc3[nH]2)cc1,2.6083788068453555,True
NS(=O)(=O)c1ccc(N=Nc2c(O)[nH]c3ccc(C(=O)NCCc4c[nH]cn4)cc23)cc1,4.294226589270765,False
CCCn1nc(C(N)=O)c2c1-c1nc(Nc3ccccc3)ncc1CC2,5.429218912514027,False
Cc1ncc(-c2ccnc(Nc3ccc(CO)cc3)n2)n1C(C)C,3.1313490702890396,True
CCCn1c(C)nc2c(F)cc(-c3nc(N[C@H]4CCCNC4)ncc3F)cc21,2.7148204360509745,True
CN(C)C(=O)c1cccc(-c2cnc(N)c(-c3ccnc(NC(=O)C(F)(F)F)n3)n2)c1,3.549961267394338,False
CC(C)C(F)(F)c1cnc(Nc2ccc(S(=O)(=O)O[C@H](C)[C@@H](C)O)cc2)nc1O[C@H](C)[C@@H](C)O,2.701891189518929,True
CCc1cnn2c(NCc3ccc[n+]([O-])c3)cc(C3CCCC[C@H]3CCO)nc12,3.0887261128173935,True
COc1cc(F)ccc1-c1nc(Nc2cc(Br)cc(CS(C)(=O)=NC#N)c2)ncc1F,3.2528524405512234,True
C[C@@H](NC(=O)N1CCc2cnc(N[C@H]3CCO[C@@H](CO)C3)nc2C1)c1ccc(Cl)c(Cl)c1,4.0297693482381876,False
COc1ccccc1Nc1ccc(CN2CCOCC2)cc1,3.1667917519154987,True
CCS(=N)(=O)c1ccc(Nc2ncc(Br)c(N[C@H](COC)[C@H](C)O)n2)cc1,2.8943375753356784,True
CN(C)C(=O)c1ccc(CNC(=O)c2ccccc2)cc1,3.060265021203233,True
C=C(C)c1ccc(-c2ccc(S(N)(=O)=O)cc2Br)cc1,12.595108455269447,False
COS(=N)(=O)c1nc(Nc2ccc(S(=O)(=S)Nc3ncc(Br)c(N[C@H](C)[C@@H](C)O)n3)cc2)ncc1Br,2.705837023917,True
NS(=O)(=O)c1ccc(-c2ccc(N=NSc3ccc(-c4c(=O)[nH]c5ccc6[nH]cccc6c45)cc3)cc2)cc1,3.324228181097085,True
CS(=O)(=O)c1ccc2[nH]c(O)c(N=Nc3ccc(S(N)(=O)=O)cc3)c2c1,2.706862020864748,True
COc1ccc(Nc2nc(N)c(N=O)c(OCC3CCCCC3)n2)cc1,2.7484470160437833,True
O=C(Nc1ccc(N2CCCCC2)cc1)c1ccc(F)cc1,3.271321598375802,True
CCN(CC)c1nc(Nc2ccc(Cl)cc2)nc(C(C)(C)C)n1,3.521473129245771,False
Cc1ncc(-c2ccnc(C3CNCC(C)C3)n2)n1C(C)C,3.475466155783999,True
c1cc(-c2ccc(N3CCNCC3)s2)ccc1-c1ccc(N2CCNCC2)cn1,4.003305009613937,False
COc1ccc(C(=O)Nc2ccc(N3CCCOCC3)cc2)cc1,3.6464615725385032,False
CNC(=O)c1ccc(C(=O)Nc2ccc(N3CCN(C(C)=O)CC3)cc2)cc1,3.5565159918099662,False
COCOS(=N)(=O)Nc1ccc2[nH]c(O)c(N=Nc3ccc(C(=O)c4ccc(S(N)(=O)=O)cc4)cc3)c2c1,2.814215698911517,True
Oc1ccc(Cc2ccc(N3CCCNCC3)cc2)cc1,7.248392580427751,False
CC(C)S(=O)(=O)Cc1ccc(-c2ccc(S(N)(=O)=O)cc2)cc1,2.8984714937359604,True
C[C@@H]([C@@H](C)S(=O)(=O)OOS(=O)(=O)c1ccc(Nc2ncc(C(F)(F)F)c(O[C@H](C)[C@@H](S)OS)n2)cc1)[C@@H](C)O,2.9379457108666953,True
COC[C@@H](Nc1nc(Nc2ccc(S(C)(=N)=O)cc2)ncc1Br)[C@@H](C)O,2.9036036230863194,True
O=C(Nc1ccccc1)N1CCN(c2ccc(F)cc2)CC1,3.444163323653517,True
CN1CCN(c2cccc(NCCc3ccccc3)c2)CC1,4.884720053390985,False
O=c1[nH]c(O)c(C=Nc2ccc(CN3CCOCC3)cc2)c2ccccc12,4.474027939117056,False
CCNC(=O)N1CCC[C@H](Nc2ncc(Cl)c(-c3c[nH]c4ccccc34)n2)C1,3.4996494110124847,True
COc1ccc(-c2ccc(CN3CCCNCC3)cc2)cc1,4.59378384341274,False
COc1cc(Nc2ncc(Br)c(N[C@H](C)C(C)(C)O)n2)ccc1S(C)(=N)=O,3.058238708799561,True
C=C(Cc1ccc(S(N)(=O)=O)cc1)c1ccc(OC)cc1,4.5166569495590405,False
CCN(CCNC)Cc1ccc(NC(=O)C2CCN(S(=O)(=O)c3cnn(C)c3)CC2)cc1,4.837340901776512,False
N#CCCN(c1ccnc(Nc2ccc(S(N)(=O)=O)cc2)n1)c1cc(Cl)ccc1Cl,2.8298773825026413,True
CC([C@@H](C)Oc1nc(Nc2ccc(S(=N)(=O)[C@H](C)[C@H](C)O)cc2)ncc1C(F)(F)F)S(=N)(=O)C1CC1,3.4607977404061057,True
CNC(=O)Oc1ccc2n[nH]c(Nc3ccc(Cl)cc3)c2c1,2.9186699025412226,True
C=C(c1ccc(C(F)(F)F)cc1)c1ccc(S(N)(=O)=O)cc1,12.530745109529597,False
CC(=O)Oc1cc(C(=O)Nc2ccc(Cl)cc2)ccn1,3.3658272385848966,True
COC(=O)c1ccc2[nH]c(O)c(NONN=Nc3ccc(S(N)(=O)=O)cc3)c2c1,2.8315437485583703,True
CCc1ccc(C(=O)Nc2ccc(N3CCN(C(C)=O)CC3)cc2)cc1,3.417509326980687,True
CC(C)(C)OC(=O)Nc1nccc(Oc2ccccc2)n1,3.125754468924266,True
COc1ccccc1NC(=O)C1CCN(C(C)=O)CC1,4.064156616076698,False
CNC(=O)c1ccc(NC(=O)C2CCN(C(C)=O)CC2)cc1,3.1737112345013423,True
CN1CCN(C(=O)c2ccc(Nc3ccccc3)c(F)c2)CC1,2.887234143605263,True
CN(C)C(=O)c1ccc(NC(=O)NC(=O)c2ccccc2)cc1,2.9122393445594437,True
COc1cc(F)ccc1-c1cc(Nc2cnn(CCCCCC(O)=NO)c2)ncc1F,2.9882774302263146,True
O=C(O)N1CCC[C@H](Nc2ncc(Cl)c(-c3c[nH]c4ccccc34)n2)C1,3.404302131127609,True
O=C(Cc1ccc(-c2ccccc2)cc1)Nc1cc(C2CC2)[nH]n1,3.2832634679537986,True
NC(=O)c1cc(F)c(C(=O)c2c(N)nc3ccc(C(=O)c4c(Cl)cccc4Cl)cn23)c(F)c1,2.919542772421735,True
Cc1ncc(-c2nc(NC(=O)C3CC3)ncc2F)n1C(C)C,3.1916704090491597,True
CC(=O)Nc1ccc(-c2cc(Cl)cc(N(C)C)c2)cc1,3.5348841565177187,False
CN(C)Cc1ccc(-c2ccc(S(N)(=O)=O)cc2)cc1,3.9864998432208743,False
COc1cc[nH]c1C=C1C(=O)Nc2ccc(F)c(C#C[C@@H]3CCCN3)c21,3.0120507963844196,True
Cc1ncc(-c2nc(Nc3cnn(C)c3)ncc2F)n1C(C)C,3.050728929288875,True
CC(=Cn1nnc2ccc(-c3cnco3)cc21)c1ccc2[nH]c(O)c(N=Nc3ccc(S(N)(=O)=O)cc3)c2c1,2.7818024732176783,True
N=C1NC(=O)/C(=C/c2ccc(-c3ccc(C(N)=O)cc3)o2)S1,3.1638528726854576,True
Cc1ccccc1NC(=O)Cc1ccc(N2CCCNCC2)cc1,5.367332857201983,False
CNC(=O)c1ccc(C2=c3ccccc3=NC2=O)cc1,4.8615607576168385,False
CC(C)=CNc1cccc(NNc2ccc(Nc3ncc(F)c(-c4cnc(C)n4C(C)C)n3)cc2)c1,3.072004231767921,True
Nc1nccc(-c2ccc(-c3cnc(NC4CCNCC4)s3)cc2)n1,2.9887202947080906,True
C[C@@H](O)[C@@H](C)Nc1nc(Nc2ccc(Nc3ccc(S(=O)(=O)S(C)(=N)=O)cc3)cc2)ncc1Br,2.84896946280581,True
Cc1ccccc1NC(=O)CNc1ccc(N2CCCCC2)cc1,4.922854761213254,False
C=Cc1cc(F)c2n[nH]c(NC(=O)Cc3ccc(O)cc3)c2c1,3.037630161820235,True
CNS(=O)(=O)c1cccc(Nc2nccc(Cc3ccc(O)cc3)n2)c1,3.078687707449395,True
COS(=O)(=S)c1ccc(Nc2nccc(-c3cnc(C)n3C(C)C)n2)cc1,3.0649877650653057,True
NC1CCC(C=Cc2nccc(-c3ccccc3)n2)CC1,4.4325384375095975,False
Cc1ncc(-c2ccc(NC(=O)C(C)C)cc2)n1C(C)C,3.9031543653819276,False
CN(CCN)C(=O)c1ccc(Nc2ncc3cc(NC(C)(C)C)n(C4CCCC4)c3n2)nc1,3.1286767170802485,True
O=C(Nc1ccc(N2CCCCCC2)nc1)c1ccccc1,3.243317591602773,True
NS(=O)(=O)c1ccc(-c2ccc(CC3CCCCC3)cc2)cc1,12.293535130303242,False
CN1C/C=C/CCOc2cccc(c2)-c2nc(nc3[nH]cnc23)Nc2cccc(c2)C1,4.89279817691268,False
Cc1ncc(-c2ccnc(Nc3ccc(S(=O)(=O)NCCCOC(C)C)cc3)n2)n1C,3.0423601036037846,True
CN1CCN(c2ccc(-c3ccc(C(=O)O)cc3)cc2)CC1,3.706107796597392,False
O=C(c1ccccc1)N1CC=C(Oc2ccccc2)CC1,2.9506899193239593,True
CC(C)c1cnn2c(NCc3ccccc3-n3cccn3)nc(OC3CCCNC3)nc12,3.4701981211452497,True
CC(C)(O)c1ccc(Cc2ccc(S(N)(=O)=O)cc2)cc1,2.6185868326255695,True
O=C1NCC2(CCCC2)n2c1cc1cnc(Nc3ccc(N4CC=C(C(F)(F)F)CC4)cn3)nc12,4.081659588941733,False
CCCCc1ccc(Cc2ccc(S(N)(=O)=O)cc2)cc1,12.194635623912667,False
CC(=O)Nc1ccc(-c2ccc(N3CCN(C)CC3)cc2)cc1,4.525277229076692,False
CCc1cccc2[nH]c(O)c(N=Nc3ccc(S(N)(=O)=O)cc3)c12,4.016973736533511,False
CN1CCN(c2ccc(N=Cc3c(=O)[nH]c(O)c4ccc(-c5ccc(C=O)cc5)cc34)cc2)CC1,3.52358609941633,False
CNCC(O)COc1ccc(Nc2nccc(S(N)(=O)=O)n2)cc1,3.2248568960498143,True
CCc1cnn2c(NNNCc3ccc[n+]([O-])c3)cc(N3CCCC[C@H]3CCO)nc12,2.9693570011030994,True
CCN1CCC(COc2ccc(-c3cnc(NC(=O)C(C)CCNC)s3)nc2)CC1,2.941458991725031,True
CNC(=O)c1nn(C)c2c1C(C)(C)Cc1cnc(Nc3cccc(SCC4CC4)c3)nc1-2,2.8340125264366747,True
COc1ccc(NSC(=O)N2CCc3cncnc3C2)cc1,4.4586781673496025,False
CC(C)C(O)COc1ccc(Nc2cc(Nc3ccccc3Cl)ncn2)cc1,2.9632694781271547,True
OC[C@H](Sc1cnc(NC2CCNCC2)s1)c1cccc(F)c1,5.658385458768258,False
CC(C)(C)NCc1ccc(-c2ccc(S(N)(=O)=O)cc2)cc1,4.00940120217471,False
O=C(Nc1ccc(CN2CCOCC2)cc1)c1c(F)cccc1F,3.4714937706987214,True
CN1CCN(N=Nc2ccc(Nc3ncc4c(n3)-c3c(c(C(N)=O)nn3C)CC4)cc2)CC1,2.7415924204739137,True
C[C@H](N)CN1CCc2nc(N3CCN(c4nnc(Cc5ccccc5)c5ccccc45)CC3)ccc2C1,3.8027659670297953,False
Cc1cc(C2CCC(N)CC2)nc(CCc2ccccc2)n1,4.756149808405954,False
O=C(Nc1[nH]nc2nc(-c3ccc(O)cc3)c(Br)cc12)C1CC1,3.139704603939674,True
C[C@@H](O)[C@@H](C)Oc1nc(Nc2ccc(-c3ccc(S(=O)(=O)OS(C)(=N)=O)cc3)cc2)ncc1C(F)(F)F,4.881269711868011,False
NS(=O)(=O)c1ccc(Cc2ccc(C3CC3)cc2)cc1,12.23946248819775,False
CNC(=O)NCc1ccc(-c2cnc(C)n2C(C)C)cc1,3.033865850692811,True
O=C(O)c1ccc(-c2cccc(CN3CCOCC3)c2)cc1,4.1391565565945925,False
COc1ccc(-c2nc(NC3CCN(C(=O)N4CCN(C)CC4)CC3)ncc2SCl)cc1O,3.183921638482959,True
CS(=O)(=O)N1CCC(Oc2ccc(CCNc3cc(C4CC4)[nH]n3)cc2)CC1,3.7347596977583466,False
NS(=O)(=O)c1ccc(N=Nc2c(=O)[nH]c3ccc4[nH][nH]c(Cl)c4c23)cc1,3.0209114518634927,True
COc1ccc(NC(=O)N2CCN(c3nnc(CC(C)(N)CBr)c4ccccc34)CC2)cc1,3.47629069555467,True
C=C(C=CCNc1ccc2[nH]ccc2c1C)N1CC[C@H](N(C)C)C1,3.4679380040594707,True
N=S(=O)(OC1CC1)c1ccc(-c2c(O)[nH]c(=O)c3ccccc23)cc1,5.143194435367964,False
N[C@H]1CC[C@H](Nc2cc(Nc3ccc(F)c(Cl)c3)n3ncc(Cl)c3n2)CC1,3.2665403717082735,True
CC(C)c1ccc(-c2ccc(NC(=O)N3CC=NCC3)cc2)cc1,5.191468193102986,False
COc1ccc(NC(=O)N2CCN(C(C)C)CC2)cc1,3.151239914700247,True
COC(=O)CNCNCOC(=O)c1ccc2[nH]c(O)c(C=Nc3ccc(S(N)(=O)=O)cc3)c2c1,11.165900098066432,False
C[C@@H](Oc1nc(Nc2ccc(Nc3ccc(S(=O)(=O)S)cc3)cc2)ncc1C(F)(F)F)[C@H](O)S,3.90370772471506,False
NS(=O)(=O)c1ccc(Cc2ccc(C(F)F)cc2)cc1,12.26316186796863,False
CC(C)c1cccc(CCNC(=O)c2ccc(S(N)(=O)=O)cc2)c1,7.211952717537737,False
C1=C/COCc2cc(ccc2OCCN2CCCC2)Nc2nccc(n2)-c2cncc(c2)COC/1,5.4720888150687035,False
CNC(=O)c1nn(C)c2c1C(C)(C)Cc1cnc(C=Cc3ccc(C(F)(F)F)cc3)nc1-2,4.201379416334588,False
CC(C)c1ccc(Nc2ncc3c(n2)CN(C(=O)O)CCC3)cc1,2.9618791332530856,True
CC1CCN(c2ccc(C(=O)Nc3ccsc3)cc2)CC1,4.847065194527509,False
CCCC(C)(C)c1ccc(-c2ccc(S(N)(=O)=O)cc2)cc1,12.60133409603919,False
Cc1nnc2sc(Cc3[nH]nc4[nH]c(=S)[nH]c(=S)c34)nn12,2.589145032631433,True
Cn1cc(Cc2ccc(C(=O)O)cc2)c2cc(Cl)ccc21,4.665273196716351,False
CC[C@H](CO)Nc1nc(NCc2ccccc2)c2ncc(C(C)C)n2n1,3.441448822807047,True
CN(C)CC(=O)c1ccc(O)c(-c2cc(NC3CCCC3)nc(N)n2)c1,2.948420085401673,True
CS(C)(C)c1ccc(Oc2ccc(S(N)(=O)=O)cc2)cc1,3.1829717246623472,True
CN(C)S(=O)(=O)c1ccc(Nc2cc(N[C@H]3CC[C@H](N)CC3)nc3c(C#N)cnn23)cc1,3.271225305600331,True
NS(=O)(=O)c1ccc(-c2ccc(N3CCCC3)cc2)cc1,5.00762917956192,False
CC1CCC(COc2nc(CN3CCCCC3)nc3nc[nH]c23)CC1,3.0504265275531544,True
C[C@H](O)[C@@H](C)Oc1nc(Nc2ccc(Nc3ccc(S(=N)(=O)C4CC4)cc3)cc2)ncc1C(F)(F)F,2.73731437726835,True
N#Cc1cnc(NC2CCN(CCN3CCC[C@@H](N)C3)CC2)nc1-c1c[nH]c2cc(F)ccc12,2.8980458933564166,True
C=C(C)c1ccc(Nc2ccc(Nc3ccc(Nc4nccc(-c5cnc(C)n5C(C)C)n4)cc3)cc2)cc1,3.1032366973854866,True
CC(C)OC(=O)Nc1ccc(-c2ccc(S(N)(=O)=O)cc2)cc1,2.962659953487741,True
NS(=O)(=O)c1ccc(Nc2nccc(C3CC3)n2)cc1,5.0188107156974935,False
Cc1nc2ccc(Nc3c(C)c(N[C@H]4CCCNC4)nc4ccnn34)cc2s1,3.289965653316163,True
Cc1ncc(-c2nc(NC3=CCN(C)CC3)ncc2F)n1C(C)C,3.1326935694382883,True
CC(C)(C)Cc1ccc(-c2ccc(S(N)(=O)=O)cc2)cc1,2.909855151034153,True
O=C(Nc1[nH]nc2nc(-c3ccc(O)cc3)c(-c3ccccc3)cc12)C1CC1,3.32866835235954,True
CC(=CCCN1CCC[C@@H](N)C1)c1cc(N2C[C@H](O)[C@@H](O)C2)ccc1O,3.279304042018668,True
O=C(C1CCC1)N1CCN(c2ccc(N3CCC(O)CC3)cc2)CC1,4.383320887181316,False
NS[SH](=O)(CO)c1ccc(N=Nc2c(O)[nH]c3cccc(N=Nc4ccc(S(N)(=O)=O)cc4)c23)cc1,3.7122087764564102,False
O=C(Nc1ccccc1N1CCCOCC1)c1cccc(F)c1,3.2277442587664846,True
COc1coc(CN=Cc2c(=O)[nH]c(O)c3ccc(Br)cc23)cc1=O,2.734419316783738,True
N=Nc1ccc(-c2cc(Nc3ccc(N=Nc4ccc(S(N)(=O)=O)cc4)cc3)n[nH]2)cc1,2.9773024703580333,True
CCCC(=O)Nc1ccc(-c2ccc(C(=O)N(C)C)cc2)cc1,5.328552242401306,False
O=C(c1ccccc1)N1CCNN(c2ccccc2)CC1,2.9587088400178883,True
CN(C)CC(O)COc1ccc(Nc2nccc(N(CC#N)c3cc(Cl)ccc3Cl)n2)cc1,3.030431322435802,True
COc1ccc(Nc2ccc3c(n2)CCN(C(=O)C(C)C)C3)cc1C,2.9543046559215917,True
C=C(C)C(=O)c1ccc(NC(=O)c2ccc(Nc3ncc(F)c(-c4cnc(C)n4C(C)C)n3)cc2F)cc1,2.847132592627189,True
NS(=O)(=O)c1ccc(ON=Nc2c(O)[nH]c3ccc(-c4cnco4)cc23)cc1,3.8540682401846458,False
NS(=O)(=O)c1ccc(Nc2ccc(C(F)(F)F)cc2)cc1,3.0523651485364605,True
CC(=O)C(=O)CC(=O)c1ccc(Nc2ncc(F)c(-c3cnc(C)n3C(C)C)n2)cc1,3.05367418039319,True
CN(C)S(=O)(=O)c1ccc(Nc2cc(N[C@H]3CC[C@H](N)CC3)nc3c(C4CCCC4)cnn23)cc1,2.8404401067440275,True
O=C(Cc1ccc(CN2CCOCC2)cc1)Nc1cccc(Cl)c1,3.499142895053019,True
N[C@H]1CC[C@H](Nc2nc(NCc3ccccc3)c3ncn(C4CCCC4)c3n2)CC1,2.6975798412651253,True
CNc1ccc(Oc2ccc(C(=O)N(C)C)cc2)cc1,3.181275530349429,True
CC(=O)N1CCC(C(=O)Nc2ccc(CN3CCCCC3)cn2)CC1,4.487994875219895,False
O=C(Nc1ccccc1)c1ccc(CN2CCCCC2)cc1,3.405257552667636,True
CC(O)C(=O)N1CCN(c2c(N)nc3ccc(C(=O)c4c(F)cccc4F)cn23)CC1,4.37154034637678,False
C=CC(=O)Nc1ccc(O[C@@H]2CCC[C@@H](Nc3ncc(OC)s3)CO2)cc1,3.63928152249864,False
Clc1cccc(Nc2cccc(CN3CCOCC3)c2)c1,2.8878604536923187,True
CN1CCN(c2ccc(NNNc3ncc4c(n3)-c3c(c(C(N)=O)nn3C)CC4)cc2)CC1,3.2403621711160673,True
c1ccc(CNc2ccc(N3CCOCC3)cc2)cc1,2.893762256993478,True
O=C(Nc1cc(C2CC2)[nH]n1)c1cccc(C(F)(F)F)c1,3.0129862263209914,True
Cc1ncc(-c2nc(Nc3ccc(C(=O)N(C)C)c(F)c3)ncc2F)n1C(C)C,3.1790547337219626,True
Cc1ncc(-c2nc(Nc3cccnc3)ncc2F)n1C(C)C,2.996542507624418,True
COc1ccc(C(=O)Nc2cc(C3CC3)[nH]n2)cc1,3.101685509525428,True
CN1CCCN(c2ccc(-c3ccc(S(N)(=O)=O)cc3)cc2)CC1,3.9184550526961504,False
CN(C)c1ccc(Nc2ncc3c(n2)-c2c(c(C(N)=O)nn2C)CC3)cc1,2.738659891260687,True
CNC(=O)Cc1ccc(-c2cccc(C(=O)N(C)C)c2)cc1,5.896601733201934,False
CC(C)=NC(=S)C(O)CCN(C)C(=O)C(=O)c1ccc(Nc2ncc(F)c(-c3cnc(C)n3C(C)C)n2)cc1,3.145032591246075,True
O=C(Nc1ccc(N2CCCOCC2)cc1)c1ccccc1,3.9926029103831513,False
NS(=O)(=O)c1ccc(Oc2ccc(S(N)(=O)=O)cc2)cc1,3.436582895842911,True
COc1ccc(Nc2ncc(C#N)c(C(F)(F)F)n2)cc1,2.907323339430962,True
CC(C)c1ccc(N2CCC(Nc3ccc(S(N)(=O)=O)cc3)CC2)cc1,3.6033631512796553,False
O=C(Nc1ccccc1)c1ccc(S(=O)(=O)C2CSC2)cc1,3.4232636474569156,True
CC(O)Cc1ccc(Cc2ccc(S(N)(=O)=O)cc2)cc1,5.571548079304351,False
Cc1ncc(-c2nc(NC(=O)N(C)C(C)C)ncc2F)n1C(C)C,3.22713820590318,True
COc1cc(N2CCN(C(C)=O)CC2)ccc1Nc1ncc(C)c(-c2cnc3ccccn23)n1,3.000538118404762,True
FC(F)(F)c1cnc(Nc2ccc3[nH]cnc3c2)nc1Nc1ccccc1Cl,3.1239902368605503,True
N[C@H]1CC[C@H](Nc2ncoc2NC(=O)c2c(Cl)cccc2Cl)CC1,3.1991970867703645,True
Cc1nc2c(F)cc(-c3nc(Nc4ccc5c(n4)CCN(C[C@H]4CNCCO4)C5)ncc3F)cc2n1C(C)C,2.8027204641205308,True
CCCCCNc1cc(C)cc2c(=O)c(O)c(S(=N)(=O)C3CC3)oc12,2.6444131674154168,True
Cc1ncc(-c2ccnc(-c3ccnc(Nc4ccc(Nc5ccc(C(N)=O)cc5)cc4)n3)n2)n1C(C)C,3.024641962282485,True
C=C(N=Nc1ccc(N=Nc2c(O)[nH]c3ccc(C(=O)OC)cc23)cc1)N=Nc1ccc(S(N)(=O)=O)cc1,3.5158279252545968,False
COCCNS(=O)(=O)c1ccc(Nc2nccc(-c3cnc(C)n3C(C)C)n2)cc1,3.0579192271870106,True
CC(C)C(=O)N1CCc2cnc(NCC3CCCCC3)nc2C1,3.042325590728247,True
CC(=O)N1CCN(c2ccc(C(=O)NCc3ccccc3F)cc2)CC1,3.4276887256575668,True
COc1cc(Nc2ncc(Br)c(N[C@H](C)[C@H](C)O)n2)ccc1S(C)(=N)=O,2.9232729944362,True
CO[C@H](S)[C@@H](C)O[C@@H](C)Oc1nc(Nc2ccc(S(=N)(=O)S)cc2)ncc1C(F)(F)F,3.033058852050193,True
O=C(Nc1ccc(CC(=O)C(F)(F)F)cc1)N1CC=NCC1,3.3825666290555185,True
CN(C(=O)c1ccc(-c2ccncc2)cc1)c1ccc(-c2ccnc(N)n2)o1,3.3912742442922585,True
CCOc1cc(F)ccc1NC(=O)c1ccc(C)cc1,3.2188454451868314,True
CN1CCN(N=S(C)(=O)Cc2cccc(Nc3ncc(C(C)(C)C)o3)c2)CC1,2.744628390146836,True
CN1CCC(Oc2ccc(Nc3ccccn3)cc2)CC1,3.0236854995187596,True
CN(C)C(=O)c1cccc(C(=O)Nc2cccc(C(=O)N3CCCC3)c2)c1,3.3849509597629392,True
C=C(C)CNNC(=O)CNNC(=O)c1ccc(Nc2ncc(F)c(-c3cnc(C)n3C(C)C)n2)cc1F,3.028586634058865,True
CNN1CCN(c2ccc(NC(=O)c3ccccc3)cc2)CC1,3.3987656582942,True
CCC(=O)Nc1ccc(NC(=O)c2ccccc2)cc1,2.961085949444901,True
NS(=O)(=O)c1ccc(N=Nc2c(O)[nH]c3ccc(Sc4c(=O)[nH]c5ccc6[nH]cccc6c45)cc23)cc1,4.111926434166837,False
CCN1CCN(c2ccc(NC(=O)C3CCCC3)cc2)CC1,4.044248014155419,False
O=C1NCCc2[nH]c(-c3ccncc3)cc21,3.129415440621462,True
CC(=O)c1ccc(Nc2ncc(F)c(-c3cnc(C)n3C(C)C)n2)cc1,3.0915798550255844,True
CC(C)c1cccc(F)c1C(=O)Nc1ccc(S(N)(=O)=O)cc1,7.467745375948486,False
Cc1ccc(CC(=O)c2ccc(S(N)(=O)=O)cc2)cc1F,8.54946366738873,False
CC(C)CNc1ccc(-c2ccc(S(N)(=O)=O)cc2)nc1,3.267815172251947,True
COCCNS(=O)(=O)c1ccc(Nc2nccc(-c3cnc(C)n3CC(C)C)n2)cc1,3.117234190753085,True
CC(=O)Nc1ccc(-c2ccc3c(c2)CCN(C(=O)C(C)C)C3)nc1,4.292876075546553,False
CC(=O)N1CCN(c2ccc(C(=O)Nc3ccccc3)cc2)CC1,3.3686699155601483,True
COCCCNS(=O)(=O)c1ccc(Nc2nccc(-c3cnc4ccccn34)n2)cc1,3.0435292014370408,True
COc1ccc(-c2ocnc2C(=O)Nc2ccc(N3CCN(C(=O)OC(C)(C)C)CC3)nn2)cc1Cl,3.1786393315379455,True
CNC(=O)c1ccc(-c2ccc(N3CCOCC3)cc2Cl)cc1,4.294477733089315,False
COc1cccc(N2CCN(C(=O)Nc3ccc(F)cc3)CC2)c1,3.5506988044608945,False
O=C(Nc1[nH]nc2nc(-c3ccc(O)c(Cl)c3)ccc12)C1CC1,3.1920748738085716,True
Clc1cccc(Nc2ccc(N3CCOCC3)cc2)c1,3.302574753128238,True
COC(=O)Cc1ccc(-c2ccc(S(N)(=O)=O)cc2)cc1,3.7957746245002504,False
O=C1c2ccccc2CN1Nc1ccc(N2CCCC2=O)cc1,3.2570701558302386,True
O=C(c1ccc(Nc2ccc(F)cc2F)cc1)N1CCCC1,2.887555021120811,True
CC(C)c1ccc(NCc2ccc(S(N)(=O)=O)cc2)cc1,4.889461524544396,False
CNC(=O)c1ccc(Oc2cccc(C(=O)N(C)C)c2)cc1,3.3651332811643617,True
NS(=O)(=O)c1ccc(N=Nc2c(O)[nH]c3cccc(Oc4ccccc4)c23)cc1,5.002446101658663,False
CCCC(=O)Nc1ncc(F)c(-c2cnc(C)n2C(C)C)n1,3.194585732141183,True
CC(C)N1CCN(c2ccc(C3CCNCC3)nc2)CC1,3.8903548681322193,False
CN1CCN(Nc2ccc(Nc3ncc4c(n3)-c3c(c(C(N)=O)nn3C)CC4)cc2)C(O)C1,2.674082459461568,True
CC(C)(CO)CNC(=O)c1ccc2[nH]c(O)c(N=Nc3ccc(S(N)(=O)=O)cc3)c2c1,2.6061327671475176,True
Cc1ccccc1NCCc1ccc(N2CCN(C)CC2)cn1,4.418612678205681,False
CC(C)(C)c1nc2c3cc[nH]c(=O)c3c3cc(F)ccc3c2[nH]1,2.9529905181019522,True
COc1ccc(-c2ccc(C(=O)N(C)CC(=O)O)cc2)cc1,3.7597195374123267,False
C[C@H](CO)Nc1nc(Nc2ccc(S(N)(=O)=O)cc2)ncc1Br,3.1442921301940143,True
C[C@@H](O)[C@@H](C)Nc1nc(Nc2ccc(S(=O)(=S)c3ncc(Br)c(N[C@H](C)[C@@H](C)O)n3)cc2)ncc1Br,2.8579156740533835,True
C[C@@H](O)S(=O)(=O)c1ccc(Nc2ncc(C(F)(F)F)c(O[C@H](C)S(=O)(=O)C(F)(F)[CH]S)n2)cc1,3.380626864946795,True
CC(=O)C1C(=O)Cc2cc(-c3ncc4cc5n(c4n3)[C@H](CC(C)C)CNC5=O)ccc2C1C,2.9387878453539344,True
CN1CCN(c2cccc(Nc3ncc4c(n3)-c3c(c(C(N)=O)nn3C)CC4)c2)CC1,2.7373558409530885,True
NS(=O)(=O)Cc1ccc(N=Cc2c(O)[nH]c3ccc4ncsc4c23)cc1,2.7192699387887167,True
COc1ccc(N(C)C(=O)NC(=O)c2ccccc2)cc1,6.001385923268054,False
CCS(=O)(=O)c1ccc(-c2cccc(S(N)(=O)=O)c2)cc1,2.8098674345954504,True
NCCSc1cc(-c2ccc[nH]2)c2c3c(ccc(F)c13)NC2=O,5.765870359277944,False
COc1ccccc1N(C)CCN(C)C(=O)c1ccccc1,3.0034503491817577,True
CNC(=O)c1ccc(Nc2nccc(-c3cnc(C)n3C3CCCC3)n2)cc1,3.0902876888729973,True
N[C@@H](Cc1ccc(Cl)cc1)c1oc2cc(O)cc(O)c2c(=O)c1OF,4.5890919581111005,False
O=S1(=O)CCCN1c1ccc2n[nH]c(NN3CCC3)c2c1,3.003399573816312,True
CC(C)NS(=O)(=O)c1ccc(-c2ccc(Cl)cc2)cc1,5.404509783504891,False
Cc1ncc(-c2nc(Nc3ccc(C(=O)c4ccccc4)cc3)ncc2F)n1C(C)C,3.0532335318478347,True
C=C(C)c1cc(NC(=O)Cc2cccc(N3CCCNCCC3)c2)ccn1,3.3698715109036512,True
O=C(Nc1ccnc(CN2CCCCC2)n1)c1ccccc1,3.423657985254959,True
COS(=O)(=S)c1ccc([C@@H](C)Nc2nc(Nc3ccc(S(=O)(=O)S[SH](C)(=N)O)cc3)ncc2Br)cc1,3.10095517542579,True
CC(NN1CCN(C)CC1)c1ccc(Nc2ncc3c(n2)-c2c(c(C(N)=O)nn2C)CC3)cc1,2.672616134052919,True
COc1cc(NCCc2c[nH]c3ccccc23)c(C(=O)O)cc1[N+](=O)[O-],4.540035902941742,False
CN1CCCN(N2CCN(c3ccc(Nc4ncc5c(n4)-c4c(c(C(N)=O)nn4C)CC5)cc3)CC2)CC1,2.5553524218784442,True
NS(=O)(=O)c1ccc(-c2ccc(C(=O)N3CCOCC3)cc2)cc1,2.7092362392379146,True
COc1cc(N2CCN(C)CC2)ccc1NC(=O)C(C)c1ccc(N2CCN(C)C2=O)cc1,2.964127358937198,True
Cc1cc(CN2CCCNCC2)nc(-c2ccc(F)cc2)n1,4.529581658387459,False
CC(C)(C)c1ccc(Cc2ccc(S(N)(=O)=O)cc2)cc1,8.60272654453226,False
CC(C)Nc1ccc(-c2ccc(S(N)(=O)=O)cn2)cc1,3.5330979324100324,False
N#Cc1cnn2c(NC3CC3)cc(Nc3ccc(N4CCCCC4)cc3O)nc12,2.661096202695426,True
CONSN[C@@H](CN)Nc1ccc2[nH]c(O)c(N=Nc3ccc(-c4ccc(S(N)(=O)=O)cc4)cc3)c2c1,2.9294808413778712,True
NS(=O)(=O)c1ccc(N2CCc3nc(C4CCCC4)ccc3C2)cc1,2.911693836927225,True
Cc1nc2c(F)cc(-c3nc(Nc4ccc5c(n4)CCN(C(=O)CCN(C)C)C5)ncc3F)cc2n1C1CC1,3.032110980818477,True
CC(C)=NC(=O)CC(CNBr)C(=O)c1ccc(Nc2ncc(F)c(-c3cnc(C)n3C(C)C)n2)cc1,3.0593911158921876,True
Cc1cc(Nc2ncc(Br)c(N[C@@H](C)C(C)(C)O)n2)ccc1S(C)(=N)=O,2.935863246133925,True
O=[N+]([O-])c1ccc(Nc2nccc(-c3cnn4ncccc34)n2)cc1,2.95689110384539,True
CC(C)n1cnc2c(NCc3ccccc3O)nc(CC(C)(O)O)nc21,2.9513717149827188,True
C(=Cc1nccc(N2CCCNCC2)n1)c1ccccc1,3.278034472057916,True
CCC(C)n1c(CCN2CCCC2)cc2cnc(Nc3ccc(CN4CCNCC4)cn3)nc21,6.117814887686619,False
CCN1CCN(c2ccc(Nc3ccc(N4CCOCC4)cc3)cc2)CC1,3.309027953946595,True
C[C@@H](Cc1ccc(S(C)(=O)=O)cc1)c1ccc(S(N)(=O)=O)cc1,6.349549117850812,False
NS(=O)(=O)c1ccc(N=Nc2c(O)[nH]c3ccc(-c4ccc5[nH]c(O)c(-c6cnco6)c5c4)cc23)cc1,4.003717647387233,False
CCN1CCc2cnc(Nc3ccc(S(C)(=O)=O)cc3)nc2C1,3.7046200884841083,False
C=C(C)c1ccc(-c2cccc(N3CCCNCC3)n2)cc1,3.730355076933023,False
CNNC(=O)C(O)NNC(=O)c1ccc(Nc2ncc(F)c(-c3cnc(C)n3C(C)C)n2)cc1F,3.247524287822957,True
Cc1nc2c(F)cc(-c3nc(Nc4ccc5c(n4)CCN(CCN(C)C(=S)n4ccnc4)C5)ncc3F)cc2n1C(C)C,2.741826763309459,True
CNC(=O)c1ccc(Nc2ncc(F)c(-c3cnc(C)n3C(C)C)n2)cc1,3.1075728470946573,True
O=C(Cc1ccccc1)Nc1cc(C2CC2)[nH]n1,2.8679783820663665,True
CNc1c(C)cccc1-c1ccc(CN2CCN(C)CC2)cc1,6.088601563577638,False
COCCN1CCC(c2cc3c(-c4cnn(CC5CC5)c4)c(Cl)cnc3[nH]2)CC1,2.6425292808216887,True
CC(=O)N1CCCN(c2ccc(NCc3ccccc3)cc2)CC1,2.957470878977513,True
O=C(CCO)N1CCCN(Cc2cccc(Cl)c2)CC1,7.9368132773802875,False
Nc1ccc(-c2ccc(-c3ccc(S(N)(=O)=O)cc3)cc2)cc1,2.9757703204380532,True
C[C@@H](O)[C@@H](C)Oc1nc(Nc2ccc(S(=O)(=O)O[C@H](C)[C@@H](C)O)cc2)ncc1C(F)(F)F,3.0169494526756653,True
CN(CCS(=N)(=O)C1CC1)C(=O)c1cc(C2CCCCCC2)nc(N)n1,3.0071125685614124,True
NC1CCC(Cc2ccnc(-c3ccccc3)n2)CC1,3.1229582129769247,True
C=C(C)c1cc(Nc2ncc(F)c(-c3cnc(C)n3C(C)C)n2)ccc1C(C)C,3.0518725399334787,True
O=C(NC(c1ccccc1)C1CCNCC1)c1ccc2cnccc2c1,4.347047848827985,False
COCCOCCOCCOCCNS(=O)(=O)c1ccc(N=Cc2c(O)[nH]c3ccc4ncsc4c23)cc1,3.10875714715705,True
CC(C)(C)S(=O)(=O)c1cccc(-c2ccc(S(N)(=O)=O)cc2)c1,6.075427063178362,False
O=C1Cc2cc(-c3ccc(CN4CCOCC4)cc3)ccc2N1,4.063093525874105,False
CC(C)=NC(=S)NNC(=O)c1ccc(Nc2ncc(F)c(-c3cnc(C)n3C(C)C)n2)cc1F,2.928795998358374,True
CS(=O)(=O)N1CCC(Nc2ncc(C(F)(F)F)c(-c3cnn(-c4ccccc4Cl)c3)n2)CC1,3.005861939610671,True
CN(C)C(=O)c1cccc(C(=O)Nc2ccc(N3CCCC3)cc2F)c1,3.5792956010924892,False
NS(=O)(=O)c1ccc(-c2ccc(-c3ccc(N=Nc4c(=O)[nH]c5ccc6[nH]cccc6c45)cc3)cc2)cc1,3.072842657865844,True
CN1CCCN(c2ccc(Nc3ncc4c(n3)-c3c(c(C(N)=O)nn3C)CC4)cc2)N(O)CC1,2.651001508864157,True
CN1CCN(c2ccc(Nc3ccccn3)cc2)CC1,3.350379978450204,True
CCS(=O)(Cc1cc(F)cc(Nc2ncc(F)c(NCCN(C)C)n2)c1)=NC#N,2.90980171145733,True
C[C@@H](O)[C@@H](C)Oc1nc(Nc2ccc(S(=O)(=O)N=Nc3ccc(S(=O)(=O)ON)cc3)cc2)ncc1C(F)(F)F,3.043508830281264,True
CC[C@@H](Nc1nc(NCc2cccnc2)c2ncn(C(C)C)c2n1)N1CCN(C)CC1,3.0093698675968747,True
CC(C)c1cnn2c(NCc3ccc(N)cc3)nc(OC3CCN(C)CC3)nc12,3.161956830824866,True
Cc1ccccc1Nc1ccc(N2CCC(C)CC2)cc1,3.357027554250931,True
CNC1CCN(C(=O)c2cc3c(=O)[nH]cc(NC4CCCC4)c3s2)CC1,2.940823354096604,True
COc1cccc(-c2cc(NC(=O)NC3CCN(C(=O)OC(C)(C)C)CC3)[nH]n2)c1,3.5673875595455065,False
c1ccc(NN2CCCCC2)c(Nc2ccc3c(n2)CCNC3)c1,3.2797277326022045,True
CN1CCN(c2ccc(Nc3nccc(-c4cnn5ncccc45)n3)cc2C(F)(F)F)CC1,2.96054589560777,True
C[C@@H](Nc1nc(Nc2ccc(S(C)(=N)=O)cc2)ncc1Br)C(C)(C)O,2.979698306876052,True
CC(=O)N1CCc2nc(Nc3ncc(F)c(-c4cc(F)c5nc(C)n(C(C)C)c5c4)n3)ccc2C1,2.7920925844248132,True
Cc1ncc(-c2ccnc(Nc3ccc(S(C)(=O)=O)cc3)n2)n1C(C)C,3.0518443603827525,True
CC(C)=NC(=O)C(=O)c1ccc(Nc2ncc(F)c(-c3cnc(C)n3C(C)C)n2)cc1,3.0365679640014713,True
NS(=O)(=O)c1ccc(N=Nc2c(O)[nH]c3cccc(I)c23)cc1,2.824087463234808,True
NS(=O)(=O)c1ccc(Oc2cccc(S(N)(=O)=O)c2)cc1,3.364334852537727,True
C=C(C)C(=O)c1ccc(Nc2ccc(Nc3ncc(F)c(-c4cnc(C)n4C(C)C)n3)cc2)cc1,2.935733468828532,True
Cc1ccc(F)c(Nc2nccc(N3CCCC(C)CC3)n2)c1,2.9833011916331924,True
CCc1ccc(CC(=O)Nc2ccc(S(N)(=O)=O)cc2)cc1,3.7082239684247775,False
O=C(NN1CCCc2cnc(Nc3ccccc3)nc2C1)C1CCC1,3.0837097788216066,True
CC(C)NC(=O)c1ccc(N2CCN(C)CC2)cc1Cl,2.6947395050356886,True
CC(C)c1ccc(Oc2ccc(S(N)(=O)=O)cc2)cc1,6.641804875182647,False
O=C(Nc1ccccn1)N1CCN(C(=O)c2ccccc2)CC1,3.2261080267095896,True
CON1CCCc2nc(-c3ccc(S(N)(=O)=O)cc3)ccc2C1,4.895000408580169,False
CC(C)=Nc1ccc(-c2ccc(S(N)(=O)=O)cc2)cc1,2.901008272997505,True
CC(C)N1CCN(c2ccc(Nc3ccc([N+](=O)[O-])cc3C(=O)O)nc2)CC1,2.7237982671262557,True
Clc1cccc(Nc2ccc(CN3CCOCC3)cc2)c1,2.9837930558267636,True
CC(=O)Nc1ccc(N2CCN(c3ccccc3)CC2)cc1,3.73386395038705,False
CN1CCN(c2ccc(NCCc3ccccc3)cc2)CC1,5.1114711189637045,False
CC(=O)c1cc(-c2ccc(Nc3ncc(F)c(-c4ncc(F)c(-c5cnc(C)n5C(C)C)n4)n3)cc2)ccn1,3.0216250594671816,True
CN(C)CCNS(=O)(=O)c1ccc(Nc2nccc(-c3cnc4ccccn34)n2)cc1,3.117492261417827,True
CC(=Nc1ccc(S(N)(=O)=O)cc1)c1c(O)[nH]c2ccc(-c3cnco3)cc12,2.6386127036759395,True
O=C1CCCN1C(=O)Nc1ccc(Oc2ccccc2)cc1,3.2016897101374404,True
CC(C)CC(=O)Nc1[nH]nc2c1CN(C(=O)C1CCN(C)CC1)C2(C)C,2.9952557486799036,True
c1ncc(-c2cc3cnc(Nc4ccc(N5CCNCC5)cn4)nc3n2C2CCCC2)o1,3.2674693571631264,True
CN1CC=C(c2ccc(Nc3ccc(S(N)(=O)=O)cc3)cc2)CC1,3.285015981696286,True
CNC(=O)c1ccc(CN2CCCN(C(C)=O)CC2)cc1,4.404704530385673,False
CCN(CCO)C(=O)c1ccc(-c2ccccc2)cc1,5.331639710258,False
CN(C)CCN(C)c1ccc2cc1COC/C=C/COCc1cccc(c1)-c1ccnc(n1)N2,3.504931953690406,False
c1nc2nc(COC3CCCCC3)nc(OCC3CC3)c2[nH]1,4.18674981339941,False
CC[C@@H](C)Oc1nc(Nc2ccc(S(N)(=O)=O)cc2)nc(N)c1C=O,2.9450042444791182,True
NC(=O)c1ccc(CCc2ccc(S(N)(=O)=O)cc2)cc1,6.482361606698597,False
CCCc1cc(NC(=O)c2ccc(Br)cc2)[nH]n1,3.1590824617284055,True
COc1c(C)cccc1N1CCN(c2cc[nH]c2)CC1,6.060413022228771,False
COc1cc(CNc2cc(N3CCN(C)CC3)cc(C)n2)ccn1,3.6462568477823964,False
CNC(=O)Oc1cc(C(=O)Nc2ccc(Cl)cc2)ccn1,3.3937645763959527,True
O=C(c1ccc(Nc2ccc(F)cn2)cc1)N1CCCC1,3.0029500495346317,True
NS(=O)(=O)c1ccc(N=Cc2c(O)[nH]c3ccc4ncsc4c23)cc1,2.9382569662982156,True
Clc1cccc(NCc2ccc(N3CCOCC3)cc2)c1,3.0084941415931006,True
CN1CCN(Cc2ccc(-c3cnc4[nH]cc(-c5ccc6[nH]ccc6c5)c4c3)cc2)CC1,3.419251526284672,True
O=C(C1CCCCC1)N1CCc2cnc(NC3CC3)nc2C1,3.14812674458955,True
COc1cccc(NC(=O)N2CCN(Cc3ccccc3)CC2)c1,2.8875035930713597,True
O=C(C1CC1)N1CCc2cnc(Nc3ccc(C4CC4)cc3)nc2C1,3.133004468557301,True
Cn1cc(S(=O)(=O)N2CCC(Nc3ncc4c(n3)N([C@@H]3CCC[C@@H](O)C3)C(=O)C43CC3)CC2)cn1,2.874281475429987,True
O=C(Cc1ccc(-c2cccc(CO)c2)cc1)N1CCCCC1,6.6004613475120015,False
O=C(NC1CCN(C(=O)c2ccccc2)CC1)c1ccccc1,3.4078177768184794,True
CN(C)CCCN(C)S(=O)(=O)c1ccc(Nc2nccc(-c3cnc4ccccn34)n2)cc1,3.0873511300142096,True
CN(C)C(=O)c1cccc(-c2cnc(N)c(-c3nc4c(N5CCNCC5)cccc4[nH]3)n2)c1,3.1006233244301105,True
C[C@@H](Nc1nc(Nc2ccc(-c3ccc(S(=O)(=O)ON)cc3)cc2)ncc1Br)S(C)(=N)=O,3.145251977187199,True
c1cc(N2CCc3cnc(NC4CC4)nc3C2)ccc1C1CC1,3.819409116604293,False
CC(c1ccc(C(C)(C)C)cc1)c1ccc(S(N)(=O)=O)cc1,9.725937332720173,False
COc1ccc(CC(=O)Nc2ccc(S(N)(=O)=O)cc2)cc1,4.834804649621326,False
C=CC(=O)NCc1ccc(C(=O)N2CCCC(Nc3ncc(SCc4ncc(C(C)(C)C)o4)s3)C2)cc1,3.1688150782271953,True
CCNc1ccc(CC(=O)Nc2ccccc2C)cc1,7.287508353339978,False
O=C1N=c2ccccc2=C1C(=O)NCc1ccccc1F,3.6687083558113476,False
COc1ccc2[nH]c(O)c(N=NC(=O)c3ccc(N=NN=NN=Nc4ccc(S(N)(=O)=O)cc4)cc3)c2c1,2.744599242148112,True
COc1ccc(-c2ccc(N3CCOCC3)c(C)c2)c(O)c1,3.682607907448193,False
Cc1ncc(-c2ccnc(Nc3ccc(S(=N)(=O)SS(C)(=N)=O)cc3)n2)n1C(C)C,3.157261629957199,True
Cc1cc(C(C#N)c2ccc(Cl)cc2)c(Cl)cc1NC(=O)c1cc(I)cc(I)c1O,3.2667577198194624,True
CC(C)(C)Nc1nc(C(F)(F)F)nc2ccc(-c3cccnc3)cc12,4.298657581152516,False
COc1ccc(CNC(=O)c2ccc(C(C)C)cc2)cc1,4.174991856279488,False
Cn1nc(C(N)=O)c2c1-c1nc(Nc3ccc(N4CCN(SN)CC4)cc3)ncc1CC2,2.7547851095865914,True
CC(=O)N1CCCc2cnc(CNC(=O)c3ccccc3)nc2C1,3.1729924361712536,True
Fc1ccccc1-c1ccc(CN2CCNCC2)cc1,5.260960368601915,False
Cc1ccccc1C(=O)Nc1ccc(N2CCCN(C)CC2)cc1,3.3242423196873045,True
Cc1cc(F)ccc1-c1ccc(C(=O)N2CCN(C)CC2)cc1C(=O)O,2.8374506163103503,True
C[C@@H](NC(=O)N1CCc2cnc(NC3CCOCC3)nc2C1)c1ccc(Cl)c(F)c1,4.063731413368751,False
CNc1ncc2c(n1)CN(c1ccc(N3CCOCC3)cc1)CC2,4.6864948522323076,False
O=C(c1cccc(Nc2ccccc2)c1)N1CCN(C2CC2)CC1,3.926477301602545,False
O=C(O)N1CCN(C(=O)c2ccc(NCc3cccc(Cl)c3)nc2)CC1,4.749491867558045,False
O=C(c1ccccc1)N1CCN(C(=O)c2cccc(Cl)c2)CC1,4.017606999197414,False
CN1CCN(c2ccc(Nc3nccc(-c4cnn5ncccc45)n3)cc2)CC1,3.052292417184175,True
NS(=O)(=O)c1ccc(N=Nc2ccc(NOCc3c(O)[nH]c4ccc(-c5cnco5)cc34)cc2)cc1,2.8522811923090643,True
CCc1ccc(NC(=O)c2ccc(N(C)C)cc2)cc1,3.3834117396497905,True
CCNc1ccc2c(n1)CCCN(c1ccc(S(N)(=O)=O)cc1)C2,2.9583316244126503,True
CC(=O)Nc1nc(N2CCN(C(C)C)CC2)c2[nH]cnc2n1,3.124537245737364,True
COc1ccccc1NC(=O)c1ccc(F)cc1N1CCOCC1,4.144054536320677,False
CCCC(=O)Nc1[nH]nc2cc(Cl)c(-c3ccccc3)cc12,2.7720817087524647,True
C=C(C)NCCNC(=O)c1ccc(Nc2ncc(F)c(-c3cnc(C)n3C(C)C)n2)cc1F,3.574025321678625,False
CN(C)C(=O)c1cccc(-c2cc(C(=O)N(C)C)ccc2O)c1,2.751077607047825,True
CC(C)Cc1ccc(CCc2ccc(S(N)(=O)=O)cc2)cc1,6.434685151582785,False
CC(C)(C)n1nc(-c2cccc3ccccc23)c2c(N)ncnc21,7.822741782776674,False
CC(C)(C)c1cnc(Cc2ccc(S(N)(=O)=O)cc2)o1,3.6106794374466435,False
Nc1ncnc2occ(-c3ccc(NC(=O)Nc4cc(C(F)(F)F)ccc4F)cc3)c12,3.06090754515716,True
Cc1ccccc1Nc1cc(Nc2ccc(Oc3ccc(S(N)(=O)=O)cc3)cc2)ncn1,2.9698823209009477,True
CN(C)CCNS(=O)(=O)c1ccc(-c2cccc(NC(=O)C3CCCCO3)n2)cc1,4.995819152051044,False
Nc1nccc(-n2ccc3ccncc32)n1,4.703430024992398,False
C=C(C)CNNC(=O)c1ccc(Nc2ncc(F)c(-c3cnc(C)n3C(C)C)n2)cc1F,3.077706938615176,True
COc1cc(N(C)CCNC(C)=O)ccc1Nc1ccc2c(c1)CS(=O)(=O)C2,3.0898423908024895,True
O=C(Nc1ccc(N2CCCCC2)nc1)c1ccccc1,3.492082616433927,True
COc1ccc(N(C)c2ccc(N3CCNCC3)cc2)cc1,3.9764533192280784,False
Cc1nc2c(F)cc(-c3nc(Nc4ccc5c(n4)CCN[C@H]5C)ncc3F)cc2n1C(C)(C)C,2.7272706136355467,True
C=C(C)n1c(-c2nc(NN3CCN(C)CC3)ncc2F)cnc1C,3.232772494315057,True
CN(C)CC(O)COc1ccc(Nc2nccc(NC(N)=O)n2)cc1,2.9396290582316715,True
Cc1cc(NC(=O)c2ccccc2)ccc1CN1CCCCC1,3.3237292308489876,True
CC(C)c1ccc(-c2ccc(Nc3ncc4c(n3)-c3c(c(C(N)=O)nn3C)CC4)cc2)cc1,2.7382395804604087,True
Cc1ncc(-c2nc(Nc3ccc(C(=O)NN)cc3)ncc2F)n1C(C)C,3.168015624961471,True
COc1nc(NC(=O)c2ccsc2)nc(C(C)(C)C)n1,3.0913466321329977,True
CN1CCN(Cc2ccc(NC(=O)c3[nH]ncc3Nc3ccncn3)cc2)CC1,3.0317028218478206,True
CN(C)C(=O)c1ccccc1-c1ccc(S(N)(=O)=O)cc1,7.2721445255165245,False
CNC(=O)c1nn(C)c2c1C(C)(C)Cc1cnc(Nc3cccc(CN4CCN(C)CC4)c3)nc1-2,2.774561947407196,True
O=S(=O)(c1ccc(NCc2ccc(C(F)(F)F)cc2)cc1)C(F)(F)F,4.126558856965449,False
CCc1ccc(-c2ccc(C(=O)N3CCCNCC3)cc2)cc1,5.7007354788658695,False
Cc1ncc(-c2nc(-c3nc(Nc4ccc(C(=O)NNCC(=O)O)c(F)c4)ncc3F)ncc2F)n1C(C)C,3.1157767891811603,True
Cc1ncc(-c2nc(Nc3ccc(C(=O)NCCN(C)C)c(F)c3)ncc2F)n1C(C)C,3.12964422898195,True
CC(=O)Nc1ccc(C(=O)N2CCCN(C(=O)c3ccccc3)CC2)cc1,3.118154261738826,True
C[C@H]1CNCC(C(=O)Nc2ncc(SCc3cc(N4CCOCC4)ccc3O)s2)C1,3.2732056152951943,True
Cc1nccc(-c2ccc(C(=O)N(C)C)c(Cl)c2)c1C#Cc1ccc(N)nc1,3.638363780602479,False
CC[C@@H](Nc1nc(NCc2cccnc2)c2ncn(C(C)C)c2n1)C(O)C(C)(C)C,2.96327065925474,True
C=C(C)c1cc(Nc2ncc(F)c(-c3cnc(C)n3C(C)C)n2)ccc1C(=O)CSC,3.083121956718553,True
CN1CCN(c2ccc(Nc3ccncc3)cc2)CC1,3.1785650850658995,True
O=C(NN1CCN(c2ccc(Cl)cc2)CC1)c1ccccc1,3.7038917370787163,False
C[C@@H](Oc1nc(Nc2ccc(S(=O)(=O)S(N)(=O)=O)cc2)ncc1C(F)(F)F)OC(F)(F)[C@H](C)[C@@H](C)O,3.026815157884605,True
Cc1ncc(-c2ccnc(Nc3ccc(Nc4ccccc4)cc3)n2)n1C(C)C,3.364520916861718,True
O=C(Nc1[nH]nc2nc(-c3ccc(O)c(Br)c3)ccc12)C1CC1,3.185384435197738,True
Cc1ncc(-c2nc(Nc3ccc(C(=O)N4CC[C@H](N[C@H](C)[C@H](C)O)C4)cc3)ncc2F)n1C(C)C,3.054419748495619,True
CN1CCN(c2ccc(-c3ccc(O)cc3)cc2)CC1,4.451502330674437,False
COc1ccc(-c2nn(-c3ccccc3)cc2C(=O)NC(=S)Nc2ccc(Cl)cc2)cc1,3.3705882275947077,True
CN1CCN(C(=O)c2ccc(CNc3cccc(Cl)c3)cc2)CC1,3.1839161421117903,True
NS(=O)(=O)c1ccc(N=NOc2c(=O)[nH]c3ccc4[nH]cccc4c23)cc1,2.9550074449990835,True
Cc1ccc(CC(=O)c2ccc(S(N)(=O)=O)cc2)cc1,8.532867396133613,False
CN1CCN(c2ccc(NC(=O)Nc3ccccc3)cc2)CC1,3.0113335916168507,True
Cc1cc(Cc2ncc3c(n2)CN(C(=O)Nc2cc(C4CC4)[nH]n2)CC3)cc(C)n1,3.4737088248729235,True
Cc1cccc(NC(=O)c2ccc(N3CCCOCC3)cc2)c1,4.00444590424194,False
O=C(Nc1ncc2c(n1)CN(N1CCCC1=O)CCC2)c1ccccc1,3.7636750656771625,False
CC1CN(c2ccc(Nc3ncc4cc5n(c4n3)C3(CCCC3)CNC5=O)nc2)CCN1CC1CC1,3.953252078985102,False
CN(C)C/C=C/C(=O)Nc1ccc(C(=O)Nc2ncc(SCc3ncc(C(C)(C)C)o3)s2)cc1,2.9279619191512727,True
COc1ccc(NC(=O)NCc2ccc(F)cc2)cc1,3.7763157971758634,False
COc1ccc(C(=O)Nc2ccc(C(=O)N(C)C)cc2)cc1,3.2884175525623314,True
C[C@H](S(=N)(=O)c1ccc(Nc2ncc(C(F)(F)F)c(O[C@H](C)[C@@H](C)O)n2)cc1)S(=N)(=O)C1CC1,3.026100791447642,True
O=C(Nc1ccc(F)cc1)N1CCN(c2ccccc2)CC1,3.494536449945834,True
CNc1cccc(C(=O)Nc2ccc(C(=O)N(C)C)cc2)c1,3.821601104249368,False
Nc1[nH]c2ccc(-c3cnco3)cc2c1-c1ccc2[nH]c(O)c(N=NOc3ccc(S(N)(=O)=O)cc3)c2c1,2.635910089513673,True
NS(=O)(=O)c1ccc(N=Nc2ccc(NNc3c(O)[nH]c4ccc(S(N)(=O)=O)c(S)c34)cc2)cc1,3.055656557926628,True
Cc1cc(Nc2ncc(Br)c(N[C@H](C)C(C)(C)O)n2)ccc1S(C)(=N)=O,2.997111609533417,True
CNC(C)c1ccc(-c2ccc(S(N)(=O)=O)cc2)cc1,3.1533567828585447,True
CC(C)Cc1ncc(F)c(-c2ccc(S(N)(=O)=O)cc2)n1,3.3881055178373676,True
Cc1ncc(-c2ccnc(NC3CCOCC3)n2)n1C(C)C,3.0643633922888474,True
Cc1ccc(CN(C)C(=O)c2ccc(N3CCNCC3)cc2)cc1,3.405782288990297,True
Cc1ncc(-c2nc(Nc3ccc(C(=O)NC4CCN(C)CC4)c(F)c3)ncc2F)n1C(C)C,2.841681896342373,True
O=C(Nc1ccc(Cl)cc1)c1ccc(N2CCOCC2)nc1,3.3419582582671525,True
CC(=C=C=CC(C)=Cc1cnco1)c1ccc2[nH]c(O)c(N=Nc3ccc(S(N)(=O)=O)cc3)c2c1,4.292952829929541,False
CNCC(=O)c1nc(NCc2cc(C)nc(C)c2)c2ncn(C(C)C)c2n1,2.97439371973517,True
CO[C@@H](O)[C@@H](C)O[C@@H](C)Oc1nc(Nc2ccc(S(=O)(=O)[C@H](C)[C@@H](C)O)cc2)ncc1C(F)(F)F,3.092846423603989,True
Cc1cccc(Nc2nc(Nc3ccc4c(n3)CCNC4)ncc2F)c1,3.137686249451977,True
CCC(=O)Nc1ccc(-c2ccc(N3CCN(C)CC3)cc2)nc1,4.41152456640558,False
NS(=O)(=O)c1ccc(N2CCCc3ncccc3C2)cc1,3.6985270040923046,False
COCCNS(=O)(=O)S(=N)(=O)c1ccc(Nc2nccc(-c3cnc(C)n3C(C)C)n2)cc1,2.9951704459011985,True
NS(=O)(=O)c1cccc(Nc2nccc(-c3ccnc(NCCCO)c3)n2)c1,3.0084183552159107,True
Cc1cc(N2CCCS2(=O)=O)c2oc(-c3ccc(O)cc3)c(O)c(=O)c2c1,2.8356801653218993,True
Cc1nc2c(F)cc(-c3nc(Nc4ccc5c(n4)CCN(C(=O)O)C5)ncc3F)cc2n1C(C)C,2.811150298365426,True
O=c1cc(-c2ccc(O)cc2Cl)oc2c(CC3CCCCC3)c(O)cc(O)c12,3.0761846498544183,True
CNC(=O)Nc1ccc(-c2cc(-c3ccnc(Nc4ccc(C)c(S(=O)(=O)NC)c4)n3)ccn2)cc1,4.183251964680108,False
CCS(=N)(=O)c1ccc(Nc2ncc(Br)c(N[C@H](COC)[C@@H](C)O)n2)cc1,3.135702313677116,True
C[C@H]1CN(c2ccc(Nc3ncc4cc5n(c4n3)C3(CCCCC3)CNC5=O)nc2)CCN1,3.2951122894371934,True
NS(=O)(=O)c1ccc(CCc2ccc(C(F)(F)F)cc2)cc1,6.160385296391785,False
O=C(CC1CCCCC1)Nc1nc(CC2CC2)c2[nH]cnc2n1,2.990256510736157,True
Cc1ccc(F)c(Nc2nccc(-c3ccc(S(N)(=O)=O)cc3)n2)c1,2.8054685883110495,True
C[C@@H](c1ccc(CS(N)(=O)=O)cc1)c1ccc(S(N)(=O)=O)cc1,4.360269945771704,False
CCC(=O)Nc1c(C)c2cnc(Nc3ccc(N4CCNCC4)cc3)nc2n(C2CCCC2)c1=O,4.099121613223986,False
C[C@H]([C@@H](C)O)[C@@H](C)NOc1nc(S(=O)(=S)c2ccc(Nc3ncc(Br)c(NS(C)(=N)=O)n3)cc2)ncc1Br,3.2690507796606685,True
CS(=O)(=O)c1ccc(N=Cc2c(O)[nH]c3ccc4ncsc4c23)cc1,2.7078858912443096,True
CN=S(C)(=O)c1ccc(Nc2ncc(Br)c(N[C@H](C)[C@H](C)O)n2)cc1OC,2.9285663728179423,True
Cc1ccc(Nc2ncc(F)c(CO)n2)nc1CCNC(=O)C(C)N(C)C,2.881608925583071,True
O=C(Nc1ccc(NC(=O)C2CCC2)cc1)c1ccccc1,2.8235385600341956,True
Cc1ncc(-c2ccc(NC(=O)OC(C)C)cc2)n1C(C)C,4.017403265792468,False
O=C(Nc1ccc(C(=O)N2CCCC2)cc1)c1ccc(Cl)cc1,3.822523773634375,False
COc1cc(N2CCN(C(C)=O)CC2)ccc1Nc1ncc(C)c(C(F)(F)C(F)(F)F)n1,2.9442209495892144,True
C[C@@H](Oc1nc(Nc2ccc(S(=O)(=O)[C@@H](C)O)cc2)ncc1C(F)(F)F)O[C@H](C)[C@@H](C)O,2.8998682728703415,True
CN(C)Cc1ccc(Nc2cc(OCC3CCCCC3)nc3ncnn23)cc1,5.595207324130179,False
Cc1cc(N2CCCNCCC2)nc(CCc2ccccc2)n1,4.759231555619031,False
CCc1sc(C(=O)N[C@@H]2[C@H](N)CCCC2(F)F)cc1-c1ccc(O)c(Cl)c1,2.7934734650610196,True
C[C@@H](O)[C@@H](C)Oc1nc(Nc2ccc(-c3ccc(S(=O)(=O)O[C@H](C)[C@@H](C)O)cc3)cc2)ncc1C(F)(F)F,2.8585122004287467,True
Cn1cc(CCc2cnc(Nc3ccccc3)nc2)c(C(=O)NCN2CCOCC2)n1,3.6425854828679087,False
CC(=O)Nc1ccc(-c2ccc(S(N)(=O)=O)cc2)cc1,2.9600853028249037,True
CC[C@H](CO)Nc1nc(-c2ccc(O)c(O)c2)n2ncc(C(C)C)c2n1,3.6620927077287377,False
CN1CCN(c2ccc3n[nH]c(NC(=O)Cc4ccccc4Cl)c3c2)CC1,2.826196383834642,True
CC(=O)N1CCc2cc(NCC(=O)c3ccccc3)ccc2C1,4.584731835124054,False
CC(=O)Nc1ccc(CNc2nc(NC3CCOCC3)nc3c(C(C)C)cnn23)cc1,4.183619246537622,False
CC(C)C(=O)Nc1ncc2c(n1)CN(C(=O)C(C)C)CC2,4.294214014228916,False
CN1CCN(NC(=O)NNC(=O)c2oc3ccccc3c2CN2CCN(c3ccccc3)CC2)CC1,4.278217970136637,False
CC(C)N1CCN(C(=O)c2ccnc(-c3cnc(-c4ccc(S(N)(=O)=O)cc4)s3)c2)CC1,3.000324982397737,True
Cc1ccc(CN(C)C(=O)c2ccc(C(=O)O)cc2)cc1,2.9890742714091245,True
COc1c(O)[nH]c2ccc(C(=O)SCNN=NN=NC(=O)N=Nc3ccc(S(N)(=O)=O)cc3)cc12,3.0136889355074405,True
N[C@H]1CC[C@H](Nc2cc(Nc3ccc(F)c(Cl)c3)n3ncc(Br)c3n2)CC1,3.297711327572511,True
CN(C)CCNS(=O)(=O)c1ccc(Nc2nccc(-c3cnc4cccnn34)n2)cc1,3.0479199464552895,True
CC(C)C(=O)Cc1ccc(-c2ccc(S(N)(=O)=O)cc2)cc1,3.4995492566900643,True
CC(=O)Nc1ccc(Cc2ccc(N3CCN(C)CC3)cc2)cc1,3.4355744788899614,True
COc1ccc(-c2ocnc2C(=O)NCc2ccncc2)cc1Cl,3.1091252789168897,True
CC(=O)N1CCC(C(=O)Nc2ccc(Nc3ccccc3)cc2)CC1,3.9732919600754237,False
O=C(Nc1ccc(NC(=O)N2CCOCC2)cc1)c1ccccc1,3.965999117498642,False
COc1ccccc1-c1ccc(CC2CCC(N)CC2)cc1,7.05797598465736,False
COCS(=N)(=O)c1ccc2[nH]c(O)c(N=Nc3ccc(N=Nc4ccc(S(N)(=O)=O)cc4)cc3)c2c1,3.9812874802003475,False
CN1CCC(C(=O)Nc2ccc(C3CCN(C)CC3)cc2)CC1,3.363401254682535,True
CN(C)CN1CCC(Nc2ncc(C(F)(F)F)c(-c3cnn(CC(F)(F)F)c3)n2)CC1,2.788363319225104,True
C[C@H](S(N)(=O)=O)S(=O)(=O)c1ccc(Nc2ncc(C(F)(F)F)c(O[C@H](C)C(O)O)n2)cc1,4.398808134029034,False
CN(C)C[C@H](O)COc1ccc(NN2CCN3C(=O)OC(C)(C)CC3C2)cc1,3.4649357858407726,True
CNc1ccc(Nc2ccc3c(c2)CCN(C(C)=O)C3)cc1,3.211960616196912,True
CN1CCN(CNc2ncc(Br)c(Nc3cc(C4CC4)[nH]n3)n2)CC1,2.799830352003488,True
O=C(Nc1ccc(N2CCCCC2)cc1)c1cccc(Cl)c1,3.909402639790377,False
CC(=O)N1CCN(c2cc(C(=O)Nc3ccc(Cl)cc3)ccc2C)CC1,3.440805428965729,True
CON(C)C(=O)c1ccc(CNC(=O)Nc2ccccc2C)cc1,2.966959049262395,True
CC(C)(C)Nc1ccc(-c2ccc(S(N)(=O)=O)cc2)cc1,2.9661540755665414,True
Cc1nc2c(F)cc(-c3nc(Nc4ccc5c(n4)CCN(C(=O)CN(C)C)C5)ncc3F)cc2n1C(C)C,3.166074067358506,True
NS(=O)(=O)c1ccc(N=NSNc2c(O)[nH]c3ccc(-c4cnco4)cc23)cc1,2.5168863701009676,True
NS(=O)(=O)c1ccc(-c2ccc(C3CCC3)cc2)cc1,12.16711954408273,False
C[C@@H](O)[C@@H](C)Oc1nc(Nc2ccc(S(=O)(=O)[C@@H](C)O)cc2)ncc1C(F)(F)S(N)(=O)=O,4.394297441002377,False
CC(C)C(=O)c1ccc(-c2ccc(S(N)(=O)=O)cc2)cc1,5.971509524400008,False
Cc1ncc(-c2nc(Nc3ccc(N4CCN(C(=O)CO)CC4)cc3)ncc2F)n1C(C)C,3.6564634553076054,False
Cc1ccccc1C(=O)Nc1ccc(N2CCCC2=O)cc1,3.5724481801700136,False
CC(=O)N1CCCc2cnc(-c3ccccc3C(=O)O)nc2C1,2.765651821903832,True
CC(=O)Nc1ccc(-c2ccc(OC3CCC3)cc2)cc1,3.030059570371519,True
CC(C)Nc1ccc(-c2ccc(S(N)(=O)=O)cc2)cc1,3.407598861368513,True
CCNC(=O)c1ccc(-c2ccc(N3CCN(C)CC3)cc2)cc1,4.5276654028317855,False
Cc1ccccc1NC(=O)Cc1ccc(C(N)=O)cc1,2.9364536434277384,True
CC(=O)Nc1ccc(-c2ccc(N3CCOCC3)cc2)cc1C,3.0704678796561247,True
Cc1ccc(C(=O)NC(=O)c2ccc(N3CCCC3=O)cc2C)cc1,3.292539749190589,True
CC1CCC(CNc2nc(N3CCN(C(C)C)CC3)c3[nH]cnc3n2)CC1,3.5290375458473076,False
CN(C)C(=O)c1cccc(C(=O)Nc2cccc(C3CC3)c2)c1,3.6633728993920402,False
CN1CCN(C(=O)c2ccc(NC(=O)c3ccccc3)cc2)CC1,3.3437387756820947,True
C[C@@H]1CNCC(C(=O)Nc2ncc(SCc3ncc(C(C)(C)C)o3)s2)C1,2.976766870280571,True
CN(C)c1c(O)cc(O)c2c(=O)cc(Sc3ccccc3Cl)oc12,3.1750861405637467,True
O=C(Cc1ccccc1)Nc1[nH]nc2ccc(-n3c(O)c[nH]c3=O)cc12,3.2638507931582903,True
CCN(Cc1ccc(NC(=O)N2Cc3c(NC(=O)C(C)(C)C)n[nH]c3C2(C)C)nc1)C(=O)CCN(C)C,4.31973031565629,False
O=C(Nc1cc(C2CC2)[nH]n1)C(=O)c1ccccc1,3.258505485648292,True
CC(=O)Nc1ncc(F)c(-c2cnc(C)n2C(C)C)n1,3.242012338039447,True
NS(=O)(=O)c1ccc(Nc2cc(-c3ccc(N=NSc4cccc(O)c4)cc3)[nH]n2)cc1,3.107341146382231,True
CC(C)CCNC(=O)c1ccc2[nH]c(O)c(-c3ccc(S(N)(=O)=O)cc3)c2c1,3.3202641461184945,True
CC(C)(C)NC(=O)c1cc2cnc(Nc3ccc(CN4CC(O)C4)cn3)nc2n1C1CCCC1,3.0592811247088796,True
C=C(C)c1cc(C(=O)c2ccc(Nc3ncc(F)c(-c4cnc(C)n4C(C)C)n3)cc2)ccn1,2.9746920849055933,True
CC(C)c1cc(NCc2ccc(S(N)(=O)=O)cc2)ccn1,2.9914879240939602,True
C[C@H](O)[C@@H](C)Nc1nc(Nc2ccc(S(=N)(=O)CCO)cc2)ncc1Br,2.9880597383586576,True
CCC(=O)Nc1[nH]nc2ccc(N3CCCCS3(=O)=O)cc12,2.943521360547599,True
CON(C)C(=O)c1ccc(C(=O)Nc2ccccc2C)cc1,3.5413326587599756,False
Cc1ccccc1NC(=O)CNC(=O)c1ccccc1C,3.3220267909816754,True
Fc1ccc(Nc2cc(Nc3ccc4c(n3)CCNC4)ncn2)c(F)c1,2.999950332922195,True
CC(c1ccc(Nc2ncc3c(n2)-c2c(c(C(N)=O)nn2C)CC3)cc1)N1CCN(N2CCN(C)CC2)CC1,2.6555959783069474,True
CN1CCN(c2cccc3[nH]c(-n4c(O)ccc4O)nc23)CC1,3.259928986956622,True
CCCCN(C)C(=O)c1cc(-c2c(Cl)ccc3c2OCO3)nc(N)n1,3.315801863803089,True
CC(=Cc1cnco1)c1ccc2[nH]c(O)c(N=NN=Nc3ccc(S(N)(=O)=O)cc3)c2c1,3.4671365707165354,True
C[C@@H](Nc1nc(Nc2ccc(S(=O)(=O)ON)cc2)ncc1Br)c1ncc(Br)c(N[C@H](C)[C@@H](C)O)n1,3.1362874549377686,True
CCN1CCN(c2ccc(NC(=O)C3CC3)cc2)CC1,4.3102598529555065,False
O=C1C=CCN1N1CCCc2cnc(Nc3ccccc3)nc2C1,2.9073193838998903,True
O=S1(=O)CCCN1c1ccc2n[nH]c(NC3CCCC3)c2c1,2.7687480925501333,True
ON=C(O)CCCn1cc(CNC2CCCCC2)c(-c2ccccc2)n1,4.872122432780197,False
c1ccc(CN2CCC(Nc3ccccc3)CC2)cc1,6.717903839740486,False
CC(C)n1cnc2c(N[C@H]3CC[C@H](N)CC3)nc(NCC(O)C(F)(F)F)nc21,3.341766598672023,True
C=CC(=O)N1C=CC(c2ncnc(Nc3cccc(C[S@](C)(=N)=O)c3)n2)CC1,2.931437360749843,True
CN(C)C[C@@H](OC(=O)N1Cc2c(NC(=O)C(C)(C)C)n[nH]c2C1(C)C)c1ccccc1,2.955593679787539,True
COCS(=N)(=O)Nc1ccc2[nH]c(O)c(N=Nc3ccc(C(=O)c4ccc(S(N)(=O)=O)cc4)cc3)c2c1,2.861917189577643,True
C[C@@H]([C@@H](C)S(=O)(=O)c1ccc(Nc2ncc(C(F)(F)F)c(O[C@H](C)[C@@H](C)O)n2)cc1)[C@@H](C)O,2.9563521441127474,True
CNCCN1CCc2nc(Nc3ncc(F)c(-c4cc(F)c5nc(C)n(C(C)(C)C)c5c4)n3)ccc2C1,3.0706259948095247,True
CC(C)c1ccc(OC(=O)NCc2ccccc2)cc1,4.510255203422535,False
C[C@@H]1CN(c2ccc(Nc3ncc4cc5n(c4n3)C3(CCCCC3)CNC5=O)nc2)C[C@H](C)N1,4.218993837397734,False
CNC(=O)c1ccc(N(C)C(=O)c2ccccc2)cc1,3.3652629912088643,True
C#CCN(c1ccnc(Nc2ccc(OCC(O)CN(C)C)cc2)n1)c1cc(Cl)ccc1Cl,3.1771433710174297,True
CN1CCN(c2ccc(Nc3ccc(Cl)cc3)nc2)CC1(C)C,3.1853506871300703,True
NS(=O)(=O)c1ccc(-c2cccc(CC3CC3)c2)cc1,12.289571310668242,False
COc1ccc(N(C)C(=O)Cc2ccc(C(=O)O)cc2)cc1,3.540611387882051,False
Cc1ncc(-c2ccc(NC(=O)N3CC=NCC3)cc2)n1C(C)C,3.9549348920051783,False
O=C(c1ccccc1)N1CCN(C(=O)c2ccc3c(n2)CCNC3)CC1,3.9173746310507513,False
COc1ccc(C(=O)NC(=O)Cc2ccccc2)cc1,3.392795602449403,True
Cc1nc(C(C)C)nc(-c2ccc(S(N)(=O)=O)cc2)c1F,4.425536916578599,False
CC(C)CNc1[nH]nc2ccc(N3CCCS3(=O)=O)cc12,2.983763563019027,True
CCN(CC)C1CCN(c2ccc(Nc3ncc4cc5n(c4n3)C3(CCCCC3)CNC5=O)nc2)C1,3.8977269016697402,False
Cc1ncc(-c2nc(NC(C)(C)C)ncc2F)n1C(C)C,3.5198558209108537,False
NS(=O)(=O)c1ccc(N=Nc2c(O)[nH]c3cccc(OCCc4ccncc4)c23)cc1,4.319037276986622,False
C[C@H]([C@@H](C)O)[C@@H](C)Oc1nc(Nc2ccc(-c3ccc(S(=N)(=O)C4CC4)cc3)cc2)ncc1C(F)(F)F,2.6291099254310377,True
COc1ccccc1C(=O)c1ccc2nc(N)c(C(=O)c3c(F)cccc3F)n2c1,4.713325471469159,False
COc1ccc2cc(Nc3cc(C4CC[C@@H](OC(=O)N(C)C(C)C)C4)[nH]n3)[nH]c2c1,2.741317931214843,True
CC(C)CNc1ncc2c(n1)CN(C(=O)C(C)C)CC2,2.858987408156954,True
C=CNC(=O)N1CCC(Nc2ccc3c(C(F)(F)F)[nH]nc3n2)CC1,2.9466750754027893,True
O=C(CNC(=O)c1ccsc1)NCc1cccc(Cl)c1,3.0463740742069083,True
Cc1ncc(-c2ccnc(Nc3ccncc3)n2)n1C(C)C,3.0438524931408897,True
CC(C)c1cnn2c(Nc3ccc(S(=O)(=O)N(C)C)cc3)cc(OCN3CCN(C)CC3)nc12,2.9570534320502246,True
C[C@@H](O)[C@@H](C)Nc1nc(Nc2nc(Nc3ccc(S(=O)(=O)ON)cc3)ncc2Br)ncc1Br,3.144080469708125,True
CC(C)C1CN(c2ccc(Nc3ncc4cc5n(c4n3)C3(CCCCC3)CNC5=O)nc2)CCN1,3.9123821387998485,False
O=C(c1cccc(Cc2ccccc2)c1)N1CCCNCCC1,6.693761423893147,False
C=C(C=CCC[C@H](N)CNc1nnc(C2CCC(N)CC2)s1)C(F)(F)F,2.882535689284699,True
O=C(c1ccc(Cl)cc1)N1CCN(Nc2ccccc2Cl)CC1,3.0384476299584366,True
Cc1ccc(CC(=O)Nc2[nH]nc3ccc(N4CCCS4(=O)=O)cc23)cc1,3.126059020556071,True
Oc1ccc(N2CCC(O)CC2)cc1-c1ccccc1,2.8889717894088163,True
CCC=Nc1c(C#N)c2n(c1C(=O)Nc1ccccc1)CCC2,4.157278436669836,False
Cc1ccc(CNC(=O)c2ccc(N3CCN(C)CC3)cc2)cc1,3.2776102574894437,True
C=CC(=O)Nc1ccc(NC2CCCC(Nc3ncc(NC)s3)C2)cc1,3.262750986514296,True
COc1cccc(NC(=O)N2CCN(c3ccccc3)CC2)c1,2.9968386676629817,True
O=C1NCC2(CCCCC2)n2c1cc1cnc(Nc3ccc(C(=O)N4CCNCC4)cn3)nc12,3.911990414098691,False
O=C(O)c1ccc2[nH]c(O)c(C=c3[nH]cc4c3=CCOC4=O)c2c1,5.094277083159106,False
CN1CCN(c2ccc(Nc3ccccc3F)cc2)CC1,3.108524569631063,True
NS(=O)(=O)c1ccc(CCCc2ccc(F)cc2)cc1,12.320492563205415,False
C=CC(=O)Nc1cccc(C(=O)N2CCCC(Nc3ncc(SCc4ncc(C(C)(C)C)o4)s3)C2)c1,3.305781904481909,True
COc1ccc(Nc2ccc(N3CCN(C)CC3)nc2)cc1,3.2801003033443994,True
CC(C)=CNc1ccc(Nc2ncc(F)c(-c3cnc(C)n3C(C)C)n2)cc1,3.0444894481669724,True
CN[C@H]1CCN(C(=O)c2ccc(Nc3nccc(-c4cnc(C)n4C(C)C)n3)cc2)C1,3.0564499014379423,True
CN(C)CC(=O)Nc1cc(-c2ccccc2)ccc1F,7.561016003157242,False
Cc1ccccc1-c1ccc(C(=O)N2CCN(C)CC2)cc1C(=O)O,2.802671761016619,True
CN(C)C(=O)c1cccc(-c2ccc(C(=O)N3CCCC3)cc2)c1,5.912512241002127,False
CC(=O)Nc1ccc(-c2ccc(CN(C)C)cc2)cc1,4.472736298956151,False
O=c1[nH]cc(-c2cccc3cccnc23)c2sc(-c3ccncc3)cc12,3.244394704717658,True
CC(C)=CNNS[C@H](NC(=O)c1ccc(Nc2ncc(F)c(-c3cnc(C)n3C(C)C)n2)cc1)[C@@H](C)O,3.178639646137951,True
COCc1ccc(-c2ccc(C(=O)N3CCCNCC3)cc2)cc1,4.3325240911043945,False
Cc1ccccc1NC(=O)CNc1ccc(S(C)(=O)=O)cc1,3.72952195328034,False
Cc1nc2c(F)cc(-c3nc(Nc4ccc5c(n4)CCN(CC(=O)O)C5)ncc3F)cc2n1C(C)C,2.8133499604564034,True
CC(C)C(=O)N1CCc2cnc(NC3CCOCC3)nc2C1,2.880581538509193,True
CN1CCC(c2ccc(Nc3cccc(CN4CCOCC4)c3)cc2)OC1,3.3123168628620063,True
C[C@@H](O)[C@@H](C)Oc1nc(Nc2ccc(S(C)(=O)=O)cc2)ncc1C(F)(F)F,3.024840656960298,True
Cc1nc2c(F)cc(-c3nc(Nc4ccc5c(n4)CCN(C(C)CN(C)C)C5)ncc3F)cc2n1C(C)(C)C,2.9774205279066672,True
CC[C@@H](CO)Nc1nc(NCc2ccc(NC(=O)C3CCN(C(C)=O)CC3)cc2)n2ncc(C(C)C)c2n1,3.1579488596239207,True
COc1ccc(NC(=O)Cc2cccc(OC)c2)cc1,3.194175636999315,True
CCOc1nc(Nc2ccc(S(=N)(=O)CC)cc2)ncc1Br,3.149841900794386,True
CCS(=N)(=O)Cc1cc(F)cc(Nc2ncc(F)c(-c3ccc(F)cc3OC)n2)c1,3.0070833044663097,True
C=C(C)CCN(C)C(=O)c1ccc(Nc2ncc(F)c(-c3cnc(C)n3C(C)C)n2)cc1,3.044769120967959,True
C=Cc1ccc(C(=O)Nc2ccc(N3CCOCC3)cc2)cc1,3.562181775260775,False
CC(C)(C)OC(=O)N1CCN(c2ccc(NCCc3cccc4ccccc34)nn2)CC1,4.416947588550264,False
CN[C@H]1CCN(C(=O)c2ccc(Nc3ncc(F)c(-c4cnc(C)n4C(C)C)n3)cc2)C1,3.1608679187843323,True
Cc1ncc(-c2nc(NC(=O)C3CCN(C)CC3)ncc2F)n1C(C)C,3.13067884012398,True
CN1CCN(C[C@H](N)CNc2ncc(-c3ccc4cnc(S)cc4c3)s2)CC1,4.133702819506991,False
CC(C)(C)Nc1ccc(N2CCN(C(=O)c3ccsc3)CC2)cn1,3.892749285530735,False
CCC(=O)Nc1ncc2c(n1)CN(c1ccc(C(C)C)cc1)CC2,4.410405990382293,False
CC(C)c1ccc(NC(=O)c2ccc(S(N)(=O)=O)cc2)cc1,3.3023350829375246,True
NS(=O)(=O)c1ccc(-c2ccc(-c3ccc(Nc4cc(-c5cccc(O)c5)[nH]n4)cc3)cc2)cc1,2.9776264036980806,True
COc1ccc(OCC(=O)Nc2cccc(C)c2)cc1,3.344067134493571,True
CN1CCN(c2cccc(-c3ccc(C(=O)O)cc3)c2F)CC1,3.414571422594642,True
CC(C)(C)c1cnc(CSc2cnc(NC(=O)C3CCNCC3)s2)o1,3.6261616069888545,False
COC(=O)OC(=O)c1ccc2[nH]c(O)c(N=NN=Nc3ccc(N=Nc4ccc(S(N)(=O)=O)cc4)cc3)c2c1,3.062895525479115,True
Cc1cc(CN2CCCNCC2)nc(-c2ccccc2)n1,4.320116433616115,False
COc1c(O)ccc2c1cc1c3c(cc4c(c32)OCO4)C(=O)N1,2.9910033433615535,True
Cc1cccc(C(=O)N2CCN(C(=O)c3ccccc3)CC2)c1,4.013710253618214,False
CCCNc1ncc(F)c(-c2cnc(C)n2C(C)C)n1,2.9613610046733565,True
CN1CCN(c2ccc(NC(=O)c3ccccc3)nc2)CC1,3.2078029864690896,True
Cc1ncc(-c2cccc(NN3CCCCC3)n2)n1C(C)C,3.0495104525152916,True
CC(C)C(=O)Nc1ccc(-c2ccc(NN3CC=NCC3)cc2)cc1,4.8533675937435445,False
COC(=O)Nc1ccc(CNc2nc(NC3CCOCC3)nc3c(C(C)C)cnn23)cc1,3.266537463431274,True
COCCNS(=O)(=O)c1ccc(Nc2nccc(-c3cnc(C)n3C)n2)cc1,3.241045201782906,True
O=C(Nc1ccc(CN2CCCCC2)cc1)c1cccc(Cl)c1,3.7502198602215326,False
C(=Cc1nccc(N2CCCNCCC2)n1)c1ccccn1,3.740132751654682,False
COc1cc(N2Cc3[nH]nc(-c4ccccc4C)c3C2)cc(OC)c1OC,4.404748914523956,False
Cc1nc(C(C)C)ccc1-c1ccc(S(N)(=O)=O)cc1,5.190319258003309,False
COSc1ccc(NC(=O)N2CCN(c3[nH]c4ccccc4c3O)CC2)cc1,2.7169221556754275,True
O=c1[nH]c(O)c(C=NCc2ccn(-c3ccoc3)c(=O)c2)c2cc(I)ccc12,3.9269971988785417,False
Cc1c([N+](=O)[O-])ccc2[nH]c(O)c(N=Nc3ccc(S(N)(=O)=O)cc3)c12,3.0874876517971748,True
CC(=O)NC1CN(c2ccc(Nc3ncc(F)c(-c4cnc(C)n4C(C)C)n3)cc2)C1,3.630993527947968,False
CS(=O)(=O)c1ccc(Sc2ccc(S(N)(=O)=O)cc2)cc1,5.88008044162663,False
COS(=O)(=S)c1ccc(Nc2ncc(Br)c(N[C@H](C)[C@@H](C)O)n2)cc1,2.9820103956894637,True
CC(=O)N1CCC(n2cc(CNc3nc(NCCO)nc4c3ncn4C(C)C)c(C)n2)CC1,2.867489668682355,True
C[C@@H](Nc1nc(Nc2ccc(S(=N)(=O)CCO)cc2)ncc1Br)C(C)(C)O,3.1387846374034636,True
CCN(Cc1ccc(N=Cc2ccc(F)cc2OC)cc1)C(C)=N,3.9366558142667225,False
CC(=O)c1c(C)c2cnc(Nc3ccc(N4CCNCC4)cc3)nc2n(C2CCCC2)c1=O,3.217090766515613,True
Cc1ncc(-c2ccnc(-c3ccnc(Nc4ccc(C(=O)SNC(N)=O)cc4)n3)n2)n1C(C)C,3.196016583186018,True
Nc1nccc(-c2cc(N3C[C@H](O)[C@@H](O)C3)ccc2O)n1,3.5936705469477888,False
c1ccc(Nc2nccc(-c3cnn4ncccc34)n2)cc1,3.0624108150279232,True
CC(C)(C)C(=O)Nc1[nH]nc2ccc(Nc3ccc(S(C)(=O)=O)cc3)cc12,3.4417998198617004,True
CC[C@H](Nc1nc(NCc2ccccc2)c2ncn(C(C)C)c2n1)[C@@H](C)O,2.8315370384298424,True
O=C(Nc1c[nH]nc1-c1nc2cc(CN3CCOCC3)ccc2[nH]1)SC(=O)C1CC1,3.041493383191874,True
O=C(Nc1ccccc1)N1CCN(c2ccccc2)CC1,3.585388960768409,False
CC(C)c1cccc(C(C)c2ccc(S(N)(=O)=O)cc2)c1,5.673153091535613,False
c1ccc(-c2cccc3nc(-c4cncnc4)nc(NCc4ccccn4)c23)cc1,3.122070627003817,True
Cc1nc2c(F)cc(-c3nc(Nc4ccc5c(n4)CCN(CCN(C)C(N)=S)C5)ncc3F)cc2n1C(C)C,2.697815783184616,True
Cc1ncc(-c2nc(Nc3ccc(C(=O)N(C)C)cc3)ncc2F)n1C(C)C,3.111595410717784,True
NS(=O)(=O)c1cccc(Nc2cc(-c3ccc(F)cc3)[nH]n2)c1,3.058503719141115,True
O=c1cc(CN=Cc2c(=O)[nH]c(O)c3ccc(Br)cc23)cc[nH]1,2.8731011120390404,True
CCNC(=O)N1CCC(Nc2ncc(Cl)c(-n3ccc4ccccc43)n2)CC1,2.9640516189837216,True
CCN1CCN(c2ccc(NC(=O)c3ccc(OC)cc3)cc2)CC1,3.619188997551801,False
CC(C)c1cccc2[nH]c(O)c(N=Nc3ccc(S(N)(=O)=O)cc3)c12,8.618293566594268,False
CNC(=O)c1ccc(N2CCN(C(=O)c3ccccc3)CC2)cc1,4.17969735746501,False
COc1ccc(C(=O)Nc2cc(OC)ccc2F)cc1,3.332093786195103,True
CC(=N)C(=O)c1ccc(Nc2ncc(F)c(-c3cnc(C)n3C(C)C)n2)cc1F,2.9805256247850043,True
O=C(O)N1CCN(c2ccc(-c3ccccc3)cc2)CC1,4.021706851574349,False
CC(=O)NCc1ccc(C(=O)Nc2cc(C)ccc2F)cc1,3.2350072642886007,True
NS(=O)(=O)c1ccc(N=NC(=O)Cc2c(=O)[nH]c3ccc4[nH]cccc4c23)cc1,3.4502563672863484,True
CNS(=O)(=O)c1cc(Nc2nccc(-c3ccnc(C(=O)N(C)C)c3)n2)ccc1Cl,2.8335980660637143,True
CC(C)c1ccc(NC(=O)c2cccc(S(N)(=O)=O)c2)cc1,3.5235804233761994,False
CC(C)OCc1cccc(-c2ccc(S(N)(=O)=O)cc2)c1,3.406715280148899,True
COc1nn(C2CCN(C(C)=O)CC2)cc1Nc1ncc(Cl)c(-c2cnn3ccccc23)n1,3.1623418537533268,True
CCNC(=O)N(CC)CCCc1nc(NS(=O)(=O)c2ccccc2)ncc1F,2.796149674105453,True
CN1CCN(Cc2ccc(Cc3ccc(N)nc3)cc2)CC1,5.131963561834791,False
CC(=O)N(C)C(=O)c1cccc(Nc2ccccc2)c1,3.021923228674085,True
NS(=O)(=O)c1ccc(Nc2ccc(CC3CC3)cc2)cc1,3.199377126879543,True
Cc1ncc(CC(=O)NC(=O)c2ccccc2F)n1C(C)C,3.5964796676750446,False
CC(C)c1ccc2c(n1)CCN(C(=O)[C@H]1CC[C@H](N)CC1)C2,4.807291961177308,False
COc1cccc(C(=O)N2CCN(c3ccc(O)cc3)CC2)c1,3.4476026453174686,True
C=C(C)c1ccc(-c2ccc(S(N)(=O)=O)cc2)c(F)c1,12.400742880972897,False
C=CC(=C1CNC(c2ccc(CN3CCOCC3)cc2)=N1)c1ccc(N2CCNCC2)cc1,4.900398861317318,False
CN(C)C(=O)c1ccc(Nc2ccc(N3CCCC3=O)cc2)cc1,3.5056120720924047,False
COc1ccc2[nH]c(O)c(-c3ccc4[nH]c(O)c(N=Nc5ccc(S(N)(=O)=O)cc5)c4c3)c2c1,3.4332378303869353,True
C=C(C)OC(=O)C(=O)c1ccc(Nc2ncc(F)c(-c3ncc(F)c(-c4cnc(C)n4C(C)C)n3)n2)cc1F,3.32696107581679,True
Cc1ncc(-c2ccnc(NC(=O)C3CC3)n2)n1C(C)C,3.209937226800546,True
CC(C)S(=O)(=O)S(=O)(=O)c1ccc(Nc2ncc(C(F)(F)F)c(O[C@H](C)O[C@H](C)[C@@H](C)O)n2)cc1,2.953752359288103,True
CC(C)N1CCN(Cc2ccc(-c3ccc(S(N)(=O)=O)cc3)cc2)CC1,2.886923275738372,True
CC(C)c1c2cc(-c3ccnc(Nc4ccc5c(N6CCN(C)CC6)ncnc5c4)n3)ccc2nn1C,2.9458542054894754,True
CN=Cc1ccc2[nH]c(O)c(N=NC(=O)c3ccc(N=Nc4ccc(S(N)(=O)=O)cc4)cc3)c2c1,3.4449274302951607,True
O=C(Cc1ccc(N2CCOCC2)cc1)Nc1ccccc1,5.4406772556364675,False
O=C(Nc1ccc(F)cc1)c1ccc(N2CCCC2)cc1,3.2395132350401052,True
CNC(=O)NCc1ccc(-c2cnc(C)n2C(C)C)cc1F,3.0227462678829022,True
C[C@@H](Oc1nc(Nc2ccc(S(=O)(=O)S)cc2)ncc1C(F)(F)F)[C@H](C)S(=O)(=O)S(=O)(=O)[C@@H](C)O,2.529012850896569,True
CCCN(C)[C@H]1CCN(C(=O)c2ccc(Nc3nccc(-c4cnc(C)n4C(C)C)n3)cc2)C1,3.2121446106923637,True
Nc1nccc(-c2c[nH]c3ncc(-c4ccc(F)cc4)cc23)n1,3.1315826669593143,True
COc1cc(-c2cc(N3CCCNCC3)cnn2)ccn1,3.9229872546313502,False
COc1c(O)cc(O)c2c(=O)cc(-c3ccccc3)oc12,3.420518820296125,True
O=C(Nc1[nH]nc2cc(-c3ccco3)ccc12)C1CC1,4.511485564644974,False
COc1ccc(Nc2ccc(C(=O)N3CCN(C)CC3)cc2)cc1,2.851732981890136,True
CN1CCN(CCC(=O)NS(=O)(=O)c2ccc(Nc3nc(N)n(C(=O)c4c(F)cccc4F)n3)cc2)CC1,2.9109352448998242,True
CC(C)n1c(Nc2ccc(N3CCN(C)C(C)(C)C3)cn2)cnc1C1CC1,4.043669867830462,False
COc1cc(F)ccc1C(=O)Nc1ccc(C(C)C)cc1,3.4981517977354826,True
Cc1ncc(-c2ccnc(Nc3ccc(Nc4ccc(F)cc4)cc3)n2)n1C(C)C,2.9623141291902235,True
CC(C)Oc1ccc(-c2ccc(S(N)(=O)=O)cc2)cc1,3.4890093149775385,True
CCn1c(C)nc2c(F)cc(-c3cc(NCc4cccnc4)n4nccc4n3)cc21,3.0736266852043057,True
C[C@@H](Oc1nc(Nc2ccc(S(C)(=N)=O)cc2)ncc1C(F)(F)F)O[C@H](C)[C@H](O)S,2.9833727557916756,True
O=C(Nc1ccc(C(=O)N2CCCC2)cc1)c1ccccc1,3.868782495824761,False
Cc1cccc(C)c1NCc1ccc(N2CCN(C)CC2)cc1,3.3744180238968577,True
CC(=O)Nc1ccc(CNc2nc(N3CCC[C@@H]3CO)nc3c(C(C)C)cnn23)cc1,3.755169237198237,False
Cc1ncc(-c2ccnc(Nc3ccc(S(=O)(=O)ON)cc3)n2)n1C(C)C,3.05048881328878,True
Cc1cc(-c2ccc(S(N)(=O)=O)cc2)ccc1C(C)C,12.173445896704843,False
CC(C)COc1cc(Nc2ccc(S(C)(=O)=O)cc2)n2ncc(C(C)C)c2n1,3.7114521416825523,False
NS(=O)(=O)c1ccc(Nc2cc(-c3ccc(N=N[SH](=O)O)cc3)[nH]n2)cc1,3.018864687262417,True
Cc1nc2c(F)cc(-c3nc(Nc4ccc5c(n4)CCN(C(=O)CN(C)C)C5)ncc3F)cc2n1C1CCC1,2.8049998217468812,True
COc1ccc(CN=Cc2c(=O)[nH]c(O)c3ccc(I)cc23)cc1O,2.7590219281477246,True
CC(=Cc1c(=O)[nH]c2ccc3[nH]cccc3c12)N=Nc1ccc(S(N)(=O)=O)cc1,3.052826395326142,True
Cc1ccccc1NC(=O)Cc1ccc(N2CCCNC2)cc1,3.593414253881673,False
CCC1CCN(c2ccc(-c3n[nH]c4c3CN(CC)C4)cc2)CC1,3.2479365757354293,True
NS(=O)(=O)c1ccc(-c2ccnc(NC(=O)CC3CC3)n2)cc1,3.127463189231809,True
CC(C)=NC(=O)c1ccc(Nc2ccc(Nc3ncc(F)c(-c4cnc(C)n4C(C)C)n3)cc2)cc1F,3.0528586603378782,True
COc1ccc(-c2ccc(N3CCNCC3)cc2)cc1,5.104948677508912,False
Cn1nc(C(N)=O)c2c1-c1nc(Nc3ccccc3)ncc1CC2,5.36841699200053,False
CCc1cnn2c(NCc3ccc[n+]([O-])c3)cc(N3CCCC[C@@H]3CCO)nc12,2.9815876643157746,True
O=C(Nc1ccc(C(=O)NC2CC2)cc1)c1ccccc1,3.2980638259439456,True
CN1CCN(c2ccc(Nc3ccncc3)cc2Cl)CC1,3.212862586541789,True
Cc1ncc(-c2nc(Nc3ccc(C(N)=O)cc3)ncc2F)n1C(C)C,3.093561862966375,True
COc1cc(F)ccc1-c1ccnc(C(=O)Nc2cc(C(C)C)[nH]n2)n1,3.380481622491091,True
Cc1ccccc1NC(=O)c1ccc(S(C)(=O)=O)cc1,3.2385606370732063,True
COc1cc(F)ccc1-c1ccc(CN2CCCNCC2)cc1,5.887657174122833,False
CN(C)C(=O)c1cccc(-c2cnc(N)c(-c3nc4cccc(N5CCNCC5)c4n3C)n2)c1,3.1086366786744306,True
CNC(=O)c1ccc(-c2cnc(C)n2C(C)C)cc1C,3.8200374343715517,False
CC[C@@H](NC(=O)c1ccc(Nc2ncc(F)c(-c3cnc(C)n3C(C)C)n2)cc1)SC=C(C)C,3.0480086942133204,True
CCc1ccc(CC(=O)NC(=O)c2ccc(S(N)(=O)=O)cc2)cc1,2.9593413118462775,True
C[C@H](O[C@H](C)[C@@H](C)O[C@@H](C)O)S(=N)(=O)c1ccc(Nc2ncc(C(F)(F)F)c(O[C@H](C)[C@H](C)[S@@H](C)O)n2)cc1,2.9206206532173997,True
COc1c(C)cccc1N1CCN(C(=O)c2ccsc2)CC1,3.9718855723698834,False
Cc1ccccc1Nc1ccc(C(=O)N2CCN(C)CC2)cc1F,3.3570851940336595,True
CC(=O)N1CCc2cc(C(=O)Nc3ncc(F)c(C(C)(C)C)n3)ccc2C1,4.94440896366796,False
N#Cc1ccc2ccn(-c3cccc(N)n3)c2c1,4.871605587483452,False
CN1CCC(c2ccc(-c3ccc(S(N)(=O)=O)cc3)cc2)CC1,4.464929674698141,False
Cc1ncc(-c2nc(Nc3ccc(Nc4ccc(C(=O)NCCN(C)O)c(F)c4)cc3)ncc2F)n1C(C)C,3.142925547956877,True
CCNC(=O)c1ccc(-c2ccc(C(=O)O)cc2)cc1,2.81786124569681,True
CN(C)C(=O)c1ccc(NC(=O)c2ccccc2Cl)cc1,3.7596906787660025,False
Cn1cc(CCNc2ccc([N+](=O)[O-])cc2C(=O)O)c2ccc(F)cc21,3.6241988080126046,False
CN1CCC(Oc2ccc(-c3ccc(S(N)(=O)=O)cc3)cc2)CC1,2.946950457676544,True
CN1CCN(c2ccc(Nc3ccc(NNc4ncc5c(n4)-c4c(c(C(N)=O)nn4C)CC5)cc3)cc2)CC1,3.18010330020898,True
Cc1ccc(CC(=O)Nc2ccc(N3CCCN(C)CC3)cc2)cc1,4.976183376846154,False
CC(C)c1cnn2c(Nc3ccc(S(N)(=O)=O)cc3)nc(N3CCC[C@@H]3CO)nc12,2.9157834281715784,True
CNC(=O)c1nn(C)c2c1C(C)(C)Cc1cnc(Nc3cccc(CN4CCOCC4)c3)nc1-2,2.9020630592735293,True
COc1cc(N2CCN(C(C)=O)CC2)ccc1-c1ccc(NC2CCCC2)nc1,3.1935744863710305,True
O=C(Cc1ccc(C(F)(F)F)cc1)Nc1ccccc1,3.7616210601282045,False
CC(=CN(C)c1ccc(Nc2nccc(-c3cnc(C)n3C(C)C)n2)cc1F)C(N)O,2.993002839958558,True
NS(=O)(=O)c1ccc(N=NOc2c(O)[nH]c3ccc(-c4c(O)[nH]c5ccc(-c6cnco6)cc45)cc23)cc1,3.758104043264368,False
COc1ccccc1NC(=O)c1ccc(C(N)=O)cc1,5.0020177928512,False
CNC(=O)c1ccc(N(C)C(=O)c2ccccc2C)cc1,6.880677946249185,False
CC1=C(c2ccc(-c3ccc(S(N)(=O)=O)cc3)cc2)C(=O)CC1,3.0302225990840954,True
COc1ccc(NCc2ccc(S(N)(=O)=O)cc2)cc1,3.0280292270716322,True
CC(C)=NC(=O)N(C)C(=O)c1ccc(Nc2ncc(F)c(-c3cnc(C)n3C(C)C)n2)cc1,3.047747528913777,True
CN1CCN(C(=O)c2ccc(Nc3ccccc3)cc2)CC1,2.9349495736724376,True
O=C1CCCCN1c1ccc(NCc2ccccc2)cc1,2.878223931524441,True
COc1cc(N2CCN(CCO)CC2)ccc1Nc1ncc(C)c(C(F)(F)C(F)(F)F)n1,3.2903206530671225,True
Cc1cccc(NC(=O)CNC(=O)c2ccccc2)c1,3.117150942768099,True
CC(C)(C)c1ccc(-c2ccc(S(N)(=O)=O)cc2)cc1,12.49518855399949,False
CC(C)Oc1cccc2[nH]c(O)c(N=Nc3ccc(S(N)(=O)=O)cc3)c12,3.986983947798143,False
Cc1ncc(-c2ccnc(Nc3ccc(S(=O)(=O)CCCN4CCOCC4)cc3)n2)n1C(C)C,3.154008243489543,True
CCS(=N)(=O)c1ccc(Nc2ncc(Br)c(N[C@H](C)[C@H](C)O)n2)cc1,3.109370032659351,True
CC(C)Oc1nc(Nc2ccc(S(=O)(=O)[C@H](C)O[C@H](C)[C@@H](C)O)cc2)ncc1C(F)(F)F,2.958097699535972,True
CC(=O)C(=O)C(=O)c1ccc(-c2ccc(Nc3ncc(F)c(-c4cnc(C)n4C(C)C)n3)cc2)cc1,3.3231564814194314,True
Cc1ccc(N(C)C(=O)Cc2ccc(C(=O)O)cc2)cc1,6.1503857602592715,False
O=C(NC1CCCCC1)c1ccc(CN2CCCCC2)cc1,3.229237371268951,True
CNC(=O)c1cccc(-c2ccc(C(=O)N(C)C)cc2)c1,3.356610641703927,True
CN1CCC(c2ccc(Oc3ccccc3)c(O)c2)CC1,3.151873252527773,True
Oc1ccc(-c2nccc(Nc3cnc4ccccc4c3)n2)cc1O,3.1184872935447387,True
CC(C)(C)c1ccc(NCc2ccc(S(N)(=O)=O)cc2)cc1,3.074901299228974,True
COc1ccc(CNC(=O)c2ccc(F)cc2OC)cc1,3.78800805173379,False
COc1ccc(CNC(=O)c2ccc(OC)cc2)cc1,3.0357419192019597,True
O=C(NCc1cccc(Cl)c1)c1cc(N2C[C@H](O)[C@@H](O)C2)ccc1CO,2.88625501298829,True
CNS(=O)(=O)c1ccc2[nH]c(O)c(C=c3[nH]cc4c3=CCNC4=O)c2c1,2.883767674414844,True
Cc1ccc(Nc2ccc(N3CCCC3=O)cc2)cc1,3.227830385878412,True
CNC(=O)N=S(C)(=O)Cc1cccc(Nc2ncc(F)c(-c3ccc(F)cc3OC)n2)c1,3.11549418230881,True
Cc1ncc(-c2nc(NN3CCOCN(C)CC3)ncc2F)n1C(C)C,3.1456687683225706,True
NC(=O)c1ccc(Cc2ccc(C(=O)N3CCCCC3)cc2)cc1,6.377384181621807,False
CSn1cnc(-c2cc(NC[C@H]3CCNC[C@@H]3O)nc3c(C(C)C)cnn23)c1,4.975260596189911,False
Cc1ncc(-c2ccnc(Nc3ccc(N4CCN(S(=O)(=O)CCN(C)C)CC4)cc3)n2)n1C(C)C,3.1190097787599202,True
CC(C)NC(=O)N1CCCCc2nc(-c3ccc(S(N)(=O)=O)cc3)ccc2C1,5.87817599260178,False
Cc1ncc(-c2nc(NC3CC3)ncc2F)n1C(C)C,3.122776649073709,True
NS(=O)(=O)c1ccc(N=Nc2c(=O)[nH]c3ccc4[nH]cccc4c23)cc1,2.8052698622414214,True
NS(=O)(=O)c1ccc(-c2ccc(N3CCCCC3)cc2)cc1,3.094878511347413,True
N#Cc1cnn2c(NC3CC3)cc([C@@H](N)Cc3cccc(Cl)c3)nc12,2.993431141683403,True
CN(C)C(=O)c1cccc(C(=O)Nc2ccc(C(=O)N3CCCC3)cc2)c1,3.373138597804723,True
CC(C)c1nc(Cc2ccc(S(N)(=O)=O)cc2)ncc1F,3.1827167640240943,True
CNS(=O)(=O)Cc1ccc(N=Nc2c(O)[nH]c3ccc4ncsc4c23)cc1,2.727301596816896,True
NS(=O)(=O)c1ccc(N=Nc2c(O)[nH]c3ccc(C(=O)NCc4ccncc4)cc23)cc1,3.2682401992509718,True
C[C@@H](O)[C@@H](C)Nc1nc(Nc2ccc(Nc3ccc(S(=O)(=O)S[SH](C)(=N)O)cc3)cc2)ncc1Br,2.714819146830965,True
C=C(C)C(=O)NCNC(=O)c1ccc(Nc2ncc(F)c(-c3cnc(C)n3C(C)C)n2)cc1F,3.0501183583592333,True
C=C(C)c1ccc(Nc2ncc3c(n2)CN(C(=O)O)CCC3)cc1,3.1092232148882486,True
C[C@@H](Oc1nc(Nc2ccc(NNc3ccc(S(=O)(=O)[SH](=O)O)cc3)cc2)ncc1C(F)(F)F)C(C)(C)O,3.0160256961770067,True
CC(=O)N1CCC(n2cc(Nc3ncc(Cl)c(-c4ccc(C#N)cc4)n3)c(C)n2)CC1,2.7615287432869517,True
COc1cccc(NC(=O)c2ccnc(CC3CCC(N)CC3)n2)c1,3.433586754401293,True
OCCOc1cccc(-c2ccc(C(F)(F)F)cc2)c1,3.082744394204618,True
NS(=O)(=O)c1ccc(N=NC(=O)CSN=Nc2c(=O)[nH]c3ccc4[nH]cccc4c23)cc1,3.268440912728881,True
CC[C@H](Nc1nc(Nc2ccc[nH]2)c2ncn(C(C)C)c2n1)C(=O)C(C)(C)C,3.2331755287951793,True
CC(=O)N1CCN(c2cccc(CC3CCC(N)CC3)c2)COC1,7.039988210217407,False
CN1CCN(C(=O)c2cccc(-c3ccnc(CCO)c3)c2)CC1,4.384526770359606,False
CC(C)c1nc(-c2ccc(OC3CCC3)nc2)nc(N)c1C(C)C,2.866817224728493,True
COc1c(C)cccc1C(=O)NC(=O)c1ccc(Cl)cc1,3.3125897723684417,True
O=c1[nH]c(O)c2cccc(Br)c2c1C=NCCc1ccc(O)cc1,3.6734035988439975,False
CC(=O)N1CCN(CC(=O)Nc2ccc(Cl)c(Cl)c2)CC1,3.215569311957058,True
O=C1Nc2cc3ccc(O)cc3c3c4c(cc1c23)OCO4,2.964605370028195,True
COc1cc(C(=O)N2CCNCC2)cc(OC)c1-c1ccsc1,4.166921765524282,False
Cc1nccc(-c2ccc(C(=O)N3CCCCC3)cc2)c1CO,3.4738320339360094,True
NS(=O)(=O)c1cccc(Nc2nc(OCC3CCCCC3)c3[nH]cnc3n2)c1,2.922458040759524,True
O=C(O)c1cc(-c2ccccc2F)ccc1C(=O)N1CCCC1,10.494497129448362,False
CCCc1ccc(Nc2ccc(S(N)(=O)=O)cc2)cc1,3.3222227499070573,True
CCC(C)C(=O)Nc1ncc(F)c(-c2cnc(C)n2C(C)C)n1,3.247671935402344,True
CN(C)CCNC(=O)c1ccc(-c2ccccc2)nc1,3.4647940775751764,True
CCN(CC)c1ccc(CC(=O)Nc2[nH]nc3ccc(N4CCCS4(=O)=O)cc23)cc1,2.956663998495599,True
CC(=O)NC(=O)c1ccc(-c2ccc(NC(C)=O)cc2)cc1,4.468146036109374,False
COC(=O)c1ccc2[nH]c(O)c(-c3ccc4[nH]c(O)c(C=Nc5ccc(S(N)(=O)=O)cc5)c4c3)c2c1,2.963375271544259,True
C[C@@H](Oc1nc(Nc2ccc(S(=O)(=O)[C@H](O)S)cc2)ncc1C(F)(F)F)C(O)NC(F)(F)F,3.112042094830982,True
O=C(c1ccccc1)N1CCN(Cc2ccccn2)CC1,3.333441914898179,True
NS(=O)(=O)c1ccc(NC2CCN(c3c(F)cccc3F)CC2)cc1,2.971284402409174,True
O=C(Cc1ccc(-c2ccccc2)cc1)Nc1[nH]nc2ccc(N3CCCS3(=O)=O)cc12,4.455483587670363,False
CC(=O)N1CCC(Nc2nc(C(F)(F)F)nc3ccc(Nc4ccccc4)cc23)COC1,4.575351024784867,False
O=S1(=O)Cc2ccc(N=Cc3c(O)[nH]c4ccc(-c5cnco5)cc34)cc2C1,2.7649160927594183,True
CC(C)C(=O)Nc1ncc(SCc2cc(N3CCOCC3)ccc2O)s1,3.12252285820296,True
Cc1c(C(=O)N2CC=NCC2)ccn1C(=O)Nc1ccccc1Cl,2.980380177091505,True
CC(=O)Nc1ccc(-c2ccc(S(=O)(=O)C(C)C)cc2)cc1,4.534466341257812,False
Clc1ccccc1-c1cc(NCc2ccncc2)n2ncc(Br)c2n1,3.297165449291258,True
C[C@@H](O)[C@@H](C)Oc1nc(Nc2ccc(S(=O)(=O)C(F)(F)F)cc2)ncc1C(F)(F)[C@H](O)S,4.23079011533307,False
COC[C@H](Nc1nc(Nc2ccc(S(C)(=N)=O)cc2)ncc1Br)[C@H](C)O,2.7545302684849946,True
COc1cc(N2CCN(c3ccc(F)cc3)CC2)ccc1O,3.4397770276574655,True
COc1cc(N2CCN(C)CC2)ccc1-c1ccc(O)cc1,4.177316004326226,False
Cn1cc(CC(=O)N2CCOCC2)c2cc(Cl)ccc21,4.841839526460988,False
Cc1ccc(NC(=O)c2ccc(F)cc2N2CCOCC2)cc1,3.3874766419858924,True
CC(C)S(=O)(=O)c1ccc(Nc2ccc(S(N)(=O)=O)cc2)cc1,3.1644748379470524,True
O=C(Nc1cccc2c1C(=O)c1c(-c3ccc(C(=O)N4CCNCC4)s3)n[nH]c1-2)NN1CCOCC1,2.970532780495785,True
CC=C(NCCOC)c1ccc2[nH]c(O)c(N=Nc3ccc(S(N)(=O)=O)cc3)c2c1,2.7488768615563752,True
C=C(C)NC(=O)c1ccc(Nc2ncc(F)c(-c3cnc(C)n3C(C)C)n2)cc1F,2.9431714187250466,True
CC(C)C(=O)N1CCc2cc(C(=O)NS(C)(=O)=O)ccc2C1,2.9863693676435923,True
C=CC(=O)Nc1ccc(C(=O)Nc2[nH]nc3ccc(-c4cncc(NC(=O)C(N)Cc5ccccc5)c4)cc23)cc1,3.1650538699996953,True
CCS(=N)(=O)c1ccc(Nc2ncc(Br)c(N[C@@H](C)[C@H](C)O)n2)cc1,3.177310183158079,True
NS(=O)(=O)c1ccc(-c2ccc(-c3ccccc3)cc2)cc1,7.311251739613399,False
CCCC(=O)c1ccc(-c2ccc(S(N)(=O)=O)cc2)cc1,3.0456606836612647,True
O=C(Nc1ccccc1)c1cccc(N2CCC=NCC2)c1,3.605704785475371,False
N[C@H]1CCN(c2c3c(nc4ccc(-c5ccnc(NC(=O)C6CC6)n5)cc24)CCCC3)C1,3.115313146378714,True
CNC(=O)c1ccc(Cc2ccc(C(=O)O)cc2)cc1,2.967609644141226,True
O=C(CC1CCCC1)Nc1[nH]nc2ccc(N3CCCS3(=O)=O)cc12,3.2272991804293594,True
Cc1ccc(NC(=O)Cc2ccccc2)c(N2CCC(O)CC2)c1,2.9107024925265064,True
CC(Cc1ccc(Nc2ncc3cc4n(c3n2)C2(CCCC2)CNC4=O)nc1)N(C)C,4.089517086405193,False
C[C@@H](O)[C@@H](C)Oc1nc(Nc2ccc(S(=O)(=O)C(F)(F)S(N)(=O)=O)cc2)ncc1C(F)(F)NC(F)(F)F,3.7222693346935536,False
NS(=O)(=O)c1ccc(-c2cccc(N3CCOCC3)c2)cc1,3.7073793979035936,False
CCNC(=O)c1ccc(Cc2ccc(S(N)(=O)=O)cc2)cc1,3.3729137255494757,True
CC(C)N1CCc2cnc(Nc3ccc(C4CC4)cc3)nc2C1,3.2417868529562566,True
Cc1ccc(Nc2ncc3c(n2)CN(N2CCCC2=O)CCC3)cc1,3.109444484148255,True
Cc1ccccc1NC(=O)CCc1ccc(C(=O)O)cn1,5.282263340652382,False
CNC(=O)c1ccc(-c2ccc(S(N)(=O)=O)cc2)cc1Br,2.6650797361429985,True
Cc1ncc(-c2nc(NC(=O)C(C)(C)OF)ncc2F)n1C(C)C,3.3729445592834737,True
COCNS(=N)(=O)c1ccc2[nH]c(O)c(N=NNN=Nc3ccc(S(N)(=O)=O)cc3)c2c1,2.9807250795737588,True
CN1CCN(c2ccc(-c3ccccc3)cc2O)CC1,5.414118303103471,False
NS(=O)(=O)c1ccc(N2CCc3ncccc3C2)cc1,3.534434891181336,False
N[C@H]1CC[C@H](c2ccc(-c3cc(N4CCCNCC4)ccn3)cc2)CC1,2.83965367606686,True
Cc1nc2ccccn2c1-c1ccnc(Nc2ccc(S(N)(=O)=O)cc2)n1,3.209656679459655,True
COc1cc(Nc2ncc(Br)c(N[C@H](C)[C@@H](C)O)n2)ccc1S(C)(=N)=O,3.1375359758893637,True
CC(=O)N1CCN(c2ccc(Nc3ccc(Cl)cc3)cc2)CC1,3.1542988127316014,True
CC(C)C(=O)Nc1ccc(-c2ccc(S(N)(=O)=O)cc2)cc1,2.960089863500762,True
CC(=O)Nc1ccc(N2CCN(C(=O)c3ccccc3)CC2)cc1,4.2303554224202005,False
CCOC(=O)c1cccc2[nH]c(O)c(C=Nc3ccc(S(N)(=O)=O)cc3)c12,2.916893381664813,True
CC(C)c1ccc(Nc2nccc(-c3ccc(S(N)(=O)=O)cc3)n2)cc1,3.062510897939796,True
COc1ccc(-c2nn(-c3ccccc3)cc2C(=O)NC(=S)Nc2ccc(C)cc2)cn1,3.4151165426673185,True
NS(=O)(=O)c1ccc(CCCc2ccc(Cl)cc2)cc1,11.595327765958157,False
CN1CCN(c2ccc(NNc3ccc(N4CCN(C(=O)CO)CC4)cc3)cc2)CC1,2.967011627884193,True
CN1CCN(c2ccc(-c3ccc(Nc4ncc5c(n4)-c4c(c(C(N)=O)nn4C)CC5)cc3)cc2)CC1,2.6897806602026155,True
CC(=CNCc1ccc(-c2cnco2)cc1)c1ccc2[nH]c(O)c(N=Nc3ccc(S(N)(=O)=O)cc3)c2c1,3.4793247908179015,True
COc1cccc2c1cc1c3c(cc4c(c32)OCO4)C(=O)N1,3.046390322988824,True
CC(C)=CC(=O)N[C@@H](NC(=O)c1ccc(Nc2ncc(F)c(-c3cnc(C)n3C(C)C)n2)cc1)SCO,3.0323570040481767,True
C=C(C)C(=O)NC(=O)c1ccc(Nc2ncc(F)c(-c3cnc(C)n3C(C)C)n2)cc1F,2.968881607609171,True
CN1CCC(Cc2ccc(Cc3ccccc3)c(O)c2)CC1,2.922474636331343,True
O=C(Nc1[nH]nc2ccc(N3CCCS3(=O)=O)cc12)C1=CC1,3.020166551698761,True
C=C(C)C(=O)NC(=O)C(=O)C(=O)c1ccc(Nc2ncc(F)c(-c3cnc(C)n3C(C)C)n2)cc1,3.0017198403581924,True
CC(C)c1cnn2c(NCc3ccccc3N(C)C)nc(OC3CCN(C)CC3)nc12,3.111271283575254,True
CC=C(c1ccc2[nH]c(O)c(NNc3ccc(NN=Nc4ccc(S(N)(=O)=O)cc4)cc3)c2c1S)S(N)(=O)=O,3.4509426248490485,True
COc1ccc(NC(=O)c2ccc(F)cc2OC)cc1Cl,3.5776651604083876,False
CN1CCN(c2ccc(CCc3ccc(O)cc3)cc2)CC1,7.348206651966187,False
CCN1CCc2cnc(Nc3ccc(S(N)(=O)=O)cc3)nc2C1,3.049441588225624,True
COc1ccc(Nc2ccc3c(c2)CCN(C(=O)C(C)C)C3)cc1,4.138039390822666,False
CC(C)Oc1cccc(C(=O)c2ccc(S(N)(=O)=O)cc2)c1,3.673092566217195,False
O=C(Nc1ccccc1)Oc1ncc(F)c(N2CCCOCC2)n1,3.3992853660732916,True
Cc1ncc(-c2nc(NC(=O)C(C)C)ncc2F)n1C(C)C,3.2220595897655304,True
CC(C)(c1ccc(-c2ccc(S(N)(=O)=O)cc2)cc1)C1CC1,12.59264459913008,False
CCNC(=O)N1CCC(Nc2nccc(-c3cnc4ccccn34)n2)CC1,3.0426564051828193,True
CN1CCN(c2ccc(Nc3ccccc3)c(Cl)c2)CC1,3.0964770304331415,True
COc1cccc(CC(=O)NC(=O)c2ccc(F)cc2)c1,2.975997479837648,True
Cc1ncc(-c2nc(Nc3ccc(-c4c(O)[nH]c5ccc(C(N)=O)cc45)cc3)ncc2F)n1C(C)C,2.9192481908875147,True
Cn1cc(C2=C(c3coc4cc(CO)ccc34)C(=O)NC2=O)c2cc(F)ccc21,2.6931067561461455,True
C1=C/COCc2cc(ccc2OCCN2CCCC2)Nc2nccc(n2)-c2ccc(o2)COC/1,5.413081469920803,False
O=C(O)c1ccc(C(=O)Nc2cc(C3CC3)[nH]n2)cc1,2.9539155370457073,True
CN(C)c1ccc(-c2ccc(N3CCNCC3)cc2)cc1,4.955467788211315,False
CCC(C)(C)Nc1nccc(-c2ccc(S(N)(=O)=O)cc2)n1,3.7070998098243892,False
CC[C@H](Nc1nc(NC2CC2)c2ncn(C(C)C)c2n1)[C@@H](C)O,4.285957652613938,False
CC(C)(C)OC(=O)N1CCC(NC(=O)Cc2cccc(Cl)c2)CC1,3.899576515469348,False
N[C@@H]1CCCN(CSCc2c(O)[nH]c3ccc(Br)cc23)C1,3.119833969941349,True
CS(=O)(=O)N1CCC(Nc2ncc3c(n2)N(Cc2ccc(O)c(O)c2)C(=O)C32CC2)CC1,2.9086722056636063,True
COc1ccc(Cc2nc(C3CCCCC3)ncc2C)c(O)c1,5.29498687439355,False
CNC(=O)c1ccc(-c2ccc(C(=O)N(C)C)cc2)cc1,2.898018115885403,True
CC(C)S(=O)(=O)Nc1ccc(-c2ccc(S(N)(=O)=O)cc2)cc1,2.991803803727778,True
COc1ccc(Nc2ccc(S(N)(=O)=O)cc2)cc1C,3.2031654655980546,True
CCNc1ccc2[nH]nc(NC(=O)Cc3ccccc3)c2c1,2.99131425965244,True
C[C@@H](O)[C@@H](C)Nc1nc(Nc2ccc(S(=N)(=O)O)cc2)ncc1Br,3.0939350348706425,True
Cc1nc2c(F)cc(-c3nc(Nc4ccc5c(n4)CCNC5)ncc3F)cc2n1C(C)C1CC1,2.7959045048069906,True
CC(=O)c1ccc(C(=O)Nc2ccc(S(C)(=O)=O)cc2)cc1,3.4708370748279185,True
C=C(C)C=CC=Cc1ccc(Nc2ncc(F)c(-c3cnc(C)n3C(C)C)n2)cc1F,2.9712909652203394,True
CC(C)N1CCN(c2nc(NN3CCCCC3)nc3nc[nH]c23)CC1,3.77295865336476,False
COCc1cc(C(=O)Nc2cc(C(C)C[CH]Oc3c(F)cccc3Cl)[nH]n2)n(C)n1,4.097808560682162,False
N=C1NC(=O)/C(=C/c2ccc(-c3c(S)cccc3C3CCCCC3)o2)S1,3.7923250124428924,False
Nc1nc2ccc(C(=Cc3nn[nH]n3)c3c(F)cccc3F)cn2c1C(=O)c1c(F)cccc1F,2.824190857573193,True
O=C(O)c1cc(-c2ccccc2)ccc1N1CCCC1,9.954972375652286,False
CN(C)c1cccc(C(=O)Nc2c(F)cccc2F)c1,3.360860752842936,True
CC=Cc1ccc2[nH]c(O)c(NNc3ccc(N=Nc4ccc(S(N)(=O)=O)cc4)cc3)c2c1S,2.9855939107654983,True
CCC(=O)Nc1ccc(NC(=O)c2ccc(OC)cc2)cc1,3.7497810602753927,False
CC(C)NC(=O)c1ccc(-c2ccc(S(N)(=O)=O)cc2)cc1,3.062934867084179,True
OCCOc1ccc(Nc2nccc(Nc3ccc(Cl)cc3)n2)cc1,3.2329536031313557,True
Cc1nc2c(F)cc(-c3nc(Nc4ccc5c(n4)CCN(CC(C)(C)N)C5)ncc3F)cc2n1C1CC1,2.933569327628037,True
CC(C)=NC(=S)NC(=O)c1ccc(Nc2ncc(F)c(-c3cnc(C)n3C(C)C)n2)cc1F,2.955197455331883,True
CCCn1c(-c2nc(NC3CSC3)ncc2F)cnc1C,3.3340961293879934,True
CC1CCC(c2nc(OCN3CCN(C(C)C)CC3)c3[nH]cnc3n2)CC1,2.906645145180264,True
Cc1ncc(-c2nc(NS(C)(=O)=O)ncc2F)n1C(C)C,3.173228797297793,True
C=CNC(=O)N1CCC(c2ccc(O)c(NC(=O)C3CCC3)c2)CC1,4.60144477311203,False
CN(C)C(=O)c1ccnc(-c2ccc([C@H]3CC[C@H](N)CC3)cc2)c1,4.821000829703302,False
C[C@@H](Oc1nc(Nc2ccc(S(=O)(=O)[C@H](C)[C@@H](C)O)cc2)ncc1C(F)(F)F)O[C@H](C)[C@H](O)C(F)(F)F,4.669640778475366,False
Cc1ncc(-c2nc(Nc3ccc(NNC(=O)Nc4ccc(C(N)=O)cc4)cc3)ncc2F)n1C(C)C,3.0476340003353424,True
C[C@H]1CCC[C@@H]1N1C(=O)C2(CC2)c2cnc(Nc3ccc(CN(C)C)cc3)nc21,3.4329032902195182,True
CCCCc1c(C)c2cnc(Nc3ccc(N4CCNCC4)cn3)nc2n(C2CCCC2)c1=O,3.146468973309607,True
Cc1ncc(-c2ccnc(Nc3ccc(C(=O)C(N)=O)cc3)n2)n1C(C)C,3.0880720522682137,True
CC(C)Nc1ccc(-c2ccc(C(=O)N(C)C)cc2)cn1,3.3339571083023927,True
CCc1ccc(CC(=O)Cc2ccc(S(N)(=O)=O)cc2)cc1,3.1165926907441768,True
ON=C(O)CCCn1cc(CNC2CC2)c(-c2ccccc2)n1,4.934290323845975,False
CNC(=O)CCNc1ncc(F)c(-c2cnc(C)n2C(C)C)n1,3.0015814165203,True
CN1CCN(c2cccc3[nH]c(-c4[nH]nc5cc(-c6ccc(CO)cc6)ccc45)nc23)CC1,3.1330774008951656,True
COc1ccc(C(=O)CC(=O)c2ccc3[nH]c(O)c(C=Nc4ccc(S(N)(=O)=O)cc4)c3c2)cc1,3.1116302800943454,True
Cc1ccc(Nc2ncc(F)c(-c3cnc(C)n3C(C)C)n2)cc1,2.944483316305259,True
Cc1ncc(-c2ccnc(NC3CCOCC3)n2)n1C1CCCCC1,3.2065986652526353,True
COc1ccc(-c2ccc(C3CCN(C)CC3)cc2O)cc1,5.208342634658367,False
Cc1ncc(-c2ccnc(Nc3ccc(C(N)=O)c(F)c3)n2)n1C(C)C,3.0561017653213107,True
CC(C)c1ccc(-c2ccc(NC(=O)CN3CC=NCC3)cc2)cc1,5.127197577624638,False
CC(C)(C)C(=O)NC(=O)Nc1ncc(F)c(Nc2c(F)cccc2F)n1,2.888385188994018,True
CCc1ccc(Nc2ccc3c(n2)CCN(C(=O)C(C)C)C3)cc1,2.9195163983098347,True
C[C@@H](Oc1nc(Nc2ccc(S(=O)(=O)[C@H](C)[C@@H](C)O)cc2)ncc1C(F)(F)F)O[C@H](C)[C@H](C)NSS(=O)(=O)S,2.795873745361192,True
CCC(=O)c1ccc(-c2ccc(S(N)(=O)=O)cc2)cc1,2.835565023059775,True
O=C(Nc1ccc(CN2CCOCC2)cc1)c1cccc(F)c1,3.2933007758174795,True
CCc1ccc2c(n1)CCN(c1ccc(S(N)(=O)=O)cc1)C2,3.563042239435281,False
C[C@@H](Nc1nc(Nc2ccc(S(=N)(=O)C3CC3)cc2)ncc1Br)C(C)(C)O,3.1065141235796796,True
Cc1ccc(CNc2ccc(N3CCCN(C)CC3)cc2)cc1,3.9960653147815366,False
Cc1ccccc1CNCc1ccc(N2CCN(C)CC2)cc1,2.9099742266899873,True
CCc1ccc(NC(=O)C2CCN(C(C)=O)CC2)cc1,4.987949578734743,False
NS(=O)(=O)c1ccc(-c2ccc(NC(=O)C3CCCC3)cc2)cc1,2.9633307274079286,True
CN1CCN(c2ccc(-c3cccc(CO)c3)cc2)CC1,4.41640849559911,False
CC(C)(C)c1ccc(C(=O)Nc2ccc(S(N)(=O)=O)cc2)cc1,3.3210152062283584,True
Cc1ncc(-c2nc(NN3CCC3)ncc2F)n1C(C)C,3.2506222481241944,True
CN1CCN(c2ccc(NNSNNc3ncc4c(n3)-c3c(c(C(N)=O)nn3C)CC4)cc2)CC1,2.9759292666325274,True
CN1CCN(c2ccc(Nc3ncc4c(n3)-c3c(c(C(N)=O)nn3C)CC4)cc2)SC1,2.718585845619003,True
CCS(=O)(=O)Nc1ccc2n[nH]c(Nc3ccc(S(N)(=O)=O)cc3)c2c1,2.9967565800378293,True
NS(=O)(=O)c1ccc(Cc2ccc(OC(F)(F)F)cc2)cc1,4.8854407170694385,False
C=C(C)c1ccc2[nH]c(N3CCCN(C)CC3)nc2c1,3.524120599525506,False
CN1CCN(c2ccc(-c3cccc(N4CCCNCC4)n3)cc2)CC1,4.853432290657822,False
Cn1nc(C(N)=O)c2c1-c1nc(Nc3ccc(N4CCOCC4)cc3)ncc1CC2,2.564390960832615,True
COC(=O)NC(=O)c1ccc2c(c1)CCN(C(=O)C(C)C)C2,4.584577406915495,False
O=C(NC1CCN(C(=O)c2ccccc2)CC1)Oc1ccccc1,3.172445429002677,True
Cc1ncc(NC(=O)CC(=O)c2ccc(Nc3ncc(F)c(-c4cnc(C)n4C(C)C)n3)cc2)n1C(C)C,2.980462044717229,True
COC(=O)NC(=O)c1cccc(Cc2cc(-c3ccc(OC)cc3)ccn2)c1,3.413635012710063,True
O=C(Cc1ccc(OC(F)(F)F)cc1)Nc1cc(COc2cccnc2)[nH]n1,3.25754631586414,True
CN1CCN(Cc2ccc(-c3ccc(O)cc3)cc2)CC1,4.292334795889058,False
N[C@H]1CC[C@H](Nc2ccc(S(=O)(=O)N[C@H]3CC[C@H](N)CC3)cc2)CC1,4.1752875350088186,False
COc1cccc(OC)c1CNC(=O)c1ccc2[nH]c(O)c(N=Nc3ccc(S(N)(=O)=O)cc3)c2c1,3.675453985564236,False
O=C(NC(=O)N1CCN(C(=O)c2ccccc2)CC1)c1ccccc1,3.258371832679629,True
O=C(O)c1cc(O)c(O)c2c1c([N+](=O)[O-])cc1c(O)cccc12,2.9197693402048057,True
CCN(CC)S(=O)(=O)c1cccc(Nc2nccc(-c3ccnc(-c4ccc(NC(=O)NC)cc4)c3)n2)c1,4.154189451625909,False
Cc1ccc(Nc2ncc3cc(C(=O)NC(C)(C)C)n(C4CCCC4)c3n2)cc1,3.2322614374459344,True
CCc1ccc(-c2ccc(NC(C)=O)cc2)cc1OC,5.071304171512497,False
CC(C)(C)c1cnc(CSc2cnc(N[C@H]3CC[C@H](O)CC3)s2)o1,2.713007740497622,True
NS(=O)(=O)c1ccc(Cc2ccc(OC(F)F)cc2)cc1,3.290666193949185,True
COc1cc(F)ccc1-c1ccc(N2CCCNCC2)cc1,4.117439131304805,False
CC(C)=CC(=O)c1ccc(Nc2nccc(-c3cnc(C)n3C(C)C)n2)cc1,3.1521887633833097,True
O=C1NCC2(CCCCC2)n2c1cc1cnc(-c3ccc(C(F)(F)F)cc3)nc12,6.148176965572805,False
COc1cccc(C(=O)Nc2ccc(N3CCN(C)CC3)cc2)c1,3.606163335180486,False
O=c1[nH]c(O)c(C=NCc2ccc(-c3ccoc3)c(O)c2)c2cc(I)ccc12,3.7888879635059127,False
O=C1CCCCN1c1ccc(NCc2ccccc2)c(Cl)c1,2.918519145045991,True
CCCNC(=O)c1ccc(Nc2ncc(F)c(-c3cnc(C)n3C(C)C)n2)cc1F,3.046679175758424,True
NS(=O)(=O)c1ccc(N=NN=Cc2c(O)[nH]c3ccc(-c4cnco4)cc23)cc1,2.646291556121517,True
Fc1ccccc1CNc1ccc(N2CCOCC2)nc1,2.943231727200568,True
CC(CCO)C(=O)NCCc1nn2c(COc3ccc(Cl)cc3)nnc2s1,3.0217633924581198,True
COc1cc(CNc2ccccc2)ccc1N1CCN(C)CC1,3.1988724576012704,True
CC(C)c1cc(-c2ccc(S(N)(=O)=O)cc2)c(F)cn1,4.627877375212097,False
C=C(C)n1c(Nc2ccc(S(N)(=O)=O)cc2)cnc1C,4.899888264032153,False
CC(=O)N1CCCN(Cc2ccc(NC(=O)CN(C)C)cc2)CC1,4.635485950793081,False
CCN(CC)C(=O)c1cccc(C(=O)Nc2ccccc2)c1,3.7842040114137574,False
CN(c1ccccn1)S(=O)(=O)c1ccc(N=Cc2c(O)[nH]c3ccc4ncsc4c23)cc1,2.8977546479990317,True
C=C(C)Nc1ccc(-c2ccc(S(N)(=O)=O)cc2)cc1,3.2835727493082913,True
O=C(Cc1ccc(Nc2ccccc2)cc1)N1CCCC1,3.013647955551547,True
N#C/C=C(/c1ccc2nc(N)c(C(=O)c3c(F)cccc3F)n2c1)c1c(F)cccc1F,5.877887800902641,False
CCN1CCN(c2ccc(-c3ccc(O)cc3)cc2)CC1,4.260451619253526,False
NS(=O)(=O)c1ccc(-c2ccc(CN3CCOCC3)cc2)cc1,2.90050823132774,True
CC(C)Nc1ccc(-c2cccc(S(N)(=O)=O)c2)cc1,5.501002635883756,False
Cc1ncc(-c2nc(Nc3ccc(C(=O)C(CNBr)CC(=O)C(O)C(C)C)cc3)ncc2F)n1C(C)C,2.9591677884162024,True
CNC(=O)c1ccc(-c2ccc(S(N)(=O)=O)cc2)c(OC)c1,2.722322170500764,True
CCNc1ccc(-c2ccc(S(N)(=O)=O)cc2)c(C)c1,3.138416161059595,True
Clc1cccc(Nc2nccc(-c3cnc4ccccn34)n2)c1,3.0052211233118937,True
CCCCNc1ncc2c(n1)-c1c(c(C3CCNCC3)nn1C)C(C)(C)C2,5.167197499612339,False
Cc1ncc(-c2nc(NC(=O)C(C)(C)C)ncc2F)n1CC1CCC1,3.0336802731995416,True
COc1ccccc1Nc1ccc(N2CCOCC2)cc1,3.2345797254048345,True
C=C(C)C(=O)C(=O)c1ccc(Nc2ncc(F)c(-c3cnc(C)n3C(C)C)n2)cc1,3.1602053730730866,True
N=C(N)NS(=O)(=O)c1ccc(N=Cc2c(O)[nH]c3ccc4ncsc4c23)cc1,2.711460492059581,True
OCc1cccc(-c2ccc(N3CCOCC3)cc2)c1,4.629179840965353,False
COc1cc(NCc2ccc(O)c(Cl)c2)ccc1N1CCN(C)CC1,3.149878410351737,True
Oc1ccc(-c2cccc(N3CCC(C4CCNCC4)CC3)n2)cc1,4.856971175537279,False
CCCC(=O)c1ccc(Nc2ncc3cc4n(c3n2)C(C)(CCC)CNC4=O)nc1,3.0895509382432937,True
CNS(=O)(=S)c1ccc(Nc2ncc3c(n2)N(CCO)C(=O)C32CC2)cc1,2.8861242177009654,True
COc1cc(C2=C(c3cn(CNC[C@H](C)N)c4ccccc34)CNC2=O)cc(OC)c1OC,5.872910777459508,False
COc1cc(N2CCN(C)CC2)ccc1Nc1nccc(-c2ccc(N3CCN(C)CC3)cc2)n1,3.210884924752058,True
NS(=O)(=O)c1ccc(C(=O)Nc2cccc(Cl)c2)cc1,6.68371932384956,False
CNS(=O)(=O)c1cccc(-c2ccc(S(N)(=O)=O)cc2)c1,2.940787989638159,True
CCCCOc1c(C(=O)c2c(F)cc(C)cc2F)ccc2[nH]ncc12,3.4002167577964824,True
COc1ccc(-c2nn(-c3ccccc3)cc2C(=O)NC(=S)Nc2ccc(F)cc2)cc1,3.3815565942328996,True
CCc1ccc(-c2n[nH]c3c2CN(OC(F)F)C3)cc1,3.932720813889537,False
COc1cnn2c(NCc3ccc(NC(C)=O)cc3)nc(NC3CCOCC3)nc12,3.119021320863325,True
O=C(NCCN1CCc2nc(-c3c(O)[nH]c4ccccc34)ccc2C1)C1CC1,2.710979527772206,True
N[C@H](CNc1nnc(NCc2cccnc2)s1)Cc1cccc(Cl)c1,2.894900516425394,True
COc1ccc(C(=O)Nc2ccc(C(C)C)cc2)cc1,3.3539918008248044,True
Nc1nccc(-c2c[nH]c3[nH]ccc(=O)c23)n1,3.0055588498647006,True
CN=S(C)(=O)c1ccc(Nc2ncc(Br)c(N[C@H](C)[C@@H](C)O)n2)cc1OC,3.0505846980538056,True
CC(C)=C(C(=O)c1ccc(Nc2ncc(F)c(-c3cnc(C)n3C(C)C)n2)cc1)C(O)C(C)CBr,3.0874657892841504,True
Cc1cc(N2CCCCNCC2)nc(CCc2ccccc2)n1,4.860753336675292,False
CC(C)=CS(=O)Nc1ccc(Nc2nccc(-c3cnc(C)n3C(C)C)n2)cc1,3.08506515328283,True
OCc1ccc2c(Nc3ccc4c(n3)CCN(C[C@@H]3CNCCO3)C4)coc2c1,2.9340364687576743,True
CCNCCNc1ccc(-c2cnc(NC3CCNCC3)s2)cc1,2.948876735301095,True
CN1CCC(C(=O)Nc2ccc(-c3cccc(Cl)c3)cc2)CC1,5.488191869823793,False
O=C(NC1CCN(c2ccccc2)CC1)c1ccccc1,3.4020532035816307,True
C[C@@H](O)[C@@H](C)Oc1nc(Nc2ccc(S(=O)(=O)S(N)(=O)=O)cc2)ncc1C(F)(F)F,3.089609360420833,True
CN(C)C(=O)NCN1CCCN(C(=O)c2ccccc2)CC1,3.282923544647362,True
Cc1nc2c(F)cc(-c3nc(Nc4ccc5c(n4)CCN(CCN(C)CC[Si](C)(C)C)C5)ncc3F)cc2n1C(C)C,2.8548614677423543,True
CC(=O)Nc1ccc(-c2ccc(Nc3ncc(F)c(-c4cnc(C)n4C(C)C)n3)cc2)cc1,3.026151020686181,True
CCC(C)(C)Nc1ccc(-c2ccc(S(N)(=O)=O)cc2)cc1,2.953288675358371,True
CC(C)(C)c1ccc(N=Nc2ccc(S(N)(=O)=O)cc2)cc1,3.686055615424171,False
O=S(=O)(c1ccc(Nc2ncc(C(F)(F)OF)c(OCN3CCCC3)n2)cc1)C1CCCC1,2.9086665329666075,True
CN1CCCN(c2ccc(NC(=O)c3ccccc3)cc2)CC1,3.4201219276511163,True
NS(=O)(=O)c1ccc(-c2ccc(N=NSN=Nc3c(O)[nH]c4ccc(-c5cnco5)cc34)cc2)cc1,3.6423550074093627,False
CN1CCN(c2ccc(-c3ccc(S(N)(=O)=O)cc3)cc2)CC1,3.0404685494179997,True
NCCc1ccc(-c2ccc(S(N)(=O)=O)cc2)cc1F,3.000441800802017,True
COc1ccc(C(=O)Nc2ccc3c(n2)CCN(C(C)=O)C3)cc1C,3.672617731264722,False
CNCCN(C)c1ccc(NNc2ccc(C(F)(F)F)cc2C(=O)O)nc1,4.167098510954598,False
CC(=O)c1ccc(NC(=O)c2ccc(Nc3ncc(F)c(-c4cnc(C)n4C(C)C)n3)cc2C)cc1C,2.9126913671036303,True
NS(=O)(=O)c1ccc(Nc2ccc(OC(F)F)cc2)cc1,3.1893511879377647,True
CC(C)Nc1ccc(-c2ccc(N3CCN(C)CC3)cc2)cn1,5.570149997980296,False
Cc1ncc(CNC(=O)C2CCN(C)CC2)n1C(C)C,4.429332681115745,False
CN(CC(=O)NC(=O)c1cccc(F)c1)C(=O)c1ccccc1,3.119491144401605,True
COc1ccccc1NC(=O)c1cccc(N2CCCCNCC2)c1,3.223321268505512,True
CCc1ccc(NC(=O)Cc2ccc(N3CCOCC3)cc2)cc1,3.29527859216789,True
CC(C)Oc1nc(Nc2ccc(S(=O)(=O)[C@H](C)[C@@H](C)O)cc2)ncc1C(F)(F)F,3.130084184171408,True
O=C(Nc1cc(C2CCCCC2)[nH]n1)c1ccc(Br)cc1,3.531756786643156,False
COc1ccc(-c2nc3c(NCCCNC(=O)C4CCCC4)c(-c4nc(C(=O)O)cs4)cnc3[nH]2)cc1,3.1210847473274432,True
O=C(c1ccc(-c2ccc(F)cc2)cc1)N1CCCNCC1,5.003087047014075,False
NS(=O)(=O)c1ccc(NCc2ccc(NC(=O)CCCCCCO)cc2)cc1,5.061567148621065,False
CC(C)(C)c1ccnc(Nc2cccc(S(N)(=O)=O)c2)n1,2.8443322590724165,True
CN1CCN(c2ccc(NNSNNNc3ncc4c(n3)-c3c(c(C(N)=O)nn3C)CC4)cc2)CC1,4.254444852151691,False
Cn1nc(C(N)=O)c2c1-c1nc(Nc3cccc(-c4ccccc4)c3)ncc1CC2,2.9234619888071105,True
CC(C)=NCN(C)C(=O)C(=O)c1ccc(Nc2ncc(F)c(-c3cnc(C)n3C(C)C)n2)cc1,3.0610645207182463,True
N=S(=O)(CCO)c1ccc(-c2cc(N[C@H]3CC[C@H](N)CC3)nc3ccnn23)cc1,3.753119902161407,False
CN(C)Cc1ccc(-c2ccc(N3CCNCC3)cc2)cc1,4.481622362493296,False
Cc1cc(S(N)(=O)=O)ccc1-c1ccc(C(F)(F)F)cc1,12.725024597225731,False
O=C(c1ccccc1)c1ccc(NN2CCCCC2)cc1,3.1021963187393564,True
NS(=O)(=O)c1ccc(-c2ccc(-c3ccc(S(N)(=O)=O)cc3)cc2)cc1,3.0679771837482686,True
O=C(Cc1ccc(F)cc1)Nc1[nH]nc2ccc(N3CCCS3(=O)=O)cc12,3.1832213243819565,True
CC(=O)Nc1ccc(-c2ccc(N3CCCOCC3)cc2)cc1,2.995907541964533,True
NS(=O)(=O)c1ccc(-c2ccc(N=NOOc3c(=O)[nH]c4ccc5[nH]cccc5c34)cc2)cc1,3.1742510927776397,True
C[C@H](O)[C@@H](C)Nc1nc(Nc2ccc(S(C)(=N)=O)cc2)ncc1Br,3.0664464776023768,True
Cc1ccc(-c2nn(-c3ccccc3)cc2C(=O)NC(=S)Nc2ccc(F)cc2)cc1,5.102496937774681,False
CNC(=O)c1ccc(Cc2ccc(F)cc2OC)cc1,5.539450333742503,False
CCCNc1ccc(-c2ccc(S(N)(=O)=O)cc2)cc1,3.1254839625248456,True
NS(=O)(=O)c1ccc(-c2ccc(N=NSNc3c(O)[nH]c4ccc(-c5cnco5)cc34)cc2)cc1,3.3850915792634035,True
CNC(=O)c1ccc(-c2ccc(C(=O)N3CCN(C(C)=O)CC3)cc2)cc1,4.429998081263684,False
COc1cc[nH]c1C=C1C(=O)Nc2ccc(F)c(C#C[C@@H](O)[C@@H](N)[C@@H](C)O)c21,2.6553587328268873,True
CN(C)C1CCN(c2ccc(Nc3ncc4cc5n(c4n3)C3(CCCC3)CNC5=O)nn2)CC1,3.8858057079581387,False
CC(C)=Cc1ccc(NNc2ccc(Nc3ncc(F)c(-c4cnc(C)n4C(C)C)n3)cc2)cc1,3.1279836956096867,True
CNCc1ccc2[nH]c(O)c(N=Nc3ccc(C(=O)c4ccc(-c5ccc(S(N)(=O)=O)cc5)cc4)cc3)c2c1,2.7776173242547286,True
CCc1ccc(C(=O)Nc2ccc(C(=O)NC)cc2)cc1,3.6309982098591043,False
N=C1NC(=O)/C(=C/c2ccc(-c3ccc(S(N)(=O)=O)c(C4CC4)c3)o2)S1,3.073660521267754,True
O=C(NN1CCN(c2ccccc2)CC1)c1ccc(Cl)cc1,3.3612612216250026,True
CCN1CCN(c2ccc(-c3ccc(C(N)=O)cn3)cc2)CC1,4.270851671505347,False
CN1CCC(Oc2ccc(Nc3ncc(F)c(-c4cc(F)c5nc6n(c5c4)C(C)(C)CC6)n3)nc2)CC1,3.0584064478090576,True
Cn1cc(CCNc2ccc([N+](=O)[O-])cc2C(=O)O)c2cc(Cl)ccc21,3.5889449703220593,False
CC(C)(C)C(=O)Nc1ccc(-c2ccc(S(N)(=O)=O)cc2)cc1,2.975960517211204,True
CC(C)[C@@H](C)NOc1nc(Nc2ccc(S(=O)(=S)S(=O)(=O)NSS(C)(=N)=O)cc2)ncc1Br,3.071722806504523,True
Cc1ncc(-c2nc(NC3CCC3)ncc2F)n1C1CCC1,3.2393735505495562,True
O=C(c1cccc(O)c1)N1CCN(Cc2ccccc2)CC1,4.119709941245869,False
O=Nc1c(-c2c(O)[nH]c3ccc([N+](=O)[O-])cc23)[nH]c2ccc(O)cc12,3.972397890443498,False
NS(=O)(=O)c1ccc(Nc2nc(OCC3CCCCC3)c3[nH]cnc3n2)cc1,2.992185488902721,True
CC(C)NCc1ccc(-c2ccc(S(N)(=O)=O)cc2)cc1F,3.0785173379404593,True
CC(C)S(=O)(=O)c1ccc(Nc2ncc(C(F)(F)F)c(O[C@@H](C)O)n2)cc1,4.2126223424370774,False
CN(C)c1ccc(Nc2ncc3c(n2)CN(C(=O)C2CC2)CC3)cc1,4.396476430051686,False
CONNc1ccc2nc(C(F)(F)F)nc(NC3CCN(C(C)=O)COC3)c2c1,4.540133368085123,False
COc1ccc(CNc2ccc(C(=O)N3CCN(C)CC3)cc2)cc1,3.6189961315259866,False
Cc1cccc(C(=O)Nc2cccc(C(=O)N(C)C)c2)c1,3.484067450552589,True
C=CC(=O)Nc1ccc(C(=O)Nc2[nH]nc3c2CN(C(=O)N[C@H](CN(C)C)c2ccccc2)C3(C)C)cc1,3.165173612931839,True
CN1CCN(c2ccc(NS(=O)(=O)c3ccc(N=CCCO)cc3)cc2)CC1,3.0878123323803206,True
O=c1c(O)c(-c2ccc(O)c(O)c2)oc2cc(O)cc(O)c12,2.837265232578732,True
O=C1c2ccccc2CCN1c1ccc(NC2CC2)cc1,2.948336140944582,True
CC(C)c1cnn2c(NCc3ccccc3)cc(N[C@@H](CO)[C@@H](O)CO)nc12,3.1520813758531063,True
O=C(Nc1ccc(N2CCNCC2)cc1)c1[nH]ncc1Nc1cc(OC2CCCC2)ncn1,3.2108188986612096,True
C=C(C)c1ccc(C(=O)Nc2ccc(CN3CCN(C)CC3)cc2)cc1,3.6384658855072476,False
CC(=O)S(=O)(=O)c1cccc(-c2ccc(S(N)(=O)=O)cc2)c1,6.246194761612867,False
C=C(C)C(O)NC(=O)c1ccc(Nc2ncc(F)c(-c3cnc(C)n3C(C)C)n2)cc1F,2.8364710469172785,True
CN1CCCN(c2cccc(Nc3ccc(S(N)(=O)=O)cc3)n2)CC1,3.0780232292820693,True
CCc1ccc(CC(=O)c2ccc(S(N)(=O)=O)cc2)cc1,3.685423449211778,False
CC(C)c1ccc(NCCc2ccc(S(N)(=O)=O)cc2)cc1,5.107023007584742,False
CN1CCN(c2ccc(Nc3cc(-c4c[nH]c5ccccc45)ncn3)cc2)CC1,2.8524217780685976,True
CC(N)[C@H](N=NOCCc1cnco1)c1ccc2[nH]c(O)c(N=Nc3ccc(S(N)(=O)=O)cc3)c2c1,3.3005685873800608,True
Cc1[nH]nc2c1N=C(c1ccccc1Cl)c1cc(N)ccc1N2,5.418995202064681,False
CC(C)Cc1ccc(-c2ccc(S(N)(=O)=O)cc2)cc1,12.184217578490621,False
C[C@H](O)Cc1ccc(Nc2ccc(N3CCN(C[C@H](C)O)[C@H](C)C3)cn2)cc1,4.067001229407246,False
O=C(Nc1ccc(F)cc1)c1[nH]ncc1NC(=O)c1c(F)cccc1F,2.882018042969194,True
Cc1ccccc1NCCc1ccc(N2CCN(C)CC2)cc1,2.973121087342393,True
COc1cc2c(Nc3ncc(CC(=O)Nc4cccc(F)c4)s3)ncnc2cc1OCCCN1CCC(CO)CC1,4.1955868481059975,False
CNC(=O)c1ccc(-c2ccc(N3CCCCCC3)cc2)cc1,4.210661111987047,False
O=C(Cc1ccc(N2CCCOCC2)cc1)Nc1ccccc1,3.6446698067177503,False
CN(C)C(=O)Nc1cccc(-c2cccc(C(=O)N(C)C)c2)c1,3.9568031287897076,False
Cc1ncc(-c2ccc(CNC(=O)C3CC3)c(F)c2)n1C(C)C,3.0435060374508938,True
CN(C)S(=O)(=O)c1ccc(Nc2cc(N[C@H]3CC[C@H](N)CC3)nc3c(Br)cnn23)cc1Cl,2.978615114444971,True
CN1CCC(O)N(c2ccc(-c3ccc(Nc4ncc5c(n4)-c4c(c(C(N)=O)nn4C)CC5)cc3)cc2)CC1,5.58076607644506,False
CC(=O)CCc1ccc(CC(=O)Nc2ccccc2C)cc1,4.3868983348147,False
CC(C)(C)c1cnc(Cc2nc(NN3CCOCC3)ncc2F)o1,3.57027884065097,False
COc1ccc(Nc2ncc(F)c(-c3cnc(C)n3C(C)C)n2)cc1,3.006692701291571,True
CC1CN(c2ccncc2NC(=O)c2ccnn3cc(-c4ccccc4)nc23)CCO1,3.5766460546159724,False
CC(c1ccc(S(N)(=O)=O)cc1)c1ccc(S(N)(=O)=O)cc1,5.83661614293762,False
CCN(C(C)=O)c1ccc(NC(=O)c2ccc(OC)cc2)cc1,3.6445499036232234,False
COc1cc(F)ccc1-c1nc(NN2CC3CCC(C2)O3)ncc1F,3.3489522242038627,True
C[C@@H](O)[C@@H](C)Nc1nc(Nc2ccc(S(=O)(=O)Cc3ccc(O)cc3)cc2)ncc1Br,3.0849573740977374,True
CCCc1ccc(Oc2ccc(S(N)(=O)=O)cc2)cc1F,3.3316083203161786,True
CN(C)CC(=O)Nc1cc(Nc2ccccc2)ccc1F,3.1064711490693164,True
COc1ccc(-c2ccc(N3CCCN(C(N)=O)CC3)cc2)cc1,5.247666243198014,False
Cc1ccc(Nc2ccc(N3CCCCC3=O)cc2)cc1,3.194856647801282,True
CC[C@@H](Nc1nc(NCc2cnc(C)cc2C)c2ncn(C(C)C)c2n1)[C@H](C)O,2.9838857216723373,True
CC(C)c1ccc(Nc2ccc(S(N)(=O)=O)cc2)cc1,6.977329216827875,False
Cc1ccc(NC(=O)Nc2ccc(N3CCCCC3=O)cc2)cc1,3.0041874109316176,True
CC(=O)N1CCc2cc(NCc3ccccc3)ccc2C1,4.5930583492918915,False
NS(=O)(=O)c1ccc(N=NN=CN=NSc2ccc(-c3c(=O)[nH]c4ccc5[nH]cccc5c34)cc2)cc1,3.5896848051047603,False
Cc1ncc(-c2ccnc(-c3ccnc(Nc4ccc(C(=O)C(N)=O)cc4)n3)n2)n1C(C)C,3.152377832684403,True
CC(C)c1cccc(N[C@H](C)c2ccc(S(N)(=O)=O)cc2)c1,6.924753353008321,False
Cc1ncc(-c2ccnc(Nc3ccc(C(=O)N(C)C)cc3)n2)n1C(C)C,3.0866391107481306,True
CC[C@H](Nc1nc(NCc2cccnc2)c2ncn(CC3CC3)c2n1)C(C)(C)C,3.0134043870678937,True
CC(C)N1CCCc2cnc(NC(=O)c3ccc(N4CCCC4=O)cc3)nc2C1,3.0119789175889067,True
CNS(=O)(=O)c1ccc(N=Cc2c(O)[nH]c3ccc4ncsc4c23)cc1,2.7145705000975724,True
C[C@H]([C@@H](C)O)S(=N)(=O)c1ccc(Nc2ncc(C(F)(F)F)c(O[C@H](C)[C@@H](C)O)n2)cc1,3.338134059620734,True
NC(=CNNc1ccc(-c2cnco2)cc1)c1ccc2[nH]c(O)c(N=Nc3ccc(S(N)(=O)=O)cc3)c2c1,2.8321237614200436,True
Cc1nc2c(F)cc(-c3nc(Nc4ccc5c(n4)CCN(CC(N)=NO)C5)ncc3F)cc2n1C(C)C,2.7074247911991933,True
O=C(NCc1cccc(Cl)c1)c1ccc(N2CCCNCC2)cc1,3.2050837742561407,True
O=C(Nc1ccc(N2Cc3ccccc3C2=O)nc1)C1CCC1,3.8673123742464863,False
Cc1ncc(-c2ccnc(Nc3ccccc3)n2)n1C(C)C,2.975363171110383,True
CON=NOOOC(=O)c1ccc2[nH]c(O)c(C=Nc3ccc(S(N)(=O)=O)cc3)c2c1,11.582634501701252,False
Cc1ncc(-c2nc(Nc3ccc(C(=O)NC4CCN(C)CC4)cc3)ncc2F)n1C(C)C,3.077298815519872,True
CC1CCC(C(=O)Nc2nc(CC3CC3)c3[nH]cnc3n2)CC1,2.9173210313573557,True
N[C@H]1CCS[C@@H](NN2CCc3c(nn(Cc4ccccc4)c3Br)C2=O)CC1,3.0692815120154835,True
CN1C(=O)C(N2CCc3cn(CC4CCS(=O)(=O)CC4)nc3C2=O)COc2ccccc21,3.512701666808614,False
CC(C)[C@H](CO)Nc1nc(Nc2ccc(C(=O)O)c(Cl)c2)c2ncn(C(C)C)c2n1,3.0908759276295754,True
Cc1ccccc1C(=O)NC(=O)Cc1cccc(Cl)c1F,3.8757555392465126,False
COc1ccc(NC(=O)NC(=O)Cc2ccc(C)cc2)cc1,3.249569356083975,True
CC(Br)Cc1ccc(Nc2ccc(S(N)(=O)=O)cc2)cc1,7.078198640897275,False
CC(=O)N1CCC(Cc2ccc(NC(=O)c3ccc(C)cc3)cc2)CC1,3.571448585658209,False
C[C@@H](Nc1nc(Nc2ccc(S(=O)(=O)ON)cc2)ncc1Br)c1ccc(S(C)(=O)=O)cc1,2.5811474192691883,True
Cc1cc(N2CCCC2=O)ccc1C(=O)NC(=O)c1ccccc1,3.1424737071294646,True
COC(=O)c1ccc2[nH]c(O)c(N=NN=NN=Nc3ccc(-c4ccc(S(N)(=O)=O)cc4)cc3)c2c1,3.0036434542069053,True
CC(C)S(=O)(=O)[C@@H](C)Oc1nc(Nc2ccc(S(=O)(=O)S(=O)(=O)[C@H](C)[C@@H](C)O)cc2)ncc1C(F)(F)F,2.7970647114430527,True
CC(C)C(=O)c1ccc(-c2ccc(S(N)(=O)=O)cc2)nc1,5.151106580143729,False
CC(=O)c1ccc(Sc2ccc(S(N)(=O)=O)cc2)cc1,4.507404907482803,False
CN1CCN(C(=O)c2ccc(-c3cccc(C(N)=O)c3)cc2)CC1,5.776296477848072,False
CC1Cc2cnc(Nc3ccc(S(N)(=O)=O)cc3)nc2C1,3.0975566177230736,True
Cc1ccccc1NN1CCN(C(=O)c2ccccc2)CC1,3.15912567018155,True
C=C(c1ccc(C(C)C)cc1)c1ccc(S(N)(=O)=O)cc1,12.382251612691448,False
COC(=O)N1CCN(c2cccc(Nc3ccccn3)c2)COC1,3.806318562600876,False
CCNC(=O)N1CCC(Nc2ncc(Cl)c(-c3ccc(OC)c(O)c3)n2)C1,3.2131775550068875,True
NS(=O)(=O)c1ccc(NC(=O)c2ccc(F)cc2)cc1,6.574626149067335,False
COS(=N)(=O)c1nc([C@@H](C)Nc2nc(Nc3ccc(S(=O)(=S)ON)cc3)ncc2Br)ncc1Br,3.6133139913381473,False
CC(=O)N[C@@H]1CCCC(C(=O)Nc2cc(-c3cnn4c3CC(C)(C)C4)c(Cl)cn2)C1,2.93400340831431,True
COc1ccc(F)cc1-c1c(F)cnc2[nH]c(C3=CCN(C4CCC(C(=O)O)CC4)CC3)cc12,2.8500192981802845,True
COc1cc(F)ccc1-c1cc(Nc2cc(CS(C)(=N)=O)ccn2)ncc1F,2.967279225148854,True
O=C(Nc1ccccc1)N1CCN(c2ccc(Cl)cc2)CC1,3.4902759203249305,True
CC(C)C(=O)NC(=O)c1ccc(-c2ccc(S(N)(=O)=O)cc2)cc1,2.9929218165531757,True
CCc1ccccc1-c1ccc(CC(=O)NC(C)=O)cc1,11.215545416964792,False
COc1ccccc1NC(=O)N1CCN(Cc2ccccc2)CC1,4.285758975957469,False
Cc1ncc(-c2ccnc(Nc3ccc(-c4ccccc4)cc3)n2)n1C(C)C,3.0792094764728186,True
CN(C)Cc1ccc(C=CC(=O)c2c(O)cc(O)c(C3CCN(C)CC3)c2O)cc1,2.7714310382905056,True
Cc1nc2c(F)cc(-c3nc(Nc4ccc5c(n4)CCNC5)ncc3F)cc2n1C1(C)CC1,2.7957821803566953,True
Cc1cc(-c2ccc(S(N)(=O)=O)cc2)ccc1S(N)(=O)=O,2.7081102267079173,True
C[C@@H](NC(=O)N1CCc2cnc(NS(=O)(=O)SN)nc2C1)c1ccc(Cl)c(Cl)c1,3.3266773212922316,True
CN1CCN(Cc2ccc(NC(=O)c3[nH]ncc3Nc3ncnc4[nH]ccc34)cc2)CC1,3.06656827740718,True
CC(C)c1cc(C(C)c2ccc(S(N)(=O)=O)cc2)ccn1,5.695092799946293,False
CC(C)=NC(=O)C(O)CCC(=O)N(C)C(=O)c1ccc(Nc2ncc(F)c(-c3cnc(C)n3C(C)C)n2)cc1,2.9315483963257347,True
CN1CCN(c2ccc(NNc3cnc(Nc4ncc5c(n4)-c4c(c(C(N)=O)nn4C)CC5)nc3)cc2)CC1,3.0277665035467987,True
CC(C)c1ccc(C(=O)Nc2ncc3c(n2)CN(C(C)C)CC3)cc1,3.432296898579731,True
Cc1cc(-c2ccc(C(=O)N(C)C)cc2)ccc1CO,2.7956246171473005,True
C=C(C)c1ccc(NC(=O)NC(=O)c2ccsc2)c(C)c1,3.8984018520414234,False
COc1ccc(N2CCC(Cc3ccc(S(N)(=O)=O)cc3)CC2)cc1,3.6777478162593016,False
CNS(=O)(=O)c1cc(F)ccc1-c1ncnc(Nc2cccc(C[S@](C)(=N)=O)c2)n1,3.2534520128626503,True
COc1cc(F)ccc1-c1nccc(N2CCCNCC2)n1,5.601630655443116,False
COc1ccccc1-c1ccccc1NC(=O)N(C)C,16.163736727625828,False
COc1ccc(Nc2ccnc(Nc3ccc(OCC(O)CN(C)C)cc3)n2)cc1,2.951882958384356,True
CCNC(=O)N1CCc2cnc(Nc3ccc(C(C)C)cc3)nc2C1,2.890111589541146,True
CN1CCCN(c2ccc(-c3ccc(S(N)(=O)=O)cc3)cn2)CC1,3.130324104625584,True
CC(=O)N1CCC(c2ccc(NC(=O)c3cccc(Cl)c3)cn2)CC1,3.5019221864570382,False
NS(=O)(=O)c1ccc(-c2cc(Nc3ccc(-c4cccc(O)c4)cc3)n[nH]2)cc1,4.794786439456931,False
COc1ccc(-c2ocnc2C(=O)Nc2cc(F)c(N3CCCNCC3)cn2)cc1Cl,3.2533691767151165,True
COc1cccc(NC(=S)N2CCN(c3nnc(OC(C)C)c4ccccc34)CC2)c1,3.536299195486725,False
Cc1cccc(C(=O)Nc2ccc(C(=O)N3CCOCC3)cc2)c1,3.7186079384629984,False
Nc1ccc(CC(=O)NNc2ncc(C(F)(F)F)c(OC3CCCCC3)n2)cc1,3.2192710354985667,True
Cc1cc(C)c(CNc2nc(N[C@@H](C)[C@@H](C)O)nc3c2ncn3C(C)C)cn1,3.1934470404251263,True
Cc1ncc(-c2nc(NC(=O)CN3CCOCC3)ncc2F)n1C(C)C,3.2338667257634497,True
C=C(C)c1ccnc(Nc2cccc(N3CCN(C)CC3)c2)c1,2.985406672465242,True
CC(C)=C(C)C(=O)c1ccc(C(=O)c2ccc(Nc3ncc(F)c(-c4cnc(C)n4C(C)C)n3)cc2O)cc1,3.17674928189179,True
CNc1ccc(C(=O)Nc2ccc(Cl)cc2)cc1N1CCNCC1,3.5936450854251025,False
O=C(Nc1ccc(C(=O)N2CCOCC2)cc1)c1ccccc1,3.670194272787214,False
CCC(=O)Nc1ncc(F)c(-c2cnc(C)n2C(C)C)n1,3.2422061933196007,True
C=C(C)c1ccc(Nc2ccc(S(N)(=O)=O)cc2)cc1,3.087985751262462,True
CCc1cnn2c(NCc3ccc[n+]([O-])c3)cc(N3CCCC[C@H]3CCO)nc12,2.593997301463515,True
NS(=O)(=O)c1ccc(N=Nc2c(O)[nH]c3ccc(-c4c(=O)[nH]c5ccc6[nH]cccc6c45)cc23)cc1,2.694328487768331,True
NC(=O)c1ccc(Nc2nc(N[C@H]3CC[C@H](N)CC3)nc3c2ncn3C2CCCC2)cc1,3.2667895555116497,True
Cc1ncc(-c2ccnc(Nc3ccc(C(=O)NCCN(C)C)c(F)c3)n2)n1C(C)C,3.5787047936369416,False
CC1(C)CN(c2ccc(Nc3cc(-c4c[nH]c5cnccc45)ncn3)nc2)CCN1C1CC1,2.889589763270905,True
Cc1ncc(CC(=O)CC(=O)c2ccc(Nc3ncc(F)c(-c4cnc(C)n4C(C)C)n3)cc2)n1C(C)C,3.1152519962275966,True
C=C(C)c1ccc([C@H]2CCN(C(=O)c3ccc(Nc4ncc(F)c(-c5cnc(C)n5C(C)C)n4)cc3)C2)cc1,3.784998150594001,False
CC(c1ccc2[nH]c(O)c(N=Nc3ccc(S(N)(=O)=O)cc3)c2c1)c1ccc2[nH]c(O)c(-c3cnco3)c2c1,3.4097362068054453,True
COc1ccc(NC(=O)c2ccc3c(c2)CCN(C(=O)C(C)C)C3)cc1,3.5646134432782506,False
COC(C)(C)c1ccc(-c2ccc(S(N)(=O)=O)cc2)cc1,4.117941961708549,False
NS(=O)(=O)c1ccc(-c2ccc(Nc3cc(-c4ccc(N=Nc5cccc(O)c5)cc4)[nH]n3)cc2)cc1,3.4190492830610135,True
CC(=O)N1CCC(c2ccc(-c3ccc(S(N)(=O)=O)cc3)cc2)CC1,3.0109038510055375,True
CC(C)n1cnnc1-c1cccc(NC(=O)Nc2ccc(N3CCNCC3)cn2)n1,3.1105197314918245,True
CC(=O)Nc1ccc(-c2cccc(S(C)(=O)=O)c2)cc1,5.520907352962919,False
CCC(C)c1ccc(-c2ccc(S(N)(=O)=O)cc2)cc1,12.366460043197486,False
O=C(Nc1ccc(F)c(F)c1)c1ccc(N2CCOCC2)cc1,3.3385977595391805,True
CCC(=O)Nc1ccc(C(=O)Nc2ccccc2)cc1,6.589080740133637,False
CCc1ccc(C(=O)Nc2ccc(S(N)(=O)=O)cc2)cc1,3.519233013029972,False
CCN(CC)C1CCN(c2ccc(Nc3ncc4cc5n(c4n3)C3(CCCCC3)CNC5=O)nc2)CC1,3.3401026930320543,True
CNC(=O)c1nn(C)c2c1CCc1cnc(Nc3ccc(N4CCN(C)CC4)cc3)nc1-2,2.8987419685097913,True
COc1ccc(C=Cc2cc(F)c(N3CCCNCC3)cn2)c(Br)c1,3.8389631412661402,False
Cc1ccccc1Nc1ccc(C(=O)N2CCOCC2)cn1,3.3738366884009054,True
C=C(C)CNC(=O)c1ccc(Nc2ncc(F)c(-c3cnc(C)n3C(C)C)n2)cc1F,2.9764972702826373,True
NS(=O)(=O)c1ccc(-c2ccc(C(F)(F)F)cc2)cc1,12.378615189107384,False
C[C@H]([C@@H](C)O)[C@@H](C)Oc1nc(Nc2ccc(S(=O)(=O)O[C@H](C)[C@@H](C)O)cc2)ncc1C(F)(F)F,2.9191747121404035,True
COc1cc(Nc2ccccc2)ccc1N1CCN(C)CC1,2.978379593000195,True
COc1ccc(CC(=O)NC2CCN(c3ccccc3)CC2)cc1,3.633001789154531,False
CC(=O)NCc1ccc(N2Cc3ccccc3C2=O)cc1,7.21151946541088,False
Cc1ncc(-c2nc(-c3nc(Nc4ccc(C(=O)C(C)C)c(F)c4)ncc3F)ncc2F)n1C(C)C,3.112719229227085,True
O=C(c1ccc(CNc2ccc(Cl)cc2)cc1)N1CCCC1,3.160387634452456,True
Nc1ccc(-c2cc(Nc3ccc(S(N)(=O)=O)cc3)[nH]n2)cc1,3.3870494534328803,True
CN(C)CC(=O)Nc1cc(NNc2ccc(N3CCOCC3)cc2)ccc1F,2.9815841426999863,True
CNC(=O)Cc1ccc(-c2ccc(C(=O)NC)cc2)cn1,3.754155697357272,False
Nc1nc2ccc(N[C@H]3CC[C@@H](N)CCO3)cn2c1C(=O)c1c(F)cccc1F,3.8525360478521176,False
CC(=O)N1CCN(c2nc(C(C)C)nc3nc[nH]c23)CC1,6.912200445588944,False
CCN(C)C(=O)c1cccc(Nc2ccc(C(=O)N(C)C)cc2)c1,3.2256328061327797,True
CC(c1ccc(C2CC2)cc1)c1ccc(S(N)(=O)=O)cc1,11.911597248060392,False
COc1cc(F)ccc1C(=O)Nc1cc(C)ccc1F,6.849033873474426,False
COc1ccc(-c2ccc3c(-c4nc5c(N6CCN(C)CC6)cccc5[nH]4)[nH]nc3c2)c(OC)c1,2.9941793533454186,True
CC(C)CN[C@@H]1CNC(=O)c2cc3cnc(Nc4ccc(C#N)cn4)nc3n21,3.2830756920911845,True
CCN1CCN(c2ccc(-c3ccc(NC(C)=O)cn3)cc2)CC1,3.0350624375785027,True
COc1cc(F)ccc1NC(=O)c1ccc(C(N)=O)cc1,5.2969716820084995,False
COc1ccc(C(=O)c2ccc(S(N)(=O)=O)cc2)cc1,3.285319010385443,True
CS(=O)(=O)c1ccc(CC(=O)NC(=O)c2ccccc2)cc1,4.321224363534019,False
CC(C)Nc1ncc2c(n1)CN(C(=O)c1ccc(C#N)c(Cl)c1)CC2,3.085832950760625,True
Cc1ccc(Nc2ccc(N3CCN(C)CC3)cc2)cc1,3.1191328923276087,True
NCCC=c1cc(-c2ccc[nH]2)c2c(O)[nH]c3ccc(F)c1c32,5.963117054024689,False
CC(=O)N1CCN(c2cc(NCc3ccccc3F)ccc2C)CC1,2.94627171184194,True
C[C@@H](O)[C@@H](C)Nc1nc(Nc2ccc(S(=N)(=O)CCO)cc2)ncc1Br,3.117653444499566,True
CCc1ccc(NC(=O)c2ccc(COC)cc2)cc1,3.521938102806463,False
CC(C)N1CCN(Cc2ccc(N3CCC(O)CC3)cc2)CC1,5.363505663276581,False
COc1cc(N2CCN(C)CC2)ccc1-c1ccc(C(=O)O)cc1,3.1104141203383113,True
COCCN1CCN(Cc2ccc(-c3[nH]nc4c3C(=O)c3c(NC(=O)NN5CCOCC5)cccc3-4)cc2)CC1,4.101730732264127,False
O=C(O)c1cc(O)c(O)c2c1c([N+](=O)[O-])cc1ccccc12,2.6750067289634987,True
Clc1cccc(Nc2nccc(-c3ccnc(N4CCOCC4)c3)n2)c1,3.2097082421927396,True
COCS(=N)(=N)c1ccc2[nH]c(O)c(N=Nc3ccc(NN=NNSc4ccc(S(N)(=O)=O)cc4)cc3)c2c1,3.238713479145693,True
CC(O)CSc1nc(Nc2ccc(S(C)(=N)=O)cc2)ncc1Br,2.9843072898078034,True
CC(C)C(=O)NCc1ccc(-c2ccc(S(N)(=O)=O)cc2)cc1,3.179035545570383,True
O=C(O)N1CCCc2cnc(Nc3ccccc3C3CC3)nc2C1,3.7140405221268202,False
CC(C)c1cnc(NC(=O)Cc2ccc(NO[C@H](C)C(C)(C)O)cc2)s1,3.587848798374876,False
C=C(C)N1CCc2cnc(Nc3ccc(C4CC4)cc3)nc2C1,2.962958825228595,True
Cc1nc2c(F)cc(-c3nc(Nc4ncc5c(n4)CCNC5)ncc3F)cc2n1C(C)C,2.919167689599219,True
CNC(=O)c1nc(C)c(F)c(-c2cnc(C)n2C(C)C)n1,3.2583451321184485,True
CC(=N)[CH]C=CC(=O)c1ccc(Nc2ncc(F)c(Nc3ncc(F)c(-c4cnc(C)n4C(C)C)n3)n2)cc1,3.204419760268621,True
C[C@H](O)CN1CCN(c2ccc(Nc3ccc(S(=O)(=O)C4CCCC4)cc3)nc2)C[C@H]1C,2.8693534114848998,True
CC(C)Cc1ccc(Cc2ccc(S(N)(=O)=O)cc2)cc1,12.255718094016355,False
CN1CCN(c2ccnc(-c3ccc([C@H]4CC[C@H](N)CC4)cc3)c2)CC1,3.133986758108594,True
Cc1ccccc1Nc1ccc(N2CCCOC2)cc1,3.303144259641112,True
CN1CCN(Cc2nnc(N[C@H]3CC[C@H](N)CC3)c3ccccc23)CC1,3.24820735175574,True
CN1CCN(c2ccc(NNNC(=O)NNNNc3ncc4c(n3)-c3c(c(C(N)=O)nn3C)CC4)cc2)CC1,2.934037150412387,True
CC(=O)Nc1ccc(-c2ccc(CN3CCOCC3)cc2)cc1,4.237929801211917,False
N#Cc1ccc2c(CCNc3ccc(C(F)(F)F)cc3C(=O)O)c[nH]c2c1,5.368687362847648,False
Fc1ccc(-c2ccc(CCN3CCCNCC3)cc2)cc1,5.492668386130743,False
COc1ccccc1Nc1ccnc(Nc2ccc(OCS(N)(=O)=O)cn2)n1,3.0018795778645075,True
O=[N+]([O-])c1cccc(Nc2nccc(-c3cnn4ncccc34)n2)c1,3.0180528491065237,True
COC(=O)CN1CCc2nc(Nc3ncc(F)c(-c4cc(F)c5nc(C)n(C(C)C)c5c4)n3)ccc2C1,2.873038287249231,True
Cc1nnc2sc(Nc3nc(Nc4ccc(F)c(NC(=O)CN(C)C)c4)ncc3F)nn12,2.803899249259865,True
CN1CCCN(Nc2ccc(-c3ccc(S(N)(=O)=O)cc3)cc2)CC1,3.316499510025597,True
CC(=O)Nc1ccc(CNc2nc(S(=O)(=O)N(C)C)nc3c(C(C)C)cnn23)cc1,3.064935562128514,True
CC(C)c1cccc(Cc2ccc(S(N)(=O)=O)cc2)n1,5.215237866099686,False
O=C(Nc1ncc(SCc2nc(Cc3ccccc3)co2)s1)C1CCNCC1,4.928869342962949,False
C=C(C)CC(=O)c1ccc(Nc2ncc(F)c(Nc3ncc(F)c(-c4cnc(C)n4C(C)C)n3)n2)cc1,3.5134468830480396,False
O=c1cc(Sc2ccccc2Cl)oc2c(C3CCNCC3)c(O)cc(O)c12,7.433414155016524,False
COc1cc(Nc2ncc(Br)c(O[C@H](C)[C@H](C)O)n2)ccc1S(C)(=N)=O,2.988225895075542,True
COc1ccc(-c2ocnc2C(=O)NCc2ccncc2)cc1F,3.126433111390677,True
O=C1Nc2ccc(F)c3c(S[C@H]4CCNC4)cc(-c4ccc[nH]4)c1c23,3.861912738527373,False
CC(C)(C)c1nc(Nc2ccc(NCN3CCSCC3)cc2)ncc1F,2.7979095768090883,True
CC(C)c1cnn2c(NCc3ccccc3)cc(N[C@@H](CO)[C@H](O)CO)nc12,3.114231205289681,True
Cc1ncc(-c2nc(NC3CCOCC3)ncc2F)n1C(C)C,3.0375116460682086,True
CCNC(=O)[C@@H](CC)NC(=O)c1ccc(Nc2ncc(F)c(-c3cnc(C)n3C(C)C)n2)cc1,3.685480158676755,False
Cc1cc(Cc2ccccc2)nc(CN2CCCNCC2)n1,5.445829413413537,False
COc1ccc(C(=O)Nc2ccc(OC)c(O)c2)cc1,3.3249639095785724,True
COc1c[nH]c(CN=Cc2c(=O)[nH]c(O)c3ccc(I)cc23)cc1=O,2.7731382944238487,True
NS(=O)(=O)N=Nc1cccc2[nH]c(O)c(N=Nc3ccc(S(N)(=O)=O)cc3)c12,2.831220408233875,True
CN(C)C(=O)c1ccc(Nc2cc3c(cn2)cc(C(=O)N(C)C)n3C(=O)N2C[C@H](O)[C@@H](O)C2)c(Cl)c1,3.5792756250392355,False
O=C(Nc1ccc(Cl)cc1)c1cc(SCCO)c2c(F)ccc3c2c1C(=O)N3,2.799815886803991,True
O=C(Nc1ccc(N2CCNCC2)cc1)c1ccccc1,4.058154506669258,False
N#Cc1ccc(Nc2nccc(-c3cnn4ncccc34)n2)cc1,2.9018797356196515,True
CC(C)(O)CSc1nc(Nc2ccc(S(C)(=N)=O)cc2)ncc1Br,2.892998617351905,True
c1cc(Cc2ccc3c(n2)CCNC3)cc(N2CCOCNC2)c1,4.533280600183495,False
O=C1Nc2cc3c(O)cccc3c3c4c(cc1c23)OCO4,2.9826466435030508,True
Cc1c(N[C@H]2CCCNC2)nc2ccnn2c1N[C@H]1CC[C@H](N)CC1,2.9623870442600864,True
CCC(CC)n1c(C)nc2c(F)cc(-c3nc(Nc4ccc5c(n4)CCN(CCN(C)C)C5)ncc3F)cc21,3.1072888504289478,True
CN(C)S(=O)(=O)c1ccc(N=Cc2c(O)[nH]c3ccc4ncsc4c23)cc1,2.7329094386752026,True
O=C(O)c1cc(C(F)(F)F)ccc1NCCc1c[nH]c2ccccc12,5.556953391922591,False
Cc1cc(OC(C)C)ccc1Oc1ccc(S(N)(=O)=O)cc1,3.6635482800148824,False
C[C@@H](O)S(=O)(=O)c1ccc(Nc2ncc(C(F)(F)F)c(O[C@H](C)S(=O)(=O)C(F)(F)[C@H](O)S)n2)cc1,2.9102888172825816,True
CN1CC2(CCCC2)n2c(cc3cnc(-c4ccc(NC(=O)O)nn4)nc32)C1=O,5.722001572876408,False
COc1ccc(NC(=O)c2ccc(F)cc2N2CCOCC2)cc1,3.638342067480737,False
O=C(Nc1ccc(CC(=O)N2CCCC2)cc1)c1ccccc1F,3.6923847307668245,False
COc1cc(F)ccc1C(=O)Nc1ccc(C(=O)O)cc1,5.778273098426548,False
NS(=O)(=O)c1ccc(Nc2ccc(C3CC3)cc2)cc1,6.9670948751972634,False
O=C(Nc1ccc(N2CCCCC2)cc1)c1ccsc1,4.333331974358762,False
C[C@@H](NC(=O)N1CCc2cnc(Nc3cnn(C)c3)nc2C1)c1ccc(Cl)c(Cl)c1,4.150371790574917,False
CC(C)Cc1ccc(-c2ccc(S(N)(=O)=O)cc2)nc1,6.837264218969458,False
Cc1ncc(-c2ccnc(Nc3ccc(Cl)cc3)n2)n1C(C)C,3.063671979830742,True
CC[C@@H](CO)Nc1nc(NCc2ccc(NC(C)=O)cc2)n2ncc(C(C)C)c2n1,3.9324742847220233,False
CC1CCC(Cc2nc(C(C)C)nc3nc[nH]c23)CC1,4.293147213874689,False
CCC1CCN(c2cccc(-c3ccc(O)cc3)n2)CC1,5.028272466762314,False
COCS(=N)(=O)c1ccc2[nH]c(O)c(N=NNN=Nc3ccc(S(N)(=O)=O)cc3)c2c1,3.0479247037943678,True
O=C1CCCN1Nc1ccc(N2Cc3ccccc3C2=O)cc1,3.8881293702756334,False
CN(C)C(=O)c1ccc(NC(=O)c2ccccc2)cc1,3.213372371823721,True
Cc1ncc(-c2nc(NC(=O)NC(C)C)ncc2F)n1C(C)C,3.1416206009001235,True
COc1ccc2[nH]nc(C(=O)NCC3CCN(CCc4ccc(O)cc4)CC3)c2c1,4.30525132831987,False
C=C(C)NSC(=C)[C@@H](C)NCNC(=O)c1ccc(Nc2ncc(F)c(-c3cnc(C)n3C(C)C)n2)cc1F,2.999380769425588,True
O=c1[nH]c(O)c(C=Nc2ccc(CN3CCCCC3)cc2)c2ccccc12,4.427800695604986,False
COc1ccc(NC(=O)c2ccc(N3CCOCC3)cc2)cc1,3.381044365281244,True
COc1cc(Nc2ccccc2)ccc1N1CCOCC1,3.1653818095136708,True
C[C@@H](Nc1nc(Nc2ccc(S(=N)(=O)CC3CC3)cc2)ncc1Br)C(C)(C)O,3.2001728078339835,True
