inchikey,pactivity,n_measurements,pactivity_std,pactivity_range,std_smiles,mw,n_heavy_atoms,n_documents,molecule_chembl_ids,primary_document,all_documents,assay_types
AAOLDQJTTACKSD-UHFFFAOYSA-N,8.698970004336019,1,,0.0,COc1cc(F)c(F)c(F)c1C(=O)c1cnc(NC2CCN(S(C)(=O)=O)CC2)nc1N,459.45000000000033,31,1,CHEMBL213713,CHEMBL1137323,CHEMBL1137323,B
ACSYKUPGCXYRRO-UHFFFAOYSA-N,7.400007822415902,1,,0.0,Nc1cc(-c2c[nH]c3ncccc23)cc(Cl)n1,244.68500000000003,17,1,CHEMBL1987448,CHEMBL1201862,CHEMBL1201862,F
ADLPKFFMGIJZIM-UHFFFAOYSA-N,5.100000128334196,1,,0.0,COc1ccc(NC(=O)Nc2ccc(-c3csc4c(-c5cnn(CC(C)(C)O)c5)cnc(N)c34)cc2)cc1,528.6380000000004,38,1,CHEMBL2004290,CHEMBL1201862,CHEMBL1201862,F
AEZICWXXUCODMN-UHFFFAOYSA-N,6.499996931948306,1,,0.0,O=C1Nc2ccccc2Nc2nnc(Cl)cc21,246.65699999999998,17,1,CHEMBL1968850,CHEMBL1201862,CHEMBL1201862,F
AGAYQQLAAVQQLA-UHFFFAOYSA-N,7.301029995663981,1,,0.0,COc1ccc(Nc2nccc(-c3cnn4ncccc34)n2)cc1OC,348.36600000000016,26,1,CHEMBL186054,CHEMBL1138749,CHEMBL1138749,B
AGYRJOAGMDIFKL-UHFFFAOYSA-N,5.100000128334196,1,,0.0,Cc1[nH]nc2cccc(-c3ccc(NC(=O)Nc4cccc(C(F)(F)F)c4)cc3)c12,410.39900000000006,30,1,CHEMBL1970074,CHEMBL1201862,CHEMBL1201862,F
AGYZUONRISUOIK-UHFFFAOYSA-N,7.0,1,,0.0,c1ccc(Cn2cc(-c3ccc4[nH]nc(-c5ccccc5)c4c3)nn2)cc1,351.41300000000007,27,1,CHEMBL1982400,CHEMBL1201862,CHEMBL1201862,F
AHXBVGBTNPVUAS-UHFFFAOYSA-N,7.221848749616356,1,,0.0,Cc1nc(N(C)C)sc1-c1ccnc(Nc2cccc([N+](=O)[O-])c2)n1,356.4110000000001,25,1,CHEMBL46401,CHEMBL1149116,CHEMBL1149116,B
AICUOEJPCSKION-OAQYLSRUSA-N,6.619788758288394,1,,0.0,Cc1cnc(Nc2ccccc2Cl)nc1-c1c[nH]c(C(=O)N[C@H](CO)c2ccccc2)c1,447.92600000000016,32,1,CHEMBL571038,CHEMBL1154622,CHEMBL1154622,B
AIQDZMUPVYDVLB-UHFFFAOYSA-N,7.0,1,,0.0,NS(=O)(=O)c1cccc(Nc2ncc3ccn(Cc4ccccc4)c3n2)c1,379.4450000000001,27,1,CHEMBL1993424,CHEMBL1201862,CHEMBL1201862,F
AOBLBPWPSKBHSI-UHFFFAOYSA-N,7.599980364934842,1,,0.0,Nc1[nH]nc2ccc(-c3nnn(Cc4ccccc4)c3I)cc12,416.226,23,1,CHEMBL1975128,CHEMBL1201862,CHEMBL1201862,F
APUCFXHENVUXCY-UHFFFAOYSA-N,5.59999938302362,1,,0.0,Cc1cccc(NC(=O)Cc2ccc(-c3cccc4[nH]nc(N)c34)cc2)c1,356.4290000000001,27,1,CHEMBL1964307,CHEMBL1201862,CHEMBL1201862,F
AQGNHMOJWBZFQQ-UHFFFAOYSA-N,5.800000874803203,1,,0.0,Cc1c[nH]c(-c2cnc(NCCNc3ccc(C#N)cn3)nc2-c2ccc(Cl)cc2Cl)n1,465.3480000000001,32,1,CHEMBL412142,CHEMBL1201862,CHEMBL1201862,F
AVLKQLNCKFMMQM-LDADJPATSA-N,5.657577319177793,1,,0.0,CC(C)(C)n1nc(-c2cccc(NC(=O)/C(C#N)=C/c3ccccc3)c2)c2c(=O)[nH]cnc21,438.49100000000016,33,1,CHEMBL5174224,CHEMBL5126571,CHEMBL5126571,B
AWDORCFLUJZUQS-UHFFFAOYSA-N,5.59999938302362,1,,0.0,Cc1cncc2cccc(S(=O)(=O)N3CCCNCC3C)c12,319.43,22,1,CHEMBL1082440,CHEMBL1201862,CHEMBL1201862,F
AWJPVXSHMIELNJ-UHFFFAOYSA-N,6.499996931948306,1,,0.0,NC(=O)c1cc2c(-c3ccc(Br)c(F)c3F)cncc2s1,369.19,21,1,CHEMBL1999918,CHEMBL1201862,CHEMBL1201862,F
AXAQVNRYNMCZCK-UHFFFAOYSA-N,6.096910013008056,1,,0.0,CNc1nc(C)c(-c2ccnc(Nc3cccc([N+](=O)[O-])c3)n2)s1,342.38400000000007,24,1,CHEMBL46429,CHEMBL1149116,CHEMBL1149116,B
AXEQDNRVEUBEKN-UHFFFAOYSA-N,7.022276394711152,1,,0.0,COc1ccc(-c2[nH][nH]c(=O)c2N=Nc2cccc(OC)c2)cc1,324.34000000000003,24,1,CHEMBL1080902,CHEMBL1154953,CHEMBL1154953,B
AXRCEOKUDYDWLF-UHFFFAOYSA-N,5.301029995663981,1,,0.0,Cn1cc(C2=C(c3cn(C4CCN(Cc5ccccn5)CC4)c4ccccc34)C(=O)NC2=O)c2ccccc21,515.6170000000003,39,1,CHEMBL300138,CHEMBL1908390,CHEMBL1908390,B
AYJBHLUSGLQYDG-UHFFFAOYSA-N,5.499999678657065,1,,0.0,Nc1[nH]nc2cccc(-c3ccc(NC(=O)Nc4cc(CO)ccc4F)cc3)c12,391.4060000000001,29,1,CHEMBL1985311,CHEMBL1201862,CHEMBL1201862,F
AYMYWHCQALZEGT-UHFFFAOYSA-N,4.0,1,,0.0,O=C(C=Cc1ccc(O)c(O)c1)c1ccc(O)cc1O,272.256,20,1,CHEMBL128000,CHEMBL1156625,CHEMBL1156625,B
AZTMYWWWILJAKW-UHFFFAOYSA-N,5.505161193496683,2,0.007299484288578423,0.010323029679237372,N#Cc1ncc2nc1OCCCCOc1cc(NCc3cncs3)c(Cl)cc1NC(=O)N2,471.93000000000006,32,2,CHEMBL248757,CHEMBL1140564,CHEMBL1140564|CHEMBL1201862,B|F
BEJCLDKQCNVTQR-UHFFFAOYSA-N,7.899974269892137,1,,0.0,N#Cc1ccc(C(=O)Nc2[nH]nc3ccc(-c4cn(Cc5ccccc5)nn4)cc23)cc1,419.44800000000015,32,1,CHEMBL1990162,CHEMBL1201862,CHEMBL1201862,F
BERZRFJWHSXBCR-UHFFFAOYSA-N,6.499996931948306,1,,0.0,OCCNc1cc(-c2c[nH]c3ncccc23)cc(Cl)n1,288.738,20,1,CHEMBL1989006,CHEMBL1201862,CHEMBL1201862,F
BFNPREZASZQRTJ-UHFFFAOYSA-N,6.543633966870956,1,,0.0,CNc1ccc(Nc2nccc(-c3sc(C)nc3C)n2)cc1,311.41400000000004,22,1,CHEMBL1083150,CHEMBL1155519,CHEMBL1155519,B
BFSMGDJOXZAERB-UHFFFAOYSA-N,7.721246399047171,1,,0.0,CC(C)(C)c1nc(-c2cccc(NS(=O)(=O)c3c(F)cccc3F)c2F)c(-c2ccnc(N)n2)s1,519.5740000000002,35,1,CHEMBL2028663,CHEMBL3991601,CHEMBL3991601,B
BGYVWFZMYBWCNY-UHFFFAOYSA-N,7.700057099977233,1,,0.0,CNCC(=O)NC1CCC(Nc2nc(Cl)cc(-c3c[nH]c4ncccc34)n2)CC1,413.9130000000002,29,1,CHEMBL1996980,CHEMBL1201862,CHEMBL1201862,F
BHBDKGIDYKROMY-ONEGZZNKSA-N,6.6259059864969,2,0.24037957967529816,0.33994806169435066,CN(C)C(=O)C(Cc1ccc(O)cc1)NC(=O)c1cc(C(=O)O)c2cc(/C=C/c3ccc(Cl)cc3)ccc2n1,544.0070000000002,39,1,CHEMBL3099751,CHEMBL3098110,CHEMBL3098110,B
BHGSKYNWCFIOHP-UHFFFAOYSA-N,6.499996931948306,1,,0.0,CCCC(=O)Nc1nn(C(=O)CC)c2nc3ccccc3cc12,310.357,23,1,CHEMBL1970913,CHEMBL1201862,CHEMBL1201862,F
BIIVYFLTOXDAOV-UHFFFAOYSA-N,7.400007822415902,2,0.0,0.0,CN1CCC(c2c(O)cc(O)c3c(=O)cc(-c4ccccc4Cl)oc23)C(O)C1,401.8460000000001,28,1,CHEMBL422897,CHEMBL1201862,CHEMBL1201862,F
BLTVBQXJFVRPFK-UHFFFAOYSA-N,6.0,1,,0.0,N#Cc1ccc2[nH]c(O)c(-c3ccc(CN4CCOCC4)cn3)c2c1,334.3790000000001,25,1,CHEMBL1969664,CHEMBL1201862,CHEMBL1201862,F
BLUHZSPELLCJKH-UHFFFAOYSA-N,6.299997602857746,1,,0.0,O=C1Nc2ccccc2Nc2cc(-c3ccncc3Cl)ccc21,321.767,23,1,CHEMBL1987745,CHEMBL1201862,CHEMBL1201862,F
BLZGDFUGFILBJG-UHFFFAOYSA-N,8.698970004336019,1,,0.0,Fc1ccc(Nc2nccc(-c3cnn4ncccc34)n2)cc1F,324.2940000000001,24,1,CHEMBL364370,CHEMBL1138749,CHEMBL1138749,B
BMHDAQPPVLYLRR-UHFFFAOYSA-N,8.229147988357855,1,,0.0,CC(=O)c1c(C)c2cnc(NC3CCN(S(C)(=O)=O)CC3)nc2n(C2CCCC2)c1=O,447.5610000000004,31,1,CHEMBL5280928,CHEMBL5579822,CHEMBL5579822,B
BOQORPXVPMXARS-UHFFFAOYSA-N,9.0,1,,0.0,Clc1ccc(Nc2nccc(-c3cnn4ncccc34)n2)cc1Cl,357.20400000000006,24,1,CHEMBL186890,CHEMBL1138749,CHEMBL1138749,B
BPJQSSSZFGZEOF-UHFFFAOYSA-N,5.200000237109354,1,,0.0,COc1cc(C)c(Cl)cc1NC(=O)Nc1cnc(C#N)cn1,317.7360000000001,22,1,CHEMBL1975233,CHEMBL1201862,CHEMBL1201862,F
BPNUQXPIQBZCMR-IBGZPJMESA-N,7.337242168318426,1,,0.0,Cc1[nH]nc2ccc(-c3cncc(OC[C@@H](N)Cc4ccccc4)c3)cc12,358.445,27,1,CHEMBL379218,CHEMBL1137422,CHEMBL1137422,B
BPNUQXPIQBZCMR-UHFFFAOYSA-N,7.100015437450609,1,,0.0,Cc1[nH]nc2ccc(-c3cncc(OCC(N)Cc4ccccc4)c3)cc12,358.445,27,1,CHEMBL2002726,CHEMBL1201862,CHEMBL1201862,F
BQPLWJRDSDNGNE-UHFFFAOYSA-N,5.700000503883016,1,,0.0,N#Cc1ncc2nc1OCCCCCOc1cc(OCCO)c(Cl)cc1NC(=O)N2,433.8520000000001,30,1,CHEMBL413779,CHEMBL1201862,CHEMBL1201862,F
BQWACEUCYSZDBQ-UHFFFAOYSA-N,7.599980364934842,1,,0.0,CCCC(=O)Nc1[nH]nc2nnc(-c3cccc(F)c3F)cc12,317.29900000000004,23,1,CHEMBL1979970,CHEMBL1201862,CHEMBL1201862,F
BQWUBCRDJPIJAT-UHFFFAOYSA-N,6.399996913372259,1,,0.0,Cc1ccc(Nc2nccc(Nc3ccccc3C(=O)O)n2)cc1F,338.3420000000001,25,1,CHEMBL243518,CHEMBL1201862,CHEMBL1201862,F
BTHLNBWTKKAULX-UHFFFAOYSA-N,5.800000874803203,1,,0.0,Cc1[nH]nc2ncc(C#N)c(-c3ccccc3)c12,234.262,18,1,CHEMBL1965495,CHEMBL1201862,CHEMBL1201862,F
BTIHMVBBUGXLCJ-UHFFFAOYSA-N,6.699991797446187,1,,0.0,CCC(CO)Nc1nc(NCc2ccccc2)c2ncn(C(C)C)c2n1,354.4580000000001,26,1,CHEMBL52387,CHEMBL1201862,CHEMBL1201862,F
BUMDIHXPDAJSFZ-UHFFFAOYSA-N,5.300000202445418,1,,0.0,CCOC(=O)c1ccc2[nH]c3c(c2c1)CCNC3=O,258.277,19,1,CHEMBL2005528,CHEMBL1201862,CHEMBL1201862,F
BWBMBCPGRIOUNV-UHFFFAOYSA-N,5.400116927926312,1,,0.0,c1ccc(Nc2nccc(-c3c(C4CC4)nn4ncccc34)n2)cc1,328.379,25,1,CHEMBL362296,CHEMBL1138749,CHEMBL1138749,B
BZFGDXJGWSIYQP-UHFFFAOYSA-N,5.499999678657065,1,,0.0,Nc1ncnc2c1c(I)nn2C1OC(CO)C(O)C1O,393.1410000000001,20,1,CHEMBL2001288,CHEMBL1201862,CHEMBL1201862,F
CALAEFSQWBJMDU-UHFFFAOYSA-N,5.899998417198648,1,,0.0,c1cnc2nc(-c3ccc4[nH]ncc4c3)c(NC3CCCCC3)n2c1,332.4110000000002,25,1,CHEMBL1682552,CHEMBL1201862,CHEMBL1201862,F
CBUPUJHKQHRYSF-UHFFFAOYSA-N,5.2889523961329665,1,,0.0,COc1ccccc1C(=O)c1cnc(Nc2ccc(N3CCN(C)CC3)cc2)nc1N,418.50100000000026,31,1,CHEMBL383875,CHEMBL1137323,CHEMBL1137323,B
CFBADDSSFSYJPF-UHFFFAOYSA-N,6.900008766455315,1,,0.0,CSc1c[nH]c2c(ccc3cnccc32)c1=O,242.303,17,1,CHEMBL2006933,CHEMBL1201862,CHEMBL1201862,F
CGGMDMYBCWDOLZ-UHFFFAOYSA-N,6.826813731587726,1,,0.0,Cc1c(-c2ccnc(Nc3ccc(N4CCNCC4)cc3)n2)sc(=O)n1C,382.49300000000005,27,1,CHEMBL3932121,CHEMBL3856187,CHEMBL3856187,B
CHADTINFLWZSKR-UHFFFAOYSA-N,6.900008766455315,1,,0.0,CS(=O)(=O)NC1CCCC(Nc2nc(Cl)cc(-c3c[nH]c4ncccc34)n2)C1,420.92600000000016,28,1,CHEMBL1987948,CHEMBL1201862,CHEMBL1201862,F
CHTMRWQLNNRRFJ-UHFFFAOYSA-N,7.599980364934842,1,,0.0,Cc1[nH]nc2ccc(-c3cncc(OCC(N)Cc4ccc(Cl)c(Cl)c4)c3)cc12,427.3350000000001,29,1,CHEMBL1991063,CHEMBL1201862,CHEMBL1201862,F
CKDGJQLBXUOVSI-UHFFFAOYSA-N,5.59999938302362,1,,0.0,O=C(NCc1ccccc1)Nc1ncc([N+](=O)[O-])s1,278.293,19,1,CHEMBL1964644,CHEMBL1201862,CHEMBL1201862,F
CKJOPHUBYHDSMD-UHFFFAOYSA-N,7.096910013008056,1,,0.0,Cc1nc(C)c(-c2ccnc(Nc3ccccc3)n2)s1,282.372,20,1,CHEMBL295127,CHEMBL1149116,CHEMBL1149116,B
CKVWQORGCCEYHS-UHFFFAOYSA-N,6.499996931948306,1,,0.0,Cc1cccc(Nc2nccc(Nc3c(NC(C)C(C)(C)C)c(=O)c3=O)n2)c1,379.4640000000002,28,1,CHEMBL1969523,CHEMBL1201862,CHEMBL1201862,F
CLEGDJQQHUTCOW-UHFFFAOYSA-N,6.699991797446187,1,,0.0,Clc1cc(-c2c[nH]c3ncccc23)nc(NC2CCCCC2)n1,327.8190000000002,23,1,CHEMBL2006439,CHEMBL1201862,CHEMBL1201862,F
CLKJPEPFYDJWOV-UHFFFAOYSA-N,7.292429823902063,1,,0.0,CCS(=O)(=O)N1CCC(Nc2ncc(C(=O)c3ccccc3OC)c(N)n2)CC1,419.50700000000023,29,1,CHEMBL385190,CHEMBL1137323,CHEMBL1137323,B
CLRFYTGANQZOBS-UHFFFAOYSA-N,6.599997654072045,1,,0.0,NC(=O)c1cn(-c2ccc(O)cc2Cl)c2cc(-c3ccncc3)ccc2c1=O,391.8140000000001,28,1,CHEMBL340384,CHEMBL1201862,CHEMBL1201862,F
CNQGNADBGYCKKV-UHFFFAOYSA-N,7.0,1,,0.0,CS(=O)(=O)NC1CCC(Nc2nc(Cl)cc(-c3c[nH]c4ncccc34)n2)CC1,420.9260000000002,28,1,CHEMBL1980562,CHEMBL1201862,CHEMBL1201862,F
COZJPYRHGBKHLH-FRKPEAEDSA-N,5.785156151952302,1,,0.0,CC(C)(C)n1nc(-c2cccc(NC(=O)/C(C#N)=C/c3cc([N+](=O)[O-])cc([N+](=O)[O-])c3)c2)c2c(=O)[nH]cnc21,528.4850000000002,39,1,CHEMBL5190359,CHEMBL5126571,CHEMBL5126571,B
CPGKMMMSMJKHDL-UHFFFAOYSA-N,5.899998417198648,1,,0.0,c1cnc2nc(-c3ccc4[nH]ncc4c3)cn2c1,235.25000000000003,18,1,CHEMBL1682540,CHEMBL1201862,CHEMBL1201862,F
CPJICALSLDLRJP-UHFFFAOYSA-N,6.173925197299173,1,,0.0,Cc1nc(C)c(-c2ccnc(Nc3cccc(Cl)c3)n2)s1,316.817,21,1,CHEMBL44712,CHEMBL1149116,CHEMBL1149116,B
CPMDPSXJELVGJG-UHFFFAOYSA-N,5.853871964321762,1,,0.0,COC(=O)c1ccc2c(C(=Nc3ccc(N(C)C(=O)CN4CCN(C)CC4)cc3)c3ccccc3)c(O)[nH]c2c1,539.6360000000004,40,1,CHEMBL502835,CHEMBL1908390,CHEMBL1908390,B
CQYPNVKLVHHOSJ-UHFFFAOYSA-N,3.4559319556497243,1,,0.0,Nc1nc(I)c2[nH]cnc2n1,261.026,11,1,CHEMBL4449374,CHEMBL4390671,CHEMBL4390671,B
CRHBWGFUPXDNDU-NSCUHMNNSA-N,8.301029995663981,1,,0.0,COC(=O)C(Cc1ccc(O)cc1)NC(=O)c1cc(C(=O)O)c2cc(/C=C/c3ccc(Cl)cc3)ccc2n1,530.9640000000002,38,1,CHEMBL3099763,CHEMBL3098110,CHEMBL3098110,B
CRKQBJZCCHKEGI-UHFFFAOYSA-N,5.899998417198648,1,,0.0,CCCC(=O)Nc1cc(-c2c[nH]c3ncccc23)cc(Cl)n1,314.776,22,1,CHEMBL1998470,CHEMBL1201862,CHEMBL1201862,F
CRTYIBGQZSHPSN-JOCHJYFZSA-N,6.853871964321762,1,,0.0,Cc1ccccc1Nc1ncc(C)c(-c2c[nH]c(C(=O)N[C@H](CO)c3ccccc3)c2)n1,427.5080000000001,32,1,CHEMBL584754,CHEMBL1154622,CHEMBL1154622,B
CTFDMGIBHFQWKB-UHFFFAOYSA-N,5.794695728715816,2,0.8592890091353454,1.2152181707173435,Cc1nc(C)c(-c2ccnc(N)n2)s1,206.27399999999997,14,2,CHEMBL47302,CHEMBL1149116,CHEMBL1149116|CHEMBL4346652,B
CTJAMSGCMYAVCZ-UHFFFAOYSA-N,5.200000237109354,1,,0.0,c1ccc(Nc2nc(-c3ccc4[nH]ncc4c3)cs2)cc1,292.367,21,1,CHEMBL1682545,CHEMBL1201862,CHEMBL1201862,F
CTQIQHVVPQICIK-UHFFFAOYSA-N,6.599997654072045,1,,0.0,COc1ccccc1C(=O)Nc1[nH]nc2ccc(-c3cn(Cc4ccccc4)nn3)cc12,424.4640000000001,32,1,CHEMBL1997643,CHEMBL1201862,CHEMBL1201862,F
CXGFHBJFQBWPBO-UHFFFAOYSA-N,8.154901959985743,1,,0.0,COc1ccc(F)cc1C(=O)c1cnc(NC2CCN(S(C)(=O)=O)CC2)nc1N,423.47000000000025,29,1,CHEMBL268507,CHEMBL1137323,CHEMBL1137323,B
CXHLTNFGZLWOKU-UHFFFAOYSA-N,8.221848749616356,1,,0.0,c1cnn2ncc(-c3ccnc(Nc4ccc5c(c4)OCCCO5)n3)c2c1,360.3770000000002,27,1,CHEMBL186708,CHEMBL1138749,CHEMBL1138749,B
CXXHIMHTNIDPAR-UHFFFAOYSA-N,5.823908740944319,1,,0.0,OCc1csc(-c2ccnc(Nc3cc(O)cc(C(F)(F)F)c3)n2)n1,368.34000000000003,25,1,CHEMBL485730,CHEMBL1152268,CHEMBL1152268,B
CYLGCMABIBXHIQ-UHFFFAOYSA-N,7.400007822415902,1,,0.0,COc1cccc(C(=O)Nc2[nH]nc3ccc(-c4cn(Cc5ccccc5)nn4)cc23)c1,424.4640000000001,32,1,CHEMBL1980435,CHEMBL1201862,CHEMBL1201862,F
CYLYPHIGBMPKCK-UHFFFAOYSA-N,6.499996931948306,1,,0.0,Cc1[nH]nc2ccc(-c3cncc(OCCNS(C)(=O)=O)c3)cc12,346.4120000000001,24,1,CHEMBL1967704,CHEMBL1201862,CHEMBL1201862,F
CZUZYJLPSLQMKQ-UHFFFAOYSA-N,6.0,3,0.04359330119573673,0.08715017571890016,COC(=O)C(Cc1ccc(O)cc1)NC(=O)c1cc(C(=O)O)c2cc(-c3cccs3)ccc2n1,476.5100000000002,34,1,CHEMBL3099754,CHEMBL3098110,CHEMBL3098110,B
DBKQWGCVGCVPIP-UHFFFAOYSA-N,5.700000503883016,1,,0.0,CC(=O)Nc1c(C(N)=O)sc2ccc(Cl)c(Cl)c12,303.17,18,1,CHEMBL1973142,CHEMBL1201862,CHEMBL1201862,F
DBXGGXLBTWZXBB-UHFFFAOYSA-N,6.799998134593398,1,,0.0,O=c1[nH]c2cnc(-n3cnc4ccc(F)cc43)nc2n1C1CCOc2c(F)cccc21,420.3790000000002,31,1,CHEMBL2000393,CHEMBL1201862,CHEMBL1201862,F
DDIHZTFUIFPFOO-OAQYLSRUSA-N,6.4604093769761874,2,0.08834502788860882,0.1249387366082999,CCC[C@H](Cc1ccc(O)cc1)NC(=O)c1cc(C(=O)O)c2cc(-c3cccc(C(F)(F)F)c3)ccc2n1,522.5230000000001,38,1,CHEMBL3099749,CHEMBL3098110,CHEMBL3098110,B
DEIGLICSSNUYPO-UHFFFAOYSA-N,6.958607314841775,2,0.0,0.0,Cc1nc(C)c(-c2ccnc(Nc3cccc([N+](=O)[O-])c3)n2)s1,327.369,23,2,CHEMBL45408,CHEMBL1149116,CHEMBL1149116|CHEMBL4346652,B
DFMCXVONDDGQIY-UHFFFAOYSA-N,6.299997602857746,1,,0.0,NC(=O)c1ccc(-c2c[nH]c3nccc(Cl)c23)cc1,271.707,19,1,CHEMBL1982711,CHEMBL1201862,CHEMBL1201862,F
DGGKOQYFPRMYAH-UHFFFAOYSA-N,6.774690718274137,1,,0.0,Cc1nc(C)c(-c2ccnc(Nc3ccc(N)cc3)n2)s1,297.387,21,1,CHEMBL1084454,CHEMBL1155519,CHEMBL1155519,B
DJIOCMRPQBSLOC-HDJSIYSDSA-N,5.508638306165727,1,,0.0,O[C@H]1CC[C@H](Nc2ccc3nnc(-c4cccc(C(F)(F)F)c4)n3n2)CC1,377.37000000000006,27,1,CHEMBL494221,CHEMBL1136908,CHEMBL1136908,B
DJUSDFVEBBYFFL-UHFFFAOYSA-N,5.300000202445418,1,,0.0,O=c1[nH]cnc2c1sc1c(Cl)ccc(Cl)c12,271.128,16,1,CHEMBL583144,CHEMBL1201862,CHEMBL1201862,F
DKSNLQYRZJKYOC-UHFFFAOYSA-N,5.100000128334196,1,,0.0,Cc1ccc(NC(=O)Nc2ccc(-c3csc4ncnc(N)c34)cc2)cc1C,389.48400000000015,28,1,CHEMBL2000335,CHEMBL1201862,CHEMBL1201862,F
DKTMRIORKQEKMU-UHFFFAOYSA-N,6.799998134593398,1,,0.0,COCC(C)Nc1cc(-c2c[nH]c3ncccc23)cc(Cl)n1,316.7920000000001,22,1,CHEMBL1998068,CHEMBL1201862,CHEMBL1201862,F
DKZYXHCYPUVGAF-JCNLHEQBSA-N,7.040958607678906,1,,0.0,CC(=O)c1cnc2ccc(-c3cc(Cl)c(O)c(Cl)c3)nc2c1N[C@H]1CC[C@H](CN(C)C)CC1,487.43100000000027,33,1,CHEMBL3688339,CHEMBL3991601,CHEMBL3991601,B
DLJWCYCMLMVSML-FQEVSTJZSA-N,6.809894379144197,2,0.26884994729763434,0.38021124171160636,COC[C@H](Cc1ccc(O)cc1)NC(=O)c1cc(C(=O)O)c2cc(-c3cccc(C(F)(F)F)c3)ccc2n1,524.4950000000002,38,1,CHEMBL3099752,CHEMBL3098110,CHEMBL3098110,B
DNUARRYUJCTBON-UHFFFAOYSA-N,6.0,1,,0.0,Cc1nn(C)c2c1c(=O)c1cc(Cl)ccc1n2OCC(C)C,319.7920000000001,22,1,CHEMBL1977814,CHEMBL1201862,CHEMBL1201862,F
DPEXRCOBPACFOO-UHFFFAOYSA-N,6.699991797446187,1,,0.0,O=C1NC(=O)c2c1c(-c1ccccc1Cl)cc1[nH]c3ccc(O)cc3c21,362.7720000000001,26,1,CHEMBL379975,CHEMBL1201862,CHEMBL1201862,F
DPRGOXVMSNDADU-UHFFFAOYSA-N,6.0,1,,0.0,CC(=NN=C(N)N)c1cc(NC(=O)NCCCN(C)CCCNC(=O)Nc2cc(C(C)=NN=C(N)N)cc(C(C)=NN=C(N)N)c2)cc(C(C)=NN=C(N)N)c1,775.9319999999996,56,1,CHEMBL1993166,CHEMBL1201862,CHEMBL1201862,F
DQPYZHUAILXFJI-UHFFFAOYSA-N,6.900008766455315,1,,0.0,NC1CCCCC1Nc1nc(Cl)cc(-c2c[nH]c3ncccc23)n1,342.83400000000006,24,1,CHEMBL1994438,CHEMBL1201862,CHEMBL1201862,F
DRAPUDHCQNOIEX-HXUWFJFHSA-N,5.7447274948966935,1,,0.0,CN(C)C[C@@H](NC(=O)N1Cc2c(NC(=O)c3ccccc3)n[nH]c2C1(C)C)c1ccccc1,446.5550000000001,33,1,CHEMBL2064558,CHEMBL2062373,CHEMBL2062373,B
DTMZXHDQZQLTHA-UHFFFAOYSA-N,6.499996931948306,1,,0.0,O=C(O)c1ccccc1Nc1ccnc(Nc2cccc(F)c2)n1,324.315,24,1,CHEMBL243298,CHEMBL1201862,CHEMBL1201862,F
DTVBJIVUGSOZDZ-UHFFFAOYSA-N,5.300000202445418,1,,0.0,Nc1c(-c2ccccc2)c2cc(Cl)ccc2[nH]c1=O,270.719,19,1,CHEMBL462120,CHEMBL1201862,CHEMBL1201862,F
DWHOVKRIZFMOSJ-UHFFFAOYSA-N,5.499999678657065,1,,0.0,NC(=O)c1cc2c(-c3cc(C(F)(F)F)cc(C(F)(F)F)c3)cncc2s1,390.308,26,1,CHEMBL2002322,CHEMBL1201862,CHEMBL1201862,F
DWTNLZZEPSCAIH-UHFFFAOYSA-N,6.0,1,,0.0,CC(N)C1CCC(C(=O)Nc2ccnc3[nH]ccc23)CC1,286.37900000000013,21,1,CHEMBL2002992,CHEMBL1201862,CHEMBL1201862,F
DWXUTKBSWVUPBE-UHFFFAOYSA-N,8.400007822415901,1,,0.0,Cc1ccccc1-c1c(-c2ccc3[nH]nc(C)c3c2)nnn1Cc1ccccc1,379.4670000000001,29,1,CHEMBL1983315,CHEMBL1201862,CHEMBL1201862,F
DYNHJHQFHQTFTP-UHFFFAOYSA-N,6.892790030352131,1,,0.0,CC1(COc2ccc3c(c2)ncn3-c2ccc3cccc(N4CCC(N)CC4)c3n2)COC1,443.5510000000004,33,1,CHEMBL2105728,CHEMBL3991601,CHEMBL3991601,B
DYSRECIVMDGUQU-UHFFFAOYSA-N,6.599997654072045,1,,0.0,CC(C)Nc1c(-c2ccc3[nH]ncc3c2)nc2ncccn12,292.346,22,1,CHEMBL1682553,CHEMBL1201862,CHEMBL1201862,F
DYTKVFHLKPDNRW-UHFFFAOYSA-N,8.698970004336019,4,1.1483325951307657,2.296665190261531,Cc1nc(N)sc1-c1ccnc(Nc2cccc([N+](=O)[O-])c2)n1,328.3570000000001,23,4,CHEMBL298445,CHEMBL1149116,CHEMBL1149116|CHEMBL1155519|CHEMBL3856187|CHEMBL4346652,B
DZCWNAMURCVSNJ-UHFFFAOYSA-N,5.800000874803203,1,,0.0,Nc1nonc1-n1nnc(C(=O)NN=Cc2cccs2)c1-c1cccs1,386.4220000000001,26,1,CHEMBL1975256,CHEMBL1201862,CHEMBL1201862,F
DZGATJHVQUFYSK-UHFFFAOYSA-N,5.899998417198648,1,,0.0,CN(C)CCCOc1cc2c(c(-c3ccc(Nc4nc5ccccc5o4)cc3)c1)CNC2=O,442.5190000000002,33,1,CHEMBL1966425,CHEMBL1201862,CHEMBL1201862,F
DZIPQNPWTUXXSJ-UHFFFAOYSA-N,6.299997602857746,1,,0.0,NC(=O)c1cc2c(-c3ccccc3)cncc2s1,254.31400000000002,18,1,CHEMBL1999556,CHEMBL1201862,CHEMBL1201862,F
FAIHBCXQSBIRIL-UHFFFAOYSA-N,6.599997654072045,1,,0.0,O=c1cc(-c2ccncc2)[nH]c(NC2CCCCC2)n1,270.33599999999996,20,1,CHEMBL1958401,CHEMBL1201862,CHEMBL1201862,F
FDBPGAHVEGEARY-UHFFFAOYSA-N,6.199998172182031,1,,0.0,COCCN(C)C(=O)c1c(-c2ccc3[nH]ncc3c2)nnn1Cc1ccccc1,390.4470000000001,29,1,CHEMBL1986970,CHEMBL1201862,CHEMBL1201862,F
FEQLPEIKSCUTRT-UHFFFAOYSA-N,8.096910013008056,1,,0.0,O=c1ccc2c(-c3ccnc(Nc4cccc(C(F)(F)F)c4)n3)cnn2[nH]1,372.31,27,1,CHEMBL187750,CHEMBL1138749,CHEMBL1138749,B
FGECJLIFPRCLCB-UHFFFAOYSA-N,8.0,1,,0.0,FC(F)(F)c1cc(Nc2nccc(-c3cnn4ncccc34)n2)ccc1Cl,390.7560000000001,27,1,CHEMBL188665,CHEMBL1138749,CHEMBL1138749,B
FGGSNQOBRJVAKL-UHFFFAOYSA-N,6.6289517988483775,2,0.040482599079846714,0.0572510406588318,Cc1nc(C)c(-c2ccnc(Nc3ccc(N(C)C)cc3)n2)s1,325.441,23,2,CHEMBL46817,CHEMBL1149116,CHEMBL1149116|CHEMBL1155519,B
FGLPGUCHBHILNS-UHFFFAOYSA-N,6.0,1,,0.0,O=C(Nc1cnccn1)Nc1ccnc2c(C(F)(F)F)cccc12,333.273,24,1,CHEMBL1994538,CHEMBL1201862,CHEMBL1201862,F
FLEAYYMORDPWAJ-UHFFFAOYSA-N,7.79997073344623,1,,0.0,COc1cc(Nc2ncc([N+](=O)[O-])c(Nc3ccccc3C(N)=O)n2)cc(OC)c1OC,440.4160000000003,32,1,CHEMBL1241473,CHEMBL1201862,CHEMBL1201862,F
FLHJZUQGFPJXRD-UHFFFAOYSA-N,7.599980364934842,1,,0.0,CN(C)CC(=O)Nc1[nH]nc2ccc(-c3cn(Cc4ccccc4)nn3)cc12,375.4360000000001,28,1,CHEMBL1965631,CHEMBL1201862,CHEMBL1201862,F
FMPKTXNCNJCHCC-UHFFFAOYSA-N,7.79997073344623,1,,0.0,c1ccc(CNc2cc(-c3c[nH]c4ncccc34)ncn2)cc1,301.353,23,1,CHEMBL2002346,CHEMBL1201862,CHEMBL1201862,F
FNADUYKIZNBZPG-WOJGMQOQSA-N,5.853871964321762,1,,0.0,CC(C)(C)n1nc(-c2cccc(NC(=O)/C(C#N)=C/c3ccc(C(=O)O)cc3)c2)c2c(=O)[nH]cnc21,482.5000000000002,36,1,CHEMBL5207329,CHEMBL5126571,CHEMBL5126571,B
FONINLXADYUZFI-UHFFFAOYSA-N,6.599997654072045,1,,0.0,OC1CCN(c2ncnc3[nH]cc(-c4ccccc4)c23)CC1,294.3580000000001,22,1,CHEMBL1973395,CHEMBL1201862,CHEMBL1201862,F
FPQHXFMYXQZPSV-UHFFFAOYSA-N,5.59999938302362,1,,0.0,O=C(NNC(=S)Nc1ccc(Cl)cc1)C(O)(c1ccccc1)c1ccccc1,411.9140000000001,28,1,CHEMBL1966722,CHEMBL1201862,CHEMBL1201862,F
FQEODTMNWMDUMD-UHFFFAOYSA-N,6.599997654072045,1,,0.0,CC(C)Cc1cc(-c2ccc3[nH]nc(N)c3c2)on1,256.30899999999997,19,1,CHEMBL1966343,CHEMBL1201862,CHEMBL1201862,F
FSWFKKQQSQHIRZ-UHFFFAOYSA-N,5.100000128334196,1,,0.0,CSc1ccc2nc3c(c(Cl)c2c1)CCNC3=O,278.764,18,1,CHEMBL1985074,CHEMBL1201862,CHEMBL1201862,F
FSYMYDRMUOJVKB-UHFFFAOYSA-N,5.700000503883016,1,,0.0,COCc1nnn(-c2nonc2N)c1C(=O)NN=C(C)c1ccc(O)cc1O,388.34400000000016,28,1,CHEMBL1991180,CHEMBL1201862,CHEMBL1201862,F
FUDBRAFSKPGJJE-UHFFFAOYSA-N,7.0,1,,0.0,Cc1nc(C)c(-c2ccnc(Nc3ccc(N(C)C)c(Cl)c3)n2)s1,359.886,24,1,CHEMBL433068,CHEMBL1149116,CHEMBL1149116,B
FUMCKNCUEAQHCV-UHFFFAOYSA-N,7.899974269892137,2,0.0,0.0,OC1CCC(Nc2nc(Cl)cc(-c3c[nH]c4ncccc34)n2)CC1,343.81800000000015,24,1,CHEMBL1986943,CHEMBL1201862,CHEMBL1201862,F
FWLMVFUGMHIOAA-UHFFFAOYSA-N,5.780939667551139,1,,0.0,CNC(=O)c1ccc(Nc2ncc(C(F)(F)F)c(NCc3nccnc3N(C)S(C)(=O)=O)n2)cc1,510.5020000000002,35,1,CHEMBL3137331,CHEMBL3991601,CHEMBL3991601,B
FXQWJULRETZHHW-UHFFFAOYSA-N,5.300000202445418,1,,0.0,O=C1NCc2c1cccc2-c1ccc(Nc2nc3ccccc3o2)cc1,341.37000000000006,26,1,CHEMBL2004771,CHEMBL1201862,CHEMBL1201862,F
FZHZYQRQDGJIBK-UHFFFAOYSA-N,9.0,1,,0.0,Fc1cc(F)cc(Nc2nccc(-c3cnn4ncccc34)n2)c1,324.29400000000004,24,1,CHEMBL184510,CHEMBL1138749,CHEMBL1138749,B
GBIFAKAROIDNTA-UHFFFAOYSA-N,5.300000202445418,1,,0.0,CCOC(=O)C1C(=N)n2c(sc(=Cc3cccs3)c2=O)=C(C(N)=O)C1c1cccs1,459.5740000000002,30,1,CHEMBL2004365,CHEMBL1201862,CHEMBL1201862,F
GBNWWXHUOVAUHT-UHFFFAOYSA-N,8.698970004336019,1,,0.0,COc1cccc(Nc2nccc(-c3cnn4ncccc34)n2)c1,318.34000000000003,24,1,CHEMBL187081,CHEMBL1138749,CHEMBL1138749,B
GBYZMXCPDFNNOB-UHFFFAOYSA-N,8.0,1,,0.0,COc1cc(Nc2nccc(-c3cnn4ncccc34)n2)cc(C(F)(F)F)c1,386.3370000000001,28,1,CHEMBL360206,CHEMBL1138749,CHEMBL1138749,B
GCBJDOWIQHMCMR-UHFFFAOYSA-N,7.100015437450609,1,,0.0,O=C(O)c1ccccc1Nc1ccnc(Nc2ccc3[nH]ncc3c2)n1,346.35,26,1,CHEMBL396523,CHEMBL1201862,CHEMBL1201862,F
GCZJQTRRJPRFIP-UHFFFAOYSA-N,6.0999990348465305,1,,0.0,COc1cc(-c2ccc3[nH]nc(C(=O)Nc4ccccc4)c3c2)ccc1O,359.38500000000005,27,1,CHEMBL2007002,CHEMBL1201862,CHEMBL1201862,F
GDYZFFBMSBDTAA-UHFFFAOYSA-N,6.799998134593398,1,,0.0,CCCCOc1ncnc2[nH]cc(-c3ccccc3)c12,267.33200000000005,20,1,CHEMBL1996817,CHEMBL1201862,CHEMBL1201862,F
GDZTURHUKDAJGD-UHFFFAOYSA-N,6.853871964321762,1,,0.0,Cc1nc(C)c(-c2ccnc(Nc3ccc(O)cc3)n2)s1,298.371,21,1,CHEMBL442957,CHEMBL1149116,CHEMBL1149116,B
GEPLEVYEUCTLJX-HXUWFJFHSA-N,6.679853713888946,1,,0.0,Cc1cnc(Nc2cccc3c2OCO3)nc1-c1c[nH]c(C(=O)N[C@H](CO)c2cccc(Cl)c2)c1,491.9350000000002,35,1,CHEMBL571484,CHEMBL1154622,CHEMBL1154622,B
GHAZVJQMLWOQLP-UHFFFAOYSA-N,7.199970640755866,1,,0.0,O=C(Nc1cnccn1)Nc1ccnc2ccc(C(F)(F)F)cc12,333.273,24,1,CHEMBL1976455,CHEMBL1201862,CHEMBL1201862,F
GHMRUNOHAHJNNA-UHFFFAOYSA-N,6.0,1,,0.0,COc1cc(C=C(C#N)c2nc3ccccc3[nH]2)c(Br)cc1O,370.206,23,1,CHEMBL1994241,CHEMBL1201862,CHEMBL1201862,F
GHPFQRTVUDXWCC-UHFFFAOYSA-N,6.799998134593398,1,,0.0,Cc1[nH]nc2ccc(-c3cncc(OCC(CN)Cc4ccccc4)c3)cc12,372.47200000000004,28,1,CHEMBL2000271,CHEMBL1201862,CHEMBL1201862,F
GHPFSYCYZJKVDZ-UHFFFAOYSA-N,5.2197888768430705,2,0.027985362692337732,0.0395772794674345,N#Cc1ncc2nc1OCCCCCOc1cc(CCCO)c(Cl)cc1NC(=O)N2,431.8800000000001,30,2,CHEMBL223367,CHEMBL1142994,CHEMBL1142994|CHEMBL1201862,B|F
GIFWLUDQYFWBMB-UHFFFAOYSA-N,5.755475488429916,1,,0.0,CCNC(=O)N1CCC(Nc2ncc(C(=O)c3ccccc3OC)c(N)n2)CC1,398.4670000000002,29,1,CHEMBL385907,CHEMBL1137323,CHEMBL1137323,B
GJYVLTPTDBQQCY-UHFFFAOYSA-N,6.102372908709558,1,,0.0,COc1cc(Nc2nccc(-c3cnn4nc(OC)ccc34)n2)cc(C(F)(F)F)c1,416.36300000000006,30,1,CHEMBL187139,CHEMBL1138749,CHEMBL1138749,B
GKFFFOLFBJUEFN-UHFFFAOYSA-N,5.300000202445418,1,,0.0,c1ccc(Nc2ccnc(Nc3ccccc3)n2)cc1,262.31600000000003,20,1,CHEMBL578061,CHEMBL1201862,CHEMBL1201862,F
GLMWKEAUVZDGKE-UHFFFAOYSA-N,5.700000503883016,1,,0.0,COc1ccc(C(=O)N2c3ccccc3Sc3c(Cl)cncc32)cc1,368.845,25,1,CHEMBL1988537,CHEMBL1201862,CHEMBL1201862,F
GNNGWQSTNJCADU-RUZDIDTESA-N,6.6020599913279625,1,,0.0,Cc1cnc(Nc2cccc3c2CCCC3)nc1-c1c[nH]c(C(=O)N[C@H](CO)c2cccc(Cl)c2)c1,502.01800000000014,36,1,CHEMBL570111,CHEMBL1154622,CHEMBL1154622,B
GODHDJUFDRFOGT-UHFFFAOYSA-N,5.200000237109354,1,,0.0,CC1(C)CC(=O)C2Sc3ccc(Cl)cc3N=C2C1,279.7920000000001,18,1,CHEMBL1562756,CHEMBL1201862,CHEMBL1201862,F
GPOOLZDIKMXUPQ-UHFFFAOYSA-N,7.119186407719209,1,,0.0,CCCCCCc1ccc2nc(C(=O)NC(Cc3ccc(O)cc3)C(=O)OC)cc(C(=O)O)c2c1,478.54500000000024,35,1,CHEMBL3099764,CHEMBL3098110,CHEMBL3098110,B
GPSRFACTNSQKSI-UHFFFAOYSA-N,5.300000202445418,1,,0.0,COc1ccc(OC)c(Nc2ccc3nnc(-c4ccccc4)n3n2)c1,347.37800000000004,26,1,CHEMBL1982880,CHEMBL1201862,CHEMBL1201862,F
GPSZYOIFQZPWEJ-UHFFFAOYSA-N,6.4089353929735005,3,0.8233295370659838,1.6265456590271299,Cc1nc(N)sc1-c1ccnc(Nc2ccc(N3CCOCC3)cc2)n1,368.46600000000024,26,3,CHEMBL482967,CHEMBL1155519,CHEMBL1155519|CHEMBL1201862|CHEMBL3991601,B|F
GQHSVFWCNBWKGM-UHFFFAOYSA-N,5.40000018605658,1,,0.0,O=c1[nH]sc2c1c(=O)c1cc(F)c(NCc3ccccc3)c(F)c1n2C1CC1,399.42200000000014,28,1,CHEMBL1991640,CHEMBL1201862,CHEMBL1201862,F
GQLWKGVBOIYMTN-UHFFFAOYSA-N,5.100000128334196,1,,0.0,COc1cccc(CNC(=O)c2cc3c(-c4ccccc4)[nH]nc3s2)c1,363.442,26,1,CHEMBL1987009,CHEMBL1201862,CHEMBL1201862,F
GTMGQYXCPKUZAD-UHFFFAOYSA-N,5.893027532445906,2,0.009858319759068012,0.013941769505485091,CC(=O)Nc1cc(N)c(C#N)c(-c2ccccc2)n1,252.27700000000002,19,2,CHEMBL210032,CHEMBL1148638,CHEMBL1148638|CHEMBL1201862,B|F
GUIXSTPHOWGGTN-UHFFFAOYSA-N,7.075720713938118,1,,0.0,COc1cc(F)ccc1C(=O)c1cnc(NC2CCN(S(C)(=O)=O)CC2)nc1N,423.47000000000025,29,1,CHEMBL277351,CHEMBL1137323,CHEMBL1137323,B
GUMBHNMWKMFKRT-UHFFFAOYSA-N,6.299997602857746,1,,0.0,NC(=O)c1cc2c(-c3ccc(F)cc3)cncc2s1,272.304,19,1,CHEMBL1974310,CHEMBL1201862,CHEMBL1201862,F
GVMDVMPNOAVKJR-UHFFFAOYSA-N,6.599997654072045,1,,0.0,c1ccc(Cn2cc(-c3ccc4[nH]ncc4c3)nn2)cc1,275.31500000000005,21,1,CHEMBL1682345,CHEMBL1201862,CHEMBL1201862,F
GVOOEMLKTIRYCO-UHFFFAOYSA-N,6.799998134593398,1,,0.0,O=C(NCc1ccccc1)c1c[nH]n2c(=O)cc(-c3ccncc3)nc12,345.362,26,1,CHEMBL1974250,CHEMBL1201862,CHEMBL1201862,F
GWJHMRBQEUHFOC-UHFFFAOYSA-N,6.799998134593398,1,,0.0,NC(COc1cncc(-c2cc3ccncc3s2)c1)Cc1c[nH]c2ccccc12,400.5070000000001,29,1,CHEMBL1966524,CHEMBL1201862,CHEMBL1201862,F
GWSGFSPSQGXVFI-XFFZJAGNSA-N,5.698970004336019,1,,0.0,N=C1NC(=O)/C(=C/c2ccc3ncccc3c2)S1,255.30200000000002,18,1,CHEMBL396377,CHEMBL1147195,CHEMBL1147195,B
GXFGHUNNGNQSMQ-UHFFFAOYSA-N,6.0999990348465305,1,,0.0,Cc1cc(O)ccc1-n1c2cc(Cl)ccc2c(=O)c2c(N)nc(N)nc21,367.79600000000016,26,1,CHEMBL1995592,CHEMBL1201862,CHEMBL1201862,F
GZGRBXHWGKYVRJ-UHFFFAOYSA-N,5.5034854813022545,1,,0.0,CCOC(=O)N1CCC(Nc2ncc(C(=O)c3ccccc3F)c(N)n2)CC1,387.4150000000002,28,1,CHEMBL214025,CHEMBL1137323,CHEMBL1137323,B
HBZTVQKHXVDIDE-UHFFFAOYSA-N,6.599997654072045,1,,0.0,COCCNc1cc(-c2c[nH]c3ncccc23)cc(Cl)n1,302.76500000000004,21,1,CHEMBL1964340,CHEMBL1201862,CHEMBL1201862,F
HCFOGXCUURVRFW-UHFFFAOYSA-N,6.2839966563652006,1,,0.0,CC(C)(C)n1nc(-c2cccc(NC(=O)C(C#N)=Cc3ccc(O)cc3)c2)c2c(=O)[nH]cnc21,454.4900000000002,34,1,CHEMBL5181384,CHEMBL5126571,CHEMBL5126571,B
HEUSUIRCBWROMH-UHFFFAOYSA-N,6.0999990348465305,2,0.0,0.0,CC(C)(C)c1ccc2[nH]c(-c3[nH]nc4ccccc34)nc2c1,290.37,22,1,CHEMBL1970104,CHEMBL1201862,CHEMBL1201862,F
HHSVICUMCOBRPT-UHFFFAOYSA-N,5.300000202445418,1,,0.0,CNC(=O)c1cc2c(-c3ccccc3F)[nH]nc2s1,275.308,19,1,CHEMBL1977681,CHEMBL1201862,CHEMBL1201862,F
HHTGVBHFXMNIHN-GZTJUZNOSA-N,5.709965388637482,1,,0.0,CC(C)(C)n1nc(-c2cccc(NC(=O)/C(C#N)=C/c3ccc([N+](=O)[O-])cc3)c2)c2c(=O)[nH]cnc21,483.4880000000002,36,1,CHEMBL5178569,CHEMBL5126571,CHEMBL5126571,B
HJYHJYGXRBYDIG-UHFFFAOYSA-N,7.599980364934842,1,,0.0,O=C(Nc1[nH]nc2ccc(-c3cn(Cc4ccccc4)nn3)cc12)c1cc(F)ccc1F,430.4180000000001,32,1,CHEMBL1995811,CHEMBL1201862,CHEMBL1201862,F
HNXJWWRRSGDVIW-UHFFFAOYSA-N,5.499999678657065,1,,0.0,O=C(NC(CO)c1ccccc1)c1ccc(-c2ccncc2)cc1,318.37600000000003,24,1,CHEMBL1974288,CHEMBL1201862,CHEMBL1201862,F
HOBMVEVXDIOMDM-UHFFFAOYSA-N,5.700000503883016,1,,0.0,OCCC(Nc1nc2ccc(-c3ccncc3)cc2s1)c1ccccc1,361.4700000000001,26,1,CHEMBL1982122,CHEMBL1201862,CHEMBL1201862,F
HOCNVQDRTVHYCW-XMMPIXPASA-N,6.192464971931146,1,,0.0,Cc1cnc(Nc2cccc3c2CCC3)nc1-c1c[nH]c(C(=O)N[C@H](CO)c2cccc(Cl)c2)c1,487.9910000000001,35,1,CHEMBL568937,CHEMBL1154622,CHEMBL1154622,B
HOKDXVAONYXHJK-UHFFFAOYSA-N,5.920818753952375,1,,0.0,Cc1nc(C)c(-c2ccnc(Nc3ccccc3F)n2)s1,300.36199999999997,21,1,CHEMBL297447,CHEMBL1149116,CHEMBL1149116,B
HOYRWTWZUFFACV-UHFFFAOYSA-N,7.400007822415902,1,,0.0,CC(C)(CN)CNc1nc(Cl)cc(-c2c[nH]c3ncccc23)n1,330.82300000000004,23,1,CHEMBL1968930,CHEMBL1201862,CHEMBL1201862,F
HPTGTKXKXLKTIN-GZTJUZNOSA-N,5.440093374963888,1,,0.0,CC(C)(C)n1nc(-c2cccc(NC(=O)/C(C#N)=C/c3ccc(Br)cc3)c2)c2c(=O)[nH]cnc21,517.3870000000002,34,1,CHEMBL5193468,CHEMBL5126571,CHEMBL5126571,B
HPWFAIRHUJKCSD-UHFFFAOYSA-N,6.399996913372259,1,,0.0,C=Cc1nc2c(O)[nH]c(O)c2c2cc(OC)c(OC)cc12,286.287,21,1,CHEMBL2003524,CHEMBL1201862,CHEMBL1201862,F
HQLDCZOAPRTUGV-UHFFFAOYSA-N,6.345823458122039,1,,0.0,COc1ccc(Cl)cc1C(=O)c1cnc(NC2CCN(S(C)(=O)=O)CC2)nc1N,439.9250000000003,29,1,CHEMBL385373,CHEMBL1137323,CHEMBL1137323,B
HRWDCIVZBHCWOU-UHFFFAOYSA-N,6.485452247339714,1,,0.0,COc1ccccc1C(=O)c1cnc(NC2CCN(C(C)=O)CC2)nc1N,369.4250000000002,27,1,CHEMBL217537,CHEMBL1137323,CHEMBL1137323,B
HRZOUBQYVUXBNS-UHFFFAOYSA-N,6.0999990348465305,1,,0.0,CCC(N)(C#Cc1cnc(N)c2c(-c3ccc(NC(=O)Nc4cccc(C)c4)cc3)csc12)CC,483.6410000000002,35,1,CHEMBL1983025,CHEMBL1201862,CHEMBL1201862,F
HSKVRPZJBMXFDX-UHFFFAOYSA-N,5.899998417198648,1,,0.0,O=C(NNC(=S)Nc1ccc(F)cc1)C(O)(c1ccccc1)c1ccccc1,395.45900000000006,28,1,CHEMBL1975138,CHEMBL1201862,CHEMBL1201862,F
HSMUWLLZAZCLHF-UHFFFAOYSA-N,6.699991797446187,1,,0.0,CC(C)(CNc1cc(-c2c[nH]c3ncccc23)cc(Cl)n1)CNS(C)(=O)=O,407.92700000000013,27,1,CHEMBL1971172,CHEMBL1201862,CHEMBL1201862,F
HTROFVQKJODSCL-UHFFFAOYSA-N,5.899998417198648,1,,0.0,CCCC(=O)Nc1cccc(-c2nc(Nc3ccc4[nH]ncc4c3)c3cc(OCCN4CCCC4)ccc3n2)c1,535.6520000000004,40,1,CHEMBL1968705,CHEMBL1201862,CHEMBL1201862,F
HUNAOTXNHVALTN-UHFFFAOYSA-N,5.200000237109354,1,,0.0,CCNC(=O)c1[nH]nc(-c2cc(Cl)c(O)cc2O)c1-c1ccc(OC)cc1,387.82300000000015,27,1,CHEMBL365617,CHEMBL1201862,CHEMBL1201862,F
HVIHBNKZXQWXIL-LDADJPATSA-N,5.013228265733755,1,,0.0,COc1ccc(/C=C(\C#N)C(=O)Nc2cccc(-c3nn(C(C)(C)C)c4[nH]cnc(=O)c34)c2)cc1,468.51700000000017,35,1,CHEMBL5194758,CHEMBL5126571,CHEMBL5126571,B
HYMYXKKKNFGXRB-UHFFFAOYSA-N,6.886056647693163,1,,0.0,Cc1ccc(Nc2nccc(-c3c(C)[nH]c(C#N)c3C)n2)cc1O,319.36800000000005,24,1,CHEMBL359623,CHEMBL1137157,CHEMBL1137157,B
HYVABZIGRDEKCD-UHFFFAOYSA-N,4.455931955649724,1,,0.0,CC(C)=CCNc1ncnc2[nH]cnc12,203.24900000000002,15,1,CHEMBL476189,CHEMBL3751749,CHEMBL3751749,B
HZDUFBAHRRGFMI-LICLKQGHSA-N,5.252588192113577,1,,0.0,CC(C)(C)n1nc(-c2cccc(NC(=O)/C(C#N)=C/c3cccc(C(F)(F)F)c3)c2)c2c(=O)[nH]cnc21,506.48800000000017,37,1,CHEMBL5181593,CHEMBL5126571,CHEMBL5126571,B
HZGYSSZTTMUCJE-UHFFFAOYSA-N,6.0999990348465305,1,,0.0,O=c1cc(-c2ccncc2)[nH]c(NCc2cc(F)cc(F)c2)n1,314.295,23,1,CHEMBL2003682,CHEMBL1201862,CHEMBL1201862,F
IABDKYMGRMDGMM-UHFFFAOYSA-N,6.0,1,,0.0,O=C(O)c1ccccc1Nc1ncnc(Nc2ccc(F)cc2)n1,325.303,24,1,CHEMBL1992231,CHEMBL1201862,CHEMBL1201862,F
IFQICUARAXVEIQ-UHFFFAOYSA-N,6.499996931948306,1,,0.0,O=C1Nc2ccccc2Nc2nnc(I)cc21,338.108,17,1,CHEMBL1977346,CHEMBL1201862,CHEMBL1201862,F
IGMVMVBDVWUCTC-UHFFFAOYSA-N,6.795880017344075,1,,0.0,COc1ccc2c(-c3ccnc(Nc4cccc(C(F)(F)F)c4)n3)cnn2n1,386.33700000000005,28,1,CHEMBL189235,CHEMBL1138749,CHEMBL1138749,B
IJIHKBKIAXXWCC-UHFFFAOYSA-N,7.522878745280337,1,,0.0,Cc1[nH]c([N+](=O)[O-])c(C)c1-c1ccnc(Nc2ccc(F)cc2)n1,327.319,24,1,CHEMBL364767,CHEMBL1137157,CHEMBL1137157,B
IJNGXROUMFEKDB-UHFFFAOYSA-N,6.399996913372259,1,,0.0,NC(=O)Cn1cc(-c2cc(-c3cc4ccccc4s3)c3[nH]ncc3c2)c2nc(N)ncc21,439.50400000000013,32,1,CHEMBL1985095,CHEMBL1201862,CHEMBL1201862,F
IJRBJCMLWLFMIN-UHFFFAOYSA-N,5.300000202445418,1,,0.0,CC(=O)c1cccc(-c2cnc3[nH]ccc3c2)c1,236.274,18,1,CHEMBL2000568,CHEMBL1201862,CHEMBL1201862,F
IJVDETPCUCZHTR-UHFFFAOYSA-N,5.499999678657065,1,,0.0,CS(=O)(=O)Nc1ccc(-c2ccc3[nH]nc(N)c3c2)cc1,302.35900000000004,21,1,CHEMBL2004892,CHEMBL1201862,CHEMBL1201862,F
ILJWGWQUBUXSLL-UHFFFAOYSA-N,7.0,1,,0.0,COc1ccc2c(-c3ccnc(Nc4ccc5c(c4)OCCO5)n3)cnn2n1,376.37600000000015,28,1,CHEMBL188785,CHEMBL1138749,CHEMBL1138749,B
IMHKMKWSWHFKTM-UHFFFAOYSA-N,5.800000874803203,1,,0.0,Cc1nnc(-c2cc3c(Oc4ccc(C(F)(F)F)cc4)cncc3s2)o1,377.34700000000004,26,1,CHEMBL1988153,CHEMBL1201862,CHEMBL1201862,F
IMMZLRQJNZSTTE-UHFFFAOYSA-N,7.0,1,,0.0,CCCS(=O)(=O)Nc1ccc(-c2ccc3[nH]nc(NC(C)=O)c3c2)cc1,372.4500000000001,26,1,CHEMBL1973893,CHEMBL1201862,CHEMBL1201862,F
IOBVCHJTLVPPBR-UHFFFAOYSA-N,6.399996913372259,1,,0.0,Fc1cnc(Nc2ccccc2)nc1Nc1ccccc1,280.30600000000004,21,1,CHEMBL491758,CHEMBL1201862,CHEMBL1201862,F
IOYGZJJCJBOPDM-UHFFFAOYSA-N,7.199970640755866,1,,0.0,c1ccc(Cn2nnc(-c3ccc4[nH]ncc4c3)c2-c2ccccc2)cc1,351.41300000000007,27,1,CHEMBL1969473,CHEMBL1201862,CHEMBL1201862,F
IPKHSYHXXAIZDD-UHFFFAOYSA-N,5.40000018605658,1,,0.0,NC(COc1cncc(-c2cc3cnccc3s2)c1)Cc1c[nH]c2ccccc12,400.5070000000001,29,1,CHEMBL1972840,CHEMBL1201862,CHEMBL1201862,F
IRDDESQGXYVSBF-UHFFFAOYSA-N,5.3872161432802645,1,,0.0,O=c1[nH]cc(C2CCCCC2)c2nccn12,217.272,16,1,CHEMBL4762791,CHEMBL4732259,CHEMBL4732259,B
ISEDKXOMRIKZPK-UHFFFAOYSA-N,5.700000503883016,1,,0.0,c1cc2[nH]ncc2cc1-c1cn(CC2CCOCC2)nn1,283.3349999999999,21,1,CHEMBL1969843,CHEMBL1201862,CHEMBL1201862,F
ITCZKQCXYLHNFX-UHFFFAOYSA-N,5.200000237109354,1,,0.0,O=C(NCCCCCCNC(=O)Nc1cccnc1)Nc1cccnc1,356.43000000000006,26,1,CHEMBL1998193,CHEMBL1201862,CHEMBL1201862,F
IUEBPIPDFMCSTP-UHFFFAOYSA-N,5.800000874803203,1,,0.0,Nc1ncnc2c1sc1ncnc(N)c12,218.24499999999998,15,1,CHEMBL1976090,CHEMBL1201862,CHEMBL1201862,F
IUEXHNTZDWOAIZ-UHFFFAOYSA-N,5.823908740944319,1,,0.0,Cc1cc(Nc2nccc(-c3nc(CO)cs3)n2)cc(C(F)(F)F)c1,366.368,25,1,CHEMBL485731,CHEMBL1152268,CHEMBL1152268,B
IUUVJFSKAMMCEA-UHFFFAOYSA-N,5.499999678657065,1,,0.0,Nc1ncnc(Nc2cc(CNC(=O)C(F)(F)F)c(O)c(-c3ccc(Cl)cc3)c2)n1,438.7970000000001,30,1,CHEMBL2001239,CHEMBL1201862,CHEMBL1201862,F
IUVDZGOUQXJDQC-UHFFFAOYSA-N,7.0,1,,0.0,Cc1cc(C)cc(Nc2nccc(-c3nc(C)cs3)n2)c1,296.399,21,1,CHEMBL453217,CHEMBL1152268,CHEMBL1152268,B
IXSZNCPQZGGHKB-UHFFFAOYSA-N,6.721246399047171,1,,0.0,COc1ccc2c(-c3ccnc(Nc4cccc(OC(F)(F)F)c4)n3)cnn2n1,402.336,29,1,CHEMBL365248,CHEMBL1138749,CHEMBL1138749,B
IYNYMBFCHOYHTL-UHFFFAOYSA-N,5.586315363473087,2,0.04733852892647574,0.06694678963061307,COC(=O)C(Cc1ccc(O)cc1)NC(=O)c1cc(C(=O)O)c2cc(N3CCOCC3)ccc2n1,479.4890000000004,35,1,CHEMBL3099760,CHEMBL3098110,CHEMBL3098110,B
IYOZTVGMEWJPKR-UHFFFAOYSA-N,5.100000128334196,1,,0.0,CC(N)C1CCC(C(=O)Nc2ccncc2)CC1,247.34199999999998,18,1,CHEMBL1994526,CHEMBL1201862,CHEMBL1201862,F
IYRLCOILNQBJEJ-NSCUHMNNSA-N,6.761439372640169,2,0.33737567466050744,0.4771212547196626,CNC(=O)C(Cc1ccc(O)cc1)NC(=O)c1cc(C(=O)O)c2cc(/C=C/c3ccc(Cl)cc3)ccc2n1,529.9800000000001,38,1,CHEMBL3099750,CHEMBL3098110,CHEMBL3098110,B
JACHAMGMXPUFMW-UHFFFAOYSA-N,6.455931955649724,1,,0.0,CC(C)(C)n1nc(-c2cccc(NC(=O)C(C#N)=Cc3ccccc3O)c2)c2c(=O)[nH]cnc21,454.4900000000002,34,1,CHEMBL5196242,CHEMBL5126571,CHEMBL5126571,B
JAMDNXUAYUHJLJ-UHFFFAOYSA-N,5.499999678657065,1,,0.0,COc1cc2ncn(-c3cc(OCc4ccccc4C(F)(F)F)c(C(=O)O)s3)c2cc1OC,478.44800000000015,33,1,CHEMBL474432,CHEMBL1201862,CHEMBL1201862,F
JBFYCFLBEYQHNC-OAQYLSRUSA-N,7.2441251443275085,1,,0.0,Cc1cnc(Nc2ccccc2F)nc1-c1c[nH]c(C(=O)N[C@H](CO)c2ccccc2)c1,431.4710000000001,32,1,CHEMBL572162,CHEMBL1154622,CHEMBL1154622,B
JCTPJYZESAMIGH-UHFFFAOYSA-N,5.40000018605658,1,,0.0,Nc1nonc1-n1nnc(C(=O)NN=Cc2cccs2)c1-c1ccccc1,380.3930000000001,27,1,CHEMBL2004692,CHEMBL1201862,CHEMBL1201862,F
JDRWCDDIVRJHHC-RVDMUPIBSA-N,5.590066876668706,1,,0.0,CC(C)(C)/C=C(\C#N)C(=O)Nc1cccc(-c2nn(C(C)(C)C)c3[nH]cnc(=O)c23)c1,418.5010000000002,31,1,CHEMBL5179335,CHEMBL5126571,CHEMBL5126571,B
JEYOQYMSSQZLJL-UHFFFAOYSA-N,6.199998172182031,1,,0.0,O=[N+]([O-])c1cccc(-c2nnc3ccc(N4CCCCC4)nn23)c1,324.34400000000005,24,1,CHEMBL2003637,CHEMBL1201862,CHEMBL1201862,F
JFGACSUTAMZDKC-UHFFFAOYSA-N,5.499999678657065,1,,0.0,O=C(Nc1cccc(C(F)(F)F)n1)Nc1ccnc2c(Cl)c(Cl)ccc12,401.1750000000001,26,1,CHEMBL2006010,CHEMBL1201862,CHEMBL1201862,F
JFMGVNVAZVRZMU-UHFFFAOYSA-N,6.522878745280337,1,,0.0,Cc1nc(C)c(-c2ccnc(Nc3cccc(C#N)c3)n2)s1,307.382,22,1,CHEMBL47132,CHEMBL1149116,CHEMBL1149116,B
JIYNLLZDWHPTOM-UHFFFAOYSA-N,5.899998417198648,1,,0.0,Fc1cccc(-c2c[nH]c3ncccc23)c1,212.227,16,1,CHEMBL1993648,CHEMBL1201862,CHEMBL1201862,F
JJDRRZFRTKZLFT-UHFFFAOYSA-N,7.221848749616356,1,,0.0,Cc1nc(C)c(-c2ccnc(Nc3cccc(O)c3)n2)s1,298.371,21,1,CHEMBL47527,CHEMBL1149116,CHEMBL1149116,B
JJJSCYSPSKBQAX-UHFFFAOYSA-N,6.299997602857746,1,,0.0,Cc1cccc(-c2[nH]c(-c3ccnc(N)n3)cc2C(N)=O)c1C,307.3570000000001,23,1,CHEMBL1964290,CHEMBL1201862,CHEMBL1201862,F
JJTYLBBKGQOISV-UHFFFAOYSA-N,6.599997654072045,1,,0.0,COc1cc(OC)cc(C(=O)Nc2[nH]nc3ccc(-c4cn(Cc5ccccc5)nn4)cc23)c1,454.4900000000002,34,1,CHEMBL2002613,CHEMBL1201862,CHEMBL1201862,F
JLAVWPOKHZKUCQ-LICLKQGHSA-N,5.508638306165727,1,,0.0,CC(C)(C)n1nc(-c2cccc(NC(=O)/C(C#N)=C/c3cccc(Cl)c3)c2)c2c(=O)[nH]cnc21,472.93600000000015,34,1,CHEMBL5196147,CHEMBL5126571,CHEMBL5126571,B
JMQCXZBXWOIDIO-UHFFFAOYSA-N,6.699991797446187,1,,0.0,CCCCNc1cc(-c2ccncc2)cc2[nH]nc(N)c12,281.36300000000006,21,1,CHEMBL1983157,CHEMBL1201862,CHEMBL1201862,F
JRNJNYBQQYBCLE-UHFFFAOYSA-N,8.522878745280337,5,0.3740326042667029,0.9746941347352305,COc1ccc(F)c(F)c1C(=O)c1cnc(NC2CCN(S(C)(=O)=O)CC2)nc1N,441.4600000000003,30,5,CHEMBL384304,CHEMBL1137323,CHEMBL1137323|CHEMBL1908390|CHEMBL3991601|CHEMBL5143610|CHEMBL5230096,B
JRVSFZKYQCETAH-UHFFFAOYSA-N,5.59999938302362,1,,0.0,COc1cccc(C(C)NC(=O)c2ccc(-c3ccncc3)cc2)c1,332.403,25,1,CHEMBL1975121,CHEMBL1201862,CHEMBL1201862,F
JTRXEPCDEVNYPE-UHFFFAOYSA-N,5.700000503883016,1,,0.0,O=C1NCCc2[nH]c(-c3ccnc(Cl)c3)cc21,247.68500000000003,17,1,CHEMBL226232,CHEMBL1201862,CHEMBL1201862,F
JTYHHTUGNXKIGP-JOCHJYFZSA-N,6.823908740944319,1,,0.0,Cc1cnc(Nc2cccc(F)c2C)nc1-c1c[nH]c(C(=O)N[C@H](CO)c2cccc(Cl)c2)c1,479.9430000000002,34,1,CHEMBL582829,CHEMBL1154622,CHEMBL1154622,B
JWQOJVOKBAAAAR-UHFFFAOYSA-N,6.499996931948306,1,,0.0,COc1ccc(-c2cc3nccn3c(Nc3ncccc3C(N)=O)n2)cc1OC,390.4030000000002,29,1,CHEMBL1190711,CHEMBL1201862,CHEMBL1201862,F
JXMYIDZREHNPDO-UHFFFAOYSA-N,7.50003813440381,1,,0.0,c1ccc(Cn2nnc(-c3ccc4[nH]ncc4c3)c2C2CC2)cc1,315.3800000000001,24,1,CHEMBL1975418,CHEMBL1201862,CHEMBL1201862,F
JYNCERXNUWYBKO-UHFFFAOYSA-N,7.522878745280337,1,,0.0,Cc1[nH]c(C#N)c(C)c1-c1ccnc(Nc2cccc(O)c2)n1,305.34100000000007,23,1,CHEMBL360530,CHEMBL1137157,CHEMBL1137157,B
JYRQCAFYZKCCBK-UHFFFAOYSA-N,5.40000018605658,1,,0.0,COc1cc(-c2ccc3c(c2)NC(=O)c2ccc(-c4ccccc4NS(C)(=O)=O)cc2N3)cc(OC)c1OC,545.6170000000002,39,1,CHEMBL1984038,CHEMBL1201862,CHEMBL1201862,F
JZSWBZHJDCDLHK-UHFFFAOYSA-N,5.100000128334196,1,,0.0,Cc1cc(C)c2c(n1)sc1c(N)ncnc12,230.296,16,1,CHEMBL504950,CHEMBL1201862,CHEMBL1201862,F
JZTOUVBEZONDKA-UHFFFAOYSA-N,7.0,1,,0.0,Cc1cccc(Nc2nc(NC3CCCCC3N)cnc2C(N)=O)c1,340.4310000000001,25,1,CHEMBL1974328,CHEMBL1201862,CHEMBL1201862,F
KAKGFGCTONHQJW-UHFFFAOYSA-N,5.59999938302362,1,,0.0,NC(COc1cncc(-c2ccc3[nH]c(=O)oc3c2)c1)Cc1c[nH]c2ccccc12,400.4380000000001,30,1,CHEMBL1987679,CHEMBL1201862,CHEMBL1201862,F
KAMXBYWFCGHTBS-OYZPYISSSA-N,5.204119982655925,1,,0.0,CC(C)(C)n1nc(-c2cccc(NC(=O)/C(C#N)=C/C=C/c3ccccc3)c2)c2c(=O)[nH]cnc21,464.52900000000017,35,1,CHEMBL5172686,CHEMBL5126571,CHEMBL5126571,B
KASOPCDXOCZUGO-UHFFFAOYSA-N,5.499999678657065,1,,0.0,NC(=O)c1ccc(-c2ccncc2)cc1NCc1cccc(F)c1,321.355,24,1,CHEMBL1982982,CHEMBL1201862,CHEMBL1201862,F
KAZJIBCOYQRDGG-UHFFFAOYSA-N,7.50003813440381,1,,0.0,N#Cc1cccc(C(=O)Nc2[nH]nc3ccc(-c4cn(Cc5ccccc5)nn4)cc23)c1,419.44800000000015,32,1,CHEMBL1977128,CHEMBL1201862,CHEMBL1201862,F
KBDRSPRFXNCQAM-UHFFFAOYSA-N,6.199998172182031,1,,0.0,FC(F)(F)c1cccc(CNc2cc(-c3c[nH]c4ncccc34)ncn2)c1,369.35,27,1,CHEMBL1966040,CHEMBL1201862,CHEMBL1201862,F
KBXAGBWPAVTLBI-UHFFFAOYSA-N,6.821023052706831,1,,0.0,CCNc1nc(C)c(-c2ccnc(Nc3ccc(N4CCOCC4)cc3)n2)s1,396.5200000000002,28,1,CHEMBL1084630,CHEMBL1155519,CHEMBL1155519,B
KCKXYZOBGBJZEG-UHFFFAOYSA-N,6.900008766455315,1,,0.0,Nc1[nH]nc2ccc(-c3nnn(Cc4ccccc4)c3-c3ccc(F)cc3)cc12,384.41800000000006,29,1,CHEMBL1986499,CHEMBL1201862,CHEMBL1201862,F
KEBXAEFZLCNLJJ-UHFFFAOYSA-N,8.400007822415901,1,,0.0,c1cnc2[nH]cc(-c3ccnc(NCC4CCCCC4)n3)c2c1,307.401,23,1,CHEMBL213207,CHEMBL1201862,CHEMBL1201862,F
KGJPVADNXHHEQY-UHFFFAOYSA-N,7.0,1,,0.0,Cc1[nH]c(C#N)c(C)c1-c1ccnc(Nc2ccc(F)cc2)n1,307.33200000000005,23,1,CHEMBL185323,CHEMBL1137157,CHEMBL1137157,B
KHGPYYFCIAISBU-UHFFFAOYSA-N,8.79997073344623,1,,0.0,Cn1cc(Nc2ncc(Br)c(Nc3ccccc3C(N)=O)n2)cn1,388.2290000000001,24,1,CHEMBL1994669,CHEMBL1201862,CHEMBL1201862,F
KIEFRRZUZZNWHT-UHFFFAOYSA-N,6.299997602857746,1,,0.0,Cc1cc(-c2ccc3c(c2)Nc2ccccc2NC3=O)ccn1,301.34900000000005,23,1,CHEMBL1981511,CHEMBL1201862,CHEMBL1201862,F
KIJWMPSSOUHQTQ-UHFFFAOYSA-N,6.508638306165727,1,,0.0,Clc1cc(Cl)cc(Nc2nccc(-c3cnn4ncccc34)n2)c1,357.20400000000006,24,1,CHEMBL361697,CHEMBL1138749,CHEMBL1138749,B
KIOLXAWQJUDVMS-UHFFFAOYSA-N,5.40000018605658,1,,0.0,Nc1[nH]nc2cccc(-c3ccc(Br)cc3)c12,288.14799999999997,17,1,CHEMBL1990346,CHEMBL1201862,CHEMBL1201862,F
KJVWCDAPVMWKLJ-UHFFFAOYSA-N,5.499999678657065,1,,0.0,Oc1ccc(-c2[nH]nc(Nc3cccc(Cl)c3)c2-c2ccc(O)cc2)cc1,377.83100000000013,27,1,CHEMBL1985092,CHEMBL1201862,CHEMBL1201862,F
KKFAWSRIYBKLKA-UHFFFAOYSA-N,5.664341547710698,1,,0.0,CCOC(=O)N1CCC(Nc2ncc(C(=O)c3ccccc3C)c(N)n2)CC1,383.4520000000002,28,1,CHEMBL214433,CHEMBL1137323,CHEMBL1137323,B
KLIUCXHHFFVGMK-UHFFFAOYSA-N,6.806875401645538,1,,0.0,CNc1nc(C)c(-c2ccnc(Nc3ccc(N4CCOCC4)cc3)n2)s1,382.49300000000017,27,1,CHEMBL1084629,CHEMBL1155519,CHEMBL1155519,B
KNARVZUUCLIBGV-UHFFFAOYSA-N,5.100000128334196,1,,0.0,CNC(=O)c1cnc(N)c2c(-c3ccc(NC(=O)Nc4cccc(Cl)c4)cc3)csc12,451.93900000000014,31,1,CHEMBL1982476,CHEMBL1201862,CHEMBL1201862,F
KNMCGLMBLTWHQI-LICLKQGHSA-N,4.8338660296948905,1,,0.0,CC(C)(C)n1nc(-c2cccc(NC(=O)/C(C#N)=C/c3cccc(Br)c3)c2)c2c(=O)[nH]cnc21,517.3870000000002,34,1,CHEMBL5190528,CHEMBL5126571,CHEMBL5126571,B
KNUNQKJHXZCDLM-UHFFFAOYSA-N,5.5,2,0.14433462391168503,0.20411998265592501,COC(=O)C(Cc1ccc(F)cc1)NC(=O)c1cc(C(=O)O)c2cc(-c3cccc(C(F)(F)F)c3)ccc2n1,540.4690000000002,39,1,CHEMBL3099743,CHEMBL3098110,CHEMBL3098110,B
KNVOICXEDILAGT-UHFFFAOYSA-N,5.300000202445418,1,,0.0,CN(C)CC(=O)NC(COc1cncc(-c2ccc3cnccc3c2)c1)Cc1c[nH]c2ccccc12,479.5840000000002,36,1,CHEMBL1991725,CHEMBL1201862,CHEMBL1201862,F
KOYXXLLNCXWUNF-UHFFFAOYSA-N,5.300000202445418,1,,0.0,CCCn1c(=O)c2[nH]c(-c3cnn(Cc4cccc(C(F)(F)F)c4)c3)nc2n(CC)c1=O,446.4330000000001,32,1,CHEMBL260933,CHEMBL1201862,CHEMBL1201862,F
KOZFSFOOLUUIGY-SOLYNIJKSA-N,6.995678626217357,1,,0.0,COC(=O)[C@@]1(O)C[C@H]2O[C@]1(C)n1c3ccccc3c3c4c(c5c6ccccc6n2c5c31)C(=O)NC4,467.4810000000003,35,1,CHEMBL281948,CHEMBL3991601,CHEMBL3991601,B
KPVCGFZWGAYXMV-UHFFFAOYSA-N,5.899998417198648,1,,0.0,CN(C)CCCC(=O)Nc1[nH]nc2nnc(-c3cccc(F)c3F)cc12,360.36800000000005,26,1,CHEMBL41783,CHEMBL1201862,CHEMBL1201862,F
KQMPRSZTUSSXND-UHFFFAOYSA-N,6.093092591231407,2,0.009767186228272554,0.013812887230247206,CCOc1nc(NC(=O)Cc2cc(OC)ccc2OC)cc(N)c1C#N,356.3820000000001,26,2,CHEMBL210618,CHEMBL1148638,CHEMBL1148638|CHEMBL1201862,B|F
KRHWSBXYWJHICK-UHFFFAOYSA-N,7.207608310501746,1,,0.0,COc1ccc(-c2[nH][nH]c(=O)c2N=Nc2cccnc2)cc1,295.302,22,1,CHEMBL1076721,CHEMBL1154953,CHEMBL1154953,B
KRIUNPBAQZGFQA-UHFFFAOYSA-N,6.297432729565351,2,1.135023350417455,1.6051654157705153,Oc1c2ccccc2c2c3c(cccc13)N=N2,220.231,17,2,CHEMBL1725279,CHEMBL1201862,CHEMBL1144455|CHEMBL1201862,B|F
KRJBPRIWWMVZOX-UHFFFAOYSA-N,6.1259059864969,2,0.04100649896213307,0.05799194697768684,COC(=O)C(Cc1ccc(O)cc1)NC(=O)c1cc(C(=O)O)c2cc(-c3ccccc3Cl)ccc2n1,504.9260000000003,36,1,CHEMBL3099756,CHEMBL3098110,CHEMBL3098110,B
KRNJRDXXCPGUCY-UHFFFAOYSA-N,4.9604093769761874,2,0.05598959602307623,0.07918124604762511,COC(=O)C(Cc1ccc(O)cc1)NC(=O)c1cc(C(=O)O)c2cc(-c3ccccc3)ccc2n1,470.4810000000002,35,1,CHEMBL3099759,CHEMBL3098110,CHEMBL3098110,B
KSDTZAWGXZOFIW-UHFFFAOYSA-N,5.318758762624412,1,,0.0,Cc1nn(-c2nccs2)c2c1C(=O)CC(C)(C)C2Br,340.2459999999999,19,1,CHEMBL1708376,CHEMBL4732187,CHEMBL4732187,B
KSOVGRCOLZZTPF-UHFFFAOYSA-N,6.299997602857746,1,,0.0,Cc1cc(Nc2ncc(F)c(NC3C4C=CC(C4)C3C(N)=O)n2)ccc1N1CCN(C)CC1,451.55000000000035,33,1,CHEMBL1967878,CHEMBL1201862,CHEMBL1201862,F
KTEIFNKAUNYNJU-UHFFFAOYSA-N,5.200000237109354,1,,0.0,CC(Oc1cc(-c2cnn(C3CCNCC3)c2)cnc1N)c1c(Cl)ccc(F)c1Cl,450.34500000000014,30,1,CHEMBL1825138,CHEMBL1201862,CHEMBL1201862,F
KTRGYJLQTZDGPX-UHFFFAOYSA-N,6.399996913372259,1,,0.0,COc1cc2cnc3c(c2cc1OC)C(=O)NC3=O,258.233,19,1,CHEMBL1982506,CHEMBL1201862,CHEMBL1201862,F
KTWBYGUSEYSRND-UHFFFAOYSA-N,6.599997654072045,1,,0.0,CC(C)CNC1CCC(Nc2nc(Cl)cc(-c3c[nH]c4ncccc34)n2)CC1,398.9420000000001,28,1,CHEMBL2006456,CHEMBL1201862,CHEMBL1201862,F
KZYXSXZYUWJVCO-UHFFFAOYSA-N,6.900008766455315,1,,0.0,NC(COc1cncc(-c2ccc3c(c2)=C(Cc2ccco2)C(=O)N=3)c1)Cc1c[nH]c2ccccc12,476.5360000000002,36,1,CHEMBL2001751,CHEMBL1201862,CHEMBL1201862,F
LACOMQAWPSFXQC-UHFFFAOYSA-N,6.399996913372259,1,,0.0,CS(=O)(=O)NC1CCC(Nc2cc(Cl)nc(-c3c[nH]c4ncccc34)n2)CC1,420.9260000000002,28,1,CHEMBL2005216,CHEMBL1201862,CHEMBL1201862,F
LCHCSKHPVCDXAU-UHFFFAOYSA-N,7.199970640755866,1,,0.0,Clc1cc(-c2c[nH]c3ncccc23)nc(NC2CCOCC2)n1,329.79100000000017,23,1,CHEMBL1980253,CHEMBL1201862,CHEMBL1201862,F
LDMSFYNGFVTKRW-UHFFFAOYSA-N,5.781989957015637,1,,0.0,Oc1cc(Nc2nccc(-c3nccs3)n2)cc(C(F)(F)F)c1,338.314,23,1,CHEMBL470175,CHEMBL1152268,CHEMBL1152268,B
LKUJDAHYLPICSE-UHFFFAOYSA-N,5.300000202445418,1,,0.0,Cc1nc2ccc(NS(=O)(=O)c3ccc(N)cc3)cc2nc1C,328.39700000000005,23,1,CHEMBL2006263,CHEMBL1201862,CHEMBL1201862,F
LNGVCHKMQJKHDR-UHFFFAOYSA-N,6.334419008982047,1,,0.0,CCNc1nc(C)c(-c2ccnc(Nc3cc(OC)c(OC)c(OC)c3)n2)s1,401.49200000000013,28,1,CHEMBL1086088,CHEMBL1155519,CHEMBL1155519,B
LNIDFQVRZCDVBI-UHFFFAOYSA-N,6.799998134593398,1,,0.0,O=C(Nc1cnccn1)Nc1ccnc2ccccc12,265.276,20,1,CHEMBL1981720,CHEMBL1201862,CHEMBL1201862,F
LOAIUSJMQXSEBK-UHFFFAOYSA-N,6.721246399047171,1,,0.0,Cc1ccc2c(-c3ccnc(Nc4ccc(C(F)(F)F)cc4)n3)cnn2n1,370.338,27,1,CHEMBL188303,CHEMBL1138749,CHEMBL1138749,B
LOMGAGWJYPGDLT-UHFFFAOYSA-N,7.50003813440381,1,,0.0,CN(Cc1ccccc1)c1cc(-c2c[nH]c3ncccc23)cc(Cl)n1,348.83700000000005,25,1,CHEMBL1969920,CHEMBL1201862,CHEMBL1201862,F
LPILBMJJRGTKOQ-UHFFFAOYSA-N,8.0,1,,0.0,CCNC(=O)NC1CCC(Nc2nc(Cl)cc(-c3c[nH]c4ncccc34)n2)CC1,413.9130000000002,29,1,CHEMBL1992220,CHEMBL1201862,CHEMBL1201862,F
LQFYMROHWYBYDH-UHFFFAOYSA-N,7.349485002168009,2,0.0685257273628731,0.09691001300805624,COC(=O)C(Cc1ccc(O)cc1)NC(=O)c1cc(C(=O)O)c2cc(-c3cccc(C(F)(F)F)c3)ccc2n1,538.4780000000002,39,1,CHEMBL3099761,CHEMBL3098110,CHEMBL3098110,B
LRESELHEXSUQGE-UHFFFAOYSA-N,5.100000128334196,1,,0.0,CC(=O)N1CCC(Nc2nccc(-c3c(-c4ccc(F)cc4)nc4occn34)n2)CC1,420.44800000000015,31,1,CHEMBL1986781,CHEMBL1201862,CHEMBL1201862,F
LRINYHMQZRENCY-UHFFFAOYSA-N,6.199998172182031,1,,0.0,COc1cc(-c2ccc3c(c2)Nc2ccc(C(=O)NCCNC(C)=O)cc2NC3=O)ccc1O,460.49000000000024,34,1,CHEMBL1975500,CHEMBL1201862,CHEMBL1201862,F
LRZYYIZFBXFSJB-UHFFFAOYSA-N,7.899974269892137,1,,0.0,NCCCn1cc(-c2cc(-c3cc4ccccc4s3)c3[nH]ncc3c2)c2nc(N)ncc21,439.5480000000001,32,1,CHEMBL592030,CHEMBL1201862,CHEMBL1201862,F
LSLPDHNUWRDOGC-UHFFFAOYSA-N,8.100015437450608,1,,0.0,COc1ccc(CNc2cc(-c3c[nH]c4ncccc34)cc(F)n2)cc1,348.3810000000001,26,1,CHEMBL1986855,CHEMBL1201862,CHEMBL1201862,F
LTZGVONWBPMCBP-UHFFFAOYSA-N,6.522878745280337,3,0.1910990241135071,0.3309932190414244,COC(=O)C(Cc1ccc(O)cc1)NC(=O)c1cc(C(=O)O)c2cc(-c3cccc(Cl)c3)ccc2n1,504.9260000000003,36,1,CHEMBL3099755,CHEMBL3098110,CHEMBL3098110,B
LVHOFIUXRMSCFN-UHFFFAOYSA-N,8.0,1,,0.0,FC(F)(F)c1cc(Br)cc(Nc2nccc(-c3cnn4ncccc34)n2)c1,435.2070000000001,27,1,CHEMBL365229,CHEMBL1138749,CHEMBL1138749,B
LXVBELDBJGYFEM-UHFFFAOYSA-N,6.199998172182031,1,,0.0,Nc1nnc(-c2cc3c(Oc4ccc(Cl)cc4)cncc3s2)o1,344.7830000000001,23,1,CHEMBL1994830,CHEMBL1201862,CHEMBL1201862,F
LYNBNVBMAGDJRW-UHFFFAOYSA-N,6.499996931948306,1,,0.0,O=C(O)c1ccccc1Nc1ccnc(Nc2cccc(O)c2)n1,322.324,24,1,CHEMBL243088,CHEMBL1201862,CHEMBL1201862,F
LZQTVVQZQUWSAI-UHFFFAOYSA-N,5.958607314841775,1,,0.0,Cc1cc(C)cc(Nc2nccc(-c3ncc(C)s3)n2)c1,296.399,21,1,CHEMBL470780,CHEMBL1152268,CHEMBL1152268,B
LZVYYWCYKXAVES-UHFFFAOYSA-N,5.6020599913279625,1,,0.0,Cc1nc(C)c(-c2ccnc(Nc3ccc(Cl)cc3)n2)s1,316.817,21,1,CHEMBL45001,CHEMBL1149116,CHEMBL1149116,B
MADCXGNPDBWPLM-UHFFFAOYSA-N,5.40000018605658,1,,0.0,Cc1cc(NC(=O)Cc2ccc(-c3cccc4[nH]nc(N)c34)cc2)ccc1F,374.41900000000015,28,1,CHEMBL1984363,CHEMBL1201862,CHEMBL1201862,F
MDJCUXFFMNEBHG-UHFFFAOYSA-N,7.199970640755866,1,,0.0,COc1cc(-c2ccc3c(c2)Nc2ccc([N+](=O)[O-])cc2NC3=O)ccc1O,377.3560000000001,28,1,CHEMBL1995740,CHEMBL1201862,CHEMBL1201862,F
MEZFDQUDLQCVNX-UHFFFAOYSA-N,6.537602002101044,1,,0.0,Cc1nc(C)c(-c2ccnc(Nc3ccc(C(F)(F)F)cc3)n2)s1,350.36899999999997,24,1,CHEMBL48109,CHEMBL1149116,CHEMBL1149116,B
MFMXAWQGPQXDRJ-UHFFFAOYSA-N,5.100000128334196,1,,0.0,Cc1ccc(NC(=O)Nc2ccc(-c3coc4ncnc(N)c34)cc2)cc1,359.3890000000001,27,1,CHEMBL2005828,CHEMBL1201862,CHEMBL1201862,F
MHDJLIPWFMISSC-GZTJUZNOSA-N,4.911863911299449,1,,0.0,CC(C)(C)n1nc(-c2cccc(NC(=O)/C(C#N)=C/c3ccccc3[N+](=O)[O-])c2)c2c(=O)[nH]cnc21,483.4880000000002,36,1,CHEMBL5181880,CHEMBL5126571,CHEMBL5126571,B
MIYRKQLKDQNUKZ-UHFFFAOYSA-N,6.699991797446187,1,,0.0,CN(C)C(=O)c1c(-c2ccc3[nH]ncc3c2)nnn1Cc1ccccc1,346.3940000000001,26,1,CHEMBL1996111,CHEMBL1201862,CHEMBL1201862,F
MLDQJTXFUGDVEO-UHFFFAOYSA-N,5.060480747381382,1,,0.0,CNC(=O)c1cc(Oc2ccc(NC(=O)Nc3ccc(Cl)c(C(F)(F)F)c3)cc2)ccn1,464.83100000000013,32,1,CHEMBL1336,CHEMBL1908390,CHEMBL1908390,B
MLGGUGPIWDHBAI-UHFFFAOYSA-N,6.499994700151967,2,0.28283860742873795,0.3999941945884409,NCC(NC(=O)c1ccc(-c2ccncc2)cc1)c1ccccc1,317.392,24,1,CHEMBL1990254,CHEMBL1201862,CHEMBL1201862,F
MMCKPBBXKNYZPT-UHFFFAOYSA-N,5.100000128334196,1,,0.0,O=C1CN=C(c2cccc(Cl)c2)c2c(sc3c2CCCC3)N1,330.84000000000015,22,1,CHEMBL2002470,CHEMBL1201862,CHEMBL1201862,F
MMMPFWNSQKXKDX-UHFFFAOYSA-N,5.499999678657065,1,,0.0,CSc1c[nH]c2ncnc(NCCCO)c12,238.31599999999995,16,1,CHEMBL2000114,CHEMBL1201862,CHEMBL1201862,F
MNEBTNXXCJJUOW-UHFFFAOYSA-N,5.700000503883016,1,,0.0,COCCN(CCOC)c1cc(-c2c[nH]c3ncccc23)cc(Cl)n1,360.8450000000001,25,1,CHEMBL1985654,CHEMBL1201862,CHEMBL1201862,F
MOROKSJAULAYHU-HXUWFJFHSA-N,5.698970004336019,1,,0.0,CN(C)C[C@@H](OC(=O)N1Cc2c(NC(=O)c3ccccc3)n[nH]c2C1(C)C)c1ccccc1,447.5390000000001,33,1,CHEMBL2064561,CHEMBL2062373,CHEMBL2062373,B
MPCQRPKDRXWSSR-OAQYLSRUSA-N,6.860120913598763,1,,0.0,Cc1cnc(Nc2cccc3c2OCCO3)nc1-c1c[nH]c(C(=O)N[C@H](CO)c2cccc(Cl)c2)c1,505.9620000000001,36,1,CHEMBL571722,CHEMBL1154622,CHEMBL1154622,B
MRFMXCDMVCFHFP-UHFFFAOYSA-N,6.721246399047171,1,,0.0,COc1cc(Nc2nccc(-c3cnn4nc(OC)ccc34)n2)cc(OC)c1,378.3920000000001,28,1,CHEMBL188417,CHEMBL1138749,CHEMBL1138749,B
MRITYVDXXFOOAU-UHFFFAOYSA-N,5.095825631715837,1,,0.0,O=C(Nc1ccc2cc(C(=O)Nc3nccs3)ccc2c1)c1ccc(Cl)c(Cl)c1,442.3270000000001,29,1,CHEMBL4445812,CHEMBL4373706,CHEMBL4373706,B
MSOZBJDLTCXBAV-JOCHJYFZSA-N,7.119186407719209,1,,0.0,Cc1cc(Cl)ccc1Nc1ncc(C)c(-c2c[nH]c(C(=O)N[C@H](CO)c3cccc(Cl)c3)c2)n1,496.3980000000002,34,1,CHEMBL568483,CHEMBL1154622,CHEMBL1154622,B
MUOKSQABCJCOPU-UHFFFAOYSA-N,5.772627557710363,1,,0.0,O=C(O)c1ccc2c(c1)nc(Nc1cccc(Cl)c1)c1ccncc12,349.7770000000001,25,1,CHEMBL1230165,CHEMBL3991601,CHEMBL3991601,B
MUSBOHKPZFHPFH-UHFFFAOYSA-N,7.522878745280337,1,,0.0,Cc1nc(N)sc1-c1ccnc(Nc2ccc(O)cc2)n1,299.35900000000004,21,1,CHEMBL431336,CHEMBL1149116,CHEMBL1149116,B
MVJMMLFMPWITEJ-UHFFFAOYSA-N,8.100015437450608,1,,0.0,N#CCOc1ccc(Nc2nc(Nc3cccc(S(N)(=O)=O)c3)ncc2Br)cc1,475.3280000000001,29,1,CHEMBL1987034,CHEMBL1201862,CHEMBL1201862,F
MWYKOESKEDEXHN-UHFFFAOYSA-N,5.700000503883016,1,,0.0,CN(c1ccccc1-c1ccc2c(c1)Nc1ccccc1NC2=O)S(C)(=O)=O,393.46800000000013,28,1,CHEMBL1980497,CHEMBL1201862,CHEMBL1201862,F
MYHBMTAGTIOCHM-UHFFFAOYSA-N,7.698970004336019,1,,0.0,Cc1nc(C)c(-c2ccnc(Nc3ccc(N(C)C)c([N+](=O)[O-])c3)n2)s1,370.43800000000005,26,1,CHEMBL295484,CHEMBL1149116,CHEMBL1149116,B
NBLFGELIWIKRAC-UHFFFAOYSA-N,6.299997602857746,1,,0.0,NC(=O)c1ccc(Nc2ncnc3[nH]cc(-c4ccccc4)c23)cc1,329.36300000000006,25,1,CHEMBL1975440,CHEMBL1201862,CHEMBL1201862,F
NDGOAYJLMNXBRG-UHFFFAOYSA-N,6.301029995663981,1,,0.0,COc1ccc2c(-c3ccnc(Nc4ccc(C#N)cc4)n3)cnn2n1,343.35,26,1,CHEMBL189352,CHEMBL1138749,CHEMBL1138749,B
NHEQNFWGPSKRMJ-UHFFFAOYSA-N,5.800000874803203,1,,0.0,CCS(=O)(=O)c1ccc(-c2cncc3sc(C(N)=O)cc23)cc1,346.4330000000001,23,1,CHEMBL2000104,CHEMBL1201862,CHEMBL1201862,F
NHHQJBCNYHBUSI-UHFFFAOYSA-N,6.900008766455315,1,,0.0,COc1cc(Nc2ncc(F)c(Nc3ccc4c(n3)NC(=O)C(C)(C)O4)n2)cc(OC)c1OC,470.4610000000003,34,1,CHEMBL475251,CHEMBL1201862,CHEMBL1201862,F
NIUJTENHSPPCKO-UHFFFAOYSA-N,7.0,1,,0.0,CC(C)(CO)CCCNc1cc(-c2c[nH]c3ncccc23)cc(Cl)n1,358.8730000000001,25,1,CHEMBL1967662,CHEMBL1201862,CHEMBL1201862,F
NJPWCTYVEJIQBM-UHFFFAOYSA-N,7.599980364934842,2,0.0,0.0,Cc1[nH]nc2ccc(-c3cncc(OCC(N)Cc4cccc(Cl)c4)c3)cc12,392.89000000000004,28,1,CHEMBL1974870,CHEMBL1201862,CHEMBL1201862,F
NKGLJTITEFZKAN-UHFFFAOYSA-N,6.900008766455315,1,,0.0,CC(=NN=C(N)N)c1cc(NC(=O)c2cccc(C(=O)Nc3cc(C(C)=NN=C(N)N)cc(C(C)=NN=C(N)N)c3)c2)cc(C(C)=NN=C(N)N)c1,708.7959999999997,52,1,CHEMBL2000685,CHEMBL1201862,CHEMBL1201862,F
NKTGKAVJSAUPCX-UHFFFAOYSA-N,8.221848749616356,1,,0.0,Cc1ccc2c(-c3ccnc(Nc4ccc5c(c4)OCCO5)n3)cnn2n1,360.3770000000001,27,1,CHEMBL434337,CHEMBL1138749,CHEMBL1138749,B
NLDZIKOJZCTRAZ-UHFFFAOYSA-N,5.200000237109354,1,,0.0,CCN(CC)CC#Cc1ccc2c(c1)-c1[nH]nc(-c3ccc(C#N)nc3)c1C2,367.45600000000013,28,1,CHEMBL2007044,CHEMBL1201862,CHEMBL1201862,F
NLUPJKQOKWBWFC-UHFFFAOYSA-N,7.700057099977233,1,,0.0,CCn1c(C)c(-c2ccnc(Nc3cccc(OC)c3)n2)sc1=O,342.42400000000004,24,1,CHEMBL1986263,CHEMBL1201862,CHEMBL1201862,F
NMWSFHOBJVDICZ-UHFFFAOYSA-N,5.100000128334196,1,,0.0,Nc1nonc1-n1nnc(C(=O)NN=Cc2ccncc2)c1-c1ccccc1,375.3520000000001,28,1,CHEMBL1419458,CHEMBL1201862,CHEMBL1201862,F
NOUBNKJOUBYYSQ-UHFFFAOYSA-N,5.315154638355588,1,,0.0,Cc1cc(NS(=O)(=O)c2ccc(Nc3[nH]nc4[nH]cnc(=O)c34)cc2)no1,387.38100000000014,27,1,CHEMBL5207710,CHEMBL5126571,CHEMBL5126571,B
NPHKXSDZIKFIRU-UHFFFAOYSA-N,5.800000874803203,1,,0.0,Nc1[nH]nc2nnc(-c3ccccc3)c(-c3ccccc3)c12,287.3260000000001,22,1,CHEMBL260135,CHEMBL1201862,CHEMBL1201862,F
NPJROAJIXPVMTE-UHFFFAOYSA-N,5.100000128334196,1,,0.0,CN1CCN(c2cccc(Nc3nccc(-c4c(C(N)=O)nc5ccccn45)n3)c2)CC1,428.50000000000017,32,1,CHEMBL1971245,CHEMBL1201862,CHEMBL1201862,F
NPLOHUPMKKUYFK-UHFFFAOYSA-N,7.119186407719209,1,,0.0,COc1ccncc1-c1[nH][nH]c(=O)c1N=Nc1ccccc1,295.302,22,1,CHEMBL1086736,CHEMBL1154953,CHEMBL1154953,B
NRSGWEVTVGZDFC-UHFFFAOYSA-N,6.399996913372259,1,,0.0,Cc1c[nH]c2nccc(Oc3c(F)cc(Nc4cc(Cl)nc(N)n4)cc3F)c12,402.7920000000001,28,1,CHEMBL1971943,CHEMBL1201862,CHEMBL1201862,F
NRZYTPAJGVTKIM-UHFFFAOYSA-N,5.200000237109354,1,,0.0,COC(=O)c1c(-c2ccc(NC(=O)Nc3ccccc3)cc2)c2c(N)ncnn2c1C,416.44100000000014,31,1,CHEMBL1977041,CHEMBL1201862,CHEMBL1201862,F
NSDIHUXUFJHXRA-UHFFFAOYSA-N,6.599997654072045,1,,0.0,O=C(Nc1cnccn1)Nc1ccnc2c(F)cccc12,283.266,21,1,CHEMBL1975647,CHEMBL1201862,CHEMBL1201862,F
NSKDXALGDBAGSA-UHFFFAOYSA-N,5.301029995663981,1,,0.0,Cc1nn(-c2ccccn2)c2c1C(=O)CC(C)(C)C2Br,334.2169999999999,20,1,CHEMBL1906448,CHEMBL4732187,CHEMBL4732187,B
NTSBZVCEIVPKBJ-UHFFFAOYSA-N,6.299997602857746,1,,0.0,O=C1Cc2c([nH]c3ccc(Br)cc23)-c2ncccc2N1,328.169,20,1,CHEMBL336961,CHEMBL1201862,CHEMBL1201862,F
NWBJYWHLCVSVIJ-UHFFFAOYSA-N,4.2076083105017466,1,,0.0,c1ccc(CNc2ncnc3[nH]cnc23)cc1,225.25500000000002,17,1,CHEMBL228862,CHEMBL3751749,CHEMBL3751749,B
NWIPTENCWQPQTO-UHFFFAOYSA-N,7.886056647693163,1,,0.0,COc1cccc(F)c1C(=O)c1cnc(NC2CCN(S(C)(=O)=O)CC2)nc1N,423.47000000000025,29,1,CHEMBL385733,CHEMBL1137323,CHEMBL1137323,B
NXNQLECPAXXYTR-UHFFFAOYSA-N,5.100000128334196,1,,0.0,Cn1cc(C=C2C(=O)Nc3cccnc32)c2ccccc21,275.31100000000004,21,1,CHEMBL1516890,CHEMBL1201862,CHEMBL1201862,F
NYGKSLDYPFTJBU-UHFFFAOYSA-N,5.610479534153622,1,,0.0,Cc1cccc(Nc2nccc(-c3nccs3)n2)c1,268.345,19,1,CHEMBL471819,CHEMBL1152268,CHEMBL1152268,B
NYHNQADANUSVEH-UHFFFAOYSA-N,6.0,1,,0.0,O=c1[nH][nH]c(=O)c2c(N=Nc3c(-c4ccccc4)[nH]n(-c4ccccc4)c3=O)cccc12,424.42,32,1,CHEMBL1984274,CHEMBL1201862,CHEMBL1201862,F
OADRBDVURCEKRP-UHFFFAOYSA-N,6.599997654072045,1,,0.0,Brc1cnc2[nH]cc(-c3ccccc3)c2c1,273.13300000000004,16,1,CHEMBL1992634,CHEMBL1201862,CHEMBL1201862,F
OAVGBZOFDPFGPJ-UHFFFAOYSA-N,6.900008766455315,1,,0.0,CN1CCN(c2nc(C3=C(c4c[nH]c5ccccc45)C(=O)NC3=O)c3ccccc3n2)CC1,438.49100000000027,33,1,CHEMBL565612,CHEMBL1201862,CHEMBL1201862,F
OBDPIVSOXGXWQB-UHFFFAOYSA-N,5.692503962086787,1,,0.0,CCOc1ccccc1C(=O)c1cnc(NC2CCN(C(C)=O)CC2)nc1N,383.45200000000017,28,1,CHEMBL216148,CHEMBL1137323,CHEMBL1137323,B
OBZHLULOFFWAJX-UHFFFAOYSA-N,5.200000237109354,1,,0.0,Cc1nc2c(sc3c(Br)ccc(Cl)c32)c(=O)o1,330.5900000000001,17,1,CHEMBL1974702,CHEMBL1201862,CHEMBL1201862,F
ODNOTLMFNVWFTJ-UHFFFAOYSA-N,6.900008766455315,1,,0.0,OCCNc1cc2cc(-c3cccnc3)ccc2cn1,265.31600000000003,20,1,CHEMBL1990912,CHEMBL1201862,CHEMBL1201862,F
ODPGGGTTYSGTGO-UHFFFAOYSA-N,6.232986946971932,2,0.16093826601657363,0.22760107850544742,CCN1CCN(Cc2ccc(NC(=O)Nc3ccc(Oc4cc(NC)ncn4)cc3)cc2C(F)(F)F)CC1,529.5670000000001,38,2,CHEMBL574738,CHEMBL1150977,CHEMBL1150977|CHEMBL1908390,B
OEEGUWWPGAZRIJ-UHFFFAOYSA-N,5.800000874803203,1,,0.0,O=C(NC(CO)c1ccccc1)N1CC=C(c2c[nH]c3ncccc23)CC1,362.4330000000001,27,1,CHEMBL1964937,CHEMBL1201862,CHEMBL1201862,F
OEKYVFZKBRIDJO-UHFFFAOYSA-N,7.199970640755866,1,,0.0,CCCS(=O)(=O)Nc1ccc(-c2ccc3[nH]nc(NC(=O)CC)c3c2)cc1,386.47700000000015,27,1,CHEMBL1972221,CHEMBL1201862,CHEMBL1201862,F
OHLKBSAOSZPTFS-UHFFFAOYSA-N,6.199998172182031,1,,0.0,CCCc1cc(-c2ccc3[nH]ncc3c2)on1,227.267,17,1,CHEMBL1682359,CHEMBL1201862,CHEMBL1201862,F
OIDZQWOKVFYZSD-UHFFFAOYSA-N,6.0,1,,0.0,CS(=O)(=O)c1ccc(-c2cncc3sc(C(N)=O)cc23)cc1,332.40600000000006,22,1,CHEMBL1972362,CHEMBL1201862,CHEMBL1201862,F
OJLMLBGQIFKNGV-UHFFFAOYSA-N,5.200000237109354,1,,0.0,CS(=O)(=O)Nc1ccccc1-c1ccc2c(c1)Nc1ccccc1NC2=O,379.4410000000001,27,1,CHEMBL1975937,CHEMBL1201862,CHEMBL1201862,F
OLVBAUVSICCWEJ-UHFFFAOYSA-N,6.299997602857746,1,,0.0,COc1cc(-c2ccc3c(c2)Nc2ccc(C(=O)NCc4cccc(F)c4)cc2NC3=O)ccc1O,483.4990000000002,36,1,CHEMBL2000832,CHEMBL1201862,CHEMBL1201862,F
ONSQVIFJAFIKFZ-UHFFFAOYSA-N,6.299997602857746,1,,0.0,Cc1[nH]nc2ccc(-c3cncc(OCCN(C)S(C)(=O)=O)c3)cc12,360.4390000000001,25,1,CHEMBL1998826,CHEMBL1201862,CHEMBL1201862,F
OPLHMHMCXQXEQG-UHFFFAOYSA-N,5.59999938302362,1,,0.0,NCCNS(=O)(=O)c1cccc(C(=O)Nc2ccc(-c3n[nH]c(=O)c4ccccc34)cc2)c1,463.5190000000002,33,1,CHEMBL2000481,CHEMBL1201862,CHEMBL1201862,F
OPOGDZANLATWGS-UHFFFAOYSA-N,5.300000202445418,1,,0.0,Cc1ccc(Cn2cc(-c3ccc4[nH]ncc4c3)nn2)c(C)c1,303.3690000000001,23,1,CHEMBL1984432,CHEMBL1201862,CHEMBL1201862,F
OQHALFBQFMAXFZ-UHFFFAOYSA-N,6.900008766455315,1,,0.0,CC(C)(C)Oc1cc(-c2ccncc2)cc2[nH]nc(N)c12,282.34700000000004,21,1,CHEMBL2002456,CHEMBL1201862,CHEMBL1201862,F
OQSVYNYDHYYKJX-UHFFFAOYSA-N,5.100000128334196,1,,0.0,NC(=O)c1cccc2[nH]c(-c3ccc(NC(=O)c4cccc(S(=O)(=O)N5CCOCC5)c4)cc3)nc12,505.5560000000003,36,1,CHEMBL1986597,CHEMBL1201862,CHEMBL1201862,F
OROAFGSTGRDOFR-UHFFFAOYSA-N,6.199998172182031,1,,0.0,CCCC(=O)Nc1[nH]nc2nc3ccccc3cc12,254.293,19,1,CHEMBL1967564,CHEMBL1201862,CHEMBL1201862,F
OTACRQCAOBRLAZ-UHFFFAOYSA-N,6.59176003468815,1,,0.0,CNc1nc(C)c(-c2ccnc(Nc3cc(OC)c(OC)c(OC)c3)n2)s1,387.4650000000001,27,1,CHEMBL1083152,CHEMBL1155519,CHEMBL1155519,B
OTMLAWRVLMYMDF-UHFFFAOYSA-N,7.154901959985743,1,,0.0,CNc1nc(C)c(-c2ccnc(Nc3ccc(O)cc3)n2)s1,313.386,22,1,CHEMBL47590,CHEMBL1149116,CHEMBL1149116,B
OUJZYQBEFNDJQN-UHFFFAOYSA-N,6.599997654072045,1,,0.0,OC1CCC(Nc2cc(Cl)nc(-c3c[nH]c4ncccc34)n2)CC1,343.8180000000001,24,1,CHEMBL1991674,CHEMBL1201862,CHEMBL1201862,F
OWDRQHVEJIYVOI-UHFFFAOYSA-N,6.499996931948306,1,,0.0,Cc1cc(Cl)ccc1NC(=S)NNC(=O)C(O)(c1ccccc1)c1ccccc1,425.9410000000001,29,1,CHEMBL1988173,CHEMBL1201862,CHEMBL1201862,F
PAIFYAZSILXLBO-UHFFFAOYSA-N,6.299997602857746,1,,0.0,NC(=O)c1sc2c(Br)ccc(Cl)c2c1N,305.58400000000006,15,1,CHEMBL1998611,CHEMBL1201862,CHEMBL1201862,F
PBNKREGCQAYWMQ-UHFFFAOYSA-N,5.499999678657065,1,,0.0,CC(C)N(C(=O)Nc1ccc2nc(-c3ccco3)c(-c3ccco3)nc2c1)C(C)C,404.47000000000014,30,1,CHEMBL2006156,CHEMBL1201862,CHEMBL1201862,F
PCQMERRARZKTPW-UHFFFAOYSA-N,6.499996931948306,1,,0.0,NC(=O)c1cccc(-c2cnc3[nH]cc(-c4ccccc4)c3c2)c1,313.36,24,1,CHEMBL1982957,CHEMBL1201862,CHEMBL1201862,F
PDBPUXLUVDSLML-UHFFFAOYSA-N,5.700000503883016,1,,0.0,NCCCOc1cc2c(c(-c3ccc(Nc4nc5ccccc5o4)cc3)c1)CNC2=O,414.46500000000015,31,1,CHEMBL1975490,CHEMBL1201862,CHEMBL1201862,F
PDGBJOHNOOKHMI-HSZRJFAPSA-N,6.6777807052660805,1,,0.0,CCc1ccccc1Nc1ncc(C)c(-c2c[nH]c(C(=O)N[C@H](CO)c3ccccc3)c2)n1,441.53500000000014,33,1,CHEMBL572361,CHEMBL1154622,CHEMBL1154622,B
PEXKNSGOEOREKM-UHFFFAOYSA-N,6.599997654072045,1,,0.0,COc1ccc(-c2cnc3c(Br)cnn3c2)cc1,304.147,18,1,CHEMBL443962,CHEMBL1201862,CHEMBL1201862,F
PFAAZWLEKZPBLT-UHFFFAOYSA-N,7.221848749616356,1,,0.0,COc1cccc(Nc2nccc(-c3cnn4nc(OC)ccc34)n2)c1,348.3660000000001,26,1,CHEMBL188312,CHEMBL1138749,CHEMBL1138749,B
PFCUZXCHLYIMTJ-UHFFFAOYSA-N,6.699991797446187,1,,0.0,COc1cccc(C(C)NC(=O)c2ccc(-c3ccncc3F)cc2OC)c1,380.4190000000001,28,1,CHEMBL1991188,CHEMBL1201862,CHEMBL1201862,F
PFHKAGAZRDERTK-NRFANRHFSA-N,5.958607314841775,1,,0.0,Cc1cnc(Nc2ccccc2)nc1-c1c[nH]c(C(=O)N[C@@H](CO)c2ccccc2)c1,413.4810000000001,31,1,CHEMBL570367,CHEMBL1154622,CHEMBL1154622,B
PFHKAGAZRDERTK-OAQYLSRUSA-N,7.795880017344075,1,,0.0,Cc1cnc(Nc2ccccc2)nc1-c1c[nH]c(C(=O)N[C@H](CO)c2ccccc2)c1,413.4810000000001,31,1,CHEMBL565459,CHEMBL1154622,CHEMBL1154622,B
PHNXNWIOYIAQFR-HLRQEUIKSA-N,5.318758762624412,1,,0.0,C=C1CCC[C@H]2[C@]3(C)CC4=C(O[C@]3(C)CC[C@]12C)C(=O)C=C(NC)C4=O,355.47800000000007,26,1,CHEMBL4126111,CHEMBL4118028,CHEMBL4118028,B
PJUVRETYCLPAFV-UHFFFAOYSA-N,6.799998134593398,1,,0.0,NC(=O)c1cc2c(-c3cccc(F)c3)cncc2s1,272.304,19,1,CHEMBL1971017,CHEMBL1201862,CHEMBL1201862,F
PKHXJWYQMRFPTR-UHFFFAOYSA-N,7.3979400086720375,1,,0.0,Cc1nc(C)c(-c2ccnc(Nc3ccc(F)cc3)n2)s1,300.36199999999997,21,1,CHEMBL297412,CHEMBL1149116,CHEMBL1149116,B
PLHUMPJXRHMFFR-UHFFFAOYSA-N,6.799998134593398,1,,0.0,NC1CCCC(Nc2nc(Cl)cc(-c3c[nH]c4ncccc34)n2)C1,342.8340000000001,24,1,CHEMBL1998432,CHEMBL1201862,CHEMBL1201862,F
PMXPVPGZZRMXIV-UHFFFAOYSA-N,6.399996913372259,1,,0.0,O=C1Nc2ccccc2Nc2cc(-c3ccncc3F)ccc21,305.312,23,1,CHEMBL1989293,CHEMBL1201862,CHEMBL1201862,F
PPCNMZPSQZFFGM-UHFFFAOYSA-N,5.100000128334196,1,,0.0,O=c1[nH]c2cc(-c3ccccc3)cnc2[nH]1,211.22400000000002,16,1,CHEMBL2003456,CHEMBL1201862,CHEMBL1201862,F
PQTSGZDNKJSPGW-GZTJUZNOSA-N,5.542118103266008,1,,0.0,CC(C)(C)n1nc(-c2cccc(NC(=O)/C(C#N)=C/c3ccc(F)cc3)c2)c2c(=O)[nH]cnc21,456.48100000000017,34,1,CHEMBL5171425,CHEMBL5126571,CHEMBL5126571,B
PSCJSWRVCKUMSL-UHFFFAOYSA-N,6.599997654072045,1,,0.0,OCC(CO)Nc1ncnc2[nH]cc(-c3ccccc3)c12,284.3190000000001,21,1,CHEMBL1992922,CHEMBL1201862,CHEMBL1201862,F
PSCYHVIBVPGAHI-UHFFFAOYSA-N,5.800000874803203,1,,0.0,Cc1[nH]n(-c2ccc(Cl)c(Cl)c2)c(=O)c1C=c1c(C)c(C#N)c2nc3ccccc3n2c1=O,476.3230000000002,33,1,CHEMBL1997349,CHEMBL1201862,CHEMBL1201862,F
PSPFQEBFYXJZEV-UHFFFAOYSA-N,5.700000503883016,1,,0.0,Cc1ccc2nc(NCCN)c3ncc(C)n3c2c1,255.32500000000002,19,1,CHEMBL249697,CHEMBL1201862,CHEMBL1201862,F
PTZQSGFNHIVQKV-UHFFFAOYSA-N,6.900008766455315,1,,0.0,OCCCCNc1cc(-c2c[nH]c3ncccc23)cc(Cl)n1,316.7920000000001,22,1,CHEMBL1970821,CHEMBL1201862,CHEMBL1201862,F
PUFQAOUEGKPRGD-OAHLLOKOSA-N,5.5,2,0.14433462391168503,0.20411998265592501,C[C@H](Cc1ccc(O)cc1)NC(=O)c1cc(C(=O)O)c2cc(-c3cccc(C(F)(F)F)c3)ccc2n1,494.4690000000001,36,1,CHEMBL3099748,CHEMBL3098110,CHEMBL3098110,B
PUYIXDDMOUMMRR-UHFFFAOYSA-N,6.399996913372259,1,,0.0,NC1CCC(Nc2cc(Cl)nc(-c3c[nH]c4ncccc34)n2)CC1,342.8340000000001,24,1,CHEMBL1983589,CHEMBL1201862,CHEMBL1201862,F
PWDLXPJQFNVTNL-UHFFFAOYSA-N,7.278189384787454,2,0.0,0.0,CN1CCN(Cc2ccc(NC(=O)Nc3ccc(Oc4ccnc(N)n4)cc3)cc2C(F)(F)F)CC1,501.5130000000002,36,2,CHEMBL4472486,CHEMBL4346652,CHEMBL4346652|CHEMBL5579822,B
PWIKZIKRKUUHRB-UHFFFAOYSA-N,6.699991797446187,1,,0.0,Cc1cccc(CNc2cc(-c3c[nH]c4ncccc34)cc(Cl)n2)c1C,362.8640000000001,26,1,CHEMBL1988331,CHEMBL1201862,CHEMBL1201862,F
PWSJKYIMMLRSKB-UHFFFAOYSA-N,7.096910013008056,1,,0.0,Cc1[nH]c(C(N)=O)c(C)c1-c1ccnc(Nc2ccc(F)cc2)n1,325.34700000000004,24,1,CHEMBL362722,CHEMBL1137157,CHEMBL1137157,B
PYXQMJSGJIJHJT-UHFFFAOYSA-N,5.40000018605658,1,,0.0,Cc1cc(C)cc(NC(=O)Nc2ccc3c(c2)CCc2sc4ncnc(N)c4c2-3)c1,415.52200000000016,30,1,CHEMBL1964687,CHEMBL1201862,CHEMBL1201862,F
QAJPIJHWTGPUNZ-UHFFFAOYSA-N,6.399996913372259,1,,0.0,NC(=O)c1cc(-c2ccnc(N)n2)[nH]c1-c1ccc(Cl)cc1F,331.738,23,1,CHEMBL1981079,CHEMBL1201862,CHEMBL1201862,F
QATMNAAQTUISJK-UHFFFAOYSA-N,7.700057099977233,1,,0.0,O=C(Nc1[nH]nc2ccc(-c3cn(Cc4ccccc4)nn3)cc12)c1ccc(Cl)cc1,428.88300000000015,31,1,CHEMBL1987073,CHEMBL1201862,CHEMBL1201862,F
QEWSTOOMTBAUAG-UHFFFAOYSA-N,6.199998172182031,1,,0.0,Cc1cc(O)ccc1-n1cc(C(=O)NN)c(=O)c2ccc(-c3ccncc3)cc21,386.41100000000006,29,1,CHEMBL2000894,CHEMBL1201862,CHEMBL1201862,F
QGMKFIGNGWVOSE-UHFFFAOYSA-N,8.0,1,,0.0,c1cnn2ncc(-c3ccnc(Nc4ccc5c(c4)OCO5)n3)c2c1,332.3230000000001,25,1,CHEMBL189455,CHEMBL1138749,CHEMBL1138749,B
QHFPQUQWXGDVKK-UHFFFAOYSA-N,6.795880017344075,1,,0.0,C=CCNc1nc(C)c(-c2ccnc(Nc3cccc([N+](=O)[O-])c3)n2)s1,368.4220000000001,26,1,CHEMBL47249,CHEMBL1149116,CHEMBL1149116,B
QIEKHLDZKRQLLN-FOIQADDNSA-N,10.045757490560675,1,,0.0,C[C@@]1(O)CCC[C@H]1n1c(=O)c(C(F)F)cc2cnc(NC3CCN(S(C)(=O)=O)CC3)nc21,471.5300000000003,32,1,CHEMBL4446357,CHEMBL5226297,CHEMBL5226297,B
QLNAEPZXTGNWCX-UHFFFAOYSA-N,6.527243550682788,1,,0.0,CNc1nc(C)c(-c2ccnc(Nc3ccc(N4CCN(C(C)=O)CC4)cc3)n2)s1,423.5460000000002,30,1,CHEMBL1083785,CHEMBL1155519,CHEMBL1155519,B
QMDPRICJPXKZCF-UHFFFAOYSA-N,6.853871964321762,1,,0.0,Cc1[nH]c(C#N)c(C)c1-c1ccnc(Nc2cccc([N+](=O)[O-])c2)n1,334.3390000000001,25,1,CHEMBL264345,CHEMBL1137157,CHEMBL1137157,B
QMMMGQKKOKYDMN-UHFFFAOYSA-N,5.300000202445418,1,,0.0,CCCCCCCCCCCCOc1ccc(N=C(N)N)cc1N=C(N)N,376.54900000000015,27,1,CHEMBL1980715,CHEMBL1201862,CHEMBL1201862,F
QMRLWEAPWJVLLS-UHFFFAOYSA-N,5.301029995663981,1,,0.0,Cc1ccc2c(-c3ccnc(Nc4ccc5c(c4)OCCO5)n3)c(-c3cccc(C(F)(F)F)c3)nn2n1,504.4720000000002,37,1,CHEMBL189617,CHEMBL1138749,CHEMBL1138749,B
QQUXFYAWXPMDOE-UHFFFAOYSA-N,7.0,1,,0.0,O=C1Cc2c([nH]c3ccc(Br)cc23)-c2ccccc2N1,327.181,20,1,CHEMBL296586,CHEMBL1201862,CHEMBL1201862,F
QQWUGDVOUVUTOY-UHFFFAOYSA-N,6.092002711410258,2,1.1426931215243015,1.6160121100901144,COc1cc(N2CCC(N3CCN(C)CC3)CC2)ccc1Nc1ncc(Cl)c(Nc2ccccc2S(=O)(=O)C(C)C)n1,614.216,42,2,CHEMBL509032,CHEMBL1201862,CHEMBL1201862|CHEMBL1908390,B|F
QRCXMLQLNQMAFC-UHFFFAOYSA-N,6.199998172182031,1,,0.0,CN(C)c1cc(-c2ccncc2)cc2[nH]nc(N)c12,253.30899999999997,19,1,CHEMBL2003229,CHEMBL1201862,CHEMBL1201862,F
QRXPIPWIGBYIFY-UHFFFAOYSA-N,6.443697499232712,1,,0.0,Cc1[nH]c(Cl)c(C)c1-c1ccnc(Nc2ccc(F)cc2)n1,316.76700000000005,22,1,CHEMBL365245,CHEMBL1137157,CHEMBL1137157,B
QTHCAAFKVUWAFI-DJKKODMXSA-N,6.267606240177031,2,0.0,0.0,Cc1ccc([N+](=O)[O-])cc1S(=O)(=O)N(C)/N=C/c1cnc2ccc(Br)cn12,452.2900000000001,27,2,CHEMBL393525,CHEMBL3856187,CHEMBL3856187|CHEMBL5543128,B
QVWKRMXAYICTFS-UHFFFAOYSA-N,5.200000237109354,1,,0.0,c1ccc(CNc2nc(-c3ccc4[nH]ncc4c3)cs2)cc1,306.39400000000006,22,1,CHEMBL1682546,CHEMBL1201862,CHEMBL1201862,F
QXKKPVVOOWBLND-UHFFFAOYSA-N,5.200000237109354,1,,0.0,Brc1ccc2[nH]nc(-c3ccccc3)c2c1,273.13300000000004,16,1,CHEMBL1994074,CHEMBL1201862,CHEMBL1201862,F
RBHCYWNSENRQLN-UHFFFAOYSA-N,7.698970004336019,1,,0.0,COc1ccc2c(-c3ccnc(Nc4ccc([N+](=O)[O-])cc4)n3)cnn2n1,363.33700000000005,27,1,CHEMBL186288,CHEMBL1138749,CHEMBL1138749,B
REMZNTHJUDSMFB-UHFFFAOYSA-N,7.045757490560675,1,,0.0,Cc1cc(Nc2nccc(-c3c(C)[nH]c(C#N)c3C)n2)ccc1F,321.359,24,1,CHEMBL185310,CHEMBL1137157,CHEMBL1137157,B
RFBPWKMQWSIPEO-UHFFFAOYSA-N,6.599997654072045,1,,0.0,CS(=O)(=O)NCCNc1cc(-c2c[nH]c3ncccc23)cc(Cl)n1,365.84600000000006,24,1,CHEMBL2005718,CHEMBL1201862,CHEMBL1201862,F
RFVBRKXQYUDGIO-UHFFFAOYSA-N,5.40000018605658,1,,0.0,NC(Cc1c[nH]c2ccccc12)C(=O)Nc1cncc(C=Cc2ccncc2)c1,383.4550000000001,29,1,CHEMBL1983945,CHEMBL1201862,CHEMBL1201862,F
RGOPHVZLEMGMBZ-UHFFFAOYSA-N,5.700000503883016,1,,0.0,CN(C)CC(=O)NC1CCCC(Nc2nc(Cl)cc(-c3c[nH]c4ncccc34)n2)C1,427.94000000000017,30,1,CHEMBL1995712,CHEMBL1201862,CHEMBL1201862,F
RITAVMQDGBJQJZ-UHFFFAOYSA-N,5.100000128334196,1,,0.0,CNC(=O)c1ccccc1Sc1ccc2c(C=Cc3ccccn3)[nH]nc2c1,386.48,28,1,CHEMBL1988437,CHEMBL1201862,CHEMBL1201862,F
RIZSJMAJCDKJAC-UHFFFAOYSA-N,4.70000006855703,1,,0.0,O=C(Nc1ccccc1)Nc1nccs1,219.26899999999998,15,1,CHEMBL1487428,CHEMBL1201862,CHEMBL1201862,F
RJZDECGDCKOHBV-UHFFFAOYSA-N,5.800000874803203,1,,0.0,O=C1NCCc2[nH]c(-c3ccnc(C=Cc4ccccc4)c3)cc21,315.3760000000001,24,1,CHEMBL1997129,CHEMBL1201862,CHEMBL1201862,F
RKDYDLMULRETNX-UHFFFAOYSA-N,6.599997654072045,1,,0.0,CC(C)(O)CNc1cc(-c2c[nH]c3ncccc23)cc(Cl)n1,316.7920000000001,22,1,CHEMBL2005387,CHEMBL1201862,CHEMBL1201862,F
RKKIDHHGKNGTQI-UHFFFAOYSA-N,6.199998172182031,1,,0.0,COc1ccc(Nc2nccc(Nc3c(NC(C)C(C)(C)C)c(=O)c3=O)n2)cc1OC,425.48900000000026,31,1,CHEMBL1964399,CHEMBL1201862,CHEMBL1201862,F
RKUKAACYUCUJEE-UHFFFAOYSA-N,7.199970640755866,2,0.0,0.0,NC(=O)c1cc(-c2ccnc(N)n2)[nH]c1-c1ccc(Cl)cc1Cl,348.193,23,1,CHEMBL1965660,CHEMBL1201862,CHEMBL1201862,F
RPGBQFNDFPEOON-UHFFFAOYSA-N,6.0,1,,0.0,Nc1ncnc2c1c(I)nn2C1CCC(O)CC1,359.17100000000016,18,1,CHEMBL1996791,CHEMBL1201862,CHEMBL1201862,F
RPGZQOOZHIEPJW-UHFFFAOYSA-N,6.823908740944319,1,,0.0,Cn1cc(C2=C(c3cccc(NCC(O)CO)c3)C(=O)NC2=O)c2cc(F)ccc21,409.41700000000014,30,1,CHEMBL1082152,CHEMBL1154951,CHEMBL1154951,B
RQJIDUOCLNMUHR-UHFFFAOYSA-N,7.299988937677888,1,,0.0,O=C(Nc1cccc(C(F)(F)F)n1)Nc1ccnc2c(F)cccc12,350.27500000000003,25,1,CHEMBL1966816,CHEMBL1201862,CHEMBL1201862,F
RTDSHUGNRVXRHN-UHFFFAOYSA-N,7.0,1,,0.0,CNC(=O)COc1ccc(Nc2nc(Nc3ccc(C)c(S(N)(=O)=O)c3)ncc2F)cc1,460.4910000000002,32,1,CHEMBL1978099,CHEMBL1201862,CHEMBL1201862,F
RVONHYLJCYPGQH-UHFFFAOYSA-N,5.100000128334196,1,,0.0,Cc1c(NC2CCC(N)CC2)nc2ccnn2c1Nc1ccc(F)c(Cl)c1,388.87800000000004,27,1,CHEMBL1980371,CHEMBL1201862,CHEMBL1201862,F
RVSKJUNTDGBSSS-UHFFFAOYSA-N,8.500038134403809,1,,0.0,CCCC(=O)Nc1[nH]nc2ccc(-c3cn(Cc4ccccc4)nn3)cc12,360.42100000000005,27,1,CHEMBL1977223,CHEMBL1201862,CHEMBL1201862,F
RWKDVIAVTRRJIR-UHFFFAOYSA-N,7.299988937677888,1,,0.0,CN(C)c1ccc(C(=O)Nc2[nH]nc3ccc(-c4cn(Cc5ccccc5)nn4)cc23)cc1,437.5070000000001,33,1,CHEMBL1992363,CHEMBL1201862,CHEMBL1201862,F
RXVOXSGTUROJOL-UHFFFAOYSA-N,6.199998172182031,1,,0.0,NC(=O)c1cccc2c1Nc1nnc(Cl)cc1C(=O)N2,289.682,20,1,CHEMBL1968070,CHEMBL1201862,CHEMBL1201862,F
RYYNGWLOYLRZLK-RBUKOAKNSA-N,5.750801642608887,1,,0.0,CC(=O)NCC(=O)N1[C@@H]2CC[C@H]1c1ccc(Nc3ncc(C(F)(F)F)c(NC4CCC4)n3)cc12,474.4870000000002,34,1,CHEMBL4289017,CHEMBL3991601,CHEMBL3991601,B
RYYNGWLOYLRZLK-UHFFFAOYSA-N,7.79997073344623,1,,0.0,CC(=O)NCC(=O)N1C2CCC1c1cc(Nc3ncc(C(F)(F)F)c(NC4CCC4)n3)ccc12,474.4870000000002,34,1,CHEMBL1983111,CHEMBL1201862,CHEMBL1201862,F
SACKFBGRWYSCQK-UHFFFAOYSA-N,6.53470785774233,2,0.7994656461357591,1.1306151594165597,CN(c1ncccc1CNc1nc(Nc2ccc3[nH]c(O)cc3c2)ncc1C(F)(F)F)S(C)(=O)=O,507.4980000000001,35,2,CHEMBL1084546,CHEMBL1201862,CHEMBL1201862|CHEMBL3991601,B|F
SAKSWJGBCYLXHW-UHFFFAOYSA-N,5.300000202445418,2,0.0,0.0,COc1cc(-c2ccc3c(c2)Nc2ccc(CCOc4ccc(N5CCOCC5)cc4)cc2NC3=O)ccc1CC#N,560.6540000000001,42,1,CHEMBL1985566,CHEMBL1201862,CHEMBL1201862,F
SDPIVLIBDDEFHL-UHFFFAOYSA-N,6.399996913372259,1,,0.0,O=C(Cc1ccc(Cl)cc1)Nc1[nH]nc2c1CCC2,275.7390000000001,19,1,CHEMBL2003482,CHEMBL1201862,CHEMBL1201862,F
SELXDFVNFMEQCP-UHFFFAOYSA-N,5.499999678657065,1,,0.0,CN(C)CCCOc1cc(-c2ccncc2)cc2[nH]nc(N)c12,311.38900000000007,23,1,CHEMBL1988662,CHEMBL1201862,CHEMBL1201862,F
SFPWNTQWFFNJIH-UHFFFAOYSA-N,5.59999938302362,1,,0.0,Cc1cccc(NC(=O)Nc2ccc(-c3csc4c(C#CCN)cnc(N)c34)cc2)c1,427.53300000000024,31,1,CHEMBL1965988,CHEMBL1201862,CHEMBL1201862,F
SFSVHJLQTWQXIO-JOCHJYFZSA-N,8.468521082957745,1,,0.0,CN(C)C[C@@H](NC(=O)c1ccc2[nH]nc(-c3nc4ccccc4[nH]3)c2c1)c1ccccc1,424.5080000000001,32,1,CHEMBL2064555,CHEMBL2062373,CHEMBL2062373,B
SHENEEFOURUIBP-UHFFFAOYSA-N,5.899998417198648,1,,0.0,CC(=O)Nc1cccc(CNc2c(Nc3ccc4[nH]ncc4c3)c(=O)c2=O)c1,375.38800000000015,28,1,CHEMBL1988608,CHEMBL1201862,CHEMBL1201862,F
SJOKPCUBKAMNFF-HSZRJFAPSA-N,6.346787486224656,1,,0.0,CCc1ccccc1Nc1ncc(C)c(-c2c[nH]c(C(=O)N[C@H](CO)c3cccc(Cl)c3)c2)n1,475.9800000000002,34,1,CHEMBL571056,CHEMBL1154622,CHEMBL1154622,B
SKKRZILJUKYLJS-UHFFFAOYSA-N,6.299997602857746,1,,0.0,CC(=O)NC1CCCC(Nc2nc(Cl)cc(-c3c[nH]c4ncccc34)n2)C1,384.8710000000001,27,1,CHEMBL1980178,CHEMBL1201862,CHEMBL1201862,F
SLKCVFPEQGHNSI-UHFFFAOYSA-N,7.400007822415902,1,,0.0,CN(C)CC(=O)NC1CCC(Nc2nc(Cl)cc(-c3c[nH]c4ncccc34)n2)CC1,427.94000000000017,30,1,CHEMBL1982271,CHEMBL1201862,CHEMBL1201862,F
SMRWVXLSRJWVBF-UHFFFAOYSA-N,6.199998172182031,1,,0.0,OC1CCCC(Nc2cc(Cl)nc(-c3c[nH]c4ncccc34)n2)C1,343.8180000000001,24,1,CHEMBL1976936,CHEMBL1201862,CHEMBL1201862,F
SNANURCXNCBFIA-UHFFFAOYSA-N,6.305394801066431,1,,0.0,COc1c(C(=O)c2cnc(NC3CCN(S(C)(=O)=O)CC3)nc2N)cc(F)c(F)c1F,459.4500000000002,31,1,CHEMBL214183,CHEMBL1137323,CHEMBL1137323,B
SODGZPDNROVASD-UHFFFAOYSA-N,6.0,1,,0.0,c1ccc2c(c1)nnn2Cc1cn(-c2ccc3[nH]ncc3c2)nn1,316.32800000000003,24,1,CHEMBL1966069,CHEMBL1201862,CHEMBL1201862,F
SOZCYADPJSCHBP-UHFFFAOYSA-N,7.301029995663981,1,,0.0,Cc1[nH]c(C#N)c(C)c1-c1ccnc(Nc2ccc(O)cc2)n1,305.341,23,1,CHEMBL184253,CHEMBL1137157,CHEMBL1137157,B
SPOBBSBKXJKGBG-UHFFFAOYSA-N,6.0,1,,0.0,NC(=O)c1cc2c(Oc3ccc(Br)cc3)cncc2s1,349.209,20,1,CHEMBL116070,CHEMBL1201862,CHEMBL1201862,F
SPTHQJCYGVSOJO-UHFFFAOYSA-N,5.100000128334196,1,,0.0,N#CC1C(=N)n2c(sc(=Cc3ccco3)c2=O)=C(C(N)=O)C1c1ccco1,380.38500000000016,27,1,CHEMBL1989805,CHEMBL1201862,CHEMBL1201862,F
SRONQUHCRFZABC-UHFFFAOYSA-N,6.799998134593398,1,,0.0,Cc1[nH]nc2ccc(-c3nnn(Cc4ccccc4)c3-c3ccc(F)cc3)cc12,383.43000000000006,29,1,CHEMBL1972339,CHEMBL1201862,CHEMBL1201862,F
SSICQSAEGWZCOO-UHFFFAOYSA-N,7.301029995663981,1,,0.0,Cc1c[nH]c(C)c1-c1ccnc(Nc2cccc([N+](=O)[O-])c2)n1,309.32900000000006,23,1,CHEMBL364408,CHEMBL1137157,CHEMBL1137157,B
STAVOGLLLUSIDU-UHFFFAOYSA-N,5.499999678657065,1,,0.0,NC(COc1cncc(-c2ccc3[nH]c(O)cc3c2)c1)Cc1c[nH]c2ccccc12,398.4660000000001,30,1,CHEMBL1967302,CHEMBL1201862,CHEMBL1201862,F
SYLTYCLPHHSEIJ-UHFFFAOYSA-N,5.899998417198648,1,,0.0,Cc1ccc(Nc2nc3cc([N+](=O)[O-])ccc3[nH]2)nc1,269.264,20,1,CHEMBL1992937,CHEMBL1201862,CHEMBL1201862,F
SZDPBHAPNGSXHF-UHFFFAOYSA-N,7.823908740944319,1,,0.0,CS(=O)(=O)N1CCC(Nc2ncc(C(=O)c3c(F)cccc3F)c(N)n2)CC1,411.4340000000002,28,1,CHEMBL265903,CHEMBL1137323,CHEMBL1137323,B
TUGVBKCLUKZSLL-LICLKQGHSA-N,5.609064892896621,1,,0.0,CC(C)(C)n1nc(-c2cccc(NC(=O)/C(C#N)=C/c3cccc([N+](=O)[O-])c3)c2)c2c(=O)[nH]cnc21,483.4880000000002,36,1,CHEMBL5178045,CHEMBL5126571,CHEMBL5126571,B
TUJUZVJICDSNLY-UHFFFAOYSA-N,6.199998172182031,1,,0.0,NCC1CCC(CNc2nc(NCc3ccccc3Cl)ncc2[N+](=O)[O-])CC1,404.9020000000002,28,1,CHEMBL246970,CHEMBL1201862,CHEMBL1201862,F
TVEREFRWBLRPPJ-UHFFFAOYSA-N,5.700000503883016,1,,0.0,COc1cccc(C(C)NC(=O)c2ccc(-c3ccncc3)c(F)c2)c1,350.39300000000003,26,1,CHEMBL2004934,CHEMBL1201862,CHEMBL1201862,F
TVLFEDKEAOXRCZ-UHFFFAOYSA-N,6.599997654072045,1,,0.0,CCc1c(-c2ccc(C(C)(C)O)cc2)[nH]c2nccnc12,281.359,21,1,CHEMBL1976420,CHEMBL1201862,CHEMBL1201862,F
TWCARTFPHQNBPF-UHFFFAOYSA-N,6.399996913372259,1,,0.0,CS(=O)(=O)NCCOc1cncc(-c2ccc3cnccc3c2)c1,343.4080000000001,24,1,CHEMBL1964804,CHEMBL1201862,CHEMBL1201862,F
TZSJMSZEKQGCBI-UHFFFAOYSA-N,6.0,1,,0.0,NC(=O)c1cc2c(Oc3cccc(F)c3)cncc2s1,288.303,20,1,CHEMBL1964777,CHEMBL1201862,CHEMBL1201862,F
UAQJVFADAYIBGC-UHFFFAOYSA-N,7.299988937677888,1,,0.0,COc1cccc(C(C)NC(=O)c2cc(C)c(-c3ccc4[nH]nc(C)c4c3)s2)c1,405.5230000000001,29,1,CHEMBL1997534,CHEMBL1201862,CHEMBL1201862,F
UCEVASZFLAMHAD-UHFFFAOYSA-N,4.70000006855703,1,,0.0,Fc1ccc2c(c1)-c1[nH]ncc1CS2,206.24499999999998,14,1,CHEMBL1989069,CHEMBL1201862,CHEMBL1201862,F
UEZPPFDNXOFISI-UHFFFAOYSA-N,5.40000018605658,1,,0.0,CCS(=O)(=O)Nc1ccc(-c2ccc3[nH]nc(N)c3c2)cc1,316.3860000000001,22,1,CHEMBL1997597,CHEMBL1201862,CHEMBL1201862,F
UFMAIBLTWQRHAK-UHFFFAOYSA-N,7.400007822415902,1,,0.0,Cc1cccc(CNc2cc(-c3c[nH]c4ncccc34)ncn2)c1,315.38000000000005,24,1,CHEMBL1995932,CHEMBL1201862,CHEMBL1201862,F
UGFZSOOMZPRIIC-UHFFFAOYSA-N,6.0,1,,0.0,CCOC(=O)c1c(NC(=O)C2C(C)(C)C2(C)C)sc2cnccc12,346.45200000000006,24,1,CHEMBL1990541,CHEMBL1201862,CHEMBL1201862,F
UIARLYUEJFELEN-LROUJFHJSA-N,7.698970004336019,3,0.7029146829259465,1.2174839442139067,C[C@]12O[C@H](C[C@]1(O)CO)n1c3ccccc3c3c4c(c5c6ccccc6n2c5c31)CNC4=O,439.47100000000023,33,3,CHEMBL603469,CHEMBL1240346,CHEMBL1240346|CHEMBL1908390|CHEMBL3991601,B
UKCWILSNXVOZQS-UHFFFAOYSA-N,4.920818753952375,1,,0.0,O=C(NC(Cc1ccc(O)cc1)C(=O)O)c1cc(C(=O)O)c2cc(-c3cccc(C(F)(F)F)c3)ccc2n1,524.4510000000001,38,1,CHEMBL3099747,CHEMBL3098110,CHEMBL3098110,B
UKLODWPLBDVRPZ-HSZRJFAPSA-N,7.3872161432802645,1,,0.0,Cc1cnc(Nc2cccc(C)c2C)nc1-c1c[nH]c(C(=O)N[C@H](CO)c2cccc(Cl)c2)c1,475.98000000000013,34,1,CHEMBL572157,CHEMBL1154622,CHEMBL1154622,B
UMTWTCVTRDYHQQ-UHFFFAOYSA-N,8.0,1,,0.0,Cc1[nH]nc2cnc(-c3cncc(OCC(N)Cc4cccc(C(F)(F)F)c4)c3)cc12,427.43000000000006,31,1,CHEMBL1998159,CHEMBL1201862,CHEMBL1201862,F
UMYBAQLXZPEUQW-UHFFFAOYSA-N,6.199998172182031,1,,0.0,O=C(O)c1ccccc1Nc1ncnc(Nc2cccc(F)c2)n1,325.303,24,1,CHEMBL1979933,CHEMBL1201862,CHEMBL1201862,F
UNVKXVCDLOLPJE-UHFFFAOYSA-N,5.499999678657065,1,,0.0,COc1ccc(C(=O)Nc2nc3ccc(Cl)cc3s2)c(OC)c1,348.8110000000001,23,1,CHEMBL1983309,CHEMBL1201862,CHEMBL1201862,F
UOENDEBKABBLDM-JOCHJYFZSA-N,7.161150909262744,1,,0.0,Cc1cccc([C@@H](CO)NC(=O)c2cc(-c3nc(Nc4ccccc4)ncc3C)c[nH]2)c1,427.5080000000001,32,1,CHEMBL565460,CHEMBL1154622,CHEMBL1154622,B
UOOFSEUSROQBBP-UHFFFAOYSA-N,7.100015437450609,1,,0.0,Nc1[nH]nc2ccc(-c3nnn(Cc4ccccc4)c3C3CC3)cc12,330.3950000000001,25,1,CHEMBL2004631,CHEMBL1201862,CHEMBL1201862,F
UPPGGRZNGRFDAU-UHFFFAOYSA-N,7.0,1,,0.0,CC(C)N(C)C(=O)c1c(-c2ccc3[nH]ncc3c2)nnn1Cc1ccccc1,374.4480000000001,28,1,CHEMBL1969561,CHEMBL1201862,CHEMBL1201862,F
UPRPVDAEXQKBSI-UHFFFAOYSA-N,5.619788758288394,1,,0.0,Cc1cc(C)cc(Nc2nccc(-c3nc(CO)cs3)n2)c1,312.39799999999997,22,1,CHEMBL511811,CHEMBL1152268,CHEMBL1152268,B
UQFRSHRWRKYNDE-UHFFFAOYSA-N,6.199998172182031,1,,0.0,CCCn1c(C2CCNCC2)nc(-c2ccc(Cl)c(Cl)c2)c1-c1ccnc(NC2CCCCC2)n1,513.5170000000003,35,1,CHEMBL437747,CHEMBL1201862,CHEMBL1201862,F
UQJQNZHGEVLHST-UHFFFAOYSA-N,6.0999990348465305,1,,0.0,COc1ccc2c(NC(=O)Nc3cccc(Br)n3)ccnc2c1,373.2100000000001,23,1,CHEMBL1983932,CHEMBL1201862,CHEMBL1201862,F
USHMNZBDAOGLMB-UHFFFAOYSA-N,6.299997602857746,1,,0.0,CC(=NN=C(N)N)c1cc(NC(=O)NCCCCCCNC(=O)Nc2cc(C(C)=NN=C(N)N)cc(C(C)=NN=C(N)N)c2)cc(C(C)=NN=C(N)N)c1,746.8899999999996,54,1,CHEMBL1991728,CHEMBL1201862,CHEMBL1201862,F
USOUMMYIFYDJEI-ZZTDINLMSA-N,7.6020599913279625,1,,0.0,COC[C@H](Cc1ccc(O)cc1)NC(=O)c1cc(C(=O)O)c2cc(/C=C/c3ccc(Cl)cc3)ccc2n1,516.9810000000002,37,1,CHEMBL3099753,CHEMBL3098110,CHEMBL3098110,B
UTFXYGYVDDLJER-UHFFFAOYSA-N,6.599997654072045,1,,0.0,Cc1c(-c2ccc3[nH]nc(N)c3c2)nnn1Cc1ccccc1,304.35699999999997,23,1,CHEMBL1989646,CHEMBL1201862,CHEMBL1201862,F
UTOOHPODUPHFBL-UHFFFAOYSA-N,5.400116927926312,1,,0.0,c1ccc(Nc2nccc(-c3c(-c4ccccc4)nn4ncccc34)n2)cc1,364.41200000000003,28,1,CHEMBL360408,CHEMBL1138749,CHEMBL1138749,B
UTQPKPHUIMHAAN-UHFFFAOYSA-N,5.40000018605658,1,,0.0,CN1CCN(Cc2ccc3c(c2)Cc2c(-c4csc(C#CCOCC5CC5)c4)n[nH]c2-3)CC1,458.6310000000003,33,1,CHEMBL2002446,CHEMBL1201862,CHEMBL1201862,F
UUGITSJORWLJGV-UHFFFAOYSA-N,6.455931955649724,1,,0.0,COC(=O)c1cc2oc3ccccc3c2n1CC(=O)Nc1ccc(Br)cc1F,445.2440000000001,28,1,CHEMBL6163186,CHEMBL6096676,CHEMBL6096676,B
UUWNXFJBBYAMDT-UHFFFAOYSA-N,5.40000018605658,1,,0.0,O=C(Nc1cnc2[nH]cc(-c3ccccc3)c2c1)c1c(F)cccc1F,349.34000000000003,26,1,CHEMBL1996979,CHEMBL1201862,CHEMBL1201862,F
UUYUVYXSHUTRGO-UHFFFAOYSA-N,5.300000202445418,1,,0.0,O=c1[nH]c2cc(Cl)cc(Cl)c2c(-c2cc(Cl)ccc2O)c1O,356.59200000000004,22,1,CHEMBL1974803,CHEMBL1201862,CHEMBL1201862,F
UVHNIMCYDWMRAE-LOTSEXGMSA-N,5.920818753952375,1,,0.0,CC(O)[C@H]1C2CCC(CC2)[C@@H]1Nc1nc(-c2c[nH]c3ncc(F)cc23)ncc1F,399.4450000000001,29,1,CHEMBL3401987,CHEMBL3399966,CHEMBL3399966,B
UVZVWLFSZNPMBS-UHFFFAOYSA-N,6.499996931948306,1,,0.0,CSc1ccccc1CNc1ncc([N+](=O)[O-])c(NCC2CCC(CN)CC2)n1,416.5510000000003,29,1,CHEMBL392642,CHEMBL1201862,CHEMBL1201862,F
UWQBVYXTLXNIOO-UHFFFAOYSA-N,5.700000503883016,1,,0.0,O=C(Nc1cnccn1)Nc1ccnc2cc(C(F)(F)F)ccc12,333.273,24,1,CHEMBL2003817,CHEMBL1201862,CHEMBL1201862,F
UXMNYFJHEBEDJS-UHFFFAOYSA-N,5.200000237109354,1,,0.0,Nc1[nH]nc2cccc(-c3ccc(NC(=O)Nc4ccccc4)cc3)c12,343.39000000000004,26,1,CHEMBL219722,CHEMBL1201862,CHEMBL1201862,F
UXUQVXDYXKMCGA-UHFFFAOYSA-N,6.399996913372259,1,,0.0,O=c1nc(-c2ccc3[nH]ncc3c2)cc(-c2ccccc2)[nH]1,288.30999999999995,22,1,CHEMBL526133,CHEMBL1201862,CHEMBL1201862,F
UYGYYOIUVFMGKQ-UHFFFAOYSA-N,6.299997602857746,1,,0.0,CC(C)(CN)CNc1cc(-c2c[nH]c3ncccc23)cc(Cl)n1,329.8350000000001,23,1,CHEMBL1985723,CHEMBL1201862,CHEMBL1201862,F
UYJNQQDJUOUFQJ-UHFFFAOYSA-N,5.700000503883016,1,,0.0,CNC(=O)c1ccccc1Nc1nc(Nc2ccc(N3CCOCC3)cc2OC)ncc1Cl,468.9450000000003,33,1,CHEMBL458997,CHEMBL1201862,CHEMBL1201862,F
UZFPGFONVYFSRR-UHFFFAOYSA-N,7.100015437450609,1,,0.0,O=C(Nc1[nH]nc2ccc(-c3cn(Cc4ccccc4)nn3)cc12)c1cccc(Cl)c1,428.88300000000015,31,1,CHEMBL1983595,CHEMBL1201862,CHEMBL1201862,F
VAIKGIPWMFDXHE-UHFFFAOYSA-N,7.301029995663981,1,,0.0,Cc1ccc(Nc2nccc(-c3c(C)[nH]c(C#N)c3C)n2)cc1[N+](=O)[O-],348.3660000000001,26,1,CHEMBL183158,CHEMBL1137157,CHEMBL1137157,B
VAMDLIMJLAPZGX-UHFFFAOYSA-N,6.0999990348465305,1,,0.0,CCCOc1cccc(C(C)NC(=O)c2ccc(-c3ccncc3)cc2)c1,360.457,27,1,CHEMBL2007296,CHEMBL1201862,CHEMBL1201862,F
VBNPWXWJZJNXEY-UHFFFAOYSA-N,6.299997602857746,1,,0.0,Nc1[nH]nc2ccc(-c3cn(Cc4ccccc4)nn3)cc12,290.33000000000004,22,1,CHEMBL1682346,CHEMBL1201862,CHEMBL1201862,F
VCGNDPHLULGEKJ-GZTJUZNOSA-N,5.882728704344236,1,,0.0,CC(C)(C)n1nc(-c2cccc(NC(=O)/C(C#N)=C/c3ccccc3Br)c2)c2c(=O)[nH]cnc21,517.3870000000002,34,1,CHEMBL5174075,CHEMBL5126571,CHEMBL5126571,B
VEJCMMPVTMQFME-UHFFFAOYSA-N,7.494850021680094,1,,0.0,CCNc1nc(C)c(-c2ccnc(Nc3ccc(CNC(C)=O)cc3)n2)s1,382.49300000000005,27,1,CHEMBL1084715,CHEMBL1155519,CHEMBL1155519,B
VEXYJVKMGKPGRV-UHFFFAOYSA-N,6.900008766455315,1,,0.0,CN(C)c1ccc(-c2c(-c3ccc4[nH]nc(N)c4c3)nnn2Cc2ccccc2)cc1,409.49700000000007,31,1,CHEMBL1969221,CHEMBL1201862,CHEMBL1201862,F
VGNKOJURPOHWJF-UHFFFAOYSA-N,5.59999938302362,1,,0.0,COc1cccc(C(CN)NC(=O)c2ccc(-c3ccncc3)cc2)c1,347.418,26,1,CHEMBL1976240,CHEMBL1201862,CHEMBL1201862,F
VGURFJZGZCVPTA-OAQYLSRUSA-N,6.537602002101044,1,,0.0,Cc1cnc(Nc2ccccc2)nc1-c1c[nH]c(C(=O)N[C@H](CO)c2cccc(Cl)c2)c1,447.92600000000016,32,1,CHEMBL577193,CHEMBL1154622,CHEMBL1154622,B
VIIIAPSCTBJJNE-UHFFFAOYSA-N,7.619788758288394,1,,0.0,COc1ccccc1C(=O)c1cnc(NC2CCN(S(C)(=O)=O)CC2)nc1N,405.4800000000002,28,1,CHEMBL216126,CHEMBL1137323,CHEMBL1137323,B
VIJBEUTVNBPGIU-UHFFFAOYSA-N,5.899998417198648,1,,0.0,Oc1ccc(Nc2[nH]nc(-c3ccc(O)cc3)c2-c2ccc(O)cc2)cc1,359.38500000000005,27,1,CHEMBL1969042,CHEMBL1201862,CHEMBL1201862,F
VIZWJTHWUUQVGO-UHFFFAOYSA-N,7.0,1,,0.0,C=CCNc1cc(-c2c[nH]c3ncccc23)cc(Cl)n1,284.75,20,1,CHEMBL1996339,CHEMBL1201862,CHEMBL1201862,F
VKWVIEBXAPQKKA-UHFFFAOYSA-N,6.0,1,,0.0,COc1cccc2c1Nc1cc(Nc3ccncc3)ccc1C(=O)N2,332.36300000000006,25,1,CHEMBL2006276,CHEMBL1201862,CHEMBL1201862,F
VOXXNSOMSGHJJR-UHFFFAOYSA-N,4.900000142057633,1,,0.0,c1ccc(-c2[nH]ncc2-c2ccncc2)cc1,221.26300000000003,17,1,CHEMBL1992644,CHEMBL1201862,CHEMBL1201862,F
VPHNNRKBCWFFKK-UHFFFAOYSA-N,8.221848749616356,1,,0.0,COc1cc(F)c(F)cc1C(=O)c1cnc(NC2CCN(S(C)(=O)=O)CC2)nc1N,441.4600000000003,30,1,CHEMBL215086,CHEMBL1137323,CHEMBL1137323,B
VQPBIJGXSXEOCU-UHFFFAOYSA-N,7.0,2,0.0,0.0,COc1ccc2c(NC(=O)Nc3cccc(C(F)(F)F)n3)ccnc2c1,362.31100000000004,26,1,CHEMBL1982660,CHEMBL1201862,CHEMBL1201862,F
VSVKFEMFAYXZKR-UHFFFAOYSA-N,6.199998172182031,1,,0.0,c1ccc(Cc2cn(-c3ccc4[nH]ncc4c3)nn2)cc1,275.31500000000005,21,1,CHEMBL1682341,CHEMBL1201862,CHEMBL1201862,F
VTWWRKFUHCSCEW-UHFFFAOYSA-N,6.075720713938118,1,,0.0,CCN1CCN(Cc2ccc(NC(=O)c3cccc(-c4ccc5nc(NC(=O)C6CC6)sc5n4)c3)cc2C(F)(F)F)CC1,608.6900000000003,43,1,CHEMBL2148124,CHEMBL3639044,CHEMBL3639044,B
VUWOSKCPLJROAK-UHFFFAOYSA-N,8.299988937677888,1,,0.0,c1ccc(Cn2cc(-c3ccc4[nH]nc(-c5cn(Cc6ccccc6)nn5)c4c3)nn2)cc1,432.4910000000001,33,1,CHEMBL1964288,CHEMBL1201862,CHEMBL1201862,F
VVEGARMQKNYDID-UHFFFAOYSA-N,5.899998417198648,1,,0.0,CN(C)C1CCCC(Nc2nc(Cl)cc(-c3c[nH]c4ncccc34)n2)C1,370.8880000000001,26,1,CHEMBL1965702,CHEMBL1201862,CHEMBL1201862,F
VWTSLPZPHHTWSU-UHFFFAOYSA-N,6.299997602857746,1,,0.0,O=C(Nc1[nH]nc2nc3ccccc3cc12)c1ccncc1,289.29800000000006,22,1,CHEMBL1990415,CHEMBL1201862,CHEMBL1201862,F
VWVYILCFSYNJHF-UHFFFAOYSA-N,7.79997073344623,1,,0.0,Cn1c2ccccc2c2c3c(c4c5ccccc5n(CCC#N)c4c21)CNC3=O,378.4350000000002,29,1,CHEMBL302449,CHEMBL1201862,CHEMBL1201862,F
VXYDJXMHISGSDA-UHFFFAOYSA-N,7.400007822415902,1,,0.0,Cc1[nH]nc2ccc(-c3cncc(OCC(N)Cc4cccc(OC(F)(F)F)c4)c3)cc12,442.44100000000003,32,1,CHEMBL1965836,CHEMBL1201862,CHEMBL1201862,F
VYACUCWGDYRIAG-UHFFFAOYSA-N,6.299997602857746,1,,0.0,CNCCOc1cncc(-c2ccc3[nH]nc(C)c3c2)c1,282.34700000000004,21,1,CHEMBL1983855,CHEMBL1201862,CHEMBL1201862,F
WARYZYXGEAOEDW-UHFFFAOYSA-N,6.045757490560675,2,0.0,0.0,COC(=O)C(Cc1ccc(O)cc1)NC(=O)c1cc(C(=O)O)c2cc(-c3ccc(Cl)cc3)ccc2n1,504.9260000000003,36,1,CHEMBL3099757,CHEMBL3098110,CHEMBL3098110,B
WASIAIVBEHTSIW-UHFFFAOYSA-N,6.3979400086720375,1,,0.0,Cc1nc(C)c(-c2ccnc(Nc3cccc(N)c3)n2)s1,297.387,21,1,CHEMBL47636,CHEMBL1149116,CHEMBL1149116,B
WCAKSXQRFBVWDG-UHFFFAOYSA-N,5.899998417198648,1,,0.0,COc1cc(C=C(C#N)c2[nH]nc(N)c2C#N)ccc1O,281.27500000000003,21,1,CHEMBL2002407,CHEMBL1201862,CHEMBL1201862,F
WCEHIDWONYOKOJ-UHFFFAOYSA-N,6.8696662315049934,1,,0.0,O=C1CCC(N2C(=O)c3cccc(OCCCCCOc4ccc(CC(=O)Nc5cc(C6CCC6)[nH]n5)cc4)c3C2=O)C(=O)N1,613.6710000000003,45,1,CHEMBL4519788,CHEMBL5360660,CHEMBL5360660,B
WDARYLSSWBWVCU-UHFFFAOYSA-N,7.50003813440381,2,0.0,0.0,NC1CCC(Nc2nc(Cl)cc(-c3c[nH]c4ncccc34)n2)CC1,342.8340000000001,24,1,CHEMBL1973720,CHEMBL1201862,CHEMBL1201862,F
WGPQOBMGPFXDSX-UHFFFAOYSA-N,6.154901959985743,1,,0.0,Cc1nc(N)sc1-c1ccnc(Nc2ccc(N(C)C)cc2)n1,326.4290000000001,23,1,CHEMBL295398,CHEMBL1149116,CHEMBL1149116,B
WICLISNBDMGFST-UHFFFAOYSA-N,5.100000128334196,1,,0.0,O=C(O)c1cc2c(-c3ccccc3)cncc2s1,255.29800000000003,18,1,CHEMBL1996390,CHEMBL1201862,CHEMBL1201862,F
WIFHQQKDNLBDGL-UHFFFAOYSA-N,5.983384452442823,1,,0.0,Cc1nc(C)c(-c2ccnc(Nc3ccc(N4CCOCC4)cc3)n2)s1,367.47800000000007,26,1,CHEMBL1085626,CHEMBL1155519,CHEMBL1155519,B
WIIIHAKKVLVGJX-UHFFFAOYSA-N,8.221848749616356,1,,0.0,c1cnn2ncc(-c3ccnc(Nc4ccc5c(c4)OCCO5)n3)c2c1,346.35000000000014,26,1,CHEMBL361894,CHEMBL1138749,CHEMBL1138749,B
WKITVSVNTNNVLF-UHFFFAOYSA-N,8.522878745280337,1,,0.0,Cc1cc(C)cc(Nc2nccc(-c3cnn4ncccc34)n2)c1,316.36800000000005,24,1,CHEMBL186101,CHEMBL1138749,CHEMBL1138749,B
WKWARMGSTJGPIX-UHFFFAOYSA-N,5.59999938302362,1,,0.0,O=C1Nc2ccccc2Nc2nnccc21,212.212,16,1,CHEMBL1971801,CHEMBL1201862,CHEMBL1201862,F
WKWGFJFNCXAUEX-UHFFFAOYSA-N,6.0999990348465305,1,,0.0,c1ccc(Cc2cc(-c3ccc4[nH]ncc4c3)on2)cc1,275.311,21,1,CHEMBL1682357,CHEMBL1201862,CHEMBL1201862,F
WLVIONDQKHZQTJ-UHFFFAOYSA-N,5.899998417198648,1,,0.0,NC(=O)c1ccc(-c2ccnc(N)n2)cc1N1CCCCC1,297.3620000000001,22,1,CHEMBL1971951,CHEMBL1201862,CHEMBL1201862,F
WMIWANZLOJYLPU-UHFFFAOYSA-N,6.364516253185088,1,,0.0,CC(=O)N1CCN(c2ccc(Nc3nccc(-c4sc(C)nc4C)n3)cc2)CC1,408.53100000000023,29,1,CHEMBL1083786,CHEMBL1155519,CHEMBL1155519,B
WNJPSYHJVTYTBP-UHFFFAOYSA-N,6.0999990348465305,1,,0.0,Cc1nc2ccccn2c1-c1csc(Nc2ccc(O)cc2)n1,322.39300000000003,23,1,CHEMBL513846,CHEMBL1201862,CHEMBL1201862,F
WNKSRDBBYKDORB-UHFFFAOYSA-N,5.701146923590294,1,,0.0,CCOc1ccc2c(-c3ccnc(Nc4cccc(C(F)(F)F)c4)n3)cnn2n1,400.36400000000003,29,1,CHEMBL183993,CHEMBL1138749,CHEMBL1138749,B
WNMXOXGXHRHBLO-UHFFFAOYSA-N,5.40000018605658,1,,0.0,CCOC(=O)c1cn(-c2ccc(O)cc2C)c2cc(-c3ccncc3)ccc2c1=O,400.43400000000014,30,1,CHEMBL1996780,CHEMBL1201862,CHEMBL1201862,F
WOHBHEXSHHPQIV-UHFFFAOYSA-N,6.621602099051863,1,,0.0,COc1cc(Nc2nccc(-c3sc(C)nc3C)n2)cc(OC)c1OC,372.45000000000016,26,1,CHEMBL1083151,CHEMBL1155519,CHEMBL1155519,B
WQEJLZRJDSKLCZ-UHFFFAOYSA-N,6.0,1,,0.0,O=C1Nc2ccccc2Nc2cc(-c3ccncc3)ccc21,287.322,22,1,CHEMBL1989136,CHEMBL1201862,CHEMBL1201862,F
WRHRVUMPLKRBNL-UHFFFAOYSA-N,6.224025668870631,1,,0.0,CCOC(=O)N1CCC(Nc2ncc(C(=O)c3ccccc3OC)c(N)n2)CC1,399.45100000000025,29,1,CHEMBL217443,CHEMBL1137323,CHEMBL1137323,B
WTBNAFYSFOUZGF-UHFFFAOYSA-N,7.0,1,,0.0,Cc1nc(C)c(-c2ccnc(Nc3cccc(F)c3)n2)s1,300.36199999999997,21,1,CHEMBL432116,CHEMBL1149116,CHEMBL1149116,B
WUBHCQHBUVGGRX-UHFFFAOYSA-N,5.200000237109354,1,,0.0,N#Cc1ccc(-c2[nH]nc3c2Cc2ccc(OCCCCN4CCOCC4)cc2-3)cn1,415.49700000000024,31,1,CHEMBL398951,CHEMBL1201862,CHEMBL1201862,F
WUTVMXLIGHTZJC-OAQYLSRUSA-N,6.070070739759504,2,0.0007217220083041176,0.0010206690524068307,Cc1cnc(Nc2ccc(F)cc2Cl)nc1-c1c[nH]c(C(=O)N[C@H](CO)c2cccc(Cl)c2)c1,500.3610000000001,34,2,CHEMBL583042,CHEMBL1154622,CHEMBL1154622|CHEMBL5465560,B
WVXNSAVVKYZVOE-UHFFFAOYSA-N,6.701146923590294,1,,0.0,CNC(=O)c1cc(Oc2ccc(NC(=O)Nc3cc(C(C)(C)C)nn3-c3ccc4ncccc4c3)c(F)c2)ccn1,553.5980000000003,41,1,CHEMBL1738757,CHEMBL3991601,CHEMBL3991601,B
WYCBJBMCGVVCMY-UHFFFAOYSA-N,6.0,1,,0.0,CCCCOc1cc(-c2ccncc2)cc2[nH]nc(N)c12,282.34700000000004,21,1,CHEMBL1996447,CHEMBL1201862,CHEMBL1201862,F
WZBMMJKAHHOXRG-UHFFFAOYSA-N,6.599997654072045,1,,0.0,NC(=O)c1cc2c(-c3ccc(F)cc3F)cncc2s1,290.294,20,1,CHEMBL1975787,CHEMBL1201862,CHEMBL1201862,F
WZISGNDZZPSYRP-UHFFFAOYSA-N,6.499996931948306,1,,0.0,O=C(O)c1ccccc1Nc1ncnc(Nc2ccc3c[nH]nc3c2)n1,347.338,26,1,CHEMBL1986666,CHEMBL1201862,CHEMBL1201862,F
WZYFWJBVNQRGCX-UHFFFAOYSA-N,5.6020599913279625,1,,0.0,FC(F)(F)c1cccc(Nc2nccc(-c3cnn4nc(-c5ccccc5)ccc34)n2)c1,432.4090000000001,32,1,CHEMBL189415,CHEMBL1138749,CHEMBL1138749,B
XABDAUOPIIYQAE-CXUHLZMHSA-N,4.936291440608582,1,,0.0,CCCC/C=C(\C#N)C(=O)Nc1cccc(-c2nn(C(C)(C)C)c3[nH]cnc(=O)c23)c1,418.5010000000002,31,1,CHEMBL5174745,CHEMBL5126571,CHEMBL5126571,B
XAHJIRNRDAKTEF-UHFFFAOYSA-N,5.700000503883016,1,,0.0,Nc1[nH]nc2cccc(-c3ccc(NC(=O)Nc4cc(C(=O)O)ccc4F)cc3)c12,405.3890000000001,30,1,CHEMBL1993722,CHEMBL1201862,CHEMBL1201862,F
XBDWKVLCDCUNHH-UHFFFAOYSA-N,5.700000503883016,1,,0.0,Cc1ccc(C(=O)Nc2c(C(N)=O)sc3ccc(Cl)c(Cl)c23)cc1,379.2680000000001,24,1,CHEMBL1965131,CHEMBL1201862,CHEMBL1201862,F
XCOXIWXNKPXIEK-UHFFFAOYSA-N,5.200000237109354,1,,0.0,COc1cc(OC)c(Nc2ccc3nnc(-c4ccccc4)n3n2)cc1Cl,381.8230000000001,27,1,CHEMBL1990212,CHEMBL1201862,CHEMBL1201862,F
XFHCSNRQFQRLHZ-UHFFFAOYSA-N,6.699991797446187,1,,0.0,Nc1[nH]nc2ccc(-c3cc(Cc4ccccc4)no3)cc12,290.326,22,1,CHEMBL1682358,CHEMBL1201862,CHEMBL1201862,F
XFMZYCHKCPPZQW-HXUWFJFHSA-N,5.935542010773082,1,,0.0,CN(C)C[C@@H](OC(=O)N1Cc2c(NC(=O)c3ccc(F)cc3)n[nH]c2C1(C)C)c1ccccc1,465.5290000000001,34,1,CHEMBL2064562,CHEMBL2062373,CHEMBL2062373,B
XFWUTMHVDGPWLH-UHFFFAOYSA-N,7.700057099977233,1,,0.0,Clc1cc(-c2c[nH]c3ncccc23)cc(NCc2ccccc2)n1,334.81,24,1,CHEMBL1969588,CHEMBL1201862,CHEMBL1201862,F
XIKUCJUOFVMZHJ-UHFFFAOYSA-N,4.301029995663981,1,,0.0,Nc1nc(-c2cccc(CC(=O)O)c2)c2[nH]cnc2n1,269.26399999999995,20,1,CHEMBL4564592,CHEMBL4390671,CHEMBL4390671,B
XMFUGSRATNLPRM-UHFFFAOYSA-N,5.100000128334196,1,,0.0,CN(C)c1cccc2c(S(=O)(=O)N(CCN)c3cncc(-c4ccc5cnccc5c4)c3)cccc12,497.6240000000001,36,1,CHEMBL1967544,CHEMBL1201862,CHEMBL1201862,F
XNKSRGHGPSHYIW-UHFFFAOYSA-N,6.958607314841775,1,,0.0,CNc1nc(C)c(-c2ccnc(Nc3cccc(O)c3)n2)s1,313.386,22,1,CHEMBL44119,CHEMBL1149116,CHEMBL1149116,B
XNWKXXIGSPPPBH-UHFFFAOYSA-N,6.399996913372259,1,,0.0,NCCNc1cc(-c2c[nH]c3ncccc23)cc(Cl)n1,287.75399999999996,20,1,CHEMBL1972290,CHEMBL1201862,CHEMBL1201862,F
XOJQJDHWKVZUAT-UHFFFAOYSA-N,8.299988937677888,1,,0.0,FC(F)(F)c1ccccc1CNc1nccc(-c2c[nH]c3ncccc23)n1,369.35,27,1,CHEMBL1999153,CHEMBL1201862,CHEMBL1201862,F
XOLMRFUGOINFDQ-YBEGLDIGSA-N,6.468521082957745,1,,0.0,O=C1N=C(NCc2cccs2)S/C1=C\c1ccc2ncccc2c1,351.4560000000001,24,1,CHEMBL393929,CHEMBL1147195,CHEMBL1147195,B
XOVPCPRZRHQFBI-UHFFFAOYSA-N,5.700000503883016,1,,0.0,Cc1cc(O)ccc1-n1cc(C(N)=O)c(=O)c2ccc(-c3ccncc3)cc21,371.3960000000001,28,1,CHEMBL340921,CHEMBL1201862,CHEMBL1201862,F
XPHWIERLJBFPFV-UHFFFAOYSA-N,7.899974269892137,1,,0.0,NC1CCCCC1Nc1nccc(-c2c[nH]c3ncccc23)n1,308.38900000000007,23,1,CHEMBL1995813,CHEMBL1201862,CHEMBL1201862,F
XSCMYZSBESWDML-UHFFFAOYSA-N,5.3872161432802645,1,,0.0,Cc1nc(C)c(-c2ccnc(Nc3ccc([N+](=O)[O-])cc3)n2)s1,327.36899999999997,23,1,CHEMBL47690,CHEMBL1149116,CHEMBL1149116,B
XSDJOIOVIMPMHD-UHFFFAOYSA-N,7.299988937677888,1,,0.0,Nc1[nH]nc2ccc(-c3nnn(Cc4ccccc4)c3-c3ccccc3)cc12,366.42800000000005,28,1,CHEMBL1972158,CHEMBL1201862,CHEMBL1201862,F
XSJMSGALWUODPK-UHFFFAOYSA-N,8.0,1,,0.0,COc1cc(Nc2nccc(-c3cnn4ncccc34)n2)cc(OC)c1,348.36600000000016,26,1,CHEMBL359999,CHEMBL1138749,CHEMBL1138749,B
XSRHBCYNCKAFKS-UHFFFAOYSA-N,6.499996931948306,1,,0.0,COc1cccc(C(C)NC(=O)N2CC=C(c3c[nH]c4ncccc34)CC2)c1,376.4600000000001,28,1,CHEMBL1965845,CHEMBL1201862,CHEMBL1201862,F
XUFLBSMTYMFOQH-UHFFFAOYSA-N,7.599980364934842,1,,0.0,CN(C)C1CCC(Nc2nc(Cl)cc(-c3c[nH]c4ncccc34)n2)CC1,370.88800000000015,26,1,CHEMBL1969151,CHEMBL1201862,CHEMBL1201862,F
XXSPHNFKLDJDAK-UHFFFAOYSA-N,6.499996931948306,1,,0.0,CC(C)(CN)CNc1cc(-c2c[nH]c3ncccc23)cc(F)n1,313.38000000000005,23,1,CHEMBL1987261,CHEMBL1201862,CHEMBL1201862,F
XYEFJKRTJUALOK-UHFFFAOYSA-N,4.701146923590294,1,,0.0,CN(c1ccccc1)c1nccc(-c2cnn3ncccc23)n1,302.341,23,1,CHEMBL360866,CHEMBL1138749,CHEMBL1138749,B
XYXLUJQBBIBJFV-UHFFFAOYSA-N,5.100000128334196,1,,0.0,CCc1cccc(NC(=O)Nc2ccc3c(c2)CCc2sc4ncnc(N)c4c2-3)c1,415.5220000000001,30,1,CHEMBL1968406,CHEMBL1201862,CHEMBL1201862,F
XYZNKCSDQRKAFR-UHFFFAOYSA-N,6.0999990348465305,1,,0.0,NCCC(C(=O)Nc1ccc2[nH]ncc2c1)c1ccc(Cl)c(Cl)c1,363.24800000000005,24,1,CHEMBL1998121,CHEMBL1201862,CHEMBL1201862,F
XZONYYFHQICDAM-UHFFFAOYSA-N,7.899974269892137,1,,0.0,O=C(Nc1[nH]nc2ccc(-c3cn(Cc4ccccc4)nn3)cc12)c1ccc(F)cc1,412.4280000000001,31,1,CHEMBL1966204,CHEMBL1201862,CHEMBL1201862,F
YADXIKLQVVBNLC-UHFFFAOYSA-N,7.0,1,,0.0,CNS(=O)(=O)c1ccccc1Nc1nc(Nc2cc(N3CCN(C(C)=O)CC3)ccc2OC)ncc1Br,590.5040000000004,37,1,CHEMBL1971029,CHEMBL1201862,CHEMBL1201862,F
YEHCNYAQEBQCCS-UHFFFAOYSA-N,7.599980364934842,1,,0.0,NS(=O)(=O)c1cccc(Nc2ncc3ccn(-c4ccccc4)c3n2)c1,365.41800000000006,26,1,CHEMBL1988163,CHEMBL1201862,CHEMBL1201862,F
YEKVTSRZMPLPFK-UHFFFAOYSA-N,7.100015437450609,1,,0.0,Cc1ccc2nccc(NC(=O)Nc3cccc(C(F)(F)F)n3)c2c1,346.312,25,1,CHEMBL1964444,CHEMBL1201862,CHEMBL1201862,F
YFSPSGACYXXNNF-UHFFFAOYSA-N,7.050609993355087,1,,0.0,Cc1cc(Nc2nccc3[nH]c(-c4c(Cl)cc(C#N)cc4Cl)nc23)ncn1,396.2410000000001,27,1,CHEMBL4076947,CHEMBL4043190,CHEMBL4043190,B
YGEACCLUBSGMMJ-UHFFFAOYSA-N,5.40000018605658,1,,0.0,CC(NC(=O)c1ccc(-c2ccncc2)cc1)c1ccccc1,302.377,23,1,CHEMBL1999428,CHEMBL1201862,CHEMBL1201862,F
YJBNTRQKJQHMTM-UHFFFAOYSA-N,6.699991797446187,1,,0.0,CCCCNc1cc(-c2c[nH]c3ncccc23)ncn1,267.336,20,1,CHEMBL1968459,CHEMBL1201862,CHEMBL1201862,F
YKJSWMAVAKRUAN-UHFFFAOYSA-N,6.0999990348465305,1,,0.0,NC(=O)c1sc2ccc(Cl)c(Cl)c2c1NC(=O)c1ccc(Cl)cc1,399.68600000000004,24,1,CHEMBL2003271,CHEMBL1201862,CHEMBL1201862,F
YKYRQCWLYUTVIE-UHFFFAOYSA-N,5.499999678657065,1,,0.0,CCCS(=O)(=O)Nc1ccc(-c2ccc3[nH]nc(N)c3c2)cc1,330.41300000000007,23,1,CHEMBL1992342,CHEMBL1201862,CHEMBL1201862,F
YMIJUBCSOKSFRU-UHFFFAOYSA-N,7.299988937677888,1,,0.0,O=C(O)c1ccccc1Nc1ccnc(Nc2ccc3c[nH]nc3c2)n1,346.35,26,1,CHEMBL244378,CHEMBL1201862,CHEMBL1201862,F
YOPNSKYWFXZGHF-UHFFFAOYSA-N,6.568636235841012,1,,0.0,Cc1[nH]c(Br)c(C)c1-c1ccnc(Nc2ccc(F)cc2)n1,361.2180000000001,22,1,CHEMBL185099,CHEMBL1137157,CHEMBL1137157,B
YPDVNNOPAKMWBO-UHFFFAOYSA-N,7.301029995663981,1,,0.0,Cc1ccc2c(-c3ccnc(Nc4cccc(C(F)(F)F)c4)n3)cnn2n1,370.338,27,1,CHEMBL187006,CHEMBL1138749,CHEMBL1138749,B
YPJJSXBVVGPFHA-UHFFFAOYSA-N,5.700000503883016,1,,0.0,COc1cccc(C(C)NC(=O)c2ccc(-c3ccncc3C)cc2)c1,346.43000000000006,26,1,CHEMBL1970217,CHEMBL1201862,CHEMBL1201862,F
YQGOLKAPGJXEGX-UHFFFAOYSA-N,6.052566278112949,1,,0.0,CCCC(=O)N1CCC(Nc2ncc(C(=O)c3ccccc3OC)c(N)n2)CC1,397.4790000000002,29,1,CHEMBL384356,CHEMBL1137323,CHEMBL1137323,B
YRGZDNHXSLVEOX-UHFFFAOYSA-N,6.823908740944319,1,,0.0,CCC(C)c1ccc(Nc2nccc(-c3cnn4ncccc34)n2)cc1,344.422,26,1,CHEMBL185871,CHEMBL1138749,CHEMBL1138749,B
YRVHWCZERXVDLL-UHFFFAOYSA-N,6.0,1,,0.0,CCN1CCN(CCCC(=O)Nc2[nH]nc3nnc(-c4cccc(F)c4F)cc23)CC1,429.47500000000025,31,1,CHEMBL1992740,CHEMBL1201862,CHEMBL1201862,F
YSZUSIJTIYHTRR-UHFFFAOYSA-N,6.596910013008056,2,0.14433462391168503,0.20411998265592501,COC(=O)C(Cc1ccc(O)cc1)NC(=O)c1cc(C(=O)O)c2cc(-c3cc(Cl)cc(Cl)c3)ccc2n1,539.3710000000002,37,1,CHEMBL3099758,CHEMBL3098110,CHEMBL3098110,B
YTIZDTKSGSSUMG-UHFFFAOYSA-N,5.499999678657065,1,,0.0,COc1cc(C=O)c(Cl)cc1NC(=O)Nc1cnc(C#N)cn1,331.71900000000005,23,1,CHEMBL207995,CHEMBL1201862,CHEMBL1201862,F
YUOWJICKAJQZLS-UHFFFAOYSA-N,6.199998172182031,1,,0.0,OCCCNc1ncnc2[nH]cc(-c3ccccc3)c12,268.32000000000005,20,1,CHEMBL2000071,CHEMBL1201862,CHEMBL1201862,F
YUPWBUPSOSSVKV-LJQANCHMSA-N,6.769551078621726,1,,0.0,Cc1cnc(Nc2cccc3c2OC(F)(F)O3)nc1-c1c[nH]c(C(=O)N[C@H](CO)c2cccc(Cl)c2)c1,527.9150000000002,37,1,CHEMBL576683,CHEMBL1154622,CHEMBL1154622,B
YVYVDXXWQANVCI-UHFFFAOYSA-N,5.346787486224656,1,,0.0,Cc1nn(-c2ccncn2)c2c1C(=O)CC(C)(C)C2Br,335.2049999999999,20,1,CHEMBL4763182,CHEMBL4732187,CHEMBL4732187,B
YWITWZUKNXWOSD-UHFFFAOYSA-N,7.79997073344623,1,,0.0,CCCC(=O)Nc1[nH]nc2ccc(-c3cccc(F)c3F)cc12,315.32300000000004,23,1,CHEMBL1985406,CHEMBL1201862,CHEMBL1201862,F
YWTBGJGMTBHQTM-UHFFFAOYSA-N,7.299988937677888,1,,0.0,Cc1[nH]nc2ccc(-c3cncc(OCC(N)Cc4c[nH]c5ccccc45)c3)cc12,397.482,30,1,CHEMBL1970903,CHEMBL1201862,CHEMBL1201862,F
YYSNDTKGSZXWLH-UHFFFAOYSA-N,5.700000503883016,1,,0.0,Cc1[nH]nc2c1C(c1ccccc1F)C1C(=O)CC(C)(C)CC1=N2,325.38700000000006,24,1,CHEMBL1966703,CHEMBL1201862,CHEMBL1201862,F
ZANNOGKZSUYAAD-UHFFFAOYSA-N,7.698970004336019,1,,0.0,COc1cc(Nc2nccc(-c3cnn4nc(C)ccc34)n2)cc(C(F)(F)F)c1,400.3640000000001,29,1,CHEMBL186680,CHEMBL1138749,CHEMBL1138749,B
ZAOAKWGRHJIYTD-UHFFFAOYSA-N,6.399996913372259,1,,0.0,CCCCNc1c(-c2ccc3[nH]ncc3c2)nc2ncccn12,306.373,23,1,CHEMBL1682554,CHEMBL1201862,CHEMBL1201862,F
ZASXNSSSOJQGOZ-UHFFFAOYSA-N,7.289198036565084,2,0.04180517970669778,0.05912145211865649,COC(=O)C(Cc1ccc(O)cc1)NC(=O)c1cc(C(=O)O)c2cc(CCc3ccc(Cl)cc3)ccc2n1,532.9800000000002,38,1,CHEMBL3099762,CHEMBL3098110,CHEMBL3098110,B
ZBYYPNTVDDUJTC-UHFFFAOYSA-N,6.282329496997738,1,,0.0,CC(=O)N1CCN(c2ccc(Nc3nccc(-c4sc(N)nc4C)n3)cc2)CC1,409.51900000000023,29,1,CHEMBL1084969,CHEMBL1155519,CHEMBL1155519,B
ZCAOFAAOUBUUBJ-UHFFFAOYSA-N,5.499999678657065,1,,0.0,O=C(O)c1cc2c(-c3cccc(F)c3)cncc2s1,273.288,19,1,CHEMBL1974457,CHEMBL1201862,CHEMBL1201862,F
ZCCPLJOKGAACRT-UHFFFAOYSA-N,7.596879478824182,1,,0.0,Cc1ccc(C(=O)Nc2cccc(C(F)(F)F)c2)cc1Nc1nc(-c2cccnc2)nc2c1cnn2C,503.48800000000017,37,1,CHEMBL3752910,CHEMBL5649169,CHEMBL5649169,B
ZCXXFPLQFFRMPN-UHFFFAOYSA-N,5.40000018605658,1,,0.0,COc1cccc(C(C)NC(=O)c2ccc(-c3ccncc3)c(C)c2)c1,346.43000000000006,26,1,CHEMBL1969049,CHEMBL1201862,CHEMBL1201862,F
ZENLUGMDAAHBTC-UHFFFAOYSA-N,5.334419008982047,1,,0.0,NC(=O)c1nc(-c2ccc(Br)cc2)nc2c1[nH]c(=O)n2-c1ccccc1,410.2310000000001,26,1,CHEMBL6162791,CHEMBL6096676,CHEMBL6096676,B
ZGGIYFOLDBTZIL-UHFFFAOYSA-N,7.79997073344623,1,,0.0,CNC(=O)NC1CCC(Nc2nc(Cl)cc(-c3c[nH]c4ncccc34)n2)CC1,399.88600000000014,28,1,CHEMBL2005509,CHEMBL1201862,CHEMBL1201862,F
ZGZVRPRSFXRGCF-UHFFFAOYSA-N,7.899974269892137,1,,0.0,COc1ccc(C(=O)Nc2[nH]nc3ccc(-c4cn(Cc5ccccc5)nn4)cc23)cc1OC,454.49000000000024,34,1,CHEMBL1991078,CHEMBL1201862,CHEMBL1201862,F
ZINARMLOUXQARO-UHFFFAOYSA-N,5.401537799525849,1,,0.0,Cc1nc(C)c(-c2ccnc(Nc3ccc(N4CCN(S(C)(=O)=O)CC4)cc3)n2)s1,444.5860000000001,30,1,CHEMBL1083484,CHEMBL1155519,CHEMBL1155519,B
ZJAHDRFLBKWZPM-UHFFFAOYSA-N,5.300000202445418,1,,0.0,CN(C)CC(C)(C)CNc1nccc(-c2c(-c3ccc(F)cc3)nc3cnccn23)n1,419.5080000000001,31,1,CHEMBL1976093,CHEMBL1201862,CHEMBL1201862,F
ZJMXSDPJDCXSAG-UHFFFAOYSA-N,5.2030096094543135,1,,0.0,COc1ccccc1C(=O)c1cnc(NC2CCNCC2)nc1N,327.3880000000001,24,1,CHEMBL387448,CHEMBL1137323,CHEMBL1137323,B
ZKHDDJKHTPLPOQ-UHFFFAOYSA-N,6.199998172182031,1,,0.0,O=C1NN=Cc2c[nH]c3cc(NC(=O)C4CC4c4ccccc4)cc1c23,344.374,26,1,CHEMBL1969502,CHEMBL1201862,CHEMBL1201862,F
ZKLJKKASNXVQBZ-UHFFFAOYSA-N,8.899974269892137,1,,0.0,Cn1cc(Nc2ncc(Cl)c(Nc3ccccc3C(N)=O)n2)cn1,343.77800000000013,24,1,CHEMBL1984548,CHEMBL1201862,CHEMBL1201862,F
ZLVOTRRGLSDLPF-UHFFFAOYSA-N,5.899998417198648,1,,0.0,c1cc2cc(-c3ccc4c[nH]nc4c3)cnc2[nH]1,234.262,18,1,CHEMBL1976134,CHEMBL1201862,CHEMBL1201862,F
ZMEIPDPKFPZUIJ-UHFFFAOYSA-N,5.100000128334196,1,,0.0,Cc1c(Cl)c(N2CCC(CN)C2)nc2[nH]cc(C(=O)O)c(=O)c12,336.7790000000001,23,1,CHEMBL1999774,CHEMBL1201862,CHEMBL1201862,F
ZNDZYFSDFYUJHS-UHFFFAOYSA-N,5.899629454882437,1,,0.0,CCCOc1ccc2c(-c3ccnc(Nc4cccc(C(F)(F)F)c4)n3)cnn2n1,414.391,30,1,CHEMBL187287,CHEMBL1138749,CHEMBL1138749,B
ZNTCURDIWRJLBI-UHFFFAOYSA-N,6.823908740944319,1,,0.0,CC(C)(C)c1ccc(Nc2nccc(-c3cnn4ncccc34)n2)cc1,344.422,26,1,CHEMBL364587,CHEMBL1138749,CHEMBL1138749,B
ZRQXCQXWTLVASO-UHFFFAOYSA-N,7.0,1,,0.0,CCCC(=O)Nc1[nH]nc2ccc(-c3nnn(Cc4ccccc4)c3-c3ccccc3)cc12,436.5190000000001,33,1,CHEMBL2005936,CHEMBL1201862,CHEMBL1201862,F
ZRTWUBWXIGHVET-UHFFFAOYSA-N,5.200000237109354,1,,0.0,COc1cccc(C(C)NC(=O)c2ccc(-c3ccncc3)cc2NCCCN)c1,404.5140000000002,30,1,CHEMBL2006188,CHEMBL1201862,CHEMBL1201862,F
ZSHFRMIXWYVCCL-OAQYLSRUSA-N,6.500312917381596,1,,0.0,Cc1cnc(Nc2ccc(Cl)cc2F)nc1-c1c[nH]c(C(=O)N[C@H](CO)c2cccc(Cl)c2)c1,500.3610000000001,34,1,CHEMBL576048,CHEMBL1154622,CHEMBL1154622,B
ZTUKHYNMEWPBNZ-UHFFFAOYSA-N,6.0,1,,0.0,c1cc2[nH]ncc2cc1-c1cc(CN2CCCCC2)no1,282.3469999999999,21,1,CHEMBL1682360,CHEMBL1201862,CHEMBL1201862,F
ZVHNDZWQTBEVRY-UHFFFAOYSA-N,5.675100502947687,1,,0.0,N#CCNC(=O)c1ccc(-c2ccnc(Nc3ccc(N4CCOCC4)cc3)n2)cc1,414.4690000000002,31,1,CHEMBL1078178,CHEMBL3991601,CHEMBL3991601,B
ZVWRFVCNQOECJS-UHFFFAOYSA-N,6.699991797446187,1,,0.0,Cc1cnc(Nc2cccc(S(N)(=O)=O)c2)nc1Nc1ccc(OCC(N)=O)cc1,428.4740000000002,30,1,CHEMBL1988838,CHEMBL1201862,CHEMBL1201862,F
ZWVZORIKUNOTCS-UHFFFAOYSA-N,5.499999678657065,1,,0.0,Cc1cc(N2CCOCC2)cc2[nH]c(-c3c(NCC(O)c4cccc(Cl)c4)cc[nH]c3=O)nc12,479.96800000000013,34,1,CHEMBL2005886,CHEMBL1201862,CHEMBL1201862,F
ZYTFPHRVOZXPGZ-UHFFFAOYSA-N,6.599997654072045,1,,0.0,Cc1[nH]nc2ccc(-c3cncc(OCCN)c3)cc12,268.32,20,1,CHEMBL1967887,CHEMBL1201862,CHEMBL1201862,F
